{"type":"FeatureCollection","features":[{"type":"Feature","geometry":{"type":"Polygon","coordinates":[[[-75.867404,5.488172],[-75.864664,5.47422],[-75.86474,5.465229],[-75.862155,5.454638],[-75.86089,5.443446],[-75.85757,5.438297],[-75.858703,5.428334],[-75.854219,5.424386],[-75.85167,5.403332],[-75.855163,5.39445],[-75.853841,5.389327],[-75.857523,5.386319],[-75.858042,5.378236],[-75.84664,5.369466],[-75.838036,5.369254],[-75.835235,5.363137],[-75.829439,5.366384],[-75.824882,5.364181],[-75.813717,5.364701],[-75.810672,5.362341],[-75.789528,5.367705],[-75.785311,5.372215],[-75.772756,5.379463],[-75.771381,5.383675],[-75.765773,5.387327],[-75.75872,5.387827],[-75.753766,5.384644],[-75.750463,5.38644],[-75.741144,5.384271],[-75.738755,5.387799],[-75.73933,5.396288],[-75.723394,5.396553],[-75.711797,5.38901],[-75.706222,5.388738],[-75.703068,5.376567],[-75.697934,5.372436],[-75.690312,5.371314],[-75.683096,5.36173],[-75.678458,5.3609],[-75.674735,5.356443],[-75.669861,5.355457],[-75.666764,5.350759],[-75.658515,5.349798],[-75.653111,5.351491],[-75.645715,5.338642],[-75.636676,5.338067],[-75.635767,5.328883],[-75.636926,5.323025],[-75.635173,5.315664],[-75.639214,5.304534],[-75.651218,5.307019],[-75.655972,5.296398],[-75.661677,5.29125],[-75.662925,5.281456],[-75.666996,5.276989],[-75.665729,5.268295],[-75.679098,5.262685],[-75.6847,5.258561],[-75.692467,5.255745],[-75.693836,5.259457],[-75.700551,5.261752],[-75.709059,5.260675],[-75.714124,5.262885],[-75.719417,5.261299],[-75.732421,5.265407],[-75.736888,5.270932],[-75.743661,5.272916],[-75.748,5.284412],[-75.753831,5.282993],[-75.762836,5.273526],[-75.77377,5.274015],[-75.779651,5.277173],[-75.786766,5.284659],[-75.794345,5.285754],[-75.795558,5.281911],[-75.803407,5.280935],[-75.813106,5.271836],[-75.823486,5.270297],[-75.82477,5.259584],[-75.820103,5.249924],[-75.819966,5.243226],[-75.812611,5.236119],[-75.806865,5.236883],[-75.804497,5.231606],[-75.803818,5.221229],[-75.808103,5.211392],[-75.807188,5.205871],[-75.802461,5.201568],[-75.808536,5.188499],[-75.812864,5.18865],[-75.815747,5.183531],[-75.816851,5.17604],[-75.821202,5.173105],[-75.825531,5.159093],[-75.828689,5.152538],[-75.834065,5.149579],[-75.832413,5.139321],[-75.833667,5.133069],[-75.837906,5.128859],[-75.836231,5.115461],[-75.843335,5.111034],[-75.845876,5.106247],[-75.852932,5.110942],[-75.865445,5.121343],[-75.875094,5.13458],[-75.876986,5.130311],[-75.889099,5.129225],[-75.891469,5.126154],[-75.89093,5.117787],[-75.897754,5.116401],[-75.902251,5.110227],[-75.901471,5.104541],[-75.903338,5.098245],[-75.908864,5.087461],[-75.913454,5.084363],[-75.913644,5.076095],[-75.911013,5.06933],[-75.917541,5.05961],[-75.919769,5.044632],[-75.922621,5.041331],[-75.913862,5.033931],[-75.91264,5.029008],[-75.907421,5.02569],[-75.902479,5.019494],[-75.902312,5.011474],[-75.904589,5.003065],[-75.904311,4.993274],[-75.896759,4.981326],[-75.894816,4.969377],[-75.895704,4.963513],[-75.88893,4.95776],[-75.879875,4.958241],[-75.879486,4.952986],[-75.866199,4.943811],[-75.861252,4.942894],[-75.864482,4.935169],[-75.857788,4.931555],[-75.850531,4.9309],[-75.846839,4.928202],[-75.841378,4.929287],[-75.836894,4.9267],[-75.830565,4.926748],[-75.826161,4.921878],[-75.815107,4.919148],[-75.807092,4.928383],[-75.803532,4.936123],[-75.794565,4.936414],[-75.788452,4.94984],[-75.792995,4.95502],[-75.795573,4.96931],[-75.790893,4.97611],[-75.79228,4.981326],[-75.786361,4.984182],[-75.784437,4.991075],[-75.785713,4.99817],[-75.775875,5.006471],[-75.770339,5.007678],[-75.77332,5.013421],[-75.772812,5.019637],[-75.766215,5.021703],[-75.759956,5.027941],[-75.759039,5.036897],[-75.747763,5.045818],[-75.74414,5.0436],[-75.738921,5.029248],[-75.73188,5.023961],[-75.731758,5.016793],[-75.727733,5.010415],[-75.725505,5.002373],[-75.720944,4.995714],[-75.720243,4.984477],[-75.714959,4.976004],[-75.715764,4.970138],[-75.712382,4.960085],[-75.7067,4.952434],[-75.69836,4.943788],[-75.687973,4.944183],[-75.682073,4.942691],[-75.675409,4.94432],[-75.662883,4.942714],[-75.651148,4.947773],[-75.652666,4.958453],[-75.644959,4.962449],[-75.645431,4.965896],[-75.638642,4.974525],[-75.63679,4.971637],[-75.628679,4.970713],[-75.619758,4.962834],[-75.6172,4.955642],[-75.617925,4.943265],[-75.616986,4.933899],[-75.609222,4.933512],[-75.59276,4.927868],[-75.589768,4.932361],[-75.584054,4.932195],[-75.568947,4.936456],[-75.56159,4.933999],[-75.558631,4.924936],[-75.55319,4.923761],[-75.544026,4.925761],[-75.539624,4.917434],[-75.530447,4.917495],[-75.525526,4.922009],[-75.514795,4.924382],[-75.506823,4.924072],[-75.494,4.920645],[-75.486852,4.917059],[-75.480934,4.916977],[-75.483785,4.909812],[-75.482554,4.906187],[-75.475161,4.902118],[-75.473621,4.888199],[-75.459845,4.886715],[-75.455348,4.882105],[-75.454937,4.874719],[-75.449805,4.865426],[-75.439352,4.854835],[-75.440253,4.844619],[-75.438718,4.840098],[-75.42985,4.833464],[-75.430291,4.825587],[-75.427489,4.817669],[-75.417848,4.812935],[-75.405941,4.804804],[-75.399586,4.807249],[-75.389686,4.802514],[-75.382278,4.804532],[-75.375262,4.803855],[-75.371543,4.80707],[-75.370247,4.812289],[-75.357726,4.827082],[-75.355591,4.839739],[-75.351904,4.842523],[-75.343254,4.844936],[-75.33925,4.85151],[-75.332214,4.856652],[-75.323255,4.866928],[-75.321674,4.871946],[-75.319591,4.892342],[-75.331947,4.896548],[-75.338319,4.900981],[-75.346187,4.914872],[-75.348491,4.931396],[-75.351594,4.934041],[-75.35133,4.950551],[-75.352695,4.965704],[-75.335957,4.974278],[-75.328138,4.986375],[-75.327237,4.99105],[-75.322244,4.994821],[-75.317823,5.001213],[-75.318788,5.030733],[-75.324373,5.038815],[-75.333462,5.045072],[-75.339508,5.046055],[-75.342825,5.053808],[-75.3483,5.05781],[-75.343325,5.072396],[-75.341626,5.084832],[-75.33566,5.087552],[-75.325052,5.099304],[-75.317723,5.102479],[-75.308968,5.109831],[-75.304161,5.119235],[-75.298153,5.122483],[-75.28751,5.138276],[-75.283219,5.140777],[-75.275837,5.140606],[-75.265481,5.136575],[-75.251461,5.129493],[-75.24511,5.12898],[-75.235345,5.124847],[-75.224498,5.134524],[-75.214835,5.134478],[-75.207344,5.147958],[-75.200649,5.151206],[-75.197708,5.161794],[-75.193825,5.164161],[-75.188035,5.162225],[-75.179117,5.163945],[-75.169663,5.169702],[-75.164212,5.167961],[-75.158443,5.170728],[-75.153736,5.169772],[-75.149201,5.164577],[-75.143569,5.163794],[-75.141274,5.159058],[-75.133923,5.157997],[-75.129468,5.155357],[-75.12403,5.160361],[-75.115861,5.160037],[-75.115149,5.173782],[-75.113263,5.180641],[-75.105498,5.185485],[-75.10686,5.191329],[-75.094719,5.214396],[-75.091287,5.21503],[-75.089806,5.220995],[-75.079788,5.231206],[-75.07459,5.243388],[-75.071162,5.247324],[-75.066216,5.246887],[-75.060826,5.25601],[-75.063086,5.259789],[-75.059463,5.270159],[-75.056294,5.27498],[-75.044974,5.276922],[-75.036016,5.275959],[-75.030046,5.279289],[-75.027469,5.288376],[-75.022248,5.286113],[-75.007745,5.291236],[-74.985285,5.288529],[-74.978849,5.294698],[-74.968883,5.296183],[-74.967135,5.300611],[-74.96108,5.302402],[-74.954767,5.30121],[-74.949078,5.306828],[-74.946316,5.305848],[-74.939584,5.311842],[-74.929888,5.312225],[-74.920525,5.308266],[-74.912602,5.309845],[-74.908719,5.308431],[-74.898817,5.2992],[-74.876352,5.296765],[-74.87128,5.29466],[-74.869282,5.304945],[-74.862808,5.304724],[-74.848598,5.31616],[-74.845792,5.313763],[-74.840741,5.317053],[-74.831544,5.316152],[-74.823462,5.31831],[-74.814253,5.306716],[-74.803518,5.302163],[-74.798228,5.303996],[-74.790749,5.297648],[-74.772786,5.297511],[-74.766186,5.287722],[-74.762195,5.288797],[-74.75314,5.282089],[-74.743873,5.290229],[-74.742948,5.285688],[-74.733863,5.286303],[-74.733259,5.294391],[-74.730005,5.301981],[-74.725863,5.306676],[-74.715182,5.314003],[-74.710785,5.329627],[-74.70952,5.339249],[-74.705999,5.346388],[-74.700611,5.351786],[-74.69942,5.356307],[-74.706676,5.366052],[-74.704052,5.372369],[-74.696928,5.364567],[-74.691734,5.363431],[-74.680966,5.370784],[-74.677721,5.377524],[-74.682952,5.388303],[-74.684284,5.399322],[-74.681284,5.402334],[-74.66724,5.405026],[-74.666312,5.416549],[-74.672557,5.426108],[-74.676416,5.435588],[-74.671926,5.441437],[-74.656638,5.440792],[-74.652769,5.445975],[-74.658885,5.449779],[-74.66376,5.465742],[-74.664744,5.478077],[-74.667757,5.489002],[-74.667613,5.495256],[-74.673827,5.509711],[-74.6736,5.513528],[-74.668842,5.518169],[-74.652565,5.524298],[-74.64729,5.528841],[-74.640077,5.540674],[-74.641313,5.548659],[-74.645698,5.554079],[-74.650982,5.564398],[-74.652389,5.575803],[-74.648885,5.584171],[-74.644682,5.589009],[-74.642136,5.597241],[-74.6449,5.608621],[-74.636879,5.623062],[-74.631603,5.627707],[-74.629733,5.632349],[-74.632364,5.639188],[-74.63332,5.650071],[-74.635838,5.659217],[-74.630205,5.673744],[-74.624588,5.684274],[-74.623351,5.696533],[-74.630089,5.70324],[-74.637788,5.707678],[-74.644634,5.718597],[-74.655864,5.723484],[-74.661473,5.730083],[-74.662556,5.735943],[-74.659329,5.751369],[-74.657501,5.763319],[-74.657548,5.775262],[-74.667395,5.769797],[-74.671778,5.770689],[-74.679536,5.778463],[-74.68504,5.778625],[-74.695634,5.77139],[-74.705293,5.769978],[-74.707648,5.775537],[-74.712453,5.774638],[-74.715105,5.767795],[-74.712112,5.758926],[-74.716146,5.751494],[-74.727025,5.74761],[-74.728625,5.744088],[-74.724717,5.727345],[-74.725263,5.723832],[-74.731601,5.71654],[-74.730978,5.71198],[-74.737896,5.704876],[-74.738647,5.700549],[-74.7451,5.700286],[-74.750904,5.697304],[-74.754527,5.699251],[-74.761367,5.695716],[-74.765237,5.696861],[-74.773652,5.688627],[-74.781244,5.695335],[-74.791129,5.696056],[-74.797582,5.702216],[-74.804788,5.698141],[-74.810558,5.708875],[-74.820805,5.7082],[-74.833385,5.718953],[-74.832997,5.727383],[-74.841515,5.738716],[-74.86166,5.74702],[-74.873224,5.748474],[-74.880464,5.746699],[-74.887428,5.739365],[-74.895121,5.739096],[-74.900828,5.73642],[-74.913669,5.735912],[-74.917411,5.734267],[-74.931106,5.733778],[-74.938109,5.728184],[-74.944377,5.72632],[-74.951603,5.720301],[-74.960798,5.719424],[-74.971284,5.715278],[-74.982412,5.718009],[-74.993225,5.715422],[-74.991118,5.707594],[-75.000104,5.702084],[-75.001231,5.69423],[-75.008076,5.682886],[-75.013759,5.678743],[-75.022622,5.677608],[-75.028414,5.674813],[-75.0321,5.669486],[-75.041051,5.666692],[-75.047545,5.660841],[-75.051319,5.664596],[-75.060095,5.66643],[-75.065623,5.665906],[-75.073434,5.657959],[-75.077032,5.656649],[-75.082122,5.660404],[-75.087212,5.661103],[-75.094232,5.651234],[-75.099059,5.641453],[-75.096163,5.633156],[-75.091161,5.62582],[-75.092302,5.621716],[-75.088879,5.615689],[-75.091687,5.610013],[-75.096777,5.60844],[-75.089406,5.602414],[-75.087738,5.594641],[-75.091951,5.589925],[-75.092477,5.583898],[-75.101165,5.57857],[-75.10608,5.572194],[-75.112311,5.57167],[-75.1131,5.567041],[-75.120296,5.564159],[-75.120735,5.559617],[-75.126176,5.557258],[-75.13082,5.550301],[-75.133093,5.543063],[-75.131793,5.536907],[-75.137497,5.527036],[-75.150134,5.530181],[-75.160138,5.527473],[-75.174882,5.525202],[-75.178758,5.522481],[-75.189941,5.518502],[-75.199096,5.517868],[-75.205412,5.507832],[-75.212423,5.506909],[-75.219434,5.503334],[-75.224648,5.497508],[-75.227314,5.491625],[-75.232065,5.48655],[-75.233456,5.479975],[-75.236584,5.477783],[-75.23975,5.469722],[-75.244297,5.463761],[-75.249486,5.461236],[-75.254021,5.449413],[-75.263822,5.433649],[-75.272086,5.422553],[-75.276918,5.422851],[-75.2794,5.426817],[-75.278422,5.440243],[-75.283908,5.443011],[-75.28548,5.458099],[-75.281939,5.466542],[-75.282265,5.475515],[-75.288321,5.473091],[-75.295592,5.474495],[-75.302047,5.472465],[-75.305581,5.468074],[-75.31403,5.468147],[-75.316807,5.472047],[-75.314217,5.475546],[-75.316544,5.484201],[-75.314078,5.503],[-75.310532,5.508141],[-75.315388,5.516735],[-75.323636,5.51965],[-75.328493,5.524484],[-75.33042,5.53208],[-75.327645,5.542591],[-75.332501,5.544663],[-75.333734,5.549496],[-75.327336,5.556401],[-75.329649,5.562769],[-75.338051,5.568063],[-75.338976,5.578804],[-75.341134,5.583944],[-75.345605,5.586859],[-75.340055,5.601819],[-75.341828,5.604121],[-75.35208,5.601512],[-75.36187,5.600975],[-75.368731,5.604658],[-75.378212,5.614017],[-75.383068,5.621765],[-75.383531,5.626982],[-75.372893,5.633579],[-75.368422,5.645316],[-75.367651,5.654981],[-75.368885,5.660044],[-75.374049,5.666027],[-75.376362,5.673775],[-75.383916,5.676536],[-75.39386,5.677073],[-75.400952,5.681752],[-75.405423,5.680755],[-75.412515,5.693718],[-75.415675,5.696019],[-75.428694,5.695783],[-75.433329,5.691684],[-75.440328,5.689977],[-75.442004,5.685806],[-75.455711,5.681077],[-75.461138,5.67204],[-75.477961,5.663499],[-75.486525,5.670779],[-75.487574,5.675968],[-75.501135,5.683655],[-75.506898,5.679759],[-75.517722,5.689634],[-75.528096,5.694261],[-75.534571,5.690381],[-75.538977,5.700753],[-75.543429,5.707816],[-75.54077,5.714608],[-75.54295,5.720229],[-75.54887,5.720982],[-75.553381,5.724556],[-75.568444,5.724787],[-75.578319,5.727483],[-75.586885,5.735125],[-75.59651,5.736173],[-75.599253,5.734001],[-75.599754,5.718251],[-75.595496,5.71215],[-75.598081,5.70574],[-75.599574,5.69613],[-75.59893,5.679523],[-75.58846,5.674299],[-75.573492,5.669633],[-75.572521,5.663941],[-75.575687,5.660132],[-75.583962,5.656663],[-75.589602,5.644749],[-75.585485,5.636583],[-75.582369,5.626175],[-75.58384,5.621873],[-75.579632,5.606429],[-75.581095,5.603737],[-75.580263,5.593497],[-75.576316,5.584004],[-75.574733,5.574263],[-75.576907,5.565967],[-75.575965,5.549863],[-75.570595,5.543421],[-75.569053,5.523072],[-75.578522,5.516818],[-75.596666,5.518024],[-75.604426,5.525127],[-75.611829,5.527435],[-75.617538,5.531874],[-75.623692,5.526813],[-75.635246,5.526074],[-75.640974,5.530296],[-75.653079,5.529705],[-75.656165,5.525334],[-75.669904,5.528914],[-75.681304,5.524267],[-75.689492,5.526672],[-75.696785,5.531386],[-75.710527,5.543845],[-75.71745,5.551243],[-75.726145,5.55642],[-75.730706,5.56355],[-75.736691,5.560885],[-75.74404,5.552862],[-75.751017,5.552161],[-75.761342,5.553802],[-75.768946,5.550835],[-75.772109,5.543341],[-75.776269,5.539648],[-75.785943,5.54054],[-75.792001,5.53242],[-75.800341,5.527618],[-75.809038,5.513665],[-75.81623,5.513177],[-75.827289,5.499206],[-75.828194,5.49145],[-75.831282,5.488089],[-75.843991,5.492723],[-75.849571,5.49214],[-75.853683,5.495982],[-75.859725,5.496114],[-75.865577,5.492686],[-75.867404,5.488172]]]},"properties":{"shapeName":"Caldas"}},{"type":"Feature","geometry":{"type":"Polygon","coordinates":[[[-74.387594,-0.559328],[-74.389892,-0.575714],[-74.383541,-0.585841],[-74.381481,-0.599574],[-74.374786,-0.609186],[-74.363456,-0.615194],[-74.359508,-0.630128],[-74.364315,-0.640598],[-74.371846,-0.646005],[-74.373906,-0.653729],[-74.368413,-0.662312],[-74.351719,-0.670058],[-74.337879,-0.677503],[-74.337707,-0.68557],[-74.339767,-0.694668],[-74.343029,-0.700847],[-74.353661,-0.711114],[-74.371685,-0.713517],[-74.376674,-0.719042],[-74.375129,-0.727968],[-74.370151,-0.737237],[-74.352448,-0.75393],[-74.34437,-0.758349],[-74.336334,-0.759036],[-74.322773,-0.754058],[-74.315735,-0.75423],[-74.309243,-0.762007],[-74.308729,-0.7675],[-74.317794,-0.778088],[-74.318996,-0.785298],[-74.316421,-0.791133],[-74.312505,-0.793354],[-74.304974,-0.793644],[-74.294759,-0.777723],[-74.287518,-0.77413],[-74.279074,-0.779011],[-74.278634,-0.787164],[-74.285694,-0.793794],[-74.292217,-0.815679],[-74.288612,-0.821514],[-74.279471,-0.828187],[-74.267798,-0.82499],[-74.259419,-0.819122],[-74.250675,-0.814992],[-74.245868,-0.815679],[-74.24339,-0.820764],[-74.247499,-0.830129],[-74.257284,-0.833776],[-74.265609,-0.841253],[-74.270416,-0.854127],[-74.266695,-0.87429],[-74.270255,-0.880632],[-74.276478,-0.882177],[-74.285539,-0.871671],[-74.292801,-0.867759],[-74.305755,-0.865234],[-74.313406,-0.869654],[-74.318237,-0.875146],[-74.320458,-0.880733],[-74.317728,-0.890821],[-74.310012,-0.896426],[-74.303426,-0.894537],[-74.289925,-0.893761],[-74.28351,-0.895094],[-74.279334,-0.899061],[-74.27206,-0.916585],[-74.270887,-0.930362],[-74.262176,-0.941148],[-74.264687,-0.953549],[-74.270931,-0.959342],[-74.275431,-0.967051],[-74.275496,-0.974023],[-74.272582,-0.978803],[-74.258915,-0.987147],[-74.235557,-0.997746],[-74.225269,-1.00843],[-74.214454,-1.010661],[-74.186065,-1.01065],[-74.17273,-1.005737],[-74.135038,-1.022312],[-74.126081,-1.032695],[-74.105106,-1.03912],[-74.080215,-1.048592],[-74.064937,-1.053569],[-74.056869,-1.052196],[-74.043823,-1.04413],[-74.035905,-1.030764],[-74.038298,-1.020638],[-74.029189,-1.003045],[-74.018074,-1.005684],[-74.013171,-1.016776],[-74.013832,-1.021273],[-74.024178,-1.04703],[-74.026829,-1.061496],[-74.020659,-1.075742],[-74.006057,-1.09888],[-73.995414,-1.106088],[-73.985801,-1.107118],[-73.97842,-1.106432],[-73.974407,-1.090835],[-73.964794,-1.08177],[-73.956791,-1.085665],[-73.949892,-1.097796],[-73.964515,-1.113812],[-73.966575,-1.120849],[-73.958164,-1.131146],[-73.949323,-1.133184],[-73.932972,-1.131607],[-73.922179,-1.11999],[-73.912072,-1.116461],[-73.90394,-1.124303],[-73.901086,-1.138688],[-73.895207,-1.153823],[-73.897052,-1.160495],[-73.895347,-1.169323],[-73.886581,-1.18109],[-73.87714,-1.192074],[-73.870617,-1.197909],[-73.867183,-1.208721],[-73.86684,-1.223824],[-73.861347,-1.229316],[-73.852935,-1.233606],[-73.823753,-1.23824],[-73.810246,-1.249481],[-73.801952,-1.249739],[-73.794914,-1.245105],[-73.789249,-1.238927],[-73.783069,-1.239441],[-73.779539,-1.245116],[-73.783659,-1.258041],[-73.770195,-1.26158],[-73.762985,-1.258148],[-73.759552,-1.252485],[-73.755088,-1.237039],[-73.753544,-1.217131],[-73.751827,-1.20443],[-73.750282,-1.201341],[-73.742901,-1.202028],[-73.743244,-1.211467],[-73.740326,-1.238412],[-73.726936,-1.248366],[-73.710971,-1.251626],[-73.702743,-1.247121],[-73.693634,-1.247164],[-73.682819,-1.240128],[-73.673925,-1.240621],[-73.665288,-1.247969],[-73.657692,-1.26054],[-73.648487,-1.267244],[-73.640934,-1.26896],[-73.629625,-1.26955],[-73.622018,-1.263318],[-73.619401,-1.263779],[-73.615184,-1.292987],[-73.615614,-1.304238],[-73.611065,-1.318729],[-73.604616,-1.324511],[-73.59613,-1.328855],[-73.584103,-1.326913],[-73.576453,-1.31875],[-73.568739,-1.321743],[-73.567108,-1.328779],[-73.580498,-1.340696],[-73.577934,-1.361547],[-73.564566,-1.373785],[-73.554792,-1.390549],[-73.552045,-1.398272],[-73.552378,-1.416935],[-73.557527,-1.420024],[-73.565188,-1.420742],[-73.576561,-1.413288],[-73.579865,-1.416184],[-73.579887,-1.428228],[-73.575199,-1.430288],[-73.542067,-1.429698],[-73.536049,-1.432336],[-73.531242,-1.437484],[-73.530631,-1.462271],[-73.524592,-1.473274],[-73.509623,-1.483374],[-73.500063,-1.485026],[-73.49087,-1.483625],[-73.486943,-1.493256],[-73.487425,-1.500892],[-73.496202,-1.509848],[-73.493348,-1.518096],[-73.477855,-1.523458],[-73.479272,-1.532532],[-73.483177,-1.541648],[-73.481804,-1.547654],[-73.481771,-1.55856],[-73.490333,-1.570809],[-73.48543,-1.576257],[-73.475924,-1.577383],[-73.471322,-1.569951],[-73.464209,-1.566647],[-73.457267,-1.575345],[-73.462996,-1.589008],[-73.47204,-1.597964],[-73.496609,-1.615488],[-73.510299,-1.630191],[-73.516307,-1.639972],[-73.51517,-1.659286],[-73.520256,-1.670172],[-73.536553,-1.682697],[-73.540683,-1.690934],[-73.538602,-1.70065],[-73.531585,-1.708092],[-73.521457,-1.714784],[-73.504989,-1.721325],[-73.495818,-1.731145],[-73.463951,-1.735374],[-73.454338,-1.741894],[-73.434768,-1.765229],[-73.432022,-1.775181],[-73.432655,-1.787428],[-73.427816,-1.790505],[-73.411079,-1.785647],[-73.401123,-1.77947],[-73.386703,-1.772092],[-73.377433,-1.775867],[-73.363014,-1.791652],[-73.352371,-1.798001],[-73.344969,-1.798108],[-73.334723,-1.801872],[-73.320957,-1.825624],[-73.309284,-1.828026],[-73.303791,-1.826311],[-73.301044,-1.822193],[-73.300813,-1.814022],[-73.307911,-1.804349],[-73.310142,-1.796971],[-73.310142,-1.79028],[-73.307396,-1.782902],[-73.299939,-1.777476],[-73.287311,-1.776897],[-73.272892,-1.782902],[-73.266197,-1.783417],[-73.252121,-1.78035],[-73.246627,-1.782387],[-73.243194,-1.790451],[-73.246112,-1.794054],[-73.258644,-1.798515],[-73.256069,-1.806408],[-73.250404,-1.807437],[-73.235469,-1.802633],[-73.231178,-1.794569],[-73.229976,-1.787706],[-73.231693,-1.762141],[-73.2262,-1.749787],[-73.217788,-1.748586],[-73.21178,-1.752189],[-73.194442,-1.788564],[-73.17247,-1.800746],[-73.150325,-1.802462],[-73.14625,-1.80541],[-73.143631,-1.819791],[-73.144489,-1.826997],[-73.1529,-1.844669],[-73.153415,-1.851532],[-73.150669,-1.862856],[-73.142086,-1.869547],[-73.131958,-1.87315],[-73.119598,-1.871263],[-73.111288,-1.873836],[-73.108268,-1.885846],[-73.108097,-1.894939],[-73.115478,-1.904032],[-73.119083,-1.911924],[-73.114733,-1.927437],[-73.113418,-1.939203],[-73.115135,-1.958761],[-73.119255,-1.974888],[-73.127151,-1.984838],[-73.130061,-1.991572],[-73.124627,-2.001187],[-73.118225,-2.016405],[-73.099691,-2.026513],[-73.093334,-2.032531],[-73.092132,-2.041623],[-73.096595,-2.048485],[-73.110328,-2.063753],[-73.11359,-2.071816],[-73.111873,-2.077992],[-73.105166,-2.08324],[-73.085933,-2.084802],[-73.072563,-2.082966],[-73.069301,-2.093259],[-73.070324,-2.105713],[-73.105178,-2.122937],[-73.116508,-2.130656],[-73.120285,-2.152442],[-73.125263,-2.173027],[-73.130928,-2.183319],[-73.142257,-2.187607],[-73.168086,-2.186248],[-73.172922,-2.19349],[-73.165279,-2.236749],[-73.155132,-2.258431],[-73.142039,-2.269874],[-73.122688,-2.279033],[-73.11565,-2.288982],[-73.11359,-2.296186],[-73.117195,-2.302704],[-73.123031,-2.308707],[-73.124405,-2.320885],[-73.119598,-2.327231],[-73.1105,-2.327917],[-73.096201,-2.324239],[-73.093531,-2.330369],[-73.072048,-2.339752],[-73.068271,-2.351587],[-73.058143,-2.36102],[-73.043552,-2.357418],[-73.040977,-2.348499],[-73.04235,-2.337008],[-73.040119,-2.322772],[-73.037887,-2.316768],[-73.032737,-2.313681],[-73.024498,-2.316597],[-73.019348,-2.326888],[-73.01643,-2.343525],[-73.010421,-2.35313],[-73.002868,-2.360334],[-72.997203,-2.359991],[-72.989994,-2.354674],[-72.978664,-2.34061],[-72.971454,-2.335635],[-72.963386,-2.336493],[-72.957893,-2.335121],[-72.952572,-2.337008],[-72.950683,-2.343011],[-72.956579,-2.353954],[-72.957026,-2.373909],[-72.956277,-2.386012],[-72.951519,-2.401942],[-72.946884,-2.406573],[-72.937958,-2.410174],[-72.931332,-2.418204],[-72.930443,-2.434002],[-72.937284,-2.450473],[-72.930932,-2.457193],[-72.925751,-2.455236],[-72.920277,-2.449234],[-72.89597,-2.434744],[-72.885772,-2.434357],[-72.870495,-2.437959],[-72.857277,-2.439674],[-72.843029,-2.432813],[-72.828953,-2.420153],[-72.817795,-2.417892],[-72.801658,-2.411032],[-72.791468,-2.402588],[-72.786209,-2.390622],[-72.777111,-2.385305],[-72.770588,-2.386677],[-72.764569,-2.390446],[-72.759354,-2.397171],[-72.757832,-2.412081],[-72.752563,-2.425095],[-72.744495,-2.427668],[-72.735054,-2.423895],[-72.731225,-2.412313],[-72.731068,-2.394249],[-72.726288,-2.389346],[-72.718827,-2.386259],[-72.711663,-2.386411],[-72.693512,-2.407259],[-72.686677,-2.420518],[-72.686928,-2.428986],[-72.69118,-2.438797],[-72.690765,-2.450821],[-72.681166,-2.451965],[-72.667305,-2.440963],[-72.665741,-2.433823],[-72.666199,-2.420083],[-72.657952,-2.406763],[-72.638065,-2.391823],[-72.635318,-2.379988],[-72.641734,-2.36607],[-72.64089,-2.361243],[-72.635193,-2.358493],[-72.619348,-2.363031],[-72.606607,-2.362499],[-72.591545,-2.37004],[-72.582103,-2.38359],[-72.576439,-2.393709],[-72.566311,-2.401084],[-72.560131,-2.403485],[-72.549144,-2.402285],[-72.538291,-2.404929],[-72.514624,-2.412896],[-72.498848,-2.412918],[-72.492856,-2.41974],[-72.484982,-2.421461],[-72.472251,-2.419148],[-72.459709,-2.425953],[-72.448551,-2.433671],[-72.43154,-2.434678],[-72.41645,-2.428183],[-72.409755,-2.413466],[-72.408039,-2.414152],[-72.395629,-2.442728],[-72.380058,-2.452879],[-72.376968,-2.466771],[-72.380401,-2.481177],[-72.375252,-2.488895],[-72.368557,-2.490781],[-72.340061,-2.479634],[-72.327657,-2.471878],[-72.310707,-2.47466],[-72.298691,-2.474489],[-72.288463,-2.470229],[-72.285644,-2.455109],[-72.280124,-2.452763],[-72.259208,-2.459568],[-72.254745,-2.453394],[-72.257663,-2.445333],[-72.262304,-2.439403],[-72.259325,-2.432243],[-72.240409,-2.430479],[-72.226831,-2.447048],[-72.216476,-2.448763],[-72.201187,-2.44499],[-72.181961,-2.430584],[-72.171379,-2.426484],[-72.162408,-2.433095],[-72.162164,-2.445079],[-72.169208,-2.470279],[-72.165802,-2.478157],[-72.157303,-2.479944],[-72.14527,-2.473095],[-72.137329,-2.453908],[-72.132325,-2.437154],[-72.133209,-2.416692],[-72.128917,-2.410003],[-72.098018,-2.389764],[-72.086002,-2.378959],[-72.078964,-2.366267],[-72.060081,-2.343112],[-72.044975,-2.335737],[-72.029354,-2.340883],[-72.015793,-2.361808],[-72.005417,-2.370565],[-71.984722,-2.371241],[-71.969444,-2.367639],[-71.959316,-2.356834],[-71.9449,-2.355801],[-71.938073,-2.361221],[-71.937,-2.376215],[-71.93082,-2.382046],[-71.922409,-2.380674],[-71.917431,-2.371413],[-71.919685,-2.363391],[-71.936456,-2.338811],[-71.939317,-2.316111],[-71.927089,-2.308489],[-71.910484,-2.311408],[-71.887093,-2.314149],[-71.880867,-2.308808],[-71.871769,-2.296459],[-71.864731,-2.278106],[-71.854463,-2.230684],[-71.841005,-2.212561],[-71.837057,-2.198786],[-71.828935,-2.187379],[-71.820194,-2.188501],[-71.807118,-2.206924],[-71.796548,-2.204826],[-71.793148,-2.194742],[-71.79126,-2.184793],[-71.782333,-2.176387],[-71.771657,-2.172943],[-71.755036,-2.175022],[-71.746284,-2.169869],[-71.745086,-2.159801],[-71.750186,-2.149307],[-71.734454,-2.140985],[-71.723473,-2.143095],[-71.71899,-2.155974],[-71.717273,-2.170212],[-71.727058,-2.196114],[-71.728775,-2.208636],[-71.72826,-2.223388],[-71.720944,-2.230949],[-71.708389,-2.231552],[-71.687919,-2.218585],[-71.678798,-2.20952],[-71.663692,-2.202487],[-71.652362,-2.199914],[-71.637623,-2.201775],[-71.627666,-2.211038],[-71.615822,-2.224074],[-71.599166,-2.239037],[-71.584351,-2.240228],[-71.568387,-2.238513],[-71.550762,-2.242256],[-71.533256,-2.250173],[-71.520206,-2.249117],[-71.51542,-2.254253],[-71.520008,-2.301245],[-71.514713,-2.311381],[-71.511966,-2.32699],[-71.506365,-2.345945],[-71.496382,-2.355953],[-71.485359,-2.354261],[-71.480199,-2.348621],[-71.479206,-2.334144],[-71.485016,-2.317728],[-71.493427,-2.300404],[-71.499739,-2.28932],[-71.495101,-2.276206],[-71.479156,-2.269724],[-71.467678,-2.271759],[-71.452743,-2.279992],[-71.44622,-2.286853],[-71.427852,-2.323045],[-71.423389,-2.329391],[-71.415149,-2.332993],[-71.401245,-2.343284],[-71.391803,-2.355119],[-71.394207,-2.367125],[-71.400215,-2.375357],[-71.40691,-2.391994],[-71.404335,-2.403314],[-71.39322,-2.410497],[-71.382705,-2.406401],[-71.366226,-2.389078],[-71.353523,-2.379474],[-71.326572,-2.383402],[-71.316616,-2.379131],[-71.309406,-2.364552],[-71.304313,-2.340181],[-71.296353,-2.336268],[-71.28091,-2.338653],[-71.275589,-2.348429],[-71.276104,-2.361122],[-71.290008,-2.380674],[-71.288978,-2.386163],[-71.28091,-2.389421],[-71.274215,-2.386849],[-71.265804,-2.377073],[-71.259624,-2.362151],[-71.243666,-2.338185],[-71.231967,-2.336793],[-71.224414,-2.342453],[-71.212292,-2.357866],[-71.207096,-2.36884],[-71.193665,-2.382375],[-71.186325,-2.383762],[-71.176197,-2.382218],[-71.17139,-2.374328],[-71.169845,-2.35752],[-71.170675,-2.3444],[-71.161577,-2.332908],[-71.149389,-2.335824],[-71.141178,-2.343284],[-71.132766,-2.34397],[-71.128818,-2.338824],[-71.130878,-2.32699],[-71.136715,-2.315155],[-71.141865,-2.308294],[-71.143337,-2.296845],[-71.132694,-2.285882],[-71.112682,-2.281022],[-71.101181,-2.282908],[-71.09001,-2.282115],[-71.05775,-2.268672],[-71.046077,-2.264898],[-71.039211,-2.267643],[-71.024229,-2.282034],[-71.015693,-2.298002],[-71.010372,-2.304349],[-71.001446,-2.308465],[-70.993892,-2.306579],[-70.988571,-2.301261],[-70.990288,-2.290627],[-70.996296,-2.275704],[-71.006424,-2.262497],[-71.017377,-2.243844],[-71.020411,-2.229297],[-71.013955,-2.215791],[-71.000842,-2.210196],[-70.9781,-2.212742],[-70.962683,-2.225325],[-70.958015,-2.241742],[-70.941536,-2.255293],[-70.924026,-2.25392],[-70.914469,-2.245067],[-70.907896,-2.234117],[-70.898111,-2.223825],[-70.877506,-2.221501],[-70.86343,-2.225961],[-70.854332,-2.241227],[-70.845234,-2.267814],[-70.842825,-2.285326],[-70.832486,-2.294655],[-70.816904,-2.297322],[-70.801632,-2.295258],[-70.787895,-2.292441],[-70.780685,-2.293651],[-70.767814,-2.297831],[-70.764741,-2.303989],[-70.761552,-2.320411],[-70.750527,-2.328755],[-70.73645,-2.334243],[-70.719971,-2.334929],[-70.69709,-2.339167],[-70.670404,-2.350161],[-70.663394,-2.354964],[-70.661556,-2.363008],[-70.664303,-2.376558],[-70.673235,-2.383972],[-70.677001,-2.390731],[-70.678642,-2.398872],[-70.677332,-2.405389],[-70.673835,-2.41047],[-70.665504,-2.412918],[-70.649711,-2.410346],[-70.641815,-2.406573],[-70.632252,-2.397084],[-70.627168,-2.395762],[-70.625922,-2.407684],[-70.628082,-2.422351],[-70.631,-2.431613],[-70.641649,-2.447696],[-70.642507,-2.458672],[-70.631687,-2.47466],[-70.617439,-2.481863],[-70.601131,-2.484607],[-70.576927,-2.479805],[-70.557701,-2.472088],[-70.551067,-2.462107],[-70.553166,-2.448946],[-70.559833,-2.44177],[-70.572746,-2.437344],[-70.594619,-2.431668],[-70.597764,-2.421737],[-70.590234,-2.419226],[-70.570404,-2.418407],[-70.550834,-2.42338],[-70.537445,-2.436072],[-70.52457,-2.46317],[-70.508606,-2.476375],[-70.497181,-2.473939],[-70.483222,-2.463494],[-70.479453,-2.456585],[-70.471916,-2.454072],[-70.464064,-2.461296],[-70.453699,-2.476057],[-70.44836,-2.503068],[-70.444591,-2.511862],[-70.439566,-2.518457],[-70.432971,-2.52411],[-70.420722,-2.526309],[-70.4113,-2.525995],[-70.398737,-2.515945],[-70.385546,-2.501497],[-70.376438,-2.49553],[-70.367958,-2.491761],[-70.353824,-2.490191],[-70.330269,-2.498671],[-70.319277,-2.501183],[-70.302945,-2.501497],[-70.297606,-2.505266],[-70.295407,-2.511862],[-70.295093,-2.520656],[-70.300118,-2.527251],[-70.308284,-2.532276],[-70.321161,-2.536673],[-70.330897,-2.536359],[-70.340005,-2.538244],[-70.348171,-2.542641],[-70.357593,-2.555832],[-70.357279,-2.563055],[-70.35351,-2.568081],[-70.347229,-2.572478],[-70.33341,-2.578131],[-70.314565,-2.577189],[-70.302945,-2.573734],[-70.2841,-2.559915],[-70.265256,-2.549236],[-70.256148,-2.549236],[-70.246726,-2.552063],[-70.238874,-2.559286],[-70.228824,-2.581586],[-70.223484,-2.61739],[-70.223484,-2.631523],[-70.219087,-2.645342],[-70.212178,-2.654764],[-70.20621,-2.658533],[-70.19616,-2.658533],[-70.191449,-2.656963],[-70.187994,-2.651624],[-70.183283,-2.636548],[-70.180457,-2.632465],[-70.169778,-2.633722],[-70.161298,-2.640631],[-70.156587,-2.647227],[-70.155331,-2.655707],[-70.157529,-2.672667],[-70.16224,-2.683345],[-70.160356,-2.690883],[-70.142474,-2.698513],[-70.135544,-2.70376],[-70.122039,-2.701875],[-70.114501,-2.697164],[-70.107278,-2.677064],[-70.106964,-2.666385],[-70.098798,-2.655707],[-70.086235,-2.653508],[-70.080896,-2.655079],[-70.073358,-2.664815],[-70.067705,-2.675493],[-70.066448,-2.688684],[-70.067391,-2.702503],[-70.070217,-2.714752],[-70.069275,-2.728571],[-70.065506,-2.751813],[-70.060789,-2.759516],[-70.069174,-2.77792],[-70.074074,-2.79037],[-70.080309,-2.794916],[-70.335679,-3.197508],[-70.50274,-3.46281],[-70.713245,-3.795464],[-70.700458,-3.792172],[-70.685123,-3.793988],[-70.670891,-3.806483],[-70.655666,-3.827343],[-70.652522,-3.83004],[-70.643309,-3.832297],[-70.631339,-3.831967],[-70.624775,-3.834498],[-70.62142,-3.840008],[-70.616453,-3.843484],[-70.610812,-3.835715],[-70.597215,-3.821701],[-70.588715,-3.817938],[-70.577493,-3.816565],[-70.569668,-3.820319],[-70.560482,-3.827145],[-70.555376,-3.834316],[-70.550266,-3.847978],[-70.540391,-3.867102],[-70.530755,-3.87573],[-70.523717,-3.880073],[-70.514873,-3.88075],[-70.49991,-3.878007],[-70.478146,-3.872868],[-70.466585,-3.869102],[-70.453325,-3.862943],[-70.434192,-3.847998],[-70.419901,-3.832429],[-70.41482,-3.828199],[-70.407799,-3.826289],[-70.389705,-3.826434],[-70.378539,-3.82336],[-70.371855,-3.818983],[-70.359845,-3.805821],[-70.354747,-3.802059],[-70.347606,-3.800345],[-70.337743,-3.802386],[-70.324475,-3.807499],[-70.309496,-3.811255],[-70.284003,-3.823764],[-70.268549,-3.843342],[-70.259284,-3.875147],[-70.247611,-3.896726],[-70.216485,-3.915434],[-70.187186,-3.923785],[-70.18032,-3.930636],[-70.172966,-3.95955],[-70.160967,-3.987447],[-70.140324,-4.017346],[-70.126317,-4.035206],[-70.113417,-4.047381],[-70.099855,-4.056285],[-70.061874,-4.082699],[-70.05173,-4.106001],[-70.040588,-4.124819],[-70.024401,-4.143843],[-70.008548,-4.155405],[-69.96934,-4.195528],[-69.961704,-4.204037],[-69.952535,-4.216871],[-69.949695,-4.22323],[-69.945336,-4.226664],[-69.935737,-4.219484],[-69.933293,-4.219689],[-69.91008,-4.09217],[-69.836141,-3.686152],[-69.79841,-3.475495],[-69.713827,-3.002801],[-69.613144,-2.439976],[-69.598534,-2.358282],[-69.534995,-2.002949],[-69.462118,-1.5953],[-69.450887,-1.532469],[-69.454185,-1.515211],[-69.456589,-1.491186],[-69.452869,-1.483653],[-69.441065,-1.470892],[-69.435617,-1.462811],[-69.43263,-1.454204],[-69.432794,-1.444654],[-69.435989,-1.400921],[-69.42116,-1.377345],[-69.402415,-1.369168],[-69.397303,-1.36508],[-69.396792,-1.356732],[-69.407186,-1.332201],[-69.409295,-1.319493],[-69.406993,-1.289797],[-69.410308,-1.276277],[-69.42165,-1.257437],[-69.427583,-1.243289],[-69.429825,-1.234949],[-69.430063,-1.22101],[-69.427234,-1.210212],[-69.415927,-1.186416],[-69.412738,-1.154722],[-69.40682,-1.14623],[-69.400173,-1.144265],[-69.395921,-1.138119],[-69.395234,-1.125548],[-69.39719,-1.114346],[-69.424748,-1.07732],[-69.432867,-1.071399],[-69.443614,-1.06956],[-69.452605,-1.071405],[-69.462372,-1.077393],[-69.468934,-1.088632],[-69.470281,-1.10205],[-69.469308,-1.1061],[-69.460513,-1.124405],[-69.459428,-1.133473],[-69.461906,-1.140147],[-69.470719,-1.146321],[-69.483192,-1.144421],[-69.489332,-1.149699],[-69.488146,-1.15528],[-69.476368,-1.158175],[-69.471717,-1.161366],[-69.466672,-1.169638],[-69.46478,-1.176937],[-69.464906,-1.19016],[-69.469163,-1.202229],[-69.47471,-1.208803],[-69.481444,-1.213592],[-69.489761,-1.216577],[-69.508347,-1.217363],[-69.514508,-1.212977],[-69.533381,-1.194456],[-69.548201,-1.19056],[-69.551253,-1.19543],[-69.55702,-1.192491],[-69.561154,-1.194521],[-69.565268,-1.19225],[-69.569586,-1.184804],[-69.571962,-1.175381],[-69.576474,-1.16573],[-69.577543,-1.158101],[-69.581437,-1.150924],[-69.585978,-1.147664],[-69.593922,-1.146342],[-69.603153,-1.151863],[-69.609447,-1.158295],[-69.616445,-1.16269],[-69.622928,-1.164652],[-69.630773,-1.164643],[-69.635761,-1.168217],[-69.637755,-1.172795],[-69.636534,-1.187502],[-69.634583,-1.197943],[-69.637818,-1.211651],[-69.643326,-1.222469],[-69.65373,-1.227671],[-69.661486,-1.227198],[-69.675426,-1.214281],[-69.680621,-1.199272],[-69.681278,-1.181651],[-69.678697,-1.156848],[-69.678058,-1.136615],[-69.680657,-1.125521],[-69.679971,-1.11776],[-69.673207,-1.114631],[-69.660674,-1.117081],[-69.658784,-1.125341],[-69.65501,-1.132148],[-69.649531,-1.130727],[-69.648888,-1.118326],[-69.652133,-1.111801],[-69.658622,-1.10332],[-69.672244,-1.092231],[-69.67938,-1.08375],[-69.686517,-1.07331],[-69.693007,-1.061565],[-69.700144,-1.051778],[-69.712467,-1.043299],[-69.721626,-1.038937],[-69.729,-1.037389],[-69.737687,-1.041765],[-69.741686,-1.038094],[-69.746903,-1.02865],[-69.750901,-1.026903],[-69.756112,-1.032327],[-69.770708,-1.035832],[-69.77453,-1.039507],[-69.769662,-1.044578],[-69.764614,-1.063117],[-69.755225,-1.074833],[-69.751923,-1.076406],[-69.741843,-1.075877],[-69.736281,-1.078498],[-69.733672,-1.084095],[-69.737318,-1.091618],[-69.741835,-1.094769],[-69.752087,-1.097922],[-69.7646,-1.096178],[-69.776072,-1.092685],[-69.784938,-1.085167],[-69.797633,-1.064881],[-69.801807,-1.056311],[-69.817684,-1.031228],[-69.823939,-1.028012],[-69.834509,-1.02775],[-69.844883,-1.030365],[-69.860438,-1.048647],[-69.86562,-1.064967],[-69.870804,-1.074107],[-69.878583,-1.079332],[-69.891552,-1.081295],[-69.906467,-1.079995],[-69.914429,-1.081604],[-69.93097,-1.092713],[-69.939477,-1.095888],[-69.950822,-1.096844],[-69.957599,-1.094944],[-69.966583,-1.088286],[-69.97084,-1.079722],[-69.971788,-1.074489],[-69.97053,-1.065448],[-69.958718,-1.048631],[-69.943595,-1.038435],[-69.941503,-1.031054],[-69.942692,-1.022695],[-69.951799,-1.010721],[-69.955584,-0.999938],[-69.951017,-0.99153],[-69.934318,-0.982166],[-69.918858,-0.971434],[-69.909622,-0.978949],[-69.90517,-0.978508],[-69.902335,-0.973115],[-69.90344,-0.968991],[-69.913054,-0.959796],[-69.931178,-0.949493],[-69.93953,-0.946323],[-69.94788,-0.949815],[-69.955812,-0.964491],[-69.963572,-0.969051],[-69.975892,-0.972972],[-69.990157,-0.97624],[-70.000533,-0.974285],[-70.00519,-0.970532],[-70.00758,-0.965301],[-70.00702,-0.95922],[-70.000385,-0.949849],[-70.002986,-0.940658],[-70.007834,-0.937124],[-70.014157,-0.9355],[-70.02399,-0.938473],[-70.026165,-0.94519],[-70.023245,-0.963043],[-70.023102,-0.96877],[-70.028544,-0.976338],[-70.034163,-0.978461],[-70.043927,-0.978605],[-70.050531,-0.974789],[-70.059549,-0.95929],[-70.073171,-0.946239],[-70.082899,-0.945589],[-70.098574,-0.950909],[-70.107538,-0.957999],[-70.126339,-0.976282],[-70.13745,-0.990352],[-70.139904,-1.000456],[-70.139336,-1.005306],[-70.134089,-1.016431],[-70.128703,-1.019853],[-70.1219,-1.020564],[-70.112407,-1.013286],[-70.103622,-1.009289],[-70.09271,-1.009999],[-70.084206,-1.013278],[-70.080236,-1.020123],[-70.077823,-1.031962],[-70.082221,-1.044156],[-70.113987,-1.077458],[-70.121113,-1.101612],[-70.131487,-1.110755],[-70.150941,-1.115983],[-70.162615,-1.114681],[-70.172542,-1.109091],[-70.177228,-1.101455],[-70.178261,-1.09099],[-70.176201,-1.079079],[-70.177915,-1.073765],[-70.182372,-1.072051],[-70.197285,-1.071022],[-70.206027,-1.069308],[-70.217854,-1.063652],[-70.221797,-1.059195],[-70.227796,-1.046853],[-70.228482,-1.041882],[-70.225054,-1.03194],[-70.220083,-1.026112],[-70.205513,-1.014113],[-70.199387,-1.006399],[-70.195088,-0.9931],[-70.195088,-0.987726],[-70.199253,-0.983025],[-70.21188,-0.981144],[-70.218597,-0.983159],[-70.22397,-0.988264],[-70.227866,-0.997667],[-70.230015,-1.010026],[-70.233374,-1.014862],[-70.241165,-1.019295],[-70.25339,-1.018892],[-70.260106,-1.017011],[-70.279182,-1.004115],[-70.294765,-0.987592],[-70.305377,-0.971875],[-70.307258,-0.959516],[-70.305109,-0.951993],[-70.295168,-0.935201],[-70.290332,-0.932112],[-70.280525,-0.933186],[-70.271928,-0.938157],[-70.265614,-0.93856],[-70.258091,-0.933992],[-70.254061,-0.925664],[-70.253121,-0.915723],[-70.248419,-0.906857],[-70.237538,-0.900543],[-70.225314,-0.895035],[-70.221284,-0.88899],[-70.221284,-0.883214],[-70.224239,-0.87784],[-70.231224,-0.872601],[-70.237135,-0.86575],[-70.254196,-0.836062],[-70.262927,-0.826928],[-70.275152,-0.820882],[-70.28872,-0.809598],[-70.296242,-0.793344],[-70.296914,-0.787299],[-70.295168,-0.769835],[-70.292347,-0.75573],[-70.289526,-0.75076],[-70.283346,-0.745521],[-70.277704,-0.74364],[-70.259435,-0.746058],[-70.251106,-0.742162],[-70.248822,-0.736923],[-70.251778,-0.727251],[-70.259972,-0.718654],[-70.262927,-0.710459],[-70.262793,-0.702399],[-70.260241,-0.692996],[-70.253524,-0.676338],[-70.253524,-0.668144],[-70.260509,-0.651218],[-70.256882,-0.646382],[-70.255405,-0.627037],[-70.260509,-0.614678],[-70.258763,-0.601514],[-70.263733,-0.586468],[-70.264049,-0.582095],[-70.268814,-0.573294],[-70.275238,-0.567405],[-70.28125,-0.557222],[-70.294265,-0.55489],[-70.301889,-0.558729],[-70.303635,-0.563047],[-70.301026,-0.577512],[-70.302888,-0.58409],[-70.310579,-0.588662],[-70.318498,-0.585331],[-70.325968,-0.578437],[-70.327296,-0.568114],[-70.324606,-0.556444],[-70.319197,-0.546633],[-70.307538,-0.532514],[-70.293675,-0.511733],[-70.288423,-0.507092],[-70.279782,-0.502428],[-70.264637,-0.496392],[-70.25536,-0.487069],[-70.247906,-0.472576],[-70.241917,-0.466679],[-70.235129,-0.466142],[-70.227275,-0.468553],[-70.20864,-0.476591],[-70.20265,-0.472034],[-70.199989,-0.464262],[-70.200918,-0.458865],[-70.211572,-0.440144],[-70.223419,-0.434518],[-70.22861,-0.43626],[-70.242585,-0.444704],[-70.25137,-0.441757],[-70.25598,-0.431958],[-70.269342,-0.416969],[-70.278261,-0.412548],[-70.288909,-0.412281],[-70.296363,-0.415364],[-70.299785,-0.424753],[-70.307423,-0.439664],[-70.315774,-0.442122],[-70.322661,-0.441519],[-70.328871,-0.437455],[-70.333569,-0.437164],[-70.348651,-0.448513],[-70.35929,-0.449731],[-70.364334,-0.452063],[-70.366831,-0.460921],[-70.363351,-0.466158],[-70.352088,-0.47177],[-70.343569,-0.473023],[-70.338112,-0.47182],[-70.326687,-0.466326],[-70.320377,-0.473192],[-70.320717,-0.483664],[-70.324979,-0.491733],[-70.334528,-0.49843],[-70.350046,-0.498775],[-70.362837,-0.496201],[-70.377722,-0.49753],[-70.380402,-0.495345],[-70.385861,-0.475774],[-70.386714,-0.470109],[-70.392854,-0.463757],[-70.398311,-0.462384],[-70.407179,-0.463244],[-70.413147,-0.465476],[-70.439068,-0.478183],[-70.451479,-0.493695],[-70.457203,-0.49484],[-70.464306,-0.487799],[-70.464648,-0.478013],[-70.460385,-0.470631],[-70.450805,-0.463122],[-70.448961,-0.45741],[-70.449984,-0.44917],[-70.453908,-0.436981],[-70.461814,-0.424505],[-70.472197,-0.411354],[-70.4793,-0.398292],[-70.495536,-0.387536],[-70.509178,-0.374214],[-70.513941,-0.367798],[-70.517523,-0.358527],[-70.525539,-0.355609],[-70.530825,-0.362477],[-70.529752,-0.371719],[-70.534913,-0.373593],[-70.539757,-0.367519],[-70.548105,-0.36199],[-70.557701,-0.362994],[-70.562476,-0.366427],[-70.565375,-0.37278],[-70.567762,-0.386171],[-70.571684,-0.390635],[-70.580722,-0.391494],[-70.588397,-0.386859],[-70.599824,-0.365914],[-70.605119,-0.348819],[-70.6099,-0.33988],[-70.616144,-0.337906],[-70.626977,-0.322004],[-70.634319,-0.31891],[-70.642344,-0.322176],[-70.657712,-0.334897],[-70.661297,-0.339195],[-70.663858,-0.346931],[-70.670518,-0.350885],[-70.679738,-0.350198],[-70.685032,-0.344697],[-70.689814,-0.331461],[-70.69918,-0.321882],[-70.70369,-0.31935],[-70.714087,-0.309778],[-70.720057,-0.302224],[-70.725514,-0.297932],[-70.729266,-0.289863],[-70.733359,-0.28746],[-70.741444,-0.286586],[-70.746185,-0.290309],[-70.759553,-0.291864],[-70.765272,-0.293784],[-70.774644,-0.30226],[-70.780598,-0.311669],[-70.778893,-0.316648],[-70.761156,-0.317162],[-70.758257,-0.322313],[-70.758939,-0.328494],[-70.768315,-0.334191],[-70.778554,-0.337031],[-70.79674,-0.344017],[-70.806871,-0.346929],[-70.809077,-0.362146],[-70.811124,-0.364206],[-70.821868,-0.365752],[-70.829542,-0.361117],[-70.832082,-0.347574],[-70.834372,-0.342881],[-70.838923,-0.340858],[-70.842494,-0.335373],[-70.842303,-0.328327],[-70.865296,-0.31005],[-70.867482,-0.291116],[-70.878162,-0.282829],[-70.878565,-0.276552],[-70.872785,-0.262746],[-70.874197,-0.241752],[-70.885727,-0.223903],[-70.883044,-0.215841],[-70.888584,-0.208268],[-70.909876,-0.204066],[-70.914903,-0.201912],[-70.917193,-0.19784],[-70.916048,-0.187646],[-70.917774,-0.183114],[-70.933205,-0.174956],[-70.942968,-0.163761],[-70.946998,-0.153747],[-70.945371,-0.143495],[-70.932941,-0.13008],[-70.920099,-0.123964],[-70.914017,-0.123227],[-70.905347,-0.132688],[-70.900358,-0.13256],[-70.891755,-0.116126],[-70.892255,-0.11151],[-70.896715,-0.103178],[-70.905139,-0.099892],[-70.918367,-0.098847],[-70.927156,-0.086787],[-70.92317,-0.080774],[-70.930592,-0.0763],[-70.925926,-0.070638],[-70.928796,-0.066701],[-70.928396,-0.060989],[-70.924793,-0.056747],[-70.928935,-0.050183],[-70.933827,-0.05205],[-70.944159,-0.04134],[-70.959798,-0.040003],[-70.972968,-0.026067],[-70.96905,-0.014995],[-70.969434,-0.008393],[-70.981988,-0.003497],[-70.994583,-0.001846],[-71.000645,-0.003578],[-71.016256,-0.012751],[-71.018018,-0.025335],[-71.011501,-0.038516],[-71.012742,-0.042719],[-71.019553,-0.047894],[-71.026953,-0.048539],[-71.035706,-0.04447],[-71.051107,-0.033679],[-71.053123,-0.025234],[-71.049802,-0.022482],[-71.040939,-0.019542],[-71.035051,-0.010594],[-71.035418,-0.006551],[-71.044816,-0.003578],[-71.054343,-0.006176],[-71.061264,-0.009555],[-71.068383,-0.007917],[-71.075,0.001261],[-71.083288,0.000879],[-71.08979,-0.007285],[-71.096314,-0.006938],[-71.099292,-0.000816],[-71.097276,0.007881],[-71.099562,0.022584],[-71.103905,0.026877],[-71.113076,0.023773],[-71.115529,0.011479],[-71.125399,0.003397],[-71.132019,0.003685],[-71.137299,0.010256],[-71.141817,0.027601],[-71.149335,0.039786],[-71.148746,0.045789],[-71.144416,0.053584],[-71.144015,0.058493],[-71.147003,0.066019],[-71.157041,0.071882],[-71.162603,0.081299],[-71.1707,0.090852],[-71.177609,0.095465],[-71.186621,0.098169],[-71.191471,0.092504],[-71.187093,0.087547],[-71.186557,0.081539],[-71.197285,0.079055],[-71.201208,0.073518],[-71.211104,0.070906],[-71.219528,0.062966],[-71.223065,0.056795],[-71.226725,0.054958],[-71.229794,0.063604],[-71.236425,0.067077],[-71.247931,0.058686],[-71.252696,0.059144],[-71.257758,0.066587],[-71.263407,0.070627],[-71.269132,0.07004],[-71.280771,0.06622],[-71.290783,0.068421],[-71.296811,0.073566],[-71.289052,0.087361],[-71.289052,0.094792],[-71.291213,0.098432],[-71.307752,0.1026],[-71.322697,0.111757],[-71.331215,0.092569],[-71.341652,0.076571],[-71.361154,0.063867],[-71.369318,0.047967],[-71.381402,0.039715],[-71.397677,0.030776],[-71.418643,0.023304],[-71.442897,0.020462],[-71.464733,0.020324],[-71.485982,0.016793],[-71.49651,0.01143],[-71.517485,0.0046],[-71.541006,-0.000718],[-71.568862,-0.00324],[-71.576568,-0.002598],[-71.586601,-0.00379],[-71.596764,-0.006403],[-71.618127,-0.016216],[-71.62906,-0.036077],[-71.641206,-0.046982],[-71.650073,-0.050883],[-71.664693,-0.05976],[-71.687671,-0.069],[-71.698875,-0.079231],[-71.705341,-0.089524],[-71.720341,-0.101177],[-71.720818,-0.116118],[-71.731806,-0.140666],[-71.731981,-0.159837],[-71.724993,-0.176018],[-71.722373,-0.189034],[-71.717132,-0.202225],[-71.716259,-0.218055],[-71.717308,-0.22509],[-71.729882,-0.234518],[-71.749979,-0.251471],[-71.766227,-0.253581],[-71.778807,-0.263254],[-71.810254,-0.264659],[-71.824405,-0.271165],[-71.828598,-0.272045],[-71.846243,-0.271868],[-71.858123,-0.269229],[-71.890443,-0.268523],[-71.921714,-0.26729],[-71.943901,-0.270102],[-71.955256,-0.270629],[-71.977967,-0.268869],[-72.003473,-0.267987],[-72.028629,-0.264644],[-72.038412,-0.267457],[-72.047497,-0.278536],[-72.052389,-0.288208],[-72.059553,-0.307553],[-72.066717,-0.320567],[-72.081741,-0.331997],[-72.087681,-0.333051],[-72.10218,-0.331819],[-72.115283,-0.334631],[-72.131355,-0.342719],[-72.142886,-0.354677],[-72.153194,-0.363117],[-72.157912,-0.373844],[-72.158089,-0.392134],[-72.165604,-0.418688],[-72.175738,-0.435218],[-72.183775,-0.446472],[-72.188667,-0.450868],[-72.193211,-0.460012],[-72.193911,-0.470387],[-72.19793,-0.474431],[-72.211907,-0.484981],[-72.230774,-0.48955],[-72.235492,-0.49887],[-72.234971,-0.519269],[-72.236195,-0.525776],[-72.240214,-0.530699],[-72.243011,-0.538085],[-72.242665,-0.556726],[-72.237601,-0.569037],[-72.229743,-0.584162],[-72.230284,-0.590285],[-72.234974,-0.59505],[-72.241914,-0.610967],[-72.249144,-0.616032],[-72.253624,-0.615925],[-72.262853,-0.624168],[-72.272621,-0.625481],[-72.300635,-0.635283],[-72.310549,-0.63747],[-72.329873,-0.644439],[-72.352164,-0.639091],[-72.358203,-0.635368],[-72.372184,-0.623574],[-72.395867,-0.613998],[-72.405548,-0.603869],[-72.409211,-0.598552],[-72.408308,-0.592247],[-72.403804,-0.58539],[-72.405689,-0.573912],[-72.408055,-0.568262],[-72.415972,-0.562751],[-72.421722,-0.562645],[-72.433581,-0.565254],[-72.445902,-0.580797],[-72.467421,-0.601447],[-72.478218,-0.617216],[-72.495076,-0.631453],[-72.514798,-0.660157],[-72.526774,-0.665723],[-72.534499,-0.672785],[-72.54228,-0.687037],[-72.556383,-0.70656],[-72.562761,-0.706427],[-72.591335,-0.692864],[-72.603117,-0.686665],[-72.622373,-0.669501],[-72.6406,-0.656909],[-72.663995,-0.642362],[-72.676073,-0.633768],[-72.676577,-0.617484],[-72.68358,-0.6159],[-72.693676,-0.611513],[-72.701488,-0.605263],[-72.714297,-0.59034],[-72.722193,-0.588795],[-72.727172,-0.584676],[-72.733396,-0.585576],[-72.741465,-0.58077],[-72.743868,-0.577165],[-72.745537,-0.560344],[-72.753248,-0.556031],[-72.759152,-0.559103],[-72.768702,-0.568552],[-72.775698,-0.579658],[-72.788462,-0.576254],[-72.799893,-0.579993],[-72.806341,-0.586085],[-72.810696,-0.597737],[-72.815528,-0.600947],[-72.8247,-0.598136],[-72.830325,-0.598018],[-72.836262,-0.601036],[-72.852186,-0.611667],[-72.862211,-0.616146],[-72.87517,-0.618535],[-72.906901,-0.617633],[-72.92057,-0.616169],[-72.931876,-0.610464],[-72.936145,-0.606723],[-72.942884,-0.596446],[-72.944991,-0.586725],[-72.948839,-0.576407],[-72.955519,-0.565354],[-72.972144,-0.548925],[-72.986552,-0.538672],[-72.997885,-0.532649],[-73.014162,-0.52811],[-73.024859,-0.528792],[-73.044211,-0.536102],[-73.050249,-0.543861],[-73.055344,-0.552963],[-73.057493,-0.559828],[-73.060144,-0.575876],[-73.069464,-0.593258],[-73.071321,-0.602725],[-73.071696,-0.618148],[-73.075301,-0.62364],[-73.083541,-0.623594],[-73.088995,-0.621268],[-73.098339,-0.611756],[-73.110108,-0.605504],[-73.123176,-0.605627],[-73.134602,-0.607627],[-73.143328,-0.610487],[-73.163349,-0.622189],[-73.19186,-0.626624],[-73.202428,-0.627121],[-73.208411,-0.62552],[-73.21176,-0.621508],[-73.21865,-0.607561],[-73.227373,-0.599993],[-73.24008,-0.586454],[-73.252594,-0.582978],[-73.256364,-0.577511],[-73.260307,-0.561349],[-73.267778,-0.553648],[-73.276521,-0.547137],[-73.298629,-0.541137],[-73.314267,-0.531587],[-73.322645,-0.523547],[-73.329742,-0.506638],[-73.336257,-0.505591],[-73.352091,-0.511708],[-73.361468,-0.518756],[-73.374838,-0.532873],[-73.380462,-0.535114],[-73.389335,-0.533903],[-73.39646,-0.53095],[-73.402847,-0.522532],[-73.419166,-0.51393],[-73.437102,-0.511621],[-73.447396,-0.513852],[-73.456988,-0.518184],[-73.470666,-0.521882],[-73.487514,-0.529018],[-73.505399,-0.52669],[-73.514456,-0.523437],[-73.522118,-0.516047],[-73.526677,-0.507058],[-73.530003,-0.490239],[-73.537237,-0.490008],[-73.539801,-0.495324],[-73.543896,-0.51037],[-73.553189,-0.516964],[-73.561851,-0.519285],[-73.567546,-0.518192],[-73.57197,-0.514131],[-73.568529,-0.504482],[-73.568397,-0.495659],[-73.577455,-0.48327],[-73.578398,-0.475771],[-73.578721,-0.457148],[-73.582586,-0.447533],[-73.591717,-0.441445],[-73.603562,-0.438871],[-73.616545,-0.44199],[-73.62426,-0.447344],[-73.632467,-0.450867],[-73.639335,-0.451864],[-73.647766,-0.458178],[-73.651442,-0.457859],[-73.653106,-0.451373],[-73.636471,-0.435038],[-73.635148,-0.429358],[-73.640302,-0.417662],[-73.646203,-0.414698],[-73.662919,-0.421945],[-73.674801,-0.422563],[-73.690825,-0.414154],[-73.696016,-0.404692],[-73.708362,-0.38552],[-73.716617,-0.380702],[-73.731366,-0.38085],[-73.738921,-0.385656],[-73.753085,-0.403776],[-73.762893,-0.408655],[-73.769217,-0.409509],[-73.79007,-0.408999],[-73.801655,-0.411241],[-73.812815,-0.411668],[-73.824147,-0.409002],[-73.841302,-0.397984],[-74.077515,-0.465276],[-74.38102,-0.55139],[-74.387594,-0.559328]]]},"properties":{"shapeName":"Amazonas"}},{"type":"Feature","geometry":{"type":"Polygon","coordinates":[[[-74.933928,2.906682],[-74.902709,2.906634],[-74.89142,2.907398],[-74.869598,2.911954],[-74.858309,2.911962],[-74.845137,2.909701],[-74.834977,2.910086],[-74.828957,2.91236],[-74.828207,2.916144],[-74.813914,2.926369],[-74.804886,2.930915],[-74.794727,2.933192],[-74.787199,2.931305],[-74.784937,2.924415],[-74.784919,2.895363],[-74.782658,2.890446],[-74.776633,2.884396],[-74.765716,2.876836],[-74.75706,2.875328],[-74.716051,2.888216],[-74.702131,2.894277],[-74.68896,2.894284],[-74.676916,2.890129],[-74.670137,2.881052],[-74.667874,2.869702],[-74.662598,2.854949],[-74.662214,2.840572],[-74.664467,2.830355],[-74.665586,2.811058],[-74.660314,2.803872],[-74.643367,2.773611],[-74.637714,2.754317],[-74.620405,2.752434],[-74.617393,2.748273],[-74.618893,2.736543],[-74.624155,2.724811],[-74.634309,2.713834],[-74.638443,2.704373],[-74.636183,2.698699],[-74.627151,2.692649],[-74.614356,2.688493],[-74.603442,2.682444],[-74.590643,2.66618],[-74.590264,2.659748],[-74.592894,2.651422],[-74.606056,2.636282],[-74.618843,2.624547],[-74.638777,2.609026],[-74.652311,2.58821],[-74.664346,2.578367],[-74.67713,2.563983],[-74.685775,2.545818],[-74.688025,2.532196],[-74.686518,2.526521],[-74.665068,2.512532],[-74.651145,2.5027],[-74.650766,2.495512],[-74.655278,2.490591],[-74.664299,2.474696],[-74.667304,2.463722],[-74.667668,2.437236],[-74.67105,2.428154],[-74.677443,2.422854],[-74.688726,2.418687],[-74.696999,2.413008],[-74.701885,2.403925],[-74.709774,2.380842],[-74.726689,2.355484],[-74.733448,2.331266],[-74.73344,2.313105],[-74.728923,2.306675],[-74.728543,2.296459],[-74.731921,2.28208],[-74.732669,2.272999],[-74.728152,2.263921],[-74.721381,2.261653],[-74.713108,2.267711],[-74.710479,2.275658],[-74.706344,2.281713],[-74.698071,2.286257],[-74.682275,2.287777],[-74.676631,2.284753],[-74.677006,2.280591],[-74.686405,2.271884],[-74.68678,2.269236],[-74.680381,2.255996],[-74.673602,2.23481],[-74.664193,2.21968],[-74.65742,2.212115],[-74.649896,2.206821],[-74.636354,2.202664],[-74.627327,2.202289],[-74.604761,2.205702],[-74.597991,2.205705],[-74.593853,2.201923],[-74.588207,2.189817],[-74.587828,2.183006],[-74.592337,2.170519],[-74.598728,2.161436],[-74.599097,2.141382],[-74.594956,2.128519],[-74.591943,2.114142],[-74.596074,2.096736],[-74.603593,2.088409],[-74.608478,2.077435],[-74.609468,2.0708],[-74.606659,2.053944],[-74.604251,2.045917],[-74.602525,2.028627],[-74.58874,2.010612],[-74.584384,2.000563],[-74.57841,1.98349],[-74.571988,1.968393],[-74.566121,1.942868],[-74.56692,1.929234],[-74.570421,1.925004],[-74.570108,1.920306],[-74.561622,1.908407],[-74.56022,1.901908],[-74.560684,1.893452],[-74.564651,1.885934],[-74.567213,1.863382],[-74.56612,1.852264],[-74.562928,1.847488],[-74.558414,1.845688],[-74.540749,1.842483],[-74.532451,1.839619],[-74.527454,1.835707],[-74.515861,1.833166],[-74.504754,1.827712],[-74.503383,1.821145],[-74.491219,1.812579],[-74.480112,1.807839],[-74.469918,1.80624],[-74.456584,1.807753],[-74.451244,1.811922],[-74.425518,1.811408],[-74.417209,1.81255],[-74.407957,1.809609],[-74.39922,1.802899],[-74.389626,1.792677],[-74.378576,1.789307],[-74.367097,1.789136],[-74.345768,1.790764],[-74.321868,1.787509],[-74.312845,1.785024],[-74.298454,1.778714],[-74.288489,1.77229],[-74.271157,1.753701],[-74.254568,1.75847],[-74.233809,1.763124],[-74.222987,1.767178],[-74.213907,1.766008],[-74.210024,1.761525],[-74.205541,1.748619],[-74.207055,1.741223],[-74.207254,1.716125],[-74.203086,1.713441],[-74.197461,1.713641],[-74.180528,1.720379],[-74.175617,1.721122],[-74.166594,1.717181],[-74.154916,1.716011],[-74.141496,1.705845],[-74.133211,1.697112],[-74.127148,1.697996],[-74.116956,1.695697],[-74.1123,1.696139],[-74.107906,1.691896],[-74.106149,1.685883],[-74.097626,1.676512],[-74.096396,1.669438],[-74.100438,1.66263],[-74.096923,1.650694],[-74.088928,1.642383],[-74.073909,1.646339],[-74.063039,1.656518],[-74.058359,1.658189],[-74.038882,1.661531],[-74.018551,1.66323],[-74.015471,1.659356],[-73.999097,1.65763],[-73.996004,1.653857],[-73.999553,1.644286],[-73.999243,1.638095],[-73.992298,1.628523],[-73.986864,1.608999],[-73.983241,1.60277],[-73.974032,1.602313],[-73.968143,1.612417],[-73.957046,1.625406],[-73.953921,1.632333],[-73.949182,1.636647],[-73.950098,1.640766],[-73.944065,1.645412],[-73.93661,1.64669],[-73.925388,1.642642],[-73.894939,1.643652],[-73.883409,1.64902],[-73.867288,1.650771],[-73.859893,1.657257],[-73.846016,1.652086],[-73.836671,1.651764],[-73.827142,1.648281],[-73.816895,1.649967],[-73.809391,1.64767],[-73.805538,1.652511],[-73.794592,1.653572],[-73.791271,1.650078],[-73.782061,1.655242],[-73.779041,1.655165],[-73.764926,1.649694],[-73.76002,1.645667],[-73.746281,1.642854],[-73.739488,1.639814],[-73.73345,1.633432],[-73.720541,1.638975],[-73.712464,1.638062],[-73.706803,1.633427],[-73.696311,1.632742],[-73.686348,1.621345],[-73.669886,1.615569],[-73.658768,1.614517],[-73.658504,1.68545],[-73.657722,1.895226],[-73.656233,2.294999],[-73.650851,2.292175],[-73.646972,2.285541],[-73.641368,2.284029],[-73.63257,2.289124],[-73.628152,2.299051],[-73.632915,2.309431],[-73.635019,2.324167],[-73.633438,2.328518],[-73.628694,2.331552],[-73.619916,2.332431],[-73.615926,2.335722],[-73.613925,2.341911],[-73.617024,2.346804],[-73.62534,2.349093],[-73.631973,2.354666],[-73.631629,2.364234],[-73.618041,2.377],[-73.597778,2.381209],[-73.589137,2.38978],[-73.583575,2.387251],[-73.582093,2.377457],[-73.587731,2.366103],[-73.583569,2.357471],[-73.577496,2.35558],[-73.568616,2.356019],[-73.563823,2.360127],[-73.559198,2.368104],[-73.550082,2.373667],[-73.539535,2.377312],[-73.533201,2.386761],[-73.529496,2.388184],[-73.523442,2.383684],[-73.523133,2.371927],[-73.520361,2.3633],[-73.515224,2.357888],[-73.513783,2.350632],[-73.517483,2.337226],[-73.513496,2.333245],[-73.50696,2.334707],[-73.504308,2.340148],[-73.508402,2.350436],[-73.50739,2.355291],[-73.500322,2.35897],[-73.48742,2.356889],[-73.473769,2.362147],[-73.468505,2.361806],[-73.462353,2.352202],[-73.462268,2.343065],[-73.460283,2.339417],[-73.452001,2.338521],[-73.444957,2.346429],[-73.455637,2.380014],[-73.455448,2.383096],[-73.441821,2.387643],[-73.438775,2.385795],[-73.432549,2.370355],[-73.43072,2.359791],[-73.432565,2.351041],[-73.440369,2.340581],[-73.440665,2.333902],[-73.437502,2.327008],[-73.428781,2.324931],[-73.424002,2.327959],[-73.42216,2.333895],[-73.423504,2.350552],[-73.418626,2.355298],[-73.414409,2.356359],[-73.396846,2.354921],[-73.388753,2.350599],[-73.387514,2.342455],[-73.396629,2.332691],[-73.394979,2.327908],[-73.387978,2.324827],[-73.381733,2.324322],[-73.374206,2.329551],[-73.373083,2.351433],[-73.373584,2.363611],[-73.361602,2.36836],[-73.356617,2.368839],[-73.349332,2.365473],[-73.344791,2.356822],[-73.346933,2.345754],[-73.355631,2.33886],[-73.359612,2.333475],[-73.35774,2.324808],[-73.340742,2.328188],[-73.332287,2.33407],[-73.329033,2.341482],[-73.330031,2.347848],[-73.336127,2.356094],[-73.331579,2.360508],[-73.320023,2.360417],[-73.315304,2.354768],[-73.310877,2.345863],[-73.301957,2.336899],[-73.295044,2.338793],[-73.278587,2.353622],[-73.268852,2.35885],[-73.261501,2.358819],[-73.2536,2.35587],[-73.245921,2.347479],[-73.238076,2.351852],[-73.23799,2.366321],[-73.242935,2.372654],[-73.246869,2.374215],[-73.259201,2.371677],[-73.265954,2.373667],[-73.266924,2.381639],[-73.255048,2.381106],[-73.249489,2.382063],[-73.243545,2.387865],[-73.237119,2.389758],[-73.230354,2.388367],[-73.223919,2.39081],[-73.218899,2.40064],[-73.214411,2.404997],[-73.210504,2.4004],[-73.216726,2.390825],[-73.217426,2.386405],[-73.200005,2.383302],[-73.193715,2.386853],[-73.185937,2.38885],[-73.180296,2.398454],[-73.170297,2.401625],[-73.164889,2.394891],[-73.167437,2.379955],[-73.166078,2.36789],[-73.157815,2.364571],[-73.151126,2.368353],[-73.142017,2.377145],[-73.136591,2.37872],[-73.129775,2.377048],[-73.124008,2.378806],[-73.124463,2.385795],[-73.127373,2.39003],[-73.138454,2.394246],[-73.140744,2.397642],[-73.137465,2.405937],[-73.124202,2.412143],[-73.11941,2.411061],[-73.11363,2.391256],[-73.114205,2.384599],[-73.109256,2.381],[-73.105269,2.386064],[-73.094162,2.394271],[-73.08151,2.411239],[-73.071765,2.416731],[-73.069888,2.426221],[-73.059782,2.430264],[-73.051697,2.429253],[-73.044147,2.43791],[-73.041309,2.437764],[-73.036773,2.430844],[-73.036811,2.419935],[-73.035262,2.413878],[-73.030252,2.412801],[-73.025261,2.420144],[-73.01298,2.432183],[-72.991518,2.444529],[-72.984934,2.452566],[-72.974397,2.452179],[-72.96661,2.449005],[-72.962775,2.45423],[-72.970755,2.46139],[-72.971264,2.466124],[-72.968373,2.475725],[-72.963224,2.479841],[-72.953439,2.478983],[-72.937474,2.465092],[-72.930093,2.467836],[-72.928205,2.475553],[-72.931638,2.494418],[-72.937646,2.502136],[-72.942281,2.502136],[-72.949834,2.49459],[-72.95773,2.498363],[-72.957215,2.511396],[-72.954812,2.517056],[-72.948556,2.522999],[-72.942318,2.524632],[-72.932559,2.523738],[-72.922352,2.530858],[-72.918519,2.540179],[-72.922712,2.557528],[-72.918935,2.56353],[-72.913221,2.567615],[-72.898164,2.56233],[-72.893701,2.565588],[-72.892045,2.570246],[-72.88782,2.570811],[-72.878984,2.576328],[-72.868295,2.577078],[-72.858167,2.585309],[-72.848047,2.596752],[-72.827249,2.607014],[-72.821182,2.611806],[-72.810687,2.615734],[-72.803064,2.614119],[-72.796025,2.60966],[-72.792421,2.604687],[-72.792047,2.592983],[-72.785152,2.586003],[-72.768903,2.578964],[-72.762036,2.57382],[-72.754823,2.570477],[-72.745382,2.568934],[-72.732534,2.573501],[-72.720494,2.582737],[-72.713285,2.59577],[-72.707791,2.608288],[-72.69938,2.621493],[-72.682729,2.622693],[-72.670541,2.615662],[-72.662674,2.602427],[-72.662163,2.587082],[-72.660653,2.581409],[-72.651017,2.571703],[-72.646165,2.573648],[-72.642217,2.58308],[-72.646233,2.597678],[-72.64555,2.602951],[-72.641294,2.611564],[-72.634654,2.614644],[-72.621994,2.624823],[-72.612348,2.625265],[-72.603304,2.620744],[-72.59774,2.614813],[-72.594034,2.606168],[-72.593519,2.596737],[-72.596952,2.588848],[-72.593519,2.58216],[-72.583906,2.584733],[-72.578584,2.592964],[-72.580988,2.59708],[-72.581159,2.609084],[-72.589399,2.626746],[-72.589227,2.633091],[-72.583906,2.645609],[-72.580816,2.649039],[-72.575666,2.64921],[-72.560388,2.646809],[-72.556612,2.648867],[-72.553694,2.655383],[-72.558157,2.661728],[-72.567083,2.663786],[-72.571375,2.669273],[-72.570345,2.675103],[-72.566225,2.680247],[-72.542753,2.679875],[-72.535371,2.682961],[-72.535371,2.68862],[-72.53799,2.699966],[-72.535012,2.702578],[-72.520265,2.700451],[-72.508421,2.690677],[-72.494859,2.687419],[-72.48353,2.686219],[-72.470312,2.688963],[-72.46499,2.69685],[-72.463274,2.703195],[-72.463445,2.713826],[-72.46602,2.721542],[-72.471513,2.73063],[-72.466535,2.733888],[-72.443533,2.733545],[-72.435309,2.739858],[-72.431163,2.738855],[-72.418406,2.731311],[-72.411197,2.725481],[-72.405875,2.725481],[-72.389396,2.735769],[-72.372401,2.754802],[-72.366736,2.766633],[-72.357467,2.780864],[-72.349055,2.786179],[-72.335837,2.789951],[-72.320216,2.79921],[-72.315066,2.800067],[-72.304766,2.795266],[-72.30099,2.781721],[-72.296355,2.774863],[-72.286055,2.773148],[-72.271808,2.779149],[-72.265456,2.789608],[-72.264941,2.79801],[-72.271464,2.810697],[-72.267344,2.819442],[-72.258246,2.824071],[-72.247088,2.819442],[-72.241767,2.806925],[-72.23556,2.800598],[-72.231124,2.78978],[-72.227862,2.785665],[-72.214816,2.774005],[-72.202113,2.770062],[-72.191642,2.772462],[-72.185119,2.782407],[-72.18426,2.788579],[-72.186148,2.796981],[-72.192157,2.800582],[-72.20074,2.811555],[-72.205718,2.829214],[-72.207263,2.840016],[-72.206233,2.846531],[-72.207314,2.854475],[-72.200921,2.868125],[-72.194011,2.873131],[-72.186962,2.875178],[-72.17207,2.873913],[-72.154734,2.863676],[-72.149241,2.86299],[-72.143061,2.866247],[-72.140487,2.870362],[-72.137137,2.886317],[-72.135135,2.888545],[-72.123866,2.887225],[-72.113192,2.87722],[-72.103751,2.850303],[-72.103408,2.846531],[-72.098258,2.837444],[-72.092936,2.8323],[-72.079203,2.822185],[-72.072509,2.81927],[-72.057746,2.815841],[-72.049678,2.81567],[-72.043326,2.819442],[-72.021182,2.829043],[-72.004187,2.828529],[-71.997664,2.825614],[-71.99097,2.817213],[-71.984618,2.80281],[-71.97964,2.802982],[-71.964534,2.824928],[-71.958526,2.828529],[-71.944101,2.832378],[-71.938784,2.832643],[-71.92797,2.8287],[-71.91561,2.826985],[-71.887286,2.832643],[-71.874411,2.837787],[-71.851409,2.841559],[-71.835444,2.837273],[-71.828921,2.836587],[-71.824973,2.840187],[-71.819136,2.855446],[-71.82154,2.867619],[-71.828063,2.871562],[-71.833899,2.871734],[-71.849349,2.868133],[-71.849177,2.872419],[-71.8236,2.87842],[-71.816733,2.87842],[-71.800254,2.875506],[-71.792529,2.871734],[-71.787551,2.867105],[-71.784633,2.859904],[-71.785319,2.844474],[-71.789611,2.830415],[-71.787551,2.819442],[-71.780513,2.817213],[-71.770041,2.829043],[-71.762488,2.845674],[-71.759742,2.854246],[-71.759055,2.869676],[-71.767123,2.889221],[-71.763347,2.896593],[-71.753905,2.894879],[-71.740859,2.882363],[-71.732104,2.867105],[-71.726783,2.859732],[-71.71099,2.845674],[-71.701033,2.838987],[-71.692622,2.83933],[-71.683181,2.850303],[-71.682666,2.86539],[-71.677344,2.872762],[-71.670649,2.873791],[-71.659491,2.869848],[-71.657946,2.864533],[-71.659663,2.856132],[-71.666873,2.841559],[-71.672194,2.83693],[-71.673911,2.828871],[-71.670649,2.822699],[-71.652968,2.820642],[-71.646788,2.818413],[-71.634429,2.821156],[-71.628077,2.831272],[-71.625846,2.838301],[-71.60711,2.845801],[-71.600244,2.846058],[-71.586768,2.843058],[-71.579816,2.842801],[-71.572435,2.848801],[-71.574904,2.858904],[-71.583969,2.866481],[-71.584478,2.872115],[-71.579535,2.873326],[-71.556255,2.865903],[-71.548616,2.868154],[-71.539862,2.865732],[-71.534412,2.869461],[-71.530206,2.877947],[-71.523425,2.878805],[-71.49759,2.873833],[-71.491925,2.869375],[-71.486003,2.85926],[-71.480682,2.853688],[-71.473901,2.85163],[-71.46712,2.854202],[-71.463129,2.860224],[-71.463601,2.870832],[-71.46815,2.88472],[-71.467721,2.894663],[-71.461627,2.898692],[-71.458022,2.891577],[-71.445405,2.879833],[-71.432273,2.870832],[-71.416394,2.865946],[-71.404979,2.853688],[-71.393563,2.846487],[-71.387469,2.847258],[-71.383092,2.853259],[-71.378886,2.869975],[-71.383178,2.881119],[-71.382141,2.887433],[-71.376817,2.890463],[-71.368072,2.892006],[-71.359367,2.890116],[-71.357772,2.883177],[-71.357085,2.861489],[-71.349446,2.857974],[-71.345155,2.860031],[-71.338975,2.868689],[-71.333102,2.883569],[-71.32756,2.893206],[-71.328332,2.899635],[-71.331679,2.908979],[-71.331851,2.915665],[-71.325757,2.923722],[-71.318633,2.924837],[-71.307389,2.921151],[-71.303012,2.917379],[-71.300094,2.905378],[-71.29915,2.891663],[-71.300351,2.88772],[-71.29915,2.877347],[-71.294515,2.871433],[-71.28782,2.868175],[-71.280181,2.867404],[-71.274688,2.869118],[-71.267221,2.881205],[-71.260526,2.884291],[-71.253659,2.883691],[-71.250913,2.879833],[-71.248853,2.86406],[-71.244905,2.861317],[-71.224219,2.86526],[-71.219585,2.869375],[-71.212031,2.886348],[-71.202933,2.891149],[-71.192205,2.889691],[-71.188085,2.892434],[-71.184909,2.904178],[-71.176068,2.902292],[-71.170146,2.890463],[-71.158044,2.874861],[-71.153323,2.87229],[-71.1468,2.873576],[-71.139419,2.882234],[-71.139075,2.888748],[-71.141049,2.899806],[-71.136157,2.902207],[-71.126544,2.891492],[-71.122596,2.883605],[-71.117618,2.877347],[-71.111095,2.873233],[-71.098821,2.874176],[-71.095731,2.878205],[-71.080968,2.883519],[-71.077407,2.882144],[-71.077432,2.940604],[-71.077607,3.355821],[-71.077567,3.576606],[-71.07747,4.122797],[-71.077419,4.410902],[-71.077663,4.5957],[-71.07741,4.753137],[-71.077502,4.924638],[-71.082171,4.924336],[-71.081408,4.914288],[-71.099002,4.904834],[-71.103298,4.899559],[-71.104663,4.889124],[-71.111813,4.884904],[-71.118656,4.886702],[-71.127652,4.884584],[-71.132458,4.880119],[-71.140561,4.868858],[-71.156148,4.855719],[-71.163663,4.847262],[-71.17159,4.841579],[-71.178458,4.838453],[-71.195807,4.825284],[-71.207495,4.819818],[-71.213821,4.815632],[-71.232139,4.81587],[-71.245499,4.813478],[-71.259889,4.807158],[-71.266473,4.805716],[-71.282206,4.805867],[-71.297183,4.800598],[-71.303789,4.795823],[-71.312259,4.786082],[-71.319167,4.775321],[-71.32632,4.770856],[-71.346387,4.769081],[-71.351536,4.767305],[-71.356247,4.75623],[-71.377919,4.751392],[-71.385419,4.756633],[-71.390095,4.756656],[-71.398672,4.749618],[-71.40486,4.74181],[-71.420348,4.729929],[-71.424935,4.72495],[-71.437049,4.717881],[-71.46357,4.712453],[-71.474213,4.708356],[-71.48494,4.706939],[-71.49328,4.70157],[-71.509164,4.697672],[-71.514581,4.692752],[-71.517931,4.68532],[-71.524195,4.682125],[-71.532988,4.681401],[-71.541382,4.683896],[-71.554916,4.679317],[-71.562518,4.678944],[-71.576267,4.675631],[-71.579494,4.673157],[-71.586811,4.66222],[-71.592945,4.655306],[-71.597035,4.646435],[-71.60661,4.639306],[-71.615521,4.640306],[-71.63542,4.622543],[-71.649107,4.613962],[-71.66812,4.609595],[-71.683678,4.600636],[-71.718933,4.585789],[-71.72918,4.577412],[-71.73481,4.574919],[-71.747095,4.575021],[-71.768579,4.581017],[-71.775812,4.579911],[-71.789729,4.586494],[-71.801127,4.586043],[-71.808352,4.582736],[-71.820154,4.571422],[-71.827868,4.566433],[-71.831824,4.558474],[-71.834827,4.542688],[-71.84453,4.535311],[-71.851257,4.523402],[-71.866996,4.515053],[-71.884926,4.502324],[-71.893959,4.493839],[-71.896559,4.478783],[-71.90135,4.474404],[-71.903952,4.468839],[-71.918632,4.452589],[-71.931977,4.447368],[-71.933048,4.442651],[-71.938385,4.435807],[-71.956582,4.41986],[-71.955559,4.414456],[-71.959359,4.40967],[-71.96473,4.407573],[-71.974694,4.39325],[-71.986421,4.386742],[-72.012187,4.384838],[-72.021518,4.38635],[-72.034771,4.384457],[-72.043979,4.379124],[-72.055066,4.376267],[-72.062725,4.38052],[-72.066281,4.384508],[-72.070156,4.39551],[-72.069378,4.402647],[-72.073369,4.410323],[-72.084599,4.418767],[-72.108274,4.425957],[-72.114927,4.429559],[-72.122672,4.430533],[-72.140677,4.439592],[-72.160331,4.441182],[-72.17009,4.438354],[-72.179007,4.434312],[-72.198875,4.428642],[-72.209193,4.433477],[-72.218149,4.433016],[-72.237046,4.435206],[-72.247568,4.432574],[-72.252703,4.422235],[-72.257014,4.417758],[-72.27502,4.412995],[-72.288522,4.415493],[-72.297786,4.400306],[-72.30576,4.392417],[-72.313717,4.377074],[-72.322911,4.369311],[-72.330029,4.368244],[-72.338445,4.372696],[-72.344181,4.368991],[-72.345884,4.359005],[-72.35147,4.346462],[-72.360128,4.340279],[-72.375396,4.338829],[-72.388289,4.33341],[-72.394309,4.326248],[-72.401246,4.320372],[-72.408276,4.318757],[-72.416755,4.32167],[-72.417923,4.324684],[-72.415237,4.338297],[-72.415253,4.343792],[-72.419052,4.34895],[-72.429071,4.355001],[-72.433494,4.354402],[-72.445521,4.339167],[-72.452327,4.328601],[-72.470644,4.317331],[-72.477421,4.320872],[-72.486425,4.331106],[-72.491025,4.332818],[-72.505138,4.334523],[-72.512932,4.337808],[-72.522252,4.344216],[-72.530062,4.344428],[-72.540613,4.340726],[-72.561318,4.342774],[-72.572721,4.335834],[-72.57406,4.33174],[-72.561608,4.320066],[-72.561692,4.314238],[-72.564804,4.305897],[-72.57689,4.304564],[-72.584374,4.310991],[-72.593302,4.313469],[-72.598216,4.309253],[-72.604203,4.310225],[-72.610504,4.308423],[-72.618511,4.302062],[-72.629083,4.300543],[-72.650185,4.308468],[-72.664607,4.317128],[-72.675001,4.317153],[-72.684585,4.31384],[-72.687108,4.311261],[-72.68623,4.301861],[-72.691655,4.287569],[-72.696935,4.285997],[-72.701724,4.287735],[-72.708754,4.295571],[-72.715597,4.295986],[-72.724826,4.300301],[-72.733265,4.307025],[-72.741335,4.309145],[-72.740649,4.323295],[-72.748262,4.329466],[-72.762417,4.330492],[-72.768557,4.334026],[-72.768407,4.338],[-72.762747,4.343592],[-72.763597,4.348432],[-72.76797,4.350386],[-72.771811,4.347622],[-72.77647,4.348669],[-72.776785,4.355299],[-72.770124,4.353858],[-72.767474,4.361206],[-72.770664,4.367656],[-72.78097,4.370887],[-72.784552,4.374108],[-72.79877,4.374604],[-72.800174,4.382307],[-72.790213,4.387797],[-72.78502,4.388685],[-72.78369,4.395645],[-72.785459,4.400137],[-72.789987,4.400663],[-72.80268,4.387564],[-72.809039,4.390165],[-72.805113,4.398438],[-72.805025,4.402713],[-72.81468,4.41066],[-72.81612,4.415194],[-72.809799,4.425503],[-72.809903,4.42879],[-72.818851,4.435883],[-72.827194,4.430628],[-72.844581,4.431726],[-72.843403,4.442473],[-72.847013,4.446335],[-72.860889,4.452892],[-72.870908,4.455064],[-72.874795,4.462206],[-72.879649,4.466543],[-72.890317,4.472705],[-72.895525,4.478583],[-72.898642,4.488631],[-72.906391,4.496325],[-72.909533,4.503811],[-72.9164,4.512627],[-72.922703,4.515284],[-72.927855,4.520701],[-72.932135,4.533829],[-72.939861,4.5442],[-72.944728,4.548523],[-72.948215,4.555665],[-72.962635,4.575599],[-72.96463,4.583888],[-72.970517,4.596501],[-72.982138,4.6101],[-72.998239,4.619965],[-73.004938,4.626996],[-73.007283,4.631719],[-73.017936,4.641576],[-73.028066,4.656323],[-73.037459,4.664739],[-73.041215,4.681731],[-73.046309,4.690363],[-73.049121,4.691344],[-73.054145,4.700587],[-73.051739,4.718661],[-73.049219,4.731154],[-73.050834,4.737208],[-73.052605,4.73574],[-73.073695,4.595488],[-73.093004,4.467057],[-73.124143,4.259784],[-73.136496,4.215147],[-73.142289,4.216705],[-73.145089,4.223661],[-73.168736,4.239711],[-73.17226,4.246276],[-73.176999,4.246084],[-73.185563,4.257564],[-73.190992,4.258663],[-73.192001,4.263434],[-73.200384,4.269698],[-73.203487,4.273798],[-73.216251,4.277528],[-73.222525,4.281522],[-73.252753,4.289659],[-73.26377,4.291085],[-73.268129,4.288903],[-73.274022,4.28981],[-73.287724,4.296641],[-73.298613,4.298582],[-73.313471,4.303356],[-73.320133,4.304263],[-73.328456,4.309416],[-73.350996,4.321143],[-73.365862,4.318585],[-73.378546,4.319497],[-73.398025,4.316942],[-73.416354,4.310655],[-73.422893,4.305645],[-73.431607,4.30398],[-73.442809,4.289596],[-73.455498,4.286718],[-73.464895,4.279184],[-73.473796,4.278948],[-73.486608,4.286117],[-73.498166,4.285799],[-73.515978,4.292207],[-73.527979,4.29426],[-73.544865,4.304724],[-73.548857,4.308474],[-73.550231,4.314955],[-73.548533,4.324547],[-73.548817,4.332041],[-73.553242,4.338554],[-73.553473,4.348876],[-73.556866,4.35646],[-73.571782,4.373696],[-73.57164,4.383428],[-73.57572,4.397949],[-73.575019,4.410985],[-73.573042,4.41679],[-73.574798,4.422539],[-73.588825,4.435673],[-73.591883,4.444691],[-73.600198,4.453448],[-73.604132,4.461522],[-73.600658,4.464139],[-73.601746,4.470666],[-73.59798,4.475938],[-73.600662,4.488247],[-73.597618,4.492109],[-73.586047,4.495529],[-73.580607,4.500969],[-73.576172,4.514442],[-73.571653,4.522559],[-73.567267,4.525255],[-73.572155,4.530384],[-73.579519,4.5421],[-73.585377,4.545029],[-73.600273,4.546619],[-73.610918,4.55631],[-73.619879,4.560078],[-73.631812,4.556027],[-73.644727,4.546686],[-73.651171,4.54836],[-73.663669,4.5433],[-73.672008,4.536518],[-73.679373,4.532752],[-73.685482,4.525974],[-73.686266,4.519159],[-73.691109,4.520223],[-73.702862,4.518805],[-73.712903,4.513371],[-73.726464,4.500236],[-73.73048,4.491022],[-73.737824,4.485525],[-73.733894,4.479381],[-73.73354,4.474715],[-73.738265,4.460835],[-73.740804,4.456759],[-73.758991,4.451323],[-73.76841,4.450717],[-73.77916,4.447646],[-73.785184,4.444457],[-73.79115,4.43731],[-73.796465,4.434947],[-73.806341,4.423005],[-73.811597,4.408239],[-73.810416,4.397549],[-73.8051,4.393414],[-73.80067,4.383964],[-73.792047,4.379298],[-73.793701,4.365708],[-73.792284,4.353836],[-73.785964,4.33913],[-73.78346,4.330784],[-73.78216,4.315428],[-73.784345,4.301601],[-73.778941,4.294675],[-73.770614,4.289847],[-73.762906,4.279488],[-73.75316,4.271396],[-73.744065,4.26608],[-73.751447,4.258875],[-73.758969,4.242226],[-73.763758,4.238388],[-73.756666,4.231327],[-73.754713,4.225507],[-73.754211,4.211619],[-73.746988,4.202063],[-73.741781,4.200225],[-73.749028,4.193705],[-73.767945,4.195503],[-73.785102,4.199093],[-73.795303,4.202093],[-73.802234,4.196954],[-73.810849,4.202315],[-73.815336,4.196407],[-73.819237,4.186006],[-73.81859,4.177628],[-73.822675,4.176166],[-73.829616,4.178401],[-73.84743,4.175986],[-73.851704,4.172974],[-73.859507,4.17264],[-73.867139,4.167082],[-73.872645,4.166371],[-73.879414,4.154977],[-73.886748,4.151955],[-73.896051,4.143472],[-73.901637,4.143606],[-73.913131,4.148865],[-73.918027,4.148847],[-73.921684,4.144609],[-73.926351,4.144593],[-73.934479,4.147688],[-73.937476,4.139142],[-73.943267,4.130452],[-73.945906,4.11957],[-73.954383,4.113401],[-73.971265,4.097089],[-73.974761,4.097954],[-73.975714,4.103854],[-73.984675,4.102594],[-73.986203,4.106738],[-73.99195,4.102322],[-73.999694,4.102703],[-74.002266,4.10544],[-74.012686,4.105461],[-74.024141,4.101911],[-74.028143,4.098038],[-74.035025,4.08568],[-74.037084,4.075653],[-74.034008,4.062396],[-74.037902,4.060687],[-74.054328,4.063631],[-74.06053,4.056477],[-74.064795,4.060903],[-74.071476,4.057488],[-74.077154,4.050453],[-74.076782,4.044083],[-74.080501,4.041109],[-74.087555,4.029309],[-74.100923,4.017072],[-74.103387,4.011646],[-74.1241,4.009004],[-74.126275,4.002082],[-74.130314,4.000428],[-74.143841,4.003156],[-74.153388,4.003192],[-74.155764,4.012305],[-74.164371,4.01776],[-74.169757,4.015816],[-74.176359,4.016432],[-74.181657,4.010069],[-74.18513,4.008987],[-74.198848,4.015303],[-74.206484,4.014315],[-74.215911,4.00991],[-74.221924,4.000722],[-74.227845,3.995158],[-74.232377,3.987149],[-74.234034,3.97638],[-74.238468,3.970396],[-74.24109,3.962372],[-74.252815,3.948794],[-74.26056,3.948551],[-74.257777,3.942275],[-74.257096,3.93045],[-74.261225,3.928196],[-74.27172,3.926025],[-74.274359,3.922392],[-74.276117,3.910558],[-74.283602,3.897934],[-74.292899,3.887669],[-74.30137,3.883588],[-74.312623,3.885463],[-74.318962,3.878832],[-74.318732,3.874038],[-74.314053,3.870966],[-74.312099,3.864558],[-74.30457,3.852025],[-74.306967,3.841327],[-74.29863,3.837537],[-74.294509,3.832358],[-74.295068,3.822802],[-74.297962,3.817775],[-74.309732,3.817671],[-74.314823,3.827922],[-74.320228,3.826648],[-74.327328,3.817784],[-74.333173,3.822777],[-74.337867,3.822341],[-74.336763,3.813389],[-74.343891,3.811869],[-74.354038,3.807173],[-74.354787,3.800781],[-74.35981,3.793119],[-74.371963,3.784534],[-74.37671,3.782367],[-74.378653,3.777404],[-74.388561,3.772589],[-74.393774,3.767972],[-74.387857,3.759396],[-74.387835,3.753665],[-74.392404,3.751617],[-74.399004,3.752129],[-74.400026,3.739527],[-74.408459,3.737764],[-74.415983,3.740727],[-74.412844,3.73382],[-74.419008,3.720391],[-74.429284,3.705754],[-74.437506,3.698177],[-74.454638,3.688874],[-74.460461,3.682674],[-74.462856,3.674754],[-74.467651,3.667522],[-74.482384,3.661662],[-74.493002,3.647886],[-74.502593,3.640651],[-74.51218,3.623432],[-74.517995,3.600018],[-74.528607,3.5797],[-74.535107,3.55835],[-74.546066,3.545951],[-74.553941,3.534585],[-74.561817,3.525629],[-74.571068,3.524936],[-74.584775,3.527683],[-74.592995,3.521826],[-74.602925,3.50977],[-74.616959,3.485662],[-74.625861,3.474984],[-74.634423,3.469126],[-74.632021,3.46293],[-74.61797,3.456053],[-74.613512,3.448825],[-74.611108,3.438154],[-74.615212,3.425069],[-74.612809,3.415602],[-74.613491,3.411126],[-74.620679,3.399761],[-74.626154,3.388052],[-74.633342,3.376342],[-74.637447,3.365667],[-74.637443,3.35947],[-74.635042,3.353618],[-74.620304,3.340888],[-74.615504,3.332628],[-74.6155,3.326087],[-74.61995,3.319887],[-74.628509,3.311275],[-74.630214,3.29647],[-74.623016,3.2889],[-74.623698,3.283391],[-74.634655,3.274089],[-74.650058,3.254112],[-74.660666,3.235514],[-74.665454,3.223117],[-74.670237,3.200736],[-74.682821,3.186052],[-74.693859,3.181098],[-74.713382,3.181086],[-74.715093,3.178675],[-74.715088,3.169379],[-74.721587,3.155948],[-74.725003,3.140798],[-74.740407,3.128738],[-74.754439,3.111688],[-74.75854,3.098947],[-74.764701,3.09309],[-74.774972,3.088263],[-74.783535,3.088602],[-74.789355,3.086877],[-74.787633,3.07173],[-74.792078,3.061398],[-74.810224,3.054501],[-74.819808,3.047264],[-74.826649,3.034177],[-74.841015,3.009724],[-74.852991,2.996289],[-74.86805,2.985605],[-74.878315,2.974237],[-74.891656,2.963674],[-74.902603,2.940137],[-74.918001,2.925666],[-74.925861,2.914709],[-74.933928,2.906682]]]},"properties":{"shapeName":"Meta"}},{"type":"Feature","geometry":{"type":"Polygon","coordinates":[[[-74.733863,5.286303],[-74.73025,5.279432],[-74.72698,5.268003],[-74.726965,5.253169],[-74.723555,5.238611],[-74.729243,5.233867],[-74.731333,5.221392],[-74.728872,5.214017],[-74.732986,5.210235],[-74.733943,5.203647],[-74.720708,5.199093],[-74.714713,5.18862],[-74.714703,5.17905],[-74.718921,5.164224],[-74.73049,5.150321],[-74.729484,5.127761],[-74.722121,5.122937],[-74.719226,5.118724],[-74.71666,5.093254],[-74.72262,5.087671],[-74.729343,5.074708],[-74.730038,5.066772],[-74.72696,5.056001],[-74.729046,5.039661],[-74.733679,5.030434],[-74.737703,5.02595],[-74.742683,5.012945],[-74.742148,5.003372],[-74.7361,4.998986],[-74.726464,4.998205],[-74.717876,4.993558],[-74.707883,4.984872],[-74.709103,4.977668],[-74.713149,4.974246],[-74.731524,4.978015],[-74.746018,4.964264],[-74.749401,4.958018],[-74.750377,4.951212],[-74.738755,4.939272],[-74.733935,4.935676],[-74.732527,4.928914],[-74.73418,4.91723],[-74.739778,4.910285],[-74.739754,4.90318],[-74.733648,4.900395],[-74.731785,4.892757],[-74.737196,4.883374],[-74.751666,4.888402],[-74.755165,4.884973],[-74.752001,4.873821],[-74.752995,4.863719],[-74.760209,4.852327],[-74.768523,4.845257],[-74.767816,4.838582],[-74.762469,4.833845],[-74.749033,4.828936],[-74.74477,4.823521],[-74.746499,4.812818],[-74.744379,4.803856],[-74.743692,4.79381],[-74.744956,4.787909],[-74.750036,4.783923],[-74.759553,4.780925],[-74.769651,4.774181],[-74.777594,4.760314],[-74.774035,4.754341],[-74.777095,4.750297],[-74.794422,4.747392],[-74.805202,4.740712],[-74.814378,4.736381],[-74.819793,4.724341],[-74.818034,4.716614],[-74.813812,4.712015],[-74.802875,4.703806],[-74.803554,4.687674],[-74.808626,4.677712],[-74.806865,4.66814],[-74.79513,4.663848],[-74.787155,4.655424],[-74.786858,4.647534],[-74.795439,4.643547],[-74.799047,4.639675],[-74.799574,4.630467],[-74.805912,4.623187],[-74.811667,4.620145],[-74.816785,4.612941],[-74.814387,4.606993],[-74.809113,4.603718],[-74.798974,4.600177],[-74.795564,4.596276],[-74.796633,4.588259],[-74.805936,4.590583],[-74.811051,4.589644],[-74.814768,4.585674],[-74.812433,4.576809],[-74.805453,4.573316],[-74.804983,4.567483],[-74.808595,4.562384],[-74.807991,4.553246],[-74.80194,4.547186],[-74.805184,4.535749],[-74.798433,4.528055],[-74.791191,4.513263],[-74.786502,4.505861],[-74.795141,4.499898],[-74.80106,4.484596],[-74.804161,4.461196],[-74.809223,4.451177],[-74.815201,4.446231],[-74.82866,4.446941],[-74.832503,4.445249],[-74.834243,4.434793],[-74.830799,4.423543],[-74.83518,4.412789],[-74.833205,4.405787],[-74.837897,4.398106],[-74.840291,4.379471],[-74.849413,4.372379],[-74.854894,4.365121],[-74.852364,4.356186],[-74.855859,4.343851],[-74.855977,4.335335],[-74.865332,4.332337],[-74.873949,4.325526],[-74.877861,4.319323],[-74.883558,4.317557],[-74.885179,4.311466],[-74.874152,4.305092],[-74.882883,4.300631],[-74.890666,4.290325],[-74.885865,4.282459],[-74.879062,4.266349],[-74.868951,4.266771],[-74.863168,4.269945],[-74.856503,4.268808],[-74.835876,4.2754],[-74.831144,4.277899],[-74.825865,4.284857],[-74.813686,4.293878],[-74.811191,4.293996],[-74.8073,4.285966],[-74.797726,4.28767],[-74.779178,4.283707],[-74.777128,4.282223],[-74.777325,4.271937],[-74.781717,4.265039],[-74.772357,4.266159],[-74.765653,4.259762],[-74.767401,4.252506],[-74.751264,4.258982],[-74.744828,4.24589],[-74.740533,4.242484],[-74.733772,4.247498],[-74.722292,4.231313],[-74.718246,4.23455],[-74.711242,4.232861],[-74.705555,4.228931],[-74.707575,4.224528],[-74.702178,4.221313],[-74.704199,4.214654],[-74.69906,4.21132],[-74.692176,4.210442],[-74.683535,4.207174],[-74.681532,4.202649],[-74.676386,4.207306],[-74.670074,4.208608],[-74.663297,4.214056],[-74.657475,4.215296],[-74.654439,4.209661],[-74.655485,4.199771],[-74.652909,4.1994],[-74.647475,4.205719],[-74.64,4.210526],[-74.640425,4.215352],[-74.633479,4.223056],[-74.627052,4.223048],[-74.62228,4.228698],[-74.622179,4.234282],[-74.619195,4.236943],[-74.619739,4.251809],[-74.614405,4.255161],[-74.602349,4.260018],[-74.595722,4.261507],[-74.588635,4.26737],[-74.580594,4.268025],[-74.56566,4.272478],[-74.561113,4.271138],[-74.544827,4.259585],[-74.54309,4.25189],[-74.53415,4.245493],[-74.520502,4.239596],[-74.517347,4.234349],[-74.512933,4.220022],[-74.513616,4.210972],[-74.508654,4.203182],[-74.507171,4.197986],[-74.500902,4.194508],[-74.500963,4.1875],[-74.494886,4.183536],[-74.486712,4.181023],[-74.481984,4.175024],[-74.484237,4.158796],[-74.48092,4.147735],[-74.481807,4.140744],[-74.475535,4.131819],[-74.475821,4.114064],[-74.48366,4.105255],[-74.486758,4.095469],[-74.49929,4.08502],[-74.507916,4.079173],[-74.508577,4.075832],[-74.517212,4.066303],[-74.51724,4.060094],[-74.524716,4.052691],[-74.528343,4.044277],[-74.530044,4.036147],[-74.529089,4.028801],[-74.524134,4.022157],[-74.52517,4.013464],[-74.529571,3.999589],[-74.532401,3.997103],[-74.533597,3.98929],[-74.531744,3.984004],[-74.53152,3.969841],[-74.527158,3.961934],[-74.515452,3.956151],[-74.51213,3.951417],[-74.512821,3.935452],[-74.515437,3.929136],[-74.514125,3.925102],[-74.522505,3.91694],[-74.525464,3.897422],[-74.525456,3.882818],[-74.530081,3.87536],[-74.530849,3.86901],[-74.535161,3.858276],[-74.537773,3.855198],[-74.53943,3.844847],[-74.532168,3.839983],[-74.527866,3.829727],[-74.523326,3.827043],[-74.512671,3.82439],[-74.491371,3.825368],[-74.479717,3.825029],[-74.458405,3.817149],[-74.451071,3.810429],[-74.447449,3.802855],[-74.451595,3.787858],[-74.459867,3.774103],[-74.461178,3.760285],[-74.456861,3.745922],[-74.45726,3.73463],[-74.454118,3.728224],[-74.447537,3.725614],[-74.441472,3.728441],[-74.450776,3.738726],[-74.451665,3.746783],[-74.450417,3.752511],[-74.446668,3.757802],[-74.434397,3.764612],[-74.432619,3.777003],[-74.428795,3.782149],[-74.421664,3.786807],[-74.412946,3.798542],[-74.407078,3.809759],[-74.400182,3.817189],[-74.396636,3.823258],[-74.392777,3.834415],[-74.391662,3.845448],[-74.388636,3.860795],[-74.380501,3.872874],[-74.372869,3.88083],[-74.37022,3.889512],[-74.364876,3.897547],[-74.359823,3.914475],[-74.356322,3.929738],[-74.354946,3.951783],[-74.356206,3.969924],[-74.362904,3.979525],[-74.374057,3.986088],[-74.372208,3.991223],[-74.363185,4.007191],[-74.361796,4.013686],[-74.365138,4.036371],[-74.35878,4.048442],[-74.3528,4.052926],[-74.35084,4.056973],[-74.349573,4.072145],[-74.343806,4.094581],[-74.338671,4.105766],[-74.335273,4.109094],[-74.328669,4.129746],[-74.32191,4.127538],[-74.314476,4.122293],[-74.30164,4.108059],[-74.295291,4.103337],[-74.270002,4.099041],[-74.265613,4.091436],[-74.256566,4.089047],[-74.252911,4.104568],[-74.247974,4.117973],[-74.243562,4.137962],[-74.244798,4.14286],[-74.24278,4.153349],[-74.243283,4.158246],[-74.240923,4.169904],[-74.240633,4.186842],[-74.244756,4.191302],[-74.243591,4.19822],[-74.237858,4.196274],[-74.235692,4.200165],[-74.231688,4.217046],[-74.228077,4.222586],[-74.221232,4.226675],[-74.218272,4.234463],[-74.209705,4.241059],[-74.204525,4.24043],[-74.204528,4.254611],[-74.205941,4.25981],[-74.204687,4.269107],[-74.21599,4.284389],[-74.216462,4.289273],[-74.214739,4.308496],[-74.216182,4.314168],[-74.218719,4.335004],[-74.220289,4.339576],[-74.219144,4.362856],[-74.217262,4.37231],[-74.216479,4.38397],[-74.212085,4.388383],[-74.209733,4.404612],[-74.201573,4.423364],[-74.195138,4.42951],[-74.189803,4.449207],[-74.187449,4.452673],[-74.185253,4.462443],[-74.179602,4.470007],[-74.169555,4.479777],[-74.166103,4.49128],[-74.160609,4.503098],[-74.161238,4.511764],[-74.17223,4.522792],[-74.179452,4.523421],[-74.179768,4.532402],[-74.177885,4.542644],[-74.180085,4.556667],[-74.177633,4.563568],[-74.175547,4.575419],[-74.17967,4.578388],[-74.183538,4.596234],[-74.204026,4.600802],[-74.219921,4.617637],[-74.223504,4.626334],[-74.214401,4.640881],[-74.207787,4.640551],[-74.207185,4.645892],[-74.202713,4.646752],[-74.191718,4.654802],[-74.187287,4.65172],[-74.180175,4.65256],[-74.172082,4.657254],[-74.164014,4.65842],[-74.16039,4.666865],[-74.169806,4.668971],[-74.174912,4.67701],[-74.173903,4.681876],[-74.167573,4.687821],[-74.17026,4.690047],[-74.173938,4.700613],[-74.171033,4.70476],[-74.172208,4.711469],[-74.169289,4.715276],[-74.160449,4.720109],[-74.159891,4.723231],[-74.151179,4.722675],[-74.149162,4.725412],[-74.13706,4.730673],[-74.125917,4.729676],[-74.129568,4.738834],[-74.128919,4.746334],[-74.120118,4.754388],[-74.120918,4.760608],[-74.116546,4.762022],[-74.113837,4.778073],[-74.114926,4.785364],[-74.107979,4.788695],[-74.105517,4.796449],[-74.09563,4.799028],[-74.09332,4.7909],[-74.087612,4.79559],[-74.088398,4.803465],[-74.080494,4.807939],[-74.087259,4.816454],[-74.086631,4.820947],[-74.08096,4.826081],[-74.086604,4.832405],[-74.074695,4.8369],[-74.071817,4.834626],[-74.065369,4.835583],[-74.06095,4.828215],[-74.049727,4.830637],[-74.035504,4.828241],[-74.030512,4.823038],[-74.010151,4.820848],[-74.004587,4.816516],[-74.005196,4.810673],[-74.000638,4.807421],[-74.000031,4.803357],[-74.012894,4.796653],[-74.015831,4.792895],[-74.016095,4.779462],[-74.018074,4.768049],[-74.017681,4.760421],[-74.009567,4.756696],[-74.007228,4.741385],[-74.008648,4.718628],[-74.010674,4.713447],[-74.014219,4.697192],[-74.011284,4.690893],[-74.010575,4.684188],[-74.003184,4.678091],[-74.007236,4.666205],[-74.010447,4.663275],[-74.017493,4.661745],[-74.022783,4.662854],[-74.026013,4.660224],[-74.027387,4.651734],[-74.031445,4.644718],[-74.031406,4.635527],[-74.015131,4.635807],[-74.010795,4.626846],[-74.004935,4.62383],[-73.997469,4.614929],[-73.999243,4.606974],[-73.998231,4.599761],[-74.004616,4.580562],[-74.006548,4.566272],[-74.006066,4.562033],[-74.019703,4.558885],[-74.026099,4.559249],[-74.029719,4.556464],[-74.029237,4.549803],[-74.032375,4.539994],[-74.036237,4.535029],[-74.039375,4.52631],[-74.041548,4.515168],[-74.044806,4.512262],[-74.055667,4.508629],[-74.059649,4.51093],[-74.073044,4.51081],[-74.072682,4.501363],[-74.073647,4.484167],[-74.075819,4.465274],[-74.07822,4.46268],[-74.086019,4.461224],[-74.100864,4.453557],[-74.108214,4.445167],[-74.112393,4.432582],[-74.114841,4.399022],[-74.113544,4.38528],[-74.104753,4.379928],[-74.095673,4.369948],[-74.095529,4.36474],[-74.098123,4.356495],[-74.098987,4.347092],[-74.108209,4.326841],[-74.114549,4.318885],[-74.115125,4.313098],[-74.122474,4.308903],[-74.127544,4.302799],[-74.133909,4.288227],[-74.141104,4.276271],[-74.144905,4.266917],[-74.150754,4.256734],[-74.150336,4.250207],[-74.142808,4.237626],[-74.136115,4.230827],[-74.134665,4.221404],[-74.136227,4.208119],[-74.131427,4.199358],[-74.125771,4.193921],[-74.120124,4.182074],[-74.109297,4.182353],[-74.111023,4.178937],[-74.109193,4.169591],[-74.113987,4.156718],[-74.106636,4.138886],[-74.107037,4.135047],[-74.114828,4.130564],[-74.124534,4.127441],[-74.128427,4.12459],[-74.130711,4.113656],[-74.129261,4.10357],[-74.121303,4.09824],[-74.129846,4.08969],[-74.131896,4.077851],[-74.125251,4.064167],[-74.125303,4.056199],[-74.131271,4.039249],[-74.137864,4.028568],[-74.139909,4.022861],[-74.138794,4.011998],[-74.143841,4.003156],[-74.130314,4.000428],[-74.126275,4.002082],[-74.1241,4.009004],[-74.103387,4.011646],[-74.100923,4.017072],[-74.087555,4.029309],[-74.080501,4.041109],[-74.076782,4.044083],[-74.077154,4.050453],[-74.071476,4.057488],[-74.064795,4.060903],[-74.06053,4.056477],[-74.054328,4.063631],[-74.037902,4.060687],[-74.034008,4.062396],[-74.037084,4.075653],[-74.035025,4.08568],[-74.028143,4.098038],[-74.024141,4.101911],[-74.012686,4.105461],[-74.002266,4.10544],[-73.999694,4.102703],[-73.99195,4.102322],[-73.986203,4.106738],[-73.984675,4.102594],[-73.975714,4.103854],[-73.974761,4.097954],[-73.971265,4.097089],[-73.954383,4.113401],[-73.945906,4.11957],[-73.943267,4.130452],[-73.937476,4.139142],[-73.934479,4.147688],[-73.926351,4.144593],[-73.921684,4.144609],[-73.918027,4.148847],[-73.913131,4.148865],[-73.901637,4.143606],[-73.896051,4.143472],[-73.886748,4.151955],[-73.879414,4.154977],[-73.872645,4.166371],[-73.867139,4.167082],[-73.859507,4.17264],[-73.851704,4.172974],[-73.84743,4.175986],[-73.829616,4.178401],[-73.822675,4.176166],[-73.81859,4.177628],[-73.819237,4.186006],[-73.815336,4.196407],[-73.810849,4.202315],[-73.802234,4.196954],[-73.795303,4.202093],[-73.785102,4.199093],[-73.767945,4.195503],[-73.749028,4.193705],[-73.741781,4.200225],[-73.746988,4.202063],[-73.754211,4.211619],[-73.754713,4.225507],[-73.756666,4.231327],[-73.763758,4.238388],[-73.758969,4.242226],[-73.751447,4.258875],[-73.744065,4.26608],[-73.75316,4.271396],[-73.762906,4.279488],[-73.770614,4.289847],[-73.778941,4.294675],[-73.784345,4.301601],[-73.78216,4.315428],[-73.78346,4.330784],[-73.785964,4.33913],[-73.792284,4.353836],[-73.793701,4.365708],[-73.792047,4.379298],[-73.80067,4.383964],[-73.8051,4.393414],[-73.810416,4.397549],[-73.811597,4.408239],[-73.806341,4.423005],[-73.796465,4.434947],[-73.79115,4.43731],[-73.785184,4.444457],[-73.77916,4.447646],[-73.76841,4.450717],[-73.758991,4.451323],[-73.740804,4.456759],[-73.738265,4.460835],[-73.73354,4.474715],[-73.733894,4.479381],[-73.737824,4.485525],[-73.73048,4.491022],[-73.726464,4.500236],[-73.712903,4.513371],[-73.702862,4.518805],[-73.691109,4.520223],[-73.686266,4.519159],[-73.685482,4.525974],[-73.679373,4.532752],[-73.672008,4.536518],[-73.663669,4.5433],[-73.651171,4.54836],[-73.644727,4.546686],[-73.631812,4.556027],[-73.619879,4.560078],[-73.610918,4.55631],[-73.600273,4.546619],[-73.585377,4.545029],[-73.579519,4.5421],[-73.572155,4.530384],[-73.567267,4.525255],[-73.571653,4.522559],[-73.576172,4.514442],[-73.580607,4.500969],[-73.586047,4.495529],[-73.597618,4.492109],[-73.600662,4.488247],[-73.59798,4.475938],[-73.601746,4.470666],[-73.600658,4.464139],[-73.604132,4.461522],[-73.600198,4.453448],[-73.591883,4.444691],[-73.588825,4.435673],[-73.574798,4.422539],[-73.573042,4.41679],[-73.575019,4.410985],[-73.57572,4.397949],[-73.57164,4.383428],[-73.571782,4.373696],[-73.556866,4.35646],[-73.553473,4.348876],[-73.553242,4.338554],[-73.548817,4.332041],[-73.548533,4.324547],[-73.550231,4.314955],[-73.548857,4.308474],[-73.544865,4.304724],[-73.527979,4.29426],[-73.515978,4.292207],[-73.498166,4.285799],[-73.486608,4.286117],[-73.473796,4.278948],[-73.464895,4.279184],[-73.455498,4.286718],[-73.442809,4.289596],[-73.431607,4.30398],[-73.422893,4.305645],[-73.416354,4.310655],[-73.398025,4.316942],[-73.378546,4.319497],[-73.365862,4.318585],[-73.350996,4.321143],[-73.328456,4.309416],[-73.320133,4.304263],[-73.313471,4.303356],[-73.298613,4.298582],[-73.287724,4.296641],[-73.274022,4.28981],[-73.268129,4.288903],[-73.26377,4.291085],[-73.252753,4.289659],[-73.222525,4.281522],[-73.216251,4.277528],[-73.203487,4.273798],[-73.200384,4.269698],[-73.192001,4.263434],[-73.190992,4.258663],[-73.185563,4.257564],[-73.176999,4.246084],[-73.17226,4.246276],[-73.168736,4.239711],[-73.145089,4.223661],[-73.142289,4.216705],[-73.136496,4.215147],[-73.124143,4.259784],[-73.093004,4.467057],[-73.073695,4.595488],[-73.052605,4.73574],[-73.050834,4.737208],[-73.058193,4.735983],[-73.066516,4.740741],[-73.070533,4.740177],[-73.075482,4.730292],[-73.076547,4.724918],[-73.074008,4.71754],[-73.079314,4.707663],[-73.084107,4.694792],[-73.090254,4.690552],[-73.090272,4.680314],[-73.102287,4.662667],[-73.10638,4.660222],[-73.111438,4.661429],[-73.119117,4.670039],[-73.135559,4.663527],[-73.144706,4.656905],[-73.152377,4.656969],[-73.158837,4.66169],[-73.187451,4.671596],[-73.194806,4.67316],[-73.205378,4.679426],[-73.215212,4.677539],[-73.223506,4.679351],[-73.233227,4.694094],[-73.233278,4.696981],[-73.226707,4.716254],[-73.221787,4.722448],[-73.220519,4.727531],[-73.225041,4.732766],[-73.235305,4.735798],[-73.245652,4.734177],[-73.265955,4.739793],[-73.270571,4.738716],[-73.283249,4.723712],[-73.291787,4.724367],[-73.303379,4.72952],[-73.30846,4.73581],[-73.305693,4.744793],[-73.308737,4.748992],[-73.313297,4.767673],[-73.325293,4.78176],[-73.336186,4.789318],[-73.343947,4.792774],[-73.358931,4.796035],[-73.369552,4.800195],[-73.371207,4.808579],[-73.365763,4.822864],[-73.375316,4.833966],[-73.376393,4.841544],[-73.381402,4.846694],[-73.390395,4.849447],[-73.392973,4.853416],[-73.393855,4.864277],[-73.400114,4.876217],[-73.40441,4.879804],[-73.425274,4.879809],[-73.431983,4.882377],[-73.445026,4.889957],[-73.452035,4.882395],[-73.465167,4.89274],[-73.474008,4.893236],[-73.488779,4.885031],[-73.50533,4.881873],[-73.51961,4.877898],[-73.52236,4.888071],[-73.526818,4.891898],[-73.536182,4.893935],[-73.539507,4.897889],[-73.541876,4.911473],[-73.546669,4.921613],[-73.54723,4.929831],[-73.544867,4.943743],[-73.541372,4.951388],[-73.533223,4.955418],[-73.530531,4.961388],[-73.520144,4.977369],[-73.515337,4.990397],[-73.510428,4.997735],[-73.515374,5.003875],[-73.522455,5.021238],[-73.521783,5.028573],[-73.515644,5.035754],[-73.499451,5.039706],[-73.487594,5.049982],[-73.479847,5.052696],[-73.479997,5.06293],[-73.483204,5.075869],[-73.484408,5.088606],[-73.489539,5.093489],[-73.491273,5.101296],[-73.494324,5.106318],[-73.491367,5.113555],[-73.490994,5.127771],[-73.48693,5.138471],[-73.477867,5.147541],[-73.485492,5.154217],[-73.499259,5.152637],[-73.505347,5.153615],[-73.510722,5.161937],[-73.510146,5.169792],[-73.511765,5.173316],[-73.507159,5.185101],[-73.516343,5.192465],[-73.522019,5.193108],[-73.521604,5.203812],[-73.524094,5.213018],[-73.523677,5.218201],[-73.518611,5.225895],[-73.517743,5.23098],[-73.522253,5.233519],[-73.52474,5.245136],[-73.526818,5.247288],[-73.526818,5.259286],[-73.529789,5.262922],[-73.533359,5.272615],[-73.531543,5.276807],[-73.536565,5.285107],[-73.54318,5.288798],[-73.549629,5.299488],[-73.566577,5.306178],[-73.575622,5.302119],[-73.579038,5.302323],[-73.588779,5.308575],[-73.602464,5.320342],[-73.59461,5.329137],[-73.595869,5.337144],[-73.59431,5.35131],[-73.59987,5.365895],[-73.598118,5.37812],[-73.589988,5.390139],[-73.593576,5.399768],[-73.601717,5.402352],[-73.616404,5.403473],[-73.627603,5.406756],[-73.63976,5.413635],[-73.648783,5.416697],[-73.657091,5.417425],[-73.664937,5.425962],[-73.674462,5.431076],[-73.678245,5.434686],[-73.674939,5.443649],[-73.678747,5.453481],[-73.681961,5.454029],[-73.690713,5.447382],[-73.699985,5.456552],[-73.711326,5.457372],[-73.716005,5.455473],[-73.718924,5.460381],[-73.716994,5.472623],[-73.719067,5.477236],[-73.725653,5.479049],[-73.729895,5.477785],[-73.736125,5.472273],[-73.742894,5.469293],[-73.746583,5.48946],[-73.760211,5.485127],[-73.769415,5.487393],[-73.781511,5.499201],[-73.786474,5.509763],[-73.790865,5.531411],[-73.789201,5.550021],[-73.794467,5.552695],[-73.800219,5.558932],[-73.804723,5.573583],[-73.811701,5.562247],[-73.82028,5.554806],[-73.831796,5.553803],[-73.835841,5.55022],[-73.849375,5.544927],[-73.853578,5.536201],[-73.858557,5.532619],[-73.866955,5.533713],[-73.874802,5.526554],[-73.880489,5.525146],[-73.889825,5.512993],[-73.894489,5.521254],[-73.900708,5.529048],[-73.908485,5.526245],[-73.910664,5.520636],[-73.910511,5.510973],[-73.907246,5.50879],[-73.907752,5.500942],[-73.9021,5.488307],[-73.903692,5.480289],[-73.901732,5.476177],[-73.901809,5.464591],[-73.897648,5.453985],[-73.899288,5.44947],[-73.905165,5.446889],[-73.912109,5.433478],[-73.916203,5.434316],[-73.927326,5.441003],[-73.935258,5.439135],[-73.942412,5.43415],[-73.946613,5.425423],[-73.951555,5.4236],[-73.963617,5.422375],[-73.971307,5.419803],[-73.975258,5.41656],[-73.981281,5.403132],[-73.983607,5.389143],[-73.986882,5.385821],[-73.987537,5.379363],[-73.99171,5.374638],[-73.998724,5.370801],[-73.999929,5.367742],[-74.00982,5.368613],[-74.02022,5.365263],[-74.023498,5.367035],[-74.023581,5.373567],[-74.020655,5.385123],[-74.023245,5.388472],[-74.030515,5.388138],[-74.049592,5.403201],[-74.068395,5.405423],[-74.077508,5.413534],[-74.091048,5.429386],[-74.095965,5.437845],[-74.096875,5.469922],[-74.113563,5.471478],[-74.113231,5.464421],[-74.119029,5.451304],[-74.122093,5.435447],[-74.125075,5.43279],[-74.135597,5.437189],[-74.139657,5.446072],[-74.144012,5.448656],[-74.150183,5.44471],[-74.160376,5.448412],[-74.16853,5.45781],[-74.176005,5.461611],[-74.178179,5.467968],[-74.187012,5.474559],[-74.192242,5.487563],[-74.196569,5.494245],[-74.201436,5.497044],[-74.211441,5.497313],[-74.219912,5.495775],[-74.225409,5.492433],[-74.236671,5.477618],[-74.244872,5.475358],[-74.247216,5.476712],[-74.25479,5.48818],[-74.254252,5.49983],[-74.249747,5.503715],[-74.245965,5.517444],[-74.247501,5.531171],[-74.242366,5.539481],[-74.24372,5.54517],[-74.248858,5.547968],[-74.251745,5.55438],[-74.261932,5.561601],[-74.272298,5.561056],[-74.288562,5.568456],[-74.293994,5.572863],[-74.297896,5.578658],[-74.30111,5.587679],[-74.307786,5.614949],[-74.314799,5.623072],[-74.30954,5.630087],[-74.307045,5.637136],[-74.306824,5.646506],[-74.292278,5.661708],[-74.282209,5.667184],[-74.280239,5.681021],[-74.277273,5.692348],[-74.278049,5.697733],[-74.291399,5.701785],[-74.298795,5.710199],[-74.301233,5.717563],[-74.300119,5.727013],[-74.290362,5.739553],[-74.289177,5.747861],[-74.291996,5.754701],[-74.309997,5.777317],[-74.310138,5.784744],[-74.302551,5.794684],[-74.305654,5.800389],[-74.314952,5.800462],[-74.318594,5.803256],[-74.320671,5.814319],[-74.325866,5.824281],[-74.333549,5.827678],[-74.335848,5.836703],[-74.344383,5.831158],[-74.345209,5.823753],[-74.356576,5.811769],[-74.365693,5.805309],[-74.379917,5.792541],[-74.384713,5.783773],[-74.39556,5.782887],[-74.410035,5.774451],[-74.412892,5.767004],[-74.421832,5.767909],[-74.427613,5.762714],[-74.436616,5.759354],[-74.438886,5.76639],[-74.444412,5.763917],[-74.462958,5.769247],[-74.463491,5.775983],[-74.47304,5.777179],[-74.486822,5.77158],[-74.489392,5.781288],[-74.496604,5.77819],[-74.508625,5.786644],[-74.504158,5.788792],[-74.507567,5.794378],[-74.514583,5.793248],[-74.521642,5.789086],[-74.531421,5.789861],[-74.539837,5.784091],[-74.539973,5.778765],[-74.549272,5.774322],[-74.55259,5.76446],[-74.562971,5.757507],[-74.569569,5.760453],[-74.572806,5.754685],[-74.581716,5.753214],[-74.593284,5.758605],[-74.592993,5.747937],[-74.604775,5.745945],[-74.606468,5.751143],[-74.613899,5.75465],[-74.617842,5.759285],[-74.623872,5.754655],[-74.629773,5.761382],[-74.639167,5.752799],[-74.640694,5.73889],[-74.647861,5.736349],[-74.650652,5.739141],[-74.650807,5.745759],[-74.653115,5.750784],[-74.659329,5.751369],[-74.662556,5.735943],[-74.661473,5.730083],[-74.655864,5.723484],[-74.644634,5.718597],[-74.637788,5.707678],[-74.630089,5.70324],[-74.623351,5.696533],[-74.624588,5.684274],[-74.630205,5.673744],[-74.635838,5.659217],[-74.63332,5.650071],[-74.632364,5.639188],[-74.629733,5.632349],[-74.631603,5.627707],[-74.636879,5.623062],[-74.6449,5.608621],[-74.642136,5.597241],[-74.644682,5.589009],[-74.648885,5.584171],[-74.652389,5.575803],[-74.650982,5.564398],[-74.645698,5.554079],[-74.641313,5.548659],[-74.640077,5.540674],[-74.64729,5.528841],[-74.652565,5.524298],[-74.668842,5.518169],[-74.6736,5.513528],[-74.673827,5.509711],[-74.667613,5.495256],[-74.667757,5.489002],[-74.664744,5.478077],[-74.66376,5.465742],[-74.658885,5.449779],[-74.652769,5.445975],[-74.656638,5.440792],[-74.671926,5.441437],[-74.676416,5.435588],[-74.672557,5.426108],[-74.666312,5.416549],[-74.66724,5.405026],[-74.681284,5.402334],[-74.684284,5.399322],[-74.682952,5.388303],[-74.677721,5.377524],[-74.680966,5.370784],[-74.691734,5.363431],[-74.696928,5.364567],[-74.704052,5.372369],[-74.706676,5.366052],[-74.69942,5.356307],[-74.700611,5.351786],[-74.705999,5.346388],[-74.70952,5.339249],[-74.710785,5.329627],[-74.715182,5.314003],[-74.725863,5.306676],[-74.730005,5.301981],[-74.733259,5.294391],[-74.733863,5.286303]]]},"properties":{"shapeName":"Cundinamarca"}},{"type":"Feature","geometry":{"type":"Polygon","coordinates":[[[-75.375262,4.803855],[-75.377933,4.795909],[-75.377307,4.787744],[-75.380742,4.774467],[-75.380123,4.764453],[-75.388023,4.750772],[-75.383801,4.736034],[-75.378031,4.72958],[-75.386653,4.721723],[-75.388459,4.716179],[-75.384933,4.708943],[-75.384548,4.70248],[-75.390381,4.696787],[-75.395202,4.694795],[-75.406421,4.682876],[-75.411837,4.673907],[-75.41803,4.667359],[-75.423292,4.654179],[-75.417726,4.638602],[-75.415847,4.62253],[-75.421243,4.61037],[-75.426964,4.609697],[-75.431501,4.602725],[-75.449776,4.603223],[-75.462799,4.600941],[-75.46824,4.598905],[-75.470508,4.589214],[-75.475142,4.585581],[-75.484428,4.581493],[-75.488351,4.572342],[-75.492216,4.56827],[-75.500259,4.563882],[-75.505129,4.559225],[-75.514617,4.555696],[-75.522325,4.543792],[-75.522077,4.526804],[-75.527191,4.514916],[-75.523916,4.49773],[-75.525485,4.495016],[-75.533985,4.495109],[-75.546655,4.480152],[-75.55515,4.472837],[-75.559132,4.472517],[-75.569135,4.461745],[-75.570905,4.45711],[-75.577878,4.453651],[-75.576046,4.44499],[-75.577973,4.433364],[-75.582675,4.429458],[-75.579102,4.417329],[-75.580388,4.412199],[-75.578841,4.406356],[-75.582673,4.394111],[-75.582728,4.387171],[-75.590418,4.376183],[-75.588225,4.371709],[-75.591349,4.363601],[-75.594858,4.360757],[-75.591288,4.349756],[-75.599677,4.332533],[-75.595604,4.322384],[-75.597735,4.313916],[-75.597431,4.306852],[-75.603274,4.297648],[-75.604248,4.289099],[-75.596604,4.282455],[-75.600077,4.276091],[-75.606661,4.273232],[-75.616484,4.272187],[-75.620402,4.268071],[-75.623003,4.258474],[-75.630125,4.251665],[-75.630082,4.244335],[-75.634104,4.235853],[-75.638148,4.231177],[-75.654701,4.228542],[-75.659301,4.222876],[-75.659968,4.216811],[-75.654189,4.213039],[-75.655539,4.203727],[-75.666052,4.194512],[-75.670527,4.184392],[-75.677101,4.179406],[-75.683557,4.171156],[-75.688464,4.167663],[-75.691677,4.160916],[-75.693497,4.152],[-75.692337,4.138946],[-75.696832,4.132389],[-75.702447,4.131961],[-75.705672,4.12738],[-75.714145,4.127034],[-75.718939,4.121168],[-75.717916,4.114644],[-75.720463,4.112056],[-75.731315,4.114268],[-75.734043,4.10891],[-75.734293,4.101191],[-75.743636,4.098069],[-75.747163,4.094684],[-75.753208,4.077016],[-75.751606,4.068697],[-75.74644,4.062587],[-75.738722,4.056714],[-75.738572,4.05358],[-75.75405,4.032662],[-75.761239,4.025339],[-75.76965,4.019646],[-75.773353,4.010945],[-75.77804,4.006566],[-75.787122,4.009204],[-75.791814,4.007915],[-75.795844,3.993669],[-75.795696,3.988499],[-75.7915,3.978152],[-75.792294,3.969223],[-75.796363,3.961083],[-75.805268,3.952166],[-75.808852,3.939827],[-75.80731,3.930753],[-75.821641,3.905033],[-75.828194,3.90379],[-75.833492,3.907244],[-75.839681,3.903314],[-75.841999,3.897211],[-75.858025,3.88159],[-75.861306,3.874783],[-75.860855,3.862711],[-75.855719,3.8544],[-75.85666,3.851111],[-75.86421,3.843076],[-75.86546,3.834959],[-75.874665,3.821818],[-75.892592,3.810505],[-75.891449,3.806111],[-75.894328,3.801315],[-75.902206,3.794615],[-75.901749,3.786311],[-75.906279,3.781147],[-75.915355,3.759067],[-75.915751,3.752882],[-75.920838,3.740822],[-75.938002,3.734264],[-75.943781,3.728318],[-75.945275,3.718527],[-75.949179,3.714458],[-75.955107,3.713526],[-75.960575,3.705699],[-75.959966,3.693947],[-75.956698,3.688773],[-75.951567,3.676075],[-75.958443,3.664646],[-75.968115,3.662778],[-75.975453,3.65583],[-75.97616,3.649557],[-75.979367,3.643144],[-75.988413,3.642372],[-75.993722,3.637521],[-75.992636,3.632193],[-75.987657,3.622786],[-75.987714,3.617306],[-75.992661,3.611589],[-75.993914,3.607203],[-75.990807,3.596859],[-75.985203,3.588078],[-75.985992,3.580871],[-75.989202,3.575357],[-75.985143,3.56011],[-75.98702,3.554942],[-75.99436,3.54555],[-76.002804,3.525065],[-76.003511,3.516664],[-76.012392,3.510587],[-76.017698,3.501295],[-76.025161,3.492754],[-76.026123,3.485405],[-76.02227,3.478995],[-76.026102,3.46809],[-76.026733,3.46104],[-76.029703,3.45462],[-76.037022,3.450376],[-76.038292,3.442251],[-76.041843,3.437138],[-76.041628,3.428815],[-76.038532,3.417838],[-76.042639,3.408316],[-76.042706,3.397005],[-76.039124,3.393711],[-76.030551,3.391351],[-76.031964,3.382422],[-76.047062,3.374626],[-76.048821,3.364923],[-76.056569,3.358181],[-76.059434,3.353809],[-76.055389,3.346127],[-76.053371,3.337641],[-76.053694,3.326696],[-76.044419,3.318691],[-76.042237,3.309093],[-76.039284,3.302719],[-76.04391,3.290273],[-76.049842,3.282444],[-76.047209,3.264909],[-76.039426,3.253619],[-76.039898,3.249233],[-76.047009,3.245457],[-76.05811,3.232127],[-76.056521,3.223878],[-76.053492,3.218379],[-76.054012,3.214271],[-76.060588,3.202858],[-76.068633,3.197398],[-76.075687,3.20111],[-76.085605,3.203758],[-76.091478,3.197932],[-76.092359,3.178056],[-76.083358,3.172649],[-76.079577,3.164019],[-76.084915,3.15699],[-76.085105,3.152836],[-76.07888,3.150405],[-76.072595,3.139433],[-76.075953,3.130933],[-76.073475,3.123437],[-76.076185,3.119181],[-76.0843,3.114918],[-76.105028,3.108725],[-76.107765,3.101351],[-76.103828,3.095966],[-76.092061,3.096901],[-76.081596,3.090386],[-76.080717,3.0866],[-76.07426,3.078349],[-76.07024,3.066331],[-76.073558,3.049497],[-76.057948,3.043694],[-76.047095,3.043204],[-76.044553,3.03381],[-76.038832,3.025184],[-76.042117,3.016974],[-76.035377,3.013432],[-76.032317,3.008132],[-76.023448,3.004816],[-76.020402,2.994494],[-76.028543,2.983702],[-76.033339,2.961926],[-76.032343,2.953451],[-76.034349,2.944771],[-76.029241,2.940777],[-76.029161,2.950439],[-76.025362,2.956189],[-76.025765,2.968695],[-76.022326,2.973196],[-76.012324,2.978531],[-75.988756,2.982369],[-75.984683,2.977107],[-75.980319,2.960208],[-75.981588,2.956469],[-75.974655,2.947737],[-75.96969,2.944331],[-75.96496,2.944131],[-75.963056,2.936398],[-75.959058,2.936328],[-75.955369,2.929943],[-75.957171,2.923596],[-75.954974,2.918238],[-75.948639,2.917001],[-75.942007,2.922007],[-75.935953,2.920034],[-75.933203,2.922168],[-75.926138,2.921219],[-75.925823,2.913959],[-75.918596,2.912726],[-75.908232,2.908895],[-75.90755,2.901187],[-75.899978,2.895223],[-75.892885,2.897048],[-75.88347,2.896856],[-75.881245,2.888747],[-75.876164,2.886606],[-75.869552,2.877495],[-75.864115,2.8776],[-75.856053,2.870943],[-75.843959,2.870708],[-75.835245,2.873029],[-75.825015,2.872093],[-75.817314,2.884243],[-75.8034,2.885403],[-75.790224,2.898515],[-75.788254,2.902779],[-75.783069,2.905127],[-75.780294,2.911218],[-75.765773,2.914791],[-75.763682,2.917808],[-75.767062,2.924292],[-75.765123,2.933821],[-75.760666,2.942105],[-75.748024,2.947679],[-75.745751,2.952686],[-75.735913,2.954409],[-75.732785,2.952473],[-75.728772,2.956776],[-75.724549,2.957052],[-75.72084,2.961632],[-75.71067,2.964222],[-75.702712,2.969974],[-75.699197,2.975173],[-75.69704,2.985005],[-75.690342,2.991981],[-75.684453,2.989304],[-75.661431,2.987817],[-75.653293,2.991327],[-75.647285,2.996264],[-75.634198,2.995015],[-75.627108,3.008816],[-75.621984,3.008833],[-75.616876,3.02107],[-75.610651,3.028473],[-75.60955,3.034516],[-75.60206,3.039077],[-75.600549,3.051774],[-75.60388,3.055563],[-75.6178,3.062404],[-75.622143,3.075432],[-75.613173,3.091803],[-75.605871,3.102567],[-75.600727,3.114931],[-75.590734,3.115823],[-75.584547,3.121831],[-75.582262,3.135867],[-75.577087,3.144208],[-75.582612,3.147382],[-75.588482,3.156089],[-75.582519,3.170266],[-75.58499,3.175749],[-75.578083,3.185204],[-75.578298,3.193992],[-75.573123,3.201819],[-75.575602,3.206747],[-75.572866,3.210513],[-75.573361,3.219352],[-75.576766,3.224799],[-75.572509,3.231433],[-75.568507,3.241221],[-75.559481,3.248301],[-75.555584,3.25463],[-75.547866,3.257092],[-75.548156,3.260379],[-75.544274,3.271897],[-75.53903,3.278659],[-75.534483,3.281465],[-75.530142,3.29029],[-75.521341,3.301381],[-75.521651,3.310904],[-75.526605,3.319148],[-75.516309,3.32686],[-75.510502,3.327516],[-75.498171,3.32241],[-75.488925,3.326368],[-75.485831,3.331819],[-75.48767,3.34118],[-75.486166,3.349471],[-75.478439,3.361052],[-75.470357,3.359919],[-75.463749,3.354984],[-75.453026,3.355168],[-75.448758,3.357009],[-75.443337,3.354698],[-75.441918,3.347085],[-75.428827,3.352701],[-75.415853,3.36725],[-75.394604,3.377608],[-75.378165,3.373581],[-75.377739,3.380571],[-75.373431,3.389757],[-75.371629,3.399558],[-75.36809,3.407277],[-75.361945,3.409405],[-75.35286,3.403767],[-75.346977,3.405994],[-75.333448,3.399475],[-75.324339,3.40429],[-75.323473,3.412776],[-75.319962,3.419556],[-75.310322,3.41136],[-75.304894,3.401031],[-75.2895,3.3911],[-75.282424,3.388499],[-75.277305,3.383783],[-75.266539,3.381003],[-75.258286,3.376236],[-75.255806,3.371312],[-75.251375,3.374245],[-75.245729,3.382542],[-75.245772,3.395522],[-75.240817,3.405595],[-75.227399,3.41469],[-75.22097,3.411992],[-75.214331,3.413693],[-75.209922,3.408881],[-75.20362,3.410578],[-75.199637,3.408526],[-75.201367,3.402763],[-75.195695,3.395264],[-75.200848,3.39158],[-75.198177,3.384418],[-75.181859,3.382486],[-75.172506,3.387279],[-75.173698,3.397929],[-75.176541,3.403711],[-75.1751,3.410435],[-75.170532,3.412151],[-75.161641,3.410639],[-75.157162,3.411752],[-75.154141,3.417246],[-75.149326,3.420776],[-75.152698,3.429668],[-75.145337,3.435703],[-75.129998,3.429997],[-75.116325,3.432771],[-75.094995,3.430911],[-75.066931,3.43074],[-75.060962,3.431947],[-75.046828,3.429961],[-75.040239,3.427689],[-75.040176,3.422443],[-75.043094,3.417719],[-75.042876,3.407963],[-75.035457,3.400941],[-75.037748,3.395169],[-75.03409,3.390766],[-75.035753,3.383735],[-75.041077,3.383101],[-75.053502,3.385396],[-75.058508,3.38109],[-75.057974,3.368816],[-75.061408,3.357797],[-75.058474,3.34647],[-75.056895,3.333672],[-75.059495,3.324123],[-75.058964,3.314471],[-75.064772,3.310769],[-75.072065,3.303177],[-75.074134,3.298941],[-75.069556,3.293989],[-75.062255,3.292294],[-75.051868,3.287487],[-75.03899,3.286668],[-75.021891,3.288309],[-75.01456,3.287754],[-75.006035,3.281263],[-75.003863,3.277799],[-74.993579,3.278623],[-74.9886,3.283299],[-74.981527,3.284536],[-74.970558,3.283373],[-74.965992,3.281099],[-74.954751,3.279997],[-74.94328,3.281382],[-74.935254,3.28436],[-74.929153,3.283238],[-74.916085,3.288995],[-74.907807,3.290017],[-74.886662,3.30971],[-74.872427,3.326525],[-74.864437,3.330104],[-74.86332,3.332939],[-74.849332,3.341528],[-74.845767,3.356238],[-74.839313,3.360803],[-74.834554,3.366893],[-74.827169,3.379327],[-74.825374,3.387254],[-74.814801,3.393433],[-74.816785,3.401948],[-74.815531,3.405549],[-74.802961,3.416165],[-74.767803,3.439575],[-74.764337,3.444204],[-74.762502,3.454357],[-74.765761,3.459659],[-74.774152,3.466594],[-74.780522,3.479643],[-74.782507,3.49816],[-74.780629,3.50536],[-74.77606,3.514691],[-74.77256,3.526071],[-74.764391,3.531617],[-74.757524,3.532386],[-74.748986,3.528458],[-74.739164,3.533382],[-74.734568,3.54072],[-74.732889,3.546802],[-74.727682,3.554212],[-74.725887,3.562579],[-74.732507,3.566297],[-74.735521,3.577256],[-74.738682,3.582875],[-74.738111,3.590436],[-74.728235,3.600442],[-74.721476,3.611838],[-74.716668,3.614145],[-74.708461,3.611078],[-74.699719,3.618686],[-74.698039,3.639658],[-74.692448,3.643949],[-74.686908,3.653532],[-74.677026,3.664128],[-74.674212,3.670823],[-74.661839,3.674099],[-74.661282,3.677915],[-74.655913,3.683674],[-74.647564,3.684596],[-74.63304,3.693222],[-74.629605,3.69933],[-74.624413,3.69913],[-74.614779,3.712231],[-74.604817,3.720996],[-74.592552,3.725558],[-74.586431,3.734274],[-74.58443,3.742839],[-74.577161,3.746397],[-74.573013,3.75397],[-74.566036,3.75861],[-74.55666,3.768228],[-74.553387,3.779234],[-74.553881,3.784153],[-74.545877,3.792957],[-74.544358,3.81187],[-74.537827,3.816028],[-74.535228,3.830894],[-74.537311,3.833256],[-74.53943,3.844847],[-74.537773,3.855198],[-74.535161,3.858276],[-74.530849,3.86901],[-74.530081,3.87536],[-74.525456,3.882818],[-74.525464,3.897422],[-74.522505,3.91694],[-74.514125,3.925102],[-74.515437,3.929136],[-74.512821,3.935452],[-74.51213,3.951417],[-74.515452,3.956151],[-74.527158,3.961934],[-74.53152,3.969841],[-74.531744,3.984004],[-74.533597,3.98929],[-74.532401,3.997103],[-74.529571,3.999589],[-74.52517,4.013464],[-74.524134,4.022157],[-74.529089,4.028801],[-74.530044,4.036147],[-74.528343,4.044277],[-74.524716,4.052691],[-74.51724,4.060094],[-74.517212,4.066303],[-74.508577,4.075832],[-74.507916,4.079173],[-74.49929,4.08502],[-74.486758,4.095469],[-74.48366,4.105255],[-74.475821,4.114064],[-74.475535,4.131819],[-74.481807,4.140744],[-74.48092,4.147735],[-74.484237,4.158796],[-74.481984,4.175024],[-74.486712,4.181023],[-74.494886,4.183536],[-74.500963,4.1875],[-74.500902,4.194508],[-74.507171,4.197986],[-74.508654,4.203182],[-74.513616,4.210972],[-74.512933,4.220022],[-74.517347,4.234349],[-74.520502,4.239596],[-74.53415,4.245493],[-74.54309,4.25189],[-74.544827,4.259585],[-74.561113,4.271138],[-74.56566,4.272478],[-74.580594,4.268025],[-74.588635,4.26737],[-74.595722,4.261507],[-74.602349,4.260018],[-74.614405,4.255161],[-74.619739,4.251809],[-74.619195,4.236943],[-74.622179,4.234282],[-74.62228,4.228698],[-74.627052,4.223048],[-74.633479,4.223056],[-74.640425,4.215352],[-74.64,4.210526],[-74.647475,4.205719],[-74.652909,4.1994],[-74.655485,4.199771],[-74.654439,4.209661],[-74.657475,4.215296],[-74.663297,4.214056],[-74.670074,4.208608],[-74.676386,4.207306],[-74.681532,4.202649],[-74.683535,4.207174],[-74.692176,4.210442],[-74.69906,4.21132],[-74.704199,4.214654],[-74.702178,4.221313],[-74.707575,4.224528],[-74.705555,4.228931],[-74.711242,4.232861],[-74.718246,4.23455],[-74.722292,4.231313],[-74.733772,4.247498],[-74.740533,4.242484],[-74.744828,4.24589],[-74.751264,4.258982],[-74.767401,4.252506],[-74.765653,4.259762],[-74.772357,4.266159],[-74.781717,4.265039],[-74.777325,4.271937],[-74.777128,4.282223],[-74.779178,4.283707],[-74.797726,4.28767],[-74.8073,4.285966],[-74.811191,4.293996],[-74.813686,4.293878],[-74.825865,4.284857],[-74.831144,4.277899],[-74.835876,4.2754],[-74.856503,4.268808],[-74.863168,4.269945],[-74.868951,4.266771],[-74.879062,4.266349],[-74.885865,4.282459],[-74.890666,4.290325],[-74.882883,4.300631],[-74.874152,4.305092],[-74.885179,4.311466],[-74.883558,4.317557],[-74.877861,4.319323],[-74.873949,4.325526],[-74.865332,4.332337],[-74.855977,4.335335],[-74.855859,4.343851],[-74.852364,4.356186],[-74.854894,4.365121],[-74.849413,4.372379],[-74.840291,4.379471],[-74.837897,4.398106],[-74.833205,4.405787],[-74.83518,4.412789],[-74.830799,4.423543],[-74.834243,4.434793],[-74.832503,4.445249],[-74.82866,4.446941],[-74.815201,4.446231],[-74.809223,4.451177],[-74.804161,4.461196],[-74.80106,4.484596],[-74.795141,4.499898],[-74.786502,4.505861],[-74.791191,4.513263],[-74.798433,4.528055],[-74.805184,4.535749],[-74.80194,4.547186],[-74.807991,4.553246],[-74.808595,4.562384],[-74.804983,4.567483],[-74.805453,4.573316],[-74.812433,4.576809],[-74.814768,4.585674],[-74.811051,4.589644],[-74.805936,4.590583],[-74.796633,4.588259],[-74.795564,4.596276],[-74.798974,4.600177],[-74.809113,4.603718],[-74.814387,4.606993],[-74.816785,4.612941],[-74.811667,4.620145],[-74.805912,4.623187],[-74.799574,4.630467],[-74.799047,4.639675],[-74.795439,4.643547],[-74.786858,4.647534],[-74.787155,4.655424],[-74.79513,4.663848],[-74.806865,4.66814],[-74.808626,4.677712],[-74.803554,4.687674],[-74.802875,4.703806],[-74.813812,4.712015],[-74.818034,4.716614],[-74.819793,4.724341],[-74.814378,4.736381],[-74.805202,4.740712],[-74.794422,4.747392],[-74.777095,4.750297],[-74.774035,4.754341],[-74.777594,4.760314],[-74.769651,4.774181],[-74.759553,4.780925],[-74.750036,4.783923],[-74.744956,4.787909],[-74.743692,4.79381],[-74.744379,4.803856],[-74.746499,4.812818],[-74.74477,4.823521],[-74.749033,4.828936],[-74.762469,4.833845],[-74.767816,4.838582],[-74.768523,4.845257],[-74.760209,4.852327],[-74.752995,4.863719],[-74.752001,4.873821],[-74.755165,4.884973],[-74.751666,4.888402],[-74.737196,4.883374],[-74.731785,4.892757],[-74.733648,4.900395],[-74.739754,4.90318],[-74.739778,4.910285],[-74.73418,4.91723],[-74.732527,4.928914],[-74.733935,4.935676],[-74.738755,4.939272],[-74.750377,4.951212],[-74.749401,4.958018],[-74.746018,4.964264],[-74.731524,4.978015],[-74.713149,4.974246],[-74.709103,4.977668],[-74.707883,4.984872],[-74.717876,4.993558],[-74.726464,4.998205],[-74.7361,4.998986],[-74.742148,5.003372],[-74.742683,5.012945],[-74.737703,5.02595],[-74.733679,5.030434],[-74.729046,5.039661],[-74.72696,5.056001],[-74.730038,5.066772],[-74.729343,5.074708],[-74.72262,5.087671],[-74.71666,5.093254],[-74.719226,5.118724],[-74.722121,5.122937],[-74.729484,5.127761],[-74.73049,5.150321],[-74.718921,5.164224],[-74.714703,5.17905],[-74.714713,5.18862],[-74.720708,5.199093],[-74.733943,5.203647],[-74.732986,5.210235],[-74.728872,5.214017],[-74.731333,5.221392],[-74.729243,5.233867],[-74.723555,5.238611],[-74.726965,5.253169],[-74.72698,5.268003],[-74.73025,5.279432],[-74.733863,5.286303],[-74.742948,5.285688],[-74.743873,5.290229],[-74.75314,5.282089],[-74.762195,5.288797],[-74.766186,5.287722],[-74.772786,5.297511],[-74.790749,5.297648],[-74.798228,5.303996],[-74.803518,5.302163],[-74.814253,5.306716],[-74.823462,5.31831],[-74.831544,5.316152],[-74.840741,5.317053],[-74.845792,5.313763],[-74.848598,5.31616],[-74.862808,5.304724],[-74.869282,5.304945],[-74.87128,5.29466],[-74.876352,5.296765],[-74.898817,5.2992],[-74.908719,5.308431],[-74.912602,5.309845],[-74.920525,5.308266],[-74.929888,5.312225],[-74.939584,5.311842],[-74.946316,5.305848],[-74.949078,5.306828],[-74.954767,5.30121],[-74.96108,5.302402],[-74.967135,5.300611],[-74.968883,5.296183],[-74.978849,5.294698],[-74.985285,5.288529],[-75.007745,5.291236],[-75.022248,5.286113],[-75.027469,5.288376],[-75.030046,5.279289],[-75.036016,5.275959],[-75.044974,5.276922],[-75.056294,5.27498],[-75.059463,5.270159],[-75.063086,5.259789],[-75.060826,5.25601],[-75.066216,5.246887],[-75.071162,5.247324],[-75.07459,5.243388],[-75.079788,5.231206],[-75.089806,5.220995],[-75.091287,5.21503],[-75.094719,5.214396],[-75.10686,5.191329],[-75.105498,5.185485],[-75.113263,5.180641],[-75.115149,5.173782],[-75.115861,5.160037],[-75.12403,5.160361],[-75.129468,5.155357],[-75.133923,5.157997],[-75.141274,5.159058],[-75.143569,5.163794],[-75.149201,5.164577],[-75.153736,5.169772],[-75.158443,5.170728],[-75.164212,5.167961],[-75.169663,5.169702],[-75.179117,5.163945],[-75.188035,5.162225],[-75.193825,5.164161],[-75.197708,5.161794],[-75.200649,5.151206],[-75.207344,5.147958],[-75.214835,5.134478],[-75.224498,5.134524],[-75.235345,5.124847],[-75.24511,5.12898],[-75.251461,5.129493],[-75.265481,5.136575],[-75.275837,5.140606],[-75.283219,5.140777],[-75.28751,5.138276],[-75.298153,5.122483],[-75.304161,5.119235],[-75.308968,5.109831],[-75.317723,5.102479],[-75.325052,5.099304],[-75.33566,5.087552],[-75.341626,5.084832],[-75.343325,5.072396],[-75.3483,5.05781],[-75.342825,5.053808],[-75.339508,5.046055],[-75.333462,5.045072],[-75.324373,5.038815],[-75.318788,5.030733],[-75.317823,5.001213],[-75.322244,4.994821],[-75.327237,4.99105],[-75.328138,4.986375],[-75.335957,4.974278],[-75.352695,4.965704],[-75.35133,4.950551],[-75.351594,4.934041],[-75.348491,4.931396],[-75.346187,4.914872],[-75.338319,4.900981],[-75.331947,4.896548],[-75.319591,4.892342],[-75.321674,4.871946],[-75.323255,4.866928],[-75.332214,4.856652],[-75.33925,4.85151],[-75.343254,4.844936],[-75.351904,4.842523],[-75.355591,4.839739],[-75.357726,4.827082],[-75.370247,4.812289],[-75.371543,4.80707],[-75.375262,4.803855]]]},"properties":{"shapeName":"Tolima"}},{"type":"Feature","geometry":{"type":"MultiPolygon","coordinates":[[[[-74.657548,5.775262],[-74.655714,5.783968],[-74.64995,5.795426],[-74.645098,5.81339],[-74.647984,5.824122],[-74.648717,5.833994],[-74.644691,5.84332],[-74.63662,5.873082],[-74.628895,5.882201],[-74.619743,5.888643],[-74.605191,5.892184],[-74.599287,5.892356],[-74.58877,5.8959],[-74.586294,5.898625],[-74.585901,5.906072],[-74.589125,5.919839],[-74.600449,5.93313],[-74.602846,5.945691],[-74.605444,5.953067],[-74.611534,5.960863],[-74.611852,5.968522],[-74.6072,5.975809],[-74.601619,5.979711],[-74.589032,5.983925],[-74.574085,5.982299],[-74.566592,5.986418],[-74.561053,6.002179],[-74.569673,6.028628],[-74.571837,6.044051],[-74.57039,6.057567],[-74.562697,6.069784],[-74.56132,6.075679],[-74.565829,6.079826],[-74.578011,6.082387],[-74.589327,6.089344],[-74.595031,6.090732],[-74.602416,6.095078],[-74.605775,6.100756],[-74.605822,6.107882],[-74.609793,6.120626],[-74.611083,6.13072],[-74.605567,6.143844],[-74.599938,6.151388],[-74.594116,6.162662],[-74.586798,6.16641],[-74.576061,6.1836],[-74.574736,6.189328],[-74.573729,6.207879],[-74.572352,6.214081],[-74.562118,6.228812],[-74.543916,6.253514],[-74.539101,6.266138],[-74.521109,6.275627],[-74.509274,6.279043],[-74.510836,6.283839],[-74.502413,6.282652],[-74.496737,6.285896],[-74.486952,6.296293],[-74.482373,6.304044],[-74.473849,6.307544],[-74.466,6.313059],[-74.459175,6.321748],[-74.453282,6.332009],[-74.448725,6.336173],[-74.444766,6.349733],[-74.443996,6.356837],[-74.439573,6.36993],[-74.431915,6.385803],[-74.422005,6.39334],[-74.414977,6.393678],[-74.408083,6.391965],[-74.39769,6.392765],[-74.383952,6.397395],[-74.376233,6.404038],[-74.367939,6.408724],[-74.36618,6.419941],[-74.370423,6.429742],[-74.382347,6.435557],[-74.388844,6.446138],[-74.398985,6.458512],[-74.404793,6.469376],[-74.404699,6.477471],[-74.400116,6.481834],[-74.394733,6.492073],[-74.394258,6.504796],[-74.400803,6.522504],[-74.4098,6.530412],[-74.412406,6.544037],[-74.406247,6.563786],[-74.403457,6.58547],[-74.400276,6.590663],[-74.387625,6.600951],[-74.381102,6.607983],[-74.364195,6.630181],[-74.358487,6.633713],[-74.345773,6.634915],[-74.337796,6.63357],[-74.33316,6.630106],[-74.328412,6.630836],[-74.319827,6.643473],[-74.308447,6.656408],[-74.283323,6.662723],[-74.278013,6.663177],[-74.263947,6.670105],[-74.25657,6.676959],[-74.247704,6.689738],[-74.235362,6.705755],[-74.229527,6.711664],[-74.220332,6.716895],[-74.200903,6.718278],[-74.177658,6.724357],[-74.170238,6.728686],[-74.140739,6.757805],[-74.131724,6.76446],[-74.11971,6.778062],[-74.106781,6.786896],[-74.097062,6.795913],[-74.088345,6.810947],[-74.080107,6.820247],[-74.074445,6.83739],[-74.067288,6.8521],[-74.047404,6.867243],[-74.023151,6.891072],[-74.016221,6.900812],[-74.004799,6.913296],[-73.984661,6.929301],[-73.963,6.9441],[-73.948906,6.952845],[-73.936884,6.956334],[-73.927909,6.960924],[-73.919126,6.970873],[-73.905572,6.981558],[-73.898478,6.99152],[-73.883772,7.003744],[-73.879592,7.014549],[-73.879652,7.024622],[-73.882156,7.029202],[-73.886335,7.047557],[-73.886432,7.063638],[-73.891263,7.076492],[-73.897764,7.084008],[-73.903918,7.088274],[-73.916648,7.102604],[-73.923436,7.11712],[-73.925278,7.128584],[-73.92531,7.141022],[-73.926972,7.151654],[-73.9303,7.159357],[-73.938761,7.174001],[-73.938188,7.183479],[-73.92632,7.20724],[-73.92446,7.213252],[-73.922054,7.243135],[-73.924532,7.256189],[-73.924411,7.271088],[-73.921581,7.281824],[-73.916891,7.287105],[-73.913405,7.2978],[-74.078543,7.151306],[-74.243812,7.004689],[-74.24916,7.002823],[-74.25767,7.004549],[-74.262893,7.009404],[-74.275157,7.012556],[-74.28346,7.0091],[-74.28714,7.002112],[-74.291702,7.004799],[-74.301437,7.003228],[-74.313327,7.007683],[-74.319945,7.019138],[-74.332086,7.012526],[-74.348406,7.01282],[-74.35457,7.010885],[-74.354228,7.028712],[-74.350092,7.054599],[-74.352259,7.067926],[-74.351577,7.081462],[-74.355296,7.088753],[-74.363242,7.086287],[-74.371868,7.099287],[-74.368919,7.106552],[-74.370884,7.116761],[-74.369657,7.125819],[-74.375103,7.130636],[-74.377423,7.141978],[-74.381998,7.150811],[-74.384636,7.159485],[-74.390764,7.172313],[-74.395129,7.172936],[-74.401853,7.189665],[-74.407362,7.191616],[-74.409403,7.202152],[-74.404928,7.20794],[-74.407701,7.216956],[-74.404398,7.224303],[-74.404716,7.228808],[-74.400676,7.233306],[-74.397978,7.24099],[-74.396007,7.255296],[-74.38917,7.265609],[-74.390034,7.270048],[-74.387509,7.27715],[-74.388816,7.284331],[-74.386278,7.297547],[-74.388015,7.301148],[-74.393499,7.302295],[-74.395124,7.309493],[-74.400757,7.314722],[-74.401951,7.330227],[-74.400514,7.340011],[-74.397372,7.348188],[-74.391191,7.353365],[-74.387869,7.361196],[-74.375938,7.36481],[-74.373542,7.36827],[-74.372515,7.376225],[-74.360924,7.389393],[-74.360787,7.394575],[-74.355525,7.399698],[-74.346992,7.404429],[-74.344004,7.411948],[-74.339025,7.417357],[-74.341366,7.424981],[-74.347279,7.430393],[-74.351582,7.431801],[-74.3583,7.438995],[-74.359031,7.44263],[-74.364681,7.447869],[-74.363737,7.459475],[-74.372085,7.467308],[-74.37029,7.475578],[-74.381205,7.473158],[-74.388593,7.464046],[-74.398402,7.46104],[-74.412076,7.461049],[-74.414841,7.453122],[-74.421112,7.44563],[-74.420512,7.440898],[-74.411683,7.438934],[-74.413171,7.426516],[-74.414953,7.423119],[-74.415883,7.411618],[-74.411488,7.398116],[-74.411105,7.392254],[-74.417921,7.382052],[-74.427729,7.379271],[-74.438705,7.381444],[-74.445251,7.380493],[-74.450744,7.374812],[-74.456192,7.363266],[-74.465639,7.357556],[-74.467363,7.346602],[-74.486766,7.342959],[-74.495257,7.345375],[-74.504752,7.360867],[-74.508571,7.37268],[-74.514986,7.384156],[-74.527348,7.390264],[-74.534322,7.400924],[-74.542591,7.403679],[-74.547507,7.411084],[-74.556992,7.41412],[-74.560385,7.418551],[-74.561012,7.4288],[-74.564122,7.433062],[-74.5746,7.43175],[-74.58488,7.437371],[-74.583413,7.44748],[-74.588413,7.447678],[-74.595854,7.455459],[-74.598159,7.460906],[-74.597773,7.472075],[-74.588216,7.482606],[-74.592803,7.490588],[-74.592872,7.49914],[-74.590183,7.50522],[-74.59023,7.511041],[-74.586684,7.514158],[-74.57383,7.514498],[-74.568156,7.519485],[-74.569982,7.52446],[-74.570053,7.53337],[-74.566916,7.543017],[-74.570219,7.554039],[-74.56937,7.581607],[-74.566534,7.584243],[-74.56757,7.59457],[-74.563372,7.605522],[-74.56355,7.612814],[-74.566448,7.617781],[-74.565741,7.633468],[-74.563564,7.641901],[-74.559663,7.647416],[-74.551823,7.649855],[-74.544366,7.65538],[-74.541566,7.662471],[-74.536316,7.663849],[-74.516107,7.663157],[-74.496968,7.659786],[-74.491069,7.66229],[-74.483032,7.67318],[-74.480519,7.683037],[-74.481052,7.690161],[-74.476273,7.703149],[-74.476665,7.707542],[-74.461478,7.723909],[-74.461483,7.729387],[-74.468405,7.735468],[-74.47736,7.740938],[-74.496896,7.748833],[-74.503817,7.753289],[-74.512032,7.765628],[-74.513818,7.780226],[-74.52479,7.781801],[-74.523805,7.792441],[-74.516955,7.799625],[-74.516597,7.814122],[-74.517954,7.819814],[-74.523029,7.828445],[-74.526708,7.841245],[-74.527236,7.852077],[-74.521382,7.8658],[-74.522568,7.876275],[-74.522217,7.89705],[-74.520624,7.900665],[-74.522506,7.906651],[-74.53715,7.917694],[-74.536409,7.935424],[-74.53855,7.947306],[-74.547098,7.949165],[-74.550404,7.956288],[-74.555226,7.956978],[-74.55919,7.961381],[-74.560461,7.969355],[-74.571652,7.973989],[-74.574083,7.976734],[-74.574678,7.985132],[-74.577258,7.986832],[-74.578163,7.994705],[-74.585029,8.001744],[-74.589725,8.003585],[-74.592313,8.010555],[-74.597587,8.018068],[-74.597488,8.024547],[-74.603625,8.032384],[-74.608486,8.033734],[-74.615292,8.031489],[-74.626105,8.039658],[-74.631296,8.05178],[-74.634518,8.055192],[-74.641863,8.056088],[-74.649621,8.052104],[-74.655568,8.053768],[-74.66411,8.059612],[-74.679318,8.080711],[-74.689121,8.088225],[-74.699269,8.091486],[-74.70949,8.097395],[-74.720477,8.100794],[-74.722793,8.10546],[-74.725259,8.116958],[-74.734632,8.116804],[-74.747866,8.12452],[-74.759275,8.128753],[-74.763116,8.125191],[-74.773952,8.121688],[-74.77865,8.128162],[-74.784951,8.131079],[-74.789092,8.138879],[-74.800928,8.139495],[-74.811982,8.143672],[-74.815794,8.14964],[-74.813322,8.155286],[-74.817242,8.168209],[-74.813661,8.174572],[-74.813843,8.183389],[-74.816661,8.19101],[-74.824997,8.199171],[-74.871788,8.199761],[-74.87629,8.19543],[-74.875313,8.180849],[-74.87323,8.173956],[-74.879321,8.15386],[-74.879862,8.139482],[-74.891289,8.124103],[-74.893952,8.116665],[-74.90242,8.107928],[-74.909172,8.104193],[-74.918449,8.092478],[-74.923988,8.08035],[-74.931191,8.074446],[-74.940887,8.076211],[-74.951024,8.07979],[-74.961806,8.089973],[-74.967797,8.094166],[-74.977381,8.09177],[-75.006134,8.072601],[-75.022906,8.066012],[-75.030674,8.060271],[-75.040624,8.056315],[-75.045722,8.052023],[-75.053543,8.05263],[-75.072043,8.051729],[-75.080072,8.05488],[-75.09352,8.056644],[-75.108268,8.053339],[-75.117068,8.052475],[-75.140237,8.053094],[-75.155162,8.05518],[-75.166071,8.04924],[-75.183443,8.049839],[-75.191829,8.051636],[-75.199017,8.057027],[-75.210398,8.063017],[-75.224176,8.060022],[-75.228369,8.056428],[-75.237557,8.040364],[-75.239254,8.028185],[-75.245909,8.01509],[-75.253418,8.004832],[-75.263145,7.995743],[-75.27555,7.99252],[-75.281082,7.980952],[-75.289296,7.976462],[-75.290858,7.971122],[-75.296051,7.964022],[-75.302916,7.959839],[-75.316292,7.945317],[-75.325531,7.946094],[-75.330963,7.949803],[-75.336192,7.949803],[-75.337989,7.940219],[-75.339355,7.915216],[-75.342476,7.899911],[-75.347271,7.888047],[-75.359025,7.876593],[-75.371976,7.871347],[-75.385311,7.868337],[-75.406246,7.852602],[-75.411994,7.846245],[-75.417716,7.835181],[-75.426644,7.840183],[-75.439822,7.837787],[-75.454198,7.833594],[-75.45959,7.822811],[-75.460189,7.81143],[-75.463783,7.785672],[-75.473966,7.773093],[-75.481753,7.758716],[-75.482951,7.750929],[-75.481753,7.741944],[-75.489278,7.730458],[-75.497047,7.716555],[-75.508209,7.714607],[-75.514446,7.711436],[-75.533612,7.707816],[-75.551579,7.700982],[-75.557156,7.694191],[-75.560824,7.675386],[-75.560109,7.664892],[-75.561942,7.655067],[-75.571563,7.640474],[-75.572212,7.631668],[-75.570326,7.626257],[-75.573354,7.618459],[-75.582814,7.606575],[-75.599259,7.602624],[-75.602983,7.600071],[-75.601602,7.593304],[-75.60258,7.582128],[-75.60589,7.580367],[-75.632988,7.58018],[-75.649623,7.586648],[-75.653556,7.589548],[-75.670758,7.597129],[-75.673762,7.597251],[-75.683059,7.584731],[-75.694796,7.580454],[-75.711502,7.581901],[-75.731083,7.60028],[-75.741474,7.611074],[-75.752992,7.60612],[-75.7589,7.605185],[-75.76132,7.601439],[-75.760458,7.584534],[-75.762028,7.573922],[-75.770477,7.565256],[-75.772646,7.556106],[-75.771914,7.542228],[-75.768655,7.53293],[-75.77134,7.52564],[-75.783687,7.516451],[-75.782977,7.508159],[-75.77692,7.500212],[-75.782292,7.486622],[-75.787966,7.476939],[-75.78889,7.459032],[-75.801962,7.446597],[-75.808848,7.446691],[-75.822139,7.441528],[-75.826692,7.434464],[-75.825745,7.426668],[-75.820404,7.417058],[-75.825024,7.411782],[-75.833247,7.397903],[-75.836789,7.387433],[-75.834931,7.371381],[-75.840903,7.363233],[-75.845609,7.36313],[-75.966302,7.357218],[-76.054927,7.364624],[-76.378012,7.391467],[-76.383934,7.392294],[-76.3899,7.396984],[-76.401877,7.410088],[-76.420344,7.435561],[-76.429099,7.4504],[-76.43064,7.461046],[-76.437049,7.47178],[-76.450466,7.490225],[-76.456068,7.505223],[-76.46121,7.508508],[-76.463743,7.516618],[-76.470239,7.520865],[-76.475765,7.526893],[-76.484244,7.533393],[-76.489246,7.542059],[-76.498114,7.551418],[-76.502553,7.560422],[-76.506944,7.576339],[-76.509935,7.583932],[-76.509288,7.595401],[-76.50714,7.605914],[-76.506898,7.614282],[-76.50473,7.628239],[-76.497904,7.644468],[-76.490308,7.655918],[-76.489179,7.659518],[-76.489257,7.677498],[-76.488264,7.685338],[-76.490039,7.701504],[-76.488643,7.720243],[-76.490924,7.730255],[-76.496142,7.74182],[-76.495398,7.750389],[-76.484602,7.756775],[-76.481016,7.77017],[-76.482832,7.778346],[-76.481677,7.788252],[-76.476078,7.817366],[-76.477762,7.831544],[-76.469448,7.844862],[-76.467251,7.854507],[-76.459727,7.865113],[-76.452428,7.8681],[-76.445603,7.878994],[-76.441296,7.889969],[-76.43731,7.895291],[-76.419798,7.910344],[-76.418187,7.91789],[-76.415313,7.952668],[-76.416302,7.960552],[-76.416682,7.985868],[-76.414664,7.996363],[-76.420395,8.007438],[-76.427005,8.017087],[-76.427044,8.023958],[-76.422687,8.034179],[-76.416049,8.07063],[-76.4084,8.082462],[-76.404678,8.085906],[-76.38983,8.093453],[-76.384134,8.101537],[-76.379801,8.114202],[-76.377075,8.134659],[-76.373491,8.145159],[-76.365689,8.161284],[-76.360005,8.167172],[-76.345148,8.17423],[-76.341829,8.186436],[-76.343696,8.196205],[-76.342698,8.20731],[-76.337003,8.212012],[-76.332689,8.224809],[-76.3321,8.23307],[-76.324667,8.260358],[-76.321001,8.276483],[-76.317447,8.282388],[-76.309717,8.28625],[-76.304974,8.292091],[-76.304533,8.30795],[-76.301921,8.315365],[-76.297885,8.320617],[-76.283608,8.331555],[-76.272359,8.344403],[-76.251831,8.360817],[-76.235171,8.36768],[-76.213936,8.381453],[-76.194486,8.389749],[-76.191177,8.392454],[-76.190204,8.400243],[-76.193499,8.408283],[-76.211362,8.435464],[-76.212413,8.439788],[-76.210389,8.464337],[-76.212604,8.482795],[-76.213361,8.500359],[-76.22012,8.520135],[-76.232336,8.538675],[-76.23458,8.54551],[-76.234403,8.555513],[-76.2293,8.562287],[-76.222541,8.568102],[-76.222807,8.573256],[-76.242526,8.572339],[-76.24966,8.579221],[-76.252602,8.585306],[-76.253048,8.606828],[-76.256072,8.61243],[-76.263628,8.617286],[-76.26656,8.62309],[-76.265246,8.629055],[-76.267488,8.634625],[-76.274372,8.639477],[-76.283383,8.648657],[-76.294503,8.652801],[-76.30203,8.652321],[-76.309434,8.655697],[-76.318141,8.656737],[-76.329771,8.65274],[-76.338097,8.646449],[-76.341384,8.64592],[-76.347229,8.657453],[-76.348833,8.668866],[-76.353285,8.679825],[-76.35579,8.695088],[-76.365695,8.718517],[-76.371794,8.724482],[-76.383213,8.732388],[-76.399724,8.746233],[-76.412124,8.747833],[-76.416449,8.755334],[-76.415782,8.758144],[-76.39932,8.774119],[-76.39526,8.781621],[-76.389184,8.783732],[-76.384544,8.790898],[-76.386534,8.79534],[-76.392973,8.817829],[-76.399575,8.844001],[-76.406895,8.869205],[-76.413625,8.889743],[-76.415158,8.886997],[-76.413874,8.872141],[-76.41557,8.86698],[-76.420824,8.859792],[-76.4286,8.85289],[-76.478618,8.826408],[-76.48715,8.81621],[-76.510911,8.802287],[-76.51459,8.78039],[-76.53061,8.76899],[-76.55749,8.75548],[-76.58284,8.74661],[-76.60819,8.74019],[-76.60973,8.73671],[-76.629845,8.731322],[-76.62769,8.72723],[-76.62831,8.72027],[-76.63321,8.71406],[-76.638439,8.710743],[-76.633348,8.698618],[-76.63491,8.68919],[-76.64495,8.67458],[-76.64908,8.67122],[-76.68501,8.65701],[-76.72614,8.64743],[-76.73531,8.645939],[-76.75601,8.63956],[-76.77682,8.63431],[-76.83064,8.62581],[-76.84901,8.62366],[-76.877496,8.622994],[-76.884815,8.621804],[-76.887255,8.609358],[-76.886047,8.602474],[-76.890566,8.593342],[-76.903565,8.578985],[-76.93449,8.556352],[-76.938097,8.551569],[-76.938099,8.545864],[-76.932727,8.532747],[-76.926041,8.531231],[-76.932049,8.540268],[-76.93173,8.544134],[-76.923681,8.541994],[-76.919354,8.544145],[-76.916713,8.538403],[-76.912148,8.534334],[-76.903807,8.531709],[-76.890583,8.52451],[-76.870911,8.518801],[-76.85276,8.512287],[-76.835197,8.503809],[-76.821214,8.49242],[-76.813051,8.482893],[-76.806327,8.472366],[-76.796879,8.45139],[-76.79454,8.43561],[-76.788129,8.42116],[-76.775556,8.421042],[-76.769223,8.416388],[-76.759344,8.397739],[-76.75731,8.38523],[-76.76038,8.354005],[-76.759051,8.348801],[-76.755163,8.345809],[-76.753247,8.338614],[-76.754071,8.322773],[-76.75621,8.3136],[-76.773897,8.265144],[-76.769387,8.257537],[-76.760092,8.25285],[-76.75914,8.246705],[-76.75553,8.240611],[-76.75375,8.22652],[-76.754546,8.220018],[-76.750858,8.215962],[-76.74839,8.203772],[-76.748397,8.19547],[-76.745291,8.18949],[-76.743964,8.181408],[-76.739529,8.171763],[-76.739095,8.158811],[-76.742775,8.141988],[-76.74662,8.13224],[-76.75447,8.12344],[-76.75431,8.11648],[-76.75041,8.11238],[-76.74384,8.11679],[-76.740034,8.112115],[-76.738919,8.098571],[-76.741553,8.092648],[-76.741514,8.082539],[-76.743061,8.064989],[-76.734042,8.069649],[-76.732835,8.072404],[-76.736496,8.087037],[-76.73013,8.08618],[-76.723744,8.082574],[-76.721063,8.071965],[-76.715296,8.062508],[-76.717309,8.047123],[-76.72165,8.03726],[-76.724325,8.037243],[-76.726764,8.029486],[-76.73064,8.02408],[-76.737546,8.018315],[-76.736217,8.014218],[-76.736025,8.001168],[-76.730802,7.997578],[-76.726493,7.984656],[-76.730823,7.973177],[-76.744735,7.962656],[-76.74454,7.956345],[-76.740424,7.950832],[-76.739023,7.94462],[-76.74527,7.93834],[-76.752593,7.937217],[-76.747273,7.931503],[-76.747181,7.92319],[-76.753425,7.916258],[-76.759426,7.913152],[-76.774428,7.908387],[-76.794984,7.904589],[-76.810661,7.90314],[-76.831297,7.902674],[-76.85745,7.903885],[-76.86273,7.900299],[-76.867527,7.90389],[-76.882369,7.905428],[-76.913833,7.913002],[-76.922913,7.9182],[-76.931076,7.932807],[-76.93273,7.943502],[-76.928399,7.967428],[-76.928441,7.98018],[-76.927179,7.991316],[-76.920734,7.997878],[-76.927572,8.006697],[-76.924208,8.012387],[-76.926851,8.014485],[-76.924108,8.027217],[-76.9182,8.030883],[-76.914836,8.038951],[-76.910597,8.042412],[-76.901815,8.045787],[-76.892116,8.04596],[-76.881673,8.042499],[-76.874601,8.030182],[-76.873659,8.021524],[-76.866043,8.026404],[-76.861592,8.020828],[-76.856635,8.023247],[-76.849536,8.022303],[-76.843468,8.018088],[-76.83956,8.023013],[-76.8474,8.031101],[-76.861548,8.03699],[-76.858335,8.043455],[-76.86993,8.046586],[-76.875352,8.052123],[-76.87105,8.055184],[-76.852304,8.057171],[-76.836973,8.043203],[-76.832608,8.047275],[-76.833367,8.052531],[-76.840858,8.058884],[-76.852727,8.061548],[-76.86579,8.06156],[-76.870254,8.071976],[-76.865713,8.074561],[-76.843776,8.078059],[-76.84146,8.081866],[-76.83599,8.082389],[-76.831214,8.086737],[-76.829233,8.092897],[-76.83386,8.094022],[-76.837331,8.089306],[-76.850869,8.089096],[-76.855114,8.093978],[-76.853149,8.098166],[-76.853716,8.120386],[-76.844519,8.123911],[-76.838194,8.12306],[-76.83377,8.12616],[-76.826098,8.128093],[-76.817123,8.135048],[-76.823568,8.13773],[-76.832132,8.133189],[-76.835409,8.136606],[-76.859903,8.133702],[-76.87072,8.130557],[-76.889906,8.12863],[-76.886817,8.116763],[-76.895629,8.109932],[-76.901461,8.101347],[-76.925745,8.090917],[-76.932634,8.09263],[-76.935965,8.100782],[-76.937726,8.112379],[-76.946784,8.118904],[-76.952407,8.125938],[-76.949689,8.133967],[-76.950461,8.144839],[-76.943732,8.154949],[-76.941585,8.167748],[-76.934896,8.165209],[-76.932007,8.159384],[-76.927419,8.163818],[-76.932548,8.16946],[-76.931621,8.174063],[-76.923997,8.176937],[-76.91539,8.177845],[-76.916562,8.181264],[-76.929495,8.178885],[-76.936253,8.183539],[-76.926544,8.201279],[-76.929266,8.201264],[-76.940276,8.208855],[-76.94192,8.207035],[-76.934016,8.192348],[-76.939193,8.181774],[-76.942907,8.180239],[-76.946558,8.184245],[-76.952022,8.182393],[-76.958986,8.187375],[-76.96613,8.209949],[-76.965215,8.226224],[-76.968446,8.229106],[-76.967065,8.23403],[-76.968358,8.243744],[-76.964185,8.244868],[-76.963111,8.238125],[-76.957588,8.238857],[-76.95394,8.242879],[-76.950258,8.253193],[-76.962565,8.256426],[-76.976132,8.256514],[-76.979998,8.254801],[-76.978246,8.24843],[-76.979179,8.241967],[-76.978543,8.230131],[-76.972617,8.213472],[-76.966652,8.192957],[-76.954254,8.179209],[-76.950219,8.171331],[-76.95436,8.14485],[-76.955373,8.12002],[-76.96067,8.116927],[-76.96461,8.122081],[-76.964887,8.127115],[-76.968189,8.132754],[-76.977215,8.132361],[-76.980994,8.124794],[-76.98628,8.105662],[-76.979657,8.099211],[-76.966731,8.094904],[-76.964808,8.085319],[-76.965848,8.078046],[-76.964209,8.074468],[-76.958133,8.078082],[-76.947907,8.066931],[-76.954597,8.04193],[-76.96442,8.034095],[-76.970677,8.031985],[-76.988047,8.030903],[-76.994341,8.023585],[-76.996779,8.018312],[-77.00406,7.993955],[-77.006157,7.977513],[-77.004794,7.969471],[-77.000224,7.960979],[-77.000338,7.957193],[-77.007215,7.951458],[-77.019137,7.950849],[-77.020288,7.944978],[-77.013712,7.939013],[-77.013086,7.931319],[-77.014737,7.924312],[-77.023331,7.905401],[-77.026905,7.889404],[-77.031099,7.880204],[-77.049409,7.86423],[-77.057986,7.851887],[-77.062888,7.849044],[-77.078446,7.846979],[-77.082739,7.842961],[-77.088074,7.831887],[-77.09505,7.824367],[-77.102936,7.823636],[-77.117437,7.831768],[-77.122729,7.832872],[-77.12689,7.829371],[-77.124892,7.812978],[-77.122893,7.788504],[-77.114909,7.783706],[-77.113429,7.779255],[-77.077002,7.753835],[-77.066817,7.738599],[-77.059858,7.726427],[-77.054583,7.713384],[-77.038943,7.702178],[-77.034184,7.696361],[-77.02827,7.685278],[-77.025319,7.677229],[-77.01619,7.668132],[-76.996591,7.652625],[-76.991364,7.643707],[-76.987166,7.631802],[-76.975195,7.625013],[-76.961704,7.620657],[-76.951904,7.614721],[-76.943673,7.613215],[-76.905619,7.578285],[-76.871835,7.549049],[-76.84636,7.532952],[-76.829431,7.521299],[-76.825656,7.514029],[-76.827376,7.506469],[-76.819475,7.503647],[-76.802598,7.476135],[-76.785915,7.456867],[-76.740284,7.399267],[-76.729256,7.385864],[-76.717132,7.367608],[-76.694997,7.362395],[-76.683829,7.354472],[-76.676,7.350389],[-76.643078,7.327423],[-76.641431,7.323354],[-76.635991,7.320466],[-76.624947,7.323813],[-76.610515,7.311878],[-76.606405,7.312759],[-76.594133,7.302975],[-76.585545,7.298664],[-76.579612,7.301378],[-76.573625,7.298088],[-76.568923,7.290367],[-76.56681,7.281598],[-76.563164,7.274486],[-76.548295,7.262836],[-76.546529,7.260138],[-76.530234,7.255108],[-76.523447,7.238755],[-76.521159,7.229816],[-76.516244,7.223342],[-76.517032,7.215063],[-76.513667,7.212471],[-76.512641,7.203673],[-76.50824,7.201597],[-76.504878,7.196159],[-76.50722,7.188659],[-76.507238,7.173911],[-76.504137,7.167956],[-76.505449,7.154503],[-76.502865,7.149324],[-76.491785,7.144904],[-76.482913,7.133273],[-76.487392,7.128522],[-76.493593,7.128217],[-76.498346,7.136682],[-76.505586,7.138998],[-76.509106,7.134929],[-76.509084,7.126563],[-76.514736,7.112592],[-76.521045,7.108412],[-76.520929,7.098575],[-76.527671,7.098186],[-76.530503,7.094977],[-76.530421,7.081499],[-76.536366,7.073713],[-76.541342,7.064061],[-76.53696,7.058903],[-76.543332,7.053648],[-76.541048,7.047247],[-76.543478,7.041588],[-76.542363,7.028362],[-76.544105,7.021348],[-76.547975,7.015643],[-76.547439,7.002698],[-76.558723,6.990575],[-76.564353,6.987535],[-76.571066,6.978728],[-76.576732,6.978853],[-76.583205,6.982327],[-76.585052,6.992473],[-76.58937,7.000385],[-76.590328,7.008421],[-76.596604,7.011417],[-76.602818,7.000984],[-76.609482,7.012416],[-76.615284,7.015993],[-76.633994,7.015004],[-76.641258,7.012327],[-76.644189,7.008552],[-76.650735,7.010009],[-76.655522,7.016954],[-76.669021,7.021876],[-76.677061,7.027918],[-76.683627,7.023044],[-76.696297,7.022892],[-76.70666,7.024915],[-76.824775,7.005458],[-76.834637,6.999269],[-76.842673,6.98806],[-76.832112,6.988905],[-76.828666,6.980982],[-76.818857,6.973792],[-76.822168,6.965383],[-76.828832,6.958116],[-76.823764,6.956154],[-76.819882,6.961881],[-76.814323,6.963757],[-76.810593,6.961572],[-76.80941,6.951919],[-76.805923,6.948296],[-76.80033,6.948863],[-76.799343,6.940215],[-76.796488,6.934228],[-76.799088,6.925667],[-76.796429,6.905175],[-76.79224,6.899389],[-76.792355,6.894952],[-76.787744,6.890339],[-76.787019,6.882552],[-76.791402,6.867195],[-76.797927,6.861393],[-76.806495,6.862294],[-76.813884,6.858939],[-76.828822,6.859406],[-76.831754,6.856136],[-76.818653,6.845465],[-76.81753,6.837994],[-76.82109,6.835041],[-76.825796,6.837625],[-76.831144,6.836829],[-76.837718,6.832473],[-76.847209,6.832859],[-76.8521,6.843506],[-76.856284,6.846455],[-76.862348,6.844201],[-76.868221,6.844994],[-76.874348,6.850657],[-76.878735,6.851237],[-76.886036,6.846227],[-76.888521,6.840276],[-76.899253,6.833743],[-76.91104,6.841439],[-76.91569,6.845825],[-76.922612,6.838301],[-76.927925,6.825612],[-76.931045,6.814208],[-76.933799,6.813366],[-76.950554,6.816327],[-76.959789,6.815894],[-76.968848,6.813783],[-76.9731,6.806072],[-76.971606,6.797276],[-76.967695,6.794967],[-76.960486,6.795055],[-76.958693,6.790157],[-76.963181,6.784496],[-76.964608,6.777904],[-76.962642,6.769071],[-76.963191,6.756465],[-76.965758,6.750693],[-76.966458,6.741136],[-76.961868,6.73499],[-76.958357,6.72533],[-76.954061,6.722921],[-76.94212,6.723802],[-76.937229,6.720327],[-76.933329,6.711245],[-76.941857,6.7062],[-76.947324,6.695796],[-76.952076,6.690744],[-76.959164,6.689611],[-76.963551,6.685824],[-76.960845,6.676678],[-76.951135,6.674423],[-76.939477,6.683966],[-76.939179,6.670718],[-76.935963,6.653098],[-76.925259,6.648993],[-76.919542,6.6514],[-76.915911,6.662976],[-76.905588,6.672087],[-76.897875,6.667654],[-76.896838,6.659472],[-76.900397,6.653957],[-76.910528,6.644724],[-76.912314,6.639133],[-76.909915,6.630245],[-76.904243,6.626168],[-76.897989,6.625164],[-76.878651,6.629905],[-76.870393,6.629577],[-76.859659,6.623115],[-76.85942,6.615477],[-76.863851,6.609526],[-76.867977,6.608614],[-76.882012,6.609845],[-76.890235,6.604978],[-76.897217,6.593162],[-76.899427,6.584724],[-76.898001,6.577522],[-76.892861,6.567574],[-76.886962,6.561546],[-76.880239,6.561716],[-76.876567,6.566521],[-76.865479,6.571055],[-76.861436,6.569499],[-76.852633,6.561082],[-76.848129,6.547606],[-76.847319,6.537336],[-76.841661,6.521892],[-76.835126,6.519765],[-76.829034,6.524218],[-76.820379,6.525485],[-76.819621,6.520109],[-76.823591,6.510262],[-76.820981,6.488798],[-76.815985,6.487149],[-76.812157,6.492023],[-76.805398,6.505],[-76.797835,6.506269],[-76.793401,6.497449],[-76.776528,6.488239],[-76.76648,6.475856],[-76.768628,6.465914],[-76.775102,6.466082],[-76.775491,6.472158],[-76.781184,6.475135],[-76.784212,6.458261],[-76.791475,6.453307],[-76.794934,6.446092],[-76.795183,6.437996],[-76.788035,6.432902],[-76.781684,6.433043],[-76.772923,6.439052],[-76.766358,6.439126],[-76.76277,6.43519],[-76.764953,6.424811],[-76.769778,6.421448],[-76.776637,6.421516],[-76.785913,6.424674],[-76.791184,6.42445],[-76.795232,6.421226],[-76.795488,6.416263],[-76.791636,6.408757],[-76.785786,6.406468],[-76.767466,6.394172],[-76.765662,6.391308],[-76.766265,6.383714],[-76.771738,6.380027],[-76.784421,6.381411],[-76.785564,6.373404],[-76.776387,6.370452],[-76.772047,6.365501],[-76.774797,6.358203],[-76.78679,6.35291],[-76.790325,6.344952],[-76.789376,6.338525],[-76.779268,6.333395],[-76.778144,6.328988],[-76.789382,6.324669],[-76.789049,6.318258],[-76.782412,6.308509],[-76.784974,6.299451],[-76.782647,6.29009],[-76.778144,6.285765],[-76.772225,6.28434],[-76.760039,6.285214],[-76.752614,6.283393],[-76.748901,6.277871],[-76.749508,6.274376],[-76.755315,6.267869],[-76.758931,6.260842],[-76.757364,6.253718],[-76.751664,6.247393],[-76.733214,6.237316],[-76.725382,6.237589],[-76.723929,6.233599],[-76.727235,6.226921],[-76.72471,6.221566],[-76.719071,6.21919],[-76.717915,6.21545],[-76.721676,6.204945],[-76.720646,6.197578],[-76.714512,6.192359],[-76.720464,6.181257],[-76.718793,6.173104],[-76.71541,6.17104],[-76.704309,6.169151],[-76.695003,6.163345],[-76.684794,6.162838],[-76.681603,6.171141],[-76.676093,6.172949],[-76.668673,6.169631],[-76.655097,6.173148],[-76.651139,6.17037],[-76.642957,6.168788],[-76.63884,6.175135],[-76.630769,6.174942],[-76.625218,6.182602],[-76.601499,6.192344],[-76.597763,6.186954],[-76.590839,6.189247],[-76.582582,6.189145],[-76.577368,6.186426],[-76.571122,6.186491],[-76.559915,6.180186],[-76.552864,6.178513],[-76.535553,6.178939],[-76.526441,6.17764],[-76.517573,6.1793],[-76.508198,6.173904],[-76.498967,6.174173],[-76.488543,6.168438],[-76.482468,6.162049],[-76.475507,6.162817],[-76.475591,6.171098],[-76.467633,6.176584],[-76.450306,6.168826],[-76.437943,6.169562],[-76.429897,6.166417],[-76.419872,6.165733],[-76.415006,6.167003],[-76.408621,6.17317],[-76.408517,6.180146],[-76.405174,6.185586],[-76.396224,6.187943],[-76.389812,6.191495],[-76.377565,6.19528],[-76.367524,6.193113],[-76.36099,6.193179],[-76.351261,6.196153],[-76.330967,6.196878],[-76.326405,6.202592],[-76.317337,6.201984],[-76.309734,6.199792],[-76.294665,6.200377],[-76.287024,6.194261],[-76.281181,6.193795],[-76.266749,6.206146],[-76.259719,6.209006],[-76.254707,6.204433],[-76.248254,6.20406],[-76.238372,6.209477],[-76.234657,6.203844],[-76.225592,6.194688],[-76.222924,6.18573],[-76.21358,6.169162],[-76.203415,6.16333],[-76.200566,6.157077],[-76.205798,6.148305],[-76.200675,6.141202],[-76.203305,6.133763],[-76.202058,6.121826],[-76.197596,6.110792],[-76.196114,6.101561],[-76.19756,6.097884],[-76.196956,6.080175],[-76.190887,6.061748],[-76.183236,6.048208],[-76.174741,6.043578],[-76.172548,6.037778],[-76.17259,6.031094],[-76.170233,6.025699],[-76.172652,6.017391],[-76.168249,6.013919],[-76.165335,6.007037],[-76.159569,6.003707],[-76.155663,6.004761],[-76.149626,5.999966],[-76.143077,5.997817],[-76.131854,5.999801],[-76.128878,6.006994],[-76.124414,6.012078],[-76.123732,6.018216],[-76.113533,6.021254],[-76.104853,6.018402],[-76.098712,6.012372],[-76.088887,5.999987],[-76.087895,5.990768],[-76.084919,5.987172],[-76.080271,5.989025],[-76.071,5.984133],[-76.066659,5.977995],[-76.070578,5.955337],[-76.068095,5.944979],[-76.070149,5.931679],[-76.072807,5.923351],[-76.078626,5.910854],[-76.082474,5.893959],[-76.085581,5.874621],[-76.098466,5.850687],[-76.09909,5.825581],[-76.097022,5.815411],[-76.090935,5.800475],[-76.084454,5.790923],[-76.076332,5.783496],[-76.071248,5.780643],[-76.075712,5.772788],[-76.080672,5.768944],[-76.077386,5.765038],[-76.067273,5.758054],[-76.066164,5.753987],[-76.070943,5.743528],[-76.069346,5.724854],[-76.070362,5.721055],[-76.080234,5.708279],[-76.079944,5.704297],[-76.084424,5.696731],[-76.086954,5.688642],[-76.081863,5.683049],[-76.073604,5.6784],[-76.06615,5.67154],[-76.066533,5.667129],[-76.05394,5.661475],[-76.044162,5.653996],[-76.035706,5.651523],[-76.023902,5.640349],[-76.022083,5.6357],[-76.011459,5.630565],[-76.006412,5.623704],[-76.004783,5.617975],[-76.006625,5.609813],[-76.002613,5.600795],[-76.011243,5.594475],[-76.007651,5.586631],[-76.006971,5.573818],[-76.009131,5.568041],[-76.008254,5.563683],[-76.002499,5.5602],[-76.001536,5.548841],[-75.998553,5.541092],[-75.99122,5.53736],[-75.988042,5.528498],[-75.982859,5.518873],[-75.969468,5.51254],[-75.962857,5.511541],[-75.959862,5.505409],[-75.95362,5.50918],[-75.936176,5.510002],[-75.932074,5.508704],[-75.923619,5.494981],[-75.91492,5.488586],[-75.901362,5.482362],[-75.890425,5.484387],[-75.884193,5.483899],[-75.871266,5.492549],[-75.867404,5.488172],[-75.865577,5.492686],[-75.859725,5.496114],[-75.853683,5.495982],[-75.849571,5.49214],[-75.843991,5.492723],[-75.831282,5.488089],[-75.828194,5.49145],[-75.827289,5.499206],[-75.81623,5.513177],[-75.809038,5.513665],[-75.800341,5.527618],[-75.792001,5.53242],[-75.785943,5.54054],[-75.776269,5.539648],[-75.772109,5.543341],[-75.768946,5.550835],[-75.761342,5.553802],[-75.751017,5.552161],[-75.74404,5.552862],[-75.736691,5.560885],[-75.730706,5.56355],[-75.726145,5.55642],[-75.71745,5.551243],[-75.710527,5.543845],[-75.696785,5.531386],[-75.689492,5.526672],[-75.681304,5.524267],[-75.669904,5.528914],[-75.656165,5.525334],[-75.653079,5.529705],[-75.640974,5.530296],[-75.635246,5.526074],[-75.623692,5.526813],[-75.617538,5.531874],[-75.611829,5.527435],[-75.604426,5.525127],[-75.596666,5.518024],[-75.578522,5.516818],[-75.569053,5.523072],[-75.570595,5.543421],[-75.575965,5.549863],[-75.576907,5.565967],[-75.574733,5.574263],[-75.576316,5.584004],[-75.580263,5.593497],[-75.581095,5.603737],[-75.579632,5.606429],[-75.58384,5.621873],[-75.582369,5.626175],[-75.585485,5.636583],[-75.589602,5.644749],[-75.583962,5.656663],[-75.575687,5.660132],[-75.572521,5.663941],[-75.573492,5.669633],[-75.58846,5.674299],[-75.59893,5.679523],[-75.599574,5.69613],[-75.598081,5.70574],[-75.595496,5.71215],[-75.599754,5.718251],[-75.599253,5.734001],[-75.59651,5.736173],[-75.586885,5.735125],[-75.578319,5.727483],[-75.568444,5.724787],[-75.553381,5.724556],[-75.54887,5.720982],[-75.54295,5.720229],[-75.54077,5.714608],[-75.543429,5.707816],[-75.538977,5.700753],[-75.534571,5.690381],[-75.528096,5.694261],[-75.517722,5.689634],[-75.506898,5.679759],[-75.501135,5.683655],[-75.487574,5.675968],[-75.486525,5.670779],[-75.477961,5.663499],[-75.461138,5.67204],[-75.455711,5.681077],[-75.442004,5.685806],[-75.440328,5.689977],[-75.433329,5.691684],[-75.428694,5.695783],[-75.415675,5.696019],[-75.412515,5.693718],[-75.405423,5.680755],[-75.400952,5.681752],[-75.39386,5.677073],[-75.383916,5.676536],[-75.376362,5.673775],[-75.374049,5.666027],[-75.368885,5.660044],[-75.367651,5.654981],[-75.368422,5.645316],[-75.372893,5.633579],[-75.383531,5.626982],[-75.383068,5.621765],[-75.378212,5.614017],[-75.368731,5.604658],[-75.36187,5.600975],[-75.35208,5.601512],[-75.341828,5.604121],[-75.340055,5.601819],[-75.345605,5.586859],[-75.341134,5.583944],[-75.338976,5.578804],[-75.338051,5.568063],[-75.329649,5.562769],[-75.327336,5.556401],[-75.333734,5.549496],[-75.332501,5.544663],[-75.327645,5.542591],[-75.33042,5.53208],[-75.328493,5.524484],[-75.323636,5.51965],[-75.315388,5.516735],[-75.310532,5.508141],[-75.314078,5.503],[-75.316544,5.484201],[-75.314217,5.475546],[-75.316807,5.472047],[-75.31403,5.468147],[-75.305581,5.468074],[-75.302047,5.472465],[-75.295592,5.474495],[-75.288321,5.473091],[-75.282265,5.475515],[-75.281939,5.466542],[-75.28548,5.458099],[-75.283908,5.443011],[-75.278422,5.440243],[-75.2794,5.426817],[-75.276918,5.422851],[-75.272086,5.422553],[-75.263822,5.433649],[-75.254021,5.449413],[-75.249486,5.461236],[-75.244297,5.463761],[-75.23975,5.469722],[-75.236584,5.477783],[-75.233456,5.479975],[-75.232065,5.48655],[-75.227314,5.491625],[-75.224648,5.497508],[-75.219434,5.503334],[-75.212423,5.506909],[-75.205412,5.507832],[-75.199096,5.517868],[-75.189941,5.518502],[-75.178758,5.522481],[-75.174882,5.525202],[-75.160138,5.527473],[-75.150134,5.530181],[-75.137497,5.527036],[-75.131793,5.536907],[-75.133093,5.543063],[-75.13082,5.550301],[-75.126176,5.557258],[-75.120735,5.559617],[-75.120296,5.564159],[-75.1131,5.567041],[-75.112311,5.57167],[-75.10608,5.572194],[-75.101165,5.57857],[-75.092477,5.583898],[-75.091951,5.589925],[-75.087738,5.594641],[-75.089406,5.602414],[-75.096777,5.60844],[-75.091687,5.610013],[-75.088879,5.615689],[-75.092302,5.621716],[-75.091161,5.62582],[-75.096163,5.633156],[-75.099059,5.641453],[-75.094232,5.651234],[-75.087212,5.661103],[-75.082122,5.660404],[-75.077032,5.656649],[-75.073434,5.657959],[-75.065623,5.665906],[-75.060095,5.66643],[-75.051319,5.664596],[-75.047545,5.660841],[-75.041051,5.666692],[-75.0321,5.669486],[-75.028414,5.674813],[-75.022622,5.677608],[-75.013759,5.678743],[-75.008076,5.682886],[-75.001231,5.69423],[-75.000104,5.702084],[-74.991118,5.707594],[-74.993225,5.715422],[-74.982412,5.718009],[-74.971284,5.715278],[-74.960798,5.719424],[-74.951603,5.720301],[-74.944377,5.72632],[-74.938109,5.728184],[-74.931106,5.733778],[-74.917411,5.734267],[-74.913669,5.735912],[-74.900828,5.73642],[-74.895121,5.739096],[-74.887428,5.739365],[-74.880464,5.746699],[-74.873224,5.748474],[-74.86166,5.74702],[-74.841515,5.738716],[-74.832997,5.727383],[-74.833385,5.718953],[-74.820805,5.7082],[-74.810558,5.708875],[-74.804788,5.698141],[-74.797582,5.702216],[-74.791129,5.696056],[-74.781244,5.695335],[-74.773652,5.688627],[-74.765237,5.696861],[-74.761367,5.695716],[-74.754527,5.699251],[-74.750904,5.697304],[-74.7451,5.700286],[-74.738647,5.700549],[-74.737896,5.704876],[-74.730978,5.71198],[-74.731601,5.71654],[-74.725263,5.723832],[-74.724717,5.727345],[-74.728625,5.744088],[-74.727025,5.74761],[-74.716146,5.751494],[-74.712112,5.758926],[-74.715105,5.767795],[-74.712453,5.774638],[-74.707648,5.775537],[-74.705293,5.769978],[-74.695634,5.77139],[-74.68504,5.778625],[-74.679536,5.778463],[-74.671778,5.770689],[-74.667395,5.769797],[-74.657548,5.775262]]],[[[-76.921444,8.195801],[-76.927684,8.191641],[-76.932395,8.18138],[-76.926982,8.179299],[-76.922123,8.181604],[-76.913173,8.181118],[-76.913854,8.187668],[-76.9115,8.191696],[-76.921444,8.195801]]]]},"properties":{"shapeName":"Antioquia"}},{"type":"Feature","geometry":{"type":"Polygon","coordinates":[[[-75.221635,10.797217],[-75.221841,10.793408],[-75.22842,10.788198],[-75.229392,10.784596],[-75.22301,10.778136],[-75.225819,10.775415],[-75.228528,10.75915],[-75.240412,10.74751],[-75.240524,10.743332],[-75.246193,10.730482],[-75.251916,10.720382],[-75.258638,10.703023],[-75.267143,10.687852],[-75.265129,10.671553],[-75.26315,10.666976],[-75.239247,10.650993],[-75.232949,10.645763],[-75.223672,10.627771],[-75.228711,10.612246],[-75.226756,10.603094],[-75.228079,10.59257],[-75.230992,10.589142],[-75.232825,10.577807],[-75.23666,10.56794],[-75.22365,10.55337],[-75.226836,10.548386],[-75.22629,10.542302],[-75.235105,10.532761],[-75.237454,10.526065],[-75.237151,10.512162],[-75.243961,10.50035],[-75.250183,10.496705],[-75.252209,10.491966],[-75.249176,10.482237],[-75.23701,10.475616],[-75.22853,10.475382],[-75.217592,10.482421],[-75.194458,10.480538],[-75.177437,10.475585],[-75.171993,10.474909],[-75.164582,10.467894],[-75.167018,10.460439],[-75.174655,10.455073],[-75.157436,10.441503],[-75.153252,10.435168],[-75.152914,10.423482],[-75.143911,10.417819],[-75.142808,10.413964],[-75.13193,10.398818],[-75.128552,10.396831],[-75.11817,10.401952],[-75.106265,10.404029],[-75.090622,10.409705],[-75.082455,10.411504],[-75.073319,10.408597],[-75.065567,10.40043],[-75.054492,10.383818],[-75.043972,10.375236],[-75.027083,10.364576],[-75.005073,10.360424],[-75.001612,10.358901],[-74.987631,10.345612],[-74.980432,10.341043],[-74.972819,10.33163],[-74.963544,10.324847],[-74.915924,10.261446],[-74.907814,10.253183],[-74.901058,10.278876],[-74.897943,10.288451],[-74.892892,10.296357],[-74.878227,10.323421],[-74.865241,10.346415],[-74.855361,10.356245],[-74.846934,10.367746],[-74.836104,10.384754],[-74.829399,10.409406],[-74.81591,10.426898],[-74.812801,10.440538],[-74.81215,10.472351],[-74.809506,10.478098],[-74.800595,10.491273],[-74.795773,10.496546],[-74.789756,10.507323],[-74.783729,10.514034],[-74.768772,10.526504],[-74.754523,10.531797],[-74.739076,10.542593],[-74.737155,10.548338],[-74.737439,10.568429],[-74.73626,10.582065],[-74.731691,10.593794],[-74.727107,10.598109],[-74.724943,10.603854],[-74.724726,10.615335],[-74.729663,10.628625],[-74.738199,10.633036],[-74.745254,10.642615],[-74.746018,10.650732],[-74.737084,10.659607],[-74.726437,10.665428],[-74.723672,10.668492],[-74.723052,10.677771],[-74.724793,10.694742],[-74.724173,10.7036],[-74.725957,10.727769],[-74.726726,10.750934],[-74.725279,10.772445],[-74.726789,10.78056],[-74.734499,10.79541],[-74.737945,10.811006],[-74.738507,10.823868],[-74.740292,10.83139],[-74.740363,10.843685],[-74.73729,10.852759],[-74.732503,10.858673],[-74.716208,10.869778],[-74.713238,10.877586],[-74.714015,10.892028],[-74.717029,10.904674],[-74.721846,10.912255],[-74.742465,10.925706],[-74.753903,10.935697],[-74.756263,10.941596],[-74.755567,10.960612],[-74.758216,10.981489],[-74.764837,10.99617],[-74.774107,11.008977],[-74.790586,11.024815],[-74.815134,11.040822],[-74.827322,11.047561],[-74.83642,11.056827],[-74.842004,11.065766],[-74.845694,11.077417],[-74.853056,11.10656],[-74.854611,11.105879],[-74.846057,11.066557],[-74.844155,11.063381],[-74.849075,11.056747],[-74.857408,11.051434],[-74.876021,11.045718],[-74.893071,11.043076],[-74.908783,11.043263],[-74.921023,11.045679],[-74.92258,11.040358],[-74.920294,11.035825],[-74.92159,11.029354],[-74.928771,11.023551],[-74.941498,11.018767],[-74.946575,11.01048],[-74.952666,11.007266],[-74.952915,11.000193],[-74.958212,10.99105],[-74.962341,10.988365],[-74.982431,10.981957],[-75.001948,10.980353],[-75.007226,10.978956],[-75.022162,10.969443],[-75.029309,10.959226],[-75.033618,10.955138],[-75.044765,10.951114],[-75.049431,10.947122],[-75.051364,10.938511],[-75.045704,10.939946],[-75.035426,10.950294],[-75.028624,10.950614],[-75.026175,10.944726],[-75.028994,10.935892],[-75.042355,10.905842],[-75.047404,10.898334],[-75.060734,10.889695],[-75.081117,10.88648],[-75.084896,10.8782],[-75.091243,10.875089],[-75.100917,10.873247],[-75.102046,10.867264],[-75.110917,10.864608],[-75.130058,10.862302],[-75.131759,10.856892],[-75.141959,10.852946],[-75.146247,10.847167],[-75.149374,10.836659],[-75.154919,10.831881],[-75.165542,10.829554],[-75.18061,10.829885],[-75.19274,10.819002],[-75.207479,10.818298],[-75.212728,10.813664],[-75.217,10.805329],[-75.216096,10.80284],[-75.221635,10.797217]]]},"properties":{"shapeName":"Atlántico"}},{"type":"Feature","geometry":{"type":"MultiPolygon","coordinates":[[[[-76.19049,9.384244],[-76.185806,9.379986],[-76.178572,9.377846],[-76.173274,9.387928],[-76.176506,9.398859],[-76.184011,9.396411],[-76.189293,9.392509],[-76.19049,9.384244]]],[[[-75.857529,9.793499],[-75.852157,9.789561],[-75.828178,9.789951],[-75.828171,9.79624],[-75.851373,9.799442],[-75.851782,9.791523],[-75.857529,9.793499]]],[[[-73.913405,7.2978],[-73.913613,7.3203],[-73.910089,7.332596],[-73.911594,7.341381],[-73.908965,7.369052],[-73.906575,7.381706],[-73.902902,7.393328],[-73.894637,7.413836],[-73.89765,7.437057],[-73.904348,7.451097],[-73.909861,7.467891],[-73.914986,7.476542],[-73.915617,7.487423],[-73.911056,7.497035],[-73.906093,7.501236],[-73.893748,7.503534],[-73.883653,7.504105],[-73.880017,7.508882],[-73.878859,7.517286],[-73.875394,7.526554],[-73.870719,7.53133],[-73.857046,7.531265],[-73.850871,7.53581],[-73.846367,7.545019],[-73.842608,7.56223],[-73.832099,7.576674],[-73.831342,7.589973],[-73.825449,7.60298],[-73.816907,7.607293],[-73.810958,7.617824],[-73.811993,7.624215],[-73.81937,7.63841],[-73.815614,7.646871],[-73.801766,7.644962],[-73.798704,7.651696],[-73.801568,7.660288],[-73.807086,7.667703],[-73.815718,7.690448],[-73.81131,7.698092],[-73.811792,7.708668],[-73.817006,7.716968],[-73.830865,7.724786],[-73.831839,7.733084],[-73.827105,7.739101],[-73.818947,7.744628],[-73.803132,7.761531],[-73.799083,7.769228],[-73.80073,7.780046],[-73.80422,7.784998],[-73.811242,7.809385],[-73.816778,7.8186],[-73.819762,7.847616],[-73.821605,7.854525],[-73.821828,7.867881],[-73.824825,7.875943],[-73.831977,7.887921],[-73.835205,7.898055],[-73.8352,7.905654],[-73.831036,7.918087],[-73.831262,7.925686],[-73.837254,7.947796],[-73.842793,7.955628],[-73.854568,7.965536],[-73.861955,7.974291],[-73.865645,7.986497],[-73.862866,8.000082],[-73.867703,8.028178],[-73.867465,8.040843],[-73.865844,8.048901],[-73.856825,8.063634],[-73.850114,8.083664],[-73.842483,8.093101],[-73.829307,8.103225],[-73.817517,8.110817],[-73.809882,8.12647],[-73.805488,8.130612],[-73.796011,8.13429],[-73.782145,8.135892],[-73.775039,8.143419],[-73.771503,8.151485],[-73.771035,8.160005],[-73.774486,8.179811],[-73.775169,8.193627],[-73.777931,8.208367],[-73.774915,8.224023],[-73.768204,8.233919],[-73.764723,8.251417],[-73.758936,8.261775],[-73.750145,8.270978],[-73.751295,8.278117],[-73.761221,8.295626],[-73.760522,8.302303],[-73.753349,8.309896],[-73.747798,8.313346],[-73.748487,8.319103],[-73.756571,8.32855],[-73.757024,8.339604],[-73.749609,8.359861],[-73.750287,8.377823],[-73.749112,8.401079],[-73.74838,8.43082],[-73.75033,8.44956],[-73.749063,8.453335],[-73.749475,8.464942],[-73.751717,8.470677],[-73.767574,8.488729],[-73.774024,8.502438],[-73.778647,8.518523],[-73.776146,8.547228],[-73.770825,8.554817],[-73.771572,8.559175],[-73.782445,8.568582],[-73.786587,8.574432],[-73.79406,8.592269],[-73.794191,8.605352],[-73.808273,8.619159],[-73.813143,8.62644],[-73.818429,8.637398],[-73.819823,8.660332],[-73.815891,8.672724],[-73.809446,8.683522],[-73.80685,8.691026],[-73.81008,8.703195],[-73.812012,8.718093],[-73.811699,8.730146],[-73.806094,8.736018],[-73.796489,8.741621],[-73.790694,8.747074],[-73.789202,8.754086],[-73.793843,8.764323],[-73.79456,8.773686],[-73.79081,8.793849],[-73.796624,8.815117],[-73.810444,8.833511],[-73.822786,8.840797],[-73.833716,8.851531],[-73.842358,8.865296],[-73.853407,8.872277],[-73.865634,8.884983],[-73.867191,8.895595],[-73.86811,8.911269],[-73.869546,8.917108],[-73.86749,8.936892],[-73.868293,8.940894],[-73.883059,8.971611],[-73.889569,8.980201],[-73.894106,8.981804],[-73.905818,8.978972],[-73.919651,8.977595],[-73.936848,8.984006],[-73.947019,8.99347],[-73.952434,8.995946],[-73.963047,8.995731],[-73.968465,8.990202],[-73.977542,8.985256],[-73.982103,8.987135],[-73.987202,8.993773],[-73.993788,8.997194],[-74.002206,8.996541],[-74.004693,9.001417],[-74.002935,9.00913],[-73.99481,9.011093],[-73.987857,9.008327],[-73.985294,9.010655],[-73.997736,9.020045],[-74.005419,9.031762],[-74.011202,9.032054],[-74.020061,9.025434],[-74.02782,9.02689],[-74.032211,9.031257],[-74.034552,9.044065],[-74.040921,9.043265],[-74.044069,9.039263],[-74.046632,9.025],[-74.054831,9.019762],[-74.060248,9.019107],[-74.068007,9.02129],[-74.074521,9.02602],[-74.090991,9.024856],[-74.101166,9.020562],[-74.10651,9.025146],[-74.109951,9.036207],[-74.113392,9.040645],[-74.119321,9.039335],[-74.121956,9.033513],[-74.13052,9.0282],[-74.139158,9.030236],[-74.142306,9.034165],[-74.139892,9.041588],[-74.134402,9.044208],[-74.12225,9.043409],[-74.119615,9.050032],[-74.127083,9.053451],[-74.137333,9.064219],[-74.151241,9.056794],[-74.15827,9.059995],[-74.157613,9.070255],[-74.161933,9.073383],[-74.169987,9.073891],[-74.177821,9.0784],[-74.175481,9.088225],[-74.183682,9.093098],[-74.190126,9.094187],[-74.199645,9.100079],[-74.203894,9.105171],[-74.212319,9.119576],[-74.223595,9.121536],[-74.227916,9.124154],[-74.227975,9.129475],[-74.22177,9.132573],[-74.224999,9.138874],[-74.23726,9.149424],[-74.244347,9.16149],[-74.249928,9.16603],[-74.267252,9.168448],[-74.281408,9.158353],[-74.286203,9.15746],[-74.297565,9.159457],[-74.299893,9.163542],[-74.299482,9.169465],[-74.294863,9.185075],[-74.290705,9.192217],[-74.291829,9.196803],[-74.296695,9.20288],[-74.310146,9.209462],[-74.334226,9.22323],[-74.343466,9.231529],[-74.348712,9.233306],[-74.358796,9.231673],[-74.369818,9.225808],[-74.37849,9.22393],[-74.393363,9.214053],[-74.402529,9.213711],[-74.408295,9.219718],[-74.415323,9.233985],[-74.424664,9.245715],[-74.431326,9.262014],[-74.430813,9.269306],[-74.433729,9.273246],[-74.439442,9.273407],[-74.445839,9.269061],[-74.463525,9.270994],[-74.475191,9.263977],[-74.484538,9.251748],[-74.49782,9.242709],[-74.505488,9.235852],[-74.512718,9.233793],[-74.516995,9.234763],[-74.521915,9.241302],[-74.529601,9.241867],[-74.530773,9.254438],[-74.533326,9.262071],[-74.537494,9.267634],[-74.548313,9.276863],[-74.554339,9.288338],[-74.560414,9.293209],[-74.56188,9.308995],[-74.565089,9.314213],[-74.575999,9.319999],[-74.5908,9.323594],[-74.603297,9.331843],[-74.613252,9.340153],[-74.614992,9.343939],[-74.612531,9.360133],[-74.614854,9.367363],[-74.621863,9.376136],[-74.626607,9.378654],[-74.637074,9.381164],[-74.647828,9.382008],[-74.655727,9.384578],[-74.662466,9.389275],[-74.668906,9.4031],[-74.669727,9.410275],[-74.674303,9.41486],[-74.692062,9.420628],[-74.696233,9.425672],[-74.701379,9.425778],[-74.713625,9.419671],[-74.725819,9.417524],[-74.735946,9.4225],[-74.739233,9.429499],[-74.738171,9.436906],[-74.742303,9.446692],[-74.755778,9.461217],[-74.760677,9.463898],[-74.770358,9.465659],[-74.783406,9.463292],[-74.794274,9.457597],[-74.804226,9.447071],[-74.807406,9.450949],[-74.808702,9.462198],[-74.804087,9.46703],[-74.794674,9.472962],[-74.794165,9.478417],[-74.798586,9.491209],[-74.79728,9.502349],[-74.791295,9.516484],[-74.791269,9.531969],[-74.800217,9.538568],[-74.805342,9.544919],[-74.804203,9.554644],[-74.798434,9.556367],[-74.789893,9.565513],[-74.776789,9.577824],[-74.774317,9.585292],[-74.772161,9.605562],[-74.780084,9.641054],[-74.784798,9.647623],[-74.800951,9.661501],[-74.803684,9.668608],[-74.802691,9.672873],[-74.786095,9.691393],[-74.786589,9.697252],[-74.798009,9.708067],[-74.807987,9.725672],[-74.814178,9.730546],[-74.814163,9.739091],[-74.805512,9.751869],[-74.803603,9.759423],[-74.806505,9.780652],[-74.808522,9.786047],[-74.822375,9.793825],[-74.834061,9.80432],[-74.84882,9.82116],[-74.846393,9.835317],[-74.851251,9.849896],[-74.853466,9.869026],[-74.855415,9.877154],[-74.864047,9.89121],[-74.867398,9.899532],[-74.866588,9.909419],[-74.871434,9.922202],[-74.873053,9.934877],[-74.864002,9.940294],[-74.854401,9.952365],[-74.847573,9.956426],[-74.839549,9.957249],[-74.82282,9.96547],[-74.809496,9.967631],[-74.797601,9.968083],[-74.792588,9.969657],[-74.787011,9.975636],[-74.785878,9.98189],[-74.786128,10.007776],[-74.788909,10.015963],[-74.802925,10.028919],[-74.815255,10.039177],[-74.819614,10.045625],[-74.826651,10.062353],[-74.831252,10.0688],[-74.845287,10.084315],[-74.85859,10.095765],[-74.868016,10.101244],[-74.883476,10.105751],[-74.895549,10.107635],[-74.913651,10.107111],[-74.923795,10.109477],[-74.938055,10.116376],[-74.942897,10.121625],[-74.945591,10.135969],[-74.944415,10.147692],[-74.941063,10.157986],[-74.931466,10.180255],[-74.926437,10.196054],[-74.916129,10.224304],[-74.910596,10.231972],[-74.907814,10.253183],[-74.915924,10.261446],[-74.963544,10.324847],[-74.972819,10.33163],[-74.980432,10.341043],[-74.987631,10.345612],[-75.001612,10.358901],[-75.005073,10.360424],[-75.027083,10.364576],[-75.043972,10.375236],[-75.054492,10.383818],[-75.065567,10.40043],[-75.073319,10.408597],[-75.082455,10.411504],[-75.090622,10.409705],[-75.106265,10.404029],[-75.11817,10.401952],[-75.128552,10.396831],[-75.13193,10.398818],[-75.142808,10.413964],[-75.143911,10.417819],[-75.152914,10.423482],[-75.153252,10.435168],[-75.157436,10.441503],[-75.174655,10.455073],[-75.167018,10.460439],[-75.164582,10.467894],[-75.171993,10.474909],[-75.177437,10.475585],[-75.194458,10.480538],[-75.217592,10.482421],[-75.22853,10.475382],[-75.23701,10.475616],[-75.249176,10.482237],[-75.252209,10.491966],[-75.250183,10.496705],[-75.243961,10.50035],[-75.237151,10.512162],[-75.237454,10.526065],[-75.235105,10.532761],[-75.22629,10.542302],[-75.226836,10.548386],[-75.22365,10.55337],[-75.23666,10.56794],[-75.232825,10.577807],[-75.230992,10.589142],[-75.228079,10.59257],[-75.226756,10.603094],[-75.228711,10.612246],[-75.223672,10.627771],[-75.232949,10.645763],[-75.239247,10.650993],[-75.26315,10.666976],[-75.265129,10.671553],[-75.267143,10.687852],[-75.258638,10.703023],[-75.251916,10.720382],[-75.246193,10.730482],[-75.240524,10.743332],[-75.240412,10.74751],[-75.228528,10.75915],[-75.225819,10.775415],[-75.22301,10.778136],[-75.229392,10.784596],[-75.22842,10.788198],[-75.221841,10.793408],[-75.221635,10.797217],[-75.23364,10.794977],[-75.250862,10.797616],[-75.261288,10.800994],[-75.263153,10.790517],[-75.27025,10.777896],[-75.271591,10.761308],[-75.270218,10.751753],[-75.271926,10.731742],[-75.275011,10.72657],[-75.273725,10.719724],[-75.275168,10.714499],[-75.282936,10.708039],[-75.299119,10.699827],[-75.312412,10.695796],[-75.331655,10.691816],[-75.358432,10.690325],[-75.367402,10.686436],[-75.395412,10.681438],[-75.396285,10.669038],[-75.401479,10.661328],[-75.411645,10.654099],[-75.416091,10.652593],[-75.420548,10.644143],[-75.431405,10.637748],[-75.441761,10.634222],[-75.451076,10.62859],[-75.459024,10.595987],[-75.461898,10.59093],[-75.468877,10.585942],[-75.48164,10.579743],[-75.494476,10.576691],[-75.502452,10.576318],[-75.510889,10.57306],[-75.513846,10.569908],[-75.515753,10.560702],[-75.512057,10.556907],[-75.502344,10.55262],[-75.49547,10.536954],[-75.495564,10.529167],[-75.498407,10.51764],[-75.502146,10.510165],[-75.501033,10.497696],[-75.495048,10.494711],[-75.491568,10.488847],[-75.494818,10.47928],[-75.501522,10.46812],[-75.510704,10.456411],[-75.533105,10.43817],[-75.546048,10.432099],[-75.554738,10.424009],[-75.551509,10.415887],[-75.552053,10.409202],[-75.557678,10.402694],[-75.564495,10.398226],[-75.559224,10.392849],[-75.555725,10.394888],[-75.548334,10.410631],[-75.54764,10.414697],[-75.539129,10.410658],[-75.539568,10.405927],[-75.5244,10.404505],[-75.529625,10.397793],[-75.525221,10.394576],[-75.525905,10.386812],[-75.51943,10.386382],[-75.512705,10.383228],[-75.508245,10.370889],[-75.510986,10.364094],[-75.511234,10.35347],[-75.507282,10.341674],[-75.511401,10.338397],[-75.509498,10.322788],[-75.503803,10.307812],[-75.503406,10.301083],[-75.506505,10.299031],[-75.515969,10.298361],[-75.520291,10.294546],[-75.52821,10.29912],[-75.528146,10.291538],[-75.536795,10.286083],[-75.532047,10.281289],[-75.533942,10.276835],[-75.54197,10.27551],[-75.546483,10.279873],[-75.557325,10.274588],[-75.561931,10.270073],[-75.556869,10.267797],[-75.558671,10.261808],[-75.564955,10.261955],[-75.564304,10.267439],[-75.575192,10.271663],[-75.580955,10.278372],[-75.582944,10.284244],[-75.579065,10.288639],[-75.578876,10.300202],[-75.586724,10.298018],[-75.591729,10.292157],[-75.595835,10.27983],[-75.593097,10.272899],[-75.595714,10.262618],[-75.599476,10.259032],[-75.61249,10.259433],[-75.62179,10.251991],[-75.621695,10.248893],[-75.611171,10.245044],[-75.604377,10.240405],[-75.595756,10.240291],[-75.593668,10.23686],[-75.58798,10.235165],[-75.59026,10.230422],[-75.605338,10.235848],[-75.608177,10.223914],[-75.612754,10.218028],[-75.618046,10.214867],[-75.620955,10.206151],[-75.628544,10.199251],[-75.633157,10.190391],[-75.63882,10.188943],[-75.647153,10.180506],[-75.654019,10.164141],[-75.659869,10.160878],[-75.672569,10.158558],[-75.675982,10.159399],[-75.683033,10.156126],[-75.691504,10.147818],[-75.704467,10.141646],[-75.702598,10.13662],[-75.694258,10.131388],[-75.684823,10.131612],[-75.683341,10.140485],[-75.668859,10.138029],[-75.667175,10.140803],[-75.652418,10.155947],[-75.649036,10.164561],[-75.638955,10.175706],[-75.64132,10.181812],[-75.638319,10.184827],[-75.631511,10.183323],[-75.62386,10.19167],[-75.621019,10.196873],[-75.612861,10.198915],[-75.605153,10.198984],[-75.591288,10.210119],[-75.584657,10.21849],[-75.578332,10.223065],[-75.566899,10.227579],[-75.559491,10.227703],[-75.553461,10.232885],[-75.547648,10.241274],[-75.540004,10.244021],[-75.522703,10.235464],[-75.546562,10.226773],[-75.529503,10.226803],[-75.524231,10.221034],[-75.52528,10.207365],[-75.520992,10.18873],[-75.522272,10.17612],[-75.527665,10.173407],[-75.537451,10.175108],[-75.539725,10.17821],[-75.53578,10.18729],[-75.53999,10.18698],[-75.54181,10.18233],[-75.54727,10.17898],[-75.541208,10.168925],[-75.535531,10.166544],[-75.532241,10.161416],[-75.543479,10.154467],[-75.548324,10.145201],[-75.556527,10.140488],[-75.558006,10.130466],[-75.565164,10.122473],[-75.498687,10.148491],[-75.544773,10.046048],[-75.541484,10.040647],[-75.533595,10.038764],[-75.523718,10.027866],[-75.516693,10.025369],[-75.508327,10.025919],[-75.503698,10.033522],[-75.492069,10.037581],[-75.483284,10.037062],[-75.481825,10.022925],[-75.483177,10.014599],[-75.481079,10.001189],[-75.474424,9.993371],[-75.472335,9.979908],[-75.465305,9.971659],[-75.462989,9.956639],[-75.470025,9.9518],[-75.473174,9.940424],[-75.481089,9.930543],[-75.481167,9.924864],[-75.477289,9.919725],[-75.481818,9.907598],[-75.47137,9.907816],[-75.467168,9.913102],[-75.462631,9.911625],[-75.465967,9.901739],[-75.457659,9.899331],[-75.443323,9.891644],[-75.437084,9.89199],[-75.431279,9.887672],[-75.412258,9.885285],[-75.394942,9.881294],[-75.379149,9.873856],[-75.373405,9.873332],[-75.370487,9.870099],[-75.358397,9.873665],[-75.357248,9.891944],[-75.358486,9.903229],[-75.352524,9.909107],[-75.342861,9.910522],[-75.341546,9.903935],[-75.341957,9.891286],[-75.336006,9.88681],[-75.330476,9.885246],[-75.324958,9.880743],[-75.3225,9.874106],[-75.326215,9.863736],[-75.331811,9.856146],[-75.332156,9.844259],[-75.336808,9.834252],[-75.34393,9.814085],[-75.348388,9.812091],[-75.349,9.805543],[-75.343462,9.800915],[-75.336692,9.798007],[-75.33451,9.792564],[-75.339127,9.785403],[-75.338488,9.776592],[-75.344565,9.760504],[-75.346014,9.747431],[-75.349929,9.741745],[-75.357163,9.736689],[-75.364399,9.723476],[-75.360438,9.720102],[-75.361767,9.712686],[-75.3605,9.70512],[-75.361006,9.688781],[-75.3703,9.684888],[-75.372452,9.681504],[-75.375373,9.666458],[-75.376132,9.653508],[-75.367651,9.652835],[-75.365791,9.647669],[-75.372013,9.630757],[-75.368111,9.632212],[-75.361844,9.64041],[-75.360865,9.64606],[-75.356205,9.646627],[-75.341646,9.641246],[-75.336729,9.633321],[-75.332666,9.630647],[-75.336114,9.625334],[-75.337591,9.616623],[-75.336254,9.611569],[-75.329772,9.612447],[-75.324775,9.616089],[-75.325334,9.621365],[-75.320907,9.6343],[-75.315391,9.647168],[-75.3149,9.652268],[-75.30647,9.655221],[-75.300252,9.655547],[-75.30101,9.667682],[-75.299788,9.669953],[-75.279518,9.685544],[-75.269162,9.684769],[-75.270473,9.677479],[-75.269413,9.670728],[-75.264769,9.669647],[-75.25354,9.659596],[-75.247353,9.660865],[-75.240753,9.656707],[-75.233237,9.649063],[-75.226653,9.650885],[-75.212803,9.648102],[-75.210604,9.651901],[-75.203783,9.651751],[-75.194648,9.645215],[-75.188823,9.644985],[-75.181557,9.639597],[-75.172943,9.641676],[-75.167873,9.639248],[-75.175342,9.634307],[-75.18288,9.632679],[-75.18883,9.628153],[-75.180855,9.625353],[-75.178939,9.615933],[-75.182172,9.604236],[-75.177497,9.602626],[-75.171889,9.609637],[-75.167182,9.612695],[-75.161965,9.610758],[-75.162924,9.606389],[-75.151781,9.600295],[-75.149623,9.596951],[-75.134314,9.594804],[-75.134095,9.588657],[-75.129471,9.579449],[-75.125462,9.575494],[-75.118642,9.573892],[-75.112349,9.567344],[-75.103662,9.565702],[-75.103007,9.561618],[-75.084893,9.545351],[-75.086029,9.541519],[-75.080847,9.534669],[-75.076528,9.53307],[-75.066894,9.535039],[-75.0582,9.533752],[-75.049247,9.540011],[-75.039813,9.53994],[-75.02944,9.531151],[-75.019694,9.531215],[-75.017566,9.52875],[-75.029708,9.516264],[-75.030974,9.511772],[-75.029437,9.503341],[-75.031848,9.486834],[-75.035853,9.475551],[-75.028588,9.457364],[-75.020907,9.460611],[-75.014977,9.458895],[-75.002411,9.446235],[-74.984161,9.440704],[-74.961348,9.441108],[-74.943285,9.444721],[-74.925817,9.444148],[-74.917165,9.442096],[-74.908779,9.433192],[-74.898202,9.42997],[-74.890861,9.433308],[-74.882208,9.433757],[-74.882983,9.426764],[-74.88718,9.422123],[-74.89481,9.422247],[-74.911763,9.416394],[-74.923779,9.392352],[-74.91834,9.384865],[-74.924505,9.376044],[-74.927122,9.36562],[-74.936682,9.355203],[-74.93894,9.349195],[-74.947669,9.344513],[-74.945342,9.337366],[-74.93997,9.331399],[-74.929464,9.326085],[-74.930929,9.315079],[-74.942572,9.305718],[-74.946834,9.292125],[-74.943035,9.286513],[-74.935186,9.282593],[-74.931357,9.273058],[-74.932669,9.266843],[-74.931668,9.259163],[-74.928546,9.253963],[-74.921556,9.252668],[-74.91164,9.23845],[-74.911623,9.234283],[-74.915312,9.227003],[-74.913303,9.215723],[-74.914181,9.204889],[-74.916737,9.196167],[-74.906174,9.189565],[-74.905576,9.184284],[-74.900786,9.180813],[-74.896942,9.174883],[-74.895594,9.166929],[-74.887413,9.166329],[-74.881124,9.162268],[-74.878317,9.155289],[-74.871479,9.147919],[-74.865478,9.13642],[-74.859808,9.132802],[-74.853332,9.133012],[-74.847149,9.122427],[-74.845674,9.11084],[-74.839901,9.104417],[-74.838695,9.092118],[-74.832795,9.090546],[-74.829112,9.084645],[-74.830859,9.079459],[-74.828607,9.075244],[-74.828824,9.068118],[-74.824992,9.059668],[-74.820582,9.055053],[-74.813235,9.052652],[-74.810347,9.048676],[-74.794351,9.047831],[-74.791763,9.044613],[-74.785931,9.045577],[-74.781923,9.039289],[-74.768788,9.038992],[-74.760979,9.041794],[-74.755716,9.045732],[-74.749496,9.043746],[-74.746459,9.038434],[-74.74756,9.028525],[-74.741371,9.023177],[-74.738001,9.016736],[-74.728045,9.014898],[-74.707548,9.007884],[-74.699005,9.007693],[-74.687925,9.011074],[-74.682614,9.011156],[-74.678246,9.007443],[-74.668992,9.004649],[-74.669464,8.998386],[-74.665367,8.993605],[-74.65152,8.988352],[-74.639165,8.977622],[-74.637089,8.967305],[-74.629676,8.95206],[-74.622847,8.934248],[-74.617647,8.93098],[-74.609298,8.931126],[-74.607856,8.927346],[-74.608655,8.917973],[-74.598243,8.904435],[-74.595838,8.899624],[-74.592745,8.887253],[-74.588621,8.876943],[-74.581061,8.87007],[-74.570752,8.854263],[-74.571095,8.842579],[-74.569225,8.83512],[-74.563592,8.828785],[-74.560211,8.816152],[-74.557501,8.810561],[-74.558028,8.803203],[-74.564828,8.793017],[-74.574311,8.786423],[-74.577699,8.772726],[-74.585297,8.770363],[-74.587366,8.760766],[-74.593391,8.762965],[-74.608006,8.762287],[-74.610239,8.760284],[-74.609223,8.753351],[-74.601441,8.747507],[-74.599435,8.739983],[-74.607171,8.731541],[-74.60856,8.727979],[-74.605599,8.717205],[-74.598436,8.706315],[-74.593187,8.692012],[-74.595933,8.67553],[-74.590189,8.671298],[-74.589494,8.667985],[-74.596849,8.657495],[-74.596147,8.648325],[-74.58732,8.636582],[-74.588663,8.62866],[-74.587389,8.623936],[-74.589251,8.615225],[-74.587206,8.610187],[-74.591944,8.605923],[-74.59485,8.598578],[-74.59334,8.591052],[-74.585261,8.589162],[-74.571513,8.580824],[-74.563751,8.571764],[-74.564758,8.559508],[-74.563944,8.549162],[-74.576065,8.547683],[-74.573356,8.530225],[-74.570901,8.521639],[-74.565772,8.515367],[-74.568296,8.507474],[-74.562903,8.506354],[-74.556334,8.508562],[-74.55447,8.50463],[-74.544177,8.490531],[-74.536515,8.482012],[-74.534302,8.476614],[-74.533198,8.46493],[-74.53958,8.458466],[-74.540892,8.450998],[-74.539463,8.434829],[-74.54616,8.423084],[-74.555642,8.411608],[-74.560305,8.4008],[-74.561064,8.390073],[-74.566637,8.389755],[-74.581642,8.384326],[-74.590995,8.391821],[-74.598022,8.403268],[-74.60981,8.403299],[-74.611625,8.394823],[-74.615784,8.386645],[-74.610947,8.375921],[-74.613769,8.366798],[-74.616428,8.364585],[-74.610403,8.358079],[-74.613479,8.347248],[-74.620003,8.342855],[-74.634962,8.322304],[-74.643845,8.317283],[-74.650048,8.309988],[-74.652268,8.297359],[-74.650543,8.28217],[-74.657707,8.278656],[-74.661346,8.283317],[-74.661433,8.290442],[-74.665895,8.29509],[-74.673134,8.295143],[-74.683169,8.292034],[-74.690892,8.297109],[-74.701761,8.298283],[-74.708071,8.302711],[-74.714157,8.302918],[-74.723608,8.300413],[-74.725341,8.297163],[-74.72543,8.285365],[-74.731096,8.281975],[-74.734753,8.289484],[-74.735269,8.30011],[-74.73809,8.306876],[-74.749419,8.306725],[-74.754469,8.301466],[-74.765885,8.296124],[-74.767932,8.293245],[-74.770178,8.279968],[-74.780796,8.278675],[-74.785137,8.276045],[-74.795486,8.269905],[-74.800821,8.270888],[-74.804842,8.274582],[-74.808517,8.272402],[-74.806353,8.266609],[-74.796944,8.259802],[-74.792498,8.253261],[-74.793048,8.24605],[-74.804557,8.243105],[-74.810018,8.232448],[-74.815468,8.227922],[-74.821052,8.229116],[-74.83357,8.220828],[-74.8341,8.216644],[-74.831249,8.209822],[-74.830955,8.20274],[-74.824997,8.199171],[-74.816661,8.19101],[-74.813843,8.183389],[-74.813661,8.174572],[-74.817242,8.168209],[-74.813322,8.155286],[-74.815794,8.14964],[-74.811982,8.143672],[-74.800928,8.139495],[-74.789092,8.138879],[-74.784951,8.131079],[-74.77865,8.128162],[-74.773952,8.121688],[-74.763116,8.125191],[-74.759275,8.128753],[-74.747866,8.12452],[-74.734632,8.116804],[-74.725259,8.116958],[-74.722793,8.10546],[-74.720477,8.100794],[-74.70949,8.097395],[-74.699269,8.091486],[-74.689121,8.088225],[-74.679318,8.080711],[-74.66411,8.059612],[-74.655568,8.053768],[-74.649621,8.052104],[-74.641863,8.056088],[-74.634518,8.055192],[-74.631296,8.05178],[-74.626105,8.039658],[-74.615292,8.031489],[-74.608486,8.033734],[-74.603625,8.032384],[-74.597488,8.024547],[-74.597587,8.018068],[-74.592313,8.010555],[-74.589725,8.003585],[-74.585029,8.001744],[-74.578163,7.994705],[-74.577258,7.986832],[-74.574678,7.985132],[-74.574083,7.976734],[-74.571652,7.973989],[-74.560461,7.969355],[-74.55919,7.961381],[-74.555226,7.956978],[-74.550404,7.956288],[-74.547098,7.949165],[-74.53855,7.947306],[-74.536409,7.935424],[-74.53715,7.917694],[-74.522506,7.906651],[-74.520624,7.900665],[-74.522217,7.89705],[-74.522568,7.876275],[-74.521382,7.8658],[-74.527236,7.852077],[-74.526708,7.841245],[-74.523029,7.828445],[-74.517954,7.819814],[-74.516597,7.814122],[-74.516955,7.799625],[-74.523805,7.792441],[-74.52479,7.781801],[-74.513818,7.780226],[-74.512032,7.765628],[-74.503817,7.753289],[-74.496896,7.748833],[-74.47736,7.740938],[-74.468405,7.735468],[-74.461483,7.729387],[-74.461478,7.723909],[-74.476665,7.707542],[-74.476273,7.703149],[-74.481052,7.690161],[-74.480519,7.683037],[-74.483032,7.67318],[-74.491069,7.66229],[-74.496968,7.659786],[-74.516107,7.663157],[-74.536316,7.663849],[-74.541566,7.662471],[-74.544366,7.65538],[-74.551823,7.649855],[-74.559663,7.647416],[-74.563564,7.641901],[-74.565741,7.633468],[-74.566448,7.617781],[-74.56355,7.612814],[-74.563372,7.605522],[-74.56757,7.59457],[-74.566534,7.584243],[-74.56937,7.581607],[-74.570219,7.554039],[-74.566916,7.543017],[-74.570053,7.53337],[-74.569982,7.52446],[-74.568156,7.519485],[-74.57383,7.514498],[-74.586684,7.514158],[-74.59023,7.511041],[-74.590183,7.50522],[-74.592872,7.49914],[-74.592803,7.490588],[-74.588216,7.482606],[-74.597773,7.472075],[-74.598159,7.460906],[-74.595854,7.455459],[-74.588413,7.447678],[-74.583413,7.44748],[-74.58488,7.437371],[-74.5746,7.43175],[-74.564122,7.433062],[-74.561012,7.4288],[-74.560385,7.418551],[-74.556992,7.41412],[-74.547507,7.411084],[-74.542591,7.403679],[-74.534322,7.400924],[-74.527348,7.390264],[-74.514986,7.384156],[-74.508571,7.37268],[-74.504752,7.360867],[-74.495257,7.345375],[-74.486766,7.342959],[-74.467363,7.346602],[-74.465639,7.357556],[-74.456192,7.363266],[-74.450744,7.374812],[-74.445251,7.380493],[-74.438705,7.381444],[-74.427729,7.379271],[-74.417921,7.382052],[-74.411105,7.392254],[-74.411488,7.398116],[-74.415883,7.411618],[-74.414953,7.423119],[-74.413171,7.426516],[-74.411683,7.438934],[-74.420512,7.440898],[-74.421112,7.44563],[-74.414841,7.453122],[-74.412076,7.461049],[-74.398402,7.46104],[-74.388593,7.464046],[-74.381205,7.473158],[-74.37029,7.475578],[-74.372085,7.467308],[-74.363737,7.459475],[-74.364681,7.447869],[-74.359031,7.44263],[-74.3583,7.438995],[-74.351582,7.431801],[-74.347279,7.430393],[-74.341366,7.424981],[-74.339025,7.417357],[-74.344004,7.411948],[-74.346992,7.404429],[-74.355525,7.399698],[-74.360787,7.394575],[-74.360924,7.389393],[-74.372515,7.376225],[-74.373542,7.36827],[-74.375938,7.36481],[-74.387869,7.361196],[-74.391191,7.353365],[-74.397372,7.348188],[-74.400514,7.340011],[-74.401951,7.330227],[-74.400757,7.314722],[-74.395124,7.309493],[-74.393499,7.302295],[-74.388015,7.301148],[-74.386278,7.297547],[-74.388816,7.284331],[-74.387509,7.27715],[-74.390034,7.270048],[-74.38917,7.265609],[-74.396007,7.255296],[-74.397978,7.24099],[-74.400676,7.233306],[-74.404716,7.228808],[-74.404398,7.224303],[-74.407701,7.216956],[-74.404928,7.20794],[-74.409403,7.202152],[-74.407362,7.191616],[-74.401853,7.189665],[-74.395129,7.172936],[-74.390764,7.172313],[-74.384636,7.159485],[-74.381998,7.150811],[-74.377423,7.141978],[-74.375103,7.130636],[-74.369657,7.125819],[-74.370884,7.116761],[-74.368919,7.106552],[-74.371868,7.099287],[-74.363242,7.086287],[-74.355296,7.088753],[-74.351577,7.081462],[-74.352259,7.067926],[-74.350092,7.054599],[-74.354228,7.028712],[-74.35457,7.010885],[-74.348406,7.01282],[-74.332086,7.012526],[-74.319945,7.019138],[-74.313327,7.007683],[-74.301437,7.003228],[-74.291702,7.004799],[-74.28714,7.002112],[-74.28346,7.0091],[-74.275157,7.012556],[-74.262893,7.009404],[-74.25767,7.004549],[-74.24916,7.002823],[-74.243812,7.004689],[-74.078543,7.151306],[-73.913405,7.2978]]],[[[-75.749053,10.18255],[-75.747492,10.172624],[-75.744346,10.170827],[-75.737122,10.172144],[-75.729948,10.181138],[-75.738307,10.180358],[-75.749053,10.18255]]],[[[-75.593608,10.347621],[-75.59111,10.339552],[-75.59344,10.331723],[-75.591692,10.323205],[-75.583599,10.320312],[-75.57554,10.326632],[-75.577798,10.329592],[-75.573768,10.339531],[-75.56811,10.34339],[-75.557778,10.345831],[-75.54962,10.336007],[-75.546669,10.341956],[-75.539529,10.346943],[-75.545709,10.351576],[-75.539084,10.360634],[-75.544354,10.364461],[-75.558247,10.366039],[-75.570146,10.373376],[-75.574084,10.378237],[-75.581676,10.367486],[-75.591514,10.358019],[-75.590627,10.351734],[-75.593608,10.347621]]]]},"properties":{"shapeName":"Bolívar"}},{"type":"Feature","geometry":{"type":"Polygon","coordinates":[[[-73.775039,8.143419],[-73.775488,8.121461],[-73.769771,8.112282],[-73.762846,8.10537],[-73.765319,8.096592],[-73.764834,8.088112],[-73.759262,8.079391],[-73.754901,8.066066],[-73.74618,8.061221],[-73.740241,8.051147],[-73.740526,8.042147],[-73.739075,8.030161],[-73.736046,8.023691],[-73.722741,8.012953],[-73.718246,8.004804],[-73.716892,7.997085],[-73.718229,7.985261],[-73.723093,7.978313],[-73.723787,7.972407],[-73.720661,7.967891],[-73.711628,7.96928],[-73.706765,7.967891],[-73.695879,7.951267],[-73.687551,7.951267],[-73.684934,7.948411],[-73.684042,7.940655],[-73.676756,7.943333],[-73.675797,7.933076],[-73.672325,7.927205],[-73.677239,7.919997],[-73.676995,7.91151],[-73.674353,7.909022],[-73.671898,7.892106],[-73.675946,7.888414],[-73.684822,7.886966],[-73.689093,7.88417],[-73.695058,7.872526],[-73.701804,7.865588],[-73.710231,7.863243],[-73.710123,7.857418],[-73.723386,7.848581],[-73.722942,7.841524],[-73.725757,7.834134],[-73.735866,7.83403],[-73.746685,7.829919],[-73.751227,7.824517],[-73.752122,7.808301],[-73.745576,7.797611],[-73.742394,7.79667],[-73.737282,7.783039],[-73.740137,7.777804],[-73.749179,7.774473],[-73.756794,7.773997],[-73.761552,7.770903],[-73.76179,7.763527],[-73.752925,7.750641],[-73.747501,7.750449],[-73.637429,7.749484],[-73.612686,7.742525],[-73.587506,7.741492],[-73.580794,7.73914],[-73.572072,7.733102],[-73.560327,7.728064],[-73.551952,7.713319],[-73.540299,7.7102],[-73.534245,7.705776],[-73.52834,7.707861],[-73.522434,7.706819],[-73.518737,7.696533],[-73.505328,7.68245],[-73.495932,7.679758],[-73.489894,7.676401],[-73.481837,7.676725],[-73.480823,7.681412],[-73.469071,7.683739],[-73.461673,7.692101],[-73.454619,7.695105],[-73.44052,7.695084],[-73.431782,7.701099],[-73.427823,7.707717],[-73.422718,7.708838],[-73.40926,7.720487],[-73.406565,7.726176],[-73.405395,7.734331],[-73.396797,7.746253],[-73.396617,7.748651],[-73.384917,7.758544],[-73.376038,7.761366],[-73.37295,7.769875],[-73.361744,7.779784],[-73.359064,7.78809],[-73.35363,7.790066],[-73.349097,7.800761],[-73.347915,7.81076],[-73.34398,7.812112],[-73.348861,7.827794],[-73.346417,7.830473],[-73.347716,7.848338],[-73.349484,7.853838],[-73.355231,7.859772],[-73.352546,7.868941],[-73.352617,7.874853],[-73.350043,7.878872],[-73.350928,7.893071],[-73.346662,7.898922],[-73.335151,7.904511],[-73.329664,7.903651],[-73.324948,7.907511],[-73.31996,7.907778],[-73.313039,7.905003],[-73.304999,7.907198],[-73.302283,7.92213],[-73.288963,7.928302],[-73.284644,7.934494],[-73.279196,7.936119],[-73.276112,7.94499],[-73.275531,7.958801],[-73.27919,7.987815],[-73.281685,7.993363],[-73.288871,7.992243],[-73.297554,7.984367],[-73.298828,7.992322],[-73.30339,7.997659],[-73.302147,8.00654],[-73.309609,8.015877],[-73.317352,8.014511],[-73.325089,8.015326],[-73.331055,8.022099],[-73.342893,8.017077],[-73.352101,8.017925],[-73.361277,8.013108],[-73.366422,8.013439],[-73.365934,8.022975],[-73.370497,8.032213],[-73.37228,8.044344],[-73.375938,8.053048],[-73.371587,8.065573],[-73.372576,8.080947],[-73.374943,8.084621],[-73.374829,8.096223],[-73.376863,8.104935],[-73.38439,8.111368],[-73.389713,8.110978],[-73.398036,8.114618],[-73.403711,8.112787],[-73.409781,8.116709],[-73.416457,8.132049],[-73.425887,8.139549],[-73.432662,8.140589],[-73.435497,8.146958],[-73.434447,8.15254],[-73.429971,8.158951],[-73.429319,8.181564],[-73.420491,8.184787],[-73.416066,8.190237],[-73.413703,8.201653],[-73.407073,8.212526],[-73.406328,8.225673],[-73.408716,8.232446],[-73.40546,8.238082],[-73.404246,8.246296],[-73.399649,8.24544],[-73.386424,8.258775],[-73.384263,8.258154],[-73.375026,8.266169],[-73.373799,8.273221],[-73.369747,8.27723],[-73.376815,8.291871],[-73.377319,8.3031],[-73.374817,8.305846],[-73.377053,8.315365],[-73.374985,8.320207],[-73.354347,8.331064],[-73.35083,8.33062],[-73.35321,8.347432],[-73.352027,8.354228],[-73.353356,8.362521],[-73.348732,8.381657],[-73.347885,8.391854],[-73.356462,8.405277],[-73.349619,8.41405],[-73.353499,8.417299],[-73.355997,8.429436],[-73.360299,8.432164],[-73.362064,8.443149],[-73.369312,8.443476],[-73.37313,8.456464],[-73.377263,8.46127],[-73.381806,8.458773],[-73.391022,8.459795],[-73.395424,8.457537],[-73.406593,8.456047],[-73.412987,8.459259],[-73.415329,8.452698],[-73.414742,8.441943],[-73.410873,8.433102],[-73.411354,8.428102],[-73.408493,8.424415],[-73.401845,8.423152],[-73.398873,8.416834],[-73.404389,8.410708],[-73.403786,8.405223],[-73.397752,8.395321],[-73.398471,8.389582],[-73.393138,8.38292],[-73.396522,8.376615],[-73.404221,8.372553],[-73.4109,8.371252],[-73.415062,8.366106],[-73.421341,8.36718],[-73.42482,8.361215],[-73.429184,8.366513],[-73.433312,8.365929],[-73.437179,8.358957],[-73.437011,8.354185],[-73.441963,8.340861],[-73.456055,8.345484],[-73.461335,8.354134],[-73.457077,8.361868],[-73.463349,8.362918],[-73.469407,8.366947],[-73.477303,8.365421],[-73.479284,8.37654],[-73.483386,8.380841],[-73.490957,8.383942],[-73.504534,8.384687],[-73.520667,8.384083],[-73.5165,8.395701],[-73.509678,8.399904],[-73.497978,8.40993],[-73.49455,8.419693],[-73.490222,8.427405],[-73.48831,8.435306],[-73.47936,8.443312],[-73.472386,8.447607],[-73.472487,8.459568],[-73.475357,8.468184],[-73.480396,8.472737],[-73.487241,8.474422],[-73.500208,8.479704],[-73.509576,8.481631],[-73.523872,8.48237],[-73.534091,8.477002],[-73.546952,8.472594],[-73.559795,8.481342],[-73.562064,8.491273],[-73.5754,8.49141],[-73.578032,8.500025],[-73.575279,8.506408],[-73.554948,8.506847],[-73.546896,8.5135],[-73.544607,8.517683],[-73.528851,8.528785],[-73.519603,8.52614],[-73.516594,8.529724],[-73.51489,8.544673],[-73.50899,8.553276],[-73.50993,8.567631],[-73.515332,8.571227],[-73.517365,8.577928],[-73.516633,8.585103],[-73.511092,8.594425],[-73.509883,8.599207],[-73.512759,8.604953],[-73.512263,8.615238],[-73.509851,8.620378],[-73.509952,8.633654],[-73.518123,8.634862],[-73.520884,8.637139],[-73.521575,8.657713],[-73.514836,8.662726],[-73.514583,8.671577],[-73.507631,8.680455],[-73.505278,8.686286],[-73.494814,8.690382],[-73.489382,8.697341],[-73.475953,8.70483],[-73.472086,8.708883],[-73.473767,8.717903],[-73.467897,8.73496],[-73.457804,8.749538],[-73.447354,8.754467],[-73.438516,8.761378],[-73.418621,8.763694],[-73.413639,8.768879],[-73.414871,8.775312],[-73.411628,8.781738],[-73.421055,8.793874],[-73.424517,8.804639],[-73.428337,8.821805],[-73.429066,8.833587],[-73.446682,8.857114],[-73.448495,8.870735],[-73.434472,8.871069],[-73.431356,8.875144],[-73.426217,8.898015],[-73.428796,8.91657],[-73.431142,8.926468],[-73.431614,8.940814],[-73.438027,8.972114],[-73.439142,8.97459],[-73.436201,8.999848],[-73.425647,9.008699],[-73.421648,9.019204],[-73.422508,9.025018],[-73.417271,9.031687],[-73.414861,9.056912],[-73.415206,9.072247],[-73.416428,9.084617],[-73.420765,9.094271],[-73.427598,9.100095],[-73.426573,9.116294],[-73.423821,9.124328],[-73.416592,9.130622],[-73.411072,9.154728],[-73.40658,9.16115],[-73.39911,9.162373],[-73.393272,9.156549],[-73.385936,9.15332],[-73.380212,9.153062],[-73.368295,9.161443],[-73.364111,9.177146],[-73.359887,9.18655],[-73.360497,9.192563],[-73.353464,9.210639],[-73.349461,9.213438],[-73.348648,9.217335],[-73.333753,9.213054],[-73.331032,9.216919],[-73.326254,9.2293],[-73.322202,9.232124],[-73.316562,9.24818],[-73.312588,9.251923],[-73.304197,9.266093],[-73.29981,9.266045],[-73.29624,9.276533],[-73.296722,9.285753],[-73.292564,9.290114],[-73.292652,9.298355],[-73.289771,9.300299],[-73.290359,9.306683],[-73.2883,9.314779],[-73.284083,9.322128],[-73.278803,9.323948],[-73.273422,9.321191],[-73.2656,9.326704],[-73.261935,9.334364],[-73.259102,9.34539],[-73.262684,9.356941],[-73.261134,9.370273],[-73.257338,9.376056],[-73.246689,9.379718],[-73.241661,9.390916],[-73.240894,9.402898],[-73.232693,9.408292],[-73.22346,9.417488],[-73.220013,9.424703],[-73.207287,9.422825],[-73.204964,9.428917],[-73.201456,9.430945],[-73.199583,9.436575],[-73.189762,9.444725],[-73.189622,9.449245],[-73.193646,9.457079],[-73.201556,9.463642],[-73.203494,9.467523],[-73.196496,9.47576],[-73.185978,9.475066],[-73.183527,9.477069],[-73.174943,9.477703],[-73.172017,9.480631],[-73.172488,9.490008],[-73.17678,9.500401],[-73.174507,9.504139],[-73.16583,9.511054],[-73.16377,9.517227],[-73.156323,9.521364],[-73.14965,9.535973],[-73.145745,9.5382],[-73.136668,9.550467],[-73.131719,9.550802],[-73.128048,9.5544],[-73.109137,9.55347],[-73.103162,9.556626],[-73.085642,9.556029],[-73.086531,9.564767],[-73.085425,9.571424],[-73.081863,9.578366],[-73.081238,9.586478],[-73.078227,9.588774],[-73.073727,9.6018],[-73.07444,9.607283],[-73.078744,9.610809],[-73.074183,9.627039],[-73.066446,9.635784],[-73.061408,9.647174],[-73.05842,9.650119],[-73.060961,9.657911],[-73.055123,9.671731],[-73.054816,9.678263],[-73.051998,9.683581],[-73.047641,9.685832],[-73.044147,9.693979],[-73.035359,9.700876],[-73.032921,9.712797],[-73.027735,9.713817],[-73.027393,9.720194],[-73.019756,9.726661],[-73.015772,9.735055],[-73.011732,9.735201],[-73.005422,9.740967],[-73.003568,9.754164],[-72.999971,9.75867],[-73.001382,9.764992],[-72.997723,9.771378],[-72.994237,9.782825],[-72.983523,9.796933],[-72.978786,9.798985],[-72.972951,9.805871],[-72.969876,9.812499],[-72.965555,9.81712],[-72.957054,9.821411],[-72.956078,9.826481],[-72.950017,9.830857],[-72.949966,9.835877],[-72.945436,9.837627],[-72.94767,9.846626],[-72.952111,9.849983],[-72.964066,9.853891],[-72.970993,9.854772],[-72.971472,9.868581],[-72.978754,9.869241],[-72.982521,9.872459],[-72.991493,9.873669],[-72.994037,9.87808],[-72.990149,9.88148],[-72.978423,9.887298],[-72.988209,9.897462],[-72.984344,9.908292],[-72.986774,9.91418],[-72.993562,9.915639],[-72.999036,9.923865],[-72.988534,9.942794],[-72.986465,9.953923],[-72.980351,9.959699],[-72.980309,9.964406],[-72.984893,9.970635],[-72.975747,9.987864],[-72.975059,9.992868],[-72.966602,9.996369],[-72.960955,10.00714],[-72.963252,10.017821],[-72.952814,10.026368],[-72.953236,10.040367],[-72.957925,10.05377],[-72.955066,10.056707],[-72.954543,10.064786],[-72.944369,10.071558],[-72.941184,10.079946],[-72.932917,10.084043],[-72.927163,10.091001],[-72.921688,10.10409],[-72.922023,10.10893],[-72.913253,10.110195],[-72.911633,10.112724],[-72.915041,10.123063],[-72.921576,10.138076],[-72.919426,10.14407],[-72.917485,10.161277],[-72.911661,10.168485],[-72.908197,10.17566],[-72.90722,10.189983],[-72.90937,10.195701],[-72.909354,10.204159],[-72.899622,10.209309],[-72.897276,10.217445],[-72.904121,10.228129],[-72.902024,10.231409],[-72.903281,10.243256],[-72.90155,10.248093],[-72.903533,10.258043],[-72.907276,10.266618],[-72.903913,10.278502],[-72.905968,10.285626],[-72.901607,10.294257],[-72.897441,10.311898],[-72.904386,10.320555],[-72.906146,10.325968],[-72.904763,10.335913],[-72.907566,10.345105],[-72.906637,10.353159],[-72.899364,10.362964],[-72.894786,10.363218],[-72.891024,10.374556],[-72.885827,10.383998],[-72.887576,10.392711],[-72.890683,10.396661],[-72.898713,10.399683],[-72.89812,10.406654],[-72.895222,10.411049],[-72.896234,10.419806],[-72.894523,10.425162],[-72.894572,10.433808],[-72.907967,10.434457],[-72.928549,10.4315],[-72.939417,10.42718],[-72.960181,10.41364],[-72.971038,10.410076],[-72.978242,10.403764],[-72.985989,10.400746],[-72.993999,10.401256],[-72.99897,10.404113],[-73.01027,10.405647],[-73.016702,10.411664],[-73.025726,10.410751],[-73.035521,10.404471],[-73.048318,10.410137],[-73.050901,10.41378],[-73.058713,10.414685],[-73.069089,10.420942],[-73.085044,10.426365],[-73.092881,10.421914],[-73.099213,10.416491],[-73.108628,10.413142],[-73.117084,10.405113],[-73.122802,10.403846],[-73.127574,10.399171],[-73.142354,10.396707],[-73.145706,10.400279],[-73.143673,10.419842],[-73.144953,10.421829],[-73.142492,10.43507],[-73.145993,10.441707],[-73.150971,10.443902],[-73.154405,10.45133],[-73.162644,10.455044],[-73.169854,10.46129],[-73.178556,10.457335],[-73.180474,10.465887],[-73.171969,10.47251],[-73.174315,10.479468],[-73.167069,10.483926],[-73.165454,10.491396],[-73.159226,10.491226],[-73.155083,10.496583],[-73.147229,10.499224],[-73.147818,10.505522],[-73.139943,10.516324],[-73.137107,10.530172],[-73.134086,10.531023],[-73.124898,10.52771],[-73.116564,10.537924],[-73.106487,10.541157],[-73.100331,10.549239],[-73.096113,10.5574],[-73.10081,10.565669],[-73.099849,10.57546],[-73.091355,10.580224],[-73.086518,10.589013],[-73.085553,10.595804],[-73.088651,10.608902],[-73.085968,10.622571],[-73.076789,10.63409],[-73.084062,10.649286],[-73.096642,10.65961],[-73.102967,10.660735],[-73.104028,10.664618],[-73.112054,10.667446],[-73.114587,10.677341],[-73.117295,10.681957],[-73.12658,10.683929],[-73.131081,10.683095],[-73.140477,10.687228],[-73.145089,10.696013],[-73.149371,10.698763],[-73.159423,10.709619],[-73.164372,10.710736],[-73.175579,10.706157],[-73.183071,10.710706],[-73.200473,10.70551],[-73.207248,10.704505],[-73.211849,10.715684],[-73.214246,10.730099],[-73.221073,10.733546],[-73.228545,10.731381],[-73.233164,10.738819],[-73.240712,10.737521],[-73.250017,10.738031],[-73.258008,10.732282],[-73.265441,10.730832],[-73.277479,10.725473],[-73.275229,10.739524],[-73.270259,10.743632],[-73.267042,10.753628],[-73.260445,10.75787],[-73.252405,10.770301],[-73.25228,10.775659],[-73.256731,10.778972],[-73.258914,10.785603],[-73.25633,10.795404],[-73.252006,10.799203],[-73.25136,10.804606],[-73.254804,10.808106],[-73.252518,10.816053],[-73.25559,10.822599],[-73.25557,10.827493],[-73.26448,10.831163],[-73.264709,10.84477],[-73.277399,10.847933],[-73.279488,10.856967],[-73.284843,10.857388],[-73.289854,10.862446],[-73.295192,10.855473],[-73.298038,10.855948],[-73.304679,10.84961],[-73.311391,10.846581],[-73.325335,10.857947],[-73.32869,10.857403],[-73.337062,10.861843],[-73.344611,10.860204],[-73.35467,10.860504],[-73.357711,10.858372],[-73.365782,10.860227],[-73.373387,10.858083],[-73.37842,10.861387],[-73.384133,10.859782],[-73.392658,10.86722],[-73.398046,10.865652],[-73.406352,10.866698],[-73.420698,10.866142],[-73.432536,10.866784],[-73.436535,10.865381],[-73.448953,10.866797],[-73.45533,10.866194],[-73.455361,10.860606],[-73.462467,10.859246],[-73.469571,10.862321],[-73.473421,10.866975],[-73.478616,10.867448],[-73.488642,10.862358],[-73.494248,10.857633],[-73.500448,10.859239],[-73.50805,10.852713],[-73.521124,10.848362],[-73.533986,10.848007],[-73.543764,10.844348],[-73.554851,10.844954],[-73.562588,10.846815],[-73.571592,10.842899],[-73.577488,10.843043],[-73.593437,10.839552],[-73.601819,10.835261],[-73.605109,10.830485],[-73.62392,10.813729],[-73.629835,10.804657],[-73.632409,10.795957],[-73.63799,10.788609],[-73.629206,10.790254],[-73.614884,10.783151],[-73.60185,10.782431],[-73.58663,10.77856],[-73.57344,10.767369],[-73.567369,10.76604],[-73.564847,10.756578],[-73.557505,10.756818],[-73.553031,10.759129],[-73.54255,10.755355],[-73.542674,10.753425],[-73.555056,10.744317],[-73.561611,10.74074],[-73.55814,10.730941],[-73.56797,10.723191],[-73.570484,10.713244],[-73.5766,10.711849],[-73.583222,10.717096],[-73.585474,10.709138],[-73.594134,10.705008],[-73.593586,10.698152],[-73.595195,10.687706],[-73.599212,10.679494],[-73.60473,10.67418],[-73.609553,10.673463],[-73.612361,10.66708],[-73.612512,10.652186],[-73.615288,10.64348],[-73.598239,10.639607],[-73.596585,10.63724],[-73.600203,10.624657],[-73.600623,10.613157],[-73.595331,10.603551],[-73.596752,10.580878],[-73.600128,10.574658],[-73.607389,10.570599],[-73.606915,10.564713],[-73.594084,10.560793],[-73.595183,10.554832],[-73.588759,10.548355],[-73.57819,10.54593],[-73.570553,10.542678],[-73.564791,10.531319],[-73.566374,10.516976],[-73.560605,10.510339],[-73.565722,10.501834],[-73.571985,10.498965],[-73.584585,10.501864],[-73.593144,10.496207],[-73.603024,10.500139],[-73.621069,10.498722],[-73.625613,10.495417],[-73.630736,10.495216],[-73.638675,10.499871],[-73.645992,10.498304],[-73.645539,10.475885],[-73.650259,10.46601],[-73.658428,10.454723],[-73.661943,10.45447],[-73.676266,10.461031],[-73.68203,10.460562],[-73.685246,10.464167],[-73.690943,10.465335],[-73.6953,10.462439],[-73.702873,10.463309],[-73.70356,10.460018],[-73.699738,10.452151],[-73.703903,10.445247],[-73.699612,10.436974],[-73.708484,10.429824],[-73.724434,10.434926],[-73.727335,10.433767],[-73.739655,10.435369],[-73.745913,10.430511],[-73.753503,10.41555],[-73.764209,10.413251],[-73.769735,10.403769],[-73.77582,10.403237],[-73.778264,10.395752],[-73.789136,10.396475],[-73.791742,10.391313],[-73.797919,10.39448],[-73.80731,10.394773],[-73.815858,10.387133],[-73.830336,10.401611],[-73.833797,10.398939],[-73.840784,10.399327],[-73.848253,10.393144],[-73.854977,10.389848],[-73.863549,10.390275],[-73.869198,10.393557],[-73.873004,10.38806],[-73.879334,10.389288],[-73.882582,10.387236],[-73.893756,10.389303],[-73.899404,10.380668],[-73.906281,10.382981],[-73.920272,10.374723],[-73.923963,10.368149],[-73.931945,10.364015],[-73.932231,10.354534],[-73.937716,10.354046],[-73.944347,10.350398],[-73.947126,10.342942],[-73.960709,10.336172],[-73.959895,10.330961],[-73.955033,10.326199],[-73.960966,10.318524],[-73.963284,10.30704],[-73.961739,10.300875],[-73.962511,10.291163],[-73.969549,10.285843],[-73.977797,10.27625],[-73.987449,10.272045],[-73.9914,10.267365],[-74.000177,10.265396],[-74.002163,10.261768],[-74.012389,10.25115],[-74.009888,10.236725],[-74.017613,10.235353],[-74.023507,10.230497],[-74.034246,10.225762],[-74.042438,10.216752],[-74.038782,10.214885],[-74.038111,10.204877],[-74.040811,10.197627],[-74.047237,10.195263],[-74.048742,10.187176],[-74.051446,10.184236],[-74.057931,10.182946],[-74.058414,10.176652],[-74.062605,10.168915],[-74.065703,10.166739],[-74.060232,10.14447],[-74.062721,10.131846],[-74.06593,10.125627],[-74.073314,10.124463],[-74.07447,10.120092],[-74.068935,10.113512],[-74.066981,10.104791],[-74.069149,10.094931],[-74.084377,10.073203],[-74.081256,10.06488],[-74.077588,10.061888],[-74.074651,10.054113],[-74.06288,10.04135],[-74.057134,10.027024],[-74.053316,10.014963],[-74.043448,10.010135],[-74.036813,10.004871],[-74.031833,9.993111],[-74.022708,9.981919],[-74.013724,9.976716],[-74.011246,9.972723],[-74.001754,9.950214],[-73.99778,9.942654],[-73.98862,9.935378],[-73.971866,9.936019],[-73.958525,9.932033],[-73.952312,9.925244],[-73.950659,9.914138],[-73.936387,9.904999],[-73.922605,9.884761],[-73.920549,9.878231],[-73.916341,9.874508],[-73.911556,9.865666],[-73.904573,9.859625],[-73.904151,9.853495],[-73.893302,9.832616],[-73.886098,9.83172],[-73.879395,9.819672],[-73.87435,9.814697],[-73.867017,9.814332],[-73.864946,9.810788],[-73.85665,9.807995],[-73.851022,9.801922],[-73.841806,9.795435],[-73.837727,9.784712],[-73.835468,9.774488],[-73.82791,9.752613],[-73.835219,9.741517],[-73.836849,9.735437],[-73.835068,9.729412],[-73.827096,9.720853],[-73.826613,9.716493],[-73.817906,9.708628],[-73.812122,9.698087],[-73.809822,9.6889],[-73.815824,9.67697],[-73.807593,9.667836],[-73.806343,9.663495],[-73.807149,9.649181],[-73.805946,9.64154],[-74.052778,9.589744],[-74.058837,9.590141],[-74.05996,9.58484],[-74.063948,9.580394],[-74.069755,9.568198],[-74.072956,9.557697],[-74.077046,9.555958],[-74.079668,9.54973],[-74.095869,9.535934],[-74.100558,9.523221],[-74.108517,9.517798],[-74.118535,9.506258],[-74.134731,9.497216],[-74.134907,9.49201],[-74.132206,9.486452],[-74.122988,9.484497],[-74.121453,9.480433],[-74.11283,9.48013],[-74.102477,9.476019],[-74.097673,9.476943],[-74.091789,9.465501],[-74.077206,9.453648],[-74.071139,9.450631],[-74.064844,9.438412],[-74.056759,9.432745],[-74.054564,9.428945],[-74.047396,9.423496],[-74.030042,9.419716],[-74.026341,9.419774],[-74.013767,9.408991],[-74.008469,9.400127],[-74.000424,9.396414],[-73.993657,9.397874],[-73.980358,9.392203],[-73.979214,9.389941],[-73.984146,9.381847],[-73.984555,9.365036],[-73.98962,9.351256],[-73.988379,9.34455],[-73.988072,9.331386],[-73.991691,9.32402],[-73.989071,9.316716],[-73.976957,9.304928],[-73.957846,9.303891],[-73.951331,9.295059],[-73.943549,9.290429],[-73.945868,9.283652],[-73.945559,9.265316],[-73.950804,9.255621],[-73.950809,9.242693],[-73.964914,9.220002],[-73.965458,9.212819],[-73.960221,9.200787],[-73.958037,9.186868],[-73.917685,9.179292],[-73.889937,9.17526],[-73.884332,9.18226],[-73.878908,9.185848],[-73.869513,9.184586],[-73.861927,9.17704],[-73.864104,9.163036],[-73.875679,9.145086],[-73.875326,9.130542],[-73.864135,9.11222],[-73.840028,9.093195],[-73.828972,9.085177],[-73.82313,9.079362],[-73.809231,9.070714],[-73.798022,9.058298],[-73.797543,9.04549],[-73.809188,9.045988],[-73.806403,9.04134],[-73.811657,9.033029],[-73.812779,9.02702],[-73.818049,9.028303],[-73.823734,9.024359],[-73.825072,9.02056],[-73.824933,9.004994],[-73.83071,8.996434],[-73.832513,8.988325],[-73.83606,8.984505],[-73.832204,8.980388],[-73.84065,8.966946],[-73.848059,8.96607],[-73.845896,8.953005],[-73.852257,8.93826],[-73.863171,8.922207],[-73.869546,8.917108],[-73.86811,8.911269],[-73.867191,8.895595],[-73.865634,8.884983],[-73.853407,8.872277],[-73.842358,8.865296],[-73.833716,8.851531],[-73.822786,8.840797],[-73.810444,8.833511],[-73.796624,8.815117],[-73.79081,8.793849],[-73.79456,8.773686],[-73.793843,8.764323],[-73.789202,8.754086],[-73.790694,8.747074],[-73.796489,8.741621],[-73.806094,8.736018],[-73.811699,8.730146],[-73.812012,8.718093],[-73.81008,8.703195],[-73.80685,8.691026],[-73.809446,8.683522],[-73.815891,8.672724],[-73.819823,8.660332],[-73.818429,8.637398],[-73.813143,8.62644],[-73.808273,8.619159],[-73.794191,8.605352],[-73.79406,8.592269],[-73.786587,8.574432],[-73.782445,8.568582],[-73.771572,8.559175],[-73.770825,8.554817],[-73.776146,8.547228],[-73.778647,8.518523],[-73.774024,8.502438],[-73.767574,8.488729],[-73.751717,8.470677],[-73.749475,8.464942],[-73.749063,8.453335],[-73.75033,8.44956],[-73.74838,8.43082],[-73.749112,8.401079],[-73.750287,8.377823],[-73.749609,8.359861],[-73.757024,8.339604],[-73.756571,8.32855],[-73.748487,8.319103],[-73.747798,8.313346],[-73.753349,8.309896],[-73.760522,8.302303],[-73.761221,8.295626],[-73.751295,8.278117],[-73.750145,8.270978],[-73.758936,8.261775],[-73.764723,8.251417],[-73.768204,8.233919],[-73.774915,8.224023],[-73.777931,8.208367],[-73.775169,8.193627],[-73.774486,8.179811],[-73.771035,8.160005],[-73.771503,8.151485],[-73.775039,8.143419]]]},"properties":{"shapeName":"Cesar"}},{"type":"Feature","geometry":{"type":"Polygon","coordinates":[[[-74.907814,10.253183],[-74.910596,10.231972],[-74.916129,10.224304],[-74.926437,10.196054],[-74.931466,10.180255],[-74.941063,10.157986],[-74.944415,10.147692],[-74.945591,10.135969],[-74.942897,10.121625],[-74.938055,10.116376],[-74.923795,10.109477],[-74.913651,10.107111],[-74.895549,10.107635],[-74.883476,10.105751],[-74.868016,10.101244],[-74.85859,10.095765],[-74.845287,10.084315],[-74.831252,10.0688],[-74.826651,10.062353],[-74.819614,10.045625],[-74.815255,10.039177],[-74.802925,10.028919],[-74.788909,10.015963],[-74.786128,10.007776],[-74.785878,9.98189],[-74.787011,9.975636],[-74.792588,9.969657],[-74.797601,9.968083],[-74.809496,9.967631],[-74.82282,9.96547],[-74.839549,9.957249],[-74.847573,9.956426],[-74.854401,9.952365],[-74.864002,9.940294],[-74.873053,9.934877],[-74.871434,9.922202],[-74.866588,9.909419],[-74.867398,9.899532],[-74.864047,9.89121],[-74.855415,9.877154],[-74.853466,9.869026],[-74.851251,9.849896],[-74.846393,9.835317],[-74.84882,9.82116],[-74.834061,9.80432],[-74.822375,9.793825],[-74.808522,9.786047],[-74.806505,9.780652],[-74.803603,9.759423],[-74.805512,9.751869],[-74.814163,9.739091],[-74.814178,9.730546],[-74.807987,9.725672],[-74.798009,9.708067],[-74.786589,9.697252],[-74.786095,9.691393],[-74.802691,9.672873],[-74.803684,9.668608],[-74.800951,9.661501],[-74.784798,9.647623],[-74.780084,9.641054],[-74.772161,9.605562],[-74.774317,9.585292],[-74.776789,9.577824],[-74.789893,9.565513],[-74.798434,9.556367],[-74.804203,9.554644],[-74.805342,9.544919],[-74.800217,9.538568],[-74.791269,9.531969],[-74.791295,9.516484],[-74.79728,9.502349],[-74.798586,9.491209],[-74.794165,9.478417],[-74.794674,9.472962],[-74.804087,9.46703],[-74.808702,9.462198],[-74.807406,9.450949],[-74.804226,9.447071],[-74.794274,9.457597],[-74.783406,9.463292],[-74.770358,9.465659],[-74.760677,9.463898],[-74.755778,9.461217],[-74.742303,9.446692],[-74.738171,9.436906],[-74.739233,9.429499],[-74.735946,9.4225],[-74.725819,9.417524],[-74.713625,9.419671],[-74.701379,9.425778],[-74.696233,9.425672],[-74.692062,9.420628],[-74.674303,9.41486],[-74.669727,9.410275],[-74.668906,9.4031],[-74.662466,9.389275],[-74.655727,9.384578],[-74.647828,9.382008],[-74.637074,9.381164],[-74.626607,9.378654],[-74.621863,9.376136],[-74.614854,9.367363],[-74.612531,9.360133],[-74.614992,9.343939],[-74.613252,9.340153],[-74.603297,9.331843],[-74.5908,9.323594],[-74.575999,9.319999],[-74.565089,9.314213],[-74.56188,9.308995],[-74.560414,9.293209],[-74.554339,9.288338],[-74.548313,9.276863],[-74.537494,9.267634],[-74.533326,9.262071],[-74.530773,9.254438],[-74.529601,9.241867],[-74.521915,9.241302],[-74.516995,9.234763],[-74.512718,9.233793],[-74.505488,9.235852],[-74.49782,9.242709],[-74.484538,9.251748],[-74.475191,9.263977],[-74.463525,9.270994],[-74.445839,9.269061],[-74.439442,9.273407],[-74.433729,9.273246],[-74.430813,9.269306],[-74.431326,9.262014],[-74.424664,9.245715],[-74.415323,9.233985],[-74.408295,9.219718],[-74.402529,9.213711],[-74.393363,9.214053],[-74.37849,9.22393],[-74.369818,9.225808],[-74.358796,9.231673],[-74.348712,9.233306],[-74.343466,9.231529],[-74.334226,9.22323],[-74.310146,9.209462],[-74.296695,9.20288],[-74.291829,9.196803],[-74.290705,9.192217],[-74.294863,9.185075],[-74.299482,9.169465],[-74.299893,9.163542],[-74.297565,9.159457],[-74.286203,9.15746],[-74.281408,9.158353],[-74.267252,9.168448],[-74.249928,9.16603],[-74.244347,9.16149],[-74.23726,9.149424],[-74.224999,9.138874],[-74.22177,9.132573],[-74.227975,9.129475],[-74.227916,9.124154],[-74.223595,9.121536],[-74.212319,9.119576],[-74.203894,9.105171],[-74.199645,9.100079],[-74.190126,9.094187],[-74.183682,9.093098],[-74.175481,9.088225],[-74.177821,9.0784],[-74.169987,9.073891],[-74.161933,9.073383],[-74.157613,9.070255],[-74.15827,9.059995],[-74.151241,9.056794],[-74.137333,9.064219],[-74.127083,9.053451],[-74.119615,9.050032],[-74.12225,9.043409],[-74.134402,9.044208],[-74.139892,9.041588],[-74.142306,9.034165],[-74.139158,9.030236],[-74.13052,9.0282],[-74.121956,9.033513],[-74.119321,9.039335],[-74.113392,9.040645],[-74.109951,9.036207],[-74.10651,9.025146],[-74.101166,9.020562],[-74.090991,9.024856],[-74.074521,9.02602],[-74.068007,9.02129],[-74.060248,9.019107],[-74.054831,9.019762],[-74.046632,9.025],[-74.044069,9.039263],[-74.040921,9.043265],[-74.034552,9.044065],[-74.032211,9.031257],[-74.02782,9.02689],[-74.020061,9.025434],[-74.011202,9.032054],[-74.005419,9.031762],[-73.997736,9.020045],[-73.985294,9.010655],[-73.987857,9.008327],[-73.99481,9.011093],[-74.002935,9.00913],[-74.004693,9.001417],[-74.002206,8.996541],[-73.993788,8.997194],[-73.987202,8.993773],[-73.982103,8.987135],[-73.977542,8.985256],[-73.968465,8.990202],[-73.963047,8.995731],[-73.952434,8.995946],[-73.947019,8.99347],[-73.936848,8.984006],[-73.919651,8.977595],[-73.905818,8.978972],[-73.894106,8.981804],[-73.889569,8.980201],[-73.883059,8.971611],[-73.868293,8.940894],[-73.86749,8.936892],[-73.869546,8.917108],[-73.863171,8.922207],[-73.852257,8.93826],[-73.845896,8.953005],[-73.848059,8.96607],[-73.84065,8.966946],[-73.832204,8.980388],[-73.83606,8.984505],[-73.832513,8.988325],[-73.83071,8.996434],[-73.824933,9.004994],[-73.825072,9.02056],[-73.823734,9.024359],[-73.818049,9.028303],[-73.812779,9.02702],[-73.811657,9.033029],[-73.806403,9.04134],[-73.809188,9.045988],[-73.797543,9.04549],[-73.798022,9.058298],[-73.809231,9.070714],[-73.82313,9.079362],[-73.828972,9.085177],[-73.840028,9.093195],[-73.864135,9.11222],[-73.875326,9.130542],[-73.875679,9.145086],[-73.864104,9.163036],[-73.861927,9.17704],[-73.869513,9.184586],[-73.878908,9.185848],[-73.884332,9.18226],[-73.889937,9.17526],[-73.917685,9.179292],[-73.958037,9.186868],[-73.960221,9.200787],[-73.965458,9.212819],[-73.964914,9.220002],[-73.950809,9.242693],[-73.950804,9.255621],[-73.945559,9.265316],[-73.945868,9.283652],[-73.943549,9.290429],[-73.951331,9.295059],[-73.957846,9.303891],[-73.976957,9.304928],[-73.989071,9.316716],[-73.991691,9.32402],[-73.988072,9.331386],[-73.988379,9.34455],[-73.98962,9.351256],[-73.984555,9.365036],[-73.984146,9.381847],[-73.979214,9.389941],[-73.980358,9.392203],[-73.993657,9.397874],[-74.000424,9.396414],[-74.008469,9.400127],[-74.013767,9.408991],[-74.026341,9.419774],[-74.030042,9.419716],[-74.047396,9.423496],[-74.054564,9.428945],[-74.056759,9.432745],[-74.064844,9.438412],[-74.071139,9.450631],[-74.077206,9.453648],[-74.091789,9.465501],[-74.097673,9.476943],[-74.102477,9.476019],[-74.11283,9.48013],[-74.121453,9.480433],[-74.122988,9.484497],[-74.132206,9.486452],[-74.134907,9.49201],[-74.134731,9.497216],[-74.118535,9.506258],[-74.108517,9.517798],[-74.100558,9.523221],[-74.095869,9.535934],[-74.079668,9.54973],[-74.077046,9.555958],[-74.072956,9.557697],[-74.069755,9.568198],[-74.063948,9.580394],[-74.05996,9.58484],[-74.058837,9.590141],[-74.052778,9.589744],[-73.805946,9.64154],[-73.807149,9.649181],[-73.806343,9.663495],[-73.807593,9.667836],[-73.815824,9.67697],[-73.809822,9.6889],[-73.812122,9.698087],[-73.817906,9.708628],[-73.826613,9.716493],[-73.827096,9.720853],[-73.835068,9.729412],[-73.836849,9.735437],[-73.835219,9.741517],[-73.82791,9.752613],[-73.835468,9.774488],[-73.837727,9.784712],[-73.841806,9.795435],[-73.851022,9.801922],[-73.85665,9.807995],[-73.864946,9.810788],[-73.867017,9.814332],[-73.87435,9.814697],[-73.879395,9.819672],[-73.886098,9.83172],[-73.893302,9.832616],[-73.904151,9.853495],[-73.904573,9.859625],[-73.911556,9.865666],[-73.916341,9.874508],[-73.920549,9.878231],[-73.922605,9.884761],[-73.936387,9.904999],[-73.950659,9.914138],[-73.952312,9.925244],[-73.958525,9.932033],[-73.971866,9.936019],[-73.98862,9.935378],[-73.99778,9.942654],[-74.001754,9.950214],[-74.011246,9.972723],[-74.013724,9.976716],[-74.022708,9.981919],[-74.031833,9.993111],[-74.036813,10.004871],[-74.043448,10.010135],[-74.053316,10.014963],[-74.057134,10.027024],[-74.06288,10.04135],[-74.074651,10.054113],[-74.077588,10.061888],[-74.081256,10.06488],[-74.084377,10.073203],[-74.069149,10.094931],[-74.066981,10.104791],[-74.068935,10.113512],[-74.07447,10.120092],[-74.073314,10.124463],[-74.06593,10.125627],[-74.062721,10.131846],[-74.060232,10.14447],[-74.065703,10.166739],[-74.062605,10.168915],[-74.058414,10.176652],[-74.057931,10.182946],[-74.051446,10.184236],[-74.048742,10.187176],[-74.047237,10.195263],[-74.040811,10.197627],[-74.038111,10.204877],[-74.038782,10.214885],[-74.042438,10.216752],[-74.034246,10.225762],[-74.023507,10.230497],[-74.017613,10.235353],[-74.009888,10.236725],[-74.012389,10.25115],[-74.002163,10.261768],[-74.000177,10.265396],[-73.9914,10.267365],[-73.987449,10.272045],[-73.977797,10.27625],[-73.969549,10.285843],[-73.962511,10.291163],[-73.961739,10.300875],[-73.963284,10.30704],[-73.960966,10.318524],[-73.955033,10.326199],[-73.959895,10.330961],[-73.960709,10.336172],[-73.947126,10.342942],[-73.944347,10.350398],[-73.937716,10.354046],[-73.932231,10.354534],[-73.931945,10.364015],[-73.923963,10.368149],[-73.920272,10.374723],[-73.906281,10.382981],[-73.899404,10.380668],[-73.893756,10.389303],[-73.882582,10.387236],[-73.879334,10.389288],[-73.873004,10.38806],[-73.869198,10.393557],[-73.863549,10.390275],[-73.854977,10.389848],[-73.848253,10.393144],[-73.840784,10.399327],[-73.833797,10.398939],[-73.830336,10.401611],[-73.815858,10.387133],[-73.80731,10.394773],[-73.797919,10.39448],[-73.791742,10.391313],[-73.789136,10.396475],[-73.778264,10.395752],[-73.77582,10.403237],[-73.769735,10.403769],[-73.764209,10.413251],[-73.753503,10.41555],[-73.745913,10.430511],[-73.739655,10.435369],[-73.727335,10.433767],[-73.724434,10.434926],[-73.708484,10.429824],[-73.699612,10.436974],[-73.703903,10.445247],[-73.699738,10.452151],[-73.70356,10.460018],[-73.702873,10.463309],[-73.6953,10.462439],[-73.690943,10.465335],[-73.685246,10.464167],[-73.68203,10.460562],[-73.676266,10.461031],[-73.661943,10.45447],[-73.658428,10.454723],[-73.650259,10.46601],[-73.645539,10.475885],[-73.645992,10.498304],[-73.638675,10.499871],[-73.630736,10.495216],[-73.625613,10.495417],[-73.621069,10.498722],[-73.603024,10.500139],[-73.593144,10.496207],[-73.584585,10.501864],[-73.571985,10.498965],[-73.565722,10.501834],[-73.560605,10.510339],[-73.566374,10.516976],[-73.564791,10.531319],[-73.570553,10.542678],[-73.57819,10.54593],[-73.588759,10.548355],[-73.595183,10.554832],[-73.594084,10.560793],[-73.606915,10.564713],[-73.607389,10.570599],[-73.600128,10.574658],[-73.596752,10.580878],[-73.595331,10.603551],[-73.600623,10.613157],[-73.600203,10.624657],[-73.596585,10.63724],[-73.598239,10.639607],[-73.615288,10.64348],[-73.612512,10.652186],[-73.612361,10.66708],[-73.609553,10.673463],[-73.60473,10.67418],[-73.599212,10.679494],[-73.595195,10.687706],[-73.593586,10.698152],[-73.594134,10.705008],[-73.585474,10.709138],[-73.583222,10.717096],[-73.5766,10.711849],[-73.570484,10.713244],[-73.56797,10.723191],[-73.55814,10.730941],[-73.561611,10.74074],[-73.555056,10.744317],[-73.542674,10.753425],[-73.54255,10.755355],[-73.553031,10.759129],[-73.557505,10.756818],[-73.564847,10.756578],[-73.567369,10.76604],[-73.57344,10.767369],[-73.58663,10.77856],[-73.60185,10.782431],[-73.614884,10.783151],[-73.629206,10.790254],[-73.63799,10.788609],[-73.632409,10.795957],[-73.629835,10.804657],[-73.62392,10.813729],[-73.605109,10.830485],[-73.601819,10.835261],[-73.601625,10.841788],[-73.604839,10.846262],[-73.61134,10.864751],[-73.614939,10.882438],[-73.622498,10.886922],[-73.628248,10.892906],[-73.633104,10.900889],[-73.635542,10.908117],[-73.63526,10.917003],[-73.640378,10.92926],[-73.636827,10.938483],[-73.636993,10.946099],[-73.643511,10.95747],[-73.6418,10.963542],[-73.648178,10.973632],[-73.661948,10.98169],[-73.664588,10.989594],[-73.663247,10.996577],[-73.657823,11.005897],[-73.648961,11.01557],[-73.648698,11.019941],[-73.653789,11.028718],[-73.644959,11.035805],[-73.64409,11.039323],[-73.636805,11.040581],[-73.637015,11.044909],[-73.641521,11.054212],[-73.649825,11.060009],[-73.647228,11.065763],[-73.641494,11.070106],[-73.647931,11.07426],[-73.648956,11.088284],[-73.646386,11.091069],[-73.648784,11.097512],[-73.643189,11.100092],[-73.637535,11.108772],[-73.642604,11.115657],[-73.642363,11.120632],[-73.652207,11.127564],[-73.65034,11.130143],[-73.653451,11.137001],[-73.645179,11.137322],[-73.64401,11.144365],[-73.628571,11.142033],[-73.621603,11.150659],[-73.616267,11.152718],[-73.618873,11.15876],[-73.615659,11.160892],[-73.609405,11.171639],[-73.602441,11.172681],[-73.600413,11.177981],[-73.589909,11.177397],[-73.588437,11.183475],[-73.591594,11.188305],[-73.582256,11.195413],[-73.583779,11.202431],[-73.580778,11.211088],[-73.581674,11.216284],[-73.575359,11.217511],[-73.572826,11.224561],[-73.576282,11.22713],[-73.571604,11.23223],[-73.568254,11.231612],[-73.567772,11.248413],[-73.564698,11.255207],[-73.567624,11.258237],[-73.592999,11.263145],[-73.604839,11.261216],[-73.61318,11.258419],[-73.625914,11.258418],[-73.642921,11.255257],[-73.649061,11.255311],[-73.659849,11.252192],[-73.67395,11.254164],[-73.696095,11.260321],[-73.701013,11.260279],[-73.70652,11.25508],[-73.71162,11.2533],[-73.72153,11.25437],[-73.757643,11.264736],[-73.764523,11.264615],[-73.771987,11.262108],[-73.774583,11.257803],[-73.790438,11.256346],[-73.814944,11.262802],[-73.821695,11.263521],[-73.843425,11.271677],[-73.856562,11.273823],[-73.874952,11.282883],[-73.88377,11.29059],[-73.89601,11.29888],[-73.90735,11.301143],[-73.919508,11.307493],[-73.927205,11.308345],[-73.934986,11.312731],[-73.938904,11.31197],[-73.947657,11.314543],[-73.96087,11.325135],[-73.965644,11.330678],[-73.973076,11.33217],[-73.974348,11.33815],[-73.979403,11.34003],[-73.988186,11.337666],[-73.991998,11.340985],[-74.007684,11.341406],[-74.012864,11.343395],[-74.020612,11.342482],[-74.023509,11.345848],[-74.029683,11.345119],[-74.035338,11.339599],[-74.041861,11.34216],[-74.041181,11.347777],[-74.046647,11.348525],[-74.05192,11.344888],[-74.053613,11.340341],[-74.049423,11.331929],[-74.056007,11.328058],[-74.062909,11.330418],[-74.060796,11.334053],[-74.063986,11.339218],[-74.069609,11.342139],[-74.076317,11.341131],[-74.079742,11.330298],[-74.07677,11.31909],[-74.079807,11.316099],[-74.086089,11.316705],[-74.088403,11.320434],[-74.095625,11.319204],[-74.100048,11.322624],[-74.095542,11.330967],[-74.099594,11.339355],[-74.110408,11.344837],[-74.111155,11.339085],[-74.106818,11.334234],[-74.10381,11.32599],[-74.105218,11.318956],[-74.110172,11.322819],[-74.115761,11.323826],[-74.117016,11.330897],[-74.126268,11.333563],[-74.128385,11.318546],[-74.135759,11.31703],[-74.13548,11.325476],[-74.141634,11.325199],[-74.142267,11.332653],[-74.148989,11.331711],[-74.151318,11.325715],[-74.159839,11.324969],[-74.159928,11.320217],[-74.154089,11.312955],[-74.146842,11.300373],[-74.15206,11.296125],[-74.159458,11.298658],[-74.168024,11.295485],[-74.171066,11.304724],[-74.182609,11.302632],[-74.194278,11.303721],[-74.191099,11.291501],[-74.195371,11.290174],[-74.195133,11.284178],[-74.198928,11.279694],[-74.206422,11.274845],[-74.20564,11.271404],[-74.196518,11.27038],[-74.191807,11.267546],[-74.195569,11.261822],[-74.210203,11.255419],[-74.215991,11.25406],[-74.214438,11.248098],[-74.217965,11.238214],[-74.225536,11.229358],[-74.232798,11.2277],[-74.237862,11.221857],[-74.228131,11.202417],[-74.231701,11.191867],[-74.239468,11.181402],[-74.23104,11.16727],[-74.226561,11.148015],[-74.229285,11.130937],[-74.233593,11.117571],[-74.228981,11.108687],[-74.224864,11.106505],[-74.217678,11.087873],[-74.217198,11.081787],[-74.21375,11.0731],[-74.217648,11.065554],[-74.22855,11.054106],[-74.229995,11.049644],[-74.242585,11.036342],[-74.242741,11.027872],[-74.251371,11.018255],[-74.261326,11.009988],[-74.276492,11.00056],[-74.287756,10.995334],[-74.291701,10.990389],[-74.295323,10.990279],[-74.304011,10.985121],[-74.317863,10.9816],[-74.340857,10.977604],[-74.356336,10.975978],[-74.382837,10.975014],[-74.402389,10.975361],[-74.421588,10.974822],[-74.446274,10.975943],[-74.477942,10.97965],[-74.51879,10.98739],[-74.54434,10.99336],[-74.578237,11.003251],[-74.600808,11.009004],[-74.637953,11.02227],[-74.650047,11.026196],[-74.67406,11.035416],[-74.716062,11.052273],[-74.735476,11.061765],[-74.7445,11.064873],[-74.7582,11.0717],[-74.77228,11.07738],[-74.79341,11.08384],[-74.8062,11.08617],[-74.81846,11.09134],[-74.831874,11.098604],[-74.83777,11.09882],[-74.846813,11.105737],[-74.853056,11.10656],[-74.845694,11.077417],[-74.842004,11.065766],[-74.83642,11.056827],[-74.827322,11.047561],[-74.815134,11.040822],[-74.790586,11.024815],[-74.774107,11.008977],[-74.764837,10.99617],[-74.758216,10.981489],[-74.755567,10.960612],[-74.756263,10.941596],[-74.753903,10.935697],[-74.742465,10.925706],[-74.721846,10.912255],[-74.717029,10.904674],[-74.714015,10.892028],[-74.713238,10.877586],[-74.716208,10.869778],[-74.732503,10.858673],[-74.73729,10.852759],[-74.740363,10.843685],[-74.740292,10.83139],[-74.738507,10.823868],[-74.737945,10.811006],[-74.734499,10.79541],[-74.726789,10.78056],[-74.725279,10.772445],[-74.726726,10.750934],[-74.725957,10.727769],[-74.724173,10.7036],[-74.724793,10.694742],[-74.723052,10.677771],[-74.723672,10.668492],[-74.726437,10.665428],[-74.737084,10.659607],[-74.746018,10.650732],[-74.745254,10.642615],[-74.738199,10.633036],[-74.729663,10.628625],[-74.724726,10.615335],[-74.724943,10.603854],[-74.727107,10.598109],[-74.731691,10.593794],[-74.73626,10.582065],[-74.737439,10.568429],[-74.737155,10.548338],[-74.739076,10.542593],[-74.754523,10.531797],[-74.768772,10.526504],[-74.783729,10.514034],[-74.789756,10.507323],[-74.795773,10.496546],[-74.800595,10.491273],[-74.809506,10.478098],[-74.81215,10.472351],[-74.812801,10.440538],[-74.81591,10.426898],[-74.829399,10.409406],[-74.836104,10.384754],[-74.846934,10.367746],[-74.855361,10.356245],[-74.865241,10.346415],[-74.878227,10.323421],[-74.892892,10.296357],[-74.897943,10.288451],[-74.901058,10.278876],[-74.907814,10.253183]]]},"properties":{"shapeName":"Magdalena"}},{"type":"Feature","geometry":{"type":"Polygon","coordinates":[[[-75.565164,10.122473],[-75.573267,10.123103],[-75.579983,10.126518],[-75.581914,10.118869],[-75.577912,10.106577],[-75.56958,10.076759],[-75.572135,10.05507],[-75.570166,10.046908],[-75.571222,10.036625],[-75.57077,10.023832],[-75.57351,10.008961],[-75.581839,10.002469],[-75.582182,9.996772],[-75.575821,9.987331],[-75.574294,9.979159],[-75.577341,9.962713],[-75.579987,9.953521],[-75.587009,9.942675],[-75.593585,9.937531],[-75.594711,9.933142],[-75.592307,9.925411],[-75.597019,9.908164],[-75.60268,9.89689],[-75.60813,9.88902],[-75.61084,9.88193],[-75.6163,9.87882],[-75.61616,9.87341],[-75.620386,9.865439],[-75.614553,9.853694],[-75.61506,9.84506],[-75.61245,9.83888],[-75.618215,9.838422],[-75.620804,9.827431],[-75.61937,9.821189],[-75.623343,9.805615],[-75.627057,9.798939],[-75.630772,9.788081],[-75.641396,9.777544],[-75.643951,9.771685],[-75.640962,9.763739],[-75.643724,9.757864],[-75.654868,9.748406],[-75.662878,9.745002],[-75.671273,9.736844],[-75.67836,9.733878],[-75.679856,9.726133],[-75.687685,9.72327],[-75.687593,9.716789],[-75.692624,9.710283],[-75.688525,9.70581],[-75.677003,9.704452],[-75.654213,9.707373],[-75.645356,9.704137],[-75.634929,9.695047],[-75.628795,9.692773],[-75.616768,9.696366],[-75.611366,9.693151],[-75.604215,9.680789],[-75.593553,9.656128],[-75.582106,9.645032],[-75.576359,9.631199],[-75.571048,9.607792],[-75.571442,9.584657],[-75.572591,9.570109],[-75.576302,9.553586],[-75.580474,9.539085],[-75.597043,9.490252],[-75.603955,9.475058],[-75.615744,9.454715],[-75.623266,9.443668],[-75.636477,9.427547],[-75.646677,9.419407],[-75.652211,9.419684],[-75.662805,9.411213],[-75.671458,9.405721],[-75.678273,9.403231],[-75.696303,9.41184],[-75.697741,9.409584],[-75.696108,9.398069],[-75.687037,9.390898],[-75.69569,9.383728],[-75.702437,9.372635],[-75.70801,9.366958],[-75.711768,9.35945],[-75.693168,9.354029],[-75.681999,9.357964],[-75.684277,9.351404],[-75.66866,9.333644],[-75.659947,9.334184],[-75.648633,9.329965],[-75.64183,9.336347],[-75.639154,9.342807],[-75.634119,9.348203],[-75.624882,9.35063],[-75.624674,9.346964],[-75.61994,9.341122],[-75.610581,9.337132],[-75.609567,9.329938],[-75.601598,9.318199],[-75.594464,9.31098],[-75.58639,9.307709],[-75.57579,9.307263],[-75.574141,9.295924],[-75.562173,9.282141],[-75.556904,9.266478],[-75.55296,9.262841],[-75.539,9.258082],[-75.536775,9.259911],[-75.522576,9.260391],[-75.513313,9.262806],[-75.505864,9.276141],[-75.499149,9.273903],[-75.503615,9.26476],[-75.496682,9.260561],[-75.49403,9.247943],[-75.487457,9.250527],[-75.479119,9.250241],[-75.477616,9.25671],[-75.467912,9.258276],[-75.458161,9.257234],[-75.457156,9.247335],[-75.461919,9.236822],[-75.464167,9.223595],[-75.467348,9.222062],[-75.471344,9.204752],[-75.466445,9.19725],[-75.468735,9.193697],[-75.459158,9.188717],[-75.455351,9.181503],[-75.446586,9.176807],[-75.441804,9.170946],[-75.423683,9.165729],[-75.421946,9.160967],[-75.42744,9.155395],[-75.425084,9.138251],[-75.409774,9.142649],[-75.405102,9.139289],[-75.399556,9.139244],[-75.389032,9.146942],[-75.38149,9.150144],[-75.372687,9.134837],[-75.365373,9.131261],[-75.362044,9.126611],[-75.357217,9.126878],[-75.349308,9.131865],[-75.341363,9.130973],[-75.335556,9.123105],[-75.323929,9.120129],[-75.321211,9.118154],[-75.311859,9.102759],[-75.306148,9.098455],[-75.294629,9.098689],[-75.291569,9.094276],[-75.294312,9.086797],[-75.293211,9.078932],[-75.295455,9.06788],[-75.283255,9.06966],[-75.278556,9.073822],[-75.270991,9.07569],[-75.266813,9.073938],[-75.260786,9.075541],[-75.246491,9.073542],[-75.242919,9.068024],[-75.234173,9.063367],[-75.22169,9.049506],[-75.214652,9.047224],[-75.208581,9.048033],[-75.204806,9.038594],[-75.211963,9.038701],[-75.216063,9.030221],[-75.221203,9.027338],[-75.226,9.019771],[-75.222635,9.014416],[-75.206143,9.001628],[-75.201234,8.99513],[-75.193182,8.992094],[-75.186353,8.985533],[-75.182294,8.9742],[-75.17484,8.963488],[-75.181054,8.963404],[-75.202381,8.96946],[-75.20529,8.965315],[-75.203817,8.957374],[-75.206627,8.946019],[-75.206511,8.924281],[-75.204466,8.916868],[-75.213665,8.91758],[-75.223407,8.909624],[-75.225884,8.903476],[-75.241219,8.895835],[-75.252761,8.894183],[-75.25979,8.897918],[-75.268174,8.896302],[-75.26876,8.881245],[-75.273621,8.881907],[-75.275,8.875473],[-75.282499,8.875449],[-75.290319,8.872352],[-75.300745,8.863412],[-75.306971,8.868608],[-75.30672,8.871809],[-75.313294,8.880296],[-75.323263,8.869809],[-75.32676,8.868227],[-75.338006,8.868878],[-75.347816,8.867778],[-75.367348,8.857689],[-75.373968,8.857425],[-75.373027,8.83961],[-75.371419,8.824462],[-75.36872,8.824028],[-75.369077,8.792111],[-75.363721,8.787096],[-75.361887,8.781612],[-75.35135,8.774379],[-75.346471,8.764905],[-75.342903,8.763779],[-75.333774,8.755057],[-75.322007,8.754943],[-75.319368,8.748203],[-75.331689,8.746036],[-75.3377,8.740439],[-75.333435,8.727023],[-75.335594,8.721431],[-75.341553,8.718002],[-75.343307,8.713783],[-75.340813,8.699137],[-75.335861,8.690836],[-75.336926,8.685403],[-75.346864,8.671245],[-75.344901,8.659741],[-75.334369,8.651168],[-75.331392,8.645337],[-75.336596,8.642478],[-75.341804,8.643218],[-75.33945,8.634051],[-75.338298,8.621179],[-75.331498,8.614211],[-75.327534,8.60797],[-75.318295,8.589728],[-75.31936,8.57599],[-75.323293,8.573218],[-75.327117,8.558963],[-75.327052,8.539103],[-75.325325,8.533813],[-75.324529,8.522846],[-75.318622,8.51738],[-75.319741,8.511134],[-75.317829,8.507169],[-75.314935,8.493371],[-75.311679,8.485437],[-75.30331,8.482059],[-75.290953,8.479639],[-75.28239,8.474937],[-75.274027,8.473828],[-75.253488,8.466892],[-75.249104,8.461798],[-75.243211,8.460681],[-75.231598,8.452582],[-75.219219,8.441837],[-75.212356,8.433534],[-75.202617,8.415972],[-75.195949,8.408992],[-75.188335,8.403528],[-75.183542,8.397836],[-75.176755,8.399092],[-75.158155,8.411368],[-75.141265,8.417466],[-75.127789,8.421475],[-75.121533,8.42622],[-75.0726,8.456801],[-75.048122,8.468591],[-75.031605,8.47336],[-75.022676,8.47376],[-75.014324,8.476807],[-74.990582,8.47989],[-74.975591,8.488058],[-74.963629,8.491491],[-74.95844,8.494545],[-74.944553,8.493851],[-74.933925,8.490631],[-74.930854,8.483795],[-74.930611,8.476575],[-74.922501,8.480082],[-74.918015,8.476771],[-74.912301,8.475924],[-74.913277,8.467834],[-74.907833,8.464498],[-74.899391,8.456199],[-74.890086,8.452884],[-74.888001,8.44351],[-74.881709,8.433747],[-74.882516,8.430629],[-74.875383,8.42167],[-74.874933,8.415631],[-74.871672,8.412939],[-74.873268,8.403342],[-74.860949,8.397489],[-74.849984,8.399951],[-74.841069,8.397029],[-74.831326,8.391122],[-74.82458,8.383951],[-74.818151,8.380074],[-74.8124,8.366745],[-74.801549,8.357222],[-74.801115,8.347543],[-74.796414,8.335975],[-74.804316,8.319419],[-74.800878,8.314087],[-74.804278,8.310269],[-74.802687,8.302547],[-74.797211,8.293163],[-74.796873,8.28401],[-74.79236,8.280029],[-74.78886,8.282279],[-74.785137,8.276045],[-74.780796,8.278675],[-74.770178,8.279968],[-74.767932,8.293245],[-74.765885,8.296124],[-74.754469,8.301466],[-74.749419,8.306725],[-74.73809,8.306876],[-74.735269,8.30011],[-74.734753,8.289484],[-74.731096,8.281975],[-74.72543,8.285365],[-74.725341,8.297163],[-74.723608,8.300413],[-74.714157,8.302918],[-74.708071,8.302711],[-74.701761,8.298283],[-74.690892,8.297109],[-74.683169,8.292034],[-74.673134,8.295143],[-74.665895,8.29509],[-74.661433,8.290442],[-74.661346,8.283317],[-74.657707,8.278656],[-74.650543,8.28217],[-74.652268,8.297359],[-74.650048,8.309988],[-74.643845,8.317283],[-74.634962,8.322304],[-74.620003,8.342855],[-74.613479,8.347248],[-74.610403,8.358079],[-74.616428,8.364585],[-74.613769,8.366798],[-74.610947,8.375921],[-74.615784,8.386645],[-74.611625,8.394823],[-74.60981,8.403299],[-74.598022,8.403268],[-74.590995,8.391821],[-74.581642,8.384326],[-74.566637,8.389755],[-74.561064,8.390073],[-74.560305,8.4008],[-74.555642,8.411608],[-74.54616,8.423084],[-74.539463,8.434829],[-74.540892,8.450998],[-74.53958,8.458466],[-74.533198,8.46493],[-74.534302,8.476614],[-74.536515,8.482012],[-74.544177,8.490531],[-74.55447,8.50463],[-74.556334,8.508562],[-74.562903,8.506354],[-74.568296,8.507474],[-74.565772,8.515367],[-74.570901,8.521639],[-74.573356,8.530225],[-74.576065,8.547683],[-74.563944,8.549162],[-74.564758,8.559508],[-74.563751,8.571764],[-74.571513,8.580824],[-74.585261,8.589162],[-74.59334,8.591052],[-74.59485,8.598578],[-74.591944,8.605923],[-74.587206,8.610187],[-74.589251,8.615225],[-74.587389,8.623936],[-74.588663,8.62866],[-74.58732,8.636582],[-74.596147,8.648325],[-74.596849,8.657495],[-74.589494,8.667985],[-74.590189,8.671298],[-74.595933,8.67553],[-74.593187,8.692012],[-74.598436,8.706315],[-74.605599,8.717205],[-74.60856,8.727979],[-74.607171,8.731541],[-74.599435,8.739983],[-74.601441,8.747507],[-74.609223,8.753351],[-74.610239,8.760284],[-74.608006,8.762287],[-74.593391,8.762965],[-74.587366,8.760766],[-74.585297,8.770363],[-74.577699,8.772726],[-74.574311,8.786423],[-74.564828,8.793017],[-74.558028,8.803203],[-74.557501,8.810561],[-74.560211,8.816152],[-74.563592,8.828785],[-74.569225,8.83512],[-74.571095,8.842579],[-74.570752,8.854263],[-74.581061,8.87007],[-74.588621,8.876943],[-74.592745,8.887253],[-74.595838,8.899624],[-74.598243,8.904435],[-74.608655,8.917973],[-74.607856,8.927346],[-74.609298,8.931126],[-74.617647,8.93098],[-74.622847,8.934248],[-74.629676,8.95206],[-74.637089,8.967305],[-74.639165,8.977622],[-74.65152,8.988352],[-74.665367,8.993605],[-74.669464,8.998386],[-74.668992,9.004649],[-74.678246,9.007443],[-74.682614,9.011156],[-74.687925,9.011074],[-74.699005,9.007693],[-74.707548,9.007884],[-74.728045,9.014898],[-74.738001,9.016736],[-74.741371,9.023177],[-74.74756,9.028525],[-74.746459,9.038434],[-74.749496,9.043746],[-74.755716,9.045732],[-74.760979,9.041794],[-74.768788,9.038992],[-74.781923,9.039289],[-74.785931,9.045577],[-74.791763,9.044613],[-74.794351,9.047831],[-74.810347,9.048676],[-74.813235,9.052652],[-74.820582,9.055053],[-74.824992,9.059668],[-74.828824,9.068118],[-74.828607,9.075244],[-74.830859,9.079459],[-74.829112,9.084645],[-74.832795,9.090546],[-74.838695,9.092118],[-74.839901,9.104417],[-74.845674,9.11084],[-74.847149,9.122427],[-74.853332,9.133012],[-74.859808,9.132802],[-74.865478,9.13642],[-74.871479,9.147919],[-74.878317,9.155289],[-74.881124,9.162268],[-74.887413,9.166329],[-74.895594,9.166929],[-74.896942,9.174883],[-74.900786,9.180813],[-74.905576,9.184284],[-74.906174,9.189565],[-74.916737,9.196167],[-74.914181,9.204889],[-74.913303,9.215723],[-74.915312,9.227003],[-74.911623,9.234283],[-74.91164,9.23845],[-74.921556,9.252668],[-74.928546,9.253963],[-74.931668,9.259163],[-74.932669,9.266843],[-74.931357,9.273058],[-74.935186,9.282593],[-74.943035,9.286513],[-74.946834,9.292125],[-74.942572,9.305718],[-74.930929,9.315079],[-74.929464,9.326085],[-74.93997,9.331399],[-74.945342,9.337366],[-74.947669,9.344513],[-74.93894,9.349195],[-74.936682,9.355203],[-74.927122,9.36562],[-74.924505,9.376044],[-74.91834,9.384865],[-74.923779,9.392352],[-74.911763,9.416394],[-74.89481,9.422247],[-74.88718,9.422123],[-74.882983,9.426764],[-74.882208,9.433757],[-74.890861,9.433308],[-74.898202,9.42997],[-74.908779,9.433192],[-74.917165,9.442096],[-74.925817,9.444148],[-74.943285,9.444721],[-74.961348,9.441108],[-74.984161,9.440704],[-75.002411,9.446235],[-75.014977,9.458895],[-75.020907,9.460611],[-75.028588,9.457364],[-75.035853,9.475551],[-75.031848,9.486834],[-75.029437,9.503341],[-75.030974,9.511772],[-75.029708,9.516264],[-75.017566,9.52875],[-75.019694,9.531215],[-75.02944,9.531151],[-75.039813,9.53994],[-75.049247,9.540011],[-75.0582,9.533752],[-75.066894,9.535039],[-75.076528,9.53307],[-75.080847,9.534669],[-75.086029,9.541519],[-75.084893,9.545351],[-75.103007,9.561618],[-75.103662,9.565702],[-75.112349,9.567344],[-75.118642,9.573892],[-75.125462,9.575494],[-75.129471,9.579449],[-75.134095,9.588657],[-75.134314,9.594804],[-75.149623,9.596951],[-75.151781,9.600295],[-75.162924,9.606389],[-75.161965,9.610758],[-75.167182,9.612695],[-75.171889,9.609637],[-75.177497,9.602626],[-75.182172,9.604236],[-75.178939,9.615933],[-75.180855,9.625353],[-75.18883,9.628153],[-75.18288,9.632679],[-75.175342,9.634307],[-75.167873,9.639248],[-75.172943,9.641676],[-75.181557,9.639597],[-75.188823,9.644985],[-75.194648,9.645215],[-75.203783,9.651751],[-75.210604,9.651901],[-75.212803,9.648102],[-75.226653,9.650885],[-75.233237,9.649063],[-75.240753,9.656707],[-75.247353,9.660865],[-75.25354,9.659596],[-75.264769,9.669647],[-75.269413,9.670728],[-75.270473,9.677479],[-75.269162,9.684769],[-75.279518,9.685544],[-75.299788,9.669953],[-75.30101,9.667682],[-75.300252,9.655547],[-75.30647,9.655221],[-75.3149,9.652268],[-75.315391,9.647168],[-75.320907,9.6343],[-75.325334,9.621365],[-75.324775,9.616089],[-75.329772,9.612447],[-75.336254,9.611569],[-75.337591,9.616623],[-75.336114,9.625334],[-75.332666,9.630647],[-75.336729,9.633321],[-75.341646,9.641246],[-75.356205,9.646627],[-75.360865,9.64606],[-75.361844,9.64041],[-75.368111,9.632212],[-75.372013,9.630757],[-75.365791,9.647669],[-75.367651,9.652835],[-75.376132,9.653508],[-75.375373,9.666458],[-75.372452,9.681504],[-75.3703,9.684888],[-75.361006,9.688781],[-75.3605,9.70512],[-75.361767,9.712686],[-75.360438,9.720102],[-75.364399,9.723476],[-75.357163,9.736689],[-75.349929,9.741745],[-75.346014,9.747431],[-75.344565,9.760504],[-75.338488,9.776592],[-75.339127,9.785403],[-75.33451,9.792564],[-75.336692,9.798007],[-75.343462,9.800915],[-75.349,9.805543],[-75.348388,9.812091],[-75.34393,9.814085],[-75.336808,9.834252],[-75.332156,9.844259],[-75.331811,9.856146],[-75.326215,9.863736],[-75.3225,9.874106],[-75.324958,9.880743],[-75.330476,9.885246],[-75.336006,9.88681],[-75.341957,9.891286],[-75.341546,9.903935],[-75.342861,9.910522],[-75.352524,9.909107],[-75.358486,9.903229],[-75.357248,9.891944],[-75.358397,9.873665],[-75.370487,9.870099],[-75.373405,9.873332],[-75.379149,9.873856],[-75.394942,9.881294],[-75.412258,9.885285],[-75.431279,9.887672],[-75.437084,9.89199],[-75.443323,9.891644],[-75.457659,9.899331],[-75.465967,9.901739],[-75.462631,9.911625],[-75.467168,9.913102],[-75.47137,9.907816],[-75.481818,9.907598],[-75.477289,9.919725],[-75.481167,9.924864],[-75.481089,9.930543],[-75.473174,9.940424],[-75.470025,9.9518],[-75.462989,9.956639],[-75.465305,9.971659],[-75.472335,9.979908],[-75.474424,9.993371],[-75.481079,10.001189],[-75.483177,10.014599],[-75.481825,10.022925],[-75.483284,10.037062],[-75.492069,10.037581],[-75.503698,10.033522],[-75.508327,10.025919],[-75.516693,10.025369],[-75.523718,10.027866],[-75.533595,10.038764],[-75.541484,10.040647],[-75.544773,10.046048],[-75.498687,10.148491],[-75.565164,10.122473]]]},"properties":{"shapeName":"Sucre"}},{"type":"Feature","geometry":{"type":"Polygon","coordinates":[[[-74.824997,8.199171],[-74.830955,8.20274],[-74.831249,8.209822],[-74.8341,8.216644],[-74.83357,8.220828],[-74.821052,8.229116],[-74.815468,8.227922],[-74.810018,8.232448],[-74.804557,8.243105],[-74.793048,8.24605],[-74.792498,8.253261],[-74.796944,8.259802],[-74.806353,8.266609],[-74.808517,8.272402],[-74.804842,8.274582],[-74.800821,8.270888],[-74.795486,8.269905],[-74.785137,8.276045],[-74.78886,8.282279],[-74.79236,8.280029],[-74.796873,8.28401],[-74.797211,8.293163],[-74.802687,8.302547],[-74.804278,8.310269],[-74.800878,8.314087],[-74.804316,8.319419],[-74.796414,8.335975],[-74.801115,8.347543],[-74.801549,8.357222],[-74.8124,8.366745],[-74.818151,8.380074],[-74.82458,8.383951],[-74.831326,8.391122],[-74.841069,8.397029],[-74.849984,8.399951],[-74.860949,8.397489],[-74.873268,8.403342],[-74.871672,8.412939],[-74.874933,8.415631],[-74.875383,8.42167],[-74.882516,8.430629],[-74.881709,8.433747],[-74.888001,8.44351],[-74.890086,8.452884],[-74.899391,8.456199],[-74.907833,8.464498],[-74.913277,8.467834],[-74.912301,8.475924],[-74.918015,8.476771],[-74.922501,8.480082],[-74.930611,8.476575],[-74.930854,8.483795],[-74.933925,8.490631],[-74.944553,8.493851],[-74.95844,8.494545],[-74.963629,8.491491],[-74.975591,8.488058],[-74.990582,8.47989],[-75.014324,8.476807],[-75.022676,8.47376],[-75.031605,8.47336],[-75.048122,8.468591],[-75.0726,8.456801],[-75.121533,8.42622],[-75.127789,8.421475],[-75.141265,8.417466],[-75.158155,8.411368],[-75.176755,8.399092],[-75.183542,8.397836],[-75.188335,8.403528],[-75.195949,8.408992],[-75.202617,8.415972],[-75.212356,8.433534],[-75.219219,8.441837],[-75.231598,8.452582],[-75.243211,8.460681],[-75.249104,8.461798],[-75.253488,8.466892],[-75.274027,8.473828],[-75.28239,8.474937],[-75.290953,8.479639],[-75.30331,8.482059],[-75.311679,8.485437],[-75.314935,8.493371],[-75.317829,8.507169],[-75.319741,8.511134],[-75.318622,8.51738],[-75.324529,8.522846],[-75.325325,8.533813],[-75.327052,8.539103],[-75.327117,8.558963],[-75.323293,8.573218],[-75.31936,8.57599],[-75.318295,8.589728],[-75.327534,8.60797],[-75.331498,8.614211],[-75.338298,8.621179],[-75.33945,8.634051],[-75.341804,8.643218],[-75.336596,8.642478],[-75.331392,8.645337],[-75.334369,8.651168],[-75.344901,8.659741],[-75.346864,8.671245],[-75.336926,8.685403],[-75.335861,8.690836],[-75.340813,8.699137],[-75.343307,8.713783],[-75.341553,8.718002],[-75.335594,8.721431],[-75.333435,8.727023],[-75.3377,8.740439],[-75.331689,8.746036],[-75.319368,8.748203],[-75.322007,8.754943],[-75.333774,8.755057],[-75.342903,8.763779],[-75.346471,8.764905],[-75.35135,8.774379],[-75.361887,8.781612],[-75.363721,8.787096],[-75.369077,8.792111],[-75.36872,8.824028],[-75.371419,8.824462],[-75.373027,8.83961],[-75.373968,8.857425],[-75.367348,8.857689],[-75.347816,8.867778],[-75.338006,8.868878],[-75.32676,8.868227],[-75.323263,8.869809],[-75.313294,8.880296],[-75.30672,8.871809],[-75.306971,8.868608],[-75.300745,8.863412],[-75.290319,8.872352],[-75.282499,8.875449],[-75.275,8.875473],[-75.273621,8.881907],[-75.26876,8.881245],[-75.268174,8.896302],[-75.25979,8.897918],[-75.252761,8.894183],[-75.241219,8.895835],[-75.225884,8.903476],[-75.223407,8.909624],[-75.213665,8.91758],[-75.204466,8.916868],[-75.206511,8.924281],[-75.206627,8.946019],[-75.203817,8.957374],[-75.20529,8.965315],[-75.202381,8.96946],[-75.181054,8.963404],[-75.17484,8.963488],[-75.182294,8.9742],[-75.186353,8.985533],[-75.193182,8.992094],[-75.201234,8.99513],[-75.206143,9.001628],[-75.222635,9.014416],[-75.226,9.019771],[-75.221203,9.027338],[-75.216063,9.030221],[-75.211963,9.038701],[-75.204806,9.038594],[-75.208581,9.048033],[-75.214652,9.047224],[-75.22169,9.049506],[-75.234173,9.063367],[-75.242919,9.068024],[-75.246491,9.073542],[-75.260786,9.075541],[-75.266813,9.073938],[-75.270991,9.07569],[-75.278556,9.073822],[-75.283255,9.06966],[-75.295455,9.06788],[-75.293211,9.078932],[-75.294312,9.086797],[-75.291569,9.094276],[-75.294629,9.098689],[-75.306148,9.098455],[-75.311859,9.102759],[-75.321211,9.118154],[-75.323929,9.120129],[-75.335556,9.123105],[-75.341363,9.130973],[-75.349308,9.131865],[-75.357217,9.126878],[-75.362044,9.126611],[-75.365373,9.131261],[-75.372687,9.134837],[-75.38149,9.150144],[-75.389032,9.146942],[-75.399556,9.139244],[-75.405102,9.139289],[-75.409774,9.142649],[-75.425084,9.138251],[-75.42744,9.155395],[-75.421946,9.160967],[-75.423683,9.165729],[-75.441804,9.170946],[-75.446586,9.176807],[-75.455351,9.181503],[-75.459158,9.188717],[-75.468735,9.193697],[-75.466445,9.19725],[-75.471344,9.204752],[-75.467348,9.222062],[-75.464167,9.223595],[-75.461919,9.236822],[-75.457156,9.247335],[-75.458161,9.257234],[-75.467912,9.258276],[-75.477616,9.25671],[-75.479119,9.250241],[-75.487457,9.250527],[-75.49403,9.247943],[-75.496682,9.260561],[-75.503615,9.26476],[-75.499149,9.273903],[-75.505864,9.276141],[-75.513313,9.262806],[-75.522576,9.260391],[-75.536775,9.259911],[-75.539,9.258082],[-75.55296,9.262841],[-75.556904,9.266478],[-75.562173,9.282141],[-75.574141,9.295924],[-75.57579,9.307263],[-75.58639,9.307709],[-75.594464,9.31098],[-75.601598,9.318199],[-75.609567,9.329938],[-75.610581,9.337132],[-75.61994,9.341122],[-75.624674,9.346964],[-75.624882,9.35063],[-75.634119,9.348203],[-75.639154,9.342807],[-75.64183,9.336347],[-75.648633,9.329965],[-75.659947,9.334184],[-75.66866,9.333644],[-75.684277,9.351404],[-75.681999,9.357964],[-75.693168,9.354029],[-75.711768,9.35945],[-75.70801,9.366958],[-75.702437,9.372635],[-75.69569,9.383728],[-75.687037,9.390898],[-75.696108,9.398069],[-75.697741,9.409584],[-75.696303,9.41184],[-75.71059,9.41365],[-75.71993,9.4126],[-75.72513,9.4149],[-75.731295,9.420401],[-75.738724,9.418738],[-75.745242,9.420167],[-75.763067,9.404423],[-75.77181,9.401269],[-75.775643,9.401822],[-75.778449,9.395313],[-75.784778,9.392708],[-75.802624,9.395851],[-75.804433,9.399692],[-75.811579,9.39697],[-75.820107,9.397625],[-75.824753,9.393399],[-75.833614,9.396336],[-75.834441,9.407226],[-75.827126,9.414828],[-75.813571,9.418404],[-75.799648,9.414838],[-75.798683,9.41179],[-75.791019,9.412114],[-75.791526,9.419049],[-75.796843,9.431035],[-75.802884,9.432324],[-75.816355,9.42967],[-75.820598,9.422394],[-75.824825,9.42323],[-75.830596,9.429501],[-75.841757,9.426134],[-75.849961,9.426235],[-75.876274,9.423047],[-75.886987,9.423765],[-75.902342,9.427262],[-75.909955,9.431329],[-75.91513,9.436306],[-75.918752,9.443982],[-75.92624,9.447644],[-75.947795,9.443353],[-75.952503,9.438954],[-75.956438,9.432061],[-75.965046,9.425049],[-75.967901,9.41732],[-75.959777,9.414062],[-75.955377,9.405832],[-75.957678,9.398243],[-75.96223,9.390892],[-75.975941,9.377037],[-76.01709,9.35439],[-76.07219,9.33837],[-76.07973,9.337422],[-76.083767,9.334494],[-76.088036,9.326611],[-76.097714,9.315051],[-76.10635,9.3076],[-76.109531,9.301727],[-76.109605,9.296722],[-76.10151,9.288114],[-76.100138,9.280772],[-76.10132,9.274938],[-76.107549,9.264979],[-76.12045,9.2533],[-76.136889,9.243809],[-76.148478,9.238367],[-76.167019,9.231983],[-76.170784,9.229191],[-76.168149,9.222249],[-76.168305,9.216508],[-76.172438,9.209313],[-76.176203,9.206482],[-76.173693,9.194767],[-76.180813,9.181279],[-76.175843,9.175167],[-76.179986,9.145654],[-76.183026,9.141441],[-76.182212,9.133196],[-76.187206,9.125313],[-76.187171,9.118561],[-76.189851,9.114323],[-76.203213,9.099137],[-76.216276,9.086237],[-76.229452,9.076672],[-76.231496,9.072299],[-76.242121,9.065169],[-76.249851,9.057866],[-76.260397,9.036651],[-76.261558,9.02079],[-76.264101,9.012985],[-76.264052,8.999033],[-76.267763,8.99491],[-76.280341,8.986056],[-76.286668,8.979867],[-76.303916,8.966602],[-76.319755,8.957705],[-76.322277,8.94051],[-76.32989,8.92632],[-76.33841,8.91894],[-76.34721,8.91388],[-76.358488,8.909718],[-76.409969,8.892167],[-76.413625,8.889743],[-76.406895,8.869205],[-76.399575,8.844001],[-76.392973,8.817829],[-76.386534,8.79534],[-76.384544,8.790898],[-76.389184,8.783732],[-76.39526,8.781621],[-76.39932,8.774119],[-76.415782,8.758144],[-76.416449,8.755334],[-76.412124,8.747833],[-76.399724,8.746233],[-76.383213,8.732388],[-76.371794,8.724482],[-76.365695,8.718517],[-76.35579,8.695088],[-76.353285,8.679825],[-76.348833,8.668866],[-76.347229,8.657453],[-76.341384,8.64592],[-76.338097,8.646449],[-76.329771,8.65274],[-76.318141,8.656737],[-76.309434,8.655697],[-76.30203,8.652321],[-76.294503,8.652801],[-76.283383,8.648657],[-76.274372,8.639477],[-76.267488,8.634625],[-76.265246,8.629055],[-76.26656,8.62309],[-76.263628,8.617286],[-76.256072,8.61243],[-76.253048,8.606828],[-76.252602,8.585306],[-76.24966,8.579221],[-76.242526,8.572339],[-76.222807,8.573256],[-76.222541,8.568102],[-76.2293,8.562287],[-76.234403,8.555513],[-76.23458,8.54551],[-76.232336,8.538675],[-76.22012,8.520135],[-76.213361,8.500359],[-76.212604,8.482795],[-76.210389,8.464337],[-76.212413,8.439788],[-76.211362,8.435464],[-76.193499,8.408283],[-76.190204,8.400243],[-76.191177,8.392454],[-76.194486,8.389749],[-76.213936,8.381453],[-76.235171,8.36768],[-76.251831,8.360817],[-76.272359,8.344403],[-76.283608,8.331555],[-76.297885,8.320617],[-76.301921,8.315365],[-76.304533,8.30795],[-76.304974,8.292091],[-76.309717,8.28625],[-76.317447,8.282388],[-76.321001,8.276483],[-76.324667,8.260358],[-76.3321,8.23307],[-76.332689,8.224809],[-76.337003,8.212012],[-76.342698,8.20731],[-76.343696,8.196205],[-76.341829,8.186436],[-76.345148,8.17423],[-76.360005,8.167172],[-76.365689,8.161284],[-76.373491,8.145159],[-76.377075,8.134659],[-76.379801,8.114202],[-76.384134,8.101537],[-76.38983,8.093453],[-76.404678,8.085906],[-76.4084,8.082462],[-76.416049,8.07063],[-76.422687,8.034179],[-76.427044,8.023958],[-76.427005,8.017087],[-76.420395,8.007438],[-76.414664,7.996363],[-76.416682,7.985868],[-76.416302,7.960552],[-76.415313,7.952668],[-76.418187,7.91789],[-76.419798,7.910344],[-76.43731,7.895291],[-76.441296,7.889969],[-76.445603,7.878994],[-76.452428,7.8681],[-76.459727,7.865113],[-76.467251,7.854507],[-76.469448,7.844862],[-76.477762,7.831544],[-76.476078,7.817366],[-76.481677,7.788252],[-76.482832,7.778346],[-76.481016,7.77017],[-76.484602,7.756775],[-76.495398,7.750389],[-76.496142,7.74182],[-76.490924,7.730255],[-76.488643,7.720243],[-76.490039,7.701504],[-76.488264,7.685338],[-76.489257,7.677498],[-76.489179,7.659518],[-76.490308,7.655918],[-76.497904,7.644468],[-76.50473,7.628239],[-76.506898,7.614282],[-76.50714,7.605914],[-76.509288,7.595401],[-76.509935,7.583932],[-76.506944,7.576339],[-76.502553,7.560422],[-76.498114,7.551418],[-76.489246,7.542059],[-76.484244,7.533393],[-76.475765,7.526893],[-76.470239,7.520865],[-76.463743,7.516618],[-76.46121,7.508508],[-76.456068,7.505223],[-76.450466,7.490225],[-76.437049,7.47178],[-76.43064,7.461046],[-76.429099,7.4504],[-76.420344,7.435561],[-76.401877,7.410088],[-76.3899,7.396984],[-76.383934,7.392294],[-76.378012,7.391467],[-76.054927,7.364624],[-75.966302,7.357218],[-75.845609,7.36313],[-75.840903,7.363233],[-75.834931,7.371381],[-75.836789,7.387433],[-75.833247,7.397903],[-75.825024,7.411782],[-75.820404,7.417058],[-75.825745,7.426668],[-75.826692,7.434464],[-75.822139,7.441528],[-75.808848,7.446691],[-75.801962,7.446597],[-75.78889,7.459032],[-75.787966,7.476939],[-75.782292,7.486622],[-75.77692,7.500212],[-75.782977,7.508159],[-75.783687,7.516451],[-75.77134,7.52564],[-75.768655,7.53293],[-75.771914,7.542228],[-75.772646,7.556106],[-75.770477,7.565256],[-75.762028,7.573922],[-75.760458,7.584534],[-75.76132,7.601439],[-75.7589,7.605185],[-75.752992,7.60612],[-75.741474,7.611074],[-75.731083,7.60028],[-75.711502,7.581901],[-75.694796,7.580454],[-75.683059,7.584731],[-75.673762,7.597251],[-75.670758,7.597129],[-75.653556,7.589548],[-75.649623,7.586648],[-75.632988,7.58018],[-75.60589,7.580367],[-75.60258,7.582128],[-75.601602,7.593304],[-75.602983,7.600071],[-75.599259,7.602624],[-75.582814,7.606575],[-75.573354,7.618459],[-75.570326,7.626257],[-75.572212,7.631668],[-75.571563,7.640474],[-75.561942,7.655067],[-75.560109,7.664892],[-75.560824,7.675386],[-75.557156,7.694191],[-75.551579,7.700982],[-75.533612,7.707816],[-75.514446,7.711436],[-75.508209,7.714607],[-75.497047,7.716555],[-75.489278,7.730458],[-75.481753,7.741944],[-75.482951,7.750929],[-75.481753,7.758716],[-75.473966,7.773093],[-75.463783,7.785672],[-75.460189,7.81143],[-75.45959,7.822811],[-75.454198,7.833594],[-75.439822,7.837787],[-75.426644,7.840183],[-75.417716,7.835181],[-75.411994,7.846245],[-75.406246,7.852602],[-75.385311,7.868337],[-75.371976,7.871347],[-75.359025,7.876593],[-75.347271,7.888047],[-75.342476,7.899911],[-75.339355,7.915216],[-75.337989,7.940219],[-75.336192,7.949803],[-75.330963,7.949803],[-75.325531,7.946094],[-75.316292,7.945317],[-75.302916,7.959839],[-75.296051,7.964022],[-75.290858,7.971122],[-75.289296,7.976462],[-75.281082,7.980952],[-75.27555,7.99252],[-75.263145,7.995743],[-75.253418,8.004832],[-75.245909,8.01509],[-75.239254,8.028185],[-75.237557,8.040364],[-75.228369,8.056428],[-75.224176,8.060022],[-75.210398,8.063017],[-75.199017,8.057027],[-75.191829,8.051636],[-75.183443,8.049839],[-75.166071,8.04924],[-75.155162,8.05518],[-75.140237,8.053094],[-75.117068,8.052475],[-75.108268,8.053339],[-75.09352,8.056644],[-75.080072,8.05488],[-75.072043,8.051729],[-75.053543,8.05263],[-75.045722,8.052023],[-75.040624,8.056315],[-75.030674,8.060271],[-75.022906,8.066012],[-75.006134,8.072601],[-74.977381,8.09177],[-74.967797,8.094166],[-74.961806,8.089973],[-74.951024,8.07979],[-74.940887,8.076211],[-74.931191,8.074446],[-74.923988,8.08035],[-74.918449,8.092478],[-74.909172,8.104193],[-74.90242,8.107928],[-74.893952,8.116665],[-74.891289,8.124103],[-74.879862,8.139482],[-74.879321,8.15386],[-74.87323,8.173956],[-74.875313,8.180849],[-74.87629,8.19543],[-74.871788,8.199761],[-74.824997,8.199171]]]},"properties":{"shapeName":"Córdoba"}},{"type":"Feature","geometry":{"type":"Polygon","coordinates":[[[-72.894572,10.433808],[-72.893301,10.446657],[-72.890718,10.453078],[-72.887366,10.452323],[-72.878637,10.45531],[-72.862647,10.46355],[-72.860657,10.471859],[-72.854232,10.474193],[-72.853744,10.478622],[-72.845609,10.485797],[-72.846342,10.493522],[-72.843165,10.497985],[-72.843549,10.507322],[-72.836147,10.512849],[-72.838312,10.531592],[-72.841908,10.53705],[-72.833703,10.540791],[-72.825358,10.54999],[-72.824765,10.564063],[-72.820645,10.570206],[-72.80853,10.578512],[-72.794564,10.584896],[-72.790793,10.590696],[-72.791317,10.601575],[-72.784369,10.61163],[-72.783566,10.615508],[-72.771904,10.619377],[-72.763034,10.624374],[-72.753463,10.634194],[-72.749011,10.640465],[-72.749432,10.651111],[-72.741233,10.647929],[-72.735114,10.651463],[-72.735907,10.666487],[-72.730002,10.675288],[-72.729971,10.681094],[-72.726721,10.690991],[-72.719878,10.697464],[-72.712118,10.700914],[-72.716498,10.714036],[-72.716444,10.71794],[-72.711469,10.732413],[-72.71641,10.737785],[-72.709851,10.755238],[-72.705176,10.758353],[-72.696713,10.758818],[-72.689187,10.757233],[-72.679952,10.763971],[-72.682677,10.770635],[-72.678424,10.784215],[-72.682481,10.794427],[-72.676444,10.804192],[-72.673836,10.821519],[-72.668839,10.822754],[-72.662073,10.830702],[-72.662526,10.840393],[-72.658075,10.851079],[-72.65868,10.855842],[-72.652881,10.861006],[-72.648516,10.871992],[-72.648695,10.879822],[-72.640171,10.884435],[-72.630057,10.88475],[-72.618667,10.886819],[-72.612404,10.882702],[-72.607321,10.889299],[-72.605487,10.895543],[-72.593674,10.905106],[-72.580809,10.911143],[-72.575199,10.915204],[-72.572395,10.921943],[-72.563358,10.927949],[-72.560966,10.933529],[-72.553345,10.940991],[-72.550149,10.952144],[-72.537147,10.97491],[-72.538187,10.980581],[-72.535005,10.98745],[-72.526594,10.996379],[-72.522807,10.996109],[-72.519095,11.003176],[-72.52521,11.007078],[-72.526043,11.011885],[-72.519928,11.013289],[-72.517596,11.019119],[-72.508744,11.022759],[-72.507484,11.034238],[-72.502891,11.039868],[-72.498526,11.041285],[-72.489745,11.052053],[-72.481863,11.058543],[-72.484836,11.061542],[-72.491263,11.079243],[-72.49778,11.083014],[-72.496907,11.086392],[-72.490482,11.089049],[-72.484675,11.099158],[-72.477863,11.10217],[-72.465019,11.112638],[-72.461128,11.113],[-72.456161,11.119566],[-72.448922,11.124879],[-72.442464,11.123244],[-72.437894,11.115287],[-72.423298,11.125798],[-72.407901,11.126383],[-72.387594,11.133818],[-72.373716,11.136404],[-72.359968,11.142374],[-72.35801,11.1464],[-72.349314,11.151373],[-72.334131,11.148223],[-72.328302,11.144287],[-72.323373,11.14689],[-72.315399,11.144168],[-72.295931,11.14465],[-72.286625,11.143195],[-72.272134,11.138317],[-72.259116,11.138484],[-72.249822,11.139783],[-72.245694,11.145223],[-72.128365,11.359632],[-71.979177,11.632029],[-71.971363,11.646267],[-71.900668,11.659834],[-71.782694,11.686839],[-71.644183,11.734196],[-71.383706,11.81046],[-71.388494,11.818596],[-71.388203,11.828439],[-71.377294,11.831807],[-71.368553,11.832907],[-71.368027,11.83608],[-71.362048,11.841549],[-71.357313,11.837982],[-71.348766,11.841944],[-71.34491,11.847781],[-71.323601,11.853119],[-71.32193,11.860368],[-71.317485,11.865533],[-71.316274,11.872053],[-71.311386,11.881031],[-71.302447,11.888025],[-71.300405,11.902488],[-71.295057,11.910506],[-71.294462,11.917088],[-71.299733,11.91659],[-71.31112,11.906959],[-71.314352,11.902767],[-71.321443,11.903353],[-71.328331,11.901432],[-71.334242,11.90396],[-71.335037,11.911121],[-71.328722,11.912349],[-71.326485,11.92206],[-71.31147,11.916504],[-71.305302,11.918977],[-71.314354,11.923031],[-71.31446,11.927706],[-71.309877,11.928703],[-71.303214,11.925421],[-71.300238,11.918264],[-71.294465,11.918611],[-71.289726,11.916064],[-71.287753,11.910566],[-71.282162,11.907819],[-71.27419,11.913291],[-71.269031,11.914283],[-71.267887,11.920449],[-71.255195,11.932644],[-71.24877,11.94068],[-71.242374,11.944164],[-71.237002,11.952232],[-71.23119,11.951776],[-71.22045,11.9654],[-71.21495,11.964881],[-71.205433,11.971168],[-71.20338,11.974618],[-71.19128,11.98016],[-71.179592,11.980884],[-71.17591,11.98749],[-71.166515,11.988061],[-71.161428,11.994884],[-71.156604,11.993966],[-71.153093,11.998838],[-71.144981,11.998537],[-71.13613,12.002714],[-71.129671,12.01196],[-71.12541,12.02072],[-71.121503,12.024525],[-71.11975,12.03235],[-71.116624,12.03422],[-71.113253,12.049403],[-71.116077,12.060636],[-71.117053,12.073084],[-71.1161,12.083634],[-71.1171,12.091089],[-71.11971,12.09365],[-71.125644,12.10563],[-71.148091,12.139765],[-71.15324,12.14594],[-71.165535,12.1697],[-71.167385,12.17652],[-71.17252,12.18481],[-71.17542,12.18646],[-71.186336,12.20455],[-71.191564,12.21184],[-71.200099,12.229583],[-71.206466,12.238621],[-71.21126,12.248095],[-71.219622,12.260181],[-71.225098,12.272835],[-71.223826,12.279176],[-71.225946,12.287953],[-71.223738,12.293015],[-71.227724,12.299922],[-71.234373,12.302557],[-71.242794,12.313094],[-71.252226,12.318529],[-71.25657,12.318895],[-71.258829,12.325618],[-71.27411,12.33788],[-71.282463,12.34317],[-71.30017,12.3526],[-71.306546,12.3549],[-71.312708,12.354159],[-71.313194,12.350655],[-71.3185,12.347634],[-71.32423,12.34801],[-71.34043,12.35792],[-71.353232,12.368405],[-71.356221,12.36756],[-71.383622,12.378379],[-71.38762,12.377251],[-71.403303,12.384088],[-71.414904,12.380891],[-71.427752,12.38588],[-71.433055,12.380341],[-71.44165,12.38381],[-71.45063,12.39223],[-71.45678,12.40427],[-71.462125,12.40823],[-71.467227,12.408652],[-71.47707,12.41722],[-71.49679,12.42412],[-71.50177,12.42472],[-71.52468,12.43635],[-71.53233,12.4355],[-71.542625,12.440257],[-71.55715,12.43463],[-71.57189,12.44132],[-71.577267,12.435368],[-71.584569,12.435404],[-71.590172,12.43822],[-71.602706,12.438855],[-71.609994,12.43675],[-71.617958,12.440449],[-71.624098,12.44006],[-71.629749,12.443484],[-71.639142,12.446517],[-71.647785,12.453028],[-71.66811,12.457324],[-71.674053,12.453962],[-71.683913,12.451127],[-71.688275,12.446056],[-71.698271,12.441179],[-71.718683,12.436026],[-71.729411,12.425878],[-71.729877,12.421301],[-71.735581,12.413081],[-71.728631,12.41073],[-71.717711,12.415976],[-71.712493,12.416026],[-71.706563,12.421609],[-71.705566,12.429628],[-71.701412,12.435951],[-71.692502,12.43863],[-71.686027,12.443279],[-71.684279,12.435867],[-71.69043,12.432098],[-71.699845,12.422101],[-71.697973,12.417919],[-71.690583,12.422149],[-71.686663,12.422189],[-71.677431,12.427491],[-71.674071,12.43268],[-71.667731,12.427571],[-71.664391,12.43315],[-71.656926,12.435455],[-71.648106,12.434051],[-71.64884,12.424277],[-71.65655,12.419876],[-71.66173,12.41354],[-71.67411,12.40762],[-71.667092,12.40468],[-71.66588,12.40977],[-71.649779,12.410569],[-71.647617,12.412776],[-71.63805,12.413011],[-71.63254,12.415612],[-71.62832,12.41296],[-71.627458,12.407695],[-71.640753,12.401695],[-71.649398,12.405822],[-71.658065,12.397605],[-71.664218,12.396203],[-71.673086,12.388886],[-71.686906,12.391052],[-71.699664,12.381669],[-71.689552,12.378818],[-71.68553,12.371275],[-71.689005,12.369978],[-71.68957,12.360477],[-71.697568,12.359058],[-71.694644,12.368275],[-71.69895,12.372662],[-71.704481,12.372694],[-71.708194,12.369484],[-71.718256,12.375657],[-71.724038,12.375351],[-71.72559,12.386864],[-71.721178,12.390678],[-71.713739,12.392817],[-71.713343,12.398649],[-71.716298,12.401065],[-71.715786,12.407455],[-71.722061,12.411065],[-71.727828,12.406901],[-71.72921,12.398623],[-71.732689,12.394065],[-71.74199,12.387416],[-71.750551,12.384566],[-71.753057,12.381347],[-71.741212,12.376117],[-71.737591,12.369851],[-71.737267,12.358869],[-71.742705,12.346225],[-71.756723,12.332392],[-71.768469,12.32894],[-71.77938,12.329281],[-71.786332,12.330933],[-71.794688,12.32519],[-71.799447,12.31791],[-71.797328,12.312816],[-71.799275,12.307633],[-71.809519,12.305647],[-71.820659,12.310404],[-71.8304,12.319822],[-71.835709,12.328282],[-71.839695,12.338959],[-71.8386,12.344207],[-71.833448,12.346403],[-71.826349,12.354158],[-71.814076,12.359597],[-71.807059,12.366209],[-71.808265,12.37014],[-71.814549,12.372427],[-71.822748,12.371969],[-71.825883,12.362897],[-71.845936,12.351005],[-71.856984,12.357616],[-71.860046,12.356116],[-71.867619,12.346878],[-71.89012,12.325163],[-71.898311,12.31887],[-71.912111,12.306459],[-71.925091,12.299358],[-71.92968,12.292243],[-71.945368,12.278434],[-71.9554,12.273116],[-71.951306,12.266744],[-71.945395,12.26779],[-71.944265,12.272746],[-71.940104,12.275755],[-71.933776,12.27367],[-71.925529,12.275182],[-71.921146,12.273959],[-71.899885,12.278069],[-71.893517,12.276716],[-71.887707,12.271316],[-71.886301,12.267262],[-71.891517,12.262559],[-71.886482,12.249129],[-71.882959,12.253134],[-71.871516,12.248971],[-71.869225,12.242742],[-71.879132,12.235229],[-71.871393,12.227608],[-71.867042,12.221121],[-71.862659,12.218536],[-71.860636,12.208196],[-71.865244,12.200104],[-71.86176,12.196058],[-71.86885,12.1908],[-71.876562,12.18982],[-71.89375,12.19376],[-71.900541,12.192438],[-71.90442,12.18811],[-71.90912,12.18755],[-71.91168,12.18212],[-71.920441,12.182266],[-71.921137,12.171928],[-71.91818,12.16673],[-71.92777,12.15839],[-71.92887,12.15093],[-71.940008,12.152567],[-71.952886,12.148359],[-71.964759,12.145764],[-71.972764,12.151303],[-71.985828,12.148684],[-71.985544,12.158389],[-71.988151,12.161033],[-71.981635,12.167617],[-71.982001,12.17245],[-71.98573,12.178836],[-72.000969,12.186482],[-71.995667,12.197362],[-71.990226,12.201411],[-71.988126,12.210351],[-71.980433,12.216652],[-71.970486,12.219323],[-71.967322,12.226782],[-71.964647,12.228023],[-71.962153,12.239308],[-71.958499,12.242045],[-71.956881,12.248746],[-71.964783,12.256485],[-71.971017,12.256658],[-71.984925,12.251925],[-71.986685,12.249965],[-72.015718,12.241626],[-72.030809,12.242883],[-72.052872,12.237285],[-72.063274,12.236292],[-72.074216,12.233136],[-72.08203,12.232464],[-72.089661,12.2337],[-72.112541,12.234301],[-72.129676,12.238886],[-72.143038,12.239174],[-72.145379,12.233124],[-72.156168,12.231282],[-72.164378,12.225134],[-72.164567,12.220939],[-72.177318,12.216956],[-72.180692,12.20742],[-72.173666,12.204968],[-72.168728,12.206524],[-72.153017,12.205698],[-72.147484,12.196451],[-72.14585,12.1795],[-72.143487,12.174807],[-72.143971,12.161259],[-72.141556,12.157242],[-72.143104,12.148178],[-72.140676,12.135658],[-72.141774,12.120012],[-72.13923,12.11276],[-72.138679,12.104329],[-72.145111,12.086282],[-72.150682,12.076407],[-72.160339,12.055132],[-72.163581,12.044731],[-72.174305,12.028897],[-72.17778,12.020503],[-72.1844,11.99659],[-72.19792,11.97897],[-72.20301,11.9664],[-72.20767,11.94637],[-72.21755,11.92458],[-72.22633,11.91051],[-72.23768,11.8998],[-72.23933,11.8921],[-72.233667,11.89312],[-72.22131,11.90325],[-72.22364,11.89297],[-72.22814,11.88684],[-72.23564,11.884875],[-72.244852,11.876944],[-72.25125,11.87664],[-72.25278,11.87987],[-72.248337,11.886127],[-72.25166,11.88811],[-72.27401,11.87467],[-72.28772,11.86296],[-72.29851,11.85495],[-72.30926,11.85261],[-72.32318,11.84604],[-72.32583,11.84169],[-72.339271,11.83847],[-72.344392,11.831423],[-72.37841,11.819083],[-72.38606,11.811823],[-72.390667,11.809704],[-72.40265,11.798963],[-72.414555,11.79158],[-72.427757,11.789057],[-72.439461,11.785557],[-72.443284,11.780438],[-72.449505,11.778339],[-72.460986,11.777118],[-72.467382,11.778506],[-72.485591,11.778145],[-72.497532,11.775144],[-72.509035,11.77706],[-72.515538,11.776371],[-72.53308,11.768583],[-72.541,11.759893],[-72.54255,11.75275],[-72.5583,11.7449],[-72.57426,11.74272],[-72.58338,11.74653],[-72.59542,11.74509],[-72.60148,11.73857],[-72.609831,11.733977],[-72.61912,11.72301],[-72.62306,11.72085],[-72.64245,11.71651],[-72.656191,11.717924],[-72.661932,11.716292],[-72.67097,11.7112],[-72.68355,11.70615],[-72.700171,11.703013],[-72.709355,11.702657],[-72.722009,11.700071],[-72.735806,11.691532],[-72.752507,11.684836],[-72.763328,11.681447],[-72.775465,11.674179],[-72.79134,11.65794],[-72.804557,11.647272],[-72.814188,11.641413],[-72.826776,11.635484],[-72.83522,11.62736],[-72.837609,11.620782],[-72.850072,11.605147],[-72.870432,11.584413],[-72.872848,11.576614],[-72.879868,11.566817],[-72.889953,11.560375],[-72.91732,11.549803],[-72.92479,11.545251],[-72.937103,11.540373],[-72.940152,11.536929],[-72.94816,11.533563],[-72.963289,11.522091],[-72.995528,11.510247],[-73.024893,11.494493],[-73.02899,11.491743],[-73.046156,11.476567],[-73.058725,11.461614],[-73.069582,11.450704],[-73.081563,11.436172],[-73.095067,11.425429],[-73.109531,11.417152],[-73.1355,11.409799],[-73.14514,11.404889],[-73.149111,11.399387],[-73.14926,11.39435],[-73.1645,11.38053],[-73.184275,11.369174],[-73.189171,11.365154],[-73.19091,11.35261],[-73.197635,11.342257],[-73.215922,11.330544],[-73.218764,11.32614],[-73.233722,11.317033],[-73.249455,11.309084],[-73.25204,11.30325],[-73.263839,11.295544],[-73.265709,11.291695],[-73.277432,11.285083],[-73.304976,11.275044],[-73.330552,11.270679],[-73.338167,11.268771],[-73.345625,11.264427],[-73.360566,11.262367],[-73.389122,11.261597],[-73.412946,11.262613],[-73.432404,11.257743],[-73.439865,11.25716],[-73.473013,11.261949],[-73.485243,11.262552],[-73.49236,11.259427],[-73.501661,11.259343],[-73.514613,11.253459],[-73.526002,11.25415],[-73.531686,11.251319],[-73.547411,11.253675],[-73.567624,11.258237],[-73.564698,11.255207],[-73.567772,11.248413],[-73.568254,11.231612],[-73.571604,11.23223],[-73.576282,11.22713],[-73.572826,11.224561],[-73.575359,11.217511],[-73.581674,11.216284],[-73.580778,11.211088],[-73.583779,11.202431],[-73.582256,11.195413],[-73.591594,11.188305],[-73.588437,11.183475],[-73.589909,11.177397],[-73.600413,11.177981],[-73.602441,11.172681],[-73.609405,11.171639],[-73.615659,11.160892],[-73.618873,11.15876],[-73.616267,11.152718],[-73.621603,11.150659],[-73.628571,11.142033],[-73.64401,11.144365],[-73.645179,11.137322],[-73.653451,11.137001],[-73.65034,11.130143],[-73.652207,11.127564],[-73.642363,11.120632],[-73.642604,11.115657],[-73.637535,11.108772],[-73.643189,11.100092],[-73.648784,11.097512],[-73.646386,11.091069],[-73.648956,11.088284],[-73.647931,11.07426],[-73.641494,11.070106],[-73.647228,11.065763],[-73.649825,11.060009],[-73.641521,11.054212],[-73.637015,11.044909],[-73.636805,11.040581],[-73.64409,11.039323],[-73.644959,11.035805],[-73.653789,11.028718],[-73.648698,11.019941],[-73.648961,11.01557],[-73.657823,11.005897],[-73.663247,10.996577],[-73.664588,10.989594],[-73.661948,10.98169],[-73.648178,10.973632],[-73.6418,10.963542],[-73.643511,10.95747],[-73.636993,10.946099],[-73.636827,10.938483],[-73.640378,10.92926],[-73.63526,10.917003],[-73.635542,10.908117],[-73.633104,10.900889],[-73.628248,10.892906],[-73.622498,10.886922],[-73.614939,10.882438],[-73.61134,10.864751],[-73.604839,10.846262],[-73.601625,10.841788],[-73.601819,10.835261],[-73.593437,10.839552],[-73.577488,10.843043],[-73.571592,10.842899],[-73.562588,10.846815],[-73.554851,10.844954],[-73.543764,10.844348],[-73.533986,10.848007],[-73.521124,10.848362],[-73.50805,10.852713],[-73.500448,10.859239],[-73.494248,10.857633],[-73.488642,10.862358],[-73.478616,10.867448],[-73.473421,10.866975],[-73.469571,10.862321],[-73.462467,10.859246],[-73.455361,10.860606],[-73.45533,10.866194],[-73.448953,10.866797],[-73.436535,10.865381],[-73.432536,10.866784],[-73.420698,10.866142],[-73.406352,10.866698],[-73.398046,10.865652],[-73.392658,10.86722],[-73.384133,10.859782],[-73.37842,10.861387],[-73.373387,10.858083],[-73.365782,10.860227],[-73.357711,10.858372],[-73.35467,10.860504],[-73.344611,10.860204],[-73.337062,10.861843],[-73.32869,10.857403],[-73.325335,10.857947],[-73.311391,10.846581],[-73.304679,10.84961],[-73.298038,10.855948],[-73.295192,10.855473],[-73.289854,10.862446],[-73.284843,10.857388],[-73.279488,10.856967],[-73.277399,10.847933],[-73.264709,10.84477],[-73.26448,10.831163],[-73.25557,10.827493],[-73.25559,10.822599],[-73.252518,10.816053],[-73.254804,10.808106],[-73.25136,10.804606],[-73.252006,10.799203],[-73.25633,10.795404],[-73.258914,10.785603],[-73.256731,10.778972],[-73.25228,10.775659],[-73.252405,10.770301],[-73.260445,10.75787],[-73.267042,10.753628],[-73.270259,10.743632],[-73.275229,10.739524],[-73.277479,10.725473],[-73.265441,10.730832],[-73.258008,10.732282],[-73.250017,10.738031],[-73.240712,10.737521],[-73.233164,10.738819],[-73.228545,10.731381],[-73.221073,10.733546],[-73.214246,10.730099],[-73.211849,10.715684],[-73.207248,10.704505],[-73.200473,10.70551],[-73.183071,10.710706],[-73.175579,10.706157],[-73.164372,10.710736],[-73.159423,10.709619],[-73.149371,10.698763],[-73.145089,10.696013],[-73.140477,10.687228],[-73.131081,10.683095],[-73.12658,10.683929],[-73.117295,10.681957],[-73.114587,10.677341],[-73.112054,10.667446],[-73.104028,10.664618],[-73.102967,10.660735],[-73.096642,10.65961],[-73.084062,10.649286],[-73.076789,10.63409],[-73.085968,10.622571],[-73.088651,10.608902],[-73.085553,10.595804],[-73.086518,10.589013],[-73.091355,10.580224],[-73.099849,10.57546],[-73.10081,10.565669],[-73.096113,10.5574],[-73.100331,10.549239],[-73.106487,10.541157],[-73.116564,10.537924],[-73.124898,10.52771],[-73.134086,10.531023],[-73.137107,10.530172],[-73.139943,10.516324],[-73.147818,10.505522],[-73.147229,10.499224],[-73.155083,10.496583],[-73.159226,10.491226],[-73.165454,10.491396],[-73.167069,10.483926],[-73.174315,10.479468],[-73.171969,10.47251],[-73.180474,10.465887],[-73.178556,10.457335],[-73.169854,10.46129],[-73.162644,10.455044],[-73.154405,10.45133],[-73.150971,10.443902],[-73.145993,10.441707],[-73.142492,10.43507],[-73.144953,10.421829],[-73.143673,10.419842],[-73.145706,10.400279],[-73.142354,10.396707],[-73.127574,10.399171],[-73.122802,10.403846],[-73.117084,10.405113],[-73.108628,10.413142],[-73.099213,10.416491],[-73.092881,10.421914],[-73.085044,10.426365],[-73.069089,10.420942],[-73.058713,10.414685],[-73.050901,10.41378],[-73.048318,10.410137],[-73.035521,10.404471],[-73.025726,10.410751],[-73.016702,10.411664],[-73.01027,10.405647],[-72.99897,10.404113],[-72.993999,10.401256],[-72.985989,10.400746],[-72.978242,10.403764],[-72.971038,10.410076],[-72.960181,10.41364],[-72.939417,10.42718],[-72.928549,10.4315],[-72.907967,10.434457],[-72.894572,10.433808]]]},"properties":{"shapeName":"La Guajira"}},{"type":"Feature","geometry":{"type":"MultiPolygon","coordinates":[[[[-76.979998,8.254801],[-77.008461,8.250224],[-77.01871,8.250105],[-77.036961,8.252786],[-77.040817,8.257585],[-77.043051,8.265617],[-77.050086,8.277483],[-77.058084,8.287817],[-77.065363,8.292427],[-77.065289,8.296669],[-77.07504,8.30522],[-77.074656,8.310904],[-77.078802,8.317066],[-77.075394,8.321267],[-77.07668,8.325228],[-77.087737,8.330391],[-77.098664,8.351234],[-77.10253,8.352536],[-77.107857,8.358231],[-77.10827,8.36162],[-77.11776,8.37058],[-77.118562,8.375584],[-77.11371,8.380352],[-77.114672,8.387404],[-77.121751,8.389467],[-77.128615,8.398065],[-77.128667,8.405281],[-77.131262,8.412101],[-77.146409,8.417584],[-77.155464,8.422698],[-77.163622,8.432456],[-77.189565,8.438063],[-77.216335,8.453195],[-77.248986,8.472787],[-77.252916,8.485695],[-77.253418,8.491321],[-77.268517,8.50032],[-77.273779,8.504404],[-77.27533,8.510259],[-77.272617,8.516426],[-77.268804,8.51884],[-77.269508,8.527168],[-77.277206,8.537201],[-77.276521,8.553467],[-77.281063,8.561286],[-77.285725,8.564969],[-77.286795,8.571979],[-77.294112,8.577076],[-77.302907,8.586474],[-77.307966,8.587448],[-77.308927,8.593982],[-77.321137,8.601539],[-77.323734,8.612632],[-77.328095,8.615513],[-77.325331,8.619624],[-77.335553,8.621792],[-77.342231,8.625281],[-77.342057,8.629157],[-77.34676,8.637381],[-77.344549,8.646083],[-77.354168,8.655406],[-77.358954,8.657959],[-77.365367,8.65595],[-77.364149,8.662726],[-77.360139,8.662939],[-77.359183,8.672638],[-77.366037,8.671922],[-77.370267,8.660939],[-77.369946,8.654499],[-77.366987,8.640735],[-77.372676,8.637752],[-77.380064,8.644008],[-77.384884,8.642556],[-77.391976,8.650583],[-77.401955,8.649031],[-77.40924,8.644833],[-77.409359,8.635366],[-77.406944,8.633202],[-77.403767,8.622905],[-77.396336,8.610226],[-77.403007,8.613319],[-77.404454,8.610156],[-77.397975,8.598636],[-77.393718,8.595534],[-77.393845,8.588352],[-77.397933,8.585273],[-77.409381,8.588465],[-77.416116,8.587742],[-77.421667,8.57961],[-77.427074,8.57551],[-77.423946,8.56208],[-77.430012,8.559503],[-77.435605,8.565179],[-77.440625,8.555942],[-77.444862,8.554959],[-77.447877,8.546547],[-77.444971,8.528573],[-77.44842,8.519511],[-77.448029,8.513424],[-77.457363,8.50938],[-77.4473,8.496367],[-77.447413,8.486382],[-77.445292,8.480905],[-77.447555,8.472608],[-77.438268,8.470624],[-77.435896,8.471791],[-77.411968,8.475002],[-77.408485,8.469373],[-77.403363,8.467366],[-77.397427,8.461539],[-77.397562,8.458274],[-77.39065,8.444569],[-77.385988,8.439073],[-77.384978,8.429869],[-77.379678,8.425214],[-77.376277,8.416638],[-77.370039,8.406506],[-77.364654,8.407146],[-77.358884,8.402126],[-77.355636,8.394432],[-77.35545,8.387195],[-77.359407,8.377803],[-77.358771,8.365545],[-77.366325,8.353935],[-77.360138,8.354221],[-77.349639,8.347228],[-77.349042,8.334729],[-77.352656,8.330798],[-77.355755,8.317376],[-77.349307,8.29611],[-77.339884,8.289391],[-77.336037,8.282516],[-77.332133,8.280305],[-77.329596,8.266749],[-77.315392,8.263793],[-77.310039,8.27071],[-77.300177,8.271686],[-77.294086,8.265382],[-77.29384,8.261986],[-77.284217,8.253016],[-77.291006,8.243606],[-77.280552,8.228519],[-77.28097,8.214421],[-77.277266,8.206667],[-77.271639,8.207263],[-77.262416,8.20041],[-77.260477,8.193151],[-77.251332,8.187219],[-77.249528,8.179232],[-77.246796,8.175348],[-77.249036,8.170033],[-77.254496,8.169156],[-77.251469,8.159443],[-77.257414,8.155458],[-77.229623,8.139052],[-77.227087,8.135652],[-77.233128,8.128316],[-77.230198,8.113259],[-77.225516,8.107141],[-77.224462,8.102061],[-77.217969,8.085159],[-77.218995,8.078262],[-77.222463,8.072461],[-77.229186,8.067213],[-77.224993,8.06226],[-77.228988,8.059539],[-77.229219,8.050883],[-77.226352,8.047533],[-77.226935,8.041606],[-77.219527,8.039083],[-77.219721,8.036169],[-77.230733,8.033056],[-77.235168,8.025575],[-77.227415,8.02208],[-77.219132,8.025872],[-77.214442,8.018519],[-77.213367,8.009514],[-77.206446,8.003979],[-77.202448,7.99854],[-77.194553,7.993977],[-77.189971,7.988732],[-77.169688,7.975856],[-77.157895,7.964784],[-77.171742,7.963236],[-77.178952,7.959057],[-77.179925,7.95488],[-77.171348,7.947304],[-77.16968,7.940145],[-77.162079,7.938592],[-77.154379,7.927422],[-77.162272,7.926352],[-77.16656,7.931888],[-77.177377,7.933343],[-77.180939,7.926531],[-77.178324,7.919444],[-77.182714,7.917776],[-77.189917,7.921843],[-77.195906,7.919592],[-77.208378,7.922017],[-77.21393,7.914535],[-77.219289,7.914533],[-77.22884,7.921136],[-77.23866,7.917538],[-77.256686,7.917919],[-77.263165,7.916459],[-77.269107,7.912667],[-77.273294,7.90674],[-77.278165,7.905572],[-77.293269,7.909644],[-77.29863,7.912167],[-77.308759,7.905653],[-77.311779,7.905263],[-77.321371,7.895785],[-77.333257,7.894321],[-77.337054,7.891016],[-77.335588,7.882954],[-77.336362,7.874113],[-77.339571,7.865174],[-77.343172,7.859731],[-77.344613,7.846113],[-77.349538,7.84277],[-77.361504,7.84262],[-77.366198,7.83344],[-77.366195,7.828752],[-77.360162,7.822403],[-77.361794,7.810228],[-77.351932,7.800635],[-77.349648,7.792256],[-77.341662,7.777345],[-77.341372,7.768538],[-77.344645,7.764416],[-77.351339,7.764412],[-77.359174,7.767816],[-77.379114,7.767661],[-77.386666,7.772059],[-77.387953,7.779303],[-77.399046,7.772445],[-77.397108,7.768046],[-77.388973,7.758633],[-77.396083,7.743295],[-77.39677,7.730325],[-77.401175,7.721906],[-77.408991,7.720434],[-77.408981,7.715123],[-77.416428,7.716905],[-77.419037,7.704111],[-77.423995,7.696955],[-77.436394,7.685185],[-77.440655,7.668952],[-77.440136,7.659242],[-77.460855,7.656556],[-77.470088,7.651734],[-77.465668,7.643073],[-77.465663,7.637571],[-77.468827,7.629866],[-77.474472,7.622571],[-77.481222,7.617559],[-77.481216,7.610131],[-77.48541,7.600084],[-77.486492,7.582457],[-77.491171,7.567106],[-77.504155,7.56799],[-77.511851,7.574759],[-77.511858,7.581635],[-77.517441,7.581763],[-77.518812,7.574335],[-77.526389,7.570476],[-77.527568,7.564354],[-77.526044,7.556516],[-77.533886,7.542616],[-77.543664,7.536004],[-77.548198,7.522245],[-77.554397,7.519763],[-77.561002,7.51054],[-77.567338,7.507645],[-77.573545,7.512452],[-77.583469,7.513541],[-77.588163,7.520646],[-77.593279,7.534532],[-77.597195,7.537296],[-77.604884,7.537387],[-77.612279,7.541663],[-77.612184,7.545948],[-77.607777,7.556108],[-77.609715,7.563395],[-77.615198,7.567192],[-77.620461,7.579047],[-77.624896,7.584866],[-77.625202,7.590048],[-77.630201,7.594426],[-77.630311,7.602099],[-77.634315,7.609329],[-77.637131,7.624373],[-77.643019,7.632453],[-77.645202,7.651469],[-77.651499,7.653736],[-77.654601,7.659904],[-77.668134,7.665986],[-77.678353,7.678478],[-77.685082,7.680935],[-77.687765,7.689614],[-77.692122,7.692963],[-77.711409,7.69254],[-77.729963,7.698186],[-77.732812,7.685058],[-77.736966,7.684953],[-77.742143,7.679406],[-77.745433,7.666863],[-77.744988,7.658575],[-77.747055,7.646084],[-77.739849,7.637985],[-77.742145,7.633819],[-77.741273,7.628618],[-77.748592,7.616621],[-77.746707,7.607438],[-77.736919,7.603578],[-77.737614,7.587859],[-77.736237,7.580577],[-77.733138,7.57685],[-77.731977,7.569675],[-77.725168,7.564018],[-77.72376,7.557487],[-77.717702,7.546336],[-77.716398,7.540022],[-77.710052,7.527759],[-77.703209,7.520212],[-77.701464,7.506937],[-77.716047,7.496582],[-77.719059,7.490836],[-77.73086,7.475312],[-77.738962,7.470364],[-77.74338,7.465653],[-77.750347,7.467853],[-77.75374,7.461723],[-77.75902,7.46058],[-77.774538,7.459907],[-77.784133,7.463947],[-77.7865,7.470999],[-77.789673,7.473508],[-77.800128,7.472936],[-77.804579,7.468193],[-77.810749,7.465843],[-77.818185,7.472481],[-77.889065,7.228372],[-77.887607,7.223598],[-77.879724,7.212551],[-77.873561,7.206991],[-77.866694,7.205721],[-77.864609,7.201523],[-77.865849,7.195766],[-77.86326,7.192406],[-77.856348,7.19474],[-77.852342,7.186016],[-77.84413,7.18515],[-77.83662,7.17953],[-77.8355,7.16538],[-77.8306,7.16489],[-77.83031,7.16],[-77.82562,7.15256],[-77.82096,7.14976],[-77.81193,7.14853],[-77.80524,7.14999],[-77.79723,7.1472],[-77.78712,7.13864],[-77.77723,7.12299],[-77.7733,7.11297],[-77.75981,7.09811],[-77.75494,7.10355],[-77.74693,7.10051],[-77.74335,7.10517],[-77.73631,7.09143],[-77.73219,7.09197],[-77.7252,7.08724],[-77.72285,7.08185],[-77.71767,7.07749],[-77.70817,7.08451],[-77.70657,7.07576],[-77.70832,7.06597],[-77.69714,7.05058],[-77.68888,7.04805],[-77.68085,7.0414],[-77.68015,7.03214],[-77.6823,7.02414],[-77.67505,7.018],[-77.66399,7.00004],[-77.6606,6.99284],[-77.6565,6.97433],[-77.65657,6.96505],[-77.66643,6.95264],[-77.6738,6.95491],[-77.67919,6.95411],[-77.6816,6.94689],[-77.68572,6.94609],[-77.6893,6.94143],[-77.69574,6.94011],[-77.69802,6.932924],[-77.69579,6.926244],[-77.69522,6.916974],[-77.69842,6.91254],[-77.70388,6.9128],[-77.70775,6.90064],[-77.70695,6.89523],[-77.71111,6.87847],[-77.70567,6.87438],[-77.70149,6.86385],[-77.70378,6.85791],[-77.70156,6.85354],[-77.70112,6.84351],[-77.69673,6.84198],[-77.69412,6.83543],[-77.68872,6.83765],[-77.69004,6.8446],[-77.68649,6.8544],[-77.68401,6.87193],[-77.67836,6.87518],[-77.66985,6.87574],[-77.66289,6.87411],[-77.66002,6.86717],[-77.65893,6.85765],[-77.65622,6.85509],[-77.65068,6.85627],[-77.64371,6.85284],[-77.62926,6.84905],[-77.61685,6.84191],[-77.60495,6.83347],[-77.592,6.82041],[-77.58734,6.81786],[-77.58809,6.81219],[-77.58266,6.8099],[-77.57564,6.79809],[-77.56814,6.79169],[-77.5652,6.7729],[-77.56249,6.77215],[-77.55659,6.75157],[-77.55037,6.74542],[-77.54853,6.73745],[-77.54554,6.73334],[-77.54717,6.72535],[-77.54331,6.71734],[-77.53849,6.71432],[-77.53507,6.70198],[-77.53413,6.69426],[-77.53683,6.69218],[-77.53795,6.68548],[-77.53483,6.67931],[-77.53376,6.67159],[-77.53708,6.66693],[-77.5332,6.66386],[-77.52617,6.64948],[-77.52544,6.65721],[-77.51798,6.66008],[-77.51642,6.65648],[-77.51024,6.65754],[-77.51041,6.66604],[-77.50533,6.67843],[-77.50627,6.68615],[-77.50166,6.69133],[-77.50093,6.70125],[-77.49373,6.70399],[-77.48717,6.70402],[-77.48473,6.70674],[-77.47572,6.7073],[-77.48288,6.69825],[-77.465412,6.704624],[-77.456402,6.706474],[-77.447122,6.70603],[-77.437312,6.70247],[-77.429302,6.69607],[-77.42976,6.68705],[-77.42074,6.68735],[-77.41844,6.69084],[-77.4107,6.68946],[-77.4045,6.68538],[-77.39969,6.67715],[-77.40572,6.67094],[-77.40544,6.66579],[-77.40002,6.66453],[-77.39586,6.65811],[-77.39712,6.65244],[-77.40432,6.64892],[-77.40584,6.64286],[-77.3995,6.63671],[-77.39852,6.62204],[-77.39154,6.61614],[-77.38302,6.61206],[-77.37706,6.60488],[-77.37021,6.60002],[-77.37095,6.59383],[-77.37545,6.59252],[-77.36896,6.58148],[-77.36279,6.58318],[-77.35839,6.57998],[-77.34809,6.58067],[-77.34241,6.57747],[-77.33204,6.56451],[-77.32528,6.55],[-77.32589,6.54278],[-77.33269,6.53631],[-77.33293,6.52961],[-77.33699,6.52238],[-77.33924,6.5051],[-77.34605,6.50198],[-77.34654,6.49606],[-77.35488,6.48932],[-77.36002,6.48801],[-77.35947,6.479826],[-77.35222,6.472358],[-77.35115,6.462318],[-77.35383,6.457408],[-77.36116,6.456608],[-77.36318,6.446548],[-77.36056,6.437278],[-77.36259,6.431348],[-77.375458,6.42534],[-77.367468,6.421],[-77.363548,6.40865],[-77.36017,6.40892],[-77.35856,6.39399],[-77.36908,6.38699],[-77.37218,6.38723],[-77.37697,6.39468],[-77.38045,6.39544],[-77.38582,6.38743],[-77.4,6.38994],[-77.40516,6.39313],[-77.41029,6.38911],[-77.41206,6.38086],[-77.40792,6.37753],[-77.40433,6.38129],[-77.39477,6.37373],[-77.39086,6.36319],[-77.38599,6.36759],[-77.37749,6.36711],[-77.37011,6.3571],[-77.36941,6.34603],[-77.3717,6.34009],[-77.37683,6.33621],[-77.37663,6.32049],[-77.37851,6.30812],[-77.38335,6.29702],[-77.3828,6.28955],[-77.38561,6.28542],[-77.38174,6.28209],[-77.38132,6.27616],[-77.39399,6.25962],[-77.39885,6.25187],[-77.39574,6.24905],[-77.3953,6.23592],[-77.39836,6.23101],[-77.409044,6.228173],[-77.42379,6.24686],[-77.42679,6.25586],[-77.43445,6.26987],[-77.44681,6.26904],[-77.45788,6.2713],[-77.461483,6.281525],[-77.47073,6.29249],[-77.469671,6.283386],[-77.46638,6.27242],[-77.46815,6.26366],[-77.467883,6.247057],[-77.47351,6.22757],[-77.47399,6.21958],[-77.478254,6.211584],[-77.48031,6.19637],[-77.48274,6.19172],[-77.48169,6.18683],[-77.47549,6.18351],[-77.47442,6.17476],[-77.47128,6.16318],[-77.46689,6.15986],[-77.46092,6.14623],[-77.45665,6.14264],[-77.45441,6.13287],[-77.44952,6.13237],[-77.44639,6.12363],[-77.44046,6.11979],[-77.43398,6.11158],[-77.433578,6.104507],[-77.42248,6.09978],[-77.42415,6.094263],[-77.41095,6.08206],[-77.40191,6.07566],[-77.38951,6.06361],[-77.37321,6.044342],[-77.37344,6.038672],[-77.36549,6.02395],[-77.36692,6.01811],[-77.36096,6.00861],[-77.35887,5.999878],[-77.353744,5.999204],[-77.35336,6.004788],[-77.355352,6.029667],[-77.362404,6.049259],[-77.36324,6.05921],[-77.358893,6.056953],[-77.35947,6.04983],[-77.35623,6.04546],[-77.35186,6.04523],[-77.34731,6.03546],[-77.34915,6.01484],[-77.34425,6.01254],[-77.34221,6.005782],[-77.33532,5.999693],[-77.3331,5.991962],[-77.3345,5.988092],[-77.32942,5.975233],[-77.3281,5.966223],[-77.32526,5.963912],[-77.32213,5.952342],[-77.31889,5.946172],[-77.32103,5.93613],[-77.3164,5.93641],[-77.30627,5.91455],[-77.31167,5.90938],[-77.30856,5.90707],[-77.30787,5.89548],[-77.30373,5.89009],[-77.30148,5.87567],[-77.29505,5.87441],[-77.29424,5.86488],[-77.29678,5.85843],[-77.29137,5.85665],[-77.29017,5.84532],[-77.280936,5.846528],[-77.276076,5.839638],[-77.275777,5.82819],[-77.271237,5.82461],[-77.25978,5.80474],[-77.25613,5.79213],[-77.25112,5.79421],[-77.24844,5.79886],[-77.24452,5.78445],[-77.24181,5.78008],[-77.24317,5.76796],[-77.2469,5.76614],[-77.25132,5.77824],[-77.25724,5.77976],[-77.25694,5.7692],[-77.25404,5.75092],[-77.25616,5.73494],[-77.26138,5.72049],[-77.266638,5.711785],[-77.2774,5.70677],[-77.28216,5.695382],[-77.287807,5.68654],[-77.300308,5.670944],[-77.305969,5.665605],[-77.311886,5.664273],[-77.31566,5.65973],[-77.31706,5.65367],[-77.32449,5.65055],[-77.3291,5.64525],[-77.32613,5.64089],[-77.33326,5.62308],[-77.34262,5.61647],[-77.36238,5.60801],[-77.37112,5.60786],[-77.37705,5.60989],[-77.386186,5.621955],[-77.38998,5.62878],[-77.40257,5.62731],[-77.40438,5.62949],[-77.42261,5.62478],[-77.42749,5.62089],[-77.4376,5.60952],[-77.44413,5.60382],[-77.460468,5.596056],[-77.466965,5.595008],[-77.47548,5.59764],[-77.48241,5.598],[-77.48424,5.60494],[-77.49336,5.60207],[-77.49614,5.59459],[-77.50292,5.58464],[-77.50262,5.57292],[-77.50619,5.56853],[-77.50816,5.54598],[-77.50931,5.54456],[-77.5068,5.52834],[-77.51587,5.5162],[-77.52152,5.51283],[-77.52327,5.50252],[-77.53377,5.49372],[-77.53861,5.48159],[-77.52382,5.47946],[-77.51072,5.48261],[-77.50377,5.47916],[-77.49759,5.47815],[-77.49269,5.4738],[-77.48782,5.4782],[-77.47629,5.48546],[-77.47296,5.48959],[-77.46371,5.49001],[-77.44904,5.48505],[-77.44723,5.48145],[-77.43744,5.47711],[-77.42995,5.46813],[-77.431027,5.451833],[-77.42857,5.44469],[-77.42802,5.43594],[-77.42286,5.43197],[-77.41863,5.43443],[-77.419855,5.443186],[-77.410371,5.452684],[-77.40354,5.441473],[-77.40002,5.44017],[-77.39258,5.44432],[-77.38999,5.4433],[-77.38919,5.43249],[-77.39315,5.4268],[-77.38991,5.41857],[-77.39634,5.41932],[-77.39294,5.40645],[-77.40149,5.40136],[-77.40761,5.40987],[-77.41234,5.40406],[-77.404821,5.359224],[-77.40094,5.34872],[-77.39554,5.34642],[-77.39145,5.3552],[-77.38681,5.35006],[-77.39167,5.34412],[-77.40257,5.336818],[-77.40394,5.327798],[-77.40265,5.325228],[-77.39183,5.318958],[-77.37799,5.3282],[-77.37541,5.32473],[-77.37705,5.31919],[-77.37201,5.31148],[-77.36892,5.30969],[-77.37017,5.29938],[-77.36397,5.29193],[-77.36742,5.28625],[-77.3712,5.26769],[-77.3631,5.26541],[-77.35936,5.26078],[-77.3614,5.25613],[-77.37466,5.26536],[-77.37741,5.27797],[-77.38344,5.27924],[-77.38452,5.28979],[-77.3885,5.28875],[-77.39079,5.2823],[-77.39075,5.27045],[-77.38466,5.25965],[-77.38373,5.25321],[-77.38823,5.24985],[-77.38726,5.23234],[-77.38858,5.20863],[-77.39185,5.18827],[-77.39402,5.18414],[-77.39576,5.16919],[-77.39148,5.15839],[-77.3848,5.15866],[-77.3825,5.16331],[-77.38169,5.18702],[-77.37851,5.19373],[-77.3721,5.19826],[-77.36286,5.20126],[-77.35925,5.19792],[-77.36952,5.19556],[-77.3758,5.19116],[-77.37743,5.18085],[-77.37014,5.15537],[-77.3557,5.14216],[-77.3665,5.144485],[-77.38015,5.15225],[-77.38644,5.15145],[-77.38667,5.14295],[-77.38389,5.12287],[-77.38107,5.12236],[-77.37972,5.10614],[-77.372229,5.107473],[-77.36713,5.10464],[-77.36388,5.09357],[-77.36487,5.08429],[-77.37009,5.081158],[-77.37605,5.08541],[-77.37938,5.07986],[-77.37587,5.03685],[-77.37541,5.01599],[-77.37603,5.00929],[-77.3743,4.99358],[-77.3746,4.96962],[-77.37652,4.96601],[-77.37223,4.9534],[-77.36914,4.95109],[-77.36195,4.95267],[-77.35684,4.95951],[-77.3499,4.95709],[-77.35681,4.94985],[-77.35524,4.94367],[-77.35752,4.93491],[-77.36804,4.93075],[-77.36402,4.9202],[-77.36064,4.90707],[-77.35839,4.88982],[-77.35506,4.88725],[-77.35128,4.892026],[-77.343782,4.883994],[-77.342316,4.876355],[-77.3392,4.87212],[-77.33557,4.86234],[-77.337756,4.854486],[-77.34314,4.86025],[-77.35318,4.86717],[-77.35142,4.8789],[-77.35731,4.87411],[-77.36215,4.86302],[-77.35906,4.8589],[-77.35203,4.83136],[-77.34924,4.80381],[-77.34704,4.80021],[-77.34115,4.80474],[-77.32936,4.81032],[-77.32703,4.8062],[-77.33241,4.80219],[-77.33137,4.79717],[-77.33391,4.79124],[-77.34289,4.78837],[-77.34673,4.78372],[-77.33619,4.77977],[-77.32949,4.77386],[-77.3272,4.77993],[-77.32027,4.7815],[-77.31076,4.77947],[-77.31409,4.77533],[-77.31266,4.76993],[-77.30478,4.75604],[-77.30167,4.74717],[-77.29293,4.74449],[-77.28572,4.74065],[-77.29185,4.73432],[-77.32272,4.74594],[-77.32541,4.74413],[-77.32718,4.73587],[-77.32578,4.70393],[-77.32804,4.68589],[-77.31147,4.6826],[-77.30529,4.67874],[-77.30643,4.67411],[-77.30524,4.66407],[-77.30558,4.6499],[-77.31507,4.64523],[-77.31304,4.65451],[-77.3159,4.66429],[-77.3217,4.67252],[-77.32529,4.66967],[-77.32744,4.65833],[-77.32503,4.63051],[-77.32578,4.58646],[-77.32664,4.57099],[-77.32573,4.5683],[-77.33188,4.56377],[-77.33366,4.55887],[-77.33654,4.53593],[-77.33486,4.53297],[-77.32202,4.53237],[-77.319682,4.524146],[-77.324413,4.518761],[-77.337451,4.514974],[-77.339538,4.512783],[-77.343375,4.474828],[-77.34906,4.43748],[-77.35108,4.42768],[-77.3448,4.43067],[-77.344315,4.424425],[-77.350587,4.418642],[-77.355895,4.408613],[-77.365534,4.398724],[-77.365534,4.392039],[-77.369492,4.386514],[-77.368468,4.374117],[-77.37361,4.36978],[-77.38412,4.36601],[-77.38798,4.36922],[-77.39309,4.36315],[-77.40078,4.35707],[-77.40488,4.3586],[-77.41128,4.35072],[-77.41802,4.33215],[-77.42389,4.32235],[-77.43912,4.30967],[-77.41549,4.30099],[-77.41443,4.29289],[-77.42348,4.29032],[-77.42365,4.28602],[-77.43262,4.2829],[-77.43981,4.28533],[-77.45289,4.28258],[-77.45389,4.27601],[-77.46337,4.26928],[-77.46876,4.27158],[-77.48002,4.26163],[-77.49052,4.2549],[-77.49643,4.26183],[-77.49697,4.2657],[-77.48877,4.271],[-77.4838,4.28068],[-77.48126,4.2897],[-77.48294,4.29253],[-77.49167,4.29443],[-77.50039,4.29196],[-77.51471,4.27903],[-77.51778,4.27413],[-77.52325,4.26046],[-77.52559,4.23057],[-77.52712,4.22722],[-77.530566,4.203602],[-77.529361,4.198573],[-77.5196,4.19891],[-77.51956,4.18963],[-77.52455,4.18653],[-77.52434,4.16025],[-77.525371,4.150857],[-77.526171,4.127865],[-77.512166,4.117357],[-77.508487,4.109245],[-77.504968,4.10565],[-77.49543,4.10445],[-77.489038,4.098056],[-77.479184,4.084782],[-77.47433,4.08494],[-77.47021,4.07748],[-77.46327,4.07415],[-77.45966,4.06798],[-77.45482,4.06434],[-77.44965,4.06492],[-77.43968,4.07706],[-77.434159,4.077253],[-77.428713,4.091872],[-77.428377,4.097314],[-77.430582,4.104965],[-77.443792,4.12517],[-77.441774,4.137612],[-77.437875,4.142546],[-77.429448,4.144758],[-77.417214,4.143405],[-77.406037,4.146045],[-77.393607,4.146884],[-77.387977,4.152003],[-77.390067,4.15904],[-77.388092,4.162889],[-77.378272,4.169356],[-77.374958,4.179932],[-77.372008,4.184493],[-77.360999,4.193511],[-77.349776,4.197222],[-77.343725,4.196068],[-77.33373,4.190798],[-77.321363,4.175326],[-77.315646,4.169858],[-77.308805,4.166018],[-77.303139,4.167471],[-77.294558,4.176241],[-77.288166,4.181119],[-77.285463,4.193293],[-77.287299,4.206184],[-77.280588,4.220139],[-77.275806,4.225849],[-77.265094,4.23307],[-77.258905,4.234053],[-77.250096,4.230268],[-77.249041,4.219733],[-77.251071,4.195583],[-77.249888,4.187931],[-77.246325,4.180789],[-77.238703,4.172117],[-77.22899,4.164369],[-77.224324,4.157946],[-77.218882,4.155545],[-77.214206,4.156608],[-77.209247,4.162737],[-77.205555,4.171552],[-77.197541,4.173314],[-77.188232,4.172662],[-77.174163,4.180458],[-77.162028,4.183653],[-77.15688,4.181777],[-77.152999,4.177062],[-77.148085,4.167368],[-77.140799,4.161246],[-77.136401,4.160265],[-77.130766,4.153342],[-77.127421,4.141283],[-77.126377,4.129775],[-77.121401,4.119876],[-77.112005,4.112354],[-77.109639,4.103686],[-77.103046,4.101467],[-77.093522,4.10168],[-77.085805,4.108933],[-77.073884,4.101519],[-77.06294,4.099493],[-77.055042,4.101707],[-77.045703,4.100062],[-77.035218,4.100555],[-77.019849,4.097508],[-77.013544,4.100961],[-77.000171,4.099808],[-76.993033,4.109058],[-76.991715,4.116843],[-76.981744,4.117447],[-76.975136,4.119946],[-76.962265,4.120876],[-76.946555,4.117396],[-76.938514,4.111058],[-76.935798,4.106587],[-76.925902,4.104348],[-76.912909,4.096768],[-76.902262,4.092311],[-76.89264,4.077476],[-76.88941,4.068377],[-76.880384,4.066264],[-76.87383,4.057193],[-76.872594,4.050594],[-76.867935,4.046381],[-76.872158,4.038133],[-76.863159,4.030122],[-76.856894,4.03133],[-76.848706,4.038345],[-76.840934,4.039254],[-76.831854,4.036463],[-76.825654,4.029384],[-76.825077,4.021098],[-76.818363,4.009228],[-76.811152,4.006353],[-76.803919,4.006012],[-76.79737,4.008143],[-76.789134,4.00614],[-76.779749,4.000102],[-76.775426,3.995474],[-76.76802,3.994828],[-76.758998,3.998221],[-76.751387,3.997652],[-76.740665,3.989257],[-76.716657,3.975653],[-76.693957,3.965996],[-76.685225,3.964677],[-76.678239,3.965989],[-76.648535,3.994037],[-76.629752,4.008935],[-76.624076,4.008932],[-76.607488,4.001907],[-76.59963,4.000149],[-76.595702,3.996639],[-76.592651,3.987867],[-76.593816,3.972782],[-76.591129,3.969789],[-76.569073,3.988291],[-76.56383,3.994865],[-76.552908,4.005382],[-76.538542,4.015932],[-76.537956,4.018778],[-76.542358,4.026154],[-76.54105,4.030943],[-76.541525,4.043733],[-76.537361,4.045101],[-76.53639,4.052565],[-76.532023,4.058481],[-76.526178,4.061228],[-76.523783,4.067848],[-76.51505,4.066932],[-76.509416,4.063481],[-76.498923,4.063833],[-76.494415,4.069538],[-76.49019,4.08137],[-76.47871,4.097174],[-76.472653,4.103583],[-76.468188,4.119323],[-76.462272,4.131577],[-76.454244,4.142423],[-76.450088,4.157241],[-76.44699,4.164777],[-76.444877,4.175693],[-76.444384,4.190595],[-76.446708,4.204519],[-76.451356,4.209731],[-76.451638,4.216893],[-76.454103,4.21971],[-76.454542,4.228761],[-76.458004,4.231459],[-76.468493,4.231839],[-76.49592,4.245775],[-76.50408,4.252115],[-76.510375,4.270747],[-76.52224,4.284168],[-76.5226,4.299815],[-76.524445,4.314346],[-76.5326,4.328137],[-76.541133,4.333359],[-76.545581,4.340813],[-76.551077,4.364795],[-76.549264,4.381796],[-76.550239,4.392961],[-76.554008,4.395585],[-76.552387,4.401112],[-76.54636,4.401595],[-76.543212,4.396777],[-76.536899,4.397262],[-76.524399,4.404491],[-76.515869,4.40307],[-76.511482,4.404933],[-76.506691,4.410315],[-76.497429,4.412711],[-76.482186,4.414034],[-76.473862,4.42298],[-76.453397,4.433274],[-76.447576,4.440661],[-76.434977,4.441429],[-76.430804,4.448234],[-76.417721,4.447249],[-76.418298,4.452405],[-76.415096,4.456585],[-76.409473,4.458234],[-76.410341,4.46339],[-76.403936,4.472041],[-76.399719,4.474363],[-76.392979,4.473279],[-76.386017,4.483022],[-76.386253,4.487998],[-76.382057,4.493461],[-76.371283,4.489638],[-76.36422,4.491313],[-76.384961,4.520653],[-76.391799,4.525451],[-76.396706,4.533324],[-76.396855,4.538626],[-76.388008,4.544617],[-76.382197,4.557961],[-76.374691,4.559322],[-76.363778,4.557943],[-76.346039,4.559636],[-76.344332,4.561688],[-76.344317,4.576064],[-76.340217,4.582564],[-76.33305,4.587006],[-76.327238,4.599322],[-76.31836,4.60787],[-76.319029,4.620877],[-76.313221,4.629086],[-76.300231,4.653716],[-76.300894,4.671858],[-76.296442,4.687256],[-76.296431,4.69684],[-76.291139,4.702525],[-76.287894,4.712251],[-76.290682,4.72329],[-76.302114,4.735588],[-76.305931,4.744086],[-76.30455,4.758803],[-76.29909,4.759481],[-76.283725,4.770074],[-76.273484,4.774512],[-76.260499,4.790926],[-76.2325,4.808006],[-76.223442,4.820016],[-76.210922,4.830241],[-76.194276,4.828596],[-76.181877,4.832595],[-76.173837,4.832196],[-76.164397,4.835337],[-76.145004,4.837914],[-76.137076,4.841883],[-76.135183,4.852358],[-76.13062,4.855873],[-76.130766,4.86247],[-76.125402,4.875464],[-76.121266,4.876419],[-76.116704,4.881115],[-76.109533,4.903677],[-76.10713,4.913599],[-76.097515,4.921663],[-76.093972,4.94105],[-76.09054,4.947091],[-76.091666,4.955888],[-76.090447,4.969072],[-76.091514,4.983592],[-76.097846,4.995411],[-76.098333,5.000303],[-76.094447,5.010263],[-76.096314,5.034533],[-76.093618,5.04279],[-76.085725,5.048359],[-76.079926,5.049513],[-76.074113,5.059736],[-76.074097,5.070199],[-76.069679,5.078331],[-76.070116,5.095539],[-76.068711,5.103908],[-76.063821,5.11669],[-76.061017,5.130172],[-76.067035,5.137623],[-76.078625,5.141129],[-76.084649,5.145091],[-76.098776,5.158833],[-76.116339,5.169389],[-76.129181,5.179998],[-76.1365,5.199346],[-76.140601,5.220991],[-76.143801,5.231124],[-76.157562,5.242194],[-76.164435,5.253254],[-76.170818,5.285492],[-76.181748,5.292947],[-76.191404,5.305176],[-76.192858,5.312257],[-76.1977,5.317646],[-76.198621,5.330132],[-76.202796,5.331038],[-76.201156,5.336683],[-76.206551,5.349059],[-76.202742,5.352559],[-76.204615,5.357426],[-76.201219,5.36266],[-76.202479,5.368529],[-76.198283,5.370106],[-76.199525,5.376035],[-76.19697,5.379332],[-76.1958,5.392649],[-76.190105,5.399247],[-76.188736,5.405882],[-76.183538,5.411152],[-76.16953,5.414231],[-76.153525,5.414398],[-76.140185,5.416096],[-76.131601,5.422193],[-76.121314,5.42084],[-76.113105,5.431138],[-76.108702,5.443543],[-76.104117,5.450983],[-76.097257,5.451163],[-76.090026,5.445231],[-76.086022,5.447134],[-76.083908,5.458206],[-76.079691,5.473284],[-76.078321,5.494668],[-76.077166,5.501731],[-76.077145,5.514143],[-76.078654,5.523311],[-76.07844,5.537441],[-76.074804,5.5466],[-76.0666,5.551933],[-76.057833,5.552299],[-76.050396,5.555151],[-76.041042,5.563727],[-76.036847,5.565056],[-76.019126,5.563879],[-76.011976,5.564677],[-76.009131,5.568041],[-76.006971,5.573818],[-76.007651,5.586631],[-76.011243,5.594475],[-76.002613,5.600795],[-76.006625,5.609813],[-76.004783,5.617975],[-76.006412,5.623704],[-76.011459,5.630565],[-76.022083,5.6357],[-76.023902,5.640349],[-76.035706,5.651523],[-76.044162,5.653996],[-76.05394,5.661475],[-76.066533,5.667129],[-76.06615,5.67154],[-76.073604,5.6784],[-76.081863,5.683049],[-76.086954,5.688642],[-76.084424,5.696731],[-76.079944,5.704297],[-76.080234,5.708279],[-76.070362,5.721055],[-76.069346,5.724854],[-76.070943,5.743528],[-76.066164,5.753987],[-76.067273,5.758054],[-76.077386,5.765038],[-76.080672,5.768944],[-76.075712,5.772788],[-76.071248,5.780643],[-76.076332,5.783496],[-76.084454,5.790923],[-76.090935,5.800475],[-76.097022,5.815411],[-76.09909,5.825581],[-76.098466,5.850687],[-76.085581,5.874621],[-76.082474,5.893959],[-76.078626,5.910854],[-76.072807,5.923351],[-76.070149,5.931679],[-76.068095,5.944979],[-76.070578,5.955337],[-76.066659,5.977995],[-76.071,5.984133],[-76.080271,5.989025],[-76.084919,5.987172],[-76.087895,5.990768],[-76.088887,5.999987],[-76.098712,6.012372],[-76.104853,6.018402],[-76.113533,6.021254],[-76.123732,6.018216],[-76.124414,6.012078],[-76.128878,6.006994],[-76.131854,5.999801],[-76.143077,5.997817],[-76.149626,5.999966],[-76.155663,6.004761],[-76.159569,6.003707],[-76.165335,6.007037],[-76.168249,6.013919],[-76.172652,6.017391],[-76.170233,6.025699],[-76.17259,6.031094],[-76.172548,6.037778],[-76.174741,6.043578],[-76.183236,6.048208],[-76.190887,6.061748],[-76.196956,6.080175],[-76.19756,6.097884],[-76.196114,6.101561],[-76.197596,6.110792],[-76.202058,6.121826],[-76.203305,6.133763],[-76.200675,6.141202],[-76.205798,6.148305],[-76.200566,6.157077],[-76.203415,6.16333],[-76.21358,6.169162],[-76.222924,6.18573],[-76.225592,6.194688],[-76.234657,6.203844],[-76.238372,6.209477],[-76.248254,6.20406],[-76.254707,6.204433],[-76.259719,6.209006],[-76.266749,6.206146],[-76.281181,6.193795],[-76.287024,6.194261],[-76.294665,6.200377],[-76.309734,6.199792],[-76.317337,6.201984],[-76.326405,6.202592],[-76.330967,6.196878],[-76.351261,6.196153],[-76.36099,6.193179],[-76.367524,6.193113],[-76.377565,6.19528],[-76.389812,6.191495],[-76.396224,6.187943],[-76.405174,6.185586],[-76.408517,6.180146],[-76.408621,6.17317],[-76.415006,6.167003],[-76.419872,6.165733],[-76.429897,6.166417],[-76.437943,6.169562],[-76.450306,6.168826],[-76.467633,6.176584],[-76.475591,6.171098],[-76.475507,6.162817],[-76.482468,6.162049],[-76.488543,6.168438],[-76.498967,6.174173],[-76.508198,6.173904],[-76.517573,6.1793],[-76.526441,6.17764],[-76.535553,6.178939],[-76.552864,6.178513],[-76.559915,6.180186],[-76.571122,6.186491],[-76.577368,6.186426],[-76.582582,6.189145],[-76.590839,6.189247],[-76.597763,6.186954],[-76.601499,6.192344],[-76.625218,6.182602],[-76.630769,6.174942],[-76.63884,6.175135],[-76.642957,6.168788],[-76.651139,6.17037],[-76.655097,6.173148],[-76.668673,6.169631],[-76.676093,6.172949],[-76.681603,6.171141],[-76.684794,6.162838],[-76.695003,6.163345],[-76.704309,6.169151],[-76.71541,6.17104],[-76.718793,6.173104],[-76.720464,6.181257],[-76.714512,6.192359],[-76.720646,6.197578],[-76.721676,6.204945],[-76.717915,6.21545],[-76.719071,6.21919],[-76.72471,6.221566],[-76.727235,6.226921],[-76.723929,6.233599],[-76.725382,6.237589],[-76.733214,6.237316],[-76.751664,6.247393],[-76.757364,6.253718],[-76.758931,6.260842],[-76.755315,6.267869],[-76.749508,6.274376],[-76.748901,6.277871],[-76.752614,6.283393],[-76.760039,6.285214],[-76.772225,6.28434],[-76.778144,6.285765],[-76.782647,6.29009],[-76.784974,6.299451],[-76.782412,6.308509],[-76.789049,6.318258],[-76.789382,6.324669],[-76.778144,6.328988],[-76.779268,6.333395],[-76.789376,6.338525],[-76.790325,6.344952],[-76.78679,6.35291],[-76.774797,6.358203],[-76.772047,6.365501],[-76.776387,6.370452],[-76.785564,6.373404],[-76.784421,6.381411],[-76.771738,6.380027],[-76.766265,6.383714],[-76.765662,6.391308],[-76.767466,6.394172],[-76.785786,6.406468],[-76.791636,6.408757],[-76.795488,6.416263],[-76.795232,6.421226],[-76.791184,6.42445],[-76.785913,6.424674],[-76.776637,6.421516],[-76.769778,6.421448],[-76.764953,6.424811],[-76.76277,6.43519],[-76.766358,6.439126],[-76.772923,6.439052],[-76.781684,6.433043],[-76.788035,6.432902],[-76.795183,6.437996],[-76.794934,6.446092],[-76.791475,6.453307],[-76.784212,6.458261],[-76.781184,6.475135],[-76.775491,6.472158],[-76.775102,6.466082],[-76.768628,6.465914],[-76.76648,6.475856],[-76.776528,6.488239],[-76.793401,6.497449],[-76.797835,6.506269],[-76.805398,6.505],[-76.812157,6.492023],[-76.815985,6.487149],[-76.820981,6.488798],[-76.823591,6.510262],[-76.819621,6.520109],[-76.820379,6.525485],[-76.829034,6.524218],[-76.835126,6.519765],[-76.841661,6.521892],[-76.847319,6.537336],[-76.848129,6.547606],[-76.852633,6.561082],[-76.861436,6.569499],[-76.865479,6.571055],[-76.876567,6.566521],[-76.880239,6.561716],[-76.886962,6.561546],[-76.892861,6.567574],[-76.898001,6.577522],[-76.899427,6.584724],[-76.897217,6.593162],[-76.890235,6.604978],[-76.882012,6.609845],[-76.867977,6.608614],[-76.863851,6.609526],[-76.85942,6.615477],[-76.859659,6.623115],[-76.870393,6.629577],[-76.878651,6.629905],[-76.897989,6.625164],[-76.904243,6.626168],[-76.909915,6.630245],[-76.912314,6.639133],[-76.910528,6.644724],[-76.900397,6.653957],[-76.896838,6.659472],[-76.897875,6.667654],[-76.905588,6.672087],[-76.915911,6.662976],[-76.919542,6.6514],[-76.925259,6.648993],[-76.935963,6.653098],[-76.939179,6.670718],[-76.939477,6.683966],[-76.951135,6.674423],[-76.960845,6.676678],[-76.963551,6.685824],[-76.959164,6.689611],[-76.952076,6.690744],[-76.947324,6.695796],[-76.941857,6.7062],[-76.933329,6.711245],[-76.937229,6.720327],[-76.94212,6.723802],[-76.954061,6.722921],[-76.958357,6.72533],[-76.961868,6.73499],[-76.966458,6.741136],[-76.965758,6.750693],[-76.963191,6.756465],[-76.962642,6.769071],[-76.964608,6.777904],[-76.963181,6.784496],[-76.958693,6.790157],[-76.960486,6.795055],[-76.967695,6.794967],[-76.971606,6.797276],[-76.9731,6.806072],[-76.968848,6.813783],[-76.959789,6.815894],[-76.950554,6.816327],[-76.933799,6.813366],[-76.931045,6.814208],[-76.927925,6.825612],[-76.922612,6.838301],[-76.91569,6.845825],[-76.91104,6.841439],[-76.899253,6.833743],[-76.888521,6.840276],[-76.886036,6.846227],[-76.878735,6.851237],[-76.874348,6.850657],[-76.868221,6.844994],[-76.862348,6.844201],[-76.856284,6.846455],[-76.8521,6.843506],[-76.847209,6.832859],[-76.837718,6.832473],[-76.831144,6.836829],[-76.825796,6.837625],[-76.82109,6.835041],[-76.81753,6.837994],[-76.818653,6.845465],[-76.831754,6.856136],[-76.828822,6.859406],[-76.813884,6.858939],[-76.806495,6.862294],[-76.797927,6.861393],[-76.791402,6.867195],[-76.787019,6.882552],[-76.787744,6.890339],[-76.792355,6.894952],[-76.79224,6.899389],[-76.796429,6.905175],[-76.799088,6.925667],[-76.796488,6.934228],[-76.799343,6.940215],[-76.80033,6.948863],[-76.805923,6.948296],[-76.80941,6.951919],[-76.810593,6.961572],[-76.814323,6.963757],[-76.819882,6.961881],[-76.823764,6.956154],[-76.828832,6.958116],[-76.822168,6.965383],[-76.818857,6.973792],[-76.828666,6.980982],[-76.832112,6.988905],[-76.842673,6.98806],[-76.834637,6.999269],[-76.824775,7.005458],[-76.70666,7.024915],[-76.696297,7.022892],[-76.683627,7.023044],[-76.677061,7.027918],[-76.669021,7.021876],[-76.655522,7.016954],[-76.650735,7.010009],[-76.644189,7.008552],[-76.641258,7.012327],[-76.633994,7.015004],[-76.615284,7.015993],[-76.609482,7.012416],[-76.602818,7.000984],[-76.596604,7.011417],[-76.590328,7.008421],[-76.58937,7.000385],[-76.585052,6.992473],[-76.583205,6.982327],[-76.576732,6.978853],[-76.571066,6.978728],[-76.564353,6.987535],[-76.558723,6.990575],[-76.547439,7.002698],[-76.547975,7.015643],[-76.544105,7.021348],[-76.542363,7.028362],[-76.543478,7.041588],[-76.541048,7.047247],[-76.543332,7.053648],[-76.53696,7.058903],[-76.541342,7.064061],[-76.536366,7.073713],[-76.530421,7.081499],[-76.530503,7.094977],[-76.527671,7.098186],[-76.520929,7.098575],[-76.521045,7.108412],[-76.514736,7.112592],[-76.509084,7.126563],[-76.509106,7.134929],[-76.505586,7.138998],[-76.498346,7.136682],[-76.493593,7.128217],[-76.487392,7.128522],[-76.482913,7.133273],[-76.491785,7.144904],[-76.502865,7.149324],[-76.505449,7.154503],[-76.504137,7.167956],[-76.507238,7.173911],[-76.50722,7.188659],[-76.504878,7.196159],[-76.50824,7.201597],[-76.512641,7.203673],[-76.513667,7.212471],[-76.517032,7.215063],[-76.516244,7.223342],[-76.521159,7.229816],[-76.523447,7.238755],[-76.530234,7.255108],[-76.546529,7.260138],[-76.548295,7.262836],[-76.563164,7.274486],[-76.56681,7.281598],[-76.568923,7.290367],[-76.573625,7.298088],[-76.579612,7.301378],[-76.585545,7.298664],[-76.594133,7.302975],[-76.606405,7.312759],[-76.610515,7.311878],[-76.624947,7.323813],[-76.635991,7.320466],[-76.641431,7.323354],[-76.643078,7.327423],[-76.676,7.350389],[-76.683829,7.354472],[-76.694997,7.362395],[-76.717132,7.367608],[-76.729256,7.385864],[-76.740284,7.399267],[-76.785915,7.456867],[-76.802598,7.476135],[-76.819475,7.503647],[-76.827376,7.506469],[-76.825656,7.514029],[-76.829431,7.521299],[-76.84636,7.532952],[-76.871835,7.549049],[-76.905619,7.578285],[-76.943673,7.613215],[-76.951904,7.614721],[-76.961704,7.620657],[-76.975195,7.625013],[-76.987166,7.631802],[-76.991364,7.643707],[-76.996591,7.652625],[-77.01619,7.668132],[-77.025319,7.677229],[-77.02827,7.685278],[-77.034184,7.696361],[-77.038943,7.702178],[-77.054583,7.713384],[-77.059858,7.726427],[-77.066817,7.738599],[-77.077002,7.753835],[-77.113429,7.779255],[-77.114909,7.783706],[-77.122893,7.788504],[-77.124892,7.812978],[-77.12689,7.829371],[-77.122729,7.832872],[-77.117437,7.831768],[-77.102936,7.823636],[-77.09505,7.824367],[-77.088074,7.831887],[-77.082739,7.842961],[-77.078446,7.846979],[-77.062888,7.849044],[-77.057986,7.851887],[-77.049409,7.86423],[-77.031099,7.880204],[-77.026905,7.889404],[-77.023331,7.905401],[-77.014737,7.924312],[-77.013086,7.931319],[-77.013712,7.939013],[-77.020288,7.944978],[-77.019137,7.950849],[-77.007215,7.951458],[-77.000338,7.957193],[-77.000224,7.960979],[-77.004794,7.969471],[-77.006157,7.977513],[-77.00406,7.993955],[-76.996779,8.018312],[-76.994341,8.023585],[-76.988047,8.030903],[-76.970677,8.031985],[-76.96442,8.034095],[-76.954597,8.04193],[-76.947907,8.066931],[-76.958133,8.078082],[-76.964209,8.074468],[-76.965848,8.078046],[-76.964808,8.085319],[-76.966731,8.094904],[-76.979657,8.099211],[-76.98628,8.105662],[-76.980994,8.124794],[-76.977215,8.132361],[-76.968189,8.132754],[-76.964887,8.127115],[-76.96461,8.122081],[-76.96067,8.116927],[-76.955373,8.12002],[-76.95436,8.14485],[-76.950219,8.171331],[-76.954254,8.179209],[-76.966652,8.192957],[-76.972617,8.213472],[-76.978543,8.230131],[-76.979179,8.241967],[-76.978246,8.24843],[-76.979998,8.254801]]],[[[-77.69424,7.03862],[-77.69504,7.04338],[-77.70281,7.05003],[-77.70752,7.06237],[-77.71449,7.06284],[-77.72227,7.07155],[-77.72511,7.07141],[-77.73133,7.07716],[-77.73416,7.07586],[-77.71991,7.06513],[-77.69424,7.03862]]]]},"properties":{"shapeName":"Chocó"}},{"type":"Feature","geometry":{"type":"Polygon","coordinates":[[[-75.753208,4.077016],[-75.755085,4.075607],[-75.770435,4.07554],[-75.777538,4.073919],[-75.780972,4.075384],[-75.78159,4.08483],[-75.78523,4.088656],[-75.7945,4.087971],[-75.797162,4.090602],[-75.826871,4.099542],[-75.837072,4.098518],[-75.839735,4.102759],[-75.836733,4.106252],[-75.835784,4.113865],[-75.841708,4.123368],[-75.841729,4.142347],[-75.843147,4.152457],[-75.838062,4.160034],[-75.833613,4.173243],[-75.828377,4.180351],[-75.823226,4.193511],[-75.821844,4.200001],[-75.822361,4.208042],[-75.824768,4.213369],[-75.823436,4.227097],[-75.818925,4.23345],[-75.815315,4.242057],[-75.81263,4.243562],[-75.808296,4.256147],[-75.801338,4.261502],[-75.796303,4.26893],[-75.797426,4.277806],[-75.793304,4.283944],[-75.792687,4.289296],[-75.787217,4.293374],[-75.793673,4.304122],[-75.796792,4.31392],[-75.79586,4.323011],[-75.793257,4.330909],[-75.791392,4.34885],[-75.789134,4.353854],[-75.804266,4.368483],[-75.80342,4.374153],[-75.804669,4.383638],[-75.80063,4.388576],[-75.803394,4.395532],[-75.81193,4.402558],[-75.818652,4.401702],[-75.820182,4.40556],[-75.831992,4.40558],[-75.834783,4.401922],[-75.842943,4.40261],[-75.846392,4.407049],[-75.858137,4.415928],[-75.861556,4.411315],[-75.877881,4.410185],[-75.884505,4.411063],[-75.893717,4.414547],[-75.893226,4.421293],[-75.889377,4.42678],[-75.887918,4.438054],[-75.883688,4.44142],[-75.886367,4.447399],[-75.875706,4.449021],[-75.867148,4.455945],[-75.875499,4.457887],[-75.880289,4.464737],[-75.880186,4.469267],[-75.874325,4.471474],[-75.874023,4.480051],[-75.878243,4.483238],[-75.872635,4.5],[-75.870491,4.516047],[-75.871567,4.523571],[-75.87941,4.526945],[-75.881284,4.53133],[-75.879181,4.538805],[-75.872126,4.543807],[-75.871673,4.548542],[-75.875557,4.551254],[-75.875548,4.556304],[-75.869885,4.558601],[-75.86634,4.563435],[-75.866119,4.572767],[-75.872307,4.578767],[-75.871659,4.585534],[-75.866295,4.590887],[-75.860654,4.593488],[-75.861303,4.601064],[-75.866059,4.607982],[-75.864325,4.615288],[-75.853186,4.623641],[-75.85053,4.628288],[-75.848792,4.637587],[-75.835271,4.644872],[-75.826944,4.65453],[-75.825714,4.663408],[-75.822605,4.664022],[-75.813747,4.658894],[-75.805125,4.658347],[-75.798014,4.659873],[-75.783846,4.658931],[-75.78171,4.652788],[-75.771356,4.654432],[-75.763322,4.653493],[-75.757996,4.650773],[-75.738892,4.655036],[-75.724594,4.652072],[-75.716102,4.652194],[-75.704871,4.656039],[-75.707832,4.677646],[-75.714271,4.712975],[-75.732298,4.707892],[-75.741803,4.711648],[-75.758195,4.71067],[-75.766793,4.715226],[-75.77088,4.714658],[-75.777082,4.721896],[-75.780879,4.71929],[-75.791843,4.716816],[-75.80036,4.721286],[-75.802521,4.728254],[-75.81172,4.727594],[-75.821292,4.733716],[-75.831427,4.737175],[-75.844251,4.727569],[-75.846852,4.731259],[-75.855539,4.731303],[-75.849077,4.73777],[-75.846493,4.748094],[-75.846784,4.756363],[-75.845354,4.766075],[-75.847981,4.776319],[-75.850669,4.778781],[-75.857052,4.778259],[-75.863245,4.77423],[-75.869822,4.77508],[-75.878357,4.76871],[-75.881324,4.760185],[-75.888565,4.754974],[-75.89801,4.75868],[-75.905147,4.75252],[-75.911125,4.753127],[-75.922093,4.759541],[-75.924492,4.762652],[-75.919884,4.767851],[-75.927386,4.774113],[-75.928871,4.784131],[-75.927348,4.788382],[-75.921179,4.788495],[-75.917713,4.794226],[-75.924111,4.802195],[-75.931803,4.801322],[-75.930244,4.810681],[-75.920712,4.816989],[-75.915572,4.813108],[-75.910418,4.817359],[-75.91066,4.826394],[-75.902536,4.836835],[-75.906637,4.846135],[-75.901743,4.849224],[-75.900833,4.854256],[-75.912273,4.861116],[-75.914824,4.874544],[-75.928181,4.863203],[-75.944881,4.856535],[-75.955621,4.864022],[-75.971023,4.85909],[-75.988802,4.873348],[-75.990458,4.881442],[-75.987364,4.902921],[-75.988184,4.911572],[-75.991522,4.911856],[-76.001933,4.920946],[-76.011919,4.926221],[-76.013352,4.930361],[-76.027062,4.937882],[-76.031161,4.949404],[-76.034545,4.965836],[-76.038979,4.972548],[-76.043338,4.984071],[-76.046424,4.986988],[-76.045026,4.993663],[-76.049309,5.000403],[-76.048968,5.006387],[-76.056823,5.013141],[-76.066131,5.016541],[-76.066702,5.021095],[-76.077821,5.0357],[-76.091896,5.036871],[-76.096314,5.034533],[-76.094447,5.010263],[-76.098333,5.000303],[-76.097846,4.995411],[-76.091514,4.983592],[-76.090447,4.969072],[-76.091666,4.955888],[-76.09054,4.947091],[-76.093972,4.94105],[-76.097515,4.921663],[-76.10713,4.913599],[-76.109533,4.903677],[-76.116704,4.881115],[-76.121266,4.876419],[-76.125402,4.875464],[-76.130766,4.86247],[-76.13062,4.855873],[-76.135183,4.852358],[-76.137076,4.841883],[-76.145004,4.837914],[-76.164397,4.835337],[-76.173837,4.832196],[-76.181877,4.832595],[-76.194276,4.828596],[-76.210922,4.830241],[-76.223442,4.820016],[-76.2325,4.808006],[-76.260499,4.790926],[-76.273484,4.774512],[-76.283725,4.770074],[-76.29909,4.759481],[-76.30455,4.758803],[-76.305931,4.744086],[-76.302114,4.735588],[-76.290682,4.72329],[-76.287894,4.712251],[-76.291139,4.702525],[-76.296431,4.69684],[-76.296442,4.687256],[-76.300894,4.671858],[-76.300231,4.653716],[-76.313221,4.629086],[-76.319029,4.620877],[-76.31836,4.60787],[-76.327238,4.599322],[-76.33305,4.587006],[-76.340217,4.582564],[-76.344317,4.576064],[-76.344332,4.561688],[-76.346039,4.559636],[-76.363778,4.557943],[-76.374691,4.559322],[-76.382197,4.557961],[-76.388008,4.544617],[-76.396855,4.538626],[-76.396706,4.533324],[-76.391799,4.525451],[-76.384961,4.520653],[-76.36422,4.491313],[-76.371283,4.489638],[-76.382057,4.493461],[-76.386253,4.487998],[-76.386017,4.483022],[-76.392979,4.473279],[-76.399719,4.474363],[-76.403936,4.472041],[-76.410341,4.46339],[-76.409473,4.458234],[-76.415096,4.456585],[-76.418298,4.452405],[-76.417721,4.447249],[-76.430804,4.448234],[-76.434977,4.441429],[-76.447576,4.440661],[-76.453397,4.433274],[-76.473862,4.42298],[-76.482186,4.414034],[-76.497429,4.412711],[-76.506691,4.410315],[-76.511482,4.404933],[-76.515869,4.40307],[-76.524399,4.404491],[-76.536899,4.397262],[-76.543212,4.396777],[-76.54636,4.401595],[-76.552387,4.401112],[-76.554008,4.395585],[-76.550239,4.392961],[-76.549264,4.381796],[-76.551077,4.364795],[-76.545581,4.340813],[-76.541133,4.333359],[-76.5326,4.328137],[-76.524445,4.314346],[-76.5226,4.299815],[-76.52224,4.284168],[-76.510375,4.270747],[-76.50408,4.252115],[-76.49592,4.245775],[-76.468493,4.231839],[-76.458004,4.231459],[-76.454542,4.228761],[-76.454103,4.21971],[-76.451638,4.216893],[-76.451356,4.209731],[-76.446708,4.204519],[-76.444384,4.190595],[-76.444877,4.175693],[-76.44699,4.164777],[-76.450088,4.157241],[-76.454244,4.142423],[-76.462272,4.131577],[-76.468188,4.119323],[-76.472653,4.103583],[-76.47871,4.097174],[-76.49019,4.08137],[-76.494415,4.069538],[-76.498923,4.063833],[-76.509416,4.063481],[-76.51505,4.066932],[-76.523783,4.067848],[-76.526178,4.061228],[-76.532023,4.058481],[-76.53639,4.052565],[-76.537361,4.045101],[-76.541525,4.043733],[-76.54105,4.030943],[-76.542358,4.026154],[-76.537956,4.018778],[-76.538542,4.015932],[-76.552908,4.005382],[-76.56383,3.994865],[-76.569073,3.988291],[-76.591129,3.969789],[-76.593816,3.972782],[-76.592651,3.987867],[-76.595702,3.996639],[-76.59963,4.000149],[-76.607488,4.001907],[-76.624076,4.008932],[-76.629752,4.008935],[-76.648535,3.994037],[-76.678239,3.965989],[-76.685225,3.964677],[-76.693957,3.965996],[-76.716657,3.975653],[-76.740665,3.989257],[-76.751387,3.997652],[-76.758998,3.998221],[-76.76802,3.994828],[-76.775426,3.995474],[-76.779749,4.000102],[-76.789134,4.00614],[-76.79737,4.008143],[-76.803919,4.006012],[-76.811152,4.006353],[-76.818363,4.009228],[-76.825077,4.021098],[-76.825654,4.029384],[-76.831854,4.036463],[-76.840934,4.039254],[-76.848706,4.038345],[-76.856894,4.03133],[-76.863159,4.030122],[-76.872158,4.038133],[-76.867935,4.046381],[-76.872594,4.050594],[-76.87383,4.057193],[-76.880384,4.066264],[-76.88941,4.068377],[-76.89264,4.077476],[-76.902262,4.092311],[-76.912909,4.096768],[-76.925902,4.104348],[-76.935798,4.106587],[-76.938514,4.111058],[-76.946555,4.117396],[-76.962265,4.120876],[-76.975136,4.119946],[-76.981744,4.117447],[-76.991715,4.116843],[-76.993033,4.109058],[-77.000171,4.099808],[-77.013544,4.100961],[-77.019849,4.097508],[-77.035218,4.100555],[-77.045703,4.100062],[-77.055042,4.101707],[-77.06294,4.099493],[-77.073884,4.101519],[-77.085805,4.108933],[-77.093522,4.10168],[-77.103046,4.101467],[-77.109639,4.103686],[-77.112005,4.112354],[-77.121401,4.119876],[-77.126377,4.129775],[-77.127421,4.141283],[-77.130766,4.153342],[-77.136401,4.160265],[-77.140799,4.161246],[-77.148085,4.167368],[-77.152999,4.177062],[-77.15688,4.181777],[-77.162028,4.183653],[-77.174163,4.180458],[-77.188232,4.172662],[-77.197541,4.173314],[-77.205555,4.171552],[-77.209247,4.162737],[-77.214206,4.156608],[-77.218882,4.155545],[-77.224324,4.157946],[-77.22899,4.164369],[-77.238703,4.172117],[-77.246325,4.180789],[-77.249888,4.187931],[-77.251071,4.195583],[-77.249041,4.219733],[-77.250096,4.230268],[-77.258905,4.234053],[-77.265094,4.23307],[-77.275806,4.225849],[-77.280588,4.220139],[-77.287299,4.206184],[-77.285463,4.193293],[-77.288166,4.181119],[-77.294558,4.176241],[-77.303139,4.167471],[-77.308805,4.166018],[-77.315646,4.169858],[-77.321363,4.175326],[-77.33373,4.190798],[-77.343725,4.196068],[-77.349776,4.197222],[-77.360999,4.193511],[-77.372008,4.184493],[-77.374958,4.179932],[-77.378272,4.169356],[-77.388092,4.162889],[-77.390067,4.15904],[-77.387977,4.152003],[-77.393607,4.146884],[-77.406037,4.146045],[-77.417214,4.143405],[-77.429448,4.144758],[-77.437875,4.142546],[-77.441774,4.137612],[-77.443792,4.12517],[-77.430582,4.104965],[-77.428377,4.097314],[-77.428713,4.091872],[-77.434159,4.077253],[-77.43172,4.07451],[-77.4304,4.06395],[-77.4237,4.05212],[-77.42675,4.04245],[-77.43111,4.04372],[-77.437981,4.039107],[-77.439288,4.026868],[-77.436748,4.011044],[-77.42817,4.00419],[-77.41378,3.99483],[-77.40247,3.98649],[-77.39861,3.98148],[-77.389562,3.983927],[-77.381751,3.980743],[-77.377714,3.967308],[-77.383644,3.968245],[-77.378908,3.960026],[-77.37416,3.9554],[-77.369248,3.945775],[-77.36524,3.93353],[-77.358738,3.926681],[-77.3464,3.93255],[-77.34489,3.94261],[-77.33979,3.9555],[-77.339999,3.958716],[-77.335768,3.971496],[-77.323971,3.975443],[-77.326414,3.980975],[-77.321714,3.987044],[-77.31977,3.99523],[-77.32349,3.99598],[-77.32107,4.00373],[-77.31557,4.00684],[-77.31917,4.01121],[-77.31765,4.01662],[-77.31226,4.01871],[-77.31383,4.02926],[-77.30781,4.03005],[-77.30872,4.03544],[-77.28977,4.04942],[-77.28208,4.0497],[-77.28078,4.04505],[-77.27001,4.05051],[-77.26927,4.05669],[-77.26441,4.0616],[-77.26107,4.06084],[-77.25391,4.06858],[-77.25111,4.07581],[-77.24367,4.07402],[-77.24827,4.06912],[-77.25005,4.06344],[-77.25696,4.05788],[-77.25283,4.05261],[-77.24875,4.05907],[-77.24361,4.0565],[-77.23669,4.05755],[-77.23285,4.06091],[-77.22874,4.05861],[-77.21566,4.06096],[-77.20887,4.06562],[-77.20923,4.05518],[-77.20051,4.05534],[-77.19564,4.05792],[-77.18357,4.0528],[-77.18356,4.04971],[-77.19613,4.04916],[-77.19766,4.04143],[-77.19661,4.03576],[-77.19826,4.03036],[-77.20325,4.02699],[-77.20465,4.02209],[-77.21092,4.01769],[-77.20936,4.00996],[-77.21628,4.0075],[-77.23164,3.99393],[-77.24113,3.99159],[-77.2465,3.98642],[-77.24213,3.98437],[-77.23903,3.97394],[-77.25263,3.97687],[-77.25418,3.98047],[-77.26497,3.98611],[-77.27318,3.98647],[-77.27561,3.98299],[-77.29175,3.97728],[-77.29339,3.96748],[-77.30106,3.959144],[-77.312884,3.954629],[-77.317107,3.950679],[-77.31216,3.9342],[-77.3156,3.92517],[-77.32033,3.92232],[-77.31864,3.91305],[-77.32197,3.91125],[-77.32015,3.90249],[-77.31324,3.90663],[-77.30528,3.90433],[-77.30167,3.89893],[-77.29603,3.90023],[-77.28781,3.89691],[-77.28754,3.89034],[-77.29199,3.87628],[-77.30264,3.87407],[-77.30235,3.86106],[-77.29695,3.86004],[-77.28564,3.85054],[-77.28125,3.83947],[-77.27098,3.8377],[-77.26456,3.83333],[-77.25559,3.83466],[-77.25006,3.83105],[-77.235477,3.835971],[-77.227098,3.830285],[-77.223493,3.835875],[-77.210839,3.835112],[-77.20788,3.83361],[-77.199818,3.839701],[-77.193465,3.838104],[-77.183938,3.831068],[-77.180212,3.831834],[-77.175989,3.842793],[-77.172094,3.849031],[-77.166029,3.846208],[-77.162664,3.853491],[-77.158814,3.853389],[-77.148623,3.857503],[-77.141126,3.863599],[-77.13333,3.87219],[-77.127443,3.871119],[-77.122377,3.875197],[-77.112266,3.875315],[-77.10695,3.88862],[-77.104261,3.898383],[-77.09484,3.896644],[-77.094464,3.901624],[-77.099386,3.907731],[-77.090454,3.909663],[-77.08569,3.913564],[-77.08465,3.9031],[-77.076739,3.9041],[-77.07081,3.90262],[-77.06106,3.90316],[-77.053447,3.908578],[-77.046192,3.908975],[-77.044577,3.905494],[-77.051495,3.895437],[-77.058883,3.891573],[-77.05271,3.885188],[-77.051532,3.881227],[-77.054891,3.866952],[-77.064321,3.86705],[-77.065188,3.861627],[-77.075141,3.857775],[-77.082402,3.858304],[-77.096899,3.852743],[-77.101009,3.848065],[-77.10608,3.84843],[-77.10798,3.84095],[-77.113287,3.835587],[-77.1114,3.82214],[-77.11523,3.81852],[-77.12396,3.81836],[-77.136986,3.810089],[-77.128431,3.798558],[-77.134575,3.797991],[-77.13714,3.80506],[-77.142298,3.809601],[-77.14716,3.808399],[-77.145416,3.80081],[-77.145935,3.793999],[-77.14338,3.78856],[-77.13764,3.789824],[-77.134016,3.786115],[-77.134701,3.781518],[-77.131453,3.777736],[-77.13103,3.77236],[-77.13822,3.77504],[-77.143515,3.771634],[-77.144508,3.759574],[-77.138101,3.751797],[-77.152085,3.751373],[-77.16573,3.757517],[-77.169234,3.752047],[-77.184569,3.744728],[-77.1933,3.75185],[-77.19699,3.73844],[-77.19619,3.72762],[-77.19047,3.69285],[-77.18915,3.67791],[-77.184014,3.682088],[-77.178017,3.692165],[-77.172573,3.697983],[-77.167611,3.693513],[-77.17033,3.68981],[-77.169052,3.685164],[-77.16467,3.684701],[-77.16618,3.674001],[-77.16564,3.662411],[-77.15843,3.650571],[-77.15073,3.648021],[-77.14662,3.64297],[-77.15123,3.64039],[-77.1556,3.64348],[-77.1656,3.64447],[-77.17253,3.64729],[-77.18281,3.65525],[-77.187617,3.655306],[-77.19027,3.649691],[-77.187818,3.64027],[-77.19097,3.63771],[-77.193,3.62972],[-77.19489,3.61168],[-77.200527,3.602869],[-77.206479,3.607455],[-77.217389,3.596633],[-77.217927,3.5923],[-77.233397,3.57706],[-77.247366,3.578553],[-77.25955,3.57829],[-77.2703,3.57311],[-77.2944,3.5697],[-77.29978,3.56788],[-77.32969,3.53018],[-77.327839,3.523611],[-77.333968,3.513135],[-77.337055,3.511996],[-77.342301,3.504745],[-77.35396,3.49432],[-77.36239,3.48425],[-77.36982,3.48011],[-77.37045,3.47599],[-77.36414,3.46505],[-77.364542,3.450487],[-77.372465,3.438496],[-77.379366,3.420126],[-77.383456,3.414386],[-77.39189,3.398312],[-77.400581,3.388106],[-77.406331,3.383896],[-77.406249,3.372709],[-77.414515,3.360124],[-77.427409,3.356283],[-77.431189,3.352901],[-77.434473,3.360232],[-77.45252,3.34041],[-77.46173,3.33214],[-77.474657,3.324812],[-77.479661,3.320199],[-77.48295,3.3098],[-77.489186,3.308019],[-77.495812,3.302548],[-77.506355,3.287203],[-77.528251,3.260298],[-77.542455,3.239457],[-77.54388,3.22979],[-77.540947,3.224589],[-77.540114,3.217747],[-77.498338,3.221504],[-77.480479,3.208363],[-77.472237,3.211076],[-77.46679,3.216046],[-77.46743,3.225259],[-77.461371,3.22766],[-77.470048,3.232028],[-77.46846,3.237813],[-77.454341,3.237384],[-77.451423,3.242997],[-77.444213,3.246982],[-77.438205,3.247196],[-77.43048,3.253409],[-77.41503,3.241626],[-77.41606,3.235328],[-77.413099,3.2298],[-77.406877,3.225087],[-77.40649,3.218189],[-77.403229,3.21249],[-77.390824,3.212786],[-77.380484,3.201949],[-77.380183,3.197665],[-77.384003,3.193594],[-77.381213,3.182025],[-77.382758,3.17654],[-77.371042,3.170798],[-77.36435,3.164256],[-77.366836,3.150359],[-77.362126,3.144264],[-77.354863,3.144745],[-77.346623,3.139689],[-77.341216,3.148216],[-77.331346,3.15413],[-77.33046,3.163739],[-77.325337,3.161157],[-77.320402,3.164756],[-77.321089,3.171441],[-77.316454,3.174098],[-77.306154,3.168784],[-77.297228,3.160171],[-77.286722,3.155994],[-77.280436,3.159529],[-77.277358,3.151516],[-77.27886,3.147145],[-77.286714,3.147573],[-77.289716,3.142833],[-77.287744,3.137846],[-77.273238,3.138018],[-77.269719,3.139732],[-77.267573,3.132961],[-77.260535,3.133518],[-77.258347,3.12799],[-77.248562,3.117106],[-77.247789,3.12452],[-77.243033,3.122865],[-77.24393,3.114582],[-77.237747,3.111235],[-77.23028,3.115735],[-77.226194,3.112283],[-77.216579,3.120023],[-77.218779,3.127519],[-77.215732,3.130562],[-77.216118,3.135532],[-77.20629,3.132918],[-77.200454,3.135018],[-77.199853,3.14166],[-77.192858,3.139517],[-77.193097,3.14465],[-77.189724,3.150282],[-77.18233,3.150689],[-77.180627,3.1549],[-77.173659,3.158412],[-77.170027,3.165528],[-77.15862,3.165757],[-77.159525,3.173943],[-77.153301,3.170824],[-77.146887,3.170356],[-77.139859,3.172068],[-77.135566,3.168998],[-77.13415,3.163728],[-77.129102,3.161329],[-77.117098,3.169084],[-77.110276,3.177099],[-77.100157,3.185277],[-77.082305,3.180821],[-77.069526,3.171772],[-77.063141,3.168909],[-77.055451,3.17057],[-77.036697,3.164929],[-77.030193,3.166382],[-77.018815,3.156545],[-77.01049,3.153392],[-76.995419,3.153817],[-76.991242,3.148599],[-76.988557,3.139365],[-76.978547,3.134823],[-76.978612,3.127482],[-76.972328,3.1189],[-76.961693,3.118642],[-76.951524,3.115542],[-76.937826,3.114905],[-76.930054,3.12253],[-76.926222,3.129487],[-76.927748,3.138591],[-76.925714,3.142657],[-76.915817,3.149569],[-76.91453,3.153919],[-76.912337,3.173398],[-76.913948,3.178239],[-76.9128,3.187315],[-76.908682,3.200192],[-76.897366,3.20379],[-76.890433,3.203478],[-76.887279,3.206382],[-76.876432,3.210356],[-76.870073,3.209345],[-76.86486,3.212314],[-76.859451,3.212472],[-76.850021,3.20787],[-76.843132,3.210652],[-76.825878,3.211259],[-76.811943,3.208638],[-76.804517,3.211007],[-76.794836,3.217982],[-76.789213,3.224563],[-76.785182,3.223199],[-76.783123,3.23075],[-76.778397,3.230497],[-76.772073,3.233535],[-76.768775,3.230771],[-76.764626,3.221525],[-76.761399,3.219027],[-76.754774,3.209332],[-76.754472,3.201994],[-76.745399,3.191096],[-76.744138,3.181],[-76.742138,3.176321],[-76.742095,3.168246],[-76.748167,3.156607],[-76.748731,3.14994],[-76.742959,3.13478],[-76.732943,3.124767],[-76.725175,3.119489],[-76.709307,3.118578],[-76.703019,3.119844],[-76.695175,3.113002],[-76.68613,3.109493],[-76.681755,3.102401],[-76.676792,3.100346],[-76.666496,3.099165],[-76.655334,3.101069],[-76.64771,3.105266],[-76.64333,3.111865],[-76.642122,3.117192],[-76.629484,3.127139],[-76.625488,3.123469],[-76.622551,3.114361],[-76.623849,3.104802],[-76.615614,3.096593],[-76.614552,3.093201],[-76.607411,3.091089],[-76.602564,3.096393],[-76.597999,3.091819],[-76.591837,3.097145],[-76.599617,3.103386],[-76.595945,3.106226],[-76.591305,3.102007],[-76.587782,3.10647],[-76.591653,3.112592],[-76.58999,3.117026],[-76.585166,3.116229],[-76.57848,3.119091],[-76.578279,3.126533],[-76.572261,3.128932],[-76.569419,3.125156],[-76.569575,3.117747],[-76.564669,3.117319],[-76.566546,3.111285],[-76.560029,3.105076],[-76.55672,3.109028],[-76.551045,3.105319],[-76.549236,3.109243],[-76.543682,3.107893],[-76.534113,3.113491],[-76.536598,3.118566],[-76.530515,3.122536],[-76.525916,3.115191],[-76.520568,3.120233],[-76.5222,3.130164],[-76.527943,3.134852],[-76.51662,3.137395],[-76.521293,3.144528],[-76.514571,3.14426],[-76.510626,3.150227],[-76.505397,3.149251],[-76.500456,3.143763],[-76.50275,3.158718],[-76.500711,3.167862],[-76.494523,3.176304],[-76.490208,3.18681],[-76.491914,3.193661],[-76.490818,3.197929],[-76.499637,3.200225],[-76.496943,3.204833],[-76.491734,3.207488],[-76.491106,3.21692],[-76.484352,3.212455],[-76.479693,3.220691],[-76.471699,3.226341],[-76.477863,3.231135],[-76.476449,3.235177],[-76.47067,3.237984],[-76.475722,3.241995],[-76.471094,3.244788],[-76.469118,3.239625],[-76.462687,3.241889],[-76.463151,3.25199],[-76.459757,3.258729],[-76.464544,3.262422],[-76.462435,3.267929],[-76.474499,3.272904],[-76.472344,3.280114],[-76.481693,3.280452],[-76.487343,3.283793],[-76.483997,3.287757],[-76.475037,3.284645],[-76.473403,3.290229],[-76.491456,3.288833],[-76.493519,3.294099],[-76.489465,3.299985],[-76.484678,3.302723],[-76.483039,3.294099],[-76.476643,3.29356],[-76.477321,3.300636],[-76.473763,3.304244],[-76.47245,3.313158],[-76.461261,3.317408],[-76.461855,3.322224],[-76.457497,3.325884],[-76.447704,3.317077],[-76.433433,3.312738],[-76.419942,3.311835],[-76.414365,3.304784],[-76.403452,3.298094],[-76.38788,3.291967],[-76.365825,3.287381],[-76.359257,3.289177],[-76.33916,3.281161],[-76.328034,3.282259],[-76.322916,3.280641],[-76.310969,3.282455],[-76.304058,3.285848],[-76.292641,3.286169],[-76.282317,3.282981],[-76.271036,3.277484],[-76.261535,3.278795],[-76.244592,3.276452],[-76.230879,3.276297],[-76.217327,3.268077],[-76.206638,3.257499],[-76.202561,3.24264],[-76.192738,3.228938],[-76.188989,3.227847],[-76.181044,3.232087],[-76.169431,3.230921],[-76.16536,3.233776],[-76.156762,3.235003],[-76.153202,3.233802],[-76.150634,3.226693],[-76.147128,3.22437],[-76.137692,3.224399],[-76.133102,3.222198],[-76.128879,3.224397],[-76.119688,3.222364],[-76.108513,3.225798],[-76.100192,3.222323],[-76.083234,3.217672],[-76.075134,3.213286],[-76.068025,3.211246],[-76.063805,3.212266],[-76.056521,3.223878],[-76.05811,3.232127],[-76.047009,3.245457],[-76.039898,3.249233],[-76.039426,3.253619],[-76.047209,3.264909],[-76.049842,3.282444],[-76.04391,3.290273],[-76.039284,3.302719],[-76.042237,3.309093],[-76.044419,3.318691],[-76.053694,3.326696],[-76.053371,3.337641],[-76.055389,3.346127],[-76.059434,3.353809],[-76.056569,3.358181],[-76.048821,3.364923],[-76.047062,3.374626],[-76.031964,3.382422],[-76.030551,3.391351],[-76.039124,3.393711],[-76.042706,3.397005],[-76.042639,3.408316],[-76.038532,3.417838],[-76.041628,3.428815],[-76.041843,3.437138],[-76.038292,3.442251],[-76.037022,3.450376],[-76.029703,3.45462],[-76.026733,3.46104],[-76.026102,3.46809],[-76.02227,3.478995],[-76.026123,3.485405],[-76.025161,3.492754],[-76.017698,3.501295],[-76.012392,3.510587],[-76.003511,3.516664],[-76.002804,3.525065],[-75.99436,3.54555],[-75.98702,3.554942],[-75.985143,3.56011],[-75.989202,3.575357],[-75.985992,3.580871],[-75.985203,3.588078],[-75.990807,3.596859],[-75.993914,3.607203],[-75.992661,3.611589],[-75.987714,3.617306],[-75.987657,3.622786],[-75.992636,3.632193],[-75.993722,3.637521],[-75.988413,3.642372],[-75.979367,3.643144],[-75.97616,3.649557],[-75.975453,3.65583],[-75.968115,3.662778],[-75.958443,3.664646],[-75.951567,3.676075],[-75.956698,3.688773],[-75.959966,3.693947],[-75.960575,3.705699],[-75.955107,3.713526],[-75.949179,3.714458],[-75.945275,3.718527],[-75.943781,3.728318],[-75.938002,3.734264],[-75.920838,3.740822],[-75.915751,3.752882],[-75.915355,3.759067],[-75.906279,3.781147],[-75.901749,3.786311],[-75.902206,3.794615],[-75.894328,3.801315],[-75.891449,3.806111],[-75.892592,3.810505],[-75.874665,3.821818],[-75.86546,3.834959],[-75.86421,3.843076],[-75.85666,3.851111],[-75.855719,3.8544],[-75.860855,3.862711],[-75.861306,3.874783],[-75.858025,3.88159],[-75.841999,3.897211],[-75.839681,3.903314],[-75.833492,3.907244],[-75.828194,3.90379],[-75.821641,3.905033],[-75.80731,3.930753],[-75.808852,3.939827],[-75.805268,3.952166],[-75.796363,3.961083],[-75.792294,3.969223],[-75.7915,3.978152],[-75.795696,3.988499],[-75.795844,3.993669],[-75.791814,4.007915],[-75.787122,4.009204],[-75.77804,4.006566],[-75.773353,4.010945],[-75.76965,4.019646],[-75.761239,4.025339],[-75.75405,4.032662],[-75.738572,4.05358],[-75.738722,4.056714],[-75.74644,4.062587],[-75.751606,4.068697],[-75.753208,4.077016]]]},"properties":{"shapeName":"Valle del Cauca"}},{"type":"Feature","geometry":{"type":"Polygon","coordinates":[[[-73.637429,7.749484],[-73.633678,7.747945],[-73.627756,7.741151],[-73.619785,7.738515],[-73.613428,7.732158],[-73.608492,7.729481],[-73.592909,7.726546],[-73.575067,7.726094],[-73.56626,7.713221],[-73.556536,7.705641],[-73.547289,7.68883],[-73.547515,7.681377],[-73.554516,7.677763],[-73.554967,7.671665],[-73.548418,7.666471],[-73.542998,7.664664],[-73.529732,7.667099],[-73.525382,7.665794],[-73.518281,7.654923],[-73.5168,7.637111],[-73.499861,7.614979],[-73.497603,7.608429],[-73.491302,7.601714],[-73.492118,7.593572],[-73.48486,7.593264],[-73.483256,7.588394],[-73.476114,7.585294],[-73.473722,7.580191],[-73.46476,7.574871],[-73.453707,7.573606],[-73.44067,7.5739],[-73.428371,7.568782],[-73.422812,7.571571],[-73.41337,7.565768],[-73.406121,7.565633],[-73.397392,7.567924],[-73.397147,7.577173],[-73.384811,7.579816],[-73.373177,7.567418],[-73.36733,7.565054],[-73.368728,7.55967],[-73.36435,7.553994],[-73.362009,7.546384],[-73.349837,7.544151],[-73.344362,7.545962],[-73.33281,7.546145],[-73.32014,7.547943],[-73.310923,7.545803],[-73.296734,7.547194],[-73.288015,7.549807],[-73.280823,7.548379],[-73.277488,7.543013],[-73.26878,7.539559],[-73.266256,7.5346],[-73.260583,7.529419],[-73.255933,7.530755],[-73.252845,7.535573],[-73.248672,7.563487],[-73.250789,7.568951],[-73.25826,7.578501],[-73.259162,7.584769],[-73.256579,7.590282],[-73.251658,7.592623],[-73.245886,7.598731],[-73.238855,7.614653],[-73.227756,7.628543],[-73.22149,7.632627],[-73.217234,7.632648],[-73.212563,7.626881],[-73.203774,7.629337],[-73.18119,7.619604],[-73.174425,7.620795],[-73.165455,7.625953],[-73.158853,7.620677],[-73.145196,7.61669],[-73.138811,7.616527],[-73.131319,7.614053],[-73.12271,7.606856],[-73.115094,7.6122],[-73.108235,7.613969],[-73.10072,7.620181],[-73.098589,7.619612],[-73.089451,7.609811],[-73.084611,7.608964],[-73.077271,7.611411],[-73.069426,7.609131],[-73.060816,7.608688],[-73.059451,7.606378],[-73.047849,7.607225],[-73.041107,7.613796],[-73.039013,7.621333],[-73.033994,7.623576],[-73.023534,7.620728],[-73.012902,7.622706],[-72.998178,7.617849],[-72.987804,7.618201],[-72.982753,7.620422],[-72.980023,7.612046],[-72.984973,7.605592],[-72.989016,7.597105],[-72.989558,7.590507],[-72.986627,7.562521],[-72.984124,7.556764],[-72.984658,7.549257],[-72.977554,7.539552],[-72.97654,7.528121],[-72.962237,7.519374],[-72.939442,7.51255],[-72.936147,7.505154],[-72.931326,7.503545],[-72.928109,7.495334],[-72.921157,7.491455],[-72.912255,7.489374],[-72.902398,7.477099],[-72.898079,7.480794],[-72.894044,7.474754],[-72.894244,7.470752],[-72.901182,7.445309],[-72.899725,7.433418],[-72.893088,7.42674],[-72.891543,7.419825],[-72.88448,7.414879],[-72.877295,7.406256],[-72.877382,7.401173],[-72.874202,7.391776],[-72.864701,7.386259],[-72.851919,7.373264],[-72.855451,7.362326],[-72.841041,7.361951],[-72.83733,7.355044],[-72.840559,7.349623],[-72.839618,7.3307],[-72.840111,7.318477],[-72.842268,7.315981],[-72.837573,7.30659],[-72.83442,7.303466],[-72.840354,7.297603],[-72.846951,7.294873],[-72.855685,7.284781],[-72.86337,7.283453],[-72.871141,7.276608],[-72.870478,7.27315],[-72.876624,7.266204],[-72.868698,7.257694],[-72.868718,7.252358],[-72.864843,7.246464],[-72.866618,7.239742],[-72.865296,7.233629],[-72.857703,7.22721],[-72.858435,7.222161],[-72.84171,7.206409],[-72.831541,7.207522],[-72.832394,7.199485],[-72.836618,7.198158],[-72.841538,7.192909],[-72.842629,7.185578],[-72.841314,7.172991],[-72.84487,7.165819],[-72.85821,7.15435],[-72.855356,7.149522],[-72.855814,7.1396],[-72.850779,7.135685],[-72.850559,7.130957],[-72.842821,7.121641],[-72.836383,7.117243],[-72.834884,7.107418],[-72.838196,7.098706],[-72.831976,7.094625],[-72.826551,7.094472],[-72.81937,7.090768],[-72.822055,7.075515],[-72.818358,7.071855],[-72.810311,7.074885],[-72.800022,7.072132],[-72.794664,7.064027],[-72.793588,7.0532],[-72.785989,7.048641],[-72.780402,7.052318],[-72.774779,7.059152],[-72.761718,7.061137],[-72.757664,7.059467],[-72.749624,7.059917],[-72.757042,7.048209],[-72.756134,7.04015],[-72.750948,7.035357],[-72.75194,7.025881],[-72.74615,7.0179],[-72.742785,7.009607],[-72.741938,6.997948],[-72.73413,6.98786],[-72.727426,6.991776],[-72.72461,6.995675],[-72.722237,7.005087],[-72.709786,7.006261],[-72.7032,7.004729],[-72.69858,6.9998],[-72.69304,7.0074],[-72.68506,7.009621],[-72.681897,7.006885],[-72.676981,7.008202],[-72.679228,6.997464],[-72.674642,6.990923],[-72.672918,6.983499],[-72.666705,6.972319],[-72.665008,6.976192],[-72.657016,6.985075],[-72.657371,6.991352],[-72.653249,6.996097],[-72.648835,6.996881],[-72.637558,6.989479],[-72.625054,6.987478],[-72.618024,6.988324],[-72.611612,6.994233],[-72.600435,6.98974],[-72.593944,6.992039],[-72.5891,6.998817],[-72.584681,6.997146],[-72.57294,7.001643],[-72.562697,7.000535],[-72.562252,6.998278],[-72.552432,6.987292],[-72.553574,6.978897],[-72.55296,6.969268],[-72.54921,6.960816],[-72.543418,6.953392],[-72.542068,6.942014],[-72.54263,6.934716],[-72.551867,6.923087],[-72.551247,6.911707],[-72.547069,6.902731],[-72.548528,6.896821],[-72.544219,6.889346],[-72.537111,6.889119],[-72.529986,6.883533],[-72.516388,6.88158],[-72.51316,6.886574],[-72.507303,6.887714],[-72.506697,6.905978],[-72.500827,6.908722],[-72.500582,6.912704],[-72.495982,6.921322],[-72.491871,6.921976],[-72.487862,6.929233],[-72.485094,6.922742],[-72.479864,6.917091],[-72.471617,6.911632],[-72.462165,6.900509],[-72.452827,6.897337],[-72.439273,6.890613],[-72.431098,6.882863],[-72.41938,6.879435],[-72.405841,6.873375],[-72.391658,6.873085],[-72.383917,6.876567],[-72.378823,6.883008],[-72.362195,6.893601],[-72.352131,6.890474],[-72.34912,6.893499],[-72.348637,6.901042],[-72.336584,6.909622],[-72.333328,6.915162],[-72.328051,6.917187],[-72.321275,6.923741],[-72.314255,6.933313],[-72.307242,6.945399],[-72.301753,6.963264],[-72.301523,6.971561],[-72.294012,6.985911],[-72.294027,6.991694],[-72.288509,6.998747],[-72.28651,7.004284],[-72.281243,7.011085],[-72.272445,7.014628],[-72.267651,7.009611],[-72.255824,7.00939],[-72.249774,7.005382],[-72.252531,7.00085],[-72.255022,6.990536],[-72.254752,6.983497],[-72.24618,6.97673],[-72.23713,6.98002],[-72.231603,6.983805],[-72.219028,6.986099],[-72.218287,6.991883],[-72.212773,7.001199],[-72.202967,7.004491],[-72.200457,7.007011],[-72.20349,7.012535],[-72.20402,7.023848],[-72.198253,7.03168],[-72.197775,7.042971],[-72.190235,7.047263],[-72.185215,7.052806],[-72.175153,7.054841],[-72.165141,7.048726],[-72.16008,7.047605],[-72.159897,7.042736],[-72.155249,7.041029],[-72.152311,7.034792],[-72.143827,7.03527],[-72.131981,7.030977],[-72.12103,7.031325],[-72.115982,7.034379],[-72.110149,7.034262],[-72.094812,7.036748],[-72.085505,7.040896],[-72.082354,7.044544],[-72.074415,7.044804],[-72.057955,7.037555],[-72.047582,7.039104],[-72.049934,7.042692],[-72.106089,7.139107],[-72.173822,7.252104],[-72.17484,7.257981],[-72.169225,7.270698],[-72.168478,7.277868],[-72.171597,7.287624],[-72.164944,7.303491],[-72.15994,7.311521],[-72.160046,7.319538],[-72.155812,7.322443],[-72.155827,7.32984],[-72.175191,7.348793],[-72.181813,7.3576],[-72.184148,7.366646],[-72.196583,7.381755],[-72.20239,7.385877],[-72.219557,7.394357],[-72.241614,7.391523],[-72.247038,7.388108],[-72.252318,7.379894],[-72.277534,7.383528],[-72.287399,7.387155],[-72.293595,7.391113],[-72.304184,7.390074],[-72.309265,7.386546],[-72.312203,7.380654],[-72.325326,7.375938],[-72.331163,7.380211],[-72.337785,7.38763],[-72.34653,7.393336],[-72.35579,7.396823],[-72.360235,7.394095],[-72.372946,7.397917],[-72.381766,7.397793],[-72.385785,7.395019],[-72.439423,7.403337],[-72.437173,7.40879],[-72.442264,7.423764],[-72.441242,7.432362],[-72.442685,7.436804],[-72.441904,7.445797],[-72.444759,7.447711],[-72.445285,7.455397],[-72.450162,7.46612],[-72.456029,7.471233],[-72.459634,7.480365],[-72.462297,7.482586],[-72.469869,7.482882],[-72.476366,7.489534],[-72.473413,7.496869],[-72.474531,7.507532],[-72.471265,7.526248],[-72.46703,7.530195],[-72.464924,7.53694],[-72.460927,7.537962],[-72.45567,7.548364],[-72.452747,7.563096],[-72.454395,7.57566],[-72.456447,7.582096],[-72.463436,7.589744],[-72.466732,7.599008],[-72.46577,7.601225],[-72.471501,7.622022],[-72.475849,7.62923],[-72.475818,7.636947],[-72.47382,7.640554],[-72.4763,7.645058],[-72.473278,7.651838],[-72.475689,7.656359],[-72.47388,7.661427],[-72.473408,7.676734],[-72.4752,7.6812],[-72.47404,7.697832],[-72.46915,7.706929],[-72.471798,7.712055],[-72.472126,7.719676],[-72.470791,7.733891],[-72.471835,7.744854],[-72.474056,7.75074],[-72.473567,7.759206],[-72.470591,7.762146],[-72.467516,7.778102],[-72.469821,7.789167],[-72.468401,7.79508],[-72.462073,7.800477],[-72.455123,7.809235],[-72.449331,7.822041],[-72.44955,7.837598],[-72.444463,7.857908],[-72.44862,7.864349],[-72.450921,7.871653],[-72.457318,7.881651],[-72.455937,7.885123],[-72.459116,7.892137],[-72.460663,7.912156],[-72.466478,7.922339],[-72.473023,7.924071],[-72.484833,7.931435],[-72.487614,7.943931],[-72.482944,7.95045],[-72.474785,7.955255],[-72.473527,7.961184],[-72.469404,7.960887],[-72.456254,7.966093],[-72.450031,7.966476],[-72.44634,7.972346],[-72.440514,7.975359],[-72.442746,7.982695],[-72.437784,7.990201],[-72.431647,7.991758],[-72.424866,7.989787],[-72.41727,7.999307],[-72.421508,8.007642],[-72.416546,8.011679],[-72.417839,8.015493],[-72.411992,8.02089],[-72.41623,8.032146],[-72.410613,8.034781],[-72.403266,8.035031],[-72.397817,8.032175],[-72.389425,8.035298],[-72.383127,8.034285],[-72.377065,8.026183],[-72.365026,8.017866],[-72.36234,8.010798],[-72.350454,8.004129],[-72.350728,8.011609],[-72.347142,8.016689],[-72.353596,8.028304],[-72.34647,8.03714],[-72.348355,8.046226],[-72.347821,8.058229],[-72.351971,8.071961],[-72.351002,8.080349],[-72.357968,8.088703],[-72.370897,8.093889],[-72.373615,8.104956],[-72.37098,8.113594],[-72.360666,8.123665],[-72.364555,8.12974],[-72.364232,8.150907],[-72.359498,8.150956],[-72.353948,8.158609],[-72.359525,8.173816],[-72.363918,8.181679],[-72.364277,8.190897],[-72.371811,8.198056],[-72.376597,8.20943],[-72.374808,8.214575],[-72.379601,8.21892],[-72.380108,8.224127],[-72.386337,8.241068],[-72.383484,8.24426],[-72.390644,8.255697],[-72.388965,8.268645],[-72.385903,8.274916],[-72.386174,8.282205],[-72.388535,8.286534],[-72.386149,8.299598],[-72.382073,8.304535],[-72.383003,8.316705],[-72.39328,8.321691],[-72.395414,8.326348],[-72.395217,8.333533],[-72.389348,8.344036],[-72.389191,8.349749],[-72.39356,8.352547],[-72.39147,8.357034],[-72.3989,8.36104],[-72.401255,8.359607],[-72.407409,8.3674],[-72.412846,8.363469],[-72.415913,8.367673],[-72.408769,8.369243],[-72.409131,8.37571],[-72.420109,8.382918],[-72.427735,8.381342],[-72.468396,8.426523],[-72.473225,8.430369],[-72.569058,8.533777],[-72.610415,8.578616],[-72.616672,8.581483],[-72.617536,8.588428],[-72.613363,8.590628],[-72.617939,8.595556],[-72.626354,8.597507],[-72.628752,8.606276],[-72.643995,8.609028],[-72.655109,8.614665],[-72.656154,8.621616],[-72.672377,8.695001],[-72.698022,8.806414],[-72.71918,8.934563],[-72.746984,9.014294],[-72.762914,9.076627],[-72.761192,9.081534],[-72.765981,9.085174],[-72.772061,9.085],[-72.771906,9.089561],[-72.763937,9.092242],[-72.763592,9.096025],[-72.767093,9.106359],[-72.776122,9.104148],[-72.775674,9.111023],[-72.778351,9.114929],[-72.784905,9.115278],[-72.788329,9.113063],[-72.791144,9.105406],[-72.79634,9.10323],[-72.798165,9.10938],[-72.796955,9.119975],[-72.80242,9.12187],[-72.809598,9.120418],[-72.807849,9.128885],[-72.811658,9.134623],[-72.819575,9.139933],[-72.823657,9.139243],[-72.822037,9.125641],[-72.826678,9.121144],[-72.832745,9.121473],[-72.843002,9.128784],[-72.847943,9.130515],[-72.855119,9.129406],[-72.868974,9.129387],[-72.881197,9.132962],[-72.883933,9.127589],[-72.886777,9.114588],[-72.883795,9.110945],[-72.88636,9.103546],[-72.894237,9.103422],[-72.898882,9.097391],[-72.908268,9.097339],[-72.911183,9.094811],[-72.919432,9.093881],[-72.92105,9.088386],[-72.930311,9.083612],[-72.936142,9.085016],[-72.939715,9.090896],[-72.947697,9.091651],[-72.951199,9.097848],[-72.94688,9.102324],[-72.95847,9.111363],[-72.964816,9.123457],[-72.968674,9.127564],[-72.973065,9.136322],[-72.986913,9.14236],[-72.982505,9.147116],[-72.971696,9.154926],[-72.964568,9.158208],[-72.963074,9.171757],[-72.958506,9.175407],[-72.955915,9.18124],[-72.961884,9.184395],[-72.964433,9.1994],[-72.969261,9.206819],[-72.970437,9.21258],[-72.981133,9.217093],[-72.987251,9.223139],[-72.995858,9.220136],[-72.996889,9.225677],[-72.989702,9.227818],[-72.987629,9.232257],[-72.989455,9.244072],[-72.985983,9.253422],[-72.995348,9.257495],[-72.996739,9.260036],[-72.993952,9.2688],[-72.996535,9.27354],[-73.006379,9.276384],[-73.003678,9.287037],[-73.011069,9.291327],[-73.02578,9.285209],[-73.036447,9.282125],[-73.0429,9.264264],[-73.050627,9.258891],[-73.058207,9.263082],[-73.063799,9.262485],[-73.070267,9.264532],[-73.073576,9.262863],[-73.07799,9.251433],[-73.077347,9.246422],[-73.073551,9.243089],[-73.086201,9.236222],[-73.090361,9.225558],[-73.099005,9.226591],[-73.101964,9.229486],[-73.114831,9.229162],[-73.117954,9.231319],[-73.123423,9.227066],[-73.131298,9.228309],[-73.137125,9.215064],[-73.153185,9.20941],[-73.151947,9.202035],[-73.155089,9.195986],[-73.162649,9.192281],[-73.172154,9.180295],[-73.177706,9.176684],[-73.192938,9.174435],[-73.196228,9.17777],[-73.207305,9.181217],[-73.222432,9.179201],[-73.224859,9.175211],[-73.235683,9.172962],[-73.243521,9.166628],[-73.247833,9.159596],[-73.252215,9.158321],[-73.257121,9.162578],[-73.276019,9.164896],[-73.280868,9.16296],[-73.295522,9.169535],[-73.302707,9.171293],[-73.316843,9.168853],[-73.326771,9.169679],[-73.338294,9.173412],[-73.347442,9.173605],[-73.348344,9.184502],[-73.351478,9.188467],[-73.349894,9.199598],[-73.346523,9.205342],[-73.349461,9.213438],[-73.353464,9.210639],[-73.360497,9.192563],[-73.359887,9.18655],[-73.364111,9.177146],[-73.368295,9.161443],[-73.380212,9.153062],[-73.385936,9.15332],[-73.393272,9.156549],[-73.39911,9.162373],[-73.40658,9.16115],[-73.411072,9.154728],[-73.416592,9.130622],[-73.423821,9.124328],[-73.426573,9.116294],[-73.427598,9.100095],[-73.420765,9.094271],[-73.416428,9.084617],[-73.415206,9.072247],[-73.414861,9.056912],[-73.417271,9.031687],[-73.422508,9.025018],[-73.421648,9.019204],[-73.425647,9.008699],[-73.436201,8.999848],[-73.439142,8.97459],[-73.438027,8.972114],[-73.431614,8.940814],[-73.431142,8.926468],[-73.428796,8.91657],[-73.426217,8.898015],[-73.431356,8.875144],[-73.434472,8.871069],[-73.448495,8.870735],[-73.446682,8.857114],[-73.429066,8.833587],[-73.428337,8.821805],[-73.424517,8.804639],[-73.421055,8.793874],[-73.411628,8.781738],[-73.414871,8.775312],[-73.413639,8.768879],[-73.418621,8.763694],[-73.438516,8.761378],[-73.447354,8.754467],[-73.457804,8.749538],[-73.467897,8.73496],[-73.473767,8.717903],[-73.472086,8.708883],[-73.475953,8.70483],[-73.489382,8.697341],[-73.494814,8.690382],[-73.505278,8.686286],[-73.507631,8.680455],[-73.514583,8.671577],[-73.514836,8.662726],[-73.521575,8.657713],[-73.520884,8.637139],[-73.518123,8.634862],[-73.509952,8.633654],[-73.509851,8.620378],[-73.512263,8.615238],[-73.512759,8.604953],[-73.509883,8.599207],[-73.511092,8.594425],[-73.516633,8.585103],[-73.517365,8.577928],[-73.515332,8.571227],[-73.50993,8.567631],[-73.50899,8.553276],[-73.51489,8.544673],[-73.516594,8.529724],[-73.519603,8.52614],[-73.528851,8.528785],[-73.544607,8.517683],[-73.546896,8.5135],[-73.554948,8.506847],[-73.575279,8.506408],[-73.578032,8.500025],[-73.5754,8.49141],[-73.562064,8.491273],[-73.559795,8.481342],[-73.546952,8.472594],[-73.534091,8.477002],[-73.523872,8.48237],[-73.509576,8.481631],[-73.500208,8.479704],[-73.487241,8.474422],[-73.480396,8.472737],[-73.475357,8.468184],[-73.472487,8.459568],[-73.472386,8.447607],[-73.47936,8.443312],[-73.48831,8.435306],[-73.490222,8.427405],[-73.49455,8.419693],[-73.497978,8.40993],[-73.509678,8.399904],[-73.5165,8.395701],[-73.520667,8.384083],[-73.504534,8.384687],[-73.490957,8.383942],[-73.483386,8.380841],[-73.479284,8.37654],[-73.477303,8.365421],[-73.469407,8.366947],[-73.463349,8.362918],[-73.457077,8.361868],[-73.461335,8.354134],[-73.456055,8.345484],[-73.441963,8.340861],[-73.437011,8.354185],[-73.437179,8.358957],[-73.433312,8.365929],[-73.429184,8.366513],[-73.42482,8.361215],[-73.421341,8.36718],[-73.415062,8.366106],[-73.4109,8.371252],[-73.404221,8.372553],[-73.396522,8.376615],[-73.393138,8.38292],[-73.398471,8.389582],[-73.397752,8.395321],[-73.403786,8.405223],[-73.404389,8.410708],[-73.398873,8.416834],[-73.401845,8.423152],[-73.408493,8.424415],[-73.411354,8.428102],[-73.410873,8.433102],[-73.414742,8.441943],[-73.415329,8.452698],[-73.412987,8.459259],[-73.406593,8.456047],[-73.395424,8.457537],[-73.391022,8.459795],[-73.381806,8.458773],[-73.377263,8.46127],[-73.37313,8.456464],[-73.369312,8.443476],[-73.362064,8.443149],[-73.360299,8.432164],[-73.355997,8.429436],[-73.353499,8.417299],[-73.349619,8.41405],[-73.356462,8.405277],[-73.347885,8.391854],[-73.348732,8.381657],[-73.353356,8.362521],[-73.352027,8.354228],[-73.35321,8.347432],[-73.35083,8.33062],[-73.354347,8.331064],[-73.374985,8.320207],[-73.377053,8.315365],[-73.374817,8.305846],[-73.377319,8.3031],[-73.376815,8.291871],[-73.369747,8.27723],[-73.373799,8.273221],[-73.375026,8.266169],[-73.384263,8.258154],[-73.386424,8.258775],[-73.399649,8.24544],[-73.404246,8.246296],[-73.40546,8.238082],[-73.408716,8.232446],[-73.406328,8.225673],[-73.407073,8.212526],[-73.413703,8.201653],[-73.416066,8.190237],[-73.420491,8.184787],[-73.429319,8.181564],[-73.429971,8.158951],[-73.434447,8.15254],[-73.435497,8.146958],[-73.432662,8.140589],[-73.425887,8.139549],[-73.416457,8.132049],[-73.409781,8.116709],[-73.403711,8.112787],[-73.398036,8.114618],[-73.389713,8.110978],[-73.38439,8.111368],[-73.376863,8.104935],[-73.374829,8.096223],[-73.374943,8.084621],[-73.372576,8.080947],[-73.371587,8.065573],[-73.375938,8.053048],[-73.37228,8.044344],[-73.370497,8.032213],[-73.365934,8.022975],[-73.366422,8.013439],[-73.361277,8.013108],[-73.352101,8.017925],[-73.342893,8.017077],[-73.331055,8.022099],[-73.325089,8.015326],[-73.317352,8.014511],[-73.309609,8.015877],[-73.302147,8.00654],[-73.30339,7.997659],[-73.298828,7.992322],[-73.297554,7.984367],[-73.288871,7.992243],[-73.281685,7.993363],[-73.27919,7.987815],[-73.275531,7.958801],[-73.276112,7.94499],[-73.279196,7.936119],[-73.284644,7.934494],[-73.288963,7.928302],[-73.302283,7.92213],[-73.304999,7.907198],[-73.313039,7.905003],[-73.31996,7.907778],[-73.324948,7.907511],[-73.329664,7.903651],[-73.335151,7.904511],[-73.346662,7.898922],[-73.350928,7.893071],[-73.350043,7.878872],[-73.352617,7.874853],[-73.352546,7.868941],[-73.355231,7.859772],[-73.349484,7.853838],[-73.347716,7.848338],[-73.346417,7.830473],[-73.348861,7.827794],[-73.34398,7.812112],[-73.347915,7.81076],[-73.349097,7.800761],[-73.35363,7.790066],[-73.359064,7.78809],[-73.361744,7.779784],[-73.37295,7.769875],[-73.376038,7.761366],[-73.384917,7.758544],[-73.396617,7.748651],[-73.396797,7.746253],[-73.405395,7.734331],[-73.406565,7.726176],[-73.40926,7.720487],[-73.422718,7.708838],[-73.427823,7.707717],[-73.431782,7.701099],[-73.44052,7.695084],[-73.454619,7.695105],[-73.461673,7.692101],[-73.469071,7.683739],[-73.480823,7.681412],[-73.481837,7.676725],[-73.489894,7.676401],[-73.495932,7.679758],[-73.505328,7.68245],[-73.518737,7.696533],[-73.522434,7.706819],[-73.52834,7.707861],[-73.534245,7.705776],[-73.540299,7.7102],[-73.551952,7.713319],[-73.560327,7.728064],[-73.572072,7.733102],[-73.580794,7.73914],[-73.587506,7.741492],[-73.612686,7.742525],[-73.637429,7.749484]]]},"properties":{"shapeName":"Norte de Santander"}},{"type":"Feature","geometry":{"type":"Polygon","coordinates":[[[-75.388459,4.716179],[-75.394646,4.716503],[-75.403353,4.71033],[-75.408293,4.709144],[-75.409059,4.702675],[-75.412714,4.698265],[-75.426842,4.694251],[-75.432155,4.697566],[-75.438586,4.695563],[-75.441037,4.682572],[-75.449995,4.679977],[-75.456675,4.680974],[-75.465758,4.679993],[-75.472165,4.674181],[-75.478894,4.664788],[-75.490066,4.666796],[-75.49908,4.673203],[-75.501649,4.67919],[-75.509287,4.686298],[-75.520843,4.69442],[-75.532924,4.694574],[-75.552073,4.702531],[-75.561948,4.699697],[-75.585578,4.700244],[-75.58689,4.70543],[-75.592652,4.702982],[-75.601871,4.706928],[-75.610339,4.70623],[-75.61465,4.701133],[-75.621634,4.701152],[-75.635553,4.704574],[-75.647155,4.709151],[-75.653121,4.706297],[-75.65664,4.700321],[-75.659921,4.699569],[-75.668579,4.703284],[-75.669909,4.7067],[-75.676013,4.708301],[-75.683132,4.713718],[-75.687986,4.714102],[-75.691926,4.718048],[-75.700979,4.721165],[-75.711808,4.716711],[-75.714271,4.712975],[-75.707832,4.677646],[-75.704871,4.656039],[-75.716102,4.652194],[-75.724594,4.652072],[-75.738892,4.655036],[-75.757996,4.650773],[-75.763322,4.653493],[-75.771356,4.654432],[-75.78171,4.652788],[-75.783846,4.658931],[-75.798014,4.659873],[-75.805125,4.658347],[-75.813747,4.658894],[-75.822605,4.664022],[-75.825714,4.663408],[-75.826944,4.65453],[-75.835271,4.644872],[-75.848792,4.637587],[-75.85053,4.628288],[-75.853186,4.623641],[-75.864325,4.615288],[-75.866059,4.607982],[-75.861303,4.601064],[-75.860654,4.593488],[-75.866295,4.590887],[-75.871659,4.585534],[-75.872307,4.578767],[-75.866119,4.572767],[-75.86634,4.563435],[-75.869885,4.558601],[-75.875548,4.556304],[-75.875557,4.551254],[-75.871673,4.548542],[-75.872126,4.543807],[-75.879181,4.538805],[-75.881284,4.53133],[-75.87941,4.526945],[-75.871567,4.523571],[-75.870491,4.516047],[-75.872635,4.5],[-75.878243,4.483238],[-75.874023,4.480051],[-75.874325,4.471474],[-75.880186,4.469267],[-75.880289,4.464737],[-75.875499,4.457887],[-75.867148,4.455945],[-75.875706,4.449021],[-75.886367,4.447399],[-75.883688,4.44142],[-75.887918,4.438054],[-75.889377,4.42678],[-75.893226,4.421293],[-75.893717,4.414547],[-75.884505,4.411063],[-75.877881,4.410185],[-75.861556,4.411315],[-75.858137,4.415928],[-75.846392,4.407049],[-75.842943,4.40261],[-75.834783,4.401922],[-75.831992,4.40558],[-75.820182,4.40556],[-75.818652,4.401702],[-75.81193,4.402558],[-75.803394,4.395532],[-75.80063,4.388576],[-75.804669,4.383638],[-75.80342,4.374153],[-75.804266,4.368483],[-75.789134,4.353854],[-75.791392,4.34885],[-75.793257,4.330909],[-75.79586,4.323011],[-75.796792,4.31392],[-75.793673,4.304122],[-75.787217,4.293374],[-75.792687,4.289296],[-75.793304,4.283944],[-75.797426,4.277806],[-75.796303,4.26893],[-75.801338,4.261502],[-75.808296,4.256147],[-75.81263,4.243562],[-75.815315,4.242057],[-75.818925,4.23345],[-75.823436,4.227097],[-75.824768,4.213369],[-75.822361,4.208042],[-75.821844,4.200001],[-75.823226,4.193511],[-75.828377,4.180351],[-75.833613,4.173243],[-75.838062,4.160034],[-75.843147,4.152457],[-75.841729,4.142347],[-75.841708,4.123368],[-75.835784,4.113865],[-75.836733,4.106252],[-75.839735,4.102759],[-75.837072,4.098518],[-75.826871,4.099542],[-75.797162,4.090602],[-75.7945,4.087971],[-75.78523,4.088656],[-75.78159,4.08483],[-75.780972,4.075384],[-75.777538,4.073919],[-75.770435,4.07554],[-75.755085,4.075607],[-75.753208,4.077016],[-75.747163,4.094684],[-75.743636,4.098069],[-75.734293,4.101191],[-75.734043,4.10891],[-75.731315,4.114268],[-75.720463,4.112056],[-75.717916,4.114644],[-75.718939,4.121168],[-75.714145,4.127034],[-75.705672,4.12738],[-75.702447,4.131961],[-75.696832,4.132389],[-75.692337,4.138946],[-75.693497,4.152],[-75.691677,4.160916],[-75.688464,4.167663],[-75.683557,4.171156],[-75.677101,4.179406],[-75.670527,4.184392],[-75.666052,4.194512],[-75.655539,4.203727],[-75.654189,4.213039],[-75.659968,4.216811],[-75.659301,4.222876],[-75.654701,4.228542],[-75.638148,4.231177],[-75.634104,4.235853],[-75.630082,4.244335],[-75.630125,4.251665],[-75.623003,4.258474],[-75.620402,4.268071],[-75.616484,4.272187],[-75.606661,4.273232],[-75.600077,4.276091],[-75.596604,4.282455],[-75.604248,4.289099],[-75.603274,4.297648],[-75.597431,4.306852],[-75.597735,4.313916],[-75.595604,4.322384],[-75.599677,4.332533],[-75.591288,4.349756],[-75.594858,4.360757],[-75.591349,4.363601],[-75.588225,4.371709],[-75.590418,4.376183],[-75.582728,4.387171],[-75.582673,4.394111],[-75.578841,4.406356],[-75.580388,4.412199],[-75.579102,4.417329],[-75.582675,4.429458],[-75.577973,4.433364],[-75.576046,4.44499],[-75.577878,4.453651],[-75.570905,4.45711],[-75.569135,4.461745],[-75.559132,4.472517],[-75.55515,4.472837],[-75.546655,4.480152],[-75.533985,4.495109],[-75.525485,4.495016],[-75.523916,4.49773],[-75.527191,4.514916],[-75.522077,4.526804],[-75.522325,4.543792],[-75.514617,4.555696],[-75.505129,4.559225],[-75.500259,4.563882],[-75.492216,4.56827],[-75.488351,4.572342],[-75.484428,4.581493],[-75.475142,4.585581],[-75.470508,4.589214],[-75.46824,4.598905],[-75.462799,4.600941],[-75.449776,4.603223],[-75.431501,4.602725],[-75.426964,4.609697],[-75.421243,4.61037],[-75.415847,4.62253],[-75.417726,4.638602],[-75.423292,4.654179],[-75.41803,4.667359],[-75.411837,4.673907],[-75.406421,4.682876],[-75.395202,4.694795],[-75.390381,4.696787],[-75.384548,4.70248],[-75.384933,4.708943],[-75.388459,4.716179]]]},"properties":{"shapeName":"Quindío"}},{"type":"Feature","geometry":{"type":"Polygon","coordinates":[[[-71.077407,2.882144],[-71.074273,2.880433],[-71.065776,2.869632],[-71.064059,2.856688],[-71.05479,2.851116],[-71.042688,2.84983],[-71.031015,2.845544],[-71.025693,2.84563],[-71.017196,2.855488],[-71.012818,2.856259],[-71.006982,2.853688],[-70.999983,2.838534],[-70.993249,2.830113],[-70.988614,2.828142],[-70.978057,2.829856],[-70.965526,2.8386],[-70.958488,2.842115],[-70.951879,2.839543],[-70.947673,2.829256],[-70.950763,2.814768],[-70.96018,2.805512],[-70.961578,2.800709],[-70.95308,2.789221],[-70.943124,2.786049],[-70.934798,2.790422],[-70.929734,2.798051],[-70.926387,2.810739],[-70.927503,2.822912],[-70.94012,2.834314],[-70.941493,2.848116],[-70.938661,2.857288],[-70.932395,2.85806],[-70.916431,2.852059],[-70.911023,2.845973],[-70.906646,2.834142],[-70.898749,2.80851],[-70.892055,2.798051],[-70.880983,2.791965],[-70.871198,2.795137],[-70.867507,2.793679],[-70.869481,2.787507],[-70.874631,2.782277],[-70.867765,2.775247],[-70.86107,2.774905],[-70.856435,2.778762],[-70.854118,2.786307],[-70.847079,2.798137],[-70.842273,2.802595],[-70.833947,2.804395],[-70.826051,2.809625],[-70.818584,2.812711],[-70.809743,2.811511],[-70.803134,2.805938],[-70.796096,2.791107],[-70.795409,2.784078],[-70.796783,2.776533],[-70.800216,2.77319],[-70.812146,2.770018],[-70.814035,2.762302],[-70.810601,2.759302],[-70.803306,2.758187],[-70.793006,2.762559],[-70.777213,2.767789],[-70.76245,2.766932],[-70.756442,2.768218],[-70.743138,2.777734],[-70.735414,2.788021],[-70.728376,2.792822],[-70.721252,2.793508],[-70.717904,2.78845],[-70.716016,2.775162],[-70.720307,2.753043],[-70.718934,2.745413],[-70.715844,2.739755],[-70.710523,2.736754],[-70.705802,2.736925],[-70.700996,2.740269],[-70.696017,2.748842],[-70.68546,2.762131],[-70.680053,2.779534],[-70.67559,2.781249],[-70.664003,2.780048],[-70.656192,2.781591],[-70.651815,2.788021],[-70.640227,2.801481],[-70.637481,2.808596],[-70.639541,2.820941],[-70.648467,2.830628],[-70.659968,2.840143],[-70.663144,2.84443],[-70.661513,2.851545],[-70.657994,2.856174],[-70.651042,2.856174],[-70.640914,2.853002],[-70.634734,2.847173],[-70.632245,2.840143],[-70.631473,2.828313],[-70.632074,2.810568],[-70.630443,2.80551],[-70.622203,2.793594],[-70.617826,2.792393],[-70.611217,2.795994],[-70.605809,2.802681],[-70.600402,2.818969],[-70.599029,2.834228],[-70.585124,2.841086],[-70.564439,2.828913],[-70.558259,2.820255],[-70.550792,2.815283],[-70.535342,2.809453],[-70.529935,2.806281],[-70.512683,2.790936],[-70.506761,2.786478],[-70.497319,2.785878],[-70.495689,2.789564],[-70.497663,2.807139],[-70.49586,2.810911],[-70.490281,2.813054],[-70.486419,2.810911],[-70.477836,2.81374],[-70.420844,2.826684],[-70.410115,2.828142],[-70.397412,2.833628],[-70.373036,2.850002],[-70.363423,2.850516],[-70.355441,2.852916],[-70.351665,2.857888],[-70.347545,2.873747],[-70.348746,2.883177],[-70.355956,2.904007],[-70.355956,2.910007],[-70.353467,2.914808],[-70.346,2.917465],[-70.335614,2.91455],[-70.32171,2.914465],[-70.313127,2.918579],[-70.292527,2.932294],[-70.278022,2.933666],[-70.277421,2.94318],[-70.278194,2.959381],[-70.28094,2.987324],[-70.288837,3.011409],[-70.295961,3.018609],[-70.301969,3.029066],[-70.301797,3.03378],[-70.295531,3.03558],[-70.272443,3.029837],[-70.263002,3.032237],[-70.256049,3.035666],[-70.253989,3.044579],[-70.271413,3.063693],[-70.281627,3.070892],[-70.296905,3.07192],[-70.31244,3.069521],[-70.318105,3.073206],[-70.321109,3.082205],[-70.316045,3.088548],[-70.30626,3.091204],[-70.295617,3.089662],[-70.281369,3.09009],[-70.278022,3.097118],[-70.277936,3.105432],[-70.286968,3.121214],[-70.279587,3.132698],[-70.257958,3.142982],[-70.251091,3.146925],[-70.246971,3.152752],[-70.250061,3.164922],[-70.250061,3.171264],[-70.247143,3.176577],[-70.240448,3.181547],[-70.234268,3.183261],[-70.227574,3.182062],[-70.219849,3.169892],[-70.210922,3.167321],[-70.206803,3.172121],[-70.205429,3.179662],[-70.209206,3.187889],[-70.217789,3.193374],[-70.221394,3.198173],[-70.219849,3.203315],[-70.214184,3.207599],[-70.208347,3.206742],[-70.202854,3.202115],[-70.199764,3.196116],[-70.198048,3.18189],[-70.195645,3.176063],[-70.190838,3.172121],[-70.179202,3.171508],[-70.165089,3.180519],[-70.159081,3.187032],[-70.157001,3.192129],[-70.158909,3.196459],[-70.166805,3.205885],[-70.177277,3.215998],[-70.18071,3.22371],[-70.180023,3.230566],[-70.175217,3.235365],[-70.167664,3.235879],[-70.161312,3.233308],[-70.155991,3.227309],[-70.152558,3.220282],[-70.150841,3.212398],[-70.151356,3.19663],[-70.148953,3.191317],[-70.136936,3.191146],[-70.12904,3.198858],[-70.126293,3.207771],[-70.127152,3.221653],[-70.12904,3.235707],[-70.131958,3.245305],[-70.137108,3.249932],[-70.152729,3.254046],[-70.157364,3.263129],[-70.157364,3.274097],[-70.153587,3.285066],[-70.148438,3.290893],[-70.14037,3.293978],[-70.130757,3.292778],[-70.125435,3.288151],[-70.11874,3.279239],[-70.110329,3.28181],[-70.108097,3.289008],[-70.109985,3.296205],[-70.115135,3.301518],[-70.120114,3.303403],[-70.13728,3.315571],[-70.142773,3.320541],[-70.149983,3.323797],[-70.158737,3.330309],[-70.163887,3.338192],[-70.170754,3.344704],[-70.172299,3.349502],[-70.16938,3.353615],[-70.136421,3.362184],[-70.130757,3.365439],[-70.12801,3.370238],[-70.126808,3.379149],[-70.130413,3.394742],[-70.125607,3.400226],[-70.11874,3.403653],[-70.113247,3.397656],[-70.11359,3.389259],[-70.108811,3.383004],[-70.103576,3.383089],[-70.078342,3.386774],[-70.058085,3.393457],[-70.047442,3.40211],[-70.036971,3.417533],[-70.030705,3.418132],[-70.02135,3.414277],[-70.01723,3.410421],[-70.013968,3.40331],[-70.016543,3.386345],[-70.014655,3.377777],[-70.010535,3.373836],[-70.00015,3.371608],[-69.990451,3.375892],[-69.976203,3.385745],[-69.969079,3.388487],[-69.952342,3.390972],[-69.94127,3.396113],[-69.939124,3.399711],[-69.938523,3.412478],[-69.940326,3.418218],[-69.958264,3.433983],[-69.962556,3.439209],[-69.963586,3.446234],[-69.959981,3.456173],[-69.955775,3.458743],[-69.944617,3.458743],[-69.919898,3.447691],[-69.914748,3.444606],[-69.90668,3.436125],[-69.904277,3.427043],[-69.901015,3.42353],[-69.884965,3.425929],[-69.874579,3.431841],[-69.870116,3.438266],[-69.869773,3.451032],[-69.871232,3.457458],[-69.870374,3.466453],[-69.860761,3.476049],[-69.862048,3.483845],[-69.870545,3.488386],[-69.877326,3.500894],[-69.884536,3.511431],[-69.891746,3.514344],[-69.895436,3.518456],[-69.897668,3.529679],[-69.894321,3.535076],[-69.882133,3.540473],[-69.87149,3.535932],[-69.864709,3.523682],[-69.85872,3.503944],[-69.851174,3.490912],[-69.843965,3.484573],[-69.835382,3.48046],[-69.820447,3.475663],[-69.813752,3.479432],[-69.814782,3.487485],[-69.827657,3.501536],[-69.836755,3.515585],[-69.842076,3.527408],[-69.844651,3.53666],[-69.843278,3.547968],[-69.835382,3.555849],[-69.830403,3.557391],[-69.819932,3.557391],[-69.812207,3.545569],[-69.811177,3.535118],[-69.815126,3.524152],[-69.812894,3.511131],[-69.805513,3.506333],[-69.799161,3.50719],[-69.78766,3.516956],[-69.785428,3.526037],[-69.788518,3.544198],[-69.788346,3.552251],[-69.783025,3.562531],[-69.772725,3.565101],[-69.754014,3.559618],[-69.746976,3.556192],[-69.73599,3.545055],[-69.72775,3.5418],[-69.714704,3.546597],[-69.7123,3.552765],[-69.714875,3.561674],[-69.71848,3.568185],[-69.729295,3.572125],[-69.738736,3.572639],[-69.74217,3.576751],[-69.743714,3.582919],[-69.739423,3.591485],[-69.727922,3.591828],[-69.712987,3.580863],[-69.705091,3.572297],[-69.700971,3.558419],[-69.699083,3.541114],[-69.693418,3.539401],[-69.678483,3.559276],[-69.671273,3.580863],[-69.659944,3.586003],[-69.649129,3.580349],[-69.637456,3.569555],[-69.628015,3.56887],[-69.621148,3.575381],[-69.618402,3.590457],[-69.61617,3.59337],[-69.60793,3.596282],[-69.603639,3.594055],[-69.593339,3.56887],[-69.590764,3.568356],[-69.586816,3.575552],[-69.585271,3.58309],[-69.581838,3.589258],[-69.575486,3.606219],[-69.576345,3.629176],[-69.581666,3.64151],[-69.582353,3.65059],[-69.579606,3.65967],[-69.570508,3.666008],[-69.571195,3.675259],[-69.579091,3.677657],[-69.589906,3.672175],[-69.594884,3.675088],[-69.590249,3.681769],[-69.585614,3.683653],[-69.566388,3.681083],[-69.546476,3.675773],[-69.535833,3.674231],[-69.514032,3.677143],[-69.504762,3.677657],[-69.497209,3.670633],[-69.49635,3.660869],[-69.497724,3.652475],[-69.489312,3.651789],[-69.486051,3.659156],[-69.487252,3.671833],[-69.479184,3.693075],[-69.466996,3.704723],[-69.459787,3.709349],[-69.453263,3.70952],[-69.437471,3.700783],[-69.430432,3.685195],[-69.427343,3.675259],[-69.419274,3.663267],[-69.406057,3.660526],[-69.399533,3.662925],[-69.395929,3.678685],[-69.391122,3.68331],[-69.380994,3.684167],[-69.374814,3.666008],[-69.370179,3.664809],[-69.362626,3.666693],[-69.356618,3.676115],[-69.332061,3.691521],[-69.324252,3.693996],[-69.317175,3.699938],[-69.314283,3.711077],[-69.306205,3.716564],[-69.301753,3.716114],[-69.293476,3.709006],[-69.290561,3.702896],[-69.290278,3.695595],[-69.294985,3.683085],[-69.303866,3.667193],[-69.306391,3.6535],[-69.30402,3.646658],[-69.297839,3.643746],[-69.290846,3.644942],[-69.282045,3.652438],[-69.273252,3.666596],[-69.269992,3.67454],[-69.268821,3.682299],[-69.270835,3.693613],[-69.276204,3.700451],[-69.281841,3.704003],[-69.288121,3.712482],[-69.287772,3.723252],[-69.282415,3.725449],[-69.251339,3.720654],[-69.246793,3.718283],[-69.24624,3.713288],[-69.240232,3.700955],[-69.240232,3.680398],[-69.233709,3.673888],[-69.228559,3.672175],[-69.220319,3.679028],[-69.214139,3.697871],[-69.206586,3.70301],[-69.200921,3.701811],[-69.197145,3.695987],[-69.197488,3.689306],[-69.203153,3.677486],[-69.199548,3.668406],[-69.194226,3.666351],[-69.186158,3.668578],[-69.175344,3.676629],[-69.169507,3.673032],[-69.167619,3.662411],[-69.16985,3.655558],[-69.188218,3.640483],[-69.184613,3.632431],[-69.173799,3.63106],[-69.163327,3.635],[-69.152684,3.642024],[-69.143415,3.650076],[-69.134488,3.66361],[-69.124532,3.674402],[-69.117837,3.676287],[-69.111486,3.671833],[-69.108739,3.665666],[-69.107366,3.650761],[-69.099984,3.639112],[-69.094319,3.636371],[-69.089513,3.636885],[-69.084363,3.64271],[-69.083676,3.649734],[-69.0799,3.654702],[-69.07506,3.65597],[-69.068881,3.652202],[-69.061704,3.638941],[-69.057756,3.637056],[-69.044538,3.64271],[-69.031802,3.664536],[-69.024249,3.669161],[-69.011579,3.681083],[-68.994208,3.693487],[-68.9779,3.695885],[-68.970175,3.692459],[-68.96008,3.681426],[-68.953557,3.677657],[-68.944459,3.679028],[-68.940339,3.682111],[-68.935843,3.69126],[-68.93447,3.698626],[-68.938794,3.715344],[-68.946691,3.727506],[-68.948374,3.732544],[-68.94271,3.740937],[-68.934331,3.742238],[-68.926058,3.734085],[-68.924513,3.724493],[-68.927293,3.716201],[-68.93035,3.69914],[-68.928118,3.690575],[-68.915792,3.681769],[-68.903432,3.68331],[-68.895192,3.687936],[-68.891072,3.694103],[-68.880121,3.704164],[-68.871286,3.707157],[-68.855626,3.704234],[-68.847642,3.696158],[-68.843522,3.687422],[-68.838372,3.671147],[-68.834767,3.668578],[-68.828759,3.670805],[-68.827729,3.679542],[-68.834252,3.689477],[-68.840604,3.703867],[-68.849015,3.71346],[-68.854337,3.72665],[-68.854509,3.733844],[-68.851419,3.738983],[-68.845239,3.742752],[-68.834596,3.741553],[-68.827558,3.737442],[-68.819146,3.724937],[-68.806272,3.717914],[-68.79683,3.719969],[-68.779321,3.729391],[-68.772969,3.736585],[-68.769193,3.746178],[-68.768335,3.765876],[-68.766446,3.774783],[-68.75752,3.781292],[-68.746705,3.782663],[-68.740525,3.779237],[-68.729882,3.770672],[-68.721299,3.768103],[-68.70585,3.767589],[-68.696408,3.76896],[-68.677697,3.775811],[-68.668428,3.77701],[-68.660703,3.77033],[-68.652463,3.761251],[-68.645082,3.762964],[-68.644738,3.773584],[-68.651605,3.780265],[-68.658471,3.783862],[-68.676496,3.789514],[-68.681131,3.79431],[-68.682161,3.802703],[-68.677354,3.809383],[-68.670659,3.810582],[-68.663793,3.809554],[-68.65624,3.8063],[-68.65006,3.798592],[-68.642507,3.782491],[-68.638044,3.777695],[-68.627572,3.772214],[-68.619676,3.77564],[-68.603711,3.784547],[-68.597875,3.78369],[-68.589807,3.77701],[-68.585172,3.776668],[-68.580022,3.789857],[-68.569894,3.788144],[-68.562169,3.78095],[-68.554788,3.76502],[-68.547406,3.764677],[-68.548608,3.775982],[-68.555818,3.785403],[-68.566976,3.79431],[-68.572641,3.800819],[-68.574872,3.808698],[-68.572469,3.816063],[-68.566804,3.819146],[-68.554616,3.817605],[-68.546891,3.810239],[-68.532815,3.792255],[-68.526464,3.785403],[-68.514962,3.778723],[-68.509126,3.778209],[-68.501744,3.784889],[-68.503804,3.796708],[-68.513417,3.807499],[-68.515306,3.816577],[-68.513417,3.821715],[-68.503976,3.832163],[-68.480115,3.850661],[-68.471704,3.852031],[-68.460546,3.84655],[-68.453336,3.838158],[-68.449388,3.836445],[-68.442006,3.839699],[-68.439088,3.843639],[-68.438573,3.850147],[-68.441663,3.858711],[-68.449903,3.871385],[-68.449903,3.877037],[-68.443551,3.884573],[-68.438401,3.884573],[-68.430677,3.880633],[-68.414025,3.855457],[-68.405957,3.848092],[-68.395829,3.849462],[-68.38965,3.856484],[-68.388963,3.862993],[-68.393254,3.872926],[-68.397718,3.877208],[-68.43205,3.897589],[-68.435826,3.902042],[-68.4372,3.910262],[-68.433252,3.917455],[-68.423467,3.924648],[-68.410764,3.925847],[-68.397718,3.920195],[-68.392053,3.9154],[-68.383813,3.912146],[-68.375745,3.911632],[-68.370252,3.913859],[-68.362355,3.920538],[-68.352399,3.921052],[-68.346734,3.923449],[-68.342958,3.934067],[-68.351026,3.943486],[-68.353429,3.949652],[-68.353086,3.956502],[-68.346563,3.974312],[-68.348966,3.983217],[-68.346734,3.98921],[-68.342614,3.992464],[-68.336263,3.992978],[-68.330598,3.990066],[-68.312574,3.977052],[-68.304505,3.973798],[-68.286481,3.977737],[-68.271032,3.97551],[-68.254724,3.976367],[-68.242536,3.97414],[-68.227773,3.968318],[-68.219876,3.963523],[-68.20889,3.961125],[-68.199792,3.966948],[-68.198075,3.979792],[-68.206144,3.992806],[-68.204942,3.995375],[-68.197045,3.994176],[-68.194471,3.99058],[-68.182969,3.985443],[-68.177133,3.985272],[-68.164086,3.987669],[-68.148637,3.996231],[-68.140569,3.998629],[-68.126836,3.996402],[-68.122029,3.992121],[-68.120484,3.9851],[-68.122544,3.972085],[-68.133702,3.958728],[-68.134046,3.948624],[-68.130613,3.944343],[-68.119798,3.939205],[-68.11276,3.941945],[-68.103662,3.95085],[-68.101258,3.964722],[-68.097738,3.975891],[-68.090579,3.980831],[-68.08177,3.980735],[-68.073621,3.977737],[-68.069844,3.970715],[-68.070874,3.961468],[-68.074136,3.953933],[-68.081861,3.947425],[-68.083749,3.94263],[-68.080733,3.937428],[-68.074941,3.937154],[-68.071938,3.94093],[-68.057487,3.973091],[-68.049417,4.002396],[-68.045297,4.008903],[-68.033281,4.010616],[-68.028302,4.006506],[-68.026071,4.001197],[-68.030191,3.986984],[-68.029676,3.981504],[-68.025727,3.977394],[-68.015599,3.973798],[-68.006673,3.97551],[-67.997747,3.979792],[-67.991395,3.979963],[-67.981439,3.969174],[-67.975602,3.965749],[-67.964616,3.963009],[-67.94436,3.964037],[-67.934575,3.961468],[-67.927537,3.953762],[-67.921014,3.934239],[-67.919641,3.91951],[-67.917409,3.90992],[-67.913189,3.90704],[-67.894406,3.91129],[-67.883077,3.914886],[-67.871404,3.922764],[-67.857156,3.93441],[-67.843938,3.951193],[-67.832607,3.968362],[-67.815099,3.978935],[-67.79738,3.994585],[-67.778251,4.006749],[-67.750726,4.022431],[-67.729097,4.030822],[-67.718175,4.036036],[-67.709584,4.047389],[-67.713796,4.052259],[-67.718532,4.062735],[-67.72016,4.075308],[-67.718823,4.08079],[-67.725413,4.098497],[-67.728786,4.103841],[-67.733203,4.122886],[-67.742046,4.139235],[-67.749313,4.146697],[-67.772697,4.165749],[-67.778541,4.175749],[-67.780903,4.198919],[-67.788801,4.212887],[-67.797014,4.229666],[-67.798472,4.241825],[-67.796261,4.249529],[-67.795453,4.260612],[-67.791299,4.276597],[-67.801984,4.302629],[-67.805673,4.315227],[-67.804012,4.327285],[-67.79912,4.335367],[-67.791011,4.340049],[-67.781883,4.340017],[-67.773437,4.337688],[-67.763807,4.341149],[-67.76161,4.349345],[-67.76392,4.361702],[-67.770863,4.373205],[-67.778782,4.379448],[-67.779999,4.384219],[-67.778959,4.392351],[-67.775011,4.400437],[-67.7723,4.412422],[-67.773182,4.418997],[-67.787144,4.424983],[-67.797825,4.437064],[-67.795611,4.450167],[-67.792768,4.456283],[-67.791789,4.467048],[-67.794641,4.475659],[-67.803364,4.489737],[-67.810403,4.494174],[-67.839804,4.505359],[-67.853697,4.51772],[-67.85723,4.524694],[-67.857593,4.531179],[-67.855153,4.539008],[-67.850518,4.545001],[-67.840518,4.55454],[-67.839175,4.56188],[-67.843434,4.586227],[-67.846113,4.593813],[-67.846048,4.600685],[-67.843848,4.615242],[-67.845306,4.629924],[-67.844935,4.645094],[-67.842128,4.655002],[-67.822727,4.692432],[-67.817844,4.707233],[-67.819424,4.721669],[-67.823809,4.73366],[-67.824291,4.750543],[-67.826115,4.762778],[-67.82635,4.787368],[-67.822318,4.806452],[-67.823652,4.827372],[-67.823281,4.839851],[-67.824862,4.851107],[-67.828272,4.864443],[-67.835706,4.881573],[-67.836434,4.89026],[-67.835453,4.905919],[-67.836664,4.929775],[-67.838734,4.938462],[-67.837633,4.946903],[-67.830189,4.956076],[-67.824747,4.971067],[-67.822547,4.982199],[-67.820344,5.000427],[-67.821433,5.022204],[-67.819723,5.028809],[-67.809714,5.04214],[-67.805926,5.054952],[-67.808656,5.058423],[-67.816663,5.061502],[-67.821943,5.065946],[-67.822963,5.071755],[-67.822106,5.083886],[-67.826704,5.089696],[-67.83739,5.110099],[-67.850635,5.126147],[-67.854573,5.13786],[-67.84186,5.164647],[-67.837914,5.17786],[-67.82632,5.191354],[-67.825183,5.201892],[-67.829068,5.208944],[-67.830758,5.22399],[-67.823548,5.246977],[-67.823868,5.251043],[-67.831414,5.26175],[-67.846899,5.269542],[-67.851347,5.280839],[-67.849507,5.303958],[-67.838265,5.320422],[-67.828537,5.327095],[-67.817715,5.336942],[-67.807418,5.35111],[-67.797146,5.360264],[-67.780338,5.366322],[-67.773347,5.369893],[-67.757796,5.382949],[-67.751489,5.386631],[-67.725446,5.398339],[-67.71586,5.412092],[-67.701555,5.422623],[-67.682838,5.4269],[-67.665491,5.44016],[-67.650535,5.45468],[-67.634416,5.46561],[-67.62497,5.475957],[-67.622871,5.486267],[-67.622955,5.496325],[-67.619615,5.510516],[-67.61625,5.517529],[-67.608571,5.521896],[-67.604388,5.526393],[-67.59912,5.540281],[-67.598886,5.544089],[-67.605125,5.553061],[-67.615781,5.560493],[-67.619672,5.565019],[-67.62087,5.572461],[-67.619882,5.587352],[-67.625179,5.5993],[-67.628828,5.613167],[-67.631133,5.63368],[-67.637272,5.64629],[-67.638028,5.655207],[-67.63793,5.675008],[-67.634579,5.687818],[-67.632993,5.721121],[-67.631026,5.732608],[-67.620192,5.74644],[-67.616317,5.757148],[-67.615122,5.765182],[-67.610737,5.776555],[-67.608881,5.794646],[-67.601322,5.807093],[-67.597147,5.828245],[-67.587387,5.840498],[-67.576115,5.850272],[-67.563334,5.859326],[-67.558499,5.870541],[-67.543759,5.891605],[-67.536666,5.900157],[-67.52719,5.908683],[-67.517735,5.914481],[-67.500838,5.92177],[-67.488291,5.930793],[-67.47887,5.936193],[-67.473254,5.942685],[-67.468544,5.952138],[-67.463816,5.958076],[-67.44401,5.971814],[-67.43563,5.97626],[-67.420672,5.981865],[-67.412037,5.988628],[-67.40991,5.99536],[-67.409921,6.002138],[-67.414083,6.013597],[-67.423391,6.020611],[-67.427989,6.02695],[-67.427369,6.037948],[-67.439885,6.045816],[-67.455969,6.058682],[-67.461159,6.064935],[-67.47169,6.081051],[-67.47396,6.094124],[-67.476582,6.100665],[-67.486869,6.113546],[-67.494642,6.13094],[-67.494284,6.149246],[-67.489736,6.162028],[-67.480344,6.170801],[-67.468068,6.178883],[-67.456846,6.193307],[-67.463305,6.201072],[-67.468519,6.210996],[-67.479805,6.217673],[-67.488957,6.220222],[-67.491757,6.222846],[-67.505973,6.22595],[-67.511219,6.231165],[-67.516401,6.240508],[-67.523246,6.243814],[-67.526787,6.250469],[-67.534808,6.260193],[-67.549013,6.26676],[-67.555208,6.267146],[-67.575106,6.263013],[-67.58401,6.262026],[-67.595341,6.266935],[-67.608424,6.283106],[-67.614037,6.287399],[-67.625259,6.29135],[-67.634039,6.289689],[-67.664896,6.290392],[-67.677893,6.293041],[-67.700917,6.293821],[-67.721529,6.300308],[-67.735003,6.297562],[-67.756382,6.291455],[-67.769093,6.294202],[-67.782593,6.305768],[-67.792153,6.316503],[-67.80248,6.323313],[-67.811058,6.324191],[-67.835135,6.317618],[-67.845003,6.312513],[-67.856624,6.29837],[-67.873454,6.285565],[-67.883484,6.280183],[-67.903686,6.266106],[-67.913042,6.253113],[-67.924315,6.240317],[-67.935852,6.233283],[-67.950561,6.227737],[-67.963261,6.220463],[-67.977363,6.208647],[-67.983102,6.207174],[-67.997304,6.208819],[-68.003674,6.207559],[-68.023607,6.197119],[-68.033223,6.195769],[-68.041512,6.197991],[-68.051478,6.205852],[-68.058619,6.215035],[-68.065103,6.220797],[-68.077686,6.227096],[-68.094397,6.231583],[-68.101167,6.2318],[-68.119684,6.225568],[-68.128357,6.225491],[-68.135129,6.22826],[-68.14212,6.228639],[-68.153006,6.226435],[-68.171365,6.21947],[-68.175368,6.21503],[-68.186021,6.210449],[-68.213987,6.207516],[-68.22594,6.2024],[-68.239785,6.197658],[-68.254747,6.197626],[-68.263958,6.191042],[-68.268426,6.184581],[-68.278017,6.178464],[-68.285713,6.172079],[-68.29731,6.165626],[-68.312891,6.162242],[-68.328378,6.163954],[-68.342537,6.171353],[-68.356323,6.17977],[-68.367271,6.182822],[-68.373306,6.185831],[-68.381439,6.185721],[-68.392779,6.182447],[-68.403032,6.182913],[-68.41245,6.185441],[-68.426933,6.18213],[-68.445857,6.187726],[-68.464722,6.183509],[-68.477168,6.183819],[-68.488533,6.180382],[-68.505867,6.180173],[-68.513278,6.176226],[-68.518673,6.164434],[-68.522484,6.159518],[-68.533714,6.151496],[-68.541461,6.149066],[-68.551372,6.149741],[-68.576932,6.166976],[-68.584764,6.167042],[-68.596876,6.163339],[-68.604764,6.15712],[-68.614612,6.151418],[-68.622056,6.142526],[-68.632494,6.134361],[-68.644298,6.129146],[-68.665191,6.132109],[-68.677782,6.130542],[-68.68689,6.131951],[-68.692677,6.137543],[-68.695358,6.146915],[-68.706721,6.152103],[-68.717547,6.151519],[-68.732107,6.152682],[-68.746129,6.156852],[-68.75423,6.156571],[-68.765965,6.152461],[-68.792712,6.14741],[-68.79643,6.154904],[-68.809327,6.170421],[-68.824137,6.178387],[-68.834474,6.180129],[-68.84879,6.178875],[-68.858192,6.176636],[-68.865721,6.1704],[-68.876263,6.167095],[-68.885982,6.167832],[-68.903233,6.173433],[-68.917333,6.177186],[-68.93392,6.176826],[-68.94914,6.184364],[-68.961896,6.189613],[-68.974118,6.196327],[-68.986788,6.19555],[-69.003711,6.191725],[-69.017174,6.19417],[-69.023285,6.201061],[-69.028331,6.212739],[-69.034332,6.219009],[-69.043471,6.221569],[-69.068386,6.217353],[-69.082267,6.212769],[-69.091049,6.208628],[-69.0967,6.197242],[-69.107812,6.192628],[-69.123059,6.191368],[-69.133352,6.182974],[-69.138961,6.175009],[-69.146145,6.157528],[-69.151728,6.149901],[-69.160793,6.149933],[-69.177695,6.147265],[-69.1872,6.138432],[-69.201977,6.126894],[-69.21197,6.117885],[-69.217317,6.102009],[-69.232817,6.083961],[-69.237477,6.079874],[-69.249709,6.079572],[-69.259797,6.082864],[-69.270069,6.08081],[-69.278245,6.081756],[-69.287492,6.08705],[-69.308869,6.088653],[-69.312037,6.090598],[-69.321227,6.109117],[-69.326188,6.125775],[-69.329256,6.131967],[-69.335413,6.137726],[-69.342134,6.139971],[-69.349801,6.139883],[-69.359513,6.137707],[-69.374988,6.126718],[-69.383959,6.123617],[-69.393235,6.127315],[-69.404268,6.125583],[-69.412225,6.120309],[-69.417102,6.112377],[-69.427555,6.107297],[-69.430461,6.107798],[-69.434886,6.105542],[-69.444792,6.090143],[-69.453216,6.082983],[-69.46834,6.075745],[-69.485516,6.070021],[-69.502828,6.059164],[-69.519271,6.051563],[-69.527577,6.050333],[-69.535697,6.045197],[-69.546296,6.043378],[-69.557588,6.045618],[-69.571006,6.044455],[-69.587783,6.040572],[-69.599825,6.04051],[-69.608813,6.038716],[-69.630412,6.038487],[-69.641783,6.039283],[-69.653605,6.041422],[-69.688627,6.044748],[-69.716677,6.042095],[-69.728717,6.045112],[-69.738307,6.045768],[-69.754808,6.050126],[-69.770325,6.053232],[-69.777232,6.059088],[-69.781579,6.060485],[-69.799773,6.060528],[-69.805711,6.058265],[-69.822743,6.047615],[-69.826487,6.043594],[-69.838667,6.034735],[-69.842841,6.030064],[-69.845669,6.023206],[-69.847019,6.002815],[-69.849933,5.995798],[-69.862583,5.974398],[-69.877741,5.965249],[-69.892463,5.950667],[-69.912695,5.916374],[-69.917518,5.915061],[-69.92989,5.90179],[-69.934526,5.887268],[-69.94561,5.870884],[-69.962745,5.857885],[-69.968166,5.84981],[-69.969636,5.844332],[-69.967108,5.831546],[-69.96774,5.826539],[-69.975803,5.8155],[-69.986533,5.798156],[-69.99457,5.790578],[-70.012762,5.779253],[-70.017846,5.768072],[-70.021809,5.763685],[-70.023774,5.755345],[-70.030318,5.756705],[-70.033681,5.75279],[-70.043966,5.747374],[-70.045879,5.729487],[-70.049537,5.717579],[-70.057097,5.709756],[-70.059999,5.70369],[-70.066231,5.698363],[-70.07621,5.685305],[-70.089275,5.673819],[-70.096259,5.663007],[-70.10346,5.655299],[-70.113864,5.649522],[-70.124094,5.635439],[-70.128148,5.62269],[-70.133064,5.618536],[-70.142935,5.615124],[-70.15722,5.608548],[-70.166298,5.607119],[-70.185767,5.598801],[-70.1941,5.592184],[-70.199422,5.591013],[-70.21565,5.590481],[-70.229153,5.584323],[-70.234368,5.577684],[-70.242061,5.571417],[-70.257245,5.568179],[-70.27192,5.566854],[-70.28705,5.560917],[-70.293356,5.560958],[-70.31987,5.569931],[-70.3366,5.579977],[-70.345624,5.587205],[-70.356224,5.591887],[-70.365909,5.584423],[-70.373285,5.572187],[-70.383189,5.563445],[-70.396109,5.559905],[-70.409845,5.550192],[-70.425903,5.531831],[-70.440798,5.529579],[-70.452168,5.524253],[-70.461062,5.518414],[-70.472496,5.514294],[-70.478967,5.510498],[-70.490587,5.499065],[-70.509003,5.488524],[-70.51453,5.47677],[-70.518795,5.474523],[-70.528726,5.472664],[-70.552072,5.455191],[-70.557403,5.452453],[-70.563925,5.451994],[-70.567998,5.446124],[-70.571456,5.436344],[-70.578308,5.427933],[-70.587447,5.42827],[-70.601079,5.423732],[-70.607335,5.420146],[-70.610784,5.411857],[-70.618275,5.402881],[-70.624669,5.400005],[-70.636498,5.400996],[-70.640355,5.395549],[-70.651956,5.386595],[-70.666058,5.386532],[-70.677245,5.388158],[-70.689184,5.382116],[-70.691344,5.375949],[-70.69031,5.370759],[-70.681359,5.361902],[-70.680644,5.350392],[-70.683737,5.342029],[-70.68235,5.336481],[-70.6777,5.331697],[-70.677195,5.320473],[-70.686958,5.297302],[-70.691396,5.288946],[-70.697952,5.282163],[-70.71631,5.267632],[-70.724229,5.25766],[-70.744561,5.244842],[-70.760365,5.23072],[-70.770198,5.220189],[-70.798271,5.203573],[-70.812427,5.192636],[-70.819675,5.188483],[-70.823706,5.176144],[-70.825774,5.173526],[-70.83928,5.164787],[-70.844555,5.158492],[-70.855703,5.153647],[-70.865555,5.152845],[-70.89591,5.146604],[-70.91232,5.137948],[-70.924158,5.136941],[-70.937501,5.132176],[-70.949689,5.117388],[-70.955548,5.107258],[-70.957722,5.097252],[-70.962433,5.090028],[-70.968627,5.083806],[-70.973633,5.074026],[-70.970322,5.070103],[-70.971437,5.059168],[-70.97818,5.056713],[-70.980403,5.050898],[-70.985247,5.045451],[-70.983069,5.041604],[-70.992249,5.017848],[-70.998717,4.998235],[-71.001778,4.979777],[-71.006781,4.97028],[-71.015543,4.959806],[-71.039434,4.940449],[-71.047388,4.93601],[-71.053558,4.934404],[-71.05911,4.928603],[-71.060554,4.922499],[-71.066666,4.918193],[-71.077502,4.924638],[-71.07741,4.753137],[-71.077663,4.5957],[-71.077419,4.410902],[-71.07747,4.122797],[-71.077567,3.576606],[-71.077607,3.355821],[-71.077432,2.940604],[-71.077407,2.882144]]]},"properties":{"shapeName":"Vichada"}},{"type":"Feature","geometry":{"type":"Polygon","coordinates":[[[-69.432867,-1.071399],[-69.424517,-1.067693],[-69.430278,-1.062341],[-69.425204,-1.059991],[-69.423112,-1.049468],[-69.431629,-1.037369],[-69.438195,-1.033915],[-69.44239,-1.034086],[-69.44489,-1.02411],[-69.434376,-1.022662],[-69.426726,-1.013791],[-69.432434,-1.007172],[-69.429612,-1.003911],[-69.424151,-1.007644],[-69.418669,-1.00478],[-69.427756,-0.999995],[-69.433689,-1.003911],[-69.436437,-0.992424],[-69.439794,-0.990437],[-69.448699,-0.996745],[-69.45401,-0.991328],[-69.464427,-0.987294],[-69.467324,-0.982177],[-69.463537,-0.979409],[-69.464459,-0.972039],[-69.461735,-0.968659],[-69.467732,-0.9657],[-69.472463,-0.957375],[-69.480671,-0.955198],[-69.484866,-0.948182],[-69.507396,-0.939761],[-69.507976,-0.935127],[-69.518661,-0.930085],[-69.523951,-0.919967],[-69.529251,-0.91766],[-69.529219,-0.905217],[-69.531376,-0.90025],[-69.524155,-0.892976],[-69.522195,-0.885999],[-69.529831,-0.879824],[-69.52643,-0.867531],[-69.536965,-0.86442],[-69.53777,-0.859163],[-69.543195,-0.861647],[-69.549578,-0.856423],[-69.54798,-0.852014],[-69.555752,-0.851723],[-69.556257,-0.844867],[-69.56185,-0.847249],[-69.566974,-0.845409],[-69.573109,-0.838373],[-69.572279,-0.832022],[-69.567443,-0.832564],[-69.56167,-0.826719],[-69.558025,-0.818023],[-69.564268,-0.811348],[-69.563618,-0.807956],[-69.573866,-0.810157],[-69.574913,-0.802039],[-69.588697,-0.789555],[-69.586424,-0.78573],[-69.596239,-0.77956],[-69.607425,-0.767437],[-69.610132,-0.757009],[-69.614741,-0.756628],[-69.617712,-0.74323],[-69.620684,-0.739946],[-69.621831,-0.733221],[-69.618025,-0.73197],[-69.61521,-0.726861],[-69.607754,-0.726235],[-69.615314,-0.718155],[-69.609058,-0.717477],[-69.60765,-0.71315],[-69.599934,-0.706216],[-69.602332,-0.697562],[-69.597484,-0.695686],[-69.587421,-0.681818],[-69.582103,-0.680515],[-69.582886,-0.675302],[-69.575372,-0.666713],[-69.580444,-0.665912],[-69.581405,-0.661775],[-69.574224,-0.657958],[-69.572623,-0.646347],[-69.569019,-0.64213],[-69.56296,-0.640395],[-69.562239,-0.635484],[-69.566804,-0.630999],[-69.572463,-0.632761],[-69.575319,-0.628357],[-69.571502,-0.621924],[-69.577508,-0.614263],[-69.581699,-0.619175],[-69.588399,-0.602492],[-69.601559,-0.596727],[-69.600785,-0.589626],[-69.594725,-0.580044],[-69.59622,-0.566057],[-69.591131,-0.56121],[-69.598973,-0.545661],[-69.602476,-0.541824],[-69.610314,-0.538408],[-69.613784,-0.528985],[-69.614105,-0.523059],[-69.610394,-0.516893],[-69.608552,-0.504375],[-69.614185,-0.501091],[-69.626811,-0.497221],[-69.627612,-0.494044],[-69.640932,-0.493164],[-69.643334,-0.481579],[-69.656254,-0.471863],[-69.664146,-0.469105],[-69.667622,-0.465512],[-69.672614,-0.467167],[-69.681984,-0.463777],[-69.686441,-0.458331],[-69.695224,-0.457931],[-69.697172,-0.454514],[-69.708063,-0.454114],[-69.7114,-0.450831],[-69.718527,-0.449443],[-69.72141,-0.442876],[-69.726455,-0.445866],[-69.731743,-0.437336],[-69.736121,-0.437635],[-69.744855,-0.420039],[-69.755041,-0.411989],[-69.754358,-0.409981],[-69.761063,-0.402828],[-69.764993,-0.403874],[-69.773599,-0.391296],[-69.779535,-0.395717],[-69.79017,-0.391446],[-69.793438,-0.388371],[-69.791622,-0.383801],[-69.801168,-0.381793],[-69.811077,-0.372675],[-69.829955,-0.373166],[-69.828716,-0.362553],[-69.834146,-0.353534],[-69.837409,-0.342634],[-69.84344,-0.338671],[-69.854066,-0.338654],[-69.858986,-0.340379],[-69.864077,-0.338996],[-69.873627,-0.339371],[-69.883882,-0.33481],[-69.887832,-0.341729],[-69.896942,-0.337278],[-69.900338,-0.337748],[-69.913633,-0.327305],[-69.920211,-0.325358],[-69.922893,-0.318695],[-69.927642,-0.317192],[-69.92877,-0.312186],[-69.93463,-0.305079],[-69.936287,-0.298297],[-69.947528,-0.291344],[-69.952072,-0.282443],[-69.950945,-0.278787],[-69.958872,-0.276413],[-69.967277,-0.270549],[-69.974251,-0.263056],[-69.978244,-0.253222],[-69.984264,-0.244386],[-69.992942,-0.242433],[-69.993008,-0.232723],[-69.998908,-0.22331],[-70.043228,-0.189979],[-70.043062,0.069],[-70.046745,0.259948],[-70.047046,0.562842],[-70.038367,0.566269],[-70.026757,0.562121],[-70.020878,0.555854],[-70.022818,0.548065],[-70.018908,0.543946],[-70.009597,0.548124],[-70.005508,0.544125],[-69.995361,0.55081],[-69.996316,0.558987],[-69.99172,0.561972],[-69.993779,0.567313],[-70.000554,0.573193],[-69.99551,0.575401],[-69.989392,0.568955],[-69.986109,0.574297],[-69.979096,0.577818],[-69.963487,0.571014],[-69.960682,0.561405],[-69.955757,0.561405],[-69.946147,0.556361],[-69.940746,0.556719],[-69.937134,0.55281],[-69.929047,0.559077],[-69.929435,0.56409],[-69.919556,0.570119],[-69.915945,0.579728],[-69.91175,0.584634],[-69.904429,0.58137],[-69.894216,0.585286],[-69.892118,0.579877],[-69.887408,0.576893],[-69.881719,0.577173],[-69.870714,0.582535],[-69.8626,0.577546],[-69.858543,0.578059],[-69.857517,0.583608],[-69.851455,0.587618],[-69.84376,0.587385],[-69.837558,0.584587],[-69.832802,0.590789],[-69.822683,0.591255],[-69.821424,0.588784],[-69.812704,0.58552],[-69.809206,0.576194],[-69.801838,0.57209],[-69.801559,0.578385],[-69.796522,0.578012],[-69.794097,0.584027],[-69.789201,0.584494],[-69.782393,0.595452],[-69.777869,0.599182],[-69.773626,0.599229],[-69.762248,0.607995],[-69.750217,0.615596],[-69.74884,0.61936],[-69.74164,0.613205],[-69.739328,0.608841],[-69.724032,0.614735],[-69.717205,0.627903],[-69.714594,0.641033],[-69.709782,0.640511],[-69.703551,0.651478],[-69.693777,0.651516],[-69.690793,0.64842],[-69.686428,0.654351],[-69.687361,0.663602],[-69.671096,0.667593],[-69.666917,0.664012],[-69.648862,0.663415],[-69.643116,0.656999],[-69.639013,0.647562],[-69.63961,0.642078],[-69.633715,0.636445],[-69.6295,0.628015],[-69.625098,0.635028],[-69.619726,0.633797],[-69.616443,0.626523],[-69.611892,0.622643],[-69.607713,0.612758],[-69.605587,0.624769],[-69.60596,0.634058],[-69.603684,0.636408],[-69.590329,0.63734],[-69.587531,0.638833],[-69.592754,0.647151],[-69.59779,0.649427],[-69.597007,0.654202],[-69.586225,0.659797],[-69.579824,0.66158],[-69.573974,0.668981],[-69.566752,0.673845],[-69.566245,0.680023],[-69.561559,0.683962],[-69.557858,0.680888],[-69.535206,0.678919],[-69.530789,0.691303],[-69.53261,0.700674],[-69.52879,0.705001],[-69.52291,0.707239],[-69.514435,0.714043],[-69.506854,0.712521],[-69.500139,0.723055],[-69.487008,0.728188],[-69.483158,0.733231],[-69.478621,0.734902],[-69.470474,0.734604],[-69.46343,0.736454],[-69.459372,0.731441],[-69.459073,0.724279],[-69.456148,0.719056],[-69.446688,0.71464],[-69.439644,0.715833],[-69.433377,0.712581],[-69.435914,0.69948],[-69.43087,0.693511],[-69.416396,0.688587],[-69.412426,0.685215],[-69.410188,0.677665],[-69.406248,0.675904],[-69.404159,0.665281],[-69.396042,0.657551],[-69.390729,0.654985],[-69.383895,0.647136],[-69.368943,0.634394],[-69.355722,0.615294],[-69.349156,0.61789],[-69.343844,0.627321],[-69.337278,0.633707],[-69.337188,0.641794],[-69.334114,0.643466],[-69.320654,0.632961],[-69.317372,0.632215],[-69.310328,0.637169],[-69.305673,0.643287],[-69.297913,0.648778],[-69.285348,0.649195],[-69.289437,0.63887],[-69.289139,0.632573],[-69.283976,0.620129],[-69.287229,0.614399],[-69.293406,0.609743],[-69.293794,0.603387],[-69.285587,0.606192],[-69.282125,0.603984],[-69.270337,0.602074],[-69.268397,0.60655],[-69.253683,0.604879],[-69.243805,0.609027],[-69.236284,0.602581],[-69.231509,0.602671],[-69.226048,0.60664],[-69.217005,0.607774],[-69.213155,0.609952],[-69.199748,0.605905],[-69.20112,0.621324],[-69.203695,0.631794],[-69.198202,0.640205],[-69.194253,0.649818],[-69.181207,0.653422],[-69.165929,0.650333],[-69.158205,0.653079],[-69.154085,0.645526],[-69.143785,0.643295],[-69.134515,0.644496],[-69.129022,0.63969],[-69.12782,0.634712],[-69.122499,0.632824],[-69.118036,0.637802],[-69.115632,0.64484],[-69.118207,0.655482],[-69.131082,0.670759],[-69.134687,0.679513],[-69.15254,0.705432],[-69.159406,0.71144],[-69.168676,0.714701],[-69.177819,0.713957],[-69.182969,0.717905],[-69.190007,0.740563],[-69.184686,0.74863],[-69.171811,0.759959],[-69.16237,0.755153],[-69.155332,0.76013],[-69.148809,0.767511],[-69.14692,0.781243],[-69.152929,0.793601],[-69.154817,0.806303],[-69.16752,0.820893],[-69.165117,0.836169],[-69.164602,0.846811],[-69.154988,0.848356],[-69.14692,0.845609],[-69.142286,0.848012],[-69.137479,0.857796],[-69.135762,0.872042],[-69.139024,0.879595],[-69.142629,0.882169],[-69.148637,0.879595],[-69.156705,0.880796],[-69.166318,0.892296],[-69.178334,0.899333],[-69.182454,0.906542],[-69.188462,0.913236],[-69.191896,0.92096],[-69.191896,0.926452],[-69.188634,0.932975],[-69.181939,0.936751],[-69.173013,0.934004],[-69.16752,0.934348],[-69.164602,0.941556],[-69.169923,0.944646],[-69.171468,0.949967],[-69.195844,0.960608],[-69.20271,0.960608],[-69.20683,0.964899],[-69.207517,0.970735],[-69.216787,0.972451],[-69.218332,0.976227],[-69.215928,0.981205],[-69.197904,0.996137],[-69.197732,0.999741],[-69.20374,1.003861],[-69.205629,1.009009],[-69.21301,1.018278],[-69.22125,1.023084],[-69.227945,1.029949],[-69.232751,1.037501],[-69.239274,1.038359],[-69.245969,1.046082],[-69.244081,1.054664],[-69.251634,1.056724],[-69.258157,1.053291],[-69.267255,1.053119],[-69.274293,1.054664],[-69.287339,1.052433],[-69.288541,1.061186],[-69.303819,1.061529],[-69.305536,1.07423],[-69.311887,1.076976],[-69.320298,1.088647],[-69.32788,1.086091],[-69.337636,1.079722],[-69.345704,1.084185],[-69.355938,1.078917],[-69.361319,1.079551],[-69.365491,1.084475],[-69.371324,1.080005],[-69.374775,1.088014],[-69.37799,1.085597],[-69.382344,1.073623],[-69.39194,1.064399],[-69.399434,1.058955],[-69.404069,1.047799],[-69.408876,1.043508],[-69.423124,1.04265],[-69.430162,1.046254],[-69.435826,1.061529],[-69.432222,1.06582],[-69.433767,1.071484],[-69.439431,1.073887],[-69.448186,1.071827],[-69.460031,1.076805],[-69.467412,1.076805],[-69.47546,1.072628],[-69.478327,1.076118],[-69.485608,1.079379],[-69.527322,1.070111],[-69.552556,1.074058],[-69.561998,1.070798],[-69.573671,1.0732],[-69.597532,1.093968],[-69.609891,1.098258],[-69.624482,1.094997],[-69.629632,1.085729],[-69.63358,1.084356],[-69.641992,1.089334],[-69.652291,1.084185],[-69.668428,1.080924],[-69.672548,1.070626],[-69.685765,1.071656],[-69.6923,1.07612],[-69.703862,1.07506],[-69.70585,1.091393],[-69.70482,1.102892],[-69.701558,1.117481],[-69.714844,1.117259],[-69.721203,1.108755],[-69.726642,1.108301],[-69.734517,1.114048],[-69.74619,1.113533],[-69.764215,1.106325],[-69.773656,1.103407],[-69.790724,1.08881],[-69.797517,1.071141],[-69.806272,1.063625],[-69.816056,1.062902],[-69.820469,1.065724],[-69.826412,1.07396],[-69.832684,1.080205],[-69.83869,1.07952],[-69.842658,1.072719],[-69.842652,1.714907],[-69.847216,1.709029],[-69.854475,1.708036],[-69.864863,1.713335],[-69.877597,1.727239],[-69.888028,1.72919],[-69.891985,1.735219],[-69.898936,1.739986],[-69.911686,1.742035],[-69.924455,1.749197],[-69.938781,1.744477],[-69.950722,1.747317],[-69.953208,1.744173],[-69.966906,1.746267],[-69.974619,1.741971],[-69.976398,1.746403],[-69.989066,1.74912],[-69.995815,1.752283],[-69.995815,1.755858],[-70.003474,1.763146],[-70.010563,1.763494],[-70.01829,1.761148],[-70.023169,1.762852],[-70.023775,1.767068],[-70.028833,1.769451],[-70.033523,1.768193],[-70.044277,1.773724],[-70.048252,1.773004],[-70.054434,1.777202],[-70.054512,1.780802],[-70.05986,1.783234],[-70.059745,1.786777],[-70.06523,1.789306],[-70.069861,1.80229],[-70.080504,1.800309],[-70.088717,1.80857],[-70.094901,1.80987],[-70.097752,1.820408],[-70.101835,1.824552],[-70.110349,1.828511],[-70.10975,1.833098],[-70.114659,1.836592],[-70.12085,1.836332],[-70.126292,1.839325],[-70.12815,1.845526],[-70.134809,1.848418],[-70.135781,1.854732],[-70.140358,1.856106],[-70.147599,1.86584],[-70.155137,1.86969],[-70.157975,1.867539],[-70.164573,1.869483],[-70.167829,1.86725],[-70.176069,1.86857],[-70.175844,1.872991],[-70.180687,1.880716],[-70.179472,1.887625],[-70.170377,1.898797],[-70.168318,1.913709],[-70.163404,1.922424],[-70.163544,1.930706],[-70.158486,1.936806],[-70.146493,1.934313],[-70.138842,1.933937],[-70.1379,1.939226],[-70.141701,1.946884],[-70.137648,1.965304],[-70.140499,1.97009],[-70.140019,1.977507],[-70.127488,1.991612],[-70.122428,1.99376],[-70.111658,2.002265],[-70.115511,2.009231],[-70.114074,2.01733],[-70.119209,2.025302],[-70.119143,2.0299],[-70.122316,2.039968],[-70.119471,2.045684],[-70.11813,2.060335],[-70.112496,2.071701],[-70.1094,2.074872],[-70.110379,2.079577],[-70.114268,2.080104],[-70.122189,2.075669],[-70.129918,2.069144],[-70.141004,2.06685],[-70.144649,2.064613],[-70.149668,2.071769],[-70.153406,2.064171],[-70.16006,2.060413],[-70.162029,2.055034],[-70.16036,2.049594],[-70.167035,2.041713],[-70.169998,2.045646],[-70.17625,2.039732],[-70.175135,2.034356],[-70.187499,2.023587],[-70.199291,2.023849],[-70.203868,2.02683],[-70.208207,2.020697],[-70.214988,2.020388],[-70.21517,2.024143],[-70.220181,2.030677],[-70.227838,2.034326],[-70.236596,2.030868],[-70.238135,2.02415],[-70.246071,2.025055],[-70.246535,2.030186],[-70.254675,2.026201],[-70.252956,2.019127],[-70.261303,2.01369],[-70.263008,2.022556],[-70.266931,2.023151],[-70.275732,2.020014],[-70.28302,2.014445],[-70.293227,2.013202],[-70.297086,2.015957],[-70.300786,2.012546],[-70.304946,2.013627],[-70.310805,2.010835],[-70.317284,2.012738],[-70.323101,2.005337],[-70.322709,1.99746],[-70.329218,1.999219],[-70.335819,1.995443],[-70.339674,2.000583],[-70.350996,1.983307],[-70.356405,1.988653],[-70.358315,1.984896],[-70.365267,1.991011],[-70.364172,1.996577],[-70.368211,2.003877],[-70.372731,2.002292],[-70.376744,2.004771],[-70.381937,1.999918],[-70.381228,1.994421],[-70.376473,1.99106],[-70.378348,1.98565],[-70.386997,1.984639],[-70.398272,1.998459],[-70.402144,1.997535],[-70.406054,1.991443],[-70.413436,1.989961],[-70.41461,1.986257],[-70.422159,1.986812],[-70.424722,1.990193],[-70.430577,1.990388],[-70.432252,1.997322],[-70.435775,1.999139],[-70.442103,1.993411],[-70.441342,1.987721],[-70.449521,1.983313],[-70.454803,1.987617],[-70.463249,1.985224],[-70.466143,1.980014],[-70.457683,1.971827],[-70.460793,1.967499],[-70.466102,1.972066],[-70.46914,1.962857],[-70.478318,1.966481],[-70.479927,1.958345],[-70.483739,1.95358],[-70.488005,1.954083],[-70.491433,1.948504],[-70.501913,1.949897],[-70.503695,1.942768],[-70.510188,1.939965],[-70.509247,1.947034],[-70.514208,1.951647],[-70.513965,1.956499],[-70.523077,1.954302],[-70.520153,1.950846],[-70.523641,1.946857],[-70.528143,1.949856],[-70.529075,1.956876],[-70.535621,1.954306],[-70.53893,1.947192],[-70.544339,1.947349],[-70.549184,1.937828],[-70.555711,1.941191],[-70.560823,1.940374],[-70.565077,1.933008],[-70.578399,1.932148],[-70.586871,1.9354],[-70.58936,1.938454],[-70.595543,1.937305],[-70.601406,1.933645],[-70.601959,1.927007],[-70.605387,1.923671],[-70.615837,1.929673],[-70.621534,1.929232],[-70.618498,1.9187],[-70.625176,1.918532],[-70.63078,1.920775],[-70.634579,1.91824],[-70.636064,1.912397],[-70.632192,1.909816],[-70.635116,1.904274],[-70.649775,1.904849],[-70.652624,1.911284],[-70.663513,1.911665],[-70.663406,1.907445],[-70.670298,1.902653],[-70.67683,1.907973],[-70.683627,1.905761],[-70.688285,1.898612],[-70.692211,1.898943],[-70.69384,1.907616],[-70.698382,1.903255],[-70.704061,1.906055],[-70.706928,1.915692],[-70.710792,1.91595],[-70.719222,1.909972],[-70.722525,1.919611],[-70.733038,1.923804],[-70.73789,1.921242],[-70.745378,1.920323],[-70.741229,1.914271],[-70.742086,1.908328],[-70.745676,1.907758],[-70.756149,1.912288],[-70.760755,1.909631],[-70.764724,1.913987],[-70.760069,1.918679],[-70.769644,1.927222],[-70.773289,1.926124],[-70.772676,1.919927],[-70.77693,1.917572],[-70.779023,1.912568],[-70.791408,1.914874],[-70.795422,1.90894],[-70.803215,1.906394],[-70.807846,1.90727],[-70.809708,1.913126],[-70.817487,1.908959],[-70.825186,1.912226],[-70.82815,1.917175],[-70.833993,1.910125],[-70.840491,1.914254],[-70.844676,1.919273],[-70.851132,1.917404],[-70.852334,1.911135],[-70.856808,1.911475],[-70.866418,1.908905],[-70.869873,1.915428],[-70.877519,1.923606],[-70.875684,1.929526],[-70.881333,1.930532],[-70.883249,1.922027],[-70.893247,1.918259],[-70.899162,1.903018],[-70.906599,1.890976],[-70.91771,1.885923],[-70.92558,1.880021],[-70.925083,1.876964],[-70.931427,1.873967],[-70.936988,1.866847],[-70.940526,1.867919],[-70.94455,1.864028],[-70.941858,1.859854],[-70.947188,1.856476],[-70.953688,1.848139],[-70.959537,1.846014],[-70.964165,1.840609],[-70.974842,1.838757],[-70.979675,1.840745],[-70.98046,1.83321],[-70.98499,1.831074],[-70.987133,1.824736],[-70.99512,1.82084],[-70.999761,1.81529],[-71.005155,1.824558],[-71.012526,1.822223],[-71.009346,1.818657],[-71.012091,1.814079],[-71.018304,1.814467],[-71.025084,1.81034],[-71.036644,1.811314],[-71.041998,1.817342],[-71.04825,1.804158],[-71.057212,1.805705],[-71.064841,1.798509],[-71.071118,1.806479],[-71.082399,1.796556],[-71.092444,1.799344],[-71.086805,1.791988],[-71.090588,1.788251],[-71.094305,1.789537],[-71.093674,1.780162],[-71.095959,1.77874],[-71.109458,1.784625],[-71.114312,1.784328],[-71.119092,1.779784],[-71.126204,1.780589],[-71.1283,1.770959],[-71.136562,1.769051],[-71.142622,1.759934],[-71.149901,1.762675],[-71.155811,1.761986],[-71.185491,1.741854],[-71.192529,1.735504],[-71.199229,1.726461],[-71.205447,1.710861],[-71.213894,1.702559],[-71.229222,1.693704],[-71.235548,1.68896],[-71.240427,1.682158],[-71.244293,1.673358],[-71.253764,1.668205],[-71.261198,1.668935],[-71.26631,1.678431],[-71.268993,1.680219],[-71.281884,1.682893],[-71.285779,1.685263],[-71.295002,1.696793],[-71.305825,1.700923],[-71.311617,1.706308],[-71.315127,1.714436],[-71.321393,1.707767],[-71.33363,1.704444],[-71.346199,1.705777],[-71.361303,1.702297],[-71.366962,1.710118],[-71.37972,1.72259],[-71.383457,1.727764],[-71.384223,1.733349],[-71.388925,1.735103],[-71.38916,1.719666],[-71.397103,1.70946],[-71.394173,1.694845],[-71.3918,1.688596],[-71.389511,1.671498],[-71.386406,1.661571],[-71.387451,1.652792],[-71.392472,1.643552],[-71.394616,1.632245],[-71.393105,1.624248],[-71.397942,1.614962],[-71.39036,1.599122],[-71.397597,1.594073],[-71.39862,1.588536],[-71.402717,1.5816],[-71.416691,1.586403],[-71.423541,1.582529],[-71.435662,1.558117],[-71.435023,1.549248],[-71.430065,1.540494],[-71.43778,1.531612],[-71.440723,1.522131],[-71.442487,1.509687],[-71.453669,1.484206],[-71.456022,1.471137],[-71.473495,1.457326],[-71.477982,1.452033],[-71.489578,1.447462],[-71.488988,1.442129],[-71.47951,1.433941],[-71.476365,1.422936],[-71.478002,1.404075],[-71.483596,1.397163],[-71.489942,1.385875],[-71.490148,1.374179],[-71.494777,1.372278],[-71.495635,1.365114],[-71.50189,1.363816],[-71.506772,1.35442],[-71.504948,1.343222],[-71.509518,1.341174],[-71.507394,1.335542],[-71.51146,1.333183],[-71.514003,1.325589],[-71.520183,1.321105],[-71.516084,1.317834],[-71.52102,1.313039],[-71.518005,1.310519],[-71.524217,1.303944],[-71.5275,1.303096],[-71.526523,1.29458],[-71.532746,1.289539],[-71.531394,1.283382],[-71.536351,1.275498],[-71.544065,1.275627],[-71.551007,1.280057],[-71.551854,1.274994],[-71.545631,1.267571],[-71.547606,1.264858],[-71.545749,1.251246],[-71.539645,1.236412],[-71.539377,1.230287],[-71.544269,1.223014],[-71.55121,1.220654],[-71.553152,1.213178],[-71.552079,1.206174],[-71.54355,1.206581],[-71.542627,1.202173],[-71.535203,1.207096],[-71.531115,1.200382],[-71.53325,1.1943],[-71.527253,1.1918],[-71.527854,1.177813],[-71.519882,1.175496],[-71.511449,1.164533],[-71.51072,1.15385],[-71.508596,1.150198],[-71.502507,1.148902],[-71.508743,1.143331],[-71.5084,1.138139],[-71.497499,1.135565],[-71.492907,1.131231],[-71.490633,1.124495],[-71.484946,1.115634],[-71.485333,1.110164],[-71.492757,1.106238],[-71.504602,1.104843],[-71.523806,1.114841],[-71.535501,1.124773],[-71.535286,1.135865],[-71.530565,1.150131],[-71.531295,1.160257],[-71.540093,1.163754],[-71.556572,1.15601],[-71.557817,1.146463],[-71.546165,1.127863],[-71.542024,1.123379],[-71.540479,1.114926],[-71.544084,1.112996],[-71.552152,1.113296],[-71.558739,1.121588],[-71.562516,1.13004],[-71.568702,1.126249],[-71.581234,1.127726],[-71.582875,1.120012],[-71.576142,1.119407],[-71.578112,1.105392],[-71.581833,1.098229],[-71.574235,1.096113],[-71.574142,1.087972],[-71.578477,1.086636],[-71.581718,1.073712],[-71.588474,1.072578],[-71.584536,1.066668],[-71.58466,1.061423],[-71.588819,1.058265],[-71.585664,1.053576],[-71.585515,1.0462],[-71.604102,1.043059],[-71.609315,1.037716],[-71.6158,1.03788],[-71.618902,1.035253],[-71.621414,1.026118],[-71.62971,1.023681],[-71.631396,1.016401],[-71.638871,1.007959],[-71.637659,1.001178],[-71.643956,0.998967],[-71.644824,0.99195],[-71.651114,0.985394],[-71.658791,0.980836],[-71.658346,0.976608],[-71.664531,0.972583],[-71.673296,0.974671],[-71.677803,0.972008],[-71.685523,0.976347],[-71.691013,0.976917],[-71.694553,0.981831],[-71.700113,0.981568],[-71.708434,0.988073],[-71.716428,0.989065],[-71.72415,0.985445],[-71.737462,0.986921],[-71.742737,0.984659],[-71.747975,0.972601],[-71.757955,0.963472],[-71.764601,0.963749],[-71.769732,0.960837],[-71.768445,0.946529],[-71.770423,0.940255],[-71.76757,0.93166],[-71.769202,0.91904],[-71.773243,0.91662],[-71.779376,0.903832],[-71.787498,0.89922],[-71.792941,0.89313],[-71.803352,0.888054],[-72.032677,0.667822],[-72.032936,0.664476],[-72.025398,0.664174],[-72.021257,0.661816],[-72.017785,0.655878],[-72.010819,0.653385],[-72.000438,0.659091],[-71.997601,0.657505],[-71.993825,0.644116],[-71.994855,0.635362],[-71.99331,0.631328],[-71.982758,0.632938],[-71.981379,0.628324],[-71.988503,0.614163],[-71.999575,0.60189],[-72.009446,0.598371],[-72.009875,0.594423],[-71.994769,0.591161],[-71.988761,0.586355],[-71.990735,0.571164],[-71.989619,0.56344],[-71.983697,0.559492],[-71.974084,0.559406],[-71.963441,0.555029],[-71.960351,0.552196],[-71.955287,0.541725],[-71.949365,0.540438],[-71.942412,0.551424],[-71.943871,0.567903],[-71.939408,0.57022],[-71.935546,0.561809],[-71.929538,0.553484],[-71.928508,0.544644],[-71.922929,0.533314],[-71.918122,0.527049],[-71.912972,0.51366],[-71.921212,0.505764],[-71.928508,0.494177],[-71.92825,0.486281],[-71.9231,0.478986],[-71.91838,0.477355],[-71.907393,0.478814],[-71.901986,0.474523],[-71.901042,0.47066],[-71.905162,0.466197],[-71.91898,0.460189],[-71.921212,0.454096],[-71.911084,0.444311],[-71.898381,0.442938],[-71.890399,0.44577],[-71.88482,0.455297],[-71.887309,0.465597],[-71.883876,0.468429],[-71.869028,0.459861],[-71.855373,0.455257],[-71.85319,0.448087],[-71.845818,0.435688],[-71.845294,0.429365],[-71.847356,0.41527],[-71.840361,0.408192],[-71.833036,0.406142],[-71.824403,0.40637],[-71.825102,0.400353],[-71.835625,0.395584],[-71.83511,0.384849],[-71.832807,0.373174],[-71.834251,0.366489],[-71.840876,0.359957],[-71.853409,0.355329],[-71.852946,0.351555],[-71.832751,0.338937],[-71.824224,0.338843],[-71.806173,0.346885],[-71.801908,0.352747],[-71.801844,0.361201],[-71.816156,0.369055],[-71.812062,0.373215],[-71.790959,0.364547],[-71.779104,0.364684],[-71.771158,0.368619],[-71.766688,0.365116],[-71.771868,0.3589],[-71.772698,0.348486],[-71.776103,0.346099],[-71.782833,0.346095],[-71.78759,0.342359],[-71.788287,0.335252],[-71.785069,0.332312],[-71.776495,0.330895],[-71.768195,0.327132],[-71.755543,0.332205],[-71.752162,0.328698],[-71.753843,0.319102],[-71.75278,0.305049],[-71.750582,0.296443],[-71.74732,0.291465],[-71.737707,0.285629],[-71.733057,0.288136],[-71.732214,0.29713],[-71.726206,0.308974],[-71.716078,0.312236],[-71.706354,0.31898],[-71.702919,0.317075],[-71.698982,0.305567],[-71.703551,0.295084],[-71.72194,0.289274],[-71.726394,0.282259],[-71.722773,0.274471],[-71.711008,0.259485],[-71.697367,0.236877],[-71.690898,0.233404],[-71.678827,0.229581],[-71.665266,0.222458],[-71.653252,0.217524],[-71.645353,0.209755],[-71.635465,0.21051],[-71.625833,0.215951],[-71.623209,0.212673],[-71.626172,0.20437],[-71.617043,0.198075],[-71.619397,0.191679],[-71.629003,0.191829],[-71.635397,0.187954],[-71.634795,0.183453],[-71.621935,0.185005],[-71.611289,0.182099],[-71.605651,0.183407],[-71.593552,0.196154],[-71.578234,0.205978],[-71.568792,0.216278],[-71.558848,0.216563],[-71.56179,0.207296],[-71.569209,0.204518],[-71.575127,0.198651],[-71.575616,0.186684],[-71.577883,0.178251],[-71.587174,0.17074],[-71.585546,0.164506],[-71.578114,0.164516],[-71.5654,0.172197],[-71.553259,0.171696],[-71.545519,0.174414],[-71.529691,0.165875],[-71.524757,0.158034],[-71.525049,0.152822],[-71.531643,0.140793],[-71.541194,0.136472],[-71.542352,0.128507],[-71.532924,0.121379],[-71.524789,0.121769],[-71.515175,0.132602],[-71.511116,0.13386],[-71.501699,0.130069],[-71.494258,0.134456],[-71.493961,0.144653],[-71.491072,0.147821],[-71.481295,0.151003],[-71.481323,0.164443],[-71.475756,0.17302],[-71.473743,0.184432],[-71.468703,0.185257],[-71.458805,0.179166],[-71.454455,0.174919],[-71.456207,0.163577],[-71.459847,0.160382],[-71.466357,0.160327],[-71.469198,0.15706],[-71.468075,0.151704],[-71.462239,0.151067],[-71.450764,0.139875],[-71.444786,0.139734],[-71.438136,0.142661],[-71.428749,0.140004],[-71.419194,0.14314],[-71.409435,0.150106],[-71.401895,0.157663],[-71.400545,0.164125],[-71.402983,0.169691],[-71.400935,0.186555],[-71.397767,0.185769],[-71.390066,0.178765],[-71.373992,0.174044],[-71.36815,0.162076],[-71.369403,0.15025],[-71.360765,0.143768],[-71.350264,0.144764],[-71.342936,0.138116],[-71.338549,0.14423],[-71.34358,0.149632],[-71.342187,0.154201],[-71.337753,0.156105],[-71.333463,0.153786],[-71.329213,0.145226],[-71.323443,0.141998],[-71.320354,0.137235],[-71.321047,0.12521],[-71.328587,0.116576],[-71.322697,0.111757],[-71.307752,0.1026],[-71.291213,0.098432],[-71.289052,0.094792],[-71.289052,0.087361],[-71.296811,0.073566],[-71.290783,0.068421],[-71.280771,0.06622],[-71.269132,0.07004],[-71.263407,0.070627],[-71.257758,0.066587],[-71.252696,0.059144],[-71.247931,0.058686],[-71.236425,0.067077],[-71.229794,0.063604],[-71.226725,0.054958],[-71.223065,0.056795],[-71.219528,0.062966],[-71.211104,0.070906],[-71.201208,0.073518],[-71.197285,0.079055],[-71.186557,0.081539],[-71.187093,0.087547],[-71.191471,0.092504],[-71.186621,0.098169],[-71.177609,0.095465],[-71.1707,0.090852],[-71.162603,0.081299],[-71.157041,0.071882],[-71.147003,0.066019],[-71.144015,0.058493],[-71.144416,0.053584],[-71.148746,0.045789],[-71.149335,0.039786],[-71.141817,0.027601],[-71.137299,0.010256],[-71.132019,0.003685],[-71.125399,0.003397],[-71.115529,0.011479],[-71.113076,0.023773],[-71.103905,0.026877],[-71.099562,0.022584],[-71.097276,0.007881],[-71.099292,-0.000816],[-71.096314,-0.006938],[-71.08979,-0.007285],[-71.083288,0.000879],[-71.075,0.001261],[-71.068383,-0.007917],[-71.061264,-0.009555],[-71.054343,-0.006176],[-71.044816,-0.003578],[-71.035418,-0.006551],[-71.035051,-0.010594],[-71.040939,-0.019542],[-71.049802,-0.022482],[-71.053123,-0.025234],[-71.051107,-0.033679],[-71.035706,-0.04447],[-71.026953,-0.048539],[-71.019553,-0.047894],[-71.012742,-0.042719],[-71.011501,-0.038516],[-71.018018,-0.025335],[-71.016256,-0.012751],[-71.000645,-0.003578],[-70.994583,-0.001846],[-70.981988,-0.003497],[-70.969434,-0.008393],[-70.96905,-0.014995],[-70.972968,-0.026067],[-70.959798,-0.040003],[-70.944159,-0.04134],[-70.933827,-0.05205],[-70.928935,-0.050183],[-70.924793,-0.056747],[-70.928396,-0.060989],[-70.928796,-0.066701],[-70.925926,-0.070638],[-70.930592,-0.0763],[-70.92317,-0.080774],[-70.927156,-0.086787],[-70.918367,-0.098847],[-70.905139,-0.099892],[-70.896715,-0.103178],[-70.892255,-0.11151],[-70.891755,-0.116126],[-70.900358,-0.13256],[-70.905347,-0.132688],[-70.914017,-0.123227],[-70.920099,-0.123964],[-70.932941,-0.13008],[-70.945371,-0.143495],[-70.946998,-0.153747],[-70.942968,-0.163761],[-70.933205,-0.174956],[-70.917774,-0.183114],[-70.916048,-0.187646],[-70.917193,-0.19784],[-70.914903,-0.201912],[-70.909876,-0.204066],[-70.888584,-0.208268],[-70.883044,-0.215841],[-70.885727,-0.223903],[-70.874197,-0.241752],[-70.872785,-0.262746],[-70.878565,-0.276552],[-70.878162,-0.282829],[-70.867482,-0.291116],[-70.865296,-0.31005],[-70.842303,-0.328327],[-70.842494,-0.335373],[-70.838923,-0.340858],[-70.834372,-0.342881],[-70.832082,-0.347574],[-70.829542,-0.361117],[-70.821868,-0.365752],[-70.811124,-0.364206],[-70.809077,-0.362146],[-70.806871,-0.346929],[-70.79674,-0.344017],[-70.778554,-0.337031],[-70.768315,-0.334191],[-70.758939,-0.328494],[-70.758257,-0.322313],[-70.761156,-0.317162],[-70.778893,-0.316648],[-70.780598,-0.311669],[-70.774644,-0.30226],[-70.765272,-0.293784],[-70.759553,-0.291864],[-70.746185,-0.290309],[-70.741444,-0.286586],[-70.733359,-0.28746],[-70.729266,-0.289863],[-70.725514,-0.297932],[-70.720057,-0.302224],[-70.714087,-0.309778],[-70.70369,-0.31935],[-70.69918,-0.321882],[-70.689814,-0.331461],[-70.685032,-0.344697],[-70.679738,-0.350198],[-70.670518,-0.350885],[-70.663858,-0.346931],[-70.661297,-0.339195],[-70.657712,-0.334897],[-70.642344,-0.322176],[-70.634319,-0.31891],[-70.626977,-0.322004],[-70.616144,-0.337906],[-70.6099,-0.33988],[-70.605119,-0.348819],[-70.599824,-0.365914],[-70.588397,-0.386859],[-70.580722,-0.391494],[-70.571684,-0.390635],[-70.567762,-0.386171],[-70.565375,-0.37278],[-70.562476,-0.366427],[-70.557701,-0.362994],[-70.548105,-0.36199],[-70.539757,-0.367519],[-70.534913,-0.373593],[-70.529752,-0.371719],[-70.530825,-0.362477],[-70.525539,-0.355609],[-70.517523,-0.358527],[-70.513941,-0.367798],[-70.509178,-0.374214],[-70.495536,-0.387536],[-70.4793,-0.398292],[-70.472197,-0.411354],[-70.461814,-0.424505],[-70.453908,-0.436981],[-70.449984,-0.44917],[-70.448961,-0.45741],[-70.450805,-0.463122],[-70.460385,-0.470631],[-70.464648,-0.478013],[-70.464306,-0.487799],[-70.457203,-0.49484],[-70.451479,-0.493695],[-70.439068,-0.478183],[-70.413147,-0.465476],[-70.407179,-0.463244],[-70.398311,-0.462384],[-70.392854,-0.463757],[-70.386714,-0.470109],[-70.385861,-0.475774],[-70.380402,-0.495345],[-70.377722,-0.49753],[-70.362837,-0.496201],[-70.350046,-0.498775],[-70.334528,-0.49843],[-70.324979,-0.491733],[-70.320717,-0.483664],[-70.320377,-0.473192],[-70.326687,-0.466326],[-70.338112,-0.47182],[-70.343569,-0.473023],[-70.352088,-0.47177],[-70.363351,-0.466158],[-70.366831,-0.460921],[-70.364334,-0.452063],[-70.35929,-0.449731],[-70.348651,-0.448513],[-70.333569,-0.437164],[-70.328871,-0.437455],[-70.322661,-0.441519],[-70.315774,-0.442122],[-70.307423,-0.439664],[-70.299785,-0.424753],[-70.296363,-0.415364],[-70.288909,-0.412281],[-70.278261,-0.412548],[-70.269342,-0.416969],[-70.25598,-0.431958],[-70.25137,-0.441757],[-70.242585,-0.444704],[-70.22861,-0.43626],[-70.223419,-0.434518],[-70.211572,-0.440144],[-70.200918,-0.458865],[-70.199989,-0.464262],[-70.20265,-0.472034],[-70.20864,-0.476591],[-70.227275,-0.468553],[-70.235129,-0.466142],[-70.241917,-0.466679],[-70.247906,-0.472576],[-70.25536,-0.487069],[-70.264637,-0.496392],[-70.279782,-0.502428],[-70.288423,-0.507092],[-70.293675,-0.511733],[-70.307538,-0.532514],[-70.319197,-0.546633],[-70.324606,-0.556444],[-70.327296,-0.568114],[-70.325968,-0.578437],[-70.318498,-0.585331],[-70.310579,-0.588662],[-70.302888,-0.58409],[-70.301026,-0.577512],[-70.303635,-0.563047],[-70.301889,-0.558729],[-70.294265,-0.55489],[-70.28125,-0.557222],[-70.275238,-0.567405],[-70.268814,-0.573294],[-70.264049,-0.582095],[-70.263733,-0.586468],[-70.258763,-0.601514],[-70.260509,-0.614678],[-70.255405,-0.627037],[-70.256882,-0.646382],[-70.260509,-0.651218],[-70.253524,-0.668144],[-70.253524,-0.676338],[-70.260241,-0.692996],[-70.262793,-0.702399],[-70.262927,-0.710459],[-70.259972,-0.718654],[-70.251778,-0.727251],[-70.248822,-0.736923],[-70.251106,-0.742162],[-70.259435,-0.746058],[-70.277704,-0.74364],[-70.283346,-0.745521],[-70.289526,-0.75076],[-70.292347,-0.75573],[-70.295168,-0.769835],[-70.296914,-0.787299],[-70.296242,-0.793344],[-70.28872,-0.809598],[-70.275152,-0.820882],[-70.262927,-0.826928],[-70.254196,-0.836062],[-70.237135,-0.86575],[-70.231224,-0.872601],[-70.224239,-0.87784],[-70.221284,-0.883214],[-70.221284,-0.88899],[-70.225314,-0.895035],[-70.237538,-0.900543],[-70.248419,-0.906857],[-70.253121,-0.915723],[-70.254061,-0.925664],[-70.258091,-0.933992],[-70.265614,-0.93856],[-70.271928,-0.938157],[-70.280525,-0.933186],[-70.290332,-0.932112],[-70.295168,-0.935201],[-70.305109,-0.951993],[-70.307258,-0.959516],[-70.305377,-0.971875],[-70.294765,-0.987592],[-70.279182,-1.004115],[-70.260106,-1.017011],[-70.25339,-1.018892],[-70.241165,-1.019295],[-70.233374,-1.014862],[-70.230015,-1.010026],[-70.227866,-0.997667],[-70.22397,-0.988264],[-70.218597,-0.983159],[-70.21188,-0.981144],[-70.199253,-0.983025],[-70.195088,-0.987726],[-70.195088,-0.9931],[-70.199387,-1.006399],[-70.205513,-1.014113],[-70.220083,-1.026112],[-70.225054,-1.03194],[-70.228482,-1.041882],[-70.227796,-1.046853],[-70.221797,-1.059195],[-70.217854,-1.063652],[-70.206027,-1.069308],[-70.197285,-1.071022],[-70.182372,-1.072051],[-70.177915,-1.073765],[-70.176201,-1.079079],[-70.178261,-1.09099],[-70.177228,-1.101455],[-70.172542,-1.109091],[-70.162615,-1.114681],[-70.150941,-1.115983],[-70.131487,-1.110755],[-70.121113,-1.101612],[-70.113987,-1.077458],[-70.082221,-1.044156],[-70.077823,-1.031962],[-70.080236,-1.020123],[-70.084206,-1.013278],[-70.09271,-1.009999],[-70.103622,-1.009289],[-70.112407,-1.013286],[-70.1219,-1.020564],[-70.128703,-1.019853],[-70.134089,-1.016431],[-70.139336,-1.005306],[-70.139904,-1.000456],[-70.13745,-0.990352],[-70.126339,-0.976282],[-70.107538,-0.957999],[-70.098574,-0.950909],[-70.082899,-0.945589],[-70.073171,-0.946239],[-70.059549,-0.95929],[-70.050531,-0.974789],[-70.043927,-0.978605],[-70.034163,-0.978461],[-70.028544,-0.976338],[-70.023102,-0.96877],[-70.023245,-0.963043],[-70.026165,-0.94519],[-70.02399,-0.938473],[-70.014157,-0.9355],[-70.007834,-0.937124],[-70.002986,-0.940658],[-70.000385,-0.949849],[-70.00702,-0.95922],[-70.00758,-0.965301],[-70.00519,-0.970532],[-70.000533,-0.974285],[-69.990157,-0.97624],[-69.975892,-0.972972],[-69.963572,-0.969051],[-69.955812,-0.964491],[-69.94788,-0.949815],[-69.93953,-0.946323],[-69.931178,-0.949493],[-69.913054,-0.959796],[-69.90344,-0.968991],[-69.902335,-0.973115],[-69.90517,-0.978508],[-69.909622,-0.978949],[-69.918858,-0.971434],[-69.934318,-0.982166],[-69.951017,-0.99153],[-69.955584,-0.999938],[-69.951799,-1.010721],[-69.942692,-1.022695],[-69.941503,-1.031054],[-69.943595,-1.038435],[-69.958718,-1.048631],[-69.97053,-1.065448],[-69.971788,-1.074489],[-69.97084,-1.079722],[-69.966583,-1.088286],[-69.957599,-1.094944],[-69.950822,-1.096844],[-69.939477,-1.095888],[-69.93097,-1.092713],[-69.914429,-1.081604],[-69.906467,-1.079995],[-69.891552,-1.081295],[-69.878583,-1.079332],[-69.870804,-1.074107],[-69.86562,-1.064967],[-69.860438,-1.048647],[-69.844883,-1.030365],[-69.834509,-1.02775],[-69.823939,-1.028012],[-69.817684,-1.031228],[-69.801807,-1.056311],[-69.797633,-1.064881],[-69.784938,-1.085167],[-69.776072,-1.092685],[-69.7646,-1.096178],[-69.752087,-1.097922],[-69.741835,-1.094769],[-69.737318,-1.091618],[-69.733672,-1.084095],[-69.736281,-1.078498],[-69.741843,-1.075877],[-69.751923,-1.076406],[-69.755225,-1.074833],[-69.764614,-1.063117],[-69.769662,-1.044578],[-69.77453,-1.039507],[-69.770708,-1.035832],[-69.756112,-1.032327],[-69.750901,-1.026903],[-69.746903,-1.02865],[-69.741686,-1.038094],[-69.737687,-1.041765],[-69.729,-1.037389],[-69.721626,-1.038937],[-69.712467,-1.043299],[-69.700144,-1.051778],[-69.693007,-1.061565],[-69.686517,-1.07331],[-69.67938,-1.08375],[-69.672244,-1.092231],[-69.658622,-1.10332],[-69.652133,-1.111801],[-69.648888,-1.118326],[-69.649531,-1.130727],[-69.65501,-1.132148],[-69.658784,-1.125341],[-69.660674,-1.117081],[-69.673207,-1.114631],[-69.679971,-1.11776],[-69.680657,-1.125521],[-69.678058,-1.136615],[-69.678697,-1.156848],[-69.681278,-1.181651],[-69.680621,-1.199272],[-69.675426,-1.214281],[-69.661486,-1.227198],[-69.65373,-1.227671],[-69.643326,-1.222469],[-69.637818,-1.211651],[-69.634583,-1.197943],[-69.636534,-1.187502],[-69.637755,-1.172795],[-69.635761,-1.168217],[-69.630773,-1.164643],[-69.622928,-1.164652],[-69.616445,-1.16269],[-69.609447,-1.158295],[-69.603153,-1.151863],[-69.593922,-1.146342],[-69.585978,-1.147664],[-69.581437,-1.150924],[-69.577543,-1.158101],[-69.576474,-1.16573],[-69.571962,-1.175381],[-69.569586,-1.184804],[-69.565268,-1.19225],[-69.561154,-1.194521],[-69.55702,-1.192491],[-69.551253,-1.19543],[-69.548201,-1.19056],[-69.533381,-1.194456],[-69.514508,-1.212977],[-69.508347,-1.217363],[-69.489761,-1.216577],[-69.481444,-1.213592],[-69.47471,-1.208803],[-69.469163,-1.202229],[-69.464906,-1.19016],[-69.46478,-1.176937],[-69.466672,-1.169638],[-69.471717,-1.161366],[-69.476368,-1.158175],[-69.488146,-1.15528],[-69.489332,-1.149699],[-69.483192,-1.144421],[-69.470719,-1.146321],[-69.461906,-1.140147],[-69.459428,-1.133473],[-69.460513,-1.124405],[-69.469308,-1.1061],[-69.470281,-1.10205],[-69.468934,-1.088632],[-69.462372,-1.077393],[-69.452605,-1.071405],[-69.443614,-1.06956],[-69.432867,-1.071399]]]},"properties":{"shapeName":"Vaupés"}},{"type":"Feature","geometry":{"type":"Polygon","coordinates":[[[-74.521109,6.275627],[-74.524651,6.270611],[-74.526236,6.261391],[-74.521099,6.251084],[-74.518422,6.239092],[-74.512394,6.230548],[-74.511397,6.223522],[-74.50787,6.216636],[-74.4947,6.209537],[-74.485857,6.202863],[-74.474888,6.202226],[-74.470734,6.19667],[-74.473271,6.184797],[-74.473347,6.171101],[-74.477474,6.16132],[-74.474665,6.154988],[-74.46877,6.152531],[-74.455172,6.13876],[-74.45363,6.133787],[-74.453974,6.119678],[-74.450729,6.110027],[-74.449854,6.099615],[-74.445578,6.094396],[-74.428179,6.087696],[-74.410749,6.087346],[-74.405635,6.08482],[-74.401644,6.079571],[-74.399522,6.066046],[-74.39644,6.060456],[-74.389401,6.055246],[-74.378467,6.040244],[-74.36787,6.044568],[-74.361092,6.039644],[-74.356231,6.038417],[-74.347166,6.040618],[-74.344357,6.045105],[-74.342937,6.052522],[-74.338932,6.061456],[-74.325724,6.066899],[-74.315196,6.069262],[-74.304121,6.07567],[-74.29658,6.082178],[-74.278083,6.078661],[-74.27488,6.073301],[-74.264529,6.068816],[-74.260112,6.065505],[-74.259208,6.060083],[-74.263112,6.052448],[-74.26157,6.049378],[-74.264288,6.036436],[-74.259418,6.021686],[-74.258398,6.010725],[-74.254312,6.00283],[-74.250251,5.999643],[-74.235675,5.983298],[-74.225024,5.973667],[-74.223493,5.964238],[-74.237067,5.948735],[-74.238703,5.942934],[-74.235052,5.933579],[-74.227637,5.929788],[-74.225218,5.925226],[-74.228979,5.910889],[-74.232202,5.90505],[-74.238952,5.898805],[-74.249999,5.894404],[-74.255304,5.886366],[-74.270629,5.874689],[-74.278104,5.865145],[-74.277865,5.853464],[-74.274341,5.848944],[-74.274565,5.842759],[-74.269671,5.84002],[-74.265213,5.830702],[-74.260935,5.82699],[-74.258441,5.831608],[-74.251734,5.8345],[-74.241945,5.833618],[-74.232488,5.835335],[-74.227557,5.838258],[-74.223063,5.846711],[-74.215816,5.851447],[-74.201625,5.852873],[-74.196178,5.856233],[-74.194968,5.864245],[-74.198991,5.872442],[-74.198569,5.875541],[-74.190841,5.883709],[-74.187696,5.895336],[-74.184057,5.902947],[-74.183472,5.909276],[-74.180149,5.911259],[-74.171372,5.901887],[-74.15957,5.893609],[-74.145941,5.887196],[-74.135099,5.876944],[-74.12497,5.875018],[-74.106167,5.87675],[-74.103404,5.875415],[-74.093853,5.858622],[-74.089001,5.843843],[-74.085081,5.841511],[-74.080402,5.833455],[-74.079868,5.820057],[-74.066551,5.815923],[-74.057053,5.820269],[-74.032792,5.810628],[-74.025519,5.806909],[-74.024602,5.788215],[-74.019458,5.782005],[-74.017677,5.776472],[-74.011583,5.775118],[-74.012531,5.762273],[-74.006814,5.762487],[-74.003202,5.759642],[-73.998059,5.74572],[-73.997943,5.741009],[-73.992928,5.73418],[-73.992319,5.729736],[-73.981962,5.720641],[-73.973163,5.730829],[-73.964931,5.737508],[-73.95776,5.739401],[-73.948356,5.737072],[-73.942484,5.737206],[-73.923695,5.741884],[-73.916674,5.736438],[-73.908871,5.735977],[-73.905305,5.738175],[-73.896521,5.73551],[-73.889698,5.738912],[-73.876231,5.732488],[-73.878343,5.723898],[-73.884138,5.71865],[-73.886529,5.708253],[-73.872302,5.707211],[-73.860499,5.71216],[-73.856354,5.719018],[-73.85673,5.723672],[-73.845068,5.733808],[-73.842972,5.738357],[-73.826383,5.739733],[-73.818884,5.734405],[-73.818012,5.724212],[-73.8198,5.716718],[-73.811143,5.715285],[-73.801251,5.726414],[-73.794847,5.728802],[-73.791476,5.737542],[-73.781579,5.747905],[-73.778307,5.75299],[-73.766463,5.7623],[-73.759667,5.768934],[-73.749324,5.772284],[-73.744904,5.77089],[-73.740308,5.774278],[-73.731263,5.770044],[-73.72011,5.773042],[-73.715415,5.781066],[-73.7106,5.772655],[-73.70324,5.765661],[-73.70266,5.761123],[-73.697855,5.756045],[-73.685858,5.753363],[-73.67385,5.748317],[-73.669761,5.736767],[-73.664906,5.727322],[-73.656601,5.717196],[-73.655044,5.712003],[-73.647965,5.712035],[-73.644204,5.715243],[-73.639175,5.725193],[-73.63604,5.736552],[-73.630872,5.742012],[-73.629775,5.758641],[-73.626291,5.766218],[-73.626148,5.778293],[-73.629723,5.791195],[-73.625885,5.799131],[-73.622796,5.815463],[-73.61991,5.824186],[-73.60874,5.845663],[-73.599912,5.869397],[-73.614437,5.890195],[-73.626112,5.892953],[-73.631631,5.897916],[-73.629663,5.908642],[-73.63016,5.914275],[-73.620316,5.923972],[-73.611045,5.926298],[-73.604652,5.934347],[-73.59083,5.965337],[-73.591449,5.979559],[-73.585729,6.004401],[-73.579924,6.011872],[-73.565391,6.017804],[-73.557646,6.02923],[-73.542269,6.034613],[-73.530982,6.051079],[-73.524872,6.062003],[-73.526769,6.068255],[-73.525843,6.076485],[-73.515436,6.086767],[-73.513349,6.099553],[-73.503202,6.105545],[-73.496803,6.107879],[-73.486603,6.100656],[-73.474765,6.09521],[-73.466363,6.093011],[-73.454963,6.080951],[-73.444883,6.076673],[-73.431166,6.069277],[-73.425452,6.069558],[-73.418234,6.073423],[-73.417814,6.06881],[-73.413885,6.062993],[-73.404651,6.057055],[-73.404435,6.050918],[-73.397589,6.044107],[-73.390083,6.033101],[-73.386538,6.024119],[-73.371443,6.004378],[-73.371024,5.997111],[-73.373553,5.988695],[-73.37501,5.976899],[-73.374118,5.968756],[-73.378562,5.961667],[-73.382532,5.951458],[-73.387806,5.943515],[-73.387736,5.930379],[-73.393578,5.928107],[-73.397804,5.919899],[-73.39604,5.915824],[-73.402348,5.901258],[-73.406731,5.898758],[-73.406278,5.891523],[-73.41521,5.890048],[-73.423153,5.891384],[-73.43069,5.888996],[-73.437254,5.88887],[-73.441653,5.8863],[-73.436945,5.861986],[-73.434781,5.859934],[-73.432877,5.849933],[-73.441786,5.84813],[-73.44856,5.851143],[-73.454046,5.851022],[-73.462847,5.846709],[-73.462722,5.83688],[-73.470629,5.823851],[-73.470704,5.816092],[-73.46058,5.813765],[-73.451408,5.807661],[-73.449343,5.802605],[-73.434456,5.7934],[-73.432073,5.789423],[-73.434185,5.779931],[-73.431664,5.768627],[-73.416922,5.768041],[-73.410335,5.762249],[-73.396223,5.757889],[-73.390601,5.75123],[-73.38695,5.752969],[-73.377851,5.764321],[-73.377884,5.772511],[-73.373816,5.7777],[-73.373842,5.784166],[-73.3659,5.789263],[-73.364411,5.79358],[-73.359052,5.798774],[-73.357683,5.806107],[-73.35783,5.815913],[-73.351401,5.822729],[-73.353482,5.831665],[-73.348973,5.834485],[-73.346742,5.842567],[-73.349734,5.850627],[-73.359119,5.862663],[-73.359027,5.868513],[-73.369291,5.871647],[-73.353798,5.873568],[-73.347862,5.870001],[-73.341496,5.861493],[-73.333452,5.856591],[-73.329518,5.851208],[-73.318493,5.852122],[-73.31204,5.855254],[-73.303969,5.852435],[-73.297425,5.852524],[-73.293087,5.849095],[-73.288869,5.84984],[-73.282756,5.854693],[-73.278888,5.855007],[-73.270629,5.846253],[-73.2657,5.843011],[-73.263817,5.832801],[-73.258222,5.832331],[-73.256291,5.82563],[-73.252272,5.819121],[-73.246912,5.815634],[-73.235557,5.81937],[-73.229614,5.824255],[-73.215541,5.824309],[-73.211495,5.827155],[-73.206944,5.826188],[-73.200272,5.833537],[-73.195725,5.833677],[-73.19066,5.843175],[-73.186432,5.846699],[-73.188259,5.85851],[-73.194924,5.86587],[-73.195495,5.870546],[-73.205109,5.877218],[-73.209758,5.887602],[-73.213701,5.890049],[-73.221078,5.89039],[-73.231119,5.896075],[-73.240532,5.898438],[-73.24099,5.905761],[-73.234224,5.920312],[-73.231758,5.931101],[-73.227237,5.938566],[-73.21953,5.947241],[-73.221053,5.95613],[-73.216134,5.962111],[-73.220459,5.971753],[-73.217464,5.982615],[-73.205945,5.991364],[-73.202112,6.001157],[-73.1973,6.004097],[-73.189481,5.999477],[-73.176247,5.995942],[-73.156585,5.982443],[-73.15202,5.987555],[-73.148042,6.004424],[-73.148505,6.019176],[-73.140048,6.010201],[-73.140859,6.002161],[-73.139106,5.998633],[-73.132127,5.995921],[-73.124236,5.995203],[-73.118306,5.996932],[-73.10422,5.998633],[-73.102988,5.994823],[-73.093828,5.990464],[-73.083603,5.997835],[-73.067575,6.007474],[-73.063729,6.014099],[-73.05513,6.014269],[-73.046936,6.018172],[-73.039036,6.024031],[-73.031485,6.0249],[-73.031234,6.021396],[-73.02418,6.015517],[-73.016046,6.000134],[-73.01649,5.987471],[-73.009175,5.965978],[-73.003731,5.972198],[-72.996368,5.985615],[-72.989514,5.991196],[-72.983888,6.010771],[-72.972377,6.017306],[-72.969512,6.022367],[-72.962322,6.027804],[-72.960659,6.042551],[-72.954521,6.047799],[-72.953539,6.05693],[-72.954422,6.064182],[-72.952331,6.068246],[-72.946964,6.071151],[-72.944566,6.076465],[-72.936385,6.077039],[-72.931972,6.085558],[-72.92395,6.087224],[-72.924216,6.096897],[-72.919108,6.100448],[-72.916206,6.107572],[-72.908027,6.106623],[-72.899738,6.114277],[-72.898001,6.122745],[-72.887832,6.124082],[-72.874825,6.124126],[-72.871212,6.12716],[-72.869798,6.135069],[-72.871584,6.141294],[-72.86891,6.144654],[-72.858292,6.141963],[-72.852992,6.144708],[-72.847676,6.142233],[-72.831155,6.147131],[-72.8271,6.156929],[-72.824934,6.169867],[-72.820858,6.173454],[-72.819381,6.181499],[-72.810733,6.194693],[-72.810047,6.200667],[-72.804065,6.210467],[-72.804505,6.215638],[-72.793561,6.216755],[-72.784061,6.214106],[-72.77888,6.210173],[-72.77498,6.210279],[-72.767257,6.219431],[-72.75579,6.21895],[-72.750035,6.226633],[-72.744639,6.229001],[-72.744137,6.233705],[-72.748148,6.239147],[-72.749367,6.25316],[-72.744312,6.259336],[-72.745865,6.274769],[-72.754245,6.279585],[-72.755575,6.284001],[-72.754812,6.29543],[-72.760195,6.303034],[-72.757581,6.309521],[-72.758509,6.317201],[-72.754225,6.319324],[-72.7489,6.325744],[-72.750969,6.336886],[-72.747615,6.347519],[-72.739654,6.353736],[-72.731459,6.357378],[-72.731417,6.367849],[-72.726528,6.369522],[-72.729283,6.383298],[-72.732905,6.385923],[-72.731806,6.395117],[-72.734757,6.406803],[-72.735438,6.431774],[-72.734122,6.435951],[-72.737845,6.442398],[-72.733395,6.445486],[-72.725132,6.455474],[-72.727221,6.461512],[-72.732714,6.466189],[-72.737209,6.475542],[-72.738072,6.483215],[-72.736301,6.491478],[-72.748877,6.494928],[-72.756142,6.493884],[-72.766993,6.50024],[-72.772713,6.508594],[-72.774666,6.522079],[-72.778207,6.527618],[-72.786062,6.531704],[-72.793099,6.530251],[-72.799955,6.532703],[-72.808951,6.542998],[-72.80531,6.548502],[-72.808715,6.558472],[-72.804109,6.560606],[-72.794819,6.569178],[-72.791222,6.568774],[-72.780704,6.580351],[-72.776437,6.579214],[-72.762248,6.582794],[-72.749407,6.569484],[-72.74399,6.56953],[-72.742357,6.559253],[-72.732573,6.55285],[-72.726585,6.551608],[-72.719241,6.553331],[-72.710426,6.542107],[-72.704812,6.539801],[-72.701559,6.529588],[-72.696151,6.525537],[-72.693796,6.514563],[-72.685418,6.506796],[-72.686701,6.50461],[-72.679886,6.488645],[-72.680199,6.485054],[-72.674789,6.474506],[-72.670776,6.463167],[-72.666181,6.457593],[-72.663639,6.448133],[-72.649783,6.437042],[-72.645519,6.436092],[-72.631283,6.438015],[-72.606513,6.448113],[-72.602278,6.451611],[-72.601203,6.45866],[-72.592788,6.463223],[-72.583399,6.47584],[-72.573857,6.478392],[-72.56845,6.483129],[-72.557297,6.487343],[-72.551353,6.486855],[-72.53972,6.488294],[-72.535218,6.494092],[-72.532703,6.506059],[-72.545409,6.515225],[-72.548664,6.51985],[-72.543468,6.533813],[-72.538585,6.538125],[-72.538042,6.54809],[-72.541069,6.558169],[-72.545752,6.567306],[-72.543782,6.574587],[-72.543468,6.58341],[-72.536329,6.589607],[-72.528677,6.592519],[-72.521453,6.602399],[-72.520054,6.616732],[-72.516684,6.622814],[-72.51066,6.629324],[-72.504778,6.632123],[-72.491614,6.645514],[-72.489616,6.652681],[-72.485847,6.65902],[-72.486275,6.673954],[-72.489758,6.681777],[-72.485561,6.693513],[-72.485504,6.702707],[-72.488645,6.713957],[-72.495412,6.722923],[-72.497753,6.730661],[-72.489359,6.742197],[-72.492973,6.762615],[-72.497023,6.76561],[-72.495897,6.774653],[-72.496147,6.78732],[-72.498204,6.798811],[-72.482585,6.811206],[-72.484088,6.815353],[-72.480201,6.833781],[-72.476466,6.842171],[-72.482523,6.845697],[-72.487475,6.85298],[-72.492218,6.867163],[-72.49925,6.869026],[-72.501661,6.872958],[-72.501005,6.882894],[-72.496554,6.88462],[-72.497282,6.898662],[-72.500827,6.908722],[-72.506697,6.905978],[-72.507303,6.887714],[-72.51316,6.886574],[-72.516388,6.88158],[-72.529986,6.883533],[-72.537111,6.889119],[-72.544219,6.889346],[-72.548528,6.896821],[-72.547069,6.902731],[-72.551247,6.911707],[-72.551867,6.923087],[-72.54263,6.934716],[-72.542068,6.942014],[-72.543418,6.953392],[-72.54921,6.960816],[-72.55296,6.969268],[-72.553574,6.978897],[-72.552432,6.987292],[-72.562252,6.998278],[-72.562697,7.000535],[-72.57294,7.001643],[-72.584681,6.997146],[-72.5891,6.998817],[-72.593944,6.992039],[-72.600435,6.98974],[-72.611612,6.994233],[-72.618024,6.988324],[-72.625054,6.987478],[-72.637558,6.989479],[-72.648835,6.996881],[-72.653249,6.996097],[-72.657371,6.991352],[-72.657016,6.985075],[-72.665008,6.976192],[-72.666705,6.972319],[-72.672918,6.983499],[-72.674642,6.990923],[-72.679228,6.997464],[-72.676981,7.008202],[-72.681897,7.006885],[-72.68506,7.009621],[-72.69304,7.0074],[-72.69858,6.9998],[-72.7032,7.004729],[-72.709786,7.006261],[-72.722237,7.005087],[-72.72461,6.995675],[-72.727426,6.991776],[-72.73413,6.98786],[-72.741938,6.997948],[-72.742785,7.009607],[-72.74615,7.0179],[-72.75194,7.025881],[-72.750948,7.035357],[-72.756134,7.04015],[-72.757042,7.048209],[-72.749624,7.059917],[-72.757664,7.059467],[-72.761718,7.061137],[-72.774779,7.059152],[-72.780402,7.052318],[-72.785989,7.048641],[-72.793588,7.0532],[-72.794664,7.064027],[-72.800022,7.072132],[-72.810311,7.074885],[-72.818358,7.071855],[-72.822055,7.075515],[-72.81937,7.090768],[-72.826551,7.094472],[-72.831976,7.094625],[-72.838196,7.098706],[-72.834884,7.107418],[-72.836383,7.117243],[-72.842821,7.121641],[-72.850559,7.130957],[-72.850779,7.135685],[-72.855814,7.1396],[-72.855356,7.149522],[-72.85821,7.15435],[-72.84487,7.165819],[-72.841314,7.172991],[-72.842629,7.185578],[-72.841538,7.192909],[-72.836618,7.198158],[-72.832394,7.199485],[-72.831541,7.207522],[-72.84171,7.206409],[-72.858435,7.222161],[-72.857703,7.22721],[-72.865296,7.233629],[-72.866618,7.239742],[-72.864843,7.246464],[-72.868718,7.252358],[-72.868698,7.257694],[-72.876624,7.266204],[-72.870478,7.27315],[-72.871141,7.276608],[-72.86337,7.283453],[-72.855685,7.284781],[-72.846951,7.294873],[-72.840354,7.297603],[-72.83442,7.303466],[-72.837573,7.30659],[-72.842268,7.315981],[-72.840111,7.318477],[-72.839618,7.3307],[-72.840559,7.349623],[-72.83733,7.355044],[-72.841041,7.361951],[-72.855451,7.362326],[-72.851919,7.373264],[-72.864701,7.386259],[-72.874202,7.391776],[-72.877382,7.401173],[-72.877295,7.406256],[-72.88448,7.414879],[-72.891543,7.419825],[-72.893088,7.42674],[-72.899725,7.433418],[-72.901182,7.445309],[-72.894244,7.470752],[-72.894044,7.474754],[-72.898079,7.480794],[-72.902398,7.477099],[-72.912255,7.489374],[-72.921157,7.491455],[-72.928109,7.495334],[-72.931326,7.503545],[-72.936147,7.505154],[-72.939442,7.51255],[-72.962237,7.519374],[-72.97654,7.528121],[-72.977554,7.539552],[-72.984658,7.549257],[-72.984124,7.556764],[-72.986627,7.562521],[-72.989558,7.590507],[-72.989016,7.597105],[-72.984973,7.605592],[-72.980023,7.612046],[-72.982753,7.620422],[-72.987804,7.618201],[-72.998178,7.617849],[-73.012902,7.622706],[-73.023534,7.620728],[-73.033994,7.623576],[-73.039013,7.621333],[-73.041107,7.613796],[-73.047849,7.607225],[-73.059451,7.606378],[-73.060816,7.608688],[-73.069426,7.609131],[-73.077271,7.611411],[-73.084611,7.608964],[-73.089451,7.609811],[-73.098589,7.619612],[-73.10072,7.620181],[-73.108235,7.613969],[-73.115094,7.6122],[-73.12271,7.606856],[-73.131319,7.614053],[-73.138811,7.616527],[-73.145196,7.61669],[-73.158853,7.620677],[-73.165455,7.625953],[-73.174425,7.620795],[-73.18119,7.619604],[-73.203774,7.629337],[-73.212563,7.626881],[-73.217234,7.632648],[-73.22149,7.632627],[-73.227756,7.628543],[-73.238855,7.614653],[-73.245886,7.598731],[-73.251658,7.592623],[-73.256579,7.590282],[-73.259162,7.584769],[-73.25826,7.578501],[-73.250789,7.568951],[-73.248672,7.563487],[-73.252845,7.535573],[-73.255933,7.530755],[-73.260583,7.529419],[-73.266256,7.5346],[-73.26878,7.539559],[-73.277488,7.543013],[-73.280823,7.548379],[-73.288015,7.549807],[-73.296734,7.547194],[-73.310923,7.545803],[-73.32014,7.547943],[-73.33281,7.546145],[-73.344362,7.545962],[-73.349837,7.544151],[-73.362009,7.546384],[-73.36435,7.553994],[-73.368728,7.55967],[-73.36733,7.565054],[-73.373177,7.567418],[-73.384811,7.579816],[-73.397147,7.577173],[-73.397392,7.567924],[-73.406121,7.565633],[-73.41337,7.565768],[-73.422812,7.571571],[-73.428371,7.568782],[-73.44067,7.5739],[-73.453707,7.573606],[-73.46476,7.574871],[-73.473722,7.580191],[-73.476114,7.585294],[-73.483256,7.588394],[-73.48486,7.593264],[-73.492118,7.593572],[-73.491302,7.601714],[-73.497603,7.608429],[-73.499861,7.614979],[-73.5168,7.637111],[-73.518281,7.654923],[-73.525382,7.665794],[-73.529732,7.667099],[-73.542998,7.664664],[-73.548418,7.666471],[-73.554967,7.671665],[-73.554516,7.677763],[-73.547515,7.681377],[-73.547289,7.68883],[-73.556536,7.705641],[-73.56626,7.713221],[-73.575067,7.726094],[-73.592909,7.726546],[-73.608492,7.729481],[-73.613428,7.732158],[-73.619785,7.738515],[-73.627756,7.741151],[-73.633678,7.747945],[-73.637429,7.749484],[-73.747501,7.750449],[-73.752925,7.750641],[-73.76179,7.763527],[-73.761552,7.770903],[-73.756794,7.773997],[-73.749179,7.774473],[-73.740137,7.777804],[-73.737282,7.783039],[-73.742394,7.79667],[-73.745576,7.797611],[-73.752122,7.808301],[-73.751227,7.824517],[-73.746685,7.829919],[-73.735866,7.83403],[-73.725757,7.834134],[-73.722942,7.841524],[-73.723386,7.848581],[-73.710123,7.857418],[-73.710231,7.863243],[-73.701804,7.865588],[-73.695058,7.872526],[-73.689093,7.88417],[-73.684822,7.886966],[-73.675946,7.888414],[-73.671898,7.892106],[-73.674353,7.909022],[-73.676995,7.91151],[-73.677239,7.919997],[-73.672325,7.927205],[-73.675797,7.933076],[-73.676756,7.943333],[-73.684042,7.940655],[-73.684934,7.948411],[-73.687551,7.951267],[-73.695879,7.951267],[-73.706765,7.967891],[-73.711628,7.96928],[-73.720661,7.967891],[-73.723787,7.972407],[-73.723093,7.978313],[-73.718229,7.985261],[-73.716892,7.997085],[-73.718246,8.004804],[-73.722741,8.012953],[-73.736046,8.023691],[-73.739075,8.030161],[-73.740526,8.042147],[-73.740241,8.051147],[-73.74618,8.061221],[-73.754901,8.066066],[-73.759262,8.079391],[-73.764834,8.088112],[-73.765319,8.096592],[-73.762846,8.10537],[-73.769771,8.112282],[-73.775488,8.121461],[-73.775039,8.143419],[-73.782145,8.135892],[-73.796011,8.13429],[-73.805488,8.130612],[-73.809882,8.12647],[-73.817517,8.110817],[-73.829307,8.103225],[-73.842483,8.093101],[-73.850114,8.083664],[-73.856825,8.063634],[-73.865844,8.048901],[-73.867465,8.040843],[-73.867703,8.028178],[-73.862866,8.000082],[-73.865645,7.986497],[-73.861955,7.974291],[-73.854568,7.965536],[-73.842793,7.955628],[-73.837254,7.947796],[-73.831262,7.925686],[-73.831036,7.918087],[-73.8352,7.905654],[-73.835205,7.898055],[-73.831977,7.887921],[-73.824825,7.875943],[-73.821828,7.867881],[-73.821605,7.854525],[-73.819762,7.847616],[-73.816778,7.8186],[-73.811242,7.809385],[-73.80422,7.784998],[-73.80073,7.780046],[-73.799083,7.769228],[-73.803132,7.761531],[-73.818947,7.744628],[-73.827105,7.739101],[-73.831839,7.733084],[-73.830865,7.724786],[-73.817006,7.716968],[-73.811792,7.708668],[-73.81131,7.698092],[-73.815718,7.690448],[-73.807086,7.667703],[-73.801568,7.660288],[-73.798704,7.651696],[-73.801766,7.644962],[-73.815614,7.646871],[-73.81937,7.63841],[-73.811993,7.624215],[-73.810958,7.617824],[-73.816907,7.607293],[-73.825449,7.60298],[-73.831342,7.589973],[-73.832099,7.576674],[-73.842608,7.56223],[-73.846367,7.545019],[-73.850871,7.53581],[-73.857046,7.531265],[-73.870719,7.53133],[-73.875394,7.526554],[-73.878859,7.517286],[-73.880017,7.508882],[-73.883653,7.504105],[-73.893748,7.503534],[-73.906093,7.501236],[-73.911056,7.497035],[-73.915617,7.487423],[-73.914986,7.476542],[-73.909861,7.467891],[-73.904348,7.451097],[-73.89765,7.437057],[-73.894637,7.413836],[-73.902902,7.393328],[-73.906575,7.381706],[-73.908965,7.369052],[-73.911594,7.341381],[-73.910089,7.332596],[-73.913613,7.3203],[-73.913405,7.2978],[-73.916891,7.287105],[-73.921581,7.281824],[-73.924411,7.271088],[-73.924532,7.256189],[-73.922054,7.243135],[-73.92446,7.213252],[-73.92632,7.20724],[-73.938188,7.183479],[-73.938761,7.174001],[-73.9303,7.159357],[-73.926972,7.151654],[-73.92531,7.141022],[-73.925278,7.128584],[-73.923436,7.11712],[-73.916648,7.102604],[-73.903918,7.088274],[-73.897764,7.084008],[-73.891263,7.076492],[-73.886432,7.063638],[-73.886335,7.047557],[-73.882156,7.029202],[-73.879652,7.024622],[-73.879592,7.014549],[-73.883772,7.003744],[-73.898478,6.99152],[-73.905572,6.981558],[-73.919126,6.970873],[-73.927909,6.960924],[-73.936884,6.956334],[-73.948906,6.952845],[-73.963,6.9441],[-73.984661,6.929301],[-74.004799,6.913296],[-74.016221,6.900812],[-74.023151,6.891072],[-74.047404,6.867243],[-74.067288,6.8521],[-74.074445,6.83739],[-74.080107,6.820247],[-74.088345,6.810947],[-74.097062,6.795913],[-74.106781,6.786896],[-74.11971,6.778062],[-74.131724,6.76446],[-74.140739,6.757805],[-74.170238,6.728686],[-74.177658,6.724357],[-74.200903,6.718278],[-74.220332,6.716895],[-74.229527,6.711664],[-74.235362,6.705755],[-74.247704,6.689738],[-74.25657,6.676959],[-74.263947,6.670105],[-74.278013,6.663177],[-74.283323,6.662723],[-74.308447,6.656408],[-74.319827,6.643473],[-74.328412,6.630836],[-74.33316,6.630106],[-74.337796,6.63357],[-74.345773,6.634915],[-74.358487,6.633713],[-74.364195,6.630181],[-74.381102,6.607983],[-74.387625,6.600951],[-74.400276,6.590663],[-74.403457,6.58547],[-74.406247,6.563786],[-74.412406,6.544037],[-74.4098,6.530412],[-74.400803,6.522504],[-74.394258,6.504796],[-74.394733,6.492073],[-74.400116,6.481834],[-74.404699,6.477471],[-74.404793,6.469376],[-74.398985,6.458512],[-74.388844,6.446138],[-74.382347,6.435557],[-74.370423,6.429742],[-74.36618,6.419941],[-74.367939,6.408724],[-74.376233,6.404038],[-74.383952,6.397395],[-74.39769,6.392765],[-74.408083,6.391965],[-74.414977,6.393678],[-74.422005,6.39334],[-74.431915,6.385803],[-74.439573,6.36993],[-74.443996,6.356837],[-74.444766,6.349733],[-74.448725,6.336173],[-74.453282,6.332009],[-74.459175,6.321748],[-74.466,6.313059],[-74.473849,6.307544],[-74.482373,6.304044],[-74.486952,6.296293],[-74.496737,6.285896],[-74.502413,6.282652],[-74.510836,6.283839],[-74.509274,6.279043],[-74.521109,6.275627]]]},"properties":{"shapeName":"Santander"}},{"type":"Feature","geometry":{"type":"Polygon","coordinates":[[[-75.867404,5.488172],[-75.871266,5.492549],[-75.884193,5.483899],[-75.890425,5.484387],[-75.901362,5.482362],[-75.91492,5.488586],[-75.923619,5.494981],[-75.932074,5.508704],[-75.936176,5.510002],[-75.95362,5.50918],[-75.959862,5.505409],[-75.962857,5.511541],[-75.969468,5.51254],[-75.982859,5.518873],[-75.988042,5.528498],[-75.99122,5.53736],[-75.998553,5.541092],[-76.001536,5.548841],[-76.002499,5.5602],[-76.008254,5.563683],[-76.009131,5.568041],[-76.011976,5.564677],[-76.019126,5.563879],[-76.036847,5.565056],[-76.041042,5.563727],[-76.050396,5.555151],[-76.057833,5.552299],[-76.0666,5.551933],[-76.074804,5.5466],[-76.07844,5.537441],[-76.078654,5.523311],[-76.077145,5.514143],[-76.077166,5.501731],[-76.078321,5.494668],[-76.079691,5.473284],[-76.083908,5.458206],[-76.086022,5.447134],[-76.090026,5.445231],[-76.097257,5.451163],[-76.104117,5.450983],[-76.108702,5.443543],[-76.113105,5.431138],[-76.121314,5.42084],[-76.131601,5.422193],[-76.140185,5.416096],[-76.153525,5.414398],[-76.16953,5.414231],[-76.183538,5.411152],[-76.188736,5.405882],[-76.190105,5.399247],[-76.1958,5.392649],[-76.19697,5.379332],[-76.199525,5.376035],[-76.198283,5.370106],[-76.202479,5.368529],[-76.201219,5.36266],[-76.204615,5.357426],[-76.202742,5.352559],[-76.206551,5.349059],[-76.201156,5.336683],[-76.202796,5.331038],[-76.198621,5.330132],[-76.1977,5.317646],[-76.192858,5.312257],[-76.191404,5.305176],[-76.181748,5.292947],[-76.170818,5.285492],[-76.164435,5.253254],[-76.157562,5.242194],[-76.143801,5.231124],[-76.140601,5.220991],[-76.1365,5.199346],[-76.129181,5.179998],[-76.116339,5.169389],[-76.098776,5.158833],[-76.084649,5.145091],[-76.078625,5.141129],[-76.067035,5.137623],[-76.061017,5.130172],[-76.063821,5.11669],[-76.068711,5.103908],[-76.070116,5.095539],[-76.069679,5.078331],[-76.074097,5.070199],[-76.074113,5.059736],[-76.079926,5.049513],[-76.085725,5.048359],[-76.093618,5.04279],[-76.096314,5.034533],[-76.091896,5.036871],[-76.077821,5.0357],[-76.066702,5.021095],[-76.066131,5.016541],[-76.056823,5.013141],[-76.048968,5.006387],[-76.049309,5.000403],[-76.045026,4.993663],[-76.046424,4.986988],[-76.043338,4.984071],[-76.038979,4.972548],[-76.034545,4.965836],[-76.031161,4.949404],[-76.027062,4.937882],[-76.013352,4.930361],[-76.011919,4.926221],[-76.001933,4.920946],[-75.991522,4.911856],[-75.988184,4.911572],[-75.987364,4.902921],[-75.990458,4.881442],[-75.988802,4.873348],[-75.971023,4.85909],[-75.955621,4.864022],[-75.944881,4.856535],[-75.928181,4.863203],[-75.914824,4.874544],[-75.912273,4.861116],[-75.900833,4.854256],[-75.901743,4.849224],[-75.906637,4.846135],[-75.902536,4.836835],[-75.91066,4.826394],[-75.910418,4.817359],[-75.915572,4.813108],[-75.920712,4.816989],[-75.930244,4.810681],[-75.931803,4.801322],[-75.924111,4.802195],[-75.917713,4.794226],[-75.921179,4.788495],[-75.927348,4.788382],[-75.928871,4.784131],[-75.927386,4.774113],[-75.919884,4.767851],[-75.924492,4.762652],[-75.922093,4.759541],[-75.911125,4.753127],[-75.905147,4.75252],[-75.89801,4.75868],[-75.888565,4.754974],[-75.881324,4.760185],[-75.878357,4.76871],[-75.869822,4.77508],[-75.863245,4.77423],[-75.857052,4.778259],[-75.850669,4.778781],[-75.847981,4.776319],[-75.845354,4.766075],[-75.846784,4.756363],[-75.846493,4.748094],[-75.849077,4.73777],[-75.855539,4.731303],[-75.846852,4.731259],[-75.844251,4.727569],[-75.831427,4.737175],[-75.821292,4.733716],[-75.81172,4.727594],[-75.802521,4.728254],[-75.80036,4.721286],[-75.791843,4.716816],[-75.780879,4.71929],[-75.777082,4.721896],[-75.77088,4.714658],[-75.766793,4.715226],[-75.758195,4.71067],[-75.741803,4.711648],[-75.732298,4.707892],[-75.714271,4.712975],[-75.711808,4.716711],[-75.700979,4.721165],[-75.691926,4.718048],[-75.687986,4.714102],[-75.683132,4.713718],[-75.676013,4.708301],[-75.669909,4.7067],[-75.668579,4.703284],[-75.659921,4.699569],[-75.65664,4.700321],[-75.653121,4.706297],[-75.647155,4.709151],[-75.635553,4.704574],[-75.621634,4.701152],[-75.61465,4.701133],[-75.610339,4.70623],[-75.601871,4.706928],[-75.592652,4.702982],[-75.58689,4.70543],[-75.585578,4.700244],[-75.561948,4.699697],[-75.552073,4.702531],[-75.532924,4.694574],[-75.520843,4.69442],[-75.509287,4.686298],[-75.501649,4.67919],[-75.49908,4.673203],[-75.490066,4.666796],[-75.478894,4.664788],[-75.472165,4.674181],[-75.465758,4.679993],[-75.456675,4.680974],[-75.449995,4.679977],[-75.441037,4.682572],[-75.438586,4.695563],[-75.432155,4.697566],[-75.426842,4.694251],[-75.412714,4.698265],[-75.409059,4.702675],[-75.408293,4.709144],[-75.403353,4.71033],[-75.394646,4.716503],[-75.388459,4.716179],[-75.386653,4.721723],[-75.378031,4.72958],[-75.383801,4.736034],[-75.388023,4.750772],[-75.380123,4.764453],[-75.380742,4.774467],[-75.377307,4.787744],[-75.377933,4.795909],[-75.375262,4.803855],[-75.382278,4.804532],[-75.389686,4.802514],[-75.399586,4.807249],[-75.405941,4.804804],[-75.417848,4.812935],[-75.427489,4.817669],[-75.430291,4.825587],[-75.42985,4.833464],[-75.438718,4.840098],[-75.440253,4.844619],[-75.439352,4.854835],[-75.449805,4.865426],[-75.454937,4.874719],[-75.455348,4.882105],[-75.459845,4.886715],[-75.473621,4.888199],[-75.475161,4.902118],[-75.482554,4.906187],[-75.483785,4.909812],[-75.480934,4.916977],[-75.486852,4.917059],[-75.494,4.920645],[-75.506823,4.924072],[-75.514795,4.924382],[-75.525526,4.922009],[-75.530447,4.917495],[-75.539624,4.917434],[-75.544026,4.925761],[-75.55319,4.923761],[-75.558631,4.924936],[-75.56159,4.933999],[-75.568947,4.936456],[-75.584054,4.932195],[-75.589768,4.932361],[-75.59276,4.927868],[-75.609222,4.933512],[-75.616986,4.933899],[-75.617925,4.943265],[-75.6172,4.955642],[-75.619758,4.962834],[-75.628679,4.970713],[-75.63679,4.971637],[-75.638642,4.974525],[-75.645431,4.965896],[-75.644959,4.962449],[-75.652666,4.958453],[-75.651148,4.947773],[-75.662883,4.942714],[-75.675409,4.94432],[-75.682073,4.942691],[-75.687973,4.944183],[-75.69836,4.943788],[-75.7067,4.952434],[-75.712382,4.960085],[-75.715764,4.970138],[-75.714959,4.976004],[-75.720243,4.984477],[-75.720944,4.995714],[-75.725505,5.002373],[-75.727733,5.010415],[-75.731758,5.016793],[-75.73188,5.023961],[-75.738921,5.029248],[-75.74414,5.0436],[-75.747763,5.045818],[-75.759039,5.036897],[-75.759956,5.027941],[-75.766215,5.021703],[-75.772812,5.019637],[-75.77332,5.013421],[-75.770339,5.007678],[-75.775875,5.006471],[-75.785713,4.99817],[-75.784437,4.991075],[-75.786361,4.984182],[-75.79228,4.981326],[-75.790893,4.97611],[-75.795573,4.96931],[-75.792995,4.95502],[-75.788452,4.94984],[-75.794565,4.936414],[-75.803532,4.936123],[-75.807092,4.928383],[-75.815107,4.919148],[-75.826161,4.921878],[-75.830565,4.926748],[-75.836894,4.9267],[-75.841378,4.929287],[-75.846839,4.928202],[-75.850531,4.9309],[-75.857788,4.931555],[-75.864482,4.935169],[-75.861252,4.942894],[-75.866199,4.943811],[-75.879486,4.952986],[-75.879875,4.958241],[-75.88893,4.95776],[-75.895704,4.963513],[-75.894816,4.969377],[-75.896759,4.981326],[-75.904311,4.993274],[-75.904589,5.003065],[-75.902312,5.011474],[-75.902479,5.019494],[-75.907421,5.02569],[-75.91264,5.029008],[-75.913862,5.033931],[-75.922621,5.041331],[-75.919769,5.044632],[-75.917541,5.05961],[-75.911013,5.06933],[-75.913644,5.076095],[-75.913454,5.084363],[-75.908864,5.087461],[-75.903338,5.098245],[-75.901471,5.104541],[-75.902251,5.110227],[-75.897754,5.116401],[-75.89093,5.117787],[-75.891469,5.126154],[-75.889099,5.129225],[-75.876986,5.130311],[-75.875094,5.13458],[-75.865445,5.121343],[-75.852932,5.110942],[-75.845876,5.106247],[-75.843335,5.111034],[-75.836231,5.115461],[-75.837906,5.128859],[-75.833667,5.133069],[-75.832413,5.139321],[-75.834065,5.149579],[-75.828689,5.152538],[-75.825531,5.159093],[-75.821202,5.173105],[-75.816851,5.17604],[-75.815747,5.183531],[-75.812864,5.18865],[-75.808536,5.188499],[-75.802461,5.201568],[-75.807188,5.205871],[-75.808103,5.211392],[-75.803818,5.221229],[-75.804497,5.231606],[-75.806865,5.236883],[-75.812611,5.236119],[-75.819966,5.243226],[-75.820103,5.249924],[-75.82477,5.259584],[-75.823486,5.270297],[-75.813106,5.271836],[-75.803407,5.280935],[-75.795558,5.281911],[-75.794345,5.285754],[-75.786766,5.284659],[-75.779651,5.277173],[-75.77377,5.274015],[-75.762836,5.273526],[-75.753831,5.282993],[-75.748,5.284412],[-75.743661,5.272916],[-75.736888,5.270932],[-75.732421,5.265407],[-75.719417,5.261299],[-75.714124,5.262885],[-75.709059,5.260675],[-75.700551,5.261752],[-75.693836,5.259457],[-75.692467,5.255745],[-75.6847,5.258561],[-75.679098,5.262685],[-75.665729,5.268295],[-75.666996,5.276989],[-75.662925,5.281456],[-75.661677,5.29125],[-75.655972,5.296398],[-75.651218,5.307019],[-75.639214,5.304534],[-75.635173,5.315664],[-75.636926,5.323025],[-75.635767,5.328883],[-75.636676,5.338067],[-75.645715,5.338642],[-75.653111,5.351491],[-75.658515,5.349798],[-75.666764,5.350759],[-75.669861,5.355457],[-75.674735,5.356443],[-75.678458,5.3609],[-75.683096,5.36173],[-75.690312,5.371314],[-75.697934,5.372436],[-75.703068,5.376567],[-75.706222,5.388738],[-75.711797,5.38901],[-75.723394,5.396553],[-75.73933,5.396288],[-75.738755,5.387799],[-75.741144,5.384271],[-75.750463,5.38644],[-75.753766,5.384644],[-75.75872,5.387827],[-75.765773,5.387327],[-75.771381,5.383675],[-75.772756,5.379463],[-75.785311,5.372215],[-75.789528,5.367705],[-75.810672,5.362341],[-75.813717,5.364701],[-75.824882,5.364181],[-75.829439,5.366384],[-75.835235,5.363137],[-75.838036,5.369254],[-75.84664,5.369466],[-75.858042,5.378236],[-75.857523,5.386319],[-75.853841,5.389327],[-75.855163,5.39445],[-75.85167,5.403332],[-75.854219,5.424386],[-75.858703,5.428334],[-75.85757,5.438297],[-75.86089,5.443446],[-75.862155,5.454638],[-75.86474,5.465229],[-75.864664,5.47422],[-75.867404,5.488172]]]},"properties":{"shapeName":"Risaralda"}},{"type":"Feature","geometry":{"type":"Polygon","coordinates":[[[-73.841302,-0.397984],[-73.856436,-0.383821],[-73.872558,-0.373303],[-73.882786,-0.368841],[-73.896934,-0.366316],[-73.928174,-0.359393],[-73.947894,-0.353223],[-73.966437,-0.349442],[-73.98507,-0.34771],[-74.005403,-0.342066],[-74.013536,-0.337209],[-74.018194,-0.330578],[-74.021928,-0.320544],[-74.026451,-0.315512],[-74.038895,-0.306694],[-74.040267,-0.298894],[-74.039864,-0.282322],[-74.043873,-0.273049],[-74.050234,-0.271415],[-74.069987,-0.28123],[-74.076596,-0.281797],[-74.083605,-0.278575],[-74.087887,-0.27289],[-74.093422,-0.260003],[-74.106333,-0.24184],[-74.113093,-0.234951],[-74.118958,-0.231681],[-74.133728,-0.234007],[-74.146234,-0.241438],[-74.151315,-0.249244],[-74.154894,-0.26135],[-74.163947,-0.267236],[-74.172039,-0.266988],[-74.180552,-0.264705],[-74.188152,-0.257677],[-74.187645,-0.246182],[-74.189854,-0.233453],[-74.189977,-0.22535],[-74.194073,-0.216414],[-74.20086,-0.20931],[-74.207638,-0.208162],[-74.215363,-0.209363],[-74.21917,-0.213245],[-74.221204,-0.230554],[-74.225917,-0.237852],[-74.233728,-0.237864],[-74.240862,-0.234671],[-74.248839,-0.22465],[-74.266785,-0.217248],[-74.276648,-0.207897],[-74.287976,-0.202497],[-74.289294,-0.19534],[-74.289109,-0.185131],[-74.282591,-0.172922],[-74.267008,-0.161756],[-74.26304,-0.156999],[-74.264853,-0.145269],[-74.274057,-0.138751],[-74.280855,-0.139951],[-74.296177,-0.147691],[-74.305468,-0.146603],[-74.316286,-0.136005],[-74.326763,-0.11927],[-74.333194,-0.114209],[-74.348618,-0.107059],[-74.356984,-0.106882],[-74.368814,-0.111457],[-74.4004,-0.11489],[-74.406923,-0.117294],[-74.427436,-0.131973],[-74.443723,-0.140118],[-74.448619,-0.138756],[-74.448976,-0.132935],[-74.446062,-0.128626],[-74.431456,-0.118456],[-74.424477,-0.110831],[-74.422459,-0.103761],[-74.4237,-0.094144],[-74.428706,-0.086112],[-74.441093,-0.07395],[-74.448215,-0.071202],[-74.454219,-0.071339],[-74.459727,-0.07663],[-74.462062,-0.084433],[-74.462476,-0.108676],[-74.468566,-0.120749],[-74.479063,-0.136207],[-74.485189,-0.138615],[-74.496099,-0.138152],[-74.504255,-0.134631],[-74.508032,-0.12931],[-74.508886,-0.121851],[-74.50503,-0.108533],[-74.508012,-0.099985],[-74.516347,-0.08898],[-74.527617,-0.087888],[-74.534805,-0.094555],[-74.534488,-0.101451],[-74.525449,-0.111387],[-74.523315,-0.118085],[-74.525557,-0.124939],[-74.530387,-0.126889],[-74.54256,-0.119829],[-74.575772,-0.111766],[-74.589318,-0.105084],[-74.598464,-0.098554],[-74.62736,-0.090187],[-74.632885,-0.087781],[-74.631641,-0.082195],[-74.619426,-0.07565],[-74.615492,-0.060645],[-74.618582,-0.053092],[-74.627851,-0.046054],[-74.644859,-0.037907],[-74.652827,-0.041703],[-74.673142,-0.061852],[-74.680724,-0.05757],[-74.681668,-0.050249],[-74.679363,-0.046146],[-74.667854,-0.042276],[-74.659952,-0.037815],[-74.655614,-0.028106],[-74.655751,-0.011203],[-74.670088,0.003919],[-74.671497,0.00783],[-74.678557,0.015048],[-74.691385,0.021034],[-74.698783,0.029848],[-74.703903,0.037881],[-74.703004,0.044692],[-74.697345,0.045122],[-74.681573,0.041572],[-74.672497,0.047581],[-74.664415,0.050934],[-74.657783,0.058421],[-74.654514,0.072025],[-74.657808,0.078068],[-74.666822,0.081798],[-74.678676,0.082771],[-74.691757,0.078772],[-74.697586,0.078881],[-74.703631,0.082387],[-74.712387,0.091534],[-74.708737,0.098445],[-74.702558,0.094974],[-74.695918,0.08851],[-74.68923,0.087257],[-74.681244,0.090294],[-74.674533,0.097477],[-74.671982,0.108521],[-74.671778,0.12365],[-74.674653,0.137612],[-74.676788,0.159332],[-74.684669,0.168608],[-74.702531,0.18386],[-74.710586,0.197387],[-74.725936,0.206923],[-74.751448,0.212124],[-74.767481,0.212819],[-74.786529,0.209174],[-74.813553,0.216944],[-74.82818,0.213326],[-74.846376,0.214871],[-74.863886,0.223797],[-74.881755,0.242618],[-74.891352,0.248173],[-74.90354,0.252464],[-74.927273,0.251016],[-74.937254,0.247382],[-74.944055,0.241868],[-74.95993,0.241527],[-74.96761,0.24646],[-74.980285,0.263118],[-74.994394,0.271397],[-75.003566,0.273182],[-75.011366,0.284352],[-75.009296,0.292884],[-75.00276,0.297954],[-74.996937,0.298377],[-74.985435,0.301638],[-74.979599,0.309878],[-74.982676,0.321643],[-74.997691,0.333192],[-75.006609,0.336628],[-75.016575,0.384944],[-75.010907,0.392557],[-74.999991,0.392836],[-74.98582,0.39874],[-74.981717,0.405013],[-74.983522,0.415479],[-74.987384,0.421891],[-75.004768,0.438869],[-75.008438,0.452525],[-75.01946,0.475681],[-75.027652,0.482041],[-75.032138,0.482756],[-75.043005,0.479069],[-75.048827,0.479151],[-75.059454,0.48468],[-75.071501,0.4856],[-75.079622,0.480006],[-75.093912,0.473559],[-75.104352,0.473281],[-75.10371,0.479819],[-75.096843,0.485827],[-75.094968,0.498367],[-75.097015,0.510716],[-75.105255,0.513635],[-75.117958,0.512433],[-75.128429,0.50385],[-75.143879,0.486685],[-75.151032,0.482867],[-75.158589,0.481612],[-75.17228,0.48526],[-75.18521,0.484829],[-75.192277,0.487483],[-75.206179,0.482314],[-75.219648,0.483252],[-75.222255,0.490852],[-75.21941,0.494409],[-75.205703,0.492114],[-75.199049,0.499372],[-75.19778,0.506082],[-75.210985,0.516301],[-75.227993,0.542644],[-75.233737,0.56119],[-75.235434,0.573582],[-75.233567,0.577995],[-75.224415,0.582549],[-75.215912,0.583427],[-75.209638,0.592337],[-75.212937,0.607528],[-75.219093,0.617153],[-75.216553,0.627358],[-75.226276,0.645292],[-75.234859,0.650613],[-75.246893,0.650053],[-75.260349,0.653127],[-75.27417,0.665547],[-75.272852,0.674589],[-75.262668,0.686831],[-75.256256,0.705787],[-75.260796,0.719173],[-75.269889,0.727104],[-75.2803,0.726341],[-75.285884,0.727859],[-75.292674,0.726946],[-75.297654,0.728767],[-75.301126,0.733779],[-75.301732,0.743196],[-75.30641,0.746081],[-75.317123,0.7438],[-75.323159,0.744557],[-75.329498,0.749872],[-75.332974,0.766731],[-75.339313,0.77235],[-75.354849,0.754573],[-75.361729,0.752871],[-75.382312,0.755173],[-75.389704,0.751677],[-75.400851,0.737761],[-75.407957,0.73633],[-75.415049,0.737391],[-75.430155,0.744548],[-75.443268,0.747407],[-75.454218,0.75397],[-75.461415,0.754916],[-75.470291,0.758829],[-75.4726,0.761745],[-75.472999,0.769422],[-75.475265,0.776863],[-75.483264,0.781569],[-75.492165,0.778377],[-75.498046,0.770173],[-75.503025,0.767893],[-75.510117,0.769257],[-75.517813,0.773052],[-75.533983,0.782882],[-75.538498,0.79112],[-75.537243,0.799669],[-75.538347,0.812383],[-75.535936,0.822104],[-75.541996,0.832087],[-75.550573,0.831861],[-75.555587,0.829658],[-75.5656,0.829792],[-75.580608,0.834692],[-75.597281,0.83576],[-75.607117,0.837371],[-75.612265,0.844272],[-75.613288,0.852082],[-75.612273,0.859598],[-75.615428,0.865389],[-75.62982,0.871398],[-75.643038,0.878508],[-75.647515,0.877513],[-75.657405,0.868901],[-75.675041,0.859071],[-75.67975,0.858212],[-75.690296,0.862888],[-75.695267,0.861255],[-75.709125,0.859617],[-75.718681,0.861347],[-75.733745,0.860401],[-75.74525,0.850767],[-75.748203,0.844375],[-75.757226,0.836579],[-75.763639,0.84043],[-75.765064,0.851687],[-75.773716,0.868482],[-75.788977,0.881399],[-75.797896,0.893901],[-75.809484,0.89736],[-75.815906,0.890808],[-75.820809,0.882695],[-75.834405,0.876708],[-75.851174,0.879503],[-75.853164,0.883184],[-75.859722,0.886288],[-75.863238,0.891612],[-75.866063,0.901722],[-75.86174,0.915194],[-75.865767,0.923165],[-75.876598,0.928603],[-75.891657,0.932796],[-75.902668,0.946912],[-75.905478,0.970542],[-75.916573,0.976536],[-75.930491,0.979854],[-75.942287,0.975706],[-75.947344,0.975976],[-75.948792,0.982677],[-75.933607,0.989231],[-75.931802,0.994954],[-75.934004,1.004286],[-75.931739,1.008336],[-75.92155,1.015674],[-75.919535,1.022509],[-75.920413,1.028965],[-75.927581,1.0315],[-75.936008,1.027832],[-75.943427,1.029353],[-75.954114,1.03594],[-75.964674,1.046703],[-75.972342,1.057846],[-75.987303,1.068738],[-75.994345,1.071399],[-75.999124,1.071147],[-75.999522,1.064196],[-75.99108,1.059118],[-75.987561,1.051649],[-75.988698,1.036965],[-75.992348,1.028358],[-75.997127,1.026714],[-76.000348,1.029341],[-76.001597,1.040049],[-76.000408,1.046474],[-76.002014,1.054445],[-76.008379,1.056586],[-76.022061,1.047544],[-76.038848,1.052898],[-76.046641,1.047663],[-76.054433,1.047663],[-76.062271,1.051431],[-76.084426,1.057043],[-76.091315,1.056705],[-76.092862,1.049567],[-76.081143,1.045046],[-76.074897,1.033428],[-76.074837,1.028074],[-76.079894,1.021055],[-76.091612,1.018616],[-76.097383,1.019984],[-76.10113,1.024029],[-76.105235,1.02391],[-76.110351,1.014452],[-76.115526,1.009812],[-76.125199,1.0066],[-76.131683,1.007909],[-76.145269,1.018438],[-76.146459,1.022007],[-76.153835,1.019687],[-76.166922,1.029978],[-76.173478,1.029562],[-76.184423,1.024981],[-76.182103,1.016593],[-76.183472,1.012905],[-76.192335,1.01011],[-76.200901,1.017843],[-76.206136,1.015106],[-76.208813,1.004375],[-76.20566,1.000508],[-76.198462,1.005862],[-76.191383,1.00497],[-76.188409,0.998783],[-76.191443,0.992835],[-76.196023,0.990634],[-76.202745,0.981175],[-76.205898,0.97951],[-76.226647,0.980093],[-76.234797,0.982472],[-76.238781,0.977642],[-76.234054,0.970045],[-76.238482,0.96397],[-76.245725,0.969036],[-76.251179,0.981461],[-76.259408,0.97309],[-76.26615,0.971066],[-76.270417,0.972291],[-76.272654,0.980628],[-76.278364,0.982353],[-76.281504,0.978743],[-76.284483,0.970668],[-76.296383,0.963018],[-76.30007,0.962515],[-76.309231,0.965577],[-76.322631,0.96222],[-76.327409,0.958752],[-76.331675,0.961598],[-76.328891,0.969387],[-76.334259,0.972797],[-76.337333,0.98072],[-76.347683,0.975326],[-76.348004,0.979411],[-76.3555,0.981731],[-76.370728,0.983932],[-76.378864,0.978201],[-76.38686,0.975261],[-76.3967,0.979827],[-76.40439,0.977701],[-76.410549,0.962125],[-76.419415,0.963288],[-76.423632,0.960236],[-76.427993,0.961034],[-76.436665,0.968196],[-76.445557,0.969628],[-76.445205,0.981148],[-76.452344,0.985431],[-76.467132,0.998899],[-76.479743,1.002052],[-76.484835,1.008101],[-76.486739,1.01631],[-76.491855,1.022735],[-76.492688,1.028029],[-76.50173,1.031658],[-76.506072,1.029933],[-76.518076,1.031148],[-76.522623,1.029796],[-76.529258,1.03422],[-76.537245,1.033482],[-76.546225,1.038093],[-76.548047,1.049194],[-76.553989,1.058843],[-76.556154,1.068213],[-76.561984,1.074896],[-76.561897,1.080447],[-76.566069,1.084413],[-76.5666,1.089441],[-76.56368,1.093772],[-76.566188,1.102117],[-76.563638,1.106252],[-76.55514,1.113887],[-76.55012,1.123123],[-76.548232,1.133548],[-76.550383,1.140221],[-76.549099,1.148854],[-76.543926,1.159644],[-76.542835,1.172184],[-76.544426,1.179463],[-76.542401,1.183806],[-76.542834,1.195425],[-76.538078,1.2099],[-76.543205,1.221672],[-76.548192,1.224668],[-76.559079,1.234086],[-76.569598,1.24468],[-76.570992,1.261634],[-76.574275,1.269206],[-76.583089,1.280005],[-76.583987,1.291278],[-76.58661,1.298744],[-76.583146,1.306387],[-76.574422,1.319454],[-76.576357,1.327836],[-76.582922,1.336733],[-76.584173,1.344355],[-76.578231,1.351686],[-76.576983,1.359673],[-76.577774,1.37603],[-76.574257,1.383991],[-76.576264,1.390139],[-76.591469,1.390382],[-76.591385,1.396243],[-76.601063,1.406204],[-76.602934,1.414678],[-76.61014,1.420964],[-76.623513,1.423015],[-76.634801,1.43299],[-76.636321,1.441764],[-76.644955,1.451251],[-76.64627,1.454572],[-76.65333,1.4586],[-76.660931,1.460123],[-76.664437,1.465462],[-76.669081,1.467728],[-76.676172,1.466567],[-76.687688,1.453024],[-76.695718,1.448371],[-76.701135,1.443466],[-76.718139,1.438418],[-76.724547,1.433142],[-76.731916,1.430447],[-76.740612,1.430124],[-76.749936,1.420962],[-76.76505,1.417969],[-76.76913,1.413861],[-76.781742,1.4106],[-76.788014,1.412281],[-76.800116,1.408261],[-76.809248,1.400495],[-76.816574,1.39973],[-76.825573,1.39297],[-76.840998,1.386997],[-76.854019,1.383667],[-76.859666,1.376447],[-76.867968,1.375011],[-76.87241,1.371281],[-76.887104,1.371994],[-76.893904,1.362206],[-76.907361,1.34953],[-76.914287,1.341673],[-76.920573,1.345606],[-76.921513,1.336339],[-76.914688,1.332079],[-76.90289,1.318316],[-76.905053,1.313903],[-76.903353,1.305501],[-76.904384,1.298044],[-76.911745,1.288634],[-76.915755,1.28114],[-76.921311,1.275888],[-76.926778,1.27354],[-76.927973,1.28026],[-76.933859,1.286251],[-76.94515,1.289188],[-76.950487,1.294109],[-76.95645,1.307075],[-76.964278,1.311663],[-76.974935,1.321594],[-76.978536,1.31638],[-76.979631,1.30414],[-76.98853,1.300381],[-76.991242,1.302427],[-77.003627,1.298049],[-77.007994,1.288233],[-77.013526,1.285021],[-77.021259,1.284724],[-77.036904,1.274034],[-77.047945,1.272666],[-77.053475,1.262897],[-77.063671,1.253586],[-77.071002,1.250185],[-77.076028,1.245272],[-77.075537,1.236013],[-77.080704,1.223624],[-77.084973,1.223222],[-77.090479,1.21852],[-77.101739,1.218458],[-77.105946,1.216107],[-77.122229,1.215427],[-77.119401,1.198803],[-77.110669,1.190666],[-77.100877,1.188152],[-77.097305,1.184646],[-77.091682,1.184448],[-77.085659,1.180736],[-77.087865,1.175432],[-77.097423,1.164192],[-77.094955,1.132144],[-77.090911,1.118273],[-77.090753,1.107086],[-77.093694,1.092433],[-77.09464,1.082217],[-77.088757,1.067795],[-77.077676,1.059812],[-77.067115,1.055393],[-77.06473,1.052619],[-77.064175,1.041746],[-77.062455,1.037696],[-77.056908,1.033757],[-77.039433,1.040082],[-77.034474,1.02806],[-77.029259,1.021292],[-77.026707,1.013359],[-77.029203,1.004749],[-77.02998,0.993821],[-77.038856,0.993044],[-77.041741,0.985555],[-77.049585,0.976819],[-77.056011,0.977033],[-77.065793,0.974248],[-77.075504,0.96618],[-77.078563,0.95836],[-77.074433,0.951849],[-77.073148,0.944846],[-77.077644,0.941566],[-77.082872,0.934261],[-77.088453,0.923593],[-77.091209,0.914127],[-77.100464,0.912643],[-77.110496,0.903105],[-77.11855,0.900562],[-77.124131,0.881607],[-77.11636,0.8764],[-77.116572,0.862433],[-77.117773,0.858335],[-77.114169,0.849646],[-77.10774,0.844439],[-77.101735,0.833983],[-77.10873,0.830309],[-77.137133,0.822677],[-77.139998,0.819871],[-77.143174,0.805939],[-77.157055,0.752525],[-77.186796,0.630993],[-77.174554,0.616152],[-77.156067,0.606207],[-77.142233,0.604727],[-77.137029,0.602255],[-77.133231,0.596725],[-77.123654,0.596975],[-77.118851,0.594238],[-77.116767,0.582743],[-77.119032,0.579003],[-77.119485,0.56988],[-77.114411,0.563585],[-77.129545,0.555922],[-77.128276,0.546525],[-77.130723,0.538315],[-77.129726,0.526181],[-77.127913,0.518974],[-77.12311,0.51569],[-77.119848,0.508301],[-77.12447,0.504834],[-77.118851,0.498265],[-77.117945,0.485037],[-77.115317,0.481206],[-77.105343,0.477556],[-77.101265,0.468884],[-77.103355,0.457132],[-77.10728,0.450205],[-77.107739,0.442918],[-77.101517,0.427512],[-77.095789,0.431356],[-77.089,0.426017],[-77.093727,0.414197],[-77.092288,0.404745],[-77.089637,0.39975],[-77.089849,0.393343],[-77.096637,0.395692],[-77.096425,0.383732],[-77.100032,0.379248],[-77.104486,0.382238],[-77.112548,0.382238],[-77.113308,0.37233],[-77.111542,0.365901],[-77.106253,0.355295],[-77.107311,0.344773],[-77.098236,0.335614],[-77.09445,0.324869],[-77.082369,0.318383],[-77.080698,0.31006],[-77.089105,0.301765],[-77.083371,0.298202],[-77.077913,0.285437],[-77.071967,0.284234],[-77.065397,0.286973],[-77.056111,0.284412],[-77.051501,0.286016],[-77.05012,0.291249],[-77.044597,0.290536],[-77.033396,0.280025],[-77.026287,0.277605],[-77.018601,0.28709],[-77.011229,0.293783],[-77.005619,0.293716],[-76.998434,0.288793],[-76.996174,0.279484],[-76.98518,0.265838],[-76.968029,0.272041],[-76.957616,0.268615],[-76.944273,0.269066],[-76.937916,0.276136],[-76.933267,0.276764],[-76.928821,0.272973],[-76.929968,0.268164],[-76.935344,0.261705],[-76.922988,0.256221],[-76.911773,0.247973],[-76.905173,0.245589],[-76.893855,0.247615],[-76.883721,0.247236],[-76.879705,0.251012],[-76.873537,0.251216],[-76.859413,0.246369],[-76.84755,0.239215],[-76.841645,0.23998],[-76.818493,0.256654],[-76.810692,0.256109],[-76.808338,0.259848],[-76.797537,0.264371],[-76.789921,0.263956],[-76.779028,0.256771],[-76.774182,0.250871],[-76.772779,0.245271],[-76.768837,0.243094],[-76.756071,0.248242],[-76.751887,0.255493],[-76.753784,0.257931],[-76.765604,0.25904],[-76.766999,0.264039],[-76.752545,0.274853],[-76.743775,0.277317],[-76.739078,0.280713],[-76.73295,0.288619],[-76.726885,0.284553],[-76.718907,0.274405],[-76.713355,0.269205],[-76.702916,0.278749],[-76.69084,0.276198],[-76.678986,0.269701],[-76.663783,0.272317],[-76.655712,0.270672],[-76.653666,0.266466],[-76.656181,0.253561],[-76.650763,0.251132],[-76.638393,0.259787],[-76.62559,0.261912],[-76.618027,0.254498],[-76.612817,0.242498],[-76.604532,0.230573],[-76.594409,0.227235],[-76.590506,0.220816],[-76.586342,0.21866],[-76.580237,0.223158],[-76.582277,0.229378],[-76.574941,0.234601],[-76.567924,0.24392],[-76.550757,0.250645],[-76.532835,0.258652],[-76.523395,0.251883],[-76.515282,0.24235],[-76.50404,0.236406],[-76.489544,0.241962],[-76.476685,0.239025],[-76.463602,0.239545],[-76.448921,0.238877],[-76.442749,0.2416],[-76.44551,0.254126],[-76.444041,0.256188],[-76.434586,0.257735],[-76.426182,0.255461],[-76.423538,0.250345],[-76.428654,0.242832],[-76.428863,0.237184],[-76.422724,0.234703],[-76.410639,0.242365],[-76.411361,0.379616],[-76.396789,0.382175],[-76.372925,0.393933],[-76.36788,0.394235],[-76.361841,0.391263],[-76.354571,0.380742],[-76.349122,0.379558],[-76.339841,0.382987],[-76.334441,0.387216],[-76.332584,0.408064],[-76.327778,0.418802],[-76.312619,0.434827],[-76.309185,0.432938],[-76.303745,0.422596],[-76.296878,0.421223],[-76.291796,0.423491],[-76.28336,0.434973],[-76.27389,0.436061],[-76.261672,0.426949],[-76.259055,0.423532],[-76.258921,0.416257],[-76.261345,0.408138],[-76.260346,0.403637],[-76.249878,0.398409],[-76.23785,0.404504],[-76.23132,0.401698],[-76.228998,0.391877],[-76.227871,0.379226],[-76.223064,0.377166],[-76.208778,0.386443],[-76.205359,0.384828],[-76.198173,0.376651],[-76.192337,0.372875],[-76.17869,0.372174],[-76.167438,0.378657],[-76.159686,0.388005],[-76.151305,0.379596],[-76.136561,0.37345],[-76.127523,0.366792],[-76.119209,0.346439],[-76.118351,0.338886],[-76.12073,0.329706],[-76.117321,0.318631],[-76.108394,0.313652],[-76.09655,0.317944],[-76.090541,0.329273],[-76.082645,0.33614],[-76.067882,0.335968],[-76.056724,0.333222],[-76.049858,0.32481],[-76.044755,0.312685],[-76.034408,0.304726],[-76.019302,0.301293],[-76.009002,0.300263],[-76.003681,0.296487],[-75.998094,0.289199],[-75.996393,0.284299],[-75.996814,0.270223],[-75.994583,0.264901],[-75.984626,0.263528],[-75.982395,0.256318],[-75.985719,0.253197],[-76.000427,0.255489],[-76.006195,0.250988],[-76.004071,0.246597],[-75.9958,0.246846],[-75.975683,0.240151],[-75.959221,0.238294],[-75.957551,0.235095],[-75.958362,0.227136],[-75.956677,0.223235],[-75.951324,0.2213],[-75.951152,0.215292],[-75.95855,0.212623],[-75.958909,0.209128],[-75.951839,0.201387],[-75.943428,0.201215],[-75.93124,0.196066],[-75.923515,0.186624],[-75.920597,0.177183],[-75.916992,0.173235],[-75.897766,0.162248],[-75.897251,0.151262],[-75.905475,0.143147],[-75.902729,0.136796],[-75.897422,0.137123],[-75.886452,0.141556],[-75.880443,0.134689],[-75.880678,0.121315],[-75.872953,0.118912],[-75.866867,0.129804],[-75.861717,0.134611],[-75.854585,0.132488],[-75.849872,0.127745],[-75.845627,0.113918],[-75.840728,0.105101],[-75.831536,0.094427],[-75.823093,0.088091],[-75.814338,0.075216],[-75.809532,0.055647],[-75.806614,0.05084],[-75.802322,0.049639],[-75.787559,0.055647],[-75.779834,0.051184],[-75.775012,0.051668],[-75.768661,0.049093],[-75.760265,0.039682],[-75.75254,0.036936],[-75.74185,0.040354],[-75.725933,0.039339],[-75.712028,0.041227],[-75.704209,0.041025],[-75.683642,0.036577],[-75.671673,0.041898],[-75.658126,0.036249],[-75.652118,0.031271],[-75.64302,0.034704],[-75.639587,0.046892],[-75.629331,0.045368],[-75.627679,0.036031],[-75.621634,0.033332],[-75.617271,0.028868],[-75.609546,0.01668],[-75.60062,0.01256],[-75.588432,0.017195],[-75.581909,0.014277],[-75.579162,0.00535],[-75.582424,-0.005979],[-75.582128,-0.018027],[-75.574527,-0.026579],[-75.567833,-0.026579],[-75.535545,-0.017512],[-75.530051,-0.018885],[-75.526119,-0.024691],[-75.511184,-0.036535],[-75.499855,-0.041513],[-75.485435,-0.049238],[-75.468784,-0.049753],[-75.464836,-0.051985],[-75.458484,-0.059366],[-75.452305,-0.068979],[-75.428461,-0.086488],[-75.393253,-0.097132],[-75.379348,-0.095243],[-75.366645,-0.09078],[-75.355144,-0.09181],[-75.346389,-0.094557],[-75.339695,-0.103655],[-75.329832,-0.107307],[-75.306221,-0.105543],[-75.298496,-0.106573],[-75.288711,-0.112753],[-75.278412,-0.123739],[-75.268808,-0.124626],[-75.2575,-0.115633],[-75.248371,-0.111723],[-75.238414,-0.098333],[-75.223308,-0.080309],[-75.211292,-0.049238],[-75.192752,-0.039282],[-75.176273,-0.040483],[-75.162138,-0.044719],[-75.146977,-0.058107],[-75.131641,-0.070696],[-75.121396,-0.074472],[-75.107549,-0.074875],[-75.090726,-0.080137],[-75.077451,-0.081799],[-75.05388,-0.10983],[-75.040547,-0.113038],[-75.031047,-0.123911],[-75.019546,-0.140446],[-75.011932,-0.148687],[-74.985101,-0.147887],[-74.972685,-0.15498],[-74.97005,-0.167053],[-74.960038,-0.177352],[-74.95586,-0.194917],[-74.949172,-0.200388],[-74.934917,-0.20236],[-74.932342,-0.208196],[-74.93088,-0.221482],[-74.923531,-0.227823],[-74.917944,-0.224085],[-74.915834,-0.219095],[-74.916944,-0.205901],[-74.912032,-0.20236],[-74.907623,-0.206136],[-74.902645,-0.213861],[-74.89536,-0.235576],[-74.883279,-0.243279],[-74.876487,-0.239009],[-74.857935,-0.239103],[-74.844957,-0.230872],[-74.830624,-0.205294],[-74.819507,-0.199149],[-74.805865,-0.188463],[-74.800817,-0.187057],[-74.79349,-0.188798],[-74.786269,-0.195233],[-74.783544,-0.201391],[-74.775165,-0.208647],[-74.761556,-0.223646],[-74.754106,-0.247069],[-74.746261,-0.265016],[-74.74094,-0.279263],[-74.733387,-0.286473],[-74.72858,-0.296944],[-74.729095,-0.309304],[-74.73294,-0.333671],[-74.728383,-0.342786],[-74.718624,-0.347583],[-74.708324,-0.349472],[-74.694411,-0.333507],[-74.686077,-0.328649],[-74.679142,-0.331104],[-74.676335,-0.33628],[-74.680172,-0.348098],[-74.67588,-0.365608],[-74.670902,-0.371959],[-74.66037,-0.374482],[-74.650205,-0.363247],[-74.611667,-0.350839],[-74.607269,-0.357262],[-74.611012,-0.365278],[-74.616339,-0.372912],[-74.616322,-0.377606],[-74.608443,-0.383537],[-74.589363,-0.38346],[-74.577973,-0.390043],[-74.553708,-0.40769],[-74.543907,-0.419173],[-74.542843,-0.430494],[-74.537143,-0.458603],[-74.521016,-0.470224],[-74.503755,-0.461538],[-74.497867,-0.461907],[-74.495121,-0.471348],[-74.501129,-0.482334],[-74.497009,-0.487655],[-74.487224,-0.488514],[-74.483436,-0.477373],[-74.473673,-0.472673],[-74.469543,-0.478043],[-74.465834,-0.486688],[-74.451445,-0.490342],[-74.438301,-0.497268],[-74.422357,-0.499335],[-74.419522,-0.504247],[-74.423977,-0.521005],[-74.424396,-0.549966],[-74.420448,-0.559922],[-74.411572,-0.559235],[-74.408465,-0.556587],[-74.397816,-0.539992],[-74.392301,-0.541905],[-74.386747,-0.554906],[-74.387594,-0.559328],[-74.38102,-0.55139],[-74.077515,-0.465276],[-73.841302,-0.397984]]]},"properties":{"shapeName":"Putumayo"}},{"type":"Feature","geometry":{"type":"MultiPolygon","coordinates":[[[[-78.754113,1.819088],[-78.755969,1.81275],[-78.755061,1.807138],[-78.748268,1.804226],[-78.738785,1.80729],[-78.73356,1.816834],[-78.722186,1.824188],[-78.730557,1.830816],[-78.735419,1.830471],[-78.744019,1.823159],[-78.754113,1.819088]]],[[[-78.820047,1.464464],[-78.822969,1.464989],[-78.8326,1.458627],[-78.833033,1.450441],[-78.823537,1.451168],[-78.819265,1.453099],[-78.822505,1.462283],[-78.820047,1.464464]]],[[[-76.920573,1.345606],[-76.920194,1.34995],[-76.924876,1.356236],[-76.926977,1.366184],[-76.926382,1.376249],[-76.930011,1.380056],[-76.931677,1.386005],[-76.931974,1.39814],[-76.927751,1.401566],[-76.919839,1.420203],[-76.918173,1.429543],[-76.923706,1.442035],[-76.922516,1.453849],[-76.925788,1.465532],[-76.924657,1.473087],[-76.928643,1.483021],[-76.926501,1.49214],[-76.929059,1.499636],[-76.917253,1.499324],[-76.912587,1.500514],[-76.90692,1.509895],[-76.89592,1.515609],[-76.887539,1.522957],[-76.883206,1.523243],[-76.873111,1.520147],[-76.860673,1.520624],[-76.851292,1.53429],[-76.853244,1.540781],[-76.85653,1.543209],[-76.857054,1.565357],[-76.852149,1.569309],[-76.846196,1.57969],[-76.841244,1.584738],[-76.839958,1.597666],[-76.834197,1.607304],[-76.834339,1.613542],[-76.841244,1.620256],[-76.844196,1.626542],[-76.850196,1.629466],[-76.853101,1.635942],[-76.856835,1.638214],[-76.861501,1.636595],[-76.870168,1.640309],[-76.878987,1.648452],[-76.889225,1.656309],[-76.892701,1.662456],[-76.900177,1.662171],[-76.910539,1.679556],[-76.911682,1.689332],[-76.915539,1.695761],[-76.91711,1.70238],[-76.923539,1.705898],[-76.92582,1.712596],[-76.925577,1.718518],[-76.934246,1.727739],[-76.937934,1.729293],[-76.946283,1.727303],[-76.953223,1.722498],[-76.961261,1.722498],[-76.965726,1.713858],[-76.978782,1.712645],[-76.988344,1.714344],[-76.997022,1.70881],[-77.003914,1.708665],[-77.012456,1.714101],[-77.022989,1.714344],[-77.038506,1.706454],[-77.043721,1.701467],[-77.053898,1.699612],[-77.05864,1.696163],[-77.061368,1.687575],[-77.069357,1.676294],[-77.07241,1.669017],[-77.082455,1.665242],[-77.088074,1.664668],[-77.092564,1.660816],[-77.115961,1.659944],[-77.122808,1.660615],[-77.131343,1.659327],[-77.138961,1.656068],[-77.144449,1.666501],[-77.141552,1.676319],[-77.151309,1.684296],[-77.157396,1.681684],[-77.162136,1.674984],[-77.169518,1.676185],[-77.178444,1.673611],[-77.186454,1.677699],[-77.199708,1.672008],[-77.208598,1.670492],[-77.212948,1.667949],[-77.221966,1.66779],[-77.228073,1.66025],[-77.23233,1.661441],[-77.238354,1.656796],[-77.245999,1.658492],[-77.249336,1.664594],[-77.256781,1.671082],[-77.26295,1.670203],[-77.264216,1.666557],[-77.274173,1.664133],[-77.279848,1.664444],[-77.28061,1.668905],[-77.293045,1.670074],[-77.295727,1.674181],[-77.307872,1.674879],[-77.3286,1.68053],[-77.330059,1.682975],[-77.321294,1.700306],[-77.316144,1.714032],[-77.308763,1.725357],[-77.304299,1.740456],[-77.300008,1.743888],[-77.298463,1.759845],[-77.294171,1.767566],[-77.304471,1.786268],[-77.307561,1.787812],[-77.303098,1.796563],[-77.305329,1.804455],[-77.300694,1.815265],[-77.294686,1.818181],[-77.29446,1.83062],[-77.290051,1.840658],[-77.286618,1.845118],[-77.288163,1.849236],[-77.279237,1.850266],[-77.280782,1.854383],[-77.27855,1.861418],[-77.264688,1.865213],[-77.255603,1.868812],[-77.251635,1.877279],[-77.247205,1.8799],[-77.243033,1.886815],[-77.244295,1.895156],[-77.242538,1.899601],[-77.245558,1.906735],[-77.244295,1.912771],[-77.230516,1.9158],[-77.225464,1.921168],[-77.21943,1.918411],[-77.216427,1.921504],[-77.218429,1.930781],[-77.217455,1.935551],[-77.207509,1.940838],[-77.203472,1.95065],[-77.207094,1.956898],[-77.210158,1.971189],[-77.220728,1.987996],[-77.227037,1.990892],[-77.245847,1.992665],[-77.259775,1.995107],[-77.264606,1.998908],[-77.268391,2.005186],[-77.274158,2.00712],[-77.279895,2.019742],[-77.28347,2.022372],[-77.304151,2.029295],[-77.30822,2.037788],[-77.331017,2.049849],[-77.335254,2.054397],[-77.334863,2.059322],[-77.320229,2.072268],[-77.315414,2.094661],[-77.310734,2.098478],[-77.308081,2.106939],[-77.307901,2.124601],[-77.312071,2.129796],[-77.30932,2.137387],[-77.311381,2.141995],[-77.307696,2.145727],[-77.307732,2.153905],[-77.314068,2.165191],[-77.318429,2.18213],[-77.315075,2.18555],[-77.312914,2.192219],[-77.308115,2.19565],[-77.31039,2.200592],[-77.316738,2.200478],[-77.3191,2.210869],[-77.32296,2.21662],[-77.322884,2.222295],[-77.327263,2.223948],[-77.329964,2.22979],[-77.340292,2.236711],[-77.342583,2.241735],[-77.347604,2.245845],[-77.352016,2.256947],[-77.359837,2.262532],[-77.372873,2.263177],[-77.378267,2.261316],[-77.381137,2.256556],[-77.386682,2.256294],[-77.401817,2.263765],[-77.408988,2.271151],[-77.416724,2.272838],[-77.425423,2.278912],[-77.432279,2.281849],[-77.439007,2.28259],[-77.442913,2.285243],[-77.459434,2.286178],[-77.468174,2.274983],[-77.477494,2.274941],[-77.480051,2.266266],[-77.473605,2.262438],[-77.471867,2.256275],[-77.473141,2.25081],[-77.472274,2.24132],[-77.478913,2.235285],[-77.479006,2.229529],[-77.487736,2.216081],[-77.484763,2.210516],[-77.484726,2.201972],[-77.487942,2.195253],[-77.501677,2.193443],[-77.507237,2.197216],[-77.519398,2.199774],[-77.529525,2.195695],[-77.539912,2.197311],[-77.544391,2.196461],[-77.554324,2.20241],[-77.563907,2.195367],[-77.568589,2.187159],[-77.574164,2.180668],[-77.58141,2.179035],[-77.587467,2.174974],[-77.59477,2.172807],[-77.603625,2.16471],[-77.618911,2.165511],[-77.625811,2.166819],[-77.64562,2.168544],[-77.649891,2.167414],[-77.662681,2.15861],[-77.667737,2.15748],[-77.679278,2.158015],[-77.685702,2.154684],[-77.69848,2.153613],[-77.704667,2.149092],[-77.71585,2.144512],[-77.733767,2.134042],[-77.743999,2.135054],[-77.751138,2.140883],[-77.760001,2.142489],[-77.780643,2.148379],[-77.783462,2.153286],[-77.792267,2.160603],[-77.798453,2.163875],[-77.80113,2.170121],[-77.807317,2.173809],[-77.821451,2.178271],[-77.830671,2.176188],[-77.835668,2.176605],[-77.841081,2.180234],[-77.848755,2.191191],[-77.853216,2.205408],[-77.852978,2.214569],[-77.847327,2.23166],[-77.850302,2.241023],[-77.847922,2.260594],[-77.849171,2.262735],[-77.860771,2.268232],[-77.865649,2.277333],[-77.866244,2.283562],[-77.871538,2.290581],[-77.874394,2.301289],[-77.877606,2.303371],[-77.879153,2.313037],[-77.883495,2.319462],[-77.883317,2.324994],[-77.880342,2.334667],[-77.883602,2.348432],[-77.883245,2.352715],[-77.890443,2.359318],[-77.894072,2.3656],[-77.895321,2.375236],[-77.899128,2.38291],[-77.899723,2.391559],[-77.902697,2.396675],[-77.912334,2.403397],[-77.917541,2.411507],[-77.918974,2.42207],[-77.917577,2.43121],[-77.919078,2.43657],[-77.917728,2.456034],[-77.920688,2.460744],[-77.925201,2.48201],[-77.925642,2.510354],[-77.923923,2.518336],[-77.91925,2.523086],[-77.914661,2.54378],[-77.9148,2.569765],[-77.915515,2.593679],[-77.917047,2.605482],[-77.923577,2.618439],[-77.926578,2.630233],[-77.927884,2.640067],[-77.934238,2.637189],[-77.935192,2.633206],[-77.932968,2.619634],[-77.94683,2.627406],[-77.954479,2.634998],[-77.963144,2.641575],[-77.971954,2.640462],[-77.970743,2.645588],[-77.963918,2.648054],[-77.968123,2.653843],[-77.970963,2.661645],[-77.976701,2.662325],[-77.98047,2.65856],[-77.992199,2.654235],[-78.005568,2.65121],[-78.010057,2.652912],[-78.018425,2.644379],[-78.027395,2.645947],[-78.032295,2.650277],[-78.03874,2.643688],[-78.056715,2.618315],[-78.051295,2.597178],[-78.048391,2.593733],[-78.041432,2.591134],[-78.027576,2.579105],[-78.02717,2.57459],[-78.03052,2.56739],[-78.04564,2.56099],[-78.05026,2.55585],[-78.06024,2.559494],[-78.06733,2.564355],[-78.070053,2.569373],[-78.068964,2.580979],[-78.062492,2.586423],[-78.058,2.592497],[-78.058426,2.598106],[-78.070664,2.609867],[-78.075157,2.6171],[-78.077092,2.627198],[-78.080616,2.636211],[-78.08843,2.640435],[-78.096378,2.647239],[-78.105475,2.645688],[-78.10579,2.638584],[-78.113148,2.624437],[-78.121871,2.623498],[-78.123188,2.629278],[-78.120076,2.638889],[-78.122671,2.641603],[-78.131891,2.643865],[-78.139933,2.644261],[-78.145848,2.647792],[-78.14285,2.654546],[-78.135879,2.659965],[-78.135233,2.663225],[-78.141399,2.672021],[-78.141789,2.679031],[-78.14445,2.68225],[-78.15726,2.68266],[-78.164822,2.675123],[-78.173871,2.675475],[-78.179325,2.673291],[-78.196052,2.669454],[-78.208304,2.669306],[-78.209254,2.664058],[-78.198011,2.648208],[-78.189497,2.643809],[-78.188029,2.637504],[-78.192727,2.630758],[-78.193166,2.623166],[-78.186104,2.612133],[-78.179023,2.586609],[-78.186124,2.583171],[-78.193711,2.596947],[-78.1962,2.597058],[-78.203832,2.605565],[-78.211056,2.610026],[-78.218833,2.612811],[-78.224946,2.617832],[-78.226064,2.62565],[-78.229956,2.630673],[-78.237359,2.629944],[-78.242044,2.640367],[-78.24109,2.659703],[-78.244982,2.665284],[-78.257234,2.66229],[-78.276072,2.655202],[-78.281625,2.655196],[-78.304065,2.658067],[-78.304317,2.645723],[-78.301134,2.635994],[-78.293812,2.623352],[-78.288185,2.616762],[-78.28601,2.60459],[-78.296591,2.598891],[-78.310992,2.588151],[-78.323209,2.588139],[-78.327658,2.595395],[-78.325853,2.600908],[-78.329895,2.610471],[-78.33304,2.614079],[-78.335669,2.621974],[-78.341792,2.625488],[-78.342891,2.62988],[-78.33235,2.636581],[-78.329273,2.644842],[-78.329282,2.652348],[-78.334317,2.655144],[-78.34783,2.64889],[-78.354918,2.644512],[-78.374899,2.634439],[-78.383374,2.625028],[-78.395695,2.604144],[-78.401353,2.602141],[-78.412089,2.600983],[-78.41233,2.604485],[-78.421586,2.605841],[-78.431697,2.59915],[-78.448679,2.594523],[-78.452472,2.58449],[-78.451295,2.577211],[-78.460969,2.574537],[-78.465256,2.56363],[-78.464869,2.558149],[-78.468425,2.554749],[-78.474632,2.555893],[-78.489342,2.544703],[-78.501798,2.530047],[-78.507849,2.520025],[-78.506052,2.501268],[-78.507696,2.495499],[-78.513893,2.488145],[-78.515262,2.494862],[-78.518412,2.499394],[-78.528075,2.500504],[-78.537969,2.49741],[-78.545006,2.491794],[-78.552476,2.479388],[-78.555897,2.462133],[-78.555161,2.447795],[-78.5575,2.441786],[-78.564713,2.435968],[-78.567097,2.440408],[-78.573789,2.444383],[-78.585507,2.424178],[-78.600996,2.398784],[-78.600992,2.394997],[-78.605733,2.389022],[-78.610649,2.38714],[-78.619287,2.377408],[-78.620383,2.372634],[-78.615558,2.366206],[-78.615333,2.34856],[-78.617434,2.346389],[-78.622527,2.333716],[-78.631969,2.318124],[-78.637221,2.318136],[-78.646045,2.300106],[-78.65699,2.281396],[-78.665688,2.275271],[-78.666513,2.271239],[-78.658899,2.258183],[-78.654313,2.252653],[-78.669613,2.248029],[-78.66689,2.23892],[-78.676882,2.242009],[-78.680408,2.246193],[-78.685357,2.233311],[-78.691655,2.224116],[-78.690334,2.217375],[-78.693743,2.209902],[-78.692024,2.200055],[-78.697534,2.194114],[-78.705652,2.192281],[-78.711192,2.173228],[-78.706768,2.162107],[-78.709191,2.160649],[-78.71065,2.15246],[-78.704612,2.121804],[-78.701134,2.113516],[-78.69482,2.1152],[-78.682151,2.125815],[-78.670374,2.121286],[-78.667873,2.112429],[-78.659675,2.097768],[-78.663833,2.094828],[-78.6756,2.109136],[-78.68792,2.10682],[-78.688718,2.094512],[-78.685245,2.093916],[-78.685557,2.086821],[-78.67967,2.06069],[-78.677862,2.057738],[-78.670159,2.054839],[-78.665041,2.049053],[-78.654948,2.050258],[-78.65579,2.044231],[-78.670089,2.043746],[-78.671969,2.040772],[-78.67022,2.034209],[-78.666937,2.011875],[-78.667604,1.996313],[-78.66581,1.98918],[-78.66962,1.98835],[-78.67312,1.98236],[-78.671806,1.975828],[-78.66712,1.97243],[-78.659867,1.975753],[-78.657675,1.980315],[-78.649869,1.976664],[-78.646934,1.979736],[-78.647858,1.985989],[-78.644451,1.991016],[-78.637993,1.995576],[-78.634463,2.000413],[-78.633581,2.007916],[-78.62673,2.007926],[-78.624454,2.001378],[-78.617852,1.998383],[-78.610586,1.99767],[-78.60246,1.991671],[-78.59694,1.9838],[-78.596576,1.980337],[-78.589467,1.977666],[-78.586853,1.972197],[-78.58954,1.966358],[-78.585185,1.962617],[-78.588078,1.957816],[-78.59199,1.958085],[-78.5934,1.950876],[-78.59827,1.950235],[-78.602025,1.942066],[-78.600609,1.928446],[-78.598129,1.923171],[-78.599545,1.918004],[-78.59898,1.899616],[-78.596969,1.8941],[-78.58822,1.893483],[-78.583345,1.89823],[-78.570099,1.90096],[-78.554672,1.901195],[-78.550466,1.897702],[-78.550899,1.893847],[-78.546254,1.887807],[-78.545195,1.881669],[-78.5464,1.87326],[-78.54386,1.86316],[-78.54412,1.85711],[-78.53805,1.855352],[-78.54184,1.84074],[-78.54787,1.83174],[-78.546463,1.823904],[-78.548885,1.819545],[-78.547202,1.807386],[-78.544865,1.800304],[-78.550549,1.795918],[-78.555736,1.796677],[-78.561185,1.793175],[-78.560438,1.784756],[-78.561859,1.761733],[-78.56026,1.754972],[-78.566925,1.746458],[-78.573259,1.759462],[-78.578385,1.76419],[-78.589201,1.771421],[-78.595434,1.767542],[-78.600751,1.745545],[-78.602324,1.746898],[-78.600408,1.75963],[-78.600338,1.770499],[-78.605849,1.776825],[-78.607892,1.787246],[-78.599713,1.792424],[-78.603733,1.79493],[-78.609626,1.794836],[-78.622013,1.791835],[-78.642279,1.790447],[-78.652781,1.792581],[-78.655471,1.785902],[-78.660805,1.78526],[-78.676454,1.788102],[-78.677907,1.789775],[-78.68781,1.781634],[-78.687555,1.777208],[-78.676551,1.76218],[-78.676091,1.755828],[-78.679745,1.750533],[-78.681242,1.763071],[-78.690055,1.774682],[-78.691923,1.783808],[-78.696167,1.784467],[-78.695376,1.773601],[-78.704813,1.776346],[-78.708508,1.780605],[-78.712617,1.790477],[-78.719726,1.791144],[-78.716834,1.766502],[-78.71898,1.748153],[-78.728365,1.741085],[-78.731731,1.743312],[-78.730618,1.748818],[-78.726135,1.753698],[-78.726889,1.766693],[-78.731901,1.778977],[-78.737113,1.786558],[-78.73776,1.795547],[-78.74295,1.796697],[-78.747389,1.800816],[-78.756203,1.798027],[-78.764349,1.80777],[-78.762879,1.8168],[-78.759553,1.819221],[-78.76131,1.824657],[-78.768236,1.822543],[-78.76366,1.817176],[-78.769791,1.810523],[-78.779965,1.805543],[-78.782127,1.802298],[-78.788574,1.801542],[-78.79128,1.807172],[-78.796672,1.806095],[-78.804162,1.81265],[-78.799222,1.816045],[-78.801625,1.820747],[-78.814424,1.817184],[-78.814505,1.81095],[-78.823334,1.814513],[-78.828923,1.814351],[-78.831802,1.818744],[-78.836652,1.817163],[-78.845619,1.810346],[-78.857057,1.799515],[-78.872287,1.791685],[-78.888576,1.770395],[-78.90594,1.755519],[-78.916988,1.748159],[-78.919557,1.741037],[-78.926605,1.738499],[-78.931246,1.733105],[-78.949044,1.704719],[-78.954954,1.69306],[-78.953451,1.686168],[-78.964026,1.678292],[-78.97417,1.675481],[-78.989103,1.668939],[-79.001725,1.660356],[-79.006311,1.655116],[-79.007312,1.650157],[-79.003304,1.646135],[-78.991149,1.64346],[-78.990902,1.639201],[-79.003808,1.638645],[-79.005301,1.635062],[-78.999195,1.621359],[-78.995331,1.6093],[-78.991893,1.604234],[-78.978939,1.599214],[-78.970145,1.599033],[-78.962567,1.595705],[-78.953741,1.589209],[-78.939042,1.574621],[-78.929913,1.562432],[-78.930552,1.571056],[-78.92332,1.571128],[-78.912997,1.559352],[-78.904312,1.542544],[-78.901192,1.541721],[-78.891696,1.544793],[-78.88953,1.54884],[-78.881789,1.554325],[-78.87111,1.555414],[-78.875205,1.546397],[-78.874355,1.541308],[-78.86856,1.536628],[-78.86519,1.528501],[-78.873354,1.522246],[-78.87435,1.516694],[-78.872234,1.504076],[-78.868615,1.496525],[-78.861651,1.487335],[-78.851441,1.477455],[-78.846296,1.476388],[-78.837031,1.478137],[-78.818677,1.473072],[-78.811361,1.479715],[-78.802834,1.481338],[-78.810192,1.472979],[-78.813647,1.465484],[-78.82129,1.462387],[-78.81834,1.458106],[-78.812042,1.457779],[-78.809346,1.454802],[-78.80955,1.446878],[-78.805121,1.444267],[-78.801056,1.451283],[-78.797376,1.451714],[-78.789631,1.443222],[-78.797093,1.423973],[-78.79037,1.408261],[-78.785283,1.408579],[-78.781649,1.414891],[-78.785374,1.417593],[-78.780228,1.421805],[-78.780263,1.409783],[-78.777084,1.405264],[-78.778038,1.392368],[-78.767615,1.391201],[-78.76636,1.39479],[-78.759753,1.395445],[-78.751649,1.38988],[-78.746612,1.378647],[-78.739519,1.376289],[-78.731325,1.368166],[-78.720251,1.368951],[-78.716889,1.362458],[-78.709268,1.358369],[-78.703823,1.349619],[-78.702382,1.339389],[-78.694598,1.334339],[-78.681634,1.331448],[-78.676055,1.326156],[-78.673676,1.31983],[-78.665529,1.320778],[-78.661778,1.318107],[-78.662293,1.311759],[-78.657736,1.30631],[-78.652882,1.291734],[-78.646496,1.28942],[-78.648521,1.2831],[-78.648028,1.276472],[-78.640855,1.268738],[-78.635788,1.26826],[-78.627176,1.261183],[-78.625962,1.255111],[-78.621918,1.250333],[-78.61525,1.246187],[-78.604379,1.249756],[-78.558613,1.249756],[-78.550591,1.248501],[-78.5506,1.243537],[-78.544188,1.244022],[-78.541387,1.236102],[-78.547044,1.229583],[-78.544565,1.226458],[-78.539178,1.228613],[-78.527863,1.220532],[-78.52129,1.220747],[-78.521075,1.21342],[-78.514017,1.211804],[-78.51601,1.20647],[-78.511353,1.202471],[-78.512824,1.194886],[-78.509682,1.189184],[-78.50549,1.196997],[-78.501773,1.195411],[-78.492803,1.197276],[-78.49463,1.191859],[-78.489581,1.18535],[-78.478182,1.193426],[-78.470354,1.189049],[-78.469999,1.181526],[-78.463306,1.180632],[-78.46291,1.176429],[-78.453117,1.177777],[-78.450698,1.183506],[-78.442333,1.184141],[-78.442412,1.187947],[-78.436981,1.190623],[-78.429468,1.187015],[-78.426752,1.170403],[-78.432045,1.167826],[-78.437183,1.156886],[-78.433312,1.150651],[-78.431067,1.14088],[-78.424115,1.138443],[-78.415262,1.139627],[-78.417094,1.14899],[-78.424941,1.153734],[-78.416795,1.160318],[-78.407378,1.160234],[-78.39482,1.15273],[-78.387333,1.15817],[-78.382438,1.159608],[-78.379572,1.167005],[-78.380672,1.169854],[-78.37504,1.174119],[-78.362479,1.177401],[-78.360046,1.174586],[-78.354465,1.180433],[-78.345802,1.183349],[-78.340854,1.181966],[-78.328909,1.184265],[-78.326626,1.194095],[-78.321845,1.191629],[-78.311732,1.191162],[-78.311316,1.183449],[-78.305435,1.179101],[-78.303769,1.172053],[-78.295805,1.17217],[-78.294356,1.168272],[-78.297488,1.156759],[-78.297055,1.151478],[-78.291174,1.140549],[-78.290794,1.133295],[-78.276491,1.109168],[-78.272966,1.114183],[-78.264691,1.111703],[-78.262712,1.10758],[-78.2677,1.104933],[-78.265108,1.10028],[-78.258625,1.097231],[-78.254559,1.098137],[-78.251475,1.088481],[-78.25612,1.080926],[-78.262615,1.082314],[-78.267568,1.077303],[-78.278284,1.07154],[-78.27998,1.068649],[-78.276684,1.062906],[-78.28183,1.055852],[-78.266899,1.043669],[-78.257648,1.040393],[-78.253331,1.036673],[-78.253408,1.031662],[-78.250257,1.028376],[-78.24355,1.029471],[-78.237352,1.024183],[-78.237523,1.018322],[-78.231891,1.0147],[-78.219114,1.009339],[-78.208027,1.00208],[-78.202116,0.996797],[-78.203048,0.993356],[-78.195164,0.98477],[-78.195651,0.976683],[-78.192108,0.96981],[-78.194002,0.967641],[-78.191327,0.960528],[-78.199484,0.953926],[-78.196637,0.945118],[-78.19408,0.945758],[-78.185046,0.937626],[-78.173573,0.934902],[-78.154636,0.924634],[-78.145172,0.926534],[-78.142397,0.931468],[-78.134932,0.936148],[-78.124865,0.936448],[-78.111768,0.932248],[-78.107079,0.928176],[-78.105746,0.913437],[-78.099787,0.909374],[-78.098741,0.905328],[-78.087508,0.896742],[-78.079087,0.897996],[-78.066909,0.895119],[-78.065603,0.889298],[-78.050849,0.887165],[-78.047083,0.883155],[-78.033945,0.880162],[-78.021642,0.874906],[-78.019969,0.871075],[-78.012522,0.868892],[-78.010044,0.864412],[-78.001769,0.859039],[-77.998595,0.860527],[-77.984667,0.853326],[-77.976973,0.836559],[-77.965119,0.832274],[-77.963917,0.825323],[-77.954084,0.823924],[-77.936194,0.816397],[-77.927473,0.816539],[-77.921368,0.813231],[-77.91096,0.810844],[-77.907376,0.81249],[-77.892935,0.810905],[-77.873968,0.80525],[-77.868282,0.801842],[-77.844102,0.802366],[-77.834032,0.805831],[-77.824518,0.806481],[-77.819284,0.808481],[-77.814013,0.819505],[-77.802727,0.831196],[-77.788685,0.835838],[-77.78437,0.833845],[-77.778674,0.835651],[-77.774852,0.839602],[-77.764318,0.841847],[-77.747876,0.833281],[-77.736587,0.837047],[-77.72087,0.849971],[-77.712906,0.850523],[-77.708561,0.848341],[-77.706719,0.843407],[-77.697644,0.840076],[-77.69337,0.832896],[-77.686741,0.829899],[-77.676799,0.822744],[-77.672962,0.823899],[-77.668951,0.817738],[-77.66467,0.817469],[-77.663713,0.812228],[-77.668623,0.803778],[-77.674304,0.801743],[-77.677136,0.796528],[-77.676518,0.791021],[-77.665083,0.790355],[-77.665071,0.785387],[-77.671385,0.780433],[-77.682603,0.776088],[-77.69061,0.765539],[-77.69452,0.756283],[-77.692891,0.751231],[-77.69644,0.749115],[-77.697898,0.741574],[-77.675385,0.737207],[-77.673839,0.732182],[-77.674426,0.721544],[-77.670107,0.710761],[-77.66576,0.704987],[-77.658447,0.704017],[-77.652153,0.705853],[-77.639473,0.702583],[-77.636606,0.698993],[-77.629519,0.69563],[-77.625178,0.695825],[-77.61994,0.691598],[-77.607569,0.685792],[-77.601551,0.67507],[-77.589269,0.673566],[-77.587916,0.669481],[-77.581138,0.66596],[-77.576728,0.660187],[-77.568904,0.657586],[-77.564312,0.651683],[-77.556393,0.64938],[-77.548136,0.649031],[-77.534823,0.653063],[-77.52945,0.652797],[-77.520595,0.657302],[-77.505989,0.655156],[-77.503196,0.657979],[-77.497361,0.658246],[-77.491379,0.662091],[-77.485108,0.655569],[-77.479481,0.655129],[-77.48264,0.64922],[-77.478284,0.640312],[-77.479526,0.629372],[-77.481015,0.604694],[-77.48547,0.599229],[-77.486585,0.589076],[-77.490579,0.58227],[-77.497648,0.579894],[-77.501806,0.575011],[-77.502727,0.568191],[-77.509737,0.562607],[-77.510925,0.550816],[-77.516736,0.54146],[-77.519807,0.525172],[-77.522145,0.519619],[-77.520002,0.511778],[-77.517518,0.510024],[-77.515715,0.494146],[-77.518297,0.493074],[-77.524775,0.467259],[-77.518687,0.458151],[-77.517712,0.453329],[-77.521901,0.443636],[-77.519553,0.438046],[-77.52193,0.42998],[-77.519475,0.423784],[-77.52115,0.416459],[-77.526767,0.412448],[-77.528567,0.40752],[-77.526461,0.401243],[-77.458846,0.427528],[-77.449689,0.432314],[-77.442595,0.437853],[-77.433618,0.43523],[-77.430783,0.438737],[-77.420423,0.435752],[-77.421827,0.42562],[-77.419967,0.420753],[-77.413706,0.416811],[-77.41218,0.409199],[-77.397553,0.400642],[-77.39135,0.39429],[-77.388114,0.387814],[-77.379392,0.385166],[-77.377879,0.389292],[-77.382647,0.394474],[-77.374396,0.39746],[-77.367534,0.397646],[-77.35663,0.395884],[-77.350099,0.391178],[-77.340273,0.390929],[-77.335567,0.388214],[-77.326458,0.388655],[-77.318576,0.38299],[-77.312407,0.380735],[-77.308593,0.372293],[-77.301959,0.367583],[-77.297348,0.367417],[-77.286834,0.363138],[-77.277413,0.365079],[-77.271426,0.363586],[-77.264363,0.370037],[-77.258537,0.368876],[-77.254702,0.364419],[-77.248918,0.365103],[-77.245187,0.361599],[-77.239444,0.36587],[-77.232541,0.362346],[-77.223689,0.365082],[-77.214472,0.362819],[-77.209216,0.366899],[-77.200237,0.367647],[-77.199809,0.372902],[-77.194607,0.375129],[-77.191899,0.379548],[-77.184791,0.382665],[-77.185218,0.38785],[-77.177753,0.390344],[-77.171197,0.387173],[-77.166031,0.389524],[-77.160294,0.382861],[-77.152348,0.379423],[-77.150139,0.376483],[-77.138042,0.374613],[-77.128293,0.379065],[-77.124514,0.374307],[-77.113308,0.37233],[-77.112548,0.382238],[-77.104486,0.382238],[-77.100032,0.379248],[-77.096425,0.383732],[-77.096637,0.395692],[-77.089849,0.393343],[-77.089637,0.39975],[-77.092288,0.404745],[-77.093727,0.414197],[-77.089,0.426017],[-77.095789,0.431356],[-77.101517,0.427512],[-77.107739,0.442918],[-77.10728,0.450205],[-77.103355,0.457132],[-77.101265,0.468884],[-77.105343,0.477556],[-77.115317,0.481206],[-77.117945,0.485037],[-77.118851,0.498265],[-77.12447,0.504834],[-77.119848,0.508301],[-77.12311,0.51569],[-77.127913,0.518974],[-77.129726,0.526181],[-77.130723,0.538315],[-77.128276,0.546525],[-77.129545,0.555922],[-77.114411,0.563585],[-77.119485,0.56988],[-77.119032,0.579003],[-77.116767,0.582743],[-77.118851,0.594238],[-77.123654,0.596975],[-77.133231,0.596725],[-77.137029,0.602255],[-77.142233,0.604727],[-77.156067,0.606207],[-77.174554,0.616152],[-77.186796,0.630993],[-77.157055,0.752525],[-77.143174,0.805939],[-77.139998,0.819871],[-77.137133,0.822677],[-77.10873,0.830309],[-77.101735,0.833983],[-77.10774,0.844439],[-77.114169,0.849646],[-77.117773,0.858335],[-77.116572,0.862433],[-77.11636,0.8764],[-77.124131,0.881607],[-77.11855,0.900562],[-77.110496,0.903105],[-77.100464,0.912643],[-77.091209,0.914127],[-77.088453,0.923593],[-77.082872,0.934261],[-77.077644,0.941566],[-77.073148,0.944846],[-77.074433,0.951849],[-77.078563,0.95836],[-77.075504,0.96618],[-77.065793,0.974248],[-77.056011,0.977033],[-77.049585,0.976819],[-77.041741,0.985555],[-77.038856,0.993044],[-77.02998,0.993821],[-77.029203,1.004749],[-77.026707,1.013359],[-77.029259,1.021292],[-77.034474,1.02806],[-77.039433,1.040082],[-77.056908,1.033757],[-77.062455,1.037696],[-77.064175,1.041746],[-77.06473,1.052619],[-77.067115,1.055393],[-77.077676,1.059812],[-77.088757,1.067795],[-77.09464,1.082217],[-77.093694,1.092433],[-77.090753,1.107086],[-77.090911,1.118273],[-77.094955,1.132144],[-77.097423,1.164192],[-77.087865,1.175432],[-77.085659,1.180736],[-77.091682,1.184448],[-77.097305,1.184646],[-77.100877,1.188152],[-77.110669,1.190666],[-77.119401,1.198803],[-77.122229,1.215427],[-77.105946,1.216107],[-77.101739,1.218458],[-77.090479,1.21852],[-77.084973,1.223222],[-77.080704,1.223624],[-77.075537,1.236013],[-77.076028,1.245272],[-77.071002,1.250185],[-77.063671,1.253586],[-77.053475,1.262897],[-77.047945,1.272666],[-77.036904,1.274034],[-77.021259,1.284724],[-77.013526,1.285021],[-77.007994,1.288233],[-77.003627,1.298049],[-76.991242,1.302427],[-76.98853,1.300381],[-76.979631,1.30414],[-76.978536,1.31638],[-76.974935,1.321594],[-76.964278,1.311663],[-76.95645,1.307075],[-76.950487,1.294109],[-76.94515,1.289188],[-76.933859,1.286251],[-76.927973,1.28026],[-76.926778,1.27354],[-76.921311,1.275888],[-76.915755,1.28114],[-76.911745,1.288634],[-76.904384,1.298044],[-76.903353,1.305501],[-76.905053,1.313903],[-76.90289,1.318316],[-76.914688,1.332079],[-76.921513,1.336339],[-76.920573,1.345606]]],[[[-78.63111,2.328411],[-78.625529,2.337279],[-78.626908,2.347793],[-78.63111,2.328411]]],[[[-78.047356,2.587809],[-78.067009,2.578137],[-78.066138,2.57393],[-78.05878,2.566338],[-78.048663,2.562663],[-78.039126,2.566676],[-78.033705,2.572238],[-78.035496,2.584134],[-78.047356,2.587809]]]]},"properties":{"shapeName":"Nariño"}},{"type":"Feature","geometry":{"type":"Polygon","coordinates":[[[-73.658768,1.614517],[-73.66097,1.601074],[-73.660535,1.584474],[-73.657686,1.576351],[-73.643927,1.561464],[-73.640475,1.549061],[-73.62706,1.538134],[-73.617384,1.527618],[-73.609945,1.508666],[-73.598139,1.496258],[-73.587763,1.488445],[-73.582759,1.481981],[-73.577873,1.468955],[-73.570514,1.46296],[-73.561897,1.462624],[-73.555026,1.453905],[-73.549029,1.442591],[-73.547496,1.435851],[-73.545186,1.415839],[-73.542577,1.406276],[-73.537081,1.39964],[-73.529063,1.395489],[-73.50648,1.387051],[-73.492924,1.38018],[-73.483101,1.372941],[-73.475605,1.365081],[-73.471857,1.357953],[-73.466369,1.338517],[-73.461273,1.330341],[-73.458506,1.314743],[-73.455097,1.308876],[-73.442018,1.297407],[-73.424726,1.289492],[-73.424617,1.271163],[-73.430802,1.262893],[-73.429078,1.25695],[-73.421674,1.252043],[-73.413976,1.243562],[-73.413095,1.233211],[-73.41516,1.229212],[-73.421408,1.224768],[-73.422185,1.220665],[-73.414985,1.210094],[-73.408823,1.205831],[-73.409632,1.201205],[-73.417024,1.197771],[-73.417785,1.191666],[-73.411499,1.175548],[-73.404701,1.170991],[-73.396824,1.171881],[-73.394174,1.162121],[-73.396391,1.155799],[-73.390238,1.146976],[-73.377265,1.142768],[-73.375147,1.135882],[-73.370475,1.130507],[-73.36052,1.127289],[-73.353329,1.120839],[-73.344653,1.121208],[-73.340806,1.115687],[-73.334529,1.110431],[-73.334684,1.107098],[-73.340594,1.103213],[-73.334213,1.099549],[-73.333332,1.094485],[-73.327413,1.089778],[-73.324356,1.083491],[-73.312221,1.077917],[-73.303156,1.074976],[-73.299731,1.069372],[-73.284754,1.064831],[-73.281553,1.060759],[-73.279424,1.049678],[-73.276352,1.047567],[-73.262061,1.045219],[-73.253286,1.045869],[-73.250612,1.041291],[-73.245466,1.039606],[-73.241425,1.030398],[-73.24604,1.022612],[-73.245585,1.019064],[-73.239619,1.012222],[-73.231747,1.009021],[-73.213629,0.999082],[-73.206498,1.005061],[-73.199043,1.000288],[-73.185597,1.001477],[-73.178406,0.998729],[-73.173839,0.994534],[-73.174241,0.981817],[-73.184341,0.973087],[-73.180152,0.968127],[-73.180371,0.961043],[-73.173472,0.953859],[-73.168342,0.95562],[-73.163565,0.949975],[-73.163634,0.942146],[-73.15136,0.943478],[-73.14674,0.938616],[-73.146612,0.928377],[-73.143523,0.921539],[-73.134144,0.914966],[-73.127994,0.916617],[-73.1233,0.920762],[-73.114836,0.920182],[-73.110404,0.922496],[-73.107339,0.916131],[-73.101931,0.911725],[-73.094541,0.912722],[-73.091182,0.909231],[-73.086654,0.909657],[-73.082236,0.902628],[-73.07941,0.894684],[-73.07482,0.895169],[-73.065998,0.903847],[-73.058665,0.905595],[-73.054312,0.90973],[-73.048587,0.906509],[-73.041076,0.909751],[-73.038273,0.904206],[-73.034326,0.912788],[-73.025954,0.920562],[-73.019195,0.914636],[-73.008965,0.912088],[-73.001652,0.927504],[-73.004396,0.932738],[-72.987808,0.932598],[-72.993932,0.945529],[-72.994991,0.950117],[-72.98772,0.951538],[-72.988172,0.95903],[-72.982216,0.956458],[-72.975029,0.956806],[-72.96437,0.963017],[-72.960993,0.96177],[-72.955349,0.971034],[-72.953798,0.982533],[-72.950287,0.984057],[-72.944422,0.979844],[-72.934891,0.988789],[-72.930592,1.000888],[-72.933163,1.010665],[-72.928023,1.015838],[-72.922797,1.012499],[-72.918275,1.015104],[-72.910819,1.009396],[-72.907438,1.010359],[-72.901182,1.017512],[-72.895008,1.013507],[-72.885895,1.023008],[-72.877839,1.022703],[-72.869295,1.026622],[-72.873545,1.037607],[-72.867391,1.041136],[-72.87105,1.04522],[-72.878537,1.043847],[-72.878947,1.047509],[-72.874657,1.051881],[-72.870911,1.050977],[-72.859488,1.043958],[-72.858503,1.047129],[-72.861227,1.054578],[-72.860893,1.06879],[-72.865745,1.073796],[-72.87449,1.074667],[-72.88259,1.07196],[-72.884684,1.077372],[-72.879703,1.079405],[-72.871699,1.079387],[-72.87135,1.087537],[-72.87791,1.094476],[-72.88343,1.098156],[-72.882558,1.101237],[-72.874543,1.102278],[-72.864327,1.107869],[-72.85717,1.102803],[-72.853437,1.102937],[-72.850601,1.107896],[-72.852639,1.111294],[-72.868523,1.121798],[-72.870114,1.12499],[-72.871906,1.138401],[-72.869652,1.146247],[-72.863541,1.146359],[-72.855596,1.143602],[-72.851447,1.144003],[-72.850649,1.152619],[-72.85409,1.162143],[-72.846123,1.161686],[-72.830685,1.155791],[-72.827205,1.151673],[-72.824247,1.158634],[-72.818332,1.163801],[-72.817707,1.17176],[-72.821667,1.176936],[-72.819193,1.179442],[-72.804253,1.183382],[-72.797715,1.17659],[-72.790366,1.17841],[-72.784532,1.175887],[-72.775328,1.182869],[-72.769751,1.177512],[-72.777262,1.166796],[-72.779103,1.156825],[-72.778737,1.148768],[-72.765695,1.132891],[-72.75081,1.129204],[-72.742451,1.13466],[-72.7396,1.141266],[-72.743123,1.147729],[-72.735256,1.153827],[-72.724486,1.148743],[-72.723687,1.151846],[-72.731077,1.161109],[-72.727542,1.170702],[-72.72916,1.180429],[-72.726288,1.186471],[-72.718198,1.188297],[-72.704048,1.184697],[-72.698391,1.182162],[-72.693835,1.175989],[-72.694626,1.166337],[-72.691954,1.164121],[-72.675075,1.164578],[-72.667879,1.162587],[-72.663361,1.152455],[-72.657692,1.152645],[-72.654696,1.15899],[-72.651314,1.171554],[-72.65271,1.182005],[-72.64736,1.18149],[-72.644691,1.168987],[-72.636415,1.15943],[-72.636801,1.152506],[-72.634383,1.148402],[-72.62477,1.138524],[-72.616238,1.133903],[-72.607067,1.132809],[-72.59172,1.126518],[-72.588537,1.123632],[-72.586948,1.117348],[-72.582024,1.113823],[-72.574594,1.113239],[-72.564855,1.102656],[-72.559832,1.095722],[-72.547467,1.088059],[-72.534035,1.082592],[-72.522501,1.081505],[-72.513639,1.074569],[-72.511519,1.067878],[-72.50592,1.066973],[-72.499187,1.072976],[-72.488869,1.071528],[-72.483489,1.073021],[-72.4785,1.079573],[-72.470972,1.079087],[-72.46828,1.082646],[-72.456233,1.079573],[-72.454835,1.069392],[-72.449731,1.062343],[-72.444998,1.061046],[-72.439833,1.053687],[-72.432562,1.047127],[-72.425439,1.035314],[-72.423857,1.023582],[-72.412317,1.011437],[-72.402699,1.006539],[-72.399075,1.001009],[-72.401445,0.993718],[-72.409684,0.986927],[-72.405435,0.979512],[-72.400186,0.966441],[-72.396813,0.963929],[-72.386197,0.960539],[-72.376207,0.96004],[-72.383565,0.935777],[-72.388184,0.929741],[-72.392301,0.920564],[-72.387055,0.916795],[-72.374193,0.916422],[-72.363706,0.924597],[-72.35734,0.931513],[-72.349223,0.933904],[-72.339605,0.926617],[-72.33848,0.923977],[-72.340975,0.915177],[-72.346965,0.903107],[-72.34334,0.894812],[-72.331472,0.878978],[-72.333915,0.874249],[-72.341921,0.869918],[-72.341077,0.86283],[-72.331089,0.850776],[-72.328715,0.841299],[-72.325418,0.838908],[-72.31775,0.844622],[-72.316141,0.853416],[-72.319149,0.859829],[-72.324927,0.86726],[-72.322874,0.874702],[-72.319497,0.876883],[-72.310463,0.874962],[-72.299817,0.881474],[-72.293412,0.879834],[-72.287084,0.87018],[-72.286507,0.860093],[-72.289459,0.855426],[-72.297435,0.85157],[-72.300762,0.84118],[-72.294217,0.830444],[-72.28568,0.820739],[-72.29004,0.815783],[-72.301684,0.816518],[-72.306867,0.814761],[-72.309152,0.808803],[-72.296134,0.789575],[-72.292646,0.781313],[-72.280046,0.770123],[-72.267942,0.763154],[-72.261413,0.765089],[-72.261339,0.777029],[-72.269332,0.78595],[-72.271569,0.791847],[-72.265693,0.795123],[-72.253037,0.792024],[-72.248267,0.787987],[-72.244205,0.776852],[-72.238051,0.768164],[-72.228674,0.76038],[-72.224798,0.754908],[-72.221513,0.746055],[-72.224685,0.732952],[-72.229699,0.725512],[-72.230538,0.716768],[-72.220145,0.705433],[-72.212397,0.701468],[-72.205189,0.700101],[-72.198535,0.704871],[-72.194567,0.71954],[-72.189745,0.726446],[-72.182585,0.723853],[-72.171699,0.713285],[-72.163576,0.713874],[-72.160744,0.718717],[-72.163292,0.725431],[-72.167501,0.730375],[-72.162396,0.73425],[-72.146297,0.718594],[-72.141233,0.717745],[-72.135117,0.725604],[-72.133326,0.735268],[-72.131006,0.738454],[-72.124677,0.737606],[-72.119191,0.732192],[-72.121825,0.720298],[-72.108952,0.702993],[-72.097137,0.698111],[-72.093023,0.697899],[-72.086379,0.702998],[-72.079311,0.702575],[-72.071715,0.694612],[-72.068338,0.68856],[-72.066754,0.680597],[-72.069706,0.669977],[-72.074346,0.664455],[-72.086265,0.662328],[-72.085947,0.656594],[-72.076559,0.655641],[-72.067488,0.656704],[-72.051454,0.654265],[-72.04734,0.655646],[-72.032936,0.664476],[-72.032677,0.667822],[-71.803352,0.888054],[-71.792941,0.89313],[-71.787498,0.89922],[-71.779376,0.903832],[-71.773243,0.91662],[-71.769202,0.91904],[-71.76757,0.93166],[-71.770423,0.940255],[-71.768445,0.946529],[-71.769732,0.960837],[-71.764601,0.963749],[-71.757955,0.963472],[-71.747975,0.972601],[-71.742737,0.984659],[-71.737462,0.986921],[-71.72415,0.985445],[-71.716428,0.989065],[-71.708434,0.988073],[-71.700113,0.981568],[-71.694553,0.981831],[-71.691013,0.976917],[-71.685523,0.976347],[-71.677803,0.972008],[-71.673296,0.974671],[-71.664531,0.972583],[-71.658346,0.976608],[-71.658791,0.980836],[-71.651114,0.985394],[-71.644824,0.99195],[-71.643956,0.998967],[-71.637659,1.001178],[-71.638871,1.007959],[-71.631396,1.016401],[-71.62971,1.023681],[-71.621414,1.026118],[-71.618902,1.035253],[-71.6158,1.03788],[-71.609315,1.037716],[-71.604102,1.043059],[-71.585515,1.0462],[-71.585664,1.053576],[-71.588819,1.058265],[-71.58466,1.061423],[-71.584536,1.066668],[-71.588474,1.072578],[-71.581718,1.073712],[-71.578477,1.086636],[-71.574142,1.087972],[-71.574235,1.096113],[-71.581833,1.098229],[-71.578112,1.105392],[-71.576142,1.119407],[-71.582875,1.120012],[-71.581234,1.127726],[-71.568702,1.126249],[-71.562516,1.13004],[-71.558739,1.121588],[-71.552152,1.113296],[-71.544084,1.112996],[-71.540479,1.114926],[-71.542024,1.123379],[-71.546165,1.127863],[-71.557817,1.146463],[-71.556572,1.15601],[-71.540093,1.163754],[-71.531295,1.160257],[-71.530565,1.150131],[-71.535286,1.135865],[-71.535501,1.124773],[-71.523806,1.114841],[-71.504602,1.104843],[-71.492757,1.106238],[-71.485333,1.110164],[-71.484946,1.115634],[-71.490633,1.124495],[-71.492907,1.131231],[-71.497499,1.135565],[-71.5084,1.138139],[-71.508743,1.143331],[-71.502507,1.148902],[-71.508596,1.150198],[-71.51072,1.15385],[-71.511449,1.164533],[-71.519882,1.175496],[-71.527854,1.177813],[-71.527253,1.1918],[-71.53325,1.1943],[-71.531115,1.200382],[-71.535203,1.207096],[-71.542627,1.202173],[-71.54355,1.206581],[-71.552079,1.206174],[-71.553152,1.213178],[-71.55121,1.220654],[-71.544269,1.223014],[-71.539377,1.230287],[-71.539645,1.236412],[-71.545749,1.251246],[-71.547606,1.264858],[-71.545631,1.267571],[-71.551854,1.274994],[-71.551007,1.280057],[-71.544065,1.275627],[-71.536351,1.275498],[-71.531394,1.283382],[-71.532746,1.289539],[-71.526523,1.29458],[-71.5275,1.303096],[-71.524217,1.303944],[-71.518005,1.310519],[-71.52102,1.313039],[-71.516084,1.317834],[-71.520183,1.321105],[-71.514003,1.325589],[-71.51146,1.333183],[-71.507394,1.335542],[-71.509518,1.341174],[-71.504948,1.343222],[-71.506772,1.35442],[-71.50189,1.363816],[-71.495635,1.365114],[-71.494777,1.372278],[-71.490148,1.374179],[-71.489942,1.385875],[-71.483596,1.397163],[-71.478002,1.404075],[-71.476365,1.422936],[-71.47951,1.433941],[-71.488988,1.442129],[-71.489578,1.447462],[-71.477982,1.452033],[-71.473495,1.457326],[-71.456022,1.471137],[-71.453669,1.484206],[-71.442487,1.509687],[-71.440723,1.522131],[-71.43778,1.531612],[-71.430065,1.540494],[-71.435023,1.549248],[-71.435662,1.558117],[-71.423541,1.582529],[-71.416691,1.586403],[-71.402717,1.5816],[-71.39862,1.588536],[-71.397597,1.594073],[-71.39036,1.599122],[-71.397942,1.614962],[-71.393105,1.624248],[-71.394616,1.632245],[-71.392472,1.643552],[-71.387451,1.652792],[-71.386406,1.661571],[-71.389511,1.671498],[-71.3918,1.688596],[-71.394173,1.694845],[-71.397103,1.70946],[-71.38916,1.719666],[-71.388925,1.735103],[-71.384223,1.733349],[-71.383457,1.727764],[-71.37972,1.72259],[-71.366962,1.710118],[-71.361303,1.702297],[-71.346199,1.705777],[-71.33363,1.704444],[-71.321393,1.707767],[-71.315127,1.714436],[-71.311617,1.706308],[-71.305825,1.700923],[-71.295002,1.696793],[-71.285779,1.685263],[-71.281884,1.682893],[-71.268993,1.680219],[-71.26631,1.678431],[-71.261198,1.668935],[-71.253764,1.668205],[-71.244293,1.673358],[-71.240427,1.682158],[-71.235548,1.68896],[-71.229222,1.693704],[-71.213894,1.702559],[-71.205447,1.710861],[-71.199229,1.726461],[-71.192529,1.735504],[-71.185491,1.741854],[-71.155811,1.761986],[-71.149901,1.762675],[-71.142622,1.759934],[-71.136562,1.769051],[-71.1283,1.770959],[-71.126204,1.780589],[-71.119092,1.779784],[-71.114312,1.784328],[-71.109458,1.784625],[-71.095959,1.77874],[-71.093674,1.780162],[-71.094305,1.789537],[-71.090588,1.788251],[-71.086805,1.791988],[-71.092444,1.799344],[-71.082399,1.796556],[-71.071118,1.806479],[-71.064841,1.798509],[-71.057212,1.805705],[-71.04825,1.804158],[-71.041998,1.817342],[-71.036644,1.811314],[-71.025084,1.81034],[-71.018304,1.814467],[-71.012091,1.814079],[-71.009346,1.818657],[-71.012526,1.822223],[-71.005155,1.824558],[-70.999761,1.81529],[-70.99512,1.82084],[-70.987133,1.824736],[-70.98499,1.831074],[-70.98046,1.83321],[-70.979675,1.840745],[-70.974842,1.838757],[-70.964165,1.840609],[-70.959537,1.846014],[-70.953688,1.848139],[-70.947188,1.856476],[-70.941858,1.859854],[-70.94455,1.864028],[-70.940526,1.867919],[-70.936988,1.866847],[-70.931427,1.873967],[-70.925083,1.876964],[-70.92558,1.880021],[-70.91771,1.885923],[-70.906599,1.890976],[-70.899162,1.903018],[-70.893247,1.918259],[-70.883249,1.922027],[-70.881333,1.930532],[-70.875684,1.929526],[-70.877519,1.923606],[-70.869873,1.915428],[-70.866418,1.908905],[-70.856808,1.911475],[-70.852334,1.911135],[-70.851132,1.917404],[-70.844676,1.919273],[-70.840491,1.914254],[-70.833993,1.910125],[-70.82815,1.917175],[-70.825186,1.912226],[-70.817487,1.908959],[-70.809708,1.913126],[-70.807846,1.90727],[-70.803215,1.906394],[-70.795422,1.90894],[-70.791408,1.914874],[-70.779023,1.912568],[-70.77693,1.917572],[-70.772676,1.919927],[-70.773289,1.926124],[-70.769644,1.927222],[-70.760069,1.918679],[-70.764724,1.913987],[-70.760755,1.909631],[-70.756149,1.912288],[-70.745676,1.907758],[-70.742086,1.908328],[-70.741229,1.914271],[-70.745378,1.920323],[-70.73789,1.921242],[-70.733038,1.923804],[-70.722525,1.919611],[-70.719222,1.909972],[-70.710792,1.91595],[-70.706928,1.915692],[-70.704061,1.906055],[-70.698382,1.903255],[-70.69384,1.907616],[-70.692211,1.898943],[-70.688285,1.898612],[-70.683627,1.905761],[-70.67683,1.907973],[-70.670298,1.902653],[-70.663406,1.907445],[-70.663513,1.911665],[-70.652624,1.911284],[-70.649775,1.904849],[-70.635116,1.904274],[-70.632192,1.909816],[-70.636064,1.912397],[-70.634579,1.91824],[-70.63078,1.920775],[-70.625176,1.918532],[-70.618498,1.9187],[-70.621534,1.929232],[-70.615837,1.929673],[-70.605387,1.923671],[-70.601959,1.927007],[-70.601406,1.933645],[-70.595543,1.937305],[-70.58936,1.938454],[-70.586871,1.9354],[-70.578399,1.932148],[-70.565077,1.933008],[-70.560823,1.940374],[-70.555711,1.941191],[-70.549184,1.937828],[-70.544339,1.947349],[-70.53893,1.947192],[-70.535621,1.954306],[-70.529075,1.956876],[-70.528143,1.949856],[-70.523641,1.946857],[-70.520153,1.950846],[-70.523077,1.954302],[-70.513965,1.956499],[-70.514208,1.951647],[-70.509247,1.947034],[-70.510188,1.939965],[-70.503695,1.942768],[-70.501913,1.949897],[-70.491433,1.948504],[-70.488005,1.954083],[-70.483739,1.95358],[-70.479927,1.958345],[-70.478318,1.966481],[-70.46914,1.962857],[-70.466102,1.972066],[-70.460793,1.967499],[-70.457683,1.971827],[-70.466143,1.980014],[-70.463249,1.985224],[-70.454803,1.987617],[-70.449521,1.983313],[-70.441342,1.987721],[-70.442103,1.993411],[-70.435775,1.999139],[-70.432252,1.997322],[-70.430577,1.990388],[-70.424722,1.990193],[-70.422159,1.986812],[-70.41461,1.986257],[-70.413436,1.989961],[-70.406054,1.991443],[-70.402144,1.997535],[-70.398272,1.998459],[-70.386997,1.984639],[-70.378348,1.98565],[-70.376473,1.99106],[-70.381228,1.994421],[-70.381937,1.999918],[-70.376744,2.004771],[-70.372731,2.002292],[-70.368211,2.003877],[-70.364172,1.996577],[-70.365267,1.991011],[-70.358315,1.984896],[-70.356405,1.988653],[-70.350996,1.983307],[-70.339674,2.000583],[-70.335819,1.995443],[-70.329218,1.999219],[-70.322709,1.99746],[-70.323101,2.005337],[-70.317284,2.012738],[-70.310805,2.010835],[-70.304946,2.013627],[-70.300786,2.012546],[-70.297086,2.015957],[-70.293227,2.013202],[-70.28302,2.014445],[-70.275732,2.020014],[-70.266931,2.023151],[-70.263008,2.022556],[-70.261303,2.01369],[-70.252956,2.019127],[-70.254675,2.026201],[-70.246535,2.030186],[-70.246071,2.025055],[-70.238135,2.02415],[-70.236596,2.030868],[-70.227838,2.034326],[-70.220181,2.030677],[-70.21517,2.024143],[-70.214988,2.020388],[-70.208207,2.020697],[-70.203868,2.02683],[-70.199291,2.023849],[-70.187499,2.023587],[-70.175135,2.034356],[-70.17625,2.039732],[-70.169998,2.045646],[-70.167035,2.041713],[-70.16036,2.049594],[-70.162029,2.055034],[-70.16006,2.060413],[-70.153406,2.064171],[-70.149668,2.071769],[-70.144649,2.064613],[-70.141004,2.06685],[-70.129918,2.069144],[-70.122189,2.075669],[-70.114268,2.080104],[-70.110379,2.079577],[-70.112972,2.084349],[-70.111048,2.08925],[-70.103946,2.094508],[-70.109469,2.098887],[-70.114827,2.099989],[-70.112223,2.106967],[-70.118425,2.111615],[-70.1086,2.116063],[-70.108362,2.119985],[-70.098589,2.121529],[-70.099554,2.130451],[-70.093986,2.127814],[-70.082902,2.131474],[-70.083014,2.134556],[-70.077373,2.139946],[-70.07236,2.139178],[-70.057703,2.146427],[-70.056198,2.151767],[-70.051973,2.157041],[-70.053362,2.162637],[-70.038191,2.163142],[-70.035843,2.159364],[-70.031189,2.16113],[-70.028789,2.171167],[-70.032725,2.175187],[-70.032009,2.182302],[-70.027049,2.186121],[-70.017089,2.178363],[-70.014624,2.181471],[-70.011357,2.193805],[-70.006359,2.196879],[-70.004385,2.202954],[-70.0059,2.207438],[-69.994688,2.206278],[-69.995543,2.224716],[-70.014579,2.231925],[-70.022354,2.233298],[-70.024994,2.236566],[-70.026646,2.249858],[-70.022416,2.252412],[-70.025055,2.257984],[-70.029737,2.256722],[-70.02633,2.269074],[-70.03048,2.272495],[-70.033731,2.267105],[-70.038839,2.268045],[-70.044547,2.275746],[-70.053882,2.278968],[-70.053199,2.283449],[-70.04489,2.289215],[-70.049265,2.294687],[-70.055558,2.293096],[-70.064265,2.295964],[-70.071592,2.290956],[-70.07291,2.278222],[-70.076161,2.271768],[-70.085152,2.263192],[-70.096099,2.265478],[-70.102771,2.262115],[-70.106819,2.268143],[-70.110594,2.267918],[-70.120942,2.26314],[-70.125773,2.264738],[-70.130678,2.269679],[-70.141395,2.276901],[-70.146705,2.277715],[-70.152723,2.273111],[-70.150539,2.265666],[-70.1411,2.265432],[-70.137479,2.261632],[-70.140655,2.252975],[-70.144509,2.248572],[-70.148208,2.249182],[-70.150846,2.257767],[-70.154994,2.263998],[-70.159675,2.265064],[-70.160962,2.259596],[-70.156444,2.240832],[-70.165957,2.241902],[-70.172075,2.237424],[-70.177058,2.23887],[-70.180526,2.24662],[-70.188678,2.252474],[-70.18272,2.240115],[-70.183855,2.236064],[-70.188992,2.231434],[-70.199513,2.230681],[-70.202754,2.240633],[-70.205774,2.241901],[-70.209982,2.233574],[-70.214663,2.233956],[-70.223264,2.245962],[-70.227063,2.247104],[-70.230364,2.240801],[-70.235424,2.240045],[-70.247302,2.243267],[-70.250345,2.247573],[-70.244854,2.253267],[-70.235339,2.255844],[-70.237097,2.262554],[-70.245149,2.265648],[-70.251418,2.263905],[-70.259804,2.255124],[-70.260865,2.247807],[-70.266604,2.248139],[-70.270384,2.240065],[-70.276803,2.237562],[-70.282991,2.24349],[-70.295622,2.252637],[-70.305488,2.252921],[-70.308284,2.247757],[-70.297012,2.241117],[-70.29299,2.232102],[-70.293623,2.225266],[-70.303997,2.216207],[-70.310041,2.208791],[-70.315881,2.208541],[-70.317413,2.213809],[-70.324984,2.223307],[-70.334799,2.226933],[-70.341289,2.233216],[-70.341056,2.246027],[-70.347247,2.247398],[-70.356465,2.23692],[-70.361525,2.23439],[-70.373151,2.239131],[-70.374734,2.244145],[-70.382788,2.245086],[-70.393808,2.255928],[-70.395263,2.266183],[-70.398962,2.26778],[-70.404148,2.265377],[-70.403421,2.259832],[-70.406141,2.255681],[-70.415581,2.254647],[-70.418951,2.259307],[-70.417387,2.266877],[-70.426524,2.267565],[-70.437779,2.259594],[-70.456204,2.258032],[-70.462851,2.253224],[-70.464313,2.248667],[-70.458851,2.247374],[-70.45538,2.242207],[-70.461347,2.239855],[-70.465955,2.234008],[-70.470658,2.242872],[-70.47471,2.243431],[-70.484002,2.234699],[-70.496814,2.233742],[-70.51375,2.244358],[-70.513065,2.258107],[-70.509892,2.259852],[-70.50355,2.257799],[-70.498343,2.250808],[-70.488828,2.251919],[-70.491393,2.257186],[-70.501058,2.259545],[-70.507776,2.265017],[-70.512279,2.270792],[-70.512152,2.275122],[-70.508525,2.280589],[-70.514036,2.284238],[-70.519097,2.280442],[-70.517438,2.274972],[-70.520007,2.270035],[-70.530731,2.268444],[-70.548291,2.286539],[-70.558736,2.288231],[-70.562547,2.293469],[-70.569053,2.291058],[-70.574398,2.29283],[-70.578191,2.289486],[-70.587816,2.293706],[-70.595294,2.294023],[-70.608352,2.298274],[-70.610141,2.301792],[-70.629914,2.313575],[-70.632538,2.333762],[-70.636874,2.337649],[-70.637033,2.34743],[-70.642747,2.359776],[-70.649003,2.367354],[-70.653406,2.375122],[-70.653406,2.37966],[-70.660012,2.385022],[-70.658979,2.388596],[-70.665309,2.395058],[-70.665997,2.401932],[-70.673779,2.41111],[-70.678542,2.418993],[-70.681599,2.428791],[-70.676205,2.432916],[-70.679397,2.4399],[-70.690241,2.444849],[-70.695029,2.452108],[-70.700644,2.454968],[-70.699598,2.463437],[-70.705983,2.472455],[-70.70868,2.47064],[-70.715065,2.474765],[-70.718147,2.479219],[-70.726073,2.479879],[-70.732183,2.485818],[-70.733614,2.494011],[-70.743026,2.49973],[-70.745558,2.511608],[-70.743475,2.516416],[-70.745608,2.529682],[-70.753727,2.5339],[-70.755312,2.538123],[-70.769403,2.53997],[-70.77112,2.536935],[-70.779795,2.534031],[-70.792697,2.52035],[-70.794854,2.524002],[-70.801415,2.526597],[-70.807096,2.524046],[-70.809518,2.528929],[-70.815543,2.52909],[-70.819052,2.533077],[-70.82841,2.532664],[-70.828616,2.539263],[-70.834877,2.550741],[-70.842034,2.561253],[-70.851688,2.569363],[-70.858685,2.570379],[-70.866486,2.567089],[-70.881963,2.557387],[-70.886112,2.556943],[-70.893956,2.559761],[-70.899015,2.564797],[-70.906357,2.565928],[-70.90919,2.563674],[-70.924082,2.566783],[-70.925219,2.573839],[-70.937904,2.594962],[-70.942492,2.606656],[-70.537814,2.772933],[-70.506761,2.786478],[-70.512683,2.790936],[-70.529935,2.806281],[-70.535342,2.809453],[-70.550792,2.815283],[-70.558259,2.820255],[-70.564439,2.828913],[-70.585124,2.841086],[-70.599029,2.834228],[-70.600402,2.818969],[-70.605809,2.802681],[-70.611217,2.795994],[-70.617826,2.792393],[-70.622203,2.793594],[-70.630443,2.80551],[-70.632074,2.810568],[-70.631473,2.828313],[-70.632245,2.840143],[-70.634734,2.847173],[-70.640914,2.853002],[-70.651042,2.856174],[-70.657994,2.856174],[-70.661513,2.851545],[-70.663144,2.84443],[-70.659968,2.840143],[-70.648467,2.830628],[-70.639541,2.820941],[-70.637481,2.808596],[-70.640227,2.801481],[-70.651815,2.788021],[-70.656192,2.781591],[-70.664003,2.780048],[-70.67559,2.781249],[-70.680053,2.779534],[-70.68546,2.762131],[-70.696017,2.748842],[-70.700996,2.740269],[-70.705802,2.736925],[-70.710523,2.736754],[-70.715844,2.739755],[-70.718934,2.745413],[-70.720307,2.753043],[-70.716016,2.775162],[-70.717904,2.78845],[-70.721252,2.793508],[-70.728376,2.792822],[-70.735414,2.788021],[-70.743138,2.777734],[-70.756442,2.768218],[-70.76245,2.766932],[-70.777213,2.767789],[-70.793006,2.762559],[-70.803306,2.758187],[-70.810601,2.759302],[-70.814035,2.762302],[-70.812146,2.770018],[-70.800216,2.77319],[-70.796783,2.776533],[-70.795409,2.784078],[-70.796096,2.791107],[-70.803134,2.805938],[-70.809743,2.811511],[-70.818584,2.812711],[-70.826051,2.809625],[-70.833947,2.804395],[-70.842273,2.802595],[-70.847079,2.798137],[-70.854118,2.786307],[-70.856435,2.778762],[-70.86107,2.774905],[-70.867765,2.775247],[-70.874631,2.782277],[-70.869481,2.787507],[-70.867507,2.793679],[-70.871198,2.795137],[-70.880983,2.791965],[-70.892055,2.798051],[-70.898749,2.80851],[-70.906646,2.834142],[-70.911023,2.845973],[-70.916431,2.852059],[-70.932395,2.85806],[-70.938661,2.857288],[-70.941493,2.848116],[-70.94012,2.834314],[-70.927503,2.822912],[-70.926387,2.810739],[-70.929734,2.798051],[-70.934798,2.790422],[-70.943124,2.786049],[-70.95308,2.789221],[-70.961578,2.800709],[-70.96018,2.805512],[-70.950763,2.814768],[-70.947673,2.829256],[-70.951879,2.839543],[-70.958488,2.842115],[-70.965526,2.8386],[-70.978057,2.829856],[-70.988614,2.828142],[-70.993249,2.830113],[-70.999983,2.838534],[-71.006982,2.853688],[-71.012818,2.856259],[-71.017196,2.855488],[-71.025693,2.84563],[-71.031015,2.845544],[-71.042688,2.84983],[-71.05479,2.851116],[-71.064059,2.856688],[-71.065776,2.869632],[-71.074273,2.880433],[-71.077407,2.882144],[-71.080968,2.883519],[-71.095731,2.878205],[-71.098821,2.874176],[-71.111095,2.873233],[-71.117618,2.877347],[-71.122596,2.883605],[-71.126544,2.891492],[-71.136157,2.902207],[-71.141049,2.899806],[-71.139075,2.888748],[-71.139419,2.882234],[-71.1468,2.873576],[-71.153323,2.87229],[-71.158044,2.874861],[-71.170146,2.890463],[-71.176068,2.902292],[-71.184909,2.904178],[-71.188085,2.892434],[-71.192205,2.889691],[-71.202933,2.891149],[-71.212031,2.886348],[-71.219585,2.869375],[-71.224219,2.86526],[-71.244905,2.861317],[-71.248853,2.86406],[-71.250913,2.879833],[-71.253659,2.883691],[-71.260526,2.884291],[-71.267221,2.881205],[-71.274688,2.869118],[-71.280181,2.867404],[-71.28782,2.868175],[-71.294515,2.871433],[-71.29915,2.877347],[-71.300351,2.88772],[-71.29915,2.891663],[-71.300094,2.905378],[-71.303012,2.917379],[-71.307389,2.921151],[-71.318633,2.924837],[-71.325757,2.923722],[-71.331851,2.915665],[-71.331679,2.908979],[-71.328332,2.899635],[-71.32756,2.893206],[-71.333102,2.883569],[-71.338975,2.868689],[-71.345155,2.860031],[-71.349446,2.857974],[-71.357085,2.861489],[-71.357772,2.883177],[-71.359367,2.890116],[-71.368072,2.892006],[-71.376817,2.890463],[-71.382141,2.887433],[-71.383178,2.881119],[-71.378886,2.869975],[-71.383092,2.853259],[-71.387469,2.847258],[-71.393563,2.846487],[-71.404979,2.853688],[-71.416394,2.865946],[-71.432273,2.870832],[-71.445405,2.879833],[-71.458022,2.891577],[-71.461627,2.898692],[-71.467721,2.894663],[-71.46815,2.88472],[-71.463601,2.870832],[-71.463129,2.860224],[-71.46712,2.854202],[-71.473901,2.85163],[-71.480682,2.853688],[-71.486003,2.85926],[-71.491925,2.869375],[-71.49759,2.873833],[-71.523425,2.878805],[-71.530206,2.877947],[-71.534412,2.869461],[-71.539862,2.865732],[-71.548616,2.868154],[-71.556255,2.865903],[-71.579535,2.873326],[-71.584478,2.872115],[-71.583969,2.866481],[-71.574904,2.858904],[-71.572435,2.848801],[-71.579816,2.842801],[-71.586768,2.843058],[-71.600244,2.846058],[-71.60711,2.845801],[-71.625846,2.838301],[-71.628077,2.831272],[-71.634429,2.821156],[-71.646788,2.818413],[-71.652968,2.820642],[-71.670649,2.822699],[-71.673911,2.828871],[-71.672194,2.83693],[-71.666873,2.841559],[-71.659663,2.856132],[-71.657946,2.864533],[-71.659491,2.869848],[-71.670649,2.873791],[-71.677344,2.872762],[-71.682666,2.86539],[-71.683181,2.850303],[-71.692622,2.83933],[-71.701033,2.838987],[-71.71099,2.845674],[-71.726783,2.859732],[-71.732104,2.867105],[-71.740859,2.882363],[-71.753905,2.894879],[-71.763347,2.896593],[-71.767123,2.889221],[-71.759055,2.869676],[-71.759742,2.854246],[-71.762488,2.845674],[-71.770041,2.829043],[-71.780513,2.817213],[-71.787551,2.819442],[-71.789611,2.830415],[-71.785319,2.844474],[-71.784633,2.859904],[-71.787551,2.867105],[-71.792529,2.871734],[-71.800254,2.875506],[-71.816733,2.87842],[-71.8236,2.87842],[-71.849177,2.872419],[-71.849349,2.868133],[-71.833899,2.871734],[-71.828063,2.871562],[-71.82154,2.867619],[-71.819136,2.855446],[-71.824973,2.840187],[-71.828921,2.836587],[-71.835444,2.837273],[-71.851409,2.841559],[-71.874411,2.837787],[-71.887286,2.832643],[-71.91561,2.826985],[-71.92797,2.8287],[-71.938784,2.832643],[-71.944101,2.832378],[-71.958526,2.828529],[-71.964534,2.824928],[-71.97964,2.802982],[-71.984618,2.80281],[-71.99097,2.817213],[-71.997664,2.825614],[-72.004187,2.828529],[-72.021182,2.829043],[-72.043326,2.819442],[-72.049678,2.81567],[-72.057746,2.815841],[-72.072509,2.81927],[-72.079203,2.822185],[-72.092936,2.8323],[-72.098258,2.837444],[-72.103408,2.846531],[-72.103751,2.850303],[-72.113192,2.87722],[-72.123866,2.887225],[-72.135135,2.888545],[-72.137137,2.886317],[-72.140487,2.870362],[-72.143061,2.866247],[-72.149241,2.86299],[-72.154734,2.863676],[-72.17207,2.873913],[-72.186962,2.875178],[-72.194011,2.873131],[-72.200921,2.868125],[-72.207314,2.854475],[-72.206233,2.846531],[-72.207263,2.840016],[-72.205718,2.829214],[-72.20074,2.811555],[-72.192157,2.800582],[-72.186148,2.796981],[-72.18426,2.788579],[-72.185119,2.782407],[-72.191642,2.772462],[-72.202113,2.770062],[-72.214816,2.774005],[-72.227862,2.785665],[-72.231124,2.78978],[-72.23556,2.800598],[-72.241767,2.806925],[-72.247088,2.819442],[-72.258246,2.824071],[-72.267344,2.819442],[-72.271464,2.810697],[-72.264941,2.79801],[-72.265456,2.789608],[-72.271808,2.779149],[-72.286055,2.773148],[-72.296355,2.774863],[-72.30099,2.781721],[-72.304766,2.795266],[-72.315066,2.800067],[-72.320216,2.79921],[-72.335837,2.789951],[-72.349055,2.786179],[-72.357467,2.780864],[-72.366736,2.766633],[-72.372401,2.754802],[-72.389396,2.735769],[-72.405875,2.725481],[-72.411197,2.725481],[-72.418406,2.731311],[-72.431163,2.738855],[-72.435309,2.739858],[-72.443533,2.733545],[-72.466535,2.733888],[-72.471513,2.73063],[-72.46602,2.721542],[-72.463445,2.713826],[-72.463274,2.703195],[-72.46499,2.69685],[-72.470312,2.688963],[-72.48353,2.686219],[-72.494859,2.687419],[-72.508421,2.690677],[-72.520265,2.700451],[-72.535012,2.702578],[-72.53799,2.699966],[-72.535371,2.68862],[-72.535371,2.682961],[-72.542753,2.679875],[-72.566225,2.680247],[-72.570345,2.675103],[-72.571375,2.669273],[-72.567083,2.663786],[-72.558157,2.661728],[-72.553694,2.655383],[-72.556612,2.648867],[-72.560388,2.646809],[-72.575666,2.64921],[-72.580816,2.649039],[-72.583906,2.645609],[-72.589227,2.633091],[-72.589399,2.626746],[-72.581159,2.609084],[-72.580988,2.59708],[-72.578584,2.592964],[-72.583906,2.584733],[-72.593519,2.58216],[-72.596952,2.588848],[-72.593519,2.596737],[-72.594034,2.606168],[-72.59774,2.614813],[-72.603304,2.620744],[-72.612348,2.625265],[-72.621994,2.624823],[-72.634654,2.614644],[-72.641294,2.611564],[-72.64555,2.602951],[-72.646233,2.597678],[-72.642217,2.58308],[-72.646165,2.573648],[-72.651017,2.571703],[-72.660653,2.581409],[-72.662163,2.587082],[-72.662674,2.602427],[-72.670541,2.615662],[-72.682729,2.622693],[-72.69938,2.621493],[-72.707791,2.608288],[-72.713285,2.59577],[-72.720494,2.582737],[-72.732534,2.573501],[-72.745382,2.568934],[-72.754823,2.570477],[-72.762036,2.57382],[-72.768903,2.578964],[-72.785152,2.586003],[-72.792047,2.592983],[-72.792421,2.604687],[-72.796025,2.60966],[-72.803064,2.614119],[-72.810687,2.615734],[-72.821182,2.611806],[-72.827249,2.607014],[-72.848047,2.596752],[-72.858167,2.585309],[-72.868295,2.577078],[-72.878984,2.576328],[-72.88782,2.570811],[-72.892045,2.570246],[-72.893701,2.565588],[-72.898164,2.56233],[-72.913221,2.567615],[-72.918935,2.56353],[-72.922712,2.557528],[-72.918519,2.540179],[-72.922352,2.530858],[-72.932559,2.523738],[-72.942318,2.524632],[-72.948556,2.522999],[-72.954812,2.517056],[-72.957215,2.511396],[-72.95773,2.498363],[-72.949834,2.49459],[-72.942281,2.502136],[-72.937646,2.502136],[-72.931638,2.494418],[-72.928205,2.475553],[-72.930093,2.467836],[-72.937474,2.465092],[-72.953439,2.478983],[-72.963224,2.479841],[-72.968373,2.475725],[-72.971264,2.466124],[-72.970755,2.46139],[-72.962775,2.45423],[-72.96661,2.449005],[-72.974397,2.452179],[-72.984934,2.452566],[-72.991518,2.444529],[-73.01298,2.432183],[-73.025261,2.420144],[-73.030252,2.412801],[-73.035262,2.413878],[-73.036811,2.419935],[-73.036773,2.430844],[-73.041309,2.437764],[-73.044147,2.43791],[-73.051697,2.429253],[-73.059782,2.430264],[-73.069888,2.426221],[-73.071765,2.416731],[-73.08151,2.411239],[-73.094162,2.394271],[-73.105269,2.386064],[-73.109256,2.381],[-73.114205,2.384599],[-73.11363,2.391256],[-73.11941,2.411061],[-73.124202,2.412143],[-73.137465,2.405937],[-73.140744,2.397642],[-73.138454,2.394246],[-73.127373,2.39003],[-73.124463,2.385795],[-73.124008,2.378806],[-73.129775,2.377048],[-73.136591,2.37872],[-73.142017,2.377145],[-73.151126,2.368353],[-73.157815,2.364571],[-73.166078,2.36789],[-73.167437,2.379955],[-73.164889,2.394891],[-73.170297,2.401625],[-73.180296,2.398454],[-73.185937,2.38885],[-73.193715,2.386853],[-73.200005,2.383302],[-73.217426,2.386405],[-73.216726,2.390825],[-73.210504,2.4004],[-73.214411,2.404997],[-73.218899,2.40064],[-73.223919,2.39081],[-73.230354,2.388367],[-73.237119,2.389758],[-73.243545,2.387865],[-73.249489,2.382063],[-73.255048,2.381106],[-73.266924,2.381639],[-73.265954,2.373667],[-73.259201,2.371677],[-73.246869,2.374215],[-73.242935,2.372654],[-73.23799,2.366321],[-73.238076,2.351852],[-73.245921,2.347479],[-73.2536,2.35587],[-73.261501,2.358819],[-73.268852,2.35885],[-73.278587,2.353622],[-73.295044,2.338793],[-73.301957,2.336899],[-73.310877,2.345863],[-73.315304,2.354768],[-73.320023,2.360417],[-73.331579,2.360508],[-73.336127,2.356094],[-73.330031,2.347848],[-73.329033,2.341482],[-73.332287,2.33407],[-73.340742,2.328188],[-73.35774,2.324808],[-73.359612,2.333475],[-73.355631,2.33886],[-73.346933,2.345754],[-73.344791,2.356822],[-73.349332,2.365473],[-73.356617,2.368839],[-73.361602,2.36836],[-73.373584,2.363611],[-73.373083,2.351433],[-73.374206,2.329551],[-73.381733,2.324322],[-73.387978,2.324827],[-73.394979,2.327908],[-73.396629,2.332691],[-73.387514,2.342455],[-73.388753,2.350599],[-73.396846,2.354921],[-73.414409,2.356359],[-73.418626,2.355298],[-73.423504,2.350552],[-73.42216,2.333895],[-73.424002,2.327959],[-73.428781,2.324931],[-73.437502,2.327008],[-73.440665,2.333902],[-73.440369,2.340581],[-73.432565,2.351041],[-73.43072,2.359791],[-73.432549,2.370355],[-73.438775,2.385795],[-73.441821,2.387643],[-73.455448,2.383096],[-73.455637,2.380014],[-73.444957,2.346429],[-73.452001,2.338521],[-73.460283,2.339417],[-73.462268,2.343065],[-73.462353,2.352202],[-73.468505,2.361806],[-73.473769,2.362147],[-73.48742,2.356889],[-73.500322,2.35897],[-73.50739,2.355291],[-73.508402,2.350436],[-73.504308,2.340148],[-73.50696,2.334707],[-73.513496,2.333245],[-73.517483,2.337226],[-73.513783,2.350632],[-73.515224,2.357888],[-73.520361,2.3633],[-73.523133,2.371927],[-73.523442,2.383684],[-73.529496,2.388184],[-73.533201,2.386761],[-73.539535,2.377312],[-73.550082,2.373667],[-73.559198,2.368104],[-73.563823,2.360127],[-73.568616,2.356019],[-73.577496,2.35558],[-73.583569,2.357471],[-73.587731,2.366103],[-73.582093,2.377457],[-73.583575,2.387251],[-73.589137,2.38978],[-73.597778,2.381209],[-73.618041,2.377],[-73.631629,2.364234],[-73.631973,2.354666],[-73.62534,2.349093],[-73.617024,2.346804],[-73.613925,2.341911],[-73.615926,2.335722],[-73.619916,2.332431],[-73.628694,2.331552],[-73.633438,2.328518],[-73.635019,2.324167],[-73.632915,2.309431],[-73.628152,2.299051],[-73.63257,2.289124],[-73.641368,2.284029],[-73.646972,2.285541],[-73.650851,2.292175],[-73.656233,2.294999],[-73.657722,1.895226],[-73.658504,1.68545],[-73.658768,1.614517]]]},"properties":{"shapeName":"Guaviare"}},{"type":"Feature","geometry":{"type":"Polygon","coordinates":[[[-70.506761,2.786478],[-70.537814,2.772933],[-70.942492,2.606656],[-70.937904,2.594962],[-70.925219,2.573839],[-70.924082,2.566783],[-70.90919,2.563674],[-70.906357,2.565928],[-70.899015,2.564797],[-70.893956,2.559761],[-70.886112,2.556943],[-70.881963,2.557387],[-70.866486,2.567089],[-70.858685,2.570379],[-70.851688,2.569363],[-70.842034,2.561253],[-70.834877,2.550741],[-70.828616,2.539263],[-70.82841,2.532664],[-70.819052,2.533077],[-70.815543,2.52909],[-70.809518,2.528929],[-70.807096,2.524046],[-70.801415,2.526597],[-70.794854,2.524002],[-70.792697,2.52035],[-70.779795,2.534031],[-70.77112,2.536935],[-70.769403,2.53997],[-70.755312,2.538123],[-70.753727,2.5339],[-70.745608,2.529682],[-70.743475,2.516416],[-70.745558,2.511608],[-70.743026,2.49973],[-70.733614,2.494011],[-70.732183,2.485818],[-70.726073,2.479879],[-70.718147,2.479219],[-70.715065,2.474765],[-70.70868,2.47064],[-70.705983,2.472455],[-70.699598,2.463437],[-70.700644,2.454968],[-70.695029,2.452108],[-70.690241,2.444849],[-70.679397,2.4399],[-70.676205,2.432916],[-70.681599,2.428791],[-70.678542,2.418993],[-70.673779,2.41111],[-70.665997,2.401932],[-70.665309,2.395058],[-70.658979,2.388596],[-70.660012,2.385022],[-70.653406,2.37966],[-70.653406,2.375122],[-70.649003,2.367354],[-70.642747,2.359776],[-70.637033,2.34743],[-70.636874,2.337649],[-70.632538,2.333762],[-70.629914,2.313575],[-70.610141,2.301792],[-70.608352,2.298274],[-70.595294,2.294023],[-70.587816,2.293706],[-70.578191,2.289486],[-70.574398,2.29283],[-70.569053,2.291058],[-70.562547,2.293469],[-70.558736,2.288231],[-70.548291,2.286539],[-70.530731,2.268444],[-70.520007,2.270035],[-70.517438,2.274972],[-70.519097,2.280442],[-70.514036,2.284238],[-70.508525,2.280589],[-70.512152,2.275122],[-70.512279,2.270792],[-70.507776,2.265017],[-70.501058,2.259545],[-70.491393,2.257186],[-70.488828,2.251919],[-70.498343,2.250808],[-70.50355,2.257799],[-70.509892,2.259852],[-70.513065,2.258107],[-70.51375,2.244358],[-70.496814,2.233742],[-70.484002,2.234699],[-70.47471,2.243431],[-70.470658,2.242872],[-70.465955,2.234008],[-70.461347,2.239855],[-70.45538,2.242207],[-70.458851,2.247374],[-70.464313,2.248667],[-70.462851,2.253224],[-70.456204,2.258032],[-70.437779,2.259594],[-70.426524,2.267565],[-70.417387,2.266877],[-70.418951,2.259307],[-70.415581,2.254647],[-70.406141,2.255681],[-70.403421,2.259832],[-70.404148,2.265377],[-70.398962,2.26778],[-70.395263,2.266183],[-70.393808,2.255928],[-70.382788,2.245086],[-70.374734,2.244145],[-70.373151,2.239131],[-70.361525,2.23439],[-70.356465,2.23692],[-70.347247,2.247398],[-70.341056,2.246027],[-70.341289,2.233216],[-70.334799,2.226933],[-70.324984,2.223307],[-70.317413,2.213809],[-70.315881,2.208541],[-70.310041,2.208791],[-70.303997,2.216207],[-70.293623,2.225266],[-70.29299,2.232102],[-70.297012,2.241117],[-70.308284,2.247757],[-70.305488,2.252921],[-70.295622,2.252637],[-70.282991,2.24349],[-70.276803,2.237562],[-70.270384,2.240065],[-70.266604,2.248139],[-70.260865,2.247807],[-70.259804,2.255124],[-70.251418,2.263905],[-70.245149,2.265648],[-70.237097,2.262554],[-70.235339,2.255844],[-70.244854,2.253267],[-70.250345,2.247573],[-70.247302,2.243267],[-70.235424,2.240045],[-70.230364,2.240801],[-70.227063,2.247104],[-70.223264,2.245962],[-70.214663,2.233956],[-70.209982,2.233574],[-70.205774,2.241901],[-70.202754,2.240633],[-70.199513,2.230681],[-70.188992,2.231434],[-70.183855,2.236064],[-70.18272,2.240115],[-70.188678,2.252474],[-70.180526,2.24662],[-70.177058,2.23887],[-70.172075,2.237424],[-70.165957,2.241902],[-70.156444,2.240832],[-70.160962,2.259596],[-70.159675,2.265064],[-70.154994,2.263998],[-70.150846,2.257767],[-70.148208,2.249182],[-70.144509,2.248572],[-70.140655,2.252975],[-70.137479,2.261632],[-70.1411,2.265432],[-70.150539,2.265666],[-70.152723,2.273111],[-70.146705,2.277715],[-70.141395,2.276901],[-70.130678,2.269679],[-70.125773,2.264738],[-70.120942,2.26314],[-70.110594,2.267918],[-70.106819,2.268143],[-70.102771,2.262115],[-70.096099,2.265478],[-70.085152,2.263192],[-70.076161,2.271768],[-70.07291,2.278222],[-70.071592,2.290956],[-70.064265,2.295964],[-70.055558,2.293096],[-70.049265,2.294687],[-70.04489,2.289215],[-70.053199,2.283449],[-70.053882,2.278968],[-70.044547,2.275746],[-70.038839,2.268045],[-70.033731,2.267105],[-70.03048,2.272495],[-70.02633,2.269074],[-70.029737,2.256722],[-70.025055,2.257984],[-70.022416,2.252412],[-70.026646,2.249858],[-70.024994,2.236566],[-70.022354,2.233298],[-70.014579,2.231925],[-69.995543,2.224716],[-69.994688,2.206278],[-70.0059,2.207438],[-70.004385,2.202954],[-70.006359,2.196879],[-70.011357,2.193805],[-70.014624,2.181471],[-70.017089,2.178363],[-70.027049,2.186121],[-70.032009,2.182302],[-70.032725,2.175187],[-70.028789,2.171167],[-70.031189,2.16113],[-70.035843,2.159364],[-70.038191,2.163142],[-70.053362,2.162637],[-70.051973,2.157041],[-70.056198,2.151767],[-70.057703,2.146427],[-70.07236,2.139178],[-70.077373,2.139946],[-70.083014,2.134556],[-70.082902,2.131474],[-70.093986,2.127814],[-70.099554,2.130451],[-70.098589,2.121529],[-70.108362,2.119985],[-70.1086,2.116063],[-70.118425,2.111615],[-70.112223,2.106967],[-70.114827,2.099989],[-70.109469,2.098887],[-70.103946,2.094508],[-70.111048,2.08925],[-70.112972,2.084349],[-70.110379,2.079577],[-70.1094,2.074872],[-70.112496,2.071701],[-70.11813,2.060335],[-70.119471,2.045684],[-70.122316,2.039968],[-70.119143,2.0299],[-70.119209,2.025302],[-70.114074,2.01733],[-70.115511,2.009231],[-70.111658,2.002265],[-70.122428,1.99376],[-70.127488,1.991612],[-70.140019,1.977507],[-70.140499,1.97009],[-70.137648,1.965304],[-70.141701,1.946884],[-70.1379,1.939226],[-70.138842,1.933937],[-70.146493,1.934313],[-70.158486,1.936806],[-70.163544,1.930706],[-70.163404,1.922424],[-70.168318,1.913709],[-70.170377,1.898797],[-70.179472,1.887625],[-70.180687,1.880716],[-70.175844,1.872991],[-70.176069,1.86857],[-70.167829,1.86725],[-70.164573,1.869483],[-70.157975,1.867539],[-70.155137,1.86969],[-70.147599,1.86584],[-70.140358,1.856106],[-70.135781,1.854732],[-70.134809,1.848418],[-70.12815,1.845526],[-70.126292,1.839325],[-70.12085,1.836332],[-70.114659,1.836592],[-70.10975,1.833098],[-70.110349,1.828511],[-70.101835,1.824552],[-70.097752,1.820408],[-70.094901,1.80987],[-70.088717,1.80857],[-70.080504,1.800309],[-70.069861,1.80229],[-70.06523,1.789306],[-70.059745,1.786777],[-70.05986,1.783234],[-70.054512,1.780802],[-70.054434,1.777202],[-70.048252,1.773004],[-70.044277,1.773724],[-70.033523,1.768193],[-70.028833,1.769451],[-70.023775,1.767068],[-70.023169,1.762852],[-70.01829,1.761148],[-70.010563,1.763494],[-70.003474,1.763146],[-69.995815,1.755858],[-69.995815,1.752283],[-69.989066,1.74912],[-69.976398,1.746403],[-69.974619,1.741971],[-69.966906,1.746267],[-69.953208,1.744173],[-69.950722,1.747317],[-69.938781,1.744477],[-69.924455,1.749197],[-69.911686,1.742035],[-69.898936,1.739986],[-69.891985,1.735219],[-69.888028,1.72919],[-69.877597,1.727239],[-69.864863,1.713335],[-69.854475,1.708036],[-69.847216,1.709029],[-69.842652,1.714907],[-69.838994,1.718884],[-69.834657,1.709221],[-69.827691,1.711695],[-69.827459,1.706794],[-69.820544,1.702725],[-69.821978,1.699003],[-69.813281,1.697917],[-69.80854,1.694703],[-69.802226,1.700298],[-69.797253,1.698472],[-69.790846,1.700414],[-69.786544,1.699026],[-69.782728,1.692461],[-69.777339,1.702078],[-69.765741,1.7108],[-69.759814,1.71658],[-69.750635,1.718783],[-69.750671,1.724129],[-69.744455,1.729439],[-69.7386,1.725972],[-69.731842,1.732618],[-69.713195,1.731751],[-69.704088,1.734749],[-69.691548,1.727525],[-69.68432,1.731318],[-69.678465,1.729692],[-69.668925,1.723696],[-69.66719,1.728392],[-69.662528,1.725899],[-69.65465,1.717664],[-69.647061,1.72366],[-69.645688,1.728067],[-69.63593,1.722648],[-69.626498,1.72655],[-69.622848,1.734894],[-69.616198,1.735002],[-69.605863,1.741685],[-69.603514,1.739626],[-69.592672,1.752738],[-69.584613,1.756675],[-69.575325,1.756387],[-69.571675,1.759493],[-69.56564,1.760468],[-69.561701,1.768812],[-69.551946,1.774561],[-69.533984,1.776491],[-69.53093,1.77112],[-69.534893,1.764812],[-69.528507,1.763297],[-69.52829,1.768076],[-69.522429,1.768277],[-69.516985,1.771646],[-69.510327,1.763813],[-69.499888,1.758414],[-69.496995,1.760852],[-69.49192,1.755857],[-69.482273,1.75076],[-69.475022,1.74358],[-69.469825,1.747061],[-69.467133,1.753771],[-69.463331,1.748872],[-69.456318,1.752632],[-69.452789,1.745926],[-69.446372,1.742372],[-69.437398,1.745117],[-69.431625,1.739952],[-69.427883,1.74257],[-69.407473,1.740768],[-69.406099,1.7318],[-69.391089,1.729351],[-68.733019,1.729502],[-68.164961,1.729447],[-68.167093,1.73314],[-68.167682,1.74172],[-68.174317,1.741455],[-68.176265,1.734011],[-68.182042,1.73403],[-68.186509,1.730087],[-68.193353,1.73775],[-68.1887,1.75035],[-68.189142,1.756463],[-68.184801,1.757354],[-68.178153,1.767302],[-68.187765,1.772633],[-68.192569,1.779907],[-68.19967,1.779578],[-68.205514,1.782434],[-68.209178,1.779728],[-68.21307,1.772722],[-68.219915,1.771294],[-68.227302,1.774409],[-68.230442,1.780979],[-68.23634,1.777115],[-68.244671,1.783467],[-68.239369,1.801773],[-68.238546,1.808198],[-68.233913,1.81262],[-68.232501,1.818712],[-68.228113,1.822449],[-68.230702,1.827668],[-68.237304,1.82129],[-68.246923,1.824703],[-68.257829,1.823945],[-68.269475,1.81991],[-68.275637,1.820268],[-68.274035,1.828427],[-68.28028,1.834009],[-68.285574,1.835991],[-68.274045,1.843469],[-68.278542,1.847359],[-68.270635,1.858443],[-68.270083,1.864363],[-68.265356,1.866065],[-68.260146,1.874996],[-68.253579,1.879553],[-68.249373,1.899324],[-68.247275,1.901994],[-68.245234,1.919459],[-68.239963,1.922149],[-68.236916,1.928586],[-68.231998,1.933853],[-68.229957,1.939471],[-68.221121,1.952473],[-68.21207,1.957277],[-68.201562,1.99404],[-68.197354,2.016688],[-68.197574,2.033004],[-68.190708,2.032864],[-68.189234,2.011718],[-68.18444,1.986129],[-68.180668,1.977149],[-68.175801,1.972876],[-68.164468,1.976336],[-68.155654,1.981607],[-68.149412,1.98236],[-68.139958,1.974348],[-68.121226,1.952958],[-68.114939,1.942566],[-68.105759,1.918502],[-68.09609,1.903135],[-68.084977,1.894181],[-68.076943,1.89139],[-68.063415,1.891849],[-68.058266,1.894478],[-68.033517,1.891214],[-68.027312,1.887832],[-68.019815,1.881069],[-68.012964,1.872224],[-68.006127,1.868784],[-68.00196,1.85976],[-67.988285,1.849184],[-67.976933,1.847622],[-67.959701,1.848527],[-67.943319,1.843001],[-67.935428,1.834652],[-67.92794,1.822288],[-67.922959,1.819435],[-67.901623,1.811652],[-67.901269,1.823134],[-67.896559,1.836816],[-67.893141,1.853911],[-67.888899,1.864656],[-67.883029,1.871014],[-67.872308,1.876665],[-67.865744,1.884004],[-67.861561,1.894587],[-67.857852,1.898669],[-67.85231,1.900001],[-67.843824,1.898374],[-67.836638,1.902332],[-67.837278,1.908109],[-67.834761,1.913341],[-67.838095,1.927332],[-67.835044,1.94713],[-67.829092,1.953281],[-67.826035,1.96138],[-67.820663,1.963327],[-67.813851,1.972597],[-67.808842,1.975492],[-67.783265,1.994437],[-67.769425,2.009237],[-67.762073,2.01376],[-67.744889,2.015595],[-67.740333,2.01909],[-67.739882,2.024837],[-67.729199,2.028984],[-67.714964,2.026993],[-67.703579,2.028563],[-67.686717,2.032407],[-67.657013,2.031002],[-67.639347,2.028672],[-67.632859,2.031728],[-67.621611,2.027644],[-67.598287,2.035399],[-67.581223,2.0365],[-67.570581,2.044206],[-67.556086,2.045307],[-67.550949,2.047692],[-67.545628,2.055032],[-67.539023,2.061453],[-67.533885,2.070444],[-67.527096,2.089526],[-67.526363,2.106773],[-67.515001,2.126033],[-67.502828,2.131511],[-67.496646,2.144667],[-67.496816,2.16087],[-67.492783,2.164952],[-67.486557,2.166877],[-67.466041,2.168498],[-67.459407,2.1702],[-67.449229,2.169604],[-67.444984,2.174962],[-67.442316,2.184954],[-67.441895,2.191814],[-67.443623,2.202025],[-67.440419,2.215374],[-67.434097,2.223262],[-67.417828,2.228724],[-67.404232,2.229993],[-67.390802,2.227801],[-67.382469,2.221783],[-67.373326,2.21703],[-67.36909,2.211647],[-67.366904,2.201892],[-67.372771,2.193399],[-67.368246,2.18454],[-67.369997,2.174405],[-67.351062,2.159984],[-67.349619,2.153427],[-67.352688,2.143642],[-67.348242,2.134342],[-67.347896,2.124038],[-67.352176,2.118641],[-67.358494,2.1163],[-67.356891,2.106498],[-67.358007,2.096668],[-67.347691,2.082887],[-67.339064,2.077348],[-67.328301,2.068816],[-67.325661,2.054525],[-67.32723,2.048188],[-67.33207,2.042099],[-67.338177,2.038815],[-67.342538,2.03386],[-67.345004,2.027378],[-67.342922,2.022039],[-67.344251,2.017654],[-67.350886,2.012128],[-67.352973,2.005265],[-67.349563,2.003166],[-67.34919,1.988867],[-67.345976,1.973803],[-67.343134,1.971514],[-67.329111,1.971126],[-67.334042,1.962739],[-67.334234,1.958354],[-67.329499,1.951298],[-67.33083,1.941575],[-67.318327,1.933943],[-67.308485,1.90858],[-67.30375,1.90324],[-67.292952,1.897515],[-67.282346,1.88588],[-67.279538,1.878459],[-67.265123,1.86904],[-67.257081,1.862702],[-67.252151,1.856576],[-67.243895,1.855166],[-67.234423,1.849632],[-67.228307,1.841269],[-67.207005,1.849063],[-67.199028,1.849059],[-67.166831,1.840125],[-67.159152,1.836256],[-67.153836,1.831497],[-67.152662,1.817228],[-67.156211,1.809798],[-67.15799,1.796719],[-67.155927,1.787503],[-67.147959,1.769961],[-67.146191,1.762231],[-67.14974,1.752423],[-67.159793,1.735187],[-67.160979,1.726864],[-67.161586,1.692679],[-67.159221,1.675037],[-67.15546,1.671249],[-67.155194,1.665029],[-67.144181,1.65096],[-67.127255,1.639863],[-67.128717,1.627554],[-67.139881,1.609887],[-67.140431,1.603527],[-67.131984,1.593043],[-67.125081,1.59231],[-67.121098,1.588745],[-67.118145,1.581712],[-67.119764,1.56765],[-67.127564,1.55359],[-67.127862,1.543038],[-67.117112,1.514981],[-67.106323,1.494054],[-67.101022,1.485219],[-67.092129,1.474102],[-67.085459,1.463621],[-67.082601,1.454411],[-67.082283,1.442024],[-67.085141,1.42265],[-67.088635,1.411216],[-67.088,1.403593],[-67.082918,1.3947],[-67.08017,1.385457],[-67.080507,1.377672],[-67.082861,1.372962],[-67.089925,1.368926],[-67.101025,1.366235],[-67.113416,1.361087],[-67.126323,1.352287],[-67.133951,1.344072],[-67.139231,1.328818],[-67.139231,1.320017],[-67.135124,1.300068],[-67.129257,1.290681],[-67.12163,1.28188],[-67.111655,1.272492],[-67.099555,1.258288],[-67.099027,1.25486],[-67.101928,1.23693],[-67.09349,1.222428],[-67.091908,1.215309],[-67.085316,1.201334],[-67.085053,1.196324],[-67.089271,1.176813],[-67.086753,1.167036],[-66.851191,1.228959],[-66.855948,1.243277],[-66.860863,1.249264],[-66.868807,1.255252],[-66.875925,1.26349],[-66.88092,1.281621],[-66.881033,1.29033],[-66.876496,1.300458],[-66.870018,1.308157],[-66.860378,1.312555],[-66.855383,1.321385],[-66.851882,1.341614],[-66.853163,1.349323],[-66.854096,1.367333],[-66.864566,1.38286],[-66.869975,1.395186],[-66.882156,1.400993],[-66.890043,1.40313],[-66.902637,1.409895],[-66.908108,1.417185],[-66.91193,1.426488],[-66.912809,1.43342],[-66.910682,1.449534],[-66.911618,1.461324],[-66.911257,1.474831],[-66.908665,1.479629],[-66.90766,1.487745],[-66.909068,1.497047],[-66.916241,1.513402],[-66.919057,1.530999],[-66.922526,1.53817],[-66.92888,1.546704],[-66.932672,1.558965],[-66.943857,1.578068],[-66.947927,1.581722],[-66.9555,1.582957],[-66.960821,1.586389],[-66.963943,1.591217],[-66.964844,1.597445],[-66.960875,1.60342],[-66.959156,1.625043],[-66.959682,1.632035],[-66.963797,1.642819],[-66.967856,1.648154],[-66.971383,1.657102],[-66.978032,1.665341],[-66.985564,1.672395],[-66.98792,1.676564],[-66.992318,1.701548],[-67.003489,1.728926],[-67.012021,1.739003],[-67.013373,1.742618],[-67.013131,1.753045],[-67.014482,1.758793],[-67.021305,1.771594],[-67.030661,1.781256],[-67.033072,1.786412],[-67.037652,1.808988],[-67.037825,1.814439],[-67.035393,1.845483],[-67.046867,1.859709],[-67.052509,1.878138],[-67.058565,1.89319],[-67.060206,1.905929],[-67.06532,1.920567],[-67.069017,1.925647],[-67.088016,1.944633],[-67.091278,1.95097],[-67.103567,1.958302],[-67.106023,1.964078],[-67.113217,1.974192],[-67.122996,1.976886],[-67.12051,1.997503],[-67.11603,2.005617],[-67.11508,2.019895],[-67.107653,2.030615],[-67.106708,2.034939],[-67.097158,2.051286],[-67.097687,2.068745],[-67.101347,2.078286],[-67.108578,2.102208],[-67.10668,2.10996],[-67.108022,2.119304],[-67.114713,2.133489],[-67.121726,2.136991],[-67.127984,2.136995],[-67.133674,2.134455],[-67.146284,2.125856],[-67.153783,2.126367],[-67.161579,2.132836],[-67.165838,2.140412],[-67.17517,2.150885],[-67.182215,2.163778],[-67.185933,2.168195],[-67.193755,2.185362],[-67.195455,2.197318],[-67.200189,2.208704],[-67.205374,2.215233],[-67.209127,2.224198],[-67.209656,2.2337],[-67.220709,2.250622],[-67.221971,2.254247],[-67.220511,2.263658],[-67.215894,2.268678],[-67.21399,2.280696],[-67.214681,2.287882],[-67.218029,2.29259],[-67.217391,2.3027],[-67.213657,2.309629],[-67.198478,2.320493],[-67.192718,2.331618],[-67.186138,2.340516],[-67.187902,2.35031],[-67.200727,2.363799],[-67.212854,2.380341],[-67.216198,2.392425],[-67.225675,2.401524],[-67.239389,2.408655],[-67.252659,2.419664],[-67.256765,2.426089],[-67.262705,2.430036],[-67.276551,2.429662],[-67.281418,2.432082],[-67.287737,2.43819],[-67.297723,2.442711],[-67.301007,2.448881],[-67.302719,2.456516],[-67.31337,2.463144],[-67.315307,2.474711],[-67.320592,2.480487],[-67.328489,2.486035],[-67.336549,2.500633],[-67.335155,2.506037],[-67.336163,2.512588],[-67.344629,2.524739],[-67.351897,2.529512],[-67.365515,2.52921],[-67.370929,2.53296],[-67.373832,2.539954],[-67.383251,2.543965],[-67.386597,2.553951],[-67.386466,2.563045],[-67.390697,2.57195],[-67.393712,2.574527],[-67.412181,2.579981],[-67.421832,2.586235],[-67.422619,2.591172],[-67.430457,2.596581],[-67.434817,2.603706],[-67.449796,2.618658],[-67.456814,2.620506],[-67.464909,2.618411],[-67.470534,2.624201],[-67.477732,2.646399],[-67.4836,2.657692],[-67.493581,2.66537],[-67.509024,2.6674],[-67.519646,2.67281],[-67.525147,2.673003],[-67.538935,2.668303],[-67.548171,2.661757],[-67.55279,2.654446],[-67.559223,2.653654],[-67.563265,2.656898],[-67.568484,2.66595],[-67.569713,2.680405],[-67.565294,2.696805],[-67.565955,2.704896],[-67.563176,2.723099],[-67.564932,2.727383],[-67.572053,2.734077],[-67.578936,2.738338],[-67.584309,2.743937],[-67.58582,2.760599],[-67.583476,2.771663],[-67.585244,2.777133],[-67.593019,2.788075],[-67.603956,2.799336],[-67.610341,2.804108],[-67.6123,2.81015],[-67.619382,2.813905],[-67.624252,2.813335],[-67.640698,2.808421],[-67.648164,2.798693],[-67.655755,2.795834],[-67.672071,2.800888],[-67.685605,2.802292],[-67.725257,2.813179],[-67.735565,2.816934],[-67.738157,2.822913],[-67.734739,2.83118],[-67.739923,2.837795],[-67.753269,2.836845],[-67.763643,2.831824],[-67.777306,2.827821],[-67.788185,2.826361],[-67.800012,2.828272],[-67.81089,2.832154],[-67.822339,2.827196],[-67.826577,2.821982],[-67.835752,2.801633],[-67.835564,2.795655],[-67.840561,2.791777],[-67.852685,2.791677],[-67.856104,2.788571],[-67.864103,2.789438],[-67.864331,2.866229],[-67.516519,3.17464],[-67.434853,3.248472],[-67.404656,3.248441],[-67.382722,3.24554],[-67.380668,3.250753],[-67.384287,3.264965],[-67.381118,3.281783],[-67.381603,3.292584],[-67.375218,3.301047],[-67.370092,3.304609],[-67.356626,3.309358],[-67.351884,3.316673],[-67.343036,3.325077],[-67.334344,3.335385],[-67.333234,3.34189],[-67.325012,3.356641],[-67.326141,3.36158],[-67.322636,3.366478],[-67.313826,3.37237],[-67.310785,3.377893],[-67.312439,3.381603],[-67.312093,3.391168],[-67.320391,3.409796],[-67.329061,3.422636],[-67.332687,3.4371],[-67.33915,3.451022],[-67.34386,3.453835],[-67.356674,3.457747],[-67.367563,3.466007],[-67.380983,3.470283],[-67.394563,3.471581],[-67.401468,3.479997],[-67.404964,3.489287],[-67.407943,3.506185],[-67.407638,3.517292],[-67.409523,3.530465],[-67.412044,3.538877],[-67.417872,3.547628],[-67.424825,3.554437],[-67.430673,3.562245],[-67.431286,3.575071],[-67.437915,3.5819],[-67.444072,3.585236],[-67.446694,3.604213],[-67.448841,3.611484],[-67.444547,3.615614],[-67.439161,3.632251],[-67.440884,3.640775],[-67.451291,3.652049],[-67.453339,3.658874],[-67.448631,3.668391],[-67.447957,3.676484],[-67.454428,3.682677],[-67.46359,3.683001],[-67.465958,3.684748],[-67.471321,3.695226],[-67.476846,3.701259],[-67.482841,3.711896],[-67.485992,3.723799],[-67.485352,3.736335],[-67.486611,3.742684],[-67.49387,3.753955],[-67.501286,3.767449],[-67.51613,3.775234],[-67.52482,3.773653],[-67.537309,3.758427],[-67.548053,3.755101],[-67.556109,3.757169],[-67.570802,3.754163],[-67.594341,3.75132],[-67.60682,3.75212],[-67.610137,3.753867],[-67.618029,3.765932],[-67.627092,3.782696],[-67.634427,3.78555],[-67.635708,3.793236],[-67.644229,3.812918],[-67.644927,3.827459],[-67.643659,3.838547],[-67.644303,3.852532],[-67.653048,3.870211],[-67.661572,3.885291],[-67.661847,3.891942],[-67.664438,3.898343],[-67.674597,3.909741],[-67.679729,3.912594],[-67.683672,3.926561],[-67.689988,3.93672],[-67.690928,3.952431],[-67.694716,3.962431],[-67.697396,3.977032],[-67.698333,4.00036],[-67.698012,4.010833],[-67.699901,4.025751],[-67.703371,4.039559],[-67.709584,4.047389],[-67.718175,4.036036],[-67.729097,4.030822],[-67.750726,4.022431],[-67.778251,4.006749],[-67.79738,3.994585],[-67.815099,3.978935],[-67.832607,3.968362],[-67.843938,3.951193],[-67.857156,3.93441],[-67.871404,3.922764],[-67.883077,3.914886],[-67.894406,3.91129],[-67.913189,3.90704],[-67.917409,3.90992],[-67.919641,3.91951],[-67.921014,3.934239],[-67.927537,3.953762],[-67.934575,3.961468],[-67.94436,3.964037],[-67.964616,3.963009],[-67.975602,3.965749],[-67.981439,3.969174],[-67.991395,3.979963],[-67.997747,3.979792],[-68.006673,3.97551],[-68.015599,3.973798],[-68.025727,3.977394],[-68.029676,3.981504],[-68.030191,3.986984],[-68.026071,4.001197],[-68.028302,4.006506],[-68.033281,4.010616],[-68.045297,4.008903],[-68.049417,4.002396],[-68.057487,3.973091],[-68.071938,3.94093],[-68.074941,3.937154],[-68.080733,3.937428],[-68.083749,3.94263],[-68.081861,3.947425],[-68.074136,3.953933],[-68.070874,3.961468],[-68.069844,3.970715],[-68.073621,3.977737],[-68.08177,3.980735],[-68.090579,3.980831],[-68.097738,3.975891],[-68.101258,3.964722],[-68.103662,3.95085],[-68.11276,3.941945],[-68.119798,3.939205],[-68.130613,3.944343],[-68.134046,3.948624],[-68.133702,3.958728],[-68.122544,3.972085],[-68.120484,3.9851],[-68.122029,3.992121],[-68.126836,3.996402],[-68.140569,3.998629],[-68.148637,3.996231],[-68.164086,3.987669],[-68.177133,3.985272],[-68.182969,3.985443],[-68.194471,3.99058],[-68.197045,3.994176],[-68.204942,3.995375],[-68.206144,3.992806],[-68.198075,3.979792],[-68.199792,3.966948],[-68.20889,3.961125],[-68.219876,3.963523],[-68.227773,3.968318],[-68.242536,3.97414],[-68.254724,3.976367],[-68.271032,3.97551],[-68.286481,3.977737],[-68.304505,3.973798],[-68.312574,3.977052],[-68.330598,3.990066],[-68.336263,3.992978],[-68.342614,3.992464],[-68.346734,3.98921],[-68.348966,3.983217],[-68.346563,3.974312],[-68.353086,3.956502],[-68.353429,3.949652],[-68.351026,3.943486],[-68.342958,3.934067],[-68.346734,3.923449],[-68.352399,3.921052],[-68.362355,3.920538],[-68.370252,3.913859],[-68.375745,3.911632],[-68.383813,3.912146],[-68.392053,3.9154],[-68.397718,3.920195],[-68.410764,3.925847],[-68.423467,3.924648],[-68.433252,3.917455],[-68.4372,3.910262],[-68.435826,3.902042],[-68.43205,3.897589],[-68.397718,3.877208],[-68.393254,3.872926],[-68.388963,3.862993],[-68.38965,3.856484],[-68.395829,3.849462],[-68.405957,3.848092],[-68.414025,3.855457],[-68.430677,3.880633],[-68.438401,3.884573],[-68.443551,3.884573],[-68.449903,3.877037],[-68.449903,3.871385],[-68.441663,3.858711],[-68.438573,3.850147],[-68.439088,3.843639],[-68.442006,3.839699],[-68.449388,3.836445],[-68.453336,3.838158],[-68.460546,3.84655],[-68.471704,3.852031],[-68.480115,3.850661],[-68.503976,3.832163],[-68.513417,3.821715],[-68.515306,3.816577],[-68.513417,3.807499],[-68.503804,3.796708],[-68.501744,3.784889],[-68.509126,3.778209],[-68.514962,3.778723],[-68.526464,3.785403],[-68.532815,3.792255],[-68.546891,3.810239],[-68.554616,3.817605],[-68.566804,3.819146],[-68.572469,3.816063],[-68.574872,3.808698],[-68.572641,3.800819],[-68.566976,3.79431],[-68.555818,3.785403],[-68.548608,3.775982],[-68.547406,3.764677],[-68.554788,3.76502],[-68.562169,3.78095],[-68.569894,3.788144],[-68.580022,3.789857],[-68.585172,3.776668],[-68.589807,3.77701],[-68.597875,3.78369],[-68.603711,3.784547],[-68.619676,3.77564],[-68.627572,3.772214],[-68.638044,3.777695],[-68.642507,3.782491],[-68.65006,3.798592],[-68.65624,3.8063],[-68.663793,3.809554],[-68.670659,3.810582],[-68.677354,3.809383],[-68.682161,3.802703],[-68.681131,3.79431],[-68.676496,3.789514],[-68.658471,3.783862],[-68.651605,3.780265],[-68.644738,3.773584],[-68.645082,3.762964],[-68.652463,3.761251],[-68.660703,3.77033],[-68.668428,3.77701],[-68.677697,3.775811],[-68.696408,3.76896],[-68.70585,3.767589],[-68.721299,3.768103],[-68.729882,3.770672],[-68.740525,3.779237],[-68.746705,3.782663],[-68.75752,3.781292],[-68.766446,3.774783],[-68.768335,3.765876],[-68.769193,3.746178],[-68.772969,3.736585],[-68.779321,3.729391],[-68.79683,3.719969],[-68.806272,3.717914],[-68.819146,3.724937],[-68.827558,3.737442],[-68.834596,3.741553],[-68.845239,3.742752],[-68.851419,3.738983],[-68.854509,3.733844],[-68.854337,3.72665],[-68.849015,3.71346],[-68.840604,3.703867],[-68.834252,3.689477],[-68.827729,3.679542],[-68.828759,3.670805],[-68.834767,3.668578],[-68.838372,3.671147],[-68.843522,3.687422],[-68.847642,3.696158],[-68.855626,3.704234],[-68.871286,3.707157],[-68.880121,3.704164],[-68.891072,3.694103],[-68.895192,3.687936],[-68.903432,3.68331],[-68.915792,3.681769],[-68.928118,3.690575],[-68.93035,3.69914],[-68.927293,3.716201],[-68.924513,3.724493],[-68.926058,3.734085],[-68.934331,3.742238],[-68.94271,3.740937],[-68.948374,3.732544],[-68.946691,3.727506],[-68.938794,3.715344],[-68.93447,3.698626],[-68.935843,3.69126],[-68.940339,3.682111],[-68.944459,3.679028],[-68.953557,3.677657],[-68.96008,3.681426],[-68.970175,3.692459],[-68.9779,3.695885],[-68.994208,3.693487],[-69.011579,3.681083],[-69.024249,3.669161],[-69.031802,3.664536],[-69.044538,3.64271],[-69.057756,3.637056],[-69.061704,3.638941],[-69.068881,3.652202],[-69.07506,3.65597],[-69.0799,3.654702],[-69.083676,3.649734],[-69.084363,3.64271],[-69.089513,3.636885],[-69.094319,3.636371],[-69.099984,3.639112],[-69.107366,3.650761],[-69.108739,3.665666],[-69.111486,3.671833],[-69.117837,3.676287],[-69.124532,3.674402],[-69.134488,3.66361],[-69.143415,3.650076],[-69.152684,3.642024],[-69.163327,3.635],[-69.173799,3.63106],[-69.184613,3.632431],[-69.188218,3.640483],[-69.16985,3.655558],[-69.167619,3.662411],[-69.169507,3.673032],[-69.175344,3.676629],[-69.186158,3.668578],[-69.194226,3.666351],[-69.199548,3.668406],[-69.203153,3.677486],[-69.197488,3.689306],[-69.197145,3.695987],[-69.200921,3.701811],[-69.206586,3.70301],[-69.214139,3.697871],[-69.220319,3.679028],[-69.228559,3.672175],[-69.233709,3.673888],[-69.240232,3.680398],[-69.240232,3.700955],[-69.24624,3.713288],[-69.246793,3.718283],[-69.251339,3.720654],[-69.282415,3.725449],[-69.287772,3.723252],[-69.288121,3.712482],[-69.281841,3.704003],[-69.276204,3.700451],[-69.270835,3.693613],[-69.268821,3.682299],[-69.269992,3.67454],[-69.273252,3.666596],[-69.282045,3.652438],[-69.290846,3.644942],[-69.297839,3.643746],[-69.30402,3.646658],[-69.306391,3.6535],[-69.303866,3.667193],[-69.294985,3.683085],[-69.290278,3.695595],[-69.290561,3.702896],[-69.293476,3.709006],[-69.301753,3.716114],[-69.306205,3.716564],[-69.314283,3.711077],[-69.317175,3.699938],[-69.324252,3.693996],[-69.332061,3.691521],[-69.356618,3.676115],[-69.362626,3.666693],[-69.370179,3.664809],[-69.374814,3.666008],[-69.380994,3.684167],[-69.391122,3.68331],[-69.395929,3.678685],[-69.399533,3.662925],[-69.406057,3.660526],[-69.419274,3.663267],[-69.427343,3.675259],[-69.430432,3.685195],[-69.437471,3.700783],[-69.453263,3.70952],[-69.459787,3.709349],[-69.466996,3.704723],[-69.479184,3.693075],[-69.487252,3.671833],[-69.486051,3.659156],[-69.489312,3.651789],[-69.497724,3.652475],[-69.49635,3.660869],[-69.497209,3.670633],[-69.504762,3.677657],[-69.514032,3.677143],[-69.535833,3.674231],[-69.546476,3.675773],[-69.566388,3.681083],[-69.585614,3.683653],[-69.590249,3.681769],[-69.594884,3.675088],[-69.589906,3.672175],[-69.579091,3.677657],[-69.571195,3.675259],[-69.570508,3.666008],[-69.579606,3.65967],[-69.582353,3.65059],[-69.581666,3.64151],[-69.576345,3.629176],[-69.575486,3.606219],[-69.581838,3.589258],[-69.585271,3.58309],[-69.586816,3.575552],[-69.590764,3.568356],[-69.593339,3.56887],[-69.603639,3.594055],[-69.60793,3.596282],[-69.61617,3.59337],[-69.618402,3.590457],[-69.621148,3.575381],[-69.628015,3.56887],[-69.637456,3.569555],[-69.649129,3.580349],[-69.659944,3.586003],[-69.671273,3.580863],[-69.678483,3.559276],[-69.693418,3.539401],[-69.699083,3.541114],[-69.700971,3.558419],[-69.705091,3.572297],[-69.712987,3.580863],[-69.727922,3.591828],[-69.739423,3.591485],[-69.743714,3.582919],[-69.74217,3.576751],[-69.738736,3.572639],[-69.729295,3.572125],[-69.71848,3.568185],[-69.714875,3.561674],[-69.7123,3.552765],[-69.714704,3.546597],[-69.72775,3.5418],[-69.73599,3.545055],[-69.746976,3.556192],[-69.754014,3.559618],[-69.772725,3.565101],[-69.783025,3.562531],[-69.788346,3.552251],[-69.788518,3.544198],[-69.785428,3.526037],[-69.78766,3.516956],[-69.799161,3.50719],[-69.805513,3.506333],[-69.812894,3.511131],[-69.815126,3.524152],[-69.811177,3.535118],[-69.812207,3.545569],[-69.819932,3.557391],[-69.830403,3.557391],[-69.835382,3.555849],[-69.843278,3.547968],[-69.844651,3.53666],[-69.842076,3.527408],[-69.836755,3.515585],[-69.827657,3.501536],[-69.814782,3.487485],[-69.813752,3.479432],[-69.820447,3.475663],[-69.835382,3.48046],[-69.843965,3.484573],[-69.851174,3.490912],[-69.85872,3.503944],[-69.864709,3.523682],[-69.87149,3.535932],[-69.882133,3.540473],[-69.894321,3.535076],[-69.897668,3.529679],[-69.895436,3.518456],[-69.891746,3.514344],[-69.884536,3.511431],[-69.877326,3.500894],[-69.870545,3.488386],[-69.862048,3.483845],[-69.860761,3.476049],[-69.870374,3.466453],[-69.871232,3.457458],[-69.869773,3.451032],[-69.870116,3.438266],[-69.874579,3.431841],[-69.884965,3.425929],[-69.901015,3.42353],[-69.904277,3.427043],[-69.90668,3.436125],[-69.914748,3.444606],[-69.919898,3.447691],[-69.944617,3.458743],[-69.955775,3.458743],[-69.959981,3.456173],[-69.963586,3.446234],[-69.962556,3.439209],[-69.958264,3.433983],[-69.940326,3.418218],[-69.938523,3.412478],[-69.939124,3.399711],[-69.94127,3.396113],[-69.952342,3.390972],[-69.969079,3.388487],[-69.976203,3.385745],[-69.990451,3.375892],[-70.00015,3.371608],[-70.010535,3.373836],[-70.014655,3.377777],[-70.016543,3.386345],[-70.013968,3.40331],[-70.01723,3.410421],[-70.02135,3.414277],[-70.030705,3.418132],[-70.036971,3.417533],[-70.047442,3.40211],[-70.058085,3.393457],[-70.078342,3.386774],[-70.103576,3.383089],[-70.108811,3.383004],[-70.11359,3.389259],[-70.113247,3.397656],[-70.11874,3.403653],[-70.125607,3.400226],[-70.130413,3.394742],[-70.126808,3.379149],[-70.12801,3.370238],[-70.130757,3.365439],[-70.136421,3.362184],[-70.16938,3.353615],[-70.172299,3.349502],[-70.170754,3.344704],[-70.163887,3.338192],[-70.158737,3.330309],[-70.149983,3.323797],[-70.142773,3.320541],[-70.13728,3.315571],[-70.120114,3.303403],[-70.115135,3.301518],[-70.109985,3.296205],[-70.108097,3.289008],[-70.110329,3.28181],[-70.11874,3.279239],[-70.125435,3.288151],[-70.130757,3.292778],[-70.14037,3.293978],[-70.148438,3.290893],[-70.153587,3.285066],[-70.157364,3.274097],[-70.157364,3.263129],[-70.152729,3.254046],[-70.137108,3.249932],[-70.131958,3.245305],[-70.12904,3.235707],[-70.127152,3.221653],[-70.126293,3.207771],[-70.12904,3.198858],[-70.136936,3.191146],[-70.148953,3.191317],[-70.151356,3.19663],[-70.150841,3.212398],[-70.152558,3.220282],[-70.155991,3.227309],[-70.161312,3.233308],[-70.167664,3.235879],[-70.175217,3.235365],[-70.180023,3.230566],[-70.18071,3.22371],[-70.177277,3.215998],[-70.166805,3.205885],[-70.158909,3.196459],[-70.157001,3.192129],[-70.159081,3.187032],[-70.165089,3.180519],[-70.179202,3.171508],[-70.190838,3.172121],[-70.195645,3.176063],[-70.198048,3.18189],[-70.199764,3.196116],[-70.202854,3.202115],[-70.208347,3.206742],[-70.214184,3.207599],[-70.219849,3.203315],[-70.221394,3.198173],[-70.217789,3.193374],[-70.209206,3.187889],[-70.205429,3.179662],[-70.206803,3.172121],[-70.210922,3.167321],[-70.219849,3.169892],[-70.227574,3.182062],[-70.234268,3.183261],[-70.240448,3.181547],[-70.247143,3.176577],[-70.250061,3.171264],[-70.250061,3.164922],[-70.246971,3.152752],[-70.251091,3.146925],[-70.257958,3.142982],[-70.279587,3.132698],[-70.286968,3.121214],[-70.277936,3.105432],[-70.278022,3.097118],[-70.281369,3.09009],[-70.295617,3.089662],[-70.30626,3.091204],[-70.316045,3.088548],[-70.321109,3.082205],[-70.318105,3.073206],[-70.31244,3.069521],[-70.296905,3.07192],[-70.281627,3.070892],[-70.271413,3.063693],[-70.253989,3.044579],[-70.256049,3.035666],[-70.263002,3.032237],[-70.272443,3.029837],[-70.295531,3.03558],[-70.301797,3.03378],[-70.301969,3.029066],[-70.295961,3.018609],[-70.288837,3.011409],[-70.28094,2.987324],[-70.278194,2.959381],[-70.277421,2.94318],[-70.278022,2.933666],[-70.292527,2.932294],[-70.313127,2.918579],[-70.32171,2.914465],[-70.335614,2.91455],[-70.346,2.917465],[-70.353467,2.914808],[-70.355956,2.910007],[-70.355956,2.904007],[-70.348746,2.883177],[-70.347545,2.873747],[-70.351665,2.857888],[-70.355441,2.852916],[-70.363423,2.850516],[-70.373036,2.850002],[-70.397412,2.833628],[-70.410115,2.828142],[-70.420844,2.826684],[-70.477836,2.81374],[-70.486419,2.810911],[-70.490281,2.813054],[-70.49586,2.810911],[-70.497663,2.807139],[-70.495689,2.789564],[-70.497319,2.785878],[-70.506761,2.786478]]]},"properties":{"shapeName":"Guainía"}},{"type":"Feature","geometry":{"type":"Polygon","coordinates":[[[-74.143841,4.003156],[-74.138794,4.011998],[-74.139909,4.022861],[-74.137864,4.028568],[-74.131271,4.039249],[-74.125303,4.056199],[-74.125251,4.064167],[-74.131896,4.077851],[-74.129846,4.08969],[-74.121303,4.09824],[-74.129261,4.10357],[-74.130711,4.113656],[-74.128427,4.12459],[-74.124534,4.127441],[-74.114828,4.130564],[-74.107037,4.135047],[-74.106636,4.138886],[-74.113987,4.156718],[-74.109193,4.169591],[-74.111023,4.178937],[-74.109297,4.182353],[-74.120124,4.182074],[-74.125771,4.193921],[-74.131427,4.199358],[-74.136227,4.208119],[-74.134665,4.221404],[-74.136115,4.230827],[-74.142808,4.237626],[-74.150336,4.250207],[-74.150754,4.256734],[-74.144905,4.266917],[-74.141104,4.276271],[-74.133909,4.288227],[-74.127544,4.302799],[-74.122474,4.308903],[-74.115125,4.313098],[-74.114549,4.318885],[-74.108209,4.326841],[-74.098987,4.347092],[-74.098123,4.356495],[-74.095529,4.36474],[-74.095673,4.369948],[-74.104753,4.379928],[-74.113544,4.38528],[-74.114841,4.399022],[-74.112393,4.432582],[-74.108214,4.445167],[-74.100864,4.453557],[-74.086019,4.461224],[-74.07822,4.46268],[-74.075819,4.465274],[-74.073647,4.484167],[-74.072682,4.501363],[-74.073044,4.51081],[-74.059649,4.51093],[-74.055667,4.508629],[-74.044806,4.512262],[-74.041548,4.515168],[-74.039375,4.52631],[-74.036237,4.535029],[-74.032375,4.539994],[-74.029237,4.549803],[-74.029719,4.556464],[-74.026099,4.559249],[-74.019703,4.558885],[-74.006066,4.562033],[-74.006548,4.566272],[-74.004616,4.580562],[-73.998231,4.599761],[-73.999243,4.606974],[-73.997469,4.614929],[-74.004935,4.62383],[-74.010795,4.626846],[-74.015131,4.635807],[-74.031406,4.635527],[-74.031445,4.644718],[-74.027387,4.651734],[-74.026013,4.660224],[-74.022783,4.662854],[-74.017493,4.661745],[-74.010447,4.663275],[-74.007236,4.666205],[-74.003184,4.678091],[-74.010575,4.684188],[-74.011284,4.690893],[-74.014219,4.697192],[-74.010674,4.713447],[-74.008648,4.718628],[-74.007228,4.741385],[-74.009567,4.756696],[-74.017681,4.760421],[-74.018074,4.768049],[-74.016095,4.779462],[-74.015831,4.792895],[-74.012894,4.796653],[-74.000031,4.803357],[-74.000638,4.807421],[-74.005196,4.810673],[-74.004587,4.816516],[-74.010151,4.820848],[-74.030512,4.823038],[-74.035504,4.828241],[-74.049727,4.830637],[-74.06095,4.828215],[-74.065369,4.835583],[-74.071817,4.834626],[-74.074695,4.8369],[-74.086604,4.832405],[-74.08096,4.826081],[-74.086631,4.820947],[-74.087259,4.816454],[-74.080494,4.807939],[-74.088398,4.803465],[-74.087612,4.79559],[-74.09332,4.7909],[-74.09563,4.799028],[-74.105517,4.796449],[-74.107979,4.788695],[-74.114926,4.785364],[-74.113837,4.778073],[-74.116546,4.762022],[-74.120918,4.760608],[-74.120118,4.754388],[-74.128919,4.746334],[-74.129568,4.738834],[-74.125917,4.729676],[-74.13706,4.730673],[-74.149162,4.725412],[-74.151179,4.722675],[-74.159891,4.723231],[-74.160449,4.720109],[-74.169289,4.715276],[-74.172208,4.711469],[-74.171033,4.70476],[-74.173938,4.700613],[-74.17026,4.690047],[-74.167573,4.687821],[-74.173903,4.681876],[-74.174912,4.67701],[-74.169806,4.668971],[-74.16039,4.666865],[-74.164014,4.65842],[-74.172082,4.657254],[-74.180175,4.65256],[-74.187287,4.65172],[-74.191718,4.654802],[-74.202713,4.646752],[-74.207185,4.645892],[-74.207787,4.640551],[-74.214401,4.640881],[-74.223504,4.626334],[-74.219921,4.617637],[-74.204026,4.600802],[-74.183538,4.596234],[-74.17967,4.578388],[-74.175547,4.575419],[-74.177633,4.563568],[-74.180085,4.556667],[-74.177885,4.542644],[-74.179768,4.532402],[-74.179452,4.523421],[-74.17223,4.522792],[-74.161238,4.511764],[-74.160609,4.503098],[-74.166103,4.49128],[-74.169555,4.479777],[-74.179602,4.470007],[-74.185253,4.462443],[-74.187449,4.452673],[-74.189803,4.449207],[-74.195138,4.42951],[-74.201573,4.423364],[-74.209733,4.404612],[-74.212085,4.388383],[-74.216479,4.38397],[-74.217262,4.37231],[-74.219144,4.362856],[-74.220289,4.339576],[-74.218719,4.335004],[-74.216182,4.314168],[-74.214739,4.308496],[-74.216462,4.289273],[-74.21599,4.284389],[-74.204687,4.269107],[-74.205941,4.25981],[-74.204528,4.254611],[-74.204525,4.24043],[-74.209705,4.241059],[-74.218272,4.234463],[-74.221232,4.226675],[-74.228077,4.222586],[-74.231688,4.217046],[-74.235692,4.200165],[-74.237858,4.196274],[-74.243591,4.19822],[-74.244756,4.191302],[-74.240633,4.186842],[-74.240923,4.169904],[-74.243283,4.158246],[-74.24278,4.153349],[-74.244798,4.14286],[-74.243562,4.137962],[-74.247974,4.117973],[-74.252911,4.104568],[-74.256566,4.089047],[-74.265613,4.091436],[-74.270002,4.099041],[-74.295291,4.103337],[-74.30164,4.108059],[-74.314476,4.122293],[-74.32191,4.127538],[-74.328669,4.129746],[-74.335273,4.109094],[-74.338671,4.105766],[-74.343806,4.094581],[-74.349573,4.072145],[-74.35084,4.056973],[-74.3528,4.052926],[-74.35878,4.048442],[-74.365138,4.036371],[-74.361796,4.013686],[-74.363185,4.007191],[-74.372208,3.991223],[-74.374057,3.986088],[-74.362904,3.979525],[-74.356206,3.969924],[-74.354946,3.951783],[-74.356322,3.929738],[-74.359823,3.914475],[-74.364876,3.897547],[-74.37022,3.889512],[-74.372869,3.88083],[-74.380501,3.872874],[-74.388636,3.860795],[-74.391662,3.845448],[-74.392777,3.834415],[-74.396636,3.823258],[-74.400182,3.817189],[-74.407078,3.809759],[-74.412946,3.798542],[-74.421664,3.786807],[-74.428795,3.782149],[-74.432619,3.777003],[-74.434397,3.764612],[-74.446668,3.757802],[-74.450417,3.752511],[-74.451665,3.746783],[-74.450776,3.738726],[-74.441472,3.728441],[-74.442177,3.730462],[-74.435417,3.737557],[-74.423887,3.741492],[-74.415983,3.740727],[-74.408459,3.737764],[-74.400026,3.739527],[-74.399004,3.752129],[-74.392404,3.751617],[-74.387835,3.753665],[-74.387857,3.759396],[-74.393774,3.767972],[-74.388561,3.772589],[-74.378653,3.777404],[-74.37671,3.782367],[-74.371963,3.784534],[-74.35981,3.793119],[-74.354787,3.800781],[-74.354038,3.807173],[-74.343891,3.811869],[-74.336763,3.813389],[-74.337867,3.822341],[-74.333173,3.822777],[-74.327328,3.817784],[-74.320228,3.826648],[-74.314823,3.827922],[-74.309732,3.817671],[-74.297962,3.817775],[-74.295068,3.822802],[-74.294509,3.832358],[-74.29863,3.837537],[-74.306967,3.841327],[-74.30457,3.852025],[-74.312099,3.864558],[-74.314053,3.870966],[-74.318732,3.874038],[-74.318962,3.878832],[-74.312623,3.885463],[-74.30137,3.883588],[-74.292899,3.887669],[-74.283602,3.897934],[-74.276117,3.910558],[-74.274359,3.922392],[-74.27172,3.926025],[-74.261225,3.928196],[-74.257096,3.93045],[-74.257777,3.942275],[-74.26056,3.948551],[-74.252815,3.948794],[-74.24109,3.962372],[-74.238468,3.970396],[-74.234034,3.97638],[-74.232377,3.987149],[-74.227845,3.995158],[-74.221924,4.000722],[-74.215911,4.00991],[-74.206484,4.014315],[-74.198848,4.015303],[-74.18513,4.008987],[-74.181657,4.010069],[-74.176359,4.016432],[-74.169757,4.015816],[-74.164371,4.01776],[-74.155764,4.012305],[-74.153388,4.003192],[-74.143841,4.003156]]]},"properties":{"shapeName":"Bogota Capital District"}},{"type":"Feature","geometry":{"type":"Polygon","coordinates":[[[-69.430461,6.107798],[-69.539748,6.246024],[-69.664092,6.403293],[-69.767936,6.534669],[-70.117865,6.979704],[-70.127335,6.978273],[-70.13308,6.975079],[-70.145263,6.978986],[-70.149602,6.9843],[-70.156845,6.98054],[-70.174141,6.976478],[-70.179428,6.979307],[-70.184156,6.97696],[-70.192489,6.976358],[-70.196674,6.979089],[-70.201886,6.975736],[-70.205077,6.978317],[-70.211821,6.974411],[-70.216595,6.97581],[-70.224333,6.97472],[-70.228866,6.970917],[-70.230374,6.965399],[-70.244071,6.959725],[-70.249347,6.958986],[-70.249607,6.953537],[-70.256605,6.946889],[-70.265846,6.941242],[-70.273081,6.941005],[-70.277329,6.937913],[-70.285415,6.940206],[-70.287489,6.936648],[-70.293659,6.934094],[-70.301496,6.937135],[-70.309373,6.937325],[-70.322388,6.934568],[-70.328579,6.940882],[-70.332108,6.940425],[-70.337306,6.944351],[-70.34415,6.944434],[-70.35486,6.957236],[-70.360754,6.956216],[-70.361333,6.965972],[-70.366001,6.966977],[-70.37127,6.972078],[-70.371293,6.9802],[-70.379918,6.98064],[-70.388431,6.985389],[-70.396814,6.981519],[-70.402793,6.987868],[-70.405636,6.985109],[-70.416671,6.980871],[-70.423221,6.986829],[-70.427703,6.99378],[-70.426521,6.998088],[-70.430562,7.007027],[-70.440697,7.007405],[-70.443305,7.003026],[-70.447655,7.002605],[-70.452421,7.011053],[-70.458449,7.008497],[-70.459275,7.003297],[-70.466979,7.000708],[-70.475248,7.00168],[-70.490521,7.008982],[-70.495598,7.006443],[-70.503121,7.006204],[-70.508742,7.013741],[-70.511726,7.023738],[-70.516494,7.031366],[-70.526222,7.036328],[-70.527723,7.041346],[-70.538375,7.04019],[-70.541645,7.048707],[-70.535471,7.053472],[-70.541844,7.061245],[-70.543192,7.067658],[-70.548676,7.073969],[-70.560771,7.077483],[-70.567547,7.080845],[-70.572807,7.079585],[-70.576233,7.075031],[-70.582314,7.07643],[-70.586245,7.073586],[-70.584793,7.069154],[-70.608684,7.063988],[-70.613369,7.067221],[-70.621479,7.06799],[-70.624517,7.070525],[-70.631171,7.069012],[-70.643336,7.069656],[-70.645609,7.077444],[-70.659102,7.080557],[-70.661888,7.083155],[-70.670947,7.085062],[-70.679874,7.092538],[-70.6843,7.103619],[-70.688672,7.104129],[-70.697044,7.094009],[-70.703952,7.092622],[-70.715039,7.09396],[-70.737727,7.088407],[-70.750938,7.092023],[-70.757792,7.097539],[-70.763446,7.096465],[-70.765288,7.089567],[-70.771499,7.087862],[-70.773595,7.080647],[-70.780821,7.076728],[-70.787596,7.083378],[-70.796783,7.083194],[-70.811128,7.079442],[-70.818454,7.079171],[-70.820836,7.071393],[-70.826232,7.074468],[-70.831749,7.074227],[-70.839414,7.07898],[-70.844086,7.075142],[-70.852179,7.078028],[-70.856375,7.075677],[-70.856791,7.070708],[-70.846674,7.068179],[-70.851703,7.063983],[-70.849134,7.057018],[-70.861046,7.05462],[-70.868521,7.057788],[-70.872383,7.063993],[-70.88404,7.064757],[-70.895321,7.059318],[-70.902613,7.045459],[-70.906544,7.041945],[-70.913352,7.04573],[-70.915133,7.052728],[-70.918155,7.053014],[-70.927062,7.046652],[-70.924412,7.031605],[-70.919322,7.029233],[-70.923655,7.02249],[-70.933158,7.020974],[-70.937277,7.018443],[-70.938672,7.012747],[-70.950012,7.016295],[-70.962872,7.017439],[-70.969778,7.016364],[-70.973833,7.013454],[-70.975419,7.004149],[-70.981058,6.999467],[-70.984859,7.00048],[-70.986507,6.994151],[-70.991386,6.990417],[-70.995442,6.983076],[-71.007225,6.978773],[-71.024942,6.97461],[-71.039708,6.982342],[-71.055678,6.981074],[-71.063346,6.982595],[-71.067089,6.980361],[-71.072094,6.983146],[-71.077088,6.980642],[-71.082548,6.984013],[-71.091029,6.983381],[-71.096081,6.98768],[-71.111671,6.989928],[-71.113951,6.992844],[-71.110628,7.002268],[-71.102691,7.005625],[-71.106004,7.010503],[-71.11136,7.012104],[-71.12087,7.011121],[-71.124324,7.014568],[-71.12296,7.022757],[-71.126364,7.030515],[-71.129775,7.032945],[-71.144026,7.033319],[-71.150563,7.026991],[-71.165238,7.026957],[-71.176096,7.024463],[-71.182954,7.020826],[-71.19376,7.020047],[-71.196612,7.023805],[-71.201825,7.024848],[-71.205944,7.020525],[-71.212238,7.019037],[-71.22792,7.02741],[-71.233292,7.024097],[-71.23943,7.01225],[-71.24388,7.0127],[-71.248898,7.018281],[-71.25804,7.0195],[-71.260893,7.023829],[-71.26177,7.03086],[-71.267637,7.032425],[-71.274319,7.028016],[-71.286541,7.024459],[-71.294808,7.028653],[-71.299639,7.028753],[-71.309179,7.023453],[-71.321026,7.019708],[-71.333996,7.016898],[-71.359096,7.019243],[-71.372535,7.015471],[-71.379022,7.017992],[-71.38614,7.030699],[-71.391745,7.035943],[-71.400675,7.037044],[-71.411525,7.035355],[-71.421256,7.038587],[-71.429366,7.038248],[-71.435239,7.025728],[-71.441886,7.024867],[-71.447571,7.018238],[-71.452837,7.018206],[-71.459228,7.013329],[-71.471945,7.012182],[-71.476376,7.014285],[-71.483441,7.026716],[-71.491277,7.031051],[-71.504824,7.026425],[-71.511199,7.026692],[-71.527137,7.035017],[-71.54922,7.030067],[-71.564079,7.03046],[-71.57441,7.026115],[-71.584566,7.016132],[-71.592011,7.018189],[-71.592937,7.03108],[-71.58733,7.036818],[-71.584406,7.042989],[-71.583979,7.0519],[-71.591902,7.054694],[-71.595387,7.047775],[-71.604364,7.044151],[-71.61671,7.042579],[-71.624422,7.047154],[-71.627768,7.053499],[-71.632941,7.056076],[-71.641018,7.055743],[-71.646831,7.053369],[-71.649943,7.043896],[-71.655858,7.03668],[-71.664253,7.033011],[-71.677292,7.038052],[-71.69747,7.036704],[-71.705005,7.032467],[-71.714554,7.0345],[-71.715882,7.048267],[-71.717699,7.053873],[-71.723066,7.056232],[-71.735416,7.058272],[-71.740755,7.064193],[-71.746216,7.065733],[-71.766985,7.066263],[-71.781576,7.064933],[-71.794919,7.062732],[-71.811109,7.063675],[-71.814381,7.062664],[-71.82597,7.054171],[-71.825533,7.047186],[-71.821944,7.037146],[-71.827358,7.029785],[-71.834959,7.025662],[-71.847118,7.025081],[-71.851675,7.027816],[-71.862388,7.020508],[-71.867567,7.022057],[-71.875983,7.020611],[-71.877787,7.018115],[-71.888954,7.021398],[-71.903664,7.017883],[-71.907714,7.015945],[-71.922869,7.016664],[-71.934882,7.013095],[-71.941166,7.009677],[-71.946017,7.01082],[-71.947629,7.006625],[-71.963017,6.981848],[-71.967509,6.979717],[-71.974656,6.972677],[-71.977432,6.962582],[-71.986949,6.941448],[-71.988983,6.93354],[-71.994369,6.924532],[-71.996543,6.911129],[-72.007414,6.887502],[-72.019144,6.860534],[-72.020009,6.856003],[-72.030624,6.837677],[-72.037938,6.819053],[-72.036827,6.80322],[-72.037282,6.795813],[-72.040539,6.793116],[-72.05048,6.770605],[-72.057939,6.768253],[-72.066268,6.763076],[-72.074816,6.752892],[-72.078609,6.751762],[-72.084412,6.755353],[-72.092862,6.753611],[-72.097897,6.74596],[-72.094997,6.727924],[-72.100237,6.721493],[-72.097959,6.715789],[-72.097428,6.698472],[-72.09354,6.685158],[-72.096125,6.680116],[-72.096561,6.673529],[-72.089048,6.650341],[-72.089379,6.645293],[-72.093057,6.63433],[-72.097693,6.630251],[-72.105728,6.619766],[-72.111252,6.609843],[-72.109418,6.592105],[-72.116656,6.576665],[-72.117037,6.568853],[-72.120021,6.5594],[-72.121311,6.544867],[-72.12643,6.536343],[-72.124496,6.516348],[-72.127049,6.510604],[-72.135985,6.513157],[-72.150665,6.513795],[-72.158325,6.506774],[-72.171728,6.499753],[-72.178111,6.493371],[-72.178111,6.484435],[-72.176218,6.468654],[-72.181346,6.459193],[-72.185619,6.459662],[-72.197001,6.465018],[-72.2073,6.465185],[-72.209489,6.462655],[-72.211939,6.451883],[-72.21513,6.445501],[-72.222151,6.435927],[-72.229172,6.433374],[-72.236832,6.432735],[-72.253427,6.434012],[-72.261086,6.431459],[-72.266192,6.426353],[-72.269248,6.417956],[-72.27281,6.4172],[-72.278029,6.411185],[-72.285975,6.405212],[-72.286331,6.396676],[-72.280513,6.390181],[-72.282382,6.380987],[-72.29231,6.376479],[-72.295372,6.369704],[-72.302063,6.363895],[-72.30381,6.359335],[-72.313271,6.35806],[-72.316674,6.35555],[-72.315941,6.34526],[-72.317727,6.334703],[-72.322633,6.331586],[-72.326457,6.33357],[-72.333549,6.345613],[-72.345029,6.346881],[-72.352928,6.343625],[-72.350962,6.332856],[-72.351385,6.326112],[-72.354169,6.318698],[-72.36441,6.306713],[-72.367816,6.295619],[-72.368183,6.284603],[-72.366961,6.275905],[-72.363152,6.264353],[-72.359536,6.258448],[-72.350762,6.248158],[-72.348805,6.244012],[-72.346219,6.230732],[-72.342863,6.223693],[-72.328293,6.219524],[-72.323004,6.21167],[-72.318832,6.208185],[-72.30598,6.204449],[-72.296424,6.204351],[-72.288511,6.200471],[-72.283631,6.195477],[-72.279943,6.187746],[-72.279268,6.177277],[-72.283631,6.161064],[-72.278543,6.157255],[-72.276599,6.136751],[-72.269012,6.12746],[-72.259914,6.120803],[-72.252361,6.119096],[-72.241374,6.11261],[-72.233993,6.111927],[-72.223693,6.104076],[-72.214938,6.103905],[-72.199317,6.098955],[-72.190562,6.094346],[-72.181464,6.087348],[-72.178546,6.083081],[-72.16035,6.074546],[-72.156745,6.071644],[-72.150737,6.070961],[-72.144214,6.067206],[-72.136832,6.066523],[-72.124644,6.068059],[-72.118636,6.073522],[-72.11074,6.075399],[-72.105762,6.080179],[-72.10353,6.085641],[-72.09323,6.093834],[-72.087051,6.102028],[-72.079841,6.108002],[-72.075034,6.113976],[-72.069713,6.11517],[-72.053577,6.123193],[-72.047569,6.123534],[-72.035381,6.121315],[-72.014953,6.12746],[-72.004034,6.133095],[-72.000501,6.137722],[-71.993348,6.139821],[-71.985384,6.147828],[-71.960963,6.164479],[-71.953802,6.172074],[-71.947123,6.169761],[-71.917106,6.166006],[-71.909768,6.158173],[-71.902014,6.156567],[-71.88518,6.159294],[-71.880384,6.15781],[-71.866789,6.162051],[-71.858763,6.162581],[-71.842889,6.174274],[-71.837831,6.181119],[-71.827215,6.186154],[-71.821764,6.190951],[-71.810724,6.186778],[-71.802985,6.190776],[-71.797653,6.188232],[-71.790722,6.18802],[-71.782571,6.193336],[-71.778549,6.191746],[-71.772684,6.193215],[-71.761426,6.191503],[-71.756218,6.193032],[-71.748893,6.189348],[-71.742602,6.191597],[-71.73685,6.191169],[-71.726821,6.195822],[-71.716751,6.194782],[-71.714008,6.192752],[-71.706635,6.194767],[-71.699262,6.193328],[-71.691873,6.189708],[-71.682419,6.191383],[-71.669835,6.188657],[-71.662096,6.195987],[-71.655475,6.198101],[-71.645457,6.206347],[-71.646383,6.214422],[-71.637254,6.222701],[-71.620019,6.226591],[-71.611785,6.225269],[-71.608377,6.22028],[-71.611957,6.210034],[-71.609389,6.207445],[-71.597925,6.2114],[-71.590873,6.210969],[-71.586281,6.207697],[-71.58563,6.201801],[-71.574981,6.190825],[-71.571196,6.189198],[-71.567386,6.19385],[-71.574546,6.205672],[-71.571298,6.211584],[-71.564597,6.210745],[-71.561028,6.204778],[-71.560655,6.199882],[-71.556396,6.196112],[-71.549062,6.197056],[-71.548587,6.20162],[-71.552492,6.207652],[-71.551436,6.211586],[-71.546213,6.21295],[-71.540989,6.210537],[-71.533813,6.210642],[-71.534499,6.216884],[-71.537612,6.222182],[-71.530964,6.22365],[-71.531175,6.21851],[-71.523419,6.21017],[-71.512444,6.205186],[-71.510228,6.197003],[-71.506534,6.196426],[-71.501944,6.200151],[-71.502419,6.208281],[-71.497037,6.216569],[-71.493554,6.216307],[-71.491496,6.204977],[-71.488172,6.202511],[-71.479044,6.205239],[-71.470559,6.212948],[-71.459729,6.21112],[-71.458759,6.22221],[-71.452565,6.223731],[-71.446894,6.215497],[-71.438611,6.216313],[-71.437865,6.224362],[-71.440701,6.231705],[-71.449991,6.243129],[-71.443723,6.245836],[-71.433649,6.239383],[-71.426075,6.226958],[-71.419024,6.224807],[-71.416151,6.230852],[-71.418315,6.237677],[-71.415554,6.243463],[-71.404585,6.24235],[-71.394959,6.236712],[-71.386042,6.242721],[-71.38149,6.242239],[-71.379737,6.235971],[-71.379699,6.22629],[-71.375147,6.227143],[-71.374924,6.234784],[-71.369766,6.23505],[-71.363423,6.228522],[-71.355253,6.230637],[-71.349097,6.229301],[-71.343836,6.234457],[-71.342605,6.242653],[-71.333314,6.244063],[-71.330964,6.248958],[-71.333016,6.255523],[-71.330292,6.257414],[-71.31701,6.253409],[-71.312496,6.255449],[-71.302683,6.268874],[-71.292647,6.274104],[-71.277563,6.273363],[-71.27084,6.262349],[-71.271473,6.273783],[-71.268518,6.278084],[-71.268538,6.283434],[-71.263259,6.28392],[-71.257178,6.280734],[-71.254184,6.274126],[-71.249395,6.269432],[-71.240333,6.268029],[-71.234753,6.264213],[-71.233711,6.277849],[-71.229807,6.282793],[-71.22023,6.283002],[-71.221219,6.290358],[-71.225,6.296635],[-71.218729,6.298659],[-71.211109,6.294281],[-71.204793,6.285564],[-71.194186,6.283123],[-71.186692,6.276133],[-71.183326,6.281273],[-71.17516,6.277063],[-71.160301,6.271885],[-71.153481,6.263462],[-71.145401,6.266032],[-71.130837,6.260095],[-71.126249,6.263296],[-71.127429,6.270119],[-71.121536,6.275048],[-71.117706,6.272816],[-71.114212,6.263887],[-71.106552,6.266751],[-71.096325,6.278039],[-71.092452,6.279134],[-71.087805,6.275737],[-71.083234,6.269111],[-71.074831,6.263527],[-71.069686,6.263824],[-71.063552,6.255804],[-71.059792,6.254616],[-71.052966,6.256595],[-71.043269,6.255902],[-71.03763,6.253823],[-71.033573,6.257189],[-71.036343,6.262535],[-71.032089,6.264811],[-71.02912,6.260455],[-71.019722,6.253722],[-71.01151,6.254216],[-70.996077,6.241243],[-70.995782,6.236293],[-70.984504,6.229162],[-70.977776,6.230646],[-70.972136,6.235695],[-70.952448,6.235195],[-70.942259,6.226678],[-70.935434,6.225785],[-70.929991,6.230536],[-70.921877,6.234197],[-70.915743,6.235086],[-70.90585,6.231419],[-70.899517,6.235674],[-70.89368,6.234484],[-70.890022,6.227948],[-70.886461,6.22666],[-70.880226,6.231509],[-70.875181,6.23022],[-70.868754,6.22101],[-70.86331,6.226651],[-70.863999,6.236056],[-70.861129,6.239323],[-70.847872,6.237238],[-70.841341,6.240007],[-70.831448,6.238814],[-70.824318,6.252176],[-70.816402,6.253163],[-70.810073,6.247318],[-70.801032,6.25464],[-70.78336,6.248492],[-70.7799,6.242945],[-70.774457,6.245021],[-70.769809,6.242543],[-70.771696,6.230961],[-70.765464,6.228383],[-70.758042,6.232338],[-70.752601,6.231049],[-70.745977,6.224806],[-70.734796,6.226482],[-70.730744,6.21955],[-70.72491,6.21618],[-70.718547,6.223539],[-70.7144,6.224402],[-70.703095,6.220396],[-70.689216,6.226034],[-70.682985,6.222956],[-70.68,6.219098],[-70.673247,6.220211],[-70.663099,6.228037],[-70.654741,6.228593],[-70.638325,6.234676],[-70.633251,6.232933],[-70.632318,6.228519],[-70.626647,6.22889],[-70.623961,6.23412],[-70.617805,6.232525],[-70.612283,6.238904],[-70.607059,6.239535],[-70.599187,6.236753],[-70.59568,6.241723],[-70.584562,6.237977],[-70.579487,6.248918],[-70.574824,6.246433],[-70.572809,6.239535],[-70.567623,6.239312],[-70.560721,6.245766],[-70.555535,6.24495],[-70.5549,6.23972],[-70.549826,6.237495],[-70.546095,6.243614],[-70.54076,6.24495],[-70.535051,6.24239],[-70.531955,6.232154],[-70.52938,6.229187],[-70.514867,6.235121],[-70.511173,6.239868],[-70.500391,6.247509],[-70.491716,6.249678],[-70.481653,6.249437],[-70.473447,6.265628],[-70.462328,6.262105],[-70.455146,6.266444],[-70.449531,6.272434],[-70.444233,6.274362],[-70.437722,6.273324],[-70.428507,6.279591],[-70.432145,6.290198],[-70.417911,6.290661],[-70.413396,6.293387],[-70.405847,6.290434],[-70.389915,6.292288],[-70.3832,6.299705],[-70.378163,6.301003],[-70.374768,6.29837],[-70.368985,6.301819],[-70.363687,6.30104],[-70.359172,6.296813],[-70.352419,6.293846],[-70.343241,6.294476],[-70.336824,6.292029],[-70.33007,6.293883],[-70.319437,6.284167],[-70.32037,6.278715],[-70.313617,6.278567],[-70.308767,6.281126],[-70.309065,6.288394],[-70.300223,6.278048],[-70.294962,6.279791],[-70.289552,6.285168],[-70.277538,6.278233],[-70.270972,6.273263],[-70.266942,6.274191],[-70.263696,6.280273],[-70.254966,6.28591],[-70.244818,6.287356],[-70.236647,6.286318],[-70.233028,6.291658],[-70.226498,6.287727],[-70.223103,6.292474],[-70.211761,6.288024],[-70.202172,6.287356],[-70.198068,6.29329],[-70.19343,6.293936],[-70.183695,6.281506],[-70.174567,6.278988],[-70.170609,6.280011],[-70.166626,6.285098],[-70.165359,6.296243],[-70.162378,6.298],[-70.152274,6.296269],[-70.150111,6.291916],[-70.154569,6.287013],[-70.154226,6.275789],[-70.150427,6.268761],[-70.14275,6.26682],[-70.137869,6.268918],[-70.127422,6.267109],[-70.123491,6.264303],[-70.116896,6.244844],[-70.117212,6.23716],[-70.112384,6.232019],[-70.106633,6.231757],[-70.098032,6.235245],[-70.087664,6.228977],[-70.07574,6.215497],[-70.067482,6.21151],[-70.061309,6.21033],[-70.058961,6.206579],[-70.061335,6.192915],[-70.059515,6.18544],[-70.054819,6.183289],[-70.042604,6.18704],[-70.036378,6.187092],[-70.034399,6.183263],[-70.038277,6.17702],[-70.045374,6.174292],[-70.057826,6.172378],[-70.060807,6.16805],[-70.059726,6.162699],[-70.055716,6.158896],[-70.043976,6.153755],[-70.035402,6.153912],[-70.030204,6.160312],[-70.008526,6.152419],[-70.003303,6.147448],[-69.994162,6.148524],[-69.992595,6.154459],[-69.994013,6.163325],[-69.987596,6.167405],[-69.98185,6.163362],[-69.980283,6.15713],[-69.984486,6.150587],[-69.987071,6.140148],[-69.98227,6.138102],[-69.97578,6.132068],[-69.960795,6.135478],[-69.960003,6.142718],[-69.949028,6.14361],[-69.942802,6.136265],[-69.933991,6.117694],[-69.923491,6.109614],[-69.914626,6.107673],[-69.906079,6.100013],[-69.899958,6.087893],[-69.906923,6.074252],[-69.90497,6.069687],[-69.897056,6.065542],[-69.891616,6.052053],[-69.888297,6.049644],[-69.874262,6.046129],[-69.861335,6.039202],[-69.85189,6.040829],[-69.846244,6.043872],[-69.833792,6.042613],[-69.826487,6.043594],[-69.822743,6.047615],[-69.805711,6.058265],[-69.799773,6.060528],[-69.781579,6.060485],[-69.777232,6.059088],[-69.770325,6.053232],[-69.754808,6.050126],[-69.738307,6.045768],[-69.728717,6.045112],[-69.716677,6.042095],[-69.688627,6.044748],[-69.653605,6.041422],[-69.641783,6.039283],[-69.630412,6.038487],[-69.608813,6.038716],[-69.599825,6.04051],[-69.587783,6.040572],[-69.571006,6.044455],[-69.557588,6.045618],[-69.546296,6.043378],[-69.535697,6.045197],[-69.527577,6.050333],[-69.519271,6.051563],[-69.502828,6.059164],[-69.485516,6.070021],[-69.46834,6.075745],[-69.453216,6.082983],[-69.444792,6.090143],[-69.434886,6.105542],[-69.430461,6.107798]]]},"properties":{"shapeName":"Arauca"}},{"type":"Feature","geometry":{"type":"Polygon","coordinates":[[[-74.659329,5.751369],[-74.653115,5.750784],[-74.650807,5.745759],[-74.650652,5.739141],[-74.647861,5.736349],[-74.640694,5.73889],[-74.639167,5.752799],[-74.629773,5.761382],[-74.623872,5.754655],[-74.617842,5.759285],[-74.613899,5.75465],[-74.606468,5.751143],[-74.604775,5.745945],[-74.592993,5.747937],[-74.593284,5.758605],[-74.581716,5.753214],[-74.572806,5.754685],[-74.569569,5.760453],[-74.562971,5.757507],[-74.55259,5.76446],[-74.549272,5.774322],[-74.539973,5.778765],[-74.539837,5.784091],[-74.531421,5.789861],[-74.521642,5.789086],[-74.514583,5.793248],[-74.507567,5.794378],[-74.504158,5.788792],[-74.508625,5.786644],[-74.496604,5.77819],[-74.489392,5.781288],[-74.486822,5.77158],[-74.47304,5.777179],[-74.463491,5.775983],[-74.462958,5.769247],[-74.444412,5.763917],[-74.438886,5.76639],[-74.436616,5.759354],[-74.427613,5.762714],[-74.421832,5.767909],[-74.412892,5.767004],[-74.410035,5.774451],[-74.39556,5.782887],[-74.384713,5.783773],[-74.379917,5.792541],[-74.365693,5.805309],[-74.356576,5.811769],[-74.345209,5.823753],[-74.344383,5.831158],[-74.335848,5.836703],[-74.333549,5.827678],[-74.325866,5.824281],[-74.320671,5.814319],[-74.318594,5.803256],[-74.314952,5.800462],[-74.305654,5.800389],[-74.302551,5.794684],[-74.310138,5.784744],[-74.309997,5.777317],[-74.291996,5.754701],[-74.289177,5.747861],[-74.290362,5.739553],[-74.300119,5.727013],[-74.301233,5.717563],[-74.298795,5.710199],[-74.291399,5.701785],[-74.278049,5.697733],[-74.277273,5.692348],[-74.280239,5.681021],[-74.282209,5.667184],[-74.292278,5.661708],[-74.306824,5.646506],[-74.307045,5.637136],[-74.30954,5.630087],[-74.314799,5.623072],[-74.307786,5.614949],[-74.30111,5.587679],[-74.297896,5.578658],[-74.293994,5.572863],[-74.288562,5.568456],[-74.272298,5.561056],[-74.261932,5.561601],[-74.251745,5.55438],[-74.248858,5.547968],[-74.24372,5.54517],[-74.242366,5.539481],[-74.247501,5.531171],[-74.245965,5.517444],[-74.249747,5.503715],[-74.254252,5.49983],[-74.25479,5.48818],[-74.247216,5.476712],[-74.244872,5.475358],[-74.236671,5.477618],[-74.225409,5.492433],[-74.219912,5.495775],[-74.211441,5.497313],[-74.201436,5.497044],[-74.196569,5.494245],[-74.192242,5.487563],[-74.187012,5.474559],[-74.178179,5.467968],[-74.176005,5.461611],[-74.16853,5.45781],[-74.160376,5.448412],[-74.150183,5.44471],[-74.144012,5.448656],[-74.139657,5.446072],[-74.135597,5.437189],[-74.125075,5.43279],[-74.122093,5.435447],[-74.119029,5.451304],[-74.113231,5.464421],[-74.113563,5.471478],[-74.096875,5.469922],[-74.095965,5.437845],[-74.091048,5.429386],[-74.077508,5.413534],[-74.068395,5.405423],[-74.049592,5.403201],[-74.030515,5.388138],[-74.023245,5.388472],[-74.020655,5.385123],[-74.023581,5.373567],[-74.023498,5.367035],[-74.02022,5.365263],[-74.00982,5.368613],[-73.999929,5.367742],[-73.998724,5.370801],[-73.99171,5.374638],[-73.987537,5.379363],[-73.986882,5.385821],[-73.983607,5.389143],[-73.981281,5.403132],[-73.975258,5.41656],[-73.971307,5.419803],[-73.963617,5.422375],[-73.951555,5.4236],[-73.946613,5.425423],[-73.942412,5.43415],[-73.935258,5.439135],[-73.927326,5.441003],[-73.916203,5.434316],[-73.912109,5.433478],[-73.905165,5.446889],[-73.899288,5.44947],[-73.897648,5.453985],[-73.901809,5.464591],[-73.901732,5.476177],[-73.903692,5.480289],[-73.9021,5.488307],[-73.907752,5.500942],[-73.907246,5.50879],[-73.910511,5.510973],[-73.910664,5.520636],[-73.908485,5.526245],[-73.900708,5.529048],[-73.894489,5.521254],[-73.889825,5.512993],[-73.880489,5.525146],[-73.874802,5.526554],[-73.866955,5.533713],[-73.858557,5.532619],[-73.853578,5.536201],[-73.849375,5.544927],[-73.835841,5.55022],[-73.831796,5.553803],[-73.82028,5.554806],[-73.811701,5.562247],[-73.804723,5.573583],[-73.800219,5.558932],[-73.794467,5.552695],[-73.789201,5.550021],[-73.790865,5.531411],[-73.786474,5.509763],[-73.781511,5.499201],[-73.769415,5.487393],[-73.760211,5.485127],[-73.746583,5.48946],[-73.742894,5.469293],[-73.736125,5.472273],[-73.729895,5.477785],[-73.725653,5.479049],[-73.719067,5.477236],[-73.716994,5.472623],[-73.718924,5.460381],[-73.716005,5.455473],[-73.711326,5.457372],[-73.699985,5.456552],[-73.690713,5.447382],[-73.681961,5.454029],[-73.678747,5.453481],[-73.674939,5.443649],[-73.678245,5.434686],[-73.674462,5.431076],[-73.664937,5.425962],[-73.657091,5.417425],[-73.648783,5.416697],[-73.63976,5.413635],[-73.627603,5.406756],[-73.616404,5.403473],[-73.601717,5.402352],[-73.593576,5.399768],[-73.589988,5.390139],[-73.598118,5.37812],[-73.59987,5.365895],[-73.59431,5.35131],[-73.595869,5.337144],[-73.59461,5.329137],[-73.602464,5.320342],[-73.588779,5.308575],[-73.579038,5.302323],[-73.575622,5.302119],[-73.566577,5.306178],[-73.549629,5.299488],[-73.54318,5.288798],[-73.536565,5.285107],[-73.531543,5.276807],[-73.533359,5.272615],[-73.529789,5.262922],[-73.526818,5.259286],[-73.526818,5.247288],[-73.52474,5.245136],[-73.522253,5.233519],[-73.517743,5.23098],[-73.518611,5.225895],[-73.523677,5.218201],[-73.524094,5.213018],[-73.521604,5.203812],[-73.522019,5.193108],[-73.516343,5.192465],[-73.507159,5.185101],[-73.511765,5.173316],[-73.510146,5.169792],[-73.510722,5.161937],[-73.505347,5.153615],[-73.499259,5.152637],[-73.485492,5.154217],[-73.477867,5.147541],[-73.48693,5.138471],[-73.490994,5.127771],[-73.491367,5.113555],[-73.494324,5.106318],[-73.491273,5.101296],[-73.489539,5.093489],[-73.484408,5.088606],[-73.483204,5.075869],[-73.479997,5.06293],[-73.479847,5.052696],[-73.487594,5.049982],[-73.499451,5.039706],[-73.515644,5.035754],[-73.521783,5.028573],[-73.522455,5.021238],[-73.515374,5.003875],[-73.510428,4.997735],[-73.515337,4.990397],[-73.520144,4.977369],[-73.530531,4.961388],[-73.533223,4.955418],[-73.541372,4.951388],[-73.544867,4.943743],[-73.54723,4.929831],[-73.546669,4.921613],[-73.541876,4.911473],[-73.539507,4.897889],[-73.536182,4.893935],[-73.526818,4.891898],[-73.52236,4.888071],[-73.51961,4.877898],[-73.50533,4.881873],[-73.488779,4.885031],[-73.474008,4.893236],[-73.465167,4.89274],[-73.452035,4.882395],[-73.445026,4.889957],[-73.431983,4.882377],[-73.425274,4.879809],[-73.40441,4.879804],[-73.400114,4.876217],[-73.393855,4.864277],[-73.392973,4.853416],[-73.390395,4.849447],[-73.381402,4.846694],[-73.376393,4.841544],[-73.375316,4.833966],[-73.365763,4.822864],[-73.371207,4.808579],[-73.369552,4.800195],[-73.358931,4.796035],[-73.343947,4.792774],[-73.336186,4.789318],[-73.325293,4.78176],[-73.313297,4.767673],[-73.308737,4.748992],[-73.305693,4.744793],[-73.30846,4.73581],[-73.303379,4.72952],[-73.291787,4.724367],[-73.283249,4.723712],[-73.270571,4.738716],[-73.265955,4.739793],[-73.245652,4.734177],[-73.235305,4.735798],[-73.225041,4.732766],[-73.220519,4.727531],[-73.221787,4.722448],[-73.226707,4.716254],[-73.233278,4.696981],[-73.233227,4.694094],[-73.223506,4.679351],[-73.215212,4.677539],[-73.205378,4.679426],[-73.194806,4.67316],[-73.187451,4.671596],[-73.158837,4.66169],[-73.152377,4.656969],[-73.144706,4.656905],[-73.135559,4.663527],[-73.119117,4.670039],[-73.111438,4.661429],[-73.10638,4.660222],[-73.102287,4.662667],[-73.090272,4.680314],[-73.090254,4.690552],[-73.084107,4.694792],[-73.079314,4.707663],[-73.074008,4.71754],[-73.076547,4.724918],[-73.075482,4.730292],[-73.070533,4.740177],[-73.066516,4.740741],[-73.058193,4.735983],[-73.050834,4.737208],[-73.047631,4.742477],[-73.045713,4.755728],[-73.057369,4.783373],[-73.06085,4.788503],[-73.068779,4.792724],[-73.073296,4.801585],[-73.071126,4.812496],[-73.073448,4.816221],[-73.069469,4.832242],[-73.066858,4.838964],[-73.0678,4.84511],[-73.057996,4.850292],[-73.051537,4.858304],[-73.051283,4.871175],[-73.044332,4.873475],[-73.040646,4.887687],[-73.043918,4.892376],[-73.047581,4.902232],[-73.04837,4.92373],[-73.044762,4.93366],[-73.039975,4.939956],[-73.038746,4.953276],[-73.035832,4.962433],[-73.029033,4.96904],[-73.030422,4.982503],[-73.0266,4.985046],[-73.017968,4.997067],[-73.016373,5.002631],[-73.004616,4.997114],[-73.000176,4.989076],[-72.988697,4.986037],[-72.98081,4.981612],[-72.973287,4.975394],[-72.9702,4.980987],[-72.968313,4.98944],[-72.958103,4.997018],[-72.954336,5.007113],[-72.942925,5.019481],[-72.925174,5.030535],[-72.924345,5.034277],[-72.92773,5.042595],[-72.925811,5.048692],[-72.903231,5.068745],[-72.905057,5.075452],[-72.904386,5.089918],[-72.905682,5.098532],[-72.908834,5.103501],[-72.916019,5.101764],[-72.924772,5.096174],[-72.93513,5.107675],[-72.937069,5.115718],[-72.948019,5.122555],[-72.957186,5.130659],[-72.963911,5.133795],[-72.972678,5.147213],[-72.970231,5.153478],[-72.962899,5.155431],[-72.957255,5.164515],[-72.953584,5.174258],[-72.949287,5.176615],[-72.949079,5.190318],[-72.946092,5.195145],[-72.932438,5.207967],[-72.931064,5.217339],[-72.921213,5.226729],[-72.915248,5.239635],[-72.908642,5.2501],[-72.906149,5.266796],[-72.904321,5.268488],[-72.897252,5.283141],[-72.88228,5.33387],[-72.876244,5.350048],[-72.875094,5.358235],[-72.867616,5.353946],[-72.863134,5.349026],[-72.853291,5.347915],[-72.848417,5.351613],[-72.845635,5.356931],[-72.837883,5.364553],[-72.813379,5.377117],[-72.81463,5.386262],[-72.802536,5.394975],[-72.798085,5.395681],[-72.785026,5.3838],[-72.784143,5.378294],[-72.777462,5.362843],[-72.77082,5.349704],[-72.76215,5.337377],[-72.756421,5.331524],[-72.748368,5.327766],[-72.742161,5.32268],[-72.722728,5.312631],[-72.719062,5.301487],[-72.719598,5.290674],[-72.714373,5.281444],[-72.703415,5.275984],[-72.687249,5.282414],[-72.677829,5.291244],[-72.667839,5.293408],[-72.665291,5.299279],[-72.655221,5.30437],[-72.649665,5.311809],[-72.648916,5.320428],[-72.644672,5.327724],[-72.637376,5.330921],[-72.636479,5.340562],[-72.622908,5.346375],[-72.616192,5.350742],[-72.607591,5.35116],[-72.588916,5.357689],[-72.585285,5.352275],[-72.580328,5.352555],[-72.575648,5.358534],[-72.568034,5.375134],[-72.576793,5.376681],[-72.582786,5.382154],[-72.570754,5.391666],[-72.564483,5.393],[-72.543782,5.406828],[-72.541075,5.412069],[-72.534819,5.4176],[-72.528341,5.427104],[-72.518018,5.434962],[-72.508336,5.438073],[-72.500326,5.448131],[-72.49419,5.462046],[-72.491024,5.472313],[-72.490162,5.481399],[-72.476482,5.493159],[-72.470813,5.495861],[-72.46075,5.507959],[-72.452913,5.514065],[-72.444818,5.518521],[-72.44009,5.531797],[-72.426423,5.547009],[-72.42531,5.555133],[-72.419596,5.565049],[-72.411926,5.570022],[-72.396789,5.570427],[-72.394168,5.566417],[-72.383874,5.556703],[-72.379079,5.549699],[-72.374584,5.537883],[-72.368316,5.527946],[-72.360335,5.519478],[-72.344335,5.506956],[-72.338215,5.517419],[-72.332508,5.530282],[-72.326331,5.534982],[-72.312184,5.55255],[-72.310375,5.553158],[-72.305568,5.563903],[-72.297747,5.576166],[-72.299895,5.593397],[-72.29644,5.601024],[-72.285272,5.600745],[-72.280906,5.605592],[-72.278358,5.614366],[-72.280188,5.623283],[-72.279446,5.629786],[-72.263198,5.651073],[-72.261429,5.658225],[-72.263731,5.669204],[-72.278946,5.673043],[-72.290547,5.67942],[-72.299287,5.687852],[-72.285613,5.701493],[-72.284556,5.708322],[-72.280357,5.714698],[-72.279313,5.728201],[-72.269098,5.735068],[-72.267783,5.740832],[-72.26029,5.754762],[-72.258005,5.76214],[-72.258925,5.779155],[-72.255134,5.785721],[-72.256301,5.794049],[-72.263561,5.795541],[-72.268789,5.799252],[-72.27613,5.797287],[-72.278614,5.800029],[-72.298787,5.798657],[-72.302847,5.790688],[-72.309716,5.796855],[-72.316035,5.794985],[-72.328867,5.795666],[-72.333394,5.801949],[-72.343664,5.804141],[-72.35253,5.811654],[-72.362792,5.810302],[-72.373119,5.812114],[-72.383312,5.817953],[-72.391202,5.818444],[-72.392676,5.823615],[-72.386261,5.827503],[-72.375079,5.825819],[-72.366007,5.828498],[-72.365755,5.833985],[-72.36277,5.838358],[-72.36172,5.850298],[-72.359407,5.852787],[-72.351588,5.852103],[-72.345781,5.859297],[-72.342637,5.869807],[-72.333143,5.882731],[-72.325552,5.884287],[-72.324168,5.887106],[-72.333628,5.890281],[-72.330062,5.894866],[-72.326325,5.905348],[-72.328086,5.916186],[-72.324452,5.930216],[-72.326628,5.937397],[-72.337561,5.946706],[-72.338554,5.958312],[-72.342696,5.964195],[-72.342113,5.978004],[-72.339664,5.982582],[-72.341527,5.990757],[-72.340051,5.998324],[-72.347452,6.008406],[-72.348725,6.012719],[-72.355138,6.021039],[-72.363105,6.026974],[-72.365871,6.033367],[-72.364729,6.042577],[-72.350575,6.045024],[-72.343044,6.052598],[-72.332391,6.058701],[-72.320761,6.068255],[-72.317504,6.079269],[-72.321789,6.08698],[-72.334996,6.084022],[-72.339105,6.076785],[-72.354364,6.074065],[-72.364478,6.076726],[-72.370829,6.082506],[-72.37524,6.091539],[-72.372158,6.097611],[-72.365307,6.102095],[-72.372471,6.109709],[-72.38775,6.116823],[-72.391834,6.128695],[-72.388137,6.135725],[-72.381745,6.13698],[-72.377658,6.141336],[-72.373694,6.150531],[-72.384671,6.156848],[-72.392538,6.163384],[-72.391534,6.17495],[-72.392181,6.186305],[-72.393836,6.187953],[-72.408277,6.187298],[-72.414462,6.185217],[-72.415506,6.190377],[-72.408708,6.19473],[-72.406043,6.201551],[-72.401519,6.207551],[-72.398247,6.219535],[-72.397465,6.236676],[-72.390276,6.250115],[-72.390287,6.254452],[-72.386595,6.263546],[-72.395467,6.263111],[-72.401053,6.268672],[-72.396506,6.272373],[-72.389528,6.283373],[-72.382535,6.288531],[-72.377414,6.294852],[-72.376266,6.303033],[-72.371371,6.30655],[-72.36441,6.306713],[-72.354169,6.318698],[-72.351385,6.326112],[-72.350962,6.332856],[-72.352928,6.343625],[-72.345029,6.346881],[-72.333549,6.345613],[-72.326457,6.33357],[-72.322633,6.331586],[-72.317727,6.334703],[-72.315941,6.34526],[-72.316674,6.35555],[-72.313271,6.35806],[-72.30381,6.359335],[-72.302063,6.363895],[-72.295372,6.369704],[-72.29231,6.376479],[-72.282382,6.380987],[-72.280513,6.390181],[-72.286331,6.396676],[-72.285975,6.405212],[-72.278029,6.411185],[-72.27281,6.4172],[-72.269248,6.417956],[-72.266192,6.426353],[-72.261086,6.431459],[-72.253427,6.434012],[-72.236832,6.432735],[-72.229172,6.433374],[-72.222151,6.435927],[-72.21513,6.445501],[-72.211939,6.451883],[-72.209489,6.462655],[-72.2073,6.465185],[-72.197001,6.465018],[-72.185619,6.459662],[-72.181346,6.459193],[-72.176218,6.468654],[-72.178111,6.484435],[-72.178111,6.493371],[-72.171728,6.499753],[-72.158325,6.506774],[-72.150665,6.513795],[-72.135985,6.513157],[-72.127049,6.510604],[-72.124496,6.516348],[-72.12643,6.536343],[-72.121311,6.544867],[-72.120021,6.5594],[-72.117037,6.568853],[-72.116656,6.576665],[-72.109418,6.592105],[-72.111252,6.609843],[-72.105728,6.619766],[-72.097693,6.630251],[-72.093057,6.63433],[-72.089379,6.645293],[-72.089048,6.650341],[-72.096561,6.673529],[-72.096125,6.680116],[-72.09354,6.685158],[-72.097428,6.698472],[-72.097959,6.715789],[-72.100237,6.721493],[-72.094997,6.727924],[-72.097897,6.74596],[-72.092862,6.753611],[-72.084412,6.755353],[-72.078609,6.751762],[-72.074816,6.752892],[-72.066268,6.763076],[-72.057939,6.768253],[-72.05048,6.770605],[-72.040539,6.793116],[-72.037282,6.795813],[-72.036827,6.80322],[-72.037938,6.819053],[-72.030624,6.837677],[-72.020009,6.856003],[-72.019144,6.860534],[-72.007414,6.887502],[-71.996543,6.911129],[-71.994369,6.924532],[-71.988983,6.93354],[-71.986949,6.941448],[-71.977432,6.962582],[-71.974656,6.972677],[-71.967509,6.979717],[-71.963017,6.981848],[-71.947629,7.006625],[-71.946017,7.01082],[-71.952878,7.012894],[-71.9622,7.011677],[-71.97246,7.019392],[-71.986292,7.020709],[-71.988708,7.024844],[-71.998301,7.02799],[-72.006256,7.027148],[-72.014555,7.028844],[-72.023658,7.033395],[-72.035406,7.035365],[-72.047582,7.039104],[-72.057955,7.037555],[-72.074415,7.044804],[-72.082354,7.044544],[-72.085505,7.040896],[-72.094812,7.036748],[-72.110149,7.034262],[-72.115982,7.034379],[-72.12103,7.031325],[-72.131981,7.030977],[-72.143827,7.03527],[-72.152311,7.034792],[-72.155249,7.041029],[-72.159897,7.042736],[-72.16008,7.047605],[-72.165141,7.048726],[-72.175153,7.054841],[-72.185215,7.052806],[-72.190235,7.047263],[-72.197775,7.042971],[-72.198253,7.03168],[-72.20402,7.023848],[-72.20349,7.012535],[-72.200457,7.007011],[-72.202967,7.004491],[-72.212773,7.001199],[-72.218287,6.991883],[-72.219028,6.986099],[-72.231603,6.983805],[-72.23713,6.98002],[-72.24618,6.97673],[-72.254752,6.983497],[-72.255022,6.990536],[-72.252531,7.00085],[-72.249774,7.005382],[-72.255824,7.00939],[-72.267651,7.009611],[-72.272445,7.014628],[-72.281243,7.011085],[-72.28651,7.004284],[-72.288509,6.998747],[-72.294027,6.991694],[-72.294012,6.985911],[-72.301523,6.971561],[-72.301753,6.963264],[-72.307242,6.945399],[-72.314255,6.933313],[-72.321275,6.923741],[-72.328051,6.917187],[-72.333328,6.915162],[-72.336584,6.909622],[-72.348637,6.901042],[-72.34912,6.893499],[-72.352131,6.890474],[-72.362195,6.893601],[-72.378823,6.883008],[-72.383917,6.876567],[-72.391658,6.873085],[-72.405841,6.873375],[-72.41938,6.879435],[-72.431098,6.882863],[-72.439273,6.890613],[-72.452827,6.897337],[-72.462165,6.900509],[-72.471617,6.911632],[-72.479864,6.917091],[-72.485094,6.922742],[-72.487862,6.929233],[-72.491871,6.921976],[-72.495982,6.921322],[-72.500582,6.912704],[-72.500827,6.908722],[-72.497282,6.898662],[-72.496554,6.88462],[-72.501005,6.882894],[-72.501661,6.872958],[-72.49925,6.869026],[-72.492218,6.867163],[-72.487475,6.85298],[-72.482523,6.845697],[-72.476466,6.842171],[-72.480201,6.833781],[-72.484088,6.815353],[-72.482585,6.811206],[-72.498204,6.798811],[-72.496147,6.78732],[-72.495897,6.774653],[-72.497023,6.76561],[-72.492973,6.762615],[-72.489359,6.742197],[-72.497753,6.730661],[-72.495412,6.722923],[-72.488645,6.713957],[-72.485504,6.702707],[-72.485561,6.693513],[-72.489758,6.681777],[-72.486275,6.673954],[-72.485847,6.65902],[-72.489616,6.652681],[-72.491614,6.645514],[-72.504778,6.632123],[-72.51066,6.629324],[-72.516684,6.622814],[-72.520054,6.616732],[-72.521453,6.602399],[-72.528677,6.592519],[-72.536329,6.589607],[-72.543468,6.58341],[-72.543782,6.574587],[-72.545752,6.567306],[-72.541069,6.558169],[-72.538042,6.54809],[-72.538585,6.538125],[-72.543468,6.533813],[-72.548664,6.51985],[-72.545409,6.515225],[-72.532703,6.506059],[-72.535218,6.494092],[-72.53972,6.488294],[-72.551353,6.486855],[-72.557297,6.487343],[-72.56845,6.483129],[-72.573857,6.478392],[-72.583399,6.47584],[-72.592788,6.463223],[-72.601203,6.45866],[-72.602278,6.451611],[-72.606513,6.448113],[-72.631283,6.438015],[-72.645519,6.436092],[-72.649783,6.437042],[-72.663639,6.448133],[-72.666181,6.457593],[-72.670776,6.463167],[-72.674789,6.474506],[-72.680199,6.485054],[-72.679886,6.488645],[-72.686701,6.50461],[-72.685418,6.506796],[-72.693796,6.514563],[-72.696151,6.525537],[-72.701559,6.529588],[-72.704812,6.539801],[-72.710426,6.542107],[-72.719241,6.553331],[-72.726585,6.551608],[-72.732573,6.55285],[-72.742357,6.559253],[-72.74399,6.56953],[-72.749407,6.569484],[-72.762248,6.582794],[-72.776437,6.579214],[-72.780704,6.580351],[-72.791222,6.568774],[-72.794819,6.569178],[-72.804109,6.560606],[-72.808715,6.558472],[-72.80531,6.548502],[-72.808951,6.542998],[-72.799955,6.532703],[-72.793099,6.530251],[-72.786062,6.531704],[-72.778207,6.527618],[-72.774666,6.522079],[-72.772713,6.508594],[-72.766993,6.50024],[-72.756142,6.493884],[-72.748877,6.494928],[-72.736301,6.491478],[-72.738072,6.483215],[-72.737209,6.475542],[-72.732714,6.466189],[-72.727221,6.461512],[-72.725132,6.455474],[-72.733395,6.445486],[-72.737845,6.442398],[-72.734122,6.435951],[-72.735438,6.431774],[-72.734757,6.406803],[-72.731806,6.395117],[-72.732905,6.385923],[-72.729283,6.383298],[-72.726528,6.369522],[-72.731417,6.367849],[-72.731459,6.357378],[-72.739654,6.353736],[-72.747615,6.347519],[-72.750969,6.336886],[-72.7489,6.325744],[-72.754225,6.319324],[-72.758509,6.317201],[-72.757581,6.309521],[-72.760195,6.303034],[-72.754812,6.29543],[-72.755575,6.284001],[-72.754245,6.279585],[-72.745865,6.274769],[-72.744312,6.259336],[-72.749367,6.25316],[-72.748148,6.239147],[-72.744137,6.233705],[-72.744639,6.229001],[-72.750035,6.226633],[-72.75579,6.21895],[-72.767257,6.219431],[-72.77498,6.210279],[-72.77888,6.210173],[-72.784061,6.214106],[-72.793561,6.216755],[-72.804505,6.215638],[-72.804065,6.210467],[-72.810047,6.200667],[-72.810733,6.194693],[-72.819381,6.181499],[-72.820858,6.173454],[-72.824934,6.169867],[-72.8271,6.156929],[-72.831155,6.147131],[-72.847676,6.142233],[-72.852992,6.144708],[-72.858292,6.141963],[-72.86891,6.144654],[-72.871584,6.141294],[-72.869798,6.135069],[-72.871212,6.12716],[-72.874825,6.124126],[-72.887832,6.124082],[-72.898001,6.122745],[-72.899738,6.114277],[-72.908027,6.106623],[-72.916206,6.107572],[-72.919108,6.100448],[-72.924216,6.096897],[-72.92395,6.087224],[-72.931972,6.085558],[-72.936385,6.077039],[-72.944566,6.076465],[-72.946964,6.071151],[-72.952331,6.068246],[-72.954422,6.064182],[-72.953539,6.05693],[-72.954521,6.047799],[-72.960659,6.042551],[-72.962322,6.027804],[-72.969512,6.022367],[-72.972377,6.017306],[-72.983888,6.010771],[-72.989514,5.991196],[-72.996368,5.985615],[-73.003731,5.972198],[-73.009175,5.965978],[-73.01649,5.987471],[-73.016046,6.000134],[-73.02418,6.015517],[-73.031234,6.021396],[-73.031485,6.0249],[-73.039036,6.024031],[-73.046936,6.018172],[-73.05513,6.014269],[-73.063729,6.014099],[-73.067575,6.007474],[-73.083603,5.997835],[-73.093828,5.990464],[-73.102988,5.994823],[-73.10422,5.998633],[-73.118306,5.996932],[-73.124236,5.995203],[-73.132127,5.995921],[-73.139106,5.998633],[-73.140859,6.002161],[-73.140048,6.010201],[-73.148505,6.019176],[-73.148042,6.004424],[-73.15202,5.987555],[-73.156585,5.982443],[-73.176247,5.995942],[-73.189481,5.999477],[-73.1973,6.004097],[-73.202112,6.001157],[-73.205945,5.991364],[-73.217464,5.982615],[-73.220459,5.971753],[-73.216134,5.962111],[-73.221053,5.95613],[-73.21953,5.947241],[-73.227237,5.938566],[-73.231758,5.931101],[-73.234224,5.920312],[-73.24099,5.905761],[-73.240532,5.898438],[-73.231119,5.896075],[-73.221078,5.89039],[-73.213701,5.890049],[-73.209758,5.887602],[-73.205109,5.877218],[-73.195495,5.870546],[-73.194924,5.86587],[-73.188259,5.85851],[-73.186432,5.846699],[-73.19066,5.843175],[-73.195725,5.833677],[-73.200272,5.833537],[-73.206944,5.826188],[-73.211495,5.827155],[-73.215541,5.824309],[-73.229614,5.824255],[-73.235557,5.81937],[-73.246912,5.815634],[-73.252272,5.819121],[-73.256291,5.82563],[-73.258222,5.832331],[-73.263817,5.832801],[-73.2657,5.843011],[-73.270629,5.846253],[-73.278888,5.855007],[-73.282756,5.854693],[-73.288869,5.84984],[-73.293087,5.849095],[-73.297425,5.852524],[-73.303969,5.852435],[-73.31204,5.855254],[-73.318493,5.852122],[-73.329518,5.851208],[-73.333452,5.856591],[-73.341496,5.861493],[-73.347862,5.870001],[-73.353798,5.873568],[-73.369291,5.871647],[-73.359027,5.868513],[-73.359119,5.862663],[-73.349734,5.850627],[-73.346742,5.842567],[-73.348973,5.834485],[-73.353482,5.831665],[-73.351401,5.822729],[-73.35783,5.815913],[-73.357683,5.806107],[-73.359052,5.798774],[-73.364411,5.79358],[-73.3659,5.789263],[-73.373842,5.784166],[-73.373816,5.7777],[-73.377884,5.772511],[-73.377851,5.764321],[-73.38695,5.752969],[-73.390601,5.75123],[-73.396223,5.757889],[-73.410335,5.762249],[-73.416922,5.768041],[-73.431664,5.768627],[-73.434185,5.779931],[-73.432073,5.789423],[-73.434456,5.7934],[-73.449343,5.802605],[-73.451408,5.807661],[-73.46058,5.813765],[-73.470704,5.816092],[-73.470629,5.823851],[-73.462722,5.83688],[-73.462847,5.846709],[-73.454046,5.851022],[-73.44856,5.851143],[-73.441786,5.84813],[-73.432877,5.849933],[-73.434781,5.859934],[-73.436945,5.861986],[-73.441653,5.8863],[-73.437254,5.88887],[-73.43069,5.888996],[-73.423153,5.891384],[-73.41521,5.890048],[-73.406278,5.891523],[-73.406731,5.898758],[-73.402348,5.901258],[-73.39604,5.915824],[-73.397804,5.919899],[-73.393578,5.928107],[-73.387736,5.930379],[-73.387806,5.943515],[-73.382532,5.951458],[-73.378562,5.961667],[-73.374118,5.968756],[-73.37501,5.976899],[-73.373553,5.988695],[-73.371024,5.997111],[-73.371443,6.004378],[-73.386538,6.024119],[-73.390083,6.033101],[-73.397589,6.044107],[-73.404435,6.050918],[-73.404651,6.057055],[-73.413885,6.062993],[-73.417814,6.06881],[-73.418234,6.073423],[-73.425452,6.069558],[-73.431166,6.069277],[-73.444883,6.076673],[-73.454963,6.080951],[-73.466363,6.093011],[-73.474765,6.09521],[-73.486603,6.100656],[-73.496803,6.107879],[-73.503202,6.105545],[-73.513349,6.099553],[-73.515436,6.086767],[-73.525843,6.076485],[-73.526769,6.068255],[-73.524872,6.062003],[-73.530982,6.051079],[-73.542269,6.034613],[-73.557646,6.02923],[-73.565391,6.017804],[-73.579924,6.011872],[-73.585729,6.004401],[-73.591449,5.979559],[-73.59083,5.965337],[-73.604652,5.934347],[-73.611045,5.926298],[-73.620316,5.923972],[-73.63016,5.914275],[-73.629663,5.908642],[-73.631631,5.897916],[-73.626112,5.892953],[-73.614437,5.890195],[-73.599912,5.869397],[-73.60874,5.845663],[-73.61991,5.824186],[-73.622796,5.815463],[-73.625885,5.799131],[-73.629723,5.791195],[-73.626148,5.778293],[-73.626291,5.766218],[-73.629775,5.758641],[-73.630872,5.742012],[-73.63604,5.736552],[-73.639175,5.725193],[-73.644204,5.715243],[-73.647965,5.712035],[-73.655044,5.712003],[-73.656601,5.717196],[-73.664906,5.727322],[-73.669761,5.736767],[-73.67385,5.748317],[-73.685858,5.753363],[-73.697855,5.756045],[-73.70266,5.761123],[-73.70324,5.765661],[-73.7106,5.772655],[-73.715415,5.781066],[-73.72011,5.773042],[-73.731263,5.770044],[-73.740308,5.774278],[-73.744904,5.77089],[-73.749324,5.772284],[-73.759667,5.768934],[-73.766463,5.7623],[-73.778307,5.75299],[-73.781579,5.747905],[-73.791476,5.737542],[-73.794847,5.728802],[-73.801251,5.726414],[-73.811143,5.715285],[-73.8198,5.716718],[-73.818012,5.724212],[-73.818884,5.734405],[-73.826383,5.739733],[-73.842972,5.738357],[-73.845068,5.733808],[-73.85673,5.723672],[-73.856354,5.719018],[-73.860499,5.71216],[-73.872302,5.707211],[-73.886529,5.708253],[-73.884138,5.71865],[-73.878343,5.723898],[-73.876231,5.732488],[-73.889698,5.738912],[-73.896521,5.73551],[-73.905305,5.738175],[-73.908871,5.735977],[-73.916674,5.736438],[-73.923695,5.741884],[-73.942484,5.737206],[-73.948356,5.737072],[-73.95776,5.739401],[-73.964931,5.737508],[-73.973163,5.730829],[-73.981962,5.720641],[-73.992319,5.729736],[-73.992928,5.73418],[-73.997943,5.741009],[-73.998059,5.74572],[-74.003202,5.759642],[-74.006814,5.762487],[-74.012531,5.762273],[-74.011583,5.775118],[-74.017677,5.776472],[-74.019458,5.782005],[-74.024602,5.788215],[-74.025519,5.806909],[-74.032792,5.810628],[-74.057053,5.820269],[-74.066551,5.815923],[-74.079868,5.820057],[-74.080402,5.833455],[-74.085081,5.841511],[-74.089001,5.843843],[-74.093853,5.858622],[-74.103404,5.875415],[-74.106167,5.87675],[-74.12497,5.875018],[-74.135099,5.876944],[-74.145941,5.887196],[-74.15957,5.893609],[-74.171372,5.901887],[-74.180149,5.911259],[-74.183472,5.909276],[-74.184057,5.902947],[-74.187696,5.895336],[-74.190841,5.883709],[-74.198569,5.875541],[-74.198991,5.872442],[-74.194968,5.864245],[-74.196178,5.856233],[-74.201625,5.852873],[-74.215816,5.851447],[-74.223063,5.846711],[-74.227557,5.838258],[-74.232488,5.835335],[-74.241945,5.833618],[-74.251734,5.8345],[-74.258441,5.831608],[-74.260935,5.82699],[-74.265213,5.830702],[-74.269671,5.84002],[-74.274565,5.842759],[-74.274341,5.848944],[-74.277865,5.853464],[-74.278104,5.865145],[-74.270629,5.874689],[-74.255304,5.886366],[-74.249999,5.894404],[-74.238952,5.898805],[-74.232202,5.90505],[-74.228979,5.910889],[-74.225218,5.925226],[-74.227637,5.929788],[-74.235052,5.933579],[-74.238703,5.942934],[-74.237067,5.948735],[-74.223493,5.964238],[-74.225024,5.973667],[-74.235675,5.983298],[-74.250251,5.999643],[-74.254312,6.00283],[-74.258398,6.010725],[-74.259418,6.021686],[-74.264288,6.036436],[-74.26157,6.049378],[-74.263112,6.052448],[-74.259208,6.060083],[-74.260112,6.065505],[-74.264529,6.068816],[-74.27488,6.073301],[-74.278083,6.078661],[-74.29658,6.082178],[-74.304121,6.07567],[-74.315196,6.069262],[-74.325724,6.066899],[-74.338932,6.061456],[-74.342937,6.052522],[-74.344357,6.045105],[-74.347166,6.040618],[-74.356231,6.038417],[-74.361092,6.039644],[-74.36787,6.044568],[-74.378467,6.040244],[-74.389401,6.055246],[-74.39644,6.060456],[-74.399522,6.066046],[-74.401644,6.079571],[-74.405635,6.08482],[-74.410749,6.087346],[-74.428179,6.087696],[-74.445578,6.094396],[-74.449854,6.099615],[-74.450729,6.110027],[-74.453974,6.119678],[-74.45363,6.133787],[-74.455172,6.13876],[-74.46877,6.152531],[-74.474665,6.154988],[-74.477474,6.16132],[-74.473347,6.171101],[-74.473271,6.184797],[-74.470734,6.19667],[-74.474888,6.202226],[-74.485857,6.202863],[-74.4947,6.209537],[-74.50787,6.216636],[-74.511397,6.223522],[-74.512394,6.230548],[-74.518422,6.239092],[-74.521099,6.251084],[-74.526236,6.261391],[-74.524651,6.270611],[-74.521109,6.275627],[-74.539101,6.266138],[-74.543916,6.253514],[-74.562118,6.228812],[-74.572352,6.214081],[-74.573729,6.207879],[-74.574736,6.189328],[-74.576061,6.1836],[-74.586798,6.16641],[-74.594116,6.162662],[-74.599938,6.151388],[-74.605567,6.143844],[-74.611083,6.13072],[-74.609793,6.120626],[-74.605822,6.107882],[-74.605775,6.100756],[-74.602416,6.095078],[-74.595031,6.090732],[-74.589327,6.089344],[-74.578011,6.082387],[-74.565829,6.079826],[-74.56132,6.075679],[-74.562697,6.069784],[-74.57039,6.057567],[-74.571837,6.044051],[-74.569673,6.028628],[-74.561053,6.002179],[-74.566592,5.986418],[-74.574085,5.982299],[-74.589032,5.983925],[-74.601619,5.979711],[-74.6072,5.975809],[-74.611852,5.968522],[-74.611534,5.960863],[-74.605444,5.953067],[-74.602846,5.945691],[-74.600449,5.93313],[-74.589125,5.919839],[-74.585901,5.906072],[-74.586294,5.898625],[-74.58877,5.8959],[-74.599287,5.892356],[-74.605191,5.892184],[-74.619743,5.888643],[-74.628895,5.882201],[-74.63662,5.873082],[-74.644691,5.84332],[-74.648717,5.833994],[-74.647984,5.824122],[-74.645098,5.81339],[-74.64995,5.795426],[-74.655714,5.783968],[-74.657548,5.775262],[-74.657501,5.763319],[-74.659329,5.751369]]]},"properties":{"shapeName":"Boyacá"}},{"type":"Feature","geometry":{"type":"Polygon","coordinates":[[[-71.077502,4.924638],[-71.066666,4.918193],[-71.060554,4.922499],[-71.05911,4.928603],[-71.053558,4.934404],[-71.047388,4.93601],[-71.039434,4.940449],[-71.015543,4.959806],[-71.006781,4.97028],[-71.001778,4.979777],[-70.998717,4.998235],[-70.992249,5.017848],[-70.983069,5.041604],[-70.985247,5.045451],[-70.980403,5.050898],[-70.97818,5.056713],[-70.971437,5.059168],[-70.970322,5.070103],[-70.973633,5.074026],[-70.968627,5.083806],[-70.962433,5.090028],[-70.957722,5.097252],[-70.955548,5.107258],[-70.949689,5.117388],[-70.937501,5.132176],[-70.924158,5.136941],[-70.91232,5.137948],[-70.89591,5.146604],[-70.865555,5.152845],[-70.855703,5.153647],[-70.844555,5.158492],[-70.83928,5.164787],[-70.825774,5.173526],[-70.823706,5.176144],[-70.819675,5.188483],[-70.812427,5.192636],[-70.798271,5.203573],[-70.770198,5.220189],[-70.760365,5.23072],[-70.744561,5.244842],[-70.724229,5.25766],[-70.71631,5.267632],[-70.697952,5.282163],[-70.691396,5.288946],[-70.686958,5.297302],[-70.677195,5.320473],[-70.6777,5.331697],[-70.68235,5.336481],[-70.683737,5.342029],[-70.680644,5.350392],[-70.681359,5.361902],[-70.69031,5.370759],[-70.691344,5.375949],[-70.689184,5.382116],[-70.677245,5.388158],[-70.666058,5.386532],[-70.651956,5.386595],[-70.640355,5.395549],[-70.636498,5.400996],[-70.624669,5.400005],[-70.618275,5.402881],[-70.610784,5.411857],[-70.607335,5.420146],[-70.601079,5.423732],[-70.587447,5.42827],[-70.578308,5.427933],[-70.571456,5.436344],[-70.567998,5.446124],[-70.563925,5.451994],[-70.557403,5.452453],[-70.552072,5.455191],[-70.528726,5.472664],[-70.518795,5.474523],[-70.51453,5.47677],[-70.509003,5.488524],[-70.490587,5.499065],[-70.478967,5.510498],[-70.472496,5.514294],[-70.461062,5.518414],[-70.452168,5.524253],[-70.440798,5.529579],[-70.425903,5.531831],[-70.409845,5.550192],[-70.396109,5.559905],[-70.383189,5.563445],[-70.373285,5.572187],[-70.365909,5.584423],[-70.356224,5.591887],[-70.345624,5.587205],[-70.3366,5.579977],[-70.31987,5.569931],[-70.293356,5.560958],[-70.28705,5.560917],[-70.27192,5.566854],[-70.257245,5.568179],[-70.242061,5.571417],[-70.234368,5.577684],[-70.229153,5.584323],[-70.21565,5.590481],[-70.199422,5.591013],[-70.1941,5.592184],[-70.185767,5.598801],[-70.166298,5.607119],[-70.15722,5.608548],[-70.142935,5.615124],[-70.133064,5.618536],[-70.128148,5.62269],[-70.124094,5.635439],[-70.113864,5.649522],[-70.10346,5.655299],[-70.096259,5.663007],[-70.089275,5.673819],[-70.07621,5.685305],[-70.066231,5.698363],[-70.059999,5.70369],[-70.057097,5.709756],[-70.049537,5.717579],[-70.045879,5.729487],[-70.043966,5.747374],[-70.033681,5.75279],[-70.030318,5.756705],[-70.023774,5.755345],[-70.021809,5.763685],[-70.017846,5.768072],[-70.012762,5.779253],[-69.99457,5.790578],[-69.986533,5.798156],[-69.975803,5.8155],[-69.96774,5.826539],[-69.967108,5.831546],[-69.969636,5.844332],[-69.968166,5.84981],[-69.962745,5.857885],[-69.94561,5.870884],[-69.934526,5.887268],[-69.92989,5.90179],[-69.917518,5.915061],[-69.912695,5.916374],[-69.892463,5.950667],[-69.877741,5.965249],[-69.862583,5.974398],[-69.849933,5.995798],[-69.847019,6.002815],[-69.845669,6.023206],[-69.842841,6.030064],[-69.838667,6.034735],[-69.826487,6.043594],[-69.833792,6.042613],[-69.846244,6.043872],[-69.85189,6.040829],[-69.861335,6.039202],[-69.874262,6.046129],[-69.888297,6.049644],[-69.891616,6.052053],[-69.897056,6.065542],[-69.90497,6.069687],[-69.906923,6.074252],[-69.899958,6.087893],[-69.906079,6.100013],[-69.914626,6.107673],[-69.923491,6.109614],[-69.933991,6.117694],[-69.942802,6.136265],[-69.949028,6.14361],[-69.960003,6.142718],[-69.960795,6.135478],[-69.97578,6.132068],[-69.98227,6.138102],[-69.987071,6.140148],[-69.984486,6.150587],[-69.980283,6.15713],[-69.98185,6.163362],[-69.987596,6.167405],[-69.994013,6.163325],[-69.992595,6.154459],[-69.994162,6.148524],[-70.003303,6.147448],[-70.008526,6.152419],[-70.030204,6.160312],[-70.035402,6.153912],[-70.043976,6.153755],[-70.055716,6.158896],[-70.059726,6.162699],[-70.060807,6.16805],[-70.057826,6.172378],[-70.045374,6.174292],[-70.038277,6.17702],[-70.034399,6.183263],[-70.036378,6.187092],[-70.042604,6.18704],[-70.054819,6.183289],[-70.059515,6.18544],[-70.061335,6.192915],[-70.058961,6.206579],[-70.061309,6.21033],[-70.067482,6.21151],[-70.07574,6.215497],[-70.087664,6.228977],[-70.098032,6.235245],[-70.106633,6.231757],[-70.112384,6.232019],[-70.117212,6.23716],[-70.116896,6.244844],[-70.123491,6.264303],[-70.127422,6.267109],[-70.137869,6.268918],[-70.14275,6.26682],[-70.150427,6.268761],[-70.154226,6.275789],[-70.154569,6.287013],[-70.150111,6.291916],[-70.152274,6.296269],[-70.162378,6.298],[-70.165359,6.296243],[-70.166626,6.285098],[-70.170609,6.280011],[-70.174567,6.278988],[-70.183695,6.281506],[-70.19343,6.293936],[-70.198068,6.29329],[-70.202172,6.287356],[-70.211761,6.288024],[-70.223103,6.292474],[-70.226498,6.287727],[-70.233028,6.291658],[-70.236647,6.286318],[-70.244818,6.287356],[-70.254966,6.28591],[-70.263696,6.280273],[-70.266942,6.274191],[-70.270972,6.273263],[-70.277538,6.278233],[-70.289552,6.285168],[-70.294962,6.279791],[-70.300223,6.278048],[-70.309065,6.288394],[-70.308767,6.281126],[-70.313617,6.278567],[-70.32037,6.278715],[-70.319437,6.284167],[-70.33007,6.293883],[-70.336824,6.292029],[-70.343241,6.294476],[-70.352419,6.293846],[-70.359172,6.296813],[-70.363687,6.30104],[-70.368985,6.301819],[-70.374768,6.29837],[-70.378163,6.301003],[-70.3832,6.299705],[-70.389915,6.292288],[-70.405847,6.290434],[-70.413396,6.293387],[-70.417911,6.290661],[-70.432145,6.290198],[-70.428507,6.279591],[-70.437722,6.273324],[-70.444233,6.274362],[-70.449531,6.272434],[-70.455146,6.266444],[-70.462328,6.262105],[-70.473447,6.265628],[-70.481653,6.249437],[-70.491716,6.249678],[-70.500391,6.247509],[-70.511173,6.239868],[-70.514867,6.235121],[-70.52938,6.229187],[-70.531955,6.232154],[-70.535051,6.24239],[-70.54076,6.24495],[-70.546095,6.243614],[-70.549826,6.237495],[-70.5549,6.23972],[-70.555535,6.24495],[-70.560721,6.245766],[-70.567623,6.239312],[-70.572809,6.239535],[-70.574824,6.246433],[-70.579487,6.248918],[-70.584562,6.237977],[-70.59568,6.241723],[-70.599187,6.236753],[-70.607059,6.239535],[-70.612283,6.238904],[-70.617805,6.232525],[-70.623961,6.23412],[-70.626647,6.22889],[-70.632318,6.228519],[-70.633251,6.232933],[-70.638325,6.234676],[-70.654741,6.228593],[-70.663099,6.228037],[-70.673247,6.220211],[-70.68,6.219098],[-70.682985,6.222956],[-70.689216,6.226034],[-70.703095,6.220396],[-70.7144,6.224402],[-70.718547,6.223539],[-70.72491,6.21618],[-70.730744,6.21955],[-70.734796,6.226482],[-70.745977,6.224806],[-70.752601,6.231049],[-70.758042,6.232338],[-70.765464,6.228383],[-70.771696,6.230961],[-70.769809,6.242543],[-70.774457,6.245021],[-70.7799,6.242945],[-70.78336,6.248492],[-70.801032,6.25464],[-70.810073,6.247318],[-70.816402,6.253163],[-70.824318,6.252176],[-70.831448,6.238814],[-70.841341,6.240007],[-70.847872,6.237238],[-70.861129,6.239323],[-70.863999,6.236056],[-70.86331,6.226651],[-70.868754,6.22101],[-70.875181,6.23022],[-70.880226,6.231509],[-70.886461,6.22666],[-70.890022,6.227948],[-70.89368,6.234484],[-70.899517,6.235674],[-70.90585,6.231419],[-70.915743,6.235086],[-70.921877,6.234197],[-70.929991,6.230536],[-70.935434,6.225785],[-70.942259,6.226678],[-70.952448,6.235195],[-70.972136,6.235695],[-70.977776,6.230646],[-70.984504,6.229162],[-70.995782,6.236293],[-70.996077,6.241243],[-71.01151,6.254216],[-71.019722,6.253722],[-71.02912,6.260455],[-71.032089,6.264811],[-71.036343,6.262535],[-71.033573,6.257189],[-71.03763,6.253823],[-71.043269,6.255902],[-71.052966,6.256595],[-71.059792,6.254616],[-71.063552,6.255804],[-71.069686,6.263824],[-71.074831,6.263527],[-71.083234,6.269111],[-71.087805,6.275737],[-71.092452,6.279134],[-71.096325,6.278039],[-71.106552,6.266751],[-71.114212,6.263887],[-71.117706,6.272816],[-71.121536,6.275048],[-71.127429,6.270119],[-71.126249,6.263296],[-71.130837,6.260095],[-71.145401,6.266032],[-71.153481,6.263462],[-71.160301,6.271885],[-71.17516,6.277063],[-71.183326,6.281273],[-71.186692,6.276133],[-71.194186,6.283123],[-71.204793,6.285564],[-71.211109,6.294281],[-71.218729,6.298659],[-71.225,6.296635],[-71.221219,6.290358],[-71.22023,6.283002],[-71.229807,6.282793],[-71.233711,6.277849],[-71.234753,6.264213],[-71.240333,6.268029],[-71.249395,6.269432],[-71.254184,6.274126],[-71.257178,6.280734],[-71.263259,6.28392],[-71.268538,6.283434],[-71.268518,6.278084],[-71.271473,6.273783],[-71.27084,6.262349],[-71.277563,6.273363],[-71.292647,6.274104],[-71.302683,6.268874],[-71.312496,6.255449],[-71.31701,6.253409],[-71.330292,6.257414],[-71.333016,6.255523],[-71.330964,6.248958],[-71.333314,6.244063],[-71.342605,6.242653],[-71.343836,6.234457],[-71.349097,6.229301],[-71.355253,6.230637],[-71.363423,6.228522],[-71.369766,6.23505],[-71.374924,6.234784],[-71.375147,6.227143],[-71.379699,6.22629],[-71.379737,6.235971],[-71.38149,6.242239],[-71.386042,6.242721],[-71.394959,6.236712],[-71.404585,6.24235],[-71.415554,6.243463],[-71.418315,6.237677],[-71.416151,6.230852],[-71.419024,6.224807],[-71.426075,6.226958],[-71.433649,6.239383],[-71.443723,6.245836],[-71.449991,6.243129],[-71.440701,6.231705],[-71.437865,6.224362],[-71.438611,6.216313],[-71.446894,6.215497],[-71.452565,6.223731],[-71.458759,6.22221],[-71.459729,6.21112],[-71.470559,6.212948],[-71.479044,6.205239],[-71.488172,6.202511],[-71.491496,6.204977],[-71.493554,6.216307],[-71.497037,6.216569],[-71.502419,6.208281],[-71.501944,6.200151],[-71.506534,6.196426],[-71.510228,6.197003],[-71.512444,6.205186],[-71.523419,6.21017],[-71.531175,6.21851],[-71.530964,6.22365],[-71.537612,6.222182],[-71.534499,6.216884],[-71.533813,6.210642],[-71.540989,6.210537],[-71.546213,6.21295],[-71.551436,6.211586],[-71.552492,6.207652],[-71.548587,6.20162],[-71.549062,6.197056],[-71.556396,6.196112],[-71.560655,6.199882],[-71.561028,6.204778],[-71.564597,6.210745],[-71.571298,6.211584],[-71.574546,6.205672],[-71.567386,6.19385],[-71.571196,6.189198],[-71.574981,6.190825],[-71.58563,6.201801],[-71.586281,6.207697],[-71.590873,6.210969],[-71.597925,6.2114],[-71.609389,6.207445],[-71.611957,6.210034],[-71.608377,6.22028],[-71.611785,6.225269],[-71.620019,6.226591],[-71.637254,6.222701],[-71.646383,6.214422],[-71.645457,6.206347],[-71.655475,6.198101],[-71.662096,6.195987],[-71.669835,6.188657],[-71.682419,6.191383],[-71.691873,6.189708],[-71.699262,6.193328],[-71.706635,6.194767],[-71.714008,6.192752],[-71.716751,6.194782],[-71.726821,6.195822],[-71.73685,6.191169],[-71.742602,6.191597],[-71.748893,6.189348],[-71.756218,6.193032],[-71.761426,6.191503],[-71.772684,6.193215],[-71.778549,6.191746],[-71.782571,6.193336],[-71.790722,6.18802],[-71.797653,6.188232],[-71.802985,6.190776],[-71.810724,6.186778],[-71.821764,6.190951],[-71.827215,6.186154],[-71.837831,6.181119],[-71.842889,6.174274],[-71.858763,6.162581],[-71.866789,6.162051],[-71.880384,6.15781],[-71.88518,6.159294],[-71.902014,6.156567],[-71.909768,6.158173],[-71.917106,6.166006],[-71.947123,6.169761],[-71.953802,6.172074],[-71.960963,6.164479],[-71.985384,6.147828],[-71.993348,6.139821],[-72.000501,6.137722],[-72.004034,6.133095],[-72.014953,6.12746],[-72.035381,6.121315],[-72.047569,6.123534],[-72.053577,6.123193],[-72.069713,6.11517],[-72.075034,6.113976],[-72.079841,6.108002],[-72.087051,6.102028],[-72.09323,6.093834],[-72.10353,6.085641],[-72.105762,6.080179],[-72.11074,6.075399],[-72.118636,6.073522],[-72.124644,6.068059],[-72.136832,6.066523],[-72.144214,6.067206],[-72.150737,6.070961],[-72.156745,6.071644],[-72.16035,6.074546],[-72.178546,6.083081],[-72.181464,6.087348],[-72.190562,6.094346],[-72.199317,6.098955],[-72.214938,6.103905],[-72.223693,6.104076],[-72.233993,6.111927],[-72.241374,6.11261],[-72.252361,6.119096],[-72.259914,6.120803],[-72.269012,6.12746],[-72.276599,6.136751],[-72.278543,6.157255],[-72.283631,6.161064],[-72.279268,6.177277],[-72.279943,6.187746],[-72.283631,6.195477],[-72.288511,6.200471],[-72.296424,6.204351],[-72.30598,6.204449],[-72.318832,6.208185],[-72.323004,6.21167],[-72.328293,6.219524],[-72.342863,6.223693],[-72.346219,6.230732],[-72.348805,6.244012],[-72.350762,6.248158],[-72.359536,6.258448],[-72.363152,6.264353],[-72.366961,6.275905],[-72.368183,6.284603],[-72.367816,6.295619],[-72.36441,6.306713],[-72.371371,6.30655],[-72.376266,6.303033],[-72.377414,6.294852],[-72.382535,6.288531],[-72.389528,6.283373],[-72.396506,6.272373],[-72.401053,6.268672],[-72.395467,6.263111],[-72.386595,6.263546],[-72.390287,6.254452],[-72.390276,6.250115],[-72.397465,6.236676],[-72.398247,6.219535],[-72.401519,6.207551],[-72.406043,6.201551],[-72.408708,6.19473],[-72.415506,6.190377],[-72.414462,6.185217],[-72.408277,6.187298],[-72.393836,6.187953],[-72.392181,6.186305],[-72.391534,6.17495],[-72.392538,6.163384],[-72.384671,6.156848],[-72.373694,6.150531],[-72.377658,6.141336],[-72.381745,6.13698],[-72.388137,6.135725],[-72.391834,6.128695],[-72.38775,6.116823],[-72.372471,6.109709],[-72.365307,6.102095],[-72.372158,6.097611],[-72.37524,6.091539],[-72.370829,6.082506],[-72.364478,6.076726],[-72.354364,6.074065],[-72.339105,6.076785],[-72.334996,6.084022],[-72.321789,6.08698],[-72.317504,6.079269],[-72.320761,6.068255],[-72.332391,6.058701],[-72.343044,6.052598],[-72.350575,6.045024],[-72.364729,6.042577],[-72.365871,6.033367],[-72.363105,6.026974],[-72.355138,6.021039],[-72.348725,6.012719],[-72.347452,6.008406],[-72.340051,5.998324],[-72.341527,5.990757],[-72.339664,5.982582],[-72.342113,5.978004],[-72.342696,5.964195],[-72.338554,5.958312],[-72.337561,5.946706],[-72.326628,5.937397],[-72.324452,5.930216],[-72.328086,5.916186],[-72.326325,5.905348],[-72.330062,5.894866],[-72.333628,5.890281],[-72.324168,5.887106],[-72.325552,5.884287],[-72.333143,5.882731],[-72.342637,5.869807],[-72.345781,5.859297],[-72.351588,5.852103],[-72.359407,5.852787],[-72.36172,5.850298],[-72.36277,5.838358],[-72.365755,5.833985],[-72.366007,5.828498],[-72.375079,5.825819],[-72.386261,5.827503],[-72.392676,5.823615],[-72.391202,5.818444],[-72.383312,5.817953],[-72.373119,5.812114],[-72.362792,5.810302],[-72.35253,5.811654],[-72.343664,5.804141],[-72.333394,5.801949],[-72.328867,5.795666],[-72.316035,5.794985],[-72.309716,5.796855],[-72.302847,5.790688],[-72.298787,5.798657],[-72.278614,5.800029],[-72.27613,5.797287],[-72.268789,5.799252],[-72.263561,5.795541],[-72.256301,5.794049],[-72.255134,5.785721],[-72.258925,5.779155],[-72.258005,5.76214],[-72.26029,5.754762],[-72.267783,5.740832],[-72.269098,5.735068],[-72.279313,5.728201],[-72.280357,5.714698],[-72.284556,5.708322],[-72.285613,5.701493],[-72.299287,5.687852],[-72.290547,5.67942],[-72.278946,5.673043],[-72.263731,5.669204],[-72.261429,5.658225],[-72.263198,5.651073],[-72.279446,5.629786],[-72.280188,5.623283],[-72.278358,5.614366],[-72.280906,5.605592],[-72.285272,5.600745],[-72.29644,5.601024],[-72.299895,5.593397],[-72.297747,5.576166],[-72.305568,5.563903],[-72.310375,5.553158],[-72.312184,5.55255],[-72.326331,5.534982],[-72.332508,5.530282],[-72.338215,5.517419],[-72.344335,5.506956],[-72.360335,5.519478],[-72.368316,5.527946],[-72.374584,5.537883],[-72.379079,5.549699],[-72.383874,5.556703],[-72.394168,5.566417],[-72.396789,5.570427],[-72.411926,5.570022],[-72.419596,5.565049],[-72.42531,5.555133],[-72.426423,5.547009],[-72.44009,5.531797],[-72.444818,5.518521],[-72.452913,5.514065],[-72.46075,5.507959],[-72.470813,5.495861],[-72.476482,5.493159],[-72.490162,5.481399],[-72.491024,5.472313],[-72.49419,5.462046],[-72.500326,5.448131],[-72.508336,5.438073],[-72.518018,5.434962],[-72.528341,5.427104],[-72.534819,5.4176],[-72.541075,5.412069],[-72.543782,5.406828],[-72.564483,5.393],[-72.570754,5.391666],[-72.582786,5.382154],[-72.576793,5.376681],[-72.568034,5.375134],[-72.575648,5.358534],[-72.580328,5.352555],[-72.585285,5.352275],[-72.588916,5.357689],[-72.607591,5.35116],[-72.616192,5.350742],[-72.622908,5.346375],[-72.636479,5.340562],[-72.637376,5.330921],[-72.644672,5.327724],[-72.648916,5.320428],[-72.649665,5.311809],[-72.655221,5.30437],[-72.665291,5.299279],[-72.667839,5.293408],[-72.677829,5.291244],[-72.687249,5.282414],[-72.703415,5.275984],[-72.714373,5.281444],[-72.719598,5.290674],[-72.719062,5.301487],[-72.722728,5.312631],[-72.742161,5.32268],[-72.748368,5.327766],[-72.756421,5.331524],[-72.76215,5.337377],[-72.77082,5.349704],[-72.777462,5.362843],[-72.784143,5.378294],[-72.785026,5.3838],[-72.798085,5.395681],[-72.802536,5.394975],[-72.81463,5.386262],[-72.813379,5.377117],[-72.837883,5.364553],[-72.845635,5.356931],[-72.848417,5.351613],[-72.853291,5.347915],[-72.863134,5.349026],[-72.867616,5.353946],[-72.875094,5.358235],[-72.876244,5.350048],[-72.88228,5.33387],[-72.897252,5.283141],[-72.904321,5.268488],[-72.906149,5.266796],[-72.908642,5.2501],[-72.915248,5.239635],[-72.921213,5.226729],[-72.931064,5.217339],[-72.932438,5.207967],[-72.946092,5.195145],[-72.949079,5.190318],[-72.949287,5.176615],[-72.953584,5.174258],[-72.957255,5.164515],[-72.962899,5.155431],[-72.970231,5.153478],[-72.972678,5.147213],[-72.963911,5.133795],[-72.957186,5.130659],[-72.948019,5.122555],[-72.937069,5.115718],[-72.93513,5.107675],[-72.924772,5.096174],[-72.916019,5.101764],[-72.908834,5.103501],[-72.905682,5.098532],[-72.904386,5.089918],[-72.905057,5.075452],[-72.903231,5.068745],[-72.925811,5.048692],[-72.92773,5.042595],[-72.924345,5.034277],[-72.925174,5.030535],[-72.942925,5.019481],[-72.954336,5.007113],[-72.958103,4.997018],[-72.968313,4.98944],[-72.9702,4.980987],[-72.973287,4.975394],[-72.98081,4.981612],[-72.988697,4.986037],[-73.000176,4.989076],[-73.004616,4.997114],[-73.016373,5.002631],[-73.017968,4.997067],[-73.0266,4.985046],[-73.030422,4.982503],[-73.029033,4.96904],[-73.035832,4.962433],[-73.038746,4.953276],[-73.039975,4.939956],[-73.044762,4.93366],[-73.04837,4.92373],[-73.047581,4.902232],[-73.043918,4.892376],[-73.040646,4.887687],[-73.044332,4.873475],[-73.051283,4.871175],[-73.051537,4.858304],[-73.057996,4.850292],[-73.0678,4.84511],[-73.066858,4.838964],[-73.069469,4.832242],[-73.073448,4.816221],[-73.071126,4.812496],[-73.073296,4.801585],[-73.068779,4.792724],[-73.06085,4.788503],[-73.057369,4.783373],[-73.045713,4.755728],[-73.047631,4.742477],[-73.050834,4.737208],[-73.049219,4.731154],[-73.051739,4.718661],[-73.054145,4.700587],[-73.049121,4.691344],[-73.046309,4.690363],[-73.041215,4.681731],[-73.037459,4.664739],[-73.028066,4.656323],[-73.017936,4.641576],[-73.007283,4.631719],[-73.004938,4.626996],[-72.998239,4.619965],[-72.982138,4.6101],[-72.970517,4.596501],[-72.96463,4.583888],[-72.962635,4.575599],[-72.948215,4.555665],[-72.944728,4.548523],[-72.939861,4.5442],[-72.932135,4.533829],[-72.927855,4.520701],[-72.922703,4.515284],[-72.9164,4.512627],[-72.909533,4.503811],[-72.906391,4.496325],[-72.898642,4.488631],[-72.895525,4.478583],[-72.890317,4.472705],[-72.879649,4.466543],[-72.874795,4.462206],[-72.870908,4.455064],[-72.860889,4.452892],[-72.847013,4.446335],[-72.843403,4.442473],[-72.844581,4.431726],[-72.827194,4.430628],[-72.818851,4.435883],[-72.809903,4.42879],[-72.809799,4.425503],[-72.81612,4.415194],[-72.81468,4.41066],[-72.805025,4.402713],[-72.805113,4.398438],[-72.809039,4.390165],[-72.80268,4.387564],[-72.789987,4.400663],[-72.785459,4.400137],[-72.78369,4.395645],[-72.78502,4.388685],[-72.790213,4.387797],[-72.800174,4.382307],[-72.79877,4.374604],[-72.784552,4.374108],[-72.78097,4.370887],[-72.770664,4.367656],[-72.767474,4.361206],[-72.770124,4.353858],[-72.776785,4.355299],[-72.77647,4.348669],[-72.771811,4.347622],[-72.76797,4.350386],[-72.763597,4.348432],[-72.762747,4.343592],[-72.768407,4.338],[-72.768557,4.334026],[-72.762417,4.330492],[-72.748262,4.329466],[-72.740649,4.323295],[-72.741335,4.309145],[-72.733265,4.307025],[-72.724826,4.300301],[-72.715597,4.295986],[-72.708754,4.295571],[-72.701724,4.287735],[-72.696935,4.285997],[-72.691655,4.287569],[-72.68623,4.301861],[-72.687108,4.311261],[-72.684585,4.31384],[-72.675001,4.317153],[-72.664607,4.317128],[-72.650185,4.308468],[-72.629083,4.300543],[-72.618511,4.302062],[-72.610504,4.308423],[-72.604203,4.310225],[-72.598216,4.309253],[-72.593302,4.313469],[-72.584374,4.310991],[-72.57689,4.304564],[-72.564804,4.305897],[-72.561692,4.314238],[-72.561608,4.320066],[-72.57406,4.33174],[-72.572721,4.335834],[-72.561318,4.342774],[-72.540613,4.340726],[-72.530062,4.344428],[-72.522252,4.344216],[-72.512932,4.337808],[-72.505138,4.334523],[-72.491025,4.332818],[-72.486425,4.331106],[-72.477421,4.320872],[-72.470644,4.317331],[-72.452327,4.328601],[-72.445521,4.339167],[-72.433494,4.354402],[-72.429071,4.355001],[-72.419052,4.34895],[-72.415253,4.343792],[-72.415237,4.338297],[-72.417923,4.324684],[-72.416755,4.32167],[-72.408276,4.318757],[-72.401246,4.320372],[-72.394309,4.326248],[-72.388289,4.33341],[-72.375396,4.338829],[-72.360128,4.340279],[-72.35147,4.346462],[-72.345884,4.359005],[-72.344181,4.368991],[-72.338445,4.372696],[-72.330029,4.368244],[-72.322911,4.369311],[-72.313717,4.377074],[-72.30576,4.392417],[-72.297786,4.400306],[-72.288522,4.415493],[-72.27502,4.412995],[-72.257014,4.417758],[-72.252703,4.422235],[-72.247568,4.432574],[-72.237046,4.435206],[-72.218149,4.433016],[-72.209193,4.433477],[-72.198875,4.428642],[-72.179007,4.434312],[-72.17009,4.438354],[-72.160331,4.441182],[-72.140677,4.439592],[-72.122672,4.430533],[-72.114927,4.429559],[-72.108274,4.425957],[-72.084599,4.418767],[-72.073369,4.410323],[-72.069378,4.402647],[-72.070156,4.39551],[-72.066281,4.384508],[-72.062725,4.38052],[-72.055066,4.376267],[-72.043979,4.379124],[-72.034771,4.384457],[-72.021518,4.38635],[-72.012187,4.384838],[-71.986421,4.386742],[-71.974694,4.39325],[-71.96473,4.407573],[-71.959359,4.40967],[-71.955559,4.414456],[-71.956582,4.41986],[-71.938385,4.435807],[-71.933048,4.442651],[-71.931977,4.447368],[-71.918632,4.452589],[-71.903952,4.468839],[-71.90135,4.474404],[-71.896559,4.478783],[-71.893959,4.493839],[-71.884926,4.502324],[-71.866996,4.515053],[-71.851257,4.523402],[-71.84453,4.535311],[-71.834827,4.542688],[-71.831824,4.558474],[-71.827868,4.566433],[-71.820154,4.571422],[-71.808352,4.582736],[-71.801127,4.586043],[-71.789729,4.586494],[-71.775812,4.579911],[-71.768579,4.581017],[-71.747095,4.575021],[-71.73481,4.574919],[-71.72918,4.577412],[-71.718933,4.585789],[-71.683678,4.600636],[-71.66812,4.609595],[-71.649107,4.613962],[-71.63542,4.622543],[-71.615521,4.640306],[-71.60661,4.639306],[-71.597035,4.646435],[-71.592945,4.655306],[-71.586811,4.66222],[-71.579494,4.673157],[-71.576267,4.675631],[-71.562518,4.678944],[-71.554916,4.679317],[-71.541382,4.683896],[-71.532988,4.681401],[-71.524195,4.682125],[-71.517931,4.68532],[-71.514581,4.692752],[-71.509164,4.697672],[-71.49328,4.70157],[-71.48494,4.706939],[-71.474213,4.708356],[-71.46357,4.712453],[-71.437049,4.717881],[-71.424935,4.72495],[-71.420348,4.729929],[-71.40486,4.74181],[-71.398672,4.749618],[-71.390095,4.756656],[-71.385419,4.756633],[-71.377919,4.751392],[-71.356247,4.75623],[-71.351536,4.767305],[-71.346387,4.769081],[-71.32632,4.770856],[-71.319167,4.775321],[-71.312259,4.786082],[-71.303789,4.795823],[-71.297183,4.800598],[-71.282206,4.805867],[-71.266473,4.805716],[-71.259889,4.807158],[-71.245499,4.813478],[-71.232139,4.81587],[-71.213821,4.815632],[-71.207495,4.819818],[-71.195807,4.825284],[-71.178458,4.838453],[-71.17159,4.841579],[-71.163663,4.847262],[-71.156148,4.855719],[-71.140561,4.868858],[-71.132458,4.880119],[-71.127652,4.884584],[-71.118656,4.886702],[-71.111813,4.884904],[-71.104663,4.889124],[-71.103298,4.899559],[-71.099002,4.904834],[-71.081408,4.914288],[-71.082171,4.924336],[-71.077502,4.924638]]]},"properties":{"shapeName":"Casanare"}},{"type":"Feature","geometry":{"type":"Polygon","coordinates":[[[-76.056521,3.223878],[-76.063805,3.212266],[-76.068025,3.211246],[-76.075134,3.213286],[-76.083234,3.217672],[-76.100192,3.222323],[-76.108513,3.225798],[-76.119688,3.222364],[-76.128879,3.224397],[-76.133102,3.222198],[-76.137692,3.224399],[-76.147128,3.22437],[-76.150634,3.226693],[-76.153202,3.233802],[-76.156762,3.235003],[-76.16536,3.233776],[-76.169431,3.230921],[-76.181044,3.232087],[-76.188989,3.227847],[-76.192738,3.228938],[-76.202561,3.24264],[-76.206638,3.257499],[-76.217327,3.268077],[-76.230879,3.276297],[-76.244592,3.276452],[-76.261535,3.278795],[-76.271036,3.277484],[-76.282317,3.282981],[-76.292641,3.286169],[-76.304058,3.285848],[-76.310969,3.282455],[-76.322916,3.280641],[-76.328034,3.282259],[-76.33916,3.281161],[-76.359257,3.289177],[-76.365825,3.287381],[-76.38788,3.291967],[-76.403452,3.298094],[-76.414365,3.304784],[-76.419942,3.311835],[-76.433433,3.312738],[-76.447704,3.317077],[-76.457497,3.325884],[-76.461855,3.322224],[-76.461261,3.317408],[-76.47245,3.313158],[-76.473763,3.304244],[-76.477321,3.300636],[-76.476643,3.29356],[-76.483039,3.294099],[-76.484678,3.302723],[-76.489465,3.299985],[-76.493519,3.294099],[-76.491456,3.288833],[-76.473403,3.290229],[-76.475037,3.284645],[-76.483997,3.287757],[-76.487343,3.283793],[-76.481693,3.280452],[-76.472344,3.280114],[-76.474499,3.272904],[-76.462435,3.267929],[-76.464544,3.262422],[-76.459757,3.258729],[-76.463151,3.25199],[-76.462687,3.241889],[-76.469118,3.239625],[-76.471094,3.244788],[-76.475722,3.241995],[-76.47067,3.237984],[-76.476449,3.235177],[-76.477863,3.231135],[-76.471699,3.226341],[-76.479693,3.220691],[-76.484352,3.212455],[-76.491106,3.21692],[-76.491734,3.207488],[-76.496943,3.204833],[-76.499637,3.200225],[-76.490818,3.197929],[-76.491914,3.193661],[-76.490208,3.18681],[-76.494523,3.176304],[-76.500711,3.167862],[-76.50275,3.158718],[-76.500456,3.143763],[-76.505397,3.149251],[-76.510626,3.150227],[-76.514571,3.14426],[-76.521293,3.144528],[-76.51662,3.137395],[-76.527943,3.134852],[-76.5222,3.130164],[-76.520568,3.120233],[-76.525916,3.115191],[-76.530515,3.122536],[-76.536598,3.118566],[-76.534113,3.113491],[-76.543682,3.107893],[-76.549236,3.109243],[-76.551045,3.105319],[-76.55672,3.109028],[-76.560029,3.105076],[-76.566546,3.111285],[-76.564669,3.117319],[-76.569575,3.117747],[-76.569419,3.125156],[-76.572261,3.128932],[-76.578279,3.126533],[-76.57848,3.119091],[-76.585166,3.116229],[-76.58999,3.117026],[-76.591653,3.112592],[-76.587782,3.10647],[-76.591305,3.102007],[-76.595945,3.106226],[-76.599617,3.103386],[-76.591837,3.097145],[-76.597999,3.091819],[-76.602564,3.096393],[-76.607411,3.091089],[-76.614552,3.093201],[-76.615614,3.096593],[-76.623849,3.104802],[-76.622551,3.114361],[-76.625488,3.123469],[-76.629484,3.127139],[-76.642122,3.117192],[-76.64333,3.111865],[-76.64771,3.105266],[-76.655334,3.101069],[-76.666496,3.099165],[-76.676792,3.100346],[-76.681755,3.102401],[-76.68613,3.109493],[-76.695175,3.113002],[-76.703019,3.119844],[-76.709307,3.118578],[-76.725175,3.119489],[-76.732943,3.124767],[-76.742959,3.13478],[-76.748731,3.14994],[-76.748167,3.156607],[-76.742095,3.168246],[-76.742138,3.176321],[-76.744138,3.181],[-76.745399,3.191096],[-76.754472,3.201994],[-76.754774,3.209332],[-76.761399,3.219027],[-76.764626,3.221525],[-76.768775,3.230771],[-76.772073,3.233535],[-76.778397,3.230497],[-76.783123,3.23075],[-76.785182,3.223199],[-76.789213,3.224563],[-76.794836,3.217982],[-76.804517,3.211007],[-76.811943,3.208638],[-76.825878,3.211259],[-76.843132,3.210652],[-76.850021,3.20787],[-76.859451,3.212472],[-76.86486,3.212314],[-76.870073,3.209345],[-76.876432,3.210356],[-76.887279,3.206382],[-76.890433,3.203478],[-76.897366,3.20379],[-76.908682,3.200192],[-76.9128,3.187315],[-76.913948,3.178239],[-76.912337,3.173398],[-76.91453,3.153919],[-76.915817,3.149569],[-76.925714,3.142657],[-76.927748,3.138591],[-76.926222,3.129487],[-76.930054,3.12253],[-76.937826,3.114905],[-76.951524,3.115542],[-76.961693,3.118642],[-76.972328,3.1189],[-76.978612,3.127482],[-76.978547,3.134823],[-76.988557,3.139365],[-76.991242,3.148599],[-76.995419,3.153817],[-77.01049,3.153392],[-77.018815,3.156545],[-77.030193,3.166382],[-77.036697,3.164929],[-77.055451,3.17057],[-77.063141,3.168909],[-77.069526,3.171772],[-77.082305,3.180821],[-77.100157,3.185277],[-77.110276,3.177099],[-77.117098,3.169084],[-77.129102,3.161329],[-77.13415,3.163728],[-77.135566,3.168998],[-77.139859,3.172068],[-77.146887,3.170356],[-77.153301,3.170824],[-77.159525,3.173943],[-77.15862,3.165757],[-77.170027,3.165528],[-77.173659,3.158412],[-77.180627,3.1549],[-77.18233,3.150689],[-77.189724,3.150282],[-77.193097,3.14465],[-77.192858,3.139517],[-77.199853,3.14166],[-77.200454,3.135018],[-77.20629,3.132918],[-77.216118,3.135532],[-77.215732,3.130562],[-77.218779,3.127519],[-77.216579,3.120023],[-77.226194,3.112283],[-77.23028,3.115735],[-77.237747,3.111235],[-77.24393,3.114582],[-77.243033,3.122865],[-77.247789,3.12452],[-77.248562,3.117106],[-77.258347,3.12799],[-77.260535,3.133518],[-77.267573,3.132961],[-77.269719,3.139732],[-77.273238,3.138018],[-77.287744,3.137846],[-77.289716,3.142833],[-77.286714,3.147573],[-77.27886,3.147145],[-77.277358,3.151516],[-77.280436,3.159529],[-77.286722,3.155994],[-77.297228,3.160171],[-77.306154,3.168784],[-77.316454,3.174098],[-77.321089,3.171441],[-77.320402,3.164756],[-77.325337,3.161157],[-77.33046,3.163739],[-77.331346,3.15413],[-77.341216,3.148216],[-77.346623,3.139689],[-77.354863,3.144745],[-77.362126,3.144264],[-77.366836,3.150359],[-77.36435,3.164256],[-77.371042,3.170798],[-77.382758,3.17654],[-77.381213,3.182025],[-77.384003,3.193594],[-77.380183,3.197665],[-77.380484,3.201949],[-77.390824,3.212786],[-77.403229,3.21249],[-77.40649,3.218189],[-77.406877,3.225087],[-77.413099,3.2298],[-77.41606,3.235328],[-77.41503,3.241626],[-77.43048,3.253409],[-77.438205,3.247196],[-77.444213,3.246982],[-77.451423,3.242997],[-77.454341,3.237384],[-77.46846,3.237813],[-77.470048,3.232028],[-77.461371,3.22766],[-77.46743,3.225259],[-77.46679,3.216046],[-77.472237,3.211076],[-77.480479,3.208363],[-77.498338,3.221504],[-77.540114,3.217747],[-77.540166,3.210226],[-77.546076,3.208025],[-77.54945,3.20403],[-77.55338,3.18392],[-77.56229,3.16381],[-77.577122,3.139783],[-77.581868,3.135013],[-77.595342,3.115393],[-77.60213,3.10872],[-77.622853,3.081756],[-77.623772,3.077674],[-77.63049,3.07568],[-77.646433,3.066339],[-77.654012,3.061013],[-77.656411,3.05611],[-77.655532,3.044423],[-77.661466,3.048758],[-77.666925,3.045595],[-77.675066,3.027935],[-77.684174,3.013348],[-77.689489,3.00316],[-77.68923,2.99556],[-77.692759,2.993258],[-77.70223,2.97415],[-77.699769,2.969906],[-77.689496,2.984577],[-77.672785,2.986347],[-77.663557,2.983537],[-77.661311,2.977756],[-77.667486,2.974111],[-77.672539,2.9643],[-77.663837,2.958693],[-77.6571,2.951404],[-77.654573,2.941311],[-77.660321,2.932355],[-77.668048,2.935705],[-77.677311,2.936265],[-77.680961,2.934583],[-77.688984,2.920303],[-77.691229,2.913126],[-77.69078,2.907294],[-77.699089,2.896753],[-77.699004,2.889031],[-77.693692,2.88602],[-77.691586,2.880667],[-77.6766,2.85844],[-77.66764,2.8631],[-77.66634,2.85396],[-77.67351,2.85098],[-77.683217,2.853568],[-77.686519,2.858395],[-77.693,2.86201],[-77.70504,2.86262],[-77.70566,2.85514],[-77.70948,2.84252],[-77.715708,2.834624],[-77.720442,2.82497],[-77.737267,2.823409],[-77.74182,2.81824],[-77.75461,2.80791],[-77.76048,2.8017],[-77.76367,2.79502],[-77.761452,2.790549],[-77.756456,2.792779],[-77.736599,2.787953],[-77.728728,2.781033],[-77.734512,2.771216],[-77.741841,2.776366],[-77.74771,2.773237],[-77.751996,2.764624],[-77.757905,2.761581],[-77.764603,2.765298],[-77.773237,2.76396],[-77.778984,2.757683],[-77.784748,2.755283],[-77.78625,2.76019],[-77.793053,2.75716],[-77.797849,2.747982],[-77.79823,2.73646],[-77.79988,2.72719],[-77.793015,2.728977],[-77.79769,2.707847],[-77.797055,2.701305],[-77.791057,2.697606],[-77.791502,2.692523],[-77.784155,2.68945],[-77.78991,2.683462],[-77.786537,2.673272],[-77.790005,2.662289],[-77.788521,2.652337],[-77.780066,2.648491],[-77.791459,2.639966],[-77.795229,2.641988],[-77.79261,2.647024],[-77.795507,2.651742],[-77.801763,2.673874],[-77.809582,2.678275],[-77.807875,2.686205],[-77.810058,2.69132],[-77.816767,2.69243],[-77.823237,2.697108],[-77.830421,2.698694],[-77.833597,2.703096],[-77.842066,2.703643],[-77.845931,2.701875],[-77.84678,2.692366],[-77.850812,2.685098],[-77.853237,2.693456],[-77.857815,2.697544],[-77.862251,2.698051],[-77.876898,2.693373],[-77.882336,2.689566],[-77.885035,2.682033],[-77.882376,2.675292],[-77.876898,2.673468],[-77.878565,2.669028],[-77.887734,2.674222],[-77.889441,2.68235],[-77.897757,2.685628],[-77.907387,2.680603],[-77.914104,2.662598],[-77.908534,2.663278],[-77.909367,2.655784],[-77.906827,2.649519],[-77.90564,2.636433],[-77.901309,2.622319],[-77.89373,2.61418],[-77.89015,2.61599],[-77.88479,2.6263],[-77.88094,2.62064],[-77.8863,2.61212],[-77.89269,2.60916],[-77.899281,2.609631],[-77.90345,2.61261],[-77.91052,2.62263],[-77.9162,2.640984],[-77.927884,2.640067],[-77.926578,2.630233],[-77.923577,2.618439],[-77.917047,2.605482],[-77.915515,2.593679],[-77.9148,2.569765],[-77.914661,2.54378],[-77.91925,2.523086],[-77.923923,2.518336],[-77.925642,2.510354],[-77.925201,2.48201],[-77.920688,2.460744],[-77.917728,2.456034],[-77.919078,2.43657],[-77.917577,2.43121],[-77.918974,2.42207],[-77.917541,2.411507],[-77.912334,2.403397],[-77.902697,2.396675],[-77.899723,2.391559],[-77.899128,2.38291],[-77.895321,2.375236],[-77.894072,2.3656],[-77.890443,2.359318],[-77.883245,2.352715],[-77.883602,2.348432],[-77.880342,2.334667],[-77.883317,2.324994],[-77.883495,2.319462],[-77.879153,2.313037],[-77.877606,2.303371],[-77.874394,2.301289],[-77.871538,2.290581],[-77.866244,2.283562],[-77.865649,2.277333],[-77.860771,2.268232],[-77.849171,2.262735],[-77.847922,2.260594],[-77.850302,2.241023],[-77.847327,2.23166],[-77.852978,2.214569],[-77.853216,2.205408],[-77.848755,2.191191],[-77.841081,2.180234],[-77.835668,2.176605],[-77.830671,2.176188],[-77.821451,2.178271],[-77.807317,2.173809],[-77.80113,2.170121],[-77.798453,2.163875],[-77.792267,2.160603],[-77.783462,2.153286],[-77.780643,2.148379],[-77.760001,2.142489],[-77.751138,2.140883],[-77.743999,2.135054],[-77.733767,2.134042],[-77.71585,2.144512],[-77.704667,2.149092],[-77.69848,2.153613],[-77.685702,2.154684],[-77.679278,2.158015],[-77.667737,2.15748],[-77.662681,2.15861],[-77.649891,2.167414],[-77.64562,2.168544],[-77.625811,2.166819],[-77.618911,2.165511],[-77.603625,2.16471],[-77.59477,2.172807],[-77.587467,2.174974],[-77.58141,2.179035],[-77.574164,2.180668],[-77.568589,2.187159],[-77.563907,2.195367],[-77.554324,2.20241],[-77.544391,2.196461],[-77.539912,2.197311],[-77.529525,2.195695],[-77.519398,2.199774],[-77.507237,2.197216],[-77.501677,2.193443],[-77.487942,2.195253],[-77.484726,2.201972],[-77.484763,2.210516],[-77.487736,2.216081],[-77.479006,2.229529],[-77.478913,2.235285],[-77.472274,2.24132],[-77.473141,2.25081],[-77.471867,2.256275],[-77.473605,2.262438],[-77.480051,2.266266],[-77.477494,2.274941],[-77.468174,2.274983],[-77.459434,2.286178],[-77.442913,2.285243],[-77.439007,2.28259],[-77.432279,2.281849],[-77.425423,2.278912],[-77.416724,2.272838],[-77.408988,2.271151],[-77.401817,2.263765],[-77.386682,2.256294],[-77.381137,2.256556],[-77.378267,2.261316],[-77.372873,2.263177],[-77.359837,2.262532],[-77.352016,2.256947],[-77.347604,2.245845],[-77.342583,2.241735],[-77.340292,2.236711],[-77.329964,2.22979],[-77.327263,2.223948],[-77.322884,2.222295],[-77.32296,2.21662],[-77.3191,2.210869],[-77.316738,2.200478],[-77.31039,2.200592],[-77.308115,2.19565],[-77.312914,2.192219],[-77.315075,2.18555],[-77.318429,2.18213],[-77.314068,2.165191],[-77.307732,2.153905],[-77.307696,2.145727],[-77.311381,2.141995],[-77.30932,2.137387],[-77.312071,2.129796],[-77.307901,2.124601],[-77.308081,2.106939],[-77.310734,2.098478],[-77.315414,2.094661],[-77.320229,2.072268],[-77.334863,2.059322],[-77.335254,2.054397],[-77.331017,2.049849],[-77.30822,2.037788],[-77.304151,2.029295],[-77.28347,2.022372],[-77.279895,2.019742],[-77.274158,2.00712],[-77.268391,2.005186],[-77.264606,1.998908],[-77.259775,1.995107],[-77.245847,1.992665],[-77.227037,1.990892],[-77.220728,1.987996],[-77.210158,1.971189],[-77.207094,1.956898],[-77.203472,1.95065],[-77.207509,1.940838],[-77.217455,1.935551],[-77.218429,1.930781],[-77.216427,1.921504],[-77.21943,1.918411],[-77.225464,1.921168],[-77.230516,1.9158],[-77.244295,1.912771],[-77.245558,1.906735],[-77.242538,1.899601],[-77.244295,1.895156],[-77.243033,1.886815],[-77.247205,1.8799],[-77.251635,1.877279],[-77.255603,1.868812],[-77.264688,1.865213],[-77.27855,1.861418],[-77.280782,1.854383],[-77.279237,1.850266],[-77.288163,1.849236],[-77.286618,1.845118],[-77.290051,1.840658],[-77.29446,1.83062],[-77.294686,1.818181],[-77.300694,1.815265],[-77.305329,1.804455],[-77.303098,1.796563],[-77.307561,1.787812],[-77.304471,1.786268],[-77.294171,1.767566],[-77.298463,1.759845],[-77.300008,1.743888],[-77.304299,1.740456],[-77.308763,1.725357],[-77.316144,1.714032],[-77.321294,1.700306],[-77.330059,1.682975],[-77.3286,1.68053],[-77.307872,1.674879],[-77.295727,1.674181],[-77.293045,1.670074],[-77.28061,1.668905],[-77.279848,1.664444],[-77.274173,1.664133],[-77.264216,1.666557],[-77.26295,1.670203],[-77.256781,1.671082],[-77.249336,1.664594],[-77.245999,1.658492],[-77.238354,1.656796],[-77.23233,1.661441],[-77.228073,1.66025],[-77.221966,1.66779],[-77.212948,1.667949],[-77.208598,1.670492],[-77.199708,1.672008],[-77.186454,1.677699],[-77.178444,1.673611],[-77.169518,1.676185],[-77.162136,1.674984],[-77.157396,1.681684],[-77.151309,1.684296],[-77.141552,1.676319],[-77.144449,1.666501],[-77.138961,1.656068],[-77.131343,1.659327],[-77.122808,1.660615],[-77.115961,1.659944],[-77.092564,1.660816],[-77.088074,1.664668],[-77.082455,1.665242],[-77.07241,1.669017],[-77.069357,1.676294],[-77.061368,1.687575],[-77.05864,1.696163],[-77.053898,1.699612],[-77.043721,1.701467],[-77.038506,1.706454],[-77.022989,1.714344],[-77.012456,1.714101],[-77.003914,1.708665],[-76.997022,1.70881],[-76.988344,1.714344],[-76.978782,1.712645],[-76.965726,1.713858],[-76.961261,1.722498],[-76.953223,1.722498],[-76.946283,1.727303],[-76.937934,1.729293],[-76.934246,1.727739],[-76.925577,1.718518],[-76.92582,1.712596],[-76.923539,1.705898],[-76.91711,1.70238],[-76.915539,1.695761],[-76.911682,1.689332],[-76.910539,1.679556],[-76.900177,1.662171],[-76.892701,1.662456],[-76.889225,1.656309],[-76.878987,1.648452],[-76.870168,1.640309],[-76.861501,1.636595],[-76.856835,1.638214],[-76.853101,1.635942],[-76.850196,1.629466],[-76.844196,1.626542],[-76.841244,1.620256],[-76.834339,1.613542],[-76.834197,1.607304],[-76.839958,1.597666],[-76.841244,1.584738],[-76.846196,1.57969],[-76.852149,1.569309],[-76.857054,1.565357],[-76.85653,1.543209],[-76.853244,1.540781],[-76.851292,1.53429],[-76.860673,1.520624],[-76.873111,1.520147],[-76.883206,1.523243],[-76.887539,1.522957],[-76.89592,1.515609],[-76.90692,1.509895],[-76.912587,1.500514],[-76.917253,1.499324],[-76.929059,1.499636],[-76.926501,1.49214],[-76.928643,1.483021],[-76.924657,1.473087],[-76.925788,1.465532],[-76.922516,1.453849],[-76.923706,1.442035],[-76.918173,1.429543],[-76.919839,1.420203],[-76.927751,1.401566],[-76.931974,1.39814],[-76.931677,1.386005],[-76.930011,1.380056],[-76.926382,1.376249],[-76.926977,1.366184],[-76.924876,1.356236],[-76.920194,1.34995],[-76.920573,1.345606],[-76.914287,1.341673],[-76.907361,1.34953],[-76.893904,1.362206],[-76.887104,1.371994],[-76.87241,1.371281],[-76.867968,1.375011],[-76.859666,1.376447],[-76.854019,1.383667],[-76.840998,1.386997],[-76.825573,1.39297],[-76.816574,1.39973],[-76.809248,1.400495],[-76.800116,1.408261],[-76.788014,1.412281],[-76.781742,1.4106],[-76.76913,1.413861],[-76.76505,1.417969],[-76.749936,1.420962],[-76.740612,1.430124],[-76.731916,1.430447],[-76.724547,1.433142],[-76.718139,1.438418],[-76.701135,1.443466],[-76.695718,1.448371],[-76.687688,1.453024],[-76.676172,1.466567],[-76.669081,1.467728],[-76.664437,1.465462],[-76.660931,1.460123],[-76.65333,1.4586],[-76.64627,1.454572],[-76.644955,1.451251],[-76.636321,1.441764],[-76.634801,1.43299],[-76.623513,1.423015],[-76.61014,1.420964],[-76.602934,1.414678],[-76.601063,1.406204],[-76.591385,1.396243],[-76.591469,1.390382],[-76.576264,1.390139],[-76.574257,1.383991],[-76.577774,1.37603],[-76.576983,1.359673],[-76.578231,1.351686],[-76.584173,1.344355],[-76.582922,1.336733],[-76.576357,1.327836],[-76.574422,1.319454],[-76.583146,1.306387],[-76.58661,1.298744],[-76.583987,1.291278],[-76.583089,1.280005],[-76.574275,1.269206],[-76.570992,1.261634],[-76.569598,1.24468],[-76.559079,1.234086],[-76.548192,1.224668],[-76.543205,1.221672],[-76.538078,1.2099],[-76.542834,1.195425],[-76.542401,1.183806],[-76.544426,1.179463],[-76.542835,1.172184],[-76.543926,1.159644],[-76.549099,1.148854],[-76.550383,1.140221],[-76.548232,1.133548],[-76.55012,1.123123],[-76.55514,1.113887],[-76.563638,1.106252],[-76.566188,1.102117],[-76.56368,1.093772],[-76.5666,1.089441],[-76.566069,1.084413],[-76.561897,1.080447],[-76.561984,1.074896],[-76.556154,1.068213],[-76.553989,1.058843],[-76.548047,1.049194],[-76.546225,1.038093],[-76.537245,1.033482],[-76.529258,1.03422],[-76.522623,1.029796],[-76.518076,1.031148],[-76.506072,1.029933],[-76.50173,1.031658],[-76.492688,1.028029],[-76.491855,1.022735],[-76.486739,1.01631],[-76.484835,1.008101],[-76.479743,1.002052],[-76.467132,0.998899],[-76.452344,0.985431],[-76.445205,0.981148],[-76.445557,0.969628],[-76.436665,0.968196],[-76.427993,0.961034],[-76.423632,0.960236],[-76.419415,0.963288],[-76.410549,0.962125],[-76.40439,0.977701],[-76.3967,0.979827],[-76.38686,0.975261],[-76.378864,0.978201],[-76.370728,0.983932],[-76.3555,0.981731],[-76.348004,0.979411],[-76.347683,0.975326],[-76.337333,0.98072],[-76.334259,0.972797],[-76.328891,0.969387],[-76.331675,0.961598],[-76.327409,0.958752],[-76.322631,0.96222],[-76.309231,0.965577],[-76.30007,0.962515],[-76.296383,0.963018],[-76.284483,0.970668],[-76.281504,0.978743],[-76.278364,0.982353],[-76.272654,0.980628],[-76.270417,0.972291],[-76.26615,0.971066],[-76.259408,0.97309],[-76.251179,0.981461],[-76.245725,0.969036],[-76.238482,0.96397],[-76.234054,0.970045],[-76.238781,0.977642],[-76.234797,0.982472],[-76.226647,0.980093],[-76.205898,0.97951],[-76.202745,0.981175],[-76.196023,0.990634],[-76.191443,0.992835],[-76.188409,0.998783],[-76.191383,1.00497],[-76.198462,1.005862],[-76.20566,1.000508],[-76.208813,1.004375],[-76.206136,1.015106],[-76.200901,1.017843],[-76.192335,1.01011],[-76.183472,1.012905],[-76.182103,1.016593],[-76.184423,1.024981],[-76.173478,1.029562],[-76.166922,1.029978],[-76.153835,1.019687],[-76.146459,1.022007],[-76.145269,1.018438],[-76.131683,1.007909],[-76.125199,1.0066],[-76.115526,1.009812],[-76.110351,1.014452],[-76.105235,1.02391],[-76.10113,1.024029],[-76.097383,1.019984],[-76.091612,1.018616],[-76.079894,1.021055],[-76.074837,1.028074],[-76.074897,1.033428],[-76.081143,1.045046],[-76.092862,1.049567],[-76.091315,1.056705],[-76.084426,1.057043],[-76.080087,1.063369],[-76.092977,1.070697],[-76.100292,1.067601],[-76.102121,1.077935],[-76.114239,1.084721],[-76.122306,1.086138],[-76.124596,1.088999],[-76.123223,1.099869],[-76.128979,1.102259],[-76.139009,1.097715],[-76.142656,1.10217],[-76.148384,1.104791],[-76.151489,1.10896],[-76.15678,1.110757],[-76.165713,1.10676],[-76.182502,1.105705],[-76.192925,1.108725],[-76.20415,1.116261],[-76.20813,1.116077],[-76.212412,1.110774],[-76.218685,1.111704],[-76.236219,1.123507],[-76.249497,1.119589],[-76.260075,1.124524],[-76.277816,1.135447],[-76.284761,1.145619],[-76.284178,1.15281],[-76.286913,1.15933],[-76.286814,1.16828],[-76.290473,1.175508],[-76.297402,1.183262],[-76.300106,1.191575],[-76.299078,1.19439],[-76.290389,1.20319],[-76.289861,1.20952],[-76.30137,1.225619],[-76.302992,1.236004],[-76.300558,1.23964],[-76.294764,1.241475],[-76.286752,1.250185],[-76.276942,1.264225],[-76.267781,1.26808],[-76.260878,1.274873],[-76.255745,1.275862],[-76.24992,1.286079],[-76.249634,1.290937],[-76.24551,1.293189],[-76.245443,1.300729],[-76.240764,1.302611],[-76.230989,1.310277],[-76.223737,1.321291],[-76.215272,1.322057],[-76.215376,1.3294],[-76.2217,1.337381],[-76.219731,1.342124],[-76.212247,1.345843],[-76.204422,1.355247],[-76.202142,1.36147],[-76.202236,1.367552],[-76.199488,1.37472],[-76.201062,1.382195],[-76.199775,1.403811],[-76.197109,1.410008],[-76.20131,1.417781],[-76.198992,1.421411],[-76.193243,1.422701],[-76.188332,1.43321],[-76.177324,1.449834],[-76.178548,1.457767],[-76.185946,1.460871],[-76.183891,1.473889],[-76.183033,1.488492],[-76.181815,1.491715],[-76.169914,1.50928],[-76.16507,1.510766],[-76.164758,1.516318],[-76.159501,1.525971],[-76.150399,1.537496],[-76.149247,1.547833],[-76.153548,1.553728],[-76.152691,1.56397],[-76.158486,1.577871],[-76.163697,1.584907],[-76.168259,1.587223],[-76.171733,1.585557],[-76.184344,1.573755],[-76.189564,1.573025],[-76.198539,1.580088],[-76.198187,1.58304],[-76.208099,1.600091],[-76.212143,1.611204],[-76.209941,1.614374],[-76.214227,1.621941],[-76.211513,1.644805],[-76.213593,1.662685],[-76.225736,1.667505],[-76.253166,1.657244],[-76.266527,1.658235],[-76.27835,1.670399],[-76.281126,1.683183],[-76.286683,1.686125],[-76.29897,1.686425],[-76.304492,1.684575],[-76.314432,1.676801],[-76.326214,1.666065],[-76.336521,1.663106],[-76.360812,1.663115],[-76.378479,1.66201],[-76.383631,1.664605],[-76.385468,1.674976],[-76.381042,1.701642],[-76.368885,1.731267],[-76.369616,1.74349],[-76.374031,1.749418],[-76.37992,1.74942],[-76.385811,1.743496],[-76.39612,1.736092],[-76.410111,1.724616],[-76.419314,1.721656],[-76.424098,1.723139],[-76.424827,1.744251],[-76.420568,1.755498],[-76.422242,1.768695],[-76.425918,1.780919],[-76.432908,1.792033],[-76.452175,1.806393],[-76.464136,1.812404],[-76.47142,1.820285],[-76.511298,1.833913],[-76.53596,1.834291],[-76.548475,1.836517],[-76.558413,1.841706],[-76.569819,1.858747],[-76.575387,1.864208],[-76.57902,1.864676],[-76.586012,1.872086],[-76.58785,1.880235],[-76.583796,1.890241],[-76.586899,1.907807],[-76.59806,1.917846],[-76.606141,1.923635],[-76.616055,1.923543],[-76.61922,1.930963],[-76.612323,1.94567],[-76.620026,1.9561],[-76.623121,1.965084],[-76.624259,1.973848],[-76.619604,1.978706],[-76.61201,1.992853],[-76.602212,1.995023],[-76.593186,1.999843],[-76.586268,2.000627],[-76.579567,2.003482],[-76.57268,2.022103],[-76.575458,2.029925],[-76.586451,2.036984],[-76.586379,2.048693],[-76.57964,2.051312],[-76.577228,2.056186],[-76.576378,2.06558],[-76.578808,2.07149],[-76.589035,2.08904],[-76.590155,2.098521],[-76.58492,2.110266],[-76.572315,2.120201],[-76.558851,2.133442],[-76.551771,2.138497],[-76.528418,2.130882],[-76.513209,2.134559],[-76.507846,2.132654],[-76.501436,2.124141],[-76.492968,2.127111],[-76.48449,2.123124],[-76.471664,2.102618],[-76.466648,2.101061],[-76.462155,2.103155],[-76.450762,2.115001],[-76.432012,2.119992],[-76.428057,2.125522],[-76.427023,2.133301],[-76.433295,2.149394],[-76.436699,2.155123],[-76.437197,2.16087],[-76.432658,2.169996],[-76.43574,2.181614],[-76.432962,2.189581],[-76.411414,2.194868],[-76.40701,2.197545],[-76.403162,2.204733],[-76.39628,2.227523],[-76.38973,2.241662],[-76.388914,2.253686],[-76.3813,2.271169],[-76.373767,2.279089],[-76.36393,2.277788],[-76.360565,2.270691],[-76.343787,2.272115],[-76.333238,2.277735],[-76.323279,2.281116],[-76.308293,2.281299],[-76.302902,2.283675],[-76.28883,2.274263],[-76.282581,2.275962],[-76.27642,2.274747],[-76.274705,2.269347],[-76.257584,2.252158],[-76.251468,2.248013],[-76.248053,2.24036],[-76.242562,2.232351],[-76.233367,2.224278],[-76.227608,2.221009],[-76.219721,2.20804],[-76.21361,2.204834],[-76.206897,2.198175],[-76.194747,2.195463],[-76.185722,2.197148],[-76.154024,2.198759],[-76.143871,2.204377],[-76.139385,2.210688],[-76.133614,2.222313],[-76.121149,2.22478],[-76.14662,2.293411],[-76.12609,2.380246],[-76.121344,2.381901],[-76.114424,2.392976],[-76.105888,2.399162],[-76.103399,2.406656],[-76.094553,2.410188],[-76.089581,2.415883],[-76.078101,2.415431],[-76.072614,2.412608],[-76.060737,2.40934],[-76.055322,2.406211],[-76.048723,2.406301],[-76.040814,2.40065],[-76.0356,2.406974],[-76.030669,2.409947],[-76.02663,2.416706],[-76.023395,2.426171],[-76.021133,2.443275],[-76.018393,2.448634],[-76.012842,2.452692],[-75.999843,2.466517],[-75.994515,2.477404],[-75.98766,2.48406],[-75.985725,2.493149],[-75.979852,2.50173],[-75.976029,2.503124],[-75.962391,2.498676],[-75.958879,2.492171],[-75.95232,2.487553],[-75.937394,2.486957],[-75.931719,2.479898],[-75.924443,2.479635],[-75.916289,2.471357],[-75.91777,2.463],[-75.916822,2.456811],[-75.912177,2.453156],[-75.909677,2.446323],[-75.901744,2.441924],[-75.885768,2.428252],[-75.875508,2.430192],[-75.872868,2.427256],[-75.864591,2.427302],[-75.856712,2.432872],[-75.855508,2.436679],[-75.858248,2.443203],[-75.854753,2.44586],[-75.85293,2.453981],[-75.848479,2.454967],[-75.839688,2.461159],[-75.838273,2.469367],[-75.833628,2.471614],[-75.820399,2.483619],[-75.814163,2.483834],[-75.82228,2.495046],[-75.821231,2.506511],[-75.81931,2.511983],[-75.820392,2.519763],[-75.826997,2.530592],[-75.836535,2.538813],[-75.8343,2.54572],[-75.834789,2.55305],[-75.838752,2.558659],[-75.837689,2.56675],[-75.829452,2.572775],[-75.825624,2.579652],[-75.824142,2.59036],[-75.821207,2.593721],[-75.814686,2.595802],[-75.810861,2.599567],[-75.800284,2.6218],[-75.791773,2.630793],[-75.789953,2.636821],[-75.790402,2.650388],[-75.786803,2.656992],[-75.780212,2.66021],[-75.774445,2.668712],[-75.771722,2.675609],[-75.75839,2.681975],[-75.756646,2.686315],[-75.75745,2.692953],[-75.754927,2.698659],[-75.752858,2.71386],[-75.747505,2.718989],[-75.752654,2.731525],[-75.753396,2.742919],[-75.759303,2.749526],[-75.771545,2.754529],[-75.777904,2.758817],[-75.794132,2.761951],[-75.803386,2.767399],[-75.810524,2.767784],[-75.818167,2.777665],[-75.831,2.78414],[-75.846476,2.783827],[-75.858708,2.787281],[-75.913447,2.833875],[-75.936924,2.851755],[-75.949233,2.865852],[-75.957495,2.872654],[-75.963041,2.874013],[-75.978462,2.887713],[-75.982384,2.892172],[-75.997273,2.905226],[-76.001628,2.914056],[-76.00792,2.915313],[-76.016745,2.922496],[-76.024518,2.932032],[-76.029241,2.940777],[-76.034349,2.944771],[-76.032343,2.953451],[-76.033339,2.961926],[-76.028543,2.983702],[-76.020402,2.994494],[-76.023448,3.004816],[-76.032317,3.008132],[-76.035377,3.013432],[-76.042117,3.016974],[-76.038832,3.025184],[-76.044553,3.03381],[-76.047095,3.043204],[-76.057948,3.043694],[-76.073558,3.049497],[-76.07024,3.066331],[-76.07426,3.078349],[-76.080717,3.0866],[-76.081596,3.090386],[-76.092061,3.096901],[-76.103828,3.095966],[-76.107765,3.101351],[-76.105028,3.108725],[-76.0843,3.114918],[-76.076185,3.119181],[-76.073475,3.123437],[-76.075953,3.130933],[-76.072595,3.139433],[-76.07888,3.150405],[-76.085105,3.152836],[-76.084915,3.15699],[-76.079577,3.164019],[-76.083358,3.172649],[-76.092359,3.178056],[-76.091478,3.197932],[-76.085605,3.203758],[-76.075687,3.20111],[-76.068633,3.197398],[-76.060588,3.202858],[-76.054012,3.214271],[-76.053492,3.218379],[-76.056521,3.223878]]]},"properties":{"shapeName":"Cauca"}},{"type":"Feature","geometry":{"type":"Polygon","coordinates":[[[-71.322697,0.111757],[-71.328587,0.116576],[-71.321047,0.12521],[-71.320354,0.137235],[-71.323443,0.141998],[-71.329213,0.145226],[-71.333463,0.153786],[-71.337753,0.156105],[-71.342187,0.154201],[-71.34358,0.149632],[-71.338549,0.14423],[-71.342936,0.138116],[-71.350264,0.144764],[-71.360765,0.143768],[-71.369403,0.15025],[-71.36815,0.162076],[-71.373992,0.174044],[-71.390066,0.178765],[-71.397767,0.185769],[-71.400935,0.186555],[-71.402983,0.169691],[-71.400545,0.164125],[-71.401895,0.157663],[-71.409435,0.150106],[-71.419194,0.14314],[-71.428749,0.140004],[-71.438136,0.142661],[-71.444786,0.139734],[-71.450764,0.139875],[-71.462239,0.151067],[-71.468075,0.151704],[-71.469198,0.15706],[-71.466357,0.160327],[-71.459847,0.160382],[-71.456207,0.163577],[-71.454455,0.174919],[-71.458805,0.179166],[-71.468703,0.185257],[-71.473743,0.184432],[-71.475756,0.17302],[-71.481323,0.164443],[-71.481295,0.151003],[-71.491072,0.147821],[-71.493961,0.144653],[-71.494258,0.134456],[-71.501699,0.130069],[-71.511116,0.13386],[-71.515175,0.132602],[-71.524789,0.121769],[-71.532924,0.121379],[-71.542352,0.128507],[-71.541194,0.136472],[-71.531643,0.140793],[-71.525049,0.152822],[-71.524757,0.158034],[-71.529691,0.165875],[-71.545519,0.174414],[-71.553259,0.171696],[-71.5654,0.172197],[-71.578114,0.164516],[-71.585546,0.164506],[-71.587174,0.17074],[-71.577883,0.178251],[-71.575616,0.186684],[-71.575127,0.198651],[-71.569209,0.204518],[-71.56179,0.207296],[-71.558848,0.216563],[-71.568792,0.216278],[-71.578234,0.205978],[-71.593552,0.196154],[-71.605651,0.183407],[-71.611289,0.182099],[-71.621935,0.185005],[-71.634795,0.183453],[-71.635397,0.187954],[-71.629003,0.191829],[-71.619397,0.191679],[-71.617043,0.198075],[-71.626172,0.20437],[-71.623209,0.212673],[-71.625833,0.215951],[-71.635465,0.21051],[-71.645353,0.209755],[-71.653252,0.217524],[-71.665266,0.222458],[-71.678827,0.229581],[-71.690898,0.233404],[-71.697367,0.236877],[-71.711008,0.259485],[-71.722773,0.274471],[-71.726394,0.282259],[-71.72194,0.289274],[-71.703551,0.295084],[-71.698982,0.305567],[-71.702919,0.317075],[-71.706354,0.31898],[-71.716078,0.312236],[-71.726206,0.308974],[-71.732214,0.29713],[-71.733057,0.288136],[-71.737707,0.285629],[-71.74732,0.291465],[-71.750582,0.296443],[-71.75278,0.305049],[-71.753843,0.319102],[-71.752162,0.328698],[-71.755543,0.332205],[-71.768195,0.327132],[-71.776495,0.330895],[-71.785069,0.332312],[-71.788287,0.335252],[-71.78759,0.342359],[-71.782833,0.346095],[-71.776103,0.346099],[-71.772698,0.348486],[-71.771868,0.3589],[-71.766688,0.365116],[-71.771158,0.368619],[-71.779104,0.364684],[-71.790959,0.364547],[-71.812062,0.373215],[-71.816156,0.369055],[-71.801844,0.361201],[-71.801908,0.352747],[-71.806173,0.346885],[-71.824224,0.338843],[-71.832751,0.338937],[-71.852946,0.351555],[-71.853409,0.355329],[-71.840876,0.359957],[-71.834251,0.366489],[-71.832807,0.373174],[-71.83511,0.384849],[-71.835625,0.395584],[-71.825102,0.400353],[-71.824403,0.40637],[-71.833036,0.406142],[-71.840361,0.408192],[-71.847356,0.41527],[-71.845294,0.429365],[-71.845818,0.435688],[-71.85319,0.448087],[-71.855373,0.455257],[-71.869028,0.459861],[-71.883876,0.468429],[-71.887309,0.465597],[-71.88482,0.455297],[-71.890399,0.44577],[-71.898381,0.442938],[-71.911084,0.444311],[-71.921212,0.454096],[-71.91898,0.460189],[-71.905162,0.466197],[-71.901042,0.47066],[-71.901986,0.474523],[-71.907393,0.478814],[-71.91838,0.477355],[-71.9231,0.478986],[-71.92825,0.486281],[-71.928508,0.494177],[-71.921212,0.505764],[-71.912972,0.51366],[-71.918122,0.527049],[-71.922929,0.533314],[-71.928508,0.544644],[-71.929538,0.553484],[-71.935546,0.561809],[-71.939408,0.57022],[-71.943871,0.567903],[-71.942412,0.551424],[-71.949365,0.540438],[-71.955287,0.541725],[-71.960351,0.552196],[-71.963441,0.555029],[-71.974084,0.559406],[-71.983697,0.559492],[-71.989619,0.56344],[-71.990735,0.571164],[-71.988761,0.586355],[-71.994769,0.591161],[-72.009875,0.594423],[-72.009446,0.598371],[-71.999575,0.60189],[-71.988503,0.614163],[-71.981379,0.628324],[-71.982758,0.632938],[-71.99331,0.631328],[-71.994855,0.635362],[-71.993825,0.644116],[-71.997601,0.657505],[-72.000438,0.659091],[-72.010819,0.653385],[-72.017785,0.655878],[-72.021257,0.661816],[-72.025398,0.664174],[-72.032936,0.664476],[-72.04734,0.655646],[-72.051454,0.654265],[-72.067488,0.656704],[-72.076559,0.655641],[-72.085947,0.656594],[-72.086265,0.662328],[-72.074346,0.664455],[-72.069706,0.669977],[-72.066754,0.680597],[-72.068338,0.68856],[-72.071715,0.694612],[-72.079311,0.702575],[-72.086379,0.702998],[-72.093023,0.697899],[-72.097137,0.698111],[-72.108952,0.702993],[-72.121825,0.720298],[-72.119191,0.732192],[-72.124677,0.737606],[-72.131006,0.738454],[-72.133326,0.735268],[-72.135117,0.725604],[-72.141233,0.717745],[-72.146297,0.718594],[-72.162396,0.73425],[-72.167501,0.730375],[-72.163292,0.725431],[-72.160744,0.718717],[-72.163576,0.713874],[-72.171699,0.713285],[-72.182585,0.723853],[-72.189745,0.726446],[-72.194567,0.71954],[-72.198535,0.704871],[-72.205189,0.700101],[-72.212397,0.701468],[-72.220145,0.705433],[-72.230538,0.716768],[-72.229699,0.725512],[-72.224685,0.732952],[-72.221513,0.746055],[-72.224798,0.754908],[-72.228674,0.76038],[-72.238051,0.768164],[-72.244205,0.776852],[-72.248267,0.787987],[-72.253037,0.792024],[-72.265693,0.795123],[-72.271569,0.791847],[-72.269332,0.78595],[-72.261339,0.777029],[-72.261413,0.765089],[-72.267942,0.763154],[-72.280046,0.770123],[-72.292646,0.781313],[-72.296134,0.789575],[-72.309152,0.808803],[-72.306867,0.814761],[-72.301684,0.816518],[-72.29004,0.815783],[-72.28568,0.820739],[-72.294217,0.830444],[-72.300762,0.84118],[-72.297435,0.85157],[-72.289459,0.855426],[-72.286507,0.860093],[-72.287084,0.87018],[-72.293412,0.879834],[-72.299817,0.881474],[-72.310463,0.874962],[-72.319497,0.876883],[-72.322874,0.874702],[-72.324927,0.86726],[-72.319149,0.859829],[-72.316141,0.853416],[-72.31775,0.844622],[-72.325418,0.838908],[-72.328715,0.841299],[-72.331089,0.850776],[-72.341077,0.86283],[-72.341921,0.869918],[-72.333915,0.874249],[-72.331472,0.878978],[-72.34334,0.894812],[-72.346965,0.903107],[-72.340975,0.915177],[-72.33848,0.923977],[-72.339605,0.926617],[-72.349223,0.933904],[-72.35734,0.931513],[-72.363706,0.924597],[-72.374193,0.916422],[-72.387055,0.916795],[-72.392301,0.920564],[-72.388184,0.929741],[-72.383565,0.935777],[-72.376207,0.96004],[-72.386197,0.960539],[-72.396813,0.963929],[-72.400186,0.966441],[-72.405435,0.979512],[-72.409684,0.986927],[-72.401445,0.993718],[-72.399075,1.001009],[-72.402699,1.006539],[-72.412317,1.011437],[-72.423857,1.023582],[-72.425439,1.035314],[-72.432562,1.047127],[-72.439833,1.053687],[-72.444998,1.061046],[-72.449731,1.062343],[-72.454835,1.069392],[-72.456233,1.079573],[-72.46828,1.082646],[-72.470972,1.079087],[-72.4785,1.079573],[-72.483489,1.073021],[-72.488869,1.071528],[-72.499187,1.072976],[-72.50592,1.066973],[-72.511519,1.067878],[-72.513639,1.074569],[-72.522501,1.081505],[-72.534035,1.082592],[-72.547467,1.088059],[-72.559832,1.095722],[-72.564855,1.102656],[-72.574594,1.113239],[-72.582024,1.113823],[-72.586948,1.117348],[-72.588537,1.123632],[-72.59172,1.126518],[-72.607067,1.132809],[-72.616238,1.133903],[-72.62477,1.138524],[-72.634383,1.148402],[-72.636801,1.152506],[-72.636415,1.15943],[-72.644691,1.168987],[-72.64736,1.18149],[-72.65271,1.182005],[-72.651314,1.171554],[-72.654696,1.15899],[-72.657692,1.152645],[-72.663361,1.152455],[-72.667879,1.162587],[-72.675075,1.164578],[-72.691954,1.164121],[-72.694626,1.166337],[-72.693835,1.175989],[-72.698391,1.182162],[-72.704048,1.184697],[-72.718198,1.188297],[-72.726288,1.186471],[-72.72916,1.180429],[-72.727542,1.170702],[-72.731077,1.161109],[-72.723687,1.151846],[-72.724486,1.148743],[-72.735256,1.153827],[-72.743123,1.147729],[-72.7396,1.141266],[-72.742451,1.13466],[-72.75081,1.129204],[-72.765695,1.132891],[-72.778737,1.148768],[-72.779103,1.156825],[-72.777262,1.166796],[-72.769751,1.177512],[-72.775328,1.182869],[-72.784532,1.175887],[-72.790366,1.17841],[-72.797715,1.17659],[-72.804253,1.183382],[-72.819193,1.179442],[-72.821667,1.176936],[-72.817707,1.17176],[-72.818332,1.163801],[-72.824247,1.158634],[-72.827205,1.151673],[-72.830685,1.155791],[-72.846123,1.161686],[-72.85409,1.162143],[-72.850649,1.152619],[-72.851447,1.144003],[-72.855596,1.143602],[-72.863541,1.146359],[-72.869652,1.146247],[-72.871906,1.138401],[-72.870114,1.12499],[-72.868523,1.121798],[-72.852639,1.111294],[-72.850601,1.107896],[-72.853437,1.102937],[-72.85717,1.102803],[-72.864327,1.107869],[-72.874543,1.102278],[-72.882558,1.101237],[-72.88343,1.098156],[-72.87791,1.094476],[-72.87135,1.087537],[-72.871699,1.079387],[-72.879703,1.079405],[-72.884684,1.077372],[-72.88259,1.07196],[-72.87449,1.074667],[-72.865745,1.073796],[-72.860893,1.06879],[-72.861227,1.054578],[-72.858503,1.047129],[-72.859488,1.043958],[-72.870911,1.050977],[-72.874657,1.051881],[-72.878947,1.047509],[-72.878537,1.043847],[-72.87105,1.04522],[-72.867391,1.041136],[-72.873545,1.037607],[-72.869295,1.026622],[-72.877839,1.022703],[-72.885895,1.023008],[-72.895008,1.013507],[-72.901182,1.017512],[-72.907438,1.010359],[-72.910819,1.009396],[-72.918275,1.015104],[-72.922797,1.012499],[-72.928023,1.015838],[-72.933163,1.010665],[-72.930592,1.000888],[-72.934891,0.988789],[-72.944422,0.979844],[-72.950287,0.984057],[-72.953798,0.982533],[-72.955349,0.971034],[-72.960993,0.96177],[-72.96437,0.963017],[-72.975029,0.956806],[-72.982216,0.956458],[-72.988172,0.95903],[-72.98772,0.951538],[-72.994991,0.950117],[-72.993932,0.945529],[-72.987808,0.932598],[-73.004396,0.932738],[-73.001652,0.927504],[-73.008965,0.912088],[-73.019195,0.914636],[-73.025954,0.920562],[-73.034326,0.912788],[-73.038273,0.904206],[-73.041076,0.909751],[-73.048587,0.906509],[-73.054312,0.90973],[-73.058665,0.905595],[-73.065998,0.903847],[-73.07482,0.895169],[-73.07941,0.894684],[-73.082236,0.902628],[-73.086654,0.909657],[-73.091182,0.909231],[-73.094541,0.912722],[-73.101931,0.911725],[-73.107339,0.916131],[-73.110404,0.922496],[-73.114836,0.920182],[-73.1233,0.920762],[-73.127994,0.916617],[-73.134144,0.914966],[-73.143523,0.921539],[-73.146612,0.928377],[-73.14674,0.938616],[-73.15136,0.943478],[-73.163634,0.942146],[-73.163565,0.949975],[-73.168342,0.95562],[-73.173472,0.953859],[-73.180371,0.961043],[-73.180152,0.968127],[-73.184341,0.973087],[-73.174241,0.981817],[-73.173839,0.994534],[-73.178406,0.998729],[-73.185597,1.001477],[-73.199043,1.000288],[-73.206498,1.005061],[-73.213629,0.999082],[-73.231747,1.009021],[-73.239619,1.012222],[-73.245585,1.019064],[-73.24604,1.022612],[-73.241425,1.030398],[-73.245466,1.039606],[-73.250612,1.041291],[-73.253286,1.045869],[-73.262061,1.045219],[-73.276352,1.047567],[-73.279424,1.049678],[-73.281553,1.060759],[-73.284754,1.064831],[-73.299731,1.069372],[-73.303156,1.074976],[-73.312221,1.077917],[-73.324356,1.083491],[-73.327413,1.089778],[-73.333332,1.094485],[-73.334213,1.099549],[-73.340594,1.103213],[-73.334684,1.107098],[-73.334529,1.110431],[-73.340806,1.115687],[-73.344653,1.121208],[-73.353329,1.120839],[-73.36052,1.127289],[-73.370475,1.130507],[-73.375147,1.135882],[-73.377265,1.142768],[-73.390238,1.146976],[-73.396391,1.155799],[-73.394174,1.162121],[-73.396824,1.171881],[-73.404701,1.170991],[-73.411499,1.175548],[-73.417785,1.191666],[-73.417024,1.197771],[-73.409632,1.201205],[-73.408823,1.205831],[-73.414985,1.210094],[-73.422185,1.220665],[-73.421408,1.224768],[-73.41516,1.229212],[-73.413095,1.233211],[-73.413976,1.243562],[-73.421674,1.252043],[-73.429078,1.25695],[-73.430802,1.262893],[-73.424617,1.271163],[-73.424726,1.289492],[-73.442018,1.297407],[-73.455097,1.308876],[-73.458506,1.314743],[-73.461273,1.330341],[-73.466369,1.338517],[-73.471857,1.357953],[-73.475605,1.365081],[-73.483101,1.372941],[-73.492924,1.38018],[-73.50648,1.387051],[-73.529063,1.395489],[-73.537081,1.39964],[-73.542577,1.406276],[-73.545186,1.415839],[-73.547496,1.435851],[-73.549029,1.442591],[-73.555026,1.453905],[-73.561897,1.462624],[-73.570514,1.46296],[-73.577873,1.468955],[-73.582759,1.481981],[-73.587763,1.488445],[-73.598139,1.496258],[-73.609945,1.508666],[-73.617384,1.527618],[-73.62706,1.538134],[-73.640475,1.549061],[-73.643927,1.561464],[-73.657686,1.576351],[-73.660535,1.584474],[-73.66097,1.601074],[-73.658768,1.614517],[-73.669886,1.615569],[-73.686348,1.621345],[-73.696311,1.632742],[-73.706803,1.633427],[-73.712464,1.638062],[-73.720541,1.638975],[-73.73345,1.633432],[-73.739488,1.639814],[-73.746281,1.642854],[-73.76002,1.645667],[-73.764926,1.649694],[-73.779041,1.655165],[-73.782061,1.655242],[-73.791271,1.650078],[-73.794592,1.653572],[-73.805538,1.652511],[-73.809391,1.64767],[-73.816895,1.649967],[-73.827142,1.648281],[-73.836671,1.651764],[-73.846016,1.652086],[-73.859893,1.657257],[-73.867288,1.650771],[-73.883409,1.64902],[-73.894939,1.643652],[-73.925388,1.642642],[-73.93661,1.64669],[-73.944065,1.645412],[-73.950098,1.640766],[-73.949182,1.636647],[-73.953921,1.632333],[-73.957046,1.625406],[-73.968143,1.612417],[-73.974032,1.602313],[-73.983241,1.60277],[-73.986864,1.608999],[-73.992298,1.628523],[-73.999243,1.638095],[-73.999553,1.644286],[-73.996004,1.653857],[-73.999097,1.65763],[-74.015471,1.659356],[-74.018551,1.66323],[-74.038882,1.661531],[-74.058359,1.658189],[-74.063039,1.656518],[-74.073909,1.646339],[-74.088928,1.642383],[-74.096923,1.650694],[-74.100438,1.66263],[-74.096396,1.669438],[-74.097626,1.676512],[-74.106149,1.685883],[-74.107906,1.691896],[-74.1123,1.696139],[-74.116956,1.695697],[-74.127148,1.697996],[-74.133211,1.697112],[-74.141496,1.705845],[-74.154916,1.716011],[-74.166594,1.717181],[-74.175617,1.721122],[-74.180528,1.720379],[-74.197461,1.713641],[-74.203086,1.713441],[-74.207254,1.716125],[-74.207055,1.741223],[-74.205541,1.748619],[-74.210024,1.761525],[-74.213907,1.766008],[-74.222987,1.767178],[-74.233809,1.763124],[-74.254568,1.75847],[-74.271157,1.753701],[-74.288489,1.77229],[-74.298454,1.778714],[-74.312845,1.785024],[-74.321868,1.787509],[-74.345768,1.790764],[-74.367097,1.789136],[-74.378576,1.789307],[-74.389626,1.792677],[-74.39922,1.802899],[-74.407957,1.809609],[-74.417209,1.81255],[-74.425518,1.811408],[-74.451244,1.811922],[-74.456584,1.807753],[-74.469918,1.80624],[-74.480112,1.807839],[-74.491219,1.812579],[-74.503383,1.821145],[-74.504754,1.827712],[-74.515861,1.833166],[-74.527454,1.835707],[-74.532451,1.839619],[-74.540749,1.842483],[-74.558414,1.845688],[-74.562928,1.847488],[-74.56612,1.852264],[-74.567213,1.863382],[-74.564651,1.885934],[-74.560684,1.893452],[-74.56022,1.901908],[-74.561622,1.908407],[-74.570108,1.920306],[-74.570421,1.925004],[-74.56692,1.929234],[-74.566121,1.942868],[-74.571988,1.968393],[-74.57841,1.98349],[-74.584384,2.000563],[-74.58874,2.010612],[-74.602525,2.028627],[-74.604251,2.045917],[-74.606659,2.053944],[-74.609468,2.0708],[-74.608478,2.077435],[-74.603593,2.088409],[-74.596074,2.096736],[-74.591943,2.114142],[-74.594956,2.128519],[-74.599097,2.141382],[-74.598728,2.161436],[-74.592337,2.170519],[-74.587828,2.183006],[-74.588207,2.189817],[-74.593853,2.201923],[-74.597991,2.205705],[-74.604761,2.205702],[-74.627327,2.202289],[-74.636354,2.202664],[-74.649896,2.206821],[-74.65742,2.212115],[-74.664193,2.21968],[-74.673602,2.23481],[-74.680381,2.255996],[-74.68678,2.269236],[-74.686405,2.271884],[-74.677006,2.280591],[-74.676631,2.284753],[-74.682275,2.287777],[-74.698071,2.286257],[-74.706344,2.281713],[-74.710479,2.275658],[-74.713108,2.267711],[-74.721381,2.261653],[-74.728152,2.263921],[-74.732669,2.272999],[-74.731921,2.28208],[-74.728543,2.296459],[-74.728923,2.306675],[-74.73344,2.313105],[-74.733448,2.331266],[-74.726689,2.355484],[-74.709774,2.380842],[-74.701885,2.403925],[-74.696999,2.413008],[-74.688726,2.418687],[-74.677443,2.422854],[-74.67105,2.428154],[-74.667668,2.437236],[-74.667304,2.463722],[-74.664299,2.474696],[-74.655278,2.490591],[-74.650766,2.495512],[-74.651145,2.5027],[-74.665068,2.512532],[-74.686518,2.526521],[-74.688025,2.532196],[-74.685775,2.545818],[-74.67713,2.563983],[-74.664346,2.578367],[-74.652311,2.58821],[-74.638777,2.609026],[-74.618843,2.624547],[-74.606056,2.636282],[-74.592894,2.651422],[-74.590264,2.659748],[-74.590643,2.66618],[-74.603442,2.682444],[-74.614356,2.688493],[-74.627151,2.692649],[-74.636183,2.698699],[-74.638443,2.704373],[-74.634309,2.713834],[-74.624155,2.724811],[-74.618893,2.736543],[-74.617393,2.748273],[-74.620405,2.752434],[-74.637714,2.754317],[-74.643367,2.773611],[-74.660314,2.803872],[-74.665586,2.811058],[-74.664467,2.830355],[-74.662214,2.840572],[-74.662598,2.854949],[-74.667874,2.869702],[-74.670137,2.881052],[-74.676916,2.890129],[-74.68896,2.894284],[-74.702131,2.894277],[-74.716051,2.888216],[-74.75706,2.875328],[-74.765716,2.876836],[-74.776633,2.884396],[-74.782658,2.890446],[-74.784919,2.895363],[-74.784937,2.924415],[-74.787199,2.931305],[-74.794727,2.933192],[-74.804886,2.930915],[-74.813914,2.926369],[-74.828207,2.916144],[-74.828957,2.91236],[-74.834977,2.910086],[-74.845137,2.909701],[-74.858309,2.911962],[-74.869598,2.911954],[-74.89142,2.907398],[-74.902709,2.906634],[-74.933928,2.906682],[-74.94164,2.895494],[-74.952552,2.883639],[-74.971029,2.867444],[-74.978215,2.862275],[-74.990189,2.850216],[-75.002161,2.835059],[-75.015837,2.81095],[-75.038409,2.780981],[-75.055979,2.753635],[-75.064359,2.745733],[-75.080764,2.732083],[-75.087184,2.728847],[-75.095034,2.727405],[-75.112164,2.72775],[-75.127074,2.729284],[-75.13987,2.725872],[-75.146315,2.722839],[-75.152665,2.710233],[-75.152381,2.702935],[-75.134278,2.69431],[-75.134183,2.687675],[-75.141386,2.667012],[-75.146315,2.662842],[-75.153044,2.652795],[-75.15494,2.64218],[-75.149063,2.628152],[-75.150864,2.621423],[-75.143092,2.615357],[-75.134657,2.602656],[-75.135681,2.593398],[-75.139836,2.584423],[-75.147679,2.575086],[-75.156915,2.5618],[-75.16895,2.552148],[-75.17963,2.531977],[-75.179071,2.527197],[-75.175345,2.524092],[-75.176486,2.516827],[-75.18367,2.512689],[-75.201128,2.51474],[-75.228509,2.514716],[-75.228506,2.510929],[-75.222677,2.498542],[-75.222323,2.485461],[-75.22574,2.478229],[-75.235125,2.469608],[-75.243513,2.450675],[-75.246244,2.442411],[-75.253082,2.434487],[-75.265052,2.425527],[-75.275999,2.42001],[-75.282838,2.413463],[-75.290007,2.393491],[-75.301286,2.376958],[-75.30709,2.361463],[-75.318721,2.356289],[-75.332069,2.357654],[-75.335485,2.351111],[-75.337996,2.341533],[-75.344702,2.326318],[-75.353593,2.319426],[-75.365226,2.317006],[-75.375492,2.316996],[-75.385072,2.314922],[-75.38849,2.310444],[-75.38957,2.296749],[-75.39326,2.288066],[-75.401803,2.275322],[-75.409315,2.258448],[-75.409108,2.249185],[-75.417767,2.238299],[-75.437001,2.225378],[-75.434938,2.213677],[-75.424317,2.198541],[-75.422597,2.188905],[-75.427381,2.181328],[-75.43421,2.166177],[-75.442752,2.152745],[-75.450273,2.145509],[-75.460533,2.140681],[-75.475925,2.13516],[-75.482856,2.134627],[-75.495764,2.129979],[-75.506023,2.124806],[-75.515942,2.121699],[-75.529627,2.120998],[-75.546804,2.087951],[-75.551418,2.081277],[-75.553059,2.071845],[-75.552895,2.062355],[-75.557681,2.053639],[-75.576803,2.046318],[-75.582411,2.02882],[-75.591123,2.014451],[-75.611643,1.996341],[-75.622839,1.981349],[-75.637775,1.953231],[-75.643999,1.940109],[-75.648363,1.922609],[-75.653346,1.90761],[-75.659565,1.899489],[-75.689406,1.875133],[-75.693172,1.869217],[-75.702944,1.861563],[-75.710554,1.844518],[-75.713047,1.833892],[-75.729205,1.816273],[-75.732958,1.793898],[-75.739177,1.78515],[-75.766524,1.76732],[-75.787656,1.757053],[-75.796742,1.753812],[-75.819911,1.749291],[-75.828668,1.745202],[-75.846385,1.729585],[-75.850738,1.722711],[-75.862392,1.715216],[-75.86845,1.714126],[-75.874817,1.715537],[-75.886619,1.720389],[-75.894074,1.720706],[-75.901064,1.718835],[-75.90728,1.714775],[-75.938206,1.68666],[-75.945977,1.676505],[-75.955767,1.66854],[-75.972546,1.661828],[-75.981247,1.65605],[-75.985288,1.651207],[-75.991351,1.640269],[-76.001616,1.615735],[-76.007367,1.606829],[-76.016381,1.595736],[-76.030833,1.582145],[-76.047768,1.571837],[-76.0563,1.57604],[-76.074325,1.576852],[-76.083956,1.574043],[-76.099605,1.565863],[-76.110157,1.55703],[-76.120304,1.555473],[-76.123636,1.556547],[-76.133908,1.570796],[-76.138865,1.575009],[-76.146488,1.577941],[-76.157289,1.584703],[-76.168259,1.587223],[-76.163697,1.584907],[-76.158486,1.577871],[-76.152691,1.56397],[-76.153548,1.553728],[-76.149247,1.547833],[-76.150399,1.537496],[-76.159501,1.525971],[-76.164758,1.516318],[-76.16507,1.510766],[-76.169914,1.50928],[-76.181815,1.491715],[-76.183033,1.488492],[-76.183891,1.473889],[-76.185946,1.460871],[-76.178548,1.457767],[-76.177324,1.449834],[-76.188332,1.43321],[-76.193243,1.422701],[-76.198992,1.421411],[-76.20131,1.417781],[-76.197109,1.410008],[-76.199775,1.403811],[-76.201062,1.382195],[-76.199488,1.37472],[-76.202236,1.367552],[-76.202142,1.36147],[-76.204422,1.355247],[-76.212247,1.345843],[-76.219731,1.342124],[-76.2217,1.337381],[-76.215376,1.3294],[-76.215272,1.322057],[-76.223737,1.321291],[-76.230989,1.310277],[-76.240764,1.302611],[-76.245443,1.300729],[-76.24551,1.293189],[-76.249634,1.290937],[-76.24992,1.286079],[-76.255745,1.275862],[-76.260878,1.274873],[-76.267781,1.26808],[-76.276942,1.264225],[-76.286752,1.250185],[-76.294764,1.241475],[-76.300558,1.23964],[-76.302992,1.236004],[-76.30137,1.225619],[-76.289861,1.20952],[-76.290389,1.20319],[-76.299078,1.19439],[-76.300106,1.191575],[-76.297402,1.183262],[-76.290473,1.175508],[-76.286814,1.16828],[-76.286913,1.15933],[-76.284178,1.15281],[-76.284761,1.145619],[-76.277816,1.135447],[-76.260075,1.124524],[-76.249497,1.119589],[-76.236219,1.123507],[-76.218685,1.111704],[-76.212412,1.110774],[-76.20813,1.116077],[-76.20415,1.116261],[-76.192925,1.108725],[-76.182502,1.105705],[-76.165713,1.10676],[-76.15678,1.110757],[-76.151489,1.10896],[-76.148384,1.104791],[-76.142656,1.10217],[-76.139009,1.097715],[-76.128979,1.102259],[-76.123223,1.099869],[-76.124596,1.088999],[-76.122306,1.086138],[-76.114239,1.084721],[-76.102121,1.077935],[-76.100292,1.067601],[-76.092977,1.070697],[-76.080087,1.063369],[-76.084426,1.057043],[-76.062271,1.051431],[-76.054433,1.047663],[-76.046641,1.047663],[-76.038848,1.052898],[-76.022061,1.047544],[-76.008379,1.056586],[-76.002014,1.054445],[-76.000408,1.046474],[-76.001597,1.040049],[-76.000348,1.029341],[-75.997127,1.026714],[-75.992348,1.028358],[-75.988698,1.036965],[-75.987561,1.051649],[-75.99108,1.059118],[-75.999522,1.064196],[-75.999124,1.071147],[-75.994345,1.071399],[-75.987303,1.068738],[-75.972342,1.057846],[-75.964674,1.046703],[-75.954114,1.03594],[-75.943427,1.029353],[-75.936008,1.027832],[-75.927581,1.0315],[-75.920413,1.028965],[-75.919535,1.022509],[-75.92155,1.015674],[-75.931739,1.008336],[-75.934004,1.004286],[-75.931802,0.994954],[-75.933607,0.989231],[-75.948792,0.982677],[-75.947344,0.975976],[-75.942287,0.975706],[-75.930491,0.979854],[-75.916573,0.976536],[-75.905478,0.970542],[-75.902668,0.946912],[-75.891657,0.932796],[-75.876598,0.928603],[-75.865767,0.923165],[-75.86174,0.915194],[-75.866063,0.901722],[-75.863238,0.891612],[-75.859722,0.886288],[-75.853164,0.883184],[-75.851174,0.879503],[-75.834405,0.876708],[-75.820809,0.882695],[-75.815906,0.890808],[-75.809484,0.89736],[-75.797896,0.893901],[-75.788977,0.881399],[-75.773716,0.868482],[-75.765064,0.851687],[-75.763639,0.84043],[-75.757226,0.836579],[-75.748203,0.844375],[-75.74525,0.850767],[-75.733745,0.860401],[-75.718681,0.861347],[-75.709125,0.859617],[-75.695267,0.861255],[-75.690296,0.862888],[-75.67975,0.858212],[-75.675041,0.859071],[-75.657405,0.868901],[-75.647515,0.877513],[-75.643038,0.878508],[-75.62982,0.871398],[-75.615428,0.865389],[-75.612273,0.859598],[-75.613288,0.852082],[-75.612265,0.844272],[-75.607117,0.837371],[-75.597281,0.83576],[-75.580608,0.834692],[-75.5656,0.829792],[-75.555587,0.829658],[-75.550573,0.831861],[-75.541996,0.832087],[-75.535936,0.822104],[-75.538347,0.812383],[-75.537243,0.799669],[-75.538498,0.79112],[-75.533983,0.782882],[-75.517813,0.773052],[-75.510117,0.769257],[-75.503025,0.767893],[-75.498046,0.770173],[-75.492165,0.778377],[-75.483264,0.781569],[-75.475265,0.776863],[-75.472999,0.769422],[-75.4726,0.761745],[-75.470291,0.758829],[-75.461415,0.754916],[-75.454218,0.75397],[-75.443268,0.747407],[-75.430155,0.744548],[-75.415049,0.737391],[-75.407957,0.73633],[-75.400851,0.737761],[-75.389704,0.751677],[-75.382312,0.755173],[-75.361729,0.752871],[-75.354849,0.754573],[-75.339313,0.77235],[-75.332974,0.766731],[-75.329498,0.749872],[-75.323159,0.744557],[-75.317123,0.7438],[-75.30641,0.746081],[-75.301732,0.743196],[-75.301126,0.733779],[-75.297654,0.728767],[-75.292674,0.726946],[-75.285884,0.727859],[-75.2803,0.726341],[-75.269889,0.727104],[-75.260796,0.719173],[-75.256256,0.705787],[-75.262668,0.686831],[-75.272852,0.674589],[-75.27417,0.665547],[-75.260349,0.653127],[-75.246893,0.650053],[-75.234859,0.650613],[-75.226276,0.645292],[-75.216553,0.627358],[-75.219093,0.617153],[-75.212937,0.607528],[-75.209638,0.592337],[-75.215912,0.583427],[-75.224415,0.582549],[-75.233567,0.577995],[-75.235434,0.573582],[-75.233737,0.56119],[-75.227993,0.542644],[-75.210985,0.516301],[-75.19778,0.506082],[-75.199049,0.499372],[-75.205703,0.492114],[-75.21941,0.494409],[-75.222255,0.490852],[-75.219648,0.483252],[-75.206179,0.482314],[-75.192277,0.487483],[-75.18521,0.484829],[-75.17228,0.48526],[-75.158589,0.481612],[-75.151032,0.482867],[-75.143879,0.486685],[-75.128429,0.50385],[-75.117958,0.512433],[-75.105255,0.513635],[-75.097015,0.510716],[-75.094968,0.498367],[-75.096843,0.485827],[-75.10371,0.479819],[-75.104352,0.473281],[-75.093912,0.473559],[-75.079622,0.480006],[-75.071501,0.4856],[-75.059454,0.48468],[-75.048827,0.479151],[-75.043005,0.479069],[-75.032138,0.482756],[-75.027652,0.482041],[-75.01946,0.475681],[-75.008438,0.452525],[-75.004768,0.438869],[-74.987384,0.421891],[-74.983522,0.415479],[-74.981717,0.405013],[-74.98582,0.39874],[-74.999991,0.392836],[-75.010907,0.392557],[-75.016575,0.384944],[-75.006609,0.336628],[-74.997691,0.333192],[-74.982676,0.321643],[-74.979599,0.309878],[-74.985435,0.301638],[-74.996937,0.298377],[-75.00276,0.297954],[-75.009296,0.292884],[-75.011366,0.284352],[-75.003566,0.273182],[-74.994394,0.271397],[-74.980285,0.263118],[-74.96761,0.24646],[-74.95993,0.241527],[-74.944055,0.241868],[-74.937254,0.247382],[-74.927273,0.251016],[-74.90354,0.252464],[-74.891352,0.248173],[-74.881755,0.242618],[-74.863886,0.223797],[-74.846376,0.214871],[-74.82818,0.213326],[-74.813553,0.216944],[-74.786529,0.209174],[-74.767481,0.212819],[-74.751448,0.212124],[-74.725936,0.206923],[-74.710586,0.197387],[-74.702531,0.18386],[-74.684669,0.168608],[-74.676788,0.159332],[-74.674653,0.137612],[-74.671778,0.12365],[-74.671982,0.108521],[-74.674533,0.097477],[-74.681244,0.090294],[-74.68923,0.087257],[-74.695918,0.08851],[-74.702558,0.094974],[-74.708737,0.098445],[-74.712387,0.091534],[-74.703631,0.082387],[-74.697586,0.078881],[-74.691757,0.078772],[-74.678676,0.082771],[-74.666822,0.081798],[-74.657808,0.078068],[-74.654514,0.072025],[-74.657783,0.058421],[-74.664415,0.050934],[-74.672497,0.047581],[-74.681573,0.041572],[-74.697345,0.045122],[-74.703004,0.044692],[-74.703903,0.037881],[-74.698783,0.029848],[-74.691385,0.021034],[-74.678557,0.015048],[-74.671497,0.00783],[-74.670088,0.003919],[-74.655751,-0.011203],[-74.655614,-0.028106],[-74.659952,-0.037815],[-74.667854,-0.042276],[-74.679363,-0.046146],[-74.681668,-0.050249],[-74.680724,-0.05757],[-74.673142,-0.061852],[-74.652827,-0.041703],[-74.644859,-0.037907],[-74.627851,-0.046054],[-74.618582,-0.053092],[-74.615492,-0.060645],[-74.619426,-0.07565],[-74.631641,-0.082195],[-74.632885,-0.087781],[-74.62736,-0.090187],[-74.598464,-0.098554],[-74.589318,-0.105084],[-74.575772,-0.111766],[-74.54256,-0.119829],[-74.530387,-0.126889],[-74.525557,-0.124939],[-74.523315,-0.118085],[-74.525449,-0.111387],[-74.534488,-0.101451],[-74.534805,-0.094555],[-74.527617,-0.087888],[-74.516347,-0.08898],[-74.508012,-0.099985],[-74.50503,-0.108533],[-74.508886,-0.121851],[-74.508032,-0.12931],[-74.504255,-0.134631],[-74.496099,-0.138152],[-74.485189,-0.138615],[-74.479063,-0.136207],[-74.468566,-0.120749],[-74.462476,-0.108676],[-74.462062,-0.084433],[-74.459727,-0.07663],[-74.454219,-0.071339],[-74.448215,-0.071202],[-74.441093,-0.07395],[-74.428706,-0.086112],[-74.4237,-0.094144],[-74.422459,-0.103761],[-74.424477,-0.110831],[-74.431456,-0.118456],[-74.446062,-0.128626],[-74.448976,-0.132935],[-74.448619,-0.138756],[-74.443723,-0.140118],[-74.427436,-0.131973],[-74.406923,-0.117294],[-74.4004,-0.11489],[-74.368814,-0.111457],[-74.356984,-0.106882],[-74.348618,-0.107059],[-74.333194,-0.114209],[-74.326763,-0.11927],[-74.316286,-0.136005],[-74.305468,-0.146603],[-74.296177,-0.147691],[-74.280855,-0.139951],[-74.274057,-0.138751],[-74.264853,-0.145269],[-74.26304,-0.156999],[-74.267008,-0.161756],[-74.282591,-0.172922],[-74.289109,-0.185131],[-74.289294,-0.19534],[-74.287976,-0.202497],[-74.276648,-0.207897],[-74.266785,-0.217248],[-74.248839,-0.22465],[-74.240862,-0.234671],[-74.233728,-0.237864],[-74.225917,-0.237852],[-74.221204,-0.230554],[-74.21917,-0.213245],[-74.215363,-0.209363],[-74.207638,-0.208162],[-74.20086,-0.20931],[-74.194073,-0.216414],[-74.189977,-0.22535],[-74.189854,-0.233453],[-74.187645,-0.246182],[-74.188152,-0.257677],[-74.180552,-0.264705],[-74.172039,-0.266988],[-74.163947,-0.267236],[-74.154894,-0.26135],[-74.151315,-0.249244],[-74.146234,-0.241438],[-74.133728,-0.234007],[-74.118958,-0.231681],[-74.113093,-0.234951],[-74.106333,-0.24184],[-74.093422,-0.260003],[-74.087887,-0.27289],[-74.083605,-0.278575],[-74.076596,-0.281797],[-74.069987,-0.28123],[-74.050234,-0.271415],[-74.043873,-0.273049],[-74.039864,-0.282322],[-74.040267,-0.298894],[-74.038895,-0.306694],[-74.026451,-0.315512],[-74.021928,-0.320544],[-74.018194,-0.330578],[-74.013536,-0.337209],[-74.005403,-0.342066],[-73.98507,-0.34771],[-73.966437,-0.349442],[-73.947894,-0.353223],[-73.928174,-0.359393],[-73.896934,-0.366316],[-73.882786,-0.368841],[-73.872558,-0.373303],[-73.856436,-0.383821],[-73.841302,-0.397984],[-73.824147,-0.409002],[-73.812815,-0.411668],[-73.801655,-0.411241],[-73.79007,-0.408999],[-73.769217,-0.409509],[-73.762893,-0.408655],[-73.753085,-0.403776],[-73.738921,-0.385656],[-73.731366,-0.38085],[-73.716617,-0.380702],[-73.708362,-0.38552],[-73.696016,-0.404692],[-73.690825,-0.414154],[-73.674801,-0.422563],[-73.662919,-0.421945],[-73.646203,-0.414698],[-73.640302,-0.417662],[-73.635148,-0.429358],[-73.636471,-0.435038],[-73.653106,-0.451373],[-73.651442,-0.457859],[-73.647766,-0.458178],[-73.639335,-0.451864],[-73.632467,-0.450867],[-73.62426,-0.447344],[-73.616545,-0.44199],[-73.603562,-0.438871],[-73.591717,-0.441445],[-73.582586,-0.447533],[-73.578721,-0.457148],[-73.578398,-0.475771],[-73.577455,-0.48327],[-73.568397,-0.495659],[-73.568529,-0.504482],[-73.57197,-0.514131],[-73.567546,-0.518192],[-73.561851,-0.519285],[-73.553189,-0.516964],[-73.543896,-0.51037],[-73.539801,-0.495324],[-73.537237,-0.490008],[-73.530003,-0.490239],[-73.526677,-0.507058],[-73.522118,-0.516047],[-73.514456,-0.523437],[-73.505399,-0.52669],[-73.487514,-0.529018],[-73.470666,-0.521882],[-73.456988,-0.518184],[-73.447396,-0.513852],[-73.437102,-0.511621],[-73.419166,-0.51393],[-73.402847,-0.522532],[-73.39646,-0.53095],[-73.389335,-0.533903],[-73.380462,-0.535114],[-73.374838,-0.532873],[-73.361468,-0.518756],[-73.352091,-0.511708],[-73.336257,-0.505591],[-73.329742,-0.506638],[-73.322645,-0.523547],[-73.314267,-0.531587],[-73.298629,-0.541137],[-73.276521,-0.547137],[-73.267778,-0.553648],[-73.260307,-0.561349],[-73.256364,-0.577511],[-73.252594,-0.582978],[-73.24008,-0.586454],[-73.227373,-0.599993],[-73.21865,-0.607561],[-73.21176,-0.621508],[-73.208411,-0.62552],[-73.202428,-0.627121],[-73.19186,-0.626624],[-73.163349,-0.622189],[-73.143328,-0.610487],[-73.134602,-0.607627],[-73.123176,-0.605627],[-73.110108,-0.605504],[-73.098339,-0.611756],[-73.088995,-0.621268],[-73.083541,-0.623594],[-73.075301,-0.62364],[-73.071696,-0.618148],[-73.071321,-0.602725],[-73.069464,-0.593258],[-73.060144,-0.575876],[-73.057493,-0.559828],[-73.055344,-0.552963],[-73.050249,-0.543861],[-73.044211,-0.536102],[-73.024859,-0.528792],[-73.014162,-0.52811],[-72.997885,-0.532649],[-72.986552,-0.538672],[-72.972144,-0.548925],[-72.955519,-0.565354],[-72.948839,-0.576407],[-72.944991,-0.586725],[-72.942884,-0.596446],[-72.936145,-0.606723],[-72.931876,-0.610464],[-72.92057,-0.616169],[-72.906901,-0.617633],[-72.87517,-0.618535],[-72.862211,-0.616146],[-72.852186,-0.611667],[-72.836262,-0.601036],[-72.830325,-0.598018],[-72.8247,-0.598136],[-72.815528,-0.600947],[-72.810696,-0.597737],[-72.806341,-0.586085],[-72.799893,-0.579993],[-72.788462,-0.576254],[-72.775698,-0.579658],[-72.768702,-0.568552],[-72.759152,-0.559103],[-72.753248,-0.556031],[-72.745537,-0.560344],[-72.743868,-0.577165],[-72.741465,-0.58077],[-72.733396,-0.585576],[-72.727172,-0.584676],[-72.722193,-0.588795],[-72.714297,-0.59034],[-72.701488,-0.605263],[-72.693676,-0.611513],[-72.68358,-0.6159],[-72.676577,-0.617484],[-72.676073,-0.633768],[-72.663995,-0.642362],[-72.6406,-0.656909],[-72.622373,-0.669501],[-72.603117,-0.686665],[-72.591335,-0.692864],[-72.562761,-0.706427],[-72.556383,-0.70656],[-72.54228,-0.687037],[-72.534499,-0.672785],[-72.526774,-0.665723],[-72.514798,-0.660157],[-72.495076,-0.631453],[-72.478218,-0.617216],[-72.467421,-0.601447],[-72.445902,-0.580797],[-72.433581,-0.565254],[-72.421722,-0.562645],[-72.415972,-0.562751],[-72.408055,-0.568262],[-72.405689,-0.573912],[-72.403804,-0.58539],[-72.408308,-0.592247],[-72.409211,-0.598552],[-72.405548,-0.603869],[-72.395867,-0.613998],[-72.372184,-0.623574],[-72.358203,-0.635368],[-72.352164,-0.639091],[-72.329873,-0.644439],[-72.310549,-0.63747],[-72.300635,-0.635283],[-72.272621,-0.625481],[-72.262853,-0.624168],[-72.253624,-0.615925],[-72.249144,-0.616032],[-72.241914,-0.610967],[-72.234974,-0.59505],[-72.230284,-0.590285],[-72.229743,-0.584162],[-72.237601,-0.569037],[-72.242665,-0.556726],[-72.243011,-0.538085],[-72.240214,-0.530699],[-72.236195,-0.525776],[-72.234971,-0.519269],[-72.235492,-0.49887],[-72.230774,-0.48955],[-72.211907,-0.484981],[-72.19793,-0.474431],[-72.193911,-0.470387],[-72.193211,-0.460012],[-72.188667,-0.450868],[-72.183775,-0.446472],[-72.175738,-0.435218],[-72.165604,-0.418688],[-72.158089,-0.392134],[-72.157912,-0.373844],[-72.153194,-0.363117],[-72.142886,-0.354677],[-72.131355,-0.342719],[-72.115283,-0.334631],[-72.10218,-0.331819],[-72.087681,-0.333051],[-72.081741,-0.331997],[-72.066717,-0.320567],[-72.059553,-0.307553],[-72.052389,-0.288208],[-72.047497,-0.278536],[-72.038412,-0.267457],[-72.028629,-0.264644],[-72.003473,-0.267987],[-71.977967,-0.268869],[-71.955256,-0.270629],[-71.943901,-0.270102],[-71.921714,-0.26729],[-71.890443,-0.268523],[-71.858123,-0.269229],[-71.846243,-0.271868],[-71.828598,-0.272045],[-71.824405,-0.271165],[-71.810254,-0.264659],[-71.778807,-0.263254],[-71.766227,-0.253581],[-71.749979,-0.251471],[-71.729882,-0.234518],[-71.717308,-0.22509],[-71.716259,-0.218055],[-71.717132,-0.202225],[-71.722373,-0.189034],[-71.724993,-0.176018],[-71.731981,-0.159837],[-71.731806,-0.140666],[-71.720818,-0.116118],[-71.720341,-0.101177],[-71.705341,-0.089524],[-71.698875,-0.079231],[-71.687671,-0.069],[-71.664693,-0.05976],[-71.650073,-0.050883],[-71.641206,-0.046982],[-71.62906,-0.036077],[-71.618127,-0.016216],[-71.596764,-0.006403],[-71.586601,-0.00379],[-71.576568,-0.002598],[-71.568862,-0.00324],[-71.541006,-0.000718],[-71.517485,0.0046],[-71.49651,0.01143],[-71.485982,0.016793],[-71.464733,0.020324],[-71.442897,0.020462],[-71.418643,0.023304],[-71.397677,0.030776],[-71.381402,0.039715],[-71.369318,0.047967],[-71.361154,0.063867],[-71.341652,0.076571],[-71.331215,0.092569],[-71.322697,0.111757]]]},"properties":{"shapeName":"Caquetá"}},{"type":"Feature","geometry":{"type":"Polygon","coordinates":[[[-74.415983,3.740727],[-74.423887,3.741492],[-74.435417,3.737557],[-74.442177,3.730462],[-74.441472,3.728441],[-74.447537,3.725614],[-74.454118,3.728224],[-74.45726,3.73463],[-74.456861,3.745922],[-74.461178,3.760285],[-74.459867,3.774103],[-74.451595,3.787858],[-74.447449,3.802855],[-74.451071,3.810429],[-74.458405,3.817149],[-74.479717,3.825029],[-74.491371,3.825368],[-74.512671,3.82439],[-74.523326,3.827043],[-74.527866,3.829727],[-74.532168,3.839983],[-74.53943,3.844847],[-74.537311,3.833256],[-74.535228,3.830894],[-74.537827,3.816028],[-74.544358,3.81187],[-74.545877,3.792957],[-74.553881,3.784153],[-74.553387,3.779234],[-74.55666,3.768228],[-74.566036,3.75861],[-74.573013,3.75397],[-74.577161,3.746397],[-74.58443,3.742839],[-74.586431,3.734274],[-74.592552,3.725558],[-74.604817,3.720996],[-74.614779,3.712231],[-74.624413,3.69913],[-74.629605,3.69933],[-74.63304,3.693222],[-74.647564,3.684596],[-74.655913,3.683674],[-74.661282,3.677915],[-74.661839,3.674099],[-74.674212,3.670823],[-74.677026,3.664128],[-74.686908,3.653532],[-74.692448,3.643949],[-74.698039,3.639658],[-74.699719,3.618686],[-74.708461,3.611078],[-74.716668,3.614145],[-74.721476,3.611838],[-74.728235,3.600442],[-74.738111,3.590436],[-74.738682,3.582875],[-74.735521,3.577256],[-74.732507,3.566297],[-74.725887,3.562579],[-74.727682,3.554212],[-74.732889,3.546802],[-74.734568,3.54072],[-74.739164,3.533382],[-74.748986,3.528458],[-74.757524,3.532386],[-74.764391,3.531617],[-74.77256,3.526071],[-74.77606,3.514691],[-74.780629,3.50536],[-74.782507,3.49816],[-74.780522,3.479643],[-74.774152,3.466594],[-74.765761,3.459659],[-74.762502,3.454357],[-74.764337,3.444204],[-74.767803,3.439575],[-74.802961,3.416165],[-74.815531,3.405549],[-74.816785,3.401948],[-74.814801,3.393433],[-74.825374,3.387254],[-74.827169,3.379327],[-74.834554,3.366893],[-74.839313,3.360803],[-74.845767,3.356238],[-74.849332,3.341528],[-74.86332,3.332939],[-74.864437,3.330104],[-74.872427,3.326525],[-74.886662,3.30971],[-74.907807,3.290017],[-74.916085,3.288995],[-74.929153,3.283238],[-74.935254,3.28436],[-74.94328,3.281382],[-74.954751,3.279997],[-74.965992,3.281099],[-74.970558,3.283373],[-74.981527,3.284536],[-74.9886,3.283299],[-74.993579,3.278623],[-75.003863,3.277799],[-75.006035,3.281263],[-75.01456,3.287754],[-75.021891,3.288309],[-75.03899,3.286668],[-75.051868,3.287487],[-75.062255,3.292294],[-75.069556,3.293989],[-75.074134,3.298941],[-75.072065,3.303177],[-75.064772,3.310769],[-75.058964,3.314471],[-75.059495,3.324123],[-75.056895,3.333672],[-75.058474,3.34647],[-75.061408,3.357797],[-75.057974,3.368816],[-75.058508,3.38109],[-75.053502,3.385396],[-75.041077,3.383101],[-75.035753,3.383735],[-75.03409,3.390766],[-75.037748,3.395169],[-75.035457,3.400941],[-75.042876,3.407963],[-75.043094,3.417719],[-75.040176,3.422443],[-75.040239,3.427689],[-75.046828,3.429961],[-75.060962,3.431947],[-75.066931,3.43074],[-75.094995,3.430911],[-75.116325,3.432771],[-75.129998,3.429997],[-75.145337,3.435703],[-75.152698,3.429668],[-75.149326,3.420776],[-75.154141,3.417246],[-75.157162,3.411752],[-75.161641,3.410639],[-75.170532,3.412151],[-75.1751,3.410435],[-75.176541,3.403711],[-75.173698,3.397929],[-75.172506,3.387279],[-75.181859,3.382486],[-75.198177,3.384418],[-75.200848,3.39158],[-75.195695,3.395264],[-75.201367,3.402763],[-75.199637,3.408526],[-75.20362,3.410578],[-75.209922,3.408881],[-75.214331,3.413693],[-75.22097,3.411992],[-75.227399,3.41469],[-75.240817,3.405595],[-75.245772,3.395522],[-75.245729,3.382542],[-75.251375,3.374245],[-75.255806,3.371312],[-75.258286,3.376236],[-75.266539,3.381003],[-75.277305,3.383783],[-75.282424,3.388499],[-75.2895,3.3911],[-75.304894,3.401031],[-75.310322,3.41136],[-75.319962,3.419556],[-75.323473,3.412776],[-75.324339,3.40429],[-75.333448,3.399475],[-75.346977,3.405994],[-75.35286,3.403767],[-75.361945,3.409405],[-75.36809,3.407277],[-75.371629,3.399558],[-75.373431,3.389757],[-75.377739,3.380571],[-75.378165,3.373581],[-75.394604,3.377608],[-75.415853,3.36725],[-75.428827,3.352701],[-75.441918,3.347085],[-75.443337,3.354698],[-75.448758,3.357009],[-75.453026,3.355168],[-75.463749,3.354984],[-75.470357,3.359919],[-75.478439,3.361052],[-75.486166,3.349471],[-75.48767,3.34118],[-75.485831,3.331819],[-75.488925,3.326368],[-75.498171,3.32241],[-75.510502,3.327516],[-75.516309,3.32686],[-75.526605,3.319148],[-75.521651,3.310904],[-75.521341,3.301381],[-75.530142,3.29029],[-75.534483,3.281465],[-75.53903,3.278659],[-75.544274,3.271897],[-75.548156,3.260379],[-75.547866,3.257092],[-75.555584,3.25463],[-75.559481,3.248301],[-75.568507,3.241221],[-75.572509,3.231433],[-75.576766,3.224799],[-75.573361,3.219352],[-75.572866,3.210513],[-75.575602,3.206747],[-75.573123,3.201819],[-75.578298,3.193992],[-75.578083,3.185204],[-75.58499,3.175749],[-75.582519,3.170266],[-75.588482,3.156089],[-75.582612,3.147382],[-75.577087,3.144208],[-75.582262,3.135867],[-75.584547,3.121831],[-75.590734,3.115823],[-75.600727,3.114931],[-75.605871,3.102567],[-75.613173,3.091803],[-75.622143,3.075432],[-75.6178,3.062404],[-75.60388,3.055563],[-75.600549,3.051774],[-75.60206,3.039077],[-75.60955,3.034516],[-75.610651,3.028473],[-75.616876,3.02107],[-75.621984,3.008833],[-75.627108,3.008816],[-75.634198,2.995015],[-75.647285,2.996264],[-75.653293,2.991327],[-75.661431,2.987817],[-75.684453,2.989304],[-75.690342,2.991981],[-75.69704,2.985005],[-75.699197,2.975173],[-75.702712,2.969974],[-75.71067,2.964222],[-75.72084,2.961632],[-75.724549,2.957052],[-75.728772,2.956776],[-75.732785,2.952473],[-75.735913,2.954409],[-75.745751,2.952686],[-75.748024,2.947679],[-75.760666,2.942105],[-75.765123,2.933821],[-75.767062,2.924292],[-75.763682,2.917808],[-75.765773,2.914791],[-75.780294,2.911218],[-75.783069,2.905127],[-75.788254,2.902779],[-75.790224,2.898515],[-75.8034,2.885403],[-75.817314,2.884243],[-75.825015,2.872093],[-75.835245,2.873029],[-75.843959,2.870708],[-75.856053,2.870943],[-75.864115,2.8776],[-75.869552,2.877495],[-75.876164,2.886606],[-75.881245,2.888747],[-75.88347,2.896856],[-75.892885,2.897048],[-75.899978,2.895223],[-75.90755,2.901187],[-75.908232,2.908895],[-75.918596,2.912726],[-75.925823,2.913959],[-75.926138,2.921219],[-75.933203,2.922168],[-75.935953,2.920034],[-75.942007,2.922007],[-75.948639,2.917001],[-75.954974,2.918238],[-75.957171,2.923596],[-75.955369,2.929943],[-75.959058,2.936328],[-75.963056,2.936398],[-75.96496,2.944131],[-75.96969,2.944331],[-75.974655,2.947737],[-75.981588,2.956469],[-75.980319,2.960208],[-75.984683,2.977107],[-75.988756,2.982369],[-76.012324,2.978531],[-76.022326,2.973196],[-76.025765,2.968695],[-76.025362,2.956189],[-76.029161,2.950439],[-76.029241,2.940777],[-76.024518,2.932032],[-76.016745,2.922496],[-76.00792,2.915313],[-76.001628,2.914056],[-75.997273,2.905226],[-75.982384,2.892172],[-75.978462,2.887713],[-75.963041,2.874013],[-75.957495,2.872654],[-75.949233,2.865852],[-75.936924,2.851755],[-75.913447,2.833875],[-75.858708,2.787281],[-75.846476,2.783827],[-75.831,2.78414],[-75.818167,2.777665],[-75.810524,2.767784],[-75.803386,2.767399],[-75.794132,2.761951],[-75.777904,2.758817],[-75.771545,2.754529],[-75.759303,2.749526],[-75.753396,2.742919],[-75.752654,2.731525],[-75.747505,2.718989],[-75.752858,2.71386],[-75.754927,2.698659],[-75.75745,2.692953],[-75.756646,2.686315],[-75.75839,2.681975],[-75.771722,2.675609],[-75.774445,2.668712],[-75.780212,2.66021],[-75.786803,2.656992],[-75.790402,2.650388],[-75.789953,2.636821],[-75.791773,2.630793],[-75.800284,2.6218],[-75.810861,2.599567],[-75.814686,2.595802],[-75.821207,2.593721],[-75.824142,2.59036],[-75.825624,2.579652],[-75.829452,2.572775],[-75.837689,2.56675],[-75.838752,2.558659],[-75.834789,2.55305],[-75.8343,2.54572],[-75.836535,2.538813],[-75.826997,2.530592],[-75.820392,2.519763],[-75.81931,2.511983],[-75.821231,2.506511],[-75.82228,2.495046],[-75.814163,2.483834],[-75.820399,2.483619],[-75.833628,2.471614],[-75.838273,2.469367],[-75.839688,2.461159],[-75.848479,2.454967],[-75.85293,2.453981],[-75.854753,2.44586],[-75.858248,2.443203],[-75.855508,2.436679],[-75.856712,2.432872],[-75.864591,2.427302],[-75.872868,2.427256],[-75.875508,2.430192],[-75.885768,2.428252],[-75.901744,2.441924],[-75.909677,2.446323],[-75.912177,2.453156],[-75.916822,2.456811],[-75.91777,2.463],[-75.916289,2.471357],[-75.924443,2.479635],[-75.931719,2.479898],[-75.937394,2.486957],[-75.95232,2.487553],[-75.958879,2.492171],[-75.962391,2.498676],[-75.976029,2.503124],[-75.979852,2.50173],[-75.985725,2.493149],[-75.98766,2.48406],[-75.994515,2.477404],[-75.999843,2.466517],[-76.012842,2.452692],[-76.018393,2.448634],[-76.021133,2.443275],[-76.023395,2.426171],[-76.02663,2.416706],[-76.030669,2.409947],[-76.0356,2.406974],[-76.040814,2.40065],[-76.048723,2.406301],[-76.055322,2.406211],[-76.060737,2.40934],[-76.072614,2.412608],[-76.078101,2.415431],[-76.089581,2.415883],[-76.094553,2.410188],[-76.103399,2.406656],[-76.105888,2.399162],[-76.114424,2.392976],[-76.121344,2.381901],[-76.12609,2.380246],[-76.14662,2.293411],[-76.121149,2.22478],[-76.133614,2.222313],[-76.139385,2.210688],[-76.143871,2.204377],[-76.154024,2.198759],[-76.185722,2.197148],[-76.194747,2.195463],[-76.206897,2.198175],[-76.21361,2.204834],[-76.219721,2.20804],[-76.227608,2.221009],[-76.233367,2.224278],[-76.242562,2.232351],[-76.248053,2.24036],[-76.251468,2.248013],[-76.257584,2.252158],[-76.274705,2.269347],[-76.27642,2.274747],[-76.282581,2.275962],[-76.28883,2.274263],[-76.302902,2.283675],[-76.308293,2.281299],[-76.323279,2.281116],[-76.333238,2.277735],[-76.343787,2.272115],[-76.360565,2.270691],[-76.36393,2.277788],[-76.373767,2.279089],[-76.3813,2.271169],[-76.388914,2.253686],[-76.38973,2.241662],[-76.39628,2.227523],[-76.403162,2.204733],[-76.40701,2.197545],[-76.411414,2.194868],[-76.432962,2.189581],[-76.43574,2.181614],[-76.432658,2.169996],[-76.437197,2.16087],[-76.436699,2.155123],[-76.433295,2.149394],[-76.427023,2.133301],[-76.428057,2.125522],[-76.432012,2.119992],[-76.450762,2.115001],[-76.462155,2.103155],[-76.466648,2.101061],[-76.471664,2.102618],[-76.48449,2.123124],[-76.492968,2.127111],[-76.501436,2.124141],[-76.507846,2.132654],[-76.513209,2.134559],[-76.528418,2.130882],[-76.551771,2.138497],[-76.558851,2.133442],[-76.572315,2.120201],[-76.58492,2.110266],[-76.590155,2.098521],[-76.589035,2.08904],[-76.578808,2.07149],[-76.576378,2.06558],[-76.577228,2.056186],[-76.57964,2.051312],[-76.586379,2.048693],[-76.586451,2.036984],[-76.575458,2.029925],[-76.57268,2.022103],[-76.579567,2.003482],[-76.586268,2.000627],[-76.593186,1.999843],[-76.602212,1.995023],[-76.61201,1.992853],[-76.619604,1.978706],[-76.624259,1.973848],[-76.623121,1.965084],[-76.620026,1.9561],[-76.612323,1.94567],[-76.61922,1.930963],[-76.616055,1.923543],[-76.606141,1.923635],[-76.59806,1.917846],[-76.586899,1.907807],[-76.583796,1.890241],[-76.58785,1.880235],[-76.586012,1.872086],[-76.57902,1.864676],[-76.575387,1.864208],[-76.569819,1.858747],[-76.558413,1.841706],[-76.548475,1.836517],[-76.53596,1.834291],[-76.511298,1.833913],[-76.47142,1.820285],[-76.464136,1.812404],[-76.452175,1.806393],[-76.432908,1.792033],[-76.425918,1.780919],[-76.422242,1.768695],[-76.420568,1.755498],[-76.424827,1.744251],[-76.424098,1.723139],[-76.419314,1.721656],[-76.410111,1.724616],[-76.39612,1.736092],[-76.385811,1.743496],[-76.37992,1.74942],[-76.374031,1.749418],[-76.369616,1.74349],[-76.368885,1.731267],[-76.381042,1.701642],[-76.385468,1.674976],[-76.383631,1.664605],[-76.378479,1.66201],[-76.360812,1.663115],[-76.336521,1.663106],[-76.326214,1.666065],[-76.314432,1.676801],[-76.304492,1.684575],[-76.29897,1.686425],[-76.286683,1.686125],[-76.281126,1.683183],[-76.27835,1.670399],[-76.266527,1.658235],[-76.253166,1.657244],[-76.225736,1.667505],[-76.213593,1.662685],[-76.211513,1.644805],[-76.214227,1.621941],[-76.209941,1.614374],[-76.212143,1.611204],[-76.208099,1.600091],[-76.198187,1.58304],[-76.198539,1.580088],[-76.189564,1.573025],[-76.184344,1.573755],[-76.171733,1.585557],[-76.168259,1.587223],[-76.157289,1.584703],[-76.146488,1.577941],[-76.138865,1.575009],[-76.133908,1.570796],[-76.123636,1.556547],[-76.120304,1.555473],[-76.110157,1.55703],[-76.099605,1.565863],[-76.083956,1.574043],[-76.074325,1.576852],[-76.0563,1.57604],[-76.047768,1.571837],[-76.030833,1.582145],[-76.016381,1.595736],[-76.007367,1.606829],[-76.001616,1.615735],[-75.991351,1.640269],[-75.985288,1.651207],[-75.981247,1.65605],[-75.972546,1.661828],[-75.955767,1.66854],[-75.945977,1.676505],[-75.938206,1.68666],[-75.90728,1.714775],[-75.901064,1.718835],[-75.894074,1.720706],[-75.886619,1.720389],[-75.874817,1.715537],[-75.86845,1.714126],[-75.862392,1.715216],[-75.850738,1.722711],[-75.846385,1.729585],[-75.828668,1.745202],[-75.819911,1.749291],[-75.796742,1.753812],[-75.787656,1.757053],[-75.766524,1.76732],[-75.739177,1.78515],[-75.732958,1.793898],[-75.729205,1.816273],[-75.713047,1.833892],[-75.710554,1.844518],[-75.702944,1.861563],[-75.693172,1.869217],[-75.689406,1.875133],[-75.659565,1.899489],[-75.653346,1.90761],[-75.648363,1.922609],[-75.643999,1.940109],[-75.637775,1.953231],[-75.622839,1.981349],[-75.611643,1.996341],[-75.591123,2.014451],[-75.582411,2.02882],[-75.576803,2.046318],[-75.557681,2.053639],[-75.552895,2.062355],[-75.553059,2.071845],[-75.551418,2.081277],[-75.546804,2.087951],[-75.529627,2.120998],[-75.515942,2.121699],[-75.506023,2.124806],[-75.495764,2.129979],[-75.482856,2.134627],[-75.475925,2.13516],[-75.460533,2.140681],[-75.450273,2.145509],[-75.442752,2.152745],[-75.43421,2.166177],[-75.427381,2.181328],[-75.422597,2.188905],[-75.424317,2.198541],[-75.434938,2.213677],[-75.437001,2.225378],[-75.417767,2.238299],[-75.409108,2.249185],[-75.409315,2.258448],[-75.401803,2.275322],[-75.39326,2.288066],[-75.38957,2.296749],[-75.38849,2.310444],[-75.385072,2.314922],[-75.375492,2.316996],[-75.365226,2.317006],[-75.353593,2.319426],[-75.344702,2.326318],[-75.337996,2.341533],[-75.335485,2.351111],[-75.332069,2.357654],[-75.318721,2.356289],[-75.30709,2.361463],[-75.301286,2.376958],[-75.290007,2.393491],[-75.282838,2.413463],[-75.275999,2.42001],[-75.265052,2.425527],[-75.253082,2.434487],[-75.246244,2.442411],[-75.243513,2.450675],[-75.235125,2.469608],[-75.22574,2.478229],[-75.222323,2.485461],[-75.222677,2.498542],[-75.228506,2.510929],[-75.228509,2.514716],[-75.201128,2.51474],[-75.18367,2.512689],[-75.176486,2.516827],[-75.175345,2.524092],[-75.179071,2.527197],[-75.17963,2.531977],[-75.16895,2.552148],[-75.156915,2.5618],[-75.147679,2.575086],[-75.139836,2.584423],[-75.135681,2.593398],[-75.134657,2.602656],[-75.143092,2.615357],[-75.150864,2.621423],[-75.149063,2.628152],[-75.15494,2.64218],[-75.153044,2.652795],[-75.146315,2.662842],[-75.141386,2.667012],[-75.134183,2.687675],[-75.134278,2.69431],[-75.152381,2.702935],[-75.152665,2.710233],[-75.146315,2.722839],[-75.13987,2.725872],[-75.127074,2.729284],[-75.112164,2.72775],[-75.095034,2.727405],[-75.087184,2.728847],[-75.080764,2.732083],[-75.064359,2.745733],[-75.055979,2.753635],[-75.038409,2.780981],[-75.015837,2.81095],[-75.002161,2.835059],[-74.990189,2.850216],[-74.978215,2.862275],[-74.971029,2.867444],[-74.952552,2.883639],[-74.94164,2.895494],[-74.933928,2.906682],[-74.925861,2.914709],[-74.918001,2.925666],[-74.902603,2.940137],[-74.891656,2.963674],[-74.878315,2.974237],[-74.86805,2.985605],[-74.852991,2.996289],[-74.841015,3.009724],[-74.826649,3.034177],[-74.819808,3.047264],[-74.810224,3.054501],[-74.792078,3.061398],[-74.787633,3.07173],[-74.789355,3.086877],[-74.783535,3.088602],[-74.774972,3.088263],[-74.764701,3.09309],[-74.75854,3.098947],[-74.754439,3.111688],[-74.740407,3.128738],[-74.725003,3.140798],[-74.721587,3.155948],[-74.715088,3.169379],[-74.715093,3.178675],[-74.713382,3.181086],[-74.693859,3.181098],[-74.682821,3.186052],[-74.670237,3.200736],[-74.665454,3.223117],[-74.660666,3.235514],[-74.650058,3.254112],[-74.634655,3.274089],[-74.623698,3.283391],[-74.623016,3.2889],[-74.630214,3.29647],[-74.628509,3.311275],[-74.61995,3.319887],[-74.6155,3.326087],[-74.615504,3.332628],[-74.620304,3.340888],[-74.635042,3.353618],[-74.637443,3.35947],[-74.637447,3.365667],[-74.633342,3.376342],[-74.626154,3.388052],[-74.620679,3.399761],[-74.613491,3.411126],[-74.612809,3.415602],[-74.615212,3.425069],[-74.611108,3.438154],[-74.613512,3.448825],[-74.61797,3.456053],[-74.632021,3.46293],[-74.634423,3.469126],[-74.625861,3.474984],[-74.616959,3.485662],[-74.602925,3.50977],[-74.592995,3.521826],[-74.584775,3.527683],[-74.571068,3.524936],[-74.561817,3.525629],[-74.553941,3.534585],[-74.546066,3.545951],[-74.535107,3.55835],[-74.528607,3.5797],[-74.517995,3.600018],[-74.51218,3.623432],[-74.502593,3.640651],[-74.493002,3.647886],[-74.482384,3.661662],[-74.467651,3.667522],[-74.462856,3.674754],[-74.460461,3.682674],[-74.454638,3.688874],[-74.437506,3.698177],[-74.429284,3.705754],[-74.419008,3.720391],[-74.412844,3.73382],[-74.415983,3.740727]]]},"properties":{"shapeName":"Huila"}},{"type":"Feature","geometry":{"type":"MultiPolygon","coordinates":[[[[-81.733171,12.537655],[-81.735652,12.530622],[-81.72883,12.522908],[-81.730233,12.511414],[-81.729278,12.507269],[-81.734601,12.497317],[-81.735485,12.491762],[-81.733036,12.48235],[-81.727717,12.481093],[-81.723296,12.488443],[-81.715536,12.504577],[-81.712708,12.524401],[-81.706841,12.531404],[-81.70766,12.540837],[-81.703367,12.545008],[-81.704556,12.549651],[-81.70247,12.567958],[-81.702922,12.575373],[-81.697603,12.579126],[-81.688293,12.582757],[-81.698225,12.587],[-81.704456,12.594938],[-81.708248,12.59354],[-81.718873,12.583319],[-81.72263,12.578074],[-81.723003,12.567432],[-81.731274,12.558203],[-81.731192,12.545972],[-81.733171,12.537655]]],[[[-81.394116,13.343755],[-81.39103,13.33207],[-81.392435,13.326517],[-81.389969,13.321414],[-81.376701,13.323934],[-81.368417,13.332222],[-81.360576,13.333727],[-81.355308,13.344667],[-81.356488,13.353478],[-81.349561,13.356986],[-81.353713,13.361808],[-81.358123,13.371505],[-81.354218,13.376552],[-81.361835,13.379062],[-81.364399,13.385847],[-81.369998,13.381063],[-81.369899,13.374689],[-81.373482,13.369908],[-81.381315,13.371912],[-81.38453,13.370489],[-81.392118,13.359089],[-81.394116,13.343755]]],[[[-81.376372,13.381507],[-81.369425,13.385509],[-81.373606,13.393786],[-81.379459,13.390771],[-81.380239,13.385616],[-81.376372,13.381507]]]]},"properties":{"shapeName":"Archipiélago de San Andrés, Providencia y Santa Catalina"}}]}