{"type":"FeatureCollection","features":[{"type":"Feature","geometry":{"type":"Polygon","coordinates":[[[-77.695958,-5.411053],[-77.698798,-5.406638],[-77.698401,-5.396331],[-77.702759,-5.384878],[-77.702787,-5.380688],[-77.696227,-5.373441],[-77.691863,-5.362668],[-77.68805,-5.346352],[-77.682066,-5.338396],[-77.684535,-5.322434],[-77.684828,-5.310663],[-77.686199,-5.302467],[-77.684148,-5.295881],[-77.692747,-5.283589],[-77.69308,-5.267685],[-77.69909,-5.253976],[-77.703555,-5.250766],[-77.703909,-5.246748],[-77.709832,-5.23974],[-77.723016,-5.234566],[-77.732215,-5.22589],[-77.73956,-5.212597],[-77.727537,-5.200898],[-77.713643,-5.196273],[-77.708243,-5.190907],[-77.703434,-5.174775],[-77.697581,-5.170803],[-77.695978,-5.16366],[-77.702217,-5.160809],[-77.706709,-5.156448],[-77.708323,-5.150824],[-77.720856,-5.140455],[-77.727589,-5.140299],[-77.739773,-5.136619],[-77.745285,-5.133018],[-77.755452,-5.122407],[-77.762791,-5.117707],[-77.767568,-5.111589],[-77.768713,-5.103293],[-77.774287,-5.097178],[-77.78412,-5.096829],[-77.791005,-5.09522],[-77.802019,-5.086197],[-77.807477,-5.091703],[-77.81766,-5.09123],[-77.82081,-5.088806],[-77.822277,-5.081793],[-77.817879,-5.063793],[-77.811932,-5.054715],[-77.814916,-5.048026],[-77.813354,-5.041259],[-77.816031,-5.038285],[-77.824843,-5.037541],[-77.82462,-5.031779],[-77.808335,-5.015494],[-77.78923,-4.990469],[-77.786267,-4.98805],[-77.771539,-4.964191],[-77.768177,-4.955934],[-77.75929,-4.951781],[-77.763445,-4.930713],[-77.766932,-4.921219],[-77.765373,-4.916628],[-77.760152,-4.909345],[-77.764569,-4.902559],[-77.771237,-4.896508],[-77.773788,-4.891669],[-77.774803,-4.878219],[-77.780738,-4.870189],[-77.782437,-4.864895],[-77.786693,-4.861884],[-77.787817,-4.856824],[-77.793575,-4.849963],[-77.795295,-4.839234],[-77.791746,-4.833775],[-77.797169,-4.828793],[-77.798971,-4.822213],[-77.795816,-4.818581],[-77.795317,-4.805702],[-77.796453,-4.803213],[-77.795402,-4.793041],[-77.789267,-4.785106],[-77.789845,-4.77547],[-77.794622,-4.763007],[-77.79113,-4.753562],[-77.790492,-4.746668],[-77.783055,-4.732894],[-77.775224,-4.72832],[-77.771879,-4.717559],[-77.759932,-4.707387],[-77.755958,-4.702461],[-77.740195,-4.694454],[-77.731394,-4.68844],[-77.728562,-4.681587],[-77.71597,-4.665088],[-77.705339,-4.65972],[-77.694512,-4.658673],[-77.686502,-4.64635],[-77.671945,-4.629468],[-77.666158,-4.615684],[-77.662615,-4.601052],[-77.662937,-4.593619],[-77.65925,-4.581379],[-77.653121,-4.575987],[-77.655798,-4.572425],[-77.659653,-4.557974],[-77.656633,-4.552073],[-77.649016,-4.546416],[-77.654646,-4.531076],[-77.655457,-4.518545],[-77.652753,-4.515215],[-77.641353,-4.510061],[-77.640631,-4.496516],[-77.617522,-4.49588],[-77.607888,-4.492244],[-77.604547,-4.485811],[-77.591048,-4.482655],[-77.585943,-4.475013],[-77.581002,-4.459541],[-77.579,-4.450314],[-77.575812,-4.443035],[-77.57349,-4.430439],[-77.568275,-4.42092],[-77.568453,-4.417569],[-77.565066,-4.398898],[-77.564879,-4.393552],[-77.568162,-4.388412],[-77.565387,-4.372462],[-77.568033,-4.35049],[-77.570233,-4.34139],[-77.571562,-4.328807],[-77.576705,-4.307939],[-77.579005,-4.301156],[-77.580678,-4.290087],[-77.57956,-4.27618],[-77.582385,-4.270088],[-77.585551,-4.251334],[-77.580603,-4.240713],[-77.576623,-4.224041],[-77.576975,-4.218263],[-77.573643,-4.206159],[-77.567592,-4.179002],[-77.569,-4.169877],[-77.565713,-4.163824],[-77.565588,-4.155445],[-77.561196,-4.144417],[-77.558377,-4.129973],[-77.552836,-4.113949],[-77.549656,-4.109893],[-77.547162,-4.084838],[-77.544519,-4.075198],[-77.541826,-4.050773],[-77.538123,-4.028708],[-77.53908,-4.02167],[-77.538097,-4.00347],[-77.538877,-3.992473],[-77.541229,-3.986378],[-77.539124,-3.974737],[-77.537877,-3.961899],[-77.541773,-3.943334],[-77.545775,-3.934605],[-77.557162,-3.918164],[-77.560879,-3.904016],[-77.567817,-3.896371],[-77.569019,-3.893074],[-77.567376,-3.881252],[-77.562598,-3.875395],[-77.569405,-3.87275],[-77.581916,-3.862816],[-77.598926,-3.841978],[-77.59892,-3.835662],[-77.609236,-3.825242],[-77.623131,-3.822141],[-77.631402,-3.813522],[-77.63574,-3.801259],[-77.644338,-3.788532],[-77.650438,-3.783268],[-77.651822,-3.77901],[-77.647831,-3.772199],[-77.643984,-3.76057],[-77.643206,-3.753062],[-77.639517,-3.747945],[-77.632268,-3.742918],[-77.626052,-3.734964],[-77.625645,-3.728421],[-77.622303,-3.71773],[-77.615623,-3.707719],[-77.618067,-3.703472],[-77.621353,-3.686109],[-77.617783,-3.674725],[-77.621359,-3.664326],[-77.620141,-3.656389],[-77.616717,-3.6524],[-77.620213,-3.648856],[-77.616936,-3.634302],[-77.619967,-3.622408],[-77.621954,-3.620527],[-77.635187,-3.620625],[-77.64301,-3.619346],[-77.648839,-3.610238],[-77.652286,-3.59791],[-77.659338,-3.582436],[-77.663032,-3.576447],[-77.670412,-3.568379],[-77.68984,-3.555693],[-77.699727,-3.552495],[-77.7091,-3.547541],[-77.71646,-3.542305],[-77.717201,-3.537307],[-77.710894,-3.526258],[-77.715131,-3.514854],[-77.720248,-3.509344],[-77.727725,-3.505457],[-77.733685,-3.494644],[-77.745642,-3.482229],[-77.746814,-3.475201],[-77.753012,-3.46241],[-77.760539,-3.459803],[-77.763688,-3.453014],[-77.764266,-3.443525],[-77.767328,-3.440813],[-77.772543,-3.428809],[-77.776479,-3.409131],[-77.77667,-3.385531],[-77.777955,-3.38163],[-77.777627,-3.366866],[-77.77835,-3.359293],[-77.775275,-3.32406],[-77.77985,-3.29158],[-77.779887,-3.272711],[-77.77876,-3.258012],[-77.779277,-3.220554],[-77.777604,-3.19872],[-77.778525,-3.187176],[-77.783287,-3.174232],[-77.790936,-3.11763],[-77.786298,-3.108626],[-77.786433,-3.102737],[-77.794345,-3.090111],[-77.794307,-3.087952],[-77.787664,-3.074775],[-77.789695,-3.070359],[-77.789276,-3.061909],[-77.793147,-3.043981],[-77.799739,-3.035637],[-77.808263,-3.022954],[-77.814336,-3.009682],[-77.817251,-3.000792],[-77.813319,-2.990943],[-77.808616,-2.986125],[-77.844574,-2.997998],[-77.840054,-3.008198],[-77.940755,-3.065474],[-77.947333,-3.072538],[-77.947181,-3.079327],[-77.951367,-3.090525],[-77.960519,-3.093972],[-77.962266,-3.100248],[-77.972147,-3.118408],[-77.982446,-3.119654],[-77.984958,-3.133604],[-77.991933,-3.139368],[-77.994679,-3.145728],[-78.009134,-3.158069],[-78.012694,-3.178848],[-78.022343,-3.187106],[-78.035382,-3.189059],[-78.03949,-3.195598],[-78.041568,-3.203675],[-78.054677,-3.208387],[-78.064771,-3.224448],[-78.083433,-3.229403],[-78.090712,-3.234311],[-78.094021,-3.24303],[-78.094765,-3.251468],[-78.099736,-3.256716],[-78.098978,-3.261481],[-78.105784,-3.263323],[-78.107832,-3.270506],[-78.107255,-3.27715],[-78.112278,-3.280442],[-78.112298,-3.285283],[-78.117935,-3.289332],[-78.12734,-3.298615],[-78.129289,-3.303968],[-78.133613,-3.308232],[-78.141411,-3.32016],[-78.139191,-3.327679],[-78.151739,-3.328535],[-78.158219,-3.338445],[-78.164855,-3.342649],[-78.171209,-3.350828],[-78.175994,-3.350096],[-78.178237,-3.353481],[-78.195803,-3.362876],[-78.189854,-3.370964],[-78.189033,-3.38562],[-78.185332,-3.393811],[-78.179667,-3.396116],[-78.181211,-3.402249],[-78.177743,-3.410091],[-78.172388,-3.412129],[-78.168991,-3.409505],[-78.164705,-3.411145],[-78.154913,-3.411562],[-78.15489,-3.417336],[-78.150467,-3.433051],[-78.151681,-3.440264],[-78.146694,-3.447799],[-78.146776,-3.45855],[-78.144891,-3.460445],[-78.146085,-3.475336],[-78.149169,-3.480796],[-78.160899,-3.480543],[-78.168163,-3.490679],[-78.177441,-3.491322],[-78.181727,-3.496375],[-78.192902,-3.50016],[-78.200788,-3.495778],[-78.206452,-3.505306],[-78.21479,-3.508594],[-78.229533,-3.501389],[-78.230844,-3.495971],[-78.22632,-3.491031],[-78.229258,-3.487761],[-78.230277,-3.477984],[-78.236367,-3.461519],[-78.235081,-3.452391],[-78.236651,-3.445585],[-78.243237,-3.439814],[-78.242485,-3.429492],[-78.243419,-3.422557],[-78.241321,-3.416019],[-78.241557,-3.409965],[-78.246211,-3.402326],[-78.257768,-3.403859],[-78.262396,-3.402631],[-78.269084,-3.404673],[-78.276418,-3.40147],[-78.282797,-3.400517],[-78.287951,-3.396338],[-78.301185,-3.399763],[-78.310629,-3.395606],[-78.31874,-3.395069],[-78.324614,-3.389738],[-78.339992,-3.382155],[-78.34658,-3.384303],[-78.344258,-3.391819],[-78.356231,-3.403558],[-78.352425,-3.413088],[-78.348443,-3.416687],[-78.344506,-3.4244],[-78.341385,-3.427103],[-78.344703,-3.435613],[-78.345352,-3.448437],[-78.348766,-3.456249],[-78.356918,-3.46467],[-78.359183,-3.469522],[-78.358094,-3.477109],[-78.35392,-3.480944],[-78.356064,-3.485728],[-78.355236,-3.49357],[-78.358286,-3.500931],[-78.36657,-3.514141],[-78.36493,-3.529699],[-78.369996,-3.536088],[-78.369072,-3.539244],[-78.375633,-3.543168],[-78.376984,-3.549488],[-78.387693,-3.554971],[-78.391188,-3.560102],[-78.385611,-3.565158],[-78.386206,-3.573709],[-78.389887,-3.57568],[-78.389998,-3.580476],[-78.394752,-3.587758],[-78.395379,-3.594621],[-78.392861,-3.603676],[-78.399851,-3.6081],[-78.396148,-3.616219],[-78.397812,-3.6226],[-78.393642,-3.631634],[-78.38631,-3.640099],[-78.398327,-3.646617],[-78.400818,-3.651339],[-78.394571,-3.659816],[-78.398622,-3.67111],[-78.393217,-3.67718],[-78.396092,-3.685469],[-78.401416,-3.690311],[-78.409969,-3.690649],[-78.415751,-3.685975],[-78.422738,-3.69089],[-78.422834,-3.705272],[-78.417871,-3.709199],[-78.417428,-3.719535],[-78.42175,-3.723293],[-78.409656,-3.734062],[-78.402476,-3.735388],[-78.409222,-3.751385],[-78.409174,-3.754709],[-78.414619,-3.761279],[-78.415823,-3.767358],[-78.408674,-3.771677],[-78.409367,-3.782391],[-78.413907,-3.79261],[-78.424332,-3.803056],[-78.435646,-3.818478],[-78.443192,-3.820963],[-78.45319,-3.826937],[-78.463333,-3.824841],[-78.466033,-3.831381],[-78.46083,-3.8324],[-78.460305,-3.837682],[-78.476531,-3.858693],[-78.478951,-3.872828],[-78.477607,-3.882242],[-78.480393,-3.887937],[-78.486558,-3.892444],[-78.484968,-3.896539],[-78.480125,-3.897214],[-78.475548,-3.906056],[-78.488669,-3.933608],[-78.513078,-3.93492],[-78.519426,-3.937752],[-78.524505,-3.937264],[-78.528314,-3.94371],[-78.528672,-3.949662],[-78.533392,-3.955527],[-78.542865,-3.96461],[-78.541693,-3.972618],[-78.548139,-3.974962],[-78.554693,-3.981515],[-78.56139,-3.985351],[-78.56611,-3.993301],[-78.565862,-3.997773],[-78.562359,-4.001311],[-78.564281,-4.004865],[-78.563807,-4.013764],[-78.564913,-4.022934],[-78.569702,-4.037412],[-78.567689,-4.0451],[-78.562635,-4.049815],[-78.550635,-4.054373],[-78.546514,-4.057664],[-78.537536,-4.060628],[-78.540792,-4.073877],[-78.545477,-4.077323],[-78.551593,-4.085801],[-78.557648,-4.089217],[-78.562867,-4.099636],[-78.568346,-4.102288],[-78.572083,-4.114951],[-78.581322,-4.135498],[-78.578432,-4.142223],[-78.580193,-4.146914],[-78.577382,-4.154997],[-78.577416,-4.15951],[-78.574374,-4.170738],[-78.578748,-4.181662],[-78.577303,-4.189999],[-78.578708,-4.19777],[-78.589418,-4.203342],[-78.592772,-4.207507],[-78.598336,-4.207907],[-78.607736,-4.220297],[-78.608889,-4.233937],[-78.60599,-4.24093],[-78.60602,-4.247207],[-78.601835,-4.249987],[-78.603492,-4.259365],[-78.606364,-4.265224],[-78.610861,-4.267262],[-78.61394,-4.283522],[-78.617555,-4.286135],[-78.618244,-4.294222],[-78.624953,-4.295573],[-78.63818,-4.30265],[-78.64562,-4.316069],[-78.646107,-4.325048],[-78.652273,-4.332513],[-78.652435,-4.336894],[-78.647545,-4.346062],[-78.650758,-4.351823],[-78.648919,-4.359126],[-78.642421,-4.368617],[-78.638566,-4.379863],[-78.639199,-4.392014],[-78.641129,-4.400932],[-78.635895,-4.408295],[-78.634078,-4.413238],[-78.625785,-4.418471],[-78.621856,-4.414469],[-78.611375,-4.414292],[-78.603967,-4.411652],[-78.600578,-4.420687],[-78.600874,-4.428832],[-78.6097,-4.436004],[-78.615315,-4.437935],[-78.619889,-4.436785],[-78.623721,-4.443118],[-78.623534,-4.449461],[-78.627612,-4.458215],[-78.633823,-4.462873],[-78.634236,-4.474765],[-78.637414,-4.478213],[-78.638768,-4.485157],[-78.637568,-4.500911],[-78.647523,-4.508971],[-78.65001,-4.516572],[-78.661123,-4.530081],[-78.662681,-4.536909],[-78.658757,-4.546821],[-78.660719,-4.552312],[-78.656571,-4.562094],[-78.66286,-4.57009],[-78.659744,-4.57904],[-78.655819,-4.584883],[-78.660806,-4.586063],[-78.66358,-4.590991],[-78.668218,-4.59411],[-78.674865,-4.592022],[-78.680547,-4.595031],[-78.682524,-4.599838],[-78.687555,-4.601635],[-78.695618,-4.607452],[-78.702558,-4.616099],[-78.705955,-4.623873],[-78.698174,-4.62965],[-78.695382,-4.636962],[-78.686766,-4.643294],[-78.681764,-4.642049],[-78.67841,-4.647342],[-78.663788,-4.656023],[-78.656868,-4.648647],[-78.649688,-4.646623],[-78.64534,-4.65159],[-78.638786,-4.655305],[-78.637938,-4.657982],[-78.642377,-4.668296],[-78.641854,-4.677043],[-78.643632,-4.682157],[-78.635784,-4.685379],[-78.63171,-4.698435],[-78.64,-4.705228],[-78.643721,-4.717182],[-78.644661,-4.736452],[-78.63816,-4.74042],[-78.628269,-4.739679],[-78.631318,-4.747532],[-78.631132,-4.757313],[-78.628058,-4.762343],[-78.620792,-4.768537],[-78.628803,-4.782231],[-78.637187,-4.791639],[-78.641285,-4.799836],[-78.641285,-4.811667],[-78.637652,-4.815859],[-78.635883,-4.830297],[-78.631877,-4.836445],[-78.635324,-4.841569],[-78.636255,-4.849114],[-78.643055,-4.8561],[-78.645384,-4.870958],[-78.644825,-4.887725],[-78.641006,-4.889868],[-78.645105,-4.907474],[-78.650042,-4.919024],[-78.653549,-4.921218],[-78.662278,-4.94135],[-78.662982,-4.949094],[-78.672555,-4.957822],[-78.678328,-4.968382],[-78.673963,-4.96993],[-78.672555,-4.974295],[-78.667769,-4.978659],[-78.660166,-4.97711],[-78.651434,-4.978569],[-78.652845,-4.988215],[-78.648493,-4.999202],[-78.643054,-5.006056],[-78.642184,-5.013453],[-78.643489,-5.021938],[-78.64118,-5.026571],[-78.641785,-5.036369],[-78.647457,-5.039331],[-78.651451,-5.055305],[-78.657714,-5.067423],[-78.667512,-5.067713],[-78.672996,-5.071523],[-78.680199,-5.072125],[-78.683411,-5.087026],[-78.690285,-5.089481],[-78.695502,-5.09347],[-78.696115,-5.099147],[-78.700624,-5.104083],[-78.700467,-5.115537],[-78.703939,-5.123712],[-78.703873,-5.135232],[-78.705832,-5.149595],[-78.710895,-5.156772],[-78.709687,-5.16526],[-78.709113,-5.179629],[-78.705961,-5.180096],[-78.705133,-5.193069],[-78.702338,-5.198486],[-78.702988,-5.207727],[-78.699681,-5.212253],[-78.69731,-5.223275],[-78.693553,-5.232746],[-78.685294,-5.237647],[-78.68543,-5.242477],[-78.688432,-5.254953],[-78.684244,-5.26749],[-78.677133,-5.269132],[-78.671463,-5.266836],[-78.6646,-5.268506],[-78.654426,-5.274301],[-78.651596,-5.28015],[-78.647994,-5.293348],[-78.64157,-5.303752],[-78.638442,-5.305331],[-78.609658,-5.307506],[-78.604492,-5.309898],[-78.583169,-5.331817],[-78.578649,-5.335862],[-78.563979,-5.344624],[-78.551314,-5.360268],[-78.539872,-5.365686],[-78.539047,-5.372157],[-78.528706,-5.382181],[-78.522679,-5.394361],[-78.518402,-5.399279],[-78.522148,-5.408889],[-78.521593,-5.420569],[-78.513757,-5.42609],[-78.512214,-5.431247],[-78.511321,-5.446797],[-78.515178,-5.454349],[-78.523378,-5.458108],[-78.542138,-5.470387],[-78.5476,-5.477519],[-78.543077,-5.481767],[-78.558515,-5.499089],[-78.550115,-5.518718],[-78.551738,-5.530563],[-78.550235,-5.533095],[-78.554747,-5.538075],[-78.564081,-5.538277],[-78.569828,-5.545378],[-78.580735,-5.548484],[-78.585087,-5.554971],[-78.583389,-5.561416],[-78.585135,-5.564826],[-78.594189,-5.570714],[-78.594636,-5.577535],[-78.599034,-5.584529],[-78.599995,-5.590243],[-78.608121,-5.59615],[-78.604816,-5.607208],[-78.609196,-5.61496],[-78.618185,-5.620694],[-78.621392,-5.632428],[-78.624771,-5.639365],[-78.630318,-5.642785],[-78.637579,-5.644344],[-78.648813,-5.662275],[-78.649175,-5.671149],[-78.651082,-5.67563],[-78.659816,-5.681315],[-78.666424,-5.683598],[-78.679209,-5.690732],[-78.683746,-5.69465],[-78.68633,-5.701369],[-78.683798,-5.707054],[-78.676407,-5.710569],[-78.666432,-5.717391],[-78.65625,-5.717908],[-78.652412,-5.722767],[-78.654483,-5.729142],[-78.653459,-5.734963],[-78.674987,-5.742256],[-78.68603,-5.744368],[-78.691755,-5.750742],[-78.69155,-5.758273],[-78.694719,-5.777052],[-78.701009,-5.785821],[-78.704316,-5.794555],[-78.706022,-5.807063],[-78.708399,-5.811301],[-78.712015,-5.830443],[-78.706778,-5.831986],[-78.699148,-5.840761],[-78.696771,-5.852751],[-78.698373,-5.860866],[-78.695892,-5.86681],[-78.69133,-5.871961],[-78.691654,-5.876216],[-78.696047,-5.883193],[-78.695934,-5.888527],[-78.687658,-5.896908],[-78.682771,-5.911076],[-78.676295,-5.913824],[-78.671797,-5.919256],[-78.670234,-5.927396],[-78.662887,-5.941566],[-78.660057,-5.950217],[-78.66032,-5.955559],[-78.647662,-5.967393],[-78.643195,-5.968205],[-78.639433,-5.974475],[-78.63774,-5.984975],[-78.635863,-5.988744],[-78.629813,-5.989047],[-78.626193,-6.004875],[-78.622325,-6.011088],[-78.614785,-6.014939],[-78.612272,-6.018182],[-78.611569,-6.035546],[-78.609643,-6.04161],[-78.610549,-6.053394],[-78.608574,-6.05741],[-78.603859,-6.05923],[-78.601903,-6.065527],[-78.589443,-6.076536],[-78.584297,-6.078404],[-78.576833,-6.078568],[-78.564297,-6.076769],[-78.556813,-6.07097],[-78.54222,-6.07309],[-78.533302,-6.071032],[-78.525785,-6.073232],[-78.518803,-6.071476],[-78.511036,-6.077338],[-78.509801,-6.08422],[-78.498883,-6.088653],[-78.497233,-6.09435],[-78.498444,-6.102501],[-78.490246,-6.104876],[-78.482646,-6.109029],[-78.477283,-6.11483],[-78.479012,-6.126211],[-78.475842,-6.132626],[-78.465527,-6.137645],[-78.465611,-6.14217],[-78.460502,-6.148174],[-78.456533,-6.150225],[-78.449822,-6.15693],[-78.438164,-6.165693],[-78.437023,-6.17363],[-78.427445,-6.179908],[-78.425442,-6.184547],[-78.41881,-6.189215],[-78.416948,-6.193475],[-78.418986,-6.205715],[-78.414244,-6.213805],[-78.409032,-6.213691],[-78.402025,-6.219774],[-78.401617,-6.225973],[-78.398072,-6.228753],[-78.394092,-6.227478],[-78.384399,-6.231202],[-78.380256,-6.230738],[-78.370089,-6.239084],[-78.370472,-6.247425],[-78.372206,-6.252578],[-78.370217,-6.26046],[-78.369963,-6.271084],[-78.365125,-6.280773],[-78.360368,-6.280384],[-78.358004,-6.28553],[-78.358664,-6.292053],[-78.356419,-6.295433],[-78.347742,-6.298544],[-78.345367,-6.304592],[-78.338857,-6.315179],[-78.335386,-6.318679],[-78.332873,-6.336451],[-78.334878,-6.341866],[-78.333735,-6.350978],[-78.324035,-6.358189],[-78.319004,-6.357017],[-78.305566,-6.367919],[-78.303249,-6.374112],[-78.299518,-6.37538],[-78.293542,-6.371794],[-78.289015,-6.374981],[-78.277932,-6.388961],[-78.280069,-6.395807],[-78.275904,-6.399755],[-78.271883,-6.397581],[-78.271883,-6.392728],[-78.268287,-6.391109],[-78.26138,-6.394467],[-78.255151,-6.394783],[-78.250007,-6.399682],[-78.245102,-6.4006],[-78.241931,-6.404209],[-78.241206,-6.410475],[-78.236695,-6.413447],[-78.234596,-6.418041],[-78.226103,-6.427063],[-78.221879,-6.429713],[-78.218751,-6.438545],[-78.218063,-6.446947],[-78.211507,-6.447418],[-78.209986,-6.45803],[-78.198432,-6.459298],[-78.190029,-6.457016],[-78.187949,-6.467801],[-78.185756,-6.471105],[-78.177094,-6.47442],[-78.176701,-6.483528],[-78.173043,-6.494176],[-78.164365,-6.490801],[-78.152181,-6.499826],[-78.15066,-6.512177],[-78.144648,-6.514314],[-78.14443,-6.519529],[-78.136028,-6.526302],[-78.134579,-6.534705],[-78.138273,-6.538616],[-78.136245,-6.543506],[-78.137134,-6.549434],[-78.132634,-6.553067],[-78.136484,-6.557719],[-78.137099,-6.563682],[-78.133471,-6.566866],[-78.119555,-6.574643],[-78.117758,-6.582053],[-78.121866,-6.589191],[-78.120312,-6.599415],[-78.11515,-6.604327],[-78.113502,-6.612299],[-78.107482,-6.61821],[-78.104424,-6.625077],[-78.103673,-6.634299],[-78.107599,-6.642332],[-78.104022,-6.64681],[-78.097334,-6.65059],[-78.094308,-6.65732],[-78.081283,-6.655185],[-78.075962,-6.65911],[-78.079161,-6.666409],[-78.074566,-6.672544],[-78.063866,-6.676964],[-78.058195,-6.67615],[-78.045985,-6.691591],[-78.046677,-6.702731],[-78.043656,-6.713816],[-78.038161,-6.725965],[-78.039378,-6.731976],[-78.034416,-6.739895],[-78.038146,-6.745758],[-78.033891,-6.754542],[-78.030003,-6.757953],[-78.031673,-6.762461],[-78.027761,-6.769379],[-78.022322,-6.770309],[-78.025972,-6.775891],[-78.021797,-6.778802],[-78.023992,-6.783882],[-78.021153,-6.794092],[-78.023825,-6.797098],[-78.017551,-6.808166],[-78.021105,-6.817588],[-78.014064,-6.822303],[-78.016716,-6.829014],[-78.016239,-6.833022],[-78.02404,-6.838413],[-78.024159,-6.841228],[-78.03122,-6.847048],[-78.027164,-6.851127],[-78.009894,-6.85492],[-78.00145,-6.865783],[-78.002201,-6.871275],[-78.006463,-6.87834],[-78.001651,-6.88093],[-78.00546,-6.888128],[-78.004552,-6.895117],[-78.000883,-6.896759],[-78.000673,-6.912483],[-78.004951,-6.915693],[-78.005915,-6.921631],[-78.013496,-6.929748],[-78.01108,-6.937079],[-78.004431,-6.937133],[-78.000846,-6.940245],[-78.000806,-6.947597],[-77.99774,-6.95204],[-77.999273,-6.961436],[-78.002104,-6.967845],[-77.999506,-6.970532],[-77.998744,-6.967676],[-77.992141,-6.964006],[-77.98358,-6.96309],[-77.972883,-6.970566],[-77.961855,-6.976643],[-77.946734,-6.973652],[-77.93494,-6.9797],[-77.931728,-6.985605],[-77.927528,-6.986709],[-77.91529,-6.980568],[-77.900006,-6.98067],[-77.895557,-6.975671],[-77.887057,-6.971642],[-77.880342,-6.962504],[-77.87204,-6.96698],[-77.864754,-6.968258],[-77.845865,-6.976398],[-77.839237,-6.973234],[-77.835284,-6.959591],[-77.833435,-6.956783],[-77.827187,-6.957085],[-77.822822,-6.959777],[-77.80989,-6.961183],[-77.801932,-6.966144],[-77.794606,-6.95814],[-77.787632,-6.95491],[-77.786251,-6.949293],[-77.7793,-6.941453],[-77.771904,-6.95058],[-77.765936,-6.962119],[-77.758934,-6.964508],[-77.745689,-6.956202],[-77.738384,-6.948343],[-77.739852,-6.93549],[-77.733816,-6.928577],[-77.727202,-6.924733],[-77.715267,-6.920655],[-77.714285,-6.915444],[-77.707309,-6.908847],[-77.718107,-6.896608],[-77.723325,-6.893456],[-77.728771,-6.881286],[-77.733237,-6.873833],[-77.73163,-6.866381],[-77.736867,-6.863603],[-77.740978,-6.853917],[-77.740143,-6.844088],[-77.747589,-6.83219],[-77.751161,-6.822469],[-77.761718,-6.807748],[-77.764717,-6.798441],[-77.759481,-6.79327],[-77.735324,-6.788291],[-77.731933,-6.78196],[-77.735207,-6.777949],[-77.737169,-6.760329],[-77.746714,-6.751838],[-77.748109,-6.744925],[-77.745789,-6.728445],[-77.7395,-6.7111],[-77.743796,-6.706619],[-77.743168,-6.699366],[-77.744728,-6.692328],[-77.741055,-6.686688],[-77.742336,-6.677987],[-77.745966,-6.671555],[-77.745606,-6.665158],[-77.73874,-6.652957],[-77.738965,-6.646469],[-77.733203,-6.648036],[-77.726363,-6.654242],[-77.715935,-6.659123],[-77.712911,-6.667521],[-77.70966,-6.67202],[-77.701934,-6.676762],[-77.693363,-6.678525],[-77.679156,-6.673828],[-77.673146,-6.665928],[-77.662662,-6.6599],[-77.659833,-6.649659],[-77.660518,-6.641506],[-77.651773,-6.629986],[-77.639807,-6.620982],[-77.636646,-6.616859],[-77.628145,-6.612562],[-77.616637,-6.613683],[-77.612337,-6.612261],[-77.603179,-6.61633],[-77.5989,-6.623121],[-77.583903,-6.634627],[-77.575779,-6.634531],[-77.568765,-6.638218],[-77.563698,-6.644085],[-77.561142,-6.654612],[-77.558377,-6.659637],[-77.551269,-6.666791],[-77.550069,-6.671839],[-77.544074,-6.676996],[-77.534969,-6.674035],[-77.520616,-6.679536],[-77.517175,-6.673628],[-77.510656,-6.672339],[-77.505222,-6.67562],[-77.496766,-6.674055],[-77.489421,-6.67562],[-77.482356,-6.681476],[-77.475482,-6.683628],[-77.46294,-6.679666],[-77.454659,-6.681688],[-77.43736,-6.700986],[-77.427509,-6.702842],[-77.418658,-6.708076],[-77.415269,-6.714676],[-77.407146,-6.726775],[-77.403875,-6.724251],[-77.400135,-6.708453],[-77.396075,-6.704787],[-77.385991,-6.702096],[-77.381733,-6.697589],[-77.38544,-6.692661],[-77.389719,-6.681674],[-77.393598,-6.679115],[-77.397728,-6.669349],[-77.404986,-6.663054],[-77.404699,-6.65424],[-77.407656,-6.646332],[-77.41126,-6.643577],[-77.423693,-6.638062],[-77.428716,-6.626348],[-77.435654,-6.61807],[-77.436149,-6.605217],[-77.425741,-6.602494],[-77.415838,-6.604218],[-77.408622,-6.602915],[-77.400877,-6.604456],[-77.39387,-6.602688],[-77.391503,-6.59335],[-77.387584,-6.587572],[-77.383916,-6.573378],[-77.378676,-6.567434],[-77.360955,-6.565068],[-77.354898,-6.560587],[-77.350791,-6.553542],[-77.344847,-6.547229],[-77.343031,-6.538053],[-77.339059,-6.528511],[-77.335152,-6.522328],[-77.335633,-6.515547],[-77.332461,-6.509716],[-77.330483,-6.497493],[-77.33285,-6.491462],[-77.326357,-6.468027],[-77.315538,-6.459673],[-77.31057,-6.458531],[-77.304602,-6.451323],[-77.30179,-6.436646],[-77.298029,-6.425489],[-77.290159,-6.421956],[-77.287429,-6.418133],[-77.273159,-6.406531],[-77.274952,-6.395635],[-77.278261,-6.388032],[-77.275466,-6.382201],[-77.282549,-6.373336],[-77.280983,-6.363072],[-77.285753,-6.347051],[-77.28666,-6.331023],[-77.279926,-6.327884],[-77.272445,-6.327732],[-77.266814,-6.330282],[-77.260008,-6.327706],[-77.254671,-6.33645],[-77.247451,-6.336012],[-77.243653,-6.33812],[-77.241276,-6.35264],[-77.23347,-6.359932],[-77.22925,-6.369336],[-77.225215,-6.372717],[-77.221456,-6.381133],[-77.208236,-6.375184],[-77.193194,-6.381524],[-77.181481,-6.378459],[-77.171732,-6.38117],[-77.163411,-6.378081],[-77.162415,-6.372941],[-77.149412,-6.358939],[-77.149124,-6.35345],[-77.144347,-6.349097],[-77.143754,-6.342355],[-77.137634,-6.332867],[-77.132303,-6.322551],[-77.133199,-6.315981],[-77.132725,-6.302421],[-77.138899,-6.29173],[-77.147614,-6.286216],[-77.155352,-6.274491],[-77.160612,-6.269445],[-77.170791,-6.265199],[-77.169083,-6.255014],[-77.17407,-6.246529],[-77.180853,-6.24534],[-77.190443,-6.239356],[-77.199996,-6.231179],[-77.212419,-6.214186],[-77.214217,-6.202529],[-77.219093,-6.195732],[-77.218409,-6.19268],[-77.212017,-6.187352],[-77.202567,-6.182026],[-77.205299,-6.172466],[-77.210857,-6.166961],[-77.212125,-6.160832],[-77.218637,-6.155987],[-77.222985,-6.146896],[-77.229206,-6.14376],[-77.233864,-6.148759],[-77.240654,-6.149762],[-77.245203,-6.147474],[-77.253827,-6.13851],[-77.261988,-6.139397],[-77.272876,-6.138737],[-77.281533,-6.141718],[-77.290003,-6.133131],[-77.301206,-6.133131],[-77.306149,-6.131115],[-77.311066,-6.126295],[-77.316872,-6.125551],[-77.32524,-6.116335],[-77.329858,-6.115604],[-77.332411,-6.112182],[-77.346428,-6.114341],[-77.34657,-6.108419],[-77.351216,-6.090192],[-77.36045,-6.072188],[-77.368381,-6.074119],[-77.372972,-6.077495],[-77.3805,-6.079986],[-77.385454,-6.068642],[-77.382418,-6.063469],[-77.389289,-6.057812],[-77.393327,-6.049402],[-77.395498,-6.039377],[-77.404606,-6.034734],[-77.410316,-6.036232],[-77.419305,-6.032381],[-77.421503,-6.037045],[-77.421847,-6.049208],[-77.429076,-6.05194],[-77.429638,-6.061125],[-77.434463,-6.060412],[-77.445746,-6.046227],[-77.449237,-6.044434],[-77.455301,-6.034448],[-77.455308,-6.029697],[-77.459435,-6.023613],[-77.467508,-6.019615],[-77.46675,-6.012155],[-77.471854,-6.006754],[-77.47358,-6.000051],[-77.478615,-6.000894],[-77.487309,-6.011169],[-77.486427,-6.020173],[-77.489758,-6.02886],[-77.494334,-6.028938],[-77.502674,-6.032004],[-77.509752,-6.032496],[-77.510539,-6.039482],[-77.515875,-6.047553],[-77.518844,-6.055943],[-77.533809,-6.063371],[-77.538025,-6.063107],[-77.541493,-6.059503],[-77.542228,-6.052788],[-77.554735,-6.050729],[-77.558006,-6.04641],[-77.557951,-6.039596],[-77.565133,-6.029178],[-77.56878,-6.028755],[-77.572677,-6.033478],[-77.582241,-6.03273],[-77.586199,-6.036917],[-77.596362,-6.033331],[-77.597974,-6.027817],[-77.593456,-6.009347],[-77.597708,-6.004416],[-77.607151,-6.00339],[-77.616237,-6.000918],[-77.622081,-6.004832],[-77.632744,-6.000566],[-77.63914,-6.001079],[-77.64344,-5.998696],[-77.649248,-5.992228],[-77.660626,-5.98845],[-77.662703,-5.98353],[-77.669225,-5.980365],[-77.673577,-5.9703],[-77.671246,-5.963262],[-77.659914,-5.955135],[-77.65636,-5.947995],[-77.651891,-5.935332],[-77.657705,-5.929728],[-77.663294,-5.91767],[-77.664745,-5.908587],[-77.667518,-5.904279],[-77.668887,-5.896811],[-77.666106,-5.893855],[-77.672566,-5.885612],[-77.681544,-5.879161],[-77.68343,-5.876063],[-77.677883,-5.859647],[-77.681133,-5.854861],[-77.681527,-5.849487],[-77.694813,-5.840233],[-77.704664,-5.842167],[-77.710343,-5.840656],[-77.719341,-5.843448],[-77.726416,-5.843982],[-77.732641,-5.841698],[-77.740514,-5.835089],[-77.746138,-5.83511],[-77.752937,-5.827778],[-77.760771,-5.824919],[-77.763929,-5.819709],[-77.765102,-5.806102],[-77.770355,-5.788143],[-77.767174,-5.776275],[-77.761149,-5.772003],[-77.760741,-5.769227],[-77.772242,-5.752865],[-77.767272,-5.750852],[-77.761711,-5.742366],[-77.759359,-5.729848],[-77.76399,-5.722565],[-77.765906,-5.716029],[-77.775148,-5.710752],[-77.775666,-5.703345],[-77.773707,-5.685207],[-77.768623,-5.679467],[-77.767256,-5.673182],[-77.754365,-5.658998],[-77.753911,-5.6495],[-77.750905,-5.643038],[-77.752606,-5.637578],[-77.746219,-5.631393],[-77.738919,-5.622166],[-77.737031,-5.614129],[-77.736891,-5.605139],[-77.739237,-5.596811],[-77.744456,-5.587333],[-77.751676,-5.582264],[-77.749861,-5.573439],[-77.751057,-5.568272],[-77.757261,-5.554652],[-77.765762,-5.538982],[-77.765277,-5.532317],[-77.757113,-5.516004],[-77.759638,-5.507206],[-77.765864,-5.50265],[-77.77157,-5.493921],[-77.770637,-5.478153],[-77.765365,-5.470995],[-77.750833,-5.46419],[-77.749011,-5.458092],[-77.759302,-5.446327],[-77.768451,-5.438049],[-77.76443,-5.431098],[-77.751362,-5.419221],[-77.74672,-5.413787],[-77.743035,-5.406467],[-77.723325,-5.414694],[-77.712703,-5.416411],[-77.696587,-5.412138],[-77.695958,-5.411053]]]},"properties":{"province":"Amazonas"}},{"type":"Feature","geometry":{"type":"Polygon","coordinates":[[[-77.317486,-8.530152],[-77.325935,-8.529111],[-77.33258,-8.533028],[-77.3371,-8.53145],[-77.344467,-8.523817],[-77.347346,-8.517928],[-77.354508,-8.51334],[-77.365264,-8.508364],[-77.365927,-8.503356],[-77.369067,-8.499862],[-77.379944,-8.495001],[-77.386295,-8.494077],[-77.391039,-8.490962],[-77.400338,-8.481967],[-77.402272,-8.472063],[-77.398981,-8.46415],[-77.399663,-8.458163],[-77.403915,-8.451987],[-77.405461,-8.441483],[-77.418336,-8.439649],[-77.423186,-8.434011],[-77.430666,-8.430601],[-77.438896,-8.419862],[-77.436579,-8.41053],[-77.438603,-8.397907],[-77.448478,-8.381618],[-77.449848,-8.374461],[-77.446956,-8.369374],[-77.452389,-8.362032],[-77.454365,-8.356237],[-77.459436,-8.354941],[-77.457439,-8.346256],[-77.458896,-8.335656],[-77.463807,-8.331262],[-77.470645,-8.332444],[-77.477986,-8.326547],[-77.473638,-8.320501],[-77.482133,-8.313922],[-77.48763,-8.303546],[-77.486588,-8.297611],[-77.491368,-8.282553],[-77.50333,-8.274555],[-77.521352,-8.270701],[-77.528559,-8.265693],[-77.526473,-8.252848],[-77.527752,-8.247219],[-77.535894,-8.241049],[-77.540746,-8.240873],[-77.545742,-8.237471],[-77.552684,-8.236416],[-77.562156,-8.238307],[-77.57282,-8.233521],[-77.575328,-8.228572],[-77.573426,-8.223478],[-77.573783,-8.215414],[-77.569713,-8.206033],[-77.557217,-8.193732],[-77.563496,-8.188506],[-77.570273,-8.174564],[-77.576748,-8.16732],[-77.594123,-8.162828],[-77.605687,-8.154811],[-77.607869,-8.146776],[-77.60149,-8.138486],[-77.603379,-8.134764],[-77.609965,-8.131875],[-77.61659,-8.131244],[-77.62393,-8.117887],[-77.630081,-8.115135],[-77.636144,-8.109331],[-77.63652,-8.106192],[-77.625328,-8.094475],[-77.620512,-8.08584],[-77.618752,-8.079832],[-77.623252,-8.073531],[-77.633424,-8.068949],[-77.642687,-8.067217],[-77.64684,-8.061498],[-77.647111,-8.050281],[-77.657771,-8.052951],[-77.664709,-8.057478],[-77.684684,-8.063014],[-77.690432,-8.060363],[-77.701586,-8.066353],[-77.709959,-8.068504],[-77.71943,-8.073445],[-77.726809,-8.071797],[-77.736178,-8.072636],[-77.743388,-8.070185],[-77.750234,-8.077197],[-77.761047,-8.075226],[-77.766843,-8.078018],[-77.77226,-8.077338],[-77.785785,-8.079199],[-77.791699,-8.077652],[-77.795797,-8.071016],[-77.810441,-8.067735],[-77.824453,-8.069737],[-77.833278,-8.075741],[-77.839566,-8.074532],[-77.852208,-8.074779],[-77.859632,-8.066717],[-77.865555,-8.057081],[-77.869477,-8.055962],[-77.883522,-8.063712],[-77.891278,-8.061454],[-77.89694,-8.063226],[-77.897904,-8.076016],[-77.901332,-8.082477],[-77.905428,-8.094924],[-77.904463,-8.104553],[-77.908283,-8.108844],[-77.910637,-8.119596],[-77.913572,-8.120695],[-77.918363,-8.133787],[-77.920365,-8.147262],[-77.926547,-8.157144],[-77.931074,-8.176146],[-77.930477,-8.178781],[-77.933871,-8.190211],[-77.933213,-8.19701],[-77.93992,-8.199102],[-77.950166,-8.205277],[-77.957396,-8.208269],[-77.965775,-8.208289],[-77.978723,-8.210451],[-77.982332,-8.215375],[-77.987133,-8.216018],[-78.00619,-8.22206],[-78.012826,-8.221518],[-78.018635,-8.224316],[-78.025713,-8.234672],[-78.032497,-8.242222],[-78.035285,-8.247305],[-78.036799,-8.255951],[-78.045508,-8.257872],[-78.058234,-8.268809],[-78.065247,-8.271476],[-78.066461,-8.277585],[-78.073647,-8.281624],[-78.08198,-8.281086],[-78.087052,-8.286304],[-78.09048,-8.294437],[-78.09436,-8.29429],[-78.10223,-8.30538],[-78.11595,-8.3101],[-78.120637,-8.318686],[-78.114957,-8.322727],[-78.114246,-8.327971],[-78.108537,-8.335896],[-78.109053,-8.339777],[-78.114394,-8.343764],[-78.114941,-8.350742],[-78.123394,-8.360787],[-78.129801,-8.361801],[-78.137498,-8.368668],[-78.136799,-8.377463],[-78.139228,-8.390164],[-78.135248,-8.392205],[-78.137107,-8.398451],[-78.137887,-8.408394],[-78.140613,-8.414135],[-78.138559,-8.421951],[-78.139469,-8.427832],[-78.150557,-8.451365],[-78.151006,-8.456926],[-78.156736,-8.46357],[-78.157301,-8.478193],[-78.162451,-8.484764],[-78.165281,-8.484992],[-78.170412,-8.492039],[-78.170021,-8.498344],[-78.173656,-8.503537],[-78.18433,-8.510383],[-78.188557,-8.508908],[-78.190348,-8.514471],[-78.194082,-8.515603],[-78.19615,-8.521309],[-78.202598,-8.526066],[-78.208437,-8.541215],[-78.216879,-8.556918],[-78.21515,-8.56571],[-78.20793,-8.56609],[-78.201654,-8.574178],[-78.201811,-8.582947],[-78.198379,-8.586273],[-78.193525,-8.600111],[-78.195459,-8.606742],[-78.198144,-8.608789],[-78.202516,-8.616894],[-78.200514,-8.62251],[-78.207152,-8.632699],[-78.214623,-8.63616],[-78.228348,-8.644793],[-78.235578,-8.65292],[-78.243906,-8.655594],[-78.246135,-8.658363],[-78.25455,-8.65741],[-78.261363,-8.658141],[-78.27266,-8.656314],[-78.28181,-8.658787],[-78.287672,-8.662496],[-78.294789,-8.658809],[-78.300574,-8.663559],[-78.310947,-8.667207],[-78.316453,-8.665299],[-78.326805,-8.665473],[-78.334912,-8.667203],[-78.337275,-8.675682],[-78.346301,-8.675869],[-78.351105,-8.672336],[-78.35481,-8.673279],[-78.363011,-8.681178],[-78.373198,-8.687242],[-78.379172,-8.696566],[-78.387781,-8.698475],[-78.389843,-8.702172],[-78.397328,-8.702561],[-78.402299,-8.70747],[-78.410123,-8.708211],[-78.425329,-8.723902],[-78.448228,-8.736927],[-78.455438,-8.737593],[-78.458285,-8.739713],[-78.467925,-8.741533],[-78.474763,-8.744378],[-78.484821,-8.750541],[-78.493301,-8.74983],[-78.518139,-8.752981],[-78.526257,-8.757767],[-78.529368,-8.763111],[-78.54214,-8.769252],[-78.551573,-8.775023],[-78.557924,-8.782385],[-78.560843,-8.788237],[-78.565343,-8.792599],[-78.56514,-8.796726],[-78.570638,-8.810088],[-78.575796,-8.81973],[-78.581041,-8.836986],[-78.582178,-8.845336],[-78.584985,-8.849244],[-78.588281,-8.858677],[-78.58245,-8.866602],[-78.580627,-8.876777],[-78.576485,-8.889047],[-78.578984,-8.894832],[-78.579791,-8.905444],[-78.583022,-8.909244],[-78.586073,-8.921153],[-78.58962,-8.924974],[-78.589944,-8.942622],[-78.591662,-8.945999],[-78.612342,-8.959804],[-78.619511,-8.96653],[-78.629729,-8.97089],[-78.644924,-8.969228],[-78.644064,-8.983266],[-78.648125,-8.989365],[-78.653939,-8.988047],[-78.658105,-8.993721],[-78.647652,-8.999412],[-78.640852,-9.000896],[-78.629873,-9.007287],[-78.62173,-9.015414],[-78.621223,-9.020545],[-78.625195,-9.024482],[-78.632559,-9.027719],[-78.634465,-9.03367],[-78.635105,-9.04434],[-78.637732,-9.048394],[-78.631,-9.057508],[-78.633285,-9.066777],[-78.630018,-9.072848],[-78.624791,-9.078074],[-78.612223,-9.073012],[-78.609562,-9.076666],[-78.595799,-9.077576],[-78.588398,-9.080277],[-78.58265,-9.084412],[-78.570937,-9.098242],[-78.561269,-9.116152],[-78.557857,-9.12965],[-78.558424,-9.145457],[-78.560805,-9.155037],[-78.565394,-9.164629],[-78.572242,-9.17157],[-78.583805,-9.169615],[-78.584762,-9.164082],[-78.590719,-9.166553],[-78.597853,-9.167314],[-78.607262,-9.163996],[-78.605484,-9.171197],[-78.594117,-9.192793],[-78.590004,-9.195676],[-78.584559,-9.194283],[-78.576853,-9.196707],[-78.58174,-9.201756],[-78.576201,-9.213793],[-78.567672,-9.218877],[-78.569439,-9.223787],[-78.564191,-9.229014],[-78.558348,-9.230209],[-78.552891,-9.228102],[-78.557863,-9.216723],[-78.559693,-9.209795],[-78.556762,-9.203484],[-78.559586,-9.198578],[-78.566228,-9.194322],[-78.564932,-9.184625],[-78.562185,-9.181742],[-78.551754,-9.176529],[-78.540793,-9.174305],[-78.533242,-9.174615],[-78.516941,-9.177811],[-78.508301,-9.180383],[-78.50651,-9.184354],[-78.497752,-9.188143],[-78.493518,-9.192697],[-78.494771,-9.195596],[-78.48681,-9.203348],[-78.484971,-9.207906],[-78.486697,-9.213269],[-78.484699,-9.21677],[-78.487543,-9.231275],[-78.490262,-9.237756],[-78.491797,-9.250869],[-78.497535,-9.257922],[-78.50124,-9.256701],[-78.509477,-9.259127],[-78.513412,-9.267379],[-78.517381,-9.270957],[-78.523955,-9.270189],[-78.521873,-9.276293],[-78.508982,-9.278814],[-78.499434,-9.286221],[-78.496543,-9.29109],[-78.496869,-9.302611],[-78.486965,-9.319018],[-78.481379,-9.322746],[-78.479168,-9.326607],[-78.481816,-9.332727],[-78.475064,-9.331539],[-78.473182,-9.323898],[-78.475447,-9.320264],[-78.471437,-9.316098],[-78.465912,-9.315209],[-78.458416,-9.317785],[-78.45849,-9.326252],[-78.451531,-9.329998],[-78.445791,-9.325998],[-78.442937,-9.327027],[-78.438725,-9.340605],[-78.435217,-9.33766],[-78.425396,-9.341299],[-78.424258,-9.348353],[-78.427418,-9.351574],[-78.426707,-9.356766],[-78.421855,-9.361719],[-78.41391,-9.359859],[-78.410014,-9.362473],[-78.410207,-9.367064],[-78.427771,-9.371213],[-78.432986,-9.388555],[-78.426219,-9.395799],[-78.429355,-9.402164],[-78.427941,-9.411289],[-78.421143,-9.41892],[-78.417805,-9.417406],[-78.415605,-9.423144],[-78.410148,-9.426404],[-78.406555,-9.425139],[-78.407348,-9.435834],[-78.396008,-9.427789],[-78.387287,-9.432678],[-78.382906,-9.437957],[-78.380111,-9.44549],[-78.380881,-9.455717],[-78.391242,-9.45741],[-78.395229,-9.462094],[-78.397738,-9.472115],[-78.401935,-9.470801],[-78.404107,-9.475984],[-78.395912,-9.477723],[-78.397846,-9.487957],[-78.393453,-9.493543],[-78.393088,-9.498656],[-78.395721,-9.501893],[-78.385135,-9.518728],[-78.385674,-9.528057],[-78.387703,-9.535363],[-78.381523,-9.538625],[-78.382072,-9.545803],[-78.374305,-9.548275],[-78.374504,-9.550707],[-78.367988,-9.55531],[-78.366404,-9.561092],[-78.370945,-9.565978],[-78.365826,-9.574721],[-78.365867,-9.582465],[-78.369828,-9.587113],[-78.368576,-9.594693],[-78.364973,-9.599084],[-78.367455,-9.603088],[-78.361795,-9.608711],[-78.361527,-9.61384],[-78.364853,-9.620471],[-78.363269,-9.625076],[-78.357758,-9.624232],[-78.349449,-9.633039],[-78.344316,-9.632928],[-78.343855,-9.639273],[-78.339236,-9.639709],[-78.337855,-9.647478],[-78.321816,-9.661748],[-78.321123,-9.666547],[-78.317805,-9.669459],[-78.319322,-9.681281],[-78.314297,-9.681051],[-78.307609,-9.683936],[-78.30333,-9.697311],[-78.299514,-9.696496],[-78.297826,-9.703637],[-78.294342,-9.705426],[-78.293566,-9.71675],[-78.295926,-9.719162],[-78.292184,-9.729242],[-78.285893,-9.733268],[-78.274582,-9.744453],[-78.27201,-9.75607],[-78.259861,-9.759262],[-78.245853,-9.770496],[-78.234563,-9.787625],[-78.226027,-9.795478],[-78.224555,-9.805945],[-78.22775,-9.815061],[-78.227103,-9.821568],[-78.231281,-9.826193],[-78.229986,-9.829742],[-78.233225,-9.833473],[-78.237803,-9.834187],[-78.234975,-9.841148],[-78.237541,-9.84473],[-78.234459,-9.850568],[-78.235832,-9.856307],[-78.24119,-9.856307],[-78.241246,-9.865982],[-78.243785,-9.868488],[-78.242648,-9.873646],[-78.233322,-9.883102],[-78.233281,-9.890121],[-78.228809,-9.894373],[-78.228945,-9.898578],[-78.22451,-9.907223],[-78.229076,-9.911391],[-78.228096,-9.916207],[-78.222902,-9.922713],[-78.224937,-9.930889],[-78.223875,-9.93715],[-78.228242,-9.942002],[-78.226832,-9.953699],[-78.219912,-9.959766],[-78.208076,-9.966769],[-78.206957,-9.980404],[-78.203678,-9.979281],[-78.199574,-9.99324],[-78.19624,-9.994107],[-78.193062,-10.001353],[-78.196701,-10.012812],[-78.188303,-10.022608],[-78.188387,-10.026609],[-78.181066,-10.034199],[-78.175342,-10.04585],[-78.176217,-10.051123],[-78.172123,-10.060539],[-78.175783,-10.067346],[-78.172039,-10.071389],[-78.165789,-10.086539],[-78.166646,-10.09493],[-78.182209,-10.1011],[-78.184893,-10.107953],[-78.180908,-10.109082],[-78.179656,-10.115666],[-78.173014,-10.116043],[-78.173582,-10.124088],[-78.169434,-10.129617],[-78.165277,-10.139754],[-78.16357,-10.147191],[-78.153908,-10.152881],[-78.153617,-10.157016],[-78.148996,-10.15993],[-78.142166,-10.167043],[-78.134859,-10.170566],[-78.130971,-10.175998],[-78.122697,-10.176375],[-78.120994,-10.182332],[-78.11726,-10.183881],[-78.11333,-10.195879],[-78.108432,-10.196396],[-78.10226,-10.20015],[-78.097283,-10.210894],[-78.097109,-10.219646],[-78.087609,-10.229562],[-78.092279,-10.238519],[-78.088248,-10.248537],[-78.08291,-10.246762],[-78.081391,-10.250311],[-78.086998,-10.258527],[-78.08509,-10.26775],[-78.087074,-10.277117],[-78.082947,-10.281309],[-78.077541,-10.282228],[-78.065602,-10.292389],[-78.057898,-10.301434],[-78.059182,-10.315455],[-78.054062,-10.320646],[-78.053484,-10.328674],[-78.055543,-10.331041],[-78.054547,-10.345955],[-78.050346,-10.349322],[-78.042348,-10.352021],[-78.035144,-10.359309],[-78.029766,-10.359728],[-78.014455,-10.37066],[-78.010603,-10.374699],[-78.002965,-10.388266],[-78.000707,-10.397469],[-78.004018,-10.403316],[-78.01223,-10.403092],[-78.01476,-10.409631],[-78.006428,-10.416543],[-78.007274,-10.419617],[-77.980342,-10.439549],[-77.974793,-10.458758],[-77.966965,-10.46557],[-77.963242,-10.471449],[-77.96274,-10.488635],[-77.960623,-10.492519],[-77.939402,-10.509014],[-77.932496,-10.517992],[-77.930428,-10.52318],[-77.914557,-10.537146],[-77.90816,-10.544287],[-77.901557,-10.556588],[-77.900941,-10.565039],[-77.908473,-10.569984],[-77.90032,-10.581369],[-77.893379,-10.593826],[-77.886006,-10.605066],[-77.886592,-10.612055],[-77.880262,-10.607895],[-77.868614,-10.596501],[-77.857136,-10.578701],[-77.85072,-10.574089],[-77.847134,-10.574383],[-77.839688,-10.567919],[-77.832169,-10.567354],[-77.825755,-10.571865],[-77.823906,-10.57648],[-77.818349,-10.580443],[-77.808233,-10.583865],[-77.799683,-10.585323],[-77.791098,-10.583802],[-77.790021,-10.577261],[-77.784996,-10.572039],[-77.775871,-10.575348],[-77.771376,-10.571615],[-77.773103,-10.566801],[-77.774274,-10.554015],[-77.771743,-10.537761],[-77.773365,-10.532372],[-77.771429,-10.528029],[-77.772443,-10.512478],[-77.777868,-10.510881],[-77.781056,-10.507257],[-77.782606,-10.499273],[-77.786441,-10.48892],[-77.796178,-10.483293],[-77.798323,-10.476124],[-77.794399,-10.475183],[-77.790098,-10.467638],[-77.789619,-10.459621],[-77.781594,-10.454414],[-77.774516,-10.44473],[-77.765656,-10.440733],[-77.763888,-10.437713],[-77.767975,-10.431597],[-77.765236,-10.428385],[-77.760212,-10.430221],[-77.758162,-10.416826],[-77.754057,-10.409517],[-77.749872,-10.406796],[-77.752278,-10.403081],[-77.751703,-10.394919],[-77.755623,-10.384],[-77.753046,-10.379617],[-77.752127,-10.372861],[-77.753443,-10.364987],[-77.751829,-10.361386],[-77.754586,-10.356964],[-77.757041,-10.344217],[-77.75393,-10.33334],[-77.756355,-10.328123],[-77.752507,-10.321895],[-77.74624,-10.324376],[-77.74038,-10.3207],[-77.73536,-10.323506],[-77.725221,-10.323826],[-77.717385,-10.322492],[-77.712434,-10.324656],[-77.70434,-10.325267],[-77.698752,-10.322104],[-77.692391,-10.320902],[-77.677173,-10.328216],[-77.665453,-10.339448],[-77.649204,-10.343467],[-77.64706,-10.338761],[-77.640213,-10.33298],[-77.635338,-10.32486],[-77.631656,-10.322205],[-77.62844,-10.32574],[-77.619427,-10.327825],[-77.617041,-10.336277],[-77.611158,-10.343383],[-77.600363,-10.360014],[-77.597742,-10.36642],[-77.598904,-10.374672],[-77.597593,-10.380364],[-77.602375,-10.384948],[-77.603511,-10.388922],[-77.614033,-10.396303],[-77.615396,-10.399142],[-77.623231,-10.405463],[-77.630734,-10.408588],[-77.634556,-10.412266],[-77.645299,-10.40866],[-77.654745,-10.417241],[-77.663025,-10.41833],[-77.665777,-10.427119],[-77.670463,-10.427479],[-77.676664,-10.431921],[-77.68392,-10.431386],[-77.688831,-10.438609],[-77.689156,-10.444456],[-77.687394,-10.451967],[-77.694121,-10.463584],[-77.697632,-10.464076],[-77.701196,-10.468581],[-77.704422,-10.47947],[-77.708396,-10.484914],[-77.707341,-10.489058],[-77.712407,-10.491654],[-77.709411,-10.5004],[-77.711892,-10.505066],[-77.716304,-10.503061],[-77.721194,-10.504078],[-77.721883,-10.511888],[-77.728576,-10.513697],[-77.737942,-10.520786],[-77.744624,-10.532267],[-77.742964,-10.546235],[-77.746462,-10.551538],[-77.744795,-10.560781],[-77.734215,-10.568066],[-77.731807,-10.566222],[-77.727964,-10.557722],[-77.727557,-10.552705],[-77.720906,-10.554555],[-77.715732,-10.559692],[-77.710083,-10.56017],[-77.708305,-10.547445],[-77.698402,-10.543937],[-77.694001,-10.539502],[-77.687777,-10.537301],[-77.683822,-10.538745],[-77.676154,-10.537645],[-77.670171,-10.54098],[-77.663501,-10.533312],[-77.658583,-10.530871],[-77.651391,-10.530133],[-77.642564,-10.518525],[-77.641075,-10.513852],[-77.635298,-10.516291],[-77.629948,-10.512128],[-77.630097,-10.506867],[-77.624742,-10.502035],[-77.620232,-10.505706],[-77.614413,-10.503267],[-77.610966,-10.506929],[-77.606422,-10.50668],[-77.601323,-10.509304],[-77.599652,-10.517446],[-77.612243,-10.520976],[-77.616333,-10.524672],[-77.612872,-10.538183],[-77.614584,-10.546393],[-77.621073,-10.548156],[-77.625284,-10.554624],[-77.630811,-10.556873],[-77.631226,-10.56012],[-77.638209,-10.563026],[-77.639493,-10.577646],[-77.645337,-10.582856],[-77.644705,-10.588121],[-77.638163,-10.602902],[-77.628472,-10.611206],[-77.619508,-10.614246],[-77.617938,-10.600106],[-77.607055,-10.594406],[-77.60494,-10.590129],[-77.595992,-10.585414],[-77.57665,-10.583748],[-77.573258,-10.592915],[-77.574185,-10.598741],[-77.574115,-10.614662],[-77.577465,-10.619816],[-77.582664,-10.621852],[-77.582974,-10.63893],[-77.58805,-10.643481],[-77.583041,-10.652972],[-77.576215,-10.65736],[-77.574196,-10.662541],[-77.574035,-10.675971],[-77.572759,-10.686257],[-77.574537,-10.694308],[-77.570841,-10.700808],[-77.566709,-10.703807],[-77.564166,-10.71186],[-77.575696,-10.716887],[-77.578564,-10.723711],[-77.577174,-10.72857],[-77.584686,-10.741452],[-77.588799,-10.757682],[-77.585207,-10.764185],[-77.592071,-10.77522],[-77.59328,-10.780948],[-77.588908,-10.784418],[-77.57371,-10.774705],[-77.551096,-10.752248],[-77.542933,-10.750842],[-77.535516,-10.742463],[-77.526573,-10.736295],[-77.521732,-10.734572],[-77.512275,-10.733951],[-77.504295,-10.736012],[-77.50174,-10.740721],[-77.49496,-10.746103],[-77.471108,-10.741871],[-77.464961,-10.73629],[-77.459875,-10.73709],[-77.452654,-10.728932],[-77.44156,-10.72635],[-77.436139,-10.72364],[-77.425064,-10.729699],[-77.41543,-10.72998],[-77.394385,-10.716778],[-77.391326,-10.710199],[-77.386294,-10.705529],[-77.394796,-10.701823],[-77.403794,-10.690968],[-77.40423,-10.686774],[-77.401629,-10.676055],[-77.399195,-10.672501],[-77.39531,-10.66154],[-77.3889,-10.657651],[-77.382316,-10.64615],[-77.380112,-10.639444],[-77.371127,-10.640153],[-77.367305,-10.638301],[-77.362654,-10.631129],[-77.361394,-10.625612],[-77.357689,-10.621789],[-77.348546,-10.607799],[-77.34376,-10.607644],[-77.342475,-10.601021],[-77.336574,-10.594902],[-77.327533,-10.594102],[-77.316723,-10.582621],[-77.310629,-10.567691],[-77.299162,-10.562199],[-77.292279,-10.556646],[-77.284355,-10.558502],[-77.277764,-10.556281],[-77.272217,-10.561049],[-77.269426,-10.560228],[-77.267264,-10.550537],[-77.251871,-10.545242],[-77.242152,-10.547687],[-77.236769,-10.544807],[-77.225271,-10.546162],[-77.220822,-10.551209],[-77.209299,-10.555394],[-77.196982,-10.554937],[-77.190988,-10.552133],[-77.188506,-10.547133],[-77.188576,-10.541574],[-77.183348,-10.53843],[-77.18059,-10.533314],[-77.1811,-10.523893],[-77.170832,-10.517305],[-77.16682,-10.504131],[-77.167852,-10.49448],[-77.171049,-10.487107],[-77.175603,-10.484072],[-77.176587,-10.475594],[-77.174625,-10.464602],[-77.165223,-10.457383],[-77.150018,-10.451094],[-77.149776,-10.446131],[-77.144764,-10.443853],[-77.138245,-10.426469],[-77.128291,-10.421212],[-77.12731,-10.417777],[-77.12113,-10.413117],[-77.11655,-10.406352],[-77.110986,-10.403342],[-77.110885,-10.39209],[-77.105125,-10.387363],[-77.0902,-10.37263],[-77.088996,-10.360137],[-77.080771,-10.35768],[-77.073906,-10.347715],[-77.071612,-10.338104],[-77.066884,-10.334737],[-77.062327,-10.334635],[-77.05328,-10.339838],[-77.047396,-10.338784],[-77.046172,-10.334635],[-77.033988,-10.332541],[-77.028861,-10.327731],[-77.024712,-10.327527],[-77.023045,-10.322051],[-77.019066,-10.321167],[-77.013624,-10.315589],[-77.009101,-10.307767],[-77.00672,-10.284232],[-76.99985,-10.283347],[-76.999481,-10.289893],[-76.989852,-10.295853],[-76.97991,-10.297062],[-76.974849,-10.303828],[-76.965451,-10.305379],[-76.961482,-10.300509],[-76.962268,-10.297207],[-76.953301,-10.293107],[-76.951157,-10.288929],[-76.942929,-10.287516],[-76.937828,-10.283207],[-76.938116,-10.2797],[-76.930745,-10.276778],[-76.920859,-10.275426],[-76.91684,-10.27808],[-76.91183,-10.277503],[-76.906246,-10.274186],[-76.905029,-10.268957],[-76.906693,-10.256996],[-76.902801,-10.25207],[-76.904935,-10.237414],[-76.913449,-10.230449],[-76.916004,-10.225268],[-76.916217,-10.217521],[-76.912275,-10.210744],[-76.909437,-10.199018],[-76.913918,-10.189941],[-76.910617,-10.178832],[-76.908535,-10.176783],[-76.912613,-10.163291],[-76.910689,-10.159953],[-76.915041,-10.133771],[-76.913564,-10.131398],[-76.915465,-10.119914],[-76.910633,-10.116213],[-76.901943,-10.113342],[-76.885807,-10.113377],[-76.879887,-10.116553],[-76.875025,-10.104021],[-76.872684,-10.094887],[-76.864135,-10.094769],[-76.856641,-10.098518],[-76.85358,-10.101779],[-76.8485,-10.097932],[-76.846039,-10.08874],[-76.838025,-10.085115],[-76.822033,-10.083807],[-76.808422,-10.084846],[-76.807736,-10.081008],[-76.810867,-10.076471],[-76.810459,-10.070709],[-76.813031,-10.058937],[-76.809035,-10.054105],[-76.812006,-10.050896],[-76.811297,-10.04399],[-76.815213,-10.022539],[-76.821557,-10.019367],[-76.825027,-10.009232],[-76.823266,-9.995623],[-76.825615,-9.989293],[-76.817719,-9.978527],[-76.817129,-9.972285],[-76.81406,-9.967353],[-76.813676,-9.961572],[-76.818033,-9.952285],[-76.825189,-9.945326],[-76.82898,-9.938422],[-76.838937,-9.934555],[-76.84375,-9.923922],[-76.840373,-9.917728],[-76.841935,-9.911725],[-76.845732,-9.910213],[-76.850752,-9.894557],[-76.859021,-9.888592],[-76.859207,-9.882943],[-76.862105,-9.875451],[-76.869283,-9.870014],[-76.872982,-9.863766],[-76.871318,-9.857693],[-76.872252,-9.850969],[-76.875291,-9.848019],[-76.880797,-9.833029],[-76.884057,-9.828074],[-76.891385,-9.821131],[-76.895211,-9.815602],[-76.900574,-9.799832],[-76.903078,-9.785148],[-76.903109,-9.775676],[-76.901383,-9.770496],[-76.903732,-9.765303],[-76.911912,-9.763666],[-76.911265,-9.758992],[-76.917353,-9.743662],[-76.925332,-9.740084],[-76.928117,-9.734607],[-76.934574,-9.72892],[-76.93466,-9.719988],[-76.937725,-9.716431],[-76.941365,-9.705912],[-76.945709,-9.703094],[-76.951742,-9.704783],[-76.954144,-9.710357],[-76.961613,-9.713457],[-76.970394,-9.711488],[-76.981043,-9.724568],[-76.980295,-9.740285],[-76.976283,-9.747861],[-76.973494,-9.748039],[-76.969781,-9.758344],[-76.974277,-9.760236],[-76.982393,-9.754199],[-76.986506,-9.749105],[-76.986746,-9.743127],[-76.995178,-9.736572],[-77.002371,-9.725404],[-77.010232,-9.717277],[-77.020611,-9.711314],[-77.023842,-9.704326],[-77.022273,-9.702248],[-77.028154,-9.694389],[-77.030875,-9.684818],[-77.041082,-9.666926],[-77.041353,-9.658859],[-77.047307,-9.653937],[-77.048488,-9.647461],[-77.04531,-9.645533],[-77.044639,-9.63985],[-77.047164,-9.635865],[-77.045678,-9.629152],[-77.038516,-9.622984],[-77.031797,-9.619643],[-77.029185,-9.614236],[-77.023674,-9.610658],[-77.016281,-9.614318],[-77.012666,-9.609978],[-76.995271,-9.603443],[-76.98824,-9.591748],[-76.990209,-9.579365],[-76.982968,-9.576972],[-76.981516,-9.565424],[-76.959826,-9.559684],[-76.955111,-9.560299],[-76.952908,-9.548521],[-76.955096,-9.542689],[-76.949084,-9.537004],[-76.945191,-9.535844],[-76.93801,-9.526578],[-76.938234,-9.515049],[-76.940189,-9.507521],[-76.938107,-9.503885],[-76.938619,-9.491699],[-76.947678,-9.478975],[-76.952334,-9.469697],[-76.948084,-9.45608],[-76.948666,-9.453139],[-76.940416,-9.448582],[-76.930672,-9.434461],[-76.929244,-9.426135],[-76.936291,-9.408977],[-76.935236,-9.398549],[-76.930652,-9.393141],[-76.924133,-9.391531],[-76.922959,-9.379098],[-76.9179,-9.369508],[-76.909586,-9.368549],[-76.900105,-9.357144],[-76.899189,-9.34848],[-76.897002,-9.345826],[-76.892916,-9.331961],[-76.881832,-9.326682],[-76.878408,-9.318557],[-76.870264,-9.314428],[-76.866199,-9.30533],[-76.870098,-9.300914],[-76.868727,-9.29275],[-76.862582,-9.289613],[-76.856352,-9.29007],[-76.852514,-9.283521],[-76.85343,-9.279051],[-76.847943,-9.272184],[-76.846707,-9.264213],[-76.842295,-9.261734],[-76.833965,-9.266008],[-76.832471,-9.281467],[-76.829455,-9.290613],[-76.822592,-9.30416],[-76.815041,-9.316273],[-76.814375,-9.326008],[-76.804568,-9.331629],[-76.79384,-9.332928],[-76.788541,-9.339658],[-76.779336,-9.34543],[-76.773857,-9.353328],[-76.769791,-9.362711],[-76.764135,-9.366998],[-76.757488,-9.362197],[-76.75082,-9.348654],[-76.745797,-9.335826],[-76.740334,-9.330803],[-76.739,-9.317086],[-76.743764,-9.305932],[-76.742541,-9.30023],[-76.744644,-9.297131],[-76.739445,-9.284855],[-76.739564,-9.274006],[-76.725744,-9.256635],[-76.730137,-9.247539],[-76.727707,-9.232973],[-76.734078,-9.215375],[-76.733734,-9.208967],[-76.741426,-9.196025],[-76.751435,-9.185891],[-76.758941,-9.179537],[-76.76574,-9.170301],[-76.76767,-9.164801],[-76.767394,-9.158156],[-76.7701,-9.154641],[-76.784961,-9.144814],[-76.788775,-9.141037],[-76.78858,-9.136238],[-76.797203,-9.132443],[-76.816887,-9.129643],[-76.823037,-9.123547],[-76.832109,-9.122477],[-76.836643,-9.119078],[-76.841371,-9.119297],[-76.850437,-9.114623],[-76.858312,-9.115527],[-76.867814,-9.114434],[-76.882344,-9.106189],[-76.888855,-9.101318],[-76.897189,-9.098436],[-76.897961,-9.095492],[-76.905887,-9.088596],[-76.915695,-9.076459],[-76.922459,-9.074566],[-76.929371,-9.070662],[-76.938646,-9.073768],[-76.944965,-9.074416],[-76.950654,-9.067885],[-76.957,-9.065953],[-76.961975,-9.067447],[-76.965441,-9.061061],[-76.970398,-9.060697],[-76.973945,-9.063353],[-76.980102,-9.062918],[-76.981049,-9.057541],[-76.987289,-9.050881],[-76.995586,-9.046885],[-77.000477,-9.041082],[-77.002787,-9.032619],[-77.016775,-9.026621],[-77.022086,-9.019824],[-77.0269,-9.018551],[-77.034123,-9.011967],[-77.033158,-9.004057],[-77.037187,-8.999289],[-77.054506,-8.992227],[-77.061422,-8.992377],[-77.071361,-8.98798],[-77.073842,-8.984404],[-77.08585,-8.977928],[-77.093156,-8.97173],[-77.098133,-8.974828],[-77.109797,-8.970205],[-77.107361,-8.963631],[-77.10249,-8.960467],[-77.10292,-8.954521],[-77.106068,-8.948914],[-77.110504,-8.949355],[-77.11742,-8.944973],[-77.123506,-8.944832],[-77.123914,-8.934967],[-77.130535,-8.931814],[-77.133461,-8.924135],[-77.129633,-8.919875],[-77.131633,-8.915625],[-77.138977,-8.911426],[-77.138096,-8.908268],[-77.147865,-8.895512],[-77.15516,-8.900379],[-77.159318,-8.897414],[-77.164836,-8.889098],[-77.164883,-8.881244],[-77.172504,-8.876617],[-77.170644,-8.872769],[-77.173068,-8.8624],[-77.169969,-8.857519],[-77.171264,-8.853457],[-77.177119,-8.847219],[-77.17732,-8.839592],[-77.17417,-8.836272],[-77.178553,-8.830689],[-77.184967,-8.8279],[-77.195734,-8.814992],[-77.199072,-8.803637],[-77.200133,-8.793588],[-77.206047,-8.782342],[-77.217127,-8.776898],[-77.221969,-8.773146],[-77.224168,-8.765459],[-77.224129,-8.756734],[-77.22749,-8.742826],[-77.232437,-8.740752],[-77.248168,-8.727309],[-77.249195,-8.72058],[-77.246393,-8.718746],[-77.24774,-8.709777],[-77.246295,-8.702348],[-77.251357,-8.697496],[-77.250471,-8.692478],[-77.251717,-8.683391],[-77.254434,-8.677344],[-77.258025,-8.674109],[-77.261629,-8.664467],[-77.258568,-8.656461],[-77.260596,-8.648521],[-77.269264,-8.644533],[-77.285117,-8.644348],[-77.29317,-8.637883],[-77.29485,-8.632934],[-77.292941,-8.619066],[-77.290473,-8.61501],[-77.291307,-8.606381],[-77.288299,-8.597336],[-77.289027,-8.589305],[-77.294828,-8.583469],[-77.297154,-8.578396],[-77.296713,-8.57002],[-77.305008,-8.565437],[-77.31132,-8.554635],[-77.315031,-8.543121],[-77.310518,-8.535648],[-77.313432,-8.529879],[-77.317486,-8.530152]]]},"properties":{"province":"Ancash"}},{"type":"Feature","geometry":{"type":"Polygon","coordinates":[[[-73.211876,-13.419065],[-73.209348,-13.430101],[-73.215569,-13.438235],[-73.218832,-13.445617],[-73.223182,-13.449781],[-73.220149,-13.463082],[-73.223565,-13.46906],[-73.233903,-13.476587],[-73.239989,-13.475395],[-73.245015,-13.465582],[-73.261021,-13.467734],[-73.271131,-13.461084],[-73.274395,-13.460536],[-73.282155,-13.454899],[-73.290934,-13.456186],[-73.302234,-13.451936],[-73.304649,-13.448952],[-73.313202,-13.447183],[-73.317076,-13.453826],[-73.325242,-13.457315],[-73.331793,-13.456378],[-73.334386,-13.44968],[-73.33298,-13.444401],[-73.341161,-13.441309],[-73.347163,-13.434832],[-73.365987,-13.436764],[-73.367979,-13.441361],[-73.376125,-13.440016],[-73.386639,-13.43986],[-73.397118,-13.442124],[-73.403323,-13.444751],[-73.409581,-13.43673],[-73.415407,-13.435759],[-73.418235,-13.4382],[-73.428922,-13.437868],[-73.431155,-13.432689],[-73.436084,-13.429961],[-73.442348,-13.431402],[-73.451918,-13.42992],[-73.461484,-13.434041],[-73.469426,-13.429217],[-73.474098,-13.432914],[-73.48091,-13.431371],[-73.486682,-13.422566],[-73.488326,-13.4119],[-73.498512,-13.392904],[-73.506652,-13.3845],[-73.511096,-13.382975],[-73.520689,-13.387695],[-73.527184,-13.383658],[-73.530301,-13.373477],[-73.539836,-13.370521],[-73.544285,-13.363871],[-73.550525,-13.363773],[-73.558504,-13.366213],[-73.5615,-13.363398],[-73.570173,-13.363323],[-73.572857,-13.360065],[-73.574175,-13.351099],[-73.57176,-13.341834],[-73.573629,-13.3389],[-73.581396,-13.336977],[-73.586701,-13.339336],[-73.590734,-13.336775],[-73.594932,-13.330484],[-73.598914,-13.327957],[-73.608536,-13.330775],[-73.611292,-13.323297],[-73.615014,-13.323793],[-73.624705,-13.32141],[-73.627652,-13.313695],[-73.635723,-13.31066],[-73.641949,-13.299478],[-73.652898,-13.293031],[-73.660029,-13.290393],[-73.66148,-13.284285],[-73.664504,-13.281549],[-73.673533,-13.284844],[-73.681947,-13.280477],[-73.687641,-13.281193],[-73.687568,-13.276441],[-73.696379,-13.271609],[-73.700187,-13.265102],[-73.706578,-13.269324],[-73.72128,-13.267886],[-73.726223,-13.268662],[-73.726736,-13.261744],[-73.736336,-13.254907],[-73.730863,-13.242649],[-73.73435,-13.23092],[-73.734982,-13.222547],[-73.738506,-13.217738],[-73.740092,-13.211484],[-73.732225,-13.201076],[-73.728262,-13.198025],[-73.730357,-13.183664],[-73.737551,-13.177193],[-73.75644,-13.170715],[-73.772988,-13.176227],[-73.773934,-13.185154],[-73.786424,-13.192205],[-73.797029,-13.199943],[-73.799355,-13.203953],[-73.799967,-13.214543],[-73.807367,-13.213873],[-73.810019,-13.23376],[-73.813495,-13.238801],[-73.812809,-13.24224],[-73.823214,-13.247333],[-73.822993,-13.257506],[-73.826323,-13.268929],[-73.821725,-13.272928],[-73.820561,-13.277577],[-73.822821,-13.285052],[-73.81352,-13.298881],[-73.807956,-13.303796],[-73.806834,-13.314784],[-73.812927,-13.314431],[-73.82073,-13.318102],[-73.823208,-13.324497],[-73.828319,-13.326494],[-73.831986,-13.330664],[-73.827994,-13.336509],[-73.830223,-13.340308],[-73.828667,-13.344535],[-73.831605,-13.352401],[-73.83232,-13.358959],[-73.834832,-13.36115],[-73.834944,-13.368822],[-73.837955,-13.373744],[-73.838908,-13.386783],[-73.842505,-13.389633],[-73.846961,-13.397432],[-73.846513,-13.402534],[-73.838442,-13.412821],[-73.839302,-13.419453],[-73.833337,-13.425507],[-73.827387,-13.433736],[-73.829492,-13.440037],[-73.82905,-13.445226],[-73.838553,-13.454167],[-73.834136,-13.461435],[-73.835006,-13.469546],[-73.831002,-13.476188],[-73.823116,-13.484335],[-73.822725,-13.492444],[-73.819994,-13.50292],[-73.814244,-13.509212],[-73.814865,-13.514648],[-73.811013,-13.521267],[-73.811387,-13.527492],[-73.809087,-13.534116],[-73.809765,-13.538468],[-73.805726,-13.547386],[-73.804089,-13.559012],[-73.807096,-13.562432],[-73.806849,-13.570263],[-73.804932,-13.576418],[-73.801175,-13.581021],[-73.80249,-13.585061],[-73.798708,-13.592483],[-73.799319,-13.596147],[-73.795796,-13.60432],[-73.805778,-13.612658],[-73.80536,-13.61587],[-73.79899,-13.622781],[-73.796246,-13.634287],[-73.791921,-13.64096],[-73.78272,-13.6408],[-73.779402,-13.644506],[-73.7705,-13.64546],[-73.76498,-13.649601],[-73.761147,-13.648322],[-73.750651,-13.656275],[-73.74362,-13.655562],[-73.732365,-13.667666],[-73.727762,-13.669079],[-73.730116,-13.676774],[-73.727133,-13.684316],[-73.721797,-13.681398],[-73.71349,-13.691158],[-73.715614,-13.699955],[-73.711984,-13.707353],[-73.701928,-13.705284],[-73.689816,-13.719229],[-73.685452,-13.722733],[-73.679399,-13.724529],[-73.669533,-13.734849],[-73.67354,-13.738145],[-73.682718,-13.739956],[-73.687445,-13.747184],[-73.692918,-13.749423],[-73.709163,-13.751911],[-73.716404,-13.750394],[-73.728489,-13.75727],[-73.734404,-13.754099],[-73.739987,-13.756234],[-73.747888,-13.763366],[-73.743258,-13.769825],[-73.741302,-13.778608],[-73.743264,-13.787334],[-73.740724,-13.792624],[-73.733544,-13.80144],[-73.72869,-13.816115],[-73.723602,-13.821988],[-73.722027,-13.826861],[-73.718421,-13.828474],[-73.71465,-13.834558],[-73.697779,-13.847416],[-73.693339,-13.863494],[-73.692831,-13.87648],[-73.694925,-13.883131],[-73.689086,-13.89076],[-73.684745,-13.902425],[-73.685469,-13.905103],[-73.67915,-13.916318],[-73.663025,-13.923715],[-73.656471,-13.929951],[-73.656164,-13.936125],[-73.653451,-13.943454],[-73.650039,-13.945346],[-73.647068,-13.95407],[-73.642217,-13.962442],[-73.64276,-13.978536],[-73.631123,-13.987113],[-73.630273,-13.991498],[-73.625894,-13.994906],[-73.627197,-14.000639],[-73.623357,-14.008686],[-73.618322,-14.026135],[-73.621852,-14.029353],[-73.620115,-14.04092],[-73.625781,-14.049019],[-73.618402,-14.058963],[-73.616158,-14.068445],[-73.613035,-14.073662],[-73.614498,-14.077],[-73.611102,-14.088719],[-73.608844,-14.092318],[-73.603729,-14.093412],[-73.591775,-14.109562],[-73.586625,-14.110342],[-73.582682,-14.119853],[-73.581937,-14.130594],[-73.577283,-14.147176],[-73.572934,-14.149113],[-73.569312,-14.155059],[-73.564853,-14.167711],[-73.557721,-14.176176],[-73.553133,-14.192113],[-73.545201,-14.196984],[-73.544059,-14.208664],[-73.534211,-14.215682],[-73.528623,-14.221115],[-73.528844,-14.227754],[-73.523363,-14.22833],[-73.51883,-14.246902],[-73.521121,-14.250127],[-73.517576,-14.259539],[-73.518143,-14.263225],[-73.51225,-14.268158],[-73.513967,-14.274975],[-73.513539,-14.281861],[-73.515857,-14.294312],[-73.515144,-14.300129],[-73.517191,-14.309361],[-73.523063,-14.314468],[-73.52801,-14.322562],[-73.533835,-14.354294],[-73.542176,-14.365494],[-73.546991,-14.366544],[-73.548342,-14.373515],[-73.553506,-14.377507],[-73.555153,-14.388926],[-73.553857,-14.40122],[-73.559636,-14.409907],[-73.573016,-14.415897],[-73.581826,-14.41642],[-73.579609,-14.425256],[-73.573892,-14.431974],[-73.574733,-14.443288],[-73.57256,-14.452894],[-73.568988,-14.45933],[-73.563171,-14.459891],[-73.551405,-14.465004],[-73.551825,-14.472675],[-73.554561,-14.480695],[-73.545766,-14.482693],[-73.540352,-14.485953],[-73.535057,-14.491545],[-73.536684,-14.498197],[-73.533162,-14.506294],[-73.529003,-14.510164],[-73.523856,-14.511588],[-73.522222,-14.516153],[-73.522245,-14.526986],[-73.520752,-14.533548],[-73.51174,-14.538525],[-73.507012,-14.544309],[-73.510535,-14.548832],[-73.51165,-14.563664],[-73.519119,-14.570672],[-73.525619,-14.572203],[-73.533379,-14.581021],[-73.532997,-14.588917],[-73.529924,-14.594924],[-73.521024,-14.61943],[-73.513361,-14.633097],[-73.510061,-14.650101],[-73.519674,-14.669899],[-73.523082,-14.673049],[-73.529704,-14.674271],[-73.540519,-14.67335],[-73.54365,-14.676625],[-73.553225,-14.680373],[-73.562119,-14.680119],[-73.571099,-14.687272],[-73.571611,-14.695166],[-73.5751,-14.69958],[-73.571221,-14.707184],[-73.576732,-14.711686],[-73.576103,-14.717646],[-73.570299,-14.719672],[-73.567713,-14.733533],[-73.565057,-14.733705],[-73.562551,-14.743602],[-73.564477,-14.747162],[-73.562379,-14.754244],[-73.565281,-14.775834],[-73.558795,-14.78283],[-73.549572,-14.801434],[-73.543006,-14.802016],[-73.534221,-14.798836],[-73.528187,-14.801703],[-73.515891,-14.816978],[-73.5145,-14.825533],[-73.509467,-14.824957],[-73.503492,-14.828588],[-73.499355,-14.828752],[-73.494861,-14.834631],[-73.485027,-14.84257],[-73.471055,-14.838639],[-73.465621,-14.84026],[-73.463112,-14.837322],[-73.457823,-14.823307],[-73.454729,-14.821014],[-73.454121,-14.805821],[-73.4497,-14.799951],[-73.441276,-14.793335],[-73.439922,-14.786954],[-73.437132,-14.784246],[-73.424826,-14.777751],[-73.418231,-14.772099],[-73.409119,-14.771207],[-73.404549,-14.765496],[-73.40158,-14.754041],[-73.400695,-14.744123],[-73.398479,-14.736075],[-73.390403,-14.716062],[-73.380865,-14.704064],[-73.370865,-14.696617],[-73.370094,-14.688159],[-73.364368,-14.681649],[-73.358269,-14.683389],[-73.352242,-14.694572],[-73.350807,-14.704029],[-73.341865,-14.707789],[-73.32833,-14.717361],[-73.314156,-14.715863],[-73.296798,-14.723753],[-73.289727,-14.732734],[-73.284239,-14.734101],[-73.27995,-14.731632],[-73.265373,-14.715521],[-73.263621,-14.709789],[-73.25611,-14.70901],[-73.245083,-14.712378],[-73.227648,-14.709716],[-73.218275,-14.701612],[-73.211066,-14.705844],[-73.202297,-14.70452],[-73.190412,-14.705775],[-73.185071,-14.698996],[-73.178073,-14.685446],[-73.174789,-14.6859],[-73.161623,-14.681674],[-73.153237,-14.674345],[-73.147295,-14.677779],[-73.131957,-14.681526],[-73.125301,-14.68116],[-73.122468,-14.683853],[-73.121147,-14.691579],[-73.11341,-14.693473],[-73.106489,-14.690654],[-73.10464,-14.682995],[-73.110055,-14.669921],[-73.104442,-14.667874],[-73.102329,-14.658762],[-73.096519,-14.650443],[-73.078427,-14.656055],[-73.064896,-14.665566],[-73.057628,-14.661139],[-73.046249,-14.658693],[-73.040196,-14.651499],[-73.041847,-14.645623],[-73.043295,-14.623731],[-73.035854,-14.624572],[-73.030613,-14.627613],[-73.022288,-14.62716],[-73.019506,-14.630611],[-73.014666,-14.630906],[-73.009412,-14.637389],[-73.006704,-14.650858],[-72.998489,-14.662469],[-72.985045,-14.66031],[-72.982394,-14.65421],[-72.978508,-14.65175],[-72.973784,-14.652568],[-72.971115,-14.659677],[-72.962607,-14.669163],[-72.955307,-14.682684],[-72.933732,-14.695455],[-72.926996,-14.688437],[-72.91879,-14.685162],[-72.911794,-14.696761],[-72.908742,-14.698248],[-72.897839,-14.698802],[-72.890595,-14.700671],[-72.885399,-14.70597],[-72.876659,-14.708522],[-72.869401,-14.707371],[-72.865637,-14.710684],[-72.864313,-14.726675],[-72.857003,-14.728127],[-72.854118,-14.733007],[-72.855837,-14.7387],[-72.851746,-14.744262],[-72.851935,-14.752205],[-72.850206,-14.757557],[-72.846825,-14.759824],[-72.842567,-14.75766],[-72.839699,-14.744986],[-72.833359,-14.736281],[-72.832748,-14.72034],[-72.826897,-14.71201],[-72.828575,-14.702628],[-72.820496,-14.692534],[-72.817924,-14.687434],[-72.805931,-14.675565],[-72.803169,-14.667077],[-72.79789,-14.658968],[-72.791656,-14.654965],[-72.789696,-14.650213],[-72.77948,-14.660707],[-72.770409,-14.664713],[-72.761574,-14.662916],[-72.743774,-14.649703],[-72.741585,-14.644911],[-72.729355,-14.64655],[-72.723,-14.657297],[-72.726067,-14.666189],[-72.724709,-14.6759],[-72.71521,-14.680074],[-72.701675,-14.678471],[-72.697632,-14.679064],[-72.695854,-14.683874],[-72.690643,-14.688656],[-72.679039,-14.678779],[-72.66951,-14.676044],[-72.663269,-14.676187],[-72.657135,-14.67401],[-72.651833,-14.669034],[-72.644821,-14.667281],[-72.634712,-14.668667],[-72.625267,-14.675466],[-72.611015,-14.676129],[-72.605225,-14.681958],[-72.605141,-14.687034],[-72.599373,-14.691679],[-72.602158,-14.702789],[-72.594475,-14.708804],[-72.591927,-14.713619],[-72.585098,-14.707863],[-72.586876,-14.703268],[-72.584564,-14.696201],[-72.577248,-14.686617],[-72.560776,-14.678381],[-72.554321,-14.678422],[-72.551025,-14.675201],[-72.543404,-14.674646],[-72.53318,-14.669371],[-72.525391,-14.667129],[-72.519196,-14.670021],[-72.511154,-14.671439],[-72.505661,-14.664681],[-72.482811,-14.664869],[-72.477097,-14.658203],[-72.471771,-14.661399],[-72.466743,-14.651942],[-72.463778,-14.642502],[-72.465209,-14.634426],[-72.464892,-14.620746],[-72.462185,-14.613911],[-72.461699,-14.60587],[-72.467424,-14.601985],[-72.46943,-14.591176],[-72.474906,-14.589004],[-72.477818,-14.585151],[-72.483986,-14.582016],[-72.484701,-14.573599],[-72.487939,-14.569067],[-72.493834,-14.566102],[-72.500565,-14.557103],[-72.50291,-14.551662],[-72.494201,-14.545635],[-72.49409,-14.538285],[-72.491639,-14.53354],[-72.481495,-14.524463],[-72.473173,-14.519543],[-72.463894,-14.510231],[-72.459759,-14.504466],[-72.451643,-14.502292],[-72.4427,-14.494598],[-72.440497,-14.488859],[-72.440498,-14.481748],[-72.427461,-14.479023],[-72.408571,-14.48373],[-72.399275,-14.48417],[-72.393082,-14.48185],[-72.381865,-14.467474],[-72.368557,-14.463809],[-72.363921,-14.459757],[-72.363885,-14.449473],[-72.357396,-14.439994],[-72.357625,-14.435964],[-72.343865,-14.428876],[-72.338768,-14.428335],[-72.325945,-14.438742],[-72.317199,-14.440689],[-72.311113,-14.437085],[-72.305691,-14.428754],[-72.298175,-14.428588],[-72.2931,-14.426661],[-72.28902,-14.422485],[-72.292425,-14.419369],[-72.29567,-14.411884],[-72.287252,-14.410097],[-72.280446,-14.410784],[-72.269783,-14.404452],[-72.254364,-14.404091],[-72.249505,-14.402926],[-72.247361,-14.395464],[-72.248742,-14.386142],[-72.240389,-14.36151],[-72.239516,-14.348472],[-72.224546,-14.349082],[-72.220595,-14.339564],[-72.216217,-14.334086],[-72.207545,-14.331774],[-72.205577,-14.32025],[-72.199164,-14.315267],[-72.187107,-14.313224],[-72.186594,-14.3048],[-72.176445,-14.299437],[-72.170282,-14.291179],[-72.169961,-14.273833],[-72.161168,-14.263795],[-72.151611,-14.258294],[-72.143207,-14.25617],[-72.136273,-14.259819],[-72.125929,-14.254002],[-72.121817,-14.248898],[-72.115676,-14.245558],[-72.107817,-14.235651],[-72.099236,-14.229426],[-72.09561,-14.220145],[-72.09165,-14.217833],[-72.085794,-14.209065],[-72.077559,-14.204682],[-72.081488,-14.202303],[-72.082275,-14.197256],[-72.088652,-14.191273],[-72.095195,-14.173734],[-72.08942,-14.169875],[-72.087904,-14.163225],[-72.069926,-14.149906],[-72.066465,-14.144228],[-72.061943,-14.142234],[-72.062941,-14.138037],[-72.060236,-14.131887],[-72.05667,-14.128811],[-72.064436,-14.115881],[-72.057557,-14.106898],[-72.064408,-14.091289],[-72.061766,-14.082396],[-72.067902,-14.076543],[-72.066279,-14.068994],[-72.063424,-14.064154],[-72.062625,-14.044695],[-72.057715,-14.039133],[-72.057752,-14.034709],[-72.053152,-14.031525],[-72.051299,-14.025518],[-72.053853,-14.022992],[-72.051674,-14.012387],[-72.054355,-14.002928],[-72.055512,-13.99251],[-72.058152,-13.987096],[-72.058732,-13.976525],[-72.056805,-13.972019],[-72.060123,-13.965676],[-72.056047,-13.952391],[-72.057502,-13.947969],[-72.05492,-13.9379],[-72.055731,-13.930124],[-72.05855,-13.928676],[-72.062012,-13.920875],[-72.069709,-13.915506],[-72.077826,-13.906728],[-72.079816,-13.900596],[-72.081113,-13.889477],[-72.085852,-13.885885],[-72.090947,-13.885811],[-72.093262,-13.87509],[-72.099014,-13.867422],[-72.10473,-13.856078],[-72.108457,-13.831783],[-72.112918,-13.822916],[-72.119326,-13.821533],[-72.119519,-13.817986],[-72.125176,-13.808215],[-72.125062,-13.80542],[-72.130569,-13.793179],[-72.129849,-13.790036],[-72.135332,-13.783065],[-72.147552,-13.779242],[-72.153787,-13.771347],[-72.154014,-13.765152],[-72.162355,-13.757022],[-72.161836,-13.753151],[-72.166359,-13.747415],[-72.177093,-13.744122],[-72.181336,-13.745555],[-72.189904,-13.745029],[-72.192463,-13.740607],[-72.206367,-13.728072],[-72.213752,-13.725562],[-72.223008,-13.725011],[-72.231875,-13.721723],[-72.228624,-13.715972],[-72.230927,-13.705277],[-72.244775,-13.698213],[-72.2435,-13.689185],[-72.250592,-13.692949],[-72.257874,-13.687968],[-72.261369,-13.682194],[-72.26616,-13.685008],[-72.277418,-13.684148],[-72.282756,-13.690939],[-72.290283,-13.690056],[-72.297286,-13.696478],[-72.299166,-13.704445],[-72.31234,-13.70849],[-72.316383,-13.705141],[-72.31485,-13.698477],[-72.334223,-13.691008],[-72.341865,-13.684207],[-72.349859,-13.683672],[-72.357922,-13.679045],[-72.369437,-13.66566],[-72.378896,-13.661549],[-72.387932,-13.664061],[-72.401748,-13.659506],[-72.404441,-13.653836],[-72.398475,-13.648318],[-72.400003,-13.633323],[-72.40463,-13.625244],[-72.409476,-13.620248],[-72.418316,-13.614724],[-72.421398,-13.60608],[-72.430878,-13.604324],[-72.436161,-13.605394],[-72.451287,-13.599968],[-72.45835,-13.594965],[-72.459614,-13.590548],[-72.466321,-13.587797],[-72.476977,-13.588264],[-72.486406,-13.591903],[-72.490852,-13.589945],[-72.491771,-13.582619],[-72.494838,-13.579349],[-72.504922,-13.574171],[-72.513475,-13.573975],[-72.524951,-13.56662],[-72.53338,-13.572388],[-72.541933,-13.563797],[-72.544105,-13.557574],[-72.550661,-13.554528],[-72.563042,-13.551416],[-72.569047,-13.559518],[-72.575927,-13.562765],[-72.587616,-13.56039],[-72.592868,-13.558095],[-72.596189,-13.549893],[-72.602073,-13.544181],[-72.608854,-13.54394],[-72.621035,-13.540899],[-72.625836,-13.535561],[-72.636876,-13.542142],[-72.64216,-13.537052],[-72.642426,-13.531543],[-72.649206,-13.524313],[-72.648047,-13.519402],[-72.656768,-13.513355],[-72.66446,-13.517177],[-72.668365,-13.517284],[-72.672067,-13.5221],[-72.676222,-13.520088],[-72.680246,-13.51481],[-72.685713,-13.514775],[-72.6957,-13.510361],[-72.702102,-13.502977],[-72.709238,-13.501178],[-72.71041,-13.496433],[-72.716291,-13.490433],[-72.729701,-13.490555],[-72.731379,-13.485345],[-72.737449,-13.48299],[-72.745449,-13.482895],[-72.750618,-13.477581],[-72.751117,-13.472897],[-72.758866,-13.462617],[-72.774884,-13.449533],[-72.780649,-13.456536],[-72.789457,-13.457922],[-72.797021,-13.451239],[-72.797043,-13.445305],[-72.793,-13.436307],[-72.793413,-13.426124],[-72.797054,-13.422451],[-72.805748,-13.421941],[-72.816256,-13.426516],[-72.822537,-13.425299],[-72.826395,-13.421821],[-72.831177,-13.422267],[-72.838273,-13.42707],[-72.847869,-13.424397],[-72.865786,-13.415881],[-72.87718,-13.414736],[-72.880934,-13.417228],[-72.886308,-13.415865],[-72.889908,-13.407986],[-72.888838,-13.39943],[-72.89239,-13.396018],[-72.894086,-13.390127],[-72.901192,-13.387407],[-72.909243,-13.389277],[-72.910309,-13.384762],[-72.915224,-13.385688],[-72.925961,-13.383068],[-72.932115,-13.385226],[-72.943408,-13.386222],[-72.951914,-13.38961],[-72.962481,-13.388095],[-72.971462,-13.390228],[-72.976491,-13.388199],[-72.979046,-13.393858],[-72.9856,-13.397856],[-72.995169,-13.41032],[-72.99988,-13.410815],[-73.004713,-13.420393],[-73.01204,-13.423465],[-73.015126,-13.426669],[-73.021253,-13.424783],[-73.028023,-13.419819],[-73.03157,-13.413544],[-73.03888,-13.414935],[-73.04207,-13.412188],[-73.052969,-13.426338],[-73.058801,-13.436551],[-73.067267,-13.438342],[-73.074881,-13.443061],[-73.084468,-13.44513],[-73.088014,-13.444165],[-73.097288,-13.448876],[-73.103381,-13.448589],[-73.108883,-13.435743],[-73.113916,-13.434178],[-73.117896,-13.438663],[-73.126093,-13.440045],[-73.138,-13.427903],[-73.139417,-13.422923],[-73.14411,-13.419116],[-73.149873,-13.423279],[-73.148109,-13.433535],[-73.150951,-13.436308],[-73.157722,-13.437368],[-73.162651,-13.447825],[-73.167542,-13.452282],[-73.176193,-13.451213],[-73.180543,-13.445114],[-73.186124,-13.441134],[-73.184082,-13.431913],[-73.189744,-13.427362],[-73.190226,-13.424001],[-73.186347,-13.419063],[-73.188425,-13.415687],[-73.195386,-13.415439],[-73.204423,-13.411732],[-73.211876,-13.419065]]]},"properties":{"province":"Apurimac"}},{"type":"Feature","geometry":{"type":"Polygon","coordinates":[[[-71.038971,-15.405166],[-71.040497,-15.412178],[-71.044083,-15.418116],[-71.05304,-15.426529],[-71.057312,-15.428445],[-71.062134,-15.433956],[-71.075455,-15.438301],[-71.075439,-15.442649],[-71.071747,-15.449273],[-71.082016,-15.457074],[-71.088287,-15.458288],[-71.101791,-15.454826],[-71.108452,-15.44809],[-71.111565,-15.436775],[-71.119255,-15.427576],[-71.129425,-15.428174],[-71.138718,-15.437887],[-71.147057,-15.440704],[-71.153271,-15.439835],[-71.160118,-15.434189],[-71.162788,-15.434002],[-71.174332,-15.424457],[-71.17408,-15.411425],[-71.169044,-15.398091],[-71.171577,-15.38849],[-71.165779,-15.373951],[-71.15731,-15.369195],[-71.151154,-15.363941],[-71.150429,-15.356875],[-71.152702,-15.351936],[-71.153809,-15.340855],[-71.155731,-15.337013],[-71.162666,-15.332484],[-71.16624,-15.32087],[-71.162903,-15.30891],[-71.164871,-15.300928],[-71.163971,-15.293328],[-71.165398,-15.288882],[-71.180511,-15.275164],[-71.190163,-15.274388],[-71.196251,-15.268907],[-71.200676,-15.261867],[-71.196907,-15.252602],[-71.201836,-15.245445],[-71.196114,-15.237182],[-71.19178,-15.233249],[-71.183174,-15.233542],[-71.178284,-15.22869],[-71.171959,-15.216564],[-71.164413,-15.212351],[-71.160329,-15.207768],[-71.160519,-15.198295],[-71.169449,-15.188775],[-71.174377,-15.176426],[-71.179306,-15.170982],[-71.184463,-15.170215],[-71.180389,-15.16262],[-71.172737,-15.159146],[-71.172073,-15.154269],[-71.16835,-15.149042],[-71.158058,-15.147294],[-71.156021,-15.141671],[-71.14904,-15.137722],[-71.143814,-15.128976],[-71.143578,-15.120561],[-71.155701,-15.114535],[-71.161652,-15.109302],[-71.163299,-15.099719],[-71.167541,-15.095808],[-71.180008,-15.092298],[-71.182579,-15.088923],[-71.195358,-15.09019],[-71.20684,-15.071889],[-71.206543,-15.062187],[-71.209564,-15.059029],[-71.207687,-15.050492],[-71.216562,-15.050009],[-71.2238,-15.067406],[-71.227287,-15.06946],[-71.231659,-15.065277],[-71.240303,-15.061564],[-71.241905,-15.057804],[-71.253654,-15.057616],[-71.257202,-15.062506],[-71.264046,-15.062312],[-71.266922,-15.065906],[-71.260225,-15.076908],[-71.268307,-15.081267],[-71.277443,-15.08836],[-71.283096,-15.094785],[-71.287277,-15.097192],[-71.297562,-15.108617],[-71.306877,-15.11233],[-71.310089,-15.11876],[-71.315628,-15.120225],[-71.324905,-15.116888],[-71.327805,-15.110467],[-71.327972,-15.104316],[-71.331474,-15.098586],[-71.337883,-15.097384],[-71.345161,-15.092623],[-71.354248,-15.092304],[-71.358292,-15.083608],[-71.361847,-15.079143],[-71.369194,-15.081142],[-71.37268,-15.07911],[-71.379738,-15.064547],[-71.387512,-15.061262],[-71.396866,-15.04524],[-71.405868,-15.040055],[-71.41066,-15.035459],[-71.415932,-15.034668],[-71.418648,-15.030185],[-71.41925,-15.018882],[-71.42215,-15.012005],[-71.42823,-15.011178],[-71.430428,-15.007965],[-71.426727,-15.002124],[-71.430817,-14.998084],[-71.441383,-14.996675],[-71.445808,-14.991975],[-71.448263,-14.979428],[-71.457576,-14.979547],[-71.465044,-14.984069],[-71.468185,-14.982824],[-71.484009,-14.981377],[-71.494339,-14.978243],[-71.50032,-14.97924],[-71.50705,-14.976275],[-71.507965,-14.982519],[-71.507698,-14.997871],[-71.51017,-15.004635],[-71.503723,-15.02095],[-71.50367,-15.027327],[-71.497215,-15.032428],[-71.492401,-15.033277],[-71.484604,-15.039326],[-71.482208,-15.047717],[-71.48587,-15.059105],[-71.490921,-15.064472],[-71.499779,-15.06739],[-71.509079,-15.075265],[-71.511711,-15.079448],[-71.518959,-15.076422],[-71.530357,-15.074525],[-71.539604,-15.07429],[-71.546493,-15.068492],[-71.556023,-15.066876],[-71.570627,-15.061207],[-71.572719,-15.070239],[-71.576035,-15.077456],[-71.577782,-15.087873],[-71.583832,-15.095997],[-71.583618,-15.102387],[-71.586472,-15.110411],[-71.587601,-15.125595],[-71.593025,-15.130835],[-71.601494,-15.132645],[-71.602913,-15.139182],[-71.612625,-15.145173],[-71.617607,-15.146065],[-71.636024,-15.139139],[-71.643578,-15.13071],[-71.643578,-15.126982],[-71.649033,-15.120671],[-71.663719,-15.10858],[-71.663597,-15.100923],[-71.66777,-15.097936],[-71.667953,-15.091896],[-71.679184,-15.08849],[-71.691078,-15.091178],[-71.701942,-15.088347],[-71.706741,-15.089281],[-71.715584,-15.08816],[-71.72126,-15.083946],[-71.734489,-15.082142],[-71.741119,-15.079943],[-71.756371,-15.084655],[-71.765488,-15.078684],[-71.772537,-15.082439],[-71.775925,-15.080794],[-71.786301,-15.06955],[-71.794594,-15.069859],[-71.802956,-15.067441],[-71.812111,-15.072752],[-71.815475,-15.078221],[-71.822418,-15.076644],[-71.832672,-15.077064],[-71.837631,-15.074841],[-71.840164,-15.065402],[-71.848442,-15.051877],[-71.849319,-15.04509],[-71.838737,-15.04263],[-71.832535,-15.038093],[-71.822929,-15.034991],[-71.811356,-15.023572],[-71.796791,-15.020161],[-71.792343,-15.016997],[-71.767456,-15.010524],[-71.763718,-15.003817],[-71.763472,-14.994795],[-71.770241,-14.984485],[-71.768669,-14.978402],[-71.760384,-14.966762],[-71.755728,-14.955448],[-71.747719,-14.948301],[-71.74596,-14.93987],[-71.753624,-14.93345],[-71.766228,-14.928048],[-71.775375,-14.919104],[-71.785156,-14.912559],[-71.789459,-14.907075],[-71.79039,-14.899222],[-71.797623,-14.895982],[-71.816681,-14.907341],[-71.827599,-14.906065],[-71.830536,-14.898615],[-71.82634,-14.892037],[-71.828918,-14.887982],[-71.852089,-14.88809],[-71.861244,-14.881447],[-71.863419,-14.873356],[-71.859428,-14.868231],[-71.854667,-14.857664],[-71.857307,-14.851412],[-71.864288,-14.845512],[-71.869095,-14.835971],[-71.868637,-14.82819],[-71.872612,-14.823982],[-71.874016,-14.806402],[-71.876671,-14.800438],[-71.89005,-14.790873],[-71.90049,-14.788149],[-71.903313,-14.791963],[-71.907989,-14.790602],[-71.914421,-14.792074],[-71.924004,-14.789797],[-71.928986,-14.784959],[-71.929123,-14.769818],[-71.930572,-14.761137],[-71.937622,-14.750986],[-71.943176,-14.745293],[-71.948685,-14.744226],[-71.958969,-14.732593],[-71.958633,-14.728016],[-71.949356,-14.717652],[-71.945976,-14.710818],[-71.950272,-14.703451],[-71.942169,-14.696777],[-71.936134,-14.693857],[-71.930656,-14.688087],[-71.941215,-14.685325],[-71.94989,-14.677898],[-71.951157,-14.672503],[-71.958435,-14.67108],[-71.963631,-14.663763],[-71.969261,-14.661764],[-71.976189,-14.654055],[-71.976212,-14.645913],[-71.980812,-14.642882],[-71.981499,-14.638696],[-71.987915,-14.63295],[-72.001465,-14.641733],[-72.007965,-14.640728],[-72.014671,-14.648367],[-72.015831,-14.658391],[-72.02449,-14.667734],[-72.025345,-14.674102],[-72.036156,-14.681781],[-72.041862,-14.694371],[-72.044373,-14.706049],[-72.041985,-14.709227],[-72.044975,-14.716476],[-72.041954,-14.720146],[-72.043297,-14.728219],[-72.04779,-14.738768],[-72.043182,-14.754127],[-72.039772,-14.756988],[-72.03701,-14.767254],[-72.040962,-14.778769],[-72.03894,-14.788134],[-72.035438,-14.789945],[-72.034477,-14.800932],[-72.038956,-14.804779],[-72.040543,-14.809762],[-72.034256,-14.81199],[-72.02565,-14.822236],[-72.025284,-14.829635],[-72.032532,-14.832463],[-72.040382,-14.839689],[-72.039253,-14.844896],[-72.043266,-14.851732],[-72.042282,-14.862666],[-72.047127,-14.875063],[-72.043144,-14.880883],[-72.046394,-14.88711],[-72.05516,-14.883638],[-72.063095,-14.887876],[-72.076874,-14.883467],[-72.079605,-14.873883],[-72.085464,-14.869131],[-72.090248,-14.856803],[-72.097542,-14.851197],[-72.107658,-14.847242],[-72.111587,-14.841289],[-72.115517,-14.842063],[-72.119194,-14.834739],[-72.128693,-14.830602],[-72.132507,-14.825425],[-72.132935,-14.816823],[-72.138092,-14.813296],[-72.138115,-14.807679],[-72.13472,-14.794965],[-72.131683,-14.789396],[-72.134788,-14.783511],[-72.141327,-14.781101],[-72.144699,-14.777713],[-72.154007,-14.777131],[-72.159668,-14.786342],[-72.165253,-14.780539],[-72.18087,-14.776973],[-72.186478,-14.780279],[-72.190567,-14.778834],[-72.195656,-14.784357],[-72.20237,-14.788366],[-72.202789,-14.797869],[-72.2136,-14.803263],[-72.220291,-14.79993],[-72.223755,-14.805058],[-72.239105,-14.812241],[-72.244667,-14.811809],[-72.252289,-14.803659],[-72.264648,-14.811121],[-72.279388,-14.816094],[-72.284973,-14.815383],[-72.291923,-14.818375],[-72.315445,-14.833863],[-72.329544,-14.832248],[-72.336327,-14.8294],[-72.350143,-14.827786],[-72.362503,-14.828785],[-72.366608,-14.827555],[-72.385483,-14.826984],[-72.395683,-14.825007],[-72.406479,-14.827085],[-72.416717,-14.822834],[-72.418632,-14.820244],[-72.418114,-14.810668],[-72.42308,-14.802746],[-72.430412,-14.799992],[-72.433937,-14.791146],[-72.44471,-14.790779],[-72.450905,-14.78411],[-72.461899,-14.782863],[-72.469185,-14.786989],[-72.46888,-14.781044],[-72.470947,-14.774775],[-72.468636,-14.76402],[-72.472946,-14.757378],[-72.479568,-14.754863],[-72.48101,-14.748901],[-72.486969,-14.74063],[-72.482643,-14.730406],[-72.488464,-14.723461],[-72.48613,-14.712543],[-72.471939,-14.70579],[-72.46846,-14.693102],[-72.460258,-14.676224],[-72.463142,-14.66811],[-72.471771,-14.661399],[-72.477097,-14.658203],[-72.482811,-14.664869],[-72.505661,-14.664681],[-72.511154,-14.671439],[-72.519196,-14.670021],[-72.525391,-14.667129],[-72.53318,-14.669371],[-72.543404,-14.674646],[-72.551025,-14.675201],[-72.554321,-14.678422],[-72.560776,-14.678381],[-72.577248,-14.686617],[-72.584564,-14.696201],[-72.586876,-14.703268],[-72.585098,-14.707863],[-72.591927,-14.713619],[-72.594475,-14.708804],[-72.602158,-14.702789],[-72.599373,-14.691679],[-72.605141,-14.687034],[-72.605225,-14.681958],[-72.611015,-14.676129],[-72.625267,-14.675466],[-72.634712,-14.668667],[-72.644821,-14.667281],[-72.651833,-14.669034],[-72.657135,-14.67401],[-72.663269,-14.676187],[-72.66951,-14.676044],[-72.679039,-14.678779],[-72.690643,-14.688656],[-72.695854,-14.683874],[-72.697632,-14.679064],[-72.701675,-14.678471],[-72.71521,-14.680074],[-72.724709,-14.6759],[-72.726067,-14.666189],[-72.723,-14.657297],[-72.729355,-14.64655],[-72.741585,-14.644911],[-72.743774,-14.649703],[-72.761574,-14.662916],[-72.770409,-14.664713],[-72.77948,-14.660707],[-72.789696,-14.650213],[-72.791656,-14.654965],[-72.79789,-14.658968],[-72.803169,-14.667077],[-72.805931,-14.675565],[-72.817924,-14.687434],[-72.820496,-14.692534],[-72.828575,-14.702628],[-72.826897,-14.71201],[-72.832748,-14.72034],[-72.833359,-14.736281],[-72.839699,-14.744986],[-72.842567,-14.75766],[-72.846825,-14.759824],[-72.852821,-14.763103],[-72.858917,-14.763817],[-72.871613,-14.761422],[-72.880279,-14.766674],[-72.882339,-14.771428],[-72.893608,-14.771976],[-72.902061,-14.769918],[-72.910622,-14.769486],[-72.920578,-14.757932],[-72.929924,-14.758166],[-72.935043,-14.762762],[-72.942726,-14.765414],[-72.949783,-14.773818],[-72.954804,-14.777463],[-72.963066,-14.793172],[-72.969269,-14.795149],[-72.981819,-14.80648],[-72.993225,-14.804122],[-72.996277,-14.810747],[-73.002785,-14.814986],[-73.002869,-14.821977],[-73.004814,-14.827375],[-73.003494,-14.837357],[-73.004776,-14.841657],[-73.013054,-14.853656],[-73.017364,-14.863083],[-73.018768,-14.87141],[-73.023888,-14.877582],[-73.026588,-14.883845],[-73.026489,-14.891076],[-73.03154,-14.895683],[-73.031464,-14.900051],[-73.021347,-14.9155],[-73.00856,-14.927814],[-73.000137,-14.938902],[-72.995201,-14.942965],[-72.991722,-14.952434],[-72.986656,-14.956103],[-72.982986,-14.97208],[-72.982956,-14.983709],[-72.992683,-14.987638],[-72.998848,-14.993717],[-73.003044,-15.001539],[-73.005348,-15.009316],[-73.005928,-15.030914],[-73.004852,-15.043465],[-73.007751,-15.050299],[-73.004379,-15.057863],[-73.004242,-15.064127],[-73.010956,-15.07311],[-73.015976,-15.075986],[-73.018646,-15.083958],[-73.024528,-15.091758],[-73.02285,-15.104436],[-73.019989,-15.110775],[-73.019211,-15.122161],[-73.022759,-15.131892],[-73.026726,-15.129758],[-73.033879,-15.133265],[-73.047562,-15.134348],[-73.048752,-15.141782],[-73.060509,-15.144314],[-73.066399,-15.151564],[-73.07357,-15.157865],[-73.074692,-15.163361],[-73.08287,-15.163975],[-73.089661,-15.169844],[-73.095039,-15.177822],[-73.099411,-15.180941],[-73.101448,-15.18769],[-73.110748,-15.186107],[-73.112373,-15.18898],[-73.110901,-15.197379],[-73.116837,-15.222852],[-73.119408,-15.224691],[-73.121086,-15.231624],[-73.127205,-15.238595],[-73.136108,-15.244113],[-73.139549,-15.255933],[-73.146957,-15.257775],[-73.150688,-15.261334],[-73.149536,-15.273656],[-73.152954,-15.283065],[-73.160042,-15.286356],[-73.163506,-15.295775],[-73.169662,-15.304203],[-73.174545,-15.306607],[-73.185181,-15.305821],[-73.206612,-15.294041],[-73.213432,-15.293787],[-73.221565,-15.297965],[-73.232246,-15.294523],[-73.242279,-15.289751],[-73.245933,-15.286092],[-73.253075,-15.287068],[-73.262741,-15.286385],[-73.266998,-15.288706],[-73.279945,-15.29034],[-73.28492,-15.294937],[-73.281769,-15.309934],[-73.277733,-15.318184],[-73.290199,-15.335978],[-73.289604,-15.344419],[-73.292473,-15.351091],[-73.29364,-15.359998],[-73.291206,-15.363631],[-73.290619,-15.371319],[-73.28421,-15.377342],[-73.278412,-15.395046],[-73.287598,-15.395889],[-73.294525,-15.39233],[-73.30661,-15.395514],[-73.312645,-15.400051],[-73.330444,-15.402589],[-73.336281,-15.405148],[-73.340729,-15.402128],[-73.347488,-15.394449],[-73.361053,-15.387922],[-73.367279,-15.387554],[-73.381767,-15.3938],[-73.388214,-15.39897],[-73.392166,-15.398737],[-73.403313,-15.391477],[-73.409767,-15.382843],[-73.417442,-15.376099],[-73.42112,-15.380024],[-73.427605,-15.377809],[-73.43219,-15.373643],[-73.427765,-15.368265],[-73.428146,-15.361385],[-73.437653,-15.356316],[-73.442902,-15.356119],[-73.461372,-15.368889],[-73.471863,-15.374087],[-73.478111,-15.379621],[-73.489403,-15.381867],[-73.503448,-15.383032],[-73.529571,-15.392055],[-73.536636,-15.397923],[-73.549911,-15.405756],[-73.557404,-15.408611],[-73.578415,-15.406794],[-73.582535,-15.404879],[-73.592911,-15.403621],[-73.599724,-15.407066],[-73.60614,-15.414305],[-73.612862,-15.419229],[-73.623512,-15.421111],[-73.630119,-15.418964],[-73.637588,-15.419721],[-73.651611,-15.416279],[-73.659752,-15.423498],[-73.669914,-15.430214],[-73.674522,-15.431467],[-73.684364,-15.437484],[-73.694557,-15.434776],[-73.70652,-15.420715],[-73.714172,-15.415604],[-73.723061,-15.411919],[-73.730621,-15.407345],[-73.746811,-15.39371],[-73.758865,-15.385265],[-73.766235,-15.367716],[-73.769638,-15.35704],[-73.77932,-15.3464],[-73.778084,-15.338743],[-73.783264,-15.337618],[-73.791992,-15.340038],[-73.798576,-15.33469],[-73.802589,-15.326421],[-73.807991,-15.324275],[-73.832581,-15.32712],[-73.842049,-15.327309],[-73.860054,-15.326117],[-73.866112,-15.324661],[-73.869209,-15.331711],[-73.873505,-15.334583],[-73.883621,-15.3383],[-73.878639,-15.342874],[-73.874863,-15.355065],[-73.874336,-15.372082],[-73.871078,-15.378536],[-73.871277,-15.382317],[-73.877075,-15.389163],[-73.869705,-15.400247],[-73.873489,-15.411396],[-73.868797,-15.417263],[-73.868271,-15.42613],[-73.876556,-15.439153],[-73.880371,-15.437683],[-73.888641,-15.439101],[-73.893898,-15.449352],[-73.905609,-15.452367],[-73.912514,-15.456251],[-73.929398,-15.473354],[-73.935928,-15.481825],[-73.939865,-15.482958],[-73.945961,-15.490403],[-73.946396,-15.495528],[-73.957855,-15.518642],[-73.961067,-15.523917],[-73.979889,-15.539524],[-73.988228,-15.540867],[-73.99646,-15.553387],[-74.001701,-15.556602],[-74.010277,-15.559402],[-74.00943,-15.568045],[-74.012901,-15.570697],[-74.013786,-15.579745],[-74.019394,-15.599172],[-74.033485,-15.610016],[-74.046921,-15.616251],[-74.050949,-15.622282],[-74.063415,-15.629617],[-74.068649,-15.629887],[-74.08474,-15.618907],[-74.081642,-15.614368],[-74.083816,-15.603161],[-74.082794,-15.600289],[-74.08493,-15.591536],[-74.082291,-15.584172],[-74.079185,-15.580976],[-74.076546,-15.566155],[-74.074135,-15.560089],[-74.076546,-15.555921],[-74.07576,-15.550455],[-74.067284,-15.539294],[-74.071266,-15.534153],[-74.079185,-15.51572],[-74.074921,-15.510302],[-74.075249,-15.503447],[-74.071266,-15.500807],[-74.061615,-15.499895],[-74.049698,-15.492689],[-74.045128,-15.492816],[-74.038757,-15.48297],[-74.042694,-15.467932],[-74.042412,-15.463549],[-74.037292,-15.456078],[-74.038475,-15.450761],[-74.045532,-15.443377],[-74.049789,-15.428047],[-74.053734,-15.417726],[-74.058777,-15.409255],[-74.06543,-15.402195],[-74.070946,-15.404015],[-74.075233,-15.398824],[-74.080879,-15.396699],[-74.085525,-15.391333],[-74.094521,-15.392003],[-74.113075,-15.404983],[-74.11554,-15.411854],[-74.123688,-15.411517],[-74.129562,-15.413084],[-74.133949,-15.416609],[-74.137238,-15.424599],[-74.139976,-15.426636],[-74.148361,-15.426714],[-74.15126,-15.428751],[-74.153915,-15.43849],[-74.15348,-15.447213],[-74.148437,-15.449383],[-74.153831,-15.45554],[-74.154007,-15.461169],[-74.158577,-15.467914],[-74.16098,-15.477648],[-74.166473,-15.483957],[-74.178963,-15.486065],[-74.18502,-15.485732],[-74.193741,-15.49166],[-74.213966,-15.485726],[-74.22773,-15.484565],[-74.232964,-15.486172],[-74.243032,-15.480332],[-74.255447,-15.480738],[-74.265939,-15.474709],[-74.272229,-15.478013],[-74.278725,-15.478726],[-74.300124,-15.478395],[-74.304527,-15.475287],[-74.31118,-15.462732],[-74.306097,-15.459491],[-74.302262,-15.451471],[-74.308734,-15.449324],[-74.316757,-15.442193],[-74.321378,-15.428737],[-74.325577,-15.419558],[-74.324238,-15.414059],[-74.327774,-15.401962],[-74.328431,-15.390994],[-74.317312,-15.37263],[-74.315532,-15.365164],[-74.30921,-15.361542],[-74.309718,-15.358937],[-74.320171,-15.354807],[-74.333649,-15.353263],[-74.342918,-15.34282],[-74.345818,-15.336348],[-74.350464,-15.336424],[-74.354675,-15.339582],[-74.359917,-15.332701],[-74.366814,-15.333834],[-74.377853,-15.331879],[-74.382256,-15.324222],[-74.388969,-15.317246],[-74.397896,-15.315599],[-74.400368,-15.31274],[-74.409462,-15.308494],[-74.409378,-15.304941],[-74.415306,-15.299267],[-74.414848,-15.295418],[-74.398209,-15.27805],[-74.397423,-15.273457],[-74.399696,-15.265863],[-74.391602,-15.25777],[-74.387878,-15.25178],[-74.393727,-15.236476],[-74.394574,-15.226757],[-74.400415,-15.221897],[-74.399376,-15.217397],[-74.394981,-15.214145],[-74.3899,-15.207141],[-74.389923,-15.203669],[-74.395637,-15.192926],[-74.39872,-15.181463],[-74.40155,-15.178523],[-74.418327,-15.169035],[-74.437689,-15.167813],[-74.444421,-15.169597],[-74.451421,-15.175973],[-74.465759,-15.173476],[-74.48819,-15.163695],[-74.498672,-15.162232],[-74.5036,-15.160322],[-74.512665,-15.148795],[-74.533974,-15.146441],[-74.552521,-15.139941],[-74.566315,-15.139935],[-74.572456,-15.140941],[-74.582504,-15.145966],[-74.585091,-15.149105],[-74.594666,-15.14655],[-74.605972,-15.148498],[-74.615417,-15.137277],[-74.624016,-15.130538],[-74.62825,-15.124496],[-74.637842,-15.131805],[-74.652039,-15.139133],[-74.660698,-15.137888],[-74.666489,-15.135282],[-74.675262,-15.134954],[-74.679962,-15.132564],[-74.689453,-15.139067],[-74.699738,-15.137064],[-74.704643,-15.139703],[-74.713707,-15.138533],[-74.718605,-15.135663],[-74.721436,-15.124652],[-74.726059,-15.122136],[-74.733688,-15.121777],[-74.738525,-15.123387],[-74.746094,-15.116018],[-74.752579,-15.113404],[-74.762299,-15.098055],[-74.764908,-15.102344],[-74.778488,-15.107959],[-74.786186,-15.116153],[-74.788356,-15.120135],[-74.802147,-15.130686],[-74.815918,-15.139498],[-74.835991,-15.145554],[-74.855209,-15.15383],[-74.862388,-15.151306],[-74.870602,-15.151229],[-74.87735,-15.15368],[-74.880104,-15.156725],[-74.888519,-15.16123],[-74.893093,-15.16758],[-74.899849,-15.173951],[-74.917197,-15.181781],[-74.919807,-15.186156],[-74.929306,-15.192402],[-74.939865,-15.206012],[-74.9459,-15.231486],[-74.959022,-15.246055],[-74.963638,-15.253899],[-74.964806,-15.273834],[-74.964424,-15.285],[-74.968201,-15.299422],[-74.982414,-15.31683],[-74.99498,-15.322514],[-75.00388,-15.33023],[-75.007034,-15.339004],[-75.016556,-15.351096],[-75.017754,-15.358764],[-75.01635,-15.364449],[-75.016952,-15.377234],[-75.018486,-15.382414],[-75.028915,-15.40428],[-75.037193,-15.416414],[-75.045547,-15.43033],[-75.049652,-15.434504],[-75.061111,-15.435284],[-75.073326,-15.442942],[-75.070595,-15.443113],[-75.06562,-15.449342],[-75.056366,-15.454625],[-75.044998,-15.458345],[-75.032135,-15.461023],[-75.026085,-15.457629],[-75.02182,-15.458859],[-75.006844,-15.460041],[-75.000008,-15.462348],[-74.985367,-15.469857],[-74.982925,-15.472796],[-74.980392,-15.481957],[-74.975716,-15.484611],[-74.973625,-15.490574],[-74.967232,-15.490518],[-74.960518,-15.495563],[-74.956413,-15.495199],[-74.950172,-15.499473],[-74.947296,-15.498584],[-74.935394,-15.501783],[-74.909973,-15.512114],[-74.88755,-15.524127],[-74.868484,-15.53568],[-74.854637,-15.547022],[-74.847755,-15.554539],[-74.846466,-15.562552],[-74.851334,-15.565666],[-74.853882,-15.572685],[-74.847595,-15.570832],[-74.844253,-15.565244],[-74.830749,-15.567195],[-74.78566,-15.58393],[-74.766571,-15.592213],[-74.74968,-15.600381],[-74.728508,-15.611686],[-74.69722,-15.629629],[-74.687836,-15.635757],[-74.685844,-15.6425],[-74.682556,-15.642854],[-74.661278,-15.652836],[-74.648727,-15.657713],[-74.638702,-15.660029],[-74.615791,-15.667777],[-74.608223,-15.67139],[-74.55378,-15.693266],[-74.531563,-15.700834],[-74.529541,-15.700789],[-74.50235,-15.70677],[-74.482361,-15.714771],[-74.472458,-15.719484],[-74.46283,-15.726521],[-74.462669,-15.737092],[-74.459747,-15.742903],[-74.462738,-15.755429],[-74.458427,-15.759879],[-74.451408,-15.770644],[-74.447624,-15.773373],[-74.442162,-15.785272],[-74.439293,-15.79456],[-74.430229,-15.802496],[-74.424133,-15.805528],[-74.422768,-15.810781],[-74.413735,-15.814338],[-74.405678,-15.821382],[-74.400391,-15.822845],[-74.393303,-15.829308],[-74.38739,-15.827825],[-74.382988,-15.832619],[-74.371399,-15.834372],[-74.369003,-15.831305],[-74.363167,-15.831955],[-74.361732,-15.838442],[-74.356674,-15.837853],[-74.351128,-15.841983],[-74.34584,-15.843215],[-74.326286,-15.843754],[-74.327904,-15.848717],[-74.318344,-15.847547],[-74.311813,-15.844881],[-74.294174,-15.841213],[-74.29335,-15.837728],[-74.285522,-15.837102],[-74.2752,-15.840465],[-74.26339,-15.848281],[-74.252678,-15.854231],[-74.248413,-15.862486],[-74.250473,-15.868939],[-74.247574,-15.874764],[-74.2416,-15.878699],[-74.230659,-15.880213],[-74.221291,-15.884559],[-74.21328,-15.885317],[-74.206505,-15.890752],[-74.203278,-15.889639],[-74.195671,-15.892528],[-74.188835,-15.892492],[-74.167191,-15.900853],[-74.152435,-15.90865],[-74.132332,-15.917416],[-74.119621,-15.924104],[-74.10112,-15.931576],[-74.082161,-15.940512],[-74.077957,-15.943311],[-74.064506,-15.949127],[-74.054451,-15.954523],[-74.042496,-15.964168],[-74.042274,-15.969069],[-74.036491,-15.972963],[-74.024834,-15.994448],[-74.025848,-16.000545],[-74.032371,-16.008772],[-74.033081,-16.018059],[-74.026566,-16.02021],[-74.024696,-16.024973],[-74.020462,-16.025799],[-74.018288,-16.0364],[-74.007484,-16.033825],[-73.998405,-16.04225],[-73.993668,-16.0387],[-73.989944,-16.039015],[-73.979568,-16.046913],[-73.979462,-16.052816],[-73.975136,-16.052525],[-73.959427,-16.060608],[-73.95594,-16.06827],[-73.951233,-16.074036],[-73.941643,-16.081011],[-73.930984,-16.085079],[-73.924011,-16.092133],[-73.904136,-16.101084],[-73.889389,-16.109352],[-73.880875,-16.11644],[-73.878998,-16.122612],[-73.869354,-16.135544],[-73.853355,-16.141916],[-73.845039,-16.146818],[-73.834503,-16.154733],[-73.83017,-16.15546],[-73.818642,-16.161053],[-73.81118,-16.162849],[-73.800804,-16.168674],[-73.79377,-16.169405],[-73.78582,-16.172459],[-73.771744,-16.174997],[-73.768623,-16.177534],[-73.754929,-16.184057],[-73.752434,-16.186939],[-73.744575,-16.18853],[-73.736694,-16.192743],[-73.727882,-16.195248],[-73.726601,-16.199207],[-73.721695,-16.203125],[-73.720665,-16.207058],[-73.707336,-16.214073],[-73.699371,-16.220703],[-73.699379,-16.232046],[-73.701363,-16.240467],[-73.694588,-16.237953],[-73.692795,-16.233458],[-73.676208,-16.223558],[-73.671219,-16.224302],[-73.664276,-16.230732],[-73.658661,-16.22777],[-73.655388,-16.230492],[-73.647812,-16.232685],[-73.643295,-16.229299],[-73.619926,-16.230085],[-73.606041,-16.235937],[-73.602585,-16.239929],[-73.595795,-16.241791],[-73.588608,-16.240873],[-73.577988,-16.244385],[-73.567406,-16.24954],[-73.559334,-16.244493],[-73.551193,-16.250624],[-73.540146,-16.255091],[-73.53093,-16.257059],[-73.52742,-16.262024],[-73.518639,-16.263414],[-73.501877,-16.272198],[-73.497131,-16.273298],[-73.485039,-16.282558],[-73.481972,-16.283672],[-73.475807,-16.279444],[-73.469528,-16.280165],[-73.461586,-16.278625],[-73.451256,-16.281307],[-73.43721,-16.287832],[-73.430565,-16.289425],[-73.405128,-16.299355],[-73.390968,-16.309071],[-73.38382,-16.309965],[-73.375595,-16.313286],[-73.371658,-16.312048],[-73.368195,-16.31595],[-73.353752,-16.321598],[-73.346443,-16.323221],[-73.331703,-16.329239],[-73.326065,-16.333971],[-73.314201,-16.338703],[-73.310051,-16.346184],[-73.302605,-16.349432],[-73.300621,-16.357851],[-73.307068,-16.362467],[-73.303307,-16.369755],[-73.30481,-16.37974],[-73.299271,-16.382925],[-73.296219,-16.390739],[-73.297462,-16.39294],[-73.288116,-16.404711],[-73.283913,-16.401203],[-73.272209,-16.398201],[-73.260361,-16.401985],[-73.260391,-16.409279],[-73.253662,-16.408102],[-73.249168,-16.409824],[-73.246071,-16.406332],[-73.238518,-16.408905],[-73.234871,-16.414432],[-73.224998,-16.412771],[-73.220016,-16.407331],[-73.221123,-16.403362],[-73.215233,-16.400158],[-73.209107,-16.40027],[-73.203369,-16.402616],[-73.199989,-16.407116],[-73.187263,-16.415802],[-73.182579,-16.413938],[-73.171089,-16.419613],[-73.16861,-16.417318],[-73.159157,-16.419926],[-73.151138,-16.429974],[-73.148895,-16.438553],[-73.145126,-16.439123],[-73.137772,-16.443983],[-73.133469,-16.448851],[-73.124527,-16.449989],[-73.119324,-16.453739],[-73.112625,-16.45418],[-73.110229,-16.451906],[-73.099197,-16.457872],[-73.089989,-16.466495],[-73.077568,-16.475189],[-73.063889,-16.481583],[-73.053345,-16.489403],[-73.052956,-16.497831],[-73.048775,-16.499945],[-73.044441,-16.498547],[-73.034782,-16.499504],[-73.031555,-16.503046],[-73.026451,-16.502359],[-73.011696,-16.51236],[-73.004127,-16.507032],[-72.997948,-16.511547],[-72.991684,-16.512585],[-72.986847,-16.517435],[-72.974197,-16.514385],[-72.963623,-16.518475],[-72.950905,-16.515198],[-72.942955,-16.515491],[-72.930717,-16.519926],[-72.922775,-16.518019],[-72.91629,-16.520372],[-72.897347,-16.53223],[-72.885117,-16.539146],[-72.845306,-16.56716],[-72.832947,-16.577402],[-72.82016,-16.590296],[-72.812294,-16.596308],[-72.797279,-16.609831],[-72.771904,-16.628803],[-72.759247,-16.635048],[-72.734154,-16.644878],[-72.709045,-16.652693],[-72.676964,-16.656713],[-72.670334,-16.6583],[-72.652969,-16.659168],[-72.63903,-16.661396],[-72.625709,-16.661993],[-72.593666,-16.667328],[-72.572426,-16.673859],[-72.563164,-16.67388],[-72.54319,-16.678059],[-72.504463,-16.688957],[-72.5,-16.689188],[-72.470337,-16.697723],[-72.456482,-16.699537],[-72.454704,-16.703102],[-72.44722,-16.703957],[-72.443634,-16.709345],[-72.437576,-16.713171],[-72.434998,-16.717205],[-72.424309,-16.723515],[-72.41922,-16.728485],[-72.415291,-16.737122],[-72.41066,-16.735975],[-72.403938,-16.740929],[-72.404358,-16.744915],[-72.398857,-16.752264],[-72.387062,-16.750092],[-72.381165,-16.755774],[-72.372597,-16.753033],[-72.37426,-16.760752],[-72.371239,-16.762634],[-72.364761,-16.760605],[-72.359283,-16.764152],[-72.35218,-16.771875],[-72.338478,-16.784738],[-72.330566,-16.789869],[-72.331619,-16.794994],[-72.325821,-16.803141],[-72.315201,-16.802883],[-72.310379,-16.807388],[-72.312195,-16.813461],[-72.306366,-16.817488],[-72.299087,-16.826437],[-72.295418,-16.827415],[-72.292419,-16.841429],[-72.296326,-16.844864],[-72.293327,-16.857637],[-72.290718,-16.861429],[-72.291824,-16.865911],[-72.288277,-16.875254],[-72.28286,-16.873587],[-72.27272,-16.87678],[-72.268501,-16.882444],[-72.263405,-16.885662],[-72.250488,-16.88489],[-72.241478,-16.890827],[-72.238289,-16.895822],[-72.232521,-16.900551],[-72.228226,-16.898157],[-72.211525,-16.902447],[-72.2052,-16.908579],[-72.205856,-16.912495],[-72.200111,-16.91984],[-72.196724,-16.919836],[-72.192451,-16.926765],[-72.186195,-16.929008],[-72.172981,-16.940794],[-72.165901,-16.938602],[-72.165237,-16.944733],[-72.16233,-16.951235],[-72.154182,-16.952414],[-72.152023,-16.956047],[-72.145691,-16.956781],[-72.148933,-16.962044],[-72.143852,-16.96579],[-72.13575,-16.964436],[-72.133377,-16.970356],[-72.127541,-16.966909],[-72.125534,-16.969585],[-72.119553,-16.969698],[-72.123482,-16.976179],[-72.114311,-16.986969],[-72.103889,-16.997353],[-72.108864,-17.000641],[-72.112999,-17.01416],[-72.098755,-17.01444],[-72.095161,-17.011993],[-72.087891,-17.012674],[-72.083435,-17.017155],[-72.078857,-17.017399],[-72.076157,-17.02116],[-72.067024,-17.021828],[-72.056175,-17.018305],[-72.050926,-17.019243],[-72.038994,-17.01734],[-72.029945,-17.023569],[-72.02565,-17.02136],[-72.022278,-17.026474],[-72.013626,-17.031771],[-72.003113,-17.036247],[-71.976906,-17.049938],[-71.947121,-17.068474],[-71.932365,-17.079019],[-71.922646,-17.087505],[-71.914261,-17.096815],[-71.90847,-17.105415],[-71.886062,-17.131229],[-71.877914,-17.13966],[-71.857727,-17.158867],[-71.847679,-17.166344],[-71.839531,-17.170343],[-71.833557,-17.174896],[-71.812218,-17.184311],[-71.79052,-17.191334],[-71.77607,-17.194733],[-71.762764,-17.196608],[-71.747047,-17.199833],[-71.728897,-17.202551],[-71.690369,-17.211988],[-71.664642,-17.220388],[-71.631416,-17.232733],[-71.608276,-17.242771],[-71.576088,-17.253559],[-71.569916,-17.254438],[-71.564018,-17.261568],[-71.557175,-17.256132],[-71.551781,-17.2596],[-71.544739,-17.259092],[-71.543587,-17.255093],[-71.534126,-17.255531],[-71.530701,-17.260521],[-71.529869,-17.268122],[-71.524071,-17.265325],[-71.515907,-17.265943],[-71.506325,-17.271049],[-71.503258,-17.278196],[-71.496979,-17.281061],[-71.496231,-17.284769],[-71.490799,-17.285006],[-71.48508,-17.280896],[-71.4793,-17.270246],[-71.4712,-17.265226],[-71.466863,-17.255479],[-71.457443,-17.252165],[-71.44857,-17.253128],[-71.440956,-17.251717],[-71.436482,-17.244055],[-71.427132,-17.239407],[-71.421699,-17.234631],[-71.415111,-17.223548],[-71.410869,-17.212595],[-71.404348,-17.205631],[-71.397777,-17.20148],[-71.390663,-17.193525],[-71.380859,-17.185709],[-71.370438,-17.174171],[-71.359474,-17.156322],[-71.351395,-17.147413],[-71.336502,-17.141575],[-71.326981,-17.136486],[-71.322456,-17.128921],[-71.31633,-17.124739],[-71.313995,-17.119307],[-71.316277,-17.116114],[-71.312553,-17.109884],[-71.305839,-17.103668],[-71.302246,-17.093851],[-71.307808,-17.090143],[-71.310509,-17.080938],[-71.315605,-17.078608],[-71.313866,-17.07151],[-71.315887,-17.065283],[-71.323647,-17.061787],[-71.325813,-17.056396],[-71.31897,-17.04421],[-71.320373,-17.040018],[-71.331222,-17.033289],[-71.339424,-17.021759],[-71.34848,-17.02474],[-71.359604,-17.023533],[-71.365158,-17.017994],[-71.384613,-17.02111],[-71.387649,-17.014555],[-71.38916,-17.0025],[-71.393791,-16.997715],[-71.395119,-16.984972],[-71.390923,-16.980492],[-71.39463,-16.973404],[-71.401298,-16.969847],[-71.401833,-16.960518],[-71.405792,-16.955835],[-71.422096,-16.95508],[-71.428574,-16.959404],[-71.434357,-16.960295],[-71.438972,-16.957293],[-71.444885,-16.956476],[-71.448265,-16.959198],[-71.459541,-16.960819],[-71.463615,-16.957274],[-71.465942,-16.950569],[-71.460289,-16.943886],[-71.460472,-16.938381],[-71.455963,-16.934187],[-71.448059,-16.932184],[-71.441322,-16.932466],[-71.439743,-16.927568],[-71.43119,-16.926537],[-71.4244,-16.918314],[-71.425491,-16.906383],[-71.422485,-16.896398],[-71.430336,-16.888802],[-71.435906,-16.878948],[-71.440636,-16.865227],[-71.441139,-16.841043],[-71.43576,-16.835314],[-71.442444,-16.828549],[-71.444588,-16.817388],[-71.444305,-16.804674],[-71.436874,-16.796888],[-71.432556,-16.785469],[-71.433113,-16.780254],[-71.42939,-16.774733],[-71.428467,-16.766277],[-71.430397,-16.760395],[-71.42968,-16.751335],[-71.425499,-16.740643],[-71.422615,-16.737757],[-71.417679,-16.738304],[-71.407097,-16.730108],[-71.400902,-16.728144],[-71.394562,-16.731199],[-71.385956,-16.72809],[-71.36943,-16.719677],[-71.363785,-16.720493],[-71.353287,-16.724953],[-71.350418,-16.727873],[-71.346985,-16.742243],[-71.343674,-16.744884],[-71.331032,-16.748064],[-71.327568,-16.752256],[-71.312416,-16.742969],[-71.311432,-16.73868],[-71.295975,-16.732187],[-71.289093,-16.726458],[-71.289276,-16.722717],[-71.285812,-16.716354],[-71.292541,-16.7124],[-71.296036,-16.707428],[-71.29364,-16.690559],[-71.283905,-16.682239],[-71.284737,-16.667007],[-71.280373,-16.657644],[-71.279152,-16.615822],[-71.273178,-16.607017],[-71.261505,-16.606663],[-71.259674,-16.602079],[-71.2593,-16.591059],[-71.26284,-16.584911],[-71.259331,-16.5774],[-71.252754,-16.572567],[-71.244797,-16.550228],[-71.242767,-16.525635],[-71.238235,-16.516739],[-71.236137,-16.506483],[-71.237068,-16.502115],[-71.249344,-16.482359],[-71.243286,-16.474422],[-71.245644,-16.466864],[-71.242104,-16.463064],[-71.236206,-16.466009],[-71.229477,-16.461904],[-71.219139,-16.460566],[-71.206345,-16.463804],[-71.197029,-16.471659],[-71.182693,-16.472631],[-71.174255,-16.471273],[-71.157928,-16.470966],[-71.152038,-16.473164],[-71.139519,-16.474974],[-71.136391,-16.469707],[-71.123917,-16.460972],[-71.110199,-16.465788],[-71.093399,-16.46229],[-71.091614,-16.457582],[-71.07827,-16.458565],[-71.072655,-16.465755],[-71.064949,-16.461805],[-71.047462,-16.46044],[-71.043259,-16.463243],[-71.044472,-16.469101],[-71.041305,-16.478632],[-71.037415,-16.480423],[-71.037258,-16.485686],[-71.018326,-16.487415],[-71.015938,-16.494915],[-71.011498,-16.498281],[-71.006851,-16.495682],[-70.999695,-16.498409],[-70.992454,-16.495867],[-70.980553,-16.481327],[-70.976097,-16.479736],[-70.967201,-16.48111],[-70.955437,-16.471626],[-70.952926,-16.460989],[-70.964828,-16.4463],[-70.964897,-16.437164],[-70.973701,-16.425865],[-70.975616,-16.418322],[-70.975243,-16.412165],[-70.968773,-16.408607],[-70.964249,-16.401482],[-70.964821,-16.397591],[-70.973846,-16.394197],[-70.975395,-16.38891],[-70.973038,-16.377308],[-70.969604,-16.372265],[-70.970756,-16.366608],[-70.975571,-16.362238],[-70.972763,-16.353748],[-70.977814,-16.348804],[-70.979477,-16.343357],[-70.980011,-16.331799],[-70.98513,-16.325394],[-70.986359,-16.32019],[-70.98629,-16.309946],[-70.975082,-16.308491],[-70.957016,-16.308403],[-70.951118,-16.309748],[-70.946251,-16.313835],[-70.940353,-16.310318],[-70.93911,-16.298933],[-70.920998,-16.287695],[-70.915787,-16.2824],[-70.903427,-16.277611],[-70.893715,-16.280575],[-70.886139,-16.285273],[-70.87648,-16.281553],[-70.872002,-16.265697],[-70.853882,-16.241466],[-70.846405,-16.238148],[-70.845139,-16.232407],[-70.85051,-16.227982],[-70.859627,-16.225765],[-70.865776,-16.226271],[-70.866531,-16.218389],[-70.858444,-16.211224],[-70.853889,-16.20248],[-70.854134,-16.192799],[-70.857353,-16.181408],[-70.861069,-16.174747],[-70.866096,-16.172281],[-70.874306,-16.171036],[-70.878593,-16.166616],[-70.867828,-16.153866],[-70.86747,-16.146694],[-70.871933,-16.142879],[-70.871239,-16.134808],[-70.86821,-16.126919],[-70.875732,-16.124672],[-70.886131,-16.118141],[-70.890861,-16.109787],[-70.89537,-16.107004],[-70.893761,-16.102831],[-70.885483,-16.100918],[-70.875061,-16.094578],[-70.878105,-16.081444],[-70.866806,-16.080082],[-70.864494,-16.067156],[-70.856735,-16.056337],[-70.832718,-16.055113],[-70.823723,-16.056036],[-70.812569,-16.053961],[-70.804512,-16.055134],[-70.806648,-16.042297],[-70.809853,-16.0385],[-70.820122,-16.031614],[-70.818993,-16.023413],[-70.814377,-16.016781],[-70.814026,-16.009767],[-70.816559,-16.002756],[-70.826195,-16.000566],[-70.829102,-15.99549],[-70.82753,-15.98915],[-70.820198,-15.978468],[-70.826546,-15.97851],[-70.841949,-15.970999],[-70.842651,-15.967434],[-70.838386,-15.955149],[-70.832199,-15.949096],[-70.839172,-15.944252],[-70.839806,-15.933523],[-70.843254,-15.928716],[-70.843277,-15.923256],[-70.847984,-15.921868],[-70.848824,-15.916986],[-70.855446,-15.905796],[-70.860489,-15.90288],[-70.865784,-15.889386],[-70.874969,-15.88763],[-70.881142,-15.892323],[-70.88591,-15.893465],[-70.893822,-15.886908],[-70.896263,-15.876713],[-70.894295,-15.873499],[-70.893852,-15.863246],[-70.89537,-15.859915],[-70.890434,-15.852834],[-70.895233,-15.847776],[-70.900795,-15.838427],[-70.906235,-15.833317],[-70.907013,-15.829021],[-70.919838,-15.80558],[-70.919823,-15.799978],[-70.936142,-15.78484],[-70.942268,-15.774552],[-70.93322,-15.770674],[-70.926674,-15.759685],[-70.925697,-15.752686],[-70.921844,-15.745471],[-70.915573,-15.741914],[-70.907188,-15.739701],[-70.903908,-15.735352],[-70.902824,-15.725867],[-70.900772,-15.720887],[-70.900131,-15.712147],[-70.909195,-15.703785],[-70.917564,-15.687381],[-70.916985,-15.677555],[-70.918251,-15.673441],[-70.915871,-15.663887],[-70.916344,-15.652199],[-70.917984,-15.643801],[-70.923996,-15.632997],[-70.931427,-15.628887],[-70.938454,-15.62276],[-70.938858,-15.6185],[-70.94532,-15.617189],[-70.949104,-15.613218],[-70.95507,-15.611155],[-70.961281,-15.606213],[-70.966476,-15.606708],[-70.976219,-15.602455],[-70.983032,-15.597043],[-70.985336,-15.592404],[-70.992088,-15.585566],[-70.995697,-15.579096],[-71.001434,-15.575842],[-71.008179,-15.563969],[-71.007866,-15.558806],[-71.004761,-15.553513],[-71.007194,-15.54295],[-71.014091,-15.539555],[-71.014091,-15.535617],[-71.017952,-15.527845],[-71.014206,-15.522014],[-71.008034,-15.51924],[-71.010254,-15.511311],[-71.017731,-15.502879],[-71.018364,-15.500022],[-71.015175,-15.489165],[-71.005691,-15.482671],[-70.994469,-15.469877],[-70.992622,-15.460508],[-70.993957,-15.454842],[-70.999039,-15.448029],[-71.003555,-15.446116],[-71.005913,-15.441683],[-71.015396,-15.436401],[-71.023209,-15.435263],[-71.027122,-15.432039],[-71.029999,-15.421625],[-71.036545,-15.411895],[-71.038971,-15.405166]]]},"properties":{"province":"Arequipa"}},{"type":"Feature","geometry":{"type":"Polygon","coordinates":[[[-73.980452,-12.242588],[-73.983222,-12.247118],[-73.987125,-12.261354],[-73.986382,-12.268321],[-73.988797,-12.273987],[-73.99772,-12.282511],[-74.004233,-12.283485],[-74.009677,-12.27886],[-74.018957,-12.278411],[-74.03099,-12.270574],[-74.037764,-12.262298],[-74.044814,-12.266405],[-74.055052,-12.269317],[-74.057442,-12.275049],[-74.064622,-12.278445],[-74.071007,-12.277101],[-74.076737,-12.281903],[-74.079891,-12.280985],[-74.093425,-12.28282],[-74.098357,-12.284914],[-74.101368,-12.30401],[-74.105984,-12.315336],[-74.112293,-12.319265],[-74.118056,-12.33039],[-74.121439,-12.333601],[-74.129181,-12.332082],[-74.130787,-12.328842],[-74.13116,-12.314605],[-74.140335,-12.316154],[-74.147332,-12.324383],[-74.159317,-12.321143],[-74.165253,-12.313171],[-74.176665,-12.314146],[-74.179676,-12.317415],[-74.187618,-12.314376],[-74.18674,-12.30435],[-74.193366,-12.301913],[-74.19989,-12.302548],[-74.206948,-12.298283],[-74.215452,-12.303386],[-74.221926,-12.298306],[-74.215782,-12.291984],[-74.220885,-12.28611],[-74.217943,-12.278489],[-74.226038,-12.275498],[-74.227295,-12.272023],[-74.23305,-12.267465],[-74.240976,-12.270594],[-74.247109,-12.26821],[-74.247262,-12.260414],[-74.249026,-12.257499],[-74.258152,-12.2559],[-74.263179,-12.246456],[-74.270516,-12.239145],[-74.284072,-12.240643],[-74.291701,-12.229909],[-74.290343,-12.225258],[-74.297263,-12.226036],[-74.312671,-12.22451],[-74.314401,-12.230386],[-74.321873,-12.229777],[-74.336521,-12.214933],[-74.330666,-12.212076],[-74.334185,-12.194464],[-74.336673,-12.192433],[-74.341598,-12.195454],[-74.34497,-12.194002],[-74.351486,-12.176395],[-74.345946,-12.173737],[-74.3493,-12.16788],[-74.36825,-12.17743],[-74.37885,-12.17601],[-74.38034,-12.18227],[-74.38737,-12.18798],[-74.38886,-12.19267],[-74.38453,-12.19882],[-74.37715,-12.21459],[-74.37776,-12.22336],[-74.37607,-12.22919],[-74.38339,-12.23774],[-74.39035,-12.24925],[-74.39368,-12.25247],[-74.39176,-12.26199],[-74.38481,-12.26863],[-74.38542,-12.27277],[-74.39117,-12.27573],[-74.39673,-12.28302],[-74.40611,-12.28988],[-74.41029,-12.29795],[-74.41629,-12.30477],[-74.419859,-12.301291],[-74.422557,-12.292968],[-74.429315,-12.291085],[-74.435439,-12.284878],[-74.440073,-12.273607],[-74.444579,-12.271613],[-74.455945,-12.269844],[-74.461406,-12.273123],[-74.46977,-12.271558],[-74.4747,-12.272305],[-74.479887,-12.278468],[-74.485088,-12.277596],[-74.494829,-12.284783],[-74.497706,-12.293854],[-74.495956,-12.298589],[-74.502837,-12.302674],[-74.506287,-12.312184],[-74.513927,-12.312221],[-74.519264,-12.304277],[-74.52384,-12.304258],[-74.530259,-12.30048],[-74.535049,-12.295004],[-74.542772,-12.293655],[-74.552117,-12.28734],[-74.558047,-12.290811],[-74.559509,-12.296499],[-74.564344,-12.299627],[-74.566456,-12.304542],[-74.572225,-12.309783],[-74.574785,-12.319574],[-74.580094,-12.322986],[-74.581177,-12.332669],[-74.575638,-12.345981],[-74.574581,-12.357031],[-74.57511,-12.369909],[-74.57164,-12.37199],[-74.56716,-12.36225],[-74.56462,-12.36091],[-74.5531,-12.37248],[-74.54843,-12.37514],[-74.54818,-12.38402],[-74.54334,-12.38721],[-74.53912,-12.39315],[-74.53941,-12.39951],[-74.53447,-12.41039],[-74.53101,-12.412],[-74.52195,-12.40867],[-74.51754,-12.41844],[-74.51695,-12.42895],[-74.52205,-12.43613],[-74.518,-12.44031],[-74.50354,-12.44981],[-74.49637,-12.44626],[-74.47509,-12.44377],[-74.4591,-12.44575],[-74.45211,-12.44429],[-74.44629,-12.448],[-74.43287,-12.44751],[-74.42245,-12.44521],[-74.41755,-12.44925],[-74.40925,-12.45192],[-74.40597,-12.46149],[-74.40158,-12.46748],[-74.40355,-12.47516],[-74.41094,-12.47955],[-74.41512,-12.49066],[-74.41113,-12.49774],[-74.40321,-12.49669],[-74.39841,-12.50455],[-74.39717,-12.51763],[-74.39962,-12.52548],[-74.39358,-12.53402],[-74.38427,-12.54485],[-74.38378,-12.55883],[-74.38718,-12.56475],[-74.38353,-12.57083],[-74.37738,-12.57138],[-74.36719,-12.5751],[-74.36832,-12.58287],[-74.36688,-12.59005],[-74.36329,-12.59427],[-74.34712,-12.59876],[-74.33876,-12.60297],[-74.32975,-12.60542],[-74.32402,-12.6045],[-74.32423,-12.61139],[-74.32835,-12.61526],[-74.33844,-12.61714],[-74.34212,-12.6238],[-74.34082,-12.63446],[-74.33699,-12.64096],[-74.33178,-12.64502],[-74.33164,-12.65714],[-74.32857,-12.66098],[-74.32753,-12.68127],[-74.3331,-12.68863],[-74.33974,-12.68914],[-74.34877,-12.71243],[-74.34908,-12.71822],[-74.34145,-12.72558],[-74.34036,-12.73283],[-74.33134,-12.73733],[-74.33256,-12.74103],[-74.32523,-12.74485],[-74.31778,-12.73809],[-74.31236,-12.73735],[-74.30809,-12.73965],[-74.3027,-12.74633],[-74.29708,-12.74858],[-74.2892,-12.75801],[-74.28861,-12.76097],[-74.29328,-12.76645],[-74.28611,-12.77462],[-74.28796,-12.78116],[-74.28499,-12.78788],[-74.28637,-12.79307],[-74.285543,-12.799721],[-74.28833,-12.80252],[-74.29499,-12.79888],[-74.298396,-12.806551],[-74.294614,-12.812609],[-74.29486,-12.81854],[-74.2924,-12.82476],[-74.296998,-12.83142],[-74.305713,-12.827451],[-74.313326,-12.834941],[-74.31893,-12.83504],[-74.32273,-12.83265],[-74.32963,-12.83615],[-74.333253,-12.851746],[-74.33249,-12.858],[-74.327961,-12.865948],[-74.327767,-12.870048],[-74.31941,-12.88531],[-74.320267,-12.896376],[-74.325124,-12.904546],[-74.326304,-12.911718],[-74.33006,-12.91542],[-74.327673,-12.928391],[-74.32052,-12.9286],[-74.31504,-12.9313],[-74.30883,-12.92868],[-74.30358,-12.92973],[-74.296553,-12.935009],[-74.29548,-12.938738],[-74.298324,-12.94291],[-74.29921,-12.95861],[-74.29749,-12.967939],[-74.29348,-12.97516],[-74.292074,-12.987221],[-74.285755,-12.998154],[-74.279048,-13.002727],[-74.27777,-13.00881],[-74.27262,-13.01668],[-74.27403,-13.02066],[-74.27071,-13.02568],[-74.27116,-13.03829],[-74.27496,-13.0437],[-74.27197,-13.05341],[-74.27242,-13.05746],[-74.26989,-13.06441],[-74.273482,-13.070979],[-74.280137,-13.074185],[-74.284075,-13.072096],[-74.288719,-13.065949],[-74.298923,-13.063816],[-74.310349,-13.059606],[-74.316136,-13.053759],[-74.33133,-13.043205],[-74.337023,-13.032404],[-74.345876,-13.025845],[-74.35784,-13.0258],[-74.368037,-13.021172],[-74.38623,-13.02931],[-74.38924,-13.03444],[-74.38998,-13.04294],[-74.40088,-13.05441],[-74.40801,-13.06927],[-74.406593,-13.070705],[-74.41111,-13.07887],[-74.40956,-13.08157],[-74.41151,-13.106],[-74.41087,-13.1197],[-74.40172,-13.1226],[-74.38872,-13.12966],[-74.38803,-13.13718],[-74.39027,-13.14371],[-74.38979,-13.15308],[-74.39834,-13.16036],[-74.397752,-13.168719],[-74.402982,-13.166336],[-74.410309,-13.160275],[-74.420426,-13.159539],[-74.429795,-13.163484],[-74.432549,-13.16743],[-74.449279,-13.178635],[-74.458439,-13.190038],[-74.467949,-13.187719],[-74.475967,-13.191678],[-74.481986,-13.192521],[-74.494172,-13.186596],[-74.499341,-13.188284],[-74.506846,-13.193907],[-74.512417,-13.193778],[-74.517059,-13.196692],[-74.523109,-13.190215],[-74.528404,-13.191545],[-74.530717,-13.195518],[-74.538742,-13.196799],[-74.544473,-13.199394],[-74.551318,-13.190324],[-74.559529,-13.185125],[-74.563449,-13.18626],[-74.570981,-13.18467],[-74.580338,-13.194527],[-74.579422,-13.201344],[-74.584809,-13.20309],[-74.586982,-13.211303],[-74.595635,-13.212846],[-74.601645,-13.221824],[-74.600689,-13.227385],[-74.608211,-13.230292],[-74.612207,-13.236183],[-74.622191,-13.243982],[-74.632209,-13.260336],[-74.637566,-13.26359],[-74.644654,-13.274137],[-74.652389,-13.271189],[-74.663498,-13.271484],[-74.671928,-13.274922],[-74.67769,-13.281629],[-74.68627,-13.285964],[-74.681702,-13.29147],[-74.678055,-13.292141],[-74.670033,-13.317808],[-74.665633,-13.320147],[-74.667659,-13.32626],[-74.660094,-13.333011],[-74.653885,-13.335155],[-74.651298,-13.333573],[-74.64442,-13.33699],[-74.63283,-13.34478],[-74.63877,-13.34658],[-74.6468,-13.35133],[-74.65813,-13.35149],[-74.66243,-13.35508],[-74.672389,-13.351295],[-74.67817,-13.35066],[-74.68782,-13.3528],[-74.69187,-13.35796],[-74.69946,-13.36351],[-74.70846,-13.36406],[-74.728307,-13.362194],[-74.738546,-13.352853],[-74.73675,-13.34483],[-74.739326,-13.339236],[-74.745192,-13.338124],[-74.752257,-13.328245],[-74.757526,-13.325071],[-74.762322,-13.326943],[-74.764945,-13.33466],[-74.763863,-13.341393],[-74.770088,-13.346328],[-74.778806,-13.348336],[-74.78666,-13.34816],[-74.79364,-13.35167],[-74.79872,-13.35232],[-74.80425,-13.35566],[-74.81211,-13.35754],[-74.81809,-13.35534],[-74.82193,-13.35654],[-74.83329,-13.35644],[-74.84671,-13.35328],[-74.85856,-13.3556],[-74.86196,-13.35922],[-74.86875,-13.3599],[-74.87589,-13.36857],[-74.8785,-13.37426],[-74.8877,-13.38002],[-74.89011,-13.38563],[-74.89772,-13.39531],[-74.89462,-13.40249],[-74.89266,-13.41446],[-74.89802,-13.42457],[-74.90358,-13.42946],[-74.90453,-13.43678],[-74.90166,-13.43993],[-74.89977,-13.45229],[-74.90244,-13.45682],[-74.9021,-13.46644],[-74.89796,-13.46901],[-74.89043,-13.46979],[-74.88328,-13.4751],[-74.87579,-13.47446],[-74.86218,-13.48179],[-74.85687,-13.48737],[-74.85506,-13.4945],[-74.84758,-13.49931],[-74.84522,-13.50834],[-74.84008,-13.51162],[-74.84041,-13.51984],[-74.83713,-13.5248],[-74.83271,-13.52718],[-74.82956,-13.5343],[-74.82156,-13.53701],[-74.81583,-13.53537],[-74.80426,-13.54551],[-74.79957,-13.54747],[-74.7912,-13.55994],[-74.79132,-13.56439],[-74.7862,-13.57382],[-74.779908,-13.582162],[-74.776963,-13.58867],[-74.77507,-13.599149],[-74.771388,-13.606499],[-74.771503,-13.613643],[-74.777422,-13.624489],[-74.777977,-13.630002],[-74.77485,-13.638752],[-74.779709,-13.642961],[-74.781151,-13.648184],[-74.778793,-13.655424],[-74.778025,-13.663651],[-74.773971,-13.671627],[-74.77435,-13.677802],[-74.772485,-13.691514],[-74.774569,-13.695134],[-74.775391,-13.710538],[-74.772485,-13.718774],[-74.763435,-13.723271],[-74.754385,-13.733967],[-74.756195,-13.741974],[-74.761186,-13.748831],[-74.759541,-13.757716],[-74.765854,-13.769086],[-74.766793,-13.772832],[-74.76233,-13.780549],[-74.767205,-13.785131],[-74.778924,-13.784605],[-74.778244,-13.79465],[-74.775078,-13.803799],[-74.766998,-13.81475],[-74.760364,-13.831487],[-74.762275,-13.851402],[-74.76541,-13.857826],[-74.767387,-13.866588],[-74.782852,-13.87915],[-74.785209,-13.891949],[-74.777008,-13.897504],[-74.778756,-13.908861],[-74.78518,-13.920603],[-74.785923,-13.928788],[-74.780493,-13.941623],[-74.776434,-13.948534],[-74.775008,-13.962246],[-74.767955,-13.978552],[-74.76949,-13.983686],[-74.781996,-13.983905],[-74.785022,-13.991582],[-74.779082,-13.996275],[-74.780075,-14.006671],[-74.783883,-14.016945],[-74.778373,-14.02958],[-74.778016,-14.034146],[-74.773994,-14.044658],[-74.767875,-14.046633],[-74.765465,-14.064217],[-74.765686,-14.07183],[-74.758713,-14.078596],[-74.765328,-14.086578],[-74.770287,-14.089793],[-74.781227,-14.089631],[-74.787574,-14.086209],[-74.792061,-14.089352],[-74.798996,-14.08668],[-74.806457,-14.089082],[-74.810066,-14.086988],[-74.819137,-14.091732],[-74.825187,-14.092279],[-74.830955,-14.084516],[-74.841385,-14.073402],[-74.852744,-14.076205],[-74.857102,-14.074234],[-74.860795,-14.067193],[-74.866967,-14.072486],[-74.878113,-14.076254],[-74.878883,-14.079906],[-74.885674,-14.085625],[-74.895363,-14.10318],[-74.899605,-14.102105],[-74.901008,-14.097195],[-74.907891,-14.092154],[-74.918,-14.095123],[-74.922158,-14.098641],[-74.926475,-14.098697],[-74.933502,-14.091881],[-74.942361,-14.094687],[-74.948922,-14.087273],[-74.957955,-14.086137],[-74.974137,-14.074791],[-74.989014,-14.074982],[-74.996277,-14.072098],[-75.001455,-14.07207],[-75.014504,-14.069152],[-75.024131,-14.072332],[-75.02913,-14.07195],[-75.02949,-14.08069],[-75.03786,-14.0993],[-75.0434,-14.10108],[-75.04611,-14.10659],[-75.054254,-14.114786],[-75.05527,-14.12789],[-75.05905,-14.12962],[-75.063035,-14.135101],[-75.067412,-14.1512],[-75.07638,-14.165905],[-75.078375,-14.186378],[-75.085766,-14.209615],[-75.090795,-14.215178],[-75.087245,-14.231819],[-75.077861,-14.233137],[-75.073668,-14.235612],[-75.072104,-14.245926],[-75.064868,-14.252316],[-75.055119,-14.255205],[-75.046979,-14.255534],[-75.039512,-14.254167],[-75.034566,-14.257904],[-75.032198,-14.265679],[-75.037664,-14.269776],[-75.039979,-14.277879],[-75.049704,-14.286539],[-75.055168,-14.287187],[-75.063364,-14.29543],[-75.073413,-14.298995],[-75.081378,-14.297143],[-75.086379,-14.308951],[-75.093927,-14.312424],[-75.100225,-14.33016],[-75.099993,-14.334142],[-75.104902,-14.339468],[-75.108097,-14.347942],[-75.105087,-14.358778],[-75.110644,-14.365585],[-75.112496,-14.370493],[-75.116724,-14.374112],[-75.120038,-14.383702],[-75.125964,-14.388536],[-75.132084,-14.399724],[-75.131539,-14.404832],[-75.138049,-14.414656],[-75.134731,-14.417076],[-75.125749,-14.417919],[-75.119138,-14.421131],[-75.1214,-14.427515],[-75.115335,-14.428239],[-75.107124,-14.433549],[-75.101266,-14.433199],[-75.095525,-14.428828],[-75.088969,-14.426409],[-75.076933,-14.42603],[-75.068237,-14.428969],[-75.062926,-14.426856],[-75.052994,-14.43115],[-75.06037,-14.438931],[-75.065077,-14.445695],[-75.070191,-14.449158],[-75.068459,-14.458358],[-75.081771,-14.471128],[-75.094893,-14.478974],[-75.098138,-14.485097],[-75.090741,-14.495443],[-75.091696,-14.50541],[-75.090667,-14.515377],[-75.091531,-14.521183],[-75.085863,-14.531075],[-75.078736,-14.531648],[-75.069097,-14.526934],[-75.067012,-14.5296],[-75.067643,-14.538439],[-75.071335,-14.541051],[-75.075342,-14.548165],[-75.080674,-14.551182],[-75.078415,-14.55592],[-75.08009,-14.56901],[-75.07759,-14.57132],[-75.065858,-14.574483],[-75.061835,-14.597215],[-75.06349,-14.607495],[-75.0599,-14.622618],[-75.055958,-14.626885],[-75.051987,-14.626717],[-75.034161,-14.611288],[-75.018307,-14.610501],[-75.010033,-14.606156],[-75.001231,-14.608039],[-74.996792,-14.611814],[-74.978019,-14.602372],[-74.971986,-14.602813],[-74.95892,-14.606451],[-74.956568,-14.604409],[-74.952055,-14.594535],[-74.947554,-14.588542],[-74.947209,-14.58189],[-74.933218,-14.576638],[-74.924413,-14.568415],[-74.913392,-14.565616],[-74.904502,-14.552378],[-74.903684,-14.547814],[-74.895418,-14.54508],[-74.887948,-14.547233],[-74.884249,-14.545481],[-74.875343,-14.555267],[-74.877904,-14.559345],[-74.882429,-14.574279],[-74.878448,-14.587524],[-74.868067,-14.596886],[-74.860141,-14.607406],[-74.852772,-14.611809],[-74.829244,-14.612593],[-74.811339,-14.615239],[-74.795933,-14.615706],[-74.792096,-14.618725],[-74.796763,-14.624295],[-74.810455,-14.631608],[-74.818141,-14.639822],[-74.821066,-14.646326],[-74.828627,-14.656221],[-74.83846,-14.662693],[-74.846581,-14.666147],[-74.848697,-14.673491],[-74.845932,-14.68938],[-74.837915,-14.696336],[-74.839706,-14.702022],[-74.844146,-14.703346],[-74.845742,-14.707979],[-74.837798,-14.712185],[-74.83001,-14.720051],[-74.827401,-14.734031],[-74.813616,-14.74178],[-74.809995,-14.748244],[-74.802697,-14.752152],[-74.798373,-14.747043],[-74.791484,-14.742359],[-74.790051,-14.739207],[-74.776419,-14.728928],[-74.753576,-14.727774],[-74.743578,-14.726005],[-74.731849,-14.714391],[-74.715873,-14.709521],[-74.71762,-14.713545],[-74.72758,-14.720314],[-74.735478,-14.731985],[-74.73448,-14.74085],[-74.738527,-14.753734],[-74.745211,-14.760158],[-74.750294,-14.761529],[-74.756007,-14.771131],[-74.754284,-14.775605],[-74.756101,-14.783598],[-74.764618,-14.790203],[-74.756941,-14.795054],[-74.754107,-14.798748],[-74.750751,-14.808147],[-74.746464,-14.813621],[-74.737691,-14.811535],[-74.720293,-14.81246],[-74.715983,-14.819414],[-74.726862,-14.823442],[-74.739593,-14.82419],[-74.743267,-14.826433],[-74.751504,-14.827554],[-74.754676,-14.834337],[-74.753363,-14.838465],[-74.746244,-14.843555],[-74.738338,-14.841469],[-74.730088,-14.842844],[-74.720188,-14.836628],[-74.69384,-14.838155],[-74.689816,-14.848184],[-74.681808,-14.853375],[-74.675822,-14.862072],[-74.681066,-14.873083],[-74.676633,-14.878082],[-74.671896,-14.879377],[-74.670496,-14.884473],[-74.663918,-14.892343],[-74.662486,-14.898443],[-74.663451,-14.907934],[-74.668741,-14.91198],[-74.673129,-14.918173],[-74.684706,-14.925642],[-74.685484,-14.92947],[-74.674685,-14.944626],[-74.673876,-14.948298],[-74.665536,-14.955704],[-74.664167,-14.963516],[-74.659385,-14.970336],[-74.646303,-14.977893],[-74.650371,-14.985297],[-74.660561,-14.995034],[-74.665694,-14.997902],[-74.664486,-15.002733],[-74.667187,-15.02803],[-74.664267,-15.044696],[-74.665295,-15.049836],[-74.670969,-15.054975],[-74.686887,-15.061482],[-74.697559,-15.062783],[-74.704531,-15.071035],[-74.729607,-15.085396],[-74.736471,-15.084877],[-74.747809,-15.089777],[-74.757482,-15.092582],[-74.762299,-15.098055],[-74.752579,-15.113404],[-74.746094,-15.116018],[-74.738525,-15.123387],[-74.733688,-15.121777],[-74.726059,-15.122136],[-74.721436,-15.124652],[-74.718605,-15.135663],[-74.713707,-15.138533],[-74.704643,-15.139703],[-74.699738,-15.137064],[-74.689453,-15.139067],[-74.679962,-15.132564],[-74.675262,-15.134954],[-74.666489,-15.135282],[-74.660698,-15.137888],[-74.652039,-15.139133],[-74.637842,-15.131805],[-74.62825,-15.124496],[-74.624016,-15.130538],[-74.615417,-15.137277],[-74.605972,-15.148498],[-74.594666,-15.14655],[-74.585091,-15.149105],[-74.582504,-15.145966],[-74.572456,-15.140941],[-74.566315,-15.139935],[-74.552521,-15.139941],[-74.533974,-15.146441],[-74.512665,-15.148795],[-74.5036,-15.160322],[-74.498672,-15.162232],[-74.48819,-15.163695],[-74.465759,-15.173476],[-74.451421,-15.175973],[-74.444421,-15.169597],[-74.437689,-15.167813],[-74.418327,-15.169035],[-74.40155,-15.178523],[-74.39872,-15.181463],[-74.395637,-15.192926],[-74.389923,-15.203669],[-74.3899,-15.207141],[-74.394981,-15.214145],[-74.399376,-15.217397],[-74.400415,-15.221897],[-74.394574,-15.226757],[-74.393727,-15.236476],[-74.387878,-15.25178],[-74.391602,-15.25777],[-74.399696,-15.265863],[-74.397423,-15.273457],[-74.398209,-15.27805],[-74.414848,-15.295418],[-74.415306,-15.299267],[-74.409378,-15.304941],[-74.409462,-15.308494],[-74.400368,-15.31274],[-74.397896,-15.315599],[-74.388969,-15.317246],[-74.382256,-15.324222],[-74.377853,-15.331879],[-74.366814,-15.333834],[-74.359917,-15.332701],[-74.354675,-15.339582],[-74.350464,-15.336424],[-74.345818,-15.336348],[-74.342918,-15.34282],[-74.333649,-15.353263],[-74.320171,-15.354807],[-74.309718,-15.358937],[-74.30921,-15.361542],[-74.315532,-15.365164],[-74.317312,-15.37263],[-74.328431,-15.390994],[-74.327774,-15.401962],[-74.324238,-15.414059],[-74.325577,-15.419558],[-74.321378,-15.428737],[-74.316757,-15.442193],[-74.308734,-15.449324],[-74.302262,-15.451471],[-74.306097,-15.459491],[-74.31118,-15.462732],[-74.304527,-15.475287],[-74.300124,-15.478395],[-74.278725,-15.478726],[-74.272229,-15.478013],[-74.265939,-15.474709],[-74.255447,-15.480738],[-74.243032,-15.480332],[-74.232964,-15.486172],[-74.22773,-15.484565],[-74.213966,-15.485726],[-74.193741,-15.49166],[-74.18502,-15.485732],[-74.178963,-15.486065],[-74.166473,-15.483957],[-74.16098,-15.477648],[-74.158577,-15.467914],[-74.154007,-15.461169],[-74.153831,-15.45554],[-74.148437,-15.449383],[-74.15348,-15.447213],[-74.153915,-15.43849],[-74.15126,-15.428751],[-74.148361,-15.426714],[-74.139976,-15.426636],[-74.137238,-15.424599],[-74.133949,-15.416609],[-74.129562,-15.413084],[-74.123688,-15.411517],[-74.11554,-15.411854],[-74.113075,-15.404983],[-74.094521,-15.392003],[-74.085525,-15.391333],[-74.080879,-15.396699],[-74.075233,-15.398824],[-74.070946,-15.404015],[-74.06543,-15.402195],[-74.058777,-15.409255],[-74.053734,-15.417726],[-74.049789,-15.428047],[-74.045532,-15.443377],[-74.038475,-15.450761],[-74.037292,-15.456078],[-74.042412,-15.463549],[-74.042694,-15.467932],[-74.038757,-15.48297],[-74.045128,-15.492816],[-74.049698,-15.492689],[-74.061615,-15.499895],[-74.071266,-15.500807],[-74.075249,-15.503447],[-74.074921,-15.510302],[-74.079185,-15.51572],[-74.071266,-15.534153],[-74.067284,-15.539294],[-74.07576,-15.550455],[-74.076546,-15.555921],[-74.074135,-15.560089],[-74.076546,-15.566155],[-74.079185,-15.580976],[-74.082291,-15.584172],[-74.08493,-15.591536],[-74.082794,-15.600289],[-74.083816,-15.603161],[-74.081642,-15.614368],[-74.08474,-15.618907],[-74.068649,-15.629887],[-74.063415,-15.629617],[-74.050949,-15.622282],[-74.046921,-15.616251],[-74.033485,-15.610016],[-74.019394,-15.599172],[-74.013786,-15.579745],[-74.012901,-15.570697],[-74.00943,-15.568045],[-74.010277,-15.559402],[-74.001701,-15.556602],[-73.99646,-15.553387],[-73.988228,-15.540867],[-73.979889,-15.539524],[-73.961067,-15.523917],[-73.957855,-15.518642],[-73.946396,-15.495528],[-73.945961,-15.490403],[-73.939865,-15.482958],[-73.935928,-15.481825],[-73.929398,-15.473354],[-73.912514,-15.456251],[-73.905609,-15.452367],[-73.893898,-15.449352],[-73.888641,-15.439101],[-73.880371,-15.437683],[-73.876556,-15.439153],[-73.868271,-15.42613],[-73.868797,-15.417263],[-73.873489,-15.411396],[-73.869705,-15.400247],[-73.877075,-15.389163],[-73.871277,-15.382317],[-73.871078,-15.378536],[-73.874336,-15.372082],[-73.874863,-15.355065],[-73.878639,-15.342874],[-73.883621,-15.3383],[-73.873505,-15.334583],[-73.869209,-15.331711],[-73.866112,-15.324661],[-73.860054,-15.326117],[-73.842049,-15.327309],[-73.832581,-15.32712],[-73.807991,-15.324275],[-73.802589,-15.326421],[-73.798576,-15.33469],[-73.791992,-15.340038],[-73.783264,-15.337618],[-73.778084,-15.338743],[-73.77932,-15.3464],[-73.769638,-15.35704],[-73.766235,-15.367716],[-73.758865,-15.385265],[-73.746811,-15.39371],[-73.730621,-15.407345],[-73.723061,-15.411919],[-73.714172,-15.415604],[-73.70652,-15.420715],[-73.694557,-15.434776],[-73.684364,-15.437484],[-73.674522,-15.431467],[-73.669914,-15.430214],[-73.659752,-15.423498],[-73.651611,-15.416279],[-73.637588,-15.419721],[-73.630119,-15.418964],[-73.623512,-15.421111],[-73.612862,-15.419229],[-73.60614,-15.414305],[-73.599724,-15.407066],[-73.592911,-15.403621],[-73.582535,-15.404879],[-73.578415,-15.406794],[-73.557404,-15.408611],[-73.549911,-15.405756],[-73.536636,-15.397923],[-73.529571,-15.392055],[-73.503448,-15.383032],[-73.489403,-15.381867],[-73.478111,-15.379621],[-73.471863,-15.374087],[-73.461372,-15.368889],[-73.442902,-15.356119],[-73.437653,-15.356316],[-73.428146,-15.361385],[-73.427765,-15.368265],[-73.43219,-15.373643],[-73.427605,-15.377809],[-73.42112,-15.380024],[-73.417442,-15.376099],[-73.409767,-15.382843],[-73.403313,-15.391477],[-73.392166,-15.398737],[-73.388214,-15.39897],[-73.381767,-15.3938],[-73.367279,-15.387554],[-73.361053,-15.387922],[-73.347488,-15.394449],[-73.340729,-15.402128],[-73.336281,-15.405148],[-73.330444,-15.402589],[-73.312645,-15.400051],[-73.30661,-15.395514],[-73.294525,-15.39233],[-73.287598,-15.395889],[-73.278412,-15.395046],[-73.28421,-15.377342],[-73.290619,-15.371319],[-73.291206,-15.363631],[-73.29364,-15.359998],[-73.292473,-15.351091],[-73.289604,-15.344419],[-73.290199,-15.335978],[-73.277733,-15.318184],[-73.281769,-15.309934],[-73.28492,-15.294937],[-73.279945,-15.29034],[-73.266998,-15.288706],[-73.262741,-15.286385],[-73.253075,-15.287068],[-73.245933,-15.286092],[-73.242279,-15.289751],[-73.232246,-15.294523],[-73.221565,-15.297965],[-73.213432,-15.293787],[-73.206612,-15.294041],[-73.185181,-15.305821],[-73.174545,-15.306607],[-73.169662,-15.304203],[-73.163506,-15.295775],[-73.160042,-15.286356],[-73.152954,-15.283065],[-73.149536,-15.273656],[-73.150688,-15.261334],[-73.146957,-15.257775],[-73.139549,-15.255933],[-73.136108,-15.244113],[-73.127205,-15.238595],[-73.121086,-15.231624],[-73.119408,-15.224691],[-73.116837,-15.222852],[-73.110901,-15.197379],[-73.112373,-15.18898],[-73.110748,-15.186107],[-73.101448,-15.18769],[-73.099411,-15.180941],[-73.095039,-15.177822],[-73.089661,-15.169844],[-73.08287,-15.163975],[-73.074692,-15.163361],[-73.07357,-15.157865],[-73.066399,-15.151564],[-73.060509,-15.144314],[-73.048752,-15.141782],[-73.047562,-15.134348],[-73.033879,-15.133265],[-73.026726,-15.129758],[-73.022759,-15.131892],[-73.019211,-15.122161],[-73.019989,-15.110775],[-73.02285,-15.104436],[-73.024528,-15.091758],[-73.018646,-15.083958],[-73.015976,-15.075986],[-73.010956,-15.07311],[-73.004242,-15.064127],[-73.004379,-15.057863],[-73.007751,-15.050299],[-73.004852,-15.043465],[-73.005928,-15.030914],[-73.005348,-15.009316],[-73.003044,-15.001539],[-72.998848,-14.993717],[-72.992683,-14.987638],[-72.982956,-14.983709],[-72.982986,-14.97208],[-72.986656,-14.956103],[-72.991722,-14.952434],[-72.995201,-14.942965],[-73.000137,-14.938902],[-73.00856,-14.927814],[-73.021347,-14.9155],[-73.031464,-14.900051],[-73.03154,-14.895683],[-73.026489,-14.891076],[-73.026588,-14.883845],[-73.023888,-14.877582],[-73.018768,-14.87141],[-73.017364,-14.863083],[-73.013054,-14.853656],[-73.004776,-14.841657],[-73.003494,-14.837357],[-73.004814,-14.827375],[-73.002869,-14.821977],[-73.002785,-14.814986],[-72.996277,-14.810747],[-72.993225,-14.804122],[-72.981819,-14.80648],[-72.969269,-14.795149],[-72.963066,-14.793172],[-72.954804,-14.777463],[-72.949783,-14.773818],[-72.942726,-14.765414],[-72.935043,-14.762762],[-72.929924,-14.758166],[-72.920578,-14.757932],[-72.910622,-14.769486],[-72.902061,-14.769918],[-72.893608,-14.771976],[-72.882339,-14.771428],[-72.880279,-14.766674],[-72.871613,-14.761422],[-72.858917,-14.763817],[-72.852821,-14.763103],[-72.846825,-14.759824],[-72.850206,-14.757557],[-72.851935,-14.752205],[-72.851746,-14.744262],[-72.855837,-14.7387],[-72.854118,-14.733007],[-72.857003,-14.728127],[-72.864313,-14.726675],[-72.865637,-14.710684],[-72.869401,-14.707371],[-72.876659,-14.708522],[-72.885399,-14.70597],[-72.890595,-14.700671],[-72.897839,-14.698802],[-72.908742,-14.698248],[-72.911794,-14.696761],[-72.91879,-14.685162],[-72.926996,-14.688437],[-72.933732,-14.695455],[-72.955307,-14.682684],[-72.962607,-14.669163],[-72.971115,-14.659677],[-72.973784,-14.652568],[-72.978508,-14.65175],[-72.982394,-14.65421],[-72.985045,-14.66031],[-72.998489,-14.662469],[-73.006704,-14.650858],[-73.009412,-14.637389],[-73.014666,-14.630906],[-73.019506,-14.630611],[-73.022288,-14.62716],[-73.030613,-14.627613],[-73.035854,-14.624572],[-73.043295,-14.623731],[-73.041847,-14.645623],[-73.040196,-14.651499],[-73.046249,-14.658693],[-73.057628,-14.661139],[-73.064896,-14.665566],[-73.078427,-14.656055],[-73.096519,-14.650443],[-73.102329,-14.658762],[-73.104442,-14.667874],[-73.110055,-14.669921],[-73.10464,-14.682995],[-73.106489,-14.690654],[-73.11341,-14.693473],[-73.121147,-14.691579],[-73.122468,-14.683853],[-73.125301,-14.68116],[-73.131957,-14.681526],[-73.147295,-14.677779],[-73.153237,-14.674345],[-73.161623,-14.681674],[-73.174789,-14.6859],[-73.178073,-14.685446],[-73.185071,-14.698996],[-73.190412,-14.705775],[-73.202297,-14.70452],[-73.211066,-14.705844],[-73.218275,-14.701612],[-73.227648,-14.709716],[-73.245083,-14.712378],[-73.25611,-14.70901],[-73.263621,-14.709789],[-73.265373,-14.715521],[-73.27995,-14.731632],[-73.284239,-14.734101],[-73.289727,-14.732734],[-73.296798,-14.723753],[-73.314156,-14.715863],[-73.32833,-14.717361],[-73.341865,-14.707789],[-73.350807,-14.704029],[-73.352242,-14.694572],[-73.358269,-14.683389],[-73.364368,-14.681649],[-73.370094,-14.688159],[-73.370865,-14.696617],[-73.380865,-14.704064],[-73.390403,-14.716062],[-73.398479,-14.736075],[-73.400695,-14.744123],[-73.40158,-14.754041],[-73.404549,-14.765496],[-73.409119,-14.771207],[-73.418231,-14.772099],[-73.424826,-14.777751],[-73.437132,-14.784246],[-73.439922,-14.786954],[-73.441276,-14.793335],[-73.4497,-14.799951],[-73.454121,-14.805821],[-73.454729,-14.821014],[-73.457823,-14.823307],[-73.463112,-14.837322],[-73.465621,-14.84026],[-73.471055,-14.838639],[-73.485027,-14.84257],[-73.494861,-14.834631],[-73.499355,-14.828752],[-73.503492,-14.828588],[-73.509467,-14.824957],[-73.5145,-14.825533],[-73.515891,-14.816978],[-73.528187,-14.801703],[-73.534221,-14.798836],[-73.543006,-14.802016],[-73.549572,-14.801434],[-73.558795,-14.78283],[-73.565281,-14.775834],[-73.562379,-14.754244],[-73.564477,-14.747162],[-73.562551,-14.743602],[-73.565057,-14.733705],[-73.567713,-14.733533],[-73.570299,-14.719672],[-73.576103,-14.717646],[-73.576732,-14.711686],[-73.571221,-14.707184],[-73.5751,-14.69958],[-73.571611,-14.695166],[-73.571099,-14.687272],[-73.562119,-14.680119],[-73.553225,-14.680373],[-73.54365,-14.676625],[-73.540519,-14.67335],[-73.529704,-14.674271],[-73.523082,-14.673049],[-73.519674,-14.669899],[-73.510061,-14.650101],[-73.513361,-14.633097],[-73.521024,-14.61943],[-73.529924,-14.594924],[-73.532997,-14.588917],[-73.533379,-14.581021],[-73.525619,-14.572203],[-73.519119,-14.570672],[-73.51165,-14.563664],[-73.510535,-14.548832],[-73.507012,-14.544309],[-73.51174,-14.538525],[-73.520752,-14.533548],[-73.522245,-14.526986],[-73.522222,-14.516153],[-73.523856,-14.511588],[-73.529003,-14.510164],[-73.533162,-14.506294],[-73.536684,-14.498197],[-73.535057,-14.491545],[-73.540352,-14.485953],[-73.545766,-14.482693],[-73.554561,-14.480695],[-73.551825,-14.472675],[-73.551405,-14.465004],[-73.563171,-14.459891],[-73.568988,-14.45933],[-73.57256,-14.452894],[-73.574733,-14.443288],[-73.573892,-14.431974],[-73.579609,-14.425256],[-73.581826,-14.41642],[-73.573016,-14.415897],[-73.559636,-14.409907],[-73.553857,-14.40122],[-73.555153,-14.388926],[-73.553506,-14.377507],[-73.548342,-14.373515],[-73.546991,-14.366544],[-73.542176,-14.365494],[-73.533835,-14.354294],[-73.52801,-14.322562],[-73.523063,-14.314468],[-73.517191,-14.309361],[-73.515144,-14.300129],[-73.515857,-14.294312],[-73.513539,-14.281861],[-73.513967,-14.274975],[-73.51225,-14.268158],[-73.518143,-14.263225],[-73.517576,-14.259539],[-73.521121,-14.250127],[-73.51883,-14.246902],[-73.523363,-14.22833],[-73.528844,-14.227754],[-73.528623,-14.221115],[-73.534211,-14.215682],[-73.544059,-14.208664],[-73.545201,-14.196984],[-73.553133,-14.192113],[-73.557721,-14.176176],[-73.564853,-14.167711],[-73.569312,-14.155059],[-73.572934,-14.149113],[-73.577283,-14.147176],[-73.581937,-14.130594],[-73.582682,-14.119853],[-73.586625,-14.110342],[-73.591775,-14.109562],[-73.603729,-14.093412],[-73.608844,-14.092318],[-73.611102,-14.088719],[-73.614498,-14.077],[-73.613035,-14.073662],[-73.616158,-14.068445],[-73.618402,-14.058963],[-73.625781,-14.049019],[-73.620115,-14.04092],[-73.621852,-14.029353],[-73.618322,-14.026135],[-73.623357,-14.008686],[-73.627197,-14.000639],[-73.625894,-13.994906],[-73.630273,-13.991498],[-73.631123,-13.987113],[-73.64276,-13.978536],[-73.642217,-13.962442],[-73.647068,-13.95407],[-73.650039,-13.945346],[-73.653451,-13.943454],[-73.656164,-13.936125],[-73.656471,-13.929951],[-73.663025,-13.923715],[-73.67915,-13.916318],[-73.685469,-13.905103],[-73.684745,-13.902425],[-73.689086,-13.89076],[-73.694925,-13.883131],[-73.692831,-13.87648],[-73.693339,-13.863494],[-73.697779,-13.847416],[-73.71465,-13.834558],[-73.718421,-13.828474],[-73.722027,-13.826861],[-73.723602,-13.821988],[-73.72869,-13.816115],[-73.733544,-13.80144],[-73.740724,-13.792624],[-73.743264,-13.787334],[-73.741302,-13.778608],[-73.743258,-13.769825],[-73.747888,-13.763366],[-73.739987,-13.756234],[-73.734404,-13.754099],[-73.728489,-13.75727],[-73.716404,-13.750394],[-73.709163,-13.751911],[-73.692918,-13.749423],[-73.687445,-13.747184],[-73.682718,-13.739956],[-73.67354,-13.738145],[-73.669533,-13.734849],[-73.679399,-13.724529],[-73.685452,-13.722733],[-73.689816,-13.719229],[-73.701928,-13.705284],[-73.711984,-13.707353],[-73.715614,-13.699955],[-73.71349,-13.691158],[-73.721797,-13.681398],[-73.727133,-13.684316],[-73.730116,-13.676774],[-73.727762,-13.669079],[-73.732365,-13.667666],[-73.74362,-13.655562],[-73.750651,-13.656275],[-73.761147,-13.648322],[-73.76498,-13.649601],[-73.7705,-13.64546],[-73.779402,-13.644506],[-73.78272,-13.6408],[-73.791921,-13.64096],[-73.796246,-13.634287],[-73.79899,-13.622781],[-73.80536,-13.61587],[-73.805778,-13.612658],[-73.795796,-13.60432],[-73.799319,-13.596147],[-73.798708,-13.592483],[-73.80249,-13.585061],[-73.801175,-13.581021],[-73.804932,-13.576418],[-73.806849,-13.570263],[-73.807096,-13.562432],[-73.804089,-13.559012],[-73.805726,-13.547386],[-73.809765,-13.538468],[-73.809087,-13.534116],[-73.811387,-13.527492],[-73.811013,-13.521267],[-73.814865,-13.514648],[-73.814244,-13.509212],[-73.819994,-13.50292],[-73.822725,-13.492444],[-73.823116,-13.484335],[-73.831002,-13.476188],[-73.835006,-13.469546],[-73.834136,-13.461435],[-73.838553,-13.454167],[-73.82905,-13.445226],[-73.829492,-13.440037],[-73.827387,-13.433736],[-73.833337,-13.425507],[-73.839302,-13.419453],[-73.838442,-13.412821],[-73.846513,-13.402534],[-73.846961,-13.397432],[-73.842505,-13.389633],[-73.838908,-13.386783],[-73.837955,-13.373744],[-73.834944,-13.368822],[-73.834832,-13.36115],[-73.83232,-13.358959],[-73.831605,-13.352401],[-73.828667,-13.344535],[-73.830223,-13.340308],[-73.827994,-13.336509],[-73.831986,-13.330664],[-73.828319,-13.326494],[-73.823208,-13.324497],[-73.82073,-13.318102],[-73.812927,-13.314431],[-73.806834,-13.314784],[-73.807956,-13.303796],[-73.81352,-13.298881],[-73.822821,-13.285052],[-73.820561,-13.277577],[-73.821725,-13.272928],[-73.826323,-13.268929],[-73.822993,-13.257506],[-73.823214,-13.247333],[-73.812809,-13.24224],[-73.813495,-13.238801],[-73.810019,-13.23376],[-73.807367,-13.213873],[-73.799967,-13.214543],[-73.799355,-13.203953],[-73.797029,-13.199943],[-73.786424,-13.192205],[-73.773934,-13.185154],[-73.772988,-13.176227],[-73.75644,-13.170715],[-73.737551,-13.177193],[-73.730357,-13.183664],[-73.728262,-13.198025],[-73.732225,-13.201076],[-73.740092,-13.211484],[-73.738506,-13.217738],[-73.734982,-13.222547],[-73.73435,-13.23092],[-73.730863,-13.242649],[-73.736336,-13.254907],[-73.726736,-13.261744],[-73.726223,-13.268662],[-73.72128,-13.267886],[-73.706578,-13.269324],[-73.700187,-13.265102],[-73.696379,-13.271609],[-73.687568,-13.276441],[-73.687641,-13.281193],[-73.681947,-13.280477],[-73.673533,-13.284844],[-73.664504,-13.281549],[-73.66148,-13.284285],[-73.660029,-13.290393],[-73.652898,-13.293031],[-73.641949,-13.299478],[-73.635723,-13.31066],[-73.627652,-13.313695],[-73.624705,-13.32141],[-73.615014,-13.323793],[-73.611292,-13.323297],[-73.608536,-13.330775],[-73.598914,-13.327957],[-73.594932,-13.330484],[-73.590734,-13.336775],[-73.586701,-13.339336],[-73.581396,-13.336977],[-73.573629,-13.3389],[-73.57176,-13.341834],[-73.574175,-13.351099],[-73.572857,-13.360065],[-73.570173,-13.363323],[-73.5615,-13.363398],[-73.558504,-13.366213],[-73.550525,-13.363773],[-73.544285,-13.363871],[-73.539836,-13.370521],[-73.530301,-13.373477],[-73.527184,-13.383658],[-73.520689,-13.387695],[-73.511096,-13.382975],[-73.506652,-13.3845],[-73.498512,-13.392904],[-73.488326,-13.4119],[-73.486682,-13.422566],[-73.48091,-13.431371],[-73.474098,-13.432914],[-73.469426,-13.429217],[-73.461484,-13.434041],[-73.451918,-13.42992],[-73.442348,-13.431402],[-73.436084,-13.429961],[-73.431155,-13.432689],[-73.428922,-13.437868],[-73.418235,-13.4382],[-73.415407,-13.435759],[-73.409581,-13.43673],[-73.403323,-13.444751],[-73.397118,-13.442124],[-73.386639,-13.43986],[-73.376125,-13.440016],[-73.367979,-13.441361],[-73.365987,-13.436764],[-73.347163,-13.434832],[-73.341161,-13.441309],[-73.33298,-13.444401],[-73.334386,-13.44968],[-73.331793,-13.456378],[-73.325242,-13.457315],[-73.317076,-13.453826],[-73.313202,-13.447183],[-73.304649,-13.448952],[-73.302234,-13.451936],[-73.290934,-13.456186],[-73.282155,-13.454899],[-73.274395,-13.460536],[-73.271131,-13.461084],[-73.261021,-13.467734],[-73.245015,-13.465582],[-73.239989,-13.475395],[-73.233903,-13.476587],[-73.223565,-13.46906],[-73.220149,-13.463082],[-73.223182,-13.449781],[-73.218832,-13.445617],[-73.215569,-13.438235],[-73.209348,-13.430101],[-73.211876,-13.419065],[-73.21798,-13.417534],[-73.227683,-13.410781],[-73.236106,-13.411136],[-73.250216,-13.402251],[-73.252597,-13.392726],[-73.258129,-13.39513],[-73.259851,-13.384543],[-73.271354,-13.380574],[-73.277912,-13.372417],[-73.287354,-13.371943],[-73.289583,-13.354994],[-73.296347,-13.354734],[-73.302619,-13.351935],[-73.303603,-13.342631],[-73.312415,-13.336593],[-73.311404,-13.325889],[-73.319594,-13.322598],[-73.329663,-13.308617],[-73.333874,-13.308479],[-73.340746,-13.311907],[-73.343523,-13.305175],[-73.348177,-13.30232],[-73.348363,-13.298241],[-73.342118,-13.294037],[-73.346772,-13.291056],[-73.346212,-13.278437],[-73.353136,-13.269899],[-73.364348,-13.269428],[-73.365142,-13.265386],[-73.369835,-13.259341],[-73.369307,-13.25527],[-73.3712,-13.245479],[-73.375777,-13.24102],[-73.381081,-13.240269],[-73.3827,-13.237054],[-73.380494,-13.23182],[-73.382325,-13.224874],[-73.398612,-13.210839],[-73.40983,-13.211332],[-73.411027,-13.203681],[-73.414407,-13.194552],[-73.405784,-13.191483],[-73.402686,-13.180688],[-73.409454,-13.173682],[-73.407524,-13.16291],[-73.409502,-13.158168],[-73.415817,-13.152878],[-73.414662,-13.145089],[-73.42191,-13.132395],[-73.427291,-13.131809],[-73.431848,-13.139404],[-73.439139,-13.128272],[-73.453722,-13.122695],[-73.449903,-13.116575],[-73.448839,-13.107874],[-73.444467,-13.102113],[-73.452617,-13.099717],[-73.455852,-13.091295],[-73.448838,-13.08028],[-73.461928,-13.079983],[-73.465633,-13.074056],[-73.465386,-13.067313],[-73.468597,-13.065831],[-73.475972,-13.057356],[-73.481862,-13.058681],[-73.484356,-13.067255],[-73.489129,-13.067792],[-73.489302,-13.056455],[-73.492649,-13.048335],[-73.490756,-13.043713],[-73.485676,-13.042697],[-73.480875,-13.038852],[-73.477967,-13.032259],[-73.479859,-13.019071],[-73.477349,-13.000564],[-73.484162,-12.998692],[-73.488664,-12.999409],[-73.499681,-13.010186],[-73.504681,-13.011122],[-73.50986,-13.007557],[-73.517012,-13.007118],[-73.521813,-13.000146],[-73.521662,-12.990688],[-73.530032,-12.985266],[-73.524482,-12.980541],[-73.518037,-12.978801],[-73.508036,-12.971897],[-73.506793,-12.967346],[-73.510685,-12.955425],[-73.508929,-12.949487],[-73.500899,-12.946573],[-73.496081,-12.938469],[-73.495931,-12.933464],[-73.501048,-12.930476],[-73.513336,-12.934696],[-73.518902,-12.938954],[-73.522266,-12.938942],[-73.529846,-12.931963],[-73.533496,-12.924423],[-73.532573,-12.917485],[-73.522426,-12.907538],[-73.523676,-12.899478],[-73.543041,-12.884717],[-73.560649,-12.868874],[-73.573322,-12.862176],[-73.579138,-12.860652],[-73.583383,-12.856313],[-73.584467,-12.85202],[-73.590809,-12.844289],[-73.591385,-12.838936],[-73.588696,-12.833056],[-73.590022,-12.824168],[-73.594778,-12.818866],[-73.600875,-12.814911],[-73.603844,-12.810873],[-73.611533,-12.810104],[-73.615451,-12.808016],[-73.617612,-12.80084],[-73.62618,-12.788683],[-73.627278,-12.780115],[-73.624093,-12.771217],[-73.625667,-12.764992],[-73.634272,-12.758255],[-73.644781,-12.744854],[-73.650237,-12.740423],[-73.658564,-12.73608],[-73.66057,-12.73263],[-73.655839,-12.725044],[-73.663258,-12.713639],[-73.674162,-12.702794],[-73.679867,-12.695512],[-73.682465,-12.687812],[-73.692298,-12.688044],[-73.696751,-12.684426],[-73.698421,-12.679973],[-73.698328,-12.672134],[-73.701065,-12.669583],[-73.708115,-12.668748],[-73.712104,-12.665965],[-73.717485,-12.658543],[-73.725367,-12.640694],[-73.725552,-12.636647],[-73.735966,-12.639153],[-73.738657,-12.647164],[-73.743416,-12.651528],[-73.751517,-12.652516],[-73.764557,-12.64784],[-73.770287,-12.642835],[-73.785815,-12.623436],[-73.796045,-12.618931],[-73.801173,-12.613024],[-73.800951,-12.599015],[-73.804587,-12.594512],[-73.803141,-12.586374],[-73.804532,-12.577614],[-73.80879,-12.569152],[-73.812853,-12.557018],[-73.821845,-12.54597],[-73.822389,-12.537255],[-73.826799,-12.531159],[-73.834354,-12.531089],[-73.838212,-12.536471],[-73.845811,-12.539129],[-73.85319,-12.534363],[-73.855364,-12.529905],[-73.852883,-12.523031],[-73.855013,-12.512841],[-73.852355,-12.505286],[-73.852224,-12.499993],[-73.854705,-12.487519],[-73.858153,-12.479986],[-73.86859,-12.463962],[-73.87259,-12.453782],[-73.877462,-12.437275],[-73.880807,-12.420841],[-73.886792,-12.405397],[-73.899929,-12.40296],[-73.905294,-12.393303],[-73.909653,-12.3916],[-73.919393,-12.383563],[-73.926816,-12.379669],[-73.931613,-12.374126],[-73.934133,-12.367888],[-73.940908,-12.365575],[-73.945741,-12.352438],[-73.953706,-12.349691],[-73.959816,-12.351347],[-73.970072,-12.347811],[-73.970279,-12.344961],[-73.965859,-12.336451],[-73.970196,-12.314929],[-73.973997,-12.305758],[-73.97044,-12.280228],[-73.971082,-12.273407],[-73.977095,-12.263416],[-73.981102,-12.249908],[-73.980452,-12.242588]]]},"properties":{"province":"Ayacucho"}},{"type":"Feature","geometry":{"type":"Polygon","coordinates":[[[-77.999506,-6.970532],[-78.002104,-6.967845],[-77.999273,-6.961436],[-77.99774,-6.95204],[-78.000806,-6.947597],[-78.000846,-6.940245],[-78.004431,-6.937133],[-78.01108,-6.937079],[-78.013496,-6.929748],[-78.005915,-6.921631],[-78.004951,-6.915693],[-78.000673,-6.912483],[-78.000883,-6.896759],[-78.004552,-6.895117],[-78.00546,-6.888128],[-78.001651,-6.88093],[-78.006463,-6.87834],[-78.002201,-6.871275],[-78.00145,-6.865783],[-78.009894,-6.85492],[-78.027164,-6.851127],[-78.03122,-6.847048],[-78.024159,-6.841228],[-78.02404,-6.838413],[-78.016239,-6.833022],[-78.016716,-6.829014],[-78.014064,-6.822303],[-78.021105,-6.817588],[-78.017551,-6.808166],[-78.023825,-6.797098],[-78.021153,-6.794092],[-78.023992,-6.783882],[-78.021797,-6.778802],[-78.025972,-6.775891],[-78.022322,-6.770309],[-78.027761,-6.769379],[-78.031673,-6.762461],[-78.030003,-6.757953],[-78.033891,-6.754542],[-78.038146,-6.745758],[-78.034416,-6.739895],[-78.039378,-6.731976],[-78.038161,-6.725965],[-78.043656,-6.713816],[-78.046677,-6.702731],[-78.045985,-6.691591],[-78.058195,-6.67615],[-78.063866,-6.676964],[-78.074566,-6.672544],[-78.079161,-6.666409],[-78.075962,-6.65911],[-78.081283,-6.655185],[-78.094308,-6.65732],[-78.097334,-6.65059],[-78.104022,-6.64681],[-78.107599,-6.642332],[-78.103673,-6.634299],[-78.104424,-6.625077],[-78.107482,-6.61821],[-78.113502,-6.612299],[-78.11515,-6.604327],[-78.120312,-6.599415],[-78.121866,-6.589191],[-78.117758,-6.582053],[-78.119555,-6.574643],[-78.133471,-6.566866],[-78.137099,-6.563682],[-78.136484,-6.557719],[-78.132634,-6.553067],[-78.137134,-6.549434],[-78.136245,-6.543506],[-78.138273,-6.538616],[-78.134579,-6.534705],[-78.136028,-6.526302],[-78.14443,-6.519529],[-78.144648,-6.514314],[-78.15066,-6.512177],[-78.152181,-6.499826],[-78.164365,-6.490801],[-78.173043,-6.494176],[-78.176701,-6.483528],[-78.177094,-6.47442],[-78.185756,-6.471105],[-78.187949,-6.467801],[-78.190029,-6.457016],[-78.198432,-6.459298],[-78.209986,-6.45803],[-78.211507,-6.447418],[-78.218063,-6.446947],[-78.218751,-6.438545],[-78.221879,-6.429713],[-78.226103,-6.427063],[-78.234596,-6.418041],[-78.236695,-6.413447],[-78.241206,-6.410475],[-78.241931,-6.404209],[-78.245102,-6.4006],[-78.250007,-6.399682],[-78.255151,-6.394783],[-78.26138,-6.394467],[-78.268287,-6.391109],[-78.271883,-6.392728],[-78.271883,-6.397581],[-78.275904,-6.399755],[-78.280069,-6.395807],[-78.277932,-6.388961],[-78.289015,-6.374981],[-78.293542,-6.371794],[-78.299518,-6.37538],[-78.303249,-6.374112],[-78.305566,-6.367919],[-78.319004,-6.357017],[-78.324035,-6.358189],[-78.333735,-6.350978],[-78.334878,-6.341866],[-78.332873,-6.336451],[-78.335386,-6.318679],[-78.338857,-6.315179],[-78.345367,-6.304592],[-78.347742,-6.298544],[-78.356419,-6.295433],[-78.358664,-6.292053],[-78.358004,-6.28553],[-78.360368,-6.280384],[-78.365125,-6.280773],[-78.369963,-6.271084],[-78.370217,-6.26046],[-78.372206,-6.252578],[-78.370472,-6.247425],[-78.370089,-6.239084],[-78.380256,-6.230738],[-78.384399,-6.231202],[-78.394092,-6.227478],[-78.398072,-6.228753],[-78.401617,-6.225973],[-78.402025,-6.219774],[-78.409032,-6.213691],[-78.414244,-6.213805],[-78.418986,-6.205715],[-78.416948,-6.193475],[-78.41881,-6.189215],[-78.425442,-6.184547],[-78.427445,-6.179908],[-78.437023,-6.17363],[-78.438164,-6.165693],[-78.449822,-6.15693],[-78.456533,-6.150225],[-78.460502,-6.148174],[-78.465611,-6.14217],[-78.465527,-6.137645],[-78.475842,-6.132626],[-78.479012,-6.126211],[-78.477283,-6.11483],[-78.482646,-6.109029],[-78.490246,-6.104876],[-78.498444,-6.102501],[-78.497233,-6.09435],[-78.498883,-6.088653],[-78.509801,-6.08422],[-78.511036,-6.077338],[-78.518803,-6.071476],[-78.525785,-6.073232],[-78.533302,-6.071032],[-78.54222,-6.07309],[-78.556813,-6.07097],[-78.564297,-6.076769],[-78.576833,-6.078568],[-78.584297,-6.078404],[-78.589443,-6.076536],[-78.601903,-6.065527],[-78.603859,-6.05923],[-78.608574,-6.05741],[-78.610549,-6.053394],[-78.609643,-6.04161],[-78.611569,-6.035546],[-78.612272,-6.018182],[-78.614785,-6.014939],[-78.622325,-6.011088],[-78.626193,-6.004875],[-78.629813,-5.989047],[-78.635863,-5.988744],[-78.63774,-5.984975],[-78.639433,-5.974475],[-78.643195,-5.968205],[-78.647662,-5.967393],[-78.66032,-5.955559],[-78.660057,-5.950217],[-78.662887,-5.941566],[-78.670234,-5.927396],[-78.671797,-5.919256],[-78.676295,-5.913824],[-78.682771,-5.911076],[-78.687658,-5.896908],[-78.695934,-5.888527],[-78.696047,-5.883193],[-78.691654,-5.876216],[-78.69133,-5.871961],[-78.695892,-5.86681],[-78.698373,-5.860866],[-78.696771,-5.852751],[-78.699148,-5.840761],[-78.706778,-5.831986],[-78.712015,-5.830443],[-78.708399,-5.811301],[-78.706022,-5.807063],[-78.704316,-5.794555],[-78.701009,-5.785821],[-78.694719,-5.777052],[-78.69155,-5.758273],[-78.691755,-5.750742],[-78.68603,-5.744368],[-78.674987,-5.742256],[-78.653459,-5.734963],[-78.654483,-5.729142],[-78.652412,-5.722767],[-78.65625,-5.717908],[-78.666432,-5.717391],[-78.676407,-5.710569],[-78.683798,-5.707054],[-78.68633,-5.701369],[-78.683746,-5.69465],[-78.679209,-5.690732],[-78.666424,-5.683598],[-78.659816,-5.681315],[-78.651082,-5.67563],[-78.649175,-5.671149],[-78.648813,-5.662275],[-78.637579,-5.644344],[-78.630318,-5.642785],[-78.624771,-5.639365],[-78.621392,-5.632428],[-78.618185,-5.620694],[-78.609196,-5.61496],[-78.604816,-5.607208],[-78.608121,-5.59615],[-78.599995,-5.590243],[-78.599034,-5.584529],[-78.594636,-5.577535],[-78.594189,-5.570714],[-78.585135,-5.564826],[-78.583389,-5.561416],[-78.585087,-5.554971],[-78.580735,-5.548484],[-78.569828,-5.545378],[-78.564081,-5.538277],[-78.554747,-5.538075],[-78.550235,-5.533095],[-78.551738,-5.530563],[-78.550115,-5.518718],[-78.558515,-5.499089],[-78.543077,-5.481767],[-78.5476,-5.477519],[-78.542138,-5.470387],[-78.523378,-5.458108],[-78.515178,-5.454349],[-78.511321,-5.446797],[-78.512214,-5.431247],[-78.513757,-5.42609],[-78.521593,-5.420569],[-78.522148,-5.408889],[-78.518402,-5.399279],[-78.522679,-5.394361],[-78.528706,-5.382181],[-78.539047,-5.372157],[-78.539872,-5.365686],[-78.551314,-5.360268],[-78.563979,-5.344624],[-78.578649,-5.335862],[-78.583169,-5.331817],[-78.604492,-5.309898],[-78.609658,-5.307506],[-78.638442,-5.305331],[-78.64157,-5.303752],[-78.647994,-5.293348],[-78.651596,-5.28015],[-78.654426,-5.274301],[-78.6646,-5.268506],[-78.671463,-5.266836],[-78.677133,-5.269132],[-78.684244,-5.26749],[-78.688432,-5.254953],[-78.68543,-5.242477],[-78.685294,-5.237647],[-78.693553,-5.232746],[-78.69731,-5.223275],[-78.699681,-5.212253],[-78.702988,-5.207727],[-78.702338,-5.198486],[-78.705133,-5.193069],[-78.705961,-5.180096],[-78.709113,-5.179629],[-78.709687,-5.16526],[-78.710895,-5.156772],[-78.705832,-5.149595],[-78.703873,-5.135232],[-78.703939,-5.123712],[-78.700467,-5.115537],[-78.700624,-5.104083],[-78.696115,-5.099147],[-78.695502,-5.09347],[-78.690285,-5.089481],[-78.683411,-5.087026],[-78.680199,-5.072125],[-78.672996,-5.071523],[-78.667512,-5.067713],[-78.657714,-5.067423],[-78.651451,-5.055305],[-78.647457,-5.039331],[-78.641785,-5.036369],[-78.64118,-5.026571],[-78.643489,-5.021938],[-78.642184,-5.013453],[-78.643054,-5.006056],[-78.648493,-4.999202],[-78.652845,-4.988215],[-78.651434,-4.978569],[-78.660166,-4.97711],[-78.667769,-4.978659],[-78.672555,-4.974295],[-78.673963,-4.96993],[-78.678328,-4.968382],[-78.672555,-4.957822],[-78.662982,-4.949094],[-78.662278,-4.94135],[-78.653549,-4.921218],[-78.650042,-4.919024],[-78.645105,-4.907474],[-78.641006,-4.889868],[-78.644825,-4.887725],[-78.645384,-4.870958],[-78.643055,-4.8561],[-78.636255,-4.849114],[-78.635324,-4.841569],[-78.631877,-4.836445],[-78.635883,-4.830297],[-78.637652,-4.815859],[-78.641285,-4.811667],[-78.641285,-4.799836],[-78.637187,-4.791639],[-78.628803,-4.782231],[-78.620792,-4.768537],[-78.628058,-4.762343],[-78.631132,-4.757313],[-78.631318,-4.747532],[-78.628269,-4.739679],[-78.63816,-4.74042],[-78.644661,-4.736452],[-78.643721,-4.717182],[-78.64,-4.705228],[-78.63171,-4.698435],[-78.635784,-4.685379],[-78.643632,-4.682157],[-78.641854,-4.677043],[-78.642377,-4.668296],[-78.637938,-4.657982],[-78.638786,-4.655305],[-78.64534,-4.65159],[-78.649688,-4.646623],[-78.656868,-4.648647],[-78.663788,-4.656023],[-78.67841,-4.647342],[-78.681764,-4.642049],[-78.686766,-4.643294],[-78.695382,-4.636962],[-78.698174,-4.62965],[-78.705955,-4.623873],[-78.714185,-4.628203],[-78.725123,-4.627672],[-78.727676,-4.625866],[-78.73531,-4.62587],[-78.737269,-4.62815],[-78.747922,-4.632185],[-78.759207,-4.628884],[-78.76356,-4.630086],[-78.769394,-4.641069],[-78.776503,-4.642204],[-78.786334,-4.638186],[-78.796054,-4.640024],[-78.802524,-4.637469],[-78.808971,-4.642298],[-78.814714,-4.641665],[-78.821091,-4.646358],[-78.824448,-4.646317],[-78.84017,-4.653114],[-78.844674,-4.656614],[-78.849464,-4.663124],[-78.855319,-4.666645],[-78.862607,-4.675735],[-78.865323,-4.685012],[-78.86273,-4.689778],[-78.867561,-4.694528],[-78.871819,-4.701693],[-78.881031,-4.707056],[-78.88357,-4.71201],[-78.889834,-4.715695],[-78.892332,-4.730803],[-78.889507,-4.735184],[-78.889548,-4.749105],[-78.887629,-4.75291],[-78.889985,-4.757145],[-78.889629,-4.763926],[-78.897122,-4.773118],[-78.902527,-4.772708],[-78.911657,-4.780078],[-78.915424,-4.780856],[-78.912728,-4.791001],[-78.904,-4.796096],[-78.891685,-4.808006],[-78.895687,-4.812486],[-78.897518,-4.822993],[-78.896896,-4.832195],[-78.901997,-4.838469],[-78.910523,-4.842686],[-78.911862,-4.851635],[-78.907349,-4.861833],[-78.901518,-4.866931],[-78.889533,-4.873026],[-78.889382,-4.878409],[-78.891658,-4.887344],[-78.900048,-4.886386],[-78.909497,-4.892292],[-78.931932,-4.893445],[-78.944975,-4.898152],[-78.954512,-4.893727],[-78.965312,-4.894834],[-78.968646,-4.893717],[-78.973891,-4.897021],[-78.977723,-4.907443],[-78.977734,-4.912047],[-78.983107,-4.930244],[-78.985678,-4.935398],[-78.983984,-4.942656],[-78.986668,-4.944733],[-78.987791,-4.95299],[-78.993057,-4.959168],[-78.990924,-4.963139],[-78.995488,-4.973512],[-79.006269,-4.988596],[-79.004824,-4.993799],[-79.008328,-4.999596],[-79.01137,-5.011296],[-79.020737,-5.013058],[-79.025166,-5.015315],[-79.034359,-5.013337],[-79.042875,-5.003666],[-79.050413,-4.99888],[-79.054374,-4.990132],[-79.060866,-4.987601],[-79.070329,-4.991397],[-79.072639,-4.989252],[-79.072199,-4.980834],[-79.074565,-4.971646],[-79.078141,-4.970931],[-79.084358,-4.973902],[-79.093986,-4.973242],[-79.101523,-4.977863],[-79.110711,-4.979403],[-79.116708,-4.978688],[-79.133532,-4.97271],[-79.138448,-4.968869],[-79.149738,-4.964722],[-79.168821,-4.966015],[-79.178743,-4.961172],[-79.201437,-4.965586],[-79.209874,-4.965507],[-79.213194,-4.976601],[-79.221709,-4.981327],[-79.221592,-4.985545],[-79.216267,-4.990771],[-79.21441,-4.99993],[-79.215183,-5.010263],[-79.219815,-5.0124],[-79.219137,-5.021518],[-79.220945,-5.023211],[-79.221253,-5.031486],[-79.224897,-5.039355],[-79.22425,-5.04433],[-79.227703,-5.049532],[-79.232135,-5.05196],[-79.242585,-5.051416],[-79.247626,-5.056207],[-79.255951,-5.056447],[-79.260617,-5.059093],[-79.265385,-5.057376],[-79.272529,-5.058329],[-79.275334,-5.068087],[-79.273601,-5.073709],[-79.279941,-5.079765],[-79.279969,-5.083266],[-79.285925,-5.085191],[-79.287118,-5.094261],[-79.296355,-5.10232],[-79.295129,-5.110765],[-79.303076,-5.116631],[-79.308142,-5.116494],[-79.330283,-5.124297],[-79.336625,-5.134538],[-79.341678,-5.140294],[-79.342889,-5.163613],[-79.344369,-5.165844],[-79.35582,-5.167405],[-79.361188,-5.173467],[-79.369233,-5.175624],[-79.373098,-5.184861],[-79.378293,-5.190707],[-79.375378,-5.193844],[-79.369719,-5.213004],[-79.361657,-5.220377],[-79.356351,-5.223425],[-79.348551,-5.235204],[-79.34955,-5.24669],[-79.347308,-5.252448],[-79.352483,-5.266817],[-79.3606,-5.273384],[-79.356599,-5.291542],[-79.346668,-5.299421],[-79.344828,-5.307631],[-79.333383,-5.310344],[-79.327696,-5.316737],[-79.331048,-5.327025],[-79.328632,-5.337852],[-79.325633,-5.340875],[-79.326484,-5.348044],[-79.318754,-5.363588],[-79.308528,-5.3658],[-79.310951,-5.375406],[-79.307405,-5.380037],[-79.304424,-5.393061],[-79.306469,-5.409339],[-79.305461,-5.427013],[-79.295764,-5.437177],[-79.29459,-5.43989],[-79.298492,-5.459135],[-79.295951,-5.467412],[-79.291437,-5.46981],[-79.289253,-5.478589],[-79.280858,-5.486001],[-79.282756,-5.490064],[-79.279395,-5.496409],[-79.279858,-5.50436],[-79.278911,-5.516928],[-79.276474,-5.519528],[-79.28133,-5.524711],[-79.293301,-5.52509],[-79.299221,-5.52274],[-79.304519,-5.523039],[-79.31007,-5.519769],[-79.31909,-5.53051],[-79.328961,-5.53508],[-79.336199,-5.529891],[-79.344648,-5.529551],[-79.352119,-5.527148],[-79.36749,-5.528381],[-79.37307,-5.524199],[-79.387131,-5.52192],[-79.395019,-5.528119],[-79.39832,-5.537018],[-79.39334,-5.551519],[-79.38374,-5.56232],[-79.380471,-5.571461],[-79.37968,-5.58015],[-79.38066,-5.58757],[-79.37516,-5.59607],[-79.371836,-5.597732],[-79.372055,-5.603621],[-79.375551,-5.606189],[-79.37592,-5.615879],[-79.37785,-5.625859],[-79.380859,-5.630838],[-79.378051,-5.646711],[-79.3851,-5.657969],[-79.38266,-5.660519],[-79.382977,-5.668264],[-79.385889,-5.673877],[-79.38657,-5.686],[-79.39256,-5.691939],[-79.398289,-5.70051],[-79.398971,-5.70866],[-79.39681,-5.7226],[-79.39976,-5.731891],[-79.398689,-5.74226],[-79.400689,-5.74951],[-79.39944,-5.763299],[-79.397611,-5.773199],[-79.392769,-5.77899],[-79.38982,-5.79109],[-79.384519,-5.79657],[-79.376471,-5.7991],[-79.375143,-5.809838],[-79.37756,-5.81218],[-79.374689,-5.81825],[-79.375078,-5.822119],[-79.3695,-5.834279],[-79.362211,-5.842269],[-79.35773,-5.84351],[-79.355641,-5.851349],[-79.350961,-5.85425],[-79.354211,-5.858789],[-79.35199,-5.863],[-79.35249,-5.873],[-79.348812,-5.874064],[-79.338758,-5.882078],[-79.34042,-5.887816],[-79.338402,-5.892641],[-79.334068,-5.893631],[-79.3485,-5.906269],[-79.35465,-5.912961],[-79.362269,-5.925978],[-79.36091,-5.928971],[-79.36741,-5.937221],[-79.380221,-5.940131],[-79.398359,-5.94993],[-79.418609,-5.9701],[-79.420258,-5.974738],[-79.417412,-5.981051],[-79.415992,-6.003148],[-79.409663,-6.000573],[-79.405365,-5.992902],[-79.403219,-5.984977],[-79.395918,-5.977193],[-79.388847,-5.978809],[-79.364712,-5.976387],[-79.355273,-5.977543],[-79.349018,-5.979688],[-79.34831,-5.98932],[-79.345008,-6.006428],[-79.333076,-6.018301],[-79.328586,-6.027664],[-79.319061,-6.042558],[-79.311904,-6.039069],[-79.311342,-6.033471],[-79.314085,-6.028093],[-79.320313,-6.021365],[-79.322429,-6.000372],[-79.317707,-5.99256],[-79.309775,-5.989228],[-79.306324,-5.985634],[-79.293982,-5.986664],[-79.289453,-5.991433],[-79.284981,-5.991531],[-79.277611,-5.997322],[-79.264342,-6.00246],[-79.262878,-6.004767],[-79.265978,-6.011174],[-79.263419,-6.015736],[-79.266483,-6.022685],[-79.262883,-6.027813],[-79.247685,-6.029912],[-79.240874,-6.028634],[-79.237246,-6.033512],[-79.238554,-6.037378],[-79.235699,-6.045052],[-79.223995,-6.055007],[-79.215797,-6.050463],[-79.214885,-6.044609],[-79.210557,-6.042353],[-79.208664,-6.032998],[-79.203961,-6.024057],[-79.190004,-6.024766],[-79.184673,-6.031636],[-79.17675,-6.036847],[-79.175441,-6.041955],[-79.183192,-6.048601],[-79.188856,-6.059586],[-79.184674,-6.061809],[-79.182851,-6.068217],[-79.18393,-6.080467],[-79.180818,-6.0863],[-79.187744,-6.094319],[-79.194266,-6.095589],[-79.198443,-6.100081],[-79.213209,-6.098875],[-79.218335,-6.095028],[-79.227122,-6.091559],[-79.233898,-6.093068],[-79.236646,-6.104096],[-79.243281,-6.105793],[-79.244909,-6.111684],[-79.249071,-6.11627],[-79.252972,-6.125124],[-79.256246,-6.1275],[-79.259178,-6.140183],[-79.265298,-6.145251],[-79.272529,-6.146731],[-79.274665,-6.15846],[-79.272646,-6.168795],[-79.265725,-6.179299],[-79.2633,-6.191969],[-79.259348,-6.198886],[-79.254129,-6.216549],[-79.249167,-6.221777],[-79.252261,-6.226688],[-79.2589,-6.225492],[-79.272685,-6.225764],[-79.279048,-6.229258],[-79.275872,-6.234415],[-79.276389,-6.239858],[-79.280886,-6.246051],[-79.284738,-6.254496],[-79.292022,-6.259703],[-79.300487,-6.26747],[-79.308441,-6.270054],[-79.312344,-6.265271],[-79.321789,-6.263058],[-79.329035,-6.26627],[-79.33508,-6.272927],[-79.341688,-6.278066],[-79.345689,-6.283138],[-79.344663,-6.287739],[-79.351536,-6.297748],[-79.353561,-6.304291],[-79.363814,-6.303553],[-79.371047,-6.29958],[-79.381846,-6.300589],[-79.387941,-6.298295],[-79.396745,-6.304458],[-79.399934,-6.309002],[-79.408988,-6.312104],[-79.41609,-6.308598],[-79.422658,-6.31043],[-79.427678,-6.317402],[-79.426564,-6.328897],[-79.436815,-6.343171],[-79.440682,-6.350381],[-79.445435,-6.355079],[-79.444248,-6.361574],[-79.451793,-6.365803],[-79.453844,-6.372184],[-79.446672,-6.376718],[-79.44699,-6.385934],[-79.45349,-6.396842],[-79.450045,-6.40436],[-79.449943,-6.409018],[-79.446308,-6.415039],[-79.437602,-6.419865],[-79.432847,-6.427983],[-79.428808,-6.438127],[-79.428591,-6.442415],[-79.422888,-6.451882],[-79.422695,-6.467489],[-79.425836,-6.473866],[-79.431293,-6.479724],[-79.424768,-6.488673],[-79.420485,-6.500478],[-79.417045,-6.506354],[-79.419382,-6.519442],[-79.419481,-6.52643],[-79.422064,-6.532587],[-79.418678,-6.536963],[-79.412453,-6.537865],[-79.408695,-6.540514],[-79.403275,-6.540732],[-79.398189,-6.533036],[-79.38795,-6.531417],[-79.379441,-6.522719],[-79.369613,-6.520803],[-79.367007,-6.52991],[-79.365692,-6.542073],[-79.366989,-6.549522],[-79.364623,-6.555043],[-79.360084,-6.558216],[-79.357932,-6.565461],[-79.360492,-6.568219],[-79.349734,-6.571857],[-79.345519,-6.577881],[-79.346682,-6.582496],[-79.335736,-6.602429],[-79.344164,-6.605961],[-79.348812,-6.619418],[-79.353004,-6.627008],[-79.358714,-6.62826],[-79.362328,-6.633536],[-79.350739,-6.639752],[-79.343629,-6.646732],[-79.325355,-6.640656],[-79.321927,-6.646868],[-79.304023,-6.651605],[-79.298145,-6.662819],[-79.299088,-6.667155],[-79.296416,-6.675672],[-79.291357,-6.67722],[-79.280724,-6.67756],[-79.271872,-6.680266],[-79.256181,-6.677117],[-79.241909,-6.672084],[-79.23604,-6.672894],[-79.22906,-6.671406],[-79.224587,-6.679601],[-79.221647,-6.688207],[-79.213791,-6.695631],[-79.203528,-6.692087],[-79.195533,-6.696827],[-79.194848,-6.704365],[-79.188428,-6.716541],[-79.176014,-6.710416],[-79.171047,-6.701703],[-79.160996,-6.704596],[-79.156023,-6.704762],[-79.145136,-6.700377],[-79.141562,-6.701542],[-79.141735,-6.714828],[-79.142912,-6.719106],[-79.138031,-6.722282],[-79.135471,-6.727003],[-79.138651,-6.736768],[-79.138002,-6.741236],[-79.132434,-6.745652],[-79.128736,-6.752482],[-79.128893,-6.759683],[-79.123104,-6.769063],[-79.120848,-6.77697],[-79.123721,-6.782824],[-79.129476,-6.785886],[-79.134825,-6.785665],[-79.144275,-6.788612],[-79.154041,-6.795183],[-79.158757,-6.800929],[-79.174428,-6.801653],[-79.182495,-6.806209],[-79.188498,-6.815214],[-79.193557,-6.81591],[-79.201797,-6.821166],[-79.207088,-6.821439],[-79.208689,-6.826678],[-79.215582,-6.834043],[-79.218444,-6.840252],[-79.219087,-6.851687],[-79.221949,-6.855914],[-79.229073,-6.860466],[-79.239501,-6.860441],[-79.245984,-6.85868],[-79.251921,-6.861869],[-79.26274,-6.859156],[-79.27104,-6.866475],[-79.273076,-6.876654],[-79.295642,-6.883502],[-79.302024,-6.894823],[-79.311009,-6.901342],[-79.310914,-6.920436],[-79.310141,-6.925396],[-79.30033,-6.936685],[-79.299365,-6.945386],[-79.305044,-6.953893],[-79.30313,-6.961254],[-79.307226,-6.968214],[-79.305192,-6.978172],[-79.300935,-6.988987],[-79.302327,-6.993778],[-79.296634,-6.999834],[-79.299811,-7.005035],[-79.307239,-7.007404],[-79.309295,-7.015462],[-79.319473,-7.019917],[-79.322586,-7.025684],[-79.325848,-7.039002],[-79.331619,-7.057354],[-79.327478,-7.071479],[-79.330541,-7.075573],[-79.326146,-7.082993],[-79.318087,-7.084661],[-79.312916,-7.090386],[-79.311512,-7.099203],[-79.312464,-7.104675],[-79.311482,-7.112714],[-79.313745,-7.118321],[-79.312136,-7.122519],[-79.307378,-7.125555],[-79.297741,-7.128173],[-79.304631,-7.139008],[-79.305301,-7.147146],[-79.301189,-7.149887],[-79.295277,-7.149648],[-79.290115,-7.153329],[-79.282558,-7.155948],[-79.27877,-7.16326],[-79.281069,-7.168178],[-79.276226,-7.175302],[-79.274549,-7.182783],[-79.27012,-7.185044],[-79.267275,-7.192394],[-79.251804,-7.198349],[-79.27134,-7.21512],[-79.275535,-7.215813],[-79.271632,-7.22929],[-79.27424,-7.239387],[-79.279322,-7.247702],[-79.271385,-7.258774],[-79.27126,-7.263732],[-79.268344,-7.270607],[-79.269155,-7.278339],[-79.275975,-7.278896],[-79.282627,-7.275061],[-79.296566,-7.281498],[-79.300434,-7.281061],[-79.30883,-7.285387],[-79.313832,-7.291779],[-79.313992,-7.294963],[-79.321691,-7.304223],[-79.327525,-7.308937],[-79.337293,-7.312228],[-79.340242,-7.315541],[-79.350334,-7.321916],[-79.367013,-7.327185],[-79.365597,-7.332414],[-79.351957,-7.336782],[-79.347131,-7.336637],[-79.342788,-7.340737],[-79.334266,-7.352881],[-79.329919,-7.355303],[-79.32252,-7.354525],[-79.314919,-7.359683],[-79.299987,-7.353129],[-79.293119,-7.347261],[-79.282902,-7.348743],[-79.280261,-7.350898],[-79.279235,-7.359533],[-79.273112,-7.36699],[-79.264527,-7.371778],[-79.260875,-7.378995],[-79.256334,-7.381864],[-79.239799,-7.386292],[-79.23087,-7.390953],[-79.217271,-7.384096],[-79.209938,-7.382512],[-79.202028,-7.378211],[-79.199757,-7.374157],[-79.193723,-7.373803],[-79.18707,-7.377085],[-79.18666,-7.386581],[-79.188175,-7.395413],[-79.181628,-7.399778],[-79.179701,-7.404715],[-79.162127,-7.417972],[-79.15699,-7.427836],[-79.152724,-7.43982],[-79.122762,-7.441644],[-79.1185,-7.443471],[-79.094406,-7.457262],[-79.065362,-7.472703],[-79.069108,-7.479623],[-79.071214,-7.49628],[-79.071552,-7.505346],[-79.065664,-7.512212],[-79.065828,-7.520983],[-79.057171,-7.527331],[-79.061462,-7.538799],[-79.059847,-7.546675],[-79.04878,-7.553914],[-79.045151,-7.558411],[-79.039101,-7.561201],[-79.038334,-7.568129],[-79.040245,-7.581612],[-79.043715,-7.588043],[-79.041462,-7.591891],[-79.041232,-7.599887],[-79.034333,-7.603915],[-79.033256,-7.611702],[-79.029024,-7.615634],[-79.029557,-7.620047],[-79.026417,-7.625451],[-79.018599,-7.629062],[-79.014238,-7.635476],[-79.008488,-7.639625],[-79.006479,-7.64524],[-78.992149,-7.660949],[-78.987284,-7.659517],[-78.980039,-7.660643],[-78.959923,-7.658745],[-78.957242,-7.652559],[-78.951709,-7.646537],[-78.950693,-7.640684],[-78.946098,-7.635637],[-78.942187,-7.627201],[-78.944351,-7.618667],[-78.942586,-7.612784],[-78.944344,-7.598418],[-78.936494,-7.594904],[-78.935158,-7.581852],[-78.931057,-7.575068],[-78.922249,-7.566573],[-78.919099,-7.565378],[-78.913898,-7.558317],[-78.912774,-7.551087],[-78.895908,-7.537437],[-78.886061,-7.533441],[-78.8826,-7.535323],[-78.873926,-7.531196],[-78.861497,-7.531858],[-78.86035,-7.527907],[-78.851494,-7.522546],[-78.857491,-7.51243],[-78.857629,-7.504167],[-78.861848,-7.497202],[-78.874389,-7.48993],[-78.880655,-7.48923],[-78.886685,-7.484102],[-78.880543,-7.477248],[-78.876579,-7.470336],[-78.867601,-7.466998],[-78.856933,-7.457408],[-78.847756,-7.452769],[-78.846989,-7.446865],[-78.8424,-7.443358],[-78.841619,-7.437617],[-78.835921,-7.436503],[-78.820937,-7.425994],[-78.813517,-7.425844],[-78.803411,-7.418995],[-78.801408,-7.403512],[-78.789914,-7.395154],[-78.786936,-7.39665],[-78.783676,-7.404629],[-78.785943,-7.410792],[-78.782812,-7.422185],[-78.779728,-7.42365],[-78.777238,-7.416478],[-78.772082,-7.411814],[-78.761941,-7.40823],[-78.760125,-7.401984],[-78.745266,-7.407003],[-78.742306,-7.415348],[-78.738209,-7.420086],[-78.730461,-7.41993],[-78.713326,-7.409637],[-78.709963,-7.412113],[-78.698143,-7.414529],[-78.688639,-7.414082],[-78.6851,-7.411814],[-78.673303,-7.411625],[-78.661598,-7.406019],[-78.662467,-7.412998],[-78.652197,-7.427613],[-78.646035,-7.427709],[-78.638293,-7.43359],[-78.63366,-7.442688],[-78.629843,-7.4455],[-78.627824,-7.45636],[-78.629498,-7.466269],[-78.627545,-7.470611],[-78.627528,-7.479452],[-78.631868,-7.483703],[-78.63135,-7.491806],[-78.635538,-7.499086],[-78.636199,-7.504302],[-78.644417,-7.51486],[-78.649596,-7.529017],[-78.634004,-7.542743],[-78.624572,-7.548559],[-78.620279,-7.545445],[-78.616996,-7.547777],[-78.602055,-7.549068],[-78.59473,-7.54676],[-78.590102,-7.550187],[-78.580537,-7.547125],[-78.560654,-7.552527],[-78.554435,-7.550332],[-78.539072,-7.549297],[-78.532064,-7.550514],[-78.523871,-7.549861],[-78.518145,-7.554762],[-78.510973,-7.556684],[-78.497351,-7.553383],[-78.491393,-7.554873],[-78.486297,-7.549728],[-78.479779,-7.545977],[-78.474646,-7.538959],[-78.465338,-7.534641],[-78.4595,-7.527965],[-78.45383,-7.518769],[-78.451566,-7.512584],[-78.437303,-7.50209],[-78.433357,-7.49684],[-78.427533,-7.492424],[-78.417492,-7.489418],[-78.415633,-7.48507],[-78.409291,-7.485873],[-78.403084,-7.483493],[-78.395496,-7.48825],[-78.392902,-7.492022],[-78.384518,-7.492035],[-78.378447,-7.497086],[-78.36817,-7.500316],[-78.359984,-7.500394],[-78.348877,-7.496818],[-78.344195,-7.494088],[-78.327787,-7.497469],[-78.322221,-7.503326],[-78.326994,-7.509287],[-78.339045,-7.507866],[-78.349581,-7.51182],[-78.354151,-7.515991],[-78.353245,-7.520561],[-78.360827,-7.529961],[-78.359852,-7.534291],[-78.36255,-7.537691],[-78.363865,-7.545467],[-78.359784,-7.551066],[-78.358674,-7.562967],[-78.356362,-7.569314],[-78.356792,-7.574006],[-78.360532,-7.579055],[-78.361847,-7.58466],[-78.370173,-7.593284],[-78.377745,-7.593536],[-78.379756,-7.600274],[-78.376319,-7.616624],[-78.376892,-7.624651],[-78.382819,-7.630107],[-78.377826,-7.638682],[-78.371863,-7.644602],[-78.364195,-7.643144],[-78.36073,-7.644299],[-78.360558,-7.653841],[-78.35644,-7.662309],[-78.359463,-7.668005],[-78.35662,-7.67381],[-78.35218,-7.672957],[-78.347965,-7.685716],[-78.344365,-7.685986],[-78.335647,-7.690536],[-78.330139,-7.699628],[-78.320916,-7.697395],[-78.315198,-7.703179],[-78.302803,-7.696463],[-78.295773,-7.70686],[-78.289631,-7.706568],[-78.284081,-7.712222],[-78.28386,-7.715574],[-78.275717,-7.720222],[-78.28209,-7.7264],[-78.283246,-7.742103],[-78.281156,-7.747278],[-78.277196,-7.748436],[-78.272421,-7.753518],[-78.256331,-7.754956],[-78.251662,-7.754153],[-78.247553,-7.756568],[-78.242322,-7.754499],[-78.235132,-7.757323],[-78.224653,-7.759331],[-78.221171,-7.763142],[-78.213518,-7.75404],[-78.216299,-7.749085],[-78.211641,-7.743205],[-78.219645,-7.728568],[-78.215896,-7.723918],[-78.211059,-7.727777],[-78.199451,-7.729377],[-78.192838,-7.72721],[-78.190288,-7.717504],[-78.178339,-7.711859],[-78.171345,-7.713394],[-78.164757,-7.704248],[-78.158863,-7.693351],[-78.149114,-7.691651],[-78.147578,-7.687634],[-78.141004,-7.682721],[-78.140034,-7.675391],[-78.141683,-7.664019],[-78.131845,-7.659883],[-78.127809,-7.653485],[-78.123847,-7.655212],[-78.116053,-7.654007],[-78.099084,-7.670971],[-78.094875,-7.673589],[-78.090635,-7.681587],[-78.085387,-7.688035],[-78.081221,-7.696169],[-78.068377,-7.689756],[-78.063213,-7.688807],[-78.050928,-7.678922],[-78.04382,-7.678174],[-78.025973,-7.682508],[-78.016963,-7.679834],[-77.998642,-7.679074],[-77.977409,-7.669951],[-77.973203,-7.66705],[-77.966728,-7.675148],[-77.962802,-7.674314],[-77.964708,-7.666194],[-77.960937,-7.662713],[-77.961587,-7.658838],[-77.957824,-7.6548],[-77.948349,-7.659731],[-77.936584,-7.657477],[-77.932305,-7.651789],[-77.939129,-7.648377],[-77.940292,-7.640455],[-77.926254,-7.637088],[-77.920045,-7.628582],[-77.912781,-7.624903],[-77.915957,-7.619322],[-77.91931,-7.605716],[-77.922773,-7.600312],[-77.910094,-7.597154],[-77.887894,-7.588215],[-77.878256,-7.587465],[-77.870437,-7.58533],[-77.867084,-7.579443],[-77.867846,-7.575535],[-77.865822,-7.561148],[-77.861799,-7.552258],[-77.861611,-7.539031],[-77.862643,-7.53485],[-77.857486,-7.524195],[-77.846352,-7.517385],[-77.844168,-7.514381],[-77.830539,-7.511189],[-77.818393,-7.507283],[-77.813457,-7.504387],[-77.802738,-7.503027],[-77.791195,-7.500002],[-77.778211,-7.489947],[-77.770004,-7.481775],[-77.759387,-7.478213],[-77.747324,-7.480346],[-77.742505,-7.472222],[-77.741372,-7.466695],[-77.745104,-7.463738],[-77.748046,-7.455049],[-77.755421,-7.441046],[-77.767445,-7.440769],[-77.772117,-7.42915],[-77.771986,-7.418458],[-77.776908,-7.417248],[-77.780729,-7.410885],[-77.79163,-7.405322],[-77.797739,-7.403701],[-77.805435,-7.396321],[-77.813445,-7.39254],[-77.824996,-7.378664],[-77.825278,-7.374521],[-77.820927,-7.369123],[-77.825414,-7.355758],[-77.83142,-7.342507],[-77.838372,-7.341119],[-77.835536,-7.331209],[-77.836962,-7.326647],[-77.833968,-7.323261],[-77.83105,-7.310031],[-77.833647,-7.303214],[-77.837639,-7.300256],[-77.839403,-7.29099],[-77.842973,-7.28778],[-77.856585,-7.283201],[-77.854407,-7.272066],[-77.859595,-7.264868],[-77.859595,-7.255073],[-77.856955,-7.245319],[-77.849649,-7.238066],[-77.84924,-7.235571],[-77.854603,-7.230885],[-77.858053,-7.231099],[-77.86477,-7.226395],[-77.869191,-7.228679],[-77.880905,-7.221387],[-77.883097,-7.217859],[-77.881128,-7.210444],[-77.883304,-7.199443],[-77.880916,-7.195463],[-77.886454,-7.190822],[-77.887403,-7.185233],[-77.89778,-7.182487],[-77.898938,-7.179422],[-77.897869,-7.166807],[-77.904709,-7.166326],[-77.909897,-7.162404],[-77.922689,-7.157463],[-77.926204,-7.152786],[-77.925577,-7.136416],[-77.929188,-7.118754],[-77.929517,-7.106358],[-77.939393,-7.096986],[-77.94041,-7.088498],[-77.949287,-7.078425],[-77.947718,-7.069333],[-77.957931,-7.054328],[-77.965921,-7.050774],[-77.965261,-7.038295],[-77.972886,-7.024025],[-77.978884,-7.023937],[-77.978894,-7.015979],[-77.985127,-7.014215],[-77.988281,-7.006216],[-77.98546,-7.000572],[-77.990373,-6.998557],[-77.992899,-6.993242],[-78.000171,-6.989586],[-77.993621,-6.977896],[-77.988491,-6.975324],[-77.993926,-6.969469],[-77.999506,-6.970532]]]},"properties":{"province":"Cajamarca"}},{"type":"Feature","geometry":{"type":"Polygon","coordinates":[[[-77.111533,-12.079492],[-77.104857,-12.07199],[-77.104571,-12.063351],[-77.088172,-12.061674],[-77.087601,-12.051866],[-77.078219,-12.050043],[-77.082633,-12.045037],[-77.08294,-12.036418],[-77.093467,-12.038437],[-77.096184,-12.033703],[-77.087861,-12.016215],[-77.089119,-12.012158],[-77.093512,-12.009992],[-77.110404,-11.994269],[-77.113256,-11.997001],[-77.118289,-11.9915],[-77.112344,-11.981983],[-77.11068,-11.975441],[-77.117707,-11.970507],[-77.116523,-11.966481],[-77.11755,-11.95697],[-77.120575,-11.95051],[-77.127463,-11.942412],[-77.107565,-11.948285],[-77.097271,-11.949969],[-77.099497,-11.938867],[-77.103277,-11.935214],[-77.102499,-11.927824],[-77.09727,-11.924306],[-77.097619,-11.916291],[-77.09308,-11.909867],[-77.089467,-11.900094],[-77.093021,-11.8918],[-77.092434,-11.883082],[-77.096073,-11.87152],[-77.103738,-11.869779],[-77.106224,-11.856455],[-77.111278,-11.850898],[-77.115893,-11.838823],[-77.114883,-11.834937],[-77.128005,-11.819234],[-77.139451,-11.818216],[-77.143294,-11.821102],[-77.155511,-11.822434],[-77.164135,-11.827123],[-77.17479,-11.825511],[-77.177046,-11.828643],[-77.187955,-11.82857],[-77.181199,-11.845398],[-77.173691,-11.844787],[-77.16268,-11.861545],[-77.15683,-11.874303],[-77.15125,-11.892469],[-77.146486,-11.901668],[-77.146387,-11.908836],[-77.140783,-11.925543],[-77.135477,-11.950799],[-77.133553,-11.963135],[-77.132742,-11.976492],[-77.135238,-11.999314],[-77.137512,-12.010949],[-77.145059,-12.030545],[-77.148189,-12.030672],[-77.147713,-12.037853],[-77.142953,-12.037437],[-77.140154,-12.041119],[-77.144437,-12.052344],[-77.152514,-12.062398],[-77.159984,-12.067924],[-77.170742,-12.073004],[-77.163691,-12.075252],[-77.159209,-12.074326],[-77.156156,-12.067416],[-77.151127,-12.067031],[-77.134656,-12.069873],[-77.111533,-12.079492]]]},"properties":{"province":"Callao"}},{"type":"Feature","geometry":{"type":"Polygon","coordinates":[[[-72.239258,-11.345061],[-72.246021,-11.346161],[-72.250123,-11.3411],[-72.248855,-11.333318],[-72.253189,-11.330078],[-72.257412,-11.330321],[-72.261283,-11.337174],[-72.264824,-11.336096],[-72.270889,-11.339711],[-72.280693,-11.336557],[-72.28273,-11.33093],[-72.280182,-11.326047],[-72.286582,-11.317115],[-72.286644,-11.313936],[-72.294686,-11.315682],[-72.307709,-11.307],[-72.314682,-11.314047],[-72.316795,-11.321213],[-72.324219,-11.322094],[-72.326096,-11.317801],[-72.336982,-11.316725],[-72.339295,-11.32382],[-72.347328,-11.322527],[-72.354279,-11.329926],[-72.361023,-11.333863],[-72.37883,-11.332639],[-72.382141,-11.337963],[-72.388448,-11.343769],[-72.392219,-11.342146],[-72.395931,-11.34996],[-72.400664,-11.344956],[-72.406479,-11.357052],[-72.412941,-11.351598],[-72.417884,-11.356842],[-72.421295,-11.354768],[-72.425893,-11.358029],[-72.425127,-11.368487],[-72.436036,-11.366098],[-72.43548,-11.372454],[-72.441175,-11.374994],[-72.448884,-11.374107],[-72.447426,-11.38452],[-72.453527,-11.385678],[-72.458065,-11.38413],[-72.459327,-11.388833],[-72.469365,-11.385257],[-72.470882,-11.390516],[-72.476217,-11.391778],[-72.479868,-11.387421],[-72.485924,-11.38993],[-72.487231,-11.394047],[-72.482212,-11.398119],[-72.496623,-11.399261],[-72.497782,-11.403508],[-72.503436,-11.409153],[-72.509784,-11.412942],[-72.507072,-11.419232],[-72.51011,-11.424252],[-72.514371,-11.417068],[-72.518996,-11.421174],[-72.51589,-11.430031],[-72.52367,-11.430839],[-72.526228,-11.434215],[-72.525882,-11.43936],[-72.535086,-11.43508],[-72.531431,-11.431041],[-72.535451,-11.425704],[-72.536817,-11.434926],[-72.545924,-11.432974],[-72.548867,-11.437446],[-72.546126,-11.443264],[-72.552194,-11.443014],[-72.551703,-11.433657],[-72.555887,-11.432301],[-72.560166,-11.435513],[-72.566927,-11.43182],[-72.575399,-11.438465],[-72.580821,-11.430798],[-72.590693,-11.434537],[-72.594415,-11.427607],[-72.595662,-11.42056],[-72.601146,-11.418433],[-72.604786,-11.423037],[-72.603207,-11.432609],[-72.606564,-11.439506],[-72.610835,-11.438293],[-72.609987,-11.428238],[-72.6231,-11.426443],[-72.623532,-11.422305],[-72.6174,-11.41933],[-72.623117,-11.412816],[-72.628518,-11.416638],[-72.63254,-11.415176],[-72.632124,-11.406401],[-72.639836,-11.406268],[-72.64276,-11.412533],[-72.645569,-11.412766],[-72.652267,-11.401016],[-72.652416,-11.396014],[-72.657901,-11.396895],[-72.664548,-11.39382],[-72.664399,-11.387189],[-72.670514,-11.388735],[-72.674968,-11.387222],[-72.680021,-11.388967],[-72.688613,-11.396828],[-72.692302,-11.395698],[-72.69197,-11.389233],[-72.700246,-11.379727],[-72.706561,-11.381505],[-72.710184,-11.377616],[-72.709885,-11.37175],[-72.712794,-11.367096],[-72.714456,-11.358621],[-72.70937,-11.356477],[-72.707259,-11.352206],[-72.711597,-11.347685],[-72.718511,-11.350992],[-72.71645,-11.360515],[-72.721801,-11.361463],[-72.721718,-11.354891],[-72.724244,-11.350055],[-72.734149,-11.351983],[-72.738238,-11.347429],[-72.749572,-11.359013],[-72.756386,-11.361938],[-72.763349,-11.37161],[-72.775681,-11.375748],[-72.784705,-11.375964],[-72.794294,-11.384291],[-72.796272,-11.379405],[-72.790638,-11.373023],[-72.790339,-11.365794],[-72.792632,-11.364314],[-72.799712,-11.366741],[-72.796255,-11.371228],[-72.798765,-11.384357],[-72.804149,-11.382961],[-72.807074,-11.37643],[-72.813323,-11.379903],[-72.817062,-11.375266],[-72.82376,-11.381897],[-72.820386,-11.386052],[-72.821782,-11.389625],[-72.834446,-11.386152],[-72.842464,-11.38684],[-72.840917,-11.380178],[-72.833493,-11.378655],[-72.835349,-11.37235],[-72.838775,-11.370422],[-72.845438,-11.372159],[-72.845105,-11.36257],[-72.852053,-11.365283],[-72.856574,-11.357763],[-72.861499,-11.354694],[-72.869756,-11.35705],[-72.873206,-11.364426],[-72.877894,-11.361832],[-72.875847,-11.357668],[-72.887234,-11.356499],[-72.890348,-11.35094],[-72.888531,-11.345566],[-72.891867,-11.343101],[-72.894962,-11.348383],[-72.891997,-11.352608],[-72.897019,-11.357926],[-72.901374,-11.353256],[-72.90988,-11.351774],[-72.916977,-11.344695],[-72.92237,-11.343379],[-72.926372,-11.348253],[-72.93284,-11.350384],[-72.933674,-11.343805],[-72.921332,-11.335225],[-72.922092,-11.329166],[-72.925854,-11.327312],[-72.93095,-11.330889],[-72.937399,-11.33265],[-72.939659,-11.337894],[-72.944737,-11.339914],[-72.949592,-11.336949],[-72.948258,-11.332316],[-72.951909,-11.33063],[-72.959062,-11.334725],[-72.963435,-11.333595],[-72.963836,-11.328748],[-72.957592,-11.327317],[-72.952131,-11.328265],[-72.951969,-11.320375],[-72.957823,-11.320375],[-72.958818,-11.313687],[-72.952871,-11.313363],[-72.945744,-11.309892],[-72.945929,-11.314937],[-72.941972,-11.322504],[-72.93665,-11.319935],[-72.937321,-11.315839],[-72.932277,-11.309476],[-72.933457,-11.304269],[-72.938548,-11.305704],[-72.948475,-11.304616],[-72.954722,-11.305472],[-72.950627,-11.292931],[-72.944518,-11.29536],[-72.93709,-11.292745],[-72.939681,-11.28585],[-72.939126,-11.282078],[-72.945258,-11.279],[-72.945605,-11.275136],[-72.953565,-11.274719],[-72.956967,-11.269976],[-72.957985,-11.26301],[-72.965506,-11.268425],[-72.968584,-11.264121],[-72.967311,-11.258498],[-72.969116,-11.252111],[-72.974224,-11.250676],[-72.975483,-11.224352],[-72.967887,-11.215821],[-72.977062,-11.212293],[-72.986609,-11.21813],[-73.002692,-11.22437],[-73.014307,-11.230252],[-73.018575,-11.234171],[-73.018924,-11.240825],[-73.022126,-11.250684],[-73.024583,-11.263119],[-73.039026,-11.271309],[-73.041314,-11.275582],[-73.050682,-11.27733],[-73.065041,-11.284355],[-73.069595,-11.283583],[-73.082137,-11.273284],[-73.0945,-11.275926],[-73.104254,-11.282701],[-73.111668,-11.285281],[-73.124019,-11.291843],[-73.131662,-11.293927],[-73.137374,-11.293773],[-73.158681,-11.290917],[-73.1684,-11.293315],[-73.172036,-11.289141],[-73.180351,-11.288435],[-73.186457,-11.285978],[-73.191446,-11.292083],[-73.198206,-11.292924],[-73.203301,-11.28999],[-73.210061,-11.293423],[-73.213188,-11.299082],[-73.237132,-11.299513],[-73.245176,-11.308137],[-73.257446,-11.312709],[-73.268905,-11.309699],[-73.279306,-11.310434],[-73.282855,-11.312185],[-73.291009,-11.312065],[-73.296884,-11.308372],[-73.308059,-11.309427],[-73.318635,-11.307485],[-73.323514,-11.309197],[-73.333365,-11.308985],[-73.346172,-11.313453],[-73.348704,-11.318218],[-73.347959,-11.324771],[-73.351681,-11.332342],[-73.359947,-11.340109],[-73.372215,-11.345869],[-73.37866,-11.350741],[-73.382328,-11.363354],[-73.386262,-11.37127],[-73.396283,-11.377413],[-73.401644,-11.37585],[-73.408048,-11.385976],[-73.413911,-11.387229],[-73.419749,-11.383938],[-73.42504,-11.390051],[-73.425341,-11.394039],[-73.430105,-11.399923],[-73.435302,-11.402495],[-73.443303,-11.409679],[-73.446169,-11.415708],[-73.445862,-11.420621],[-73.452579,-11.424728],[-73.455842,-11.440196],[-73.46257,-11.441724],[-73.469046,-11.445225],[-73.476722,-11.458928],[-73.474534,-11.462152],[-73.479716,-11.471364],[-73.475854,-11.477443],[-73.469042,-11.48227],[-73.46146,-11.495291],[-73.453813,-11.505327],[-73.451677,-11.524671],[-73.449728,-11.531943],[-73.455637,-11.535695],[-73.465171,-11.535991],[-73.476177,-11.539037],[-73.487126,-11.534916],[-73.489833,-11.537865],[-73.49304,-11.546244],[-73.492131,-11.551799],[-73.503242,-11.563818],[-73.514273,-11.568236],[-73.531638,-11.578557],[-73.55105,-11.586843],[-73.559651,-11.592051],[-73.566043,-11.598206],[-73.582032,-11.615576],[-73.58361,-11.620804],[-73.594362,-11.640334],[-73.599688,-11.645069],[-73.60827,-11.66016],[-73.612412,-11.67466],[-73.612081,-11.67976],[-73.608607,-11.685213],[-73.602044,-11.690424],[-73.597412,-11.700943],[-73.583184,-11.718827],[-73.574481,-11.734145],[-73.571937,-11.742627],[-73.569957,-11.756293],[-73.570523,-11.76289],[-73.579182,-11.772727],[-73.581327,-11.789063],[-73.581658,-11.806962],[-73.580817,-11.824081],[-73.577505,-11.836485],[-73.568658,-11.845135],[-73.555258,-11.852362],[-73.545576,-11.852292],[-73.530562,-11.857483],[-73.51113,-11.862412],[-73.499022,-11.871018],[-73.490532,-11.87817],[-73.486148,-11.8874],[-73.485719,-11.892297],[-73.480287,-11.899352],[-73.476318,-11.90752],[-73.46372,-11.923302],[-73.462659,-11.929808],[-73.456152,-11.9341],[-73.447129,-11.934947],[-73.442724,-11.939315],[-73.441135,-11.9442],[-73.44519,-11.959252],[-73.440194,-11.970727],[-73.43032,-11.981258],[-73.437694,-11.989632],[-73.434007,-11.998381],[-73.425039,-12.003912],[-73.424852,-12.010505],[-73.421446,-12.015442],[-73.418119,-12.015059],[-73.406807,-12.005572],[-73.405178,-12.010257],[-73.397885,-12.020943],[-73.398874,-12.045752],[-73.403273,-12.057404],[-73.408569,-12.061421],[-73.407689,-12.06599],[-73.400336,-12.073461],[-73.393723,-12.073934],[-73.391301,-12.076743],[-73.400446,-12.088592],[-73.399617,-12.092545],[-73.388857,-12.100886],[-73.382623,-12.103931],[-73.378518,-12.103598],[-73.363949,-12.111674],[-73.357203,-12.110251],[-73.355369,-12.114252],[-73.361808,-12.12697],[-73.361887,-12.135965],[-73.364833,-12.137597],[-73.381748,-12.140582],[-73.385549,-12.138844],[-73.396992,-12.139467],[-73.401091,-12.141497],[-73.417416,-12.145269],[-73.417587,-12.147923],[-73.429008,-12.152613],[-73.439521,-12.152008],[-73.446061,-12.160289],[-73.457037,-12.185726],[-73.457192,-12.19045],[-73.460897,-12.196103],[-73.46099,-12.201509],[-73.46399,-12.207151],[-73.464739,-12.214765],[-73.469648,-12.219966],[-73.469865,-12.236894],[-73.480926,-12.242382],[-73.492442,-12.250455],[-73.500393,-12.252893],[-73.507553,-12.252866],[-73.5168,-12.249107],[-73.525762,-12.251649],[-73.533741,-12.258982],[-73.548121,-12.26093],[-73.553954,-12.26501],[-73.556233,-12.272211],[-73.558947,-12.274888],[-73.574326,-12.276842],[-73.578941,-12.297244],[-73.581791,-12.300885],[-73.584954,-12.313106],[-73.585252,-12.322802],[-73.587919,-12.340627],[-73.586442,-12.34867],[-73.589374,-12.361852],[-73.586069,-12.366176],[-73.590465,-12.376944],[-73.599102,-12.385899],[-73.604222,-12.386904],[-73.607214,-12.380251],[-73.614415,-12.376713],[-73.628817,-12.373826],[-73.633628,-12.37901],[-73.63715,-12.378368],[-73.651007,-12.363768],[-73.658331,-12.357354],[-73.65598,-12.351656],[-73.660783,-12.336714],[-73.65988,-12.329721],[-73.664961,-12.321129],[-73.675129,-12.314925],[-73.681973,-12.305221],[-73.689067,-12.299406],[-73.690879,-12.291004],[-73.699907,-12.277429],[-73.700401,-12.273344],[-73.707814,-12.267907],[-73.715536,-12.266874],[-73.72274,-12.263756],[-73.729857,-12.26649],[-73.736941,-12.266787],[-73.752002,-12.255419],[-73.761414,-12.253247],[-73.765095,-12.245381],[-73.772405,-12.238344],[-73.779606,-12.23769],[-73.79368,-12.230543],[-73.797146,-12.224668],[-73.801894,-12.220297],[-73.813911,-12.224846],[-73.831235,-12.22776],[-73.84325,-12.23943],[-73.85004,-12.24041],[-73.8605,-12.2399],[-73.87337,-12.23361],[-73.883327,-12.235787],[-73.888054,-12.240345],[-73.899768,-12.248658],[-73.904484,-12.244492],[-73.919257,-12.228533],[-73.923837,-12.224749],[-73.938267,-12.223063],[-73.946726,-12.233308],[-73.95299,-12.23631],[-73.96577,-12.23883],[-73.97228,-12.24355],[-73.980452,-12.242588],[-73.981102,-12.249908],[-73.977095,-12.263416],[-73.971082,-12.273407],[-73.97044,-12.280228],[-73.973997,-12.305758],[-73.970196,-12.314929],[-73.965859,-12.336451],[-73.970279,-12.344961],[-73.970072,-12.347811],[-73.959816,-12.351347],[-73.953706,-12.349691],[-73.945741,-12.352438],[-73.940908,-12.365575],[-73.934133,-12.367888],[-73.931613,-12.374126],[-73.926816,-12.379669],[-73.919393,-12.383563],[-73.909653,-12.3916],[-73.905294,-12.393303],[-73.899929,-12.40296],[-73.886792,-12.405397],[-73.880807,-12.420841],[-73.877462,-12.437275],[-73.87259,-12.453782],[-73.86859,-12.463962],[-73.858153,-12.479986],[-73.854705,-12.487519],[-73.852224,-12.499993],[-73.852355,-12.505286],[-73.855013,-12.512841],[-73.852883,-12.523031],[-73.855364,-12.529905],[-73.85319,-12.534363],[-73.845811,-12.539129],[-73.838212,-12.536471],[-73.834354,-12.531089],[-73.826799,-12.531159],[-73.822389,-12.537255],[-73.821845,-12.54597],[-73.812853,-12.557018],[-73.80879,-12.569152],[-73.804532,-12.577614],[-73.803141,-12.586374],[-73.804587,-12.594512],[-73.800951,-12.599015],[-73.801173,-12.613024],[-73.796045,-12.618931],[-73.785815,-12.623436],[-73.770287,-12.642835],[-73.764557,-12.64784],[-73.751517,-12.652516],[-73.743416,-12.651528],[-73.738657,-12.647164],[-73.735966,-12.639153],[-73.725552,-12.636647],[-73.725367,-12.640694],[-73.717485,-12.658543],[-73.712104,-12.665965],[-73.708115,-12.668748],[-73.701065,-12.669583],[-73.698328,-12.672134],[-73.698421,-12.679973],[-73.696751,-12.684426],[-73.692298,-12.688044],[-73.682465,-12.687812],[-73.679867,-12.695512],[-73.674162,-12.702794],[-73.663258,-12.713639],[-73.655839,-12.725044],[-73.66057,-12.73263],[-73.658564,-12.73608],[-73.650237,-12.740423],[-73.644781,-12.744854],[-73.634272,-12.758255],[-73.625667,-12.764992],[-73.624093,-12.771217],[-73.627278,-12.780115],[-73.62618,-12.788683],[-73.617612,-12.80084],[-73.615451,-12.808016],[-73.611533,-12.810104],[-73.603844,-12.810873],[-73.600875,-12.814911],[-73.594778,-12.818866],[-73.590022,-12.824168],[-73.588696,-12.833056],[-73.591385,-12.838936],[-73.590809,-12.844289],[-73.584467,-12.85202],[-73.583383,-12.856313],[-73.579138,-12.860652],[-73.573322,-12.862176],[-73.560649,-12.868874],[-73.543041,-12.884717],[-73.523676,-12.899478],[-73.522426,-12.907538],[-73.532573,-12.917485],[-73.533496,-12.924423],[-73.529846,-12.931963],[-73.522266,-12.938942],[-73.518902,-12.938954],[-73.513336,-12.934696],[-73.501048,-12.930476],[-73.495931,-12.933464],[-73.496081,-12.938469],[-73.500899,-12.946573],[-73.508929,-12.949487],[-73.510685,-12.955425],[-73.506793,-12.967346],[-73.508036,-12.971897],[-73.518037,-12.978801],[-73.524482,-12.980541],[-73.530032,-12.985266],[-73.521662,-12.990688],[-73.521813,-13.000146],[-73.517012,-13.007118],[-73.50986,-13.007557],[-73.504681,-13.011122],[-73.499681,-13.010186],[-73.488664,-12.999409],[-73.484162,-12.998692],[-73.477349,-13.000564],[-73.479859,-13.019071],[-73.477967,-13.032259],[-73.480875,-13.038852],[-73.485676,-13.042697],[-73.490756,-13.043713],[-73.492649,-13.048335],[-73.489302,-13.056455],[-73.489129,-13.067792],[-73.484356,-13.067255],[-73.481862,-13.058681],[-73.475972,-13.057356],[-73.468597,-13.065831],[-73.465386,-13.067313],[-73.465633,-13.074056],[-73.461928,-13.079983],[-73.448838,-13.08028],[-73.455852,-13.091295],[-73.452617,-13.099717],[-73.444467,-13.102113],[-73.448839,-13.107874],[-73.449903,-13.116575],[-73.453722,-13.122695],[-73.439139,-13.128272],[-73.431848,-13.139404],[-73.427291,-13.131809],[-73.42191,-13.132395],[-73.414662,-13.145089],[-73.415817,-13.152878],[-73.409502,-13.158168],[-73.407524,-13.16291],[-73.409454,-13.173682],[-73.402686,-13.180688],[-73.405784,-13.191483],[-73.414407,-13.194552],[-73.411027,-13.203681],[-73.40983,-13.211332],[-73.398612,-13.210839],[-73.382325,-13.224874],[-73.380494,-13.23182],[-73.3827,-13.237054],[-73.381081,-13.240269],[-73.375777,-13.24102],[-73.3712,-13.245479],[-73.369307,-13.25527],[-73.369835,-13.259341],[-73.365142,-13.265386],[-73.364348,-13.269428],[-73.353136,-13.269899],[-73.346212,-13.278437],[-73.346772,-13.291056],[-73.342118,-13.294037],[-73.348363,-13.298241],[-73.348177,-13.30232],[-73.343523,-13.305175],[-73.340746,-13.311907],[-73.333874,-13.308479],[-73.329663,-13.308617],[-73.319594,-13.322598],[-73.311404,-13.325889],[-73.312415,-13.336593],[-73.303603,-13.342631],[-73.302619,-13.351935],[-73.296347,-13.354734],[-73.289583,-13.354994],[-73.287354,-13.371943],[-73.277912,-13.372417],[-73.271354,-13.380574],[-73.259851,-13.384543],[-73.258129,-13.39513],[-73.252597,-13.392726],[-73.250216,-13.402251],[-73.236106,-13.411136],[-73.227683,-13.410781],[-73.21798,-13.417534],[-73.211876,-13.419065],[-73.204423,-13.411732],[-73.195386,-13.415439],[-73.188425,-13.415687],[-73.186347,-13.419063],[-73.190226,-13.424001],[-73.189744,-13.427362],[-73.184082,-13.431913],[-73.186124,-13.441134],[-73.180543,-13.445114],[-73.176193,-13.451213],[-73.167542,-13.452282],[-73.162651,-13.447825],[-73.157722,-13.437368],[-73.150951,-13.436308],[-73.148109,-13.433535],[-73.149873,-13.423279],[-73.14411,-13.419116],[-73.139417,-13.422923],[-73.138,-13.427903],[-73.126093,-13.440045],[-73.117896,-13.438663],[-73.113916,-13.434178],[-73.108883,-13.435743],[-73.103381,-13.448589],[-73.097288,-13.448876],[-73.088014,-13.444165],[-73.084468,-13.44513],[-73.074881,-13.443061],[-73.067267,-13.438342],[-73.058801,-13.436551],[-73.052969,-13.426338],[-73.04207,-13.412188],[-73.03888,-13.414935],[-73.03157,-13.413544],[-73.028023,-13.419819],[-73.021253,-13.424783],[-73.015126,-13.426669],[-73.01204,-13.423465],[-73.004713,-13.420393],[-72.99988,-13.410815],[-72.995169,-13.41032],[-72.9856,-13.397856],[-72.979046,-13.393858],[-72.976491,-13.388199],[-72.971462,-13.390228],[-72.962481,-13.388095],[-72.951914,-13.38961],[-72.943408,-13.386222],[-72.932115,-13.385226],[-72.925961,-13.383068],[-72.915224,-13.385688],[-72.910309,-13.384762],[-72.909243,-13.389277],[-72.901192,-13.387407],[-72.894086,-13.390127],[-72.89239,-13.396018],[-72.888838,-13.39943],[-72.889908,-13.407986],[-72.886308,-13.415865],[-72.880934,-13.417228],[-72.87718,-13.414736],[-72.865786,-13.415881],[-72.847869,-13.424397],[-72.838273,-13.42707],[-72.831177,-13.422267],[-72.826395,-13.421821],[-72.822537,-13.425299],[-72.816256,-13.426516],[-72.805748,-13.421941],[-72.797054,-13.422451],[-72.793413,-13.426124],[-72.793,-13.436307],[-72.797043,-13.445305],[-72.797021,-13.451239],[-72.789457,-13.457922],[-72.780649,-13.456536],[-72.774884,-13.449533],[-72.758866,-13.462617],[-72.751117,-13.472897],[-72.750618,-13.477581],[-72.745449,-13.482895],[-72.737449,-13.48299],[-72.731379,-13.485345],[-72.729701,-13.490555],[-72.716291,-13.490433],[-72.71041,-13.496433],[-72.709238,-13.501178],[-72.702102,-13.502977],[-72.6957,-13.510361],[-72.685713,-13.514775],[-72.680246,-13.51481],[-72.676222,-13.520088],[-72.672067,-13.5221],[-72.668365,-13.517284],[-72.66446,-13.517177],[-72.656768,-13.513355],[-72.648047,-13.519402],[-72.649206,-13.524313],[-72.642426,-13.531543],[-72.64216,-13.537052],[-72.636876,-13.542142],[-72.625836,-13.535561],[-72.621035,-13.540899],[-72.608854,-13.54394],[-72.602073,-13.544181],[-72.596189,-13.549893],[-72.592868,-13.558095],[-72.587616,-13.56039],[-72.575927,-13.562765],[-72.569047,-13.559518],[-72.563042,-13.551416],[-72.550661,-13.554528],[-72.544105,-13.557574],[-72.541933,-13.563797],[-72.53338,-13.572388],[-72.524951,-13.56662],[-72.513475,-13.573975],[-72.504922,-13.574171],[-72.494838,-13.579349],[-72.491771,-13.582619],[-72.490852,-13.589945],[-72.486406,-13.591903],[-72.476977,-13.588264],[-72.466321,-13.587797],[-72.459614,-13.590548],[-72.45835,-13.594965],[-72.451287,-13.599968],[-72.436161,-13.605394],[-72.430878,-13.604324],[-72.421398,-13.60608],[-72.418316,-13.614724],[-72.409476,-13.620248],[-72.40463,-13.625244],[-72.400003,-13.633323],[-72.398475,-13.648318],[-72.404441,-13.653836],[-72.401748,-13.659506],[-72.387932,-13.664061],[-72.378896,-13.661549],[-72.369437,-13.66566],[-72.357922,-13.679045],[-72.349859,-13.683672],[-72.341865,-13.684207],[-72.334223,-13.691008],[-72.31485,-13.698477],[-72.316383,-13.705141],[-72.31234,-13.70849],[-72.299166,-13.704445],[-72.297286,-13.696478],[-72.290283,-13.690056],[-72.282756,-13.690939],[-72.277418,-13.684148],[-72.26616,-13.685008],[-72.261369,-13.682194],[-72.257874,-13.687968],[-72.250592,-13.692949],[-72.2435,-13.689185],[-72.244775,-13.698213],[-72.230927,-13.705277],[-72.228624,-13.715972],[-72.231875,-13.721723],[-72.223008,-13.725011],[-72.213752,-13.725562],[-72.206367,-13.728072],[-72.192463,-13.740607],[-72.189904,-13.745029],[-72.181336,-13.745555],[-72.177093,-13.744122],[-72.166359,-13.747415],[-72.161836,-13.753151],[-72.162355,-13.757022],[-72.154014,-13.765152],[-72.153787,-13.771347],[-72.147552,-13.779242],[-72.135332,-13.783065],[-72.129849,-13.790036],[-72.130569,-13.793179],[-72.125062,-13.80542],[-72.125176,-13.808215],[-72.119519,-13.817986],[-72.119326,-13.821533],[-72.112918,-13.822916],[-72.108457,-13.831783],[-72.10473,-13.856078],[-72.099014,-13.867422],[-72.093262,-13.87509],[-72.090947,-13.885811],[-72.085852,-13.885885],[-72.081113,-13.889477],[-72.079816,-13.900596],[-72.077826,-13.906728],[-72.069709,-13.915506],[-72.062012,-13.920875],[-72.05855,-13.928676],[-72.055731,-13.930124],[-72.05492,-13.9379],[-72.057502,-13.947969],[-72.056047,-13.952391],[-72.060123,-13.965676],[-72.056805,-13.972019],[-72.058732,-13.976525],[-72.058152,-13.987096],[-72.055512,-13.99251],[-72.054355,-14.002928],[-72.051674,-14.012387],[-72.053853,-14.022992],[-72.051299,-14.025518],[-72.053152,-14.031525],[-72.057752,-14.034709],[-72.057715,-14.039133],[-72.062625,-14.044695],[-72.063424,-14.064154],[-72.066279,-14.068994],[-72.067902,-14.076543],[-72.061766,-14.082396],[-72.064408,-14.091289],[-72.057557,-14.106898],[-72.064436,-14.115881],[-72.05667,-14.128811],[-72.060236,-14.131887],[-72.062941,-14.138037],[-72.061943,-14.142234],[-72.066465,-14.144228],[-72.069926,-14.149906],[-72.087904,-14.163225],[-72.08942,-14.169875],[-72.095195,-14.173734],[-72.088652,-14.191273],[-72.082275,-14.197256],[-72.081488,-14.202303],[-72.077559,-14.204682],[-72.085794,-14.209065],[-72.09165,-14.217833],[-72.09561,-14.220145],[-72.099236,-14.229426],[-72.107817,-14.235651],[-72.115676,-14.245558],[-72.121817,-14.248898],[-72.125929,-14.254002],[-72.136273,-14.259819],[-72.143207,-14.25617],[-72.151611,-14.258294],[-72.161168,-14.263795],[-72.169961,-14.273833],[-72.170282,-14.291179],[-72.176445,-14.299437],[-72.186594,-14.3048],[-72.187107,-14.313224],[-72.199164,-14.315267],[-72.205577,-14.32025],[-72.207545,-14.331774],[-72.216217,-14.334086],[-72.220595,-14.339564],[-72.224546,-14.349082],[-72.239516,-14.348472],[-72.240389,-14.36151],[-72.248742,-14.386142],[-72.247361,-14.395464],[-72.249505,-14.402926],[-72.254364,-14.404091],[-72.269783,-14.404452],[-72.280446,-14.410784],[-72.287252,-14.410097],[-72.29567,-14.411884],[-72.292425,-14.419369],[-72.28902,-14.422485],[-72.2931,-14.426661],[-72.298175,-14.428588],[-72.305691,-14.428754],[-72.311113,-14.437085],[-72.317199,-14.440689],[-72.325945,-14.438742],[-72.338768,-14.428335],[-72.343865,-14.428876],[-72.357625,-14.435964],[-72.357396,-14.439994],[-72.363885,-14.449473],[-72.363921,-14.459757],[-72.368557,-14.463809],[-72.381865,-14.467474],[-72.393082,-14.48185],[-72.399275,-14.48417],[-72.408571,-14.48373],[-72.427461,-14.479023],[-72.440498,-14.481748],[-72.440497,-14.488859],[-72.4427,-14.494598],[-72.451643,-14.502292],[-72.459759,-14.504466],[-72.463894,-14.510231],[-72.473173,-14.519543],[-72.481495,-14.524463],[-72.491639,-14.53354],[-72.49409,-14.538285],[-72.494201,-14.545635],[-72.50291,-14.551662],[-72.500565,-14.557103],[-72.493834,-14.566102],[-72.487939,-14.569067],[-72.484701,-14.573599],[-72.483986,-14.582016],[-72.477818,-14.585151],[-72.474906,-14.589004],[-72.46943,-14.591176],[-72.467424,-14.601985],[-72.461699,-14.60587],[-72.462185,-14.613911],[-72.464892,-14.620746],[-72.465209,-14.634426],[-72.463778,-14.642502],[-72.466743,-14.651942],[-72.471771,-14.661399],[-72.463142,-14.66811],[-72.460258,-14.676224],[-72.46846,-14.693102],[-72.471939,-14.70579],[-72.48613,-14.712543],[-72.488464,-14.723461],[-72.482643,-14.730406],[-72.486969,-14.74063],[-72.48101,-14.748901],[-72.479568,-14.754863],[-72.472946,-14.757378],[-72.468636,-14.76402],[-72.470947,-14.774775],[-72.46888,-14.781044],[-72.469185,-14.786989],[-72.461899,-14.782863],[-72.450905,-14.78411],[-72.44471,-14.790779],[-72.433937,-14.791146],[-72.430412,-14.799992],[-72.42308,-14.802746],[-72.418114,-14.810668],[-72.418632,-14.820244],[-72.416717,-14.822834],[-72.406479,-14.827085],[-72.395683,-14.825007],[-72.385483,-14.826984],[-72.366608,-14.827555],[-72.362503,-14.828785],[-72.350143,-14.827786],[-72.336327,-14.8294],[-72.329544,-14.832248],[-72.315445,-14.833863],[-72.291923,-14.818375],[-72.284973,-14.815383],[-72.279388,-14.816094],[-72.264648,-14.811121],[-72.252289,-14.803659],[-72.244667,-14.811809],[-72.239105,-14.812241],[-72.223755,-14.805058],[-72.220291,-14.79993],[-72.2136,-14.803263],[-72.202789,-14.797869],[-72.20237,-14.788366],[-72.195656,-14.784357],[-72.190567,-14.778834],[-72.186478,-14.780279],[-72.18087,-14.776973],[-72.165253,-14.780539],[-72.159668,-14.786342],[-72.154007,-14.777131],[-72.144699,-14.777713],[-72.141327,-14.781101],[-72.134788,-14.783511],[-72.131683,-14.789396],[-72.13472,-14.794965],[-72.138115,-14.807679],[-72.138092,-14.813296],[-72.132935,-14.816823],[-72.132507,-14.825425],[-72.128693,-14.830602],[-72.119194,-14.834739],[-72.115517,-14.842063],[-72.111587,-14.841289],[-72.107658,-14.847242],[-72.097542,-14.851197],[-72.090248,-14.856803],[-72.085464,-14.869131],[-72.079605,-14.873883],[-72.076874,-14.883467],[-72.063095,-14.887876],[-72.05516,-14.883638],[-72.046394,-14.88711],[-72.043144,-14.880883],[-72.047127,-14.875063],[-72.042282,-14.862666],[-72.043266,-14.851732],[-72.039253,-14.844896],[-72.040382,-14.839689],[-72.032532,-14.832463],[-72.025284,-14.829635],[-72.02565,-14.822236],[-72.034256,-14.81199],[-72.040543,-14.809762],[-72.038956,-14.804779],[-72.034477,-14.800932],[-72.035438,-14.789945],[-72.03894,-14.788134],[-72.040962,-14.778769],[-72.03701,-14.767254],[-72.039772,-14.756988],[-72.043182,-14.754127],[-72.04779,-14.738768],[-72.043297,-14.728219],[-72.041954,-14.720146],[-72.044975,-14.716476],[-72.041985,-14.709227],[-72.044373,-14.706049],[-72.041862,-14.694371],[-72.036156,-14.681781],[-72.025345,-14.674102],[-72.02449,-14.667734],[-72.015831,-14.658391],[-72.014671,-14.648367],[-72.007965,-14.640728],[-72.001465,-14.641733],[-71.987915,-14.63295],[-71.981499,-14.638696],[-71.980812,-14.642882],[-71.976212,-14.645913],[-71.976189,-14.654055],[-71.969261,-14.661764],[-71.963631,-14.663763],[-71.958435,-14.67108],[-71.951157,-14.672503],[-71.94989,-14.677898],[-71.941215,-14.685325],[-71.930656,-14.688087],[-71.936134,-14.693857],[-71.942169,-14.696777],[-71.950272,-14.703451],[-71.945976,-14.710818],[-71.949356,-14.717652],[-71.958633,-14.728016],[-71.958969,-14.732593],[-71.948685,-14.744226],[-71.943176,-14.745293],[-71.937622,-14.750986],[-71.930572,-14.761137],[-71.929123,-14.769818],[-71.928986,-14.784959],[-71.924004,-14.789797],[-71.914421,-14.792074],[-71.907989,-14.790602],[-71.903313,-14.791963],[-71.90049,-14.788149],[-71.89005,-14.790873],[-71.876671,-14.800438],[-71.874016,-14.806402],[-71.872612,-14.823982],[-71.868637,-14.82819],[-71.869095,-14.835971],[-71.864288,-14.845512],[-71.857307,-14.851412],[-71.854667,-14.857664],[-71.859428,-14.868231],[-71.863419,-14.873356],[-71.861244,-14.881447],[-71.852089,-14.88809],[-71.828918,-14.887982],[-71.82634,-14.892037],[-71.830536,-14.898615],[-71.827599,-14.906065],[-71.816681,-14.907341],[-71.797623,-14.895982],[-71.79039,-14.899222],[-71.789459,-14.907075],[-71.785156,-14.912559],[-71.775375,-14.919104],[-71.766228,-14.928048],[-71.753624,-14.93345],[-71.74596,-14.93987],[-71.747719,-14.948301],[-71.755728,-14.955448],[-71.760384,-14.966762],[-71.768669,-14.978402],[-71.770241,-14.984485],[-71.763472,-14.994795],[-71.763718,-15.003817],[-71.767456,-15.010524],[-71.792343,-15.016997],[-71.796791,-15.020161],[-71.811356,-15.023572],[-71.822929,-15.034991],[-71.832535,-15.038093],[-71.838737,-15.04263],[-71.849319,-15.04509],[-71.848442,-15.051877],[-71.840164,-15.065402],[-71.837631,-15.074841],[-71.832672,-15.077064],[-71.822418,-15.076644],[-71.815475,-15.078221],[-71.812111,-15.072752],[-71.802956,-15.067441],[-71.794594,-15.069859],[-71.786301,-15.06955],[-71.775925,-15.080794],[-71.772537,-15.082439],[-71.765488,-15.078684],[-71.756371,-15.084655],[-71.741119,-15.079943],[-71.734489,-15.082142],[-71.72126,-15.083946],[-71.715584,-15.08816],[-71.706741,-15.089281],[-71.701942,-15.088347],[-71.691078,-15.091178],[-71.679184,-15.08849],[-71.667953,-15.091896],[-71.66777,-15.097936],[-71.663597,-15.100923],[-71.663719,-15.10858],[-71.649033,-15.120671],[-71.643578,-15.126982],[-71.643578,-15.13071],[-71.636024,-15.139139],[-71.617607,-15.146065],[-71.612625,-15.145173],[-71.602913,-15.139182],[-71.601494,-15.132645],[-71.593025,-15.130835],[-71.587601,-15.125595],[-71.586472,-15.110411],[-71.583618,-15.102387],[-71.583832,-15.095997],[-71.577782,-15.087873],[-71.576035,-15.077456],[-71.572719,-15.070239],[-71.570627,-15.061207],[-71.556023,-15.066876],[-71.546493,-15.068492],[-71.539604,-15.07429],[-71.530357,-15.074525],[-71.518959,-15.076422],[-71.511711,-15.079448],[-71.509079,-15.075265],[-71.499779,-15.06739],[-71.490921,-15.064472],[-71.48587,-15.059105],[-71.482208,-15.047717],[-71.484604,-15.039326],[-71.492401,-15.033277],[-71.497215,-15.032428],[-71.50367,-15.027327],[-71.503723,-15.02095],[-71.51017,-15.004635],[-71.507698,-14.997871],[-71.507965,-14.982519],[-71.50705,-14.976275],[-71.50032,-14.97924],[-71.494339,-14.978243],[-71.484009,-14.981377],[-71.468185,-14.982824],[-71.465044,-14.984069],[-71.457576,-14.979547],[-71.448263,-14.979428],[-71.445808,-14.991975],[-71.441383,-14.996675],[-71.430817,-14.998084],[-71.426727,-15.002124],[-71.430428,-15.007965],[-71.42823,-15.011178],[-71.42215,-15.012005],[-71.41925,-15.018882],[-71.418648,-15.030185],[-71.415932,-15.034668],[-71.41066,-15.035459],[-71.405868,-15.040055],[-71.396866,-15.04524],[-71.387512,-15.061262],[-71.379738,-15.064547],[-71.37268,-15.07911],[-71.369194,-15.081142],[-71.361847,-15.079143],[-71.358292,-15.083608],[-71.354248,-15.092304],[-71.345161,-15.092623],[-71.337883,-15.097384],[-71.331474,-15.098586],[-71.327972,-15.104316],[-71.327805,-15.110467],[-71.324905,-15.116888],[-71.315628,-15.120225],[-71.310089,-15.11876],[-71.306877,-15.11233],[-71.297562,-15.108617],[-71.287277,-15.097192],[-71.283096,-15.094785],[-71.277443,-15.08836],[-71.268307,-15.081267],[-71.260225,-15.076908],[-71.266922,-15.065906],[-71.264046,-15.062312],[-71.257202,-15.062506],[-71.253654,-15.057616],[-71.241905,-15.057804],[-71.240303,-15.061564],[-71.231659,-15.065277],[-71.227287,-15.06946],[-71.2238,-15.067406],[-71.216562,-15.050009],[-71.207687,-15.050492],[-71.209564,-15.059029],[-71.206543,-15.062187],[-71.20684,-15.071889],[-71.195358,-15.09019],[-71.182579,-15.088923],[-71.180008,-15.092298],[-71.167541,-15.095808],[-71.163299,-15.099719],[-71.161652,-15.109302],[-71.155701,-15.114535],[-71.143578,-15.120561],[-71.143814,-15.128976],[-71.14904,-15.137722],[-71.156021,-15.141671],[-71.158058,-15.147294],[-71.16835,-15.149042],[-71.172073,-15.154269],[-71.172737,-15.159146],[-71.180389,-15.16262],[-71.184463,-15.170215],[-71.179306,-15.170982],[-71.174377,-15.176426],[-71.169449,-15.188775],[-71.160519,-15.198295],[-71.160329,-15.207768],[-71.164413,-15.212351],[-71.171959,-15.216564],[-71.178284,-15.22869],[-71.183174,-15.233542],[-71.19178,-15.233249],[-71.196114,-15.237182],[-71.201836,-15.245445],[-71.196907,-15.252602],[-71.200676,-15.261867],[-71.196251,-15.268907],[-71.190163,-15.274388],[-71.180511,-15.275164],[-71.165398,-15.288882],[-71.163971,-15.293328],[-71.164871,-15.300928],[-71.162903,-15.30891],[-71.16624,-15.32087],[-71.162666,-15.332484],[-71.155731,-15.337013],[-71.153809,-15.340855],[-71.152702,-15.351936],[-71.150429,-15.356875],[-71.151154,-15.363941],[-71.15731,-15.369195],[-71.165779,-15.373951],[-71.171577,-15.38849],[-71.169044,-15.398091],[-71.17408,-15.411425],[-71.174332,-15.424457],[-71.162788,-15.434002],[-71.160118,-15.434189],[-71.153271,-15.439835],[-71.147057,-15.440704],[-71.138718,-15.437887],[-71.129425,-15.428174],[-71.119255,-15.427576],[-71.111565,-15.436775],[-71.108452,-15.44809],[-71.101791,-15.454826],[-71.088287,-15.458288],[-71.082016,-15.457074],[-71.071747,-15.449273],[-71.075439,-15.442649],[-71.075455,-15.438301],[-71.062134,-15.433956],[-71.057312,-15.428445],[-71.05304,-15.426529],[-71.044083,-15.418116],[-71.040497,-15.412178],[-71.038971,-15.405166],[-71.036417,-15.391951],[-71.025688,-15.377463],[-71.019882,-15.373259],[-71.019181,-15.365851],[-71.012277,-15.343752],[-71.006119,-15.335227],[-70.983886,-15.316649],[-70.977553,-15.320415],[-70.95793,-15.318227],[-70.951006,-15.306633],[-70.950032,-15.298259],[-70.952299,-15.289843],[-70.960759,-15.281188],[-70.973423,-15.275025],[-70.977252,-15.266787],[-70.976767,-15.260955],[-70.982991,-15.25603],[-70.985281,-15.24903],[-70.981701,-15.243064],[-70.97709,-15.241911],[-70.975612,-15.236874],[-70.970324,-15.233065],[-70.966399,-15.225892],[-70.965077,-15.218952],[-70.962502,-15.215637],[-70.966787,-15.210929],[-70.966721,-15.203988],[-70.971862,-15.198791],[-70.973237,-15.186241],[-70.971898,-15.179876],[-70.976231,-15.175642],[-70.976048,-15.159951],[-70.979979,-15.155387],[-70.98201,-15.147104],[-70.97754,-15.144661],[-70.977058,-15.126844],[-70.978553,-15.125429],[-70.978642,-15.111368],[-70.980323,-15.10635],[-70.984821,-15.103236],[-70.994363,-15.093381],[-70.992942,-15.08792],[-70.994576,-15.080672],[-70.991905,-15.070626],[-70.99642,-15.059118],[-70.996547,-15.05435],[-70.99314,-15.042348],[-70.993961,-15.033566],[-70.996787,-15.028825],[-70.996574,-15.01673],[-70.999765,-15.01199],[-71.003928,-15.001353],[-71.003068,-14.984662],[-71.00405,-14.971877],[-70.996255,-14.963717],[-70.996639,-14.953934],[-70.98474,-14.946068],[-70.986723,-14.937032],[-70.99057,-14.926872],[-70.986292,-14.915481],[-70.988552,-14.909082],[-70.992001,-14.905871],[-70.994855,-14.899043],[-70.996608,-14.885697],[-70.993076,-14.878085],[-70.992924,-14.865997],[-70.991473,-14.860902],[-70.996592,-14.843943],[-70.991893,-14.840294],[-70.995778,-14.831369],[-70.993835,-14.829164],[-70.979267,-14.825146],[-70.977226,-14.817231],[-70.979185,-14.810435],[-70.977324,-14.80783],[-70.980399,-14.799604],[-70.980281,-14.792612],[-70.983709,-14.786031],[-70.980928,-14.77945],[-70.980654,-14.773771],[-70.976501,-14.771146],[-70.975483,-14.764134],[-70.981529,-14.755488],[-70.990013,-14.750226],[-70.996938,-14.748277],[-71.001619,-14.744319],[-71.00879,-14.743375],[-71.013093,-14.739694],[-71.020699,-14.746758],[-71.021809,-14.752902],[-71.027763,-14.760075],[-71.032419,-14.759127],[-71.035694,-14.752117],[-71.05324,-14.75433],[-71.057156,-14.750928],[-71.061854,-14.741963],[-71.063218,-14.736524],[-71.06767,-14.731534],[-71.074124,-14.727709],[-71.082282,-14.718753],[-71.08951,-14.713188],[-71.087761,-14.697146],[-71.091627,-14.690625],[-71.097434,-14.685242],[-71.101518,-14.685665],[-71.104814,-14.677529],[-71.110107,-14.673537],[-71.113676,-14.666732],[-71.115128,-14.657598],[-71.117941,-14.648918],[-71.112978,-14.643926],[-71.109725,-14.634221],[-71.080687,-14.629896],[-71.073905,-14.631446],[-71.069368,-14.626046],[-71.051959,-14.614218],[-71.05017,-14.610145],[-71.042754,-14.601381],[-71.031042,-14.593263],[-71.024896,-14.591925],[-71.019216,-14.593274],[-71.014948,-14.596757],[-71.009865,-14.596695],[-71.015105,-14.588285],[-71.020431,-14.585345],[-71.01471,-14.577978],[-71.00145,-14.572215],[-70.993563,-14.573558],[-70.990724,-14.578648],[-70.979787,-14.582978],[-70.97534,-14.580346],[-70.972528,-14.570003],[-70.966116,-14.568336],[-70.973761,-14.554047],[-70.981572,-14.548517],[-70.982368,-14.543072],[-70.979101,-14.538526],[-70.988232,-14.526295],[-70.996728,-14.505692],[-70.999166,-14.502273],[-70.988021,-14.499652],[-70.986585,-14.495732],[-70.989161,-14.489442],[-70.982665,-14.475812],[-70.985013,-14.465396],[-70.988454,-14.461225],[-70.98809,-14.455939],[-70.981373,-14.449015],[-70.969571,-14.447302],[-70.962503,-14.444817],[-70.965844,-14.440255],[-70.966358,-14.435222],[-70.974005,-14.428518],[-70.971927,-14.422306],[-70.973964,-14.41802],[-70.978169,-14.417147],[-70.985821,-14.406726],[-70.978692,-14.394484],[-70.981394,-14.385229],[-70.985205,-14.37915],[-70.970482,-14.378284],[-70.962577,-14.361845],[-70.948318,-14.352598],[-70.942879,-14.351939],[-70.933257,-14.342812],[-70.926416,-14.340071],[-70.917706,-14.344724],[-70.912182,-14.341473],[-70.907827,-14.333974],[-70.912968,-14.32758],[-70.914437,-14.314726],[-70.913925,-14.304419],[-70.908085,-14.298488],[-70.902136,-14.296433],[-70.896725,-14.291475],[-70.891699,-14.284011],[-70.891699,-14.273839],[-70.889156,-14.27171],[-70.880581,-14.270882],[-70.882584,-14.26576],[-70.880597,-14.259293],[-70.882103,-14.25379],[-70.889537,-14.247191],[-70.892954,-14.237874],[-70.898556,-14.235691],[-70.899349,-14.229302],[-70.896813,-14.224955],[-70.897508,-14.220126],[-70.89458,-14.209109],[-70.88809,-14.206301],[-70.882144,-14.198786],[-70.883532,-14.192266],[-70.8887,-14.188848],[-70.889609,-14.185045],[-70.886182,-14.171405],[-70.88252,-14.168358],[-70.873619,-14.171352],[-70.86683,-14.16908],[-70.863275,-14.16074],[-70.854401,-14.159243],[-70.849105,-14.150847],[-70.84099,-14.14831],[-70.833982,-14.142942],[-70.820899,-14.14],[-70.821677,-14.133816],[-70.813889,-14.126799],[-70.80893,-14.124199],[-70.80493,-14.114441],[-70.80561,-14.099284],[-70.791347,-14.084037],[-70.789818,-14.078816],[-70.795883,-14.072119],[-70.807565,-14.069092],[-70.820373,-14.068445],[-70.829472,-14.076337],[-70.832597,-14.060662],[-70.848187,-14.055551],[-70.850085,-14.052533],[-70.852879,-14.040919],[-70.858839,-14.034378],[-70.861814,-14.026228],[-70.853535,-14.012859],[-70.844453,-14.011089],[-70.840465,-14.007273],[-70.851983,-14.0005],[-70.852361,-13.996065],[-70.847548,-13.986714],[-70.843938,-13.975368],[-70.846757,-13.969936],[-70.845622,-13.9622],[-70.84019,-13.956424],[-70.833039,-13.9381],[-70.824349,-13.931224],[-70.819912,-13.929408],[-70.816868,-13.924257],[-70.811043,-13.918603],[-70.809673,-13.912264],[-70.810701,-13.905069],[-70.818467,-13.898616],[-70.82709,-13.897702],[-70.83086,-13.895075],[-70.825625,-13.87873],[-70.828419,-13.875729],[-70.831626,-13.865257],[-70.831273,-13.858932],[-70.838745,-13.852813],[-70.845041,-13.852136],[-70.853513,-13.853754],[-70.86128,-13.843311],[-70.872282,-13.840928],[-70.881225,-13.832838],[-70.878431,-13.827984],[-70.880254,-13.818074],[-70.873827,-13.809092],[-70.865171,-13.803538],[-70.862502,-13.800292],[-70.85114,-13.801186],[-70.850271,-13.812786],[-70.847064,-13.816971],[-70.83892,-13.819959],[-70.834971,-13.824328],[-70.826555,-13.827236],[-70.819664,-13.823709],[-70.817906,-13.820525],[-70.811043,-13.821787],[-70.804414,-13.820166],[-70.796314,-13.82215],[-70.794494,-13.818059],[-70.787256,-13.817662],[-70.778521,-13.815066],[-70.768375,-13.814332],[-70.751914,-13.816482],[-70.742834,-13.820102],[-70.735924,-13.824248],[-70.732609,-13.823414],[-70.721361,-13.829342],[-70.70951,-13.84048],[-70.708558,-13.8281],[-70.704217,-13.821515],[-70.703026,-13.813327],[-70.698858,-13.803168],[-70.705185,-13.792561],[-70.707902,-13.782513],[-70.71493,-13.772309],[-70.721599,-13.769111],[-70.718401,-13.765776],[-70.72231,-13.761458],[-70.72641,-13.747135],[-70.734747,-13.739017],[-70.735376,-13.735299],[-70.732538,-13.728124],[-70.733537,-13.716084],[-70.735645,-13.711784],[-70.731345,-13.70668],[-70.723882,-13.703173],[-70.721235,-13.700156],[-70.72094,-13.683007],[-70.714252,-13.677209],[-70.715129,-13.662254],[-70.698261,-13.657285],[-70.688876,-13.652593],[-70.680963,-13.658114],[-70.670658,-13.66207],[-70.662807,-13.660567],[-70.660169,-13.65704],[-70.653913,-13.655936],[-70.653606,-13.652624],[-70.648362,-13.650232],[-70.647866,-13.644832],[-70.637403,-13.637666],[-70.636916,-13.632775],[-70.627475,-13.62775],[-70.621566,-13.621096],[-70.621675,-13.617576],[-70.616191,-13.609062],[-70.610679,-13.608953],[-70.607705,-13.604697],[-70.600719,-13.599076],[-70.592479,-13.599485],[-70.585848,-13.596429],[-70.584238,-13.591244],[-70.57787,-13.585841],[-70.569647,-13.587205],[-70.560373,-13.586614],[-70.558364,-13.583336],[-70.550271,-13.576838],[-70.543625,-13.577635],[-70.541724,-13.574489],[-70.542153,-13.559775],[-70.54595,-13.55317],[-70.545906,-13.545437],[-70.539828,-13.53262],[-70.534032,-13.52527],[-70.519874,-13.513968],[-70.495761,-13.501425],[-70.488795,-13.500381],[-70.484773,-13.490913],[-70.4748,-13.478058],[-70.4691,-13.474259],[-70.466219,-13.466184],[-70.456625,-13.456559],[-70.456245,-13.451588],[-70.452618,-13.447918],[-70.457412,-13.444275],[-70.468663,-13.443028],[-70.471827,-13.439928],[-70.467672,-13.435837],[-70.462334,-13.425801],[-70.459163,-13.423443],[-70.457094,-13.416324],[-70.450764,-13.410843],[-70.450956,-13.402117],[-70.448687,-13.397771],[-70.44255,-13.39336],[-70.447089,-13.385753],[-70.446034,-13.381662],[-70.448367,-13.374694],[-70.452362,-13.368526],[-70.450445,-13.364499],[-70.444404,-13.364562],[-70.434048,-13.362101],[-70.432003,-13.35801],[-70.426314,-13.359608],[-70.418866,-13.358937],[-70.417236,-13.361814],[-70.400073,-13.371739],[-70.399582,-13.363767],[-70.392731,-13.344772],[-70.394755,-13.338155],[-70.401139,-13.334885],[-70.401951,-13.32654],[-70.392836,-13.314161],[-70.382228,-13.311025],[-70.372817,-13.313311],[-70.36674,-13.307126],[-70.345847,-13.312746],[-70.346922,-13.30526],[-70.345072,-13.299778],[-70.348293,-13.293611],[-70.354734,-13.291898],[-70.35816,-13.286347],[-70.367069,-13.281688],[-70.370837,-13.276411],[-70.382401,-13.271613],[-70.401347,-13.270604],[-70.407489,-13.26739],[-70.407924,-13.263042],[-70.420408,-13.25857],[-70.422955,-13.254719],[-70.422023,-13.249936],[-70.417365,-13.243601],[-70.400528,-13.234744],[-70.390626,-13.232108],[-70.387947,-13.225163],[-70.390659,-13.222038],[-70.390009,-13.21534],[-70.384464,-13.204736],[-70.388467,-13.192389],[-70.395476,-13.183051],[-70.401052,-13.181234],[-70.404854,-13.1836],[-70.409598,-13.182752],[-70.412289,-13.177644],[-70.420484,-13.175405],[-70.425469,-13.176123],[-70.431045,-13.173462],[-70.446506,-13.170378],[-70.449125,-13.167632],[-70.464248,-13.159691],[-70.479374,-13.160167],[-70.500761,-13.156543],[-70.504325,-13.159455],[-70.521951,-13.155355],[-70.52973,-13.152558],[-70.541992,-13.154627],[-70.549847,-13.152864],[-70.551035,-13.145967],[-70.558008,-13.136694],[-70.566735,-13.131017],[-70.57053,-13.130322],[-70.577991,-13.117548],[-70.583556,-13.112995],[-70.585074,-13.10528],[-70.58754,-13.10313],[-70.599492,-13.099146],[-70.606385,-13.101739],[-70.614226,-13.099462],[-70.624913,-13.093139],[-70.641674,-13.090756],[-70.647931,-13.093392],[-70.653875,-13.093265],[-70.659756,-13.088459],[-70.669621,-13.090672],[-70.674636,-13.096613],[-70.683438,-13.098434],[-70.683944,-13.105466],[-70.705647,-13.105162],[-70.710048,-13.109463],[-70.722948,-13.10582],[-70.746017,-13.103493],[-70.758413,-13.108044],[-70.762868,-13.107733],[-70.774291,-13.103278],[-70.791748,-13.092555],[-70.799853,-13.08991],[-70.802898,-13.084138],[-70.812031,-13.077594],[-70.813349,-13.072933],[-70.829544,-13.067001],[-70.836982,-13.068037],[-70.842961,-13.067048],[-70.849458,-13.071992],[-70.852424,-13.0791],[-70.86311,-13.080324],[-70.879121,-13.073838],[-70.882177,-13.070673],[-70.899266,-13.069685],[-70.899031,-13.080748],[-70.894605,-13.088516],[-70.894982,-13.091341],[-70.889945,-13.102875],[-70.897477,-13.104052],[-70.908164,-13.10763],[-70.913719,-13.107818],[-70.921393,-13.110831],[-70.923041,-13.115633],[-70.922146,-13.121518],[-70.928258,-13.129237],[-70.935369,-13.130009],[-70.94228,-13.135487],[-70.937636,-13.144085],[-70.938572,-13.150136],[-70.94219,-13.156499],[-70.949283,-13.158639],[-70.957353,-13.163455],[-70.962983,-13.169483],[-70.974521,-13.168286],[-70.987805,-13.189594],[-70.988415,-13.194636],[-70.994324,-13.20322],[-70.990571,-13.215517],[-70.990851,-13.221546],[-70.994724,-13.222784],[-71.001112,-13.229332],[-71.007859,-13.230969],[-71.011492,-13.239792],[-71.007899,-13.25153],[-71.009654,-13.260664],[-71.014035,-13.267188],[-71.027904,-13.270678],[-71.036261,-13.270495],[-71.040945,-13.26875],[-71.04765,-13.26278],[-71.059405,-13.257453],[-71.064179,-13.256701],[-71.082893,-13.244644],[-71.086822,-13.245281],[-71.091057,-13.24032],[-71.099208,-13.238059],[-71.107507,-13.238226],[-71.122012,-13.233529],[-71.127632,-13.226864],[-71.134863,-13.211002],[-71.134762,-13.204004],[-71.139345,-13.195799],[-71.140646,-13.180912],[-71.14214,-13.178739],[-71.140239,-13.169731],[-71.142548,-13.163122],[-71.143101,-13.155798],[-71.146501,-13.147498],[-71.143813,-13.140004],[-71.146175,-13.130718],[-71.151144,-13.12412],[-71.158221,-13.122981],[-71.161662,-13.119592],[-71.16479,-13.112346],[-71.168182,-13.094089],[-71.165681,-13.084641],[-71.161375,-13.07575],[-71.161578,-13.066461],[-71.173321,-13.056438],[-71.173471,-13.051726],[-71.171003,-13.043498],[-71.171825,-13.036841],[-71.16623,-13.022517],[-71.168624,-13.01013],[-71.178258,-13.003728],[-71.178677,-12.99529],[-71.174244,-12.990468],[-71.173042,-12.983335],[-71.164595,-12.979129],[-71.159001,-12.978679],[-71.161391,-12.968112],[-71.163529,-12.965852],[-71.172073,-12.965311],[-71.178326,-12.968477],[-71.186456,-12.968751],[-71.190413,-12.96622],[-71.195061,-12.959969],[-71.199542,-12.959194],[-71.205572,-12.961573],[-71.21241,-12.958822],[-71.226279,-12.960953],[-71.229736,-12.967223],[-71.238754,-12.971934],[-71.252113,-12.963977],[-71.257889,-12.96482],[-71.261559,-12.96243],[-71.271721,-12.961844],[-71.272049,-12.954414],[-71.278764,-12.951246],[-71.287965,-12.948906],[-71.30101,-12.940695],[-71.301621,-12.935098],[-71.306572,-12.934728],[-71.310455,-12.929977],[-71.315414,-12.930728],[-71.315811,-12.924488],[-71.326107,-12.918313],[-71.333435,-12.904527],[-71.34127,-12.895537],[-71.34814,-12.892509],[-71.354938,-12.883979],[-71.359925,-12.882515],[-71.360214,-12.890115],[-71.366366,-12.895554],[-71.375616,-12.900613],[-71.380363,-12.899231],[-71.388587,-12.888446],[-71.396219,-12.882865],[-71.415244,-12.894259],[-71.418703,-12.89121],[-71.417669,-12.883881],[-71.423517,-12.884256],[-71.4299,-12.876089],[-71.437586,-12.872648],[-71.441669,-12.867388],[-71.448872,-12.863341],[-71.449764,-12.858294],[-71.442489,-12.853605],[-71.445074,-12.840732],[-71.454328,-12.842229],[-71.454453,-12.836238],[-71.44889,-12.833385],[-71.446162,-12.827662],[-71.451047,-12.824969],[-71.458322,-12.825896],[-71.459845,-12.818495],[-71.462712,-12.816389],[-71.464846,-12.809697],[-71.475268,-12.801939],[-71.484282,-12.792124],[-71.486064,-12.787524],[-71.495658,-12.78198],[-71.498373,-12.777709],[-71.498408,-12.769926],[-71.501831,-12.763898],[-71.502649,-12.756165],[-71.507331,-12.752832],[-71.512274,-12.745192],[-71.516513,-12.743406],[-71.523526,-12.747196],[-71.529956,-12.744102],[-71.533438,-12.738579],[-71.541066,-12.737931],[-71.547302,-12.73445],[-71.547643,-12.72962],[-71.552673,-12.724022],[-71.548792,-12.714042],[-71.552133,-12.709302],[-71.556821,-12.708108],[-71.562022,-12.70987],[-71.565744,-12.705437],[-71.577366,-12.70342],[-71.59291,-12.702331],[-71.600298,-12.700058],[-71.611756,-12.7019],[-71.61744,-12.705143],[-71.633095,-12.707378],[-71.638473,-12.709379],[-71.648141,-12.718686],[-71.653428,-12.721152],[-71.660545,-12.728924],[-71.67078,-12.72993],[-71.68383,-12.733152],[-71.694969,-12.738793],[-71.692924,-12.747783],[-71.698287,-12.761975],[-71.705934,-12.766668],[-71.707603,-12.771963],[-71.712791,-12.777961],[-71.723518,-12.786668],[-71.72976,-12.78709],[-71.735283,-12.791424],[-71.746941,-12.796107],[-71.753525,-12.794711],[-71.760209,-12.787922],[-71.760049,-12.782666],[-71.764664,-12.767459],[-71.77208,-12.767299],[-71.785285,-12.764875],[-71.789955,-12.766461],[-71.79976,-12.765273],[-71.80407,-12.753639],[-71.810592,-12.744978],[-71.822723,-12.740441],[-71.825684,-12.742506],[-71.832551,-12.742322],[-71.839523,-12.738924],[-71.849457,-12.738908],[-71.85801,-12.734787],[-71.871369,-12.735256],[-71.881615,-12.730439],[-71.891297,-12.732891],[-71.900352,-12.733355],[-71.906948,-12.727004],[-71.915306,-12.723205],[-71.918414,-12.718991],[-71.91876,-12.712118],[-71.916461,-12.703316],[-71.920379,-12.698141],[-71.926486,-12.699495],[-71.943671,-12.694273],[-71.953121,-12.690653],[-71.957758,-12.693928],[-71.964891,-12.693582],[-71.97108,-12.687559],[-71.978595,-12.683331],[-71.977103,-12.677419],[-71.971025,-12.671975],[-71.969367,-12.661421],[-71.960973,-12.658376],[-71.956381,-12.654873],[-71.95873,-12.645506],[-71.957126,-12.639488],[-71.965057,-12.631968],[-71.966576,-12.620418],[-71.966411,-12.61282],[-71.9839,-12.608792],[-71.983498,-12.594664],[-71.981664,-12.589701],[-71.981396,-12.58049],[-71.986896,-12.576556],[-71.990964,-12.577987],[-71.997756,-12.572687],[-72.008044,-12.560415],[-72.007988,-12.550985],[-72.01307,-12.545959],[-72.031459,-12.524773],[-72.037055,-12.525801],[-72.051846,-12.518662],[-72.05196,-12.511767],[-72.054695,-12.509001],[-72.064322,-12.506591],[-72.071132,-12.511484],[-72.075414,-12.507762],[-72.078962,-12.498627],[-72.070869,-12.488858],[-72.070869,-12.482787],[-72.065102,-12.471523],[-72.063385,-12.46316],[-72.064412,-12.455643],[-72.059534,-12.450049],[-72.061489,-12.440449],[-72.058791,-12.436884],[-72.049283,-12.433125],[-72.048508,-12.424591],[-72.046458,-12.422401],[-72.037139,-12.422774],[-72.022369,-12.414993],[-72.017477,-12.415179],[-72.011839,-12.4101],[-72.009835,-12.40423],[-72.004337,-12.401714],[-72.000423,-12.402459],[-71.993783,-12.399221],[-71.981753,-12.398186],[-71.976013,-12.398783],[-71.976237,-12.394161],[-71.972174,-12.389911],[-71.9699,-12.384171],[-71.965166,-12.382829],[-71.962967,-12.37146],[-71.968074,-12.366093],[-71.970571,-12.358973],[-71.967179,-12.347642],[-71.961886,-12.338174],[-71.953686,-12.337317],[-71.947135,-12.334393],[-71.94589,-12.330224],[-71.952269,-12.322854],[-71.95883,-12.320096],[-71.963377,-12.321848],[-71.973031,-12.320543],[-71.983804,-12.313908],[-71.990886,-12.306006],[-71.997632,-12.304292],[-72.014257,-12.297918],[-72.019364,-12.292997],[-72.029987,-12.2863],[-72.03022,-12.27976],[-72.032906,-12.272753],[-72.033841,-12.265045],[-72.041081,-12.25687],[-72.048906,-12.254009],[-72.056439,-12.257278],[-72.069811,-12.248987],[-72.0753,-12.243264],[-72.085169,-12.246359],[-72.092526,-12.240052],[-72.099475,-12.237542],[-72.105512,-12.23806],[-72.100234,-12.224637],[-72.101402,-12.217104],[-72.098307,-12.207294],[-72.092526,-12.197016],[-72.091971,-12.191008],[-72.100211,-12.171665],[-72.099238,-12.165001],[-72.092575,-12.155119],[-72.087559,-12.14269],[-72.09265,-12.132284],[-72.093848,-12.12315],[-72.094596,-12.106004],[-72.09583,-12.100762],[-72.093698,-12.091854],[-72.094447,-12.085191],[-72.111741,-12.078902],[-72.116383,-12.078827],[-72.131518,-12.071316],[-72.145283,-12.069693],[-72.160706,-12.065276],[-72.164674,-12.062431],[-72.173733,-12.05981],[-72.182867,-12.060858],[-72.18982,-12.058855],[-72.202586,-12.060828],[-72.221869,-12.060103],[-72.229654,-12.061775],[-72.237214,-12.057749],[-72.244412,-12.058745],[-72.268933,-12.054375],[-72.272485,-12.047382],[-72.269191,-12.036676],[-72.270895,-12.029954],[-72.269183,-12.021168],[-72.265096,-12.012171],[-72.259303,-12.006303],[-72.274641,-11.998596],[-72.280842,-11.996528],[-72.284551,-11.97643],[-72.289166,-11.974759],[-72.311844,-11.974441],[-72.321392,-11.971019],[-72.337466,-11.968075],[-72.341126,-11.96338],[-72.337621,-11.952972],[-72.338421,-11.948978],[-72.336758,-11.940392],[-72.338266,-11.924213],[-72.3469,-11.915686],[-72.34731,-11.909342],[-72.344786,-11.901226],[-72.347514,-11.891267],[-72.34349,-11.882537],[-72.340256,-11.868006],[-72.335675,-11.866679],[-72.332154,-11.855527],[-72.338754,-11.854585],[-72.348258,-11.850986],[-72.35292,-11.847777],[-72.3597,-11.846506],[-72.36527,-11.84136],[-72.365633,-11.837848],[-72.370658,-11.835003],[-72.380768,-11.832218],[-72.391302,-11.826346],[-72.393057,-11.818113],[-72.390151,-11.814541],[-72.391786,-11.809516],[-72.387548,-11.801828],[-72.379739,-11.799224],[-72.374532,-11.794684],[-72.370768,-11.784967],[-72.377665,-11.776676],[-72.382353,-11.774545],[-72.385852,-11.761487],[-72.39252,-11.760078],[-72.397451,-11.754818],[-72.413136,-11.746037],[-72.422435,-11.738945],[-72.425064,-11.733169],[-72.424591,-11.727096],[-72.427025,-11.721325],[-72.428739,-11.708972],[-72.42423,-11.702389],[-72.414852,-11.698873],[-72.410073,-11.693011],[-72.406466,-11.677502],[-72.401777,-11.672452],[-72.397088,-11.67119],[-72.38744,-11.659287],[-72.389563,-11.650315],[-72.381068,-11.649281],[-72.375317,-11.644165],[-72.374283,-11.636365],[-72.375642,-11.633174],[-72.36963,-11.630286],[-72.355623,-11.635025],[-72.350945,-11.621805],[-72.343189,-11.614367],[-72.327891,-11.607532],[-72.325493,-11.603443],[-72.315508,-11.595577],[-72.312228,-11.58832],[-72.307894,-11.587537],[-72.309151,-11.581267],[-72.306221,-11.572418],[-72.312629,-11.565416],[-72.313025,-11.561518],[-72.309392,-11.551082],[-72.308137,-11.540645],[-72.303777,-11.531529],[-72.305627,-11.51594],[-72.303777,-11.509797],[-72.298228,-11.502927],[-72.303975,-11.497841],[-72.29689,-11.491063],[-72.293814,-11.485411],[-72.289628,-11.482852],[-72.287457,-11.466648],[-72.292352,-11.450938],[-72.292551,-11.433273],[-72.288879,-11.430891],[-72.287409,-11.424253],[-72.281408,-11.421028],[-72.278558,-11.412477],[-72.270821,-11.400189],[-72.266687,-11.396468],[-72.257315,-11.393505],[-72.247894,-11.385006],[-72.242561,-11.363924],[-72.239258,-11.345061]]]},"properties":{"province":"Cusco"}},{"type":"Feature","geometry":{"type":"Polygon","coordinates":[[[-74.345946,-12.173737],[-74.343554,-12.168556],[-74.347055,-12.165057],[-74.354636,-12.164252],[-74.361305,-12.155223],[-74.358193,-12.148696],[-74.352384,-12.147765],[-74.351362,-12.138317],[-74.356427,-12.13551],[-74.363484,-12.137843],[-74.366139,-12.133811],[-74.375906,-12.125246],[-74.379578,-12.119855],[-74.394785,-12.109678],[-74.398816,-12.103611],[-74.406638,-12.107204],[-74.41031,-12.106485],[-74.41238,-12.101124],[-74.417419,-12.097952],[-74.41952,-12.093776],[-74.418905,-12.087583],[-74.414585,-12.084551],[-74.414204,-12.076722],[-74.419696,-12.068789],[-74.422781,-12.06735],[-74.429905,-12.071375],[-74.433577,-12.069362],[-74.440407,-12.056655],[-74.43971,-12.051905],[-74.445254,-12.045096],[-74.449352,-12.048929],[-74.453362,-12.045522],[-74.451629,-12.039439],[-74.455536,-12.033579],[-74.463115,-12.035121],[-74.469893,-12.027534],[-74.475194,-12.029695],[-74.481857,-12.027556],[-74.484061,-12.032727],[-74.488377,-12.033196],[-74.492231,-12.028026],[-74.497486,-12.02639],[-74.50276,-12.020214],[-74.5084,-12.02152],[-74.513393,-12.018419],[-74.529075,-12.014663],[-74.536319,-12.008251],[-74.543563,-11.999013],[-74.550104,-11.996445],[-74.557678,-12.000949],[-74.569225,-11.994583],[-74.571707,-11.984809],[-74.582035,-11.987936],[-74.584574,-11.986358],[-74.594658,-11.987448],[-74.592463,-11.994979],[-74.603552,-11.999541],[-74.612545,-11.987979],[-74.61725,-11.990059],[-74.624165,-11.985182],[-74.63181,-11.98534],[-74.642698,-11.988668],[-74.648909,-11.994893],[-74.655478,-11.992282],[-74.659108,-11.995782],[-74.661411,-12.005644],[-74.668451,-12.009234],[-74.6739,-12.01539],[-74.67851,-12.01748],[-74.67913,-12.02603],[-74.68138,-12.02907],[-74.68374,-12.03847],[-74.69932,-12.04437],[-74.71069,-12.0572],[-74.7169,-12.05942],[-74.73053,-12.04694],[-74.74357,-12.04095],[-74.74861,-12.04142],[-74.75912,-12.05112],[-74.77145,-12.05293],[-74.77993,-12.053],[-74.78631,-12.05651],[-74.79428,-12.05829],[-74.80929,-12.0565],[-74.819,-12.05363],[-74.83012,-12.0626],[-74.831853,-12.066416],[-74.837374,-12.070818],[-74.850976,-12.069755],[-74.860207,-12.066221],[-74.870774,-12.065992],[-74.872018,-12.062455],[-74.880859,-12.053686],[-74.885697,-12.05344],[-74.896331,-12.048878],[-74.902855,-12.043203],[-74.907867,-12.03652],[-74.920004,-12.032879],[-74.926684,-12.028115],[-74.930374,-12.022858],[-74.943417,-12.017241],[-74.948832,-12.01875],[-74.9538,-12.016448],[-74.95907,-12.022883],[-74.96563,-12.024564],[-74.974207,-12.023691],[-74.979546,-12.0193],[-74.989665,-12.0174],[-74.996377,-12.020841],[-75.010362,-12.015939],[-75.012256,-12.011232],[-75.020779,-12.013288],[-75.022173,-12.004912],[-75.036093,-11.999252],[-75.04393,-11.998374],[-75.049263,-11.99985],[-75.047053,-12.011564],[-75.053503,-12.015393],[-75.065233,-12.025405],[-75.067348,-12.036155],[-75.074725,-12.037976],[-75.079319,-12.046219],[-75.086054,-12.054831],[-75.074607,-12.060147],[-75.073787,-12.06875],[-75.069495,-12.075522],[-75.070076,-12.082911],[-75.065842,-12.089482],[-75.065815,-12.093871],[-75.071308,-12.102386],[-75.068846,-12.106233],[-75.070947,-12.112933],[-75.065128,-12.115292],[-75.067925,-12.127124],[-75.063148,-12.133478],[-75.064745,-12.139183],[-75.069014,-12.142857],[-75.074234,-12.142477],[-75.076945,-12.147146],[-75.072621,-12.1578],[-75.067159,-12.159382],[-75.055718,-12.165227],[-75.049578,-12.166297],[-75.048327,-12.17033],[-75.053764,-12.187639],[-75.049357,-12.201343],[-75.052289,-12.205223],[-75.059173,-12.205775],[-75.059791,-12.211954],[-75.063137,-12.220912],[-75.070127,-12.229872],[-75.071628,-12.235203],[-75.079612,-12.234303],[-75.08551,-12.236728],[-75.09238,-12.244446],[-75.092689,-12.250469],[-75.100447,-12.251101],[-75.101072,-12.258178],[-75.105221,-12.271142],[-75.104189,-12.278328],[-75.098249,-12.283604],[-75.103747,-12.295118],[-75.110436,-12.303465],[-75.116197,-12.307497],[-75.120457,-12.308],[-75.123933,-12.317814],[-75.129767,-12.328019],[-75.12935,-12.33436],[-75.13521,-12.33527],[-75.14023,-12.3421],[-75.13661,-12.34913],[-75.13535,-12.35976],[-75.13314,-12.36733],[-75.13357,-12.37194],[-75.13101,-12.3785],[-75.1358,-12.38059],[-75.14687,-12.39555],[-75.154141,-12.395699],[-75.164597,-12.389082],[-75.16938,-12.37956],[-75.17602,-12.37258],[-75.18237,-12.36028],[-75.186726,-12.366529],[-75.192633,-12.367129],[-75.207892,-12.383485],[-75.220085,-12.390455],[-75.215254,-12.394843],[-75.217428,-12.401893],[-75.217226,-12.407177],[-75.213933,-12.413891],[-75.2149,-12.42062],[-75.218569,-12.428801],[-75.223282,-12.435529],[-75.223488,-12.439077],[-75.219582,-12.44689],[-75.214873,-12.451838],[-75.213226,-12.458864],[-75.215515,-12.463421],[-75.223033,-12.467068],[-75.22522,-12.472762],[-75.229649,-12.475572],[-75.23371,-12.470604],[-75.238467,-12.470308],[-75.242876,-12.464246],[-75.246511,-12.462735],[-75.259497,-12.464644],[-75.265861,-12.467213],[-75.273888,-12.466289],[-75.278359,-12.46783],[-75.279989,-12.473752],[-75.288818,-12.475505],[-75.297664,-12.485248],[-75.302141,-12.480481],[-75.309487,-12.479127],[-75.313889,-12.484455],[-75.324715,-12.487129],[-75.318676,-12.503424],[-75.319339,-12.514503],[-75.328705,-12.51684],[-75.331132,-12.520691],[-75.336523,-12.522033],[-75.347512,-12.53438],[-75.351624,-12.536805],[-75.362391,-12.5396],[-75.368438,-12.544511],[-75.372642,-12.553385],[-75.379155,-12.557541],[-75.381808,-12.563077],[-75.389106,-12.570258],[-75.39074,-12.57487],[-75.399147,-12.582518],[-75.409447,-12.58473],[-75.409161,-12.597124],[-75.412051,-12.599918],[-75.410129,-12.617934],[-75.417854,-12.628974],[-75.423063,-12.625491],[-75.426752,-12.627504],[-75.431451,-12.625731],[-75.437257,-12.620018],[-75.442645,-12.617741],[-75.453468,-12.62247],[-75.460794,-12.631386],[-75.458473,-12.63818],[-75.457119,-12.649902],[-75.452633,-12.657659],[-75.455992,-12.66209],[-75.459279,-12.674668],[-75.467201,-12.683331],[-75.477442,-12.677522],[-75.484215,-12.676051],[-75.486103,-12.6674],[-75.489517,-12.663323],[-75.488281,-12.656489],[-75.490854,-12.647937],[-75.498614,-12.642547],[-75.499047,-12.638564],[-75.510558,-12.634467],[-75.516848,-12.626293],[-75.521392,-12.624686],[-75.526092,-12.618414],[-75.528857,-12.620944],[-75.538744,-12.621694],[-75.54896,-12.625115],[-75.551537,-12.623475],[-75.559274,-12.630751],[-75.568824,-12.632596],[-75.569342,-12.636498],[-75.574895,-12.636572],[-75.579613,-12.641484],[-75.577798,-12.645907],[-75.578027,-12.653549],[-75.574623,-12.659754],[-75.561331,-12.663084],[-75.558161,-12.669018],[-75.5622,-12.673386],[-75.551818,-12.681427],[-75.551668,-12.685427],[-75.554883,-12.691195],[-75.553506,-12.703343],[-75.557247,-12.706607],[-75.569492,-12.709728],[-75.576551,-12.715142],[-75.574722,-12.719928],[-75.567545,-12.7282],[-75.553551,-12.736337],[-75.552133,-12.74244],[-75.543396,-12.750295],[-75.54031,-12.7509],[-75.526992,-12.762958],[-75.519462,-12.766666],[-75.515145,-12.773023],[-75.5075,-12.777155],[-75.511448,-12.786889],[-75.520224,-12.788729],[-75.521816,-12.793672],[-75.522267,-12.806211],[-75.531082,-12.822208],[-75.539901,-12.816225],[-75.543873,-12.821684],[-75.551116,-12.821838],[-75.556049,-12.816641],[-75.561288,-12.817924],[-75.561719,-12.829389],[-75.570411,-12.842859],[-75.586572,-12.851171],[-75.592652,-12.852074],[-75.599903,-12.856901],[-75.606655,-12.856439],[-75.612878,-12.859519],[-75.613092,-12.866975],[-75.617299,-12.879134],[-75.623741,-12.892998],[-75.628432,-12.89748],[-75.630775,-12.909074],[-75.636125,-12.916175],[-75.627313,-12.929456],[-75.628097,-12.934963],[-75.6244,-12.938913],[-75.618417,-12.941698],[-75.618544,-12.951272],[-75.614351,-12.957626],[-75.614393,-12.964933],[-75.609005,-12.968473],[-75.602608,-12.980183],[-75.606927,-12.987283],[-75.610211,-12.996867],[-75.608406,-13.00299],[-75.611903,-13.009102],[-75.619469,-13.013697],[-75.620978,-13.019673],[-75.628343,-13.020035],[-75.630367,-13.024535],[-75.638588,-13.029975],[-75.639206,-13.035847],[-75.636301,-13.043697],[-75.628881,-13.053433],[-75.628608,-13.057067],[-75.634984,-13.061338],[-75.640256,-13.062555],[-75.652519,-13.070504],[-75.660091,-13.065192],[-75.663245,-13.064857],[-75.676372,-13.055834],[-75.67809,-13.053441],[-75.675452,-13.045342],[-75.681464,-13.040556],[-75.686618,-13.043072],[-75.692754,-13.048962],[-75.695637,-13.058226],[-75.694042,-13.066878],[-75.694962,-13.074792],[-75.705515,-13.080437],[-75.705086,-13.087186],[-75.709565,-13.092279],[-75.710669,-13.098414],[-75.718768,-13.109765],[-75.712128,-13.116172],[-75.708268,-13.132447],[-75.706509,-13.135466],[-75.70785,-13.142723],[-75.701107,-13.141747],[-75.693774,-13.147504],[-75.696769,-13.154152],[-75.695442,-13.159981],[-75.70065,-13.166791],[-75.698914,-13.170797],[-75.70312,-13.177474],[-75.706337,-13.186762],[-75.698471,-13.198045],[-75.695615,-13.204085],[-75.691729,-13.207175],[-75.688949,-13.214274],[-75.69696,-13.218884],[-75.702441,-13.226887],[-75.700794,-13.232986],[-75.700666,-13.242301],[-75.705323,-13.246264],[-75.70414,-13.252054],[-75.704809,-13.262039],[-75.703419,-13.2668],[-75.705118,-13.272512],[-75.70396,-13.279229],[-75.706481,-13.288287],[-75.730928,-13.310307],[-75.737785,-13.310006],[-75.743749,-13.313589],[-75.753171,-13.309109],[-75.759119,-13.312825],[-75.760444,-13.317315],[-75.772249,-13.324843],[-75.77644,-13.326168],[-75.779232,-13.330603],[-75.784479,-13.332447],[-75.790205,-13.34251],[-75.794685,-13.356645],[-75.795069,-13.361916],[-75.801174,-13.380508],[-75.807818,-13.384143],[-75.809658,-13.388856],[-75.809389,-13.396846],[-75.805985,-13.401433],[-75.800054,-13.403661],[-75.792994,-13.403724],[-75.787973,-13.406517],[-75.783234,-13.406454],[-75.778841,-13.409247],[-75.769772,-13.409718],[-75.762523,-13.413766],[-75.752143,-13.412853],[-75.744938,-13.404794],[-75.74052,-13.405246],[-75.736151,-13.409815],[-75.723876,-13.413405],[-75.719357,-13.412426],[-75.712163,-13.41642],[-75.709471,-13.421771],[-75.702735,-13.422477],[-75.7011,-13.428146],[-75.695771,-13.435507],[-75.689281,-13.43967],[-75.68279,-13.43585],[-75.676463,-13.429716],[-75.665762,-13.430328],[-75.662448,-13.427479],[-75.653394,-13.427753],[-75.645394,-13.421991],[-75.642182,-13.417415],[-75.637151,-13.416802],[-75.634239,-13.411873],[-75.630486,-13.414848],[-75.621941,-13.414937],[-75.614945,-13.416796],[-75.6136,-13.409575],[-75.607862,-13.404297],[-75.602867,-13.394663],[-75.598971,-13.389988],[-75.595571,-13.391263],[-75.585122,-13.402668],[-75.557849,-13.402916],[-75.548977,-13.406441],[-75.545105,-13.404141],[-75.538918,-13.405012],[-75.530471,-13.389171],[-75.522349,-13.391338],[-75.516589,-13.385933],[-75.511361,-13.376983],[-75.50523,-13.371848],[-75.502916,-13.36595],[-75.503596,-13.358328],[-75.500391,-13.355418],[-75.496391,-13.367322],[-75.496553,-13.373195],[-75.49235,-13.378502],[-75.497685,-13.386908],[-75.49825,-13.391152],[-75.491393,-13.396068],[-75.486658,-13.407869],[-75.48633,-13.4139],[-75.476275,-13.425439],[-75.471621,-13.426967],[-75.465775,-13.43216],[-75.470443,-13.44291],[-75.470867,-13.45159],[-75.473439,-13.46326],[-75.469635,-13.474252],[-75.470449,-13.48426],[-75.476668,-13.489186],[-75.476064,-13.491863],[-75.481203,-13.497748],[-75.484514,-13.504834],[-75.483721,-13.514193],[-75.489023,-13.524264],[-75.484533,-13.526306],[-75.47731,-13.525484],[-75.495822,-13.567054],[-75.50379,-13.56512],[-75.509691,-13.565428],[-75.51096,-13.5889],[-75.51286,-13.595178],[-75.519483,-13.602848],[-75.517278,-13.612129],[-75.514007,-13.617092],[-75.505673,-13.622987],[-75.503931,-13.625949],[-75.492393,-13.635362],[-75.487991,-13.646366],[-75.484869,-13.650972],[-75.486712,-13.668886],[-75.488592,-13.673874],[-75.496209,-13.67333],[-75.501649,-13.687129],[-75.507584,-13.686535],[-75.510795,-13.692012],[-75.51591,-13.696393],[-75.519463,-13.719201],[-75.525652,-13.722211],[-75.529068,-13.728433],[-75.528053,-13.734588],[-75.52944,-13.740067],[-75.533236,-13.744746],[-75.537365,-13.745884],[-75.546022,-13.74364],[-75.554582,-13.749571],[-75.548715,-13.756913],[-75.53759,-13.762396],[-75.539481,-13.77195],[-75.538199,-13.776759],[-75.541533,-13.781441],[-75.538359,-13.792822],[-75.527522,-13.796958],[-75.526176,-13.800549],[-75.524878,-13.817899],[-75.534977,-13.823971],[-75.535941,-13.828852],[-75.544228,-13.835615],[-75.552074,-13.838717],[-75.563377,-13.840869],[-75.566185,-13.854055],[-75.559498,-13.863266],[-75.56008,-13.870927],[-75.555502,-13.879051],[-75.54999,-13.881371],[-75.55026,-13.8859],[-75.545502,-13.889482],[-75.537531,-13.888414],[-75.529287,-13.88525],[-75.52206,-13.885115],[-75.51106,-13.892195],[-75.50224,-13.90141],[-75.497894,-13.900217],[-75.48234,-13.910367],[-75.474389,-13.912557],[-75.460594,-13.908842],[-75.457549,-13.905461],[-75.44567,-13.909664],[-75.443988,-13.912961],[-75.433816,-13.9139],[-75.425318,-13.921289],[-75.415432,-13.927375],[-75.411916,-13.935803],[-75.409,-13.936973],[-75.40536,-13.943575],[-75.395881,-13.944699],[-75.390529,-13.94953],[-75.381689,-13.962764],[-75.359219,-13.971504],[-75.358857,-13.984143],[-75.353631,-13.992279],[-75.355684,-13.995766],[-75.350685,-13.999809],[-75.347625,-14.004898],[-75.333228,-14.015984],[-75.329011,-14.018023],[-75.319048,-14.018996],[-75.309781,-14.015567],[-75.295778,-14.012629],[-75.285418,-14.0115],[-75.277776,-14.008594],[-75.270886,-14.010629],[-75.252676,-13.998146],[-75.240944,-14.001591],[-75.239367,-14.004365],[-75.232329,-14.00477],[-75.236518,-14.014421],[-75.241031,-14.020082],[-75.247444,-14.024769],[-75.250322,-14.029619],[-75.259588,-14.037867],[-75.258529,-14.043166],[-75.191635,-14.052943],[-75.18267,-14.056098],[-75.16568,-14.07253],[-75.149165,-14.064417],[-75.126778,-14.050879],[-75.123381,-14.044877],[-75.117699,-14.038794],[-75.108842,-14.032885],[-75.103986,-14.050459],[-75.088502,-14.08157],[-75.0696,-14.079846],[-75.062512,-14.090639],[-75.061482,-14.101459],[-75.062494,-14.107303],[-75.057433,-14.123954],[-75.05905,-14.12962],[-75.05527,-14.12789],[-75.054254,-14.114786],[-75.04611,-14.10659],[-75.0434,-14.10108],[-75.03786,-14.0993],[-75.02949,-14.08069],[-75.02913,-14.07195],[-75.024131,-14.072332],[-75.014504,-14.069152],[-75.001455,-14.07207],[-74.996277,-14.072098],[-74.989014,-14.074982],[-74.974137,-14.074791],[-74.957955,-14.086137],[-74.948922,-14.087273],[-74.942361,-14.094687],[-74.933502,-14.091881],[-74.926475,-14.098697],[-74.922158,-14.098641],[-74.918,-14.095123],[-74.907891,-14.092154],[-74.901008,-14.097195],[-74.899605,-14.102105],[-74.895363,-14.10318],[-74.885674,-14.085625],[-74.878883,-14.079906],[-74.878113,-14.076254],[-74.866967,-14.072486],[-74.860795,-14.067193],[-74.857102,-14.074234],[-74.852744,-14.076205],[-74.841385,-14.073402],[-74.830955,-14.084516],[-74.825187,-14.092279],[-74.819137,-14.091732],[-74.810066,-14.086988],[-74.806457,-14.089082],[-74.798996,-14.08668],[-74.792061,-14.089352],[-74.787574,-14.086209],[-74.781227,-14.089631],[-74.770287,-14.089793],[-74.765328,-14.086578],[-74.758713,-14.078596],[-74.765686,-14.07183],[-74.765465,-14.064217],[-74.767875,-14.046633],[-74.773994,-14.044658],[-74.778016,-14.034146],[-74.778373,-14.02958],[-74.783883,-14.016945],[-74.780075,-14.006671],[-74.779082,-13.996275],[-74.785022,-13.991582],[-74.781996,-13.983905],[-74.76949,-13.983686],[-74.767955,-13.978552],[-74.775008,-13.962246],[-74.776434,-13.948534],[-74.780493,-13.941623],[-74.785923,-13.928788],[-74.78518,-13.920603],[-74.778756,-13.908861],[-74.777008,-13.897504],[-74.785209,-13.891949],[-74.782852,-13.87915],[-74.767387,-13.866588],[-74.76541,-13.857826],[-74.762275,-13.851402],[-74.760364,-13.831487],[-74.766998,-13.81475],[-74.775078,-13.803799],[-74.778244,-13.79465],[-74.778924,-13.784605],[-74.767205,-13.785131],[-74.76233,-13.780549],[-74.766793,-13.772832],[-74.765854,-13.769086],[-74.759541,-13.757716],[-74.761186,-13.748831],[-74.756195,-13.741974],[-74.754385,-13.733967],[-74.763435,-13.723271],[-74.772485,-13.718774],[-74.775391,-13.710538],[-74.774569,-13.695134],[-74.772485,-13.691514],[-74.77435,-13.677802],[-74.773971,-13.671627],[-74.778025,-13.663651],[-74.778793,-13.655424],[-74.781151,-13.648184],[-74.779709,-13.642961],[-74.77485,-13.638752],[-74.777977,-13.630002],[-74.777422,-13.624489],[-74.771503,-13.613643],[-74.771388,-13.606499],[-74.77507,-13.599149],[-74.776963,-13.58867],[-74.779908,-13.582162],[-74.7862,-13.57382],[-74.79132,-13.56439],[-74.7912,-13.55994],[-74.79957,-13.54747],[-74.80426,-13.54551],[-74.81583,-13.53537],[-74.82156,-13.53701],[-74.82956,-13.5343],[-74.83271,-13.52718],[-74.83713,-13.5248],[-74.84041,-13.51984],[-74.84008,-13.51162],[-74.84522,-13.50834],[-74.84758,-13.49931],[-74.85506,-13.4945],[-74.85687,-13.48737],[-74.86218,-13.48179],[-74.87579,-13.47446],[-74.88328,-13.4751],[-74.89043,-13.46979],[-74.89796,-13.46901],[-74.9021,-13.46644],[-74.90244,-13.45682],[-74.89977,-13.45229],[-74.90166,-13.43993],[-74.90453,-13.43678],[-74.90358,-13.42946],[-74.89802,-13.42457],[-74.89266,-13.41446],[-74.89462,-13.40249],[-74.89772,-13.39531],[-74.89011,-13.38563],[-74.8877,-13.38002],[-74.8785,-13.37426],[-74.87589,-13.36857],[-74.86875,-13.3599],[-74.86196,-13.35922],[-74.85856,-13.3556],[-74.84671,-13.35328],[-74.83329,-13.35644],[-74.82193,-13.35654],[-74.81809,-13.35534],[-74.81211,-13.35754],[-74.80425,-13.35566],[-74.79872,-13.35232],[-74.79364,-13.35167],[-74.78666,-13.34816],[-74.778806,-13.348336],[-74.770088,-13.346328],[-74.763863,-13.341393],[-74.764945,-13.33466],[-74.762322,-13.326943],[-74.757526,-13.325071],[-74.752257,-13.328245],[-74.745192,-13.338124],[-74.739326,-13.339236],[-74.73675,-13.34483],[-74.738546,-13.352853],[-74.728307,-13.362194],[-74.70846,-13.36406],[-74.69946,-13.36351],[-74.69187,-13.35796],[-74.68782,-13.3528],[-74.67817,-13.35066],[-74.672389,-13.351295],[-74.66243,-13.35508],[-74.65813,-13.35149],[-74.6468,-13.35133],[-74.63877,-13.34658],[-74.63283,-13.34478],[-74.64442,-13.33699],[-74.651298,-13.333573],[-74.653885,-13.335155],[-74.660094,-13.333011],[-74.667659,-13.32626],[-74.665633,-13.320147],[-74.670033,-13.317808],[-74.678055,-13.292141],[-74.681702,-13.29147],[-74.68627,-13.285964],[-74.67769,-13.281629],[-74.671928,-13.274922],[-74.663498,-13.271484],[-74.652389,-13.271189],[-74.644654,-13.274137],[-74.637566,-13.26359],[-74.632209,-13.260336],[-74.622191,-13.243982],[-74.612207,-13.236183],[-74.608211,-13.230292],[-74.600689,-13.227385],[-74.601645,-13.221824],[-74.595635,-13.212846],[-74.586982,-13.211303],[-74.584809,-13.20309],[-74.579422,-13.201344],[-74.580338,-13.194527],[-74.570981,-13.18467],[-74.563449,-13.18626],[-74.559529,-13.185125],[-74.551318,-13.190324],[-74.544473,-13.199394],[-74.538742,-13.196799],[-74.530717,-13.195518],[-74.528404,-13.191545],[-74.523109,-13.190215],[-74.517059,-13.196692],[-74.512417,-13.193778],[-74.506846,-13.193907],[-74.499341,-13.188284],[-74.494172,-13.186596],[-74.481986,-13.192521],[-74.475967,-13.191678],[-74.467949,-13.187719],[-74.458439,-13.190038],[-74.449279,-13.178635],[-74.432549,-13.16743],[-74.429795,-13.163484],[-74.420426,-13.159539],[-74.410309,-13.160275],[-74.402982,-13.166336],[-74.397752,-13.168719],[-74.39834,-13.16036],[-74.38979,-13.15308],[-74.39027,-13.14371],[-74.38803,-13.13718],[-74.38872,-13.12966],[-74.40172,-13.1226],[-74.41087,-13.1197],[-74.41151,-13.106],[-74.40956,-13.08157],[-74.41111,-13.07887],[-74.406593,-13.070705],[-74.40801,-13.06927],[-74.40088,-13.05441],[-74.38998,-13.04294],[-74.38924,-13.03444],[-74.38623,-13.02931],[-74.368037,-13.021172],[-74.35784,-13.0258],[-74.345876,-13.025845],[-74.337023,-13.032404],[-74.33133,-13.043205],[-74.316136,-13.053759],[-74.310349,-13.059606],[-74.298923,-13.063816],[-74.288719,-13.065949],[-74.284075,-13.072096],[-74.280137,-13.074185],[-74.273482,-13.070979],[-74.26989,-13.06441],[-74.27242,-13.05746],[-74.27197,-13.05341],[-74.27496,-13.0437],[-74.27116,-13.03829],[-74.27071,-13.02568],[-74.27403,-13.02066],[-74.27262,-13.01668],[-74.27777,-13.00881],[-74.279048,-13.002727],[-74.285755,-12.998154],[-74.292074,-12.987221],[-74.29348,-12.97516],[-74.29749,-12.967939],[-74.29921,-12.95861],[-74.298324,-12.94291],[-74.29548,-12.938738],[-74.296553,-12.935009],[-74.30358,-12.92973],[-74.30883,-12.92868],[-74.31504,-12.9313],[-74.32052,-12.9286],[-74.327673,-12.928391],[-74.33006,-12.91542],[-74.326304,-12.911718],[-74.325124,-12.904546],[-74.320267,-12.896376],[-74.31941,-12.88531],[-74.327767,-12.870048],[-74.327961,-12.865948],[-74.33249,-12.858],[-74.333253,-12.851746],[-74.32963,-12.83615],[-74.32273,-12.83265],[-74.31893,-12.83504],[-74.313326,-12.834941],[-74.305713,-12.827451],[-74.296998,-12.83142],[-74.2924,-12.82476],[-74.29486,-12.81854],[-74.294614,-12.812609],[-74.298396,-12.806551],[-74.29499,-12.79888],[-74.28833,-12.80252],[-74.285543,-12.799721],[-74.28637,-12.79307],[-74.28499,-12.78788],[-74.28796,-12.78116],[-74.28611,-12.77462],[-74.29328,-12.76645],[-74.28861,-12.76097],[-74.2892,-12.75801],[-74.29708,-12.74858],[-74.3027,-12.74633],[-74.30809,-12.73965],[-74.31236,-12.73735],[-74.31778,-12.73809],[-74.32523,-12.74485],[-74.33256,-12.74103],[-74.33134,-12.73733],[-74.34036,-12.73283],[-74.34145,-12.72558],[-74.34908,-12.71822],[-74.34877,-12.71243],[-74.33974,-12.68914],[-74.3331,-12.68863],[-74.32753,-12.68127],[-74.32857,-12.66098],[-74.33164,-12.65714],[-74.33178,-12.64502],[-74.33699,-12.64096],[-74.34082,-12.63446],[-74.34212,-12.6238],[-74.33844,-12.61714],[-74.32835,-12.61526],[-74.32423,-12.61139],[-74.32402,-12.6045],[-74.32975,-12.60542],[-74.33876,-12.60297],[-74.34712,-12.59876],[-74.36329,-12.59427],[-74.36688,-12.59005],[-74.36832,-12.58287],[-74.36719,-12.5751],[-74.37738,-12.57138],[-74.38353,-12.57083],[-74.38718,-12.56475],[-74.38378,-12.55883],[-74.38427,-12.54485],[-74.39358,-12.53402],[-74.39962,-12.52548],[-74.39717,-12.51763],[-74.39841,-12.50455],[-74.40321,-12.49669],[-74.41113,-12.49774],[-74.41512,-12.49066],[-74.41094,-12.47955],[-74.40355,-12.47516],[-74.40158,-12.46748],[-74.40597,-12.46149],[-74.40925,-12.45192],[-74.41755,-12.44925],[-74.42245,-12.44521],[-74.43287,-12.44751],[-74.44629,-12.448],[-74.45211,-12.44429],[-74.4591,-12.44575],[-74.47509,-12.44377],[-74.49637,-12.44626],[-74.50354,-12.44981],[-74.518,-12.44031],[-74.52205,-12.43613],[-74.51695,-12.42895],[-74.51754,-12.41844],[-74.52195,-12.40867],[-74.53101,-12.412],[-74.53447,-12.41039],[-74.53941,-12.39951],[-74.53912,-12.39315],[-74.54334,-12.38721],[-74.54818,-12.38402],[-74.54843,-12.37514],[-74.5531,-12.37248],[-74.56462,-12.36091],[-74.56716,-12.36225],[-74.57164,-12.37199],[-74.57511,-12.369909],[-74.574581,-12.357031],[-74.575638,-12.345981],[-74.581177,-12.332669],[-74.580094,-12.322986],[-74.574785,-12.319574],[-74.572225,-12.309783],[-74.566456,-12.304542],[-74.564344,-12.299627],[-74.559509,-12.296499],[-74.558047,-12.290811],[-74.552117,-12.28734],[-74.542772,-12.293655],[-74.535049,-12.295004],[-74.530259,-12.30048],[-74.52384,-12.304258],[-74.519264,-12.304277],[-74.513927,-12.312221],[-74.506287,-12.312184],[-74.502837,-12.302674],[-74.495956,-12.298589],[-74.497706,-12.293854],[-74.494829,-12.284783],[-74.485088,-12.277596],[-74.479887,-12.278468],[-74.4747,-12.272305],[-74.46977,-12.271558],[-74.461406,-12.273123],[-74.455945,-12.269844],[-74.444579,-12.271613],[-74.440073,-12.273607],[-74.435439,-12.284878],[-74.429315,-12.291085],[-74.422557,-12.292968],[-74.419859,-12.301291],[-74.41629,-12.30477],[-74.41029,-12.29795],[-74.40611,-12.28988],[-74.39673,-12.28302],[-74.39117,-12.27573],[-74.38542,-12.27277],[-74.38481,-12.26863],[-74.39176,-12.26199],[-74.39368,-12.25247],[-74.39035,-12.24925],[-74.38339,-12.23774],[-74.37607,-12.22919],[-74.37776,-12.22336],[-74.37715,-12.21459],[-74.38453,-12.19882],[-74.38886,-12.19267],[-74.38737,-12.18798],[-74.38034,-12.18227],[-74.37885,-12.17601],[-74.36825,-12.17743],[-74.3493,-12.16788],[-74.345946,-12.173737]]]},"properties":{"province":"Huancavelica"}},{"type":"Feature","geometry":{"type":"Polygon","coordinates":[[[-75.984963,-8.32215],[-75.994125,-8.319234],[-75.996346,-8.305633],[-76.006039,-8.304724],[-76.014736,-8.319446],[-76.019771,-8.320538],[-76.027887,-8.329066],[-76.03598,-8.32941],[-76.041646,-8.336174],[-76.041406,-8.340832],[-76.048617,-8.339693],[-76.053947,-8.330353],[-76.056348,-8.329291],[-76.070313,-8.33361],[-76.076338,-8.333012],[-76.084878,-8.327955],[-76.09286,-8.332193],[-76.103367,-8.335649],[-76.108811,-8.335827],[-76.116039,-8.348199],[-76.121878,-8.350506],[-76.128226,-8.360528],[-76.118924,-8.373062],[-76.113613,-8.374212],[-76.109166,-8.379613],[-76.113234,-8.384238],[-76.107902,-8.397738],[-76.110394,-8.404865],[-76.108598,-8.413963],[-76.10941,-8.417787],[-76.115051,-8.423701],[-76.11882,-8.430412],[-76.116932,-8.442178],[-76.125976,-8.451881],[-76.128646,-8.457102],[-76.127719,-8.464951],[-76.130441,-8.467211],[-76.130211,-8.480365],[-76.128129,-8.494725],[-76.1259,-8.499777],[-76.127068,-8.504322],[-76.126086,-8.516937],[-76.128279,-8.525217],[-76.131154,-8.527715],[-76.128418,-8.532416],[-76.126396,-8.545418],[-76.13198,-8.561602],[-76.134986,-8.566424],[-76.13468,-8.572557],[-76.130543,-8.579375],[-76.127217,-8.581682],[-76.122869,-8.593975],[-76.124508,-8.6045],[-76.120857,-8.610402],[-76.123293,-8.614545],[-76.120293,-8.619062],[-76.121732,-8.623992],[-76.119879,-8.635375],[-76.114752,-8.635019],[-76.107617,-8.640467],[-76.107508,-8.649859],[-76.11334,-8.653062],[-76.115926,-8.657574],[-76.122791,-8.653932],[-76.131256,-8.656787],[-76.130207,-8.663111],[-76.138301,-8.665416],[-76.139853,-8.669281],[-76.136531,-8.674053],[-76.142488,-8.681738],[-76.145424,-8.687869],[-76.144459,-8.691326],[-76.147377,-8.696789],[-76.147207,-8.706635],[-76.145266,-8.711436],[-76.148152,-8.717965],[-76.15324,-8.723178],[-76.153381,-8.727383],[-76.157098,-8.733271],[-76.16225,-8.731019],[-76.165021,-8.742477],[-76.163252,-8.744271],[-76.166439,-8.756414],[-76.174519,-8.759566],[-76.180119,-8.75784],[-76.190098,-8.760712],[-76.195517,-8.757052],[-76.198555,-8.758609],[-76.199137,-8.768068],[-76.202258,-8.773521],[-76.205932,-8.775125],[-76.213983,-8.774013],[-76.215523,-8.786633],[-76.230154,-8.796295],[-76.235861,-8.791756],[-76.232031,-8.782043],[-76.232639,-8.777199],[-76.240139,-8.770684],[-76.238371,-8.764111],[-76.23335,-8.76325],[-76.231706,-8.759151],[-76.241731,-8.755612],[-76.243875,-8.750594],[-76.236316,-8.751076],[-76.228684,-8.748084],[-76.23018,-8.742809],[-76.238168,-8.734896],[-76.241541,-8.72848],[-76.241389,-8.723939],[-76.244584,-8.717676],[-76.248719,-8.713666],[-76.256391,-8.710293],[-76.25773,-8.705881],[-76.254451,-8.700436],[-76.254357,-8.691275],[-76.25668,-8.688769],[-76.262932,-8.69109],[-76.268098,-8.686664],[-76.261197,-8.682086],[-76.250273,-8.687748],[-76.247086,-8.685861],[-76.248107,-8.678959],[-76.252779,-8.665312],[-76.25668,-8.660578],[-76.266683,-8.655047],[-76.268346,-8.64817],[-76.262807,-8.639906],[-76.264282,-8.634802],[-76.268757,-8.632805],[-76.26983,-8.628953],[-76.267355,-8.623012],[-76.262932,-8.619514],[-76.262125,-8.614904],[-76.273446,-8.605514],[-76.270945,-8.600422],[-76.272461,-8.595377],[-76.285271,-8.58659],[-76.284529,-8.583277],[-76.278465,-8.577461],[-76.280359,-8.573564],[-76.286099,-8.569116],[-76.289986,-8.569031],[-76.296679,-8.573774],[-76.302293,-8.57107],[-76.299748,-8.56283],[-76.305041,-8.552611],[-76.310492,-8.548734],[-76.313025,-8.543716],[-76.314896,-8.532334],[-76.324185,-8.524135],[-76.319432,-8.511021],[-76.311437,-8.505005],[-76.312639,-8.499715],[-76.322167,-8.493734],[-76.327427,-8.479908],[-76.323219,-8.473867],[-76.322199,-8.467559],[-76.328118,-8.461905],[-76.327727,-8.454421],[-76.332206,-8.446275],[-76.331644,-8.436432],[-76.333468,-8.429474],[-76.341261,-8.424476],[-76.350332,-8.42557],[-76.357044,-8.424411],[-76.362555,-8.414746],[-76.37127,-8.410924],[-76.375785,-8.422581],[-76.389625,-8.426332],[-76.393285,-8.428718],[-76.400428,-8.437468],[-76.405602,-8.44058],[-76.416801,-8.443437],[-76.42476,-8.453625],[-76.42627,-8.459642],[-76.431373,-8.466566],[-76.436172,-8.470109],[-76.435494,-8.473131],[-76.439526,-8.483709],[-76.443954,-8.488792],[-76.444345,-8.498212],[-76.449435,-8.511912],[-76.449594,-8.517533],[-76.456594,-8.525804],[-76.455467,-8.53544],[-76.458847,-8.545077],[-76.467861,-8.558429],[-76.466167,-8.569743],[-76.469803,-8.571326],[-76.48191,-8.572654],[-76.495309,-8.575761],[-76.495956,-8.568665],[-76.49909,-8.563941],[-76.493514,-8.551838],[-76.497408,-8.548018],[-76.505125,-8.535551],[-76.508057,-8.536107],[-76.516228,-8.532857],[-76.530387,-8.518504],[-76.542687,-8.509711],[-76.547807,-8.497641],[-76.56567,-8.50784],[-76.574264,-8.50673],[-76.584449,-8.510025],[-76.59274,-8.508344],[-76.601504,-8.512066],[-76.61449,-8.513234],[-76.624316,-8.511953],[-76.634592,-8.515627],[-76.641545,-8.522697],[-76.645951,-8.523664],[-76.653008,-8.520945],[-76.666969,-8.525867],[-76.668836,-8.522518],[-76.678435,-8.521066],[-76.679963,-8.527576],[-76.688781,-8.530977],[-76.697271,-8.532408],[-76.707289,-8.530181],[-76.712582,-8.527254],[-76.719434,-8.519116],[-76.729904,-8.514818],[-76.740989,-8.524647],[-76.748432,-8.520926],[-76.754594,-8.519645],[-76.76228,-8.524708],[-76.768424,-8.526809],[-76.773939,-8.522692],[-76.778592,-8.521642],[-76.784776,-8.524449],[-76.791368,-8.522359],[-76.796755,-8.510855],[-76.80445,-8.510573],[-76.818718,-8.517658],[-76.823036,-8.518558],[-76.831584,-8.516655],[-76.843492,-8.526726],[-76.842838,-8.532455],[-76.845962,-8.536429],[-76.847267,-8.546482],[-76.85219,-8.550681],[-76.861708,-8.552014],[-76.863373,-8.555441],[-76.86303,-8.564274],[-76.866454,-8.566233],[-76.870896,-8.564044],[-76.87489,-8.558201],[-76.881814,-8.558867],[-76.886573,-8.555274],[-76.890557,-8.556123],[-76.896281,-8.562772],[-76.897084,-8.568751],[-76.903836,-8.565806],[-76.916298,-8.57016],[-76.935972,-8.566967],[-76.936977,-8.562397],[-76.942378,-8.556844],[-76.940033,-8.552581],[-76.946546,-8.54907],[-76.948889,-8.545666],[-76.95537,-8.545591],[-76.959023,-8.552171],[-76.9643,-8.554294],[-76.967018,-8.559592],[-76.977301,-8.560599],[-76.987261,-8.55686],[-76.995783,-8.554952],[-77.00224,-8.546796],[-77.011218,-8.5397],[-77.019336,-8.540228],[-77.024381,-8.543033],[-77.030705,-8.540821],[-77.034978,-8.544748],[-77.037371,-8.55334],[-77.049801,-8.553715],[-77.056585,-8.548825],[-77.060621,-8.542761],[-77.060647,-8.538546],[-77.075662,-8.534205],[-77.07588,-8.526651],[-77.084332,-8.525618],[-77.091651,-8.516981],[-77.089672,-8.512297],[-77.085029,-8.508004],[-77.085209,-8.502648],[-77.080551,-8.498328],[-77.080833,-8.48818],[-77.088879,-8.482822],[-77.100902,-8.488234],[-77.103297,-8.483332],[-77.108727,-8.479834],[-77.117713,-8.478977],[-77.120228,-8.482714],[-77.125156,-8.483789],[-77.139928,-8.480455],[-77.142565,-8.475826],[-77.137051,-8.464776],[-77.133502,-8.462388],[-77.131051,-8.454276],[-77.131027,-8.444877],[-77.133844,-8.440021],[-77.135405,-8.443879],[-77.146738,-8.454508],[-77.158068,-8.46123],[-77.162734,-8.466123],[-77.174801,-8.471228],[-77.186254,-8.480246],[-77.193605,-8.479875],[-77.204213,-8.485691],[-77.214518,-8.482937],[-77.220441,-8.479754],[-77.230461,-8.477914],[-77.2341,-8.478539],[-77.246754,-8.473133],[-77.2549,-8.471703],[-77.264078,-8.467531],[-77.265783,-8.471674],[-77.271512,-8.475947],[-77.272904,-8.482348],[-77.276049,-8.486486],[-77.277098,-8.495736],[-77.282783,-8.505889],[-77.287695,-8.508959],[-77.290019,-8.513709],[-77.299676,-8.520557],[-77.309361,-8.521547],[-77.317486,-8.530152],[-77.313432,-8.529879],[-77.310518,-8.535648],[-77.315031,-8.543121],[-77.31132,-8.554635],[-77.305008,-8.565437],[-77.296713,-8.57002],[-77.297154,-8.578396],[-77.294828,-8.583469],[-77.289027,-8.589305],[-77.288299,-8.597336],[-77.291307,-8.606381],[-77.290473,-8.61501],[-77.292941,-8.619066],[-77.29485,-8.632934],[-77.29317,-8.637883],[-77.285117,-8.644348],[-77.269264,-8.644533],[-77.260596,-8.648521],[-77.258568,-8.656461],[-77.261629,-8.664467],[-77.258025,-8.674109],[-77.254434,-8.677344],[-77.251717,-8.683391],[-77.250471,-8.692478],[-77.251357,-8.697496],[-77.246295,-8.702348],[-77.24774,-8.709777],[-77.246393,-8.718746],[-77.249195,-8.72058],[-77.248168,-8.727309],[-77.232437,-8.740752],[-77.22749,-8.742826],[-77.224129,-8.756734],[-77.224168,-8.765459],[-77.221969,-8.773146],[-77.217127,-8.776898],[-77.206047,-8.782342],[-77.200133,-8.793588],[-77.199072,-8.803637],[-77.195734,-8.814992],[-77.184967,-8.8279],[-77.178553,-8.830689],[-77.17417,-8.836272],[-77.17732,-8.839592],[-77.177119,-8.847219],[-77.171264,-8.853457],[-77.169969,-8.857519],[-77.173068,-8.8624],[-77.170644,-8.872769],[-77.172504,-8.876617],[-77.164883,-8.881244],[-77.164836,-8.889098],[-77.159318,-8.897414],[-77.15516,-8.900379],[-77.147865,-8.895512],[-77.138096,-8.908268],[-77.138977,-8.911426],[-77.131633,-8.915625],[-77.129633,-8.919875],[-77.133461,-8.924135],[-77.130535,-8.931814],[-77.123914,-8.934967],[-77.123506,-8.944832],[-77.11742,-8.944973],[-77.110504,-8.949355],[-77.106068,-8.948914],[-77.10292,-8.954521],[-77.10249,-8.960467],[-77.107361,-8.963631],[-77.109797,-8.970205],[-77.098133,-8.974828],[-77.093156,-8.97173],[-77.08585,-8.977928],[-77.073842,-8.984404],[-77.071361,-8.98798],[-77.061422,-8.992377],[-77.054506,-8.992227],[-77.037187,-8.999289],[-77.033158,-9.004057],[-77.034123,-9.011967],[-77.0269,-9.018551],[-77.022086,-9.019824],[-77.016775,-9.026621],[-77.002787,-9.032619],[-77.000477,-9.041082],[-76.995586,-9.046885],[-76.987289,-9.050881],[-76.981049,-9.057541],[-76.980102,-9.062918],[-76.973945,-9.063353],[-76.970398,-9.060697],[-76.965441,-9.061061],[-76.961975,-9.067447],[-76.957,-9.065953],[-76.950654,-9.067885],[-76.944965,-9.074416],[-76.938646,-9.073768],[-76.929371,-9.070662],[-76.922459,-9.074566],[-76.915695,-9.076459],[-76.905887,-9.088596],[-76.897961,-9.095492],[-76.897189,-9.098436],[-76.888855,-9.101318],[-76.882344,-9.106189],[-76.867814,-9.114434],[-76.858312,-9.115527],[-76.850437,-9.114623],[-76.841371,-9.119297],[-76.836643,-9.119078],[-76.832109,-9.122477],[-76.823037,-9.123547],[-76.816887,-9.129643],[-76.797203,-9.132443],[-76.78858,-9.136238],[-76.788775,-9.141037],[-76.784961,-9.144814],[-76.7701,-9.154641],[-76.767394,-9.158156],[-76.76767,-9.164801],[-76.76574,-9.170301],[-76.758941,-9.179537],[-76.751435,-9.185891],[-76.741426,-9.196025],[-76.733734,-9.208967],[-76.734078,-9.215375],[-76.727707,-9.232973],[-76.730137,-9.247539],[-76.725744,-9.256635],[-76.739564,-9.274006],[-76.739445,-9.284855],[-76.744644,-9.297131],[-76.742541,-9.30023],[-76.743764,-9.305932],[-76.739,-9.317086],[-76.740334,-9.330803],[-76.745797,-9.335826],[-76.75082,-9.348654],[-76.757488,-9.362197],[-76.764135,-9.366998],[-76.769791,-9.362711],[-76.773857,-9.353328],[-76.779336,-9.34543],[-76.788541,-9.339658],[-76.79384,-9.332928],[-76.804568,-9.331629],[-76.814375,-9.326008],[-76.815041,-9.316273],[-76.822592,-9.30416],[-76.829455,-9.290613],[-76.832471,-9.281467],[-76.833965,-9.266008],[-76.842295,-9.261734],[-76.846707,-9.264213],[-76.847943,-9.272184],[-76.85343,-9.279051],[-76.852514,-9.283521],[-76.856352,-9.29007],[-76.862582,-9.289613],[-76.868727,-9.29275],[-76.870098,-9.300914],[-76.866199,-9.30533],[-76.870264,-9.314428],[-76.878408,-9.318557],[-76.881832,-9.326682],[-76.892916,-9.331961],[-76.897002,-9.345826],[-76.899189,-9.34848],[-76.900105,-9.357144],[-76.909586,-9.368549],[-76.9179,-9.369508],[-76.922959,-9.379098],[-76.924133,-9.391531],[-76.930652,-9.393141],[-76.935236,-9.398549],[-76.936291,-9.408977],[-76.929244,-9.426135],[-76.930672,-9.434461],[-76.940416,-9.448582],[-76.948666,-9.453139],[-76.948084,-9.45608],[-76.952334,-9.469697],[-76.947678,-9.478975],[-76.938619,-9.491699],[-76.938107,-9.503885],[-76.940189,-9.507521],[-76.938234,-9.515049],[-76.93801,-9.526578],[-76.945191,-9.535844],[-76.949084,-9.537004],[-76.955096,-9.542689],[-76.952908,-9.548521],[-76.955111,-9.560299],[-76.959826,-9.559684],[-76.981516,-9.565424],[-76.982968,-9.576972],[-76.990209,-9.579365],[-76.98824,-9.591748],[-76.995271,-9.603443],[-77.012666,-9.609978],[-77.016281,-9.614318],[-77.023674,-9.610658],[-77.029185,-9.614236],[-77.031797,-9.619643],[-77.038516,-9.622984],[-77.045678,-9.629152],[-77.047164,-9.635865],[-77.044639,-9.63985],[-77.04531,-9.645533],[-77.048488,-9.647461],[-77.047307,-9.653937],[-77.041353,-9.658859],[-77.041082,-9.666926],[-77.030875,-9.684818],[-77.028154,-9.694389],[-77.022273,-9.702248],[-77.023842,-9.704326],[-77.020611,-9.711314],[-77.010232,-9.717277],[-77.002371,-9.725404],[-76.995178,-9.736572],[-76.986746,-9.743127],[-76.986506,-9.749105],[-76.982393,-9.754199],[-76.974277,-9.760236],[-76.969781,-9.758344],[-76.973494,-9.748039],[-76.976283,-9.747861],[-76.980295,-9.740285],[-76.981043,-9.724568],[-76.970394,-9.711488],[-76.961613,-9.713457],[-76.954144,-9.710357],[-76.951742,-9.704783],[-76.945709,-9.703094],[-76.941365,-9.705912],[-76.937725,-9.716431],[-76.93466,-9.719988],[-76.934574,-9.72892],[-76.928117,-9.734607],[-76.925332,-9.740084],[-76.917353,-9.743662],[-76.911265,-9.758992],[-76.911912,-9.763666],[-76.903732,-9.765303],[-76.901383,-9.770496],[-76.903109,-9.775676],[-76.903078,-9.785148],[-76.900574,-9.799832],[-76.895211,-9.815602],[-76.891385,-9.821131],[-76.884057,-9.828074],[-76.880797,-9.833029],[-76.875291,-9.848019],[-76.872252,-9.850969],[-76.871318,-9.857693],[-76.872982,-9.863766],[-76.869283,-9.870014],[-76.862105,-9.875451],[-76.859207,-9.882943],[-76.859021,-9.888592],[-76.850752,-9.894557],[-76.845732,-9.910213],[-76.841935,-9.911725],[-76.840373,-9.917728],[-76.84375,-9.923922],[-76.838937,-9.934555],[-76.82898,-9.938422],[-76.825189,-9.945326],[-76.818033,-9.952285],[-76.813676,-9.961572],[-76.81406,-9.967353],[-76.817129,-9.972285],[-76.817719,-9.978527],[-76.825615,-9.989293],[-76.823266,-9.995623],[-76.825027,-10.009232],[-76.821557,-10.019367],[-76.815213,-10.022539],[-76.811297,-10.04399],[-76.812006,-10.050896],[-76.809035,-10.054105],[-76.813031,-10.058937],[-76.810459,-10.070709],[-76.810867,-10.076471],[-76.807736,-10.081008],[-76.808422,-10.084846],[-76.822033,-10.083807],[-76.838025,-10.085115],[-76.846039,-10.08874],[-76.8485,-10.097932],[-76.85358,-10.101779],[-76.856641,-10.098518],[-76.864135,-10.094769],[-76.872684,-10.094887],[-76.875025,-10.104021],[-76.879887,-10.116553],[-76.885807,-10.113377],[-76.901943,-10.113342],[-76.910633,-10.116213],[-76.915465,-10.119914],[-76.913564,-10.131398],[-76.915041,-10.133771],[-76.910689,-10.159953],[-76.912613,-10.163291],[-76.908535,-10.176783],[-76.910617,-10.178832],[-76.913918,-10.189941],[-76.909437,-10.199018],[-76.912275,-10.210744],[-76.916217,-10.217521],[-76.916004,-10.225268],[-76.913449,-10.230449],[-76.904935,-10.237414],[-76.902801,-10.25207],[-76.906693,-10.256996],[-76.905029,-10.268957],[-76.906246,-10.274186],[-76.900795,-10.28532],[-76.895576,-10.28732],[-76.891023,-10.294744],[-76.894508,-10.304328],[-76.892734,-10.306217],[-76.881367,-10.308508],[-76.877367,-10.314857],[-76.873018,-10.325789],[-76.872264,-10.334779],[-76.869172,-10.338137],[-76.875492,-10.342773],[-76.873738,-10.349174],[-76.86906,-10.354463],[-76.863002,-10.366186],[-76.865852,-10.374844],[-76.856394,-10.377266],[-76.853461,-10.374189],[-76.844494,-10.370057],[-76.841896,-10.363943],[-76.835101,-10.386826],[-76.831672,-10.393074],[-76.828785,-10.390867],[-76.822709,-10.392965],[-76.808334,-10.392965],[-76.804746,-10.394992],[-76.807,-10.402158],[-76.804014,-10.412391],[-76.799131,-10.422008],[-76.802922,-10.430969],[-76.799853,-10.439558],[-76.788148,-10.438121],[-76.786301,-10.442672],[-76.778193,-10.450363],[-76.777455,-10.454221],[-76.772627,-10.458863],[-76.770041,-10.464799],[-76.753199,-10.465486],[-76.748205,-10.468996],[-76.742639,-10.466803],[-76.736965,-10.468818],[-76.734691,-10.473137],[-76.73051,-10.474297],[-76.729151,-10.479066],[-76.725334,-10.477669],[-76.720314,-10.467322],[-76.71483,-10.462066],[-76.702175,-10.461542],[-76.697505,-10.455705],[-76.699013,-10.449717],[-76.69682,-10.442486],[-76.684131,-10.440855],[-76.67679,-10.437623],[-76.671824,-10.440014],[-76.663248,-10.437629],[-76.664138,-10.431494],[-76.658825,-10.4213],[-76.652664,-10.420168],[-76.647197,-10.415139],[-76.627344,-10.414621],[-76.620394,-10.415248],[-76.606321,-10.403977],[-76.593359,-10.401494],[-76.594295,-10.394648],[-76.59338,-10.38724],[-76.589587,-10.384592],[-76.583912,-10.384367],[-76.579847,-10.376394],[-76.575099,-10.375801],[-76.570574,-10.382144],[-76.557865,-10.393334],[-76.55188,-10.384644],[-76.541804,-10.387193],[-76.533733,-10.387556],[-76.528091,-10.384811],[-76.524193,-10.377357],[-76.516834,-10.381603],[-76.509841,-10.3821],[-76.500685,-10.379348],[-76.490941,-10.378896],[-76.491916,-10.37034],[-76.486468,-10.366661],[-76.484554,-10.358971],[-76.48632,-10.351859],[-76.480687,-10.347139],[-76.475991,-10.347317],[-76.476197,-10.342044],[-76.472804,-10.337768],[-76.483648,-10.32635],[-76.486214,-10.319225],[-76.492315,-10.313079],[-76.489234,-10.310775],[-76.483102,-10.312515],[-76.472551,-10.309908],[-76.459152,-10.31643],[-76.451342,-10.31555],[-76.44394,-10.32053],[-76.434,-10.31853],[-76.42294,-10.31868],[-76.41384,-10.31273],[-76.40516,-10.30876],[-76.40235,-10.30919],[-76.3923,-10.29778],[-76.38722,-10.28929],[-76.37969,-10.29267],[-76.37025,-10.29507],[-76.36466,-10.29941],[-76.35304,-10.29658],[-76.34833,-10.29294],[-76.34428,-10.28688],[-76.33579,-10.28632],[-76.33036,-10.30008],[-76.32576,-10.30553],[-76.33068,-10.31612],[-76.32197,-10.32539],[-76.31685,-10.34099],[-76.31924,-10.35036],[-76.32282,-10.35483],[-76.32341,-10.35958],[-76.31967,-10.36311],[-76.31974,-10.37178],[-76.31262,-10.38346],[-76.31272,-10.38763],[-76.30832,-10.39979],[-76.30931,-10.40562],[-76.30293,-10.412396],[-76.297631,-10.410049],[-76.286805,-10.416801],[-76.277569,-10.404826],[-76.275084,-10.403055],[-76.27833,-10.396225],[-76.272766,-10.389143],[-76.274494,-10.383408],[-76.271121,-10.371096],[-76.266483,-10.369199],[-76.25748,-10.37387],[-76.24058,-10.38651],[-76.23215,-10.38876],[-76.231,-10.3932],[-76.22633,-10.39693],[-76.227355,-10.386963],[-76.230889,-10.371791],[-76.223039,-10.374883],[-76.21399,-10.376746],[-76.202818,-10.377584],[-76.20674,-10.38486],[-76.206113,-10.389189],[-76.200402,-10.388611],[-76.195055,-10.392719],[-76.185397,-10.395463],[-76.179949,-10.406068],[-76.171949,-10.411547],[-76.164332,-10.414027],[-76.159883,-10.413172],[-76.151967,-10.408252],[-76.145175,-10.408116],[-76.140414,-10.410646],[-76.139857,-10.415311],[-76.133523,-10.418562],[-76.130486,-10.42973],[-76.118805,-10.426373],[-76.108295,-10.430514],[-76.104187,-10.435547],[-76.097102,-10.433869],[-76.094637,-10.429418],[-76.090278,-10.429339],[-76.086477,-10.4336],[-76.078829,-10.434014],[-76.074723,-10.439512],[-76.078283,-10.451988],[-76.072504,-10.452418],[-76.068967,-10.456789],[-76.063133,-10.459762],[-76.057641,-10.465152],[-76.050694,-10.464191],[-76.048875,-10.458061],[-76.040752,-10.454863],[-76.031449,-10.456299],[-76.028115,-10.4671],[-76.024324,-10.466935],[-76.022437,-10.461498],[-76.010691,-10.455401],[-76.007357,-10.471681],[-76.007303,-10.477405],[-76.004486,-10.479002],[-76.002791,-10.488891],[-75.986308,-10.484039],[-75.983564,-10.480484],[-75.97581,-10.479336],[-75.972799,-10.472576],[-75.968455,-10.470737],[-75.95848,-10.45696],[-75.9579,-10.4533],[-75.94675,-10.43365],[-75.93165,-10.41839],[-75.9286,-10.40979],[-75.92515,-10.40676],[-75.926,-10.39872],[-75.93111,-10.39],[-75.93454,-10.37498],[-75.93022,-10.36558],[-75.9263,-10.36346],[-75.92441,-10.35603],[-75.91498,-10.34922],[-75.90904,-10.34279],[-75.90366,-10.33423],[-75.89196,-10.32329],[-75.88649,-10.32092],[-75.87876,-10.3136],[-75.87068,-10.31095],[-75.8564,-10.30171],[-75.84895,-10.29075],[-75.84883,-10.28537],[-75.84414,-10.27586],[-75.84401,-10.26619],[-75.84013,-10.25827],[-75.83034,-10.25271],[-75.82626,-10.24788],[-75.82136,-10.24854],[-75.81271,-10.24409],[-75.80627,-10.24773],[-75.79528,-10.25086],[-75.7856,-10.25237],[-75.772529,-10.24682],[-75.759529,-10.23768],[-75.751359,-10.24001],[-75.7376,-10.232721],[-75.73258,-10.234191],[-75.7215,-10.2274],[-75.713039,-10.21708],[-75.70943,-10.21507],[-75.703969,-10.206691],[-75.70076,-10.19632],[-75.701719,-10.188691],[-75.701096,-10.178484],[-75.699252,-10.171732],[-75.705736,-10.159092],[-75.702939,-10.154303],[-75.702375,-10.147223],[-75.703892,-10.143178],[-75.700799,-10.134582],[-75.701066,-10.129644],[-75.696725,-10.123191],[-75.692322,-10.122744],[-75.689615,-10.116707],[-75.693035,-10.109271],[-75.693244,-10.104006],[-75.690062,-10.098949],[-75.689912,-10.091307],[-75.686283,-10.091545],[-75.683697,-10.084435],[-75.681078,-10.07233],[-75.68209,-10.068017],[-75.677658,-10.063764],[-75.676945,-10.056209],[-75.6729,-10.048059],[-75.664154,-10.046869],[-75.648391,-10.031016],[-75.646756,-10.027744],[-75.640271,-10.026406],[-75.629414,-10.026971],[-75.614723,-10.026406],[-75.608535,-10.023521],[-75.603112,-10.025475],[-75.599756,-10.020645],[-75.595295,-10.010173],[-75.597559,-9.995945],[-75.595193,-9.991112],[-75.594883,-9.984672],[-75.597537,-9.972318],[-75.594976,-9.966037],[-75.597966,-9.958111],[-75.596433,-9.953708],[-75.580542,-9.959416],[-75.576297,-9.958952],[-75.560382,-9.964136],[-75.56074,-9.970113],[-75.548379,-9.984415],[-75.537102,-9.979959],[-75.518946,-9.981662],[-75.509729,-9.978488],[-75.484522,-9.982049],[-75.479459,-9.985242],[-75.474552,-9.992175],[-75.4671,-9.988369],[-75.4681,-9.981169],[-75.464367,-9.965969],[-75.45907,-9.957585],[-75.453696,-9.955768],[-75.450803,-9.943758],[-75.441741,-9.936258],[-75.422916,-9.943566],[-75.414436,-9.937853],[-75.412121,-9.932849],[-75.404784,-9.930212],[-75.404262,-9.926031],[-75.395655,-9.91396],[-75.396623,-9.908956],[-75.403942,-9.90406],[-75.408964,-9.902826],[-75.411182,-9.888426],[-75.399596,-9.878456],[-75.389571,-9.874289],[-75.369356,-9.870833],[-75.359768,-9.871802],[-75.347395,-9.874576],[-75.338681,-9.874005],[-75.325208,-9.876909],[-75.317154,-9.876112],[-75.306092,-9.87187],[-75.302641,-9.873241],[-75.296421,-9.87061],[-75.288224,-9.8707],[-75.282711,-9.86098],[-75.277,-9.855919],[-75.275822,-9.849764],[-75.278987,-9.843581],[-75.279219,-9.83824],[-75.282617,-9.830489],[-75.292635,-9.816171],[-75.294137,-9.806413],[-75.29761,-9.794262],[-75.30307,-9.783622],[-75.309911,-9.776105],[-75.298789,-9.777736],[-75.288627,-9.77576],[-75.27978,-9.779185],[-75.263172,-9.780178],[-75.256877,-9.778581],[-75.240751,-9.785835],[-75.226837,-9.795319],[-75.215531,-9.804062],[-75.202606,-9.815369],[-75.182225,-9.827648],[-75.160125,-9.839975],[-75.147705,-9.840521],[-75.143035,-9.838607],[-75.135185,-9.838611],[-75.123023,-9.840752],[-75.115021,-9.844879],[-75.108398,-9.846254],[-75.094468,-9.844478],[-75.080135,-9.839195],[-75.073488,-9.831256],[-75.066024,-9.827803],[-75.065451,-9.824705],[-75.059881,-9.819693],[-75.052686,-9.82303],[-75.04326,-9.822853],[-75.035211,-9.830795],[-75.021735,-9.83094],[-75.018391,-9.835824],[-75.013093,-9.838104],[-75.002863,-9.837246],[-74.998869,-9.840058],[-74.993616,-9.839797],[-74.985553,-9.864064],[-74.951624,-9.859909],[-74.903392,-9.838888],[-74.885867,-9.820041],[-74.879078,-9.820465],[-74.874653,-9.824223],[-74.862003,-9.839342],[-74.862779,-9.842275],[-74.8526,-9.848357],[-74.841774,-9.849176],[-74.835003,-9.847106],[-74.833019,-9.837186],[-74.830399,-9.833808],[-74.835259,-9.828865],[-74.836239,-9.820048],[-74.830506,-9.821572],[-74.823794,-9.815912],[-74.82672,-9.80974],[-74.823032,-9.800492],[-74.8156,-9.795428],[-74.821366,-9.78492],[-74.831785,-9.783122],[-74.842523,-9.787459],[-74.846225,-9.785291],[-74.84358,-9.772649],[-74.839243,-9.763922],[-74.844744,-9.75382],[-74.843799,-9.749148],[-74.831635,-9.745631],[-74.816844,-9.736434],[-74.821271,-9.730661],[-74.823081,-9.725297],[-74.823002,-9.715198],[-74.828768,-9.703963],[-74.823926,-9.700293],[-74.81865,-9.693575],[-74.817905,-9.688816],[-74.821118,-9.684226],[-74.821883,-9.677188],[-74.818058,-9.671068],[-74.810714,-9.67474],[-74.797551,-9.665644],[-74.789772,-9.6664],[-74.786595,-9.664509],[-74.781647,-9.652962],[-74.771956,-9.642239],[-74.765787,-9.638309],[-74.763734,-9.626641],[-74.765704,-9.621877],[-74.772486,-9.612379],[-74.768464,-9.607385],[-74.763013,-9.604463],[-74.755739,-9.606545],[-74.756496,-9.59855],[-74.753903,-9.5952],[-74.755849,-9.584049],[-74.747276,-9.578691],[-74.740553,-9.578691],[-74.73517,-9.572707],[-74.737586,-9.569146],[-74.740066,-9.55979],[-74.744461,-9.553129],[-74.748055,-9.542912],[-74.746422,-9.538352],[-74.749285,-9.532908],[-74.750523,-9.524607],[-74.747303,-9.519487],[-74.741937,-9.51734],[-74.739791,-9.497257],[-74.735223,-9.492474],[-74.73081,-9.481817],[-74.728821,-9.472412],[-74.719898,-9.465479],[-74.716774,-9.459085],[-74.698013,-9.451311],[-74.694777,-9.447674],[-74.689392,-9.445704],[-74.678721,-9.448056],[-74.675961,-9.446914],[-74.67908,-9.442597],[-74.689071,-9.434896],[-74.697668,-9.435642],[-74.701505,-9.428926],[-74.704743,-9.427247],[-74.707022,-9.421251],[-74.704962,-9.416712],[-74.696352,-9.417942],[-74.692508,-9.410792],[-74.683283,-9.407179],[-74.678133,-9.400107],[-74.672751,-9.388883],[-74.663933,-9.387149],[-74.657834,-9.382013],[-74.658411,-9.375153],[-74.656317,-9.370202],[-74.648891,-9.366489],[-74.642512,-9.366394],[-74.636228,-9.369441],[-74.630325,-9.366965],[-74.626612,-9.363062],[-74.625375,-9.350209],[-74.620519,-9.34602],[-74.612082,-9.333973],[-74.607095,-9.321504],[-74.600526,-9.313459],[-74.593935,-9.309468],[-74.589439,-9.303176],[-74.58715,-9.295576],[-74.591209,-9.291094],[-74.591453,-9.282412],[-74.589264,-9.271773],[-74.589904,-9.267172],[-74.60231,-9.250678],[-74.607934,-9.247293],[-74.610893,-9.241027],[-74.615295,-9.237984],[-74.616631,-9.230334],[-74.624467,-9.215562],[-74.626969,-9.197051],[-74.63609,-9.172962],[-74.639564,-9.159682],[-74.640977,-9.141801],[-74.639137,-9.129834],[-74.636539,-9.125511],[-74.640709,-9.118564],[-74.654801,-9.113836],[-74.671865,-9.110542],[-74.675457,-9.1071],[-74.678094,-9.094039],[-74.671316,-9.083297],[-74.664883,-9.079591],[-74.657058,-9.068599],[-74.654307,-9.055546],[-74.651366,-9.048768],[-74.656737,-9.043909],[-74.664056,-9.033923],[-74.669164,-9.020257],[-74.66171,-9.00383],[-74.65108,-8.999826],[-74.647875,-8.995768],[-74.647802,-8.989572],[-74.65274,-8.979582],[-74.649453,-8.963312],[-74.647293,-8.938082],[-74.644311,-8.918783],[-74.636383,-8.912252],[-74.624215,-8.888727],[-74.623107,-8.880648],[-74.621414,-8.84557],[-74.618309,-8.832027],[-74.616295,-8.827945],[-74.60892,-8.820228],[-74.58809,-8.812646],[-74.576999,-8.800688],[-74.572875,-8.792646],[-74.55022,-8.78263],[-74.54201,-8.780414],[-74.532178,-8.776133],[-74.531585,-8.770233],[-74.525351,-8.749316],[-74.52779,-8.710973],[-74.536123,-8.629865],[-74.541385,-8.608579],[-74.543753,-8.593698],[-74.547135,-8.584567],[-74.556942,-8.573069],[-74.577571,-8.553792],[-74.589746,-8.548719],[-74.617816,-8.548719],[-74.630329,-8.55041],[-74.644194,-8.55413],[-74.664148,-8.561909],[-74.682754,-8.575957],[-74.6925,-8.581178],[-74.797527,-8.631712],[-74.846683,-8.661235],[-74.846819,-8.670392],[-74.841912,-8.676383],[-74.841551,-8.682271],[-74.847077,-8.688934],[-74.848693,-8.702799],[-74.846505,-8.713512],[-74.849392,-8.720008],[-74.850714,-8.730011],[-74.850558,-8.756891],[-74.852911,-8.764385],[-74.865339,-8.780945],[-74.895744,-8.804764],[-74.906326,-8.816291],[-74.911313,-8.823281],[-74.940712,-8.857893],[-74.954472,-8.863568],[-74.956422,-8.866117],[-74.965746,-8.869409],[-74.978981,-8.871653],[-74.988756,-8.871504],[-75.000947,-8.869301],[-75.005002,-8.869731],[-75.006734,-8.864996],[-75.014168,-8.860738],[-75.022171,-8.858519],[-75.031901,-8.867297],[-75.043472,-8.867464],[-75.049915,-8.870591],[-75.05369,-8.87561],[-75.06737,-8.881411],[-75.06927,-8.875515],[-75.073557,-8.873118],[-75.08795,-8.876181],[-75.094882,-8.876428],[-75.108792,-8.882553],[-75.121226,-8.879965],[-75.122986,-8.882478],[-75.119847,-8.893328],[-75.120077,-8.904337],[-75.109886,-8.923555],[-75.110221,-8.92928],[-75.11883,-8.932523],[-75.120405,-8.936453],[-75.128165,-8.935758],[-75.133464,-8.941678],[-75.134622,-8.947506],[-75.132597,-8.951769],[-75.120637,-8.959742],[-75.121131,-8.972022],[-75.119609,-8.981115],[-75.121213,-8.985292],[-75.126748,-8.987524],[-75.130251,-8.985931],[-75.140094,-8.994334],[-75.139215,-8.999503],[-75.145656,-8.997606],[-75.149541,-9.000292],[-75.154416,-8.999184],[-75.154666,-9.004272],[-75.159887,-9.009087],[-75.174527,-9.012525],[-75.175709,-9.024735],[-75.165635,-9.028322],[-75.162401,-9.033953],[-75.166668,-9.035048],[-75.170348,-9.041334],[-75.176379,-9.041551],[-75.180655,-9.047368],[-75.185481,-9.048858],[-75.194886,-9.057188],[-75.194962,-9.063256],[-75.201215,-9.063838],[-75.196069,-9.069544],[-75.196073,-9.075905],[-75.204902,-9.080287],[-75.206459,-9.101342],[-75.213374,-9.101777],[-75.22007,-9.104625],[-75.230442,-9.103375],[-75.235795,-9.099789],[-75.240576,-9.100152],[-75.240654,-9.106586],[-75.235213,-9.110464],[-75.232645,-9.120482],[-75.233901,-9.128817],[-75.22905,-9.136497],[-75.230672,-9.141248],[-75.228754,-9.147704],[-75.220305,-9.151271],[-75.216481,-9.155075],[-75.214793,-9.161145],[-75.215532,-9.166555],[-75.212443,-9.170066],[-75.212816,-9.177158],[-75.219144,-9.178251],[-75.222609,-9.19002],[-75.231218,-9.200254],[-75.232997,-9.209315],[-75.243602,-9.222249],[-75.256686,-9.232476],[-75.266694,-9.232176],[-75.27192,-9.233415],[-75.271851,-9.239776],[-75.26891,-9.243726],[-75.268106,-9.250015],[-75.272489,-9.262205],[-75.271885,-9.266322],[-75.279698,-9.276942],[-75.28577,-9.278277],[-75.288376,-9.28287],[-75.292616,-9.283441],[-75.300138,-9.289944],[-75.303897,-9.290706],[-75.304288,-9.297024],[-75.309301,-9.299987],[-75.315373,-9.300652],[-75.319029,-9.29366],[-75.334057,-9.288765],[-75.336467,-9.289815],[-75.348429,-9.302918],[-75.357816,-9.307816],[-75.364574,-9.305856],[-75.372154,-9.31023],[-75.377281,-9.307653],[-75.383225,-9.307265],[-75.392327,-9.300398],[-75.396114,-9.299632],[-75.402253,-9.301958],[-75.406853,-9.300477],[-75.409582,-9.296569],[-75.418494,-9.292606],[-75.428087,-9.296357],[-75.436092,-9.295252],[-75.43969,-9.2972],[-75.451968,-9.296344],[-75.456184,-9.319422],[-75.456255,-9.325],[-75.464363,-9.335445],[-75.466744,-9.341014],[-75.481406,-9.359672],[-75.487793,-9.37265],[-75.492602,-9.376381],[-75.509668,-9.383148],[-75.517959,-9.382168],[-75.525964,-9.386515],[-75.533284,-9.388539],[-75.538267,-9.393375],[-75.550563,-9.396263],[-75.562473,-9.401185],[-75.582202,-9.4028],[-75.584548,-9.405508],[-75.59177,-9.40695],[-75.600659,-9.413813],[-75.607575,-9.407116],[-75.611378,-9.406141],[-75.612363,-9.411855],[-75.61666,-9.414076],[-75.63002,-9.410855],[-75.636268,-9.413363],[-75.643486,-9.412769],[-75.662521,-9.418062],[-75.670451,-9.417936],[-75.6685,-9.410067],[-75.671304,-9.402021],[-75.671128,-9.385869],[-75.678348,-9.381332],[-75.680722,-9.375369],[-75.685627,-9.36976],[-75.693645,-9.366945],[-75.69501,-9.362922],[-75.692682,-9.355461],[-75.688623,-9.349366],[-75.69855,-9.343819],[-75.698328,-9.341307],[-75.705691,-9.336267],[-75.706614,-9.328225],[-75.710932,-9.318668],[-75.710778,-9.314003],[-75.716041,-9.307962],[-75.71531,-9.304015],[-75.717973,-9.298553],[-75.71644,-9.29066],[-75.717078,-9.284556],[-75.720242,-9.277228],[-75.73035,-9.272613],[-75.730413,-9.267946],[-75.740189,-9.263834],[-75.742926,-9.259856],[-75.743488,-9.252174],[-75.749758,-9.244264],[-75.754813,-9.242602],[-75.764122,-9.236839],[-75.759198,-9.23204],[-75.76379,-9.217098],[-75.770806,-9.220314],[-75.77593,-9.217431],[-75.78429,-9.208009],[-75.789492,-9.207997],[-75.795695,-9.203317],[-75.796751,-9.190824],[-75.795809,-9.181952],[-75.799032,-9.177721],[-75.800947,-9.170281],[-75.799628,-9.161731],[-75.802452,-9.151776],[-75.804588,-9.148944],[-75.806636,-9.138717],[-75.809993,-9.132392],[-75.821518,-9.118008],[-75.821599,-9.111308],[-75.819569,-9.107867],[-75.82013,-9.100591],[-75.825017,-9.090051],[-75.830863,-9.089711],[-75.837874,-9.084893],[-75.840825,-9.073942],[-75.83857,-9.07043],[-75.837876,-9.061944],[-75.843823,-9.058692],[-75.848582,-9.051929],[-75.858523,-9.051511],[-75.866573,-9.035691],[-75.872617,-9.033499],[-75.875753,-9.029472],[-75.878982,-9.017627],[-75.884244,-9.010356],[-75.887557,-9.010125],[-75.891861,-9.002018],[-75.894504,-8.983714],[-75.884868,-8.980148],[-75.885319,-8.967704],[-75.888436,-8.962791],[-75.892589,-8.938493],[-75.895699,-8.931067],[-75.899038,-8.918855],[-75.903121,-8.915495],[-75.900345,-8.911913],[-75.902622,-8.908318],[-75.902724,-8.900899],[-75.909881,-8.896786],[-75.912056,-8.889142],[-75.91118,-8.884895],[-75.918487,-8.874425],[-75.921702,-8.866836],[-75.922405,-8.853217],[-75.927598,-8.846089],[-75.926884,-8.837706],[-75.928821,-8.827249],[-75.929201,-8.817428],[-75.927285,-8.813413],[-75.928773,-8.808011],[-75.923247,-8.791312],[-75.921644,-8.780812],[-75.923036,-8.776266],[-75.930172,-8.766945],[-75.931486,-8.761313],[-75.936607,-8.754639],[-75.940028,-8.737746],[-75.947886,-8.722508],[-75.946007,-8.715191],[-75.949143,-8.709205],[-75.955506,-8.702725],[-75.960641,-8.700814],[-75.964896,-8.695748],[-75.967629,-8.678443],[-75.967791,-8.672408],[-75.97035,-8.666441],[-75.978852,-8.654818],[-75.977592,-8.644973],[-75.97976,-8.636002],[-75.977883,-8.62348],[-75.973701,-8.61533],[-75.97202,-8.6079],[-75.972234,-8.599506],[-75.966314,-8.592027],[-75.965023,-8.579975],[-75.967123,-8.573465],[-75.966314,-8.568783],[-75.970902,-8.557986],[-75.969668,-8.549254],[-75.965385,-8.546049],[-75.96756,-8.538055],[-75.968445,-8.522766],[-75.970939,-8.517041],[-75.967822,-8.507449],[-75.954908,-8.502016],[-75.955447,-8.484475],[-75.95749,-8.478717],[-75.961902,-8.47565],[-75.964992,-8.461551],[-75.964906,-8.451742],[-75.958701,-8.445891],[-75.957687,-8.44234],[-75.950219,-8.432752],[-75.944098,-8.430525],[-75.942299,-8.427658],[-75.946029,-8.420352],[-75.945984,-8.400875],[-75.949592,-8.39133],[-75.956672,-8.376943],[-75.961004,-8.371598],[-75.963812,-8.363756],[-75.971031,-8.354859],[-75.972969,-8.346691],[-75.978484,-8.337484],[-75.985557,-8.329596],[-75.984963,-8.32215]]]},"properties":{"province":"Huanuco"}},{"type":"Feature","geometry":{"type":"Polygon","coordinates":[[[-75.05905,-14.12962],[-75.057433,-14.123954],[-75.062494,-14.107303],[-75.061482,-14.101459],[-75.062512,-14.090639],[-75.0696,-14.079846],[-75.088502,-14.08157],[-75.103986,-14.050459],[-75.108842,-14.032885],[-75.117699,-14.038794],[-75.123381,-14.044877],[-75.126778,-14.050879],[-75.149165,-14.064417],[-75.16568,-14.07253],[-75.18267,-14.056098],[-75.191635,-14.052943],[-75.258529,-14.043166],[-75.259588,-14.037867],[-75.250322,-14.029619],[-75.247444,-14.024769],[-75.241031,-14.020082],[-75.236518,-14.014421],[-75.232329,-14.00477],[-75.239367,-14.004365],[-75.240944,-14.001591],[-75.252676,-13.998146],[-75.270886,-14.010629],[-75.277776,-14.008594],[-75.285418,-14.0115],[-75.295778,-14.012629],[-75.309781,-14.015567],[-75.319048,-14.018996],[-75.329011,-14.018023],[-75.333228,-14.015984],[-75.347625,-14.004898],[-75.350685,-13.999809],[-75.355684,-13.995766],[-75.353631,-13.992279],[-75.358857,-13.984143],[-75.359219,-13.971504],[-75.381689,-13.962764],[-75.390529,-13.94953],[-75.395881,-13.944699],[-75.40536,-13.943575],[-75.409,-13.936973],[-75.411916,-13.935803],[-75.415432,-13.927375],[-75.425318,-13.921289],[-75.433816,-13.9139],[-75.443988,-13.912961],[-75.44567,-13.909664],[-75.457549,-13.905461],[-75.460594,-13.908842],[-75.474389,-13.912557],[-75.48234,-13.910367],[-75.497894,-13.900217],[-75.50224,-13.90141],[-75.51106,-13.892195],[-75.52206,-13.885115],[-75.529287,-13.88525],[-75.537531,-13.888414],[-75.545502,-13.889482],[-75.55026,-13.8859],[-75.54999,-13.881371],[-75.555502,-13.879051],[-75.56008,-13.870927],[-75.559498,-13.863266],[-75.566185,-13.854055],[-75.563377,-13.840869],[-75.552074,-13.838717],[-75.544228,-13.835615],[-75.535941,-13.828852],[-75.534977,-13.823971],[-75.524878,-13.817899],[-75.526176,-13.800549],[-75.527522,-13.796958],[-75.538359,-13.792822],[-75.541533,-13.781441],[-75.538199,-13.776759],[-75.539481,-13.77195],[-75.53759,-13.762396],[-75.548715,-13.756913],[-75.554582,-13.749571],[-75.546022,-13.74364],[-75.537365,-13.745884],[-75.533236,-13.744746],[-75.52944,-13.740067],[-75.528053,-13.734588],[-75.529068,-13.728433],[-75.525652,-13.722211],[-75.519463,-13.719201],[-75.51591,-13.696393],[-75.510795,-13.692012],[-75.507584,-13.686535],[-75.501649,-13.687129],[-75.496209,-13.67333],[-75.488592,-13.673874],[-75.486712,-13.668886],[-75.484869,-13.650972],[-75.487991,-13.646366],[-75.492393,-13.635362],[-75.503931,-13.625949],[-75.505673,-13.622987],[-75.514007,-13.617092],[-75.517278,-13.612129],[-75.519483,-13.602848],[-75.51286,-13.595178],[-75.51096,-13.5889],[-75.509691,-13.565428],[-75.50379,-13.56512],[-75.495822,-13.567054],[-75.47731,-13.525484],[-75.484533,-13.526306],[-75.489023,-13.524264],[-75.483721,-13.514193],[-75.484514,-13.504834],[-75.481203,-13.497748],[-75.476064,-13.491863],[-75.476668,-13.489186],[-75.470449,-13.48426],[-75.469635,-13.474252],[-75.473439,-13.46326],[-75.470867,-13.45159],[-75.470443,-13.44291],[-75.465775,-13.43216],[-75.471621,-13.426967],[-75.476275,-13.425439],[-75.48633,-13.4139],[-75.486658,-13.407869],[-75.491393,-13.396068],[-75.49825,-13.391152],[-75.497685,-13.386908],[-75.49235,-13.378502],[-75.496553,-13.373195],[-75.496391,-13.367322],[-75.500391,-13.355418],[-75.503596,-13.358328],[-75.502916,-13.36595],[-75.50523,-13.371848],[-75.511361,-13.376983],[-75.516589,-13.385933],[-75.522349,-13.391338],[-75.530471,-13.389171],[-75.538918,-13.405012],[-75.545105,-13.404141],[-75.548977,-13.406441],[-75.557849,-13.402916],[-75.585122,-13.402668],[-75.595571,-13.391263],[-75.598971,-13.389988],[-75.602867,-13.394663],[-75.607862,-13.404297],[-75.6136,-13.409575],[-75.614945,-13.416796],[-75.621941,-13.414937],[-75.630486,-13.414848],[-75.634239,-13.411873],[-75.637151,-13.416802],[-75.642182,-13.417415],[-75.645394,-13.421991],[-75.653394,-13.427753],[-75.662448,-13.427479],[-75.665762,-13.430328],[-75.676463,-13.429716],[-75.68279,-13.43585],[-75.689281,-13.43967],[-75.695771,-13.435507],[-75.7011,-13.428146],[-75.702735,-13.422477],[-75.709471,-13.421771],[-75.712163,-13.41642],[-75.719357,-13.412426],[-75.723876,-13.413405],[-75.736151,-13.409815],[-75.74052,-13.405246],[-75.744938,-13.404794],[-75.752143,-13.412853],[-75.762523,-13.413766],[-75.769772,-13.409718],[-75.778841,-13.409247],[-75.783234,-13.406454],[-75.787973,-13.406517],[-75.792994,-13.403724],[-75.800054,-13.403661],[-75.805985,-13.401433],[-75.809389,-13.396846],[-75.809658,-13.388856],[-75.807818,-13.384143],[-75.801174,-13.380508],[-75.795069,-13.361916],[-75.794685,-13.356645],[-75.790205,-13.34251],[-75.784479,-13.332447],[-75.779232,-13.330603],[-75.77644,-13.326168],[-75.772249,-13.324843],[-75.760444,-13.317315],[-75.759119,-13.312825],[-75.753171,-13.309109],[-75.743749,-13.313589],[-75.737785,-13.310006],[-75.730928,-13.310307],[-75.706481,-13.288287],[-75.70396,-13.279229],[-75.705118,-13.272512],[-75.703419,-13.2668],[-75.704809,-13.262039],[-75.70414,-13.252054],[-75.705323,-13.246264],[-75.700666,-13.242301],[-75.700794,-13.232986],[-75.702441,-13.226887],[-75.69696,-13.218884],[-75.688949,-13.214274],[-75.691729,-13.207175],[-75.695615,-13.204085],[-75.698471,-13.198045],[-75.706337,-13.186762],[-75.70312,-13.177474],[-75.698914,-13.170797],[-75.70065,-13.166791],[-75.695442,-13.159981],[-75.696769,-13.154152],[-75.693774,-13.147504],[-75.701107,-13.141747],[-75.70785,-13.142723],[-75.706509,-13.135466],[-75.708268,-13.132447],[-75.712128,-13.116172],[-75.718768,-13.109765],[-75.710669,-13.098414],[-75.709565,-13.092279],[-75.705086,-13.087186],[-75.705515,-13.080437],[-75.694962,-13.074792],[-75.694042,-13.066878],[-75.695637,-13.058226],[-75.692754,-13.048962],[-75.686618,-13.043072],[-75.681464,-13.040556],[-75.675452,-13.045342],[-75.67809,-13.053441],[-75.676372,-13.055834],[-75.663245,-13.064857],[-75.660091,-13.065192],[-75.652519,-13.070504],[-75.640256,-13.062555],[-75.634984,-13.061338],[-75.628608,-13.057067],[-75.628881,-13.053433],[-75.636301,-13.043697],[-75.639206,-13.035847],[-75.638588,-13.029975],[-75.630367,-13.024535],[-75.628343,-13.020035],[-75.620978,-13.019673],[-75.619469,-13.013697],[-75.611903,-13.009102],[-75.608406,-13.00299],[-75.610211,-12.996867],[-75.606927,-12.987283],[-75.602608,-12.980183],[-75.609005,-12.968473],[-75.614393,-12.964933],[-75.618163,-12.96667],[-75.626318,-12.966289],[-75.637501,-12.973236],[-75.634239,-12.985394],[-75.638645,-12.988762],[-75.651608,-12.994163],[-75.663236,-12.994036],[-75.667049,-12.996556],[-75.668736,-13.00351],[-75.664901,-13.012021],[-75.665728,-13.016489],[-75.670361,-13.022612],[-75.677187,-13.024639],[-75.686072,-13.025318],[-75.690549,-13.035105],[-75.699816,-13.036553],[-75.707008,-13.039586],[-75.71566,-13.037877],[-75.725464,-13.038125],[-75.729502,-13.033764],[-75.735889,-13.031878],[-75.743998,-13.025425],[-75.752147,-13.028155],[-75.758973,-13.024266],[-75.762158,-13.018889],[-75.769279,-13.026559],[-75.772484,-13.037861],[-75.78235,-13.044332],[-75.793412,-13.055838],[-75.802062,-13.06043],[-75.807747,-13.05157],[-75.816475,-13.053473],[-75.820199,-13.04764],[-75.821647,-13.033243],[-75.826889,-13.02941],[-75.839063,-13.03072],[-75.847998,-13.036098],[-75.852218,-13.035312],[-75.860527,-13.029482],[-75.871868,-13.024639],[-75.878781,-13.015994],[-75.890252,-13.01356],[-75.898258,-13.013291],[-75.901588,-13.010163],[-75.913866,-13.006866],[-75.916658,-13.002897],[-75.921671,-13.001686],[-75.937683,-12.991325],[-75.942897,-12.992233],[-75.951071,-12.998187],[-75.961402,-13.001379],[-75.962791,-13.009575],[-75.960816,-13.020422],[-75.96817,-13.032141],[-75.969199,-13.041639],[-75.984233,-13.052874],[-76.003804,-13.073507],[-76.005328,-13.077366],[-76.011937,-13.085499],[-76.01806,-13.088041],[-76.021433,-13.093933],[-76.03397,-13.10311],[-76.04193,-13.10575],[-76.04943,-13.1146],[-76.06763,-13.12718],[-76.07239,-13.12827],[-76.09036,-13.14418],[-76.09582,-13.14722],[-76.099625,-13.154205],[-76.110374,-13.162159],[-76.128468,-13.177541],[-76.13974,-13.180168],[-76.146012,-13.186059],[-76.151521,-13.188771],[-76.155971,-13.193729],[-76.15686,-13.20012],[-76.16223,-13.21847],[-76.16096,-13.22092],[-76.16495,-13.23017],[-76.16761,-13.2315],[-76.171873,-13.242794],[-76.17951,-13.25045],[-76.18583,-13.25933],[-76.18878,-13.26977],[-76.19979,-13.2959],[-76.20732,-13.3061],[-76.21895,-13.31096],[-76.23373,-13.3158],[-76.244793,-13.323514],[-76.235012,-13.336518],[-76.222687,-13.355074],[-76.208432,-13.38099],[-76.200834,-13.398041],[-76.191469,-13.423934],[-76.185658,-13.448072],[-76.184941,-13.461844],[-76.189197,-13.465377],[-76.190902,-13.47581],[-76.189559,-13.489621],[-76.188518,-13.523873],[-76.187,-13.53641],[-76.186644,-13.550471],[-76.187441,-13.565816],[-76.191123,-13.588338],[-76.192623,-13.609775],[-76.19766,-13.640877],[-76.200184,-13.648242],[-76.207437,-13.656768],[-76.217041,-13.681199],[-76.217877,-13.687607],[-76.217971,-13.704187],[-76.220398,-13.717646],[-76.232568,-13.758393],[-76.237512,-13.766631],[-76.238562,-13.776227],[-76.246719,-13.806154],[-76.249643,-13.81093],[-76.251033,-13.823797],[-76.247652,-13.829654],[-76.250928,-13.833805],[-76.254525,-13.833271],[-76.258154,-13.838568],[-76.250775,-13.849789],[-76.251609,-13.855389],[-76.258068,-13.860338],[-76.260963,-13.865602],[-76.2691,-13.861121],[-76.269779,-13.856633],[-76.283019,-13.853201],[-76.288647,-13.846889],[-76.300771,-13.837723],[-76.304242,-13.843047],[-76.311459,-13.843307],[-76.3031,-13.832158],[-76.3046,-13.825799],[-76.293684,-13.810803],[-76.291105,-13.799453],[-76.296225,-13.793469],[-76.307186,-13.7936],[-76.317129,-13.791992],[-76.327935,-13.794184],[-76.336115,-13.801146],[-76.344652,-13.804273],[-76.35684,-13.800535],[-76.365439,-13.803281],[-76.371291,-13.808881],[-76.368076,-13.820658],[-76.36791,-13.828633],[-76.370695,-13.832035],[-76.378676,-13.833383],[-76.385947,-13.843853],[-76.386605,-13.850332],[-76.39033,-13.862135],[-76.389867,-13.87625],[-76.392742,-13.886519],[-76.398363,-13.892074],[-76.394531,-13.896488],[-76.396328,-13.908898],[-76.38415,-13.909086],[-76.378256,-13.910863],[-76.372654,-13.910227],[-76.360355,-13.914816],[-76.360568,-13.919762],[-76.356006,-13.922805],[-76.349953,-13.92124],[-76.343668,-13.914963],[-76.339129,-13.915322],[-76.332857,-13.919269],[-76.330012,-13.925025],[-76.31635,-13.914643],[-76.317631,-13.905514],[-76.314523,-13.894664],[-76.312105,-13.892453],[-76.298396,-13.893285],[-76.295572,-13.904627],[-76.283516,-13.908316],[-76.282516,-13.918049],[-76.287584,-13.919441],[-76.2905,-13.924416],[-76.295199,-13.927428],[-76.29451,-13.931527],[-76.285117,-13.936848],[-76.276385,-13.946141],[-76.273037,-13.951873],[-76.273695,-13.958568],[-76.270428,-13.968836],[-76.270234,-13.980869],[-76.275066,-13.99248],[-76.28475,-13.994301],[-76.285523,-13.998219],[-76.272785,-14.011894],[-76.266451,-14.014691],[-76.262625,-14.020232],[-76.261412,-14.02601],[-76.264103,-14.032361],[-76.269629,-14.03273],[-76.270514,-14.036146],[-76.268641,-14.045359],[-76.264506,-14.045269],[-76.26151,-14.050146],[-76.261102,-14.058232],[-76.264385,-14.062283],[-76.27106,-14.060414],[-76.276365,-14.061873],[-76.275437,-14.073783],[-76.276131,-14.08249],[-76.285654,-14.089549],[-76.288365,-14.096078],[-76.284564,-14.09968],[-76.286328,-14.113488],[-76.279967,-14.124533],[-76.281174,-14.129777],[-76.285037,-14.130398],[-76.285504,-14.138689],[-76.28084,-14.144049],[-76.278992,-14.154004],[-76.290195,-14.161512],[-76.285146,-14.171691],[-76.282471,-14.173225],[-76.275338,-14.183412],[-76.27643,-14.193521],[-76.271713,-14.20009],[-76.26559,-14.189367],[-76.261307,-14.18508],[-76.260357,-14.178484],[-76.257582,-14.17459],[-76.256021,-14.167203],[-76.260725,-14.161131],[-76.271356,-14.142728],[-76.267467,-14.140227],[-76.259523,-14.142439],[-76.252566,-14.150021],[-76.23856,-14.148625],[-76.230525,-14.149119],[-76.220957,-14.153004],[-76.215859,-14.159769],[-76.217855,-14.167916],[-76.204635,-14.174785],[-76.198043,-14.172766],[-76.195178,-14.181117],[-76.191385,-14.185937],[-76.192949,-14.190441],[-76.19075,-14.197502],[-76.167885,-14.210769],[-76.163297,-14.217912],[-76.159894,-14.216242],[-76.14357,-14.227621],[-76.138021,-14.234207],[-76.13009,-14.248145],[-76.131537,-14.257584],[-76.128752,-14.265424],[-76.11973,-14.277336],[-76.109949,-14.292686],[-76.106797,-14.302014],[-76.105305,-14.314059],[-76.107853,-14.325572],[-76.110955,-14.329221],[-76.118221,-14.329686],[-76.124172,-14.327584],[-76.14224,-14.327465],[-76.144277,-14.329586],[-76.140189,-14.338287],[-76.134721,-14.34534],[-76.131859,-14.354264],[-76.125248,-14.359353],[-76.099158,-14.368215],[-76.079746,-14.377717],[-76.066195,-14.386943],[-76.058363,-14.39485],[-76.057959,-14.398498],[-76.046676,-14.41142],[-76.04125,-14.416244],[-76.03924,-14.424309],[-76.016037,-14.436738],[-76.011453,-14.444393],[-76,-14.449531],[-75.985519,-14.458008],[-75.977088,-14.464842],[-75.972279,-14.470498],[-75.973352,-14.474779],[-75.966617,-14.489498],[-75.96485,-14.505545],[-75.969412,-14.510826],[-75.974197,-14.525254],[-75.970994,-14.528846],[-75.965949,-14.529768],[-75.956195,-14.538574],[-75.94599,-14.555908],[-75.935934,-14.563771],[-75.932047,-14.568281],[-75.929395,-14.575414],[-75.93342,-14.579537],[-75.932037,-14.589471],[-75.926396,-14.600816],[-75.92748,-14.605623],[-75.932266,-14.609662],[-75.927781,-14.616113],[-75.92448,-14.624557],[-75.923488,-14.63193],[-75.927461,-14.643123],[-75.921465,-14.648002],[-75.916465,-14.659176],[-75.905439,-14.66433],[-75.898328,-14.669687],[-75.877967,-14.678855],[-75.855756,-14.694443],[-75.849367,-14.704561],[-75.849717,-14.712016],[-75.855566,-14.716281],[-75.829228,-14.728158],[-75.81234,-14.735158],[-75.784355,-14.748289],[-75.759982,-14.763152],[-75.748773,-14.769186],[-75.737334,-14.777197],[-75.736379,-14.782549],[-75.705633,-14.798123],[-75.700076,-14.803256],[-75.693398,-14.806545],[-75.679941,-14.817822],[-75.654519,-14.829842],[-75.633492,-14.838785],[-75.61126,-14.850002],[-75.596369,-14.856758],[-75.574521,-14.867797],[-75.559682,-14.875953],[-75.540016,-14.887719],[-75.520508,-14.901799],[-75.509791,-14.910771],[-75.502445,-14.918717],[-75.491785,-14.933701],[-75.492752,-14.93965],[-75.5,-14.941902],[-75.504277,-14.959941],[-75.5,-14.966975],[-75.475297,-14.984158],[-75.460535,-14.991588],[-75.450127,-14.997748],[-75.442693,-15.000592],[-75.44109,-15.007984],[-75.438092,-15.010057],[-75.437875,-15.01583],[-75.429984,-15.028707],[-75.423199,-15.029955],[-75.423076,-15.035539],[-75.413574,-15.043123],[-75.412551,-15.048558],[-75.414519,-15.052936],[-75.409389,-15.061227],[-75.409215,-15.06799],[-75.403225,-15.0704],[-75.394785,-15.08067],[-75.391924,-15.091797],[-75.392932,-15.098728],[-75.384885,-15.105982],[-75.384135,-15.116406],[-75.375691,-15.121025],[-75.369213,-15.133682],[-75.36865,-15.140795],[-75.373018,-15.147154],[-75.372072,-15.150844],[-75.365568,-15.146834],[-75.363547,-15.142957],[-75.355668,-15.140453],[-75.347844,-15.149119],[-75.35059,-15.155498],[-75.343369,-15.156149],[-75.342557,-15.150045],[-75.339035,-15.147121],[-75.328594,-15.146682],[-75.316869,-15.149932],[-75.27468,-15.16832],[-75.256004,-15.182199],[-75.240166,-15.197156],[-75.232205,-15.202769],[-75.224603,-15.214627],[-75.216625,-15.231416],[-75.21592,-15.239303],[-75.218924,-15.250172],[-75.224848,-15.258576],[-75.244385,-15.255877],[-75.258441,-15.249811],[-75.257975,-15.256682],[-75.248648,-15.255295],[-75.245969,-15.260682],[-75.242482,-15.261602],[-75.237244,-15.267602],[-75.240365,-15.273355],[-75.230623,-15.277201],[-75.22967,-15.28492],[-75.227617,-15.286568],[-75.218978,-15.284748],[-75.215377,-15.287646],[-75.215543,-15.29248],[-75.209219,-15.290016],[-75.203406,-15.291769],[-75.196779,-15.291059],[-75.184693,-15.298008],[-75.179078,-15.303514],[-75.168818,-15.307391],[-75.164463,-15.311478],[-75.154816,-15.324705],[-75.151352,-15.335113],[-75.152205,-15.349363],[-75.156352,-15.355699],[-75.161193,-15.358303],[-75.166588,-15.352967],[-75.178973,-15.356184],[-75.186768,-15.354781],[-75.189275,-15.360984],[-75.192318,-15.361416],[-75.194527,-15.368146],[-75.185894,-15.367238],[-75.176189,-15.374215],[-75.16674,-15.376467],[-75.159598,-15.38085],[-75.158184,-15.392922],[-75.150176,-15.391258],[-75.146273,-15.392723],[-75.141998,-15.398197],[-75.140404,-15.407166],[-75.132797,-15.40533],[-75.124477,-15.405648],[-75.118357,-15.40893],[-75.1076,-15.411855],[-75.09856,-15.421105],[-75.094139,-15.420225],[-75.090949,-15.423869],[-75.082568,-15.423691],[-75.071078,-15.435635],[-75.073326,-15.442942],[-75.061111,-15.435284],[-75.049652,-15.434504],[-75.045547,-15.43033],[-75.037193,-15.416414],[-75.028915,-15.40428],[-75.018486,-15.382414],[-75.016952,-15.377234],[-75.01635,-15.364449],[-75.017754,-15.358764],[-75.016556,-15.351096],[-75.007034,-15.339004],[-75.00388,-15.33023],[-74.99498,-15.322514],[-74.982414,-15.31683],[-74.968201,-15.299422],[-74.964424,-15.285],[-74.964806,-15.273834],[-74.963638,-15.253899],[-74.959022,-15.246055],[-74.9459,-15.231486],[-74.939865,-15.206012],[-74.929306,-15.192402],[-74.919807,-15.186156],[-74.917197,-15.181781],[-74.899849,-15.173951],[-74.893093,-15.16758],[-74.888519,-15.16123],[-74.880104,-15.156725],[-74.87735,-15.15368],[-74.870602,-15.151229],[-74.862388,-15.151306],[-74.855209,-15.15383],[-74.835991,-15.145554],[-74.815918,-15.139498],[-74.802147,-15.130686],[-74.788356,-15.120135],[-74.786186,-15.116153],[-74.778488,-15.107959],[-74.764908,-15.102344],[-74.762299,-15.098055],[-74.757482,-15.092582],[-74.747809,-15.089777],[-74.736471,-15.084877],[-74.729607,-15.085396],[-74.704531,-15.071035],[-74.697559,-15.062783],[-74.686887,-15.061482],[-74.670969,-15.054975],[-74.665295,-15.049836],[-74.664267,-15.044696],[-74.667187,-15.02803],[-74.664486,-15.002733],[-74.665694,-14.997902],[-74.660561,-14.995034],[-74.650371,-14.985297],[-74.646303,-14.977893],[-74.659385,-14.970336],[-74.664167,-14.963516],[-74.665536,-14.955704],[-74.673876,-14.948298],[-74.674685,-14.944626],[-74.685484,-14.92947],[-74.684706,-14.925642],[-74.673129,-14.918173],[-74.668741,-14.91198],[-74.663451,-14.907934],[-74.662486,-14.898443],[-74.663918,-14.892343],[-74.670496,-14.884473],[-74.671896,-14.879377],[-74.676633,-14.878082],[-74.681066,-14.873083],[-74.675822,-14.862072],[-74.681808,-14.853375],[-74.689816,-14.848184],[-74.69384,-14.838155],[-74.720188,-14.836628],[-74.730088,-14.842844],[-74.738338,-14.841469],[-74.746244,-14.843555],[-74.753363,-14.838465],[-74.754676,-14.834337],[-74.751504,-14.827554],[-74.743267,-14.826433],[-74.739593,-14.82419],[-74.726862,-14.823442],[-74.715983,-14.819414],[-74.720293,-14.81246],[-74.737691,-14.811535],[-74.746464,-14.813621],[-74.750751,-14.808147],[-74.754107,-14.798748],[-74.756941,-14.795054],[-74.764618,-14.790203],[-74.756101,-14.783598],[-74.754284,-14.775605],[-74.756007,-14.771131],[-74.750294,-14.761529],[-74.745211,-14.760158],[-74.738527,-14.753734],[-74.73448,-14.74085],[-74.735478,-14.731985],[-74.72758,-14.720314],[-74.71762,-14.713545],[-74.715873,-14.709521],[-74.731849,-14.714391],[-74.743578,-14.726005],[-74.753576,-14.727774],[-74.776419,-14.728928],[-74.790051,-14.739207],[-74.791484,-14.742359],[-74.798373,-14.747043],[-74.802697,-14.752152],[-74.809995,-14.748244],[-74.813616,-14.74178],[-74.827401,-14.734031],[-74.83001,-14.720051],[-74.837798,-14.712185],[-74.845742,-14.707979],[-74.844146,-14.703346],[-74.839706,-14.702022],[-74.837915,-14.696336],[-74.845932,-14.68938],[-74.848697,-14.673491],[-74.846581,-14.666147],[-74.83846,-14.662693],[-74.828627,-14.656221],[-74.821066,-14.646326],[-74.818141,-14.639822],[-74.810455,-14.631608],[-74.796763,-14.624295],[-74.792096,-14.618725],[-74.795933,-14.615706],[-74.811339,-14.615239],[-74.829244,-14.612593],[-74.852772,-14.611809],[-74.860141,-14.607406],[-74.868067,-14.596886],[-74.878448,-14.587524],[-74.882429,-14.574279],[-74.877904,-14.559345],[-74.875343,-14.555267],[-74.884249,-14.545481],[-74.887948,-14.547233],[-74.895418,-14.54508],[-74.903684,-14.547814],[-74.904502,-14.552378],[-74.913392,-14.565616],[-74.924413,-14.568415],[-74.933218,-14.576638],[-74.947209,-14.58189],[-74.947554,-14.588542],[-74.952055,-14.594535],[-74.956568,-14.604409],[-74.95892,-14.606451],[-74.971986,-14.602813],[-74.978019,-14.602372],[-74.996792,-14.611814],[-75.001231,-14.608039],[-75.010033,-14.606156],[-75.018307,-14.610501],[-75.034161,-14.611288],[-75.051987,-14.626717],[-75.055958,-14.626885],[-75.0599,-14.622618],[-75.06349,-14.607495],[-75.061835,-14.597215],[-75.065858,-14.574483],[-75.07759,-14.57132],[-75.08009,-14.56901],[-75.078415,-14.55592],[-75.080674,-14.551182],[-75.075342,-14.548165],[-75.071335,-14.541051],[-75.067643,-14.538439],[-75.067012,-14.5296],[-75.069097,-14.526934],[-75.078736,-14.531648],[-75.085863,-14.531075],[-75.091531,-14.521183],[-75.090667,-14.515377],[-75.091696,-14.50541],[-75.090741,-14.495443],[-75.098138,-14.485097],[-75.094893,-14.478974],[-75.081771,-14.471128],[-75.068459,-14.458358],[-75.070191,-14.449158],[-75.065077,-14.445695],[-75.06037,-14.438931],[-75.052994,-14.43115],[-75.062926,-14.426856],[-75.068237,-14.428969],[-75.076933,-14.42603],[-75.088969,-14.426409],[-75.095525,-14.428828],[-75.101266,-14.433199],[-75.107124,-14.433549],[-75.115335,-14.428239],[-75.1214,-14.427515],[-75.119138,-14.421131],[-75.125749,-14.417919],[-75.134731,-14.417076],[-75.138049,-14.414656],[-75.131539,-14.404832],[-75.132084,-14.399724],[-75.125964,-14.388536],[-75.120038,-14.383702],[-75.116724,-14.374112],[-75.112496,-14.370493],[-75.110644,-14.365585],[-75.105087,-14.358778],[-75.108097,-14.347942],[-75.104902,-14.339468],[-75.099993,-14.334142],[-75.100225,-14.33016],[-75.093927,-14.312424],[-75.086379,-14.308951],[-75.081378,-14.297143],[-75.073413,-14.298995],[-75.063364,-14.29543],[-75.055168,-14.287187],[-75.049704,-14.286539],[-75.039979,-14.277879],[-75.037664,-14.269776],[-75.032198,-14.265679],[-75.034566,-14.257904],[-75.039512,-14.254167],[-75.046979,-14.255534],[-75.055119,-14.255205],[-75.064868,-14.252316],[-75.072104,-14.245926],[-75.073668,-14.235612],[-75.077861,-14.233137],[-75.087245,-14.231819],[-75.090795,-14.215178],[-75.085766,-14.209615],[-75.078375,-14.186378],[-75.07638,-14.165905],[-75.067412,-14.1512],[-75.063035,-14.135101],[-75.05905,-14.12962]]]},"properties":{"province":"Ica"}},{"type":"Feature","geometry":{"type":"Polygon","coordinates":[[[-74.56996,-10.915208],[-74.571068,-10.915841],[-74.588174,-10.910386],[-74.594806,-10.911493],[-74.603468,-10.909098],[-74.614102,-10.904625],[-74.620966,-10.896702],[-74.623535,-10.890903],[-74.630282,-10.888944],[-74.633547,-10.884113],[-74.634165,-10.873556],[-74.640183,-10.869121],[-74.649298,-10.867071],[-74.657812,-10.873957],[-74.665746,-10.87291],[-74.679181,-10.879071],[-74.678093,-10.883652],[-74.681347,-10.889157],[-74.694914,-10.884916],[-74.701032,-10.876208],[-74.700409,-10.872467],[-74.704853,-10.867516],[-74.707947,-10.858165],[-74.722125,-10.847876],[-74.727989,-10.841778],[-74.731705,-10.834929],[-74.736762,-10.833599],[-74.740606,-10.836176],[-74.744919,-10.832483],[-74.760363,-10.825142],[-74.768159,-10.830481],[-74.776126,-10.826647],[-74.791803,-10.831158],[-74.794827,-10.829872],[-74.79838,-10.82331],[-74.805743,-10.817172],[-74.831311,-10.780536],[-74.836497,-10.7713],[-74.842823,-10.7526],[-74.851135,-10.73297],[-74.856107,-10.727847],[-74.858909,-10.722204],[-74.865785,-10.714256],[-74.869714,-10.707674],[-74.882318,-10.701854],[-74.886775,-10.705772],[-74.887022,-10.712449],[-74.880621,-10.71982],[-74.876225,-10.72732],[-74.873736,-10.735434],[-74.870681,-10.739053],[-74.868674,-10.750494],[-74.865936,-10.758972],[-74.870788,-10.762482],[-74.882025,-10.763928],[-74.885239,-10.770598],[-74.893308,-10.769166],[-74.903055,-10.757419],[-74.914521,-10.748298],[-74.917356,-10.754567],[-74.922116,-10.752277],[-74.939316,-10.748844],[-74.94475,-10.741557],[-74.949247,-10.74071],[-74.956482,-10.732824],[-74.96063,-10.738998],[-74.979258,-10.746919],[-74.982818,-10.749787],[-74.987837,-10.743802],[-74.986507,-10.735512],[-74.995332,-10.725604],[-75.005496,-10.720331],[-75.008783,-10.710623],[-75.006413,-10.698928],[-75.008171,-10.693425],[-75.007312,-10.687391],[-75.012537,-10.678808],[-75.020701,-10.673694],[-75.025052,-10.680468],[-75.035639,-10.682318],[-75.038506,-10.679513],[-75.039213,-10.672783],[-75.049159,-10.663622],[-75.054441,-10.657078],[-75.065073,-10.652894],[-75.071707,-10.659893],[-75.074316,-10.66581],[-75.071623,-10.67785],[-75.079737,-10.683267],[-75.088447,-10.683537],[-75.087827,-10.688684],[-75.092835,-10.698315],[-75.095923,-10.700046],[-75.097734,-10.708399],[-75.10964,-10.723993],[-75.115992,-10.72682],[-75.12701,-10.738233],[-75.133211,-10.741051],[-75.14233,-10.74125],[-75.14654,-10.74494],[-75.14933,-10.7517],[-75.15729,-10.76008],[-75.174699,-10.745437],[-75.189949,-10.780402],[-75.204184,-10.764676],[-75.210887,-10.765573],[-75.220518,-10.763821],[-75.22973,-10.75943],[-75.23779,-10.76072],[-75.24419,-10.76416],[-75.24454,-10.77313],[-75.24304,-10.7864],[-75.24979,-10.80537],[-75.25752,-10.80991],[-75.26062,-10.8166],[-75.26236,-10.82529],[-75.2663,-10.82954],[-75.27049,-10.82951],[-75.27914,-10.836],[-75.28308,-10.84103],[-75.28751,-10.84163],[-75.291294,-10.838196],[-75.2946,-10.83996],[-75.304275,-10.838236],[-75.307946,-10.834829],[-75.310473,-10.827749],[-75.313546,-10.827274],[-75.326466,-10.819364],[-75.330137,-10.812468],[-75.33879,-10.80066],[-75.34542,-10.79949],[-75.3534,-10.80411],[-75.361886,-10.819174],[-75.355264,-10.820267],[-75.356483,-10.836797],[-75.360386,-10.843064],[-75.362738,-10.850112],[-75.36793,-10.850153],[-75.378971,-10.856117],[-75.381439,-10.861709],[-75.386927,-10.864937],[-75.391302,-10.860623],[-75.395264,-10.853744],[-75.398048,-10.853307],[-75.407884,-10.858741],[-75.409567,-10.84595],[-75.401682,-10.845067],[-75.398527,-10.840146],[-75.39076,-10.83226],[-75.39169,-10.82817],[-75.38689,-10.80029],[-75.39178,-10.78644],[-75.39135,-10.78127],[-75.39502,-10.775],[-75.39647,-10.76906],[-75.395025,-10.759018],[-75.40656,-10.75291],[-75.4135,-10.75082],[-75.42392,-10.75484],[-75.43337,-10.74928],[-75.43906,-10.74804],[-75.44599,-10.75141],[-75.46323,-10.75062],[-75.46385,-10.75893],[-75.46871,-10.76846],[-75.46971,-10.7762],[-75.47789,-10.78096],[-75.48182,-10.77866],[-75.48293,-10.7655],[-75.48609,-10.76434],[-75.49025,-10.75683],[-75.49508,-10.75507],[-75.49833,-10.75867],[-75.50372,-10.7579],[-75.50969,-10.75401],[-75.51402,-10.75646],[-75.51735,-10.75394],[-75.52308,-10.75367],[-75.52955,-10.74861],[-75.53116,-10.74363],[-75.54364,-10.74101],[-75.55006,-10.74571],[-75.55692,-10.74407],[-75.56385,-10.72977],[-75.568268,-10.733191],[-75.57382,-10.746991],[-75.5759,-10.759904],[-75.574315,-10.770372],[-75.576351,-10.773327],[-75.576514,-10.781023],[-75.581839,-10.792784],[-75.584096,-10.801567],[-75.589179,-10.805825],[-75.589667,-10.810898],[-75.597142,-10.811722],[-75.601471,-10.813932],[-75.605596,-10.821885],[-75.609083,-10.82364],[-75.615149,-10.822463],[-75.640851,-10.826786],[-75.64977,-10.82338],[-75.6661,-10.82858],[-75.67235,-10.83634],[-75.67855,-10.84018],[-75.690012,-10.836995],[-75.69342,-10.834199],[-75.688528,-10.827316],[-75.693253,-10.817219],[-75.701243,-10.817076],[-75.712719,-10.814237],[-75.719524,-10.809355],[-75.732372,-10.809192],[-75.73515,-10.81434],[-75.74311,-10.82254],[-75.75068,-10.82539],[-75.75624,-10.82929],[-75.76267,-10.83021],[-75.77269,-10.82593],[-75.78599,-10.82456],[-75.78989,-10.82662],[-75.806979,-10.839076],[-75.815447,-10.846982],[-75.818321,-10.854048],[-75.817961,-10.862374],[-75.814475,-10.869085],[-75.815997,-10.872876],[-75.825192,-10.874008],[-75.830614,-10.876583],[-75.834601,-10.884586],[-75.838381,-10.886299],[-75.849794,-10.880425],[-75.851518,-10.873263],[-75.858259,-10.867857],[-75.865259,-10.876541],[-75.869597,-10.874882],[-75.874049,-10.867682],[-75.882873,-10.869901],[-75.892323,-10.870258],[-75.896975,-10.868837],[-75.917109,-10.874437],[-75.919148,-10.880066],[-75.922752,-10.883146],[-75.930585,-10.883385],[-75.935924,-10.889723],[-75.938627,-10.879855],[-75.937146,-10.871508],[-75.95109,-10.863848],[-75.955732,-10.858778],[-75.958324,-10.849055],[-75.961628,-10.84396],[-75.970191,-10.843228],[-75.978877,-10.832147],[-75.992672,-10.820985],[-75.999098,-10.825738],[-76.008142,-10.830354],[-76.008803,-10.8387],[-76.015031,-10.842677],[-76.02568,-10.85604],[-76.02937,-10.85783],[-76.04244,-10.8732],[-76.04448,-10.87952],[-76.05079,-10.88349],[-76.05721,-10.88311],[-76.06808,-10.88662],[-76.07321,-10.89166],[-76.07967,-10.89378],[-76.09134,-10.90656],[-76.09203,-10.9135],[-76.09653,-10.92252],[-76.09896,-10.93031],[-76.10915,-10.93894],[-76.11001,-10.94672],[-76.11619,-10.95063],[-76.12293,-10.96264],[-76.119652,-10.963664],[-76.111603,-10.961686],[-76.105842,-10.972105],[-76.096871,-10.971447],[-76.082023,-10.973881],[-76.078109,-10.973416],[-76.071021,-10.976029],[-76.066223,-10.980889],[-76.055863,-10.994889],[-76.048965,-10.998484],[-76.048644,-11.010965],[-76.044578,-11.024732],[-76.035057,-11.023182],[-76.021225,-11.02823],[-76.015236,-11.026713],[-76.011383,-11.032494],[-76.013328,-11.036666],[-76.01191,-11.046021],[-76.016205,-11.049994],[-76.016396,-11.054289],[-76.022906,-11.056281],[-76.024842,-11.062025],[-76.028908,-11.065459],[-76.027826,-11.070119],[-76.029336,-11.075975],[-76.025178,-11.080283],[-76.029656,-11.087197],[-76.034676,-11.089873],[-76.039551,-11.088699],[-76.043678,-11.092473],[-76.058961,-11.092049],[-76.060486,-11.097641],[-76.069039,-11.106752],[-76.06775,-11.114227],[-76.080269,-11.112889],[-76.08683,-11.106752],[-76.097588,-11.110123],[-76.098725,-11.117641],[-76.105766,-11.114342],[-76.107566,-11.111461],[-76.114394,-11.1095],[-76.115523,-11.106494],[-76.122025,-11.101207],[-76.123771,-11.09591],[-76.121209,-11.09384],[-76.123672,-11.08601],[-76.131988,-11.083791],[-76.135773,-11.084672],[-76.143006,-11.078125],[-76.146857,-11.078941],[-76.156699,-11.055818],[-76.17633,-11.044215],[-76.178314,-11.035662],[-76.18146,-11.03317],[-76.188559,-11.03183],[-76.192,-11.028266],[-76.196754,-11.015072],[-76.208512,-11.00166],[-76.21403,-10.98803],[-76.218141,-10.983748],[-76.226852,-10.970925],[-76.229088,-10.964453],[-76.23683,-10.957848],[-76.238278,-10.952606],[-76.243478,-10.948109],[-76.24817,-10.938643],[-76.248016,-10.933182],[-76.255607,-10.924478],[-76.259846,-10.921432],[-76.269959,-10.922412],[-76.276275,-10.918859],[-76.278859,-10.923451],[-76.276185,-10.932764],[-76.278282,-10.942483],[-76.27672,-10.950351],[-76.273408,-10.950264],[-76.266003,-10.958016],[-76.26784,-10.96431],[-76.272948,-10.971019],[-76.265816,-10.98071],[-76.266895,-10.984582],[-76.263584,-10.998817],[-76.25771,-10.999492],[-76.259816,-11.005744],[-76.256306,-11.011415],[-76.259951,-11.015006],[-76.253443,-11.022325],[-76.259573,-11.025917],[-76.256967,-11.030413],[-76.251377,-11.031925],[-76.25109,-11.03997],[-76.243469,-11.041311],[-76.24406,-11.04678],[-76.2417,-11.05241],[-76.24117,-11.06112],[-76.24364,-11.06847],[-76.24414,-11.07658],[-76.248328,-11.082492],[-76.25125,-11.09538],[-76.24938,-11.10729],[-76.24309,-11.11531],[-76.23859,-11.11535],[-76.22629,-11.12845],[-76.2237,-11.13651],[-76.2189,-11.13904],[-76.21863,-11.14345],[-76.21521,-11.14842],[-76.22778,-11.1556],[-76.23274,-11.15045],[-76.2449,-11.14298],[-76.25218,-11.15052],[-76.25745,-11.15178],[-76.26294,-11.1496],[-76.27126,-11.14269],[-76.28025,-11.13817],[-76.28856,-11.13783],[-76.29371,-11.13361],[-76.3079,-11.132664],[-76.317879,-11.110422],[-76.319732,-11.09668],[-76.31807,-11.091643],[-76.331902,-11.083598],[-76.337799,-11.08274],[-76.341393,-11.084678],[-76.34533,-11.090789],[-76.350959,-11.094193],[-76.359306,-11.087545],[-76.383571,-11.080258],[-76.382865,-11.074897],[-76.39235,-11.070422],[-76.397217,-11.075762],[-76.413375,-11.075822],[-76.420982,-11.077125],[-76.425904,-11.075637],[-76.435455,-11.079533],[-76.438902,-11.075775],[-76.446807,-11.071247],[-76.45192,-11.079807],[-76.458242,-11.078469],[-76.460342,-11.083275],[-76.464575,-11.084729],[-76.477523,-11.0831],[-76.491213,-11.089441],[-76.493052,-11.093358],[-76.491888,-11.099438],[-76.49539,-11.109059],[-76.518402,-11.116078],[-76.517619,-11.12197],[-76.511521,-11.128102],[-76.508319,-11.140266],[-76.504936,-11.145135],[-76.504692,-11.154863],[-76.502632,-11.162252],[-76.506869,-11.169785],[-76.505563,-11.173665],[-76.500727,-11.176128],[-76.495111,-11.183007],[-76.492077,-11.189314],[-76.494003,-11.210698],[-76.488759,-11.21846],[-76.484118,-11.230194],[-76.483199,-11.236943],[-76.485115,-11.24423],[-76.490715,-11.246596],[-76.483939,-11.257453],[-76.476631,-11.264213],[-76.466988,-11.264313],[-76.462174,-11.265824],[-76.4639,-11.271156],[-76.470772,-11.277889],[-76.472216,-11.282658],[-76.476984,-11.287893],[-76.477696,-11.293529],[-76.47111,-11.303415],[-76.463272,-11.31251],[-76.464516,-11.320457],[-76.459647,-11.325914],[-76.456927,-11.334991],[-76.450973,-11.343904],[-76.443355,-11.347281],[-76.431748,-11.345562],[-76.42781,-11.351518],[-76.422684,-11.354855],[-76.42055,-11.364859],[-76.420401,-11.373661],[-76.414111,-11.379553],[-76.413443,-11.384928],[-76.407983,-11.390433],[-76.401418,-11.402852],[-76.404291,-11.409225],[-76.411832,-11.414597],[-76.405814,-11.423316],[-76.399688,-11.436488],[-76.394341,-11.445007],[-76.387992,-11.44643],[-76.379456,-11.443708],[-76.377242,-11.449164],[-76.37484,-11.464196],[-76.373,-11.466434],[-76.37151,-11.475523],[-76.37365,-11.480559],[-76.37799,-11.481014],[-76.381016,-11.486345],[-76.376405,-11.498128],[-76.371665,-11.505213],[-76.361756,-11.514571],[-76.359399,-11.522867],[-76.350922,-11.520068],[-76.34866,-11.528165],[-76.350103,-11.542137],[-76.339401,-11.544527],[-76.332139,-11.54251],[-76.32786,-11.544323],[-76.325826,-11.552119],[-76.321268,-11.553215],[-76.317514,-11.5627],[-76.309977,-11.563542],[-76.30437,-11.567528],[-76.300256,-11.574411],[-76.301187,-11.584796],[-76.297369,-11.592317],[-76.292858,-11.588782],[-76.286789,-11.591233],[-76.282456,-11.586653],[-76.27522,-11.58349],[-76.271844,-11.580121],[-76.268689,-11.57063],[-76.262022,-11.56667],[-76.254536,-11.569033],[-76.244592,-11.566431],[-76.237414,-11.569009],[-76.232141,-11.560311],[-76.23212,-11.55644],[-76.22734,-11.553894],[-76.223705,-11.562733],[-76.217536,-11.565485],[-76.216932,-11.571571],[-76.213134,-11.571212],[-76.205501,-11.574422],[-76.204807,-11.579652],[-76.199394,-11.588431],[-76.193292,-11.587463],[-76.187707,-11.59279],[-76.187869,-11.602314],[-76.179809,-11.610917],[-76.180688,-11.614431],[-76.186224,-11.614092],[-76.194739,-11.619664],[-76.198782,-11.627549],[-76.19128,-11.633727],[-76.188292,-11.642387],[-76.192446,-11.648376],[-76.204883,-11.659531],[-76.201867,-11.668142],[-76.193297,-11.673487],[-76.196048,-11.676728],[-76.194258,-11.686014],[-76.19721,-11.693379],[-76.204802,-11.694552],[-76.20733,-11.702429],[-76.203368,-11.708565],[-76.202451,-11.719441],[-76.200742,-11.72264],[-76.202328,-11.728049],[-76.198205,-11.737809],[-76.188894,-11.737722],[-76.17538,-11.750375],[-76.172486,-11.75597],[-76.172883,-11.762561],[-76.165092,-11.769526],[-76.164143,-11.772142],[-76.154381,-11.781389],[-76.149921,-11.783701],[-76.146077,-11.781955],[-76.14375,-11.776575],[-76.136945,-11.780957],[-76.133497,-11.792378],[-76.125209,-11.795454],[-76.112598,-11.811579],[-76.110682,-11.818478],[-76.10611,-11.824144],[-76.104166,-11.831645],[-76.098117,-11.836855],[-76.094811,-11.847905],[-76.090553,-11.850581],[-76.08459,-11.860383],[-76.07843,-11.863102],[-76.074404,-11.869008],[-76.058179,-11.879958],[-76.056799,-11.884573],[-76.051311,-11.892238],[-76.051853,-11.899567],[-76.049768,-11.901087],[-76.050339,-11.909601],[-76.058221,-11.912809],[-76.056014,-11.920717],[-76.05723,-11.924364],[-76.053676,-11.930977],[-76.055164,-11.937927],[-76.051861,-11.938962],[-76.052585,-11.948236],[-76.04848,-11.949015],[-76.041246,-11.955762],[-76.038733,-11.962816],[-76.019622,-11.975958],[-76.014254,-11.98433],[-76.000711,-11.985081],[-75.994325,-11.98932],[-75.992156,-11.994691],[-75.987292,-11.989463],[-75.981303,-11.988193],[-75.975305,-11.983941],[-75.969853,-11.984786],[-75.964483,-11.988875],[-75.959194,-11.985222],[-75.950682,-11.988265],[-75.948584,-11.994402],[-75.940682,-11.991705],[-75.925991,-11.984294],[-75.920134,-11.984842],[-75.910627,-11.989332],[-75.90744,-11.996414],[-75.901564,-11.997858],[-75.896949,-11.993139],[-75.884288,-11.993631],[-75.874438,-12.000355],[-75.868226,-12.000562],[-75.852758,-12.008192],[-75.842549,-12.006453],[-75.834992,-12.020548],[-75.834014,-12.024318],[-75.828491,-12.024434],[-75.824907,-12.020548],[-75.824074,-12.015687],[-75.818937,-12.013737],[-75.814554,-12.020731],[-75.802134,-12.030675],[-75.799586,-12.034615],[-75.786596,-12.039379],[-75.7765,-12.051812],[-75.765663,-12.059627],[-75.760259,-12.056286],[-75.752026,-12.055383],[-75.74305,-12.046835],[-75.742178,-12.036678],[-75.727851,-12.043058],[-75.722054,-12.042667],[-75.716734,-12.046519],[-75.708757,-12.045397],[-75.701086,-12.048162],[-75.694305,-12.042691],[-75.685229,-12.052201],[-75.673824,-12.058349],[-75.676729,-12.066361],[-75.681714,-12.067201],[-75.684694,-12.071263],[-75.688222,-12.082133],[-75.679927,-12.082809],[-75.673274,-12.0852],[-75.659375,-12.093897],[-75.654736,-12.102732],[-75.644665,-12.108416],[-75.637756,-12.114185],[-75.638825,-12.12086],[-75.63039,-12.128055],[-75.627015,-12.134828],[-75.627523,-12.14174],[-75.635254,-12.147033],[-75.641422,-12.149222],[-75.645051,-12.157881],[-75.648979,-12.163061],[-75.648466,-12.174208],[-75.658487,-12.175248],[-75.659763,-12.180568],[-75.666918,-12.182446],[-75.670868,-12.186485],[-75.670756,-12.19314],[-75.665516,-12.193876],[-75.658849,-12.1991],[-75.65203,-12.206765],[-75.652078,-12.214481],[-75.645112,-12.220109],[-75.645224,-12.224364],[-75.627322,-12.24838],[-75.6212,-12.251524],[-75.616124,-12.256491],[-75.616236,-12.263837],[-75.614013,-12.267134],[-75.609164,-12.267724],[-75.603038,-12.279625],[-75.596484,-12.287146],[-75.591452,-12.29734],[-75.586412,-12.300775],[-75.590177,-12.305384],[-75.592638,-12.314099],[-75.588797,-12.324698],[-75.582656,-12.328371],[-75.571059,-12.329839],[-75.564096,-12.336289],[-75.556203,-12.353098],[-75.554537,-12.359437],[-75.548701,-12.364244],[-75.551189,-12.375807],[-75.561642,-12.390885],[-75.56027,-12.398537],[-75.565947,-12.403435],[-75.56561,-12.41192],[-75.558594,-12.413136],[-75.559496,-12.422662],[-75.555443,-12.431219],[-75.555578,-12.441186],[-75.557291,-12.447859],[-75.557408,-12.45659],[-75.555089,-12.464266],[-75.551151,-12.468241],[-75.550194,-12.47363],[-75.545026,-12.483814],[-75.542537,-12.495043],[-75.539267,-12.500322],[-75.541113,-12.506114],[-75.536201,-12.517275],[-75.538802,-12.522768],[-75.545365,-12.525611],[-75.545744,-12.532683],[-75.55199,-12.54493],[-75.558873,-12.545151],[-75.566439,-12.552694],[-75.566457,-12.558217],[-75.571841,-12.564068],[-75.56663,-12.570897],[-75.569006,-12.580287],[-75.572085,-12.583572],[-75.572777,-12.589837],[-75.579379,-12.595081],[-75.57895,-12.603081],[-75.58284,-12.621758],[-75.580527,-12.627945],[-75.579613,-12.641484],[-75.574895,-12.636572],[-75.569342,-12.636498],[-75.568824,-12.632596],[-75.559274,-12.630751],[-75.551537,-12.623475],[-75.54896,-12.625115],[-75.538744,-12.621694],[-75.528857,-12.620944],[-75.526092,-12.618414],[-75.521392,-12.624686],[-75.516848,-12.626293],[-75.510558,-12.634467],[-75.499047,-12.638564],[-75.498614,-12.642547],[-75.490854,-12.647937],[-75.488281,-12.656489],[-75.489517,-12.663323],[-75.486103,-12.6674],[-75.484215,-12.676051],[-75.477442,-12.677522],[-75.467201,-12.683331],[-75.459279,-12.674668],[-75.455992,-12.66209],[-75.452633,-12.657659],[-75.457119,-12.649902],[-75.458473,-12.63818],[-75.460794,-12.631386],[-75.453468,-12.62247],[-75.442645,-12.617741],[-75.437257,-12.620018],[-75.431451,-12.625731],[-75.426752,-12.627504],[-75.423063,-12.625491],[-75.417854,-12.628974],[-75.410129,-12.617934],[-75.412051,-12.599918],[-75.409161,-12.597124],[-75.409447,-12.58473],[-75.399147,-12.582518],[-75.39074,-12.57487],[-75.389106,-12.570258],[-75.381808,-12.563077],[-75.379155,-12.557541],[-75.372642,-12.553385],[-75.368438,-12.544511],[-75.362391,-12.5396],[-75.351624,-12.536805],[-75.347512,-12.53438],[-75.336523,-12.522033],[-75.331132,-12.520691],[-75.328705,-12.51684],[-75.319339,-12.514503],[-75.318676,-12.503424],[-75.324715,-12.487129],[-75.313889,-12.484455],[-75.309487,-12.479127],[-75.302141,-12.480481],[-75.297664,-12.485248],[-75.288818,-12.475505],[-75.279989,-12.473752],[-75.278359,-12.46783],[-75.273888,-12.466289],[-75.265861,-12.467213],[-75.259497,-12.464644],[-75.246511,-12.462735],[-75.242876,-12.464246],[-75.238467,-12.470308],[-75.23371,-12.470604],[-75.229649,-12.475572],[-75.22522,-12.472762],[-75.223033,-12.467068],[-75.215515,-12.463421],[-75.213226,-12.458864],[-75.214873,-12.451838],[-75.219582,-12.44689],[-75.223488,-12.439077],[-75.223282,-12.435529],[-75.218569,-12.428801],[-75.2149,-12.42062],[-75.213933,-12.413891],[-75.217226,-12.407177],[-75.217428,-12.401893],[-75.215254,-12.394843],[-75.220085,-12.390455],[-75.207892,-12.383485],[-75.192633,-12.367129],[-75.186726,-12.366529],[-75.18237,-12.36028],[-75.17602,-12.37258],[-75.16938,-12.37956],[-75.164597,-12.389082],[-75.154141,-12.395699],[-75.14687,-12.39555],[-75.1358,-12.38059],[-75.13101,-12.3785],[-75.13357,-12.37194],[-75.13314,-12.36733],[-75.13535,-12.35976],[-75.13661,-12.34913],[-75.14023,-12.3421],[-75.13521,-12.33527],[-75.12935,-12.33436],[-75.129767,-12.328019],[-75.123933,-12.317814],[-75.120457,-12.308],[-75.116197,-12.307497],[-75.110436,-12.303465],[-75.103747,-12.295118],[-75.098249,-12.283604],[-75.104189,-12.278328],[-75.105221,-12.271142],[-75.101072,-12.258178],[-75.100447,-12.251101],[-75.092689,-12.250469],[-75.09238,-12.244446],[-75.08551,-12.236728],[-75.079612,-12.234303],[-75.071628,-12.235203],[-75.070127,-12.229872],[-75.063137,-12.220912],[-75.059791,-12.211954],[-75.059173,-12.205775],[-75.052289,-12.205223],[-75.049357,-12.201343],[-75.053764,-12.187639],[-75.048327,-12.17033],[-75.049578,-12.166297],[-75.055718,-12.165227],[-75.067159,-12.159382],[-75.072621,-12.1578],[-75.076945,-12.147146],[-75.074234,-12.142477],[-75.069014,-12.142857],[-75.064745,-12.139183],[-75.063148,-12.133478],[-75.067925,-12.127124],[-75.065128,-12.115292],[-75.070947,-12.112933],[-75.068846,-12.106233],[-75.071308,-12.102386],[-75.065815,-12.093871],[-75.065842,-12.089482],[-75.070076,-12.082911],[-75.069495,-12.075522],[-75.073787,-12.06875],[-75.074607,-12.060147],[-75.086054,-12.054831],[-75.079319,-12.046219],[-75.074725,-12.037976],[-75.067348,-12.036155],[-75.065233,-12.025405],[-75.053503,-12.015393],[-75.047053,-12.011564],[-75.049263,-11.99985],[-75.04393,-11.998374],[-75.036093,-11.999252],[-75.022173,-12.004912],[-75.020779,-12.013288],[-75.012256,-12.011232],[-75.010362,-12.015939],[-74.996377,-12.020841],[-74.989665,-12.0174],[-74.979546,-12.0193],[-74.974207,-12.023691],[-74.96563,-12.024564],[-74.95907,-12.022883],[-74.9538,-12.016448],[-74.948832,-12.01875],[-74.943417,-12.017241],[-74.930374,-12.022858],[-74.926684,-12.028115],[-74.920004,-12.032879],[-74.907867,-12.03652],[-74.902855,-12.043203],[-74.896331,-12.048878],[-74.885697,-12.05344],[-74.880859,-12.053686],[-74.872018,-12.062455],[-74.870774,-12.065992],[-74.860207,-12.066221],[-74.850976,-12.069755],[-74.837374,-12.070818],[-74.831853,-12.066416],[-74.83012,-12.0626],[-74.819,-12.05363],[-74.80929,-12.0565],[-74.79428,-12.05829],[-74.78631,-12.05651],[-74.77993,-12.053],[-74.77145,-12.05293],[-74.75912,-12.05112],[-74.74861,-12.04142],[-74.74357,-12.04095],[-74.73053,-12.04694],[-74.7169,-12.05942],[-74.71069,-12.0572],[-74.69932,-12.04437],[-74.68374,-12.03847],[-74.68138,-12.02907],[-74.67913,-12.02603],[-74.67851,-12.01748],[-74.6739,-12.01539],[-74.668451,-12.009234],[-74.661411,-12.005644],[-74.659108,-11.995782],[-74.655478,-11.992282],[-74.648909,-11.994893],[-74.642698,-11.988668],[-74.63181,-11.98534],[-74.624165,-11.985182],[-74.61725,-11.990059],[-74.612545,-11.987979],[-74.603552,-11.999541],[-74.592463,-11.994979],[-74.594658,-11.987448],[-74.584574,-11.986358],[-74.582035,-11.987936],[-74.571707,-11.984809],[-74.569225,-11.994583],[-74.557678,-12.000949],[-74.550104,-11.996445],[-74.543563,-11.999013],[-74.536319,-12.008251],[-74.529075,-12.014663],[-74.513393,-12.018419],[-74.5084,-12.02152],[-74.50276,-12.020214],[-74.497486,-12.02639],[-74.492231,-12.028026],[-74.488377,-12.033196],[-74.484061,-12.032727],[-74.481857,-12.027556],[-74.475194,-12.029695],[-74.469893,-12.027534],[-74.463115,-12.035121],[-74.455536,-12.033579],[-74.451629,-12.039439],[-74.453362,-12.045522],[-74.449352,-12.048929],[-74.445254,-12.045096],[-74.43971,-12.051905],[-74.440407,-12.056655],[-74.433577,-12.069362],[-74.429905,-12.071375],[-74.422781,-12.06735],[-74.419696,-12.068789],[-74.414204,-12.076722],[-74.414585,-12.084551],[-74.418905,-12.087583],[-74.41952,-12.093776],[-74.417419,-12.097952],[-74.41238,-12.101124],[-74.41031,-12.106485],[-74.406638,-12.107204],[-74.398816,-12.103611],[-74.394785,-12.109678],[-74.379578,-12.119855],[-74.375906,-12.125246],[-74.366139,-12.133811],[-74.363484,-12.137843],[-74.356427,-12.13551],[-74.351362,-12.138317],[-74.352384,-12.147765],[-74.358193,-12.148696],[-74.361305,-12.155223],[-74.354636,-12.164252],[-74.347055,-12.165057],[-74.343554,-12.168556],[-74.345946,-12.173737],[-74.351486,-12.176395],[-74.34497,-12.194002],[-74.341598,-12.195454],[-74.336673,-12.192433],[-74.334185,-12.194464],[-74.330666,-12.212076],[-74.336521,-12.214933],[-74.321873,-12.229777],[-74.314401,-12.230386],[-74.312671,-12.22451],[-74.297263,-12.226036],[-74.290343,-12.225258],[-74.291701,-12.229909],[-74.284072,-12.240643],[-74.270516,-12.239145],[-74.263179,-12.246456],[-74.258152,-12.2559],[-74.249026,-12.257499],[-74.247262,-12.260414],[-74.247109,-12.26821],[-74.240976,-12.270594],[-74.23305,-12.267465],[-74.227295,-12.272023],[-74.226038,-12.275498],[-74.217943,-12.278489],[-74.220885,-12.28611],[-74.215782,-12.291984],[-74.221926,-12.298306],[-74.215452,-12.303386],[-74.206948,-12.298283],[-74.19989,-12.302548],[-74.193366,-12.301913],[-74.18674,-12.30435],[-74.187618,-12.314376],[-74.179676,-12.317415],[-74.176665,-12.314146],[-74.165253,-12.313171],[-74.159317,-12.321143],[-74.147332,-12.324383],[-74.140335,-12.316154],[-74.13116,-12.314605],[-74.130787,-12.328842],[-74.129181,-12.332082],[-74.121439,-12.333601],[-74.118056,-12.33039],[-74.112293,-12.319265],[-74.105984,-12.315336],[-74.101368,-12.30401],[-74.098357,-12.284914],[-74.093425,-12.28282],[-74.079891,-12.280985],[-74.076737,-12.281903],[-74.071007,-12.277101],[-74.064622,-12.278445],[-74.057442,-12.275049],[-74.055052,-12.269317],[-74.044814,-12.266405],[-74.037764,-12.262298],[-74.03099,-12.270574],[-74.018957,-12.278411],[-74.009677,-12.27886],[-74.004233,-12.283485],[-73.99772,-12.282511],[-73.988797,-12.273987],[-73.986382,-12.268321],[-73.987125,-12.261354],[-73.983222,-12.247118],[-73.980452,-12.242588],[-73.97228,-12.24355],[-73.96577,-12.23883],[-73.95299,-12.23631],[-73.946726,-12.233308],[-73.938267,-12.223063],[-73.923837,-12.224749],[-73.919257,-12.228533],[-73.904484,-12.244492],[-73.899768,-12.248658],[-73.888054,-12.240345],[-73.883327,-12.235787],[-73.87337,-12.23361],[-73.8605,-12.2399],[-73.85004,-12.24041],[-73.84325,-12.23943],[-73.831235,-12.22776],[-73.813911,-12.224846],[-73.801894,-12.220297],[-73.797146,-12.224668],[-73.79368,-12.230543],[-73.779606,-12.23769],[-73.772405,-12.238344],[-73.765095,-12.245381],[-73.761414,-12.253247],[-73.752002,-12.255419],[-73.736941,-12.266787],[-73.729857,-12.26649],[-73.72274,-12.263756],[-73.715536,-12.266874],[-73.707814,-12.267907],[-73.700401,-12.273344],[-73.699907,-12.277429],[-73.690879,-12.291004],[-73.689067,-12.299406],[-73.681973,-12.305221],[-73.675129,-12.314925],[-73.664961,-12.321129],[-73.65988,-12.329721],[-73.660783,-12.336714],[-73.65598,-12.351656],[-73.658331,-12.357354],[-73.651007,-12.363768],[-73.63715,-12.378368],[-73.633628,-12.37901],[-73.628817,-12.373826],[-73.614415,-12.376713],[-73.607214,-12.380251],[-73.604222,-12.386904],[-73.599102,-12.385899],[-73.590465,-12.376944],[-73.586069,-12.366176],[-73.589374,-12.361852],[-73.586442,-12.34867],[-73.587919,-12.340627],[-73.585252,-12.322802],[-73.584954,-12.313106],[-73.581791,-12.300885],[-73.578941,-12.297244],[-73.574326,-12.276842],[-73.558947,-12.274888],[-73.556233,-12.272211],[-73.553954,-12.26501],[-73.548121,-12.26093],[-73.533741,-12.258982],[-73.525762,-12.251649],[-73.5168,-12.249107],[-73.507553,-12.252866],[-73.500393,-12.252893],[-73.492442,-12.250455],[-73.480926,-12.242382],[-73.469865,-12.236894],[-73.469648,-12.219966],[-73.464739,-12.214765],[-73.46399,-12.207151],[-73.46099,-12.201509],[-73.460897,-12.196103],[-73.457192,-12.19045],[-73.457037,-12.185726],[-73.446061,-12.160289],[-73.439521,-12.152008],[-73.429008,-12.152613],[-73.417587,-12.147923],[-73.417416,-12.145269],[-73.401091,-12.141497],[-73.396992,-12.139467],[-73.385549,-12.138844],[-73.381748,-12.140582],[-73.364833,-12.137597],[-73.361887,-12.135965],[-73.361808,-12.12697],[-73.355369,-12.114252],[-73.357203,-12.110251],[-73.363949,-12.111674],[-73.378518,-12.103598],[-73.382623,-12.103931],[-73.388857,-12.100886],[-73.399617,-12.092545],[-73.400446,-12.088592],[-73.391301,-12.076743],[-73.393723,-12.073934],[-73.400336,-12.073461],[-73.407689,-12.06599],[-73.408569,-12.061421],[-73.403273,-12.057404],[-73.398874,-12.045752],[-73.397885,-12.020943],[-73.405178,-12.010257],[-73.406807,-12.005572],[-73.418119,-12.015059],[-73.421446,-12.015442],[-73.424852,-12.010505],[-73.425039,-12.003912],[-73.434007,-11.998381],[-73.437694,-11.989632],[-73.43032,-11.981258],[-73.440194,-11.970727],[-73.44519,-11.959252],[-73.441135,-11.9442],[-73.442724,-11.939315],[-73.447129,-11.934947],[-73.456152,-11.9341],[-73.462659,-11.929808],[-73.46372,-11.923302],[-73.476318,-11.90752],[-73.480287,-11.899352],[-73.485719,-11.892297],[-73.486148,-11.8874],[-73.490532,-11.87817],[-73.499022,-11.871018],[-73.51113,-11.862412],[-73.530562,-11.857483],[-73.545576,-11.852292],[-73.555258,-11.852362],[-73.568658,-11.845135],[-73.577505,-11.836485],[-73.580817,-11.824081],[-73.581658,-11.806962],[-73.581327,-11.789063],[-73.579182,-11.772727],[-73.570523,-11.76289],[-73.569957,-11.756293],[-73.571937,-11.742627],[-73.574481,-11.734145],[-73.583184,-11.718827],[-73.597412,-11.700943],[-73.602044,-11.690424],[-73.608607,-11.685213],[-73.612081,-11.67976],[-73.612412,-11.67466],[-73.60827,-11.66016],[-73.599688,-11.645069],[-73.594362,-11.640334],[-73.58361,-11.620804],[-73.582032,-11.615576],[-73.566043,-11.598206],[-73.559651,-11.592051],[-73.55105,-11.586843],[-73.531638,-11.578557],[-73.514273,-11.568236],[-73.503242,-11.563818],[-73.492131,-11.551799],[-73.49304,-11.546244],[-73.489833,-11.537865],[-73.487126,-11.534916],[-73.476177,-11.539037],[-73.465171,-11.535991],[-73.455637,-11.535695],[-73.449728,-11.531943],[-73.451677,-11.524671],[-73.453813,-11.505327],[-73.46146,-11.495291],[-73.469042,-11.48227],[-73.475854,-11.477443],[-73.479716,-11.471364],[-73.474534,-11.462152],[-73.476722,-11.458928],[-73.469046,-11.445225],[-73.46257,-11.441724],[-73.455842,-11.440196],[-73.452579,-11.424728],[-73.445862,-11.420621],[-73.446169,-11.415708],[-73.443303,-11.409679],[-73.435302,-11.402495],[-73.430105,-11.399923],[-73.425341,-11.394039],[-73.42504,-11.390051],[-73.419749,-11.383938],[-73.420072,-11.380744],[-73.428503,-11.378724],[-73.444691,-11.369969],[-73.449759,-11.368083],[-73.463742,-11.354284],[-73.467125,-11.344172],[-73.470646,-11.344007],[-73.480694,-11.354096],[-73.484561,-11.350264],[-73.485639,-11.344325],[-73.479872,-11.330333],[-73.480325,-11.322695],[-73.484087,-11.319344],[-73.478943,-11.312141],[-73.471323,-11.30556],[-73.46011,-11.302711],[-73.458904,-11.298163],[-73.463101,-11.293554],[-73.462961,-11.282603],[-73.454442,-11.263065],[-73.455663,-11.257517],[-73.452861,-11.244147],[-73.449872,-11.235567],[-73.450099,-11.224749],[-73.454403,-11.221139],[-73.455168,-11.216055],[-73.459201,-11.208782],[-73.458385,-11.195447],[-73.463335,-11.185514],[-73.461956,-11.179277],[-73.466602,-11.166139],[-73.467587,-11.156434],[-73.475186,-11.128356],[-73.473981,-11.124616],[-73.466918,-11.119969],[-73.469594,-11.106462],[-73.47418,-11.098961],[-73.470975,-11.09265],[-73.471325,-11.087],[-73.478237,-11.078702],[-73.478942,-11.071687],[-73.482603,-11.065242],[-73.488787,-11.062373],[-73.498267,-11.063991],[-73.506589,-11.057885],[-73.522938,-11.057967],[-73.53172,-11.053993],[-73.542579,-11.047424],[-73.543588,-11.035013],[-73.540648,-11.028588],[-73.543943,-11.020422],[-73.553012,-11.014052],[-73.554535,-11.003387],[-73.558238,-10.999141],[-73.559423,-10.989909],[-73.558674,-10.975347],[-73.565583,-10.968246],[-73.571491,-10.958094],[-73.571683,-10.948557],[-73.564837,-10.936755],[-73.567267,-10.905948],[-73.56365,-10.897391],[-73.562909,-10.888356],[-73.559024,-10.874138],[-73.560917,-10.868472],[-73.560261,-10.860609],[-73.571559,-10.856706],[-73.574275,-10.852263],[-73.580523,-10.854572],[-73.594329,-10.852561],[-73.610396,-10.846574],[-73.617095,-10.839874],[-73.622185,-10.836988],[-73.63611,-10.824823],[-73.647969,-10.816461],[-73.651289,-10.812214],[-73.659679,-10.807023],[-73.661467,-10.802939],[-73.667535,-10.799414],[-73.665646,-10.793159],[-73.671447,-10.788721],[-73.676775,-10.790076],[-73.696193,-10.773029],[-73.704261,-10.771264],[-73.707232,-10.766647],[-73.714859,-10.759886],[-73.729251,-10.755577],[-73.733999,-10.751093],[-73.73711,-10.737313],[-73.742116,-10.734008],[-73.7572,-10.735905],[-73.762532,-10.738223],[-73.766936,-10.743199],[-73.776535,-10.749296],[-73.781986,-10.750625],[-73.783276,-10.758025],[-73.778482,-10.775039],[-73.781808,-10.786179],[-73.786939,-10.794139],[-73.790704,-10.796361],[-73.800517,-10.795906],[-73.814217,-10.799896],[-73.811807,-10.805585],[-73.817773,-10.813806],[-73.818923,-10.825386],[-73.816787,-10.830142],[-73.822158,-10.836072],[-73.821633,-10.844431],[-73.816878,-10.85039],[-73.816012,-10.857946],[-73.820774,-10.879014],[-73.814927,-10.88293],[-73.814203,-10.891605],[-73.821063,-10.896686],[-73.817757,-10.901783],[-73.825901,-10.909628],[-73.826836,-10.912791],[-73.823407,-10.921073],[-73.832223,-10.933046],[-73.845474,-10.943888],[-73.848279,-10.950762],[-73.85411,-10.954906],[-73.857163,-10.961954],[-73.857815,-10.971552],[-73.861094,-10.974122],[-73.861593,-10.986739],[-73.863678,-11.001738],[-73.862983,-11.008455],[-73.864039,-11.018051],[-73.866432,-11.02544],[-73.866573,-11.037353],[-73.864662,-11.047429],[-73.864778,-11.055537],[-73.862834,-11.07012],[-73.863099,-11.090747],[-73.865647,-11.09868],[-73.863967,-11.112269],[-73.861783,-11.117502],[-73.859682,-11.132558],[-73.861477,-11.138755],[-73.861304,-11.14553],[-73.85737,-11.158713],[-73.852707,-11.164326],[-73.86306,-11.169124],[-73.872575,-11.170062],[-73.878218,-11.168313],[-73.888748,-11.170082],[-73.892265,-11.168109],[-73.894388,-11.161934],[-73.899298,-11.15578],[-73.90854,-11.151663],[-73.916487,-11.143102],[-73.927192,-11.143812],[-73.934736,-11.142342],[-73.941834,-11.151217],[-73.95026,-11.151431],[-73.957378,-11.148136],[-73.95842,-11.141534],[-73.96671,-11.131211],[-73.975927,-11.125498],[-73.978272,-11.120627],[-73.981455,-11.0994],[-73.983664,-11.092708],[-73.978279,-11.083142],[-73.978738,-11.070033],[-73.989113,-11.041117],[-73.991162,-11.031445],[-73.990752,-11.026873],[-73.996131,-11.01745],[-74.005498,-10.993193],[-74.022109,-10.99335],[-74.024753,-10.990431],[-74.036264,-10.989011],[-74.043126,-10.992098],[-74.0531,-10.993363],[-74.061358,-10.995745],[-74.064807,-10.99312],[-74.077083,-10.992811],[-74.091778,-10.986815],[-74.107456,-10.986753],[-74.116519,-10.990862],[-74.127599,-10.988377],[-74.136848,-10.988598],[-74.141799,-10.995958],[-74.147986,-10.998837],[-74.157928,-10.998418],[-74.161672,-10.995381],[-74.177941,-10.990523],[-74.182482,-10.985789],[-74.19087,-10.985997],[-74.198365,-10.997151],[-74.201475,-11.019664],[-74.202767,-11.021013],[-74.219927,-11.020771],[-74.2245,-11.019145],[-74.24746,-11.017809],[-74.256436,-11.018223],[-74.271694,-11.026432],[-74.281545,-11.033131],[-74.293855,-11.031325],[-74.320016,-11.038422],[-74.335955,-11.050268],[-74.339446,-11.053958],[-74.350295,-11.05667],[-74.364169,-11.054809],[-74.373655,-11.056522],[-74.391884,-11.04474],[-74.400097,-11.043245],[-74.406817,-11.036912],[-74.413417,-11.033568],[-74.418638,-11.025239],[-74.427439,-11.019333],[-74.44541,-11.004852],[-74.45207,-11.001331],[-74.46244,-11.000552],[-74.48474,-11.002227],[-74.494526,-11.00112],[-74.500081,-10.995998],[-74.502689,-10.986568],[-74.501586,-10.981693],[-74.503774,-10.977774],[-74.502682,-10.965159],[-74.505327,-10.955027],[-74.508384,-10.9503],[-74.515214,-10.946791],[-74.518844,-10.94288],[-74.525811,-10.939762],[-74.532711,-10.932066],[-74.541071,-10.931535],[-74.547507,-10.924967],[-74.562363,-10.913682],[-74.56996,-10.915208]]]},"properties":{"province":"Junin"}},{"type":"Feature","geometry":{"type":"Polygon","coordinates":[[[-77.133844,-8.440021],[-77.120783,-8.447414],[-77.116787,-8.447948],[-77.103915,-8.444038],[-77.103289,-8.438035],[-77.093196,-8.43447],[-77.093988,-8.427749],[-77.088715,-8.41657],[-77.088158,-8.410125],[-77.08548,-8.406223],[-77.075363,-8.405873],[-77.069877,-8.397496],[-77.065246,-8.396602],[-77.054924,-8.401777],[-77.043725,-8.404543],[-77.032502,-8.403967],[-77.002474,-8.383054],[-76.996782,-8.384218],[-76.992064,-8.390838],[-76.992684,-8.395377],[-76.981853,-8.393241],[-76.976481,-8.395944],[-76.971901,-8.390587],[-76.974549,-8.37893],[-76.965552,-8.36967],[-76.956129,-8.371627],[-76.950055,-8.375015],[-76.945492,-8.36861],[-76.944204,-8.361767],[-76.940222,-8.359123],[-76.930217,-8.360997],[-76.927005,-8.359257],[-76.926185,-8.35049],[-76.93185,-8.343478],[-76.9215,-8.33456],[-76.913745,-8.32609],[-76.911616,-8.318663],[-76.912472,-8.312714],[-76.906999,-8.304434],[-76.911119,-8.29749],[-76.90547,-8.286021],[-76.901243,-8.283466],[-76.904412,-8.270482],[-76.903299,-8.268088],[-76.907679,-8.262543],[-76.908193,-8.253441],[-76.912754,-8.249307],[-76.911877,-8.244433],[-76.91503,-8.232396],[-76.925597,-8.218497],[-76.923631,-8.206453],[-76.918187,-8.196322],[-76.912266,-8.189784],[-76.911858,-8.180953],[-76.906998,-8.170736],[-76.911769,-8.158901],[-76.919471,-8.153321],[-76.921181,-8.147723],[-76.930211,-8.138457],[-76.938078,-8.136746],[-76.944502,-8.139871],[-76.950443,-8.138225],[-76.955328,-8.134542],[-76.961963,-8.126159],[-76.969212,-8.12068],[-76.978007,-8.118752],[-76.986723,-8.111225],[-76.986252,-8.103882],[-76.991584,-8.095366],[-76.993881,-8.086918],[-76.997317,-8.082305],[-77.003589,-8.081355],[-77.008408,-8.07468],[-77.01583,-8.057889],[-77.019562,-8.052687],[-77.031373,-8.046123],[-77.047027,-8.045006],[-77.070336,-8.039076],[-77.086137,-8.034275],[-77.101523,-8.02723],[-77.110527,-8.025227],[-77.118324,-8.025244],[-77.131988,-8.031967],[-77.136902,-8.032689],[-77.150535,-8.032043],[-77.157105,-8.0289],[-77.164924,-8.022123],[-77.174621,-8.020978],[-77.182137,-8.022492],[-77.189225,-8.019863],[-77.197799,-8.014465],[-77.204873,-8.012555],[-77.215935,-8.014137],[-77.224418,-8.011789],[-77.238289,-8.013324],[-77.242172,-8.016355],[-77.254723,-8.03375],[-77.258805,-8.046834],[-77.262748,-8.049691],[-77.269158,-8.050348],[-77.281342,-8.048783],[-77.292256,-8.060089],[-77.296664,-8.062566],[-77.303277,-8.063043],[-77.307212,-8.056598],[-77.312584,-8.056293],[-77.324491,-8.058041],[-77.327426,-8.054092],[-77.33492,-8.056613],[-77.349299,-8.054384],[-77.359025,-8.057391],[-77.369783,-8.064097],[-77.373284,-8.064685],[-77.37682,-8.059347],[-77.385473,-8.055387],[-77.381155,-8.045118],[-77.381297,-8.037888],[-77.37523,-8.032558],[-77.377758,-8.026719],[-77.38805,-8.019905],[-77.394348,-8.008877],[-77.399614,-8.008062],[-77.406409,-7.997074],[-77.40713,-7.991986],[-77.400495,-7.983005],[-77.400508,-7.976672],[-77.397002,-7.969473],[-77.387807,-7.963811],[-77.389774,-7.956985],[-77.390522,-7.947313],[-77.385558,-7.943855],[-77.38657,-7.936325],[-77.382659,-7.92514],[-77.375367,-7.920064],[-77.376909,-7.908821],[-77.378547,-7.907408],[-77.388827,-7.907697],[-77.401653,-7.898454],[-77.406783,-7.902493],[-77.410784,-7.900525],[-77.413297,-7.894014],[-77.423888,-7.879182],[-77.426567,-7.8685],[-77.437462,-7.851716],[-77.437852,-7.84701],[-77.431573,-7.841736],[-77.436186,-7.83336],[-77.435597,-7.82935],[-77.442619,-7.824187],[-77.442861,-7.813642],[-77.45023,-7.808342],[-77.457943,-7.810933],[-77.468238,-7.807475],[-77.472137,-7.803023],[-77.479834,-7.803292],[-77.482451,-7.796519],[-77.48966,-7.793933],[-77.493131,-7.785763],[-77.49797,-7.785518],[-77.505324,-7.778632],[-77.504738,-7.772888],[-77.511171,-7.76896],[-77.525469,-7.768342],[-77.524558,-7.761957],[-77.527777,-7.757583],[-77.524023,-7.752318],[-77.518286,-7.751782],[-77.495513,-7.737058],[-77.495677,-7.73195],[-77.487694,-7.726604],[-77.482936,-7.719349],[-77.482762,-7.711957],[-77.485062,-7.706441],[-77.484529,-7.699714],[-77.471488,-7.691453],[-77.466232,-7.689871],[-77.461279,-7.691371],[-77.459237,-7.686904],[-77.460733,-7.680298],[-77.466527,-7.674881],[-77.476807,-7.677386],[-77.479384,-7.681098],[-77.488629,-7.68525],[-77.49789,-7.686355],[-77.509475,-7.676536],[-77.507946,-7.67143],[-77.511264,-7.657732],[-77.521699,-7.654382],[-77.526786,-7.657689],[-77.531755,-7.652942],[-77.537717,-7.650903],[-77.536562,-7.644109],[-77.528294,-7.64132],[-77.522709,-7.631825],[-77.525577,-7.624328],[-77.529184,-7.620352],[-77.528389,-7.61595],[-77.521687,-7.612684],[-77.510235,-7.611432],[-77.504407,-7.615333],[-77.500265,-7.612928],[-77.49419,-7.613606],[-77.485764,-7.603992],[-77.491313,-7.594976],[-77.496027,-7.5836],[-77.502463,-7.583018],[-77.506149,-7.586073],[-77.50932,-7.581589],[-77.515449,-7.583776],[-77.522248,-7.57706],[-77.529703,-7.578857],[-77.536705,-7.582281],[-77.54039,-7.575602],[-77.536932,-7.571293],[-77.540559,-7.567218],[-77.54019,-7.562903],[-77.533904,-7.55488],[-77.53414,-7.546566],[-77.529856,-7.536355],[-77.529128,-7.516192],[-77.522468,-7.506862],[-77.526918,-7.504839],[-77.533925,-7.508655],[-77.539077,-7.507385],[-77.542662,-7.497123],[-77.549526,-7.495895],[-77.55349,-7.485151],[-77.554303,-7.478388],[-77.559537,-7.464817],[-77.56932,-7.456601],[-77.5779,-7.452037],[-77.584666,-7.449941],[-77.592934,-7.443489],[-77.598968,-7.44851],[-77.600749,-7.443904],[-77.610271,-7.434858],[-77.614312,-7.423606],[-77.61365,-7.419949],[-77.630379,-7.413269],[-77.627061,-7.410114],[-77.624747,-7.40113],[-77.621678,-7.397365],[-77.627562,-7.383548],[-77.629415,-7.381498],[-77.635709,-7.357446],[-77.634826,-7.350129],[-77.639082,-7.343256],[-77.635289,-7.340685],[-77.632464,-7.330747],[-77.634539,-7.32576],[-77.62864,-7.323261],[-77.628646,-7.320024],[-77.633592,-7.308818],[-77.635489,-7.300376],[-77.634875,-7.292677],[-77.637233,-7.289901],[-77.639506,-7.280514],[-77.64692,-7.269608],[-77.637338,-7.254504],[-77.645125,-7.253455],[-77.646746,-7.24074],[-77.637642,-7.242934],[-77.636246,-7.235676],[-77.623863,-7.227333],[-77.616656,-7.226449],[-77.60553,-7.219162],[-77.607806,-7.21034],[-77.607382,-7.206113],[-77.612981,-7.206368],[-77.614383,-7.20147],[-77.621049,-7.191631],[-77.618537,-7.183241],[-77.615419,-7.179443],[-77.620824,-7.172573],[-77.628493,-7.169577],[-77.633631,-7.170029],[-77.638628,-7.161197],[-77.63946,-7.153768],[-77.643534,-7.149001],[-77.652681,-7.146541],[-77.664866,-7.138022],[-77.681262,-7.131642],[-77.689101,-7.121325],[-77.694126,-7.121211],[-77.700723,-7.117869],[-77.713379,-7.107887],[-77.713202,-7.101613],[-77.717608,-7.086358],[-77.709358,-7.078443],[-77.706743,-7.072474],[-77.709568,-7.066397],[-77.717187,-7.065242],[-77.723831,-7.059599],[-77.727238,-7.053224],[-77.731937,-7.048719],[-77.740776,-7.033082],[-77.740405,-7.026514],[-77.74566,-7.01955],[-77.743842,-7.013164],[-77.74768,-7.004715],[-77.744357,-6.998232],[-77.747821,-6.993973],[-77.747095,-6.986717],[-77.755059,-6.976696],[-77.755572,-6.969818],[-77.758934,-6.964508],[-77.765936,-6.962119],[-77.771904,-6.95058],[-77.7793,-6.941453],[-77.786251,-6.949293],[-77.787632,-6.95491],[-77.794606,-6.95814],[-77.801932,-6.966144],[-77.80989,-6.961183],[-77.822822,-6.959777],[-77.827187,-6.957085],[-77.833435,-6.956783],[-77.835284,-6.959591],[-77.839237,-6.973234],[-77.845865,-6.976398],[-77.864754,-6.968258],[-77.87204,-6.96698],[-77.880342,-6.962504],[-77.887057,-6.971642],[-77.895557,-6.975671],[-77.900006,-6.98067],[-77.91529,-6.980568],[-77.927528,-6.986709],[-77.931728,-6.985605],[-77.93494,-6.9797],[-77.946734,-6.973652],[-77.961855,-6.976643],[-77.972883,-6.970566],[-77.98358,-6.96309],[-77.992141,-6.964006],[-77.998744,-6.967676],[-77.999506,-6.970532],[-77.993926,-6.969469],[-77.988491,-6.975324],[-77.993621,-6.977896],[-78.000171,-6.989586],[-77.992899,-6.993242],[-77.990373,-6.998557],[-77.98546,-7.000572],[-77.988281,-7.006216],[-77.985127,-7.014215],[-77.978894,-7.015979],[-77.978884,-7.023937],[-77.972886,-7.024025],[-77.965261,-7.038295],[-77.965921,-7.050774],[-77.957931,-7.054328],[-77.947718,-7.069333],[-77.949287,-7.078425],[-77.94041,-7.088498],[-77.939393,-7.096986],[-77.929517,-7.106358],[-77.929188,-7.118754],[-77.925577,-7.136416],[-77.926204,-7.152786],[-77.922689,-7.157463],[-77.909897,-7.162404],[-77.904709,-7.166326],[-77.897869,-7.166807],[-77.898938,-7.179422],[-77.89778,-7.182487],[-77.887403,-7.185233],[-77.886454,-7.190822],[-77.880916,-7.195463],[-77.883304,-7.199443],[-77.881128,-7.210444],[-77.883097,-7.217859],[-77.880905,-7.221387],[-77.869191,-7.228679],[-77.86477,-7.226395],[-77.858053,-7.231099],[-77.854603,-7.230885],[-77.84924,-7.235571],[-77.849649,-7.238066],[-77.856955,-7.245319],[-77.859595,-7.255073],[-77.859595,-7.264868],[-77.854407,-7.272066],[-77.856585,-7.283201],[-77.842973,-7.28778],[-77.839403,-7.29099],[-77.837639,-7.300256],[-77.833647,-7.303214],[-77.83105,-7.310031],[-77.833968,-7.323261],[-77.836962,-7.326647],[-77.835536,-7.331209],[-77.838372,-7.341119],[-77.83142,-7.342507],[-77.825414,-7.355758],[-77.820927,-7.369123],[-77.825278,-7.374521],[-77.824996,-7.378664],[-77.813445,-7.39254],[-77.805435,-7.396321],[-77.797739,-7.403701],[-77.79163,-7.405322],[-77.780729,-7.410885],[-77.776908,-7.417248],[-77.771986,-7.418458],[-77.772117,-7.42915],[-77.767445,-7.440769],[-77.755421,-7.441046],[-77.748046,-7.455049],[-77.745104,-7.463738],[-77.741372,-7.466695],[-77.742505,-7.472222],[-77.747324,-7.480346],[-77.759387,-7.478213],[-77.770004,-7.481775],[-77.778211,-7.489947],[-77.791195,-7.500002],[-77.802738,-7.503027],[-77.813457,-7.504387],[-77.818393,-7.507283],[-77.830539,-7.511189],[-77.844168,-7.514381],[-77.846352,-7.517385],[-77.857486,-7.524195],[-77.862643,-7.53485],[-77.861611,-7.539031],[-77.861799,-7.552258],[-77.865822,-7.561148],[-77.867846,-7.575535],[-77.867084,-7.579443],[-77.870437,-7.58533],[-77.878256,-7.587465],[-77.887894,-7.588215],[-77.910094,-7.597154],[-77.922773,-7.600312],[-77.91931,-7.605716],[-77.915957,-7.619322],[-77.912781,-7.624903],[-77.920045,-7.628582],[-77.926254,-7.637088],[-77.940292,-7.640455],[-77.939129,-7.648377],[-77.932305,-7.651789],[-77.936584,-7.657477],[-77.948349,-7.659731],[-77.957824,-7.6548],[-77.961587,-7.658838],[-77.960937,-7.662713],[-77.964708,-7.666194],[-77.962802,-7.674314],[-77.966728,-7.675148],[-77.973203,-7.66705],[-77.977409,-7.669951],[-77.998642,-7.679074],[-78.016963,-7.679834],[-78.025973,-7.682508],[-78.04382,-7.678174],[-78.050928,-7.678922],[-78.063213,-7.688807],[-78.068377,-7.689756],[-78.081221,-7.696169],[-78.085387,-7.688035],[-78.090635,-7.681587],[-78.094875,-7.673589],[-78.099084,-7.670971],[-78.116053,-7.654007],[-78.123847,-7.655212],[-78.127809,-7.653485],[-78.131845,-7.659883],[-78.141683,-7.664019],[-78.140034,-7.675391],[-78.141004,-7.682721],[-78.147578,-7.687634],[-78.149114,-7.691651],[-78.158863,-7.693351],[-78.164757,-7.704248],[-78.171345,-7.713394],[-78.178339,-7.711859],[-78.190288,-7.717504],[-78.192838,-7.72721],[-78.199451,-7.729377],[-78.211059,-7.727777],[-78.215896,-7.723918],[-78.219645,-7.728568],[-78.211641,-7.743205],[-78.216299,-7.749085],[-78.213518,-7.75404],[-78.221171,-7.763142],[-78.224653,-7.759331],[-78.235132,-7.757323],[-78.242322,-7.754499],[-78.247553,-7.756568],[-78.251662,-7.754153],[-78.256331,-7.754956],[-78.272421,-7.753518],[-78.277196,-7.748436],[-78.281156,-7.747278],[-78.283246,-7.742103],[-78.28209,-7.7264],[-78.275717,-7.720222],[-78.28386,-7.715574],[-78.284081,-7.712222],[-78.289631,-7.706568],[-78.295773,-7.70686],[-78.302803,-7.696463],[-78.315198,-7.703179],[-78.320916,-7.697395],[-78.330139,-7.699628],[-78.335647,-7.690536],[-78.344365,-7.685986],[-78.347965,-7.685716],[-78.35218,-7.672957],[-78.35662,-7.67381],[-78.359463,-7.668005],[-78.35644,-7.662309],[-78.360558,-7.653841],[-78.36073,-7.644299],[-78.364195,-7.643144],[-78.371863,-7.644602],[-78.377826,-7.638682],[-78.382819,-7.630107],[-78.376892,-7.624651],[-78.376319,-7.616624],[-78.379756,-7.600274],[-78.377745,-7.593536],[-78.370173,-7.593284],[-78.361847,-7.58466],[-78.360532,-7.579055],[-78.356792,-7.574006],[-78.356362,-7.569314],[-78.358674,-7.562967],[-78.359784,-7.551066],[-78.363865,-7.545467],[-78.36255,-7.537691],[-78.359852,-7.534291],[-78.360827,-7.529961],[-78.353245,-7.520561],[-78.354151,-7.515991],[-78.349581,-7.51182],[-78.339045,-7.507866],[-78.326994,-7.509287],[-78.322221,-7.503326],[-78.327787,-7.497469],[-78.344195,-7.494088],[-78.348877,-7.496818],[-78.359984,-7.500394],[-78.36817,-7.500316],[-78.378447,-7.497086],[-78.384518,-7.492035],[-78.392902,-7.492022],[-78.395496,-7.48825],[-78.403084,-7.483493],[-78.409291,-7.485873],[-78.415633,-7.48507],[-78.417492,-7.489418],[-78.427533,-7.492424],[-78.433357,-7.49684],[-78.437303,-7.50209],[-78.451566,-7.512584],[-78.45383,-7.518769],[-78.4595,-7.527965],[-78.465338,-7.534641],[-78.474646,-7.538959],[-78.479779,-7.545977],[-78.486297,-7.549728],[-78.491393,-7.554873],[-78.497351,-7.553383],[-78.510973,-7.556684],[-78.518145,-7.554762],[-78.523871,-7.549861],[-78.532064,-7.550514],[-78.539072,-7.549297],[-78.554435,-7.550332],[-78.560654,-7.552527],[-78.580537,-7.547125],[-78.590102,-7.550187],[-78.59473,-7.54676],[-78.602055,-7.549068],[-78.616996,-7.547777],[-78.620279,-7.545445],[-78.624572,-7.548559],[-78.634004,-7.542743],[-78.649596,-7.529017],[-78.644417,-7.51486],[-78.636199,-7.504302],[-78.635538,-7.499086],[-78.63135,-7.491806],[-78.631868,-7.483703],[-78.627528,-7.479452],[-78.627545,-7.470611],[-78.629498,-7.466269],[-78.627824,-7.45636],[-78.629843,-7.4455],[-78.63366,-7.442688],[-78.638293,-7.43359],[-78.646035,-7.427709],[-78.652197,-7.427613],[-78.662467,-7.412998],[-78.661598,-7.406019],[-78.673303,-7.411625],[-78.6851,-7.411814],[-78.688639,-7.414082],[-78.698143,-7.414529],[-78.709963,-7.412113],[-78.713326,-7.409637],[-78.730461,-7.41993],[-78.738209,-7.420086],[-78.742306,-7.415348],[-78.745266,-7.407003],[-78.760125,-7.401984],[-78.761941,-7.40823],[-78.772082,-7.411814],[-78.777238,-7.416478],[-78.779728,-7.42365],[-78.782812,-7.422185],[-78.785943,-7.410792],[-78.783676,-7.404629],[-78.786936,-7.39665],[-78.789914,-7.395154],[-78.801408,-7.403512],[-78.803411,-7.418995],[-78.813517,-7.425844],[-78.820937,-7.425994],[-78.835921,-7.436503],[-78.841619,-7.437617],[-78.8424,-7.443358],[-78.846989,-7.446865],[-78.847756,-7.452769],[-78.856933,-7.457408],[-78.867601,-7.466998],[-78.876579,-7.470336],[-78.880543,-7.477248],[-78.886685,-7.484102],[-78.880655,-7.48923],[-78.874389,-7.48993],[-78.861848,-7.497202],[-78.857629,-7.504167],[-78.857491,-7.51243],[-78.851494,-7.522546],[-78.86035,-7.527907],[-78.861497,-7.531858],[-78.873926,-7.531196],[-78.8826,-7.535323],[-78.886061,-7.533441],[-78.895908,-7.537437],[-78.912774,-7.551087],[-78.913898,-7.558317],[-78.919099,-7.565378],[-78.922249,-7.566573],[-78.931057,-7.575068],[-78.935158,-7.581852],[-78.936494,-7.594904],[-78.944344,-7.598418],[-78.942586,-7.612784],[-78.944351,-7.618667],[-78.942187,-7.627201],[-78.946098,-7.635637],[-78.950693,-7.640684],[-78.951709,-7.646537],[-78.957242,-7.652559],[-78.959923,-7.658745],[-78.980039,-7.660643],[-78.987284,-7.659517],[-78.992149,-7.660949],[-79.006479,-7.64524],[-79.008488,-7.639625],[-79.014238,-7.635476],[-79.018599,-7.629062],[-79.026417,-7.625451],[-79.029557,-7.620047],[-79.029024,-7.615634],[-79.033256,-7.611702],[-79.034333,-7.603915],[-79.041232,-7.599887],[-79.041462,-7.591891],[-79.043715,-7.588043],[-79.040245,-7.581612],[-79.038334,-7.568129],[-79.039101,-7.561201],[-79.045151,-7.558411],[-79.04878,-7.553914],[-79.059847,-7.546675],[-79.061462,-7.538799],[-79.057171,-7.527331],[-79.065828,-7.520983],[-79.065664,-7.512212],[-79.071552,-7.505346],[-79.071214,-7.49628],[-79.069108,-7.479623],[-79.065362,-7.472703],[-79.094406,-7.457262],[-79.1185,-7.443471],[-79.122762,-7.441644],[-79.152724,-7.43982],[-79.15699,-7.427836],[-79.162127,-7.417972],[-79.179701,-7.404715],[-79.181628,-7.399778],[-79.188175,-7.395413],[-79.18666,-7.386581],[-79.18707,-7.377085],[-79.193723,-7.373803],[-79.199757,-7.374157],[-79.202028,-7.378211],[-79.209938,-7.382512],[-79.217271,-7.384096],[-79.23087,-7.390953],[-79.239799,-7.386292],[-79.256334,-7.381864],[-79.260875,-7.378995],[-79.264527,-7.371778],[-79.273112,-7.36699],[-79.279235,-7.359533],[-79.280261,-7.350898],[-79.282902,-7.348743],[-79.293119,-7.347261],[-79.299987,-7.353129],[-79.314919,-7.359683],[-79.32252,-7.354525],[-79.329919,-7.355303],[-79.334266,-7.352881],[-79.342788,-7.340737],[-79.347131,-7.336637],[-79.351957,-7.336782],[-79.365597,-7.332414],[-79.367013,-7.327185],[-79.350334,-7.321916],[-79.340242,-7.315541],[-79.337293,-7.312228],[-79.327525,-7.308937],[-79.321691,-7.304223],[-79.313992,-7.294963],[-79.313832,-7.291779],[-79.30883,-7.285387],[-79.300434,-7.281061],[-79.296566,-7.281498],[-79.282627,-7.275061],[-79.275975,-7.278896],[-79.269155,-7.278339],[-79.268344,-7.270607],[-79.27126,-7.263732],[-79.271385,-7.258774],[-79.279322,-7.247702],[-79.27424,-7.239387],[-79.271632,-7.22929],[-79.275535,-7.215813],[-79.27134,-7.21512],[-79.251804,-7.198349],[-79.267275,-7.192394],[-79.27012,-7.185044],[-79.274549,-7.182783],[-79.276226,-7.175302],[-79.281069,-7.168178],[-79.27877,-7.16326],[-79.282558,-7.155948],[-79.290115,-7.153329],[-79.295277,-7.149648],[-79.301189,-7.149887],[-79.305301,-7.147146],[-79.304631,-7.139008],[-79.297741,-7.128173],[-79.307378,-7.125555],[-79.312136,-7.122519],[-79.313745,-7.118321],[-79.311482,-7.112714],[-79.312464,-7.104675],[-79.311512,-7.099203],[-79.312916,-7.090386],[-79.318087,-7.084661],[-79.326146,-7.082993],[-79.330541,-7.075573],[-79.327478,-7.071479],[-79.331619,-7.057354],[-79.325848,-7.039002],[-79.322586,-7.025684],[-79.330545,-7.024223],[-79.336698,-7.014859],[-79.342323,-7.010803],[-79.355018,-7.007818],[-79.359606,-7.004966],[-79.369098,-6.991686],[-79.369986,-6.985371],[-79.377167,-6.984993],[-79.378827,-6.982595],[-79.389319,-6.975167],[-79.392322,-6.96491],[-79.400401,-6.963355],[-79.400762,-6.956928],[-79.423677,-6.954749],[-79.430851,-6.953373],[-79.437331,-6.948594],[-79.455005,-6.946314],[-79.457081,-6.952014],[-79.465623,-6.961789],[-79.467917,-6.966085],[-79.48089,-6.970273],[-79.487633,-6.967076],[-79.496387,-6.971711],[-79.503323,-6.967417],[-79.508016,-6.970436],[-79.510512,-6.976054],[-79.514734,-6.978585],[-79.51442,-6.986332],[-79.528768,-7.005285],[-79.535293,-7.011482],[-79.569572,-7.04807],[-79.579359,-7.058959],[-79.59323,-7.072992],[-79.664324,-7.148807],[-79.690621,-7.177127],[-79.681941,-7.186451],[-79.667521,-7.200463],[-79.666385,-7.202586],[-79.639965,-7.228787],[-79.621344,-7.250273],[-79.609801,-7.266588],[-79.605779,-7.27598],[-79.599185,-7.286631],[-79.591549,-7.304803],[-79.587621,-7.318383],[-79.590502,-7.326918],[-79.588607,-7.335703],[-79.589592,-7.339686],[-79.588541,-7.350932],[-79.5744,-7.373883],[-79.569539,-7.389988],[-79.57201,-7.399486],[-79.577773,-7.407219],[-79.584025,-7.412463],[-79.588477,-7.414098],[-79.588713,-7.419516],[-79.583746,-7.434701],[-79.578937,-7.442508],[-79.576445,-7.453922],[-79.576611,-7.46151],[-79.570066,-7.470603],[-79.550072,-7.494529],[-79.54723,-7.501844],[-79.53948,-7.514021],[-79.540876,-7.521256],[-79.533304,-7.529183],[-79.518747,-7.546401],[-79.50598,-7.562614],[-79.50065,-7.56804],[-79.495991,-7.575333],[-79.495262,-7.581191],[-79.471736,-7.612254],[-79.459178,-7.630702],[-79.449093,-7.647075],[-79.436822,-7.673598],[-79.435314,-7.679832],[-79.435289,-7.693359],[-79.437477,-7.697934],[-79.44382,-7.703119],[-79.453758,-7.70765],[-79.458914,-7.708021],[-79.465707,-7.711934],[-79.465455,-7.716572],[-79.460746,-7.722703],[-79.447725,-7.736283],[-79.411131,-7.769127],[-79.392426,-7.787809],[-79.384504,-7.799922],[-79.386742,-7.809789],[-79.38167,-7.817809],[-79.381521,-7.825473],[-79.375746,-7.842098],[-79.364373,-7.858502],[-79.352695,-7.872209],[-79.341672,-7.882635],[-79.329941,-7.895203],[-79.314727,-7.908412],[-79.309867,-7.914055],[-79.307291,-7.925971],[-79.285807,-7.943342],[-79.267476,-7.956756],[-79.256525,-7.963988],[-79.221287,-7.989717],[-79.212582,-7.997598],[-79.196572,-8.008197],[-79.176853,-8.022703],[-79.167664,-8.030699],[-79.130078,-8.05985],[-79.119199,-8.072494],[-79.119201,-8.076047],[-79.123064,-8.082203],[-79.120881,-8.089219],[-79.115566,-8.096662],[-79.104744,-8.104584],[-79.076562,-8.128275],[-79.064561,-8.137467],[-79.022396,-8.175305],[-79.01456,-8.183945],[-79.000004,-8.197117],[-78.986088,-8.212361],[-78.980283,-8.223107],[-78.980916,-8.23084],[-78.962527,-8.252832],[-78.957584,-8.263031],[-78.960355,-8.271137],[-78.956777,-8.28559],[-78.959205,-8.290086],[-78.957553,-8.293523],[-78.948119,-8.30501],[-78.945951,-8.311551],[-78.92541,-8.339641],[-78.903771,-8.365523],[-78.896365,-8.378926],[-78.895096,-8.385465],[-78.895406,-8.396873],[-78.90084,-8.41423],[-78.908266,-8.424531],[-78.9126,-8.42882],[-78.916867,-8.429973],[-78.930283,-8.429246],[-78.934076,-8.427732],[-78.934885,-8.436324],[-78.929373,-8.441492],[-78.926238,-8.446945],[-78.915092,-8.460084],[-78.901533,-8.469123],[-78.862273,-8.494076],[-78.831906,-8.517408],[-78.818449,-8.52874],[-78.795584,-8.549746],[-78.778008,-8.569412],[-78.766029,-8.586481],[-78.755709,-8.605717],[-78.748527,-8.621457],[-78.743826,-8.63383],[-78.740324,-8.648695],[-78.737998,-8.666939],[-78.740484,-8.673635],[-78.744058,-8.675707],[-78.746725,-8.684273],[-78.740098,-8.700195],[-78.737383,-8.712084],[-78.73818,-8.718578],[-78.74109,-8.724135],[-78.740582,-8.732928],[-78.742771,-8.740324],[-78.752059,-8.747529],[-78.760711,-8.75641],[-78.757531,-8.766598],[-78.761158,-8.773957],[-78.734514,-8.807846],[-78.714875,-8.834934],[-78.690885,-8.865705],[-78.672799,-8.884592],[-78.651662,-8.914355],[-78.648268,-8.924918],[-78.644994,-8.930734],[-78.643664,-8.936945],[-78.645012,-8.943451],[-78.642812,-8.957537],[-78.644594,-8.960611],[-78.644924,-8.969228],[-78.629729,-8.97089],[-78.619511,-8.96653],[-78.612342,-8.959804],[-78.591662,-8.945999],[-78.589944,-8.942622],[-78.58962,-8.924974],[-78.586073,-8.921153],[-78.583022,-8.909244],[-78.579791,-8.905444],[-78.578984,-8.894832],[-78.576485,-8.889047],[-78.580627,-8.876777],[-78.58245,-8.866602],[-78.588281,-8.858677],[-78.584985,-8.849244],[-78.582178,-8.845336],[-78.581041,-8.836986],[-78.575796,-8.81973],[-78.570638,-8.810088],[-78.56514,-8.796726],[-78.565343,-8.792599],[-78.560843,-8.788237],[-78.557924,-8.782385],[-78.551573,-8.775023],[-78.54214,-8.769252],[-78.529368,-8.763111],[-78.526257,-8.757767],[-78.518139,-8.752981],[-78.493301,-8.74983],[-78.484821,-8.750541],[-78.474763,-8.744378],[-78.467925,-8.741533],[-78.458285,-8.739713],[-78.455438,-8.737593],[-78.448228,-8.736927],[-78.425329,-8.723902],[-78.410123,-8.708211],[-78.402299,-8.70747],[-78.397328,-8.702561],[-78.389843,-8.702172],[-78.387781,-8.698475],[-78.379172,-8.696566],[-78.373198,-8.687242],[-78.363011,-8.681178],[-78.35481,-8.673279],[-78.351105,-8.672336],[-78.346301,-8.675869],[-78.337275,-8.675682],[-78.334912,-8.667203],[-78.326805,-8.665473],[-78.316453,-8.665299],[-78.310947,-8.667207],[-78.300574,-8.663559],[-78.294789,-8.658809],[-78.287672,-8.662496],[-78.28181,-8.658787],[-78.27266,-8.656314],[-78.261363,-8.658141],[-78.25455,-8.65741],[-78.246135,-8.658363],[-78.243906,-8.655594],[-78.235578,-8.65292],[-78.228348,-8.644793],[-78.214623,-8.63616],[-78.207152,-8.632699],[-78.200514,-8.62251],[-78.202516,-8.616894],[-78.198144,-8.608789],[-78.195459,-8.606742],[-78.193525,-8.600111],[-78.198379,-8.586273],[-78.201811,-8.582947],[-78.201654,-8.574178],[-78.20793,-8.56609],[-78.21515,-8.56571],[-78.216879,-8.556918],[-78.208437,-8.541215],[-78.202598,-8.526066],[-78.19615,-8.521309],[-78.194082,-8.515603],[-78.190348,-8.514471],[-78.188557,-8.508908],[-78.18433,-8.510383],[-78.173656,-8.503537],[-78.170021,-8.498344],[-78.170412,-8.492039],[-78.165281,-8.484992],[-78.162451,-8.484764],[-78.157301,-8.478193],[-78.156736,-8.46357],[-78.151006,-8.456926],[-78.150557,-8.451365],[-78.139469,-8.427832],[-78.138559,-8.421951],[-78.140613,-8.414135],[-78.137887,-8.408394],[-78.137107,-8.398451],[-78.135248,-8.392205],[-78.139228,-8.390164],[-78.136799,-8.377463],[-78.137498,-8.368668],[-78.129801,-8.361801],[-78.123394,-8.360787],[-78.114941,-8.350742],[-78.114394,-8.343764],[-78.109053,-8.339777],[-78.108537,-8.335896],[-78.114246,-8.327971],[-78.114957,-8.322727],[-78.120637,-8.318686],[-78.11595,-8.3101],[-78.10223,-8.30538],[-78.09436,-8.29429],[-78.09048,-8.294437],[-78.087052,-8.286304],[-78.08198,-8.281086],[-78.073647,-8.281624],[-78.066461,-8.277585],[-78.065247,-8.271476],[-78.058234,-8.268809],[-78.045508,-8.257872],[-78.036799,-8.255951],[-78.035285,-8.247305],[-78.032497,-8.242222],[-78.025713,-8.234672],[-78.018635,-8.224316],[-78.012826,-8.221518],[-78.00619,-8.22206],[-77.987133,-8.216018],[-77.982332,-8.215375],[-77.978723,-8.210451],[-77.965775,-8.208289],[-77.957396,-8.208269],[-77.950166,-8.205277],[-77.93992,-8.199102],[-77.933213,-8.19701],[-77.933871,-8.190211],[-77.930477,-8.178781],[-77.931074,-8.176146],[-77.926547,-8.157144],[-77.920365,-8.147262],[-77.918363,-8.133787],[-77.913572,-8.120695],[-77.910637,-8.119596],[-77.908283,-8.108844],[-77.904463,-8.104553],[-77.905428,-8.094924],[-77.901332,-8.082477],[-77.897904,-8.076016],[-77.89694,-8.063226],[-77.891278,-8.061454],[-77.883522,-8.063712],[-77.869477,-8.055962],[-77.865555,-8.057081],[-77.859632,-8.066717],[-77.852208,-8.074779],[-77.839566,-8.074532],[-77.833278,-8.075741],[-77.824453,-8.069737],[-77.810441,-8.067735],[-77.795797,-8.071016],[-77.791699,-8.077652],[-77.785785,-8.079199],[-77.77226,-8.077338],[-77.766843,-8.078018],[-77.761047,-8.075226],[-77.750234,-8.077197],[-77.743388,-8.070185],[-77.736178,-8.072636],[-77.726809,-8.071797],[-77.71943,-8.073445],[-77.709959,-8.068504],[-77.701586,-8.066353],[-77.690432,-8.060363],[-77.684684,-8.063014],[-77.664709,-8.057478],[-77.657771,-8.052951],[-77.647111,-8.050281],[-77.64684,-8.061498],[-77.642687,-8.067217],[-77.633424,-8.068949],[-77.623252,-8.073531],[-77.618752,-8.079832],[-77.620512,-8.08584],[-77.625328,-8.094475],[-77.63652,-8.106192],[-77.636144,-8.109331],[-77.630081,-8.115135],[-77.62393,-8.117887],[-77.61659,-8.131244],[-77.609965,-8.131875],[-77.603379,-8.134764],[-77.60149,-8.138486],[-77.607869,-8.146776],[-77.605687,-8.154811],[-77.594123,-8.162828],[-77.576748,-8.16732],[-77.570273,-8.174564],[-77.563496,-8.188506],[-77.557217,-8.193732],[-77.569713,-8.206033],[-77.573783,-8.215414],[-77.573426,-8.223478],[-77.575328,-8.228572],[-77.57282,-8.233521],[-77.562156,-8.238307],[-77.552684,-8.236416],[-77.545742,-8.237471],[-77.540746,-8.240873],[-77.535894,-8.241049],[-77.527752,-8.247219],[-77.526473,-8.252848],[-77.528559,-8.265693],[-77.521352,-8.270701],[-77.50333,-8.274555],[-77.491368,-8.282553],[-77.486588,-8.297611],[-77.48763,-8.303546],[-77.482133,-8.313922],[-77.473638,-8.320501],[-77.477986,-8.326547],[-77.470645,-8.332444],[-77.463807,-8.331262],[-77.458896,-8.335656],[-77.457439,-8.346256],[-77.459436,-8.354941],[-77.454365,-8.356237],[-77.452389,-8.362032],[-77.446956,-8.369374],[-77.449848,-8.374461],[-77.448478,-8.381618],[-77.438603,-8.397907],[-77.436579,-8.41053],[-77.438896,-8.419862],[-77.430666,-8.430601],[-77.423186,-8.434011],[-77.418336,-8.439649],[-77.405461,-8.441483],[-77.403915,-8.451987],[-77.399663,-8.458163],[-77.398981,-8.46415],[-77.402272,-8.472063],[-77.400338,-8.481967],[-77.391039,-8.490962],[-77.386295,-8.494077],[-77.379944,-8.495001],[-77.369067,-8.499862],[-77.365927,-8.503356],[-77.365264,-8.508364],[-77.354508,-8.51334],[-77.347346,-8.517928],[-77.344467,-8.523817],[-77.3371,-8.53145],[-77.33258,-8.533028],[-77.325935,-8.529111],[-77.317486,-8.530152],[-77.309361,-8.521547],[-77.299676,-8.520557],[-77.290019,-8.513709],[-77.287695,-8.508959],[-77.282783,-8.505889],[-77.277098,-8.495736],[-77.276049,-8.486486],[-77.272904,-8.482348],[-77.271512,-8.475947],[-77.265783,-8.471674],[-77.264078,-8.467531],[-77.2549,-8.471703],[-77.246754,-8.473133],[-77.2341,-8.478539],[-77.230461,-8.477914],[-77.220441,-8.479754],[-77.214518,-8.482937],[-77.204213,-8.485691],[-77.193605,-8.479875],[-77.186254,-8.480246],[-77.174801,-8.471228],[-77.162734,-8.466123],[-77.158068,-8.46123],[-77.146738,-8.454508],[-77.135405,-8.443879],[-77.133844,-8.440021]]]},"properties":{"province":"La Libertad"}},{"type":"Feature","geometry":{"type":"Polygon","coordinates":[[[-79.418609,-5.9701],[-79.420769,-5.96942],[-79.435465,-5.955295],[-79.4629,-5.94442],[-79.46626,-5.93293],[-79.470051,-5.92808],[-79.48117,-5.923199],[-79.489051,-5.920881],[-79.490771,-5.91785],[-79.498939,-5.915189],[-79.51225,-5.917211],[-79.517301,-5.917019],[-79.52067,-5.912801],[-79.527631,-5.912871],[-79.531529,-5.920699],[-79.54299,-5.925098],[-79.54609,-5.92967],[-79.55168,-5.93293],[-79.55242,-5.937461],[-79.56382,-5.933869],[-79.571539,-5.937789],[-79.579199,-5.93541],[-79.586961,-5.93842],[-79.59375,-5.933811],[-79.597381,-5.93425],[-79.600449,-5.93957],[-79.611107,-5.923463],[-79.609307,-5.917832],[-79.613394,-5.910143],[-79.61176,-5.902619],[-79.61348,-5.89507],[-79.61725,-5.891461],[-79.62642,-5.887449],[-79.625572,-5.875801],[-79.628891,-5.87027],[-79.629939,-5.863019],[-79.632619,-5.858869],[-79.636881,-5.857949],[-79.635242,-5.852199],[-79.62875,-5.851609],[-79.627801,-5.84482],[-79.629019,-5.836721],[-79.63158,-5.83459],[-79.631428,-5.829029],[-79.62398,-5.823539],[-79.62057,-5.809705],[-79.62143,-5.799812],[-79.62876,-5.796021],[-79.632264,-5.798783],[-79.632152,-5.80441],[-79.636504,-5.810035],[-79.651355,-5.816043],[-79.655828,-5.823879],[-79.659426,-5.827221],[-79.662,-5.834152],[-79.669877,-5.835457],[-79.682711,-5.846445],[-79.689045,-5.847965],[-79.69809,-5.846394],[-79.702963,-5.842826],[-79.708506,-5.841686],[-79.712605,-5.838008],[-79.731035,-5.839008],[-79.737328,-5.83765],[-79.739041,-5.833002],[-79.737803,-5.826727],[-79.741926,-5.818973],[-79.741945,-5.814469],[-79.738148,-5.808834],[-79.739316,-5.799588],[-79.733207,-5.794518],[-79.734547,-5.787404],[-79.72743,-5.781941],[-79.725725,-5.773346],[-79.723271,-5.769467],[-79.717754,-5.750389],[-79.720084,-5.746623],[-79.717281,-5.739348],[-79.73648,-5.721436],[-79.743953,-5.718937],[-79.743842,-5.713531],[-79.749271,-5.709674],[-79.758367,-5.712043],[-79.766416,-5.708252],[-79.759287,-5.696256],[-79.745533,-5.686035],[-79.74407,-5.682355],[-79.745355,-5.675848],[-79.750887,-5.675242],[-79.761488,-5.669041],[-79.764209,-5.663793],[-79.770154,-5.659215],[-79.777572,-5.658853],[-79.786934,-5.646588],[-79.79175,-5.645555],[-79.80501,-5.646414],[-79.815062,-5.656066],[-79.818232,-5.664635],[-79.82181,-5.656301],[-79.824455,-5.654684],[-79.8276,-5.644939],[-79.832935,-5.64549],[-79.835182,-5.638033],[-79.841021,-5.628361],[-79.844705,-5.617865],[-79.848941,-5.610918],[-79.853807,-5.599105],[-79.852682,-5.5951],[-79.857586,-5.587494],[-79.860138,-5.575291],[-79.858443,-5.571348],[-79.86442,-5.56342],[-79.862715,-5.553199],[-79.864096,-5.548684],[-79.853986,-5.531818],[-79.862312,-5.521287],[-79.867365,-5.520635],[-79.877506,-5.509637],[-79.879027,-5.499273],[-79.88265,-5.494082],[-79.895363,-5.482133],[-79.90184,-5.481314],[-79.903055,-5.491449],[-79.921363,-5.502174],[-79.922736,-5.504809],[-79.932461,-5.505367],[-79.933943,-5.510992],[-79.938736,-5.516664],[-79.945873,-5.514996],[-79.952344,-5.527107],[-79.955699,-5.540998],[-79.959445,-5.568352],[-79.961359,-5.571539],[-79.960523,-5.581623],[-79.977836,-5.579824],[-79.986387,-5.581018],[-79.999191,-5.585359],[-80.006471,-5.583951],[-80.01035,-5.578035],[-80.031279,-5.569484],[-80.040328,-5.569385],[-80.052837,-5.563573],[-80.056951,-5.576842],[-80.057169,-5.587335],[-80.055822,-5.593818],[-80.056888,-5.599391],[-80.055547,-5.608199],[-80.057704,-5.619558],[-80.06765,-5.639112],[-80.069959,-5.646171],[-80.066214,-5.656142],[-80.068038,-5.66714],[-80.071053,-5.673254],[-80.061067,-5.6844],[-80.066372,-5.698211],[-80.069958,-5.697626],[-80.094193,-5.703661],[-80.093916,-5.708757],[-80.089921,-5.713382],[-80.091147,-5.726861],[-80.09809,-5.735498],[-80.101271,-5.750247],[-80.102925,-5.762108],[-80.102474,-5.767236],[-80.095206,-5.78312],[-80.092134,-5.795073],[-80.079713,-5.802314],[-80.069109,-5.805371],[-80.052984,-5.811244],[-80.058182,-5.819096],[-80.064662,-5.821051],[-80.069728,-5.827611],[-80.079994,-5.835305],[-80.090064,-5.84707],[-80.092756,-5.852394],[-80.100926,-5.860459],[-80.106072,-5.867449],[-80.111779,-5.868299],[-80.120363,-5.87257],[-80.123658,-5.885187],[-80.123848,-5.891311],[-80.130863,-5.888666],[-80.149871,-5.889344],[-80.166676,-5.892391],[-80.182795,-5.892771],[-80.192451,-5.891904],[-80.198914,-5.893],[-80.204693,-5.898094],[-80.217314,-5.903873],[-80.25518,-5.914441],[-80.269627,-5.917027],[-80.278752,-5.919992],[-80.291754,-5.925998],[-80.307945,-5.935277],[-80.327414,-5.947441],[-80.334713,-5.953904],[-80.341369,-5.962562],[-80.350072,-5.971545],[-80.354559,-5.985914],[-80.362316,-5.993441],[-80.368549,-5.996635],[-80.376219,-6.006969],[-80.452314,-6.119016],[-80.460211,-6.129766],[-80.480894,-6.16007],[-80.49648,-6.182293],[-80.502732,-6.192394],[-80.531498,-6.233473],[-80.545834,-6.254734],[-80.558543,-6.272488],[-80.572027,-6.292375],[-80.626842,-6.371426],[-80.627133,-6.37208],[-80.601791,-6.384434],[-80.554029,-6.406422],[-80.500002,-6.433418],[-80.480748,-6.443775],[-80.432238,-6.469166],[-80.40892,-6.481779],[-80.351762,-6.510809],[-80.288643,-6.543082],[-80.266818,-6.555564],[-80.256482,-6.560834],[-80.224742,-6.578912],[-80.200551,-6.593078],[-80.17732,-6.606037],[-80.117166,-6.647387],[-80.109313,-6.65318],[-80.074887,-6.675523],[-80.05432,-6.691201],[-80.021945,-6.717504],[-80.012045,-6.727297],[-79.986029,-6.747053],[-79.977971,-6.755434],[-79.972986,-6.763098],[-79.969154,-6.773916],[-79.963848,-6.783799],[-79.956203,-6.79165],[-79.952318,-6.80198],[-79.947141,-6.811068],[-79.939713,-6.827033],[-79.93791,-6.840352],[-79.938275,-6.846748],[-79.935367,-6.855994],[-79.935047,-6.863283],[-79.931846,-6.873306],[-79.923203,-6.881291],[-79.911033,-6.896023],[-79.897447,-6.903727],[-79.878699,-6.917906],[-79.867139,-6.93067],[-79.866519,-6.939803],[-79.864144,-6.945404],[-79.866119,-6.948602],[-79.856723,-6.955978],[-79.834557,-6.971072],[-79.811578,-6.991754],[-79.787094,-7.01241],[-79.774133,-7.025346],[-79.753644,-7.043406],[-79.739838,-7.057541],[-79.735449,-7.063635],[-79.735031,-7.067297],[-79.707262,-7.095066],[-79.692066,-7.112721],[-79.683467,-7.124896],[-79.682295,-7.138603],[-79.684039,-7.143238],[-79.682018,-7.153],[-79.685033,-7.159312],[-79.6851,-7.164621],[-79.690709,-7.172478],[-79.690621,-7.177127],[-79.664324,-7.148807],[-79.59323,-7.072992],[-79.579359,-7.058959],[-79.569572,-7.04807],[-79.535293,-7.011482],[-79.528768,-7.005285],[-79.51442,-6.986332],[-79.514734,-6.978585],[-79.510512,-6.976054],[-79.508016,-6.970436],[-79.503323,-6.967417],[-79.496387,-6.971711],[-79.487633,-6.967076],[-79.48089,-6.970273],[-79.467917,-6.966085],[-79.465623,-6.961789],[-79.457081,-6.952014],[-79.455005,-6.946314],[-79.437331,-6.948594],[-79.430851,-6.953373],[-79.423677,-6.954749],[-79.400762,-6.956928],[-79.400401,-6.963355],[-79.392322,-6.96491],[-79.389319,-6.975167],[-79.378827,-6.982595],[-79.377167,-6.984993],[-79.369986,-6.985371],[-79.369098,-6.991686],[-79.359606,-7.004966],[-79.355018,-7.007818],[-79.342323,-7.010803],[-79.336698,-7.014859],[-79.330545,-7.024223],[-79.322586,-7.025684],[-79.319473,-7.019917],[-79.309295,-7.015462],[-79.307239,-7.007404],[-79.299811,-7.005035],[-79.296634,-6.999834],[-79.302327,-6.993778],[-79.300935,-6.988987],[-79.305192,-6.978172],[-79.307226,-6.968214],[-79.30313,-6.961254],[-79.305044,-6.953893],[-79.299365,-6.945386],[-79.30033,-6.936685],[-79.310141,-6.925396],[-79.310914,-6.920436],[-79.311009,-6.901342],[-79.302024,-6.894823],[-79.295642,-6.883502],[-79.273076,-6.876654],[-79.27104,-6.866475],[-79.26274,-6.859156],[-79.251921,-6.861869],[-79.245984,-6.85868],[-79.239501,-6.860441],[-79.229073,-6.860466],[-79.221949,-6.855914],[-79.219087,-6.851687],[-79.218444,-6.840252],[-79.215582,-6.834043],[-79.208689,-6.826678],[-79.207088,-6.821439],[-79.201797,-6.821166],[-79.193557,-6.81591],[-79.188498,-6.815214],[-79.182495,-6.806209],[-79.174428,-6.801653],[-79.158757,-6.800929],[-79.154041,-6.795183],[-79.144275,-6.788612],[-79.134825,-6.785665],[-79.129476,-6.785886],[-79.123721,-6.782824],[-79.120848,-6.77697],[-79.123104,-6.769063],[-79.128893,-6.759683],[-79.128736,-6.752482],[-79.132434,-6.745652],[-79.138002,-6.741236],[-79.138651,-6.736768],[-79.135471,-6.727003],[-79.138031,-6.722282],[-79.142912,-6.719106],[-79.141735,-6.714828],[-79.141562,-6.701542],[-79.145136,-6.700377],[-79.156023,-6.704762],[-79.160996,-6.704596],[-79.171047,-6.701703],[-79.176014,-6.710416],[-79.188428,-6.716541],[-79.194848,-6.704365],[-79.195533,-6.696827],[-79.203528,-6.692087],[-79.213791,-6.695631],[-79.221647,-6.688207],[-79.224587,-6.679601],[-79.22906,-6.671406],[-79.23604,-6.672894],[-79.241909,-6.672084],[-79.256181,-6.677117],[-79.271872,-6.680266],[-79.280724,-6.67756],[-79.291357,-6.67722],[-79.296416,-6.675672],[-79.299088,-6.667155],[-79.298145,-6.662819],[-79.304023,-6.651605],[-79.321927,-6.646868],[-79.325355,-6.640656],[-79.343629,-6.646732],[-79.350739,-6.639752],[-79.362328,-6.633536],[-79.358714,-6.62826],[-79.353004,-6.627008],[-79.348812,-6.619418],[-79.344164,-6.605961],[-79.335736,-6.602429],[-79.346682,-6.582496],[-79.345519,-6.577881],[-79.349734,-6.571857],[-79.360492,-6.568219],[-79.357932,-6.565461],[-79.360084,-6.558216],[-79.364623,-6.555043],[-79.366989,-6.549522],[-79.365692,-6.542073],[-79.367007,-6.52991],[-79.369613,-6.520803],[-79.379441,-6.522719],[-79.38795,-6.531417],[-79.398189,-6.533036],[-79.403275,-6.540732],[-79.408695,-6.540514],[-79.412453,-6.537865],[-79.418678,-6.536963],[-79.422064,-6.532587],[-79.419481,-6.52643],[-79.419382,-6.519442],[-79.417045,-6.506354],[-79.420485,-6.500478],[-79.424768,-6.488673],[-79.431293,-6.479724],[-79.425836,-6.473866],[-79.422695,-6.467489],[-79.422888,-6.451882],[-79.428591,-6.442415],[-79.428808,-6.438127],[-79.432847,-6.427983],[-79.437602,-6.419865],[-79.446308,-6.415039],[-79.449943,-6.409018],[-79.450045,-6.40436],[-79.45349,-6.396842],[-79.44699,-6.385934],[-79.446672,-6.376718],[-79.453844,-6.372184],[-79.451793,-6.365803],[-79.444248,-6.361574],[-79.445435,-6.355079],[-79.440682,-6.350381],[-79.436815,-6.343171],[-79.426564,-6.328897],[-79.427678,-6.317402],[-79.422658,-6.31043],[-79.41609,-6.308598],[-79.408988,-6.312104],[-79.399934,-6.309002],[-79.396745,-6.304458],[-79.387941,-6.298295],[-79.381846,-6.300589],[-79.371047,-6.29958],[-79.363814,-6.303553],[-79.353561,-6.304291],[-79.351536,-6.297748],[-79.344663,-6.287739],[-79.345689,-6.283138],[-79.341688,-6.278066],[-79.33508,-6.272927],[-79.329035,-6.26627],[-79.321789,-6.263058],[-79.312344,-6.265271],[-79.308441,-6.270054],[-79.300487,-6.26747],[-79.292022,-6.259703],[-79.284738,-6.254496],[-79.280886,-6.246051],[-79.276389,-6.239858],[-79.275872,-6.234415],[-79.279048,-6.229258],[-79.272685,-6.225764],[-79.2589,-6.225492],[-79.252261,-6.226688],[-79.249167,-6.221777],[-79.254129,-6.216549],[-79.259348,-6.198886],[-79.2633,-6.191969],[-79.265725,-6.179299],[-79.272646,-6.168795],[-79.274665,-6.15846],[-79.272529,-6.146731],[-79.265298,-6.145251],[-79.259178,-6.140183],[-79.256246,-6.1275],[-79.252972,-6.125124],[-79.249071,-6.11627],[-79.244909,-6.111684],[-79.243281,-6.105793],[-79.236646,-6.104096],[-79.233898,-6.093068],[-79.227122,-6.091559],[-79.218335,-6.095028],[-79.213209,-6.098875],[-79.198443,-6.100081],[-79.194266,-6.095589],[-79.187744,-6.094319],[-79.180818,-6.0863],[-79.18393,-6.080467],[-79.182851,-6.068217],[-79.184674,-6.061809],[-79.188856,-6.059586],[-79.183192,-6.048601],[-79.175441,-6.041955],[-79.17675,-6.036847],[-79.184673,-6.031636],[-79.190004,-6.024766],[-79.203961,-6.024057],[-79.208664,-6.032998],[-79.210557,-6.042353],[-79.214885,-6.044609],[-79.215797,-6.050463],[-79.223995,-6.055007],[-79.235699,-6.045052],[-79.238554,-6.037378],[-79.237246,-6.033512],[-79.240874,-6.028634],[-79.247685,-6.029912],[-79.262883,-6.027813],[-79.266483,-6.022685],[-79.263419,-6.015736],[-79.265978,-6.011174],[-79.262878,-6.004767],[-79.264342,-6.00246],[-79.277611,-5.997322],[-79.284981,-5.991531],[-79.289453,-5.991433],[-79.293982,-5.986664],[-79.306324,-5.985634],[-79.309775,-5.989228],[-79.317707,-5.99256],[-79.322429,-6.000372],[-79.320313,-6.021365],[-79.314085,-6.028093],[-79.311342,-6.033471],[-79.311904,-6.039069],[-79.319061,-6.042558],[-79.328586,-6.027664],[-79.333076,-6.018301],[-79.345008,-6.006428],[-79.34831,-5.98932],[-79.349018,-5.979688],[-79.355273,-5.977543],[-79.364712,-5.976387],[-79.388847,-5.978809],[-79.395918,-5.977193],[-79.403219,-5.984977],[-79.405365,-5.992902],[-79.409663,-6.000573],[-79.415992,-6.003148],[-79.417412,-5.981051],[-79.420258,-5.974738],[-79.418609,-5.9701]]]},"properties":{"province":"Lambayeque"}},{"type":"Feature","geometry":{"type":"Polygon","coordinates":[[[-76.729151,-10.479066],[-76.73051,-10.474297],[-76.734691,-10.473137],[-76.736965,-10.468818],[-76.742639,-10.466803],[-76.748205,-10.468996],[-76.753199,-10.465486],[-76.770041,-10.464799],[-76.772627,-10.458863],[-76.777455,-10.454221],[-76.778193,-10.450363],[-76.786301,-10.442672],[-76.788148,-10.438121],[-76.799853,-10.439558],[-76.802922,-10.430969],[-76.799131,-10.422008],[-76.804014,-10.412391],[-76.807,-10.402158],[-76.804746,-10.394992],[-76.808334,-10.392965],[-76.822709,-10.392965],[-76.828785,-10.390867],[-76.831672,-10.393074],[-76.835101,-10.386826],[-76.841896,-10.363943],[-76.844494,-10.370057],[-76.853461,-10.374189],[-76.856394,-10.377266],[-76.865852,-10.374844],[-76.863002,-10.366186],[-76.86906,-10.354463],[-76.873738,-10.349174],[-76.875492,-10.342773],[-76.869172,-10.338137],[-76.872264,-10.334779],[-76.873018,-10.325789],[-76.877367,-10.314857],[-76.881367,-10.308508],[-76.892734,-10.306217],[-76.894508,-10.304328],[-76.891023,-10.294744],[-76.895576,-10.28732],[-76.900795,-10.28532],[-76.906246,-10.274186],[-76.91183,-10.277503],[-76.91684,-10.27808],[-76.920859,-10.275426],[-76.930745,-10.276778],[-76.938116,-10.2797],[-76.937828,-10.283207],[-76.942929,-10.287516],[-76.951157,-10.288929],[-76.953301,-10.293107],[-76.962268,-10.297207],[-76.961482,-10.300509],[-76.965451,-10.305379],[-76.974849,-10.303828],[-76.97991,-10.297062],[-76.989852,-10.295853],[-76.999481,-10.289893],[-76.99985,-10.283347],[-77.00672,-10.284232],[-77.009101,-10.307767],[-77.013624,-10.315589],[-77.019066,-10.321167],[-77.023045,-10.322051],[-77.024712,-10.327527],[-77.028861,-10.327731],[-77.033988,-10.332541],[-77.046172,-10.334635],[-77.047396,-10.338784],[-77.05328,-10.339838],[-77.062327,-10.334635],[-77.066884,-10.334737],[-77.071612,-10.338104],[-77.073906,-10.347715],[-77.080771,-10.35768],[-77.088996,-10.360137],[-77.0902,-10.37263],[-77.105125,-10.387363],[-77.110885,-10.39209],[-77.110986,-10.403342],[-77.11655,-10.406352],[-77.12113,-10.413117],[-77.12731,-10.417777],[-77.128291,-10.421212],[-77.138245,-10.426469],[-77.144764,-10.443853],[-77.149776,-10.446131],[-77.150018,-10.451094],[-77.165223,-10.457383],[-77.174625,-10.464602],[-77.176587,-10.475594],[-77.175603,-10.484072],[-77.171049,-10.487107],[-77.167852,-10.49448],[-77.16682,-10.504131],[-77.170832,-10.517305],[-77.1811,-10.523893],[-77.18059,-10.533314],[-77.183348,-10.53843],[-77.188576,-10.541574],[-77.188506,-10.547133],[-77.190988,-10.552133],[-77.196982,-10.554937],[-77.209299,-10.555394],[-77.220822,-10.551209],[-77.225271,-10.546162],[-77.236769,-10.544807],[-77.242152,-10.547687],[-77.251871,-10.545242],[-77.267264,-10.550537],[-77.269426,-10.560228],[-77.272217,-10.561049],[-77.277764,-10.556281],[-77.284355,-10.558502],[-77.292279,-10.556646],[-77.299162,-10.562199],[-77.310629,-10.567691],[-77.316723,-10.582621],[-77.327533,-10.594102],[-77.336574,-10.594902],[-77.342475,-10.601021],[-77.34376,-10.607644],[-77.348546,-10.607799],[-77.357689,-10.621789],[-77.361394,-10.625612],[-77.362654,-10.631129],[-77.367305,-10.638301],[-77.371127,-10.640153],[-77.380112,-10.639444],[-77.382316,-10.64615],[-77.3889,-10.657651],[-77.39531,-10.66154],[-77.399195,-10.672501],[-77.401629,-10.676055],[-77.40423,-10.686774],[-77.403794,-10.690968],[-77.394796,-10.701823],[-77.386294,-10.705529],[-77.391326,-10.710199],[-77.394385,-10.716778],[-77.41543,-10.72998],[-77.425064,-10.729699],[-77.436139,-10.72364],[-77.44156,-10.72635],[-77.452654,-10.728932],[-77.459875,-10.73709],[-77.464961,-10.73629],[-77.471108,-10.741871],[-77.49496,-10.746103],[-77.50174,-10.740721],[-77.504295,-10.736012],[-77.512275,-10.733951],[-77.521732,-10.734572],[-77.526573,-10.736295],[-77.535516,-10.742463],[-77.542933,-10.750842],[-77.551096,-10.752248],[-77.57371,-10.774705],[-77.588908,-10.784418],[-77.59328,-10.780948],[-77.592071,-10.77522],[-77.585207,-10.764185],[-77.588799,-10.757682],[-77.584686,-10.741452],[-77.577174,-10.72857],[-77.578564,-10.723711],[-77.575696,-10.716887],[-77.564166,-10.71186],[-77.566709,-10.703807],[-77.570841,-10.700808],[-77.574537,-10.694308],[-77.572759,-10.686257],[-77.574035,-10.675971],[-77.574196,-10.662541],[-77.576215,-10.65736],[-77.583041,-10.652972],[-77.58805,-10.643481],[-77.582974,-10.63893],[-77.582664,-10.621852],[-77.577465,-10.619816],[-77.574115,-10.614662],[-77.574185,-10.598741],[-77.573258,-10.592915],[-77.57665,-10.583748],[-77.595992,-10.585414],[-77.60494,-10.590129],[-77.607055,-10.594406],[-77.617938,-10.600106],[-77.619508,-10.614246],[-77.628472,-10.611206],[-77.638163,-10.602902],[-77.644705,-10.588121],[-77.645337,-10.582856],[-77.639493,-10.577646],[-77.638209,-10.563026],[-77.631226,-10.56012],[-77.630811,-10.556873],[-77.625284,-10.554624],[-77.621073,-10.548156],[-77.614584,-10.546393],[-77.612872,-10.538183],[-77.616333,-10.524672],[-77.612243,-10.520976],[-77.599652,-10.517446],[-77.601323,-10.509304],[-77.606422,-10.50668],[-77.610966,-10.506929],[-77.614413,-10.503267],[-77.620232,-10.505706],[-77.624742,-10.502035],[-77.630097,-10.506867],[-77.629948,-10.512128],[-77.635298,-10.516291],[-77.641075,-10.513852],[-77.642564,-10.518525],[-77.651391,-10.530133],[-77.658583,-10.530871],[-77.663501,-10.533312],[-77.670171,-10.54098],[-77.676154,-10.537645],[-77.683822,-10.538745],[-77.687777,-10.537301],[-77.694001,-10.539502],[-77.698402,-10.543937],[-77.708305,-10.547445],[-77.710083,-10.56017],[-77.715732,-10.559692],[-77.720906,-10.554555],[-77.727557,-10.552705],[-77.727964,-10.557722],[-77.731807,-10.566222],[-77.734215,-10.568066],[-77.744795,-10.560781],[-77.746462,-10.551538],[-77.742964,-10.546235],[-77.744624,-10.532267],[-77.737942,-10.520786],[-77.728576,-10.513697],[-77.721883,-10.511888],[-77.721194,-10.504078],[-77.716304,-10.503061],[-77.711892,-10.505066],[-77.709411,-10.5004],[-77.712407,-10.491654],[-77.707341,-10.489058],[-77.708396,-10.484914],[-77.704422,-10.47947],[-77.701196,-10.468581],[-77.697632,-10.464076],[-77.694121,-10.463584],[-77.687394,-10.451967],[-77.689156,-10.444456],[-77.688831,-10.438609],[-77.68392,-10.431386],[-77.676664,-10.431921],[-77.670463,-10.427479],[-77.665777,-10.427119],[-77.663025,-10.41833],[-77.654745,-10.417241],[-77.645299,-10.40866],[-77.634556,-10.412266],[-77.630734,-10.408588],[-77.623231,-10.405463],[-77.615396,-10.399142],[-77.614033,-10.396303],[-77.603511,-10.388922],[-77.602375,-10.384948],[-77.597593,-10.380364],[-77.598904,-10.374672],[-77.597742,-10.36642],[-77.600363,-10.360014],[-77.611158,-10.343383],[-77.617041,-10.336277],[-77.619427,-10.327825],[-77.62844,-10.32574],[-77.631656,-10.322205],[-77.635338,-10.32486],[-77.640213,-10.33298],[-77.64706,-10.338761],[-77.649204,-10.343467],[-77.665453,-10.339448],[-77.677173,-10.328216],[-77.692391,-10.320902],[-77.698752,-10.322104],[-77.70434,-10.325267],[-77.712434,-10.324656],[-77.717385,-10.322492],[-77.725221,-10.323826],[-77.73536,-10.323506],[-77.74038,-10.3207],[-77.74624,-10.324376],[-77.752507,-10.321895],[-77.756355,-10.328123],[-77.75393,-10.33334],[-77.757041,-10.344217],[-77.754586,-10.356964],[-77.751829,-10.361386],[-77.753443,-10.364987],[-77.752127,-10.372861],[-77.753046,-10.379617],[-77.755623,-10.384],[-77.751703,-10.394919],[-77.752278,-10.403081],[-77.749872,-10.406796],[-77.754057,-10.409517],[-77.758162,-10.416826],[-77.760212,-10.430221],[-77.765236,-10.428385],[-77.767975,-10.431597],[-77.763888,-10.437713],[-77.765656,-10.440733],[-77.774516,-10.44473],[-77.781594,-10.454414],[-77.789619,-10.459621],[-77.790098,-10.467638],[-77.794399,-10.475183],[-77.798323,-10.476124],[-77.796178,-10.483293],[-77.786441,-10.48892],[-77.782606,-10.499273],[-77.781056,-10.507257],[-77.777868,-10.510881],[-77.772443,-10.512478],[-77.771429,-10.528029],[-77.773365,-10.532372],[-77.771743,-10.537761],[-77.774274,-10.554015],[-77.773103,-10.566801],[-77.771376,-10.571615],[-77.775871,-10.575348],[-77.784996,-10.572039],[-77.790021,-10.577261],[-77.791098,-10.583802],[-77.799683,-10.585323],[-77.808233,-10.583865],[-77.818349,-10.580443],[-77.823906,-10.57648],[-77.825755,-10.571865],[-77.832169,-10.567354],[-77.839688,-10.567919],[-77.847134,-10.574383],[-77.85072,-10.574089],[-77.857136,-10.578701],[-77.868614,-10.596501],[-77.880262,-10.607895],[-77.886592,-10.612055],[-77.879053,-10.623144],[-77.864529,-10.640191],[-77.859195,-10.649994],[-77.84934,-10.662496],[-77.83824,-10.67398],[-77.817215,-10.692978],[-77.810656,-10.699894],[-77.806619,-10.707809],[-77.804027,-10.725945],[-77.792963,-10.736588],[-77.781273,-10.744074],[-77.77201,-10.751176],[-77.767463,-10.758363],[-77.761414,-10.764732],[-77.764953,-10.771811],[-77.759934,-10.772352],[-77.752824,-10.779299],[-77.744035,-10.794537],[-77.744812,-10.799715],[-77.74873,-10.800611],[-77.751435,-10.805519],[-77.749818,-10.810549],[-77.750184,-10.81774],[-77.722785,-10.836654],[-77.710705,-10.848],[-77.703664,-10.857728],[-77.703521,-10.861137],[-77.707928,-10.864268],[-77.708428,-10.871031],[-77.702004,-10.875295],[-77.698383,-10.886434],[-77.692346,-10.89207],[-77.675988,-10.913996],[-77.664664,-10.937053],[-77.657828,-10.946506],[-77.659217,-10.955566],[-77.663437,-10.956172],[-77.661893,-10.962221],[-77.653602,-10.975973],[-77.64849,-10.987256],[-77.646809,-10.997598],[-77.649074,-11.004346],[-77.655475,-11.006477],[-77.66175,-11.012654],[-77.654328,-11.020309],[-77.641,-11.038269],[-77.637453,-11.048681],[-77.633416,-11.054508],[-77.632522,-11.062945],[-77.637312,-11.066734],[-77.637381,-11.071297],[-77.628311,-11.083877],[-77.628768,-11.095342],[-77.615986,-11.108353],[-77.612119,-11.114849],[-77.613127,-11.12215],[-77.617973,-11.121865],[-77.620055,-11.126508],[-77.607269,-11.14151],[-77.595361,-11.165584],[-77.59235,-11.18208],[-77.593322,-11.19559],[-77.596537,-11.206332],[-77.599734,-11.211832],[-77.604396,-11.21518],[-77.610559,-11.212443],[-77.616316,-11.215809],[-77.627559,-11.217119],[-77.630988,-11.21183],[-77.636164,-11.215533],[-77.641654,-11.21451],[-77.643303,-11.219527],[-77.647336,-11.2224],[-77.644437,-11.22858],[-77.643818,-11.235162],[-77.649346,-11.239965],[-77.649873,-11.244477],[-77.646373,-11.249234],[-77.646621,-11.25533],[-77.640904,-11.269684],[-77.640088,-11.275609],[-77.641902,-11.287844],[-77.646336,-11.292178],[-77.64735,-11.299803],[-77.642924,-11.304477],[-77.626037,-11.311684],[-77.601615,-11.323365],[-77.549432,-11.350004],[-77.533768,-11.358787],[-77.498143,-11.377154],[-77.480631,-11.387629],[-77.450365,-11.404809],[-77.43168,-11.416574],[-77.38841,-11.442748],[-77.384555,-11.44625],[-77.372168,-11.452586],[-77.360207,-11.460717],[-77.360211,-11.46442],[-77.35167,-11.467418],[-77.342613,-11.474556],[-77.343684,-11.478858],[-77.342312,-11.486957],[-77.332982,-11.4909],[-77.319322,-11.5],[-77.304752,-11.512234],[-77.298488,-11.521836],[-77.295465,-11.528728],[-77.297502,-11.533539],[-77.295666,-11.537602],[-77.283074,-11.548852],[-77.274797,-11.561135],[-77.270998,-11.572072],[-77.269871,-11.582148],[-77.272107,-11.585574],[-77.280031,-11.587447],[-77.272283,-11.594918],[-77.262945,-11.601932],[-77.245221,-11.617189],[-77.23824,-11.621428],[-77.216037,-11.638969],[-77.214762,-11.643109],[-77.207842,-11.648088],[-77.207035,-11.657437],[-77.204336,-11.65923],[-77.199467,-11.667393],[-77.198078,-11.67249],[-77.192299,-11.680406],[-77.192547,-11.690916],[-77.19834,-11.695877],[-77.183609,-11.712215],[-77.168166,-11.739109],[-77.167432,-11.743191],[-77.170799,-11.751592],[-77.171285,-11.763994],[-77.175732,-11.77268],[-77.179773,-11.77583],[-77.187096,-11.773785],[-77.194152,-11.766963],[-77.198144,-11.773141],[-77.195406,-11.7805],[-77.190432,-11.783602],[-77.184275,-11.790016],[-77.178018,-11.801943],[-77.176777,-11.815861],[-77.183238,-11.820096],[-77.187955,-11.82857],[-77.177046,-11.828643],[-77.17479,-11.825511],[-77.164135,-11.827123],[-77.155511,-11.822434],[-77.143294,-11.821102],[-77.139451,-11.818216],[-77.128005,-11.819234],[-77.114883,-11.834937],[-77.115893,-11.838823],[-77.111278,-11.850898],[-77.106224,-11.856455],[-77.103738,-11.869779],[-77.096073,-11.87152],[-77.092434,-11.883082],[-77.093021,-11.8918],[-77.089467,-11.900094],[-77.09308,-11.909867],[-77.097619,-11.916291],[-77.09727,-11.924306],[-77.102499,-11.927824],[-77.103277,-11.935214],[-77.099497,-11.938867],[-77.097271,-11.949969],[-77.107565,-11.948285],[-77.127463,-11.942412],[-77.120575,-11.95051],[-77.11755,-11.95697],[-77.116523,-11.966481],[-77.117707,-11.970507],[-77.11068,-11.975441],[-77.112344,-11.981983],[-77.118289,-11.9915],[-77.113256,-11.997001],[-77.110404,-11.994269],[-77.093512,-12.009992],[-77.089119,-12.012158],[-77.087861,-12.016215],[-77.096184,-12.033703],[-77.093467,-12.038437],[-77.08294,-12.036418],[-77.082633,-12.045037],[-77.078219,-12.050043],[-77.087601,-12.051866],[-77.088172,-12.061674],[-77.104571,-12.063351],[-77.104857,-12.07199],[-77.111533,-12.079492],[-77.087301,-12.090512],[-77.065103,-12.102877],[-77.060969,-12.107531],[-77.051637,-12.113912],[-77.045435,-12.121588],[-77.038752,-12.126154],[-77.031027,-12.134027],[-77.026076,-12.144553],[-77.024721,-12.150916],[-77.027978,-12.165582],[-77.035094,-12.165432],[-77.037695,-12.168818],[-77.033777,-12.174432],[-77.033812,-12.178156],[-77.039543,-12.182225],[-77.038455,-12.189834],[-77.039812,-12.192707],[-77.034064,-12.200514],[-77.037709,-12.204084],[-76.956148,-12.23934],[-76.935469,-12.250221],[-76.913283,-12.26508],[-76.901527,-12.273566],[-76.895383,-12.280641],[-76.888605,-12.284894],[-76.861939,-12.295896],[-76.846498,-12.307432],[-76.836027,-12.317412],[-76.837148,-12.324877],[-76.830703,-12.331391],[-76.828402,-12.338205],[-76.819266,-12.339439],[-76.816162,-12.343436],[-76.817246,-12.352268],[-76.805832,-12.357332],[-76.798984,-12.362969],[-76.799414,-12.367412],[-76.788949,-12.380508],[-76.789715,-12.384896],[-76.783633,-12.385643],[-76.777361,-12.394062],[-76.781443,-12.398123],[-76.775685,-12.4045],[-76.777074,-12.410576],[-76.781578,-12.414971],[-76.779387,-12.426334],[-76.775041,-12.437871],[-76.777545,-12.442307],[-76.785051,-12.443436],[-76.783826,-12.455643],[-76.788148,-12.455877],[-76.788082,-12.461553],[-76.79085,-12.467021],[-76.792316,-12.474537],[-76.791025,-12.477771],[-76.802373,-12.482332],[-76.799215,-12.485555],[-76.80248,-12.504322],[-76.799309,-12.50908],[-76.786385,-12.516494],[-76.784164,-12.519932],[-76.779,-12.520768],[-76.746758,-12.539121],[-76.73415,-12.548441],[-76.735268,-12.556018],[-76.726869,-12.559055],[-76.72508,-12.564156],[-76.718719,-12.566348],[-76.705531,-12.580137],[-76.703148,-12.58598],[-76.705916,-12.593711],[-76.69884,-12.598338],[-76.695674,-12.602264],[-76.684684,-12.611861],[-76.683697,-12.618141],[-76.678174,-12.621682],[-76.672434,-12.627775],[-76.668412,-12.646502],[-76.674301,-12.651644],[-76.670734,-12.657994],[-76.672445,-12.660578],[-76.669283,-12.665516],[-76.659309,-12.676422],[-76.660631,-12.682646],[-76.65606,-12.68366],[-76.65382,-12.688945],[-76.656531,-12.696535],[-76.651611,-12.699018],[-76.64007,-12.708193],[-76.63217,-12.716855],[-76.62998,-12.727184],[-76.634461,-12.732246],[-76.635684,-12.743338],[-76.622478,-12.755236],[-76.61158,-12.769213],[-76.609184,-12.777742],[-76.599437,-12.781617],[-76.582512,-12.794004],[-76.567609,-12.803146],[-76.560244,-12.811205],[-76.559916,-12.820852],[-76.549748,-12.825531],[-76.53791,-12.833094],[-76.529861,-12.839668],[-76.519478,-12.850451],[-76.51543,-12.860336],[-76.518025,-12.870844],[-76.514742,-12.882451],[-76.515529,-12.884535],[-76.512504,-12.897922],[-76.509639,-12.901547],[-76.513137,-12.905432],[-76.509982,-12.90883],[-76.509141,-12.916574],[-76.505787,-12.925814],[-76.505873,-12.937086],[-76.507707,-12.941496],[-76.506627,-12.947314],[-76.513807,-12.952092],[-76.511461,-12.965051],[-76.506031,-12.971049],[-76.506951,-12.9755],[-76.504527,-12.98299],[-76.497408,-12.990019],[-76.483412,-13.014822],[-76.481775,-13.020201],[-76.483211,-13.027271],[-76.487338,-13.026959],[-76.489783,-13.031846],[-76.479834,-13.043971],[-76.46933,-13.054779],[-76.458332,-13.064658],[-76.441658,-13.083238],[-76.434211,-13.090332],[-76.399873,-13.130641],[-76.392281,-13.138682],[-76.391078,-13.146184],[-76.37593,-13.160711],[-76.361307,-13.177396],[-76.357836,-13.187391],[-76.354672,-13.192248],[-76.344781,-13.202389],[-76.339269,-13.210049],[-76.312514,-13.241756],[-76.284057,-13.27215],[-76.274295,-13.285289],[-76.254451,-13.308785],[-76.244793,-13.323514],[-76.23373,-13.3158],[-76.21895,-13.31096],[-76.20732,-13.3061],[-76.19979,-13.2959],[-76.18878,-13.26977],[-76.18583,-13.25933],[-76.17951,-13.25045],[-76.171873,-13.242794],[-76.16761,-13.2315],[-76.16495,-13.23017],[-76.16096,-13.22092],[-76.16223,-13.21847],[-76.15686,-13.20012],[-76.155971,-13.193729],[-76.151521,-13.188771],[-76.146012,-13.186059],[-76.13974,-13.180168],[-76.128468,-13.177541],[-76.110374,-13.162159],[-76.099625,-13.154205],[-76.09582,-13.14722],[-76.09036,-13.14418],[-76.07239,-13.12827],[-76.06763,-13.12718],[-76.04943,-13.1146],[-76.04193,-13.10575],[-76.03397,-13.10311],[-76.021433,-13.093933],[-76.01806,-13.088041],[-76.011937,-13.085499],[-76.005328,-13.077366],[-76.003804,-13.073507],[-75.984233,-13.052874],[-75.969199,-13.041639],[-75.96817,-13.032141],[-75.960816,-13.020422],[-75.962791,-13.009575],[-75.961402,-13.001379],[-75.951071,-12.998187],[-75.942897,-12.992233],[-75.937683,-12.991325],[-75.921671,-13.001686],[-75.916658,-13.002897],[-75.913866,-13.006866],[-75.901588,-13.010163],[-75.898258,-13.013291],[-75.890252,-13.01356],[-75.878781,-13.015994],[-75.871868,-13.024639],[-75.860527,-13.029482],[-75.852218,-13.035312],[-75.847998,-13.036098],[-75.839063,-13.03072],[-75.826889,-13.02941],[-75.821647,-13.033243],[-75.820199,-13.04764],[-75.816475,-13.053473],[-75.807747,-13.05157],[-75.802062,-13.06043],[-75.793412,-13.055838],[-75.78235,-13.044332],[-75.772484,-13.037861],[-75.769279,-13.026559],[-75.762158,-13.018889],[-75.758973,-13.024266],[-75.752147,-13.028155],[-75.743998,-13.025425],[-75.735889,-13.031878],[-75.729502,-13.033764],[-75.725464,-13.038125],[-75.71566,-13.037877],[-75.707008,-13.039586],[-75.699816,-13.036553],[-75.690549,-13.035105],[-75.686072,-13.025318],[-75.677187,-13.024639],[-75.670361,-13.022612],[-75.665728,-13.016489],[-75.664901,-13.012021],[-75.668736,-13.00351],[-75.667049,-12.996556],[-75.663236,-12.994036],[-75.651608,-12.994163],[-75.638645,-12.988762],[-75.634239,-12.985394],[-75.637501,-12.973236],[-75.626318,-12.966289],[-75.618163,-12.96667],[-75.614393,-12.964933],[-75.614351,-12.957626],[-75.618544,-12.951272],[-75.618417,-12.941698],[-75.6244,-12.938913],[-75.628097,-12.934963],[-75.627313,-12.929456],[-75.636125,-12.916175],[-75.630775,-12.909074],[-75.628432,-12.89748],[-75.623741,-12.892998],[-75.617299,-12.879134],[-75.613092,-12.866975],[-75.612878,-12.859519],[-75.606655,-12.856439],[-75.599903,-12.856901],[-75.592652,-12.852074],[-75.586572,-12.851171],[-75.570411,-12.842859],[-75.561719,-12.829389],[-75.561288,-12.817924],[-75.556049,-12.816641],[-75.551116,-12.821838],[-75.543873,-12.821684],[-75.539901,-12.816225],[-75.531082,-12.822208],[-75.522267,-12.806211],[-75.521816,-12.793672],[-75.520224,-12.788729],[-75.511448,-12.786889],[-75.5075,-12.777155],[-75.515145,-12.773023],[-75.519462,-12.766666],[-75.526992,-12.762958],[-75.54031,-12.7509],[-75.543396,-12.750295],[-75.552133,-12.74244],[-75.553551,-12.736337],[-75.567545,-12.7282],[-75.574722,-12.719928],[-75.576551,-12.715142],[-75.569492,-12.709728],[-75.557247,-12.706607],[-75.553506,-12.703343],[-75.554883,-12.691195],[-75.551668,-12.685427],[-75.551818,-12.681427],[-75.5622,-12.673386],[-75.558161,-12.669018],[-75.561331,-12.663084],[-75.574623,-12.659754],[-75.578027,-12.653549],[-75.577798,-12.645907],[-75.579613,-12.641484],[-75.580527,-12.627945],[-75.58284,-12.621758],[-75.57895,-12.603081],[-75.579379,-12.595081],[-75.572777,-12.589837],[-75.572085,-12.583572],[-75.569006,-12.580287],[-75.56663,-12.570897],[-75.571841,-12.564068],[-75.566457,-12.558217],[-75.566439,-12.552694],[-75.558873,-12.545151],[-75.55199,-12.54493],[-75.545744,-12.532683],[-75.545365,-12.525611],[-75.538802,-12.522768],[-75.536201,-12.517275],[-75.541113,-12.506114],[-75.539267,-12.500322],[-75.542537,-12.495043],[-75.545026,-12.483814],[-75.550194,-12.47363],[-75.551151,-12.468241],[-75.555089,-12.464266],[-75.557408,-12.45659],[-75.557291,-12.447859],[-75.555578,-12.441186],[-75.555443,-12.431219],[-75.559496,-12.422662],[-75.558594,-12.413136],[-75.56561,-12.41192],[-75.565947,-12.403435],[-75.56027,-12.398537],[-75.561642,-12.390885],[-75.551189,-12.375807],[-75.548701,-12.364244],[-75.554537,-12.359437],[-75.556203,-12.353098],[-75.564096,-12.336289],[-75.571059,-12.329839],[-75.582656,-12.328371],[-75.588797,-12.324698],[-75.592638,-12.314099],[-75.590177,-12.305384],[-75.586412,-12.300775],[-75.591452,-12.29734],[-75.596484,-12.287146],[-75.603038,-12.279625],[-75.609164,-12.267724],[-75.614013,-12.267134],[-75.616236,-12.263837],[-75.616124,-12.256491],[-75.6212,-12.251524],[-75.627322,-12.24838],[-75.645224,-12.224364],[-75.645112,-12.220109],[-75.652078,-12.214481],[-75.65203,-12.206765],[-75.658849,-12.1991],[-75.665516,-12.193876],[-75.670756,-12.19314],[-75.670868,-12.186485],[-75.666918,-12.182446],[-75.659763,-12.180568],[-75.658487,-12.175248],[-75.648466,-12.174208],[-75.648979,-12.163061],[-75.645051,-12.157881],[-75.641422,-12.149222],[-75.635254,-12.147033],[-75.627523,-12.14174],[-75.627015,-12.134828],[-75.63039,-12.128055],[-75.638825,-12.12086],[-75.637756,-12.114185],[-75.644665,-12.108416],[-75.654736,-12.102732],[-75.659375,-12.093897],[-75.673274,-12.0852],[-75.679927,-12.082809],[-75.688222,-12.082133],[-75.684694,-12.071263],[-75.681714,-12.067201],[-75.676729,-12.066361],[-75.673824,-12.058349],[-75.685229,-12.052201],[-75.694305,-12.042691],[-75.701086,-12.048162],[-75.708757,-12.045397],[-75.716734,-12.046519],[-75.722054,-12.042667],[-75.727851,-12.043058],[-75.742178,-12.036678],[-75.74305,-12.046835],[-75.752026,-12.055383],[-75.760259,-12.056286],[-75.765663,-12.059627],[-75.7765,-12.051812],[-75.786596,-12.039379],[-75.799586,-12.034615],[-75.802134,-12.030675],[-75.814554,-12.020731],[-75.818937,-12.013737],[-75.824074,-12.015687],[-75.824907,-12.020548],[-75.828491,-12.024434],[-75.834014,-12.024318],[-75.834992,-12.020548],[-75.842549,-12.006453],[-75.852758,-12.008192],[-75.868226,-12.000562],[-75.874438,-12.000355],[-75.884288,-11.993631],[-75.896949,-11.993139],[-75.901564,-11.997858],[-75.90744,-11.996414],[-75.910627,-11.989332],[-75.920134,-11.984842],[-75.925991,-11.984294],[-75.940682,-11.991705],[-75.948584,-11.994402],[-75.950682,-11.988265],[-75.959194,-11.985222],[-75.964483,-11.988875],[-75.969853,-11.984786],[-75.975305,-11.983941],[-75.981303,-11.988193],[-75.987292,-11.989463],[-75.992156,-11.994691],[-75.994325,-11.98932],[-76.000711,-11.985081],[-76.014254,-11.98433],[-76.019622,-11.975958],[-76.038733,-11.962816],[-76.041246,-11.955762],[-76.04848,-11.949015],[-76.052585,-11.948236],[-76.051861,-11.938962],[-76.055164,-11.937927],[-76.053676,-11.930977],[-76.05723,-11.924364],[-76.056014,-11.920717],[-76.058221,-11.912809],[-76.050339,-11.909601],[-76.049768,-11.901087],[-76.051853,-11.899567],[-76.051311,-11.892238],[-76.056799,-11.884573],[-76.058179,-11.879958],[-76.074404,-11.869008],[-76.07843,-11.863102],[-76.08459,-11.860383],[-76.090553,-11.850581],[-76.094811,-11.847905],[-76.098117,-11.836855],[-76.104166,-11.831645],[-76.10611,-11.824144],[-76.110682,-11.818478],[-76.112598,-11.811579],[-76.125209,-11.795454],[-76.133497,-11.792378],[-76.136945,-11.780957],[-76.14375,-11.776575],[-76.146077,-11.781955],[-76.149921,-11.783701],[-76.154381,-11.781389],[-76.164143,-11.772142],[-76.165092,-11.769526],[-76.172883,-11.762561],[-76.172486,-11.75597],[-76.17538,-11.750375],[-76.188894,-11.737722],[-76.198205,-11.737809],[-76.202328,-11.728049],[-76.200742,-11.72264],[-76.202451,-11.719441],[-76.203368,-11.708565],[-76.20733,-11.702429],[-76.204802,-11.694552],[-76.19721,-11.693379],[-76.194258,-11.686014],[-76.196048,-11.676728],[-76.193297,-11.673487],[-76.201867,-11.668142],[-76.204883,-11.659531],[-76.192446,-11.648376],[-76.188292,-11.642387],[-76.19128,-11.633727],[-76.198782,-11.627549],[-76.194739,-11.619664],[-76.186224,-11.614092],[-76.180688,-11.614431],[-76.179809,-11.610917],[-76.187869,-11.602314],[-76.187707,-11.59279],[-76.193292,-11.587463],[-76.199394,-11.588431],[-76.204807,-11.579652],[-76.205501,-11.574422],[-76.213134,-11.571212],[-76.216932,-11.571571],[-76.217536,-11.565485],[-76.223705,-11.562733],[-76.22734,-11.553894],[-76.23212,-11.55644],[-76.232141,-11.560311],[-76.237414,-11.569009],[-76.244592,-11.566431],[-76.254536,-11.569033],[-76.262022,-11.56667],[-76.268689,-11.57063],[-76.271844,-11.580121],[-76.27522,-11.58349],[-76.282456,-11.586653],[-76.286789,-11.591233],[-76.292858,-11.588782],[-76.297369,-11.592317],[-76.301187,-11.584796],[-76.300256,-11.574411],[-76.30437,-11.567528],[-76.309977,-11.563542],[-76.317514,-11.5627],[-76.321268,-11.553215],[-76.325826,-11.552119],[-76.32786,-11.544323],[-76.332139,-11.54251],[-76.339401,-11.544527],[-76.350103,-11.542137],[-76.34866,-11.528165],[-76.350922,-11.520068],[-76.359399,-11.522867],[-76.361756,-11.514571],[-76.371665,-11.505213],[-76.376405,-11.498128],[-76.381016,-11.486345],[-76.37799,-11.481014],[-76.37365,-11.480559],[-76.37151,-11.475523],[-76.373,-11.466434],[-76.37484,-11.464196],[-76.377242,-11.449164],[-76.379456,-11.443708],[-76.387992,-11.44643],[-76.394341,-11.445007],[-76.399688,-11.436488],[-76.405814,-11.423316],[-76.411832,-11.414597],[-76.404291,-11.409225],[-76.401418,-11.402852],[-76.407983,-11.390433],[-76.413443,-11.384928],[-76.414111,-11.379553],[-76.420401,-11.373661],[-76.42055,-11.364859],[-76.422684,-11.354855],[-76.42781,-11.351518],[-76.431748,-11.345562],[-76.443355,-11.347281],[-76.450973,-11.343904],[-76.456927,-11.334991],[-76.459647,-11.325914],[-76.464516,-11.320457],[-76.463272,-11.31251],[-76.47111,-11.303415],[-76.477696,-11.293529],[-76.476984,-11.287893],[-76.472216,-11.282658],[-76.470772,-11.277889],[-76.4639,-11.271156],[-76.462174,-11.265824],[-76.466988,-11.264313],[-76.476631,-11.264213],[-76.483939,-11.257453],[-76.490715,-11.246596],[-76.485115,-11.24423],[-76.483199,-11.236943],[-76.484118,-11.230194],[-76.488759,-11.21846],[-76.494003,-11.210698],[-76.492077,-11.189314],[-76.495111,-11.183007],[-76.500727,-11.176128],[-76.505563,-11.173665],[-76.506869,-11.169785],[-76.502632,-11.162252],[-76.504692,-11.154863],[-76.504936,-11.145135],[-76.508319,-11.140266],[-76.511521,-11.128102],[-76.517619,-11.12197],[-76.518402,-11.116078],[-76.49539,-11.109059],[-76.491888,-11.099438],[-76.493052,-11.093358],[-76.491213,-11.089441],[-76.497574,-11.086111],[-76.500209,-11.082366],[-76.509002,-11.075404],[-76.51468,-11.068713],[-76.520904,-11.057697],[-76.526512,-11.051543],[-76.527084,-11.046672],[-76.531303,-11.036064],[-76.543441,-11.029478],[-76.547379,-11.028813],[-76.556396,-11.022853],[-76.563522,-11.022896],[-76.569252,-11.013484],[-76.576949,-11.016527],[-76.580162,-11.010842],[-76.580274,-11.003832],[-76.577947,-10.994028],[-76.581387,-10.988314],[-76.579168,-10.981383],[-76.575229,-10.98088],[-76.57376,-10.975264],[-76.565077,-10.966179],[-76.56722,-10.954182],[-76.569051,-10.950898],[-76.568365,-10.934813],[-76.571637,-10.922753],[-76.571693,-10.91777],[-76.575745,-10.91361],[-76.575418,-10.906101],[-76.578297,-10.902509],[-76.581178,-10.872602],[-76.580583,-10.866906],[-76.586193,-10.851798],[-76.589259,-10.836705],[-76.592939,-10.832609],[-76.601577,-10.815868],[-76.607394,-10.814562],[-76.614132,-10.816996],[-76.620262,-10.811691],[-76.623185,-10.802363],[-76.627222,-10.797094],[-76.62556,-10.792004],[-76.633486,-10.784528],[-76.629953,-10.781675],[-76.630373,-10.775333],[-76.626991,-10.769329],[-76.630388,-10.759346],[-76.634217,-10.752493],[-76.640462,-10.748643],[-76.641906,-10.742259],[-76.645045,-10.738677],[-76.648298,-10.728164],[-76.649018,-10.720725],[-76.654475,-10.712954],[-76.653342,-10.707693],[-76.658193,-10.698926],[-76.659381,-10.688253],[-76.669058,-10.680669],[-76.670774,-10.675772],[-76.66534,-10.672052],[-76.659891,-10.661824],[-76.659324,-10.65492],[-76.655436,-10.650864],[-76.655655,-10.646782],[-76.661341,-10.635235],[-76.667088,-10.628162],[-76.675574,-10.621372],[-76.673259,-10.617256],[-76.672703,-10.60989],[-76.675373,-10.601924],[-76.681453,-10.599144],[-76.680205,-10.591076],[-76.685469,-10.588005],[-76.685862,-10.581457],[-76.70372,-10.588594],[-76.702506,-10.582875],[-76.704996,-10.563916],[-76.709371,-10.558758],[-76.710621,-10.551355],[-76.710188,-10.540741],[-76.715789,-10.531302],[-76.716872,-10.522978],[-76.720678,-10.520038],[-76.730241,-10.508403],[-76.728415,-10.499954],[-76.728152,-10.48842],[-76.72526,-10.48582],[-76.729151,-10.479066]]]},"properties":{"province":"Lima"}},{"type":"Feature","geometry":{"type":"Polygon","coordinates":[[[-73.983033,-7.534361],[-73.96616,-7.530133],[-73.954208,-7.529351],[-73.94281,-7.533696],[-73.930059,-7.511642],[-73.927424,-7.508727],[-73.919576,-7.505752],[-73.91732,-7.50057],[-73.918688,-7.494644],[-73.922293,-7.490355],[-73.924093,-7.481877],[-73.922216,-7.478816],[-73.911316,-7.475838],[-73.909759,-7.472988],[-73.91067,-7.465876],[-73.916727,-7.456278],[-73.916884,-7.444453],[-73.921536,-7.433169],[-73.925095,-7.428129],[-73.921964,-7.421049],[-73.923224,-7.418014],[-73.939197,-7.406726],[-73.938983,-7.400114],[-73.940826,-7.393945],[-73.947149,-7.381667],[-73.954789,-7.372093],[-73.955384,-7.368381],[-73.950303,-7.35701],[-73.945866,-7.358649],[-73.942368,-7.367334],[-73.936228,-7.376464],[-73.933633,-7.376299],[-73.923734,-7.362212],[-73.918785,-7.363236],[-73.91524,-7.371112],[-73.906701,-7.373418],[-73.90634,-7.384341],[-73.896537,-7.386269],[-73.889209,-7.379295],[-73.885466,-7.379715],[-73.873466,-7.387495],[-73.864949,-7.389262],[-73.861577,-7.388138],[-73.857295,-7.374445],[-73.857204,-7.362809],[-73.854047,-7.355033],[-73.850044,-7.355156],[-73.835977,-7.351383],[-73.830843,-7.352185],[-73.823976,-7.345148],[-73.822528,-7.339205],[-73.818664,-7.338219],[-73.810318,-7.341591],[-73.804667,-7.341283],[-73.795213,-7.347057],[-73.789023,-7.347742],[-73.781362,-7.338747],[-73.770756,-7.339168],[-73.761626,-7.336904],[-73.753464,-7.339859],[-73.755795,-7.351473],[-73.75464,-7.353786],[-73.731895,-7.342512],[-73.727002,-7.344376],[-73.722563,-7.341216],[-73.722337,-7.335659],[-73.717502,-7.33381],[-73.708127,-7.322254],[-73.704541,-7.32448],[-73.699864,-7.32113],[-73.699079,-7.315468],[-73.695484,-7.311039],[-73.696812,-7.301447],[-73.694879,-7.299067],[-73.698894,-7.290665],[-73.703839,-7.28836],[-73.705562,-7.2824],[-73.710346,-7.282039],[-73.71187,-7.276611],[-73.715365,-7.274864],[-73.714958,-7.263506],[-73.711733,-7.256286],[-73.709119,-7.24631],[-73.712574,-7.239349],[-73.718582,-7.239114],[-73.721081,-7.235964],[-73.716619,-7.227558],[-73.724205,-7.222395],[-73.73119,-7.22219],[-73.734184,-7.217487],[-73.739681,-7.220081],[-73.743459,-7.21681],[-73.742525,-7.210691],[-73.752076,-7.206423],[-73.748232,-7.201309],[-73.756115,-7.195416],[-73.75614,-7.18341],[-73.758121,-7.180937],[-73.756631,-7.173309],[-73.764054,-7.173097],[-73.769976,-7.168394],[-73.769034,-7.154948],[-73.788314,-7.145732],[-73.790022,-7.13871],[-73.783486,-7.139631],[-73.78193,-7.133695],[-73.784063,-7.127946],[-73.794109,-7.13005],[-73.795383,-7.12484],[-73.794032,-7.118835],[-73.799727,-7.117584],[-73.79842,-7.113061],[-73.788321,-7.107915],[-73.78398,-7.10365],[-73.78773,-7.09391],[-73.77101,-7.07181],[-73.76192,-7.06254],[-73.757,-7.04538],[-73.76239,-7.0392],[-73.76289,-7.03376],[-73.76094,-7.0286],[-73.76138,-7.023],[-73.75632,-7.01633],[-73.7583,-7.00938],[-73.76154,-7.00453],[-73.75806,-7.00184],[-73.75874,-6.99205],[-73.75748,-6.988],[-73.76124,-6.97858],[-73.75951,-6.97488],[-73.75279,-6.97405],[-73.74593,-6.96895],[-73.74496,-6.96197],[-73.74815,-6.9599],[-73.74915,-6.95409],[-73.75718,-6.94799],[-73.76131,-6.94012],[-73.7583,-6.9317],[-73.75233,-6.92624],[-73.74749,-6.91771],[-73.74735,-6.90947],[-73.74473,-6.90568],[-73.73652,-6.89937],[-73.72674,-6.88804],[-73.72395,-6.88735],[-73.7195,-6.86656],[-73.71434,-6.86383],[-73.71378,-6.85459],[-73.71046,-6.84019],[-73.69604,-6.83788],[-73.69047,-6.83282],[-73.6837,-6.81628],[-73.67924,-6.81243],[-73.66613,-6.80496],[-73.66598,-6.8001],[-73.65951,-6.79375],[-73.65975,-6.79142],[-73.65367,-6.78677],[-73.65265,-6.78048],[-73.64382,-6.77387],[-73.64375,-6.76456],[-73.63714,-6.75459],[-73.62178,-6.75064],[-73.62247,-6.74575],[-73.61626,-6.74061],[-73.61,-6.739845],[-73.603293,-6.731981],[-73.595765,-6.731129],[-73.586647,-6.723579],[-73.584033,-6.724475],[-73.561673,-6.72148],[-73.561732,-6.716178],[-73.557647,-6.713743],[-73.554324,-6.704341],[-73.539821,-6.693773],[-73.539761,-6.68579],[-73.535853,-6.683395],[-73.529231,-6.684169],[-73.520829,-6.676103],[-73.513375,-6.675745],[-73.507647,-6.672974],[-73.500926,-6.672272],[-73.497229,-6.674154],[-73.483286,-6.673228],[-73.481381,-6.667985],[-73.477483,-6.666925],[-73.465795,-6.667709],[-73.451262,-6.662153],[-73.440298,-6.651914],[-73.422785,-6.652347],[-73.423293,-6.648792],[-73.416826,-6.646872],[-73.415713,-6.643452],[-73.408972,-6.641758],[-73.392016,-6.641615],[-73.381994,-6.629703],[-73.38194,-6.621193],[-73.377031,-6.617179],[-73.372687,-6.607927],[-73.370038,-6.612444],[-73.36203,-6.606197],[-73.352401,-6.593318],[-73.3422,-6.593661],[-73.33719,-6.592437],[-73.329348,-6.597781],[-73.324477,-6.594026],[-73.318987,-6.595508],[-73.3151,-6.591084],[-73.312458,-6.593919],[-73.302749,-6.59234],[-73.296753,-6.597054],[-73.292802,-6.588085],[-73.285823,-6.58568],[-73.275697,-6.585197],[-73.26768,-6.587678],[-73.260779,-6.586514],[-73.254642,-6.58199],[-73.249555,-6.581369],[-73.24485,-6.584729],[-73.231507,-6.585664],[-73.226067,-6.584624],[-73.230915,-6.578917],[-73.229904,-6.572866],[-73.217639,-6.564266],[-73.217095,-6.568924],[-73.21156,-6.576941],[-73.206692,-6.577113],[-73.205327,-6.573142],[-73.199391,-6.569353],[-73.196566,-6.562262],[-73.202922,-6.559742],[-73.20318,-6.553682],[-73.194819,-6.555629],[-73.187251,-6.541446],[-73.180245,-6.54073],[-73.175655,-6.535004],[-73.179329,-6.529945],[-73.187747,-6.528943],[-73.187613,-6.522806],[-73.178269,-6.524772],[-73.173039,-6.527779],[-73.171045,-6.518015],[-73.162953,-6.52474],[-73.151993,-6.527292],[-73.148861,-6.513765],[-73.141874,-6.505316],[-73.141915,-6.512674],[-73.137212,-6.513466],[-73.133652,-6.50617],[-73.136008,-6.499492],[-73.131954,-6.496755],[-73.137449,-6.489932],[-73.135257,-6.483943],[-73.12791,-6.476926],[-73.131552,-6.474466],[-73.12827,-6.469311],[-73.129813,-6.46467],[-73.121409,-6.462546],[-73.118484,-6.463929],[-73.115561,-6.454071],[-73.111699,-6.446916],[-73.11374,-6.439768],[-73.12105,-6.431361],[-73.116735,-6.426226],[-73.115458,-6.421585],[-73.109017,-6.422099],[-73.105426,-6.418446],[-73.1038,-6.411387],[-73.105765,-6.4044],[-73.1155,-6.394419],[-73.117825,-6.389417],[-73.129772,-6.388461],[-73.130492,-6.382194],[-73.128414,-6.377934],[-73.132479,-6.375814],[-73.13677,-6.356612],[-73.140495,-6.359236],[-73.143257,-6.351609],[-73.144354,-6.339222],[-73.150723,-6.337061],[-73.14741,-6.324455],[-73.156599,-6.326802],[-73.157998,-6.321626],[-73.156187,-6.315842],[-73.156949,-6.308897],[-73.159573,-6.303093],[-73.156897,-6.298205],[-73.16337,-6.289304],[-73.157576,-6.287328],[-73.162361,-6.282389],[-73.160705,-6.276668],[-73.171633,-6.270174],[-73.171499,-6.265163],[-73.175717,-6.264668],[-73.181707,-6.257528],[-73.186338,-6.262323],[-73.193386,-6.24981],[-73.19317,-6.242998],[-73.19814,-6.24024],[-73.202411,-6.231586],[-73.207391,-6.229219],[-73.208595,-6.219536],[-73.214224,-6.22249],[-73.220285,-6.219577],[-73.219328,-6.213722],[-73.215305,-6.205902],[-73.211209,-6.201714],[-73.216076,-6.197412],[-73.214595,-6.188707],[-73.216107,-6.183788],[-73.220923,-6.176863],[-73.235535,-6.1633],[-73.238612,-6.156087],[-73.244025,-6.154368],[-73.246669,-6.138295],[-73.249941,-6.133078],[-73.248089,-6.127593],[-73.248851,-6.122325],[-73.243376,-6.108659],[-73.243788,-6.10302],[-73.240516,-6.099594],[-73.23644,-6.090223],[-73.231131,-6.090857],[-73.239044,-6.080207],[-73.23785,-6.076749],[-73.229001,-6.078159],[-73.227416,-6.076039],[-73.229626,-6.067948],[-73.234467,-6.063025],[-73.228812,-6.055229],[-73.234261,-6.053418],[-73.23017,-6.04922],[-73.22854,-6.042898],[-73.237645,-6.042963],[-73.231569,-6.037061],[-73.227881,-6.03683],[-73.226432,-6.032113],[-73.222176,-6.029249],[-73.222341,-6.022062],[-73.215451,-6.024853],[-73.210535,-6.019695],[-73.217389,-6.017935],[-73.204418,-6.010618],[-73.19327,-6.005718],[-73.186659,-6.004119],[-73.188132,-5.997166],[-73.194174,-5.990556],[-73.190767,-5.985267],[-73.17734,-5.970853],[-73.178774,-5.961844],[-73.182953,-5.961814],[-73.184186,-5.956831],[-73.180635,-5.953649],[-73.185462,-5.950084],[-73.183787,-5.939455],[-73.180107,-5.940146],[-73.180572,-5.929091],[-73.171709,-5.929317],[-73.169676,-5.923125],[-73.172002,-5.921238],[-73.16565,-5.911605],[-73.167444,-5.902224],[-73.167059,-5.896511],[-73.153998,-5.887529],[-73.158608,-5.880646],[-73.152068,-5.86796],[-73.141773,-5.867319],[-73.134107,-5.864183],[-73.127198,-5.869232],[-73.123477,-5.85835],[-73.112515,-5.859612],[-73.115345,-5.84222],[-73.112529,-5.838818],[-73.114216,-5.833184],[-73.108915,-5.828534],[-73.094405,-5.826302],[-73.095397,-5.821176],[-73.087177,-5.814503],[-73.078793,-5.817067],[-73.079284,-5.812975],[-73.083948,-5.81247],[-73.079789,-5.801202],[-73.072747,-5.799448],[-73.066484,-5.801564],[-73.065479,-5.798372],[-73.057347,-5.796485],[-73.052511,-5.793722],[-73.054783,-5.789071],[-73.049109,-5.783158],[-73.050783,-5.779132],[-73.043675,-5.773711],[-73.048295,-5.7675],[-73.044711,-5.763812],[-73.046133,-5.758923],[-73.039981,-5.752651],[-73.03537,-5.751668],[-73.030693,-5.746887],[-73.026694,-5.747801],[-73.024406,-5.74355],[-73.019585,-5.740932],[-73.027531,-5.733411],[-73.021113,-5.73191],[-73.007069,-5.732561],[-73.002073,-5.718822],[-72.996678,-5.719805],[-72.999734,-5.708604],[-72.998419,-5.700566],[-72.99321,-5.699875],[-72.992267,-5.69545],[-72.984215,-5.69351],[-72.983285,-5.689219],[-72.985823,-5.685219],[-72.983644,-5.677606],[-72.989357,-5.674948],[-72.989424,-5.667786],[-72.986075,-5.666046],[-72.984919,-5.661063],[-72.974688,-5.66093],[-72.970489,-5.656506],[-72.963926,-5.662086],[-72.958983,-5.65636],[-72.963657,-5.645461],[-72.966902,-5.63514],[-72.965294,-5.628457],[-72.967433,-5.62091],[-72.973732,-5.613442],[-72.971141,-5.606254],[-72.966703,-5.598906],[-72.963434,-5.59682],[-72.962358,-5.589977],[-72.95873,-5.590269],[-72.956352,-5.584078],[-72.960657,-5.578856],[-72.96087,-5.572172],[-72.953867,-5.565821],[-72.951981,-5.560892],[-72.957309,-5.558194],[-72.949615,-5.547525],[-72.942082,-5.545412],[-72.940221,-5.540004],[-72.947569,-5.539526],[-72.94927,-5.544642],[-72.95315,-5.54276],[-72.951303,-5.5374],[-72.954587,-5.52312],[-72.958813,-5.523128],[-72.957884,-5.511863],[-72.962147,-5.505399],[-72.958591,-5.49976],[-72.961636,-5.496067],[-72.956594,-5.491599],[-72.95696,-5.487422],[-72.949553,-5.481568],[-72.953595,-5.477731],[-72.958611,-5.480153],[-72.957916,-5.47214],[-72.954426,-5.466833],[-72.957903,-5.464397],[-72.946233,-5.454338],[-72.946017,-5.446499],[-72.952304,-5.444082],[-72.946371,-5.439328],[-72.941636,-5.440133],[-72.937078,-5.434652],[-72.939121,-5.429917],[-72.93529,-5.424121],[-72.938802,-5.419585],[-72.932912,-5.415424],[-72.93098,-5.411853],[-72.924655,-5.40809],[-72.927265,-5.402565],[-72.926896,-5.397553],[-72.921612,-5.396481],[-72.920807,-5.386316],[-72.916793,-5.384263],[-72.918634,-5.374784],[-72.906913,-5.370236],[-72.90528,-5.365288],[-72.910626,-5.361962],[-72.902333,-5.351774],[-72.897497,-5.349964],[-72.891909,-5.351582],[-72.897449,-5.341414],[-72.896697,-5.331982],[-72.901709,-5.329965],[-72.895688,-5.324969],[-72.890772,-5.325593],[-72.885072,-5.318019],[-72.886762,-5.313909],[-72.882654,-5.307275],[-72.870837,-5.294993],[-72.867186,-5.290062],[-72.868243,-5.282696],[-72.864768,-5.27842],[-72.865569,-5.267804],[-72.868563,-5.255475],[-72.867106,-5.237028],[-72.864031,-5.234594],[-72.86762,-5.226635],[-72.866209,-5.220824],[-72.869203,-5.218566],[-72.864592,-5.211808],[-72.866818,-5.206172],[-72.871221,-5.207085],[-72.869349,-5.19621],[-72.875849,-5.193058],[-72.876729,-5.188414],[-72.871493,-5.186333],[-72.869672,-5.178155],[-72.875961,-5.177814],[-72.878026,-5.173218],[-72.884207,-5.175252],[-72.88789,-5.165821],[-72.885712,-5.161545],[-72.880108,-5.158807],[-72.876233,-5.153635],[-72.866625,-5.151762],[-72.868707,-5.144828],[-72.862478,-5.145293],[-72.860499,-5.140918],[-72.850853,-5.136013],[-72.848293,-5.138066],[-72.851224,-5.143777],[-72.847927,-5.145877],[-72.841485,-5.143211],[-72.837131,-5.143706],[-72.832871,-5.138491],[-72.827255,-5.14406],[-72.822901,-5.143683],[-72.824648,-5.135199],[-72.819845,-5.13278],[-72.817178,-5.139458],[-72.813,-5.134716],[-72.817462,-5.124037],[-72.81604,-5.116303],[-72.81968,-5.106433],[-72.818312,-5.102776],[-72.813262,-5.103035],[-72.80866,-5.107967],[-72.801026,-5.111365],[-72.792696,-5.105808],[-72.788413,-5.111672],[-72.784118,-5.112498],[-72.783496,-5.107496],[-72.779174,-5.101289],[-72.784239,-5.095308],[-72.780083,-5.092015],[-72.770077,-5.09972],[-72.761075,-5.093112],[-72.762384,-5.085006],[-72.756379,-5.082552],[-72.754774,-5.076653],[-72.745288,-5.086257],[-72.73881,-5.087307],[-72.73763,-5.075013],[-72.730043,-5.075591],[-72.730303,-5.069809],[-72.737194,-5.067284],[-72.737604,-5.061228],[-72.734114,-5.059285],[-72.727981,-5.061904],[-72.725277,-5.060004],[-72.728651,-5.054836],[-72.726067,-5.052347],[-72.720545,-5.056701],[-72.715188,-5.057456],[-72.711649,-5.049739],[-72.70831,-5.048854],[-72.698906,-5.057668],[-72.692452,-5.060901],[-72.687662,-5.059037],[-72.684931,-5.053172],[-72.681432,-5.051084],[-72.671839,-5.051957],[-72.667273,-5.057102],[-72.654553,-5.062836],[-72.651816,-5.058117],[-72.651663,-5.051096],[-72.645917,-5.049102],[-72.643215,-5.045385],[-72.638578,-5.05237],[-72.643191,-5.061125],[-72.641421,-5.062989],[-72.631463,-5.056193],[-72.627581,-5.047911],[-72.63059,-5.040607],[-72.626814,-5.038967],[-72.622991,-5.044925],[-72.61728,-5.045433],[-72.617929,-5.038223],[-72.615853,-5.034519],[-72.606525,-5.028224],[-72.611273,-5.020464],[-72.610767,-5.014379],[-72.602904,-5.012381],[-72.602217,-5.00601],[-72.598713,-5.00165],[-72.605357,-4.999185],[-72.608367,-4.993592],[-72.598986,-4.995149],[-72.597104,-4.992411],[-72.598648,-4.984782],[-72.594615,-4.982926],[-72.588813,-4.987662],[-72.590305,-4.992593],[-72.587373,-4.997809],[-72.583973,-4.997653],[-72.583843,-4.982965],[-72.581209,-4.980785],[-72.568532,-4.984029],[-72.566962,-4.975219],[-72.552767,-4.964644],[-72.552521,-4.957035],[-72.548129,-4.954262],[-72.539308,-4.952952],[-72.535972,-4.956639],[-72.540164,-4.96127],[-72.535885,-4.963486],[-72.530288,-4.958922],[-72.52794,-4.95383],[-72.524034,-4.959229],[-72.521269,-4.958329],[-72.523244,-4.94661],[-72.520479,-4.932806],[-72.503514,-4.938709],[-72.506982,-4.944415],[-72.504985,-4.946873],[-72.495987,-4.949858],[-72.492503,-4.935401],[-72.485693,-4.935189],[-72.484267,-4.942506],[-72.487243,-4.948223],[-72.482029,-4.950802],[-72.473865,-4.940443],[-72.47685,-4.932762],[-72.476433,-4.927868],[-72.469934,-4.922054],[-72.459293,-4.924342],[-72.453082,-4.912023],[-72.460566,-4.910684],[-72.469522,-4.89088],[-72.461557,-4.893428],[-72.454513,-4.891494],[-72.455066,-4.897633],[-72.452549,-4.900994],[-72.446425,-4.898538],[-72.441238,-4.899628],[-72.437727,-4.909452],[-72.429867,-4.909941],[-72.428332,-4.901531],[-72.422163,-4.899582],[-72.414935,-4.900318],[-72.418035,-4.893228],[-72.415596,-4.88643],[-72.422992,-4.881412],[-72.420281,-4.8749],[-72.414666,-4.874822],[-72.411589,-4.877222],[-72.410239,-4.885693],[-72.404008,-4.888256],[-72.401153,-4.883161],[-72.401522,-4.876347],[-72.395039,-4.8729],[-72.391332,-4.86895],[-72.386608,-4.873533],[-72.382017,-4.872956],[-72.382001,-4.868475],[-72.388155,-4.865467],[-72.388923,-4.860832],[-72.381249,-4.859482],[-72.384027,-4.853711],[-72.38217,-4.846207],[-72.376369,-4.840974],[-72.378566,-4.834833],[-72.387802,-4.836324],[-72.389061,-4.833285],[-72.381817,-4.830876],[-72.373932,-4.832599],[-72.372962,-4.829096],[-72.380528,-4.827315],[-72.381433,-4.824338],[-72.370461,-4.822006],[-72.364961,-4.82538],[-72.358844,-4.823387],[-72.361268,-4.818537],[-72.36652,-4.815978],[-72.371719,-4.808731],[-72.368052,-4.802929],[-72.356934,-4.805817],[-72.344839,-4.80671],[-72.342822,-4.80385],[-72.342615,-4.796515],[-72.337752,-4.793462],[-72.336371,-4.80479],[-72.325886,-4.801557],[-72.323441,-4.803836],[-72.326176,-4.810674],[-72.322722,-4.811697],[-72.321371,-4.805087],[-72.323095,-4.798062],[-72.320498,-4.787701],[-72.328552,-4.785753],[-72.326881,-4.779993],[-72.31161,-4.774408],[-72.30895,-4.781167],[-72.313011,-4.78451],[-72.307913,-4.790271],[-72.30446,-4.789124],[-72.301849,-4.776014],[-72.297981,-4.775448],[-72.281832,-4.782231],[-72.280478,-4.77129],[-72.276348,-4.776608],[-72.276583,-4.788862],[-72.282412,-4.79284],[-72.279677,-4.798345],[-72.269164,-4.79715],[-72.266774,-4.788143],[-72.2631,-4.785684],[-72.255902,-4.784786],[-72.261235,-4.779703],[-72.257754,-4.774246],[-72.257491,-4.767629],[-72.251938,-4.765198],[-72.248415,-4.770005],[-72.247338,-4.778363],[-72.242378,-4.781043],[-72.236549,-4.775517],[-72.228743,-4.774951],[-72.229378,-4.770432],[-72.221201,-4.771607],[-72.215081,-4.767035],[-72.212705,-4.763153],[-72.214722,-4.758083],[-72.221712,-4.757876],[-72.221311,-4.754132],[-72.213092,-4.753538],[-72.208243,-4.747405],[-72.202607,-4.75072],[-72.200157,-4.756724],[-72.192591,-4.757641],[-72.187356,-4.750485],[-72.191762,-4.744918],[-72.185933,-4.742791],[-72.174149,-4.735055],[-72.169508,-4.733963],[-72.163084,-4.735773],[-72.160169,-4.72765],[-72.147791,-4.724514],[-72.138177,-4.712137],[-72.127512,-4.723907],[-72.133685,-4.729566],[-72.133079,-4.7333],[-72.128327,-4.735151],[-72.122912,-4.731891],[-72.120964,-4.725053],[-72.124725,-4.71948],[-72.12467,-4.715762],[-72.114457,-4.70918],[-72.111211,-4.70534],[-72.103047,-4.70657],[-72.097176,-4.695863],[-72.089964,-4.688286],[-72.090098,-4.68182],[-72.080198,-4.683258],[-72.076288,-4.679307],[-72.081552,-4.674057],[-72.080281,-4.66867],[-72.070804,-4.662881],[-72.068041,-4.665106],[-72.064988,-4.676144],[-72.059158,-4.672234],[-72.059918,-4.66773],[-72.067751,-4.661362],[-72.067848,-4.658654],[-72.058105,-4.649365],[-72.046422,-4.65422],[-72.044419,-4.643569],[-72.0394,-4.644084],[-72.037401,-4.636662],[-72.041462,-4.63039],[-72.04301,-4.6234],[-72.040039,-4.622751],[-72.020872,-4.629822],[-72.015547,-4.631081],[-72.013309,-4.638292],[-72.006636,-4.645172],[-72.004385,-4.644149],[-72.004867,-4.634434],[-72.002188,-4.62905],[-71.990059,-4.625956],[-71.982213,-4.627434],[-71.981135,-4.623939],[-71.984409,-4.620099],[-71.985666,-4.613164],[-71.994549,-4.613758],[-71.994466,-4.60989],[-71.982199,-4.603922],[-71.979685,-4.609765],[-71.975678,-4.611313],[-71.970567,-4.608467],[-71.964668,-4.61094],[-71.96127,-4.605911],[-71.954681,-4.60913],[-71.947331,-4.608425],[-71.950444,-4.602006],[-71.949873,-4.598065],[-71.9428,-4.59544],[-71.943947,-4.591641],[-71.949832,-4.58519],[-71.949417,-4.579457],[-71.945591,-4.577509],[-71.935161,-4.578669],[-71.927632,-4.567673],[-71.930478,-4.561733],[-71.925919,-4.561028],[-71.921195,-4.564095],[-71.918597,-4.561913],[-71.921277,-4.551897],[-71.92672,-4.548002],[-71.923502,-4.542531],[-71.918846,-4.540473],[-71.921167,-4.535444],[-71.918515,-4.529297],[-71.909825,-4.530153],[-71.900445,-4.528882],[-71.895362,-4.530153],[-71.890693,-4.538622],[-71.884214,-4.535886],[-71.885388,-4.530416],[-71.893594,-4.522514],[-71.901219,-4.522928],[-71.907808,-4.519779],[-71.905488,-4.51475],[-71.890858,-4.515317],[-71.885346,-4.521934],[-71.884366,-4.515483],[-71.87935,-4.515265],[-71.872361,-4.518715],[-71.868258,-4.525222],[-71.864998,-4.526451],[-71.860177,-4.521119],[-71.856557,-4.511366],[-71.843295,-4.507746],[-71.839932,-4.504839],[-71.835684,-4.507235],[-71.83538,-4.513645],[-71.831912,-4.515524],[-71.827285,-4.509335],[-71.827464,-4.505398],[-71.833846,-4.498753],[-71.830766,-4.495452],[-71.826276,-4.496129],[-71.818167,-4.501212],[-71.813719,-4.501074],[-71.806535,-4.50439],[-71.805458,-4.500162],[-71.810459,-4.494526],[-71.808097,-4.491073],[-71.792376,-4.486058],[-71.793495,-4.491984],[-71.791616,-4.49588],[-71.78656,-4.496833],[-71.783576,-4.491307],[-71.788245,-4.486818],[-71.784156,-4.482314],[-71.775868,-4.48505],[-71.769071,-4.492799],[-71.769568,-4.502442],[-71.767648,-4.503699],[-71.759788,-4.500881],[-71.752936,-4.496488],[-71.748957,-4.491321],[-71.74799,-4.47828],[-71.753406,-4.469135],[-71.748087,-4.467975],[-71.74386,-4.471857],[-71.739702,-4.481637],[-71.738942,-4.492661],[-71.735364,-4.496626],[-71.723898,-4.497248],[-71.715872,-4.505329],[-71.706796,-4.509888],[-71.695993,-4.503436],[-71.692567,-4.49885],[-71.686873,-4.496844],[-71.674457,-4.500674],[-71.672909,-4.505564],[-71.662922,-4.503354],[-71.657935,-4.500936],[-71.654315,-4.493808],[-71.65578,-4.481845],[-71.660255,-4.476595],[-71.659413,-4.472396],[-71.654288,-4.471138],[-71.649687,-4.474095],[-71.646579,-4.481693],[-71.648168,-4.493352],[-71.650129,-4.499872],[-71.647905,-4.502732],[-71.640375,-4.498811],[-71.633607,-4.492758],[-71.625802,-4.489705],[-71.623896,-4.483944],[-71.627198,-4.478515],[-71.62659,-4.474468],[-71.618716,-4.46734],[-71.613646,-4.467464],[-71.610634,-4.474799],[-71.613535,-4.48534],[-71.621188,-4.502179],[-71.627032,-4.506255],[-71.632944,-4.507429],[-71.631928,-4.515742],[-71.626286,-4.521658],[-71.615911,-4.528136],[-71.607294,-4.528705],[-71.596157,-4.527377],[-71.592717,-4.525746],[-71.569564,-4.50823],[-71.563804,-4.500908],[-71.56064,-4.491736],[-71.551817,-4.487072],[-71.551384,-4.483102],[-71.558734,-4.481403],[-71.558375,-4.477604],[-71.553871,-4.476195],[-71.5438,-4.477341],[-71.537916,-4.482445],[-71.535222,-4.477162],[-71.539477,-4.469329],[-71.535916,-4.462577],[-71.526488,-4.464897],[-71.518533,-4.461099],[-71.515868,-4.463306],[-71.517332,-4.469881],[-71.513948,-4.473432],[-71.504568,-4.47625],[-71.496003,-4.485975],[-71.493364,-4.484248],[-71.49219,-4.477051],[-71.498752,-4.463914],[-71.504905,-4.46018],[-71.506736,-4.456606],[-71.506239,-4.448414],[-71.509679,-4.440332],[-71.505355,-4.437279],[-71.501832,-4.439282],[-71.485283,-4.456233],[-71.479799,-4.455252],[-71.476607,-4.448165],[-71.479177,-4.434917],[-71.474245,-4.433204],[-71.464589,-4.438882],[-71.459036,-4.438509],[-71.452944,-4.431671],[-71.449255,-4.436064],[-71.451629,-4.442185],[-71.447217,-4.448191],[-71.436359,-4.448946],[-71.433942,-4.447047],[-71.433596,-4.440701],[-71.43869,-4.431354],[-71.43187,-4.427901],[-71.425329,-4.435628],[-71.419318,-4.437394],[-71.412252,-4.435391],[-71.411614,-4.438951],[-71.416285,-4.441974],[-71.427294,-4.443334],[-71.431546,-4.44791],[-71.432776,-4.458551],[-71.426193,-4.464768],[-71.430751,-4.470253],[-71.436403,-4.469747],[-71.436846,-4.474821],[-71.432519,-4.475717],[-71.41881,-4.464708],[-71.414955,-4.460235],[-71.409203,-4.448732],[-71.40044,-4.44384],[-71.3982,-4.435295],[-71.39511,-4.430872],[-71.387728,-4.425602],[-71.378549,-4.424186],[-71.370507,-4.42816],[-71.365702,-4.432249],[-71.35711,-4.432871],[-71.348205,-4.425955],[-71.342643,-4.427279],[-71.341096,-4.430373],[-71.340954,-4.439367],[-71.338003,-4.440987],[-71.331364,-4.439367],[-71.317635,-4.440414],[-71.313471,-4.442722],[-71.310068,-4.450193],[-71.310782,-4.461401],[-71.306975,-4.461663],[-71.301424,-4.451936],[-71.30086,-4.444435],[-71.305595,-4.438225],[-71.314209,-4.431811],[-71.319228,-4.426219],[-71.319872,-4.420046],[-71.317635,-4.415953],[-71.308883,-4.414814],[-71.301478,-4.421045],[-71.295839,-4.433418],[-71.288486,-4.440151],[-71.279296,-4.440984],[-71.261884,-4.427827],[-71.262693,-4.418594],[-71.267206,-4.411735],[-71.267524,-4.407173],[-71.260385,-4.398678],[-71.260671,-4.394229],[-71.266881,-4.392492],[-71.276542,-4.399083],[-71.279754,-4.395252],[-71.27854,-4.390112],[-71.272484,-4.384861],[-71.264061,-4.383449],[-71.247631,-4.39035],[-71.23966,-4.387994],[-71.235068,-4.383307],[-71.230263,-4.383066],[-71.225788,-4.387471],[-71.225669,-4.395966],[-71.227715,-4.401938],[-71.226406,-4.40565],[-71.219815,-4.405293],[-71.217817,-4.400677],[-71.218316,-4.387804],[-71.21677,-4.381023],[-71.212986,-4.376644],[-71.20285,-4.377667],[-71.198091,-4.382093],[-71.198495,-4.387971],[-71.205467,-4.396632],[-71.205182,-4.40327],[-71.201398,-4.409814],[-71.198805,-4.420212],[-71.193689,-4.423068],[-71.186693,-4.417976],[-71.184718,-4.409195],[-71.18548,-4.397893],[-71.181887,-4.393895],[-71.166408,-4.393506],[-71.160981,-4.390792],[-71.156147,-4.394666],[-71.15683,-4.400224],[-71.150972,-4.403321],[-71.147521,-4.397402],[-71.151447,-4.385921],[-71.149163,-4.381198],[-71.141087,-4.381323],[-71.129362,-4.388997],[-71.120705,-4.404736],[-71.115042,-4.408139],[-71.108022,-4.404451],[-71.106238,-4.399365],[-71.106714,-4.390829],[-71.108825,-4.380062],[-71.105791,-4.376314],[-71.091031,-4.372503],[-71.082687,-4.371728],[-71.076911,-4.375362],[-71.076614,-4.381371],[-71.082185,-4.388649],[-71.080032,-4.393864],[-71.074234,-4.394101],[-71.060433,-4.388628],[-71.055109,-4.381579],[-71.054128,-4.369414],[-71.047625,-4.36809],[-71.043486,-4.37282],[-71.042676,-4.377206],[-71.045889,-4.386962],[-71.044996,-4.394725],[-71.042111,-4.398265],[-71.034735,-4.398532],[-71.02135,-4.387795],[-71.019771,-4.380992],[-71.017335,-4.379987],[-71.011089,-4.384464],[-71.003914,-4.386318],[-70.996515,-4.385802],[-70.990239,-4.381519],[-70.987949,-4.376552],[-70.9878,-4.363971],[-70.989257,-4.35939],[-70.997496,-4.351032],[-70.997439,-4.345777],[-70.993063,-4.344628],[-70.986224,-4.347255],[-70.977806,-4.353888],[-70.973137,-4.361829],[-70.971293,-4.375541],[-70.962578,-4.379289],[-70.948289,-4.376022],[-70.93804,-4.383096],[-70.934173,-4.377712],[-70.936315,-4.369741],[-70.935154,-4.35939],[-70.933519,-4.356059],[-70.925458,-4.354572],[-70.917606,-4.360223],[-70.911836,-4.35594],[-70.905649,-4.335953],[-70.901978,-4.327798],[-70.892741,-4.322836],[-70.882795,-4.324634],[-70.876382,-4.321646],[-70.875995,-4.313586],[-70.88004,-4.299458],[-70.878315,-4.29339],[-70.873616,-4.289702],[-70.864544,-4.287174],[-70.857087,-4.282613],[-70.848525,-4.281293],[-70.84549,-4.276311],[-70.846879,-4.272205],[-70.85461,-4.268763],[-70.862016,-4.261446],[-70.864633,-4.256151],[-70.862718,-4.249297],[-70.857969,-4.246755],[-70.850981,-4.246961],[-70.839768,-4.254545],[-70.834384,-4.254099],[-70.828584,-4.24815],[-70.826175,-4.239436],[-70.815943,-4.227449],[-70.81752,-4.222571],[-70.823557,-4.219209],[-70.833046,-4.22272],[-70.839768,-4.230245],[-70.844582,-4.23082],[-70.847382,-4.226825],[-70.846163,-4.22037],[-70.843239,-4.217139],[-70.836466,-4.2146],[-70.830072,-4.214124],[-70.823112,-4.208711],[-70.820513,-4.200665],[-70.816606,-4.197111],[-70.804254,-4.193215],[-70.802975,-4.185035],[-70.799733,-4.181436],[-70.792578,-4.185928],[-70.786736,-4.185422],[-70.782304,-4.181288],[-70.768809,-4.163422],[-70.757751,-4.158519],[-70.747028,-4.161211],[-70.736354,-4.175036],[-70.728545,-4.183],[-70.721122,-4.187117],[-70.714668,-4.188037],[-70.705388,-4.186737],[-70.694323,-4.186671],[-70.687244,-4.192055],[-70.685638,-4.203298],[-70.682277,-4.206926],[-70.678262,-4.204458],[-70.672016,-4.194404],[-70.666008,-4.164959],[-70.666513,-4.159278],[-70.670082,-4.149581],[-70.668501,-4.142903],[-70.664223,-4.142592],[-70.657858,-4.148421],[-70.652683,-4.163977],[-70.649441,-4.162639],[-70.650868,-4.155619],[-70.650238,-4.136792],[-70.648033,-4.130348],[-70.644622,-4.126947],[-70.631852,-4.12757],[-70.622493,-4.126441],[-70.617913,-4.128226],[-70.617258,-4.133907],[-70.620263,-4.143216],[-70.624754,-4.149552],[-70.63335,-4.167219],[-70.635075,-4.175399],[-70.631107,-4.183601],[-70.627252,-4.188277],[-70.62033,-4.192941],[-70.616243,-4.193481],[-70.60084,-4.188039],[-70.586177,-4.185243],[-70.582042,-4.182477],[-70.57309,-4.173495],[-70.568152,-4.172454],[-70.562888,-4.176202],[-70.563576,-4.186687],[-70.573714,-4.200383],[-70.575499,-4.208057],[-70.573685,-4.210882],[-70.56729,-4.211001],[-70.559646,-4.207164],[-70.555422,-4.201602],[-70.552597,-4.188724],[-70.558676,-4.170801],[-70.557742,-4.165345],[-70.554024,-4.161538],[-70.544786,-4.159063],[-70.541011,-4.154796],[-70.54293,-4.148005],[-70.553081,-4.14099],[-70.549236,-4.136375],[-70.543614,-4.139082],[-70.536865,-4.144916],[-70.532014,-4.144555],[-70.526036,-4.136078],[-70.521931,-4.137387],[-70.511462,-4.146875],[-70.505513,-4.155322],[-70.503171,-4.16194],[-70.50474,-4.17293],[-70.512004,-4.184328],[-70.513603,-4.193334],[-70.510737,-4.197273],[-70.499971,-4.198832],[-70.492694,-4.191579],[-70.49085,-4.182983],[-70.488916,-4.166327],[-70.48731,-4.162401],[-70.479844,-4.159893],[-70.474015,-4.163918],[-70.469197,-4.173108],[-70.466311,-4.175755],[-70.459857,-4.173852],[-70.456199,-4.161568],[-70.452392,-4.158266],[-70.447811,-4.158683],[-70.440292,-4.163527],[-70.433653,-4.1613],[-70.432493,-4.155917],[-70.4363,-4.148986],[-70.442457,-4.14167],[-70.439285,-4.134469],[-70.432821,-4.131289],[-70.41973,-4.134978],[-70.398734,-4.137442],[-70.379788,-4.133907],[-70.37259,-4.137476],[-70.364887,-4.145506],[-70.361913,-4.155411],[-70.358165,-4.162787],[-70.350015,-4.172662],[-70.343127,-4.178008],[-70.336482,-4.178997],[-70.331812,-4.176529],[-70.327648,-4.168349],[-70.327827,-4.16017],[-70.329611,-4.149403],[-70.328332,-4.145269],[-70.323871,-4.142413],[-70.317208,-4.145566],[-70.311557,-4.154162],[-70.303289,-4.158831],[-70.293949,-4.159307],[-70.290053,-4.162609],[-70.285651,-4.170402],[-70.287733,-4.180514],[-70.287941,-4.195566],[-70.286722,-4.202673],[-70.2811,-4.215046],[-70.278534,-4.228928],[-70.282349,-4.235926],[-70.291837,-4.238008],[-70.300701,-4.24125],[-70.309148,-4.249221],[-70.309356,-4.253475],[-70.304896,-4.261123],[-70.295883,-4.267037],[-70.285145,-4.271172],[-70.28461,-4.278964],[-70.29038,-4.284229],[-70.286365,-4.288155],[-70.280148,-4.285657],[-70.266377,-4.278072],[-70.258125,-4.271696],[-70.252197,-4.271198],[-70.246538,-4.27483],[-70.245825,-4.284616],[-70.249305,-4.28878],[-70.256175,-4.292141],[-70.264801,-4.293539],[-70.268073,-4.297078],[-70.265515,-4.303086],[-70.259957,-4.308602],[-70.249513,-4.31189],[-70.235533,-4.314121],[-70.228306,-4.317036],[-70.219561,-4.314389],[-70.217866,-4.309184],[-70.218312,-4.30148],[-70.212691,-4.299487],[-70.211858,-4.312812],[-70.204779,-4.323074],[-70.200407,-4.343567],[-70.200823,-4.354572],[-70.19633,-4.360337],[-70.189506,-4.36084],[-70.180836,-4.355405],[-70.17798,-4.34898],[-70.177415,-4.339821],[-70.172629,-4.33364],[-70.15594,-4.332711],[-70.151598,-4.32703],[-70.153829,-4.318999],[-70.168482,-4.310549],[-70.170515,-4.30267],[-70.161978,-4.290832],[-70.158144,-4.277209],[-70.151566,-4.272109],[-70.142288,-4.273789],[-70.132354,-4.282474],[-70.126732,-4.285686],[-70.120992,-4.285419],[-70.115341,-4.280987],[-70.11308,-4.275098],[-70.11535,-4.262443],[-70.112099,-4.256717],[-70.104961,-4.258025],[-70.101302,-4.263944],[-70.099785,-4.270993],[-70.100231,-4.280898],[-70.099071,-4.28533],[-70.091963,-4.289018],[-70.079367,-4.28541],[-70.070339,-4.287768],[-70.063677,-4.293628],[-70.05642,-4.294996],[-70.047394,-4.291811],[-70.041161,-4.29336],[-70.040715,-4.299785],[-70.045325,-4.303592],[-70.051869,-4.306239],[-70.0619,-4.306072],[-70.071641,-4.303729],[-70.078742,-4.309976],[-70.076511,-4.318861],[-70.07086,-4.322319],[-70.051961,-4.324863],[-70.042956,-4.332185],[-70.040187,-4.341503],[-70.040262,-4.346969],[-70.048465,-4.355877],[-70.051022,-4.364916],[-70.047971,-4.370971],[-70.039997,-4.37535],[-70.029311,-4.372376],[-70.025358,-4.367618],[-70.02336,-4.360749],[-70.018599,-4.353255],[-70.012081,-4.349111],[-69.999278,-4.349174],[-69.991963,-4.348168],[-69.980363,-4.340416],[-69.974418,-4.332777],[-69.964734,-4.311898],[-69.956231,-4.297724],[-69.951503,-4.287417],[-69.949592,-4.279383],[-69.950802,-4.267603],[-69.95126,-4.25177],[-69.949039,-4.23333],[-69.950492,-4.21949],[-69.955689,-4.207643],[-69.961436,-4.201477],[-69.983711,-4.182775],[-69.998325,-4.16771],[-70.019963,-4.147103],[-70.034079,-4.134413],[-70.044231,-4.120909],[-70.051827,-4.10793],[-70.059974,-4.086244],[-70.067782,-4.075982],[-70.076258,-4.069513],[-70.105035,-4.057467],[-70.114404,-4.049548],[-70.126673,-4.03081],[-70.149565,-4.006753],[-70.159321,-3.991713],[-70.174545,-3.969562],[-70.175896,-3.955557],[-70.181111,-3.929375],[-70.185562,-3.919955],[-70.192299,-3.912943],[-70.198004,-3.909605],[-70.22268,-3.902568],[-70.234443,-3.897269],[-70.246094,-3.890367],[-70.257621,-3.880477],[-70.262756,-3.873236],[-70.267199,-3.861521],[-70.272088,-3.845672],[-70.276307,-3.837631],[-70.285316,-3.827172],[-70.292275,-3.821191],[-70.304955,-3.813367],[-70.324027,-3.806221],[-70.346299,-3.79976],[-70.354064,-3.799287],[-70.358986,-3.801115],[-70.366082,-3.8065],[-70.384162,-3.825869],[-70.389428,-3.829305],[-70.394227,-3.829986],[-70.40165,-3.827678],[-70.410209,-3.821809],[-70.41616,-3.823178],[-70.425545,-3.834182],[-70.441474,-3.851082],[-70.449812,-3.856678],[-70.464088,-3.864045],[-70.481598,-3.869324],[-70.489559,-3.873894],[-70.496411,-3.875809],[-70.510631,-3.875466],[-70.520744,-3.872975],[-70.540916,-3.863037],[-70.552439,-3.852891],[-70.563557,-3.840104],[-70.573677,-3.830295],[-70.580872,-3.826811],[-70.587897,-3.827382],[-70.61902,-3.84006],[-70.625652,-3.832818],[-70.628906,-3.831487],[-70.639261,-3.831644],[-70.650729,-3.829828],[-70.654803,-3.826985],[-70.671013,-3.805447],[-70.680722,-3.796142],[-70.690036,-3.792005],[-70.705517,-3.792683],[-70.711147,-3.790296],[-70.66483,-3.719231],[-70.502637,-3.463229],[-70.477926,-3.424218],[-70.139981,-2.89082],[-70.105561,-2.83649],[-70.079941,-2.795664],[-70.073609,-2.790662],[-70.06006,-2.758917],[-70.06563,-2.750435],[-70.069174,-2.739451],[-70.071255,-2.724321],[-70.070171,-2.711256],[-70.066521,-2.7004],[-70.066039,-2.684096],[-70.069961,-2.670839],[-70.078904,-2.655385],[-70.084944,-2.649031],[-70.090906,-2.647149],[-70.098189,-2.650584],[-70.10327,-2.657362],[-70.105287,-2.664115],[-70.105889,-2.675388],[-70.109262,-2.68488],[-70.118432,-2.698633],[-70.127213,-2.702869],[-70.135352,-2.702702],[-70.140547,-2.700539],[-70.15185,-2.692637],[-70.162062,-2.687849],[-70.162289,-2.68247],[-70.154837,-2.66723],[-70.15421,-2.656876],[-70.157583,-2.646129],[-70.161505,-2.640246],[-70.172486,-2.633242],[-70.179049,-2.632674],[-70.184178,-2.638126],[-70.187965,-2.650271],[-70.19185,-2.656348],[-70.196305,-2.658982],[-70.20748,-2.656906],[-70.213859,-2.652311],[-70.21933,-2.643588],[-70.222622,-2.629841],[-70.225576,-2.602538],[-70.230065,-2.574588],[-70.234681,-2.56339],[-70.242187,-2.552805],[-70.250614,-2.547395],[-70.263403,-2.543603],[-70.267874,-2.543603],[-70.273837,-2.547328],[-70.281254,-2.557025],[-70.287917,-2.563243],[-70.302529,-2.573186],[-70.311452,-2.577012],[-70.323037,-2.579076],[-70.33458,-2.577889],[-70.339258,-2.576079],[-70.351906,-2.568543],[-70.358947,-2.559763],[-70.358619,-2.551908],[-70.354496,-2.545266],[-70.347102,-2.540701],[-70.339023,-2.53772],[-70.317658,-2.536348],[-70.305105,-2.53074],[-70.301797,-2.528221],[-70.295859,-2.519049],[-70.295166,-2.512625],[-70.299328,-2.504054],[-70.303645,-2.501401],[-70.319883,-2.504146],[-70.328734,-2.501573],[-70.334568,-2.497048],[-70.352672,-2.490419],[-70.357906,-2.489323],[-70.368098,-2.491283],[-70.376597,-2.495125],[-70.38601,-2.502107],[-70.401695,-2.51825],[-70.412537,-2.525695],[-70.423148,-2.526254],[-70.437234,-2.521247],[-70.442519,-2.516486],[-70.448273,-2.504924],[-70.450028,-2.48831],[-70.451483,-2.481574],[-70.459224,-2.46808],[-70.466043,-2.45893],[-70.471695,-2.454728],[-70.475061,-2.455068],[-70.493243,-2.469709],[-70.500449,-2.472768],[-70.510553,-2.471756],[-70.517402,-2.468988],[-70.523797,-2.46243],[-70.527787,-2.455875],[-70.532006,-2.445641],[-70.541473,-2.432068],[-70.55117,-2.423437],[-70.564422,-2.418365],[-70.574135,-2.417434],[-70.589924,-2.417891],[-70.595619,-2.421316],[-70.59642,-2.425912],[-70.593461,-2.430398],[-70.579522,-2.435701],[-70.567986,-2.438244],[-70.560219,-2.441125],[-70.554216,-2.447628],[-70.551262,-2.456248],[-70.55226,-2.464765],[-70.561639,-2.473008],[-70.571165,-2.476209],[-70.583139,-2.481554],[-70.599304,-2.484436],[-70.614205,-2.482222],[-70.627226,-2.476382],[-70.638294,-2.465767],[-70.641365,-2.45551],[-70.639176,-2.441836],[-70.63048,-2.427252],[-70.628297,-2.421623],[-70.627068,-2.397535],[-70.62997,-2.392913],[-70.635811,-2.395641],[-70.644844,-2.405514],[-70.656617,-2.409061],[-70.664877,-2.410406],[-70.671127,-2.409273],[-70.678435,-2.402139],[-70.678994,-2.393404],[-70.675894,-2.383754],[-70.66468,-2.369287],[-70.662734,-2.363773],[-70.665924,-2.353773],[-70.674256,-2.347557],[-70.693893,-2.339258],[-70.714799,-2.335785],[-70.722566,-2.332441],[-70.729503,-2.331069],[-70.744842,-2.330461],[-70.751236,-2.32827],[-70.759789,-2.319869],[-70.763215,-2.312855],[-70.766969,-2.300211],[-70.777762,-2.29299],[-70.790779,-2.2918],[-70.81334,-2.29475],[-70.82702,-2.294388],[-70.835953,-2.290815],[-70.842109,-2.280809],[-70.849389,-2.255748],[-70.851891,-2.244141],[-70.858154,-2.23218],[-70.863746,-2.227117],[-70.879387,-2.220893],[-70.889213,-2.221799],[-70.899613,-2.225348],[-70.90693,-2.231314],[-70.913566,-2.242682],[-70.920662,-2.250139],[-70.928666,-2.254152],[-70.941451,-2.253215],[-70.95218,-2.246537],[-70.959365,-2.23768],[-70.9646,-2.223998],[-70.972701,-2.214223],[-70.981834,-2.21099],[-71.000205,-2.207853],[-71.009166,-2.21061],[-71.017402,-2.221828],[-71.018914,-2.226867],[-71.017716,-2.240811],[-71.014421,-2.247714],[-71.001022,-2.269336],[-70.994474,-2.277817],[-70.990418,-2.287093],[-70.989084,-2.296349],[-70.992614,-2.301605],[-70.998394,-2.303927],[-71.006106,-2.30184],[-71.016907,-2.295532],[-71.026423,-2.280268],[-71.034425,-2.274856],[-71.053329,-2.27062],[-71.068548,-2.271169],[-71.077357,-2.274375],[-71.099184,-2.276355],[-71.119928,-2.280504],[-71.133577,-2.285132],[-71.139774,-2.29078],[-71.142206,-2.296114],[-71.143226,-2.304586],[-71.141503,-2.308313],[-71.13355,-2.318014],[-71.131167,-2.325697],[-71.130322,-2.337495],[-71.135129,-2.342859],[-71.140765,-2.342812],[-71.150835,-2.334394],[-71.157032,-2.33361],[-71.166837,-2.337767],[-71.170426,-2.350187],[-71.172015,-2.372753],[-71.17578,-2.379029],[-71.188174,-2.379578],[-71.200176,-2.374557],[-71.210217,-2.364595],[-71.219473,-2.3482],[-71.223395,-2.343494],[-71.231082,-2.337611],[-71.234769,-2.336748],[-71.245751,-2.337767],[-71.252262,-2.343337],[-71.260107,-2.356829],[-71.264264,-2.358163],[-71.270777,-2.356035],[-71.270954,-2.352225],[-71.266382,-2.344906],[-71.266341,-2.336476],[-71.272187,-2.333453],[-71.280188,-2.33714],[-71.292974,-2.339807],[-71.302388,-2.343572],[-71.307094,-2.347416],[-71.309471,-2.352494],[-71.310703,-2.364909],[-71.316743,-2.374401],[-71.325529,-2.380205],[-71.334863,-2.381774],[-71.346944,-2.379264],[-71.357847,-2.382637],[-71.371086,-2.389352],[-71.379811,-2.400679],[-71.390401,-2.407111],[-71.394716,-2.407033],[-71.401776,-2.401464],[-71.406325,-2.39307],[-71.406012,-2.384598],[-71.396755,-2.36334],[-71.395265,-2.35628],[-71.396396,-2.347115],[-71.406168,-2.337218],[-71.425387,-2.324275],[-71.43195,-2.314749],[-71.436639,-2.301869],[-71.446096,-2.285916],[-71.454647,-2.277052],[-71.463354,-2.27109],[-71.477317,-2.269365],[-71.48775,-2.272424],[-71.494806,-2.277996],[-71.496284,-2.283516],[-71.49615,-2.293344],[-71.47997,-2.330861],[-71.479384,-2.340064],[-71.481004,-2.347416],[-71.483671,-2.350946],[-71.491437,-2.354241],[-71.500463,-2.352209],[-71.509524,-2.340597],[-71.512381,-2.334865],[-71.514107,-2.317372],[-71.51544,-2.311646],[-71.519833,-2.302076],[-71.520539,-2.297134],[-71.516931,-2.277523],[-71.517715,-2.268502],[-71.516146,-2.25901],[-71.517087,-2.25148],[-71.524498,-2.247578],[-71.534404,-2.248718],[-71.544751,-2.246107],[-71.560098,-2.239535],[-71.568711,-2.240615],[-71.58583,-2.23875],[-71.604076,-2.231389],[-71.616386,-2.222429],[-71.632537,-2.206767],[-71.640328,-2.202076],[-71.647682,-2.200057],[-71.66403,-2.202302],[-71.682396,-2.211129],[-71.697822,-2.222865],[-71.708504,-2.22733],[-71.717812,-2.228406],[-71.723,-2.226553],[-71.728691,-2.219828],[-71.730562,-2.213914],[-71.731224,-2.201453],[-71.728928,-2.192219],[-71.721939,-2.177936],[-71.71882,-2.165345],[-71.718923,-2.159936],[-71.72348,-2.146424],[-71.72741,-2.140902],[-71.732482,-2.140143],[-71.740594,-2.142197],[-71.761215,-2.154504],[-71.768609,-2.160204],[-71.769799,-2.170041],[-71.785103,-2.177531],[-71.792709,-2.187393],[-71.795699,-2.199957],[-71.799133,-2.204369],[-71.805068,-2.205623],[-71.809746,-2.204178],[-71.821014,-2.189228],[-71.825896,-2.187295],[-71.832769,-2.190416],[-71.837295,-2.197809],[-71.842057,-2.213758],[-71.854357,-2.230441],[-71.862606,-2.259684],[-71.863871,-2.2698],[-71.872459,-2.295436],[-71.884756,-2.311594],[-71.889443,-2.313654],[-71.90268,-2.313273],[-71.91568,-2.309353],[-71.926064,-2.307777],[-71.932281,-2.310113],[-71.936568,-2.314703],[-71.93818,-2.319752],[-71.938316,-2.328352],[-71.928764,-2.345422],[-71.919221,-2.36542],[-71.919578,-2.373848],[-71.926269,-2.380728],[-71.932205,-2.380887],[-71.938584,-2.374441],[-71.939977,-2.36232],[-71.945703,-2.357378],[-71.949782,-2.356359],[-71.961961,-2.357141],[-71.978949,-2.367303],[-71.984512,-2.368673],[-71.994118,-2.368254],[-71.999961,-2.369492],[-72.010109,-2.368951],[-72.014644,-2.365212],[-72.021972,-2.355195],[-72.037201,-2.338001],[-72.043216,-2.334593],[-72.048741,-2.334936],[-72.057693,-2.33939],[-72.068486,-2.34967],[-72.079579,-2.365902],[-72.082063,-2.367958],[-72.097826,-2.370271],[-72.104035,-2.375839],[-72.111231,-2.386118],[-72.12545,-2.396869],[-72.138257,-2.400209],[-72.145281,-2.406249],[-72.147765,-2.415628],[-72.145238,-2.424023],[-72.144938,-2.431947],[-72.137614,-2.446466],[-72.137743,-2.45439],[-72.140476,-2.461967],[-72.144553,-2.467196],[-72.149821,-2.470023],[-72.156759,-2.469937],[-72.166353,-2.464412],[-72.166949,-2.456347],[-72.163826,-2.443768],[-72.164215,-2.437588],[-72.169468,-2.431902],[-72.179502,-2.428991],[-72.184457,-2.4297],[-72.192051,-2.434174],[-72.20156,-2.443682],[-72.205671,-2.445952],[-72.220362,-2.448351],[-72.226915,-2.446252],[-72.238608,-2.432846],[-72.244219,-2.430662],[-72.258224,-2.432247],[-72.262165,-2.435502],[-72.261905,-2.440044],[-72.257325,-2.448222],[-72.256811,-2.454754],[-72.259552,-2.458523],[-72.26671,-2.459331],[-72.278968,-2.453041],[-72.286278,-2.454183],[-72.288887,-2.45685],[-72.289002,-2.463946],[-72.290897,-2.469137],[-72.297528,-2.473599],[-72.307008,-2.47497],[-72.321381,-2.473507],[-72.32848,-2.479481],[-72.334742,-2.481051],[-72.344299,-2.480281],[-72.352311,-2.481723],[-72.36126,-2.487533],[-72.368112,-2.489532],[-72.375022,-2.488104],[-72.379369,-2.482754],[-72.381022,-2.473834],[-72.378555,-2.4626],[-72.379418,-2.454981],[-72.386111,-2.444579],[-72.399636,-2.432025],[-72.408659,-2.414493],[-72.411628,-2.414322],[-72.416482,-2.424944],[-72.421786,-2.433767],[-72.431958,-2.43785],[-72.443265,-2.43568],[-72.448918,-2.433247],[-72.466451,-2.421232],[-72.47159,-2.420033],[-72.481813,-2.420261],[-72.495575,-2.418314],[-72.500679,-2.419096],[-72.507656,-2.42412],[-72.514706,-2.426651],[-72.519155,-2.425216],[-72.524986,-2.417686],[-72.529092,-2.415174],[-72.53241,-2.408635],[-72.53891,-2.40315],[-72.544846,-2.401434],[-72.560234,-2.400432],[-72.568787,-2.397582],[-72.579178,-2.386709],[-72.590607,-2.371137],[-72.595519,-2.366553],[-72.611144,-2.357982],[-72.619697,-2.356281],[-72.637817,-2.360807],[-72.640799,-2.363263],[-72.641827,-2.369145],[-72.636744,-2.378225],[-72.636459,-2.386448],[-72.640846,-2.39232],[-72.653419,-2.401639],[-72.658216,-2.407235],[-72.662442,-2.415858],[-72.667092,-2.439951],[-72.674549,-2.447952],[-72.684429,-2.452464],[-72.691025,-2.44848],[-72.692178,-2.438738],[-72.687072,-2.42451],[-72.689141,-2.413834],[-72.692117,-2.406285],[-72.707754,-2.389073],[-72.715178,-2.385587],[-72.719692,-2.386127],[-72.726929,-2.390906],[-72.731313,-2.398549],[-72.731498,-2.411477],[-72.733779,-2.419615],[-72.740726,-2.425374],[-72.745795,-2.426766],[-72.753244,-2.423662],[-72.757432,-2.411781],[-72.758256,-2.399055],[-72.764877,-2.390352],[-72.769103,-2.386805],[-72.776451,-2.384367],[-72.779824,-2.385096],[-72.786545,-2.390387],[-72.798713,-2.406805],[-72.80281,-2.410705],[-72.814553,-2.414857],[-72.824127,-2.416365],[-72.829246,-2.41924],[-72.841432,-2.430035],[-72.851799,-2.435783],[-72.866844,-2.43891],[-72.874146,-2.438115],[-72.889086,-2.43332],[-72.895127,-2.433674],[-72.900939,-2.436441],[-72.919053,-2.448168],[-72.927139,-2.454139],[-72.933804,-2.454869],[-72.93773,-2.450443],[-72.937416,-2.444406],[-72.934455,-2.439133],[-72.925461,-2.430285],[-72.922164,-2.423508],[-72.925095,-2.415536],[-72.935295,-2.412064],[-72.941459,-2.407717],[-72.94751,-2.405771],[-72.951734,-2.400959],[-72.956004,-2.391551],[-72.957359,-2.375508],[-72.959502,-2.368637],[-72.963357,-2.343153],[-72.971066,-2.337442],[-72.978463,-2.33865],[-72.98568,-2.344133],[-72.994123,-2.357216],[-73.00121,-2.358525],[-73.006508,-2.356248],[-73.014916,-2.347012],[-73.017757,-2.341208],[-73.019959,-2.32984],[-73.024033,-2.318811],[-73.030678,-2.315092],[-73.036053,-2.315084],[-73.042412,-2.323262],[-73.043972,-2.329979],[-73.042878,-2.343082],[-73.044235,-2.35279],[-73.052301,-2.360856],[-73.060982,-2.359654],[-73.066414,-2.35524],[-73.070259,-2.342041],[-73.064514,-2.326402],[-73.065146,-2.319621],[-73.068299,-2.315141],[-73.080041,-2.311209],[-73.087091,-2.313282],[-73.096145,-2.322402],[-73.099971,-2.324572],[-73.113879,-2.327006],[-73.121101,-2.325428],[-73.124641,-2.320631],[-73.125008,-2.315217],[-73.120162,-2.305273],[-73.114805,-2.298721],[-73.11493,-2.292978],[-73.118996,-2.284539],[-73.127174,-2.276555],[-73.139457,-2.271002],[-73.151633,-2.260156],[-73.163422,-2.239781],[-73.168764,-2.22463],[-73.170207,-2.205318],[-73.171469,-2.198137],[-73.170462,-2.191608],[-73.164953,-2.186637],[-73.154764,-2.186218],[-73.148618,-2.187896],[-73.139961,-2.187018],[-73.132027,-2.183553],[-73.1269,-2.176602],[-73.123137,-2.166543],[-73.11944,-2.145525],[-73.114188,-2.130874],[-73.108252,-2.124868],[-73.096824,-2.120221],[-73.086826,-2.113251],[-73.076728,-2.108193],[-73.071937,-2.102361],[-73.070289,-2.0965],[-73.070648,-2.083172],[-73.073678,-2.081629],[-73.08841,-2.084404],[-73.100631,-2.082584],[-73.106918,-2.073623],[-73.107101,-2.064436],[-73.104662,-2.057399],[-73.0944,-2.042233],[-73.093731,-2.035458],[-73.096114,-2.030021],[-73.101471,-2.02512],[-73.114619,-2.018746],[-73.118668,-2.015701],[-73.122818,-2.003328],[-73.121302,-1.990854],[-73.123372,-1.981217],[-73.117233,-1.969867],[-73.115591,-1.960016],[-73.112807,-1.952521],[-73.112307,-1.942027],[-73.113645,-1.928062],[-73.117447,-1.91897],[-73.118417,-1.912083],[-73.116019,-1.905479],[-73.107406,-1.894066],[-73.108524,-1.881351],[-73.112765,-1.872815],[-73.117973,-1.870846],[-73.125213,-1.872461],[-73.137344,-1.871159],[-73.147642,-1.864933],[-73.152068,-1.85758],[-73.152362,-1.845371],[-73.144216,-1.825886],[-73.144359,-1.81375],[-73.146357,-1.803971],[-73.150284,-1.801563],[-73.167647,-1.801911],[-73.177124,-1.806826],[-73.184274,-1.808492],[-73.188145,-1.805149],[-73.188716,-1.799952],[-73.192314,-1.790986],[-73.19831,-1.779622],[-73.201623,-1.767858],[-73.203793,-1.763917],[-73.215385,-1.749584],[-73.224335,-1.749843],[-73.230633,-1.755466],[-73.232071,-1.761057],[-73.231547,-1.769285],[-73.228863,-1.786874],[-73.232232,-1.799381],[-73.236744,-1.802922],[-73.247594,-1.806405],[-73.253037,-1.805648],[-73.256788,-1.802522],[-73.255018,-1.795612],[-73.247346,-1.793195],[-73.244167,-1.786246],[-73.247822,-1.781392],[-73.252502,-1.780208],[-73.270672,-1.782275],[-73.288463,-1.776177],[-73.300605,-1.778791],[-73.306764,-1.783441],[-73.309401,-1.792348],[-73.30767,-1.803321],[-73.304127,-1.811621],[-73.30373,-1.818112],[-73.309555,-1.825764],[-73.315613,-1.82659],[-73.323084,-1.8221],[-73.325374,-1.807547],[-73.326973,-1.804863],[-73.335312,-1.800621],[-73.347962,-1.797756],[-73.354551,-1.794918],[-73.371402,-1.781792],[-73.383337,-1.774711],[-73.392988,-1.774311],[-73.397443,-1.775796],[-73.407783,-1.784564],[-73.425651,-1.790303],[-73.432868,-1.786255],[-73.435657,-1.762485],[-73.439995,-1.75673],[-73.452057,-1.745877],[-73.459282,-1.736397],[-73.466302,-1.73431],[-73.481445,-1.73246],[-73.49995,-1.731195],[-73.518922,-1.717375],[-73.529531,-1.707267],[-73.536955,-1.688365],[-73.53272,-1.679637],[-73.520223,-1.668434],[-73.516593,-1.662712],[-73.509487,-1.648104],[-73.50983,-1.637768],[-73.506746,-1.628345],[-73.501168,-1.619152],[-73.486644,-1.607159],[-73.480648,-1.603504],[-73.465229,-1.591169],[-73.461763,-1.586722],[-73.457411,-1.577013],[-73.45929,-1.569297],[-73.466621,-1.567695],[-73.475794,-1.574493],[-73.486164,-1.574123],[-73.490299,-1.569297],[-73.490756,-1.556305],[-73.482941,-1.545502],[-73.479008,-1.534359],[-73.478568,-1.522094],[-73.480618,-1.519784],[-73.491913,-1.51503],[-73.494792,-1.50822],[-73.487021,-1.500574],[-73.48528,-1.495103],[-73.487394,-1.485653],[-73.490316,-1.482047],[-73.511002,-1.482131],[-73.516709,-1.478227],[-73.528824,-1.46467],[-73.530753,-1.457926],[-73.529853,-1.439968],[-73.531636,-1.435006],[-73.537865,-1.430893],[-73.54429,-1.42981],[-73.57315,-1.428963],[-73.58249,-1.425781],[-73.585358,-1.423068],[-73.583885,-1.415161],[-73.576986,-1.413223],[-73.56482,-1.418266],[-73.558998,-1.419068],[-73.55249,-1.415619],[-73.550217,-1.406881],[-73.553535,-1.393787],[-73.561482,-1.377175],[-73.56497,-1.372214],[-73.575591,-1.364074],[-73.579157,-1.359578],[-73.576822,-1.336159],[-73.570129,-1.326914],[-73.569785,-1.322426],[-73.576531,-1.318062],[-73.584176,-1.324506],[-73.592393,-1.328418],[-73.598805,-1.328026],[-73.610801,-1.319026],[-73.612972,-1.315491],[-73.614894,-1.299304],[-73.617768,-1.286484],[-73.618348,-1.273035],[-73.619949,-1.261314],[-73.624633,-1.259363],[-73.63034,-1.264883],[-73.638787,-1.268334],[-73.647012,-1.267189],[-73.651459,-1.264775],[-73.663459,-1.249959],[-73.674424,-1.240312],[-73.680932,-1.238021],[-73.686646,-1.240318],[-73.697609,-1.249112],[-73.7084,-1.251769],[-73.718154,-1.251135],[-73.734711,-1.244367],[-73.740998,-1.234258],[-73.743801,-1.212243],[-73.742139,-1.203293],[-73.747863,-1.199891],[-73.753685,-1.20599],[-73.754014,-1.238398],[-73.758805,-1.245066],[-73.770561,-1.257256],[-73.780381,-1.259215],[-73.784379,-1.256574],[-73.782896,-1.248406],[-73.783928,-1.244047],[-73.789756,-1.239682],[-73.79934,-1.247619],[-73.803223,-1.249338],[-73.811676,-1.248654],[-73.818412,-1.240264],[-73.823555,-1.236359],[-73.829719,-1.235103],[-73.839547,-1.235561],[-73.850846,-1.233848],[-73.857133,-1.231779],[-73.867523,-1.223162],[-73.868217,-1.205352],[-73.871422,-1.197303],[-73.877242,-1.189834],[-73.886498,-1.180756],[-73.893699,-1.171686],[-73.896177,-1.166745],[-73.894412,-1.149905],[-73.894815,-1.144752],[-73.898458,-1.134352],[-73.906249,-1.12462],[-73.913738,-1.12003],[-73.927266,-1.120594],[-73.93395,-1.125506],[-73.9478,-1.132109],[-73.958572,-1.130789],[-73.964394,-1.126656],[-73.966562,-1.117776],[-73.950592,-1.097912],[-73.953891,-1.089303],[-73.96167,-1.082627],[-73.964639,-1.082748],[-73.975984,-1.091364],[-73.982345,-1.099497],[-73.988037,-1.103162],[-73.99501,-1.104025],[-73.999795,-1.102492],[-74.010969,-1.092812],[-74.015074,-1.086476],[-74.019624,-1.070861],[-74.02132,-1.068184],[-74.023283,-1.05703],[-74.019934,-1.032672],[-74.015479,-1.022142],[-74.015442,-1.014079],[-74.017614,-1.008814],[-74.022769,-1.00488],[-74.027672,-1.004326],[-74.035416,-1.009603],[-74.039971,-1.019469],[-74.040726,-1.032097],[-74.046201,-1.04482],[-74.055059,-1.052067],[-74.063917,-1.052953],[-74.077606,-1.051182],[-74.086544,-1.048685],[-74.094261,-1.048012],[-74.107278,-1.041832],[-74.122942,-1.033064],[-74.144515,-1.018556],[-74.168358,-1.006329],[-74.177717,-1.004369],[-74.183182,-1.0046],[-74.191727,-1.0085],[-74.199135,-1.010225],[-74.215203,-1.009883],[-74.223404,-1.007361],[-74.236732,-0.997375],[-74.244949,-0.992668],[-74.267218,-0.982356],[-74.27151,-0.973878],[-74.270544,-0.963087],[-74.263223,-0.946492],[-74.265053,-0.93891],[-74.270416,-0.929723],[-74.273154,-0.912031],[-74.278297,-0.899855],[-74.283318,-0.894803],[-74.291648,-0.893426],[-74.310936,-0.895728],[-74.316644,-0.891937],[-74.320297,-0.88424],[-74.317672,-0.87482],[-74.30809,-0.866088],[-74.302498,-0.865283],[-74.296219,-0.866777],[-74.286285,-0.871482],[-74.276816,-0.881246],[-74.269172,-0.879291],[-74.26609,-0.87343],[-74.269859,-0.860107],[-74.26815,-0.84701],[-74.263359,-0.839773],[-74.255256,-0.832305],[-74.246697,-0.827248],[-74.244988,-0.822883],[-74.246361,-0.816221],[-74.254799,-0.816338],[-74.271119,-0.826219],[-74.280137,-0.827369],[-74.289268,-0.821168],[-74.292236,-0.814393],[-74.291664,-0.809566],[-74.286416,-0.795551],[-74.281166,-0.789002],[-74.281394,-0.780387],[-74.287217,-0.775103],[-74.293854,-0.777093],[-74.303509,-0.792301],[-74.313461,-0.793947],[-74.317344,-0.792684],[-74.319396,-0.788318],[-74.317916,-0.77775],[-74.31324,-0.772234],[-74.311074,-0.765916],[-74.311646,-0.758221],[-74.314385,-0.755004],[-74.320428,-0.754201],[-74.337092,-0.759488],[-74.341201,-0.759832],[-74.347701,-0.756961],[-74.358543,-0.746164],[-74.367332,-0.740883],[-74.37384,-0.732037],[-74.376225,-0.724637],[-74.37635,-0.718826],[-74.372018,-0.714],[-74.351363,-0.708715],[-74.345375,-0.705438],[-74.34053,-0.698009],[-74.337569,-0.682935],[-74.340314,-0.675667],[-74.343437,-0.672868],[-74.363465,-0.664832],[-74.367945,-0.661023],[-74.372826,-0.652887],[-74.372059,-0.644538],[-74.362333,-0.636744],[-74.360395,-0.631791],[-74.360933,-0.623823],[-74.366439,-0.610448],[-74.374324,-0.605861],[-74.386074,-0.593854],[-74.387723,-0.59071],[-74.390043,-0.574579],[-74.388176,-0.555659],[-74.388972,-0.55093],[-74.394506,-0.541983],[-74.401887,-0.541424],[-74.409655,-0.554644],[-74.41843,-0.558144],[-74.423975,-0.55346],[-74.42687,-0.541117],[-74.424983,-0.532792],[-74.425097,-0.523842],[-74.423366,-0.510896],[-74.421337,-0.504523],[-74.425052,-0.496879],[-74.433797,-0.497332],[-74.443691,-0.496024],[-74.45181,-0.489985],[-74.465051,-0.487942],[-74.46823,-0.485086],[-74.471947,-0.476754],[-74.477486,-0.474105],[-74.484451,-0.479451],[-74.489533,-0.486816],[-74.494939,-0.48863],[-74.501609,-0.485529],[-74.502189,-0.482187],[-74.496061,-0.470338],[-74.498968,-0.461616],[-74.506079,-0.462021],[-74.51535,-0.467783],[-74.524734,-0.468936],[-74.529549,-0.465133],[-74.534584,-0.450959],[-74.539848,-0.443353],[-74.542824,-0.435057],[-74.547723,-0.42987],[-74.550758,-0.423931],[-74.555442,-0.418925],[-74.566693,-0.41661],[-74.571108,-0.413756],[-74.575145,-0.405843],[-74.574716,-0.395033],[-74.581291,-0.387809],[-74.589652,-0.38366],[-74.606316,-0.383501],[-74.613261,-0.380486],[-74.61668,-0.37308],[-74.608422,-0.358656],[-74.607506,-0.354391],[-74.611977,-0.350357],[-74.632006,-0.35877],[-74.648033,-0.363035],[-74.658219,-0.372945],[-74.668641,-0.373754],[-74.673447,-0.371449],[-74.675567,-0.367158],[-74.683865,-0.35926],[-74.682764,-0.349896],[-74.677566,-0.339988],[-74.679283,-0.332727],[-74.681916,-0.330422],[-74.68959,-0.32927],[-74.698631,-0.338375],[-74.703437,-0.345059],[-74.710648,-0.350244],[-74.713853,-0.350246],[-74.72393,-0.345404],[-74.731141,-0.339181],[-74.732514,-0.334918],[-74.732514,-0.322357],[-74.729424,-0.310832],[-74.730389,-0.292918],[-74.734044,-0.285095],[-74.742265,-0.275056],[-74.746472,-0.264106],[-74.747464,-0.251973],[-74.752218,-0.245829],[-74.762712,-0.22479],[-74.772583,-0.211408],[-74.782457,-0.201357],[-74.796063,-0.198463],[-74.804062,-0.194668],[-74.804914,-0.189155],[-74.808982,-0.189021],[-74.813912,-0.192248],[-74.819176,-0.198586],[-74.830391,-0.204809],[-74.835426,-0.211033],[-74.842548,-0.227131],[-74.848087,-0.233584],[-74.860485,-0.238557],[-74.875327,-0.239181],[-74.880187,-0.240305],[-74.892288,-0.236896],[-74.897085,-0.232899],[-74.900566,-0.219676],[-74.907307,-0.206744],[-74.913589,-0.202004],[-74.918656,-0.204811],[-74.917358,-0.212397],[-74.920029,-0.217486],[-74.928259,-0.220215],[-74.932083,-0.217789],[-74.935707,-0.207],[-74.941773,-0.201353],[-74.954713,-0.196627],[-74.958616,-0.193842],[-74.969668,-0.180018],[-74.969722,-0.17257],[-74.972801,-0.153525],[-74.977549,-0.151864],[-74.998516,-0.151299],[-75.016891,-0.145686],[-75.02375,-0.139236],[-75.039078,-0.116209],[-75.043142,-0.113139],[-75.052074,-0.110575],[-75.055786,-0.107834],[-75.06755,-0.093443],[-75.077363,-0.084205],[-75.088627,-0.080347],[-75.102044,-0.080516],[-75.108842,-0.076488],[-75.116402,-0.076116],[-75.124988,-0.073379],[-75.141371,-0.066323],[-75.142961,-0.062308],[-75.153417,-0.052939],[-75.160277,-0.051098],[-75.166133,-0.044323],[-75.179811,-0.038846],[-75.183596,-0.038606],[-75.206342,-0.046456],[-75.215488,-0.048686],[-75.219554,-0.060219],[-75.21959,-0.076571],[-75.225759,-0.086029],[-75.237617,-0.097672],[-75.241051,-0.103428],[-75.249283,-0.106768],[-75.256624,-0.11371],[-75.255988,-0.120016],[-75.259772,-0.127948],[-75.267671,-0.129709],[-75.276741,-0.134243],[-75.28397,-0.141598],[-75.286566,-0.152302],[-75.294836,-0.148207],[-75.306241,-0.155418],[-75.317842,-0.157572],[-75.340377,-0.155632],[-75.350002,-0.163488],[-75.358531,-0.158766],[-75.355473,-0.146558],[-75.364022,-0.14611],[-75.367954,-0.153144],[-75.369025,-0.160634],[-75.383644,-0.168483],[-75.392211,-0.164648],[-75.397612,-0.165092],[-75.405129,-0.170268],[-75.415629,-0.164763],[-75.423326,-0.157297],[-75.432828,-0.153564],[-75.449484,-0.154691],[-75.45076,-0.149974],[-75.460676,-0.151671],[-75.466642,-0.143919],[-75.466608,-0.141123],[-75.474122,-0.138401],[-75.479199,-0.132965],[-75.485063,-0.130184],[-75.491235,-0.132171],[-75.497426,-0.131362],[-75.503122,-0.12729],[-75.505625,-0.117942],[-75.513929,-0.117441],[-75.516709,-0.114389],[-75.523403,-0.115933],[-75.525263,-0.11955],[-75.532356,-0.117468],[-75.53664,-0.12123],[-75.54085,-0.11604],[-75.54409,-0.12247],[-75.54913,-0.12378],[-75.5505,-0.1282],[-75.56361,-0.1312],[-75.57208,-0.12777],[-75.57299,-0.12438],[-75.57903,-0.12014],[-75.58948,-0.12283],[-75.59576,-0.11951],[-75.60172,-0.10989],[-75.60564,-0.10963],[-75.610496,-0.113355],[-75.610551,-0.191123],[-75.60274,-0.19017],[-75.59052,-0.19063],[-75.58492,-0.18722],[-75.5795,-0.17859],[-75.57545,-0.17972],[-75.57052,-0.18468],[-75.56325,-0.18463],[-75.55693,-0.18077],[-75.54792,-0.17809],[-75.54514,-0.18033],[-75.53946,-0.17848],[-75.53077,-0.1809],[-75.53122,-0.18414],[-75.52437,-0.19019],[-75.52169,-0.19485],[-75.51527,-0.19596],[-75.5109,-0.20527],[-75.51111,-0.21165],[-75.49881,-0.21636],[-75.49615,-0.22555],[-75.49028,-0.23172],[-75.48222,-0.23696],[-75.48225,-0.24489],[-75.48039,-0.24953],[-75.48123,-0.25938],[-75.47915,-0.26795],[-75.47271,-0.27429],[-75.47248,-0.28462],[-75.47371,-0.29675],[-75.46652,-0.29766],[-75.46613,-0.30658],[-75.46273,-0.31843],[-75.45895,-0.32122],[-75.45743,-0.32841],[-75.45057,-0.33342],[-75.44925,-0.33769],[-75.44341,-0.34184],[-75.44202,-0.35353],[-75.43301,-0.36269],[-75.43325,-0.36647],[-75.42507,-0.37261],[-75.42636,-0.37727],[-75.4189,-0.38417],[-75.41658,-0.39185],[-75.40893,-0.3998],[-75.40269,-0.40068],[-75.39864,-0.40934],[-75.39502,-0.40933],[-75.38887,-0.41957],[-75.38981,-0.42553],[-75.38752,-0.43433],[-75.37552,-0.43891],[-75.36704,-0.44572],[-75.36476,-0.444],[-75.35694,-0.44649],[-75.35422,-0.45038],[-75.35305,-0.45892],[-75.34857,-0.46346],[-75.34478,-0.46405],[-75.34129,-0.45936],[-75.33643,-0.45998],[-75.33155,-0.45209],[-75.32471,-0.45339],[-75.32607,-0.46107],[-75.31344,-0.46756],[-75.31099,-0.47481],[-75.31159,-0.48469],[-75.31383,-0.48677],[-75.312758,-0.494241],[-75.306717,-0.493472],[-75.297593,-0.497569],[-75.295345,-0.50532],[-75.28512,-0.500136],[-75.277745,-0.498413],[-75.274933,-0.502335],[-75.266208,-0.508772],[-75.271499,-0.517273],[-75.269017,-0.519929],[-75.267638,-0.528965],[-75.261817,-0.529212],[-75.251188,-0.519257],[-75.241253,-0.524771],[-75.242938,-0.532753],[-75.24078,-0.54858],[-75.23671,-0.54838],[-75.2276,-0.55143],[-75.22648,-0.55554],[-75.22898,-0.56012],[-75.22784,-0.57567],[-75.2367,-0.58443],[-75.23726,-0.59045],[-75.23984,-0.59404],[-75.23987,-0.60156],[-75.23019,-0.60272],[-75.23279,-0.60751],[-75.22907,-0.61845],[-75.22376,-0.62555],[-75.23155,-0.63085],[-75.23447,-0.64076],[-75.23137,-0.64613],[-75.23587,-0.64727],[-75.24131,-0.64458],[-75.24583,-0.63948],[-75.24925,-0.64184],[-75.24932,-0.64745],[-75.25714,-0.64475],[-75.257912,-0.655063],[-75.263916,-0.656663],[-75.271384,-0.663613],[-75.271518,-0.670842],[-75.263332,-0.681659],[-75.258478,-0.685656],[-75.250029,-0.690015],[-75.247855,-0.694498],[-75.25094,-0.700447],[-75.260077,-0.703302],[-75.267958,-0.709127],[-75.272184,-0.713924],[-75.27384,-0.722433],[-75.272469,-0.735396],[-75.265788,-0.751158],[-75.252184,-0.760455],[-75.250711,-0.765149],[-75.256748,-0.773047],[-75.264928,-0.779261],[-75.26497,-0.783938],[-75.25694,-0.791306],[-75.247655,-0.793207],[-75.240219,-0.798098],[-75.238467,-0.806341],[-75.239578,-0.812299],[-75.24851,-0.831009],[-75.248475,-0.8341],[-75.244224,-0.844994],[-75.236314,-0.852257],[-75.227998,-0.857265],[-75.221172,-0.865763],[-75.220798,-0.876499],[-75.22176,-0.892906],[-75.219395,-0.899549],[-75.222721,-0.910949],[-75.232858,-0.919658],[-75.232858,-0.930009],[-75.227446,-0.944111],[-75.220087,-0.946496],[-75.210658,-0.953978],[-75.201573,-0.956801],[-75.18849,-0.9698],[-75.2014,-0.975547],[-75.205283,-0.974857],[-75.211447,-0.969568],[-75.216238,-0.970834],[-75.233939,-0.971521],[-75.247635,-0.970989],[-75.258981,-0.968282],[-75.26537,-0.970067],[-75.271172,-0.969116],[-75.277621,-0.971676],[-75.287462,-0.980386],[-75.287498,-0.984506],[-75.292982,-0.987494],[-75.304176,-0.985306],[-75.313193,-0.974734],[-75.322033,-0.974777],[-75.331852,-0.962677],[-75.343141,-0.95162],[-75.348059,-0.948197],[-75.352148,-0.942304],[-75.358836,-0.93952],[-75.369807,-0.929006],[-75.37746,-0.924334],[-75.381297,-0.923941],[-75.3867,-0.929739],[-75.403898,-1.000084],[-75.414246,-1.037275],[-75.449654,-1.162879],[-75.460531,-1.203236],[-75.473563,-1.249916],[-75.486131,-1.293261],[-75.498533,-1.338552],[-75.538963,-1.483474],[-75.545584,-1.499324],[-75.550361,-1.501986],[-75.555873,-1.545638],[-75.558531,-1.551737],[-75.558355,-1.56072],[-75.563566,-1.562767],[-75.567152,-1.555142],[-75.580934,-1.546367],[-75.615693,-1.589183],[-75.655096,-1.635898],[-75.688005,-1.678424],[-75.777307,-1.792627],[-75.832053,-1.861164],[-75.863109,-1.900273],[-75.933035,-1.988002],[-75.957211,-2.019642],[-76.037303,-2.11983],[-76.044989,-2.128043],[-76.097379,-2.169715],[-76.152861,-2.212992],[-76.16426,-2.221318],[-76.212227,-2.2593],[-76.25135,-2.288486],[-76.296074,-2.325043],[-76.352127,-2.368715],[-76.391498,-2.399778],[-76.439398,-2.437906],[-76.457707,-2.452066],[-76.498661,-2.484521],[-76.527076,-2.506578],[-76.626074,-2.584484],[-76.631865,-2.589689],[-76.648879,-2.595222],[-76.678563,-2.605752],[-76.689389,-2.608963],[-76.864113,-2.668332],[-77.022645,-2.722177],[-77.024906,-2.722832],[-77.156984,-2.767845],[-77.172861,-2.772822],[-77.246486,-2.79758],[-77.308019,-2.818566],[-77.457498,-2.869105],[-77.604846,-2.917973],[-77.711846,-2.95358],[-77.760437,-2.969463],[-77.808616,-2.986125],[-77.813319,-2.990943],[-77.817251,-3.000792],[-77.814336,-3.009682],[-77.808263,-3.022954],[-77.799739,-3.035637],[-77.793147,-3.043981],[-77.789276,-3.061909],[-77.789695,-3.070359],[-77.787664,-3.074775],[-77.794307,-3.087952],[-77.794345,-3.090111],[-77.786433,-3.102737],[-77.786298,-3.108626],[-77.790936,-3.11763],[-77.783287,-3.174232],[-77.778525,-3.187176],[-77.777604,-3.19872],[-77.779277,-3.220554],[-77.77876,-3.258012],[-77.779887,-3.272711],[-77.77985,-3.29158],[-77.775275,-3.32406],[-77.77835,-3.359293],[-77.777627,-3.366866],[-77.777955,-3.38163],[-77.77667,-3.385531],[-77.776479,-3.409131],[-77.772543,-3.428809],[-77.767328,-3.440813],[-77.764266,-3.443525],[-77.763688,-3.453014],[-77.760539,-3.459803],[-77.753012,-3.46241],[-77.746814,-3.475201],[-77.745642,-3.482229],[-77.733685,-3.494644],[-77.727725,-3.505457],[-77.720248,-3.509344],[-77.715131,-3.514854],[-77.710894,-3.526258],[-77.717201,-3.537307],[-77.71646,-3.542305],[-77.7091,-3.547541],[-77.699727,-3.552495],[-77.68984,-3.555693],[-77.670412,-3.568379],[-77.663032,-3.576447],[-77.659338,-3.582436],[-77.652286,-3.59791],[-77.648839,-3.610238],[-77.64301,-3.619346],[-77.635187,-3.620625],[-77.621954,-3.620527],[-77.619967,-3.622408],[-77.616936,-3.634302],[-77.620213,-3.648856],[-77.616717,-3.6524],[-77.620141,-3.656389],[-77.621359,-3.664326],[-77.617783,-3.674725],[-77.621353,-3.686109],[-77.618067,-3.703472],[-77.615623,-3.707719],[-77.622303,-3.71773],[-77.625645,-3.728421],[-77.626052,-3.734964],[-77.632268,-3.742918],[-77.639517,-3.747945],[-77.643206,-3.753062],[-77.643984,-3.76057],[-77.647831,-3.772199],[-77.651822,-3.77901],[-77.650438,-3.783268],[-77.644338,-3.788532],[-77.63574,-3.801259],[-77.631402,-3.813522],[-77.623131,-3.822141],[-77.609236,-3.825242],[-77.59892,-3.835662],[-77.598926,-3.841978],[-77.581916,-3.862816],[-77.569405,-3.87275],[-77.562598,-3.875395],[-77.567376,-3.881252],[-77.569019,-3.893074],[-77.567817,-3.896371],[-77.560879,-3.904016],[-77.557162,-3.918164],[-77.545775,-3.934605],[-77.541773,-3.943334],[-77.537877,-3.961899],[-77.539124,-3.974737],[-77.541229,-3.986378],[-77.538877,-3.992473],[-77.538097,-4.00347],[-77.53908,-4.02167],[-77.538123,-4.028708],[-77.541826,-4.050773],[-77.544519,-4.075198],[-77.547162,-4.084838],[-77.549656,-4.109893],[-77.552836,-4.113949],[-77.558377,-4.129973],[-77.561196,-4.144417],[-77.565588,-4.155445],[-77.565713,-4.163824],[-77.569,-4.169877],[-77.567592,-4.179002],[-77.573643,-4.206159],[-77.576975,-4.218263],[-77.576623,-4.224041],[-77.580603,-4.240713],[-77.585551,-4.251334],[-77.582385,-4.270088],[-77.57956,-4.27618],[-77.580678,-4.290087],[-77.579005,-4.301156],[-77.576705,-4.307939],[-77.571562,-4.328807],[-77.570233,-4.34139],[-77.568033,-4.35049],[-77.565387,-4.372462],[-77.568162,-4.388412],[-77.564879,-4.393552],[-77.565066,-4.398898],[-77.568453,-4.417569],[-77.568275,-4.42092],[-77.57349,-4.430439],[-77.575812,-4.443035],[-77.579,-4.450314],[-77.581002,-4.459541],[-77.585943,-4.475013],[-77.591048,-4.482655],[-77.604547,-4.485811],[-77.607888,-4.492244],[-77.617522,-4.49588],[-77.640631,-4.496516],[-77.641353,-4.510061],[-77.652753,-4.515215],[-77.655457,-4.518545],[-77.654646,-4.531076],[-77.649016,-4.546416],[-77.656633,-4.552073],[-77.659653,-4.557974],[-77.655798,-4.572425],[-77.653121,-4.575987],[-77.65925,-4.581379],[-77.662937,-4.593619],[-77.662615,-4.601052],[-77.666158,-4.615684],[-77.671945,-4.629468],[-77.686502,-4.64635],[-77.694512,-4.658673],[-77.705339,-4.65972],[-77.71597,-4.665088],[-77.728562,-4.681587],[-77.731394,-4.68844],[-77.740195,-4.694454],[-77.755958,-4.702461],[-77.759932,-4.707387],[-77.771879,-4.717559],[-77.775224,-4.72832],[-77.783055,-4.732894],[-77.790492,-4.746668],[-77.79113,-4.753562],[-77.794622,-4.763007],[-77.789845,-4.77547],[-77.789267,-4.785106],[-77.795402,-4.793041],[-77.796453,-4.803213],[-77.795317,-4.805702],[-77.795816,-4.818581],[-77.798971,-4.822213],[-77.797169,-4.828793],[-77.791746,-4.833775],[-77.795295,-4.839234],[-77.793575,-4.849963],[-77.787817,-4.856824],[-77.786693,-4.861884],[-77.782437,-4.864895],[-77.780738,-4.870189],[-77.774803,-4.878219],[-77.773788,-4.891669],[-77.771237,-4.896508],[-77.764569,-4.902559],[-77.760152,-4.909345],[-77.765373,-4.916628],[-77.766932,-4.921219],[-77.763445,-4.930713],[-77.75929,-4.951781],[-77.768177,-4.955934],[-77.771539,-4.964191],[-77.786267,-4.98805],[-77.78923,-4.990469],[-77.808335,-5.015494],[-77.82462,-5.031779],[-77.824843,-5.037541],[-77.816031,-5.038285],[-77.813354,-5.041259],[-77.814916,-5.048026],[-77.811932,-5.054715],[-77.817879,-5.063793],[-77.822277,-5.081793],[-77.82081,-5.088806],[-77.81766,-5.09123],[-77.807477,-5.091703],[-77.802019,-5.086197],[-77.791005,-5.09522],[-77.78412,-5.096829],[-77.774287,-5.097178],[-77.768713,-5.103293],[-77.767568,-5.111589],[-77.762791,-5.117707],[-77.755452,-5.122407],[-77.745285,-5.133018],[-77.739773,-5.136619],[-77.727589,-5.140299],[-77.720856,-5.140455],[-77.708323,-5.150824],[-77.706709,-5.156448],[-77.702217,-5.160809],[-77.695978,-5.16366],[-77.697581,-5.170803],[-77.703434,-5.174775],[-77.708243,-5.190907],[-77.713643,-5.196273],[-77.727537,-5.200898],[-77.73956,-5.212597],[-77.732215,-5.22589],[-77.723016,-5.234566],[-77.709832,-5.23974],[-77.703909,-5.246748],[-77.703555,-5.250766],[-77.69909,-5.253976],[-77.69308,-5.267685],[-77.692747,-5.283589],[-77.684148,-5.295881],[-77.686199,-5.302467],[-77.684828,-5.310663],[-77.684535,-5.322434],[-77.682066,-5.338396],[-77.68805,-5.346352],[-77.691863,-5.362668],[-77.696227,-5.373441],[-77.702787,-5.380688],[-77.702759,-5.384878],[-77.698401,-5.396331],[-77.698798,-5.406638],[-77.695958,-5.411053],[-77.689528,-5.412792],[-77.676628,-5.409013],[-77.670364,-5.409645],[-77.663007,-5.421881],[-77.657536,-5.426418],[-77.639128,-5.430299],[-77.628059,-5.439402],[-77.615137,-5.445893],[-77.606974,-5.448583],[-77.602726,-5.458982],[-77.59481,-5.464224],[-77.581669,-5.461176],[-77.577365,-5.456533],[-77.575426,-5.448563],[-77.570137,-5.438272],[-77.563641,-5.433547],[-77.560452,-5.42584],[-77.558119,-5.425578],[-77.550647,-5.436248],[-77.545057,-5.437934],[-77.537348,-5.450631],[-77.53187,-5.451077],[-77.53012,-5.457136],[-77.523302,-5.460316],[-77.517399,-5.466748],[-77.513475,-5.479843],[-77.507916,-5.491815],[-77.50703,-5.496721],[-77.503242,-5.500313],[-77.499514,-5.509553],[-77.499766,-5.516341],[-77.492271,-5.519704],[-77.491767,-5.529338],[-77.495313,-5.530985],[-77.498099,-5.536226],[-77.503876,-5.540169],[-77.508117,-5.54898],[-77.503493,-5.556175],[-77.496978,-5.558016],[-77.490531,-5.562402],[-77.482969,-5.55771],[-77.474789,-5.555112],[-77.465871,-5.561136],[-77.462043,-5.568373],[-77.461943,-5.58414],[-77.444137,-5.586289],[-77.436264,-5.592265],[-77.428736,-5.583255],[-77.421551,-5.589302],[-77.408729,-5.58916],[-77.404648,-5.574787],[-77.396592,-5.571235],[-77.383687,-5.570497],[-77.37468,-5.568666],[-77.370074,-5.569556],[-77.368662,-5.576595],[-77.364867,-5.58018],[-77.35781,-5.581463],[-77.344957,-5.588984],[-77.338318,-5.603473],[-77.328684,-5.600698],[-77.318568,-5.600921],[-77.307588,-5.604257],[-77.296428,-5.605081],[-77.287287,-5.604285],[-77.280769,-5.601117],[-77.276764,-5.602451],[-77.272797,-5.612518],[-77.262398,-5.613398],[-77.254405,-5.607757],[-77.254332,-5.604356],[-77.249573,-5.599407],[-77.240817,-5.60242],[-77.231941,-5.595461],[-77.22874,-5.60488],[-77.221971,-5.61328],[-77.217807,-5.614802],[-77.207524,-5.622383],[-77.206293,-5.63055],[-77.202161,-5.634464],[-77.191613,-5.633377],[-77.18585,-5.638379],[-77.178672,-5.641424],[-77.172039,-5.634247],[-77.166384,-5.631746],[-77.161926,-5.624569],[-77.153552,-5.624242],[-77.142352,-5.625439],[-77.138437,-5.628375],[-77.139416,-5.635443],[-77.136153,-5.639684],[-77.137132,-5.644034],[-77.129303,-5.647622],[-77.12691,-5.650994],[-77.117776,-5.648601],[-77.109946,-5.647949],[-77.104597,-5.651169],[-77.102227,-5.655823],[-77.091797,-5.654233],[-77.081649,-5.658787],[-77.075092,-5.663488],[-77.066386,-5.666841],[-77.05895,-5.666945],[-77.056048,-5.662543],[-77.045744,-5.661943],[-77.042042,-5.664944],[-77.033338,-5.663043],[-77.027136,-5.663843],[-77.020533,-5.667745],[-77.009328,-5.669946],[-77.00329,-5.665659],[-76.995606,-5.667119],[-76.993825,-5.67572],[-76.988281,-5.680211],[-76.986901,-5.686213],[-76.979201,-5.691699],[-76.975381,-5.696908],[-76.961353,-5.706077],[-76.934435,-5.711488],[-76.929546,-5.716522],[-76.919728,-5.720832],[-76.916141,-5.728076],[-76.907046,-5.735631],[-76.895406,-5.740805],[-76.8941,-5.74704],[-76.888218,-5.748411],[-76.878453,-5.742586],[-76.872856,-5.743499],[-76.86393,-5.739959],[-76.844074,-5.742529],[-76.834252,-5.746697],[-76.831388,-5.752053],[-76.824604,-5.757296],[-76.824829,-5.763753],[-76.828533,-5.770758],[-76.829423,-5.777341],[-76.826499,-5.783797],[-76.826114,-5.78929],[-76.821798,-5.795166],[-76.821296,-5.802653],[-76.816329,-5.807566],[-76.818918,-5.813479],[-76.826339,-5.817847],[-76.824122,-5.826167],[-76.819385,-5.832598],[-76.818224,-5.840371],[-76.820728,-5.853712],[-76.818051,-5.862145],[-76.807772,-5.870689],[-76.801283,-5.879619],[-76.791614,-5.88598],[-76.789383,-5.893053],[-76.784917,-5.897258],[-76.777711,-5.899323],[-76.77534,-5.910192],[-76.775864,-5.918591],[-76.767607,-5.927633],[-76.767179,-5.942386],[-76.762872,-5.94812],[-76.752797,-5.94776],[-76.747773,-5.952207],[-76.749907,-5.961914],[-76.745825,-5.970731],[-76.745553,-5.975565],[-76.749632,-5.980911],[-76.751851,-5.987411],[-76.75739,-5.993278],[-76.757904,-5.996913],[-76.754188,-6.00287],[-76.745888,-6.006508],[-76.738041,-6.004196],[-76.729564,-6.005353],[-76.722628,-6.011021],[-76.710769,-6.013666],[-76.699543,-6.010908],[-76.686111,-6.012248],[-76.673733,-6.012455],[-76.666854,-6.010681],[-76.661315,-6.004697],[-76.651295,-6.004534],[-76.647093,-6.006069],[-76.640011,-6.002605],[-76.63121,-6.004441],[-76.623101,-6.008324],[-76.618281,-6.014398],[-76.609671,-6.014623],[-76.604345,-6.017151],[-76.590442,-6.014832],[-76.571439,-6.005781],[-76.568293,-6.002493],[-76.562959,-6.001566],[-76.549808,-6.009768],[-76.548876,-6.012754],[-76.536173,-6.013103],[-76.527068,-6.009675],[-76.517994,-6.003407],[-76.506698,-6.009924],[-76.489861,-6.014217],[-76.478223,-6.013344],[-76.471011,-6.009494],[-76.460167,-6.007777],[-76.441147,-6.007015],[-76.432951,-6.004486],[-76.424739,-5.995808],[-76.421793,-5.988418],[-76.417713,-5.972883],[-76.411884,-5.962154],[-76.400009,-5.953663],[-76.386724,-5.961869],[-76.372787,-5.97376],[-76.362189,-5.987824],[-76.346879,-6.019894],[-76.340531,-6.032045],[-76.33355,-6.03552],[-76.334006,-6.042107],[-76.318916,-6.05033],[-76.315429,-6.057808],[-76.319706,-6.073569],[-76.318297,-6.086095],[-76.303501,-6.099618],[-76.28508,-6.103832],[-76.277911,-6.112152],[-76.265206,-6.119688],[-76.256173,-6.120614],[-76.247149,-6.126061],[-76.201984,-6.132496],[-76.145989,-6.146673],[-76.086892,-6.106901],[-76.083628,-6.106826],[-76.07299,-6.10123],[-76.064718,-6.099646],[-76.060606,-6.10159],[-76.051098,-6.102358],[-76.042718,-6.100996],[-76.027215,-6.095742],[-76.01816,-6.0912],[-76.012762,-6.08422],[-76.010336,-6.090973],[-76.005753,-6.095218],[-75.995208,-6.09498],[-75.969523,-6.096216],[-75.959196,-6.097977],[-75.953555,-6.102618],[-75.948177,-6.114614],[-75.931042,-6.132866],[-75.922539,-6.13967],[-75.916588,-6.140789],[-75.907371,-6.134846],[-75.898367,-6.132159],[-75.885633,-6.133112],[-75.86536,-6.140459],[-75.858606,-6.142201],[-75.847497,-6.142178],[-75.837978,-6.140515],[-75.8443,-6.13503],[-75.8462,-6.12955],[-75.84377,-6.12267],[-75.84969,-6.11491],[-75.85155,-6.10903],[-75.85087,-6.10387],[-75.84558,-6.10236],[-75.84142,-6.10582],[-75.83443,-6.10524],[-75.8334,-6.10211],[-75.81767,-6.09984],[-75.80852,-6.10381],[-75.80199,-6.10325],[-75.79386,-6.10895],[-75.79433,-6.11487],[-75.7859,-6.11873],[-75.77901,-6.11812],[-75.77486,-6.12444],[-75.76997,-6.12711],[-75.76757,-6.13581],[-75.7734,-6.13761],[-75.77336,-6.14496],[-75.76665,-6.14739],[-75.75803,-6.14145],[-75.75397,-6.14568],[-75.7378,-6.14177],[-75.733,-6.14442],[-75.726644,-6.144016],[-75.7223,-6.13939],[-75.71502,-6.13827],[-75.69856,-6.11249],[-75.6916,-6.11229],[-75.68586,-6.1057],[-75.68632,-6.10307],[-75.68037,-6.09563],[-75.66969,-6.09511],[-75.66566,-6.09873],[-75.66137,-6.09692],[-75.65477,-6.09831],[-75.64931,-6.09598],[-75.64271,-6.09037],[-75.63658,-6.08902],[-75.62896,-6.08212],[-75.62593,-6.06639],[-75.624816,-6.039371],[-75.62107,-6.029381],[-75.613894,-6.02324],[-75.597126,-6.015322],[-75.584116,-6.011662],[-75.571105,-6.003988],[-75.565038,-6.025575],[-75.548629,-6.055652],[-75.532794,-6.095599],[-75.529373,-6.122163],[-75.529004,-6.142989],[-75.527955,-6.158039],[-75.525555,-6.165126],[-75.519016,-6.171106],[-75.498252,-6.185837],[-75.490132,-6.194135],[-75.487188,-6.203415],[-75.487545,-6.212517],[-75.486765,-6.244732],[-75.487285,-6.25426],[-75.490311,-6.267036],[-75.496344,-6.281025],[-75.509363,-6.300287],[-75.514314,-6.305137],[-75.528278,-6.315638],[-75.53466,-6.322264],[-75.541969,-6.333859],[-75.543513,-6.338171],[-75.550095,-6.347708],[-75.549557,-6.351899],[-75.543332,-6.362409],[-75.544284,-6.369885],[-75.543487,-6.377682],[-75.540213,-6.388256],[-75.536447,-6.39154],[-75.543418,-6.406865],[-75.541213,-6.413615],[-75.53399,-6.415447],[-75.536084,-6.422133],[-75.535377,-6.428705],[-75.538857,-6.433125],[-75.537644,-6.437137],[-75.530563,-6.438885],[-75.529342,-6.448529],[-75.5254,-6.453542],[-75.525693,-6.457643],[-75.520141,-6.464821],[-75.523299,-6.477079],[-75.515041,-6.483771],[-75.509597,-6.492141],[-75.510759,-6.507298],[-75.509375,-6.51649],[-75.508302,-6.533465],[-75.504536,-6.542084],[-75.502983,-6.552229],[-75.504789,-6.568583],[-75.509305,-6.582978],[-75.507555,-6.602781],[-75.504225,-6.616114],[-75.500228,-6.640322],[-75.5001,-6.648807],[-75.502129,-6.674111],[-75.504977,-6.681534],[-75.506207,-6.697053],[-75.505,-6.725327],[-75.50174,-6.74365],[-75.500381,-6.757285],[-75.501233,-6.767046],[-75.506969,-6.77386],[-75.507043,-6.778607],[-75.511802,-6.78557],[-75.526669,-6.793052],[-75.535474,-6.793797],[-75.544041,-6.799644],[-75.56184,-6.801614],[-75.574167,-6.808826],[-75.571701,-6.812219],[-75.574339,-6.818684],[-75.580171,-6.821731],[-75.584357,-6.820468],[-75.592364,-6.827242],[-75.592572,-6.830316],[-75.608623,-6.838441],[-75.616888,-6.841189],[-75.620688,-6.839419],[-75.629674,-6.843414],[-75.633442,-6.843062],[-75.64068,-6.834842],[-75.641881,-6.828461],[-75.642173,-6.815963],[-75.647746,-6.819217],[-75.655137,-6.817944],[-75.659672,-6.819332],[-75.668097,-6.826417],[-75.672141,-6.839033],[-75.675742,-6.846155],[-75.684257,-6.845299],[-75.687062,-6.846692],[-75.689619,-6.853976],[-75.689986,-6.861268],[-75.697699,-6.868603],[-75.705446,-6.865142],[-75.707018,-6.86026],[-75.716458,-6.857709],[-75.722102,-6.851613],[-75.739729,-6.850777],[-75.740499,-6.854308],[-75.746057,-6.856547],[-75.747653,-6.852515],[-75.753479,-6.854887],[-75.762675,-6.851043],[-75.768429,-6.853818],[-75.778312,-6.848035],[-75.782793,-6.843915],[-75.783445,-6.837049],[-75.791793,-6.832497],[-75.791859,-6.826132],[-75.794183,-6.821402],[-75.813972,-6.825478],[-75.813751,-6.817465],[-75.82233,-6.810823],[-75.826307,-6.810813],[-75.831137,-6.803488],[-75.843875,-6.797262],[-75.849209,-6.797415],[-75.859754,-6.801556],[-75.863866,-6.798598],[-75.873339,-6.798419],[-75.878887,-6.801913],[-75.88372,-6.797274],[-75.890646,-6.795027],[-75.902023,-6.794675],[-75.906832,-6.792472],[-75.91121,-6.79488],[-75.913802,-6.791159],[-75.92248,-6.791622],[-75.925106,-6.793576],[-75.937611,-6.79138],[-75.943692,-6.794863],[-75.963652,-6.788423],[-75.966809,-6.788823],[-75.975755,-6.797795],[-75.980998,-6.799706],[-75.982067,-6.794731],[-75.989309,-6.79543],[-75.995328,-6.79844],[-75.999692,-6.794984],[-76.009943,-6.799859],[-76.011585,-6.806022],[-76.025829,-6.805276],[-76.030954,-6.808378],[-76.041371,-6.808033],[-76.051043,-6.810923],[-76.051934,-6.815507],[-76.04886,-6.830326],[-76.036117,-6.847178],[-76.034348,-6.853959],[-76.035689,-6.862687],[-76.03199,-6.868297],[-76.026428,-6.872615],[-76.014768,-6.886147],[-76.010529,-6.893611],[-76.015776,-6.899979],[-76.017106,-6.905371],[-76.014638,-6.911461],[-76.018049,-6.915845],[-76.029258,-6.918535],[-76.046402,-6.924932],[-76.0511,-6.933531],[-76.051463,-6.944296],[-76.047276,-6.955718],[-76.045967,-6.963074],[-76.04009,-6.973421],[-76.03959,-6.982724],[-76.035711,-6.986579],[-76.03564,-6.993146],[-76.029757,-6.994373],[-76.02254,-6.989782],[-76.010791,-6.996536],[-76.008113,-7.002221],[-76.008507,-7.013906],[-76.005781,-7.030234],[-76.012263,-7.038053],[-76.010392,-7.040848],[-76.011132,-7.048012],[-76.014113,-7.052605],[-76.013073,-7.0615],[-76.014743,-7.065579],[-76.013986,-7.072263],[-76.010717,-7.07838],[-76.017472,-7.088632],[-76.018066,-7.093368],[-76.021874,-7.100887],[-76.020232,-7.106145],[-76.023301,-7.114307],[-76.030069,-7.114442],[-76.040076,-7.116686],[-76.046586,-7.12143],[-76.049785,-7.133343],[-76.059945,-7.161301],[-76.072627,-7.170105],[-76.076768,-7.174412],[-76.098375,-7.184029],[-76.105675,-7.184484],[-76.111804,-7.183051],[-76.12849,-7.195212],[-76.134793,-7.19768],[-76.143525,-7.203962],[-76.143264,-7.208673],[-76.145715,-7.217929],[-76.149443,-7.223552],[-76.159276,-7.230569],[-76.154795,-7.231877],[-76.158183,-7.247766],[-76.164859,-7.25894],[-76.166661,-7.267596],[-76.177108,-7.276778],[-76.186709,-7.280928],[-76.192175,-7.287587],[-76.195387,-7.295058],[-76.199575,-7.299508],[-76.207118,-7.303601],[-76.213111,-7.310143],[-76.209835,-7.31754],[-76.196038,-7.333528],[-76.200498,-7.347079],[-76.203926,-7.362724],[-76.208412,-7.371491],[-76.209888,-7.383555],[-76.215194,-7.393049],[-76.214551,-7.404521],[-76.210842,-7.413868],[-76.203891,-7.4274],[-76.204397,-7.431327],[-76.200687,-7.435037],[-76.191416,-7.448685],[-76.190544,-7.453877],[-76.186207,-7.465417],[-76.179354,-7.471599],[-76.178281,-7.475608],[-76.166145,-7.494307],[-76.154285,-7.501941],[-76.151178,-7.501459],[-76.141969,-7.50526],[-76.132068,-7.522075],[-76.12291,-7.525346],[-76.121002,-7.527527],[-76.117608,-7.539026],[-76.117529,-7.552103],[-76.116176,-7.561473],[-76.111531,-7.563856],[-76.105594,-7.561634],[-76.091374,-7.560356],[-76.088704,-7.563329],[-76.087423,-7.580297],[-76.081268,-7.582351],[-76.07989,-7.59116],[-76.083031,-7.595012],[-76.083662,-7.602724],[-76.088044,-7.607942],[-76.088768,-7.613148],[-76.082625,-7.620344],[-76.081848,-7.630225],[-76.086586,-7.636014],[-76.097684,-7.642242],[-76.101332,-7.650456],[-76.101318,-7.657057],[-76.098465,-7.666139],[-76.098465,-7.696739],[-76.102707,-7.704265],[-76.101593,-7.722664],[-76.094465,-7.727062],[-76.086674,-7.729232],[-76.086586,-7.7478],[-76.085105,-7.751971],[-76.08488,-7.761815],[-76.08196,-7.764845],[-76.07437,-7.76801],[-76.06707,-7.76929],[-76.063284,-7.775142],[-76.061333,-7.786655],[-76.054946,-7.787818],[-76.051847,-7.790688],[-76.043803,-7.792344],[-76.038265,-7.806719],[-76.038104,-7.814999],[-76.031519,-7.822441],[-76.021618,-7.838065],[-76.022571,-7.84302],[-76.009921,-7.854311],[-76.008606,-7.861682],[-76.003257,-7.874418],[-76.00751,-7.884906],[-76.00604,-7.890587],[-76.002365,-7.893159],[-75.989786,-7.891798],[-75.979516,-7.900756],[-75.975602,-7.909622],[-75.979858,-7.915151],[-75.984552,-7.915615],[-75.985974,-7.919976],[-75.98473,-7.929357],[-75.985434,-7.937564],[-75.991505,-7.941008],[-75.992855,-7.954281],[-75.984352,-7.958868],[-75.966979,-7.960359],[-75.960651,-7.958057],[-75.959259,-7.954012],[-75.950565,-7.947445],[-75.946523,-7.948489],[-75.939456,-7.94612],[-75.931522,-7.951766],[-75.927838,-7.957256],[-75.921798,-7.952325],[-75.920433,-7.947497],[-75.909019,-7.94295],[-75.894756,-7.933728],[-75.887353,-7.932011],[-75.882182,-7.933879],[-75.876288,-7.929223],[-75.866465,-7.926386],[-75.859386,-7.921169],[-75.853996,-7.924742],[-75.849443,-7.933424],[-75.849207,-7.93985],[-75.84045,-7.946703],[-75.837738,-7.951224],[-75.838511,-7.957625],[-75.835395,-7.968771],[-75.829493,-7.973496],[-75.8338,-7.984727],[-75.833966,-7.992936],[-75.8391,-8.000226],[-75.841804,-8.022174],[-75.841202,-8.032862],[-75.843864,-8.042938],[-75.842706,-8.052465],[-75.844933,-8.059638],[-75.852499,-8.058472],[-75.858009,-8.067178],[-75.871392,-8.06901],[-75.874113,-8.066821],[-75.887306,-8.074877],[-75.896243,-8.071776],[-75.902647,-8.071361],[-75.907233,-8.074041],[-75.917006,-8.071776],[-75.927057,-8.077846],[-75.929616,-8.082561],[-75.929365,-8.089303],[-75.939525,-8.093324],[-75.949593,-8.099233],[-75.951137,-8.102461],[-75.942713,-8.10929],[-75.941899,-8.116433],[-75.938407,-8.119917],[-75.934027,-8.134428],[-75.936191,-8.144732],[-75.933126,-8.152807],[-75.935089,-8.163499],[-75.938688,-8.168044],[-75.941165,-8.186184],[-75.933748,-8.202923],[-75.927723,-8.204907],[-75.925947,-8.208606],[-75.926927,-8.214503],[-75.923699,-8.21679],[-75.924751,-8.230759],[-75.921397,-8.23686],[-75.920619,-8.244084],[-75.913362,-8.254387],[-75.913358,-8.260549],[-75.918364,-8.265059],[-75.915577,-8.267883],[-75.914351,-8.282829],[-75.918604,-8.290195],[-75.919221,-8.296614],[-75.927093,-8.306762],[-75.934889,-8.311552],[-75.943623,-8.31282],[-75.948658,-8.31828],[-75.951829,-8.314847],[-75.961149,-8.314264],[-75.965175,-8.317108],[-75.973191,-8.316776],[-75.976323,-8.319472],[-75.984963,-8.32215],[-75.985557,-8.329596],[-75.978484,-8.337484],[-75.972969,-8.346691],[-75.971031,-8.354859],[-75.963812,-8.363756],[-75.961004,-8.371598],[-75.956672,-8.376943],[-75.949592,-8.39133],[-75.945984,-8.400875],[-75.946029,-8.420352],[-75.942299,-8.427658],[-75.944098,-8.430525],[-75.950219,-8.432752],[-75.957687,-8.44234],[-75.958701,-8.445891],[-75.964906,-8.451742],[-75.964992,-8.461551],[-75.961902,-8.47565],[-75.95749,-8.478717],[-75.955447,-8.484475],[-75.954908,-8.502016],[-75.967822,-8.507449],[-75.970939,-8.517041],[-75.968445,-8.522766],[-75.96756,-8.538055],[-75.965385,-8.546049],[-75.969668,-8.549254],[-75.970902,-8.557986],[-75.966314,-8.568783],[-75.967123,-8.573465],[-75.965023,-8.579975],[-75.966314,-8.592027],[-75.972234,-8.599506],[-75.97202,-8.6079],[-75.973701,-8.61533],[-75.977883,-8.62348],[-75.97976,-8.636002],[-75.977592,-8.644973],[-75.978852,-8.654818],[-75.97035,-8.666441],[-75.967791,-8.672408],[-75.967629,-8.678443],[-75.964896,-8.695748],[-75.960641,-8.700814],[-75.955506,-8.702725],[-75.949143,-8.709205],[-75.946007,-8.715191],[-75.944333,-8.709824],[-75.939707,-8.706562],[-75.932122,-8.696933],[-75.925949,-8.698039],[-75.909278,-8.677921],[-75.905531,-8.679768],[-75.900851,-8.677711],[-75.897669,-8.670043],[-75.895093,-8.668823],[-75.891321,-8.660217],[-75.871163,-8.652913],[-75.867354,-8.653094],[-75.853494,-8.649162],[-75.845312,-8.654981],[-75.832514,-8.651781],[-75.829231,-8.646045],[-75.822291,-8.639168],[-75.816801,-8.636021],[-75.820729,-8.628642],[-75.817723,-8.617258],[-75.813577,-8.612577],[-75.812316,-8.607602],[-75.801534,-8.602743],[-75.798249,-8.595571],[-75.79507,-8.592993],[-75.792458,-8.585628],[-75.792345,-8.577396],[-75.790695,-8.570029],[-75.780006,-8.553491],[-75.778255,-8.543731],[-75.780359,-8.537887],[-75.779289,-8.531955],[-75.78446,-8.521702],[-75.791375,-8.517477],[-75.795306,-8.512204],[-75.7852,-8.507247],[-75.782212,-8.503711],[-75.787535,-8.497191],[-75.784549,-8.494326],[-75.778971,-8.493571],[-75.76898,-8.497803],[-75.76069,-8.487385],[-75.75011,-8.485587],[-75.735302,-8.484945],[-75.724893,-8.487004],[-75.716461,-8.486895],[-75.717498,-8.475981],[-75.714413,-8.471009],[-75.712283,-8.463259],[-75.713239,-8.460003],[-75.708825,-8.454554],[-75.708138,-8.446515],[-75.702164,-8.439251],[-75.691666,-8.428836],[-75.687314,-8.423288],[-75.67536,-8.421361],[-75.671961,-8.418186],[-75.658182,-8.415128],[-75.648131,-8.409752],[-75.63407,-8.408016],[-75.61808,-8.408323],[-75.599063,-8.411978],[-75.588279,-8.423573],[-75.589531,-8.426866],[-75.585946,-8.432437],[-75.583464,-8.441186],[-75.574479,-8.440504],[-75.572289,-8.444582],[-75.568097,-8.444687],[-75.558611,-8.441918],[-75.550317,-8.435768],[-75.549215,-8.432987],[-75.538734,-8.432206],[-75.532746,-8.433208],[-75.528962,-8.439773],[-75.515527,-8.432535],[-75.510835,-8.432045],[-75.485788,-8.437344],[-75.479896,-8.435363],[-75.475206,-8.436164],[-75.471222,-8.443424],[-75.460289,-8.449202],[-75.445917,-8.451007],[-75.440822,-8.447733],[-75.435537,-8.452212],[-75.427546,-8.447848],[-75.422661,-8.452922],[-75.418865,-8.450839],[-75.419406,-8.44321],[-75.423947,-8.442484],[-75.432423,-8.434922],[-75.434615,-8.431242],[-75.443389,-8.422387],[-75.448179,-8.421884],[-75.451568,-8.418203],[-75.45236,-8.41204],[-75.457949,-8.411835],[-75.461436,-8.406662],[-75.46133,-8.401296],[-75.463816,-8.393839],[-75.470698,-8.389656],[-75.474191,-8.389652],[-75.47628,-8.383984],[-75.480667,-8.380401],[-75.481342,-8.36092],[-75.477445,-8.357049],[-75.47785,-8.352577],[-75.483682,-8.344758],[-75.489016,-8.344033],[-75.498822,-8.345888],[-75.510054,-8.334817],[-75.506734,-8.331949],[-75.497795,-8.331386],[-75.493861,-8.327804],[-75.496403,-8.322927],[-75.491302,-8.31729],[-75.492303,-8.310043],[-75.497092,-8.305395],[-75.496059,-8.300711],[-75.502877,-8.289412],[-75.499028,-8.282985],[-75.496581,-8.275391],[-75.488379,-8.264031],[-75.474961,-8.256273],[-75.471465,-8.252073],[-75.473151,-8.244291],[-75.467039,-8.235993],[-75.458815,-8.230518],[-75.458809,-8.217565],[-75.455559,-8.211322],[-75.450473,-8.207021],[-75.448602,-8.20261],[-75.440797,-8.198262],[-75.437633,-8.19485],[-75.43701,-8.187873],[-75.43897,-8.182974],[-75.436682,-8.17945],[-75.439239,-8.174875],[-75.430096,-8.166598],[-75.424503,-8.169778],[-75.418106,-8.170978],[-75.410198,-8.168886],[-75.401453,-8.169715],[-75.391184,-8.162529],[-75.389945,-8.152261],[-75.380277,-8.144061],[-75.376147,-8.138777],[-75.365494,-8.137879],[-75.348332,-8.130348],[-75.343777,-8.129219],[-75.330491,-8.133758],[-75.328949,-8.138277],[-75.324731,-8.139282],[-75.316,-8.136072],[-75.311275,-8.136118],[-75.307059,-8.131788],[-75.297804,-8.126319],[-75.287803,-8.125513],[-75.279507,-8.131813],[-75.273415,-8.132983],[-75.271498,-8.136559],[-75.26692,-8.135888],[-75.262967,-8.141124],[-75.260485,-8.147602],[-75.251164,-8.150186],[-75.243885,-8.155518],[-75.239524,-8.151135],[-75.234701,-8.149854],[-75.233605,-8.14507],[-75.235781,-8.140403],[-75.227165,-8.132161],[-75.214572,-8.127144],[-75.209538,-8.116236],[-75.209697,-8.106226],[-75.212529,-8.100802],[-75.205092,-8.098194],[-75.204383,-8.088874],[-75.195985,-8.085964],[-75.189784,-8.079927],[-75.188202,-8.07491],[-75.189002,-8.069049],[-75.195669,-8.054401],[-75.190369,-8.048688],[-75.190398,-8.042947],[-75.186321,-8.035684],[-75.187314,-8.025292],[-75.184338,-8.016602],[-75.174973,-8.013383],[-75.167676,-8.00522],[-75.1566,-8.004178],[-75.149435,-8.001819],[-75.146162,-7.994512],[-75.145861,-7.981278],[-75.142491,-7.978641],[-75.121198,-7.9789],[-75.092217,-7.973676],[-75.070557,-7.960467],[-75.03335,-7.950055],[-75.023385,-7.957769],[-75.015959,-7.965213],[-75.005531,-7.970152],[-74.98226,-7.968986],[-74.963141,-7.994148],[-74.953405,-8.012707],[-74.946451,-8.021097],[-74.933566,-8.031647],[-74.929024,-8.041213],[-74.907907,-8.0662],[-74.896438,-8.081268],[-74.891765,-8.083842],[-74.8844,-8.083902],[-74.865883,-8.076931],[-74.840385,-8.058352],[-74.835571,-8.057035],[-74.819305,-8.057482],[-74.801887,-8.051148],[-74.787704,-8.046785],[-74.779026,-8.042376],[-74.771256,-8.036063],[-74.763906,-8.020817],[-74.760573,-8.016409],[-74.727944,-7.981009],[-74.71978,-7.979182],[-74.711275,-7.979002],[-74.701125,-7.969782],[-74.682378,-7.954919],[-74.66844,-7.945642],[-74.660698,-7.943566],[-74.651162,-7.943489],[-74.633882,-7.941874],[-74.627984,-7.939828],[-74.613704,-7.917516],[-74.610144,-7.913982],[-74.604362,-7.900801],[-74.602073,-7.886326],[-74.60128,-7.873461],[-74.596686,-7.8614],[-74.589023,-7.849573],[-74.581045,-7.834973],[-74.569745,-7.81598],[-74.562259,-7.813079],[-74.557122,-7.808839],[-74.545616,-7.795201],[-74.540595,-7.791496],[-74.527135,-7.787783],[-74.520598,-7.782716],[-74.517113,-7.783568],[-74.515718,-7.777173],[-74.519548,-7.760984],[-74.526029,-7.756094],[-74.543199,-7.755619],[-74.551056,-7.748274],[-74.557889,-7.748482],[-74.562491,-7.73883],[-74.571647,-7.726892],[-74.573453,-7.719244],[-74.577711,-7.710596],[-74.582084,-7.706014],[-74.584032,-7.698494],[-74.583455,-7.685069],[-74.580471,-7.680284],[-74.574022,-7.678333],[-74.57082,-7.668488],[-74.572764,-7.660583],[-74.573731,-7.649715],[-74.577029,-7.6424],[-74.577243,-7.635875],[-74.581603,-7.634901],[-74.584131,-7.630637],[-74.591029,-7.628576],[-74.597503,-7.617274],[-74.607578,-7.609914],[-74.614199,-7.599945],[-74.62753,-7.586022],[-74.643144,-7.562285],[-74.644678,-7.55389],[-74.641273,-7.54068],[-74.641158,-7.534826],[-74.645526,-7.517483],[-74.642902,-7.500086],[-74.640601,-7.494638],[-74.630634,-7.481581],[-74.625668,-7.467706],[-74.616074,-7.435038],[-74.60782,-7.428122],[-74.592874,-7.423772],[-74.58492,-7.417766],[-74.579521,-7.409929],[-74.571335,-7.388655],[-74.566011,-7.359708],[-74.559107,-7.353285],[-74.556793,-7.34861],[-74.556678,-7.341516],[-74.55198,-7.337412],[-74.545199,-7.328129],[-74.535712,-7.320247],[-74.533716,-7.30706],[-74.535727,-7.294427],[-74.526918,-7.287571],[-74.526282,-7.282667],[-74.520742,-7.276014],[-74.514726,-7.276764],[-74.501769,-7.266078],[-74.48806,-7.268821],[-74.479673,-7.272987],[-74.473053,-7.274622],[-74.46834,-7.28304],[-74.46792,-7.290492],[-74.462652,-7.298941],[-74.453754,-7.298255],[-74.448201,-7.301382],[-74.444116,-7.307141],[-74.435581,-7.301999],[-74.430798,-7.302071],[-74.428633,-7.306187],[-74.422711,-7.311473],[-74.413827,-7.314897],[-74.407336,-7.314432],[-74.393974,-7.317815],[-74.388287,-7.316379],[-74.370178,-7.317272],[-74.366601,-7.320198],[-74.364729,-7.329168],[-74.361567,-7.336607],[-74.356571,-7.336628],[-74.347641,-7.343102],[-74.335505,-7.345907],[-74.329357,-7.34848],[-74.316232,-7.35127],[-74.300626,-7.351711],[-74.293444,-7.353566],[-74.279073,-7.353241],[-74.276751,-7.34972],[-74.270586,-7.346783],[-74.267032,-7.349127],[-74.259025,-7.344052],[-74.253659,-7.343682],[-74.244553,-7.347406],[-74.238098,-7.357842],[-74.233727,-7.360016],[-74.21751,-7.361164],[-74.188471,-7.358271],[-74.180857,-7.358747],[-74.169435,-7.364458],[-74.161821,-7.37112],[-74.152065,-7.375403],[-74.141636,-7.377772],[-74.14163,-7.388177],[-74.138389,-7.396352],[-74.129743,-7.402208],[-74.115386,-7.406074],[-74.101496,-7.414055],[-74.092087,-7.422317],[-74.080179,-7.428542],[-74.066627,-7.438209],[-74.059594,-7.440777],[-74.050041,-7.446039],[-74.039966,-7.448155],[-74.037594,-7.459948],[-74.035186,-7.466297],[-74.037308,-7.477854],[-74.0338,-7.484865],[-74.018373,-7.491445],[-74.018066,-7.498156],[-74.013392,-7.512399],[-74.004826,-7.518024],[-73.997881,-7.519723],[-73.990985,-7.528266],[-73.983033,-7.534361]]]},"properties":{"province":"Loreto"}},{"type":"Feature","geometry":{"type":"Polygon","coordinates":[[[-68.871873,-13.003926],[-68.867173,-12.995797],[-68.868379,-12.990252],[-68.875085,-12.989904],[-68.875665,-12.985866],[-68.867474,-12.985936],[-68.862857,-12.983616],[-68.863971,-12.972687],[-68.870328,-12.972873],[-68.870143,-12.977305],[-68.876013,-12.976957],[-68.87418,-12.969973],[-68.877939,-12.954102],[-68.874598,-12.948464],[-68.869795,-12.947002],[-68.861534,-12.949253],[-68.863043,-12.944217],[-68.873113,-12.940273],[-68.872973,-12.936398],[-68.866314,-12.933382],[-68.861519,-12.924689],[-68.873954,-12.920334],[-68.874978,-12.918393],[-68.871777,-12.908974],[-68.86792,-12.904672],[-68.871934,-12.900789],[-68.866399,-12.89625],[-68.868025,-12.89137],[-68.872275,-12.890111],[-68.871567,-12.885467],[-68.867474,-12.881453],[-68.864405,-12.873609],[-68.870334,-12.872245],[-68.868891,-12.868493],[-68.85917,-12.864034],[-68.849055,-12.865963],[-68.84504,-12.858439],[-68.835779,-12.85904],[-68.83483,-12.856195],[-68.838592,-12.847818],[-68.838876,-12.84235],[-68.832991,-12.844233],[-68.830949,-12.841663],[-68.834182,-12.83409],[-68.830575,-12.831095],[-68.831443,-12.826194],[-68.838165,-12.826058],[-68.835118,-12.818757],[-68.834693,-12.813158],[-68.831017,-12.809806],[-68.825042,-12.813012],[-68.825069,-12.805772],[-68.814098,-12.80497],[-68.807465,-12.807679],[-68.811085,-12.799415],[-68.815677,-12.79747],[-68.81775,-12.789704],[-68.811617,-12.7841],[-68.807425,-12.784983],[-68.808131,-12.775231],[-68.80416,-12.770289],[-68.804756,-12.758522],[-68.8018,-12.755581],[-68.792188,-12.760387],[-68.788216,-12.756945],[-68.783395,-12.740057],[-68.778544,-12.73328],[-68.776057,-12.737798],[-68.77113,-12.737388],[-68.767461,-12.742209],[-68.763489,-12.740147],[-68.751679,-12.730657],[-68.746585,-12.730202],[-68.741719,-12.724941],[-68.740112,-12.717316],[-68.728484,-12.713814],[-68.73385,-12.709462],[-68.740445,-12.712934],[-68.742007,-12.707325],[-68.737095,-12.705217],[-68.725133,-12.697258],[-68.722146,-12.688222],[-68.712519,-12.681643],[-68.717795,-12.675624],[-68.719069,-12.668832],[-68.723829,-12.667634],[-68.718884,-12.661841],[-68.726441,-12.660704],[-68.734447,-12.666294],[-68.736153,-12.65599],[-68.731368,-12.653171],[-68.733168,-12.644074],[-68.739665,-12.636251],[-68.740586,-12.632759],[-68.734062,-12.624449],[-68.732411,-12.610941],[-68.725589,-12.606908],[-68.722422,-12.602225],[-68.715736,-12.605257],[-68.712514,-12.601494],[-68.710132,-12.590693],[-68.702363,-12.584792],[-68.696327,-12.588284],[-68.692212,-12.583601],[-68.696706,-12.578268],[-68.698844,-12.571149],[-68.691454,-12.561999],[-68.689803,-12.556261],[-68.677396,-12.55464],[-68.674479,-12.552974],[-68.67228,-12.541677],[-68.674919,-12.529871],[-68.681377,-12.525357],[-68.677951,-12.52288],[-68.670567,-12.52501],[-68.663854,-12.524616],[-68.661076,-12.529547],[-68.661469,-12.534015],[-68.65552,-12.534593],[-68.654594,-12.527116],[-68.660289,-12.520033],[-68.657997,-12.514292],[-68.653089,-12.509662],[-68.652279,-12.50274],[-68.654471,-12.49943],[-68.677766,-12.45532],[-68.773521,-12.278244],[-68.782258,-12.26124],[-68.851211,-12.133615],[-68.865707,-12.105887],[-68.883637,-12.072633],[-68.923111,-12.000363],[-68.968272,-11.916314],[-68.99926,-11.863465],[-68.99984,-11.861105],[-69.070221,-11.739687],[-69.070061,-11.739381],[-69.097549,-11.692219],[-69.103447,-11.681348],[-69.161186,-11.596961],[-69.228332,-11.499824],[-69.338785,-11.324602],[-69.385466,-11.249562],[-69.408427,-11.213597],[-69.465983,-11.121388],[-69.499323,-11.069191],[-69.562928,-10.966836],[-69.563576,-10.959759],[-69.570037,-10.952408],[-69.569057,-10.94749],[-69.57881,-10.94073],[-69.582972,-10.945314],[-69.592684,-10.945953],[-69.59686,-10.941737],[-69.609224,-10.945668],[-69.616229,-10.950809],[-69.622119,-10.950306],[-69.625886,-10.953462],[-69.634687,-10.957338],[-69.646085,-10.953625],[-69.659456,-10.952809],[-69.668733,-10.961963],[-69.676336,-10.959841],[-69.686388,-10.964928],[-69.689979,-10.963405],[-69.698685,-10.971416],[-69.700534,-10.965527],[-69.709648,-10.973674],[-69.716095,-10.97596],[-69.721373,-10.964874],[-69.729602,-10.971444],[-69.736716,-10.97498],[-69.740511,-10.972926],[-69.7393,-10.965041],[-69.744809,-10.96179],[-69.747067,-10.953768],[-69.756629,-10.944518],[-69.759363,-10.940098],[-69.763621,-10.942124],[-69.773564,-10.939323],[-69.770748,-10.934494],[-69.779304,-10.935458],[-69.788227,-10.929647],[-69.792416,-10.933608],[-69.797846,-10.931552],[-69.799228,-10.927351],[-69.811067,-10.926002],[-69.813244,-10.9298],[-69.824071,-10.93363],[-69.83159,-10.93388],[-69.833396,-10.9282],[-69.839001,-10.930017],[-69.84356,-10.925219],[-69.854006,-10.925937],[-69.856912,-10.93351],[-69.860644,-10.928341],[-69.86541,-10.92659],[-69.872701,-10.931105],[-69.87836,-10.924555],[-69.883898,-10.92499],[-69.896456,-10.922476],[-69.900525,-10.920605],[-69.907827,-10.923967],[-69.916576,-10.925458],[-69.917065,-10.932357],[-69.923866,-10.931323],[-69.923257,-10.925693],[-69.934008,-10.922407],[-69.940189,-10.926683],[-69.948111,-10.925584],[-69.953976,-10.928566],[-69.953726,-10.935356],[-69.95859,-10.934529],[-69.968909,-10.945719],[-69.974248,-10.949299],[-69.983951,-10.947604],[-69.984015,-10.955401],[-69.989248,-10.954257],[-69.993591,-10.950592],[-69.996939,-10.963367],[-70.000519,-10.965316],[-70.008316,-10.963113],[-70.015307,-10.970655],[-70.02268,-10.969808],[-70.028019,-10.977625],[-70.037214,-10.971248],[-70.038231,-10.980549],[-70.045307,-10.979532],[-70.049015,-10.984236],[-70.056218,-10.98807],[-70.063676,-10.987964],[-70.064587,-10.993875],[-70.068739,-10.994596],[-70.082384,-10.984786],[-70.084968,-10.989447],[-70.090159,-10.986587],[-70.094587,-10.989935],[-70.095367,-10.996617],[-70.101769,-10.99485],[-70.10465,-10.996884],[-70.106989,-11.004639],[-70.112932,-11.004206],[-70.12126,-11.010616],[-70.131233,-11.022797],[-70.139348,-11.02361],[-70.141226,-11.030059],[-70.155731,-11.033313],[-70.157784,-11.041136],[-70.162916,-11.039761],[-70.172947,-11.042608],[-70.175446,-11.040226],[-70.180423,-11.0447],[-70.189176,-11.0453],[-70.190357,-11.04958],[-70.199053,-11.054015],[-70.211253,-11.050703],[-70.229457,-11.051923],[-70.244582,-11.049386],[-70.263115,-11.051594],[-70.266795,-11.057636],[-70.271326,-11.059398],[-70.279673,-11.056455],[-70.286988,-11.05858],[-70.289055,-11.062097],[-70.295303,-11.066248],[-70.299949,-11.066102],[-70.307793,-11.070498],[-70.328658,-11.06548],[-70.336967,-11.067875],[-70.347633,-11.065576],[-70.35466,-11.059352],[-70.365127,-11.060525],[-70.370789,-11.058437],[-70.373086,-11.06048],[-70.37951,-11.057043],[-70.38124,-11.050777],[-70.386779,-11.047525],[-70.40049,-11.04568],[-70.407502,-11.04723],[-70.410965,-11.042494],[-70.424301,-11.038346],[-70.428902,-11.039986],[-70.43776,-11.038797],[-70.44065,-11.032889],[-70.437836,-11.026184],[-70.441779,-11.016861],[-70.450143,-11.001723],[-70.455055,-10.995596],[-70.471527,-10.984414],[-70.474625,-10.976894],[-70.481941,-10.967863],[-70.494759,-10.962385],[-70.502106,-10.954656],[-70.504112,-10.950478],[-70.509636,-10.950423],[-70.515381,-10.947167],[-70.518181,-10.942298],[-70.519356,-10.934824],[-70.527832,-10.934277],[-70.557404,-10.957572],[-70.613754,-11.000168],[-70.613502,-10.896926],[-70.613648,-10.894475],[-70.613648,-10.50026],[-70.613588,-10.368135],[-70.613588,-10.276168],[-70.613465,-10.129641],[-70.613113,-10.059447],[-70.613289,-10.000283],[-70.613885,-9.916963],[-70.613804,-9.873393],[-70.621403,-9.878082],[-70.639539,-9.884376],[-70.639796,-9.889389],[-70.635574,-9.893761],[-70.633479,-9.898958],[-70.635424,-9.904465],[-70.641605,-9.908083],[-70.641765,-9.915011],[-70.645447,-9.924314],[-70.649445,-9.927984],[-70.65075,-9.933176],[-70.647834,-9.937332],[-70.646949,-9.945916],[-70.650391,-9.954631],[-70.660492,-9.965615],[-70.666836,-9.969725],[-70.667627,-9.972453],[-70.659072,-9.98983],[-70.657157,-10.001929],[-70.666484,-10.006593],[-70.666529,-10.013976],[-70.672318,-10.023135],[-70.670775,-10.026828],[-70.661427,-10.029693],[-70.652059,-10.04006],[-70.654492,-10.045523],[-70.660032,-10.051466],[-70.656178,-10.060229],[-70.644542,-10.06874],[-70.653135,-10.075525],[-70.651382,-10.080703],[-70.661033,-10.084959],[-70.670754,-10.09985],[-70.68098,-10.102643],[-70.683883,-10.112578],[-70.691628,-10.114063],[-70.698174,-10.118031],[-70.700307,-10.1267],[-70.707853,-10.135611],[-70.707475,-10.146295],[-70.705111,-10.158681],[-70.712372,-10.16364],[-70.717025,-10.172648],[-70.72357,-10.176566],[-70.73439,-10.185402],[-70.746506,-10.188584],[-70.753494,-10.194061],[-70.756797,-10.202785],[-70.76155,-10.209164],[-70.768137,-10.213355],[-70.774053,-10.214273],[-70.780299,-10.219924],[-70.790412,-10.241042],[-70.803201,-10.251154],[-70.814932,-10.254666],[-70.841572,-10.250668],[-70.861429,-10.253065],[-70.866854,-10.253047],[-70.874587,-10.255724],[-70.880833,-10.26197],[-70.882619,-10.268176],[-70.882618,-10.27595],[-70.873695,-10.29439],[-70.873993,-10.300696],[-70.885295,-10.327703],[-70.889459,-10.335139],[-70.897395,-10.33741],[-70.920094,-10.330677],[-70.927598,-10.330852],[-70.93473,-10.33326],[-70.952416,-10.334391],[-70.958883,-10.335817],[-70.968012,-10.335551],[-70.970296,-10.339168],[-70.970677,-10.346021],[-70.963631,-10.365346],[-70.958106,-10.377793],[-70.957654,-10.386387],[-70.960367,-10.393624],[-70.968056,-10.3989],[-70.975745,-10.405986],[-70.983858,-10.408794],[-70.993266,-10.416161],[-70.996882,-10.427202],[-71.004972,-10.430819],[-71.005258,-10.43434],[-71.001641,-10.443668],[-71.006971,-10.447189],[-71.006971,-10.45547],[-71.013202,-10.456083],[-71.015493,-10.467092],[-71.018912,-10.466762],[-71.023773,-10.473469],[-71.024533,-10.4782],[-71.030288,-10.482973],[-71.040886,-10.488657],[-71.04436,-10.487675],[-71.053374,-10.489649],[-71.059561,-10.494027],[-71.06708,-10.493551],[-71.070756,-10.498475],[-71.078506,-10.501371],[-71.090279,-10.503391],[-71.093454,-10.500975],[-71.099806,-10.501642],[-71.106207,-10.504453],[-71.108379,-10.507782],[-71.116738,-10.501285],[-71.118838,-10.503686],[-71.127389,-10.504361],[-71.132565,-10.507211],[-71.13234,-10.510437],[-71.136916,-10.514787],[-71.140008,-10.521814],[-71.1468,-10.530984],[-71.164571,-10.531261],[-71.166443,-10.557281],[-71.163768,-10.564196],[-71.166492,-10.571605],[-71.173138,-10.574983],[-71.182291,-10.573893],[-71.196213,-10.579861],[-71.202666,-10.589801],[-71.205173,-10.591545],[-71.205282,-10.598518],[-71.209121,-10.607525],[-71.210906,-10.619164],[-71.218115,-10.630156],[-71.220803,-10.636734],[-71.217179,-10.642],[-71.20842,-10.647475],[-71.206291,-10.65216],[-71.207697,-10.657826],[-71.212831,-10.668331],[-71.228957,-10.678528],[-71.231313,-10.685239],[-71.231455,-10.691306],[-71.227815,-10.702813],[-71.224388,-10.707739],[-71.216037,-10.713307],[-71.216037,-10.716662],[-71.220819,-10.722658],[-71.224603,-10.730653],[-71.218892,-10.749213],[-71.219575,-10.761026],[-71.227426,-10.761302],[-71.228482,-10.767686],[-71.224795,-10.76878],[-71.221564,-10.776698],[-71.230744,-10.780082],[-71.238513,-10.779253],[-71.243841,-10.776757],[-71.250369,-10.783237],[-71.258723,-10.784935],[-71.26209,-10.796708],[-71.264664,-10.80086],[-71.271474,-10.819047],[-71.272138,-10.824528],[-71.270942,-10.847346],[-71.275344,-10.856388],[-71.285765,-10.865724],[-71.294714,-10.876299],[-71.30333,-10.876334],[-71.309024,-10.878702],[-71.316457,-10.897365],[-71.315245,-10.902294],[-71.317305,-10.909565],[-71.323364,-10.912312],[-71.329012,-10.910985],[-71.336126,-10.916788],[-71.341786,-10.932876],[-71.351365,-10.93923],[-71.352088,-10.947899],[-71.357317,-10.951545],[-71.361445,-10.951614],[-71.364545,-10.947969],[-71.370425,-10.947347],[-71.376281,-10.952678],[-71.383192,-10.950109],[-71.394859,-10.947629],[-71.399398,-10.952961],[-71.412941,-10.958068],[-71.426109,-10.955658],[-71.439461,-10.956936],[-71.443359,-10.958746],[-71.454251,-10.958743],[-71.456199,-10.956883],[-71.470561,-10.95547],[-71.480519,-10.957119],[-71.485951,-10.96379],[-71.490556,-10.964631],[-71.493965,-10.961753],[-71.508132,-10.966092],[-71.514464,-10.963037],[-71.524337,-10.963082],[-71.527149,-10.961727],[-71.531614,-10.952229],[-71.538304,-10.953656],[-71.558854,-10.964803],[-71.569595,-10.962786],[-71.576876,-10.964999],[-71.587905,-10.971061],[-71.596893,-10.972748],[-71.604316,-10.970543],[-71.611916,-10.970775],[-71.628768,-10.973565],[-71.638,-10.97683],[-71.651336,-10.977021],[-71.655146,-10.981395],[-71.661093,-10.983005],[-71.666504,-10.981663],[-71.67169,-10.975851],[-71.67804,-10.976119],[-71.680723,-10.971558],[-71.684837,-10.975493],[-71.69217,-10.979428],[-71.695657,-10.979025],[-71.699548,-10.974554],[-71.705405,-10.975582],[-71.70773,-10.981619],[-71.713707,-10.984902],[-71.71408,-10.995614],[-71.720161,-10.996553],[-71.725214,-10.987432],[-71.729998,-10.983586],[-71.736213,-10.988521],[-71.745246,-10.99273],[-71.753939,-10.993728],[-71.764914,-10.991478],[-71.770043,-10.992812],[-71.778076,-10.98968],[-71.787591,-10.992574],[-71.793538,-10.991188],[-71.797204,-10.993602],[-71.808953,-10.993828],[-71.818933,-10.99947],[-71.824364,-11.004081],[-71.825286,-11.009306],[-71.828463,-11.011868],[-71.83386,-11.006485],[-71.838606,-11.004388],[-71.840881,-10.998362],[-71.847008,-10.995679],[-71.858472,-10.997134],[-71.862276,-10.995166],[-71.869605,-10.999541],[-71.888648,-10.998141],[-71.895069,-10.994529],[-71.902435,-10.997701],[-71.909103,-10.997484],[-71.919342,-10.999221],[-71.925646,-11.002467],[-71.932785,-11.00223],[-71.938377,-11.003895],[-71.944588,-10.997449],[-71.952429,-10.997596],[-71.96057,-10.995033],[-71.968133,-10.996605],[-71.97476,-10.991383],[-71.980351,-10.990978],[-71.986564,-10.995504],[-71.996742,-10.991123],[-72.002953,-10.991246],[-72.008663,-10.987947],[-72.01394,-10.9884],[-72.02983,-10.997932],[-72.043699,-10.99692],[-72.044545,-11.001667],[-72.051739,-11.010912],[-72.069785,-11.008428],[-72.0854,-11.002849],[-72.092789,-11.001682],[-72.099206,-10.994876],[-72.10471,-10.992931],[-72.122334,-10.996447],[-72.125035,-10.995624],[-72.126042,-10.982819],[-72.13207,-10.982041],[-72.1399,-10.988736],[-72.143928,-10.989234],[-72.152863,-10.994215],[-72.154297,-11.00309],[-72.15825,-11.005288],[-72.16967,-10.999947],[-72.173538,-10.995526],[-72.178511,-10.999394],[-72.179984,-11.00492],[-72.185254,-11.008835],[-72.175324,-11.024832],[-72.174432,-11.032357],[-72.176485,-11.038994],[-72.190483,-11.043598],[-72.193061,-11.049677],[-72.188641,-11.055755],[-72.182509,-11.057799],[-72.182862,-11.06204],[-72.186983,-11.068648],[-72.18422,-11.074173],[-72.184957,-11.083383],[-72.183299,-11.092592],[-72.178771,-11.097551],[-72.175748,-11.09296],[-72.168196,-11.092039],[-72.155098,-11.088555],[-72.151768,-11.086444],[-72.146293,-11.090369],[-72.13508,-11.095375],[-72.125885,-11.10115],[-72.121406,-11.107141],[-72.120246,-11.118105],[-72.122467,-11.123584],[-72.130473,-11.131826],[-72.138252,-11.136888],[-72.144822,-11.136378],[-72.14777,-11.138792],[-72.158049,-11.140315],[-72.16928,-11.143741],[-72.17442,-11.151926],[-72.17648,-11.159112],[-72.184319,-11.155543],[-72.187935,-11.163729],[-72.193856,-11.156662],[-72.199547,-11.163729],[-72.199166,-11.168297],[-72.189839,-11.183716],[-72.186523,-11.184889],[-72.189661,-11.190921],[-72.196719,-11.194114],[-72.199408,-11.197811],[-72.20024,-11.205297],[-72.198082,-11.211773],[-72.197061,-11.227861],[-72.20161,-11.232187],[-72.205179,-11.239896],[-72.201181,-11.251461],[-72.202038,-11.259313],[-72.199413,-11.264235],[-72.205521,-11.266615],[-72.21147,-11.277601],[-72.213532,-11.288429],[-72.218171,-11.294576],[-72.218456,-11.300287],[-72.214219,-11.307963],[-72.213982,-11.319744],[-72.209656,-11.32775],[-72.208824,-11.335383],[-72.204027,-11.343357],[-72.208093,-11.347452],[-72.213664,-11.34422],[-72.220833,-11.345154],[-72.226674,-11.342608],[-72.239258,-11.345061],[-72.242561,-11.363924],[-72.247894,-11.385006],[-72.257315,-11.393505],[-72.266687,-11.396468],[-72.270821,-11.400189],[-72.278558,-11.412477],[-72.281408,-11.421028],[-72.287409,-11.424253],[-72.288879,-11.430891],[-72.292551,-11.433273],[-72.292352,-11.450938],[-72.287457,-11.466648],[-72.289628,-11.482852],[-72.293814,-11.485411],[-72.29689,-11.491063],[-72.303975,-11.497841],[-72.298228,-11.502927],[-72.303777,-11.509797],[-72.305627,-11.51594],[-72.303777,-11.531529],[-72.308137,-11.540645],[-72.309392,-11.551082],[-72.313025,-11.561518],[-72.312629,-11.565416],[-72.306221,-11.572418],[-72.309151,-11.581267],[-72.307894,-11.587537],[-72.312228,-11.58832],[-72.315508,-11.595577],[-72.325493,-11.603443],[-72.327891,-11.607532],[-72.343189,-11.614367],[-72.350945,-11.621805],[-72.355623,-11.635025],[-72.36963,-11.630286],[-72.375642,-11.633174],[-72.374283,-11.636365],[-72.375317,-11.644165],[-72.381068,-11.649281],[-72.389563,-11.650315],[-72.38744,-11.659287],[-72.397088,-11.67119],[-72.401777,-11.672452],[-72.406466,-11.677502],[-72.410073,-11.693011],[-72.414852,-11.698873],[-72.42423,-11.702389],[-72.428739,-11.708972],[-72.427025,-11.721325],[-72.424591,-11.727096],[-72.425064,-11.733169],[-72.422435,-11.738945],[-72.413136,-11.746037],[-72.397451,-11.754818],[-72.39252,-11.760078],[-72.385852,-11.761487],[-72.382353,-11.774545],[-72.377665,-11.776676],[-72.370768,-11.784967],[-72.374532,-11.794684],[-72.379739,-11.799224],[-72.387548,-11.801828],[-72.391786,-11.809516],[-72.390151,-11.814541],[-72.393057,-11.818113],[-72.391302,-11.826346],[-72.380768,-11.832218],[-72.370658,-11.835003],[-72.365633,-11.837848],[-72.36527,-11.84136],[-72.3597,-11.846506],[-72.35292,-11.847777],[-72.348258,-11.850986],[-72.338754,-11.854585],[-72.332154,-11.855527],[-72.335675,-11.866679],[-72.340256,-11.868006],[-72.34349,-11.882537],[-72.347514,-11.891267],[-72.344786,-11.901226],[-72.34731,-11.909342],[-72.3469,-11.915686],[-72.338266,-11.924213],[-72.336758,-11.940392],[-72.338421,-11.948978],[-72.337621,-11.952972],[-72.341126,-11.96338],[-72.337466,-11.968075],[-72.321392,-11.971019],[-72.311844,-11.974441],[-72.289166,-11.974759],[-72.284551,-11.97643],[-72.280842,-11.996528],[-72.274641,-11.998596],[-72.259303,-12.006303],[-72.265096,-12.012171],[-72.269183,-12.021168],[-72.270895,-12.029954],[-72.269191,-12.036676],[-72.272485,-12.047382],[-72.268933,-12.054375],[-72.244412,-12.058745],[-72.237214,-12.057749],[-72.229654,-12.061775],[-72.221869,-12.060103],[-72.202586,-12.060828],[-72.18982,-12.058855],[-72.182867,-12.060858],[-72.173733,-12.05981],[-72.164674,-12.062431],[-72.160706,-12.065276],[-72.145283,-12.069693],[-72.131518,-12.071316],[-72.116383,-12.078827],[-72.111741,-12.078902],[-72.094447,-12.085191],[-72.093698,-12.091854],[-72.09583,-12.100762],[-72.094596,-12.106004],[-72.093848,-12.12315],[-72.09265,-12.132284],[-72.087559,-12.14269],[-72.092575,-12.155119],[-72.099238,-12.165001],[-72.100211,-12.171665],[-72.091971,-12.191008],[-72.092526,-12.197016],[-72.098307,-12.207294],[-72.101402,-12.217104],[-72.100234,-12.224637],[-72.105512,-12.23806],[-72.099475,-12.237542],[-72.092526,-12.240052],[-72.085169,-12.246359],[-72.0753,-12.243264],[-72.069811,-12.248987],[-72.056439,-12.257278],[-72.048906,-12.254009],[-72.041081,-12.25687],[-72.033841,-12.265045],[-72.032906,-12.272753],[-72.03022,-12.27976],[-72.029987,-12.2863],[-72.019364,-12.292997],[-72.014257,-12.297918],[-71.997632,-12.304292],[-71.990886,-12.306006],[-71.983804,-12.313908],[-71.973031,-12.320543],[-71.963377,-12.321848],[-71.95883,-12.320096],[-71.952269,-12.322854],[-71.94589,-12.330224],[-71.947135,-12.334393],[-71.953686,-12.337317],[-71.961886,-12.338174],[-71.967179,-12.347642],[-71.970571,-12.358973],[-71.968074,-12.366093],[-71.962967,-12.37146],[-71.965166,-12.382829],[-71.9699,-12.384171],[-71.972174,-12.389911],[-71.976237,-12.394161],[-71.976013,-12.398783],[-71.981753,-12.398186],[-71.993783,-12.399221],[-72.000423,-12.402459],[-72.004337,-12.401714],[-72.009835,-12.40423],[-72.011839,-12.4101],[-72.017477,-12.415179],[-72.022369,-12.414993],[-72.037139,-12.422774],[-72.046458,-12.422401],[-72.048508,-12.424591],[-72.049283,-12.433125],[-72.058791,-12.436884],[-72.061489,-12.440449],[-72.059534,-12.450049],[-72.064412,-12.455643],[-72.063385,-12.46316],[-72.065102,-12.471523],[-72.070869,-12.482787],[-72.070869,-12.488858],[-72.078962,-12.498627],[-72.075414,-12.507762],[-72.071132,-12.511484],[-72.064322,-12.506591],[-72.054695,-12.509001],[-72.05196,-12.511767],[-72.051846,-12.518662],[-72.037055,-12.525801],[-72.031459,-12.524773],[-72.01307,-12.545959],[-72.007988,-12.550985],[-72.008044,-12.560415],[-71.997756,-12.572687],[-71.990964,-12.577987],[-71.986896,-12.576556],[-71.981396,-12.58049],[-71.981664,-12.589701],[-71.983498,-12.594664],[-71.9839,-12.608792],[-71.966411,-12.61282],[-71.966576,-12.620418],[-71.965057,-12.631968],[-71.957126,-12.639488],[-71.95873,-12.645506],[-71.956381,-12.654873],[-71.960973,-12.658376],[-71.969367,-12.661421],[-71.971025,-12.671975],[-71.977103,-12.677419],[-71.978595,-12.683331],[-71.97108,-12.687559],[-71.964891,-12.693582],[-71.957758,-12.693928],[-71.953121,-12.690653],[-71.943671,-12.694273],[-71.926486,-12.699495],[-71.920379,-12.698141],[-71.916461,-12.703316],[-71.91876,-12.712118],[-71.918414,-12.718991],[-71.915306,-12.723205],[-71.906948,-12.727004],[-71.900352,-12.733355],[-71.891297,-12.732891],[-71.881615,-12.730439],[-71.871369,-12.735256],[-71.85801,-12.734787],[-71.849457,-12.738908],[-71.839523,-12.738924],[-71.832551,-12.742322],[-71.825684,-12.742506],[-71.822723,-12.740441],[-71.810592,-12.744978],[-71.80407,-12.753639],[-71.79976,-12.765273],[-71.789955,-12.766461],[-71.785285,-12.764875],[-71.77208,-12.767299],[-71.764664,-12.767459],[-71.760049,-12.782666],[-71.760209,-12.787922],[-71.753525,-12.794711],[-71.746941,-12.796107],[-71.735283,-12.791424],[-71.72976,-12.78709],[-71.723518,-12.786668],[-71.712791,-12.777961],[-71.707603,-12.771963],[-71.705934,-12.766668],[-71.698287,-12.761975],[-71.692924,-12.747783],[-71.694969,-12.738793],[-71.68383,-12.733152],[-71.67078,-12.72993],[-71.660545,-12.728924],[-71.653428,-12.721152],[-71.648141,-12.718686],[-71.638473,-12.709379],[-71.633095,-12.707378],[-71.61744,-12.705143],[-71.611756,-12.7019],[-71.600298,-12.700058],[-71.59291,-12.702331],[-71.577366,-12.70342],[-71.565744,-12.705437],[-71.562022,-12.70987],[-71.556821,-12.708108],[-71.552133,-12.709302],[-71.548792,-12.714042],[-71.552673,-12.724022],[-71.547643,-12.72962],[-71.547302,-12.73445],[-71.541066,-12.737931],[-71.533438,-12.738579],[-71.529956,-12.744102],[-71.523526,-12.747196],[-71.516513,-12.743406],[-71.512274,-12.745192],[-71.507331,-12.752832],[-71.502649,-12.756165],[-71.501831,-12.763898],[-71.498408,-12.769926],[-71.498373,-12.777709],[-71.495658,-12.78198],[-71.486064,-12.787524],[-71.484282,-12.792124],[-71.475268,-12.801939],[-71.464846,-12.809697],[-71.462712,-12.816389],[-71.459845,-12.818495],[-71.458322,-12.825896],[-71.451047,-12.824969],[-71.446162,-12.827662],[-71.44889,-12.833385],[-71.454453,-12.836238],[-71.454328,-12.842229],[-71.445074,-12.840732],[-71.442489,-12.853605],[-71.449764,-12.858294],[-71.448872,-12.863341],[-71.441669,-12.867388],[-71.437586,-12.872648],[-71.4299,-12.876089],[-71.423517,-12.884256],[-71.417669,-12.883881],[-71.418703,-12.89121],[-71.415244,-12.894259],[-71.396219,-12.882865],[-71.388587,-12.888446],[-71.380363,-12.899231],[-71.375616,-12.900613],[-71.366366,-12.895554],[-71.360214,-12.890115],[-71.359925,-12.882515],[-71.354938,-12.883979],[-71.34814,-12.892509],[-71.34127,-12.895537],[-71.333435,-12.904527],[-71.326107,-12.918313],[-71.315811,-12.924488],[-71.315414,-12.930728],[-71.310455,-12.929977],[-71.306572,-12.934728],[-71.301621,-12.935098],[-71.30101,-12.940695],[-71.287965,-12.948906],[-71.278764,-12.951246],[-71.272049,-12.954414],[-71.271721,-12.961844],[-71.261559,-12.96243],[-71.257889,-12.96482],[-71.252113,-12.963977],[-71.238754,-12.971934],[-71.229736,-12.967223],[-71.226279,-12.960953],[-71.21241,-12.958822],[-71.205572,-12.961573],[-71.199542,-12.959194],[-71.195061,-12.959969],[-71.190413,-12.96622],[-71.186456,-12.968751],[-71.178326,-12.968477],[-71.172073,-12.965311],[-71.163529,-12.965852],[-71.161391,-12.968112],[-71.159001,-12.978679],[-71.164595,-12.979129],[-71.173042,-12.983335],[-71.174244,-12.990468],[-71.178677,-12.99529],[-71.178258,-13.003728],[-71.168624,-13.01013],[-71.16623,-13.022517],[-71.171825,-13.036841],[-71.171003,-13.043498],[-71.173471,-13.051726],[-71.173321,-13.056438],[-71.161578,-13.066461],[-71.161375,-13.07575],[-71.165681,-13.084641],[-71.168182,-13.094089],[-71.16479,-13.112346],[-71.161662,-13.119592],[-71.158221,-13.122981],[-71.151144,-13.12412],[-71.146175,-13.130718],[-71.143813,-13.140004],[-71.146501,-13.147498],[-71.143101,-13.155798],[-71.142548,-13.163122],[-71.140239,-13.169731],[-71.14214,-13.178739],[-71.140646,-13.180912],[-71.139345,-13.195799],[-71.134762,-13.204004],[-71.134863,-13.211002],[-71.127632,-13.226864],[-71.122012,-13.233529],[-71.107507,-13.238226],[-71.099208,-13.238059],[-71.091057,-13.24032],[-71.086822,-13.245281],[-71.082893,-13.244644],[-71.064179,-13.256701],[-71.059405,-13.257453],[-71.04765,-13.26278],[-71.040945,-13.26875],[-71.036261,-13.270495],[-71.027904,-13.270678],[-71.014035,-13.267188],[-71.009654,-13.260664],[-71.007899,-13.25153],[-71.011492,-13.239792],[-71.007859,-13.230969],[-71.001112,-13.229332],[-70.994724,-13.222784],[-70.990851,-13.221546],[-70.990571,-13.215517],[-70.994324,-13.20322],[-70.988415,-13.194636],[-70.987805,-13.189594],[-70.974521,-13.168286],[-70.962983,-13.169483],[-70.957353,-13.163455],[-70.949283,-13.158639],[-70.94219,-13.156499],[-70.938572,-13.150136],[-70.937636,-13.144085],[-70.94228,-13.135487],[-70.935369,-13.130009],[-70.928258,-13.129237],[-70.922146,-13.121518],[-70.923041,-13.115633],[-70.921393,-13.110831],[-70.913719,-13.107818],[-70.908164,-13.10763],[-70.897477,-13.104052],[-70.889945,-13.102875],[-70.894982,-13.091341],[-70.894605,-13.088516],[-70.899031,-13.080748],[-70.899266,-13.069685],[-70.882177,-13.070673],[-70.879121,-13.073838],[-70.86311,-13.080324],[-70.852424,-13.0791],[-70.849458,-13.071992],[-70.842961,-13.067048],[-70.836982,-13.068037],[-70.829544,-13.067001],[-70.813349,-13.072933],[-70.812031,-13.077594],[-70.802898,-13.084138],[-70.799853,-13.08991],[-70.791748,-13.092555],[-70.774291,-13.103278],[-70.762868,-13.107733],[-70.758413,-13.108044],[-70.746017,-13.103493],[-70.722948,-13.10582],[-70.710048,-13.109463],[-70.705647,-13.105162],[-70.683944,-13.105466],[-70.683438,-13.098434],[-70.674636,-13.096613],[-70.669621,-13.090672],[-70.659756,-13.088459],[-70.653875,-13.093265],[-70.647931,-13.093392],[-70.641674,-13.090756],[-70.624913,-13.093139],[-70.614226,-13.099462],[-70.606385,-13.101739],[-70.599492,-13.099146],[-70.58754,-13.10313],[-70.585074,-13.10528],[-70.583556,-13.112995],[-70.577991,-13.117548],[-70.57053,-13.130322],[-70.566735,-13.131017],[-70.558008,-13.136694],[-70.551035,-13.145967],[-70.549847,-13.152864],[-70.541992,-13.154627],[-70.52973,-13.152558],[-70.521951,-13.155355],[-70.504325,-13.159455],[-70.500761,-13.156543],[-70.479374,-13.160167],[-70.464248,-13.159691],[-70.449125,-13.167632],[-70.446506,-13.170378],[-70.431045,-13.173462],[-70.425469,-13.176123],[-70.420484,-13.175405],[-70.412289,-13.177644],[-70.409598,-13.182752],[-70.404854,-13.1836],[-70.401052,-13.181234],[-70.395476,-13.183051],[-70.388467,-13.192389],[-70.384311,-13.187125],[-70.383218,-13.181308],[-70.386267,-13.171527],[-70.385577,-13.167039],[-70.389892,-13.16163],[-70.396854,-13.158063],[-70.400594,-13.151159],[-70.390755,-13.13827],[-70.389662,-13.131538],[-70.393729,-13.129983],[-70.406821,-13.138416],[-70.411814,-13.138638],[-70.417695,-13.13309],[-70.414477,-13.129317],[-70.404407,-13.126085],[-70.402868,-13.114413],[-70.264359,-13.155199],[-70.236514,-13.163029],[-70.210541,-13.17107],[-70.108891,-13.201144],[-70.032555,-13.223748],[-70.000008,-13.234504],[-69.978531,-13.244164],[-69.974162,-13.245102],[-69.895463,-13.268818],[-69.884369,-13.271768],[-69.779096,-13.30335],[-69.765664,-13.306916],[-69.737068,-13.315879],[-69.727074,-13.318514],[-69.698639,-13.32748],[-69.652761,-13.341001],[-69.647227,-13.341242],[-69.507439,-13.28107],[-69.502113,-13.278477],[-69.45523,-13.258852],[-69.44725,-13.255043],[-69.3106,-13.195783],[-69.220162,-13.155727],[-69.113801,-13.109816],[-69.048592,-13.080873],[-69.002068,-13.061057],[-68.927398,-13.028881],[-68.879447,-13.007568],[-68.871873,-13.003926]]]},"properties":{"province":"Madre de Dios"}},{"type":"Feature","geometry":{"type":"Polygon","coordinates":[[[-70.146625,-16.93873],[-70.132267,-16.934768],[-70.127982,-16.930517],[-70.118056,-16.923758],[-70.113565,-16.917829],[-70.109426,-16.90313],[-70.105597,-16.897264],[-70.094279,-16.890925],[-70.094434,-16.879916],[-70.091112,-16.870924],[-70.09263,-16.862679],[-70.090665,-16.858925],[-70.091331,-16.843591],[-70.090033,-16.822995],[-70.091086,-16.812118],[-70.085331,-16.80882],[-70.081612,-16.801732],[-70.06956,-16.798447],[-70.062035,-16.792672],[-70.057328,-16.786525],[-70.054188,-16.773737],[-70.057125,-16.770164],[-70.050857,-16.763657],[-70.044174,-16.762824],[-70.039542,-16.75609],[-70.032209,-16.752925],[-70.035542,-16.74289],[-70.02689,-16.740296],[-70.011881,-16.741849],[-70.006957,-16.739208],[-69.999186,-16.731075],[-69.995563,-16.729776],[-69.995052,-16.72079],[-69.998349,-16.707837],[-70.006266,-16.701478],[-70.010453,-16.699896],[-70.011767,-16.688484],[-69.998391,-16.675148],[-70.001472,-16.656574],[-70.004893,-16.65027],[-70.011352,-16.645457],[-70.013838,-16.639919],[-70.017831,-16.639071],[-70.025273,-16.631234],[-70.030636,-16.634724],[-70.035988,-16.633718],[-70.046973,-16.627965],[-70.051278,-16.629089],[-70.055197,-16.637923],[-70.058357,-16.639662],[-70.067402,-16.63842],[-70.074643,-16.641909],[-70.082834,-16.648414],[-70.087845,-16.655232],[-70.095608,-16.653101],[-70.105121,-16.647632],[-70.109173,-16.642819],[-70.117547,-16.637735],[-70.121378,-16.637195],[-70.137832,-16.628575],[-70.142744,-16.620471],[-70.148761,-16.615313],[-70.157921,-16.616001],[-70.165706,-16.613324],[-70.168702,-16.609616],[-70.168874,-16.601929],[-70.176355,-16.593328],[-70.173121,-16.583381],[-70.176217,-16.574473],[-70.175701,-16.56072],[-70.179901,-16.55797],[-70.181564,-16.541799],[-70.185387,-16.537196],[-70.200495,-16.53959],[-70.213702,-16.523802],[-70.220186,-16.513303],[-70.225494,-16.510682],[-70.228666,-16.506076],[-70.233146,-16.504617],[-70.243527,-16.50447],[-70.246535,-16.501999],[-70.258728,-16.498156],[-70.282279,-16.487767],[-70.287016,-16.483311],[-70.30117,-16.478672],[-70.313752,-16.466469],[-70.311147,-16.456512],[-70.30684,-16.451135],[-70.308279,-16.445907],[-70.316735,-16.444399],[-70.315893,-16.431591],[-70.325052,-16.417525],[-70.333402,-16.411447],[-70.341321,-16.414637],[-70.350322,-16.415716],[-70.360888,-16.410831],[-70.356554,-16.400271],[-70.367002,-16.392207],[-70.373006,-16.39045],[-70.382114,-16.384955],[-70.377183,-16.381841],[-70.371475,-16.374528],[-70.370595,-16.36865],[-70.357817,-16.368317],[-70.356604,-16.362226],[-70.348325,-16.354771],[-70.345611,-16.348139],[-70.346184,-16.338816],[-70.34369,-16.336862],[-70.338758,-16.322798],[-70.342708,-16.3119],[-70.345634,-16.30914],[-70.346848,-16.301407],[-70.344151,-16.297026],[-70.3478,-16.290837],[-70.343051,-16.283276],[-70.342708,-16.275804],[-70.340376,-16.268832],[-70.345135,-16.256102],[-70.341756,-16.249963],[-70.336256,-16.24507],[-70.334171,-16.237576],[-70.327838,-16.234819],[-70.327432,-16.225788],[-70.324524,-16.220679],[-70.324529,-16.215913],[-70.33077,-16.202886],[-70.340279,-16.200903],[-70.355771,-16.20825],[-70.359196,-16.20863],[-70.36882,-16.198983],[-70.36723,-16.189256],[-70.373753,-16.175917],[-70.384111,-16.167548],[-70.389651,-16.156237],[-70.399368,-16.152235],[-70.401942,-16.14903],[-70.404239,-16.136602],[-70.408302,-16.120796],[-70.40554,-16.117778],[-70.401287,-16.102527],[-70.40666,-16.10166],[-70.402876,-16.089065],[-70.40979,-16.076346],[-70.417529,-16.074411],[-70.420098,-16.069876],[-70.427647,-16.067433],[-70.429818,-16.0631],[-70.435069,-16.060151],[-70.439203,-16.038081],[-70.445197,-16.033775],[-70.450404,-16.036971],[-70.454123,-16.041903],[-70.463055,-16.049622],[-70.469754,-16.049828],[-70.48256,-16.039475],[-70.494903,-16.040661],[-70.502412,-16.037914],[-70.507714,-16.037775],[-70.508302,-16.032886],[-70.511948,-16.029767],[-70.519459,-16.032534],[-70.526075,-16.026723],[-70.530916,-16.014159],[-70.538842,-16.010453],[-70.544418,-16.000836],[-70.549293,-15.995184],[-70.560225,-15.988298],[-70.562672,-15.983758],[-70.56997,-15.98898],[-70.578559,-15.99073],[-70.587486,-15.987936],[-70.592314,-15.991572],[-70.603971,-15.992209],[-70.61273,-15.994977],[-70.618382,-16.000397],[-70.62477,-16.00302],[-70.637754,-15.990924],[-70.643318,-15.989736],[-70.64976,-15.99548],[-70.65684,-16.0038],[-70.66074,-16.00408],[-70.66679,-16.00915],[-70.66918,-16.01378],[-70.679228,-16.016816],[-70.682936,-16.021287],[-70.692119,-16.022953],[-70.696004,-16.027447],[-70.7013,-16.02845],[-70.705402,-16.031758],[-70.71844,-16.03405],[-70.72859,-16.03141],[-70.73597,-16.02016],[-70.74156,-16.01606],[-70.75106,-16.01596],[-70.756396,-16.013519],[-70.76087,-16.01657],[-70.76864,-16.0168],[-70.77071,-16.01308],[-70.7781,-16.01125],[-70.77961,-16.00696],[-70.786547,-16.001637],[-70.78972,-15.996509],[-70.795352,-15.992397],[-70.793206,-15.986095],[-70.796618,-15.97853],[-70.803631,-15.978425],[-70.804291,-15.984665],[-70.811174,-15.986676],[-70.820198,-15.978468],[-70.82753,-15.98915],[-70.829102,-15.99549],[-70.826195,-16.000566],[-70.816559,-16.002756],[-70.814026,-16.009767],[-70.814377,-16.016781],[-70.818993,-16.023413],[-70.820122,-16.031614],[-70.809853,-16.0385],[-70.806648,-16.042297],[-70.804512,-16.055134],[-70.812569,-16.053961],[-70.823723,-16.056036],[-70.832718,-16.055113],[-70.856735,-16.056337],[-70.864494,-16.067156],[-70.866806,-16.080082],[-70.878105,-16.081444],[-70.875061,-16.094578],[-70.885483,-16.100918],[-70.893761,-16.102831],[-70.89537,-16.107004],[-70.890861,-16.109787],[-70.886131,-16.118141],[-70.875732,-16.124672],[-70.86821,-16.126919],[-70.871239,-16.134808],[-70.871933,-16.142879],[-70.86747,-16.146694],[-70.867828,-16.153866],[-70.878593,-16.166616],[-70.874306,-16.171036],[-70.866096,-16.172281],[-70.861069,-16.174747],[-70.857353,-16.181408],[-70.854134,-16.192799],[-70.853889,-16.20248],[-70.858444,-16.211224],[-70.866531,-16.218389],[-70.865776,-16.226271],[-70.859627,-16.225765],[-70.85051,-16.227982],[-70.845139,-16.232407],[-70.846405,-16.238148],[-70.853882,-16.241466],[-70.872002,-16.265697],[-70.87648,-16.281553],[-70.886139,-16.285273],[-70.893715,-16.280575],[-70.903427,-16.277611],[-70.915787,-16.2824],[-70.920998,-16.287695],[-70.93911,-16.298933],[-70.940353,-16.310318],[-70.946251,-16.313835],[-70.951118,-16.309748],[-70.957016,-16.308403],[-70.975082,-16.308491],[-70.98629,-16.309946],[-70.986359,-16.32019],[-70.98513,-16.325394],[-70.980011,-16.331799],[-70.979477,-16.343357],[-70.977814,-16.348804],[-70.972763,-16.353748],[-70.975571,-16.362238],[-70.970756,-16.366608],[-70.969604,-16.372265],[-70.973038,-16.377308],[-70.975395,-16.38891],[-70.973846,-16.394197],[-70.964821,-16.397591],[-70.964249,-16.401482],[-70.968773,-16.408607],[-70.975243,-16.412165],[-70.975616,-16.418322],[-70.973701,-16.425865],[-70.964897,-16.437164],[-70.964828,-16.4463],[-70.952926,-16.460989],[-70.955437,-16.471626],[-70.967201,-16.48111],[-70.976097,-16.479736],[-70.980553,-16.481327],[-70.992454,-16.495867],[-70.999695,-16.498409],[-71.006851,-16.495682],[-71.011498,-16.498281],[-71.015938,-16.494915],[-71.018326,-16.487415],[-71.037258,-16.485686],[-71.037415,-16.480423],[-71.041305,-16.478632],[-71.044472,-16.469101],[-71.043259,-16.463243],[-71.047462,-16.46044],[-71.064949,-16.461805],[-71.072655,-16.465755],[-71.07827,-16.458565],[-71.091614,-16.457582],[-71.093399,-16.46229],[-71.110199,-16.465788],[-71.123917,-16.460972],[-71.136391,-16.469707],[-71.139519,-16.474974],[-71.152038,-16.473164],[-71.157928,-16.470966],[-71.174255,-16.471273],[-71.182693,-16.472631],[-71.197029,-16.471659],[-71.206345,-16.463804],[-71.219139,-16.460566],[-71.229477,-16.461904],[-71.236206,-16.466009],[-71.242104,-16.463064],[-71.245644,-16.466864],[-71.243286,-16.474422],[-71.249344,-16.482359],[-71.237068,-16.502115],[-71.236137,-16.506483],[-71.238235,-16.516739],[-71.242767,-16.525635],[-71.244797,-16.550228],[-71.252754,-16.572567],[-71.259331,-16.5774],[-71.26284,-16.584911],[-71.2593,-16.591059],[-71.259674,-16.602079],[-71.261505,-16.606663],[-71.273178,-16.607017],[-71.279152,-16.615822],[-71.280373,-16.657644],[-71.284737,-16.667007],[-71.283905,-16.682239],[-71.29364,-16.690559],[-71.296036,-16.707428],[-71.292541,-16.7124],[-71.285812,-16.716354],[-71.289276,-16.722717],[-71.289093,-16.726458],[-71.295975,-16.732187],[-71.311432,-16.73868],[-71.312416,-16.742969],[-71.327568,-16.752256],[-71.331032,-16.748064],[-71.343674,-16.744884],[-71.346985,-16.742243],[-71.350418,-16.727873],[-71.353287,-16.724953],[-71.363785,-16.720493],[-71.36943,-16.719677],[-71.385956,-16.72809],[-71.394562,-16.731199],[-71.400902,-16.728144],[-71.407097,-16.730108],[-71.417679,-16.738304],[-71.422615,-16.737757],[-71.425499,-16.740643],[-71.42968,-16.751335],[-71.430397,-16.760395],[-71.428467,-16.766277],[-71.42939,-16.774733],[-71.433113,-16.780254],[-71.432556,-16.785469],[-71.436874,-16.796888],[-71.444305,-16.804674],[-71.444588,-16.817388],[-71.442444,-16.828549],[-71.43576,-16.835314],[-71.441139,-16.841043],[-71.440636,-16.865227],[-71.435906,-16.878948],[-71.430336,-16.888802],[-71.422485,-16.896398],[-71.425491,-16.906383],[-71.4244,-16.918314],[-71.43119,-16.926537],[-71.439743,-16.927568],[-71.441322,-16.932466],[-71.448059,-16.932184],[-71.455963,-16.934187],[-71.460472,-16.938381],[-71.460289,-16.943886],[-71.465942,-16.950569],[-71.463615,-16.957274],[-71.459541,-16.960819],[-71.448265,-16.959198],[-71.444885,-16.956476],[-71.438972,-16.957293],[-71.434357,-16.960295],[-71.428574,-16.959404],[-71.422096,-16.95508],[-71.405792,-16.955835],[-71.401833,-16.960518],[-71.401298,-16.969847],[-71.39463,-16.973404],[-71.390923,-16.980492],[-71.395119,-16.984972],[-71.393791,-16.997715],[-71.38916,-17.0025],[-71.387649,-17.014555],[-71.384613,-17.02111],[-71.365158,-17.017994],[-71.359604,-17.023533],[-71.34848,-17.02474],[-71.339424,-17.021759],[-71.331222,-17.033289],[-71.320373,-17.040018],[-71.31897,-17.04421],[-71.325813,-17.056396],[-71.323647,-17.061787],[-71.315887,-17.065283],[-71.313866,-17.07151],[-71.315605,-17.078608],[-71.310509,-17.080938],[-71.307808,-17.090143],[-71.302246,-17.093851],[-71.305839,-17.103668],[-71.312553,-17.109884],[-71.316277,-17.116114],[-71.313995,-17.119307],[-71.31633,-17.124739],[-71.322456,-17.128921],[-71.326981,-17.136486],[-71.336502,-17.141575],[-71.351395,-17.147413],[-71.359474,-17.156322],[-71.370438,-17.174171],[-71.380859,-17.185709],[-71.390663,-17.193525],[-71.397777,-17.20148],[-71.404348,-17.205631],[-71.410869,-17.212595],[-71.415111,-17.223548],[-71.421699,-17.234631],[-71.427132,-17.239407],[-71.436482,-17.244055],[-71.440956,-17.251717],[-71.44857,-17.253128],[-71.457443,-17.252165],[-71.466863,-17.255479],[-71.4712,-17.265226],[-71.4793,-17.270246],[-71.48508,-17.280896],[-71.490799,-17.285006],[-71.472537,-17.297158],[-71.470961,-17.305277],[-71.473478,-17.30634],[-71.476326,-17.314143],[-71.476715,-17.32293],[-71.470877,-17.318873],[-71.468402,-17.32357],[-71.458934,-17.32799],[-71.443242,-17.337484],[-71.437113,-17.338564],[-71.431441,-17.350846],[-71.43342,-17.357504],[-71.433303,-17.365615],[-71.427031,-17.363963],[-71.417941,-17.376557],[-71.413525,-17.380107],[-71.409064,-17.380164],[-71.39459,-17.389131],[-71.392674,-17.39657],[-71.389641,-17.3985],[-71.385943,-17.408437],[-71.383344,-17.420309],[-71.386861,-17.428519],[-71.383068,-17.437814],[-71.381139,-17.449982],[-71.378195,-17.453238],[-71.373062,-17.466478],[-71.372566,-17.475391],[-71.366773,-17.480506],[-71.362953,-17.488785],[-71.365102,-17.496021],[-71.361352,-17.502613],[-71.361154,-17.509447],[-71.364924,-17.513637],[-71.367865,-17.521016],[-71.364902,-17.525898],[-71.360744,-17.539508],[-71.365547,-17.545363],[-71.363228,-17.553871],[-71.357551,-17.568635],[-71.358209,-17.588826],[-71.345352,-17.610883],[-71.342562,-17.62318],[-71.342834,-17.633582],[-71.341082,-17.636988],[-71.346717,-17.643937],[-71.3509,-17.653178],[-71.358541,-17.659719],[-71.363791,-17.674355],[-71.372219,-17.681713],[-71.373096,-17.687519],[-71.37066,-17.69152],[-71.379914,-17.701922],[-71.380094,-17.704793],[-71.373844,-17.707156],[-71.368193,-17.706162],[-71.365035,-17.702244],[-71.365693,-17.696176],[-71.363723,-17.692875],[-71.356207,-17.691602],[-71.326893,-17.704283],[-71.300838,-17.718533],[-71.285771,-17.726006],[-71.26959,-17.735297],[-71.205648,-17.768648],[-71.184894,-17.781207],[-71.177457,-17.789199],[-71.174199,-17.799316],[-71.174559,-17.80326],[-71.167967,-17.804342],[-71.168922,-17.809144],[-71.161242,-17.814943],[-71.156092,-17.815404],[-71.149853,-17.819754],[-71.139443,-17.821482],[-71.12628,-17.81283],[-71.12107,-17.80146],[-71.12158,-17.786],[-71.111785,-17.771977],[-71.11016,-17.766373],[-71.103143,-17.755275],[-71.103027,-17.74507],[-71.101135,-17.739498],[-71.094238,-17.733244],[-71.081992,-17.733992],[-71.0844,-17.720297],[-71.083336,-17.717527],[-71.073478,-17.713754],[-71.06054,-17.718636],[-71.057924,-17.718075],[-71.049376,-17.708827],[-71.036941,-17.709654],[-71.026916,-17.703875],[-71.020225,-17.708783],[-71.016633,-17.708769],[-71.005143,-17.6926],[-71.00335,-17.683699],[-70.992996,-17.679119],[-70.989686,-17.679264],[-70.983162,-17.684627],[-70.971446,-17.680883],[-70.96456,-17.67602],[-70.95628,-17.67596],[-70.93786,-17.6853],[-70.93089,-17.68768],[-70.9125,-17.68737],[-70.90746,-17.66177],[-70.90953,-17.65539],[-70.90759,-17.64652],[-70.90514,-17.64351],[-70.90473,-17.62865],[-70.9026,-17.6195],[-70.89708,-17.61232],[-70.89635,-17.6031],[-70.89316,-17.59285],[-70.88408,-17.58164],[-70.88364,-17.57297],[-70.88112,-17.56687],[-70.88244,-17.56101],[-70.87965,-17.55524],[-70.87195,-17.55179],[-70.86676,-17.54738],[-70.86213,-17.5377],[-70.85684,-17.535],[-70.85603,-17.5316],[-70.85043,-17.52951],[-70.84376,-17.52466],[-70.83606,-17.51601],[-70.83523,-17.51199],[-70.82805,-17.50196],[-70.82036,-17.49315],[-70.81041,-17.48644],[-70.80486,-17.48025],[-70.80285,-17.47532],[-70.7924,-17.46636],[-70.78998,-17.46114],[-70.78631,-17.45986],[-70.77998,-17.4506],[-70.770041,-17.447745],[-70.763566,-17.440521],[-70.75463,-17.437578],[-70.751151,-17.422381],[-70.747941,-17.418153],[-70.73931,-17.41196],[-70.73563,-17.4058],[-70.735578,-17.40123],[-70.74266,-17.396288],[-70.744508,-17.390433],[-70.750286,-17.385542],[-70.752404,-17.380573],[-70.751679,-17.370482],[-70.746139,-17.349532],[-70.738107,-17.330615],[-70.730009,-17.318226],[-70.720795,-17.311029],[-70.715867,-17.301769],[-70.707857,-17.294488],[-70.705923,-17.289609],[-70.712275,-17.287484],[-70.715917,-17.273652],[-70.712687,-17.270053],[-70.704279,-17.267205],[-70.701195,-17.2546],[-70.692979,-17.241175],[-70.688318,-17.239636],[-70.68383,-17.228883],[-70.684221,-17.22498],[-70.671129,-17.219793],[-70.666443,-17.214205],[-70.661707,-17.213896],[-70.652414,-17.209498],[-70.633554,-17.210845],[-70.630029,-17.213975],[-70.618867,-17.209166],[-70.609978,-17.214504],[-70.605347,-17.211031],[-70.59916,-17.210381],[-70.590875,-17.20534],[-70.58137,-17.201652],[-70.572508,-17.194109],[-70.565977,-17.194433],[-70.55633,-17.19788],[-70.55169,-17.191723],[-70.550021,-17.185761],[-70.546027,-17.183693],[-70.535355,-17.17275],[-70.527799,-17.168308],[-70.521141,-17.158234],[-70.516869,-17.142859],[-70.507453,-17.131703],[-70.502045,-17.118836],[-70.495135,-17.110344],[-70.491856,-17.091374],[-70.489606,-17.088447],[-70.479986,-17.084409],[-70.468224,-17.087525],[-70.465216,-17.083325],[-70.458712,-17.081807],[-70.452967,-17.083054],[-70.449579,-17.081292],[-70.446354,-17.062675],[-70.443644,-17.055737],[-70.439201,-17.050363],[-70.444084,-17.045627],[-70.448224,-17.034409],[-70.449814,-17.026174],[-70.453373,-17.024003],[-70.453753,-17.017309],[-70.459579,-17.014951],[-70.463238,-17.00861],[-70.460816,-16.997119],[-70.452027,-16.9864],[-70.449646,-16.978639],[-70.446,-16.973932],[-70.443475,-16.962053],[-70.455559,-16.954227],[-70.464723,-16.945684],[-70.460822,-16.934475],[-70.455732,-16.93326],[-70.453423,-16.928571],[-70.459191,-16.922738],[-70.451691,-16.913121],[-70.451752,-16.900006],[-70.442018,-16.893125],[-70.442436,-16.887996],[-70.450119,-16.8801],[-70.447754,-16.874127],[-70.450187,-16.868244],[-70.450371,-16.860322],[-70.443268,-16.853102],[-70.441605,-16.841227],[-70.432602,-16.839846],[-70.425484,-16.833295],[-70.414307,-16.829416],[-70.409394,-16.830191],[-70.399689,-16.818797],[-70.38523,-16.815871],[-70.37867,-16.809498],[-70.378037,-16.803242],[-70.372795,-16.79818],[-70.368768,-16.799102],[-70.359191,-16.795686],[-70.358848,-16.791711],[-70.353996,-16.789478],[-70.344926,-16.791465],[-70.334816,-16.785033],[-70.323676,-16.782994],[-70.318008,-16.778984],[-70.317871,-16.775295],[-70.307611,-16.773047],[-70.301842,-16.777512],[-70.291857,-16.781345],[-70.280549,-16.777082],[-70.269797,-16.770567],[-70.263855,-16.772666],[-70.266457,-16.778431],[-70.262939,-16.783782],[-70.255489,-16.786117],[-70.253883,-16.78885],[-70.252836,-16.798885],[-70.2473,-16.802465],[-70.225502,-16.809531],[-70.212662,-16.810404],[-70.205574,-16.808125],[-70.19426,-16.818107],[-70.186639,-16.815883],[-70.181554,-16.817157],[-70.184067,-16.834687],[-70.199026,-16.840275],[-70.204826,-16.839008],[-70.216865,-16.843314],[-70.220664,-16.847504],[-70.223084,-16.856088],[-70.226844,-16.857657],[-70.237663,-16.854849],[-70.243768,-16.860242],[-70.249935,-16.876536],[-70.252277,-16.889421],[-70.255967,-16.899203],[-70.259066,-16.902033],[-70.2579,-16.91162],[-70.259306,-16.920523],[-70.253625,-16.931768],[-70.254327,-16.940027],[-70.247182,-16.952444],[-70.239568,-16.956954],[-70.230079,-16.959414],[-70.225106,-16.958551],[-70.223929,-16.952034],[-70.218013,-16.946352],[-70.211336,-16.9436],[-70.200969,-16.94401],[-70.189723,-16.939207],[-70.181289,-16.93212],[-70.180309,-16.924865],[-70.177306,-16.916188],[-70.172796,-16.912615],[-70.169633,-16.916715],[-70.159637,-16.918435],[-70.148372,-16.92187],[-70.147669,-16.926438],[-70.152004,-16.933174],[-70.146625,-16.93873]]]},"properties":{"province":"Moquegua"}},{"type":"Feature","geometry":{"type":"Polygon","coordinates":[[[-74.675961,-9.446914],[-74.678721,-9.448056],[-74.689392,-9.445704],[-74.694777,-9.447674],[-74.698013,-9.451311],[-74.716774,-9.459085],[-74.719898,-9.465479],[-74.728821,-9.472412],[-74.73081,-9.481817],[-74.735223,-9.492474],[-74.739791,-9.497257],[-74.741937,-9.51734],[-74.747303,-9.519487],[-74.750523,-9.524607],[-74.749285,-9.532908],[-74.746422,-9.538352],[-74.748055,-9.542912],[-74.744461,-9.553129],[-74.740066,-9.55979],[-74.737586,-9.569146],[-74.73517,-9.572707],[-74.740553,-9.578691],[-74.747276,-9.578691],[-74.755849,-9.584049],[-74.753903,-9.5952],[-74.756496,-9.59855],[-74.755739,-9.606545],[-74.763013,-9.604463],[-74.768464,-9.607385],[-74.772486,-9.612379],[-74.765704,-9.621877],[-74.763734,-9.626641],[-74.765787,-9.638309],[-74.771956,-9.642239],[-74.781647,-9.652962],[-74.786595,-9.664509],[-74.789772,-9.6664],[-74.797551,-9.665644],[-74.810714,-9.67474],[-74.818058,-9.671068],[-74.821883,-9.677188],[-74.821118,-9.684226],[-74.817905,-9.688816],[-74.81865,-9.693575],[-74.823926,-9.700293],[-74.828768,-9.703963],[-74.823002,-9.715198],[-74.823081,-9.725297],[-74.821271,-9.730661],[-74.816844,-9.736434],[-74.831635,-9.745631],[-74.843799,-9.749148],[-74.844744,-9.75382],[-74.839243,-9.763922],[-74.84358,-9.772649],[-74.846225,-9.785291],[-74.842523,-9.787459],[-74.831785,-9.783122],[-74.821366,-9.78492],[-74.8156,-9.795428],[-74.823032,-9.800492],[-74.82672,-9.80974],[-74.823794,-9.815912],[-74.830506,-9.821572],[-74.836239,-9.820048],[-74.835259,-9.828865],[-74.830399,-9.833808],[-74.833019,-9.837186],[-74.835003,-9.847106],[-74.841774,-9.849176],[-74.8526,-9.848357],[-74.862779,-9.842275],[-74.862003,-9.839342],[-74.874653,-9.824223],[-74.879078,-9.820465],[-74.885867,-9.820041],[-74.903392,-9.838888],[-74.951624,-9.859909],[-74.985553,-9.864064],[-74.993616,-9.839797],[-74.998869,-9.840058],[-75.002863,-9.837246],[-75.013093,-9.838104],[-75.018391,-9.835824],[-75.021735,-9.83094],[-75.035211,-9.830795],[-75.04326,-9.822853],[-75.052686,-9.82303],[-75.059881,-9.819693],[-75.065451,-9.824705],[-75.066024,-9.827803],[-75.073488,-9.831256],[-75.080135,-9.839195],[-75.094468,-9.844478],[-75.108398,-9.846254],[-75.115021,-9.844879],[-75.123023,-9.840752],[-75.135185,-9.838611],[-75.143035,-9.838607],[-75.147705,-9.840521],[-75.160125,-9.839975],[-75.182225,-9.827648],[-75.202606,-9.815369],[-75.215531,-9.804062],[-75.226837,-9.795319],[-75.240751,-9.785835],[-75.256877,-9.778581],[-75.263172,-9.780178],[-75.27978,-9.779185],[-75.288627,-9.77576],[-75.298789,-9.777736],[-75.309911,-9.776105],[-75.30307,-9.783622],[-75.29761,-9.794262],[-75.294137,-9.806413],[-75.292635,-9.816171],[-75.282617,-9.830489],[-75.279219,-9.83824],[-75.278987,-9.843581],[-75.275822,-9.849764],[-75.277,-9.855919],[-75.282711,-9.86098],[-75.288224,-9.8707],[-75.296421,-9.87061],[-75.302641,-9.873241],[-75.306092,-9.87187],[-75.317154,-9.876112],[-75.325208,-9.876909],[-75.338681,-9.874005],[-75.347395,-9.874576],[-75.359768,-9.871802],[-75.369356,-9.870833],[-75.389571,-9.874289],[-75.399596,-9.878456],[-75.411182,-9.888426],[-75.408964,-9.902826],[-75.403942,-9.90406],[-75.396623,-9.908956],[-75.395655,-9.91396],[-75.404262,-9.926031],[-75.404784,-9.930212],[-75.412121,-9.932849],[-75.414436,-9.937853],[-75.422916,-9.943566],[-75.441741,-9.936258],[-75.450803,-9.943758],[-75.453696,-9.955768],[-75.45907,-9.957585],[-75.464367,-9.965969],[-75.4681,-9.981169],[-75.4671,-9.988369],[-75.474552,-9.992175],[-75.479459,-9.985242],[-75.484522,-9.982049],[-75.509729,-9.978488],[-75.518946,-9.981662],[-75.537102,-9.979959],[-75.548379,-9.984415],[-75.56074,-9.970113],[-75.560382,-9.964136],[-75.576297,-9.958952],[-75.580542,-9.959416],[-75.596433,-9.953708],[-75.597966,-9.958111],[-75.594976,-9.966037],[-75.597537,-9.972318],[-75.594883,-9.984672],[-75.595193,-9.991112],[-75.597559,-9.995945],[-75.595295,-10.010173],[-75.599756,-10.020645],[-75.603112,-10.025475],[-75.608535,-10.023521],[-75.614723,-10.026406],[-75.629414,-10.026971],[-75.640271,-10.026406],[-75.646756,-10.027744],[-75.648391,-10.031016],[-75.664154,-10.046869],[-75.6729,-10.048059],[-75.676945,-10.056209],[-75.677658,-10.063764],[-75.68209,-10.068017],[-75.681078,-10.07233],[-75.683697,-10.084435],[-75.686283,-10.091545],[-75.689912,-10.091307],[-75.690062,-10.098949],[-75.693244,-10.104006],[-75.693035,-10.109271],[-75.689615,-10.116707],[-75.692322,-10.122744],[-75.696725,-10.123191],[-75.701066,-10.129644],[-75.700799,-10.134582],[-75.703892,-10.143178],[-75.702375,-10.147223],[-75.702939,-10.154303],[-75.705736,-10.159092],[-75.699252,-10.171732],[-75.701096,-10.178484],[-75.701719,-10.188691],[-75.70076,-10.19632],[-75.703969,-10.206691],[-75.70943,-10.21507],[-75.713039,-10.21708],[-75.7215,-10.2274],[-75.73258,-10.234191],[-75.7376,-10.232721],[-75.751359,-10.24001],[-75.759529,-10.23768],[-75.772529,-10.24682],[-75.7856,-10.25237],[-75.79528,-10.25086],[-75.80627,-10.24773],[-75.81271,-10.24409],[-75.82136,-10.24854],[-75.82626,-10.24788],[-75.83034,-10.25271],[-75.84013,-10.25827],[-75.84401,-10.26619],[-75.84414,-10.27586],[-75.84883,-10.28537],[-75.84895,-10.29075],[-75.8564,-10.30171],[-75.87068,-10.31095],[-75.87876,-10.3136],[-75.88649,-10.32092],[-75.89196,-10.32329],[-75.90366,-10.33423],[-75.90904,-10.34279],[-75.91498,-10.34922],[-75.92441,-10.35603],[-75.9263,-10.36346],[-75.93022,-10.36558],[-75.93454,-10.37498],[-75.93111,-10.39],[-75.926,-10.39872],[-75.92515,-10.40676],[-75.9286,-10.40979],[-75.93165,-10.41839],[-75.94675,-10.43365],[-75.9579,-10.4533],[-75.95848,-10.45696],[-75.968455,-10.470737],[-75.972799,-10.472576],[-75.97581,-10.479336],[-75.983564,-10.480484],[-75.986308,-10.484039],[-76.002791,-10.488891],[-76.004486,-10.479002],[-76.007303,-10.477405],[-76.007357,-10.471681],[-76.010691,-10.455401],[-76.022437,-10.461498],[-76.024324,-10.466935],[-76.028115,-10.4671],[-76.031449,-10.456299],[-76.040752,-10.454863],[-76.048875,-10.458061],[-76.050694,-10.464191],[-76.057641,-10.465152],[-76.063133,-10.459762],[-76.068967,-10.456789],[-76.072504,-10.452418],[-76.078283,-10.451988],[-76.074723,-10.439512],[-76.078829,-10.434014],[-76.086477,-10.4336],[-76.090278,-10.429339],[-76.094637,-10.429418],[-76.097102,-10.433869],[-76.104187,-10.435547],[-76.108295,-10.430514],[-76.118805,-10.426373],[-76.130486,-10.42973],[-76.133523,-10.418562],[-76.139857,-10.415311],[-76.140414,-10.410646],[-76.145175,-10.408116],[-76.151967,-10.408252],[-76.159883,-10.413172],[-76.164332,-10.414027],[-76.171949,-10.411547],[-76.179949,-10.406068],[-76.185397,-10.395463],[-76.195055,-10.392719],[-76.200402,-10.388611],[-76.206113,-10.389189],[-76.20674,-10.38486],[-76.202818,-10.377584],[-76.21399,-10.376746],[-76.223039,-10.374883],[-76.230889,-10.371791],[-76.227355,-10.386963],[-76.22633,-10.39693],[-76.231,-10.3932],[-76.23215,-10.38876],[-76.24058,-10.38651],[-76.25748,-10.37387],[-76.266483,-10.369199],[-76.271121,-10.371096],[-76.274494,-10.383408],[-76.272766,-10.389143],[-76.27833,-10.396225],[-76.275084,-10.403055],[-76.277569,-10.404826],[-76.286805,-10.416801],[-76.297631,-10.410049],[-76.30293,-10.412396],[-76.30931,-10.40562],[-76.30832,-10.39979],[-76.31272,-10.38763],[-76.31262,-10.38346],[-76.31974,-10.37178],[-76.31967,-10.36311],[-76.32341,-10.35958],[-76.32282,-10.35483],[-76.31924,-10.35036],[-76.31685,-10.34099],[-76.32197,-10.32539],[-76.33068,-10.31612],[-76.32576,-10.30553],[-76.33036,-10.30008],[-76.33579,-10.28632],[-76.34428,-10.28688],[-76.34833,-10.29294],[-76.35304,-10.29658],[-76.36466,-10.29941],[-76.37025,-10.29507],[-76.37969,-10.29267],[-76.38722,-10.28929],[-76.3923,-10.29778],[-76.40235,-10.30919],[-76.40516,-10.30876],[-76.41384,-10.31273],[-76.42294,-10.31868],[-76.434,-10.31853],[-76.44394,-10.32053],[-76.451342,-10.31555],[-76.459152,-10.31643],[-76.472551,-10.309908],[-76.483102,-10.312515],[-76.489234,-10.310775],[-76.492315,-10.313079],[-76.486214,-10.319225],[-76.483648,-10.32635],[-76.472804,-10.337768],[-76.476197,-10.342044],[-76.475991,-10.347317],[-76.480687,-10.347139],[-76.48632,-10.351859],[-76.484554,-10.358971],[-76.486468,-10.366661],[-76.491916,-10.37034],[-76.490941,-10.378896],[-76.500685,-10.379348],[-76.509841,-10.3821],[-76.516834,-10.381603],[-76.524193,-10.377357],[-76.528091,-10.384811],[-76.533733,-10.387556],[-76.541804,-10.387193],[-76.55188,-10.384644],[-76.557865,-10.393334],[-76.570574,-10.382144],[-76.575099,-10.375801],[-76.579847,-10.376394],[-76.583912,-10.384367],[-76.589587,-10.384592],[-76.59338,-10.38724],[-76.594295,-10.394648],[-76.593359,-10.401494],[-76.606321,-10.403977],[-76.620394,-10.415248],[-76.627344,-10.414621],[-76.647197,-10.415139],[-76.652664,-10.420168],[-76.658825,-10.4213],[-76.664138,-10.431494],[-76.663248,-10.437629],[-76.671824,-10.440014],[-76.67679,-10.437623],[-76.684131,-10.440855],[-76.69682,-10.442486],[-76.699013,-10.449717],[-76.697505,-10.455705],[-76.702175,-10.461542],[-76.71483,-10.462066],[-76.720314,-10.467322],[-76.725334,-10.477669],[-76.729151,-10.479066],[-76.72526,-10.48582],[-76.728152,-10.48842],[-76.728415,-10.499954],[-76.730241,-10.508403],[-76.720678,-10.520038],[-76.716872,-10.522978],[-76.715789,-10.531302],[-76.710188,-10.540741],[-76.710621,-10.551355],[-76.709371,-10.558758],[-76.704996,-10.563916],[-76.702506,-10.582875],[-76.70372,-10.588594],[-76.685862,-10.581457],[-76.685469,-10.588005],[-76.680205,-10.591076],[-76.681453,-10.599144],[-76.675373,-10.601924],[-76.672703,-10.60989],[-76.673259,-10.617256],[-76.675574,-10.621372],[-76.667088,-10.628162],[-76.661341,-10.635235],[-76.655655,-10.646782],[-76.655436,-10.650864],[-76.659324,-10.65492],[-76.659891,-10.661824],[-76.66534,-10.672052],[-76.670774,-10.675772],[-76.669058,-10.680669],[-76.659381,-10.688253],[-76.658193,-10.698926],[-76.653342,-10.707693],[-76.654475,-10.712954],[-76.649018,-10.720725],[-76.648298,-10.728164],[-76.645045,-10.738677],[-76.641906,-10.742259],[-76.640462,-10.748643],[-76.634217,-10.752493],[-76.630388,-10.759346],[-76.626991,-10.769329],[-76.630373,-10.775333],[-76.629953,-10.781675],[-76.633486,-10.784528],[-76.62556,-10.792004],[-76.627222,-10.797094],[-76.623185,-10.802363],[-76.620262,-10.811691],[-76.614132,-10.816996],[-76.607394,-10.814562],[-76.601577,-10.815868],[-76.592939,-10.832609],[-76.589259,-10.836705],[-76.586193,-10.851798],[-76.580583,-10.866906],[-76.581178,-10.872602],[-76.578297,-10.902509],[-76.575418,-10.906101],[-76.575745,-10.91361],[-76.571693,-10.91777],[-76.571637,-10.922753],[-76.568365,-10.934813],[-76.569051,-10.950898],[-76.56722,-10.954182],[-76.565077,-10.966179],[-76.57376,-10.975264],[-76.575229,-10.98088],[-76.579168,-10.981383],[-76.581387,-10.988314],[-76.577947,-10.994028],[-76.580274,-11.003832],[-76.580162,-11.010842],[-76.576949,-11.016527],[-76.569252,-11.013484],[-76.563522,-11.022896],[-76.556396,-11.022853],[-76.547379,-11.028813],[-76.543441,-11.029478],[-76.531303,-11.036064],[-76.527084,-11.046672],[-76.526512,-11.051543],[-76.520904,-11.057697],[-76.51468,-11.068713],[-76.509002,-11.075404],[-76.500209,-11.082366],[-76.497574,-11.086111],[-76.491213,-11.089441],[-76.477523,-11.0831],[-76.464575,-11.084729],[-76.460342,-11.083275],[-76.458242,-11.078469],[-76.45192,-11.079807],[-76.446807,-11.071247],[-76.438902,-11.075775],[-76.435455,-11.079533],[-76.425904,-11.075637],[-76.420982,-11.077125],[-76.413375,-11.075822],[-76.397217,-11.075762],[-76.39235,-11.070422],[-76.382865,-11.074897],[-76.383571,-11.080258],[-76.359306,-11.087545],[-76.350959,-11.094193],[-76.34533,-11.090789],[-76.341393,-11.084678],[-76.337799,-11.08274],[-76.331902,-11.083598],[-76.31807,-11.091643],[-76.319732,-11.09668],[-76.317879,-11.110422],[-76.3079,-11.132664],[-76.29371,-11.13361],[-76.28856,-11.13783],[-76.28025,-11.13817],[-76.27126,-11.14269],[-76.26294,-11.1496],[-76.25745,-11.15178],[-76.25218,-11.15052],[-76.2449,-11.14298],[-76.23274,-11.15045],[-76.22778,-11.1556],[-76.21521,-11.14842],[-76.21863,-11.14345],[-76.2189,-11.13904],[-76.2237,-11.13651],[-76.22629,-11.12845],[-76.23859,-11.11535],[-76.24309,-11.11531],[-76.24938,-11.10729],[-76.25125,-11.09538],[-76.248328,-11.082492],[-76.24414,-11.07658],[-76.24364,-11.06847],[-76.24117,-11.06112],[-76.2417,-11.05241],[-76.24406,-11.04678],[-76.243469,-11.041311],[-76.25109,-11.03997],[-76.251377,-11.031925],[-76.256967,-11.030413],[-76.259573,-11.025917],[-76.253443,-11.022325],[-76.259951,-11.015006],[-76.256306,-11.011415],[-76.259816,-11.005744],[-76.25771,-10.999492],[-76.263584,-10.998817],[-76.266895,-10.984582],[-76.265816,-10.98071],[-76.272948,-10.971019],[-76.26784,-10.96431],[-76.266003,-10.958016],[-76.273408,-10.950264],[-76.27672,-10.950351],[-76.278282,-10.942483],[-76.276185,-10.932764],[-76.278859,-10.923451],[-76.279818,-10.913131],[-76.27042,-10.916551],[-76.265805,-10.920168],[-76.258924,-10.920062],[-76.24908,-10.924551],[-76.245025,-10.922072],[-76.229465,-10.915869],[-76.223678,-10.915014],[-76.217334,-10.918305],[-76.209797,-10.918967],[-76.20831,-10.929336],[-76.212795,-10.93175],[-76.207846,-10.936715],[-76.207426,-10.94349],[-76.200932,-10.944121],[-76.198305,-10.950967],[-76.190904,-10.96031],[-76.181059,-10.958439],[-76.176965,-10.954957],[-76.171523,-10.953521],[-76.168748,-10.948478],[-76.1589,-10.95018],[-76.148754,-10.948391],[-76.144025,-10.946184],[-76.140699,-10.949967],[-76.136146,-10.946521],[-76.132553,-10.946951],[-76.12709,-10.951943],[-76.122262,-10.952648],[-76.120189,-10.956363],[-76.12293,-10.96264],[-76.11619,-10.95063],[-76.11001,-10.94672],[-76.10915,-10.93894],[-76.09896,-10.93031],[-76.09653,-10.92252],[-76.09203,-10.9135],[-76.09134,-10.90656],[-76.07967,-10.89378],[-76.07321,-10.89166],[-76.06808,-10.88662],[-76.05721,-10.88311],[-76.05079,-10.88349],[-76.04448,-10.87952],[-76.04244,-10.8732],[-76.02937,-10.85783],[-76.02568,-10.85604],[-76.015031,-10.842677],[-76.008803,-10.8387],[-76.008142,-10.830354],[-75.999098,-10.825738],[-75.992672,-10.820985],[-75.978877,-10.832147],[-75.970191,-10.843228],[-75.961628,-10.84396],[-75.958324,-10.849055],[-75.955732,-10.858778],[-75.95109,-10.863848],[-75.937146,-10.871508],[-75.938627,-10.879855],[-75.935924,-10.889723],[-75.930585,-10.883385],[-75.922752,-10.883146],[-75.919148,-10.880066],[-75.917109,-10.874437],[-75.896975,-10.868837],[-75.892323,-10.870258],[-75.882873,-10.869901],[-75.874049,-10.867682],[-75.869597,-10.874882],[-75.865259,-10.876541],[-75.858259,-10.867857],[-75.851518,-10.873263],[-75.849794,-10.880425],[-75.838381,-10.886299],[-75.834601,-10.884586],[-75.830614,-10.876583],[-75.825192,-10.874008],[-75.815997,-10.872876],[-75.814475,-10.869085],[-75.817961,-10.862374],[-75.818321,-10.854048],[-75.815447,-10.846982],[-75.806979,-10.839076],[-75.78989,-10.82662],[-75.78599,-10.82456],[-75.77269,-10.82593],[-75.76267,-10.83021],[-75.75624,-10.82929],[-75.75068,-10.82539],[-75.74311,-10.82254],[-75.73515,-10.81434],[-75.732372,-10.809192],[-75.719524,-10.809355],[-75.712719,-10.814237],[-75.701243,-10.817076],[-75.693253,-10.817219],[-75.688528,-10.827316],[-75.69342,-10.834199],[-75.690012,-10.836995],[-75.67855,-10.84018],[-75.67235,-10.83634],[-75.6661,-10.82858],[-75.64977,-10.82338],[-75.640851,-10.826786],[-75.615149,-10.822463],[-75.609083,-10.82364],[-75.605596,-10.821885],[-75.601471,-10.813932],[-75.597142,-10.811722],[-75.589667,-10.810898],[-75.589179,-10.805825],[-75.584096,-10.801567],[-75.581839,-10.792784],[-75.576514,-10.781023],[-75.576351,-10.773327],[-75.574315,-10.770372],[-75.5759,-10.759904],[-75.57382,-10.746991],[-75.568268,-10.733191],[-75.56385,-10.72977],[-75.55692,-10.74407],[-75.55006,-10.74571],[-75.54364,-10.74101],[-75.53116,-10.74363],[-75.52955,-10.74861],[-75.52308,-10.75367],[-75.51735,-10.75394],[-75.51402,-10.75646],[-75.50969,-10.75401],[-75.50372,-10.7579],[-75.49833,-10.75867],[-75.49508,-10.75507],[-75.49025,-10.75683],[-75.48609,-10.76434],[-75.48293,-10.7655],[-75.48182,-10.77866],[-75.47789,-10.78096],[-75.46971,-10.7762],[-75.46871,-10.76846],[-75.46385,-10.75893],[-75.46323,-10.75062],[-75.44599,-10.75141],[-75.43906,-10.74804],[-75.43337,-10.74928],[-75.42392,-10.75484],[-75.4135,-10.75082],[-75.40656,-10.75291],[-75.395025,-10.759018],[-75.39647,-10.76906],[-75.39502,-10.775],[-75.39135,-10.78127],[-75.39178,-10.78644],[-75.38689,-10.80029],[-75.39169,-10.82817],[-75.39076,-10.83226],[-75.398527,-10.840146],[-75.401682,-10.845067],[-75.409567,-10.84595],[-75.407884,-10.858741],[-75.398048,-10.853307],[-75.395264,-10.853744],[-75.391302,-10.860623],[-75.386927,-10.864937],[-75.381439,-10.861709],[-75.378971,-10.856117],[-75.36793,-10.850153],[-75.362738,-10.850112],[-75.360386,-10.843064],[-75.356483,-10.836797],[-75.355264,-10.820267],[-75.361886,-10.819174],[-75.3534,-10.80411],[-75.34542,-10.79949],[-75.33879,-10.80066],[-75.330137,-10.812468],[-75.326466,-10.819364],[-75.313546,-10.827274],[-75.310473,-10.827749],[-75.307946,-10.834829],[-75.304275,-10.838236],[-75.2946,-10.83996],[-75.291294,-10.838196],[-75.28751,-10.84163],[-75.28308,-10.84103],[-75.27914,-10.836],[-75.27049,-10.82951],[-75.2663,-10.82954],[-75.26236,-10.82529],[-75.26062,-10.8166],[-75.25752,-10.80991],[-75.24979,-10.80537],[-75.24304,-10.7864],[-75.24454,-10.77313],[-75.24419,-10.76416],[-75.23779,-10.76072],[-75.22973,-10.75943],[-75.220518,-10.763821],[-75.210887,-10.765573],[-75.204184,-10.764676],[-75.189949,-10.780402],[-75.174699,-10.745437],[-75.15729,-10.76008],[-75.14933,-10.7517],[-75.14654,-10.74494],[-75.14233,-10.74125],[-75.133211,-10.741051],[-75.12701,-10.738233],[-75.115992,-10.72682],[-75.10964,-10.723993],[-75.097734,-10.708399],[-75.095923,-10.700046],[-75.092835,-10.698315],[-75.087827,-10.688684],[-75.088447,-10.683537],[-75.079737,-10.683267],[-75.071623,-10.67785],[-75.074316,-10.66581],[-75.071707,-10.659893],[-75.065073,-10.652894],[-75.054441,-10.657078],[-75.049159,-10.663622],[-75.039213,-10.672783],[-75.038506,-10.679513],[-75.035639,-10.682318],[-75.025052,-10.680468],[-75.020701,-10.673694],[-75.012537,-10.678808],[-75.007312,-10.687391],[-75.008171,-10.693425],[-75.006413,-10.698928],[-75.008783,-10.710623],[-75.005496,-10.720331],[-74.995332,-10.725604],[-74.986507,-10.735512],[-74.987837,-10.743802],[-74.982818,-10.749787],[-74.979258,-10.746919],[-74.96063,-10.738998],[-74.956482,-10.732824],[-74.949247,-10.74071],[-74.94475,-10.741557],[-74.939316,-10.748844],[-74.922116,-10.752277],[-74.917356,-10.754567],[-74.914521,-10.748298],[-74.903055,-10.757419],[-74.893308,-10.769166],[-74.885239,-10.770598],[-74.882025,-10.763928],[-74.870788,-10.762482],[-74.865936,-10.758972],[-74.868674,-10.750494],[-74.870681,-10.739053],[-74.873736,-10.735434],[-74.876225,-10.72732],[-74.880621,-10.71982],[-74.887022,-10.712449],[-74.886775,-10.705772],[-74.882318,-10.701854],[-74.869714,-10.707674],[-74.865785,-10.714256],[-74.858909,-10.722204],[-74.856107,-10.727847],[-74.851135,-10.73297],[-74.842823,-10.7526],[-74.836497,-10.7713],[-74.831311,-10.780536],[-74.805743,-10.817172],[-74.79838,-10.82331],[-74.794827,-10.829872],[-74.791803,-10.831158],[-74.776126,-10.826647],[-74.768159,-10.830481],[-74.760363,-10.825142],[-74.744919,-10.832483],[-74.740606,-10.836176],[-74.736762,-10.833599],[-74.731705,-10.834929],[-74.727989,-10.841778],[-74.722125,-10.847876],[-74.707947,-10.858165],[-74.704853,-10.867516],[-74.700409,-10.872467],[-74.701032,-10.876208],[-74.694914,-10.884916],[-74.681347,-10.889157],[-74.678093,-10.883652],[-74.679181,-10.879071],[-74.665746,-10.87291],[-74.657812,-10.873957],[-74.649298,-10.867071],[-74.640183,-10.869121],[-74.634165,-10.873556],[-74.633547,-10.884113],[-74.630282,-10.888944],[-74.623535,-10.890903],[-74.620966,-10.896702],[-74.614102,-10.904625],[-74.603468,-10.909098],[-74.594806,-10.911493],[-74.588174,-10.910386],[-74.571068,-10.915841],[-74.56996,-10.915208],[-74.569232,-10.904036],[-74.565719,-10.904605],[-74.559738,-10.898529],[-74.549783,-10.89157],[-74.543303,-10.891257],[-74.538412,-10.896275],[-74.515872,-10.89606],[-74.506712,-10.899515],[-74.503218,-10.894179],[-74.495024,-10.893099],[-74.486194,-10.887445],[-74.485431,-10.88014],[-74.488544,-10.871755],[-74.485431,-10.860066],[-74.485558,-10.855365],[-74.49172,-10.848758],[-74.491928,-10.84461],[-74.488467,-10.840291],[-74.48007,-10.835094],[-74.466587,-10.836344],[-74.458319,-10.828267],[-74.442416,-10.818932],[-74.435783,-10.816999],[-74.429575,-10.812693],[-74.420135,-10.816104],[-74.415825,-10.813512],[-74.406631,-10.813341],[-74.400515,-10.811476],[-74.389554,-10.814254],[-74.385681,-10.811767],[-74.381682,-10.801551],[-74.375664,-10.792703],[-74.374519,-10.784896],[-74.382915,-10.773512],[-74.385459,-10.759725],[-74.383325,-10.756525],[-74.3839,-10.74748],[-74.372247,-10.753488],[-74.368143,-10.751847],[-74.35971,-10.759412],[-74.356588,-10.753904],[-74.349262,-10.753694],[-74.349338,-10.745562],[-74.337021,-10.733857],[-74.331629,-10.730978],[-74.321232,-10.728649],[-74.316443,-10.725931],[-74.318527,-10.718718],[-74.313798,-10.713647],[-74.31097,-10.714914],[-74.288286,-10.685375],[-74.28628,-10.680327],[-74.286881,-10.670412],[-74.271052,-10.678855],[-74.25892,-10.680432],[-74.259928,-10.669351],[-74.252809,-10.65948],[-74.245738,-10.654504],[-74.24092,-10.655424],[-74.229351,-10.65332],[-74.229665,-10.634598],[-74.221717,-10.632986],[-74.215461,-10.635239],[-74.206032,-10.630744],[-74.201702,-10.631143],[-74.197631,-10.637451],[-74.192755,-10.639176],[-74.183173,-10.636602],[-74.169243,-10.637114],[-74.159856,-10.640591],[-74.157775,-10.648528],[-74.140454,-10.656766],[-74.141673,-10.66225],[-74.138618,-10.670733],[-74.132,-10.660948],[-74.130981,-10.654742],[-74.133876,-10.647356],[-74.134548,-10.637699],[-74.139402,-10.625197],[-74.139246,-10.613193],[-74.137807,-10.608866],[-74.132673,-10.604911],[-74.134104,-10.599108],[-74.139453,-10.590081],[-74.141498,-10.583368],[-74.147492,-10.574799],[-74.150931,-10.572084],[-74.155634,-10.560729],[-74.156917,-10.549197],[-74.16217,-10.539366],[-74.169204,-10.531629],[-74.174148,-10.519982],[-74.18235,-10.503331],[-74.177527,-10.499483],[-74.177473,-10.492059],[-74.181394,-10.485161],[-74.189587,-10.481975],[-74.192754,-10.473906],[-74.215253,-10.453273],[-74.22328,-10.45221],[-74.225698,-10.450073],[-74.226893,-10.443053],[-74.239291,-10.441186],[-74.240934,-10.435584],[-74.245116,-10.431103],[-74.244892,-10.422888],[-74.252884,-10.417137],[-74.250494,-10.412282],[-74.244241,-10.410446],[-74.246834,-10.405934],[-74.245266,-10.396],[-74.242203,-10.388905],[-74.242005,-10.383165],[-74.248178,-10.382333],[-74.254004,-10.377329],[-74.2549,-10.372847],[-74.259456,-10.365005],[-74.262742,-10.363661],[-74.253258,-10.34074],[-74.247797,-10.331996],[-74.238829,-10.326645],[-74.236864,-10.320094],[-74.241349,-10.315709],[-74.250168,-10.314449],[-74.252548,-10.307382],[-74.246088,-10.29718],[-74.24234,-10.295332],[-74.234371,-10.295435],[-74.227158,-10.27733],[-74.228369,-10.265667],[-74.223964,-10.256199],[-74.229136,-10.251143],[-74.225977,-10.243236],[-74.226395,-10.230498],[-74.234649,-10.22001],[-74.233758,-10.21169],[-74.230226,-10.206977],[-74.227336,-10.198752],[-74.228006,-10.192969],[-74.231661,-10.185052],[-74.238764,-10.182341],[-74.24325,-10.177466],[-74.25615,-10.174729],[-74.2613,-10.176006],[-74.266845,-10.171693],[-74.273791,-10.172757],[-74.285219,-10.171805],[-74.303698,-10.163861],[-74.30645,-10.156544],[-74.306729,-10.138867],[-74.309641,-10.137243],[-74.308689,-10.130969],[-74.312995,-10.124816],[-74.315019,-10.113156],[-74.325373,-10.1118],[-74.331274,-10.108546],[-74.33963,-10.112471],[-74.347447,-10.114249],[-74.355649,-10.118766],[-74.366967,-10.112896],[-74.37709,-10.099874],[-74.378463,-10.091273],[-74.378868,-10.076863],[-74.377723,-10.073564],[-74.385332,-10.064473],[-74.389899,-10.051349],[-74.404322,-10.050601],[-74.411751,-10.041139],[-74.41468,-10.02961],[-74.418319,-10.024817],[-74.414029,-10.02057],[-74.414244,-10.012772],[-74.412398,-10.00824],[-74.416848,-9.996837],[-74.424035,-9.989443],[-74.424276,-9.984156],[-74.421823,-9.980839],[-74.418968,-9.970482],[-74.415859,-9.967416],[-74.41141,-9.958174],[-74.415081,-9.950443],[-74.415556,-9.945174],[-74.411474,-9.936159],[-74.416646,-9.930824],[-74.412648,-9.922513],[-74.411026,-9.915704],[-74.414552,-9.902112],[-74.427939,-9.887883],[-74.431436,-9.882525],[-74.433102,-9.876059],[-74.43757,-9.872382],[-74.444814,-9.872207],[-74.450203,-9.870226],[-74.453331,-9.862756],[-74.450475,-9.85499],[-74.450423,-9.822982],[-74.448339,-9.81621],[-74.451148,-9.810668],[-74.448807,-9.797431],[-74.44724,-9.77715],[-74.450012,-9.772111],[-74.455114,-9.750896],[-74.455361,-9.745982],[-74.46413,-9.737674],[-74.465479,-9.734333],[-74.47409,-9.730124],[-74.477431,-9.7201],[-74.478036,-9.714239],[-74.482764,-9.703394],[-74.48555,-9.702223],[-74.484199,-9.694955],[-74.49014,-9.685196],[-74.489099,-9.676492],[-74.492296,-9.673523],[-74.49183,-9.661977],[-74.49445,-9.657599],[-74.489654,-9.653268],[-74.494031,-9.648099],[-74.493333,-9.644793],[-74.497291,-9.637598],[-74.493752,-9.633826],[-74.494079,-9.628005],[-74.490726,-9.618784],[-74.493893,-9.61612],[-74.495424,-9.60374],[-74.492488,-9.595343],[-74.503144,-9.592522],[-74.510811,-9.5941],[-74.516513,-9.591877],[-74.52112,-9.592908],[-74.531654,-9.592103],[-74.536454,-9.585692],[-74.541286,-9.585724],[-74.55693,-9.577147],[-74.568234,-9.576399],[-74.572998,-9.57453],[-74.575561,-9.570486],[-74.573239,-9.550892],[-74.574447,-9.545778],[-74.582381,-9.533739],[-74.581615,-9.527013],[-74.586125,-9.518556],[-74.593172,-9.509617],[-74.591521,-9.503066],[-74.583178,-9.498439],[-74.578217,-9.482169],[-74.581092,-9.476602],[-74.594778,-9.474797],[-74.608313,-9.47209],[-74.62245,-9.461112],[-74.634481,-9.459758],[-74.663957,-9.454344],[-74.673203,-9.449793],[-74.675961,-9.446914]]]},"properties":{"province":"Pasco"}},{"type":"Feature","geometry":{"type":"Polygon","coordinates":[[[-79.209874,-4.965507],[-79.211652,-4.967175],[-79.224246,-4.964062],[-79.238754,-4.966959],[-79.263039,-4.96866],[-79.269582,-4.961305],[-79.273773,-4.95124],[-79.278271,-4.944115],[-79.28417,-4.940162],[-79.294111,-4.927355],[-79.295426,-4.922717],[-79.302609,-4.911191],[-79.301002,-4.905037],[-79.308838,-4.897019],[-79.315451,-4.894871],[-79.320701,-4.886853],[-79.324119,-4.88474],[-79.330928,-4.884521],[-79.336268,-4.886686],[-79.343428,-4.886225],[-79.350057,-4.881154],[-79.352418,-4.873801],[-79.357592,-4.863631],[-79.359064,-4.849967],[-79.365303,-4.83633],[-79.37273,-4.83265],[-79.383863,-4.832865],[-79.388178,-4.834387],[-79.3925,-4.831641],[-79.40799,-4.794617],[-79.412312,-4.782303],[-79.416635,-4.773275],[-79.424973,-4.752277],[-79.43176,-4.73776],[-79.437221,-4.72958],[-79.44858,-4.717019],[-79.457641,-4.699381],[-79.45698,-4.69307],[-79.458971,-4.68732],[-79.45941,-4.67825],[-79.461359,-4.672449],[-79.460699,-4.667719],[-79.464119,-4.65707],[-79.464461,-4.650461],[-79.47065,-4.641039],[-79.481859,-4.63048],[-79.48825,-4.62599],[-79.489789,-4.5994],[-79.491619,-4.589221],[-79.495211,-4.579898],[-79.486189,-4.57418],[-79.479391,-4.57285],[-79.4786,-4.56424],[-79.48392,-4.55057],[-79.48549,-4.538471],[-79.49043,-4.52815],[-79.497939,-4.521228],[-79.50498,-4.51867],[-79.514828,-4.518391],[-79.517699,-4.52199],[-79.528529,-4.52751],[-79.531961,-4.525789],[-79.53958,-4.526881],[-79.54385,-4.52573],[-79.54518,-4.520211],[-79.552529,-4.513961],[-79.556711,-4.512631],[-79.563391,-4.514269],[-79.56351,-4.509449],[-79.568539,-4.508131],[-79.569381,-4.50123],[-79.577551,-4.50057],[-79.581961,-4.491631],[-79.580951,-4.48666],[-79.587881,-4.481689],[-79.59291,-4.47391],[-79.593539,-4.468949],[-79.59832,-4.467309],[-79.597891,-4.461289],[-79.60218,-4.45592],[-79.60891,-4.45718],[-79.61567,-4.44974],[-79.61756,-4.445519],[-79.628141,-4.439109],[-79.640801,-4.43767],[-79.643779,-4.43342],[-79.647949,-4.435369],[-79.655459,-4.43416],[-79.66151,-4.44101],[-79.669221,-4.443289],[-79.674711,-4.448609],[-79.682252,-4.447881],[-79.688779,-4.45433],[-79.69343,-4.461019],[-79.70174,-4.46543],[-79.70876,-4.471492],[-79.715189,-4.47125],[-79.72001,-4.46901],[-79.72618,-4.469949],[-79.748881,-4.482971],[-79.75467,-4.48291],[-79.76415,-4.487539],[-79.772883,-4.487154],[-79.784242,-4.491311],[-79.793885,-4.492982],[-79.800432,-4.488543],[-79.813018,-4.491102],[-79.825508,-4.478477],[-79.829344,-4.47634],[-79.832553,-4.470904],[-79.839844,-4.467603],[-79.846963,-4.456043],[-79.853004,-4.451312],[-79.854514,-4.447605],[-79.854055,-4.434467],[-79.863242,-4.424535],[-79.864322,-4.419232],[-79.87135,-4.412982],[-79.882221,-4.410424],[-79.89182,-4.401519],[-79.900369,-4.398461],[-79.903578,-4.394096],[-79.909389,-4.392654],[-79.912533,-4.389352],[-79.920699,-4.385609],[-79.92383,-4.389658],[-79.930883,-4.394338],[-79.938109,-4.396561],[-79.949189,-4.394859],[-79.9515,-4.39083],[-79.959922,-4.394984],[-79.971562,-4.3874],[-79.978779,-4.379211],[-79.991769,-4.379961],[-79.99624,-4.375311],[-80.000373,-4.374353],[-80.008189,-4.368969],[-80.014094,-4.356877],[-80.01865,-4.356228],[-80.030275,-4.348266],[-80.0345,-4.348746],[-80.039074,-4.34215],[-80.040219,-4.335873],[-80.051047,-4.330791],[-80.055039,-4.326273],[-80.054674,-4.321707],[-80.059133,-4.318184],[-80.061476,-4.310221],[-80.071977,-4.309228],[-80.083467,-4.301846],[-80.091445,-4.30092],[-80.096994,-4.294004],[-80.10424,-4.290957],[-80.108332,-4.292851],[-80.108002,-4.298039],[-80.117254,-4.294471],[-80.128207,-4.294553],[-80.134961,-4.296283],[-80.138256,-4.293619],[-80.134082,-4.289557],[-80.135758,-4.285326],[-80.141797,-4.285631],[-80.152541,-4.298367],[-80.153986,-4.303269],[-80.165812,-4.300703],[-80.164785,-4.289902],[-80.170348,-4.289221],[-80.174172,-4.295543],[-80.179164,-4.297508],[-80.178705,-4.303777],[-80.182225,-4.310211],[-80.182641,-4.314992],[-80.186588,-4.324178],[-80.184768,-4.330152],[-80.187203,-4.335559],[-80.191053,-4.334795],[-80.205478,-4.338672],[-80.194861,-4.346361],[-80.196371,-4.350574],[-80.202119,-4.348404],[-80.208076,-4.351547],[-80.211353,-4.35925],[-80.214863,-4.353957],[-80.219014,-4.355318],[-80.217098,-4.364144],[-80.221908,-4.368061],[-80.219695,-4.376355],[-80.225184,-4.379338],[-80.227836,-4.373225],[-80.232236,-4.373799],[-80.232236,-4.378596],[-80.235406,-4.387494],[-80.246695,-4.390693],[-80.247965,-4.399103],[-80.250082,-4.401885],[-80.258031,-4.401809],[-80.262055,-4.410434],[-80.266715,-4.410937],[-80.274127,-4.404178],[-80.277084,-4.4041],[-80.284113,-4.410783],[-80.290779,-4.421768],[-80.295646,-4.424769],[-80.290019,-4.434639],[-80.293541,-4.438283],[-80.302314,-4.440098],[-80.303965,-4.44515],[-80.308475,-4.44899],[-80.318496,-4.451322],[-80.32881,-4.461955],[-80.335873,-4.467396],[-80.342785,-4.468349],[-80.351648,-4.472715],[-80.35523,-4.472652],[-80.361891,-4.480084],[-80.371623,-4.47943],[-80.379871,-4.476699],[-80.384201,-4.482756],[-80.389543,-4.486111],[-80.39718,-4.480984],[-80.39607,-4.476561],[-80.40216,-4.470033],[-80.406609,-4.469115],[-80.411137,-4.464172],[-80.419607,-4.460664],[-80.435203,-4.456127],[-80.438793,-4.456439],[-80.444383,-4.446428],[-80.449102,-4.447187],[-80.445877,-4.439549],[-80.45009,-4.435904],[-80.448896,-4.432519],[-80.45151,-4.42698],[-80.449053,-4.419375],[-80.453533,-4.406975],[-80.44765,-4.402842],[-80.452318,-4.397289],[-80.450623,-4.394037],[-80.453777,-4.385615],[-80.452486,-4.380828],[-80.445477,-4.371258],[-80.444144,-4.365988],[-80.435398,-4.361646],[-80.429627,-4.351371],[-80.429928,-4.34283],[-80.426725,-4.336584],[-80.404994,-4.310068],[-80.398385,-4.303777],[-80.387018,-4.295672],[-80.385098,-4.291734],[-80.379982,-4.291394],[-80.367176,-4.282051],[-80.36725,-4.269949],[-80.35251,-4.258721],[-80.35235,-4.252881],[-80.34257,-4.24307],[-80.32883,-4.223133],[-80.323369,-4.21732],[-80.316801,-4.2136],[-80.30958,-4.205619],[-80.313193,-4.198254],[-80.318482,-4.205269],[-80.323898,-4.208619],[-80.329371,-4.214578],[-80.335769,-4.212686],[-80.339379,-4.208535],[-80.346416,-4.212633],[-80.346943,-4.21767],[-80.35268,-4.220701],[-80.364769,-4.206572],[-80.365111,-4.200186],[-80.371289,-4.197555],[-80.378234,-4.204852],[-80.382301,-4.207252],[-80.388301,-4.202478],[-80.409277,-4.218535],[-80.416291,-4.21101],[-80.418896,-4.20335],[-80.42856,-4.197246],[-80.434273,-4.195937],[-80.444644,-4.203844],[-80.449312,-4.209336],[-80.448803,-4.154027],[-80.44932,-4.12525],[-80.456461,-4.124381],[-80.46493,-4.129369],[-80.467377,-4.127293],[-80.46343,-4.120291],[-80.463846,-4.115801],[-80.469422,-4.108547],[-80.475012,-4.103838],[-80.477318,-4.096689],[-80.481574,-4.094301],[-80.481336,-4.08867],[-80.487332,-4.083129],[-80.510939,-4.093576],[-80.517195,-4.098035],[-80.524346,-4.107414],[-80.52709,-4.115039],[-80.52642,-4.120359],[-80.53299,-4.121699],[-80.535551,-4.128539],[-80.538939,-4.13267],[-80.540471,-4.14048],[-80.546051,-4.1421],[-80.54556,-4.146211],[-80.55198,-4.1579],[-80.55898,-4.16108],[-80.55767,-4.168199],[-80.562381,-4.167617],[-80.56083,-4.174701],[-80.572449,-4.18117],[-80.573439,-4.18748],[-80.58723,-4.19951],[-80.59067,-4.206971],[-80.58982,-4.214119],[-80.601211,-4.21317],[-80.60873,-4.21707],[-80.61133,-4.225391],[-80.623221,-4.231779],[-80.63266,-4.228039],[-80.64523,-4.229561],[-80.649769,-4.224881],[-80.655519,-4.22266],[-80.65992,-4.217869],[-80.666449,-4.215061],[-80.672539,-4.21048],[-80.680369,-4.200777],[-80.689019,-4.1966],[-80.6949,-4.19009],[-80.70032,-4.187801],[-80.7091,-4.189061],[-80.71457,-4.193449],[-80.71865,-4.19425],[-80.728211,-4.186689],[-80.72801,-4.182971],[-80.733381,-4.178891],[-80.742211,-4.181779],[-80.74874,-4.1774],[-80.75399,-4.17982],[-80.75983,-4.1789],[-80.76301,-4.17491],[-80.770461,-4.174221],[-80.780381,-4.17573],[-80.79015,-4.18024],[-80.799437,-4.178627],[-80.803307,-4.175967],[-80.813404,-4.179902],[-80.824016,-4.185619],[-80.829861,-4.185717],[-80.839441,-4.189516],[-80.846765,-4.188623],[-80.850531,-4.19099],[-80.865703,-4.188879],[-80.869885,-4.191875],[-80.882822,-4.192801],[-80.888898,-4.186613],[-80.897373,-4.184373],[-80.900773,-4.179418],[-80.915975,-4.174986],[-80.920053,-4.17068],[-80.928314,-4.169025],[-80.931539,-4.176727],[-80.938242,-4.177098],[-80.94275,-4.168996],[-80.945287,-4.168598],[-80.954728,-4.173447],[-80.960592,-4.174271],[-80.967562,-4.172598],[-80.970777,-4.166912],[-80.96643,-4.161174],[-80.961887,-4.150488],[-80.962264,-4.146678],[-80.967975,-4.140947],[-80.967355,-4.137373],[-80.971322,-4.127117],[-80.978889,-4.12676],[-80.987777,-4.117133],[-80.993494,-4.117621],[-81.000652,-4.111203],[-81.011971,-4.114234],[-81.019922,-4.112158],[-81.022885,-4.107396],[-81.028883,-4.105217],[-81.031721,-4.100125],[-81.038115,-4.093482],[-81.041418,-4.087547],[-81.052562,-4.105064],[-81.060627,-4.105869],[-81.067385,-4.110746],[-81.075711,-4.111352],[-81.089144,-4.11893],[-81.100615,-4.128936],[-81.115187,-4.153531],[-81.117711,-4.159113],[-81.126543,-4.173025],[-81.137258,-4.179764],[-81.142185,-4.177918],[-81.147639,-4.18091],[-81.152334,-4.188662],[-81.168584,-4.210463],[-81.176723,-4.217127],[-81.186131,-4.21858],[-81.190674,-4.223031],[-81.204012,-4.228103],[-81.210068,-4.233449],[-81.216225,-4.243045],[-81.221689,-4.247332],[-81.234332,-4.250902],[-81.237053,-4.250676],[-81.246148,-4.263166],[-81.24918,-4.270574],[-81.252551,-4.273404],[-81.25449,-4.27941],[-81.256271,-4.297838],[-81.259518,-4.303881],[-81.260656,-4.310891],[-81.25309,-4.327521],[-81.250922,-4.337664],[-81.249279,-4.354816],[-81.251102,-4.360725],[-81.25041,-4.370857],[-81.252502,-4.373],[-81.252273,-4.392687],[-81.255287,-4.402627],[-81.260986,-4.407105],[-81.260936,-4.413988],[-81.264695,-4.421857],[-81.264787,-4.428236],[-81.267143,-4.434068],[-81.272877,-4.441656],[-81.273445,-4.445783],[-81.282166,-4.45441],[-81.29008,-4.452787],[-81.300361,-4.464969],[-81.298387,-4.472342],[-81.301582,-4.474603],[-81.303613,-4.48325],[-81.301598,-4.491186],[-81.297912,-4.496172],[-81.289789,-4.513309],[-81.282447,-4.525189],[-81.280285,-4.533514],[-81.283107,-4.533957],[-81.278406,-4.546568],[-81.280455,-4.550559],[-81.275656,-4.565016],[-81.274801,-4.572227],[-81.279689,-4.57616],[-81.286189,-4.575416],[-81.286986,-4.586207],[-81.292932,-4.594529],[-81.295324,-4.603881],[-81.294727,-4.617225],[-81.298074,-4.624082],[-81.300449,-4.636131],[-81.303697,-4.64125],[-81.309648,-4.661818],[-81.315773,-4.667994],[-81.319564,-4.669602],[-81.326996,-4.668867],[-81.32592,-4.675779],[-81.328103,-4.681885],[-81.315074,-4.698809],[-81.30433,-4.711162],[-81.28518,-4.73165],[-81.242121,-4.781586],[-81.215789,-4.810408],[-81.19115,-4.839064],[-81.176625,-4.855363],[-81.163715,-4.873441],[-81.154816,-4.884291],[-81.142166,-4.907635],[-81.135434,-4.915777],[-81.119646,-4.930789],[-81.097742,-4.953473],[-81.086416,-4.967334],[-81.080525,-4.97723],[-81.066736,-5.005348],[-81.062408,-5.020623],[-81.060219,-5.039283],[-81.062537,-5.050266],[-81.066508,-5.05251],[-81.070324,-5.062125],[-81.075377,-5.069725],[-81.081422,-5.071795],[-81.086756,-5.079574],[-81.09067,-5.081738],[-81.102057,-5.080984],[-81.10931,-5.084863],[-81.117106,-5.082057],[-81.12332,-5.072549],[-81.127875,-5.069834],[-81.133162,-5.070277],[-81.141932,-5.077123],[-81.149295,-5.079318],[-81.159977,-5.072748],[-81.163441,-5.078537],[-81.168963,-5.083375],[-81.171356,-5.088324],[-81.167359,-5.091799],[-81.160283,-5.111269],[-81.160467,-5.123408],[-81.16357,-5.127561],[-81.169797,-5.131838],[-81.179019,-5.13217],[-81.176187,-5.141887],[-81.171687,-5.14623],[-81.167602,-5.156408],[-81.167361,-5.167121],[-81.170125,-5.176691],[-81.173574,-5.184135],[-81.184975,-5.19383],[-81.188998,-5.194037],[-81.190055,-5.200377],[-81.193576,-5.205262],[-81.194553,-5.212119],[-81.192785,-5.216951],[-81.188428,-5.221611],[-81.184269,-5.222734],[-81.167264,-5.237945],[-81.150373,-5.254939],[-81.149959,-5.258143],[-81.138121,-5.263617],[-81.130867,-5.273525],[-81.126213,-5.286445],[-81.118498,-5.291875],[-81.114375,-5.298814],[-81.112281,-5.306965],[-81.10815,-5.314746],[-81.101146,-5.31433],[-81.09184,-5.308371],[-81.078168,-5.313213],[-81.064035,-5.322586],[-81.05298,-5.33099],[-81.028486,-5.352605],[-81.010588,-5.370191],[-80.995539,-5.387191],[-80.989439,-5.392936],[-80.971863,-5.41234],[-80.958477,-5.423086],[-80.949549,-5.433],[-80.930219,-5.457523],[-80.911564,-5.485654],[-80.897584,-5.511453],[-80.896689,-5.517361],[-80.892291,-5.528795],[-80.888678,-5.534484],[-80.881461,-5.550045],[-80.87474,-5.568603],[-80.872518,-5.57149],[-80.869557,-5.58257],[-80.866301,-5.59015],[-80.862144,-5.608984],[-80.855115,-5.62524],[-80.852547,-5.635488],[-80.850228,-5.663551],[-80.851514,-5.690002],[-80.85283,-5.698369],[-80.853891,-5.716553],[-80.856406,-5.731734],[-80.861244,-5.749666],[-80.871752,-5.769416],[-80.876275,-5.77517],[-80.881945,-5.787574],[-80.884889,-5.798059],[-80.891488,-5.80982],[-80.904629,-5.824269],[-80.921961,-5.836857],[-80.943144,-5.84568],[-80.954191,-5.846178],[-80.960605,-5.843275],[-80.967508,-5.844695],[-80.976459,-5.838381],[-80.989088,-5.838164],[-80.992016,-5.832846],[-81.001994,-5.835912],[-81.013486,-5.830076],[-81.021697,-5.830557],[-81.034064,-5.823789],[-81.042273,-5.817111],[-81.043881,-5.810652],[-81.047449,-5.809023],[-81.058639,-5.793291],[-81.068447,-5.785746],[-81.080137,-5.789625],[-81.084353,-5.794771],[-81.08284,-5.806369],[-81.087818,-5.820934],[-81.092408,-5.826342],[-81.097461,-5.838174],[-81.102629,-5.843213],[-81.106937,-5.844623],[-81.112574,-5.841121],[-81.122365,-5.84224],[-81.124428,-5.853982],[-81.128514,-5.864465],[-81.138336,-5.877916],[-81.144246,-5.882871],[-81.149289,-5.88923],[-81.145768,-5.898783],[-81.144695,-5.909133],[-81.146105,-5.915627],[-81.144973,-5.931215],[-81.149557,-5.947605],[-81.148873,-5.954453],[-81.145289,-5.965562],[-81.145137,-5.970322],[-81.14868,-5.974385],[-81.14926,-5.98124],[-81.140357,-6.006664],[-81.131596,-6.022848],[-81.117285,-6.040338],[-81.114043,-6.047937],[-81.11484,-6.054586],[-81.111498,-6.061941],[-81.098018,-6.076779],[-81.091566,-6.082027],[-81.06573,-6.098469],[-81.05108,-6.108576],[-81.036277,-6.117307],[-81.00743,-6.132857],[-80.987754,-6.145404],[-80.964543,-6.15882],[-80.92832,-6.180961],[-80.913135,-6.190584],[-80.894539,-6.203346],[-80.876973,-6.216285],[-80.861086,-6.228848],[-80.848082,-6.240359],[-80.82334,-6.263818],[-80.81335,-6.274553],[-80.79792,-6.288984],[-80.779111,-6.30176],[-80.75691,-6.312152],[-80.727312,-6.323037],[-80.709949,-6.330103],[-80.681344,-6.343773],[-80.659935,-6.354496],[-80.637547,-6.36692],[-80.627133,-6.37208],[-80.626842,-6.371426],[-80.572027,-6.292375],[-80.558543,-6.272488],[-80.545834,-6.254734],[-80.531498,-6.233473],[-80.502732,-6.192394],[-80.49648,-6.182293],[-80.480894,-6.16007],[-80.460211,-6.129766],[-80.452314,-6.119016],[-80.376219,-6.006969],[-80.368549,-5.996635],[-80.362316,-5.993441],[-80.354559,-5.985914],[-80.350072,-5.971545],[-80.341369,-5.962562],[-80.334713,-5.953904],[-80.327414,-5.947441],[-80.307945,-5.935277],[-80.291754,-5.925998],[-80.278752,-5.919992],[-80.269627,-5.917027],[-80.25518,-5.914441],[-80.217314,-5.903873],[-80.204693,-5.898094],[-80.198914,-5.893],[-80.192451,-5.891904],[-80.182795,-5.892771],[-80.166676,-5.892391],[-80.149871,-5.889344],[-80.130863,-5.888666],[-80.123848,-5.891311],[-80.123658,-5.885187],[-80.120363,-5.87257],[-80.111779,-5.868299],[-80.106072,-5.867449],[-80.100926,-5.860459],[-80.092756,-5.852394],[-80.090064,-5.84707],[-80.079994,-5.835305],[-80.069728,-5.827611],[-80.064662,-5.821051],[-80.058182,-5.819096],[-80.052984,-5.811244],[-80.069109,-5.805371],[-80.079713,-5.802314],[-80.092134,-5.795073],[-80.095206,-5.78312],[-80.102474,-5.767236],[-80.102925,-5.762108],[-80.101271,-5.750247],[-80.09809,-5.735498],[-80.091147,-5.726861],[-80.089921,-5.713382],[-80.093916,-5.708757],[-80.094193,-5.703661],[-80.069958,-5.697626],[-80.066372,-5.698211],[-80.061067,-5.6844],[-80.071053,-5.673254],[-80.068038,-5.66714],[-80.066214,-5.656142],[-80.069959,-5.646171],[-80.06765,-5.639112],[-80.057704,-5.619558],[-80.055547,-5.608199],[-80.056888,-5.599391],[-80.055822,-5.593818],[-80.057169,-5.587335],[-80.056951,-5.576842],[-80.052837,-5.563573],[-80.040328,-5.569385],[-80.031279,-5.569484],[-80.01035,-5.578035],[-80.006471,-5.583951],[-79.999191,-5.585359],[-79.986387,-5.581018],[-79.977836,-5.579824],[-79.960523,-5.581623],[-79.961359,-5.571539],[-79.959445,-5.568352],[-79.955699,-5.540998],[-79.952344,-5.527107],[-79.945873,-5.514996],[-79.938736,-5.516664],[-79.933943,-5.510992],[-79.932461,-5.505367],[-79.922736,-5.504809],[-79.921363,-5.502174],[-79.903055,-5.491449],[-79.90184,-5.481314],[-79.895363,-5.482133],[-79.88265,-5.494082],[-79.879027,-5.499273],[-79.877506,-5.509637],[-79.867365,-5.520635],[-79.862312,-5.521287],[-79.853986,-5.531818],[-79.864096,-5.548684],[-79.862715,-5.553199],[-79.86442,-5.56342],[-79.858443,-5.571348],[-79.860138,-5.575291],[-79.857586,-5.587494],[-79.852682,-5.5951],[-79.853807,-5.599105],[-79.848941,-5.610918],[-79.844705,-5.617865],[-79.841021,-5.628361],[-79.835182,-5.638033],[-79.832935,-5.64549],[-79.8276,-5.644939],[-79.824455,-5.654684],[-79.82181,-5.656301],[-79.818232,-5.664635],[-79.815062,-5.656066],[-79.80501,-5.646414],[-79.79175,-5.645555],[-79.786934,-5.646588],[-79.777572,-5.658853],[-79.770154,-5.659215],[-79.764209,-5.663793],[-79.761488,-5.669041],[-79.750887,-5.675242],[-79.745355,-5.675848],[-79.74407,-5.682355],[-79.745533,-5.686035],[-79.759287,-5.696256],[-79.766416,-5.708252],[-79.758367,-5.712043],[-79.749271,-5.709674],[-79.743842,-5.713531],[-79.743953,-5.718937],[-79.73648,-5.721436],[-79.717281,-5.739348],[-79.720084,-5.746623],[-79.717754,-5.750389],[-79.723271,-5.769467],[-79.725725,-5.773346],[-79.72743,-5.781941],[-79.734547,-5.787404],[-79.733207,-5.794518],[-79.739316,-5.799588],[-79.738148,-5.808834],[-79.741945,-5.814469],[-79.741926,-5.818973],[-79.737803,-5.826727],[-79.739041,-5.833002],[-79.737328,-5.83765],[-79.731035,-5.839008],[-79.712605,-5.838008],[-79.708506,-5.841686],[-79.702963,-5.842826],[-79.69809,-5.846394],[-79.689045,-5.847965],[-79.682711,-5.846445],[-79.669877,-5.835457],[-79.662,-5.834152],[-79.659426,-5.827221],[-79.655828,-5.823879],[-79.651355,-5.816043],[-79.636504,-5.810035],[-79.632152,-5.80441],[-79.632264,-5.798783],[-79.62876,-5.796021],[-79.62143,-5.799812],[-79.62057,-5.809705],[-79.62398,-5.823539],[-79.631428,-5.829029],[-79.63158,-5.83459],[-79.629019,-5.836721],[-79.627801,-5.84482],[-79.62875,-5.851609],[-79.635242,-5.852199],[-79.636881,-5.857949],[-79.632619,-5.858869],[-79.629939,-5.863019],[-79.628891,-5.87027],[-79.625572,-5.875801],[-79.62642,-5.887449],[-79.61725,-5.891461],[-79.61348,-5.89507],[-79.61176,-5.902619],[-79.613394,-5.910143],[-79.609307,-5.917832],[-79.611107,-5.923463],[-79.600449,-5.93957],[-79.597381,-5.93425],[-79.59375,-5.933811],[-79.586961,-5.93842],[-79.579199,-5.93541],[-79.571539,-5.937789],[-79.56382,-5.933869],[-79.55242,-5.937461],[-79.55168,-5.93293],[-79.54609,-5.92967],[-79.54299,-5.925098],[-79.531529,-5.920699],[-79.527631,-5.912871],[-79.52067,-5.912801],[-79.517301,-5.917019],[-79.51225,-5.917211],[-79.498939,-5.915189],[-79.490771,-5.91785],[-79.489051,-5.920881],[-79.48117,-5.923199],[-79.470051,-5.92808],[-79.46626,-5.93293],[-79.4629,-5.94442],[-79.435465,-5.955295],[-79.420769,-5.96942],[-79.418609,-5.9701],[-79.398359,-5.94993],[-79.380221,-5.940131],[-79.36741,-5.937221],[-79.36091,-5.928971],[-79.362269,-5.925978],[-79.35465,-5.912961],[-79.3485,-5.906269],[-79.334068,-5.893631],[-79.338402,-5.892641],[-79.34042,-5.887816],[-79.338758,-5.882078],[-79.348812,-5.874064],[-79.35249,-5.873],[-79.35199,-5.863],[-79.354211,-5.858789],[-79.350961,-5.85425],[-79.355641,-5.851349],[-79.35773,-5.84351],[-79.362211,-5.842269],[-79.3695,-5.834279],[-79.375078,-5.822119],[-79.374689,-5.81825],[-79.37756,-5.81218],[-79.375143,-5.809838],[-79.376471,-5.7991],[-79.384519,-5.79657],[-79.38982,-5.79109],[-79.392769,-5.77899],[-79.397611,-5.773199],[-79.39944,-5.763299],[-79.400689,-5.74951],[-79.398689,-5.74226],[-79.39976,-5.731891],[-79.39681,-5.7226],[-79.398971,-5.70866],[-79.398289,-5.70051],[-79.39256,-5.691939],[-79.38657,-5.686],[-79.385889,-5.673877],[-79.382977,-5.668264],[-79.38266,-5.660519],[-79.3851,-5.657969],[-79.378051,-5.646711],[-79.380859,-5.630838],[-79.37785,-5.625859],[-79.37592,-5.615879],[-79.375551,-5.606189],[-79.372055,-5.603621],[-79.371836,-5.597732],[-79.37516,-5.59607],[-79.38066,-5.58757],[-79.37968,-5.58015],[-79.380471,-5.571461],[-79.38374,-5.56232],[-79.39334,-5.551519],[-79.39832,-5.537018],[-79.395019,-5.528119],[-79.387131,-5.52192],[-79.37307,-5.524199],[-79.36749,-5.528381],[-79.352119,-5.527148],[-79.344648,-5.529551],[-79.336199,-5.529891],[-79.328961,-5.53508],[-79.31909,-5.53051],[-79.31007,-5.519769],[-79.304519,-5.523039],[-79.299221,-5.52274],[-79.293301,-5.52509],[-79.28133,-5.524711],[-79.276474,-5.519528],[-79.278911,-5.516928],[-79.279858,-5.50436],[-79.279395,-5.496409],[-79.282756,-5.490064],[-79.280858,-5.486001],[-79.289253,-5.478589],[-79.291437,-5.46981],[-79.295951,-5.467412],[-79.298492,-5.459135],[-79.29459,-5.43989],[-79.295764,-5.437177],[-79.305461,-5.427013],[-79.306469,-5.409339],[-79.304424,-5.393061],[-79.307405,-5.380037],[-79.310951,-5.375406],[-79.308528,-5.3658],[-79.318754,-5.363588],[-79.326484,-5.348044],[-79.325633,-5.340875],[-79.328632,-5.337852],[-79.331048,-5.327025],[-79.327696,-5.316737],[-79.333383,-5.310344],[-79.344828,-5.307631],[-79.346668,-5.299421],[-79.356599,-5.291542],[-79.3606,-5.273384],[-79.352483,-5.266817],[-79.347308,-5.252448],[-79.34955,-5.24669],[-79.348551,-5.235204],[-79.356351,-5.223425],[-79.361657,-5.220377],[-79.369719,-5.213004],[-79.375378,-5.193844],[-79.378293,-5.190707],[-79.373098,-5.184861],[-79.369233,-5.175624],[-79.361188,-5.173467],[-79.35582,-5.167405],[-79.344369,-5.165844],[-79.342889,-5.163613],[-79.341678,-5.140294],[-79.336625,-5.134538],[-79.330283,-5.124297],[-79.308142,-5.116494],[-79.303076,-5.116631],[-79.295129,-5.110765],[-79.296355,-5.10232],[-79.287118,-5.094261],[-79.285925,-5.085191],[-79.279969,-5.083266],[-79.279941,-5.079765],[-79.273601,-5.073709],[-79.275334,-5.068087],[-79.272529,-5.058329],[-79.265385,-5.057376],[-79.260617,-5.059093],[-79.255951,-5.056447],[-79.247626,-5.056207],[-79.242585,-5.051416],[-79.232135,-5.05196],[-79.227703,-5.049532],[-79.22425,-5.04433],[-79.224897,-5.039355],[-79.221253,-5.031486],[-79.220945,-5.023211],[-79.219137,-5.021518],[-79.219815,-5.0124],[-79.215183,-5.010263],[-79.21441,-4.99993],[-79.216267,-4.990771],[-79.221592,-4.985545],[-79.221709,-4.981327],[-79.213194,-4.976601],[-79.209874,-4.965507]]]},"properties":{"province":"Piura"}},{"type":"Feature","geometry":{"type":"MultiPolygon","coordinates":[[[[-69.64132,-17.28745],[-69.644291,-17.280973],[-69.637963,-17.275717],[-69.636322,-17.271166],[-69.627361,-17.272996],[-69.615979,-17.261279],[-69.603822,-17.221621],[-69.601148,-17.216502],[-69.590559,-17.210543],[-69.57976,-17.208131],[-69.575197,-17.200117],[-69.568997,-17.193997],[-69.573216,-17.18519],[-69.562798,-17.174983],[-69.556902,-17.159275],[-69.511849,-17.146171],[-69.472715,-17.117919],[-69.449129,-17.097751],[-69.432917,-17.109864],[-69.406268,-17.100289],[-69.373739,-17.073123],[-69.37375,-17.059301],[-69.374947,-17.05442],[-69.372545,-17.049932],[-69.380898,-17.039787],[-69.384141,-17.03123],[-69.394631,-17.023875],[-69.394271,-17.02176],[-69.385672,-17.012914],[-69.383428,-17.007018],[-69.368207,-16.990496],[-69.343639,-16.986868],[-69.335429,-16.980265],[-69.320082,-16.960753],[-69.324586,-16.951542],[-69.304675,-16.915841],[-69.261131,-16.868847],[-69.253398,-16.860994],[-69.219245,-16.836131],[-69.213295,-16.822894],[-69.197533,-16.79924],[-69.186187,-16.797555],[-69.181945,-16.773146],[-69.181686,-16.757492],[-69.170014,-16.727535],[-69.152969,-16.724555],[-69.141775,-16.716164],[-69.136436,-16.713541],[-69.126977,-16.713631],[-69.123924,-16.716189],[-69.110787,-16.713943],[-69.100205,-16.710566],[-69.086937,-16.702762],[-69.079713,-16.700656],[-69.073113,-16.696291],[-69.058541,-16.692855],[-69.055209,-16.686652],[-69.045289,-16.688328],[-69.041804,-16.685064],[-69.029053,-16.676849],[-69.025611,-16.672766],[-69.011947,-16.669836],[-68.996102,-16.656576],[-69.009727,-16.645863],[-69.017051,-16.638152],[-69.020943,-16.629006],[-69.020576,-16.620576],[-69.022477,-16.615422],[-69.028557,-16.610418],[-69.031303,-16.605809],[-69.035445,-16.589281],[-69.03518,-16.581791],[-69.039062,-16.572881],[-69.039038,-16.566525],[-69.036921,-16.559711],[-69.052443,-16.543353],[-69.056708,-16.537474],[-69.065956,-16.533364],[-69.068999,-16.527972],[-69.067798,-16.524596],[-69.074488,-16.519445],[-69.084561,-16.497132],[-69.093545,-16.499578],[-69.09803,-16.497219],[-69.098496,-16.490713],[-69.09114,-16.48216],[-69.093706,-16.478058],[-69.085795,-16.469724],[-69.084014,-16.46265],[-69.079439,-16.462601],[-69.077263,-16.458531],[-69.066187,-16.451129],[-69.063708,-16.445641],[-69.058321,-16.441003],[-69.056032,-16.434856],[-69.04771,-16.434871],[-69.042549,-16.430095],[-69.044047,-16.427397],[-69.042652,-16.419209],[-69.034039,-16.412853],[-69.036341,-16.409551],[-69.023138,-16.403942],[-69.026062,-16.39211],[-69.026619,-16.383531],[-69.030823,-16.375777],[-69.028174,-16.370329],[-69.027718,-16.363443],[-69.02436,-16.360569],[-69.02561,-16.3543],[-69.022761,-16.351133],[-69.026347,-16.343227],[-69.021959,-16.331906],[-69.032051,-16.313272],[-69.037904,-16.307971],[-69.037572,-16.299907],[-69.05064,-16.282704],[-69.061846,-16.280106],[-69.066709,-16.282349],[-69.070744,-16.281227],[-69.075924,-16.27524],[-69.077252,-16.26144],[-69.07409,-16.256449],[-69.062851,-16.256021],[-69.062594,-16.250529],[-69.055419,-16.249015],[-69.053179,-16.255692],[-69.046898,-16.26042],[-69.044499,-16.265611],[-69.038168,-16.269108],[-69.028615,-16.271605],[-69.026417,-16.263753],[-69.022019,-16.261453],[-69.016019,-16.264224],[-69.006779,-16.260106],[-69.000668,-16.24541],[-68.993227,-16.240904],[-68.995871,-16.252022],[-68.999096,-16.257088],[-69.001478,-16.267318],[-69.004497,-16.272041],[-68.999229,-16.274356],[-68.991458,-16.269683],[-68.991771,-16.265952],[-68.98524,-16.26389],[-68.982184,-16.25924],[-68.97685,-16.257083],[-68.969593,-16.240839],[-68.972036,-16.236666],[-68.970123,-16.230231],[-68.960933,-16.223001],[-68.965448,-16.218751],[-68.961652,-16.204468],[-68.956711,-16.196457],[-68.961769,-16.192484],[-68.966977,-16.191224],[-68.975016,-16.19229],[-68.977844,-16.189082],[-68.984336,-16.190107],[-68.987662,-16.194321],[-68.998516,-16.19861],[-69.006974,-16.205357],[-69.007289,-16.216379],[-69.012764,-16.219762],[-69.024686,-16.210084],[-69.032352,-16.205999],[-69.044345,-16.203108],[-69.055259,-16.197362],[-69.062233,-16.207462],[-69.081536,-16.221382],[-69.092172,-16.224225],[-69.102739,-16.224656],[-69.099556,-16.2324],[-69.094908,-16.236044],[-69.097311,-16.243818],[-69.104366,-16.244124],[-69.113794,-16.241178],[-69.115978,-16.237738],[-69.12593,-16.243547],[-69.145354,-16.253145],[-69.1603,-16.257545],[-69.170106,-16.258607],[-69.176257,-16.25704],[-69.208869,-16.267492],[-69.214705,-16.266308],[-69.227746,-16.268104],[-69.230985,-16.262529],[-69.24116,-16.270438],[-69.237514,-16.27326],[-69.24355,-16.27815],[-69.248478,-16.28636],[-69.257491,-16.285635],[-69.254651,-16.291822],[-69.256769,-16.299732],[-69.265175,-16.296067],[-69.267893,-16.290444],[-69.278687,-16.289259],[-69.282174,-16.286621],[-69.281497,-16.281952],[-69.289528,-16.274179],[-69.290188,-16.270828],[-69.286116,-16.263315],[-69.289658,-16.257772],[-69.294067,-16.260751],[-69.295272,-16.253903],[-69.306271,-16.254483],[-69.310689,-16.256937],[-69.317771,-16.256763],[-69.349595,-16.252189],[-69.358047,-16.250137],[-69.375607,-16.235581],[-69.382734,-16.227399],[-69.388213,-16.218253],[-69.392079,-16.21614],[-69.399388,-16.206901],[-69.399186,-16.198618],[-69.391177,-16.199178],[-69.384384,-16.192089],[-69.384971,-16.185342],[-69.389516,-16.180127],[-69.400039,-16.185798],[-69.402556,-16.189787],[-69.408784,-16.18925],[-69.414848,-16.186403],[-69.418143,-16.181142],[-69.426466,-16.178819],[-69.436002,-16.181536],[-69.439465,-16.185682],[-69.448644,-16.189517],[-69.455591,-16.198953],[-69.462568,-16.202729],[-69.472714,-16.198214],[-69.480896,-16.20439],[-69.494324,-16.208061],[-69.497511,-16.2063],[-69.508959,-16.195053],[-69.513982,-16.184866],[-69.513046,-16.168143],[-69.510053,-16.162699],[-69.506636,-16.166256],[-69.504669,-16.173332],[-69.491855,-16.160084],[-69.498627,-16.155317],[-69.50351,-16.149803],[-69.505477,-16.143739],[-69.501523,-16.141735],[-69.485333,-16.12186],[-69.47452,-16.116206],[-69.474176,-16.110718],[-69.470227,-16.109667],[-69.466859,-16.104655],[-69.470761,-16.10007],[-69.467246,-16.09355],[-69.459746,-16.093614],[-69.455592,-16.08992],[-69.459171,-16.086456],[-69.452042,-16.080142],[-69.45175,-16.074104],[-69.45604,-16.071066],[-69.455239,-16.064068],[-69.446871,-16.062657],[-69.446281,-16.059597],[-69.440692,-16.056572],[-69.440614,-16.051524],[-69.437231,-16.049376],[-69.434192,-16.054163],[-69.433618,-16.064497],[-69.436166,-16.069052],[-69.43506,-16.078796],[-69.43195,-16.079266],[-69.434646,-16.091156],[-69.446865,-16.11129],[-69.443594,-16.110495],[-69.440167,-16.103512],[-69.430309,-16.094443],[-69.425756,-16.078158],[-69.425337,-16.071372],[-69.42229,-16.05723],[-69.423161,-16.047037],[-69.436338,-16.026363],[-69.443908,-16.016209],[-69.445602,-16.01046],[-69.444328,-16.002758],[-69.451735,-15.99361],[-69.458206,-15.991375],[-69.464698,-15.993995],[-69.481441,-15.994225],[-69.490598,-15.990551],[-69.503835,-15.981549],[-69.531061,-15.969325],[-69.549879,-15.962842],[-69.562661,-15.959457],[-69.576827,-15.958146],[-69.606565,-15.956399],[-69.617042,-15.956944],[-69.628364,-15.955231],[-69.633186,-15.957957],[-69.632815,-15.965077],[-69.625807,-15.966644],[-69.623309,-15.959734],[-69.619126,-15.960679],[-69.607869,-15.958575],[-69.595837,-15.958872],[-69.581725,-15.960803],[-69.572938,-15.960253],[-69.557386,-15.962502],[-69.534697,-15.970064],[-69.507078,-15.982658],[-69.491028,-15.99362],[-69.489208,-15.997421],[-69.48356,-15.998946],[-69.473821,-16.005304],[-69.463676,-16.014565],[-69.468628,-16.017644],[-69.475454,-16.018634],[-69.480567,-16.008195],[-69.484475,-16.003939],[-69.488062,-16.013093],[-69.496253,-16.01478],[-69.499947,-16.007365],[-69.496842,-16.0026],[-69.498528,-15.999709],[-69.509187,-15.995373],[-69.513176,-15.989725],[-69.530398,-15.98318],[-69.532379,-15.978469],[-69.537947,-15.976836],[-69.541339,-15.980977],[-69.549635,-15.980061],[-69.556076,-15.975891],[-69.569167,-15.978956],[-69.570805,-15.982521],[-69.579823,-15.981856],[-69.579871,-15.987428],[-69.586843,-15.985004],[-69.592535,-15.985646],[-69.598868,-15.989478],[-69.602385,-15.986198],[-69.607684,-15.987327],[-69.613791,-15.983995],[-69.615526,-15.987634],[-69.623353,-15.987709],[-69.629318,-15.983079],[-69.630166,-15.979135],[-69.637112,-15.975925],[-69.644812,-15.975173],[-69.6551,-15.971829],[-69.660342,-15.967609],[-69.663639,-15.969718],[-69.674766,-15.962326],[-69.684169,-15.951789],[-69.685508,-15.947551],[-69.69197,-15.940103],[-69.693832,-15.931105],[-69.697023,-15.928853],[-69.702069,-15.920305],[-69.713691,-15.91871],[-69.713857,-15.916834],[-69.725306,-15.914546],[-69.730587,-15.903764],[-69.735564,-15.90162],[-69.741491,-15.90891],[-69.736899,-15.913561],[-69.74062,-15.919185],[-69.746669,-15.908728],[-69.753644,-15.904132],[-69.759111,-15.902522],[-69.769308,-15.894958],[-69.769918,-15.884544],[-69.777131,-15.86793],[-69.779451,-15.856033],[-69.77908,-15.8518],[-69.773378,-15.847035],[-69.772883,-15.837346],[-69.767466,-15.831803],[-69.773764,-15.82798],[-69.775505,-15.824088],[-69.78503,-15.813308],[-69.795136,-15.809443],[-69.797528,-15.806033],[-69.802398,-15.79002],[-69.802517,-15.785282],[-69.807718,-15.78382],[-69.811055,-15.786844],[-69.822121,-15.785446],[-69.842834,-15.808185],[-69.841618,-15.813588],[-69.843626,-15.818974],[-69.841878,-15.825085],[-69.845417,-15.828907],[-69.844062,-15.836495],[-69.85069,-15.844321],[-69.850584,-15.854687],[-69.848161,-15.864517],[-69.8397,-15.867876],[-69.834239,-15.865462],[-69.83451,-15.860075],[-69.82865,-15.859175],[-69.82521,-15.861549],[-69.827009,-15.867893],[-69.818531,-15.865797],[-69.815461,-15.872717],[-69.819094,-15.877084],[-69.818931,-15.881549],[-69.811013,-15.880347],[-69.814063,-15.87327],[-69.808253,-15.869069],[-69.80551,-15.873623],[-69.798661,-15.878625],[-69.791389,-15.88998],[-69.784033,-15.890896],[-69.780589,-15.900052],[-69.782267,-15.905941],[-69.781157,-15.913417],[-69.777649,-15.916722],[-69.782441,-15.922615],[-69.782389,-15.926199],[-69.794872,-15.920986],[-69.806635,-15.922573],[-69.812113,-15.917576],[-69.813678,-15.912748],[-69.83096,-15.910216],[-69.836964,-15.910965],[-69.835451,-15.923356],[-69.842901,-15.91885],[-69.849437,-15.926012],[-69.860352,-15.931638],[-69.865901,-15.927434],[-69.868267,-15.916357],[-69.877164,-15.911797],[-69.884372,-15.901849],[-69.883037,-15.890196],[-69.893499,-15.881898],[-69.899059,-15.884654],[-69.906112,-15.881699],[-69.910719,-15.88239],[-69.915118,-15.879398],[-69.919463,-15.879978],[-69.922492,-15.872984],[-69.931078,-15.870464],[-69.939765,-15.865333],[-69.951962,-15.861806],[-69.96331,-15.850884],[-69.966211,-15.852611],[-69.974502,-15.85287],[-69.980778,-15.856519],[-69.983775,-15.861505],[-69.997265,-15.863695],[-70.001846,-15.859447],[-70.002889,-15.85339],[-70.015081,-15.850703],[-70.017561,-15.84512],[-70.016128,-15.841353],[-70.0191,-15.834081],[-70.017825,-15.829442],[-70.006935,-15.824741],[-69.995648,-15.824159],[-69.988967,-15.819973],[-69.992381,-15.813118],[-69.990963,-15.810129],[-69.993401,-15.803311],[-69.999501,-15.800446],[-70,-15.796742],[-70.005291,-15.789358],[-70.011927,-15.793545],[-70.016721,-15.793202],[-70.024105,-15.78688],[-70.029295,-15.772536],[-70.035152,-15.768676],[-70.03282,-15.763566],[-70.035961,-15.754191],[-70.033045,-15.747392],[-70.025316,-15.745094],[-70.025134,-15.73439],[-70.029541,-15.731712],[-70.034204,-15.722986],[-70.031535,-15.719278],[-70.027858,-15.706742],[-70.021074,-15.702923],[-70.017423,-15.690793],[-70.011593,-15.686659],[-70.006762,-15.688747],[-70,-15.686842],[-69.993057,-15.691855],[-69.989233,-15.691006],[-69.983062,-15.701503],[-69.974894,-15.705277],[-69.963469,-15.699754],[-69.96192,-15.691832],[-69.956262,-15.6879],[-69.966205,-15.669245],[-69.967371,-15.665447],[-69.959197,-15.664662],[-69.955072,-15.666769],[-69.955841,-15.670932],[-69.949924,-15.675392],[-69.943199,-15.665679],[-69.932371,-15.647569],[-69.926271,-15.644544],[-69.924916,-15.629959],[-69.920796,-15.632204],[-69.915854,-15.627071],[-69.913785,-15.617558],[-69.918295,-15.612551],[-69.92739,-15.609458],[-69.922426,-15.606028],[-69.92241,-15.600165],[-69.918014,-15.592322],[-69.933165,-15.588856],[-69.930346,-15.580251],[-69.930559,-15.574469],[-69.92706,-15.57011],[-69.919863,-15.570975],[-69.921382,-15.565572],[-69.927095,-15.564648],[-69.928728,-15.561711],[-69.938284,-15.563557],[-69.945361,-15.559842],[-69.943664,-15.556743],[-69.93718,-15.556532],[-69.932999,-15.560607],[-69.921209,-15.56035],[-69.917821,-15.565848],[-69.911407,-15.563814],[-69.905997,-15.565491],[-69.904315,-15.572349],[-69.900358,-15.576626],[-69.897576,-15.583891],[-69.892536,-15.588322],[-69.892918,-15.593427],[-69.882144,-15.601072],[-69.880854,-15.607518],[-69.875827,-15.61137],[-69.871889,-15.611297],[-69.860722,-15.618652],[-69.854874,-15.625003],[-69.851024,-15.633688],[-69.846005,-15.636495],[-69.844915,-15.640678],[-69.849771,-15.650108],[-69.851024,-15.662705],[-69.850802,-15.674137],[-69.845516,-15.685009],[-69.84166,-15.686765],[-69.837818,-15.692031],[-69.829211,-15.696793],[-69.816978,-15.708474],[-69.801883,-15.716625],[-69.793859,-15.725301],[-69.77176,-15.727556],[-69.755975,-15.727989],[-69.750767,-15.72908],[-69.743764,-15.722837],[-69.753343,-15.712649],[-69.762852,-15.708438],[-69.769835,-15.701305],[-69.784785,-15.693791],[-69.789041,-15.68757],[-69.797702,-15.681301],[-69.803245,-15.674259],[-69.800522,-15.667836],[-69.797055,-15.667597],[-69.788833,-15.672513],[-69.776321,-15.682016],[-69.766775,-15.684139],[-69.761076,-15.681809],[-69.770692,-15.658389],[-69.777659,-15.655724],[-69.784475,-15.662807],[-69.795771,-15.662158],[-69.804603,-15.653973],[-69.808642,-15.645399],[-69.807098,-15.641023],[-69.813221,-15.637258],[-69.813596,-15.63193],[-69.808153,-15.627528],[-69.8135,-15.624316],[-69.816256,-15.617139],[-69.808718,-15.611422],[-69.811543,-15.606334],[-69.821088,-15.597537],[-69.825331,-15.588091],[-69.839386,-15.577128],[-69.841778,-15.576365],[-69.845774,-15.565353],[-69.85492,-15.5585],[-69.860705,-15.557055],[-69.859195,-15.548033],[-69.864414,-15.534931],[-69.876469,-15.519506],[-69.881102,-15.518095],[-69.889058,-15.510258],[-69.890555,-15.503463],[-69.893787,-15.5],[-69.896114,-15.492599],[-69.903592,-15.485584],[-69.904576,-15.480392],[-69.910871,-15.472801],[-69.913855,-15.464871],[-69.917742,-15.463071],[-69.922112,-15.454852],[-69.918286,-15.445809],[-69.919444,-15.436639],[-69.925775,-15.433715],[-69.935567,-15.414895],[-69.932189,-15.411513],[-69.935057,-15.405332],[-69.942891,-15.396677],[-69.938483,-15.389778],[-69.929211,-15.384693],[-69.932397,-15.379414],[-69.929494,-15.376926],[-69.931322,-15.368378],[-69.923586,-15.374549],[-69.92005,-15.371044],[-69.906777,-15.363686],[-69.902462,-15.35576],[-69.897439,-15.359706],[-69.891113,-15.357888],[-69.887487,-15.361533],[-69.880453,-15.362123],[-69.874477,-15.367432],[-69.875517,-15.3717],[-69.86791,-15.371815],[-69.862685,-15.362772],[-69.854426,-15.360262],[-69.852128,-15.366636],[-69.848299,-15.36385],[-69.841256,-15.3645],[-69.839479,-15.367746],[-69.833709,-15.360384],[-69.823677,-15.355419],[-69.808929,-15.352395],[-69.805579,-15.35775],[-69.799663,-15.358],[-69.793929,-15.355267],[-69.791998,-15.351741],[-69.80693,-15.345102],[-69.810182,-15.349706],[-69.813935,-15.350041],[-69.821895,-15.347036],[-69.826923,-15.352311],[-69.843369,-15.347939],[-69.844824,-15.344131],[-69.83681,-15.339552],[-69.842569,-15.337076],[-69.847212,-15.341807],[-69.844191,-15.353],[-69.858821,-15.357927],[-69.868159,-15.36412],[-69.872292,-15.359571],[-69.878816,-15.357168],[-69.878001,-15.349935],[-69.887691,-15.34625],[-69.892962,-15.341477],[-69.8809,-15.34269],[-69.874743,-15.346437],[-69.868071,-15.341195],[-69.871483,-15.334567],[-69.889407,-15.331716],[-69.88983,-15.321176],[-69.894026,-15.320231],[-69.901072,-15.314268],[-69.89549,-15.308517],[-69.897909,-15.302917],[-69.889047,-15.303373],[-69.889771,-15.300231],[-69.895828,-15.300004],[-69.89429,-15.295113],[-69.879759,-15.301192],[-69.874198,-15.297252],[-69.875614,-15.294196],[-69.870017,-15.29026],[-69.867433,-15.301284],[-69.860863,-15.298385],[-69.857363,-15.300034],[-69.856445,-15.29245],[-69.852126,-15.295083],[-69.84152,-15.290475],[-69.8417,-15.286511],[-69.837762,-15.279987],[-69.832956,-15.281515],[-69.830935,-15.28692],[-69.826346,-15.29151],[-69.823804,-15.302459],[-69.820391,-15.292671],[-69.830203,-15.283139],[-69.829427,-15.277053],[-69.823549,-15.275009],[-69.813379,-15.275425],[-69.811837,-15.277974],[-69.816299,-15.287595],[-69.804969,-15.291501],[-69.802746,-15.296403],[-69.798109,-15.29698],[-69.791732,-15.30122],[-69.78406,-15.313085],[-69.782591,-15.318603],[-69.773703,-15.319058],[-69.772739,-15.308935],[-69.76529,-15.307202],[-69.756973,-15.30704],[-69.75602,-15.301108],[-69.758392,-15.297731],[-69.753321,-15.294067],[-69.755605,-15.288824],[-69.750943,-15.283204],[-69.740546,-15.28665],[-69.734578,-15.29189],[-69.72441,-15.296504],[-69.720954,-15.305305],[-69.711919,-15.306891],[-69.706867,-15.3059],[-69.709032,-15.298623],[-69.702429,-15.295223],[-69.715788,-15.28077],[-69.714121,-15.278396],[-69.724408,-15.273129],[-69.726941,-15.277824],[-69.739388,-15.273602],[-69.742374,-15.268748],[-69.748598,-15.271769],[-69.750771,-15.269769],[-69.744459,-15.264377],[-69.752405,-15.255138],[-69.749768,-15.249797],[-69.741892,-15.257408],[-69.737774,-15.252225],[-69.738543,-15.248155],[-69.733013,-15.241996],[-69.728252,-15.239062],[-69.717504,-15.239559],[-69.710547,-15.233469],[-69.702984,-15.235053],[-69.699213,-15.233639],[-69.686717,-15.237945],[-69.681871,-15.243933],[-69.678989,-15.24263],[-69.674151,-15.247983],[-69.674946,-15.250873],[-69.664933,-15.257534],[-69.656896,-15.267588],[-69.658789,-15.272049],[-69.667649,-15.268154],[-69.668295,-15.2748],[-69.664089,-15.278866],[-69.65681,-15.282603],[-69.645079,-15.283287],[-69.640875,-15.28816],[-69.644011,-15.294757],[-69.635106,-15.30741],[-69.636521,-15.313026],[-69.647336,-15.304043],[-69.641976,-15.320153],[-69.632903,-15.324902],[-69.629241,-15.333732],[-69.630859,-15.336966],[-69.639518,-15.335502],[-69.6298,-15.343708],[-69.63332,-15.352823],[-69.627746,-15.356477],[-69.624084,-15.352073],[-69.628938,-15.347505],[-69.627331,-15.344236],[-69.621077,-15.34518],[-69.615133,-15.354772],[-69.605003,-15.354797],[-69.601151,-15.359162],[-69.596478,-15.369362],[-69.592909,-15.372275],[-69.589386,-15.368336],[-69.578151,-15.366806],[-69.579607,-15.362744],[-69.568964,-15.354504],[-69.573225,-15.350938],[-69.56659,-15.347565],[-69.563918,-15.355602],[-69.555594,-15.359384],[-69.558924,-15.363692],[-69.552656,-15.367212],[-69.55671,-15.370529],[-69.55376,-15.375594],[-69.540442,-15.379636],[-69.53508,-15.37703],[-69.533667,-15.371715],[-69.527455,-15.369485],[-69.522111,-15.369968],[-69.515836,-15.377722],[-69.525197,-15.38473],[-69.528633,-15.389457],[-69.513182,-15.406876],[-69.506485,-15.408865],[-69.500562,-15.403772],[-69.497771,-15.405477],[-69.499693,-15.413003],[-69.491912,-15.417153],[-69.476696,-15.427249],[-69.477645,-15.43049],[-69.464703,-15.440956],[-69.461915,-15.450767],[-69.45977,-15.45329],[-69.447027,-15.457649],[-69.443513,-15.462887],[-69.437837,-15.467436],[-69.435913,-15.479562],[-69.441099,-15.483025],[-69.441628,-15.491725],[-69.432534,-15.499197],[-69.42667,-15.502431],[-69.417056,-15.504101],[-69.415833,-15.49704],[-69.422811,-15.495663],[-69.434965,-15.482358],[-69.426544,-15.478212],[-69.422806,-15.481408],[-69.405623,-15.483016],[-69.398157,-15.482724],[-69.390158,-15.473264],[-69.37611,-15.471496],[-69.373009,-15.474474],[-69.358371,-15.482934],[-69.357553,-15.491959],[-69.354422,-15.495553],[-69.359099,-15.50275],[-69.355976,-15.508821],[-69.359213,-15.515185],[-69.363152,-15.513925],[-69.359647,-15.506241],[-69.368201,-15.497471],[-69.370601,-15.490966],[-69.375014,-15.489271],[-69.379224,-15.492275],[-69.379108,-15.497339],[-69.384281,-15.502557],[-69.389918,-15.501447],[-69.39111,-15.507251],[-69.382124,-15.513389],[-69.376246,-15.514317],[-69.37206,-15.519651],[-69.367599,-15.522143],[-69.359981,-15.521158],[-69.356473,-15.524462],[-69.355367,-15.530526],[-69.348171,-15.531561],[-69.340347,-15.535842],[-69.331118,-15.537947],[-69.314461,-15.518037],[-69.314619,-15.512707],[-69.30886,-15.50513],[-69.309456,-15.497436],[-69.312559,-15.491645],[-69.300583,-15.486347],[-69.311725,-15.472966],[-69.308951,-15.463889],[-69.303483,-15.459779],[-69.301489,-15.45274],[-69.295462,-15.44673],[-69.290072,-15.43688],[-69.253511,-15.469193],[-69.240827,-15.460393],[-69.232335,-15.441796],[-69.249847,-15.426719],[-69.260329,-15.374036],[-69.248558,-15.370809],[-69.240095,-15.352656],[-69.231046,-15.3355],[-69.215642,-15.317158],[-69.206564,-15.324252],[-69.194793,-15.315039],[-69.193259,-15.295161],[-69.17797,-15.279176],[-69.176296,-15.26136],[-69.1569,-15.268445],[-69.152929,-15.268526],[-69.139719,-15.256676],[-69.135811,-15.255275],[-69.128711,-15.259477],[-69.11973,-15.258234],[-69.121713,-15.253111],[-69.126582,-15.247291],[-69.132519,-15.243824],[-69.131529,-15.233994],[-69.140014,-15.223728],[-69.147568,-15.217852],[-69.154006,-15.215109],[-69.157475,-15.205035],[-69.163352,-15.195633],[-69.168445,-15.190539],[-69.175273,-15.179402],[-69.183557,-15.17291],[-69.191296,-15.164913],[-69.190217,-15.160094],[-69.195269,-15.158697],[-69.20725,-15.14699],[-69.215574,-15.141506],[-69.21788,-15.135966],[-69.224602,-15.136317],[-69.225342,-15.131646],[-69.233674,-15.126852],[-69.235773,-15.120252],[-69.241166,-15.11823],[-69.243338,-15.11241],[-69.247538,-15.115017],[-69.252505,-15.111311],[-69.258364,-15.112629],[-69.26701,-15.109839],[-69.272691,-15.103476],[-69.282258,-15.098787],[-69.285223,-15.094973],[-69.28916,-15.082291],[-69.29048,-15.074086],[-69.29741,-15.07042],[-69.299371,-15.060053],[-69.303963,-15.053914],[-69.299228,-15.049504],[-69.305217,-15.045016],[-69.30441,-15.04073],[-69.316441,-15.036404],[-69.322299,-15.012396],[-69.329494,-14.996494],[-69.337912,-14.990582],[-69.341205,-14.984498],[-69.345717,-14.9829],[-69.354394,-14.972426],[-69.354674,-14.966453],[-69.360061,-14.960461],[-69.361582,-14.949191],[-69.359559,-14.937086],[-69.363543,-14.931307],[-69.357688,-14.930242],[-69.353836,-14.924408],[-69.343871,-14.882727],[-69.356789,-14.851982],[-69.357885,-14.840025],[-69.355614,-14.828344],[-69.353797,-14.801666],[-69.345646,-14.793345],[-69.339865,-14.79559],[-69.335989,-14.788747],[-69.322802,-14.777746],[-69.301204,-14.765299],[-69.28833,-14.766322],[-69.280205,-14.764974],[-69.270852,-14.76957],[-69.265122,-14.764673],[-69.260051,-14.762911],[-69.23994,-14.759474],[-69.225265,-14.740702],[-69.225947,-14.736367],[-69.230253,-14.732565],[-69.235296,-14.718702],[-69.24084,-14.717222],[-69.244729,-14.710278],[-69.254488,-14.699756],[-69.25186,-14.694423],[-69.25798,-14.682884],[-69.251088,-14.671708],[-69.247055,-14.668302],[-69.247437,-14.664188],[-69.242396,-14.659365],[-69.229672,-14.656695],[-69.227007,-14.645796],[-69.227617,-14.632752],[-69.225507,-14.628585],[-69.230511,-14.614694],[-69.229877,-14.600491],[-69.222616,-14.593851],[-69.220043,-14.581558],[-69.202001,-14.585586],[-69.189893,-14.586133],[-69.185993,-14.588938],[-69.178325,-14.590405],[-69.165401,-14.588713],[-69.157926,-14.585819],[-69.15003,-14.580314],[-69.14683,-14.571826],[-69.149625,-14.561333],[-69.146364,-14.554628],[-69.14764,-14.543689],[-69.143542,-14.530258],[-69.154242,-14.522075],[-69.147566,-14.519615],[-69.140604,-14.513435],[-69.135836,-14.514789],[-69.124732,-14.512639],[-69.118293,-14.507894],[-69.115384,-14.502563],[-69.115361,-14.495109],[-69.11154,-14.485527],[-69.104105,-14.484625],[-69.098778,-14.486088],[-69.083948,-14.451796],[-69.081949,-14.444439],[-69.073972,-14.446328],[-69.06001,-14.442037],[-69.056677,-14.43594],[-69.050382,-14.429128],[-69.030926,-14.42609],[-69.027257,-14.42302],[-69.026154,-14.409662],[-69.018131,-14.403233],[-69.011887,-14.402613],[-69.005264,-14.404344],[-69.00579,-14.396489],[-69.004013,-14.391165],[-68.991493,-14.383793],[-68.985407,-14.374663],[-68.990425,-14.369638],[-68.99816,-14.351981],[-68.999067,-14.345636],[-69.004149,-14.345175],[-69.00541,-14.334953],[-69.010535,-14.327076],[-69.011198,-14.321839],[-69.015243,-14.314709],[-69.007596,-14.304845],[-69.004807,-14.290439],[-68.996926,-14.283333],[-68.989852,-14.281604],[-68.983866,-14.26995],[-68.979087,-14.263493],[-68.984464,-14.261177],[-68.988395,-14.25043],[-68.988681,-14.242476],[-68.981928,-14.234715],[-68.976254,-14.232892],[-68.96876,-14.234999],[-68.969039,-14.227232],[-68.962406,-14.220055],[-68.827799,-14.21942],[-68.826828,-14.212275],[-68.831113,-14.205264],[-68.839656,-14.19918],[-68.846424,-14.19665],[-68.8455,-14.190555],[-68.848918,-14.188795],[-68.852008,-14.18174],[-68.849394,-14.17883],[-68.85348,-14.174443],[-68.852391,-14.166461],[-68.85618,-14.162668],[-68.846727,-14.15332],[-68.84235,-14.154088],[-68.832445,-14.150228],[-68.837535,-14.141662],[-68.843615,-14.140889],[-68.852846,-14.132443],[-68.871129,-14.111057],[-68.875277,-14.099793],[-68.875283,-14.086791],[-68.879941,-14.08841],[-68.884051,-14.08392],[-68.881693,-14.074861],[-68.88268,-14.069189],[-68.879898,-14.063807],[-68.886443,-14.055197],[-68.892947,-14.051711],[-68.890178,-14.047291],[-68.895644,-14.04126],[-68.903307,-14.038631],[-68.908561,-14.040609],[-68.909951,-14.035924],[-68.917836,-14.031129],[-68.9374,-14.025428],[-68.940021,-14.019443],[-68.939471,-14.014398],[-68.946555,-14.012507],[-68.94572,-14.005468],[-68.954012,-14.005278],[-68.963214,-13.995032],[-68.962854,-13.990858],[-68.970196,-13.982756],[-68.978097,-13.978037],[-68.977175,-13.971061],[-68.971672,-13.964687],[-68.970826,-13.955409],[-68.968322,-13.952189],[-68.97457,-13.942859],[-68.977269,-13.935487],[-68.982835,-13.930082],[-68.980292,-13.921163],[-68.983916,-13.913681],[-68.984665,-13.907919],[-68.981999,-13.899737],[-68.982134,-13.894061],[-68.977319,-13.886113],[-68.972801,-13.882187],[-68.966149,-13.884774],[-68.96032,-13.881033],[-68.951386,-13.879091],[-68.944981,-13.868462],[-68.944875,-13.862513],[-68.941642,-13.849278],[-68.94105,-13.83954],[-68.933508,-13.831891],[-68.926098,-13.830377],[-68.922327,-13.82719],[-68.917744,-13.813664],[-68.93119,-13.8071],[-68.936908,-13.806232],[-68.949931,-13.800578],[-68.953149,-13.792743],[-68.958592,-13.790498],[-68.976485,-13.793823],[-68.99423,-13.787512],[-68.995374,-13.784802],[-68.991774,-13.77847],[-68.987508,-13.784092],[-68.980639,-13.78333],[-68.978855,-13.774564],[-68.979695,-13.769803],[-68.9769,-13.762598],[-68.97708,-13.758154],[-68.990654,-13.752676],[-68.989559,-13.749617],[-68.995811,-13.744494],[-69.00812,-13.738425],[-69.014669,-13.739783],[-69.020705,-13.737894],[-69.025947,-13.739293],[-69.030439,-13.731873],[-69.035502,-13.716201],[-69.048291,-13.710389],[-69.050176,-13.704555],[-69.055732,-13.702211],[-69.053266,-13.698264],[-69.054809,-13.693742],[-69.066119,-13.688314],[-69.062281,-13.667661],[-69.063585,-13.661425],[-69.06103,-13.656958],[-69.0534,-13.655546],[-69.049006,-13.646986],[-69.037215,-13.640283],[-69.036596,-13.647539],[-69.033004,-13.653861],[-69.026594,-13.650955],[-69.020993,-13.657268],[-69.009589,-13.652036],[-69.001913,-13.653518],[-68.993008,-13.649857],[-68.996547,-13.640287],[-68.990814,-13.635748],[-68.991912,-13.632697],[-68.998367,-13.632449],[-69.00517,-13.62484],[-68.999657,-13.623699],[-68.998575,-13.617872],[-68.991583,-13.618189],[-68.987937,-13.612279],[-68.979852,-13.609527],[-68.972436,-13.609441],[-68.975281,-13.604141],[-68.970445,-13.601373],[-68.966755,-13.604892],[-68.952025,-13.602894],[-68.957637,-13.592201],[-68.957359,-13.587978],[-68.953611,-13.582322],[-68.953529,-13.576791],[-68.945805,-13.568578],[-68.945478,-13.558496],[-68.949402,-13.553939],[-68.948814,-13.550617],[-68.943694,-13.545714],[-68.942563,-13.538194],[-68.939863,-13.532123],[-68.942406,-13.527859],[-68.940827,-13.522282],[-68.933139,-13.523],[-68.925861,-13.517648],[-68.92083,-13.517603],[-68.918365,-13.523904],[-68.914625,-13.513364],[-68.918111,-13.50588],[-68.912678,-13.504773],[-68.913805,-13.498848],[-68.90952,-13.497044],[-68.912393,-13.490211],[-68.91725,-13.486526],[-68.902068,-13.471527],[-68.902277,-13.462879],[-68.896428,-13.462103],[-68.901451,-13.449779],[-68.905838,-13.448244],[-68.903961,-13.441353],[-68.899734,-13.446713],[-68.896428,-13.443078],[-68.900519,-13.435221],[-68.895355,-13.431701],[-68.891006,-13.425299],[-68.895781,-13.422135],[-68.894986,-13.416775],[-68.897553,-13.413781],[-68.888834,-13.402611],[-68.884422,-13.390951],[-68.885418,-13.384281],[-68.883156,-13.381406],[-68.884742,-13.376096],[-68.880439,-13.372035],[-68.873803,-13.360312],[-68.868797,-13.359242],[-68.873537,-13.348281],[-68.878814,-13.345305],[-68.878037,-13.340713],[-68.873191,-13.335963],[-68.87805,-13.332166],[-68.87757,-13.327236],[-68.871904,-13.325234],[-68.868367,-13.318234],[-68.863783,-13.320357],[-68.862416,-13.314459],[-68.859406,-13.312287],[-68.862725,-13.301957],[-68.866951,-13.302266],[-68.867778,-13.297026],[-68.85806,-13.296349],[-68.857179,-13.292208],[-68.860787,-13.288087],[-68.857896,-13.280009],[-68.861156,-13.274699],[-68.858573,-13.269922],[-68.854329,-13.273571],[-68.849306,-13.269102],[-68.858347,-13.267605],[-68.859516,-13.25596],[-68.855354,-13.249604],[-68.847932,-13.248702],[-68.845451,-13.245914],[-68.848773,-13.238164],[-68.857671,-13.234535],[-68.853714,-13.222419],[-68.862982,-13.223187],[-68.85962,-13.211491],[-68.854667,-13.216882],[-68.852221,-13.210696],[-68.855125,-13.202739],[-68.85974,-13.198085],[-68.86147,-13.191461],[-68.865687,-13.190725],[-68.867816,-13.185374],[-68.871495,-13.18249],[-68.863519,-13.177079],[-68.860336,-13.173141],[-68.87074,-13.167651],[-68.866204,-13.164866],[-68.866642,-13.159118],[-68.86145,-13.152434],[-68.864215,-13.147362],[-68.869924,-13.146904],[-68.866642,-13.139306],[-68.866881,-13.134989],[-68.874121,-13.132662],[-68.871177,-13.124089],[-68.866403,-13.119991],[-68.874519,-13.115675],[-68.871117,-13.111239],[-68.866005,-13.111458],[-68.859799,-13.095664],[-68.868611,-13.08007],[-68.860555,-13.073207],[-68.860973,-13.069388],[-68.856358,-13.067439],[-68.854389,-13.060735],[-68.86151,-13.056319],[-68.86338,-13.048661],[-68.86157,-13.045698],[-68.850968,-13.048661],[-68.854389,-13.040426],[-68.850291,-13.03798],[-68.851664,-13.03245],[-68.856816,-13.031933],[-68.859939,-13.034678],[-68.865687,-13.032748],[-68.865986,-13.029208],[-68.859302,-13.026443],[-68.858447,-13.021947],[-68.852917,-13.016855],[-68.858626,-13.013414],[-68.869307,-13.018864],[-68.874996,-13.013832],[-68.867875,-13.007506],[-68.871873,-13.003926],[-68.879447,-13.007568],[-68.927398,-13.028881],[-69.002068,-13.061057],[-69.048592,-13.080873],[-69.113801,-13.109816],[-69.220162,-13.155727],[-69.3106,-13.195783],[-69.44725,-13.255043],[-69.45523,-13.258852],[-69.502113,-13.278477],[-69.507439,-13.28107],[-69.647227,-13.341242],[-69.652761,-13.341001],[-69.698639,-13.32748],[-69.727074,-13.318514],[-69.737068,-13.315879],[-69.765664,-13.306916],[-69.779096,-13.30335],[-69.884369,-13.271768],[-69.895463,-13.268818],[-69.974162,-13.245102],[-69.978531,-13.244164],[-70.000008,-13.234504],[-70.032555,-13.223748],[-70.108891,-13.201144],[-70.210541,-13.17107],[-70.236514,-13.163029],[-70.264359,-13.155199],[-70.402868,-13.114413],[-70.404407,-13.126085],[-70.414477,-13.129317],[-70.417695,-13.13309],[-70.411814,-13.138638],[-70.406821,-13.138416],[-70.393729,-13.129983],[-70.389662,-13.131538],[-70.390755,-13.13827],[-70.400594,-13.151159],[-70.396854,-13.158063],[-70.389892,-13.16163],[-70.385577,-13.167039],[-70.386267,-13.171527],[-70.383218,-13.181308],[-70.384311,-13.187125],[-70.388467,-13.192389],[-70.384464,-13.204736],[-70.390009,-13.21534],[-70.390659,-13.222038],[-70.387947,-13.225163],[-70.390626,-13.232108],[-70.400528,-13.234744],[-70.417365,-13.243601],[-70.422023,-13.249936],[-70.422955,-13.254719],[-70.420408,-13.25857],[-70.407924,-13.263042],[-70.407489,-13.26739],[-70.401347,-13.270604],[-70.382401,-13.271613],[-70.370837,-13.276411],[-70.367069,-13.281688],[-70.35816,-13.286347],[-70.354734,-13.291898],[-70.348293,-13.293611],[-70.345072,-13.299778],[-70.346922,-13.30526],[-70.345847,-13.312746],[-70.36674,-13.307126],[-70.372817,-13.313311],[-70.382228,-13.311025],[-70.392836,-13.314161],[-70.401951,-13.32654],[-70.401139,-13.334885],[-70.394755,-13.338155],[-70.392731,-13.344772],[-70.399582,-13.363767],[-70.400073,-13.371739],[-70.417236,-13.361814],[-70.418866,-13.358937],[-70.426314,-13.359608],[-70.432003,-13.35801],[-70.434048,-13.362101],[-70.444404,-13.364562],[-70.450445,-13.364499],[-70.452362,-13.368526],[-70.448367,-13.374694],[-70.446034,-13.381662],[-70.447089,-13.385753],[-70.44255,-13.39336],[-70.448687,-13.397771],[-70.450956,-13.402117],[-70.450764,-13.410843],[-70.457094,-13.416324],[-70.459163,-13.423443],[-70.462334,-13.425801],[-70.467672,-13.435837],[-70.471827,-13.439928],[-70.468663,-13.443028],[-70.457412,-13.444275],[-70.452618,-13.447918],[-70.456245,-13.451588],[-70.456625,-13.456559],[-70.466219,-13.466184],[-70.4691,-13.474259],[-70.4748,-13.478058],[-70.484773,-13.490913],[-70.488795,-13.500381],[-70.495761,-13.501425],[-70.519874,-13.513968],[-70.534032,-13.52527],[-70.539828,-13.53262],[-70.545906,-13.545437],[-70.54595,-13.55317],[-70.542153,-13.559775],[-70.541724,-13.574489],[-70.543625,-13.577635],[-70.550271,-13.576838],[-70.558364,-13.583336],[-70.560373,-13.586614],[-70.569647,-13.587205],[-70.57787,-13.585841],[-70.584238,-13.591244],[-70.585848,-13.596429],[-70.592479,-13.599485],[-70.600719,-13.599076],[-70.607705,-13.604697],[-70.610679,-13.608953],[-70.616191,-13.609062],[-70.621675,-13.617576],[-70.621566,-13.621096],[-70.627475,-13.62775],[-70.636916,-13.632775],[-70.637403,-13.637666],[-70.647866,-13.644832],[-70.648362,-13.650232],[-70.653606,-13.652624],[-70.653913,-13.655936],[-70.660169,-13.65704],[-70.662807,-13.660567],[-70.670658,-13.66207],[-70.680963,-13.658114],[-70.688876,-13.652593],[-70.698261,-13.657285],[-70.715129,-13.662254],[-70.714252,-13.677209],[-70.72094,-13.683007],[-70.721235,-13.700156],[-70.723882,-13.703173],[-70.731345,-13.70668],[-70.735645,-13.711784],[-70.733537,-13.716084],[-70.732538,-13.728124],[-70.735376,-13.735299],[-70.734747,-13.739017],[-70.72641,-13.747135],[-70.72231,-13.761458],[-70.718401,-13.765776],[-70.721599,-13.769111],[-70.71493,-13.772309],[-70.707902,-13.782513],[-70.705185,-13.792561],[-70.698858,-13.803168],[-70.703026,-13.813327],[-70.704217,-13.821515],[-70.708558,-13.8281],[-70.70951,-13.84048],[-70.721361,-13.829342],[-70.732609,-13.823414],[-70.735924,-13.824248],[-70.742834,-13.820102],[-70.751914,-13.816482],[-70.768375,-13.814332],[-70.778521,-13.815066],[-70.787256,-13.817662],[-70.794494,-13.818059],[-70.796314,-13.82215],[-70.804414,-13.820166],[-70.811043,-13.821787],[-70.817906,-13.820525],[-70.819664,-13.823709],[-70.826555,-13.827236],[-70.834971,-13.824328],[-70.83892,-13.819959],[-70.847064,-13.816971],[-70.850271,-13.812786],[-70.85114,-13.801186],[-70.862502,-13.800292],[-70.865171,-13.803538],[-70.873827,-13.809092],[-70.880254,-13.818074],[-70.878431,-13.827984],[-70.881225,-13.832838],[-70.872282,-13.840928],[-70.86128,-13.843311],[-70.853513,-13.853754],[-70.845041,-13.852136],[-70.838745,-13.852813],[-70.831273,-13.858932],[-70.831626,-13.865257],[-70.828419,-13.875729],[-70.825625,-13.87873],[-70.83086,-13.895075],[-70.82709,-13.897702],[-70.818467,-13.898616],[-70.810701,-13.905069],[-70.809673,-13.912264],[-70.811043,-13.918603],[-70.816868,-13.924257],[-70.819912,-13.929408],[-70.824349,-13.931224],[-70.833039,-13.9381],[-70.84019,-13.956424],[-70.845622,-13.9622],[-70.846757,-13.969936],[-70.843938,-13.975368],[-70.847548,-13.986714],[-70.852361,-13.996065],[-70.851983,-14.0005],[-70.840465,-14.007273],[-70.844453,-14.011089],[-70.853535,-14.012859],[-70.861814,-14.026228],[-70.858839,-14.034378],[-70.852879,-14.040919],[-70.850085,-14.052533],[-70.848187,-14.055551],[-70.832597,-14.060662],[-70.829472,-14.076337],[-70.820373,-14.068445],[-70.807565,-14.069092],[-70.795883,-14.072119],[-70.789818,-14.078816],[-70.791347,-14.084037],[-70.80561,-14.099284],[-70.80493,-14.114441],[-70.80893,-14.124199],[-70.813889,-14.126799],[-70.821677,-14.133816],[-70.820899,-14.14],[-70.833982,-14.142942],[-70.84099,-14.14831],[-70.849105,-14.150847],[-70.854401,-14.159243],[-70.863275,-14.16074],[-70.86683,-14.16908],[-70.873619,-14.171352],[-70.88252,-14.168358],[-70.886182,-14.171405],[-70.889609,-14.185045],[-70.8887,-14.188848],[-70.883532,-14.192266],[-70.882144,-14.198786],[-70.88809,-14.206301],[-70.89458,-14.209109],[-70.897508,-14.220126],[-70.896813,-14.224955],[-70.899349,-14.229302],[-70.898556,-14.235691],[-70.892954,-14.237874],[-70.889537,-14.247191],[-70.882103,-14.25379],[-70.880597,-14.259293],[-70.882584,-14.26576],[-70.880581,-14.270882],[-70.889156,-14.27171],[-70.891699,-14.273839],[-70.891699,-14.284011],[-70.896725,-14.291475],[-70.902136,-14.296433],[-70.908085,-14.298488],[-70.913925,-14.304419],[-70.914437,-14.314726],[-70.912968,-14.32758],[-70.907827,-14.333974],[-70.912182,-14.341473],[-70.917706,-14.344724],[-70.926416,-14.340071],[-70.933257,-14.342812],[-70.942879,-14.351939],[-70.948318,-14.352598],[-70.962577,-14.361845],[-70.970482,-14.378284],[-70.985205,-14.37915],[-70.981394,-14.385229],[-70.978692,-14.394484],[-70.985821,-14.406726],[-70.978169,-14.417147],[-70.973964,-14.41802],[-70.971927,-14.422306],[-70.974005,-14.428518],[-70.966358,-14.435222],[-70.965844,-14.440255],[-70.962503,-14.444817],[-70.969571,-14.447302],[-70.981373,-14.449015],[-70.98809,-14.455939],[-70.988454,-14.461225],[-70.985013,-14.465396],[-70.982665,-14.475812],[-70.989161,-14.489442],[-70.986585,-14.495732],[-70.988021,-14.499652],[-70.999166,-14.502273],[-70.996728,-14.505692],[-70.988232,-14.526295],[-70.979101,-14.538526],[-70.982368,-14.543072],[-70.981572,-14.548517],[-70.973761,-14.554047],[-70.966116,-14.568336],[-70.972528,-14.570003],[-70.97534,-14.580346],[-70.979787,-14.582978],[-70.990724,-14.578648],[-70.993563,-14.573558],[-71.00145,-14.572215],[-71.01471,-14.577978],[-71.020431,-14.585345],[-71.015105,-14.588285],[-71.009865,-14.596695],[-71.014948,-14.596757],[-71.019216,-14.593274],[-71.024896,-14.591925],[-71.031042,-14.593263],[-71.042754,-14.601381],[-71.05017,-14.610145],[-71.051959,-14.614218],[-71.069368,-14.626046],[-71.073905,-14.631446],[-71.080687,-14.629896],[-71.109725,-14.634221],[-71.112978,-14.643926],[-71.117941,-14.648918],[-71.115128,-14.657598],[-71.113676,-14.666732],[-71.110107,-14.673537],[-71.104814,-14.677529],[-71.101518,-14.685665],[-71.097434,-14.685242],[-71.091627,-14.690625],[-71.087761,-14.697146],[-71.08951,-14.713188],[-71.082282,-14.718753],[-71.074124,-14.727709],[-71.06767,-14.731534],[-71.063218,-14.736524],[-71.061854,-14.741963],[-71.057156,-14.750928],[-71.05324,-14.75433],[-71.035694,-14.752117],[-71.032419,-14.759127],[-71.027763,-14.760075],[-71.021809,-14.752902],[-71.020699,-14.746758],[-71.013093,-14.739694],[-71.00879,-14.743375],[-71.001619,-14.744319],[-70.996938,-14.748277],[-70.990013,-14.750226],[-70.981529,-14.755488],[-70.975483,-14.764134],[-70.976501,-14.771146],[-70.980654,-14.773771],[-70.980928,-14.77945],[-70.983709,-14.786031],[-70.980281,-14.792612],[-70.980399,-14.799604],[-70.977324,-14.80783],[-70.979185,-14.810435],[-70.977226,-14.817231],[-70.979267,-14.825146],[-70.993835,-14.829164],[-70.995778,-14.831369],[-70.991893,-14.840294],[-70.996592,-14.843943],[-70.991473,-14.860902],[-70.992924,-14.865997],[-70.993076,-14.878085],[-70.996608,-14.885697],[-70.994855,-14.899043],[-70.992001,-14.905871],[-70.988552,-14.909082],[-70.986292,-14.915481],[-70.99057,-14.926872],[-70.986723,-14.937032],[-70.98474,-14.946068],[-70.996639,-14.953934],[-70.996255,-14.963717],[-71.00405,-14.971877],[-71.003068,-14.984662],[-71.003928,-15.001353],[-70.999765,-15.01199],[-70.996574,-15.01673],[-70.996787,-15.028825],[-70.993961,-15.033566],[-70.99314,-15.042348],[-70.996547,-15.05435],[-70.99642,-15.059118],[-70.991905,-15.070626],[-70.994576,-15.080672],[-70.992942,-15.08792],[-70.994363,-15.093381],[-70.984821,-15.103236],[-70.980323,-15.10635],[-70.978642,-15.111368],[-70.978553,-15.125429],[-70.977058,-15.126844],[-70.97754,-15.144661],[-70.98201,-15.147104],[-70.979979,-15.155387],[-70.976048,-15.159951],[-70.976231,-15.175642],[-70.971898,-15.179876],[-70.973237,-15.186241],[-70.971862,-15.198791],[-70.966721,-15.203988],[-70.966787,-15.210929],[-70.962502,-15.215637],[-70.965077,-15.218952],[-70.966399,-15.225892],[-70.970324,-15.233065],[-70.975612,-15.236874],[-70.97709,-15.241911],[-70.981701,-15.243064],[-70.985281,-15.24903],[-70.982991,-15.25603],[-70.976767,-15.260955],[-70.977252,-15.266787],[-70.973423,-15.275025],[-70.960759,-15.281188],[-70.952299,-15.289843],[-70.950032,-15.298259],[-70.951006,-15.306633],[-70.95793,-15.318227],[-70.977553,-15.320415],[-70.983886,-15.316649],[-71.006119,-15.335227],[-71.012277,-15.343752],[-71.019181,-15.365851],[-71.019882,-15.373259],[-71.025688,-15.377463],[-71.036417,-15.391951],[-71.038971,-15.405166],[-71.036545,-15.411895],[-71.029999,-15.421625],[-71.027122,-15.432039],[-71.023209,-15.435263],[-71.015396,-15.436401],[-71.005913,-15.441683],[-71.003555,-15.446116],[-70.999039,-15.448029],[-70.993957,-15.454842],[-70.992622,-15.460508],[-70.994469,-15.469877],[-71.005691,-15.482671],[-71.015175,-15.489165],[-71.018364,-15.500022],[-71.017731,-15.502879],[-71.010254,-15.511311],[-71.008034,-15.51924],[-71.014206,-15.522014],[-71.017952,-15.527845],[-71.014091,-15.535617],[-71.014091,-15.539555],[-71.007194,-15.54295],[-71.004761,-15.553513],[-71.007866,-15.558806],[-71.008179,-15.563969],[-71.001434,-15.575842],[-70.995697,-15.579096],[-70.992088,-15.585566],[-70.985336,-15.592404],[-70.983032,-15.597043],[-70.976219,-15.602455],[-70.966476,-15.606708],[-70.961281,-15.606213],[-70.95507,-15.611155],[-70.949104,-15.613218],[-70.94532,-15.617189],[-70.938858,-15.6185],[-70.938454,-15.62276],[-70.931427,-15.628887],[-70.923996,-15.632997],[-70.917984,-15.643801],[-70.916344,-15.652199],[-70.915871,-15.663887],[-70.918251,-15.673441],[-70.916985,-15.677555],[-70.917564,-15.687381],[-70.909195,-15.703785],[-70.900131,-15.712147],[-70.900772,-15.720887],[-70.902824,-15.725867],[-70.903908,-15.735352],[-70.907188,-15.739701],[-70.915573,-15.741914],[-70.921844,-15.745471],[-70.925697,-15.752686],[-70.926674,-15.759685],[-70.93322,-15.770674],[-70.942268,-15.774552],[-70.936142,-15.78484],[-70.919823,-15.799978],[-70.919838,-15.80558],[-70.907013,-15.829021],[-70.906235,-15.833317],[-70.900795,-15.838427],[-70.895233,-15.847776],[-70.890434,-15.852834],[-70.89537,-15.859915],[-70.893852,-15.863246],[-70.894295,-15.873499],[-70.896263,-15.876713],[-70.893822,-15.886908],[-70.88591,-15.893465],[-70.881142,-15.892323],[-70.874969,-15.88763],[-70.865784,-15.889386],[-70.860489,-15.90288],[-70.855446,-15.905796],[-70.848824,-15.916986],[-70.847984,-15.921868],[-70.843277,-15.923256],[-70.843254,-15.928716],[-70.839806,-15.933523],[-70.839172,-15.944252],[-70.832199,-15.949096],[-70.838386,-15.955149],[-70.842651,-15.967434],[-70.841949,-15.970999],[-70.826546,-15.97851],[-70.820198,-15.978468],[-70.811174,-15.986676],[-70.804291,-15.984665],[-70.803631,-15.978425],[-70.796618,-15.97853],[-70.793206,-15.986095],[-70.795352,-15.992397],[-70.78972,-15.996509],[-70.786547,-16.001637],[-70.77961,-16.00696],[-70.7781,-16.01125],[-70.77071,-16.01308],[-70.76864,-16.0168],[-70.76087,-16.01657],[-70.756396,-16.013519],[-70.75106,-16.01596],[-70.74156,-16.01606],[-70.73597,-16.02016],[-70.72859,-16.03141],[-70.71844,-16.03405],[-70.705402,-16.031758],[-70.7013,-16.02845],[-70.696004,-16.027447],[-70.692119,-16.022953],[-70.682936,-16.021287],[-70.679228,-16.016816],[-70.66918,-16.01378],[-70.66679,-16.00915],[-70.66074,-16.00408],[-70.65684,-16.0038],[-70.64976,-15.99548],[-70.643318,-15.989736],[-70.637754,-15.990924],[-70.62477,-16.00302],[-70.618382,-16.000397],[-70.61273,-15.994977],[-70.603971,-15.992209],[-70.592314,-15.991572],[-70.587486,-15.987936],[-70.578559,-15.99073],[-70.56997,-15.98898],[-70.562672,-15.983758],[-70.560225,-15.988298],[-70.549293,-15.995184],[-70.544418,-16.000836],[-70.538842,-16.010453],[-70.530916,-16.014159],[-70.526075,-16.026723],[-70.519459,-16.032534],[-70.511948,-16.029767],[-70.508302,-16.032886],[-70.507714,-16.037775],[-70.502412,-16.037914],[-70.494903,-16.040661],[-70.48256,-16.039475],[-70.469754,-16.049828],[-70.463055,-16.049622],[-70.454123,-16.041903],[-70.450404,-16.036971],[-70.445197,-16.033775],[-70.439203,-16.038081],[-70.435069,-16.060151],[-70.429818,-16.0631],[-70.427647,-16.067433],[-70.420098,-16.069876],[-70.417529,-16.074411],[-70.40979,-16.076346],[-70.402876,-16.089065],[-70.40666,-16.10166],[-70.401287,-16.102527],[-70.40554,-16.117778],[-70.408302,-16.120796],[-70.404239,-16.136602],[-70.401942,-16.14903],[-70.399368,-16.152235],[-70.389651,-16.156237],[-70.384111,-16.167548],[-70.373753,-16.175917],[-70.36723,-16.189256],[-70.36882,-16.198983],[-70.359196,-16.20863],[-70.355771,-16.20825],[-70.340279,-16.200903],[-70.33077,-16.202886],[-70.324529,-16.215913],[-70.324524,-16.220679],[-70.327432,-16.225788],[-70.327838,-16.234819],[-70.334171,-16.237576],[-70.336256,-16.24507],[-70.341756,-16.249963],[-70.345135,-16.256102],[-70.340376,-16.268832],[-70.342708,-16.275804],[-70.343051,-16.283276],[-70.3478,-16.290837],[-70.344151,-16.297026],[-70.346848,-16.301407],[-70.345634,-16.30914],[-70.342708,-16.3119],[-70.338758,-16.322798],[-70.34369,-16.336862],[-70.346184,-16.338816],[-70.345611,-16.348139],[-70.348325,-16.354771],[-70.356604,-16.362226],[-70.357817,-16.368317],[-70.370595,-16.36865],[-70.371475,-16.374528],[-70.377183,-16.381841],[-70.382114,-16.384955],[-70.373006,-16.39045],[-70.367002,-16.392207],[-70.356554,-16.400271],[-70.360888,-16.410831],[-70.350322,-16.415716],[-70.341321,-16.414637],[-70.333402,-16.411447],[-70.325052,-16.417525],[-70.315893,-16.431591],[-70.316735,-16.444399],[-70.308279,-16.445907],[-70.30684,-16.451135],[-70.311147,-16.456512],[-70.313752,-16.466469],[-70.30117,-16.478672],[-70.287016,-16.483311],[-70.282279,-16.487767],[-70.258728,-16.498156],[-70.246535,-16.501999],[-70.243527,-16.50447],[-70.233146,-16.504617],[-70.228666,-16.506076],[-70.225494,-16.510682],[-70.220186,-16.513303],[-70.213702,-16.523802],[-70.200495,-16.53959],[-70.185387,-16.537196],[-70.181564,-16.541799],[-70.179901,-16.55797],[-70.175701,-16.56072],[-70.176217,-16.574473],[-70.173121,-16.583381],[-70.176355,-16.593328],[-70.168874,-16.601929],[-70.168702,-16.609616],[-70.165706,-16.613324],[-70.157921,-16.616001],[-70.148761,-16.615313],[-70.142744,-16.620471],[-70.137832,-16.628575],[-70.121378,-16.637195],[-70.117547,-16.637735],[-70.109173,-16.642819],[-70.105121,-16.647632],[-70.095608,-16.653101],[-70.087845,-16.655232],[-70.082834,-16.648414],[-70.074643,-16.641909],[-70.067402,-16.63842],[-70.058357,-16.639662],[-70.055197,-16.637923],[-70.051278,-16.629089],[-70.046973,-16.627965],[-70.035988,-16.633718],[-70.030636,-16.634724],[-70.025273,-16.631234],[-70.017831,-16.639071],[-70.013838,-16.639919],[-70.011352,-16.645457],[-70.004893,-16.65027],[-70.001472,-16.656574],[-69.998391,-16.675148],[-70.011767,-16.688484],[-70.010453,-16.699896],[-70.006266,-16.701478],[-69.998349,-16.707837],[-69.995052,-16.72079],[-69.995563,-16.729776],[-69.999186,-16.731075],[-70.006957,-16.739208],[-70.011881,-16.741849],[-70.02689,-16.740296],[-70.035542,-16.74289],[-70.032209,-16.752925],[-70.039542,-16.75609],[-70.044174,-16.762824],[-70.050857,-16.763657],[-70.057125,-16.770164],[-70.054188,-16.773737],[-70.057328,-16.786525],[-70.062035,-16.792672],[-70.06956,-16.798447],[-70.081612,-16.801732],[-70.085331,-16.80882],[-70.091086,-16.812118],[-70.090033,-16.822995],[-70.091331,-16.843591],[-70.090665,-16.858925],[-70.09263,-16.862679],[-70.091112,-16.870924],[-70.094434,-16.879916],[-70.094279,-16.890925],[-70.105597,-16.897264],[-70.109426,-16.90313],[-70.113565,-16.917829],[-70.118056,-16.923758],[-70.127982,-16.930517],[-70.132267,-16.934768],[-70.146625,-16.93873],[-70.145588,-16.942688],[-70.13342,-16.94527],[-70.127041,-16.950967],[-70.125416,-16.956523],[-70.118777,-16.960113],[-70.119098,-16.968638],[-70.117092,-16.972609],[-70.106009,-16.977118],[-70.09577,-16.985226],[-70.098479,-16.994594],[-70.096051,-16.998522],[-70.099638,-17.006009],[-70.094079,-17.009967],[-70.081955,-17.022262],[-70.073152,-17.034914],[-70.064764,-17.038451],[-70.062197,-17.043559],[-70.046773,-17.056383],[-70.042518,-17.058457],[-70.044228,-17.062873],[-70.041566,-17.077402],[-70.046805,-17.099434],[-70.045787,-17.11156],[-70.041893,-17.119406],[-70.039719,-17.127968],[-70.035185,-17.127207],[-70.031053,-17.123211],[-70.023126,-17.123814],[-70.020288,-17.13179],[-70.011994,-17.141389],[-69.999016,-17.148701],[-69.995775,-17.148201],[-69.987631,-17.151424],[-69.987357,-17.157707],[-69.981364,-17.168622],[-69.973119,-17.165639],[-69.967666,-17.178824],[-69.959926,-17.182504],[-69.958289,-17.186283],[-69.946559,-17.192592],[-69.942797,-17.197838],[-69.938566,-17.20015],[-69.927039,-17.202463],[-69.922381,-17.204617],[-69.917367,-17.209937],[-69.911012,-17.210379],[-69.898135,-17.221074],[-69.889672,-17.221318],[-69.873097,-17.223834],[-69.869144,-17.231613],[-69.858791,-17.233275],[-69.8514,-17.243736],[-69.841697,-17.242549],[-69.831254,-17.243568],[-69.82682,-17.240674],[-69.819666,-17.241355],[-69.810053,-17.233918],[-69.802816,-17.234129],[-69.798732,-17.232008],[-69.788246,-17.236443],[-69.782268,-17.244303],[-69.774346,-17.249943],[-69.764975,-17.264016],[-69.766152,-17.271777],[-69.761838,-17.280435],[-69.749963,-17.28575],[-69.744881,-17.289814],[-69.73167,-17.294967],[-69.715629,-17.291631],[-69.711453,-17.28631],[-69.711076,-17.281943],[-69.703766,-17.277998],[-69.693598,-17.274643],[-69.689281,-17.278498],[-69.678768,-17.278178],[-69.669744,-17.274289],[-69.664373,-17.274797],[-69.654738,-17.270779],[-69.646094,-17.286154],[-69.64132,-17.28745]]],[[[-68.814217,-16.347986],[-68.814217,-16.319773],[-68.867812,-16.277463],[-68.884697,-16.26566],[-68.918399,-16.233297],[-68.918518,-16.377715],[-68.918389,-16.403721],[-68.814217,-16.347986]]],[[[-69.706551,-15.649305],[-69.715732,-15.650689],[-69.723906,-15.65743],[-69.727197,-15.663441],[-69.724256,-15.672736],[-69.72073,-15.677861],[-69.714951,-15.680842],[-69.70293,-15.676727],[-69.700396,-15.669275],[-69.695051,-15.665734],[-69.692406,-15.661037],[-69.697701,-15.653662],[-69.703432,-15.652869],[-69.706551,-15.649305]]],[[[-69.684853,-15.750801],[-69.696174,-15.753793],[-69.690887,-15.76765],[-69.686672,-15.774139],[-69.682752,-15.785248],[-69.682865,-15.797027],[-69.675486,-15.790605],[-69.676328,-15.767418],[-69.684853,-15.750801]]],[[[-69.694329,-15.892393],[-69.69766,-15.891007],[-69.700638,-15.901537],[-69.700237,-15.907799],[-69.710977,-15.91577],[-69.705866,-15.919238],[-69.702207,-15.913472],[-69.697797,-15.910526],[-69.687105,-15.908408],[-69.683284,-15.910682],[-69.673852,-15.912118],[-69.675814,-15.90801],[-69.694329,-15.892393]]],[[[-68.938713,-16.23383],[-68.945379,-16.227246],[-68.952967,-16.226219],[-68.952449,-16.23376],[-68.946644,-16.243822],[-68.936057,-16.23781],[-68.938713,-16.23383]]],[[[-69.825931,-15.893926],[-69.823243,-15.891003],[-69.824104,-15.881215],[-69.828887,-15.881901],[-69.833474,-15.886783],[-69.831934,-15.894866],[-69.825931,-15.893926]]]]},"properties":{"province":"Puno"}},{"type":"Feature","geometry":{"type":"Polygon","coordinates":[[[-77.695958,-5.411053],[-77.696587,-5.412138],[-77.712703,-5.416411],[-77.723325,-5.414694],[-77.743035,-5.406467],[-77.74672,-5.413787],[-77.751362,-5.419221],[-77.76443,-5.431098],[-77.768451,-5.438049],[-77.759302,-5.446327],[-77.749011,-5.458092],[-77.750833,-5.46419],[-77.765365,-5.470995],[-77.770637,-5.478153],[-77.77157,-5.493921],[-77.765864,-5.50265],[-77.759638,-5.507206],[-77.757113,-5.516004],[-77.765277,-5.532317],[-77.765762,-5.538982],[-77.757261,-5.554652],[-77.751057,-5.568272],[-77.749861,-5.573439],[-77.751676,-5.582264],[-77.744456,-5.587333],[-77.739237,-5.596811],[-77.736891,-5.605139],[-77.737031,-5.614129],[-77.738919,-5.622166],[-77.746219,-5.631393],[-77.752606,-5.637578],[-77.750905,-5.643038],[-77.753911,-5.6495],[-77.754365,-5.658998],[-77.767256,-5.673182],[-77.768623,-5.679467],[-77.773707,-5.685207],[-77.775666,-5.703345],[-77.775148,-5.710752],[-77.765906,-5.716029],[-77.76399,-5.722565],[-77.759359,-5.729848],[-77.761711,-5.742366],[-77.767272,-5.750852],[-77.772242,-5.752865],[-77.760741,-5.769227],[-77.761149,-5.772003],[-77.767174,-5.776275],[-77.770355,-5.788143],[-77.765102,-5.806102],[-77.763929,-5.819709],[-77.760771,-5.824919],[-77.752937,-5.827778],[-77.746138,-5.83511],[-77.740514,-5.835089],[-77.732641,-5.841698],[-77.726416,-5.843982],[-77.719341,-5.843448],[-77.710343,-5.840656],[-77.704664,-5.842167],[-77.694813,-5.840233],[-77.681527,-5.849487],[-77.681133,-5.854861],[-77.677883,-5.859647],[-77.68343,-5.876063],[-77.681544,-5.879161],[-77.672566,-5.885612],[-77.666106,-5.893855],[-77.668887,-5.896811],[-77.667518,-5.904279],[-77.664745,-5.908587],[-77.663294,-5.91767],[-77.657705,-5.929728],[-77.651891,-5.935332],[-77.65636,-5.947995],[-77.659914,-5.955135],[-77.671246,-5.963262],[-77.673577,-5.9703],[-77.669225,-5.980365],[-77.662703,-5.98353],[-77.660626,-5.98845],[-77.649248,-5.992228],[-77.64344,-5.998696],[-77.63914,-6.001079],[-77.632744,-6.000566],[-77.622081,-6.004832],[-77.616237,-6.000918],[-77.607151,-6.00339],[-77.597708,-6.004416],[-77.593456,-6.009347],[-77.597974,-6.027817],[-77.596362,-6.033331],[-77.586199,-6.036917],[-77.582241,-6.03273],[-77.572677,-6.033478],[-77.56878,-6.028755],[-77.565133,-6.029178],[-77.557951,-6.039596],[-77.558006,-6.04641],[-77.554735,-6.050729],[-77.542228,-6.052788],[-77.541493,-6.059503],[-77.538025,-6.063107],[-77.533809,-6.063371],[-77.518844,-6.055943],[-77.515875,-6.047553],[-77.510539,-6.039482],[-77.509752,-6.032496],[-77.502674,-6.032004],[-77.494334,-6.028938],[-77.489758,-6.02886],[-77.486427,-6.020173],[-77.487309,-6.011169],[-77.478615,-6.000894],[-77.47358,-6.000051],[-77.471854,-6.006754],[-77.46675,-6.012155],[-77.467508,-6.019615],[-77.459435,-6.023613],[-77.455308,-6.029697],[-77.455301,-6.034448],[-77.449237,-6.044434],[-77.445746,-6.046227],[-77.434463,-6.060412],[-77.429638,-6.061125],[-77.429076,-6.05194],[-77.421847,-6.049208],[-77.421503,-6.037045],[-77.419305,-6.032381],[-77.410316,-6.036232],[-77.404606,-6.034734],[-77.395498,-6.039377],[-77.393327,-6.049402],[-77.389289,-6.057812],[-77.382418,-6.063469],[-77.385454,-6.068642],[-77.3805,-6.079986],[-77.372972,-6.077495],[-77.368381,-6.074119],[-77.36045,-6.072188],[-77.351216,-6.090192],[-77.34657,-6.108419],[-77.346428,-6.114341],[-77.332411,-6.112182],[-77.329858,-6.115604],[-77.32524,-6.116335],[-77.316872,-6.125551],[-77.311066,-6.126295],[-77.306149,-6.131115],[-77.301206,-6.133131],[-77.290003,-6.133131],[-77.281533,-6.141718],[-77.272876,-6.138737],[-77.261988,-6.139397],[-77.253827,-6.13851],[-77.245203,-6.147474],[-77.240654,-6.149762],[-77.233864,-6.148759],[-77.229206,-6.14376],[-77.222985,-6.146896],[-77.218637,-6.155987],[-77.212125,-6.160832],[-77.210857,-6.166961],[-77.205299,-6.172466],[-77.202567,-6.182026],[-77.212017,-6.187352],[-77.218409,-6.19268],[-77.219093,-6.195732],[-77.214217,-6.202529],[-77.212419,-6.214186],[-77.199996,-6.231179],[-77.190443,-6.239356],[-77.180853,-6.24534],[-77.17407,-6.246529],[-77.169083,-6.255014],[-77.170791,-6.265199],[-77.160612,-6.269445],[-77.155352,-6.274491],[-77.147614,-6.286216],[-77.138899,-6.29173],[-77.132725,-6.302421],[-77.133199,-6.315981],[-77.132303,-6.322551],[-77.137634,-6.332867],[-77.143754,-6.342355],[-77.144347,-6.349097],[-77.149124,-6.35345],[-77.149412,-6.358939],[-77.162415,-6.372941],[-77.163411,-6.378081],[-77.171732,-6.38117],[-77.181481,-6.378459],[-77.193194,-6.381524],[-77.208236,-6.375184],[-77.221456,-6.381133],[-77.225215,-6.372717],[-77.22925,-6.369336],[-77.23347,-6.359932],[-77.241276,-6.35264],[-77.243653,-6.33812],[-77.247451,-6.336012],[-77.254671,-6.33645],[-77.260008,-6.327706],[-77.266814,-6.330282],[-77.272445,-6.327732],[-77.279926,-6.327884],[-77.28666,-6.331023],[-77.285753,-6.347051],[-77.280983,-6.363072],[-77.282549,-6.373336],[-77.275466,-6.382201],[-77.278261,-6.388032],[-77.274952,-6.395635],[-77.273159,-6.406531],[-77.287429,-6.418133],[-77.290159,-6.421956],[-77.298029,-6.425489],[-77.30179,-6.436646],[-77.304602,-6.451323],[-77.31057,-6.458531],[-77.315538,-6.459673],[-77.326357,-6.468027],[-77.33285,-6.491462],[-77.330483,-6.497493],[-77.332461,-6.509716],[-77.335633,-6.515547],[-77.335152,-6.522328],[-77.339059,-6.528511],[-77.343031,-6.538053],[-77.344847,-6.547229],[-77.350791,-6.553542],[-77.354898,-6.560587],[-77.360955,-6.565068],[-77.378676,-6.567434],[-77.383916,-6.573378],[-77.387584,-6.587572],[-77.391503,-6.59335],[-77.39387,-6.602688],[-77.400877,-6.604456],[-77.408622,-6.602915],[-77.415838,-6.604218],[-77.425741,-6.602494],[-77.436149,-6.605217],[-77.435654,-6.61807],[-77.428716,-6.626348],[-77.423693,-6.638062],[-77.41126,-6.643577],[-77.407656,-6.646332],[-77.404699,-6.65424],[-77.404986,-6.663054],[-77.397728,-6.669349],[-77.393598,-6.679115],[-77.389719,-6.681674],[-77.38544,-6.692661],[-77.381733,-6.697589],[-77.385991,-6.702096],[-77.396075,-6.704787],[-77.400135,-6.708453],[-77.403875,-6.724251],[-77.407146,-6.726775],[-77.415269,-6.714676],[-77.418658,-6.708076],[-77.427509,-6.702842],[-77.43736,-6.700986],[-77.454659,-6.681688],[-77.46294,-6.679666],[-77.475482,-6.683628],[-77.482356,-6.681476],[-77.489421,-6.67562],[-77.496766,-6.674055],[-77.505222,-6.67562],[-77.510656,-6.672339],[-77.517175,-6.673628],[-77.520616,-6.679536],[-77.534969,-6.674035],[-77.544074,-6.676996],[-77.550069,-6.671839],[-77.551269,-6.666791],[-77.558377,-6.659637],[-77.561142,-6.654612],[-77.563698,-6.644085],[-77.568765,-6.638218],[-77.575779,-6.634531],[-77.583903,-6.634627],[-77.5989,-6.623121],[-77.603179,-6.61633],[-77.612337,-6.612261],[-77.616637,-6.613683],[-77.628145,-6.612562],[-77.636646,-6.616859],[-77.639807,-6.620982],[-77.651773,-6.629986],[-77.660518,-6.641506],[-77.659833,-6.649659],[-77.662662,-6.6599],[-77.673146,-6.665928],[-77.679156,-6.673828],[-77.693363,-6.678525],[-77.701934,-6.676762],[-77.70966,-6.67202],[-77.712911,-6.667521],[-77.715935,-6.659123],[-77.726363,-6.654242],[-77.733203,-6.648036],[-77.738965,-6.646469],[-77.73874,-6.652957],[-77.745606,-6.665158],[-77.745966,-6.671555],[-77.742336,-6.677987],[-77.741055,-6.686688],[-77.744728,-6.692328],[-77.743168,-6.699366],[-77.743796,-6.706619],[-77.7395,-6.7111],[-77.745789,-6.728445],[-77.748109,-6.744925],[-77.746714,-6.751838],[-77.737169,-6.760329],[-77.735207,-6.777949],[-77.731933,-6.78196],[-77.735324,-6.788291],[-77.759481,-6.79327],[-77.764717,-6.798441],[-77.761718,-6.807748],[-77.751161,-6.822469],[-77.747589,-6.83219],[-77.740143,-6.844088],[-77.740978,-6.853917],[-77.736867,-6.863603],[-77.73163,-6.866381],[-77.733237,-6.873833],[-77.728771,-6.881286],[-77.723325,-6.893456],[-77.718107,-6.896608],[-77.707309,-6.908847],[-77.714285,-6.915444],[-77.715267,-6.920655],[-77.727202,-6.924733],[-77.733816,-6.928577],[-77.739852,-6.93549],[-77.738384,-6.948343],[-77.745689,-6.956202],[-77.758934,-6.964508],[-77.755572,-6.969818],[-77.755059,-6.976696],[-77.747095,-6.986717],[-77.747821,-6.993973],[-77.744357,-6.998232],[-77.74768,-7.004715],[-77.743842,-7.013164],[-77.74566,-7.01955],[-77.740405,-7.026514],[-77.740776,-7.033082],[-77.731937,-7.048719],[-77.727238,-7.053224],[-77.723831,-7.059599],[-77.717187,-7.065242],[-77.709568,-7.066397],[-77.706743,-7.072474],[-77.709358,-7.078443],[-77.717608,-7.086358],[-77.713202,-7.101613],[-77.713379,-7.107887],[-77.700723,-7.117869],[-77.694126,-7.121211],[-77.689101,-7.121325],[-77.681262,-7.131642],[-77.664866,-7.138022],[-77.652681,-7.146541],[-77.643534,-7.149001],[-77.63946,-7.153768],[-77.638628,-7.161197],[-77.633631,-7.170029],[-77.628493,-7.169577],[-77.620824,-7.172573],[-77.615419,-7.179443],[-77.618537,-7.183241],[-77.621049,-7.191631],[-77.614383,-7.20147],[-77.612981,-7.206368],[-77.607382,-7.206113],[-77.607806,-7.21034],[-77.60553,-7.219162],[-77.616656,-7.226449],[-77.623863,-7.227333],[-77.636246,-7.235676],[-77.637642,-7.242934],[-77.646746,-7.24074],[-77.645125,-7.253455],[-77.637338,-7.254504],[-77.64692,-7.269608],[-77.639506,-7.280514],[-77.637233,-7.289901],[-77.634875,-7.292677],[-77.635489,-7.300376],[-77.633592,-7.308818],[-77.628646,-7.320024],[-77.62864,-7.323261],[-77.634539,-7.32576],[-77.632464,-7.330747],[-77.635289,-7.340685],[-77.639082,-7.343256],[-77.634826,-7.350129],[-77.635709,-7.357446],[-77.629415,-7.381498],[-77.627562,-7.383548],[-77.621678,-7.397365],[-77.624747,-7.40113],[-77.627061,-7.410114],[-77.630379,-7.413269],[-77.61365,-7.419949],[-77.614312,-7.423606],[-77.610271,-7.434858],[-77.600749,-7.443904],[-77.598968,-7.44851],[-77.592934,-7.443489],[-77.584666,-7.449941],[-77.5779,-7.452037],[-77.56932,-7.456601],[-77.559537,-7.464817],[-77.554303,-7.478388],[-77.55349,-7.485151],[-77.549526,-7.495895],[-77.542662,-7.497123],[-77.539077,-7.507385],[-77.533925,-7.508655],[-77.526918,-7.504839],[-77.522468,-7.506862],[-77.529128,-7.516192],[-77.529856,-7.536355],[-77.53414,-7.546566],[-77.533904,-7.55488],[-77.54019,-7.562903],[-77.540559,-7.567218],[-77.536932,-7.571293],[-77.54039,-7.575602],[-77.536705,-7.582281],[-77.529703,-7.578857],[-77.522248,-7.57706],[-77.515449,-7.583776],[-77.50932,-7.581589],[-77.506149,-7.586073],[-77.502463,-7.583018],[-77.496027,-7.5836],[-77.491313,-7.594976],[-77.485764,-7.603992],[-77.49419,-7.613606],[-77.500265,-7.612928],[-77.504407,-7.615333],[-77.510235,-7.611432],[-77.521687,-7.612684],[-77.528389,-7.61595],[-77.529184,-7.620352],[-77.525577,-7.624328],[-77.522709,-7.631825],[-77.528294,-7.64132],[-77.536562,-7.644109],[-77.537717,-7.650903],[-77.531755,-7.652942],[-77.526786,-7.657689],[-77.521699,-7.654382],[-77.511264,-7.657732],[-77.507946,-7.67143],[-77.509475,-7.676536],[-77.49789,-7.686355],[-77.488629,-7.68525],[-77.479384,-7.681098],[-77.476807,-7.677386],[-77.466527,-7.674881],[-77.460733,-7.680298],[-77.459237,-7.686904],[-77.461279,-7.691371],[-77.466232,-7.689871],[-77.471488,-7.691453],[-77.484529,-7.699714],[-77.485062,-7.706441],[-77.482762,-7.711957],[-77.482936,-7.719349],[-77.487694,-7.726604],[-77.495677,-7.73195],[-77.495513,-7.737058],[-77.518286,-7.751782],[-77.524023,-7.752318],[-77.527777,-7.757583],[-77.524558,-7.761957],[-77.525469,-7.768342],[-77.511171,-7.76896],[-77.504738,-7.772888],[-77.505324,-7.778632],[-77.49797,-7.785518],[-77.493131,-7.785763],[-77.48966,-7.793933],[-77.482451,-7.796519],[-77.479834,-7.803292],[-77.472137,-7.803023],[-77.468238,-7.807475],[-77.457943,-7.810933],[-77.45023,-7.808342],[-77.442861,-7.813642],[-77.442619,-7.824187],[-77.435597,-7.82935],[-77.436186,-7.83336],[-77.431573,-7.841736],[-77.437852,-7.84701],[-77.437462,-7.851716],[-77.426567,-7.8685],[-77.423888,-7.879182],[-77.413297,-7.894014],[-77.410784,-7.900525],[-77.406783,-7.902493],[-77.401653,-7.898454],[-77.388827,-7.907697],[-77.378547,-7.907408],[-77.376909,-7.908821],[-77.375367,-7.920064],[-77.382659,-7.92514],[-77.38657,-7.936325],[-77.385558,-7.943855],[-77.390522,-7.947313],[-77.389774,-7.956985],[-77.387807,-7.963811],[-77.397002,-7.969473],[-77.400508,-7.976672],[-77.400495,-7.983005],[-77.40713,-7.991986],[-77.406409,-7.997074],[-77.399614,-8.008062],[-77.394348,-8.008877],[-77.38805,-8.019905],[-77.377758,-8.026719],[-77.37523,-8.032558],[-77.381297,-8.037888],[-77.381155,-8.045118],[-77.385473,-8.055387],[-77.37682,-8.059347],[-77.373284,-8.064685],[-77.369783,-8.064097],[-77.359025,-8.057391],[-77.349299,-8.054384],[-77.33492,-8.056613],[-77.327426,-8.054092],[-77.324491,-8.058041],[-77.312584,-8.056293],[-77.307212,-8.056598],[-77.303277,-8.063043],[-77.296664,-8.062566],[-77.292256,-8.060089],[-77.281342,-8.048783],[-77.269158,-8.050348],[-77.262748,-8.049691],[-77.258805,-8.046834],[-77.254723,-8.03375],[-77.242172,-8.016355],[-77.238289,-8.013324],[-77.224418,-8.011789],[-77.215935,-8.014137],[-77.204873,-8.012555],[-77.197799,-8.014465],[-77.189225,-8.019863],[-77.182137,-8.022492],[-77.174621,-8.020978],[-77.164924,-8.022123],[-77.157105,-8.0289],[-77.150535,-8.032043],[-77.136902,-8.032689],[-77.131988,-8.031967],[-77.118324,-8.025244],[-77.110527,-8.025227],[-77.101523,-8.02723],[-77.086137,-8.034275],[-77.070336,-8.039076],[-77.047027,-8.045006],[-77.031373,-8.046123],[-77.019562,-8.052687],[-77.01583,-8.057889],[-77.008408,-8.07468],[-77.003589,-8.081355],[-76.997317,-8.082305],[-76.993881,-8.086918],[-76.991584,-8.095366],[-76.986252,-8.103882],[-76.986723,-8.111225],[-76.978007,-8.118752],[-76.969212,-8.12068],[-76.961963,-8.126159],[-76.955328,-8.134542],[-76.950443,-8.138225],[-76.944502,-8.139871],[-76.938078,-8.136746],[-76.930211,-8.138457],[-76.921181,-8.147723],[-76.919471,-8.153321],[-76.911769,-8.158901],[-76.906998,-8.170736],[-76.911858,-8.180953],[-76.912266,-8.189784],[-76.918187,-8.196322],[-76.923631,-8.206453],[-76.925597,-8.218497],[-76.91503,-8.232396],[-76.911877,-8.244433],[-76.912754,-8.249307],[-76.908193,-8.253441],[-76.907679,-8.262543],[-76.903299,-8.268088],[-76.904412,-8.270482],[-76.901243,-8.283466],[-76.90547,-8.286021],[-76.911119,-8.29749],[-76.906999,-8.304434],[-76.912472,-8.312714],[-76.911616,-8.318663],[-76.913745,-8.32609],[-76.9215,-8.33456],[-76.93185,-8.343478],[-76.926185,-8.35049],[-76.927005,-8.359257],[-76.930217,-8.360997],[-76.940222,-8.359123],[-76.944204,-8.361767],[-76.945492,-8.36861],[-76.950055,-8.375015],[-76.956129,-8.371627],[-76.965552,-8.36967],[-76.974549,-8.37893],[-76.971901,-8.390587],[-76.976481,-8.395944],[-76.981853,-8.393241],[-76.992684,-8.395377],[-76.992064,-8.390838],[-76.996782,-8.384218],[-77.002474,-8.383054],[-77.032502,-8.403967],[-77.043725,-8.404543],[-77.054924,-8.401777],[-77.065246,-8.396602],[-77.069877,-8.397496],[-77.075363,-8.405873],[-77.08548,-8.406223],[-77.088158,-8.410125],[-77.088715,-8.41657],[-77.093988,-8.427749],[-77.093196,-8.43447],[-77.103289,-8.438035],[-77.103915,-8.444038],[-77.116787,-8.447948],[-77.120783,-8.447414],[-77.133844,-8.440021],[-77.131027,-8.444877],[-77.131051,-8.454276],[-77.133502,-8.462388],[-77.137051,-8.464776],[-77.142565,-8.475826],[-77.139928,-8.480455],[-77.125156,-8.483789],[-77.120228,-8.482714],[-77.117713,-8.478977],[-77.108727,-8.479834],[-77.103297,-8.483332],[-77.100902,-8.488234],[-77.088879,-8.482822],[-77.080833,-8.48818],[-77.080551,-8.498328],[-77.085209,-8.502648],[-77.085029,-8.508004],[-77.089672,-8.512297],[-77.091651,-8.516981],[-77.084332,-8.525618],[-77.07588,-8.526651],[-77.075662,-8.534205],[-77.060647,-8.538546],[-77.060621,-8.542761],[-77.056585,-8.548825],[-77.049801,-8.553715],[-77.037371,-8.55334],[-77.034978,-8.544748],[-77.030705,-8.540821],[-77.024381,-8.543033],[-77.019336,-8.540228],[-77.011218,-8.5397],[-77.00224,-8.546796],[-76.995783,-8.554952],[-76.987261,-8.55686],[-76.977301,-8.560599],[-76.967018,-8.559592],[-76.9643,-8.554294],[-76.959023,-8.552171],[-76.95537,-8.545591],[-76.948889,-8.545666],[-76.946546,-8.54907],[-76.940033,-8.552581],[-76.942378,-8.556844],[-76.936977,-8.562397],[-76.935972,-8.566967],[-76.916298,-8.57016],[-76.903836,-8.565806],[-76.897084,-8.568751],[-76.896281,-8.562772],[-76.890557,-8.556123],[-76.886573,-8.555274],[-76.881814,-8.558867],[-76.87489,-8.558201],[-76.870896,-8.564044],[-76.866454,-8.566233],[-76.86303,-8.564274],[-76.863373,-8.555441],[-76.861708,-8.552014],[-76.85219,-8.550681],[-76.847267,-8.546482],[-76.845962,-8.536429],[-76.842838,-8.532455],[-76.843492,-8.526726],[-76.831584,-8.516655],[-76.823036,-8.518558],[-76.818718,-8.517658],[-76.80445,-8.510573],[-76.796755,-8.510855],[-76.791368,-8.522359],[-76.784776,-8.524449],[-76.778592,-8.521642],[-76.773939,-8.522692],[-76.768424,-8.526809],[-76.76228,-8.524708],[-76.754594,-8.519645],[-76.748432,-8.520926],[-76.740989,-8.524647],[-76.729904,-8.514818],[-76.719434,-8.519116],[-76.712582,-8.527254],[-76.707289,-8.530181],[-76.697271,-8.532408],[-76.688781,-8.530977],[-76.679963,-8.527576],[-76.678435,-8.521066],[-76.668836,-8.522518],[-76.666969,-8.525867],[-76.653008,-8.520945],[-76.645951,-8.523664],[-76.641545,-8.522697],[-76.634592,-8.515627],[-76.624316,-8.511953],[-76.61449,-8.513234],[-76.601504,-8.512066],[-76.59274,-8.508344],[-76.584449,-8.510025],[-76.574264,-8.50673],[-76.56567,-8.50784],[-76.547807,-8.497641],[-76.542687,-8.509711],[-76.530387,-8.518504],[-76.516228,-8.532857],[-76.508057,-8.536107],[-76.505125,-8.535551],[-76.497408,-8.548018],[-76.493514,-8.551838],[-76.49909,-8.563941],[-76.495956,-8.568665],[-76.495309,-8.575761],[-76.48191,-8.572654],[-76.469803,-8.571326],[-76.466167,-8.569743],[-76.467861,-8.558429],[-76.458847,-8.545077],[-76.455467,-8.53544],[-76.456594,-8.525804],[-76.449594,-8.517533],[-76.449435,-8.511912],[-76.444345,-8.498212],[-76.443954,-8.488792],[-76.439526,-8.483709],[-76.435494,-8.473131],[-76.436172,-8.470109],[-76.431373,-8.466566],[-76.42627,-8.459642],[-76.42476,-8.453625],[-76.416801,-8.443437],[-76.405602,-8.44058],[-76.400428,-8.437468],[-76.393285,-8.428718],[-76.389625,-8.426332],[-76.375785,-8.422581],[-76.37127,-8.410924],[-76.362555,-8.414746],[-76.357044,-8.424411],[-76.350332,-8.42557],[-76.341261,-8.424476],[-76.333468,-8.429474],[-76.331644,-8.436432],[-76.332206,-8.446275],[-76.327727,-8.454421],[-76.328118,-8.461905],[-76.322199,-8.467559],[-76.323219,-8.473867],[-76.327427,-8.479908],[-76.322167,-8.493734],[-76.312639,-8.499715],[-76.311437,-8.505005],[-76.319432,-8.511021],[-76.324185,-8.524135],[-76.314896,-8.532334],[-76.313025,-8.543716],[-76.310492,-8.548734],[-76.305041,-8.552611],[-76.299748,-8.56283],[-76.302293,-8.57107],[-76.296679,-8.573774],[-76.289986,-8.569031],[-76.286099,-8.569116],[-76.280359,-8.573564],[-76.278465,-8.577461],[-76.284529,-8.583277],[-76.285271,-8.58659],[-76.272461,-8.595377],[-76.270945,-8.600422],[-76.273446,-8.605514],[-76.262125,-8.614904],[-76.262932,-8.619514],[-76.267355,-8.623012],[-76.26983,-8.628953],[-76.268757,-8.632805],[-76.264282,-8.634802],[-76.262807,-8.639906],[-76.268346,-8.64817],[-76.266683,-8.655047],[-76.25668,-8.660578],[-76.252779,-8.665312],[-76.248107,-8.678959],[-76.247086,-8.685861],[-76.250273,-8.687748],[-76.261197,-8.682086],[-76.268098,-8.686664],[-76.262932,-8.69109],[-76.25668,-8.688769],[-76.254357,-8.691275],[-76.254451,-8.700436],[-76.25773,-8.705881],[-76.256391,-8.710293],[-76.248719,-8.713666],[-76.244584,-8.717676],[-76.241389,-8.723939],[-76.241541,-8.72848],[-76.238168,-8.734896],[-76.23018,-8.742809],[-76.228684,-8.748084],[-76.236316,-8.751076],[-76.243875,-8.750594],[-76.241731,-8.755612],[-76.231706,-8.759151],[-76.23335,-8.76325],[-76.238371,-8.764111],[-76.240139,-8.770684],[-76.232639,-8.777199],[-76.232031,-8.782043],[-76.235861,-8.791756],[-76.230154,-8.796295],[-76.215523,-8.786633],[-76.213983,-8.774013],[-76.205932,-8.775125],[-76.202258,-8.773521],[-76.199137,-8.768068],[-76.198555,-8.758609],[-76.195517,-8.757052],[-76.190098,-8.760712],[-76.180119,-8.75784],[-76.174519,-8.759566],[-76.166439,-8.756414],[-76.163252,-8.744271],[-76.165021,-8.742477],[-76.16225,-8.731019],[-76.157098,-8.733271],[-76.153381,-8.727383],[-76.15324,-8.723178],[-76.148152,-8.717965],[-76.145266,-8.711436],[-76.147207,-8.706635],[-76.147377,-8.696789],[-76.144459,-8.691326],[-76.145424,-8.687869],[-76.142488,-8.681738],[-76.136531,-8.674053],[-76.139853,-8.669281],[-76.138301,-8.665416],[-76.130207,-8.663111],[-76.131256,-8.656787],[-76.122791,-8.653932],[-76.115926,-8.657574],[-76.11334,-8.653062],[-76.107508,-8.649859],[-76.107617,-8.640467],[-76.114752,-8.635019],[-76.119879,-8.635375],[-76.121732,-8.623992],[-76.120293,-8.619062],[-76.123293,-8.614545],[-76.120857,-8.610402],[-76.124508,-8.6045],[-76.122869,-8.593975],[-76.127217,-8.581682],[-76.130543,-8.579375],[-76.13468,-8.572557],[-76.134986,-8.566424],[-76.13198,-8.561602],[-76.126396,-8.545418],[-76.128418,-8.532416],[-76.131154,-8.527715],[-76.128279,-8.525217],[-76.126086,-8.516937],[-76.127068,-8.504322],[-76.1259,-8.499777],[-76.128129,-8.494725],[-76.130211,-8.480365],[-76.130441,-8.467211],[-76.127719,-8.464951],[-76.128646,-8.457102],[-76.125976,-8.451881],[-76.116932,-8.442178],[-76.11882,-8.430412],[-76.115051,-8.423701],[-76.10941,-8.417787],[-76.108598,-8.413963],[-76.110394,-8.404865],[-76.107902,-8.397738],[-76.113234,-8.384238],[-76.109166,-8.379613],[-76.113613,-8.374212],[-76.118924,-8.373062],[-76.128226,-8.360528],[-76.121878,-8.350506],[-76.116039,-8.348199],[-76.108811,-8.335827],[-76.103367,-8.335649],[-76.09286,-8.332193],[-76.084878,-8.327955],[-76.076338,-8.333012],[-76.070313,-8.33361],[-76.056348,-8.329291],[-76.053947,-8.330353],[-76.048617,-8.339693],[-76.041406,-8.340832],[-76.041646,-8.336174],[-76.03598,-8.32941],[-76.027887,-8.329066],[-76.019771,-8.320538],[-76.014736,-8.319446],[-76.006039,-8.304724],[-75.996346,-8.305633],[-75.994125,-8.319234],[-75.984963,-8.32215],[-75.976323,-8.319472],[-75.973191,-8.316776],[-75.965175,-8.317108],[-75.961149,-8.314264],[-75.951829,-8.314847],[-75.948658,-8.31828],[-75.943623,-8.31282],[-75.934889,-8.311552],[-75.927093,-8.306762],[-75.919221,-8.296614],[-75.918604,-8.290195],[-75.914351,-8.282829],[-75.915577,-8.267883],[-75.918364,-8.265059],[-75.913358,-8.260549],[-75.913362,-8.254387],[-75.920619,-8.244084],[-75.921397,-8.23686],[-75.924751,-8.230759],[-75.923699,-8.21679],[-75.926927,-8.214503],[-75.925947,-8.208606],[-75.927723,-8.204907],[-75.933748,-8.202923],[-75.941165,-8.186184],[-75.938688,-8.168044],[-75.935089,-8.163499],[-75.933126,-8.152807],[-75.936191,-8.144732],[-75.934027,-8.134428],[-75.938407,-8.119917],[-75.941899,-8.116433],[-75.942713,-8.10929],[-75.951137,-8.102461],[-75.949593,-8.099233],[-75.939525,-8.093324],[-75.929365,-8.089303],[-75.929616,-8.082561],[-75.927057,-8.077846],[-75.917006,-8.071776],[-75.907233,-8.074041],[-75.902647,-8.071361],[-75.896243,-8.071776],[-75.887306,-8.074877],[-75.874113,-8.066821],[-75.871392,-8.06901],[-75.858009,-8.067178],[-75.852499,-8.058472],[-75.844933,-8.059638],[-75.842706,-8.052465],[-75.843864,-8.042938],[-75.841202,-8.032862],[-75.841804,-8.022174],[-75.8391,-8.000226],[-75.833966,-7.992936],[-75.8338,-7.984727],[-75.829493,-7.973496],[-75.835395,-7.968771],[-75.838511,-7.957625],[-75.837738,-7.951224],[-75.84045,-7.946703],[-75.849207,-7.93985],[-75.849443,-7.933424],[-75.853996,-7.924742],[-75.859386,-7.921169],[-75.866465,-7.926386],[-75.876288,-7.929223],[-75.882182,-7.933879],[-75.887353,-7.932011],[-75.894756,-7.933728],[-75.909019,-7.94295],[-75.920433,-7.947497],[-75.921798,-7.952325],[-75.927838,-7.957256],[-75.931522,-7.951766],[-75.939456,-7.94612],[-75.946523,-7.948489],[-75.950565,-7.947445],[-75.959259,-7.954012],[-75.960651,-7.958057],[-75.966979,-7.960359],[-75.984352,-7.958868],[-75.992855,-7.954281],[-75.991505,-7.941008],[-75.985434,-7.937564],[-75.98473,-7.929357],[-75.985974,-7.919976],[-75.984552,-7.915615],[-75.979858,-7.915151],[-75.975602,-7.909622],[-75.979516,-7.900756],[-75.989786,-7.891798],[-76.002365,-7.893159],[-76.00604,-7.890587],[-76.00751,-7.884906],[-76.003257,-7.874418],[-76.008606,-7.861682],[-76.009921,-7.854311],[-76.022571,-7.84302],[-76.021618,-7.838065],[-76.031519,-7.822441],[-76.038104,-7.814999],[-76.038265,-7.806719],[-76.043803,-7.792344],[-76.051847,-7.790688],[-76.054946,-7.787818],[-76.061333,-7.786655],[-76.063284,-7.775142],[-76.06707,-7.76929],[-76.07437,-7.76801],[-76.08196,-7.764845],[-76.08488,-7.761815],[-76.085105,-7.751971],[-76.086586,-7.7478],[-76.086674,-7.729232],[-76.094465,-7.727062],[-76.101593,-7.722664],[-76.102707,-7.704265],[-76.098465,-7.696739],[-76.098465,-7.666139],[-76.101318,-7.657057],[-76.101332,-7.650456],[-76.097684,-7.642242],[-76.086586,-7.636014],[-76.081848,-7.630225],[-76.082625,-7.620344],[-76.088768,-7.613148],[-76.088044,-7.607942],[-76.083662,-7.602724],[-76.083031,-7.595012],[-76.07989,-7.59116],[-76.081268,-7.582351],[-76.087423,-7.580297],[-76.088704,-7.563329],[-76.091374,-7.560356],[-76.105594,-7.561634],[-76.111531,-7.563856],[-76.116176,-7.561473],[-76.117529,-7.552103],[-76.117608,-7.539026],[-76.121002,-7.527527],[-76.12291,-7.525346],[-76.132068,-7.522075],[-76.141969,-7.50526],[-76.151178,-7.501459],[-76.154285,-7.501941],[-76.166145,-7.494307],[-76.178281,-7.475608],[-76.179354,-7.471599],[-76.186207,-7.465417],[-76.190544,-7.453877],[-76.191416,-7.448685],[-76.200687,-7.435037],[-76.204397,-7.431327],[-76.203891,-7.4274],[-76.210842,-7.413868],[-76.214551,-7.404521],[-76.215194,-7.393049],[-76.209888,-7.383555],[-76.208412,-7.371491],[-76.203926,-7.362724],[-76.200498,-7.347079],[-76.196038,-7.333528],[-76.209835,-7.31754],[-76.213111,-7.310143],[-76.207118,-7.303601],[-76.199575,-7.299508],[-76.195387,-7.295058],[-76.192175,-7.287587],[-76.186709,-7.280928],[-76.177108,-7.276778],[-76.166661,-7.267596],[-76.164859,-7.25894],[-76.158183,-7.247766],[-76.154795,-7.231877],[-76.159276,-7.230569],[-76.149443,-7.223552],[-76.145715,-7.217929],[-76.143264,-7.208673],[-76.143525,-7.203962],[-76.134793,-7.19768],[-76.12849,-7.195212],[-76.111804,-7.183051],[-76.105675,-7.184484],[-76.098375,-7.184029],[-76.076768,-7.174412],[-76.072627,-7.170105],[-76.059945,-7.161301],[-76.049785,-7.133343],[-76.046586,-7.12143],[-76.040076,-7.116686],[-76.030069,-7.114442],[-76.023301,-7.114307],[-76.020232,-7.106145],[-76.021874,-7.100887],[-76.018066,-7.093368],[-76.017472,-7.088632],[-76.010717,-7.07838],[-76.013986,-7.072263],[-76.014743,-7.065579],[-76.013073,-7.0615],[-76.014113,-7.052605],[-76.011132,-7.048012],[-76.010392,-7.040848],[-76.012263,-7.038053],[-76.005781,-7.030234],[-76.008507,-7.013906],[-76.008113,-7.002221],[-76.010791,-6.996536],[-76.02254,-6.989782],[-76.029757,-6.994373],[-76.03564,-6.993146],[-76.035711,-6.986579],[-76.03959,-6.982724],[-76.04009,-6.973421],[-76.045967,-6.963074],[-76.047276,-6.955718],[-76.051463,-6.944296],[-76.0511,-6.933531],[-76.046402,-6.924932],[-76.029258,-6.918535],[-76.018049,-6.915845],[-76.014638,-6.911461],[-76.017106,-6.905371],[-76.015776,-6.899979],[-76.010529,-6.893611],[-76.014768,-6.886147],[-76.026428,-6.872615],[-76.03199,-6.868297],[-76.035689,-6.862687],[-76.034348,-6.853959],[-76.036117,-6.847178],[-76.04886,-6.830326],[-76.051934,-6.815507],[-76.051043,-6.810923],[-76.041371,-6.808033],[-76.030954,-6.808378],[-76.025829,-6.805276],[-76.011585,-6.806022],[-76.009943,-6.799859],[-75.999692,-6.794984],[-75.995328,-6.79844],[-75.989309,-6.79543],[-75.982067,-6.794731],[-75.980998,-6.799706],[-75.975755,-6.797795],[-75.966809,-6.788823],[-75.963652,-6.788423],[-75.943692,-6.794863],[-75.937611,-6.79138],[-75.925106,-6.793576],[-75.92248,-6.791622],[-75.913802,-6.791159],[-75.91121,-6.79488],[-75.906832,-6.792472],[-75.902023,-6.794675],[-75.890646,-6.795027],[-75.88372,-6.797274],[-75.878887,-6.801913],[-75.873339,-6.798419],[-75.863866,-6.798598],[-75.859754,-6.801556],[-75.849209,-6.797415],[-75.843875,-6.797262],[-75.831137,-6.803488],[-75.826307,-6.810813],[-75.82233,-6.810823],[-75.813751,-6.817465],[-75.813972,-6.825478],[-75.794183,-6.821402],[-75.791859,-6.826132],[-75.791793,-6.832497],[-75.783445,-6.837049],[-75.782793,-6.843915],[-75.778312,-6.848035],[-75.768429,-6.853818],[-75.762675,-6.851043],[-75.753479,-6.854887],[-75.747653,-6.852515],[-75.746057,-6.856547],[-75.740499,-6.854308],[-75.739729,-6.850777],[-75.722102,-6.851613],[-75.716458,-6.857709],[-75.707018,-6.86026],[-75.705446,-6.865142],[-75.697699,-6.868603],[-75.689986,-6.861268],[-75.689619,-6.853976],[-75.687062,-6.846692],[-75.684257,-6.845299],[-75.675742,-6.846155],[-75.672141,-6.839033],[-75.668097,-6.826417],[-75.659672,-6.819332],[-75.655137,-6.817944],[-75.647746,-6.819217],[-75.642173,-6.815963],[-75.641881,-6.828461],[-75.64068,-6.834842],[-75.633442,-6.843062],[-75.629674,-6.843414],[-75.620688,-6.839419],[-75.616888,-6.841189],[-75.608623,-6.838441],[-75.592572,-6.830316],[-75.592364,-6.827242],[-75.584357,-6.820468],[-75.580171,-6.821731],[-75.574339,-6.818684],[-75.571701,-6.812219],[-75.574167,-6.808826],[-75.56184,-6.801614],[-75.544041,-6.799644],[-75.535474,-6.793797],[-75.526669,-6.793052],[-75.511802,-6.78557],[-75.507043,-6.778607],[-75.506969,-6.77386],[-75.501233,-6.767046],[-75.500381,-6.757285],[-75.50174,-6.74365],[-75.505,-6.725327],[-75.506207,-6.697053],[-75.504977,-6.681534],[-75.502129,-6.674111],[-75.5001,-6.648807],[-75.500228,-6.640322],[-75.504225,-6.616114],[-75.507555,-6.602781],[-75.509305,-6.582978],[-75.504789,-6.568583],[-75.502983,-6.552229],[-75.504536,-6.542084],[-75.508302,-6.533465],[-75.509375,-6.51649],[-75.510759,-6.507298],[-75.509597,-6.492141],[-75.515041,-6.483771],[-75.523299,-6.477079],[-75.520141,-6.464821],[-75.525693,-6.457643],[-75.5254,-6.453542],[-75.529342,-6.448529],[-75.530563,-6.438885],[-75.537644,-6.437137],[-75.538857,-6.433125],[-75.535377,-6.428705],[-75.536084,-6.422133],[-75.53399,-6.415447],[-75.541213,-6.413615],[-75.543418,-6.406865],[-75.536447,-6.39154],[-75.540213,-6.388256],[-75.543487,-6.377682],[-75.544284,-6.369885],[-75.543332,-6.362409],[-75.549557,-6.351899],[-75.550095,-6.347708],[-75.543513,-6.338171],[-75.541969,-6.333859],[-75.53466,-6.322264],[-75.528278,-6.315638],[-75.514314,-6.305137],[-75.509363,-6.300287],[-75.496344,-6.281025],[-75.490311,-6.267036],[-75.487285,-6.25426],[-75.486765,-6.244732],[-75.487545,-6.212517],[-75.487188,-6.203415],[-75.490132,-6.194135],[-75.498252,-6.185837],[-75.519016,-6.171106],[-75.525555,-6.165126],[-75.527955,-6.158039],[-75.529004,-6.142989],[-75.529373,-6.122163],[-75.532794,-6.095599],[-75.548629,-6.055652],[-75.565038,-6.025575],[-75.571105,-6.003988],[-75.584116,-6.011662],[-75.597126,-6.015322],[-75.613894,-6.02324],[-75.62107,-6.029381],[-75.624816,-6.039371],[-75.62593,-6.06639],[-75.62896,-6.08212],[-75.63658,-6.08902],[-75.64271,-6.09037],[-75.64931,-6.09598],[-75.65477,-6.09831],[-75.66137,-6.09692],[-75.66566,-6.09873],[-75.66969,-6.09511],[-75.68037,-6.09563],[-75.68632,-6.10307],[-75.68586,-6.1057],[-75.6916,-6.11229],[-75.69856,-6.11249],[-75.71502,-6.13827],[-75.7223,-6.13939],[-75.726644,-6.144016],[-75.733,-6.14442],[-75.7378,-6.14177],[-75.75397,-6.14568],[-75.75803,-6.14145],[-75.76665,-6.14739],[-75.77336,-6.14496],[-75.7734,-6.13761],[-75.76757,-6.13581],[-75.76997,-6.12711],[-75.77486,-6.12444],[-75.77901,-6.11812],[-75.7859,-6.11873],[-75.79433,-6.11487],[-75.79386,-6.10895],[-75.80199,-6.10325],[-75.80852,-6.10381],[-75.81767,-6.09984],[-75.8334,-6.10211],[-75.83443,-6.10524],[-75.84142,-6.10582],[-75.84558,-6.10236],[-75.85087,-6.10387],[-75.85155,-6.10903],[-75.84969,-6.11491],[-75.84377,-6.12267],[-75.8462,-6.12955],[-75.8443,-6.13503],[-75.837978,-6.140515],[-75.847497,-6.142178],[-75.858606,-6.142201],[-75.86536,-6.140459],[-75.885633,-6.133112],[-75.898367,-6.132159],[-75.907371,-6.134846],[-75.916588,-6.140789],[-75.922539,-6.13967],[-75.931042,-6.132866],[-75.948177,-6.114614],[-75.953555,-6.102618],[-75.959196,-6.097977],[-75.969523,-6.096216],[-75.995208,-6.09498],[-76.005753,-6.095218],[-76.010336,-6.090973],[-76.012762,-6.08422],[-76.01816,-6.0912],[-76.027215,-6.095742],[-76.042718,-6.100996],[-76.051098,-6.102358],[-76.060606,-6.10159],[-76.064718,-6.099646],[-76.07299,-6.10123],[-76.083628,-6.106826],[-76.086892,-6.106901],[-76.145989,-6.146673],[-76.201984,-6.132496],[-76.247149,-6.126061],[-76.256173,-6.120614],[-76.265206,-6.119688],[-76.277911,-6.112152],[-76.28508,-6.103832],[-76.303501,-6.099618],[-76.318297,-6.086095],[-76.319706,-6.073569],[-76.315429,-6.057808],[-76.318916,-6.05033],[-76.334006,-6.042107],[-76.33355,-6.03552],[-76.340531,-6.032045],[-76.346879,-6.019894],[-76.362189,-5.987824],[-76.372787,-5.97376],[-76.386724,-5.961869],[-76.400009,-5.953663],[-76.411884,-5.962154],[-76.417713,-5.972883],[-76.421793,-5.988418],[-76.424739,-5.995808],[-76.432951,-6.004486],[-76.441147,-6.007015],[-76.460167,-6.007777],[-76.471011,-6.009494],[-76.478223,-6.013344],[-76.489861,-6.014217],[-76.506698,-6.009924],[-76.517994,-6.003407],[-76.527068,-6.009675],[-76.536173,-6.013103],[-76.548876,-6.012754],[-76.549808,-6.009768],[-76.562959,-6.001566],[-76.568293,-6.002493],[-76.571439,-6.005781],[-76.590442,-6.014832],[-76.604345,-6.017151],[-76.609671,-6.014623],[-76.618281,-6.014398],[-76.623101,-6.008324],[-76.63121,-6.004441],[-76.640011,-6.002605],[-76.647093,-6.006069],[-76.651295,-6.004534],[-76.661315,-6.004697],[-76.666854,-6.010681],[-76.673733,-6.012455],[-76.686111,-6.012248],[-76.699543,-6.010908],[-76.710769,-6.013666],[-76.722628,-6.011021],[-76.729564,-6.005353],[-76.738041,-6.004196],[-76.745888,-6.006508],[-76.754188,-6.00287],[-76.757904,-5.996913],[-76.75739,-5.993278],[-76.751851,-5.987411],[-76.749632,-5.980911],[-76.745553,-5.975565],[-76.745825,-5.970731],[-76.749907,-5.961914],[-76.747773,-5.952207],[-76.752797,-5.94776],[-76.762872,-5.94812],[-76.767179,-5.942386],[-76.767607,-5.927633],[-76.775864,-5.918591],[-76.77534,-5.910192],[-76.777711,-5.899323],[-76.784917,-5.897258],[-76.789383,-5.893053],[-76.791614,-5.88598],[-76.801283,-5.879619],[-76.807772,-5.870689],[-76.818051,-5.862145],[-76.820728,-5.853712],[-76.818224,-5.840371],[-76.819385,-5.832598],[-76.824122,-5.826167],[-76.826339,-5.817847],[-76.818918,-5.813479],[-76.816329,-5.807566],[-76.821296,-5.802653],[-76.821798,-5.795166],[-76.826114,-5.78929],[-76.826499,-5.783797],[-76.829423,-5.777341],[-76.828533,-5.770758],[-76.824829,-5.763753],[-76.824604,-5.757296],[-76.831388,-5.752053],[-76.834252,-5.746697],[-76.844074,-5.742529],[-76.86393,-5.739959],[-76.872856,-5.743499],[-76.878453,-5.742586],[-76.888218,-5.748411],[-76.8941,-5.74704],[-76.895406,-5.740805],[-76.907046,-5.735631],[-76.916141,-5.728076],[-76.919728,-5.720832],[-76.929546,-5.716522],[-76.934435,-5.711488],[-76.961353,-5.706077],[-76.975381,-5.696908],[-76.979201,-5.691699],[-76.986901,-5.686213],[-76.988281,-5.680211],[-76.993825,-5.67572],[-76.995606,-5.667119],[-77.00329,-5.665659],[-77.009328,-5.669946],[-77.020533,-5.667745],[-77.027136,-5.663843],[-77.033338,-5.663043],[-77.042042,-5.664944],[-77.045744,-5.661943],[-77.056048,-5.662543],[-77.05895,-5.666945],[-77.066386,-5.666841],[-77.075092,-5.663488],[-77.081649,-5.658787],[-77.091797,-5.654233],[-77.102227,-5.655823],[-77.104597,-5.651169],[-77.109946,-5.647949],[-77.117776,-5.648601],[-77.12691,-5.650994],[-77.129303,-5.647622],[-77.137132,-5.644034],[-77.136153,-5.639684],[-77.139416,-5.635443],[-77.138437,-5.628375],[-77.142352,-5.625439],[-77.153552,-5.624242],[-77.161926,-5.624569],[-77.166384,-5.631746],[-77.172039,-5.634247],[-77.178672,-5.641424],[-77.18585,-5.638379],[-77.191613,-5.633377],[-77.202161,-5.634464],[-77.206293,-5.63055],[-77.207524,-5.622383],[-77.217807,-5.614802],[-77.221971,-5.61328],[-77.22874,-5.60488],[-77.231941,-5.595461],[-77.240817,-5.60242],[-77.249573,-5.599407],[-77.254332,-5.604356],[-77.254405,-5.607757],[-77.262398,-5.613398],[-77.272797,-5.612518],[-77.276764,-5.602451],[-77.280769,-5.601117],[-77.287287,-5.604285],[-77.296428,-5.605081],[-77.307588,-5.604257],[-77.318568,-5.600921],[-77.328684,-5.600698],[-77.338318,-5.603473],[-77.344957,-5.588984],[-77.35781,-5.581463],[-77.364867,-5.58018],[-77.368662,-5.576595],[-77.370074,-5.569556],[-77.37468,-5.568666],[-77.383687,-5.570497],[-77.396592,-5.571235],[-77.404648,-5.574787],[-77.408729,-5.58916],[-77.421551,-5.589302],[-77.428736,-5.583255],[-77.436264,-5.592265],[-77.444137,-5.586289],[-77.461943,-5.58414],[-77.462043,-5.568373],[-77.465871,-5.561136],[-77.474789,-5.555112],[-77.482969,-5.55771],[-77.490531,-5.562402],[-77.496978,-5.558016],[-77.503493,-5.556175],[-77.508117,-5.54898],[-77.503876,-5.540169],[-77.498099,-5.536226],[-77.495313,-5.530985],[-77.491767,-5.529338],[-77.492271,-5.519704],[-77.499766,-5.516341],[-77.499514,-5.509553],[-77.503242,-5.500313],[-77.50703,-5.496721],[-77.507916,-5.491815],[-77.513475,-5.479843],[-77.517399,-5.466748],[-77.523302,-5.460316],[-77.53012,-5.457136],[-77.53187,-5.451077],[-77.537348,-5.450631],[-77.545057,-5.437934],[-77.550647,-5.436248],[-77.558119,-5.425578],[-77.560452,-5.42584],[-77.563641,-5.433547],[-77.570137,-5.438272],[-77.575426,-5.448563],[-77.577365,-5.456533],[-77.581669,-5.461176],[-77.59481,-5.464224],[-77.602726,-5.458982],[-77.606974,-5.448583],[-77.615137,-5.445893],[-77.628059,-5.439402],[-77.639128,-5.430299],[-77.657536,-5.426418],[-77.663007,-5.421881],[-77.670364,-5.409645],[-77.676628,-5.409013],[-77.689528,-5.412792],[-77.695958,-5.411053]]]},"properties":{"province":"San Martin"}},{"type":"Feature","geometry":{"type":"Polygon","coordinates":[[[-70.146625,-16.93873],[-70.152004,-16.933174],[-70.147669,-16.926438],[-70.148372,-16.92187],[-70.159637,-16.918435],[-70.169633,-16.916715],[-70.172796,-16.912615],[-70.177306,-16.916188],[-70.180309,-16.924865],[-70.181289,-16.93212],[-70.189723,-16.939207],[-70.200969,-16.94401],[-70.211336,-16.9436],[-70.218013,-16.946352],[-70.223929,-16.952034],[-70.225106,-16.958551],[-70.230079,-16.959414],[-70.239568,-16.956954],[-70.247182,-16.952444],[-70.254327,-16.940027],[-70.253625,-16.931768],[-70.259306,-16.920523],[-70.2579,-16.91162],[-70.259066,-16.902033],[-70.255967,-16.899203],[-70.252277,-16.889421],[-70.249935,-16.876536],[-70.243768,-16.860242],[-70.237663,-16.854849],[-70.226844,-16.857657],[-70.223084,-16.856088],[-70.220664,-16.847504],[-70.216865,-16.843314],[-70.204826,-16.839008],[-70.199026,-16.840275],[-70.184067,-16.834687],[-70.181554,-16.817157],[-70.186639,-16.815883],[-70.19426,-16.818107],[-70.205574,-16.808125],[-70.212662,-16.810404],[-70.225502,-16.809531],[-70.2473,-16.802465],[-70.252836,-16.798885],[-70.253883,-16.78885],[-70.255489,-16.786117],[-70.262939,-16.783782],[-70.266457,-16.778431],[-70.263855,-16.772666],[-70.269797,-16.770567],[-70.280549,-16.777082],[-70.291857,-16.781345],[-70.301842,-16.777512],[-70.307611,-16.773047],[-70.317871,-16.775295],[-70.318008,-16.778984],[-70.323676,-16.782994],[-70.334816,-16.785033],[-70.344926,-16.791465],[-70.353996,-16.789478],[-70.358848,-16.791711],[-70.359191,-16.795686],[-70.368768,-16.799102],[-70.372795,-16.79818],[-70.378037,-16.803242],[-70.37867,-16.809498],[-70.38523,-16.815871],[-70.399689,-16.818797],[-70.409394,-16.830191],[-70.414307,-16.829416],[-70.425484,-16.833295],[-70.432602,-16.839846],[-70.441605,-16.841227],[-70.443268,-16.853102],[-70.450371,-16.860322],[-70.450187,-16.868244],[-70.447754,-16.874127],[-70.450119,-16.8801],[-70.442436,-16.887996],[-70.442018,-16.893125],[-70.451752,-16.900006],[-70.451691,-16.913121],[-70.459191,-16.922738],[-70.453423,-16.928571],[-70.455732,-16.93326],[-70.460822,-16.934475],[-70.464723,-16.945684],[-70.455559,-16.954227],[-70.443475,-16.962053],[-70.446,-16.973932],[-70.449646,-16.978639],[-70.452027,-16.9864],[-70.460816,-16.997119],[-70.463238,-17.00861],[-70.459579,-17.014951],[-70.453753,-17.017309],[-70.453373,-17.024003],[-70.449814,-17.026174],[-70.448224,-17.034409],[-70.444084,-17.045627],[-70.439201,-17.050363],[-70.443644,-17.055737],[-70.446354,-17.062675],[-70.449579,-17.081292],[-70.452967,-17.083054],[-70.458712,-17.081807],[-70.465216,-17.083325],[-70.468224,-17.087525],[-70.479986,-17.084409],[-70.489606,-17.088447],[-70.491856,-17.091374],[-70.495135,-17.110344],[-70.502045,-17.118836],[-70.507453,-17.131703],[-70.516869,-17.142859],[-70.521141,-17.158234],[-70.527799,-17.168308],[-70.535355,-17.17275],[-70.546027,-17.183693],[-70.550021,-17.185761],[-70.55169,-17.191723],[-70.55633,-17.19788],[-70.565977,-17.194433],[-70.572508,-17.194109],[-70.58137,-17.201652],[-70.590875,-17.20534],[-70.59916,-17.210381],[-70.605347,-17.211031],[-70.609978,-17.214504],[-70.618867,-17.209166],[-70.630029,-17.213975],[-70.633554,-17.210845],[-70.652414,-17.209498],[-70.661707,-17.213896],[-70.666443,-17.214205],[-70.671129,-17.219793],[-70.684221,-17.22498],[-70.68383,-17.228883],[-70.688318,-17.239636],[-70.692979,-17.241175],[-70.701195,-17.2546],[-70.704279,-17.267205],[-70.712687,-17.270053],[-70.715917,-17.273652],[-70.712275,-17.287484],[-70.705923,-17.289609],[-70.707857,-17.294488],[-70.715867,-17.301769],[-70.720795,-17.311029],[-70.730009,-17.318226],[-70.738107,-17.330615],[-70.746139,-17.349532],[-70.751679,-17.370482],[-70.752404,-17.380573],[-70.750286,-17.385542],[-70.744508,-17.390433],[-70.74266,-17.396288],[-70.735578,-17.40123],[-70.73563,-17.4058],[-70.73931,-17.41196],[-70.747941,-17.418153],[-70.751151,-17.422381],[-70.75463,-17.437578],[-70.763566,-17.440521],[-70.770041,-17.447745],[-70.77998,-17.4506],[-70.78631,-17.45986],[-70.78998,-17.46114],[-70.7924,-17.46636],[-70.80285,-17.47532],[-70.80486,-17.48025],[-70.81041,-17.48644],[-70.82036,-17.49315],[-70.82805,-17.50196],[-70.83523,-17.51199],[-70.83606,-17.51601],[-70.84376,-17.52466],[-70.85043,-17.52951],[-70.85603,-17.5316],[-70.85684,-17.535],[-70.86213,-17.5377],[-70.86676,-17.54738],[-70.87195,-17.55179],[-70.87965,-17.55524],[-70.88244,-17.56101],[-70.88112,-17.56687],[-70.88364,-17.57297],[-70.88408,-17.58164],[-70.89316,-17.59285],[-70.89635,-17.6031],[-70.89708,-17.61232],[-70.9026,-17.6195],[-70.90473,-17.62865],[-70.90514,-17.64351],[-70.90759,-17.64652],[-70.90953,-17.65539],[-70.90746,-17.66177],[-70.9125,-17.68737],[-70.93089,-17.68768],[-70.93786,-17.6853],[-70.95628,-17.67596],[-70.96456,-17.67602],[-70.971446,-17.680883],[-70.983162,-17.684627],[-70.989686,-17.679264],[-70.992996,-17.679119],[-71.00335,-17.683699],[-71.005143,-17.6926],[-71.016633,-17.708769],[-71.020225,-17.708783],[-71.026916,-17.703875],[-71.036941,-17.709654],[-71.049376,-17.708827],[-71.057924,-17.718075],[-71.06054,-17.718636],[-71.073478,-17.713754],[-71.083336,-17.717527],[-71.0844,-17.720297],[-71.081992,-17.733992],[-71.094238,-17.733244],[-71.101135,-17.739498],[-71.103027,-17.74507],[-71.103143,-17.755275],[-71.11016,-17.766373],[-71.111785,-17.771977],[-71.12158,-17.786],[-71.12107,-17.80146],[-71.12628,-17.81283],[-71.139443,-17.821482],[-71.126635,-17.830322],[-71.122926,-17.831596],[-71.105787,-17.843137],[-71.103834,-17.852916],[-71.098568,-17.857371],[-71.096844,-17.867725],[-71.077268,-17.871238],[-71.073297,-17.873269],[-71.058256,-17.874779],[-71.052375,-17.880328],[-71.044018,-17.881336],[-71.041213,-17.878988],[-71.029853,-17.884832],[-71.021549,-17.88224],[-71.011006,-17.876748],[-70.97518,-17.896785],[-70.964555,-17.905021],[-70.959684,-17.910666],[-70.954176,-17.910135],[-70.943506,-17.913603],[-70.938623,-17.920146],[-70.93907,-17.925223],[-70.930326,-17.925769],[-70.923779,-17.928582],[-70.9251,-17.933275],[-70.923334,-17.937789],[-70.914594,-17.937453],[-70.909312,-17.941588],[-70.910723,-17.949285],[-70.905736,-17.956564],[-70.895629,-17.963459],[-70.889428,-17.972664],[-70.889902,-17.9799],[-70.884271,-17.987973],[-70.882564,-17.993969],[-70.889213,-18.003984],[-70.879189,-18.014754],[-70.873609,-18.015244],[-70.870037,-18.019914],[-70.864449,-18.018828],[-70.855256,-18.02708],[-70.848389,-18.026781],[-70.837789,-18.033764],[-70.835143,-18.032588],[-70.823014,-18.035012],[-70.813156,-18.040488],[-70.810193,-18.045352],[-70.810244,-18.05084],[-70.799918,-18.052137],[-70.794853,-18.056531],[-70.789098,-18.058922],[-70.779426,-18.065738],[-70.777293,-18.07092],[-70.762697,-18.079715],[-70.759457,-18.080418],[-70.74798,-18.094592],[-70.744578,-18.095861],[-70.731353,-18.105937],[-70.728428,-18.10942],[-70.729939,-18.114654],[-70.726752,-18.119346],[-70.715314,-18.125416],[-70.711262,-18.129053],[-70.708432,-18.135064],[-70.700947,-18.140064],[-70.692906,-18.150428],[-70.688172,-18.151894],[-70.678574,-18.161848],[-70.668391,-18.166574],[-70.643111,-18.180314],[-70.597894,-18.20391],[-70.580299,-18.2149],[-70.562953,-18.224205],[-70.536269,-18.240584],[-70.524734,-18.246664],[-70.505855,-18.259252],[-70.498314,-18.262738],[-70.481289,-18.273412],[-70.453066,-18.293389],[-70.439023,-18.302365],[-70.405676,-18.326111],[-70.395957,-18.333615],[-70.376711,-18.350928],[-70.370834,-18.3411],[-70.353877,-18.326193],[-70.33515,-18.315572],[-70.317451,-18.309703],[-70.295322,-18.308053],[-70.286805,-18.308105],[-70.268914,-18.310047],[-70.248947,-18.313143],[-70.197168,-18.322187],[-70.149652,-18.318367],[-70.110801,-18.300387],[-70.074746,-18.282498],[-70.050707,-18.268803],[-70.034316,-18.26958],[-69.998406,-18.269791],[-69.980233,-18.270264],[-69.960549,-18.262885],[-69.90075,-18.20191],[-69.854309,-18.165348],[-69.81308,-18.114478],[-69.777459,-18.040391],[-69.751504,-17.98559],[-69.747178,-17.943937],[-69.776719,-17.90816],[-69.792045,-17.869457],[-69.795715,-17.862258],[-69.797264,-17.830449],[-69.799912,-17.784398],[-69.800049,-17.762332],[-69.811676,-17.753187],[-69.821678,-17.743812],[-69.822662,-17.725223],[-69.825043,-17.704412],[-69.821197,-17.686355],[-69.795988,-17.646242],[-69.784393,-17.646803],[-69.752326,-17.649687],[-69.665412,-17.6599],[-69.618012,-17.622906],[-69.551361,-17.57509],[-69.527764,-17.554773],[-69.468293,-17.50417],[-69.468391,-17.465816],[-69.467316,-17.373537],[-69.519684,-17.334902],[-69.575219,-17.29259],[-69.594346,-17.288279],[-69.603996,-17.286855],[-69.616279,-17.286435],[-69.64132,-17.28745],[-69.646094,-17.286154],[-69.654738,-17.270779],[-69.664373,-17.274797],[-69.669744,-17.274289],[-69.678768,-17.278178],[-69.689281,-17.278498],[-69.693598,-17.274643],[-69.703766,-17.277998],[-69.711076,-17.281943],[-69.711453,-17.28631],[-69.715629,-17.291631],[-69.73167,-17.294967],[-69.744881,-17.289814],[-69.749963,-17.28575],[-69.761838,-17.280435],[-69.766152,-17.271777],[-69.764975,-17.264016],[-69.774346,-17.249943],[-69.782268,-17.244303],[-69.788246,-17.236443],[-69.798732,-17.232008],[-69.802816,-17.234129],[-69.810053,-17.233918],[-69.819666,-17.241355],[-69.82682,-17.240674],[-69.831254,-17.243568],[-69.841697,-17.242549],[-69.8514,-17.243736],[-69.858791,-17.233275],[-69.869144,-17.231613],[-69.873097,-17.223834],[-69.889672,-17.221318],[-69.898135,-17.221074],[-69.911012,-17.210379],[-69.917367,-17.209937],[-69.922381,-17.204617],[-69.927039,-17.202463],[-69.938566,-17.20015],[-69.942797,-17.197838],[-69.946559,-17.192592],[-69.958289,-17.186283],[-69.959926,-17.182504],[-69.967666,-17.178824],[-69.973119,-17.165639],[-69.981364,-17.168622],[-69.987357,-17.157707],[-69.987631,-17.151424],[-69.995775,-17.148201],[-69.999016,-17.148701],[-70.011994,-17.141389],[-70.020288,-17.13179],[-70.023126,-17.123814],[-70.031053,-17.123211],[-70.035185,-17.127207],[-70.039719,-17.127968],[-70.041893,-17.119406],[-70.045787,-17.11156],[-70.046805,-17.099434],[-70.041566,-17.077402],[-70.044228,-17.062873],[-70.042518,-17.058457],[-70.046773,-17.056383],[-70.062197,-17.043559],[-70.064764,-17.038451],[-70.073152,-17.034914],[-70.081955,-17.022262],[-70.094079,-17.009967],[-70.099638,-17.006009],[-70.096051,-16.998522],[-70.098479,-16.994594],[-70.09577,-16.985226],[-70.106009,-16.977118],[-70.117092,-16.972609],[-70.119098,-16.968638],[-70.118777,-16.960113],[-70.125416,-16.956523],[-70.127041,-16.950967],[-70.13342,-16.94527],[-70.145588,-16.942688],[-70.146625,-16.93873]]]},"properties":{"province":"Tacna"}},{"type":"Feature","geometry":{"type":"Polygon","coordinates":[[[-80.487332,-4.083129],[-80.485008,-4.080128],[-80.476216,-4.081914],[-80.471816,-4.073593],[-80.475775,-4.065562],[-80.473503,-4.061457],[-80.479796,-4.05554],[-80.478373,-4.05201],[-80.469971,-4.046301],[-80.46838,-4.035869],[-80.455361,-4.034053],[-80.451531,-4.03168],[-80.452341,-4.022254],[-80.454703,-4.016192],[-80.449125,-4.017013],[-80.44534,-4.014724],[-80.448017,-4.010034],[-80.44151,-4.00544],[-80.44685,-3.998018],[-80.430244,-3.989504],[-80.425442,-3.996529],[-80.420216,-3.990818],[-80.413709,-3.991331],[-80.408687,-3.989344],[-80.402693,-3.983105],[-80.396582,-3.98393],[-80.389082,-3.988097],[-80.381582,-3.987824],[-80.377111,-3.989635],[-80.367976,-3.982376],[-80.362626,-3.983161],[-80.352759,-3.994765],[-80.344044,-3.995453],[-80.33909,-3.99214],[-80.332875,-3.998992],[-80.328976,-4.00055],[-80.327848,-4.007002],[-80.323693,-4.011166],[-80.30659,-4.012972],[-80.298076,-4.017258],[-80.288615,-4.011334],[-80.283699,-4.012383],[-80.276448,-4.008171],[-80.272233,-4.008101],[-80.266668,-4.001721],[-80.26182,-3.99889],[-80.25392,-3.97936],[-80.250521,-3.978404],[-80.246547,-3.969689],[-80.241299,-3.968256],[-80.236804,-3.963171],[-80.240209,-3.95623],[-80.231975,-3.949031],[-80.22823,-3.954557],[-80.219519,-3.951725],[-80.215424,-3.956163],[-80.2114,-3.951373],[-80.206852,-3.951117],[-80.199848,-3.947193],[-80.187734,-3.936842],[-80.185941,-3.928996],[-80.179928,-3.925353],[-80.173668,-3.92599],[-80.164627,-3.922426],[-80.15781,-3.913146],[-80.150918,-3.914127],[-80.140242,-3.912962],[-80.13919,-3.907774],[-80.133651,-3.903934],[-80.133664,-3.900528],[-80.127165,-3.895516],[-80.12915,-3.891985],[-80.138086,-3.885555],[-80.148576,-3.880102],[-80.158555,-3.869818],[-80.153902,-3.857357],[-80.152705,-3.84851],[-80.159035,-3.842965],[-80.158555,-3.835691],[-80.163111,-3.827674],[-80.160365,-3.823768],[-80.16149,-3.81464],[-80.159416,-3.809293],[-80.160432,-3.802391],[-80.172807,-3.790924],[-80.176057,-3.792754],[-80.181512,-3.785631],[-80.185195,-3.775305],[-80.192602,-3.771684],[-80.188529,-3.762543],[-80.191144,-3.760031],[-80.191109,-3.747457],[-80.180809,-3.738582],[-80.180453,-3.733471],[-80.182596,-3.724211],[-80.185977,-3.718957],[-80.185016,-3.715338],[-80.189826,-3.712773],[-80.193613,-3.708],[-80.194494,-3.70015],[-80.197129,-3.694914],[-80.198382,-3.687057],[-80.191893,-3.677548],[-80.191527,-3.672121],[-80.187458,-3.671407],[-80.186631,-3.653592],[-80.18515,-3.647203],[-80.187203,-3.637896],[-80.186615,-3.629131],[-80.1914,-3.625301],[-80.196416,-3.624797],[-80.196711,-3.616666],[-80.192293,-3.613885],[-80.188769,-3.597934],[-80.194316,-3.596191],[-80.198154,-3.592613],[-80.20967,-3.592768],[-80.213103,-3.589252],[-80.218123,-3.572982],[-80.213389,-3.57201],[-80.213627,-3.567488],[-80.208775,-3.554268],[-80.205412,-3.55108],[-80.208394,-3.547644],[-80.208346,-3.540978],[-80.206174,-3.534518],[-80.210221,-3.527084],[-80.214887,-3.525633],[-80.210715,-3.518564],[-80.214074,-3.517037],[-80.216916,-3.510844],[-80.214328,-3.503342],[-80.215727,-3.499996],[-80.228527,-3.501129],[-80.229576,-3.495557],[-80.236553,-3.486201],[-80.243385,-3.487064],[-80.242264,-3.480541],[-80.239728,-3.477789],[-80.239021,-3.470814],[-80.242123,-3.466213],[-80.240316,-3.461732],[-80.233947,-3.456562],[-80.230762,-3.451624],[-80.22202,-3.446699],[-80.220521,-3.443858],[-80.222381,-3.435154],[-80.230148,-3.428787],[-80.239625,-3.424475],[-80.245894,-3.418629],[-80.256668,-3.413154],[-80.260215,-3.412596],[-80.270096,-3.414955],[-80.285215,-3.412764],[-80.292359,-3.408805],[-80.307961,-3.392945],[-80.314789,-3.38334],[-80.315635,-3.398285],[-80.312846,-3.402699],[-80.316797,-3.415303],[-80.322584,-3.428551],[-80.327287,-3.436832],[-80.344457,-3.459404],[-80.355324,-3.471137],[-80.380707,-3.492793],[-80.382072,-3.496213],[-80.395098,-3.501768],[-80.402062,-3.505961],[-80.417807,-3.510195],[-80.423732,-3.506236],[-80.418586,-3.501908],[-80.419498,-3.495676],[-80.429328,-3.498551],[-80.433565,-3.48985],[-80.451179,-3.497505],[-80.458287,-3.501408],[-80.469932,-3.505217],[-80.47982,-3.505682],[-80.49035,-3.499119],[-80.49509,-3.503437],[-80.498635,-3.503684],[-80.504875,-3.508951],[-80.518584,-3.534969],[-80.521928,-3.543709],[-80.532191,-3.563436],[-80.536615,-3.57434],[-80.544846,-3.589732],[-80.558783,-3.610547],[-80.572904,-3.627922],[-80.582973,-3.636215],[-80.590072,-3.635141],[-80.594537,-3.63707],[-80.601525,-3.636123],[-80.60699,-3.63874],[-80.6229,-3.659482],[-80.635189,-3.667068],[-80.642268,-3.66651],[-80.648695,-3.668467],[-80.656559,-3.666775],[-80.664002,-3.674334],[-80.674482,-3.679269],[-80.683631,-3.679498],[-80.691365,-3.685029],[-80.695865,-3.690051],[-80.700971,-3.692883],[-80.725928,-3.710436],[-80.73541,-3.711207],[-80.747881,-3.717607],[-80.7536,-3.71817],[-80.767033,-3.731791],[-80.771758,-3.739625],[-80.787228,-3.748186],[-80.794619,-3.760203],[-80.806996,-3.786793],[-80.815016,-3.805334],[-80.817348,-3.815574],[-80.825656,-3.830268],[-80.828691,-3.837297],[-80.832019,-3.854578],[-80.830728,-3.868381],[-80.833646,-3.875758],[-80.846894,-3.884744],[-80.854531,-3.893186],[-80.860818,-3.896316],[-80.8744,-3.899975],[-80.882578,-3.906631],[-80.888096,-3.913527],[-80.903383,-3.922369],[-80.922371,-3.934672],[-80.938926,-3.944691],[-80.94206,-3.944691],[-80.956545,-3.956199],[-80.962418,-3.957537],[-80.965715,-3.961809],[-80.970533,-3.973398],[-80.97692,-3.980156],[-80.981578,-3.981061],[-80.987388,-3.985711],[-80.994676,-4.004557],[-80.997848,-4.010328],[-81.002269,-4.023754],[-81.010658,-4.041332],[-81.018893,-4.054621],[-81.037344,-4.080857],[-81.041418,-4.087547],[-81.038115,-4.093482],[-81.031721,-4.100125],[-81.028883,-4.105217],[-81.022885,-4.107396],[-81.019922,-4.112158],[-81.011971,-4.114234],[-81.000652,-4.111203],[-80.993494,-4.117621],[-80.987777,-4.117133],[-80.978889,-4.12676],[-80.971322,-4.127117],[-80.967355,-4.137373],[-80.967975,-4.140947],[-80.962264,-4.146678],[-80.961887,-4.150488],[-80.96643,-4.161174],[-80.970777,-4.166912],[-80.967562,-4.172598],[-80.960592,-4.174271],[-80.954728,-4.173447],[-80.945287,-4.168598],[-80.94275,-4.168996],[-80.938242,-4.177098],[-80.931539,-4.176727],[-80.928314,-4.169025],[-80.920053,-4.17068],[-80.915975,-4.174986],[-80.900773,-4.179418],[-80.897373,-4.184373],[-80.888898,-4.186613],[-80.882822,-4.192801],[-80.869885,-4.191875],[-80.865703,-4.188879],[-80.850531,-4.19099],[-80.846765,-4.188623],[-80.839441,-4.189516],[-80.829861,-4.185717],[-80.824016,-4.185619],[-80.813404,-4.179902],[-80.803307,-4.175967],[-80.799437,-4.178627],[-80.79015,-4.18024],[-80.780381,-4.17573],[-80.770461,-4.174221],[-80.76301,-4.17491],[-80.75983,-4.1789],[-80.75399,-4.17982],[-80.74874,-4.1774],[-80.742211,-4.181779],[-80.733381,-4.178891],[-80.72801,-4.182971],[-80.728211,-4.186689],[-80.71865,-4.19425],[-80.71457,-4.193449],[-80.7091,-4.189061],[-80.70032,-4.187801],[-80.6949,-4.19009],[-80.689019,-4.1966],[-80.680369,-4.200777],[-80.672539,-4.21048],[-80.666449,-4.215061],[-80.65992,-4.217869],[-80.655519,-4.22266],[-80.649769,-4.224881],[-80.64523,-4.229561],[-80.63266,-4.228039],[-80.623221,-4.231779],[-80.61133,-4.225391],[-80.60873,-4.21707],[-80.601211,-4.21317],[-80.58982,-4.214119],[-80.59067,-4.206971],[-80.58723,-4.19951],[-80.573439,-4.18748],[-80.572449,-4.18117],[-80.56083,-4.174701],[-80.562381,-4.167617],[-80.55767,-4.168199],[-80.55898,-4.16108],[-80.55198,-4.1579],[-80.54556,-4.146211],[-80.546051,-4.1421],[-80.540471,-4.14048],[-80.538939,-4.13267],[-80.535551,-4.128539],[-80.53299,-4.121699],[-80.52642,-4.120359],[-80.52709,-4.115039],[-80.524346,-4.107414],[-80.517195,-4.098035],[-80.510939,-4.093576],[-80.487332,-4.083129]]]},"properties":{"province":"Tumbes"}},{"type":"Feature","geometry":{"type":"Polygon","coordinates":[[[-73.983033,-7.534361],[-73.990985,-7.528266],[-73.997881,-7.519723],[-74.004826,-7.518024],[-74.013392,-7.512399],[-74.018066,-7.498156],[-74.018373,-7.491445],[-74.0338,-7.484865],[-74.037308,-7.477854],[-74.035186,-7.466297],[-74.037594,-7.459948],[-74.039966,-7.448155],[-74.050041,-7.446039],[-74.059594,-7.440777],[-74.066627,-7.438209],[-74.080179,-7.428542],[-74.092087,-7.422317],[-74.101496,-7.414055],[-74.115386,-7.406074],[-74.129743,-7.402208],[-74.138389,-7.396352],[-74.14163,-7.388177],[-74.141636,-7.377772],[-74.152065,-7.375403],[-74.161821,-7.37112],[-74.169435,-7.364458],[-74.180857,-7.358747],[-74.188471,-7.358271],[-74.21751,-7.361164],[-74.233727,-7.360016],[-74.238098,-7.357842],[-74.244553,-7.347406],[-74.253659,-7.343682],[-74.259025,-7.344052],[-74.267032,-7.349127],[-74.270586,-7.346783],[-74.276751,-7.34972],[-74.279073,-7.353241],[-74.293444,-7.353566],[-74.300626,-7.351711],[-74.316232,-7.35127],[-74.329357,-7.34848],[-74.335505,-7.345907],[-74.347641,-7.343102],[-74.356571,-7.336628],[-74.361567,-7.336607],[-74.364729,-7.329168],[-74.366601,-7.320198],[-74.370178,-7.317272],[-74.388287,-7.316379],[-74.393974,-7.317815],[-74.407336,-7.314432],[-74.413827,-7.314897],[-74.422711,-7.311473],[-74.428633,-7.306187],[-74.430798,-7.302071],[-74.435581,-7.301999],[-74.444116,-7.307141],[-74.448201,-7.301382],[-74.453754,-7.298255],[-74.462652,-7.298941],[-74.46792,-7.290492],[-74.46834,-7.28304],[-74.473053,-7.274622],[-74.479673,-7.272987],[-74.48806,-7.268821],[-74.501769,-7.266078],[-74.514726,-7.276764],[-74.520742,-7.276014],[-74.526282,-7.282667],[-74.526918,-7.287571],[-74.535727,-7.294427],[-74.533716,-7.30706],[-74.535712,-7.320247],[-74.545199,-7.328129],[-74.55198,-7.337412],[-74.556678,-7.341516],[-74.556793,-7.34861],[-74.559107,-7.353285],[-74.566011,-7.359708],[-74.571335,-7.388655],[-74.579521,-7.409929],[-74.58492,-7.417766],[-74.592874,-7.423772],[-74.60782,-7.428122],[-74.616074,-7.435038],[-74.625668,-7.467706],[-74.630634,-7.481581],[-74.640601,-7.494638],[-74.642902,-7.500086],[-74.645526,-7.517483],[-74.641158,-7.534826],[-74.641273,-7.54068],[-74.644678,-7.55389],[-74.643144,-7.562285],[-74.62753,-7.586022],[-74.614199,-7.599945],[-74.607578,-7.609914],[-74.597503,-7.617274],[-74.591029,-7.628576],[-74.584131,-7.630637],[-74.581603,-7.634901],[-74.577243,-7.635875],[-74.577029,-7.6424],[-74.573731,-7.649715],[-74.572764,-7.660583],[-74.57082,-7.668488],[-74.574022,-7.678333],[-74.580471,-7.680284],[-74.583455,-7.685069],[-74.584032,-7.698494],[-74.582084,-7.706014],[-74.577711,-7.710596],[-74.573453,-7.719244],[-74.571647,-7.726892],[-74.562491,-7.73883],[-74.557889,-7.748482],[-74.551056,-7.748274],[-74.543199,-7.755619],[-74.526029,-7.756094],[-74.519548,-7.760984],[-74.515718,-7.777173],[-74.517113,-7.783568],[-74.520598,-7.782716],[-74.527135,-7.787783],[-74.540595,-7.791496],[-74.545616,-7.795201],[-74.557122,-7.808839],[-74.562259,-7.813079],[-74.569745,-7.81598],[-74.581045,-7.834973],[-74.589023,-7.849573],[-74.596686,-7.8614],[-74.60128,-7.873461],[-74.602073,-7.886326],[-74.604362,-7.900801],[-74.610144,-7.913982],[-74.613704,-7.917516],[-74.627984,-7.939828],[-74.633882,-7.941874],[-74.651162,-7.943489],[-74.660698,-7.943566],[-74.66844,-7.945642],[-74.682378,-7.954919],[-74.701125,-7.969782],[-74.711275,-7.979002],[-74.71978,-7.979182],[-74.727944,-7.981009],[-74.760573,-8.016409],[-74.763906,-8.020817],[-74.771256,-8.036063],[-74.779026,-8.042376],[-74.787704,-8.046785],[-74.801887,-8.051148],[-74.819305,-8.057482],[-74.835571,-8.057035],[-74.840385,-8.058352],[-74.865883,-8.076931],[-74.8844,-8.083902],[-74.891765,-8.083842],[-74.896438,-8.081268],[-74.907907,-8.0662],[-74.929024,-8.041213],[-74.933566,-8.031647],[-74.946451,-8.021097],[-74.953405,-8.012707],[-74.963141,-7.994148],[-74.98226,-7.968986],[-75.005531,-7.970152],[-75.015959,-7.965213],[-75.023385,-7.957769],[-75.03335,-7.950055],[-75.070557,-7.960467],[-75.092217,-7.973676],[-75.121198,-7.9789],[-75.142491,-7.978641],[-75.145861,-7.981278],[-75.146162,-7.994512],[-75.149435,-8.001819],[-75.1566,-8.004178],[-75.167676,-8.00522],[-75.174973,-8.013383],[-75.184338,-8.016602],[-75.187314,-8.025292],[-75.186321,-8.035684],[-75.190398,-8.042947],[-75.190369,-8.048688],[-75.195669,-8.054401],[-75.189002,-8.069049],[-75.188202,-8.07491],[-75.189784,-8.079927],[-75.195985,-8.085964],[-75.204383,-8.088874],[-75.205092,-8.098194],[-75.212529,-8.100802],[-75.209697,-8.106226],[-75.209538,-8.116236],[-75.214572,-8.127144],[-75.227165,-8.132161],[-75.235781,-8.140403],[-75.233605,-8.14507],[-75.234701,-8.149854],[-75.239524,-8.151135],[-75.243885,-8.155518],[-75.251164,-8.150186],[-75.260485,-8.147602],[-75.262967,-8.141124],[-75.26692,-8.135888],[-75.271498,-8.136559],[-75.273415,-8.132983],[-75.279507,-8.131813],[-75.287803,-8.125513],[-75.297804,-8.126319],[-75.307059,-8.131788],[-75.311275,-8.136118],[-75.316,-8.136072],[-75.324731,-8.139282],[-75.328949,-8.138277],[-75.330491,-8.133758],[-75.343777,-8.129219],[-75.348332,-8.130348],[-75.365494,-8.137879],[-75.376147,-8.138777],[-75.380277,-8.144061],[-75.389945,-8.152261],[-75.391184,-8.162529],[-75.401453,-8.169715],[-75.410198,-8.168886],[-75.418106,-8.170978],[-75.424503,-8.169778],[-75.430096,-8.166598],[-75.439239,-8.174875],[-75.436682,-8.17945],[-75.43897,-8.182974],[-75.43701,-8.187873],[-75.437633,-8.19485],[-75.440797,-8.198262],[-75.448602,-8.20261],[-75.450473,-8.207021],[-75.455559,-8.211322],[-75.458809,-8.217565],[-75.458815,-8.230518],[-75.467039,-8.235993],[-75.473151,-8.244291],[-75.471465,-8.252073],[-75.474961,-8.256273],[-75.488379,-8.264031],[-75.496581,-8.275391],[-75.499028,-8.282985],[-75.502877,-8.289412],[-75.496059,-8.300711],[-75.497092,-8.305395],[-75.492303,-8.310043],[-75.491302,-8.31729],[-75.496403,-8.322927],[-75.493861,-8.327804],[-75.497795,-8.331386],[-75.506734,-8.331949],[-75.510054,-8.334817],[-75.498822,-8.345888],[-75.489016,-8.344033],[-75.483682,-8.344758],[-75.47785,-8.352577],[-75.477445,-8.357049],[-75.481342,-8.36092],[-75.480667,-8.380401],[-75.47628,-8.383984],[-75.474191,-8.389652],[-75.470698,-8.389656],[-75.463816,-8.393839],[-75.46133,-8.401296],[-75.461436,-8.406662],[-75.457949,-8.411835],[-75.45236,-8.41204],[-75.451568,-8.418203],[-75.448179,-8.421884],[-75.443389,-8.422387],[-75.434615,-8.431242],[-75.432423,-8.434922],[-75.423947,-8.442484],[-75.419406,-8.44321],[-75.418865,-8.450839],[-75.422661,-8.452922],[-75.427546,-8.447848],[-75.435537,-8.452212],[-75.440822,-8.447733],[-75.445917,-8.451007],[-75.460289,-8.449202],[-75.471222,-8.443424],[-75.475206,-8.436164],[-75.479896,-8.435363],[-75.485788,-8.437344],[-75.510835,-8.432045],[-75.515527,-8.432535],[-75.528962,-8.439773],[-75.532746,-8.433208],[-75.538734,-8.432206],[-75.549215,-8.432987],[-75.550317,-8.435768],[-75.558611,-8.441918],[-75.568097,-8.444687],[-75.572289,-8.444582],[-75.574479,-8.440504],[-75.583464,-8.441186],[-75.585946,-8.432437],[-75.589531,-8.426866],[-75.588279,-8.423573],[-75.599063,-8.411978],[-75.61808,-8.408323],[-75.63407,-8.408016],[-75.648131,-8.409752],[-75.658182,-8.415128],[-75.671961,-8.418186],[-75.67536,-8.421361],[-75.687314,-8.423288],[-75.691666,-8.428836],[-75.702164,-8.439251],[-75.708138,-8.446515],[-75.708825,-8.454554],[-75.713239,-8.460003],[-75.712283,-8.463259],[-75.714413,-8.471009],[-75.717498,-8.475981],[-75.716461,-8.486895],[-75.724893,-8.487004],[-75.735302,-8.484945],[-75.75011,-8.485587],[-75.76069,-8.487385],[-75.76898,-8.497803],[-75.778971,-8.493571],[-75.784549,-8.494326],[-75.787535,-8.497191],[-75.782212,-8.503711],[-75.7852,-8.507247],[-75.795306,-8.512204],[-75.791375,-8.517477],[-75.78446,-8.521702],[-75.779289,-8.531955],[-75.780359,-8.537887],[-75.778255,-8.543731],[-75.780006,-8.553491],[-75.790695,-8.570029],[-75.792345,-8.577396],[-75.792458,-8.585628],[-75.79507,-8.592993],[-75.798249,-8.595571],[-75.801534,-8.602743],[-75.812316,-8.607602],[-75.813577,-8.612577],[-75.817723,-8.617258],[-75.820729,-8.628642],[-75.816801,-8.636021],[-75.822291,-8.639168],[-75.829231,-8.646045],[-75.832514,-8.651781],[-75.845312,-8.654981],[-75.853494,-8.649162],[-75.867354,-8.653094],[-75.871163,-8.652913],[-75.891321,-8.660217],[-75.895093,-8.668823],[-75.897669,-8.670043],[-75.900851,-8.677711],[-75.905531,-8.679768],[-75.909278,-8.677921],[-75.925949,-8.698039],[-75.932122,-8.696933],[-75.939707,-8.706562],[-75.944333,-8.709824],[-75.946007,-8.715191],[-75.947886,-8.722508],[-75.940028,-8.737746],[-75.936607,-8.754639],[-75.931486,-8.761313],[-75.930172,-8.766945],[-75.923036,-8.776266],[-75.921644,-8.780812],[-75.923247,-8.791312],[-75.928773,-8.808011],[-75.927285,-8.813413],[-75.929201,-8.817428],[-75.928821,-8.827249],[-75.926884,-8.837706],[-75.927598,-8.846089],[-75.922405,-8.853217],[-75.921702,-8.866836],[-75.918487,-8.874425],[-75.91118,-8.884895],[-75.912056,-8.889142],[-75.909881,-8.896786],[-75.902724,-8.900899],[-75.902622,-8.908318],[-75.900345,-8.911913],[-75.903121,-8.915495],[-75.899038,-8.918855],[-75.895699,-8.931067],[-75.892589,-8.938493],[-75.888436,-8.962791],[-75.885319,-8.967704],[-75.884868,-8.980148],[-75.894504,-8.983714],[-75.891861,-9.002018],[-75.887557,-9.010125],[-75.884244,-9.010356],[-75.878982,-9.017627],[-75.875753,-9.029472],[-75.872617,-9.033499],[-75.866573,-9.035691],[-75.858523,-9.051511],[-75.848582,-9.051929],[-75.843823,-9.058692],[-75.837876,-9.061944],[-75.83857,-9.07043],[-75.840825,-9.073942],[-75.837874,-9.084893],[-75.830863,-9.089711],[-75.825017,-9.090051],[-75.82013,-9.100591],[-75.819569,-9.107867],[-75.821599,-9.111308],[-75.821518,-9.118008],[-75.809993,-9.132392],[-75.806636,-9.138717],[-75.804588,-9.148944],[-75.802452,-9.151776],[-75.799628,-9.161731],[-75.800947,-9.170281],[-75.799032,-9.177721],[-75.795809,-9.181952],[-75.796751,-9.190824],[-75.795695,-9.203317],[-75.789492,-9.207997],[-75.78429,-9.208009],[-75.77593,-9.217431],[-75.770806,-9.220314],[-75.76379,-9.217098],[-75.759198,-9.23204],[-75.764122,-9.236839],[-75.754813,-9.242602],[-75.749758,-9.244264],[-75.743488,-9.252174],[-75.742926,-9.259856],[-75.740189,-9.263834],[-75.730413,-9.267946],[-75.73035,-9.272613],[-75.720242,-9.277228],[-75.717078,-9.284556],[-75.71644,-9.29066],[-75.717973,-9.298553],[-75.71531,-9.304015],[-75.716041,-9.307962],[-75.710778,-9.314003],[-75.710932,-9.318668],[-75.706614,-9.328225],[-75.705691,-9.336267],[-75.698328,-9.341307],[-75.69855,-9.343819],[-75.688623,-9.349366],[-75.692682,-9.355461],[-75.69501,-9.362922],[-75.693645,-9.366945],[-75.685627,-9.36976],[-75.680722,-9.375369],[-75.678348,-9.381332],[-75.671128,-9.385869],[-75.671304,-9.402021],[-75.6685,-9.410067],[-75.670451,-9.417936],[-75.662521,-9.418062],[-75.643486,-9.412769],[-75.636268,-9.413363],[-75.63002,-9.410855],[-75.61666,-9.414076],[-75.612363,-9.411855],[-75.611378,-9.406141],[-75.607575,-9.407116],[-75.600659,-9.413813],[-75.59177,-9.40695],[-75.584548,-9.405508],[-75.582202,-9.4028],[-75.562473,-9.401185],[-75.550563,-9.396263],[-75.538267,-9.393375],[-75.533284,-9.388539],[-75.525964,-9.386515],[-75.517959,-9.382168],[-75.509668,-9.383148],[-75.492602,-9.376381],[-75.487793,-9.37265],[-75.481406,-9.359672],[-75.466744,-9.341014],[-75.464363,-9.335445],[-75.456255,-9.325],[-75.456184,-9.319422],[-75.451968,-9.296344],[-75.43969,-9.2972],[-75.436092,-9.295252],[-75.428087,-9.296357],[-75.418494,-9.292606],[-75.409582,-9.296569],[-75.406853,-9.300477],[-75.402253,-9.301958],[-75.396114,-9.299632],[-75.392327,-9.300398],[-75.383225,-9.307265],[-75.377281,-9.307653],[-75.372154,-9.31023],[-75.364574,-9.305856],[-75.357816,-9.307816],[-75.348429,-9.302918],[-75.336467,-9.289815],[-75.334057,-9.288765],[-75.319029,-9.29366],[-75.315373,-9.300652],[-75.309301,-9.299987],[-75.304288,-9.297024],[-75.303897,-9.290706],[-75.300138,-9.289944],[-75.292616,-9.283441],[-75.288376,-9.28287],[-75.28577,-9.278277],[-75.279698,-9.276942],[-75.271885,-9.266322],[-75.272489,-9.262205],[-75.268106,-9.250015],[-75.26891,-9.243726],[-75.271851,-9.239776],[-75.27192,-9.233415],[-75.266694,-9.232176],[-75.256686,-9.232476],[-75.243602,-9.222249],[-75.232997,-9.209315],[-75.231218,-9.200254],[-75.222609,-9.19002],[-75.219144,-9.178251],[-75.212816,-9.177158],[-75.212443,-9.170066],[-75.215532,-9.166555],[-75.214793,-9.161145],[-75.216481,-9.155075],[-75.220305,-9.151271],[-75.228754,-9.147704],[-75.230672,-9.141248],[-75.22905,-9.136497],[-75.233901,-9.128817],[-75.232645,-9.120482],[-75.235213,-9.110464],[-75.240654,-9.106586],[-75.240576,-9.100152],[-75.235795,-9.099789],[-75.230442,-9.103375],[-75.22007,-9.104625],[-75.213374,-9.101777],[-75.206459,-9.101342],[-75.204902,-9.080287],[-75.196073,-9.075905],[-75.196069,-9.069544],[-75.201215,-9.063838],[-75.194962,-9.063256],[-75.194886,-9.057188],[-75.185481,-9.048858],[-75.180655,-9.047368],[-75.176379,-9.041551],[-75.170348,-9.041334],[-75.166668,-9.035048],[-75.162401,-9.033953],[-75.165635,-9.028322],[-75.175709,-9.024735],[-75.174527,-9.012525],[-75.159887,-9.009087],[-75.154666,-9.004272],[-75.154416,-8.999184],[-75.149541,-9.000292],[-75.145656,-8.997606],[-75.139215,-8.999503],[-75.140094,-8.994334],[-75.130251,-8.985931],[-75.126748,-8.987524],[-75.121213,-8.985292],[-75.119609,-8.981115],[-75.121131,-8.972022],[-75.120637,-8.959742],[-75.132597,-8.951769],[-75.134622,-8.947506],[-75.133464,-8.941678],[-75.128165,-8.935758],[-75.120405,-8.936453],[-75.11883,-8.932523],[-75.110221,-8.92928],[-75.109886,-8.923555],[-75.120077,-8.904337],[-75.119847,-8.893328],[-75.122986,-8.882478],[-75.121226,-8.879965],[-75.108792,-8.882553],[-75.094882,-8.876428],[-75.08795,-8.876181],[-75.073557,-8.873118],[-75.06927,-8.875515],[-75.06737,-8.881411],[-75.05369,-8.87561],[-75.049915,-8.870591],[-75.043472,-8.867464],[-75.031901,-8.867297],[-75.022171,-8.858519],[-75.014168,-8.860738],[-75.006734,-8.864996],[-75.005002,-8.869731],[-75.000947,-8.869301],[-74.988756,-8.871504],[-74.978981,-8.871653],[-74.965746,-8.869409],[-74.956422,-8.866117],[-74.954472,-8.863568],[-74.940712,-8.857893],[-74.911313,-8.823281],[-74.906326,-8.816291],[-74.895744,-8.804764],[-74.865339,-8.780945],[-74.852911,-8.764385],[-74.850558,-8.756891],[-74.850714,-8.730011],[-74.849392,-8.720008],[-74.846505,-8.713512],[-74.848693,-8.702799],[-74.847077,-8.688934],[-74.841551,-8.682271],[-74.841912,-8.676383],[-74.846819,-8.670392],[-74.846683,-8.661235],[-74.797527,-8.631712],[-74.6925,-8.581178],[-74.682754,-8.575957],[-74.664148,-8.561909],[-74.644194,-8.55413],[-74.630329,-8.55041],[-74.617816,-8.548719],[-74.589746,-8.548719],[-74.577571,-8.553792],[-74.556942,-8.573069],[-74.547135,-8.584567],[-74.543753,-8.593698],[-74.541385,-8.608579],[-74.536123,-8.629865],[-74.52779,-8.710973],[-74.525351,-8.749316],[-74.531585,-8.770233],[-74.532178,-8.776133],[-74.54201,-8.780414],[-74.55022,-8.78263],[-74.572875,-8.792646],[-74.576999,-8.800688],[-74.58809,-8.812646],[-74.60892,-8.820228],[-74.616295,-8.827945],[-74.618309,-8.832027],[-74.621414,-8.84557],[-74.623107,-8.880648],[-74.624215,-8.888727],[-74.636383,-8.912252],[-74.644311,-8.918783],[-74.647293,-8.938082],[-74.649453,-8.963312],[-74.65274,-8.979582],[-74.647802,-8.989572],[-74.647875,-8.995768],[-74.65108,-8.999826],[-74.66171,-9.00383],[-74.669164,-9.020257],[-74.664056,-9.033923],[-74.656737,-9.043909],[-74.651366,-9.048768],[-74.654307,-9.055546],[-74.657058,-9.068599],[-74.664883,-9.079591],[-74.671316,-9.083297],[-74.678094,-9.094039],[-74.675457,-9.1071],[-74.671865,-9.110542],[-74.654801,-9.113836],[-74.640709,-9.118564],[-74.636539,-9.125511],[-74.639137,-9.129834],[-74.640977,-9.141801],[-74.639564,-9.159682],[-74.63609,-9.172962],[-74.626969,-9.197051],[-74.624467,-9.215562],[-74.616631,-9.230334],[-74.615295,-9.237984],[-74.610893,-9.241027],[-74.607934,-9.247293],[-74.60231,-9.250678],[-74.589904,-9.267172],[-74.589264,-9.271773],[-74.591453,-9.282412],[-74.591209,-9.291094],[-74.58715,-9.295576],[-74.589439,-9.303176],[-74.593935,-9.309468],[-74.600526,-9.313459],[-74.607095,-9.321504],[-74.612082,-9.333973],[-74.620519,-9.34602],[-74.625375,-9.350209],[-74.626612,-9.363062],[-74.630325,-9.366965],[-74.636228,-9.369441],[-74.642512,-9.366394],[-74.648891,-9.366489],[-74.656317,-9.370202],[-74.658411,-9.375153],[-74.657834,-9.382013],[-74.663933,-9.387149],[-74.672751,-9.388883],[-74.678133,-9.400107],[-74.683283,-9.407179],[-74.692508,-9.410792],[-74.696352,-9.417942],[-74.704962,-9.416712],[-74.707022,-9.421251],[-74.704743,-9.427247],[-74.701505,-9.428926],[-74.697668,-9.435642],[-74.689071,-9.434896],[-74.67908,-9.442597],[-74.675961,-9.446914],[-74.673203,-9.449793],[-74.663957,-9.454344],[-74.634481,-9.459758],[-74.62245,-9.461112],[-74.608313,-9.47209],[-74.594778,-9.474797],[-74.581092,-9.476602],[-74.578217,-9.482169],[-74.583178,-9.498439],[-74.591521,-9.503066],[-74.593172,-9.509617],[-74.586125,-9.518556],[-74.581615,-9.527013],[-74.582381,-9.533739],[-74.574447,-9.545778],[-74.573239,-9.550892],[-74.575561,-9.570486],[-74.572998,-9.57453],[-74.568234,-9.576399],[-74.55693,-9.577147],[-74.541286,-9.585724],[-74.536454,-9.585692],[-74.531654,-9.592103],[-74.52112,-9.592908],[-74.516513,-9.591877],[-74.510811,-9.5941],[-74.503144,-9.592522],[-74.492488,-9.595343],[-74.495424,-9.60374],[-74.493893,-9.61612],[-74.490726,-9.618784],[-74.494079,-9.628005],[-74.493752,-9.633826],[-74.497291,-9.637598],[-74.493333,-9.644793],[-74.494031,-9.648099],[-74.489654,-9.653268],[-74.49445,-9.657599],[-74.49183,-9.661977],[-74.492296,-9.673523],[-74.489099,-9.676492],[-74.49014,-9.685196],[-74.484199,-9.694955],[-74.48555,-9.702223],[-74.482764,-9.703394],[-74.478036,-9.714239],[-74.477431,-9.7201],[-74.47409,-9.730124],[-74.465479,-9.734333],[-74.46413,-9.737674],[-74.455361,-9.745982],[-74.455114,-9.750896],[-74.450012,-9.772111],[-74.44724,-9.77715],[-74.448807,-9.797431],[-74.451148,-9.810668],[-74.448339,-9.81621],[-74.450423,-9.822982],[-74.450475,-9.85499],[-74.453331,-9.862756],[-74.450203,-9.870226],[-74.444814,-9.872207],[-74.43757,-9.872382],[-74.433102,-9.876059],[-74.431436,-9.882525],[-74.427939,-9.887883],[-74.414552,-9.902112],[-74.411026,-9.915704],[-74.412648,-9.922513],[-74.416646,-9.930824],[-74.411474,-9.936159],[-74.415556,-9.945174],[-74.415081,-9.950443],[-74.41141,-9.958174],[-74.415859,-9.967416],[-74.418968,-9.970482],[-74.421823,-9.980839],[-74.424276,-9.984156],[-74.424035,-9.989443],[-74.416848,-9.996837],[-74.412398,-10.00824],[-74.414244,-10.012772],[-74.414029,-10.02057],[-74.418319,-10.024817],[-74.41468,-10.02961],[-74.411751,-10.041139],[-74.404322,-10.050601],[-74.389899,-10.051349],[-74.385332,-10.064473],[-74.377723,-10.073564],[-74.378868,-10.076863],[-74.378463,-10.091273],[-74.37709,-10.099874],[-74.366967,-10.112896],[-74.355649,-10.118766],[-74.347447,-10.114249],[-74.33963,-10.112471],[-74.331274,-10.108546],[-74.325373,-10.1118],[-74.315019,-10.113156],[-74.312995,-10.124816],[-74.308689,-10.130969],[-74.309641,-10.137243],[-74.306729,-10.138867],[-74.30645,-10.156544],[-74.303698,-10.163861],[-74.285219,-10.171805],[-74.273791,-10.172757],[-74.266845,-10.171693],[-74.2613,-10.176006],[-74.25615,-10.174729],[-74.24325,-10.177466],[-74.238764,-10.182341],[-74.231661,-10.185052],[-74.228006,-10.192969],[-74.227336,-10.198752],[-74.230226,-10.206977],[-74.233758,-10.21169],[-74.234649,-10.22001],[-74.226395,-10.230498],[-74.225977,-10.243236],[-74.229136,-10.251143],[-74.223964,-10.256199],[-74.228369,-10.265667],[-74.227158,-10.27733],[-74.234371,-10.295435],[-74.24234,-10.295332],[-74.246088,-10.29718],[-74.252548,-10.307382],[-74.250168,-10.314449],[-74.241349,-10.315709],[-74.236864,-10.320094],[-74.238829,-10.326645],[-74.247797,-10.331996],[-74.253258,-10.34074],[-74.262742,-10.363661],[-74.259456,-10.365005],[-74.2549,-10.372847],[-74.254004,-10.377329],[-74.248178,-10.382333],[-74.242005,-10.383165],[-74.242203,-10.388905],[-74.245266,-10.396],[-74.246834,-10.405934],[-74.244241,-10.410446],[-74.250494,-10.412282],[-74.252884,-10.417137],[-74.244892,-10.422888],[-74.245116,-10.431103],[-74.240934,-10.435584],[-74.239291,-10.441186],[-74.226893,-10.443053],[-74.225698,-10.450073],[-74.22328,-10.45221],[-74.215253,-10.453273],[-74.192754,-10.473906],[-74.189587,-10.481975],[-74.181394,-10.485161],[-74.177473,-10.492059],[-74.177527,-10.499483],[-74.18235,-10.503331],[-74.174148,-10.519982],[-74.169204,-10.531629],[-74.16217,-10.539366],[-74.156917,-10.549197],[-74.155634,-10.560729],[-74.150931,-10.572084],[-74.147492,-10.574799],[-74.141498,-10.583368],[-74.139453,-10.590081],[-74.134104,-10.599108],[-74.132673,-10.604911],[-74.137807,-10.608866],[-74.139246,-10.613193],[-74.139402,-10.625197],[-74.134548,-10.637699],[-74.133876,-10.647356],[-74.130981,-10.654742],[-74.132,-10.660948],[-74.138618,-10.670733],[-74.141673,-10.66225],[-74.140454,-10.656766],[-74.157775,-10.648528],[-74.159856,-10.640591],[-74.169243,-10.637114],[-74.183173,-10.636602],[-74.192755,-10.639176],[-74.197631,-10.637451],[-74.201702,-10.631143],[-74.206032,-10.630744],[-74.215461,-10.635239],[-74.221717,-10.632986],[-74.229665,-10.634598],[-74.229351,-10.65332],[-74.24092,-10.655424],[-74.245738,-10.654504],[-74.252809,-10.65948],[-74.259928,-10.669351],[-74.25892,-10.680432],[-74.271052,-10.678855],[-74.286881,-10.670412],[-74.28628,-10.680327],[-74.288286,-10.685375],[-74.31097,-10.714914],[-74.313798,-10.713647],[-74.318527,-10.718718],[-74.316443,-10.725931],[-74.321232,-10.728649],[-74.331629,-10.730978],[-74.337021,-10.733857],[-74.349338,-10.745562],[-74.349262,-10.753694],[-74.356588,-10.753904],[-74.35971,-10.759412],[-74.368143,-10.751847],[-74.372247,-10.753488],[-74.3839,-10.74748],[-74.383325,-10.756525],[-74.385459,-10.759725],[-74.382915,-10.773512],[-74.374519,-10.784896],[-74.375664,-10.792703],[-74.381682,-10.801551],[-74.385681,-10.811767],[-74.389554,-10.814254],[-74.400515,-10.811476],[-74.406631,-10.813341],[-74.415825,-10.813512],[-74.420135,-10.816104],[-74.429575,-10.812693],[-74.435783,-10.816999],[-74.442416,-10.818932],[-74.458319,-10.828267],[-74.466587,-10.836344],[-74.48007,-10.835094],[-74.488467,-10.840291],[-74.491928,-10.84461],[-74.49172,-10.848758],[-74.485558,-10.855365],[-74.485431,-10.860066],[-74.488544,-10.871755],[-74.485431,-10.88014],[-74.486194,-10.887445],[-74.495024,-10.893099],[-74.503218,-10.894179],[-74.506712,-10.899515],[-74.515872,-10.89606],[-74.538412,-10.896275],[-74.543303,-10.891257],[-74.549783,-10.89157],[-74.559738,-10.898529],[-74.565719,-10.904605],[-74.569232,-10.904036],[-74.56996,-10.915208],[-74.562363,-10.913682],[-74.547507,-10.924967],[-74.541071,-10.931535],[-74.532711,-10.932066],[-74.525811,-10.939762],[-74.518844,-10.94288],[-74.515214,-10.946791],[-74.508384,-10.9503],[-74.505327,-10.955027],[-74.502682,-10.965159],[-74.503774,-10.977774],[-74.501586,-10.981693],[-74.502689,-10.986568],[-74.500081,-10.995998],[-74.494526,-11.00112],[-74.48474,-11.002227],[-74.46244,-11.000552],[-74.45207,-11.001331],[-74.44541,-11.004852],[-74.427439,-11.019333],[-74.418638,-11.025239],[-74.413417,-11.033568],[-74.406817,-11.036912],[-74.400097,-11.043245],[-74.391884,-11.04474],[-74.373655,-11.056522],[-74.364169,-11.054809],[-74.350295,-11.05667],[-74.339446,-11.053958],[-74.335955,-11.050268],[-74.320016,-11.038422],[-74.293855,-11.031325],[-74.281545,-11.033131],[-74.271694,-11.026432],[-74.256436,-11.018223],[-74.24746,-11.017809],[-74.2245,-11.019145],[-74.219927,-11.020771],[-74.202767,-11.021013],[-74.201475,-11.019664],[-74.198365,-10.997151],[-74.19087,-10.985997],[-74.182482,-10.985789],[-74.177941,-10.990523],[-74.161672,-10.995381],[-74.157928,-10.998418],[-74.147986,-10.998837],[-74.141799,-10.995958],[-74.136848,-10.988598],[-74.127599,-10.988377],[-74.116519,-10.990862],[-74.107456,-10.986753],[-74.091778,-10.986815],[-74.077083,-10.992811],[-74.064807,-10.99312],[-74.061358,-10.995745],[-74.0531,-10.993363],[-74.043126,-10.992098],[-74.036264,-10.989011],[-74.024753,-10.990431],[-74.022109,-10.99335],[-74.005498,-10.993193],[-73.996131,-11.01745],[-73.990752,-11.026873],[-73.991162,-11.031445],[-73.989113,-11.041117],[-73.978738,-11.070033],[-73.978279,-11.083142],[-73.983664,-11.092708],[-73.981455,-11.0994],[-73.978272,-11.120627],[-73.975927,-11.125498],[-73.96671,-11.131211],[-73.95842,-11.141534],[-73.957378,-11.148136],[-73.95026,-11.151431],[-73.941834,-11.151217],[-73.934736,-11.142342],[-73.927192,-11.143812],[-73.916487,-11.143102],[-73.90854,-11.151663],[-73.899298,-11.15578],[-73.894388,-11.161934],[-73.892265,-11.168109],[-73.888748,-11.170082],[-73.878218,-11.168313],[-73.872575,-11.170062],[-73.86306,-11.169124],[-73.852707,-11.164326],[-73.85737,-11.158713],[-73.861304,-11.14553],[-73.861477,-11.138755],[-73.859682,-11.132558],[-73.861783,-11.117502],[-73.863967,-11.112269],[-73.865647,-11.09868],[-73.863099,-11.090747],[-73.862834,-11.07012],[-73.864778,-11.055537],[-73.864662,-11.047429],[-73.866573,-11.037353],[-73.866432,-11.02544],[-73.864039,-11.018051],[-73.862983,-11.008455],[-73.863678,-11.001738],[-73.861593,-10.986739],[-73.861094,-10.974122],[-73.857815,-10.971552],[-73.857163,-10.961954],[-73.85411,-10.954906],[-73.848279,-10.950762],[-73.845474,-10.943888],[-73.832223,-10.933046],[-73.823407,-10.921073],[-73.826836,-10.912791],[-73.825901,-10.909628],[-73.817757,-10.901783],[-73.821063,-10.896686],[-73.814203,-10.891605],[-73.814927,-10.88293],[-73.820774,-10.879014],[-73.816012,-10.857946],[-73.816878,-10.85039],[-73.821633,-10.844431],[-73.822158,-10.836072],[-73.816787,-10.830142],[-73.818923,-10.825386],[-73.817773,-10.813806],[-73.811807,-10.805585],[-73.814217,-10.799896],[-73.800517,-10.795906],[-73.790704,-10.796361],[-73.786939,-10.794139],[-73.781808,-10.786179],[-73.778482,-10.775039],[-73.783276,-10.758025],[-73.781986,-10.750625],[-73.776535,-10.749296],[-73.766936,-10.743199],[-73.762532,-10.738223],[-73.7572,-10.735905],[-73.742116,-10.734008],[-73.73711,-10.737313],[-73.733999,-10.751093],[-73.729251,-10.755577],[-73.714859,-10.759886],[-73.707232,-10.766647],[-73.704261,-10.771264],[-73.696193,-10.773029],[-73.676775,-10.790076],[-73.671447,-10.788721],[-73.665646,-10.793159],[-73.667535,-10.799414],[-73.661467,-10.802939],[-73.659679,-10.807023],[-73.651289,-10.812214],[-73.647969,-10.816461],[-73.63611,-10.824823],[-73.622185,-10.836988],[-73.617095,-10.839874],[-73.610396,-10.846574],[-73.594329,-10.852561],[-73.580523,-10.854572],[-73.574275,-10.852263],[-73.571559,-10.856706],[-73.560261,-10.860609],[-73.560917,-10.868472],[-73.559024,-10.874138],[-73.562909,-10.888356],[-73.56365,-10.897391],[-73.567267,-10.905948],[-73.564837,-10.936755],[-73.571683,-10.948557],[-73.571491,-10.958094],[-73.565583,-10.968246],[-73.558674,-10.975347],[-73.559423,-10.989909],[-73.558238,-10.999141],[-73.554535,-11.003387],[-73.553012,-11.014052],[-73.543943,-11.020422],[-73.540648,-11.028588],[-73.543588,-11.035013],[-73.542579,-11.047424],[-73.53172,-11.053993],[-73.522938,-11.057967],[-73.506589,-11.057885],[-73.498267,-11.063991],[-73.488787,-11.062373],[-73.482603,-11.065242],[-73.478942,-11.071687],[-73.478237,-11.078702],[-73.471325,-11.087],[-73.470975,-11.09265],[-73.47418,-11.098961],[-73.469594,-11.106462],[-73.466918,-11.119969],[-73.473981,-11.124616],[-73.475186,-11.128356],[-73.467587,-11.156434],[-73.466602,-11.166139],[-73.461956,-11.179277],[-73.463335,-11.185514],[-73.458385,-11.195447],[-73.459201,-11.208782],[-73.455168,-11.216055],[-73.454403,-11.221139],[-73.450099,-11.224749],[-73.449872,-11.235567],[-73.452861,-11.244147],[-73.455663,-11.257517],[-73.454442,-11.263065],[-73.462961,-11.282603],[-73.463101,-11.293554],[-73.458904,-11.298163],[-73.46011,-11.302711],[-73.471323,-11.30556],[-73.478943,-11.312141],[-73.484087,-11.319344],[-73.480325,-11.322695],[-73.479872,-11.330333],[-73.485639,-11.344325],[-73.484561,-11.350264],[-73.480694,-11.354096],[-73.470646,-11.344007],[-73.467125,-11.344172],[-73.463742,-11.354284],[-73.449759,-11.368083],[-73.444691,-11.369969],[-73.428503,-11.378724],[-73.420072,-11.380744],[-73.419749,-11.383938],[-73.413911,-11.387229],[-73.408048,-11.385976],[-73.401644,-11.37585],[-73.396283,-11.377413],[-73.386262,-11.37127],[-73.382328,-11.363354],[-73.37866,-11.350741],[-73.372215,-11.345869],[-73.359947,-11.340109],[-73.351681,-11.332342],[-73.347959,-11.324771],[-73.348704,-11.318218],[-73.346172,-11.313453],[-73.333365,-11.308985],[-73.323514,-11.309197],[-73.318635,-11.307485],[-73.308059,-11.309427],[-73.296884,-11.308372],[-73.291009,-11.312065],[-73.282855,-11.312185],[-73.279306,-11.310434],[-73.268905,-11.309699],[-73.257446,-11.312709],[-73.245176,-11.308137],[-73.237132,-11.299513],[-73.213188,-11.299082],[-73.210061,-11.293423],[-73.203301,-11.28999],[-73.198206,-11.292924],[-73.191446,-11.292083],[-73.186457,-11.285978],[-73.180351,-11.288435],[-73.172036,-11.289141],[-73.1684,-11.293315],[-73.158681,-11.290917],[-73.137374,-11.293773],[-73.131662,-11.293927],[-73.124019,-11.291843],[-73.111668,-11.285281],[-73.104254,-11.282701],[-73.0945,-11.275926],[-73.082137,-11.273284],[-73.069595,-11.283583],[-73.065041,-11.284355],[-73.050682,-11.27733],[-73.041314,-11.275582],[-73.039026,-11.271309],[-73.024583,-11.263119],[-73.022126,-11.250684],[-73.018924,-11.240825],[-73.018575,-11.234171],[-73.014307,-11.230252],[-73.002692,-11.22437],[-72.986609,-11.21813],[-72.977062,-11.212293],[-72.967887,-11.215821],[-72.975483,-11.224352],[-72.974224,-11.250676],[-72.969116,-11.252111],[-72.967311,-11.258498],[-72.968584,-11.264121],[-72.965506,-11.268425],[-72.957985,-11.26301],[-72.956967,-11.269976],[-72.953565,-11.274719],[-72.945605,-11.275136],[-72.945258,-11.279],[-72.939126,-11.282078],[-72.939681,-11.28585],[-72.93709,-11.292745],[-72.944518,-11.29536],[-72.950627,-11.292931],[-72.954722,-11.305472],[-72.948475,-11.304616],[-72.938548,-11.305704],[-72.933457,-11.304269],[-72.932277,-11.309476],[-72.937321,-11.315839],[-72.93665,-11.319935],[-72.941972,-11.322504],[-72.945929,-11.314937],[-72.945744,-11.309892],[-72.952871,-11.313363],[-72.958818,-11.313687],[-72.957823,-11.320375],[-72.951969,-11.320375],[-72.952131,-11.328265],[-72.957592,-11.327317],[-72.963836,-11.328748],[-72.963435,-11.333595],[-72.959062,-11.334725],[-72.951909,-11.33063],[-72.948258,-11.332316],[-72.949592,-11.336949],[-72.944737,-11.339914],[-72.939659,-11.337894],[-72.937399,-11.33265],[-72.93095,-11.330889],[-72.925854,-11.327312],[-72.922092,-11.329166],[-72.921332,-11.335225],[-72.933674,-11.343805],[-72.93284,-11.350384],[-72.926372,-11.348253],[-72.92237,-11.343379],[-72.916977,-11.344695],[-72.90988,-11.351774],[-72.901374,-11.353256],[-72.897019,-11.357926],[-72.891997,-11.352608],[-72.894962,-11.348383],[-72.891867,-11.343101],[-72.888531,-11.345566],[-72.890348,-11.35094],[-72.887234,-11.356499],[-72.875847,-11.357668],[-72.877894,-11.361832],[-72.873206,-11.364426],[-72.869756,-11.35705],[-72.861499,-11.354694],[-72.856574,-11.357763],[-72.852053,-11.365283],[-72.845105,-11.36257],[-72.845438,-11.372159],[-72.838775,-11.370422],[-72.835349,-11.37235],[-72.833493,-11.378655],[-72.840917,-11.380178],[-72.842464,-11.38684],[-72.834446,-11.386152],[-72.821782,-11.389625],[-72.820386,-11.386052],[-72.82376,-11.381897],[-72.817062,-11.375266],[-72.813323,-11.379903],[-72.807074,-11.37643],[-72.804149,-11.382961],[-72.798765,-11.384357],[-72.796255,-11.371228],[-72.799712,-11.366741],[-72.792632,-11.364314],[-72.790339,-11.365794],[-72.790638,-11.373023],[-72.796272,-11.379405],[-72.794294,-11.384291],[-72.784705,-11.375964],[-72.775681,-11.375748],[-72.763349,-11.37161],[-72.756386,-11.361938],[-72.749572,-11.359013],[-72.738238,-11.347429],[-72.734149,-11.351983],[-72.724244,-11.350055],[-72.721718,-11.354891],[-72.721801,-11.361463],[-72.71645,-11.360515],[-72.718511,-11.350992],[-72.711597,-11.347685],[-72.707259,-11.352206],[-72.70937,-11.356477],[-72.714456,-11.358621],[-72.712794,-11.367096],[-72.709885,-11.37175],[-72.710184,-11.377616],[-72.706561,-11.381505],[-72.700246,-11.379727],[-72.69197,-11.389233],[-72.692302,-11.395698],[-72.688613,-11.396828],[-72.680021,-11.388967],[-72.674968,-11.387222],[-72.670514,-11.388735],[-72.664399,-11.387189],[-72.664548,-11.39382],[-72.657901,-11.396895],[-72.652416,-11.396014],[-72.652267,-11.401016],[-72.645569,-11.412766],[-72.64276,-11.412533],[-72.639836,-11.406268],[-72.632124,-11.406401],[-72.63254,-11.415176],[-72.628518,-11.416638],[-72.623117,-11.412816],[-72.6174,-11.41933],[-72.623532,-11.422305],[-72.6231,-11.426443],[-72.609987,-11.428238],[-72.610835,-11.438293],[-72.606564,-11.439506],[-72.603207,-11.432609],[-72.604786,-11.423037],[-72.601146,-11.418433],[-72.595662,-11.42056],[-72.594415,-11.427607],[-72.590693,-11.434537],[-72.580821,-11.430798],[-72.575399,-11.438465],[-72.566927,-11.43182],[-72.560166,-11.435513],[-72.555887,-11.432301],[-72.551703,-11.433657],[-72.552194,-11.443014],[-72.546126,-11.443264],[-72.548867,-11.437446],[-72.545924,-11.432974],[-72.536817,-11.434926],[-72.535451,-11.425704],[-72.531431,-11.431041],[-72.535086,-11.43508],[-72.525882,-11.43936],[-72.526228,-11.434215],[-72.52367,-11.430839],[-72.51589,-11.430031],[-72.518996,-11.421174],[-72.514371,-11.417068],[-72.51011,-11.424252],[-72.507072,-11.419232],[-72.509784,-11.412942],[-72.503436,-11.409153],[-72.497782,-11.403508],[-72.496623,-11.399261],[-72.482212,-11.398119],[-72.487231,-11.394047],[-72.485924,-11.38993],[-72.479868,-11.387421],[-72.476217,-11.391778],[-72.470882,-11.390516],[-72.469365,-11.385257],[-72.459327,-11.388833],[-72.458065,-11.38413],[-72.453527,-11.385678],[-72.447426,-11.38452],[-72.448884,-11.374107],[-72.441175,-11.374994],[-72.43548,-11.372454],[-72.436036,-11.366098],[-72.425127,-11.368487],[-72.425893,-11.358029],[-72.421295,-11.354768],[-72.417884,-11.356842],[-72.412941,-11.351598],[-72.406479,-11.357052],[-72.400664,-11.344956],[-72.395931,-11.34996],[-72.392219,-11.342146],[-72.388448,-11.343769],[-72.382141,-11.337963],[-72.37883,-11.332639],[-72.361023,-11.333863],[-72.354279,-11.329926],[-72.347328,-11.322527],[-72.339295,-11.32382],[-72.336982,-11.316725],[-72.326096,-11.317801],[-72.324219,-11.322094],[-72.316795,-11.321213],[-72.314682,-11.314047],[-72.307709,-11.307],[-72.294686,-11.315682],[-72.286644,-11.313936],[-72.286582,-11.317115],[-72.280182,-11.326047],[-72.28273,-11.33093],[-72.280693,-11.336557],[-72.270889,-11.339711],[-72.264824,-11.336096],[-72.261283,-11.337174],[-72.257412,-11.330321],[-72.253189,-11.330078],[-72.248855,-11.333318],[-72.250123,-11.3411],[-72.246021,-11.346161],[-72.239258,-11.345061],[-72.226674,-11.342608],[-72.220833,-11.345154],[-72.213664,-11.34422],[-72.208093,-11.347452],[-72.204027,-11.343357],[-72.208824,-11.335383],[-72.209656,-11.32775],[-72.213982,-11.319744],[-72.214219,-11.307963],[-72.218456,-11.300287],[-72.218171,-11.294576],[-72.213532,-11.288429],[-72.21147,-11.277601],[-72.205521,-11.266615],[-72.199413,-11.264235],[-72.202038,-11.259313],[-72.201181,-11.251461],[-72.205179,-11.239896],[-72.20161,-11.232187],[-72.197061,-11.227861],[-72.198082,-11.211773],[-72.20024,-11.205297],[-72.199408,-11.197811],[-72.196719,-11.194114],[-72.189661,-11.190921],[-72.186523,-11.184889],[-72.189839,-11.183716],[-72.199166,-11.168297],[-72.199547,-11.163729],[-72.193856,-11.156662],[-72.187935,-11.163729],[-72.184319,-11.155543],[-72.17648,-11.159112],[-72.17442,-11.151926],[-72.16928,-11.143741],[-72.158049,-11.140315],[-72.14777,-11.138792],[-72.144822,-11.136378],[-72.138252,-11.136888],[-72.130473,-11.131826],[-72.122467,-11.123584],[-72.120246,-11.118105],[-72.121406,-11.107141],[-72.125885,-11.10115],[-72.13508,-11.095375],[-72.146293,-11.090369],[-72.151768,-11.086444],[-72.155098,-11.088555],[-72.168196,-11.092039],[-72.175748,-11.09296],[-72.178771,-11.097551],[-72.183299,-11.092592],[-72.184957,-11.083383],[-72.18422,-11.074173],[-72.186983,-11.068648],[-72.182862,-11.06204],[-72.182509,-11.057799],[-72.188641,-11.055755],[-72.193061,-11.049677],[-72.190483,-11.043598],[-72.176485,-11.038994],[-72.174432,-11.032357],[-72.175324,-11.024832],[-72.185254,-11.008835],[-72.179984,-11.00492],[-72.178511,-10.999394],[-72.173538,-10.995526],[-72.16967,-10.999947],[-72.15825,-11.005288],[-72.154297,-11.00309],[-72.152863,-10.994215],[-72.143928,-10.989234],[-72.1399,-10.988736],[-72.13207,-10.982041],[-72.126042,-10.982819],[-72.125035,-10.995624],[-72.122334,-10.996447],[-72.10471,-10.992931],[-72.099206,-10.994876],[-72.092789,-11.001682],[-72.0854,-11.002849],[-72.069785,-11.008428],[-72.051739,-11.010912],[-72.044545,-11.001667],[-72.043699,-10.99692],[-72.02983,-10.997932],[-72.01394,-10.9884],[-72.008663,-10.987947],[-72.002953,-10.991246],[-71.996742,-10.991123],[-71.986564,-10.995504],[-71.980351,-10.990978],[-71.97476,-10.991383],[-71.968133,-10.996605],[-71.96057,-10.995033],[-71.952429,-10.997596],[-71.944588,-10.997449],[-71.938377,-11.003895],[-71.932785,-11.00223],[-71.925646,-11.002467],[-71.919342,-10.999221],[-71.909103,-10.997484],[-71.902435,-10.997701],[-71.895069,-10.994529],[-71.888648,-10.998141],[-71.869605,-10.999541],[-71.862276,-10.995166],[-71.858472,-10.997134],[-71.847008,-10.995679],[-71.840881,-10.998362],[-71.838606,-11.004388],[-71.83386,-11.006485],[-71.828463,-11.011868],[-71.825286,-11.009306],[-71.824364,-11.004081],[-71.818933,-10.99947],[-71.808953,-10.993828],[-71.797204,-10.993602],[-71.793538,-10.991188],[-71.787591,-10.992574],[-71.778076,-10.98968],[-71.770043,-10.992812],[-71.764914,-10.991478],[-71.753939,-10.993728],[-71.745246,-10.99273],[-71.736213,-10.988521],[-71.729998,-10.983586],[-71.725214,-10.987432],[-71.720161,-10.996553],[-71.71408,-10.995614],[-71.713707,-10.984902],[-71.70773,-10.981619],[-71.705405,-10.975582],[-71.699548,-10.974554],[-71.695657,-10.979025],[-71.69217,-10.979428],[-71.684837,-10.975493],[-71.680723,-10.971558],[-71.67804,-10.976119],[-71.67169,-10.975851],[-71.666504,-10.981663],[-71.661093,-10.983005],[-71.655146,-10.981395],[-71.651336,-10.977021],[-71.638,-10.97683],[-71.628768,-10.973565],[-71.611916,-10.970775],[-71.604316,-10.970543],[-71.596893,-10.972748],[-71.587905,-10.971061],[-71.576876,-10.964999],[-71.569595,-10.962786],[-71.558854,-10.964803],[-71.538304,-10.953656],[-71.531614,-10.952229],[-71.527149,-10.961727],[-71.524337,-10.963082],[-71.514464,-10.963037],[-71.508132,-10.966092],[-71.493965,-10.961753],[-71.490556,-10.964631],[-71.485951,-10.96379],[-71.480519,-10.957119],[-71.470561,-10.95547],[-71.456199,-10.956883],[-71.454251,-10.958743],[-71.443359,-10.958746],[-71.439461,-10.956936],[-71.426109,-10.955658],[-71.412941,-10.958068],[-71.399398,-10.952961],[-71.394859,-10.947629],[-71.383192,-10.950109],[-71.376281,-10.952678],[-71.370425,-10.947347],[-71.364545,-10.947969],[-71.361445,-10.951614],[-71.357317,-10.951545],[-71.352088,-10.947899],[-71.351365,-10.93923],[-71.341786,-10.932876],[-71.336126,-10.916788],[-71.329012,-10.910985],[-71.323364,-10.912312],[-71.317305,-10.909565],[-71.315245,-10.902294],[-71.316457,-10.897365],[-71.309024,-10.878702],[-71.30333,-10.876334],[-71.294714,-10.876299],[-71.285765,-10.865724],[-71.275344,-10.856388],[-71.270942,-10.847346],[-71.272138,-10.824528],[-71.271474,-10.819047],[-71.264664,-10.80086],[-71.26209,-10.796708],[-71.258723,-10.784935],[-71.250369,-10.783237],[-71.243841,-10.776757],[-71.238513,-10.779253],[-71.230744,-10.780082],[-71.221564,-10.776698],[-71.224795,-10.76878],[-71.228482,-10.767686],[-71.227426,-10.761302],[-71.219575,-10.761026],[-71.218892,-10.749213],[-71.224603,-10.730653],[-71.220819,-10.722658],[-71.216037,-10.716662],[-71.216037,-10.713307],[-71.224388,-10.707739],[-71.227815,-10.702813],[-71.231455,-10.691306],[-71.231313,-10.685239],[-71.228957,-10.678528],[-71.212831,-10.668331],[-71.207697,-10.657826],[-71.206291,-10.65216],[-71.20842,-10.647475],[-71.217179,-10.642],[-71.220803,-10.636734],[-71.218115,-10.630156],[-71.210906,-10.619164],[-71.209121,-10.607525],[-71.205282,-10.598518],[-71.205173,-10.591545],[-71.202666,-10.589801],[-71.196213,-10.579861],[-71.182291,-10.573893],[-71.173138,-10.574983],[-71.166492,-10.571605],[-71.163768,-10.564196],[-71.166443,-10.557281],[-71.164571,-10.531261],[-71.1468,-10.530984],[-71.140008,-10.521814],[-71.136916,-10.514787],[-71.13234,-10.510437],[-71.132565,-10.507211],[-71.127389,-10.504361],[-71.118838,-10.503686],[-71.116738,-10.501285],[-71.108379,-10.507782],[-71.106207,-10.504453],[-71.099806,-10.501642],[-71.093454,-10.500975],[-71.090279,-10.503391],[-71.078506,-10.501371],[-71.070756,-10.498475],[-71.06708,-10.493551],[-71.059561,-10.494027],[-71.053374,-10.489649],[-71.04436,-10.487675],[-71.040886,-10.488657],[-71.030288,-10.482973],[-71.024533,-10.4782],[-71.023773,-10.473469],[-71.018912,-10.466762],[-71.015493,-10.467092],[-71.013202,-10.456083],[-71.006971,-10.45547],[-71.006971,-10.447189],[-71.001641,-10.443668],[-71.005258,-10.43434],[-71.004972,-10.430819],[-70.996882,-10.427202],[-70.993266,-10.416161],[-70.983858,-10.408794],[-70.975745,-10.405986],[-70.968056,-10.3989],[-70.960367,-10.393624],[-70.957654,-10.386387],[-70.958106,-10.377793],[-70.963631,-10.365346],[-70.970677,-10.346021],[-70.970296,-10.339168],[-70.968012,-10.335551],[-70.958883,-10.335817],[-70.952416,-10.334391],[-70.93473,-10.33326],[-70.927598,-10.330852],[-70.920094,-10.330677],[-70.897395,-10.33741],[-70.889459,-10.335139],[-70.885295,-10.327703],[-70.873993,-10.300696],[-70.873695,-10.29439],[-70.882618,-10.27595],[-70.882619,-10.268176],[-70.880833,-10.26197],[-70.874587,-10.255724],[-70.866854,-10.253047],[-70.861429,-10.253065],[-70.841572,-10.250668],[-70.814932,-10.254666],[-70.803201,-10.251154],[-70.790412,-10.241042],[-70.780299,-10.219924],[-70.774053,-10.214273],[-70.768137,-10.213355],[-70.76155,-10.209164],[-70.756797,-10.202785],[-70.753494,-10.194061],[-70.746506,-10.188584],[-70.73439,-10.185402],[-70.72357,-10.176566],[-70.717025,-10.172648],[-70.712372,-10.16364],[-70.705111,-10.158681],[-70.707475,-10.146295],[-70.707853,-10.135611],[-70.700307,-10.1267],[-70.698174,-10.118031],[-70.691628,-10.114063],[-70.683883,-10.112578],[-70.68098,-10.102643],[-70.670754,-10.09985],[-70.661033,-10.084959],[-70.651382,-10.080703],[-70.653135,-10.075525],[-70.644542,-10.06874],[-70.656178,-10.060229],[-70.660032,-10.051466],[-70.654492,-10.045523],[-70.652059,-10.04006],[-70.661427,-10.029693],[-70.670775,-10.026828],[-70.672318,-10.023135],[-70.666529,-10.013976],[-70.666484,-10.006593],[-70.657157,-10.001929],[-70.659072,-9.98983],[-70.667627,-9.972453],[-70.666836,-9.969725],[-70.660492,-9.965615],[-70.650391,-9.954631],[-70.646949,-9.945916],[-70.647834,-9.937332],[-70.65075,-9.933176],[-70.649445,-9.927984],[-70.645447,-9.924314],[-70.641765,-9.915011],[-70.641605,-9.908083],[-70.635424,-9.904465],[-70.633479,-9.898958],[-70.635574,-9.893761],[-70.639796,-9.889389],[-70.639539,-9.884376],[-70.621403,-9.878082],[-70.613804,-9.873393],[-70.61348,-9.866082],[-70.621078,-9.856143],[-70.622025,-9.850469],[-70.618965,-9.846451],[-70.621422,-9.839713],[-70.619332,-9.835844],[-70.620033,-9.827912],[-70.62342,-9.821051],[-70.616783,-9.816543],[-70.612281,-9.805398],[-70.607574,-9.8009],[-70.601402,-9.799971],[-70.591865,-9.803217],[-70.588654,-9.795221],[-70.586166,-9.793986],[-70.586609,-9.785711],[-70.577773,-9.777795],[-70.570404,-9.784059],[-70.5625,-9.788869],[-70.556373,-9.788191],[-70.545258,-9.774717],[-70.536629,-9.76584],[-70.536377,-9.761619],[-70.539406,-9.755666],[-70.539154,-9.749853],[-70.53273,-9.745379],[-70.532387,-9.73273],[-70.528068,-9.726016],[-70.533883,-9.70135],[-70.536637,-9.69793],[-70.542924,-9.679781],[-70.5495,-9.676867],[-70.55117,-9.669807],[-70.567191,-9.664572],[-70.575096,-9.6545],[-70.58149,-9.642961],[-70.587029,-9.630332],[-70.592682,-9.623144],[-70.591842,-9.615816],[-70.596168,-9.612125],[-70.598244,-9.607287],[-70.589195,-9.600738],[-70.588027,-9.594504],[-70.585113,-9.590693],[-70.58709,-9.580449],[-70.585648,-9.575582],[-70.600415,-9.562996],[-70.598792,-9.554959],[-70.59185,-9.548545],[-70.585924,-9.551305],[-70.584666,-9.556014],[-70.588806,-9.565715],[-70.583529,-9.567786],[-70.578496,-9.563929],[-70.575045,-9.564011],[-70.566034,-9.573184],[-70.559255,-9.574889],[-70.553572,-9.56742],[-70.555237,-9.562346],[-70.560879,-9.557841],[-70.566359,-9.557394],[-70.569241,-9.551752],[-70.564004,-9.540711],[-70.570824,-9.534744],[-70.567374,-9.530969],[-70.563193,-9.531131],[-70.558334,-9.537627],[-70.548928,-9.539195],[-70.539309,-9.535292],[-70.539731,-9.52892],[-70.546333,-9.527192],[-70.547024,-9.51821],[-70.540652,-9.513182],[-70.53524,-9.51656],[-70.52979,-9.512721],[-70.531517,-9.503548],[-70.527026,-9.502396],[-70.524147,-9.505889],[-70.520051,-9.503926],[-70.517662,-9.496693],[-70.513717,-9.492803],[-70.509713,-9.504738],[-70.505194,-9.503661],[-70.503873,-9.496447],[-70.515405,-9.481917],[-70.521298,-9.476533],[-70.524549,-9.459362],[-70.519672,-9.458143],[-70.515405,-9.460428],[-70.512499,-9.466631],[-70.504777,-9.463339],[-70.506287,-9.458414],[-70.51168,-9.449547],[-70.511064,-9.447074],[-70.502324,-9.445461],[-70.495874,-9.440883],[-70.494417,-9.432898],[-70.495978,-9.425485],[-70.50222,-9.427826],[-70.504535,-9.423951],[-70.510466,-9.424679],[-70.515225,-9.428477],[-70.525968,-9.432508],[-70.526722,-9.428893],[-70.53788,-9.438282],[-70.537802,-9.434147],[-70.547504,-9.428424],[-70.549013,-9.434875],[-70.559079,-9.433939],[-70.56259,-9.430427],[-70.581136,-9.440519],[-70.587768,-9.446398],[-70.591358,-9.441326],[-70.595806,-9.442496],[-70.598121,-9.45238],[-70.596196,-9.458388],[-70.601814,-9.460287],[-70.610996,-9.457322],[-70.613363,-9.465984],[-70.617446,-9.4722],[-70.624443,-9.472252],[-70.625943,-9.479076],[-70.63132,-9.479825],[-70.631387,-9.484685],[-70.636397,-9.487049],[-70.632436,-9.495839],[-70.636447,-9.497587],[-70.642357,-9.496222],[-70.653219,-9.501182],[-70.651038,-9.505344],[-70.651202,-9.511772],[-70.657772,-9.514258],[-70.661214,-9.521087],[-70.666517,-9.522129],[-70.677018,-9.529562],[-70.692674,-9.535463],[-70.692882,-9.539307],[-70.69989,-9.541031],[-70.710989,-9.548077],[-70.714758,-9.547149],[-70.717334,-9.553531],[-70.724645,-9.560748],[-70.725478,-9.567055],[-70.736008,-9.563908],[-70.73832,-9.559005],[-70.751881,-9.565388],[-70.74976,-9.56929],[-70.755991,-9.576563],[-70.754097,-9.578438],[-70.758699,-9.5877],[-70.755498,-9.596317],[-70.759078,-9.60181],[-70.767241,-9.600749],[-70.766853,-9.607047],[-70.771576,-9.606441],[-70.774278,-9.610406],[-70.785692,-9.613941],[-70.785238,-9.623563],[-70.791425,-9.626038],[-70.790541,-9.630785],[-70.797233,-9.637932],[-70.799178,-9.641922],[-70.804683,-9.643614],[-70.813118,-9.639851],[-70.81486,-9.64316],[-70.823648,-9.644751],[-70.827916,-9.643311],[-70.832159,-9.646569],[-70.834836,-9.643134],[-70.8387,-9.65667],[-70.853386,-9.655594],[-70.857903,-9.660628],[-70.868134,-9.664763],[-70.871571,-9.674249],[-70.875359,-9.67469],[-70.879791,-9.68063],[-70.880067,-9.687949],[-70.886411,-9.688685],[-70.896874,-9.703377],[-70.896298,-9.709207],[-70.906082,-9.718563],[-70.910477,-9.72695],[-70.914409,-9.726972],[-70.920394,-9.737667],[-70.924511,-9.74164],[-70.932403,-9.7411],[-70.938677,-9.744228],[-70.943567,-9.742305],[-70.948726,-9.744013],[-70.951806,-9.742199],[-70.962275,-9.749391],[-70.965233,-9.755368],[-70.974021,-9.760738],[-70.975021,-9.764684],[-70.980348,-9.771322],[-70.980584,-9.778029],[-70.99099,-9.79283],[-70.99234,-9.803406],[-70.990846,-9.811234],[-70.993912,-9.817209],[-70.998383,-9.818213],[-71.010055,-9.815957],[-71.019248,-9.815902],[-71.022309,-9.818613],[-71.030061,-9.815602],[-71.040336,-9.818678],[-71.047539,-9.818055],[-71.050965,-9.815838],[-71.056588,-9.819773],[-71.057441,-9.8236],[-71.070176,-9.827598],[-71.075164,-9.826963],[-71.080033,-9.831805],[-71.081467,-9.835908],[-71.086777,-9.841092],[-71.089623,-9.840342],[-71.094926,-9.845189],[-71.101334,-9.848359],[-71.101975,-9.85301],[-71.109398,-9.854383],[-71.121441,-9.851679],[-71.13475,-9.853838],[-71.143699,-9.861002],[-71.144539,-9.865697],[-71.149543,-9.870256],[-71.157646,-9.872148],[-71.165732,-9.888041],[-71.171768,-9.891896],[-71.172752,-9.900379],[-71.179512,-9.908018],[-71.178764,-9.918119],[-71.184799,-9.920719],[-71.188613,-9.920115],[-71.191986,-9.940393],[-71.198822,-9.942301],[-71.205094,-9.946381],[-71.21,-9.952549],[-71.207907,-9.959297],[-71.209389,-9.965053],[-71.22284,-9.970006],[-71.225137,-9.967469],[-71.236451,-9.96441],[-71.241555,-9.966555],[-71.246955,-9.962045],[-71.25392,-9.964863],[-71.250832,-9.969701],[-71.25132,-9.974055],[-71.257019,-9.978488],[-71.263389,-9.97925],[-71.271705,-9.97782],[-71.279732,-9.984182],[-71.28518,-9.985871],[-71.291871,-9.9825],[-71.297436,-9.992178],[-71.308221,-9.988342],[-71.311248,-9.991646],[-71.316406,-9.985303],[-71.322426,-9.985719],[-71.329629,-9.973752],[-71.342764,-9.966773],[-71.346367,-9.96916],[-71.351279,-9.976926],[-71.350066,-9.985186],[-71.354363,-9.986988],[-71.360008,-9.98374],[-71.375045,-10.000144],[-71.503158,-10.000318],[-71.735771,-9.99975],[-71.764803,-9.999619],[-71.864846,-9.999693],[-71.886818,-9.999963],[-72.000687,-9.99924],[-72.019684,-9.999871],[-72.180404,-9.999672],[-72.178369,-9.995277],[-72.178478,-9.987512],[-72.175797,-9.98423],[-72.161567,-9.980513],[-72.157786,-9.978191],[-72.157437,-9.972631],[-72.151941,-9.970425],[-72.149852,-9.960811],[-72.160634,-9.955644],[-72.1616,-9.95059],[-72.155805,-9.944547],[-72.156434,-9.941649],[-72.166116,-9.940481],[-72.173888,-9.930193],[-72.171192,-9.927295],[-72.169553,-9.919657],[-72.165689,-9.916085],[-72.163308,-9.908515],[-72.158882,-9.910784],[-72.150712,-9.905742],[-72.147916,-9.888569],[-72.141207,-9.885694],[-72.137955,-9.881084],[-72.141287,-9.87591],[-72.148201,-9.872228],[-72.154271,-9.855241],[-72.155785,-9.845687],[-72.152894,-9.841915],[-72.156591,-9.832351],[-72.162056,-9.831068],[-72.159947,-9.817264],[-72.154938,-9.816302],[-72.154568,-9.810356],[-72.151583,-9.808013],[-72.153767,-9.801549],[-72.151361,-9.797416],[-72.165078,-9.791441],[-72.170572,-9.783926],[-72.177742,-9.783289],[-72.186912,-9.778207],[-72.193519,-9.776428],[-72.209156,-9.776982],[-72.214869,-9.778816],[-72.220474,-9.769473],[-72.231318,-9.761957],[-72.236381,-9.763941],[-72.241494,-9.760432],[-72.24434,-9.751971],[-72.255562,-9.75057],[-72.26017,-9.751873],[-72.264023,-9.747431],[-72.262215,-9.742602],[-72.254654,-9.733832],[-72.258994,-9.712191],[-72.255478,-9.704021],[-72.252258,-9.701937],[-72.252762,-9.696664],[-72.251139,-9.687642],[-72.253518,-9.684326],[-72.249336,-9.677461],[-72.248543,-9.669252],[-72.245637,-9.661242],[-72.246018,-9.657279],[-72.252021,-9.656424],[-72.259529,-9.645867],[-72.259582,-9.639271],[-72.256471,-9.636899],[-72.255975,-9.630922],[-72.252104,-9.619902],[-72.25315,-9.615764],[-72.259178,-9.614658],[-72.268662,-9.620623],[-72.282814,-9.609115],[-72.288322,-9.602816],[-72.285453,-9.593787],[-72.285568,-9.580514],[-72.283234,-9.578191],[-72.284721,-9.564984],[-72.281975,-9.560014],[-72.281326,-9.542299],[-72.285576,-9.54076],[-72.290191,-9.534986],[-72.300484,-9.53325],[-72.300926,-9.537373],[-72.311463,-9.541719],[-72.313107,-9.545341],[-72.317984,-9.544138],[-72.328661,-9.534728],[-72.334806,-9.521902],[-72.339103,-9.522375],[-72.341373,-9.511425],[-72.340824,-9.506595],[-72.349108,-9.50369],[-72.354058,-9.496627],[-72.357701,-9.494409],[-72.361414,-9.496884],[-72.366982,-9.4897],[-72.374355,-9.494977],[-72.381608,-9.491195],[-72.385262,-9.49257],[-72.392299,-9.486606],[-72.396922,-9.487638],[-72.398778,-9.483118],[-72.407062,-9.477291],[-72.416206,-9.483444],[-72.41954,-9.4809],[-72.426862,-9.482086],[-72.433995,-9.48066],[-72.444273,-9.483358],[-72.447951,-9.481485],[-72.452574,-9.484355],[-72.4551,-9.489683],[-72.460927,-9.4853],[-72.467011,-9.486503],[-72.474573,-9.483066],[-72.481242,-9.486366],[-72.487034,-9.480247],[-72.492121,-9.479835],[-72.496676,-9.484149],[-72.500938,-9.480454],[-72.506421,-9.486057],[-72.516682,-9.48506],[-72.517403,-9.490628],[-72.520978,-9.49092],[-72.524571,-9.485902],[-72.530397,-9.48231],[-72.533611,-9.475469],[-72.538294,-9.469543],[-72.541823,-9.472178],[-72.544665,-9.465853],[-72.550591,-9.468962],[-72.562731,-9.463064],[-72.577343,-9.464175],[-72.580237,-9.459685],[-72.5836,-9.459998],[-72.592643,-9.454836],[-72.599416,-9.456384],[-72.604282,-9.451597],[-72.620851,-9.452231],[-72.625858,-9.446891],[-72.642255,-9.442317],[-72.646159,-9.447974],[-72.650264,-9.445938],[-72.653168,-9.451428],[-72.657757,-9.447089],[-72.672985,-9.437347],[-72.680051,-9.438837],[-72.68232,-9.433614],[-72.697702,-9.435962],[-72.69866,-9.429477],[-72.704922,-9.433502],[-72.716374,-9.422928],[-72.716912,-9.412186],[-72.959748,-9.411957],[-73.00399,-9.411822],[-73.063996,-9.412037],[-73.181457,-9.411742],[-73.200439,-9.411396],[-73.203797,-9.407154],[-73.200227,-9.403691],[-73.186928,-9.399037],[-73.18745,-9.394381],[-73.191398,-9.388838],[-73.189605,-9.378947],[-73.18876,-9.363223],[-73.180908,-9.360887],[-73.17308,-9.355103],[-73.171439,-9.35957],[-73.164034,-9.356878],[-73.156197,-9.356734],[-73.147447,-9.352988],[-73.150567,-9.348546],[-73.148094,-9.336723],[-73.144059,-9.33417],[-73.135178,-9.331719],[-73.131406,-9.318317],[-73.122322,-9.31443],[-73.115828,-9.317603],[-73.112037,-9.313797],[-73.107758,-9.314234],[-73.101434,-9.308117],[-73.100433,-9.301684],[-73.107193,-9.291043],[-73.109428,-9.282783],[-73.10647,-9.274194],[-73.094361,-9.269279],[-73.089195,-9.262815],[-73.082559,-9.250955],[-73.081207,-9.244519],[-73.073518,-9.234607],[-73.065067,-9.232064],[-73.064086,-9.227695],[-73.050503,-9.229362],[-73.047917,-9.233412],[-73.043421,-9.23496],[-73.034131,-9.233769],[-73.03032,-9.229094],[-73.024603,-9.226474],[-73.024901,-9.221561],[-73.020672,-9.220191],[-73.015908,-9.222633],[-73.009298,-9.222365],[-73.007988,-9.213015],[-73.003968,-9.21099],[-73.005844,-9.202206],[-73.004255,-9.194161],[-73.011879,-9.195353],[-73.019585,-9.185527],[-73.026825,-9.180713],[-73.022385,-9.174736],[-73.011785,-9.174131],[-73.00507,-9.165345],[-73.005026,-9.16166],[-72.9966,-9.159614],[-72.990159,-9.162032],[-72.975764,-9.152847],[-72.972625,-9.152451],[-72.963542,-9.143765],[-72.957906,-9.142389],[-72.957642,-9.135722],[-72.946103,-9.119092],[-72.943513,-9.108272],[-72.945319,-9.103937],[-72.939994,-9.093248],[-72.942757,-9.08079],[-72.949121,-9.072076],[-72.949951,-9.06841],[-72.947685,-9.060135],[-72.943194,-9.052213],[-72.947195,-9.045198],[-72.946376,-9.03583],[-72.94795,-9.028872],[-72.952845,-9.027313],[-72.957833,-9.021857],[-72.956336,-9.018864],[-72.963102,-9.012847],[-72.959087,-9.008848],[-72.959338,-9.003215],[-72.957068,-8.999772],[-72.951014,-8.997161],[-72.942879,-8.991524],[-72.941668,-8.983767],[-72.951127,-8.981308],[-72.962379,-8.983762],[-72.968884,-8.979937],[-72.976461,-8.966634],[-72.977744,-8.958262],[-72.982198,-8.95233],[-72.984291,-8.942932],[-72.987441,-8.935842],[-72.993133,-8.928877],[-72.998375,-8.91915],[-73.00127,-8.916906],[-73.011095,-8.918538],[-73.015309,-8.91307],[-73.019764,-8.911356],[-73.02657,-8.916001],[-73.037101,-8.91618],[-73.049696,-8.911315],[-73.053413,-8.907352],[-73.05901,-8.905614],[-73.059102,-8.895913],[-73.064102,-8.89134],[-73.064592,-8.885296],[-73.070146,-8.878365],[-73.072387,-8.861515],[-73.079855,-8.860652],[-73.081045,-8.852343],[-73.077428,-8.844175],[-73.078991,-8.841281],[-73.085199,-8.839975],[-73.0908,-8.836731],[-73.095234,-8.836637],[-73.098991,-8.829869],[-73.103892,-8.826952],[-73.105386,-8.822728],[-73.112014,-8.819298],[-73.112434,-8.808329],[-73.110193,-8.804805],[-73.113764,-8.800371],[-73.114256,-8.785514],[-73.119925,-8.777133],[-73.134138,-8.76736],[-73.135359,-8.75858],[-73.139891,-8.752538],[-73.140174,-8.747676],[-73.136959,-8.744749],[-73.135977,-8.739122],[-73.143502,-8.727086],[-73.150162,-8.72483],[-73.156678,-8.712404],[-73.167241,-8.698298],[-73.17912,-8.691231],[-73.187021,-8.690395],[-73.190902,-8.693276],[-73.19442,-8.690644],[-73.203917,-8.687814],[-73.217834,-8.691652],[-73.221571,-8.689616],[-73.237175,-8.686792],[-73.251192,-8.690644],[-73.258147,-8.687808],[-73.256596,-8.680051],[-73.264514,-8.674861],[-73.26569,-8.67133],[-73.277664,-8.665877],[-73.284498,-8.664771],[-73.296914,-8.647228],[-73.296143,-8.639583],[-73.300094,-8.631961],[-73.304266,-8.629225],[-73.31025,-8.633049],[-73.312333,-8.62835],[-73.310975,-8.624079],[-73.313056,-8.618078],[-73.319672,-8.610623],[-73.325984,-8.610489],[-73.328452,-8.617137],[-73.333085,-8.617287],[-73.337784,-8.620575],[-73.341042,-8.616784],[-73.34414,-8.602744],[-73.34114,-8.585234],[-73.337737,-8.575564],[-73.338454,-8.567328],[-73.336753,-8.561867],[-73.334312,-8.541471],[-73.334238,-8.531054],[-73.329006,-8.524047],[-73.328679,-8.517158],[-73.330757,-8.511412],[-73.32862,-8.507442],[-73.328748,-8.497898],[-73.332455,-8.48397],[-73.330977,-8.475864],[-73.333293,-8.472735],[-73.339799,-8.470635],[-73.345363,-8.475315],[-73.359291,-8.470447],[-73.367304,-8.472813],[-73.373123,-8.471789],[-73.374307,-8.465824],[-73.377998,-8.464232],[-73.383506,-8.470685],[-73.38916,-8.469441],[-73.390908,-8.464283],[-73.390586,-8.457853],[-73.398574,-8.450201],[-73.400787,-8.444352],[-73.400115,-8.439186],[-73.40776,-8.430609],[-73.421691,-8.434689],[-73.430588,-8.428865],[-73.441311,-8.425401],[-73.447817,-8.420478],[-73.454742,-8.411637],[-73.461481,-8.40714],[-73.472876,-8.394721],[-73.479789,-8.391521],[-73.485295,-8.384223],[-73.501215,-8.377364],[-73.507578,-8.376217],[-73.511971,-8.373012],[-73.520332,-8.372699],[-73.5206,-8.362254],[-73.525115,-8.356703],[-73.538269,-8.352391],[-73.542906,-8.347588],[-73.532162,-8.33598],[-73.529742,-8.327427],[-73.526433,-8.321133],[-73.526809,-8.314395],[-73.534039,-8.306596],[-73.53218,-8.302929],[-73.537445,-8.295969],[-73.534355,-8.288783],[-73.529901,-8.28521],[-73.526002,-8.274359],[-73.529364,-8.267387],[-73.539454,-8.265418],[-73.552005,-8.256559],[-73.557419,-8.249422],[-73.562992,-8.245498],[-73.577306,-8.245095],[-73.587386,-8.240861],[-73.583945,-8.231281],[-73.576064,-8.228152],[-73.571465,-8.224637],[-73.571541,-8.220617],[-73.575203,-8.211334],[-73.579949,-8.205094],[-73.587342,-8.199725],[-73.589195,-8.195943],[-73.589775,-8.179301],[-73.59547,-8.165799],[-73.594261,-8.158995],[-73.589632,-8.155007],[-73.590275,-8.144494],[-73.584906,-8.135113],[-73.584772,-8.126839],[-73.58897,-8.11962],[-73.58966,-8.113008],[-73.59391,-8.10756],[-73.600783,-8.103625],[-73.603144,-8.095352],[-73.608607,-8.090318],[-73.609029,-8.083692],[-73.616524,-8.069062],[-73.625532,-8.059045],[-73.625965,-8.049749],[-73.616759,-8.038816],[-73.616851,-8.03425],[-73.621602,-8.029869],[-73.624218,-8.023196],[-73.629626,-8.023129],[-73.633271,-8.016678],[-73.634527,-8.010662],[-73.640298,-8.006514],[-73.653426,-8.01308],[-73.668897,-8.012294],[-73.675773,-8.005102],[-73.681664,-7.996752],[-73.682373,-7.991703],[-73.680672,-7.984639],[-73.691752,-7.975262],[-73.697326,-7.977693],[-73.704902,-7.967787],[-73.706184,-7.961764],[-73.705422,-7.955066],[-73.712295,-7.960578],[-73.720764,-7.958193],[-73.727418,-7.96533],[-73.729004,-7.954891],[-73.73149,-7.951799],[-73.737998,-7.949752],[-73.745369,-7.949488],[-73.747795,-7.946684],[-73.741318,-7.939031],[-73.739701,-7.930791],[-73.742439,-7.928072],[-73.75483,-7.925412],[-73.767014,-7.910412],[-73.772025,-7.909969],[-73.765105,-7.895369],[-73.757797,-7.89466],[-73.755219,-7.890807],[-73.758004,-7.882436],[-73.763496,-7.873672],[-73.765824,-7.866217],[-73.759277,-7.862066],[-73.758268,-7.870672],[-73.753547,-7.871805],[-73.74382,-7.871316],[-73.738709,-7.877471],[-73.735451,-7.878811],[-73.728264,-7.876723],[-73.720908,-7.872396],[-73.706107,-7.876539],[-73.699555,-7.873307],[-73.693588,-7.868008],[-73.688805,-7.869195],[-73.67816,-7.857964],[-73.679796,-7.846469],[-73.678369,-7.8424],[-73.680299,-7.827003],[-73.682824,-7.817894],[-73.678657,-7.810207],[-73.676314,-7.800027],[-73.680623,-7.794504],[-73.680215,-7.785511],[-73.678584,-7.783388],[-73.689043,-7.766684],[-73.697584,-7.766674],[-73.702786,-7.761262],[-73.711717,-7.760905],[-73.71403,-7.755053],[-73.714029,-7.742964],[-73.725986,-7.740076],[-73.730391,-7.745446],[-73.735554,-7.744112],[-73.739895,-7.738423],[-73.741416,-7.733287],[-73.745734,-7.734162],[-73.750214,-7.731678],[-73.758524,-7.731149],[-73.76333,-7.72736],[-73.771477,-7.727238],[-73.776934,-7.723261],[-73.781318,-7.722553],[-73.789855,-7.717387],[-73.797002,-7.716787],[-73.803293,-7.713985],[-73.809901,-7.71943],[-73.819818,-7.71576],[-73.822465,-7.700516],[-73.835365,-7.693834],[-73.837271,-7.670596],[-73.840676,-7.666416],[-73.844643,-7.667402],[-73.8525,-7.675859],[-73.855949,-7.67759],[-73.864639,-7.676811],[-73.86908,-7.674066],[-73.87677,-7.658648],[-73.88501,-7.653848],[-73.888443,-7.649352],[-73.900178,-7.638965],[-73.894723,-7.634646],[-73.893814,-7.629766],[-73.895518,-7.618004],[-73.890182,-7.610184],[-73.889457,-7.60318],[-73.898666,-7.598957],[-73.910752,-7.596865],[-73.913811,-7.592279],[-73.926666,-7.581521],[-73.941855,-7.579264],[-73.950615,-7.572684],[-73.958404,-7.564437],[-73.966629,-7.564686],[-73.979119,-7.560812],[-73.983033,-7.534361]]]},"properties":{"province":"Ucayali"}}]}