{"type":"FeatureCollection","features":[{"type":"Feature","geometry":{"type":"Polygon","coordinates":[[[-123.056553,38.166801],[-123.110334,37.981286],[-123.003607,37.933315],[-122.917906,37.952176],[-122.752482,37.842084],[-122.676746,37.843658],[-122.585066,37.793276],[-122.562465,37.707537],[-122.468864,37.708148],[-122.468919,37.708673],[-122.470329,37.708716],[-122.470467,37.71005],[-122.468339,37.710969],[-122.467067,37.711515],[-122.466321,37.710706],[-122.464442,37.710728],[-122.464414,37.711603],[-122.460958,37.710575],[-122.457503,37.710575],[-122.454463,37.708236],[-122.46145,37.705911],[-122.45912,37.704301],[-122.45884,37.703636],[-122.459335,37.702852],[-122.458409,37.70309],[-122.456771,37.702408],[-122.455931,37.702732],[-122.454875,37.702289],[-122.452621,37.702123],[-122.451609,37.702242],[-122.446976,37.702907],[-122.449001,37.701441],[-122.44801,37.701611],[-122.445058,37.700503],[-122.445783,37.692187],[-122.440301,37.689774],[-122.439301,37.689774],[-122.438648,37.690248],[-122.438195,37.690312],[-122.437835,37.690185],[-122.437311,37.689601],[-122.437071,37.688884],[-122.43497,37.687521],[-122.434876,37.68557],[-122.425024,37.681296],[-122.424836,37.679429],[-122.408046,37.679102],[-122.407987,37.674597],[-122.398258,37.674663],[-122.398258,37.671753],[-122.390669,37.671777],[-122.388594,37.673701],[-122.389987,37.675696],[-122.390365,37.688157],[-122.390547,37.688983],[-122.27609,37.689156],[-122.336751,37.767764],[-122.364209,37.870612],[-122.424259,37.909665],[-122.4465,37.971494],[-122.388676,38.015432],[-122.331248,38.048436],[-122.24887,38.063515],[-122.248873,38.063613],[-122.365191,38.06804],[-122.484804,38.10844],[-122.500108,38.111511],[-122.509598,38.120566],[-122.514567,38.135689],[-122.520494,38.14196],[-122.534659,38.148801],[-122.544544,38.158697],[-122.548395,38.157314],[-122.556571,38.158996],[-122.558425,38.162546],[-122.552299,38.169348],[-122.56019,38.168489],[-122.564136,38.169685],[-122.564278,38.174879],[-122.568319,38.176486],[-122.564999,38.182395],[-122.597042,38.187887],[-122.601688,38.18471],[-122.598178,38.179451],[-122.574397,38.162833],[-122.569207,38.157664],[-122.564667,38.144689],[-122.563908,38.135165],[-122.587297,38.141949],[-122.591883,38.145851],[-122.608824,38.147697],[-122.608662,38.138813],[-122.614325,38.129436],[-122.617388,38.120448],[-122.62518,38.123093],[-122.641,38.148493],[-122.678897,38.149972],[-122.705748,38.142703],[-122.717104,38.113863],[-122.73622,38.093593],[-122.751754,38.092212],[-122.757705,38.072476],[-122.763253,38.069174],[-122.770146,38.071124],[-122.772009,38.075342],[-122.783179,38.082851],[-122.786684,38.075334],[-122.795542,38.076252],[-122.800677,38.072938],[-122.815834,38.092032],[-122.834911,38.090163],[-122.871814,38.122002],[-122.932119,38.197284],[-122.974329,38.227668],[-123.014035,38.291958],[-123.174697,38.290498],[-123.056553,38.166801]]]},"properties":{"code":"[415,628]"}},{"type":"Feature","geometry":{"type":"Polygon","coordinates":[[[-87.889784,43.199909],[-87.891963,43.221129],[-88.063866,43.221093],[-88.069194,42.963872],[-88.089098,42.958922],[-88.094775,42.958879],[-88.099742,42.958187],[-88.104354,42.955764],[-88.099031,42.955288],[-88.09903,42.951305],[-88.105891,42.946542],[-88.108908,42.946672],[-88.109102,42.944682],[-88.089335,42.944202],[-88.089225,42.929984],[-88.113987,42.929902],[-88.114288,42.927643],[-88.109015,42.918933],[-88.115339,42.916397],[-88.128961,42.921448],[-88.133825,42.845727],[-87.806202,42.842265],[-87.831593,42.888534],[-87.830693,42.910712],[-87.833408,42.958014],[-87.837917,42.977521],[-87.872283,42.999334],[-87.883121,43.025748],[-87.874093,43.045548],[-87.854095,43.070397],[-87.865838,43.102734],[-87.889332,43.129097],[-87.872174,43.170931],[-87.889784,43.199909]]]},"properties":{"code":"[414]"}},{"type":"Feature","geometry":{"type":"Polygon","coordinates":[[[-72.123662,42.363938],[-72.204837,42.417833],[-72.219748,42.394658],[-72.230602,42.39982],[-72.236361,42.397603],[-72.23953,42.394448],[-72.237257,42.391175],[-72.243166,42.38723],[-72.258284,42.392922],[-72.263966,42.387383],[-72.267104,42.38973],[-72.281462,42.378664],[-72.287526,42.35278],[-72.303132,42.349243],[-72.317031,42.343358],[-72.327018,42.320746],[-72.342,42.312438],[-72.357605,42.308745],[-72.356611,42.353209],[-72.373023,42.412879],[-72.379086,42.447076],[-72.382371,42.457868],[-72.387223,42.463662],[-72.368464,42.464795],[-72.368407,42.50266],[-72.440873,42.510357],[-72.439901,42.516445],[-72.439548,42.518571],[-72.45846,42.516506],[-72.452739,42.554762],[-72.466617,42.576594],[-72.446869,42.590253],[-72.440735,42.597852],[-72.427335,42.607778],[-72.412973,42.607118],[-72.4028,42.60029],[-72.386493,42.598198],[-72.362646,42.604023],[-72.414045,42.725384],[-72.458519,42.726853],[-72.809113,42.736581],[-72.930261,42.73916],[-73.022903,42.741133],[-73.264957,42.74594],[-73.352527,42.510002],[-73.508142,42.086257],[-73.496879,42.049675],[-73.487314,42.049638],[-73.432812,42.050587],[-73.29442,42.046984],[-73.293097,42.04694],[-73.231056,42.044945],[-73.229798,42.044877],[-73.127276,42.041964],[-73.053254,42.039861],[-73.008745,42.03886],[-72.999549,42.038653],[-72.863733,42.03771],[-72.863619,42.037709],[-72.847142,42.036894],[-72.813541,42.036494],[-72.816741,41.997595],[-72.774757,42.002129],[-72.766739,42.002995],[-72.766139,42.007695],[-72.763265,42.009742],[-72.763238,42.012795],[-72.761238,42.014595],[-72.759738,42.016995],[-72.761354,42.018183],[-72.76231,42.019775],[-72.762151,42.021527],[-72.760558,42.021846],[-72.758151,42.020865],[-72.757467,42.020947],[-72.754038,42.025395],[-72.751738,42.030195],[-72.753538,42.032095],[-72.757538,42.033295],[-72.755838,42.036195],[-72.714134,42.036608],[-72.695927,42.036788],[-72.643134,42.032395],[-72.607933,42.030795],[-72.606933,42.024995],[-72.590233,42.024695],[-72.582332,42.024695],[-72.573231,42.030141],[-72.528131,42.034295],[-72.509192,42.034217],[-72.45668,42.033999],[-72.317148,42.031907],[-72.249523,42.031626],[-72.13625,42.030244],[-72.135006,42.162042],[-72.142247,42.161166],[-72.146932,42.182384],[-72.139082,42.180951],[-72.142096,42.1974],[-72.143996,42.196724],[-72.144499,42.196682],[-72.144988,42.196772],[-72.144243,42.197986],[-72.143423,42.200994],[-72.143237,42.202153],[-72.143003,42.203115],[-72.142929,42.204812],[-72.142817,42.205667],[-72.142549,42.210171],[-72.143183,42.211808],[-72.14294,42.213822],[-72.142642,42.214608],[-72.142492,42.215972],[-72.143441,42.218262],[-72.145863,42.219131],[-72.14726,42.220551],[-72.15011,42.220703],[-72.151078,42.221007],[-72.151376,42.221503],[-72.152444,42.218633],[-72.152702,42.217468],[-72.153641,42.215921],[-72.154054,42.213728],[-72.155554,42.210679],[-72.156144,42.210309],[-72.167411,42.22814],[-72.165497,42.23111],[-72.1666,42.230721],[-72.168356,42.229486],[-72.170618,42.233268],[-72.171401,42.234433],[-72.173542,42.235425],[-72.17474,42.234695],[-72.176547,42.23416],[-72.177286,42.233695],[-72.17749,42.233776],[-72.177363,42.23577],[-72.178967,42.239378],[-72.179834,42.244516],[-72.180358,42.245604],[-72.181202,42.246305],[-72.182338,42.249295],[-72.182864,42.251369],[-72.211116,42.251389],[-72.211384,42.252392],[-72.20776,42.252187],[-72.205443,42.25182],[-72.203601,42.25182],[-72.201282,42.251977],[-72.199084,42.252827],[-72.198391,42.252945],[-72.196331,42.253648],[-72.19542,42.254616],[-72.194272,42.255356],[-72.190252,42.257525],[-72.186708,42.257925],[-72.18859,42.258952],[-72.191957,42.259435],[-72.193819,42.260139],[-72.196077,42.262983],[-72.196538,42.264116],[-72.195941,42.26428],[-72.193943,42.26351],[-72.192695,42.263325],[-72.191644,42.262871],[-72.191519,42.263467],[-72.187662,42.264021],[-72.187565,42.262922],[-72.186219,42.262358],[-72.185682,42.262201],[-72.186553,42.264048],[-72.18792,42.265982],[-72.189784,42.269699],[-72.190863,42.274536],[-72.190804,42.278522],[-72.191853,42.278947],[-72.193458,42.279928],[-72.195861,42.281503],[-72.198891,42.281342],[-72.202071,42.282017],[-72.203339,42.281988],[-72.205735,42.282779],[-72.207518,42.283995],[-72.209003,42.284186],[-72.203141,42.28864],[-72.203062,42.291134],[-72.210567,42.294481],[-72.214242,42.294253],[-72.205172,42.306143],[-72.206788,42.311523],[-72.205758,42.311436],[-72.204961,42.311278],[-72.20438,42.31113],[-72.203914,42.31085],[-72.20366,42.310796],[-72.20336,42.310917],[-72.203042,42.311126],[-72.201824,42.311329],[-72.2013,42.31131],[-72.200522,42.311379],[-72.199862,42.311404],[-72.199141,42.311271],[-72.197931,42.310738],[-72.19739,42.310704],[-72.194057,42.309231],[-72.19353,42.308853],[-72.193364,42.308476],[-72.193428,42.308032],[-72.194207,42.306899],[-72.194258,42.306172],[-72.194105,42.305908],[-72.192956,42.305067],[-72.190657,42.304576],[-72.187267,42.304712],[-72.184634,42.306029],[-72.184029,42.306381],[-72.18385,42.306537],[-72.183794,42.306752],[-72.18393,42.306967],[-72.184579,42.307447],[-72.185296,42.307749],[-72.18555,42.30779],[-72.18576,42.3079],[-72.185822,42.308005],[-72.185766,42.308087],[-72.185414,42.308133],[-72.185093,42.308206],[-72.184907,42.308357],[-72.184755,42.308606],[-72.184792,42.308857],[-72.184928,42.30904],[-72.185132,42.309209],[-72.185361,42.309529],[-72.185416,42.309698],[-72.18543,42.309919],[-72.185202,42.310385],[-72.18413,42.311453],[-72.183976,42.311837],[-72.183506,42.312376],[-72.183012,42.312783],[-72.182115,42.313258],[-72.181715,42.313385],[-72.181406,42.31338],[-72.180837,42.313407],[-72.180028,42.313796],[-72.179367,42.314573],[-72.17928,42.314815],[-72.179224,42.315258],[-72.178906,42.316035],[-72.178628,42.3162],[-72.178322,42.316231],[-72.177778,42.316199],[-72.177611,42.316222],[-72.177172,42.316382],[-72.176968,42.316578],[-72.176845,42.316871],[-72.176851,42.317145],[-72.176943,42.317405],[-72.177084,42.318095],[-72.177053,42.318497],[-72.176904,42.318881],[-72.176904,42.31921],[-72.175692,42.320354],[-72.175352,42.320464],[-72.175093,42.32061],[-72.174759,42.320944],[-72.174258,42.321213],[-72.173168,42.321931],[-72.17261,42.322371],[-72.172283,42.322543],[-72.172118,42.322729],[-72.172031,42.323079],[-72.172121,42.323226],[-72.172253,42.323301],[-72.172362,42.323387],[-72.172471,42.323528],[-72.172628,42.32389],[-72.172685,42.324165],[-72.172698,42.325271],[-72.172446,42.325794],[-72.172258,42.325981],[-72.171784,42.326153],[-72.17148,42.326267],[-72.171289,42.326362],[-72.171176,42.326495],[-72.171007,42.326917],[-72.170966,42.32725],[-72.17079,42.327569],[-72.170355,42.328019],[-72.169547,42.328668],[-72.169239,42.328861],[-72.16895,42.328995],[-72.168702,42.329067],[-72.168308,42.329383],[-72.167773,42.330687],[-72.167544,42.331101],[-72.167351,42.331222],[-72.166943,42.331324],[-72.166511,42.331384],[-72.166263,42.331472],[-72.16547,42.332],[-72.165256,42.332116],[-72.165034,42.332173],[-72.1644,42.332271],[-72.163946,42.332442],[-72.16377,42.332538],[-72.163697,42.332653],[-72.163684,42.332771],[-72.163744,42.332955],[-72.163728,42.333132],[-72.163652,42.333306],[-72.163463,42.333426],[-72.163184,42.333541],[-72.163055,42.333616],[-72.163059,42.333801],[-72.163414,42.334206],[-72.163512,42.334603],[-72.163748,42.334903],[-72.163881,42.3352],[-72.163892,42.335482],[-72.163805,42.335632],[-72.16366,42.336061],[-72.163622,42.336379],[-72.163379,42.336688],[-72.16319,42.336784],[-72.162973,42.336833],[-72.162672,42.336854],[-72.162392,42.336894],[-72.162058,42.336985],[-72.161696,42.337141],[-72.161031,42.337503],[-72.160687,42.337677],[-72.160425,42.337852],[-72.159613,42.338567],[-72.159327,42.339323],[-72.159294,42.339522],[-72.159432,42.340281],[-72.159629,42.340825],[-72.15948,42.341437],[-72.159471,42.341726],[-72.159025,42.342018],[-72.158655,42.342324],[-72.158535,42.34256],[-72.158591,42.342963],[-72.158515,42.343138],[-72.158077,42.343347],[-72.157501,42.343551],[-72.157117,42.343606],[-72.15645,42.343636],[-72.156221,42.343609],[-72.156,42.343537],[-72.155572,42.343496],[-72.154872,42.343638],[-72.154607,42.34374],[-72.154422,42.343861],[-72.154317,42.34396],[-72.154219,42.344132],[-72.154241,42.34433],[-72.153541,42.345081],[-72.153171,42.345294],[-72.15252,42.34548],[-72.152259,42.345507],[-72.151151,42.345316],[-72.15077,42.34529],[-72.149597,42.345295],[-72.149104,42.345312],[-72.148407,42.34544],[-72.147756,42.345631],[-72.147217,42.345709],[-72.146865,42.34567],[-72.146546,42.345586],[-72.145619,42.345036],[-72.144857,42.344416],[-72.144521,42.344215],[-72.144151,42.344103],[-72.143905,42.34412],[-72.142627,42.344459],[-72.142064,42.344441],[-72.141425,42.344264],[-72.141125,42.344303],[-72.140187,42.344828],[-72.139865,42.345161],[-72.139824,42.34582],[-72.139859,42.34618],[-72.139918,42.34644],[-72.140052,42.346684],[-72.140328,42.347455],[-72.140428,42.34793],[-72.140311,42.348243],[-72.140088,42.348451],[-72.13953,42.348542],[-72.138962,42.348502],[-72.138233,42.348342],[-72.137563,42.348052],[-72.137187,42.348004],[-72.136925,42.348103],[-72.136546,42.348443],[-72.136385,42.348721],[-72.136255,42.349285],[-72.136249,42.349501],[-72.136283,42.350049],[-72.136484,42.350498],[-72.136818,42.351032],[-72.136962,42.351344],[-72.136998,42.351648],[-72.136979,42.352492],[-72.137011,42.352798],[-72.136985,42.353133],[-72.136878,42.353514],[-72.136697,42.353837],[-72.136421,42.354103],[-72.135702,42.35462],[-72.135582,42.354784],[-72.135285,42.355564],[-72.135122,42.356672],[-72.135005,42.356945],[-72.134823,42.357227],[-72.13434,42.357761],[-72.133845,42.358175],[-72.133473,42.358416],[-72.133004,42.358612],[-72.132719,42.358691],[-72.132382,42.358827],[-72.132041,42.358936],[-72.131753,42.358948],[-72.130867,42.358803],[-72.130407,42.358786],[-72.129756,42.358913],[-72.129452,42.358937],[-72.127911,42.359276],[-72.127148,42.359522],[-72.126628,42.359748],[-72.126075,42.360112],[-72.125814,42.36027],[-72.125449,42.360584],[-72.124772,42.361046],[-72.124364,42.361262],[-72.123992,42.361644],[-72.123864,42.361852],[-72.123915,42.362145],[-72.124079,42.362337],[-72.12413,42.36251],[-72.124303,42.362759],[-72.124402,42.363068],[-72.12441,42.363355],[-72.124286,42.363551],[-72.123662,42.363938]]]},"properties":{"code":"[413]"}},{"type":"Feature","geometry":{"type":"Polygon","coordinates":[[[-80.215764,40.558591],[-80.209342,40.553439],[-80.217779,40.543076],[-80.217677,40.542019],[-80.21826,40.540984],[-80.220642,40.539027],[-80.224822,40.536367],[-80.228558,40.534653],[-80.230746,40.531217],[-80.232129,40.530323],[-80.233881,40.529839],[-80.235872,40.529637],[-80.240862,40.52879],[-80.240914,40.527352],[-80.241418,40.526586],[-80.241973,40.523519],[-80.243194,40.523519],[-80.24614,40.523055],[-80.247045,40.521782],[-80.2497,40.519744],[-80.252021,40.517525],[-80.253693,40.517646],[-80.256454,40.516173],[-80.257675,40.51575],[-80.258949,40.514741],[-80.259241,40.513631],[-80.228686,40.496094],[-80.225566,40.491182],[-80.224194,40.484621],[-80.223645,40.483657],[-80.222257,40.481777],[-80.222798,40.480979],[-80.220931,40.48088],[-80.218873,40.479862],[-80.218996,40.47897],[-80.21879,40.4785],[-80.218194,40.478172],[-80.217185,40.478156],[-80.216177,40.477561],[-80.214284,40.476544],[-80.213996,40.475558],[-80.213275,40.47501],[-80.21224,40.475314],[-80.211231,40.47472],[-80.21082,40.473686],[-80.209827,40.472715],[-80.208901,40.472198],[-80.208031,40.47206],[-80.207023,40.470949],[-80.206323,40.470917],[-80.205397,40.470244],[-80.203936,40.469461],[-80.201954,40.468862],[-80.198846,40.467077],[-80.196335,40.465151],[-80.19456,40.463172],[-80.193737,40.462529],[-80.191905,40.460259],[-80.191645,40.459513],[-80.189608,40.457963],[-80.188497,40.457822],[-80.190575,40.456506],[-80.191316,40.456491],[-80.192715,40.455739],[-80.193806,40.454502],[-80.194938,40.454393],[-80.198189,40.45267],[-80.199495,40.451844],[-80.201903,40.452236],[-80.203385,40.452173],[-80.205105,40.451766],[-80.205743,40.45186],[-80.206093,40.451359],[-80.20776,40.450889],[-80.208263,40.450276],[-80.209292,40.449618],[-80.210321,40.450291],[-80.209169,40.452812],[-80.210321,40.453126],[-80.211268,40.450119],[-80.212523,40.448835],[-80.215113,40.447674],[-80.217273,40.447439],[-80.216956,40.445756],[-80.218292,40.444323],[-80.219488,40.444023],[-80.220545,40.441882],[-80.221074,40.441817],[-80.221723,40.441323],[-80.222461,40.441158],[-80.223721,40.441526],[-80.223543,40.440083],[-80.227417,40.440095],[-80.227328,40.439504],[-80.223328,40.439679],[-80.221177,40.439563],[-80.219127,40.439068],[-80.215696,40.437698],[-80.213995,40.437161],[-80.214407,40.433687],[-80.215046,40.432186],[-80.215672,40.431466],[-80.216506,40.430867],[-80.217426,40.429217],[-80.218083,40.428448],[-80.215436,40.426213],[-80.214923,40.425333],[-80.213591,40.424197],[-80.212965,40.424124],[-80.212676,40.422915],[-80.212003,40.421364],[-80.211056,40.420802],[-80.210815,40.420155],[-80.209227,40.419751],[-80.206515,40.419666],[-80.204029,40.418787],[-80.201672,40.418872],[-80.201544,40.419581],[-80.201736,40.420191],[-80.201078,40.421132],[-80.201104,40.422183],[-80.200976,40.422635],[-80.201104,40.425273],[-80.201965,40.426418],[-80.204404,40.430509],[-80.205976,40.432427],[-80.208191,40.435516],[-80.206763,40.436164],[-80.204709,40.437275],[-80.194403,40.438263],[-80.191788,40.438822],[-80.191641,40.438107],[-80.191289,40.43312],[-80.190878,40.433152],[-80.190485,40.434416],[-80.189592,40.436143],[-80.189753,40.436999],[-80.188949,40.438032],[-80.188044,40.437094],[-80.186312,40.436333],[-80.184474,40.433766],[-80.184581,40.432597],[-80.185819,40.429754],[-80.184069,40.428775],[-80.184837,40.426845],[-80.183909,40.425649],[-80.182319,40.424344],[-80.182641,40.423483],[-80.182034,40.421607],[-80.181623,40.4195],[-80.181873,40.418456],[-80.183373,40.416525],[-80.184319,40.415777],[-80.185389,40.414362],[-80.187657,40.414158],[-80.188978,40.412255],[-80.190246,40.410922],[-80.190335,40.410528],[-80.192019,40.407791],[-80.192341,40.407505],[-80.190716,40.40484],[-80.188734,40.404119],[-80.185096,40.406816],[-80.179453,40.401771],[-80.177811,40.402301],[-80.175527,40.401757],[-80.172313,40.401785],[-80.170314,40.402512],[-80.169814,40.403346],[-80.169403,40.403809],[-80.168921,40.405604],[-80.168885,40.401606],[-80.168296,40.402272],[-80.167974,40.40317],[-80.166581,40.405087],[-80.166706,40.405604],[-80.166546,40.405998],[-80.165383,40.406243],[-80.16258,40.405999],[-80.160705,40.406515],[-80.159259,40.406298],[-80.158955,40.405482],[-80.157169,40.404557],[-80.15658,40.404],[-80.156241,40.403687],[-80.158312,40.403061],[-80.160026,40.403293],[-80.160776,40.402681],[-80.160723,40.400355],[-80.160094,40.399004],[-80.160915,40.397454],[-80.161737,40.395849],[-80.161535,40.394704],[-80.161018,40.394568],[-80.159375,40.391853],[-80.159143,40.39101],[-80.158303,40.390099],[-80.157242,40.387962],[-80.156332,40.385745],[-80.156296,40.384439],[-80.15526,40.381406],[-80.155278,40.380889],[-80.155635,40.380726],[-80.157314,40.380413],[-80.158171,40.38112],[-80.159189,40.38127],[-80.160992,40.381079],[-80.162492,40.380562],[-80.162942,40.379993],[-80.16471,40.379572],[-80.161281,40.378511],[-80.16071,40.377899],[-80.163597,40.376172],[-80.167597,40.378254],[-80.170222,40.379056],[-80.172186,40.379151],[-80.172293,40.379709],[-80.172936,40.381219],[-80.177329,40.381001],[-80.17849,40.381341],[-80.179499,40.381903],[-80.179941,40.382303],[-80.180162,40.382963],[-80.18084,40.383612],[-80.18166,40.3842],[-80.182164,40.385522],[-80.182672,40.385413],[-80.183902,40.384825],[-80.185321,40.384429],[-80.186078,40.385125],[-80.186961,40.384489],[-80.18989,40.384409],[-80.193785,40.383256],[-80.194861,40.383006],[-80.197573,40.382057],[-80.198598,40.382057],[-80.201136,40.382513],[-80.202245,40.382367],[-80.203144,40.38197],[-80.204689,40.379905],[-80.205603,40.379424],[-80.206336,40.378717],[-80.207393,40.376928],[-80.208008,40.376351],[-80.207771,40.376039],[-80.20924,40.371066],[-80.208102,40.367362],[-80.207408,40.366773],[-80.206337,40.364525],[-80.203578,40.361907],[-80.203057,40.36163],[-80.199926,40.35873],[-80.197908,40.355738],[-80.196087,40.354417],[-80.193864,40.352891],[-80.193154,40.35193],[-80.192413,40.348985],[-80.189843,40.346032],[-80.18749,40.340824],[-80.187659,40.337827],[-80.187328,40.336721],[-80.185245,40.335216],[-80.182896,40.335168],[-80.18184,40.335216],[-80.183054,40.332644],[-80.200359,40.346881],[-80.200242,40.345925],[-80.200179,40.344891],[-80.198177,40.344915],[-80.197861,40.34447],[-80.197909,40.34393],[-80.198429,40.343834],[-80.199485,40.344098],[-80.199801,40.34405],[-80.199714,40.34386],[-80.199177,40.343808],[-80.198525,40.343345],[-80.196811,40.341592],[-80.19627,40.34134],[-80.195839,40.34086],[-80.195883,40.34033],[-80.194555,40.338988],[-80.192395,40.335489],[-80.19193,40.334686],[-80.192037,40.33406],[-80.191377,40.333461],[-80.189359,40.332726],[-80.186213,40.329755],[-80.193013,40.326248],[-80.193519,40.325801],[-80.192305,40.324583],[-80.188802,40.327223],[-80.188013,40.326622],[-80.187851,40.326005],[-80.188235,40.323615],[-80.18775,40.322084],[-80.182656,40.321915],[-80.181847,40.321159],[-80.180907,40.322276],[-80.17728,40.324393],[-80.174691,40.326984],[-80.173062,40.327823],[-80.170774,40.329149],[-80.161806,40.325876],[-80.148628,40.321722],[-80.11464,40.311877],[-80.114761,40.314032],[-80.114575,40.315355],[-80.114281,40.316394],[-80.113196,40.318403],[-80.109768,40.317635],[-80.108884,40.317079],[-80.10828,40.315626],[-80.107273,40.315154],[-80.106499,40.315229],[-80.106607,40.314922],[-80.107103,40.314768],[-80.107491,40.314272],[-80.107754,40.313067],[-80.107754,40.311767],[-80.107475,40.310987],[-80.106359,40.30977],[-80.106263,40.309186],[-80.099456,40.307236],[-80.099037,40.307402],[-80.097085,40.307425],[-80.093816,40.30687],[-80.091505,40.308241],[-80.08915,40.306965],[-80.086087,40.30657],[-80.085064,40.306074],[-80.078453,40.309544],[-80.078252,40.310454],[-80.078701,40.31186],[-80.078128,40.311896],[-80.077028,40.310726],[-80.076548,40.309627],[-80.076052,40.309343],[-80.076672,40.308812],[-80.078159,40.308729],[-80.078841,40.308398],[-80.077756,40.307618],[-80.078237,40.307134],[-80.077353,40.306578],[-80.075664,40.308245],[-80.074719,40.308386],[-80.074657,40.307725],[-80.074146,40.306957],[-80.077169,40.304243],[-80.078347,40.3039],[-80.077727,40.30325],[-80.077014,40.300722],[-80.033807,40.287978],[-80.033447,40.277345],[-80.032815,40.276888],[-80.030586,40.276736],[-80.028689,40.276355],[-80.026493,40.275323],[-80.025806,40.275883],[-80.023424,40.277403],[-80.022462,40.279308],[-80.021205,40.280427],[-80.017272,40.283018],[-79.985475,40.272729],[-79.983383,40.275204],[-79.995924,40.278758],[-79.994984,40.279251],[-79.992369,40.280685],[-79.988581,40.281768],[-79.987343,40.28141],[-79.985931,40.28184],[-79.9875,40.282758],[-79.989565,40.286176],[-79.991194,40.286883],[-79.991079,40.287334],[-79.990192,40.287083],[-79.988986,40.288806],[-79.987229,40.290021],[-79.986785,40.289983],[-79.98516,40.289395],[-79.984256,40.288894],[-79.983278,40.288855],[-79.981915,40.289055],[-79.981668,40.285902],[-79.982588,40.285489],[-79.982588,40.284862],[-79.98226,40.284086],[-79.982687,40.283045],[-79.982867,40.282093],[-79.98244,40.281554],[-79.981282,40.280839],[-79.980445,40.281466],[-79.97849,40.279962],[-79.976695,40.281518],[-79.976646,40.282458],[-79.975408,40.283248],[-79.972255,40.283514],[-79.969431,40.281597],[-79.967868,40.281099],[-79.967491,40.280247],[-79.967655,40.279044],[-79.965582,40.279064],[-79.96548,40.280966],[-79.955538,40.278215],[-79.964043,40.272005],[-79.966424,40.269636],[-79.964312,40.267472],[-79.956089,40.265589],[-79.956946,40.26459],[-79.957891,40.264229],[-79.960285,40.263711],[-79.956938,40.260621],[-79.95655,40.259832],[-79.955873,40.257652],[-79.955986,40.257209],[-79.957906,40.255694],[-79.959519,40.253999],[-79.959114,40.253591],[-79.958678,40.25284],[-79.95842,40.251966],[-79.957338,40.251042],[-79.95616,40.250426],[-79.955111,40.250204],[-79.955547,40.24981],[-79.954077,40.24855],[-79.953819,40.24818],[-79.947293,40.243391],[-79.940215,40.244997],[-79.933854,40.246903],[-79.932692,40.247746],[-79.930423,40.249966],[-79.925892,40.253667],[-79.921304,40.250919],[-79.918283,40.253645],[-79.914653,40.251916],[-79.921363,40.24631],[-79.935013,40.241995],[-79.95526,40.240674],[-79.964937,40.237898],[-79.970245,40.233383],[-79.970858,40.227862],[-79.96737,40.222278],[-79.954738,40.212632],[-79.938677,40.209549],[-79.924306,40.204961],[-79.916304,40.199186],[-79.914092,40.201372],[-79.916289,40.202151],[-79.918319,40.20316],[-79.91877,40.203837],[-79.916724,40.202841],[-79.913518,40.202078],[-79.909022,40.200798],[-79.908265,40.200896],[-79.907492,40.201241],[-79.906928,40.201893],[-79.906735,40.20257],[-79.907218,40.203542],[-79.908249,40.204022],[-79.909055,40.204192],[-79.910762,40.204328],[-79.911794,40.20466],[-79.912889,40.205361],[-79.913663,40.206481],[-79.914001,40.207441],[-79.914049,40.20821],[-79.913469,40.209662],[-79.912503,40.210695],[-79.911246,40.211987],[-79.910649,40.213269],[-79.910294,40.214746],[-79.910423,40.215976],[-79.910262,40.216567],[-79.909835,40.217255],[-79.908466,40.218756],[-79.907934,40.219359],[-79.906999,40.219974],[-79.906452,40.220663],[-79.905936,40.220982],[-79.903956,40.224348],[-79.903279,40.224914],[-79.9022,40.225468],[-79.898643,40.225369],[-79.898095,40.222269],[-79.897402,40.221667],[-79.897424,40.219835],[-79.897585,40.219073],[-79.894448,40.219236],[-79.893288,40.219076],[-79.892451,40.218572],[-79.891955,40.217896],[-79.890827,40.215976],[-79.890118,40.2145],[-79.888989,40.213421],[-79.888667,40.21272],[-79.888619,40.211822],[-79.88876,40.211094],[-79.888579,40.210264],[-79.888683,40.209667],[-79.888501,40.20921],[-79.88884,40.208633],[-79.888787,40.207717],[-79.888397,40.206981],[-79.887902,40.206683],[-79.887172,40.205668],[-79.885896,40.204315],[-79.885427,40.202684],[-79.884984,40.202206],[-79.884385,40.200515],[-79.884281,40.200277],[-79.884183,40.201772],[-79.884267,40.202957],[-79.884546,40.203779],[-79.88442,40.204067],[-79.883889,40.204526],[-79.88335,40.205266],[-79.883141,40.206185],[-79.882204,40.206964],[-79.881988,40.208364],[-79.881583,40.209176],[-79.881135,40.209656],[-79.882464,40.210393],[-79.882464,40.210617],[-79.882226,40.210884],[-79.881737,40.211055],[-79.880534,40.211194],[-79.880045,40.211461],[-79.879817,40.211938],[-79.879006,40.212632],[-79.876772,40.215644],[-79.876455,40.216479],[-79.876421,40.21722],[-79.87459,40.21709],[-79.8731,40.21645],[-79.872293,40.215739],[-79.868133,40.21376],[-79.867543,40.213677],[-79.867233,40.213428],[-79.867062,40.213108],[-79.86714,40.212053],[-79.867776,40.210891],[-79.867,40.20967],[-79.866549,40.208686],[-79.866208,40.208093],[-79.866006,40.207264],[-79.866301,40.206517],[-79.866394,40.205818],[-79.866534,40.205367],[-79.866425,40.204549],[-79.865939,40.203713],[-79.865489,40.203109],[-79.865365,40.202327],[-79.865365,40.201497],[-79.864631,40.201794],[-79.861589,40.20241],[-79.860875,40.203062],[-79.857844,40.206234],[-79.857492,40.206458],[-79.857746,40.207624],[-79.858333,40.208341],[-79.858568,40.209476],[-79.859018,40.210178],[-79.85898,40.211632],[-79.858432,40.21211],[-79.857063,40.212872],[-79.856691,40.213813],[-79.85302,40.215722],[-79.85259,40.216095],[-79.849362,40.217216],[-79.848442,40.217858],[-79.848325,40.218844],[-79.847327,40.219188],[-79.846156,40.219917],[-79.845786,40.217846],[-79.847191,40.216113],[-79.846624,40.215379],[-79.845958,40.215134],[-79.845145,40.216151],[-79.842604,40.217074],[-79.84401,40.218298],[-79.845095,40.21971],[-79.848301,40.221894],[-79.850151,40.224267],[-79.85131,40.225208],[-79.848548,40.225829],[-79.841845,40.226463],[-79.841578,40.226093],[-79.839279,40.225314],[-79.837124,40.225073],[-79.833464,40.223852],[-79.828302,40.225221],[-79.827187,40.226517],[-79.826024,40.226776],[-79.824861,40.227238],[-79.822049,40.227664],[-79.821395,40.228015],[-79.821274,40.229144],[-79.818438,40.232012],[-79.817783,40.233253],[-79.818317,40.233345],[-79.819286,40.235159],[-79.818462,40.235325],[-79.817904,40.236861],[-79.816473,40.239285],[-79.813444,40.242227],[-79.811721,40.244153],[-79.810921,40.244412],[-79.810243,40.244227],[-79.809588,40.243764],[-79.808054,40.243785],[-79.806381,40.243045],[-79.805339,40.243729],[-79.804394,40.244747],[-79.803546,40.246652],[-79.803207,40.24704],[-79.802892,40.24808],[-79.801995,40.249708],[-79.800614,40.249394],[-79.80071,40.249024],[-79.80042,40.248987],[-79.799523,40.250466],[-79.798747,40.250485],[-79.79945,40.248728],[-79.798211,40.248545],[-79.795484,40.254171],[-79.791159,40.258209],[-79.787929,40.26046],[-79.78769,40.264142],[-79.795044,40.272131],[-79.796439,40.277089],[-79.795721,40.281444],[-79.791934,40.282266],[-79.781285,40.281567],[-79.778693,40.28251],[-79.777537,40.283818],[-79.774919,40.285777],[-79.774657,40.287446],[-79.772775,40.28788],[-79.778635,40.294365],[-79.777982,40.296317],[-79.778635,40.298537],[-79.772885,40.302194],[-79.770559,40.303783],[-79.768718,40.304679],[-79.767877,40.306223],[-79.767535,40.306542],[-79.76634,40.307022],[-79.76478,40.307552],[-79.76041,40.308277],[-79.759747,40.308497],[-79.759373,40.309621],[-79.759042,40.309752],[-79.757746,40.309502],[-79.757243,40.309624],[-79.756848,40.309917],[-79.756004,40.310928],[-79.756747,40.310989],[-79.760775,40.312216],[-79.761491,40.312786],[-79.761529,40.314415],[-79.761219,40.315882],[-79.761648,40.317217],[-79.768932,40.316345],[-79.770577,40.320703],[-79.771398,40.32124],[-79.770831,40.321941],[-79.775819,40.323335],[-79.775663,40.325498],[-79.773804,40.327407],[-79.773041,40.329152],[-79.772728,40.330673],[-79.770176,40.332081],[-79.768611,40.331425],[-79.770207,40.330572],[-79.770931,40.328887],[-79.769933,40.328648],[-79.76829,40.328827],[-79.767272,40.329394],[-79.766294,40.329006],[-79.766625,40.332279],[-79.765471,40.332962],[-79.766371,40.333409],[-79.76776,40.332798],[-79.768836,40.334215],[-79.763834,40.335999],[-79.764558,40.336745],[-79.766768,40.336745],[-79.767708,40.337565],[-79.766808,40.3384],[-79.76309,40.34013],[-79.76223,40.341174],[-79.762367,40.342009],[-79.763247,40.34259],[-79.76399,40.342576],[-79.764421,40.342248],[-79.76489,40.341189],[-79.765438,40.341308],[-79.765712,40.3418],[-79.765301,40.342829],[-79.765262,40.344887],[-79.764303,40.34517],[-79.763423,40.344708],[-79.762308,40.344678],[-79.762073,40.345215],[-79.760605,40.345425],[-79.759998,40.344993],[-79.753982,40.346738],[-79.744277,40.351822],[-79.741896,40.352141],[-79.743183,40.357635],[-79.741745,40.361119],[-79.744481,40.364136],[-79.745613,40.363798],[-79.748155,40.36527],[-79.750183,40.367649],[-79.750215,40.368458],[-79.748928,40.369414],[-79.745452,40.365294],[-79.745033,40.365785],[-79.745291,40.366668],[-79.745452,40.369733],[-79.744925,40.371095],[-79.743348,40.371856],[-79.739255,40.372658],[-79.737549,40.372732],[-79.736294,40.373492],[-79.735489,40.374277],[-79.734781,40.374424],[-79.734234,40.37489],[-79.732238,40.374988],[-79.730978,40.375776],[-79.726311,40.375801],[-79.72438,40.376659],[-79.722255,40.376193],[-79.722448,40.375507],[-79.717298,40.371193],[-79.713886,40.372198],[-79.712824,40.372713],[-79.711246,40.372812],[-79.710538,40.374405],[-79.709817,40.375011],[-79.708272,40.377708],[-79.706598,40.378665],[-79.705147,40.381045],[-79.703698,40.381388],[-79.702797,40.382443],[-79.703956,40.383178],[-79.7046,40.384159],[-79.704632,40.385826],[-79.704117,40.387616],[-79.704728,40.390558],[-79.704471,40.393303],[-79.70563,40.395706],[-79.704986,40.396956],[-79.706177,40.397397],[-79.705147,40.397912],[-79.703956,40.399064],[-79.704471,40.399995],[-79.705984,40.400657],[-79.70843,40.399946],[-79.709958,40.40228],[-79.711567,40.402598],[-79.715848,40.400294],[-79.716202,40.401177],[-79.71617,40.403432],[-79.715623,40.403848],[-79.714013,40.403799],[-79.711921,40.404265],[-79.710634,40.40527],[-79.712708,40.405843],[-79.714802,40.405571],[-79.717513,40.406631],[-79.717998,40.407428],[-79.718636,40.407525],[-79.719223,40.40805],[-79.720092,40.408186],[-79.721547,40.409003],[-79.722032,40.4091],[-79.722569,40.409761],[-79.724612,40.411025],[-79.726016,40.41225],[-79.727292,40.41221],[-79.7277,40.413027],[-79.727113,40.414465],[-79.725913,40.41534],[-79.724253,40.415923],[-79.722311,40.415037],[-79.721749,40.415348],[-79.721034,40.416456],[-79.721264,40.417953],[-79.722158,40.418653],[-79.722796,40.41896],[-79.723918,40.41916],[-79.724024,40.419694],[-79.723375,40.420055],[-79.723129,40.420816],[-79.724269,40.421497],[-79.725532,40.421768],[-79.725619,40.424866],[-79.725058,40.426429],[-79.724479,40.426536],[-79.724777,40.425281],[-79.723584,40.426189],[-79.722757,40.426373],[-79.722178,40.427214],[-79.72558,40.427761],[-79.72654,40.428885],[-79.727691,40.431002],[-79.732192,40.434385],[-79.727506,40.441686],[-79.728074,40.444497],[-79.731199,40.446418],[-79.730883,40.448772],[-79.732461,40.449852],[-79.731767,40.453151],[-79.733724,40.453487],[-79.734386,40.453823],[-79.73486,40.455],[-79.735522,40.455504],[-79.736091,40.456297],[-79.739057,40.457786],[-79.743597,40.456879],[-79.743439,40.457767],[-79.743218,40.458776],[-79.741924,40.459352],[-79.741356,40.459904],[-79.741135,40.460889],[-79.740441,40.460288],[-79.738074,40.459568],[-79.735739,40.458391],[-79.733181,40.454309],[-79.731351,40.453354],[-79.731,40.453918],[-79.72966,40.456507],[-79.727514,40.458076],[-79.72626,40.458352],[-79.725703,40.459094],[-79.724115,40.460472],[-79.725814,40.461533],[-79.726845,40.462636],[-79.730523,40.465731],[-79.730774,40.467385],[-79.731053,40.46819],[-79.731164,40.470734],[-79.731833,40.471964],[-79.733583,40.473508],[-79.733694,40.474843],[-79.735627,40.47698],[-79.735934,40.477849],[-79.734176,40.478701],[-79.731641,40.47904],[-79.729606,40.479612],[-79.727934,40.479612],[-79.727005,40.479851],[-79.725138,40.481865],[-79.721571,40.48267],[-79.720345,40.480678],[-79.720512,40.479978],[-79.71976,40.475226],[-79.720035,40.474383],[-79.719022,40.472612],[-79.718474,40.472258],[-79.717428,40.473451],[-79.716332,40.474159],[-79.714552,40.474555],[-79.71336,40.474273],[-79.713607,40.473461],[-79.712265,40.472294],[-79.712128,40.471492],[-79.711111,40.471458],[-79.709631,40.471117],[-79.708838,40.471174],[-79.707744,40.471663],[-79.707011,40.470662],[-79.706767,40.47022],[-79.706348,40.468342],[-79.705914,40.468331],[-79.707274,40.47324],[-79.707467,40.475208],[-79.706766,40.477893],[-79.706041,40.479328],[-79.704805,40.480905],[-79.704908,40.48162],[-79.704085,40.482582],[-79.7021,40.484048],[-79.702278,40.521985],[-79.701545,40.525164],[-79.702078,40.525504],[-79.703095,40.525884],[-79.703845,40.52623],[-79.704117,40.52644],[-79.704292,40.526641],[-79.704514,40.526813],[-79.704596,40.526937],[-79.704835,40.527008],[-79.705154,40.526987],[-79.705474,40.527075],[-79.70619,40.527644],[-79.706545,40.528047],[-79.706737,40.528382],[-79.70715,40.529668],[-79.70752,40.529928],[-79.708717,40.53112],[-79.710262,40.532215],[-79.71154,40.53288],[-79.712807,40.532898],[-79.712722,40.531591],[-79.712457,40.531014],[-79.709523,40.527169],[-79.709692,40.525615],[-79.710176,40.524541],[-79.711484,40.52358],[-79.712243,40.523564],[-79.714351,40.523836],[-79.717061,40.523811],[-79.719759,40.523458],[-79.720075,40.522945],[-79.72052,40.520669],[-79.721152,40.520012],[-79.723661,40.518201],[-79.726591,40.517127],[-79.729522,40.519114],[-79.731916,40.519854],[-79.735711,40.519822],[-79.73763,40.51995],[-79.739084,40.519838],[-79.739506,40.52019],[-79.741114,40.523303],[-79.743433,40.523415],[-79.745309,40.523944],[-79.748303,40.522806],[-79.752883,40.523607],[-79.753389,40.523959],[-79.75301,40.52601],[-79.753326,40.52678],[-79.755266,40.528174],[-79.75672,40.530818],[-79.75653,40.531138],[-79.755055,40.531555],[-79.753684,40.532596],[-79.754064,40.533093],[-79.756256,40.533253],[-79.757036,40.533766],[-79.759167,40.533998],[-79.760306,40.534751],[-79.760538,40.535648],[-79.758556,40.536994],[-79.761001,40.537491],[-79.760875,40.538484],[-79.760793,40.540119],[-79.761341,40.541945],[-79.764082,40.537419],[-79.764504,40.535673],[-79.765305,40.534679],[-79.767413,40.533846],[-79.770724,40.530252],[-79.771925,40.529788],[-79.773296,40.529756],[-79.775362,40.530364],[-79.775488,40.52974],[-79.77454,40.528393],[-79.774701,40.523601],[-79.776707,40.523638],[-79.778228,40.522691],[-79.778536,40.522986],[-79.776659,40.526541],[-79.776999,40.527119],[-79.779248,40.523404],[-79.779604,40.521621],[-79.780108,40.520475],[-79.783037,40.520389],[-79.783976,40.522468],[-79.784603,40.522716],[-79.784215,40.523885],[-79.7836,40.524401],[-79.782418,40.525016],[-79.781593,40.525853],[-79.78098,40.527192],[-79.780026,40.528053],[-79.779945,40.529726],[-79.78111,40.529676],[-79.783403,40.529959],[-79.786623,40.530033],[-79.789309,40.529726],[-79.79198,40.529002],[-79.794439,40.527883],[-79.796468,40.527841],[-79.797646,40.528139],[-79.799009,40.529368],[-79.801804,40.531282],[-79.805316,40.531949],[-79.806471,40.531704],[-79.807718,40.53209],[-79.809471,40.532808],[-79.811088,40.532632],[-79.812197,40.533124],[-79.813514,40.534142],[-79.81393,40.535248],[-79.822062,40.535055],[-79.822847,40.539199],[-79.822062,40.539444],[-79.822316,40.540234],[-79.821392,40.540485],[-79.822225,40.545827],[-79.822687,40.545406],[-79.822687,40.54437],[-79.823172,40.544124],[-79.823726,40.544054],[-79.824397,40.547724],[-79.825797,40.54957],[-79.823543,40.550489],[-79.824321,40.551709],[-79.826554,40.553906],[-79.827541,40.555139],[-79.827897,40.556468],[-79.827638,40.557647],[-79.825945,40.560004],[-79.825405,40.560772],[-79.826204,40.561326],[-79.831069,40.561311],[-79.830807,40.561899],[-79.830435,40.562177],[-79.828938,40.56243],[-79.827809,40.563103],[-79.825655,40.5621],[-79.825213,40.562235],[-79.824978,40.562466],[-79.824832,40.562919],[-79.825265,40.563751],[-79.825115,40.564649],[-79.823363,40.564633],[-79.823539,40.563669],[-79.824,40.562662],[-79.824971,40.561422],[-79.823283,40.561462],[-79.823029,40.564749],[-79.82313,40.565756],[-79.82258,40.570576],[-79.823699,40.574392],[-79.82555,40.574184],[-79.829692,40.574657],[-79.831048,40.575311],[-79.832005,40.57711],[-79.832518,40.578655],[-79.835242,40.578534],[-79.836946,40.57987],[-79.837606,40.581137],[-79.838119,40.581443],[-79.839677,40.581847],[-79.839806,40.582125],[-79.839146,40.583099],[-79.839237,40.583781],[-79.840062,40.584964],[-79.84085,40.585493],[-79.84129,40.585549],[-79.84173,40.585911],[-79.841858,40.586426],[-79.841641,40.588899],[-79.841439,40.589331],[-79.841677,40.589915],[-79.842245,40.590569],[-79.842282,40.591585],[-79.843419,40.593869],[-79.843694,40.594968],[-79.844061,40.595664],[-79.846077,40.596972],[-79.847158,40.597779],[-79.848443,40.598402],[-79.8476,40.602716],[-79.848052,40.603965],[-79.849665,40.604508],[-79.850233,40.605176],[-79.850526,40.606039],[-79.850324,40.60672],[-79.850471,40.607124],[-79.852252,40.606724],[-79.85403,40.606585],[-79.856449,40.60607],[-79.858191,40.605045],[-79.86039,40.604071],[-79.861105,40.603848],[-79.863066,40.60293],[-79.864844,40.60293],[-79.868179,40.602262],[-79.868362,40.601914],[-79.870848,40.60084],[-79.871728,40.600436],[-79.873322,40.600367],[-79.873634,40.600994],[-79.873451,40.601579],[-79.874184,40.602678],[-79.87543,40.603457],[-79.875558,40.603777],[-79.875375,40.604737],[-79.87689,40.604687],[-79.878099,40.605689],[-79.878539,40.605675],[-79.878869,40.605285],[-79.879621,40.605355],[-79.880482,40.605313],[-79.88138,40.605953],[-79.881911,40.605925],[-79.883314,40.606192],[-79.883332,40.606735],[-79.88477,40.606362],[-79.885375,40.60632],[-79.887134,40.605805],[-79.888271,40.60536],[-79.889279,40.607294],[-79.890305,40.607753],[-79.891551,40.607544],[-79.890543,40.60625],[-79.89047,40.604775],[-79.889993,40.604233],[-79.889205,40.603871],[-79.887773,40.602306],[-79.887956,40.601652],[-79.889294,40.59859],[-79.889166,40.597533],[-79.917661,40.597637],[-79.922786,40.598904],[-79.927869,40.599021],[-79.930344,40.599813],[-79.931234,40.598492],[-79.931121,40.597825],[-79.93039,40.597188],[-79.930905,40.596303],[-79.932178,40.595645],[-79.936676,40.595191],[-79.938112,40.594903],[-79.939738,40.594142],[-79.941599,40.59308],[-79.942774,40.592641],[-79.944718,40.591534],[-79.946712,40.59147],[-79.948052,40.591241],[-79.947834,40.594641],[-79.948387,40.595405],[-79.9506,40.596525],[-79.950617,40.597271],[-79.950399,40.599587],[-79.950902,40.599256],[-79.951957,40.597768],[-79.952527,40.597259],[-79.952946,40.59736],[-79.953147,40.59806],[-79.953063,40.599358],[-79.953817,40.60002],[-79.956055,40.600094],[-79.963003,40.600186],[-79.962915,40.599545],[-79.962316,40.599157],[-79.961648,40.599518],[-79.961208,40.599451],[-79.960838,40.599197],[-79.960908,40.598903],[-79.961049,40.598622],[-79.961401,40.598382],[-79.961542,40.598008],[-79.961419,40.597714],[-79.961067,40.597193],[-79.961102,40.596832],[-79.961612,40.596645],[-79.961982,40.596578],[-79.961964,40.596137],[-79.963179,40.593598],[-79.970302,40.593903],[-79.968237,40.598952],[-79.970384,40.599126],[-79.971528,40.598938],[-79.972338,40.599019],[-79.973464,40.598912],[-79.975805,40.599673],[-79.976421,40.600622],[-79.977459,40.600743],[-79.979199,40.600033],[-79.980924,40.598577],[-79.982053,40.596958],[-79.982423,40.596918],[-79.984544,40.596186],[-79.984861,40.595465],[-79.985846,40.594128],[-79.987395,40.593741],[-79.988364,40.593888],[-79.99067,40.594743],[-79.99056,40.588016],[-79.991775,40.588685],[-79.992086,40.588754],[-79.992422,40.588644],[-79.994719,40.585527],[-79.996613,40.586783],[-79.998869,40.587096],[-79.998936,40.587358],[-79.998256,40.587812],[-79.997614,40.588944],[-79.99699,40.590528],[-79.996872,40.591671],[-79.998256,40.592006],[-79.999423,40.591744],[-80.001769,40.591598],[-80.002528,40.591773],[-80.003105,40.592021],[-80.003316,40.592269],[-80.004127,40.592402],[-80.006775,40.594163],[-80.007681,40.594403],[-80.008559,40.594319],[-80.014496,40.591992],[-80.014597,40.592438],[-80.01537,40.592397],[-80.015522,40.592232],[-80.015816,40.592141],[-80.016382,40.592298],[-80.017133,40.592033],[-80.017383,40.592116],[-80.017703,40.591825],[-80.017932,40.59113],[-80.018149,40.590816],[-80.019684,40.590014],[-80.020599,40.589799],[-80.021241,40.589642],[-80.021742,40.589254],[-80.021829,40.588584],[-80.022275,40.587939],[-80.022754,40.587005],[-80.02531,40.585178],[-80.028938,40.584861],[-80.030951,40.584967],[-80.034599,40.585496],[-80.035875,40.585996],[-80.037828,40.586435],[-80.037768,40.586844],[-80.039686,40.586811],[-80.0432,40.587523],[-80.044309,40.588],[-80.044534,40.585984],[-80.045092,40.586083],[-80.045582,40.58675],[-80.046597,40.586852],[-80.048649,40.588207],[-80.049959,40.589294],[-80.053237,40.591493],[-80.053242,40.592528],[-80.054975,40.59342],[-80.05658,40.593256],[-80.058232,40.593274],[-80.059241,40.59375],[-80.063596,40.594355],[-80.066921,40.595473],[-80.067705,40.594932],[-80.070579,40.59385],[-80.070792,40.593471],[-80.073643,40.592678],[-80.074884,40.593069],[-80.075782,40.592361],[-80.076714,40.592308],[-80.077637,40.592717],[-80.079303,40.59377],[-80.083375,40.594829],[-80.083591,40.595204],[-80.090023,40.594213],[-80.094793,40.594686],[-80.093794,40.597129],[-80.093494,40.599271],[-80.093959,40.602991],[-80.094795,40.603296],[-80.095573,40.604048],[-80.09744,40.605052],[-80.099063,40.606215],[-80.099525,40.606636],[-80.099406,40.60401],[-80.104454,40.603972],[-80.104546,40.607398],[-80.104269,40.608359],[-80.10567,40.610481],[-80.104482,40.611112],[-80.100118,40.6138],[-80.094275,40.615766],[-80.09534,40.615943],[-80.128359,40.614601],[-80.14309,40.614088],[-80.145486,40.613949],[-80.145631,40.613289],[-80.146259,40.61261],[-80.148193,40.611711],[-80.149063,40.611693],[-80.15044,40.612261],[-80.15102,40.612243],[-80.151794,40.611821],[-80.151511,40.611416],[-80.15197,40.60938],[-80.152671,40.609398],[-80.153686,40.608407],[-80.154894,40.608077],[-80.156078,40.60815],[-80.158133,40.609086],[-80.160453,40.609618],[-80.162283,40.608728],[-80.165183,40.60638],[-80.166029,40.606105],[-80.166971,40.606673],[-80.168566,40.606692],[-80.169122,40.606306],[-80.16992,40.606692],[-80.169533,40.607187],[-80.170089,40.607829],[-80.171974,40.608141],[-80.173648,40.607724],[-80.175388,40.60822],[-80.176065,40.608183],[-80.177176,40.608697],[-80.177901,40.609578],[-80.179231,40.609192],[-80.180222,40.609486],[-80.180487,40.607669],[-80.179013,40.608257],[-80.177708,40.608238],[-80.175678,40.60778],[-80.173503,40.607358],[-80.169298,40.605908],[-80.168452,40.604844],[-80.168089,40.603064],[-80.166881,40.601064],[-80.166857,40.600219],[-80.167171,40.59965],[-80.168766,40.598787],[-80.168742,40.598273],[-80.175419,40.598011],[-80.175371,40.596396],[-80.175588,40.595974],[-80.176113,40.595692],[-80.177949,40.595926],[-80.17954,40.595411],[-80.180759,40.5959],[-80.181098,40.595681],[-80.18125,40.594846],[-80.181622,40.594512],[-80.182733,40.594538],[-80.183224,40.594358],[-80.184053,40.594178],[-80.185763,40.592597],[-80.187185,40.593304],[-80.188505,40.59342],[-80.189775,40.594037],[-80.191824,40.593934],[-80.194493,40.595452],[-80.191225,40.596352],[-80.193223,40.59693],[-80.195034,40.596763],[-80.19539,40.595786],[-80.200993,40.591454],[-80.206925,40.588219],[-80.198802,40.580756],[-80.201176,40.57869],[-80.20133,40.577923],[-80.202843,40.57916],[-80.205297,40.57843],[-80.206601,40.577635],[-80.207974,40.57889],[-80.209045,40.578218],[-80.214376,40.577599],[-80.218138,40.576248],[-80.217067,40.574303],[-80.213599,40.572287],[-80.214528,40.571312],[-80.209227,40.567533],[-80.209553,40.567144],[-80.204738,40.564565],[-80.205506,40.563893],[-80.206228,40.564388],[-80.214101,40.559417],[-80.215764,40.558591]]]},"properties":{"code":"[412,878]"}},{"type":"Feature","geometry":{"type":"Polygon","coordinates":[[[-91.166073,33.004106],[-91.166282,33.011331],[-91.162363,33.019684],[-91.15616,33.02358],[-91.149758,33.026312],[-91.142424,33.027231],[-91.137439,33.028736],[-91.129088,33.033554],[-91.125656,33.038276],[-91.123441,33.046577],[-91.120379,33.05453],[-91.120293,33.055921],[-91.121195,33.059166],[-91.124639,33.064127],[-91.149823,33.081603],[-91.160656,33.085596],[-91.165918,33.086174],[-91.171514,33.087818],[-91.173546,33.089318],[-91.174723,33.09164],[-91.180836,33.098364],[-91.195953,33.104561],[-91.200167,33.10693],[-91.201125,33.108185],[-91.201462,33.109638],[-91.202089,33.121249],[-91.20178,33.125121],[-91.195296,33.134731],[-91.193174,33.136734],[-91.188718,33.139811],[-91.183662,33.141691],[-91.169406,33.142639],[-91.161651,33.141781],[-91.160298,33.141216],[-91.153015,33.135093],[-91.151853,33.131802],[-91.150362,33.130695],[-91.143334,33.129785],[-91.131659,33.129101],[-91.114087,33.129834],[-91.104317,33.131598],[-91.093201,33.136726],[-91.089862,33.139655],[-91.087589,33.145177],[-91.085562,33.155822],[-91.084889,33.1618],[-91.084366,33.180856],[-91.086963,33.198509],[-91.089909,33.210194],[-91.091711,33.220813],[-91.085984,33.221644],[-91.082878,33.221621],[-91.079635,33.223225],[-91.079227,33.223889],[-91.079227,33.2265],[-91.077673,33.227485],[-91.074103,33.226821],[-91.070697,33.227302],[-91.071079,33.230096],[-91.068708,33.232936],[-91.065629,33.232982],[-91.063912,33.237356],[-91.054126,33.246105],[-91.050407,33.251202],[-91.047648,33.259989],[-91.045191,33.265404],[-91.043985,33.269835],[-91.043624,33.274636],[-91.045141,33.279015],[-91.04815,33.282796],[-91.052369,33.285415],[-91.05873,33.286901],[-91.067035,33.28718],[-91.072567,33.285885],[-91.07853,33.283306],[-91.081244,33.28125],[-91.083694,33.278557],[-91.086137,33.273652],[-91.090342,33.257325],[-91.091489,33.254838],[-91.094748,33.250499],[-91.096931,33.241628],[-91.099093,33.238173],[-91.1001,33.238125],[-91.106142,33.241799],[-91.110561,33.24593],[-91.114325,33.252953],[-91.117223,33.260685],[-91.118208,33.262071],[-91.128078,33.268502],[-91.125528,33.274732],[-91.125539,33.280255],[-91.140057,33.296618],[-91.141615,33.299539],[-91.141475,33.314318],[-91.143667,33.328398],[-91.143353,33.33052],[-91.141893,33.332963],[-91.140968,33.336493],[-91.142219,33.348989],[-91.141793,33.350076],[-91.140192,33.351452],[-91.125108,33.360099],[-91.120409,33.363809],[-91.106758,33.381141],[-91.101456,33.38719],[-91.090852,33.395781],[-91.075293,33.405966],[-91.062281,33.421238],[-91.058152,33.428705],[-91.057621,33.445341],[-91.059828,33.450257],[-91.064701,33.453775],[-91.067623,33.455104],[-91.074555,33.455811],[-91.077814,33.455648],[-91.081834,33.454188],[-91.086498,33.451576],[-91.091566,33.446319],[-91.094279,33.442671],[-91.096723,33.437603],[-91.097531,33.433725],[-91.097474,33.431733],[-91.095335,33.425684],[-91.095211,33.417488],[-91.099277,33.408244],[-91.10717,33.399078],[-91.113764,33.393124],[-91.123623,33.387526],[-91.140938,33.380477],[-91.154017,33.378914],[-91.166304,33.379709],[-91.171968,33.38103],[-91.176942,33.382841],[-91.191127,33.389634],[-91.204758,33.398823],[-91.208113,33.402007],[-91.209032,33.403633],[-91.20922,33.40629],[-91.208702,33.408719],[-91.205272,33.414231],[-91.20258,33.416832],[-91.199354,33.418321],[-91.191973,33.417728],[-91.184427,33.419576],[-91.179368,33.417151],[-91.17628,33.416979],[-91.163387,33.422157],[-91.147663,33.427172],[-91.144877,33.427706],[-91.13915,33.426955],[-91.131885,33.430063],[-91.130561,33.4319],[-91.130552,33.433263],[-91.128589,33.436284],[-91.1211,33.443563],[-91.118495,33.449116],[-91.117975,33.453807],[-91.119667,33.46023],[-91.125109,33.472842],[-91.136656,33.481323],[-91.157319,33.492923],[-91.160142,33.494829],[-91.164019,33.497448],[-91.167403,33.498304],[-91.172213,33.496691],[-91.175488,33.49077],[-91.177148,33.48617],[-91.176984,33.478899],[-91.175635,33.471761],[-91.171799,33.462342],[-91.16936,33.452629],[-91.177293,33.443638],[-91.181787,33.44078],[-91.186979,33.438592],[-91.194658,33.436358],[-91.206807,33.433846],[-91.210275,33.433796],[-91.217374,33.434699],[-91.235181,33.438972],[-91.235928,33.440611],[-91.23431,33.4423],[-91.233422,33.444038],[-91.232587,33.453958],[-91.231661,33.4571],[-91.223338,33.462764],[-91.220192,33.463045],[-91.215508,33.46478],[-91.208535,33.468606],[-91.206753,33.470308],[-91.205661,33.473553],[-91.199593,33.483125],[-91.195634,33.488468],[-91.189375,33.493005],[-91.185637,33.496399],[-91.18307,33.498613],[-91.182901,33.502379],[-91.184612,33.507364],[-91.187367,33.510552],[-91.215671,33.529423],[-91.219297,33.532364],[-91.226325,33.5412],[-91.229834,33.547047],[-91.232295,33.552788],[-91.232537,33.557454],[-91.231418,33.560593],[-91.230858,33.561372],[-91.228489,33.564667],[-91.224121,33.567369],[-91.221466,33.568166],[-91.203151,33.570758],[-91.198285,33.572061],[-91.188942,33.576225],[-91.181068,33.58152],[-91.17822,33.582607],[-91.175979,33.582968],[-91.160755,33.581352],[-91.157429,33.581372],[-91.152148,33.582721],[-91.138418,33.590896],[-91.134043,33.594489],[-91.13245,33.596989],[-91.131588,33.59945],[-91.130445,33.606034],[-91.130902,33.610919],[-91.134389,33.619512],[-91.139209,33.625658],[-91.150499,33.633013],[-91.164212,33.643278],[-91.171168,33.647766],[-91.178311,33.651109],[-91.185455,33.653604],[-91.211284,33.658526],[-91.219048,33.661503],[-91.223001,33.664794],[-91.226537,33.668665],[-91.228228,33.671326],[-91.229015,33.677543],[-91.227857,33.683073],[-91.225279,33.687749],[-91.22057,33.692923],[-91.212077,33.698249],[-91.205377,33.700819],[-91.200712,33.701535],[-91.190113,33.70186],[-91.17573,33.703116],[-91.165846,33.705133],[-91.162464,33.70684],[-91.160866,33.707096],[-91.144188,33.689596],[-91.133416,33.67679],[-91.13045,33.674522],[-91.10098,33.660551],[-91.09404,33.658351],[-91.088202,33.657387],[-91.084126,33.657322],[-91.078507,33.658283],[-91.06711,33.662689],[-91.059182,33.6664],[-91.050523,33.668064],[-91.046412,33.668272],[-91.03684,33.671316],[-91.034565,33.673018],[-91.03146,33.678142],[-91.030332,33.681622],[-91.030402,33.687766],[-91.033366,33.688773],[-91.03612,33.689113],[-91.03715,33.692907],[-91.039025,33.696595],[-91.041261,33.699933],[-91.046778,33.706313],[-91.055562,33.712486],[-91.059891,33.714816],[-91.063752,33.715892],[-91.06829,33.716477],[-91.075389,33.714403],[-91.089873,33.707364],[-91.101101,33.705007],[-91.107646,33.704679],[-91.117733,33.705342],[-91.125527,33.70878],[-91.132338,33.714246],[-91.144732,33.726803],[-91.145792,33.728924],[-91.146618,33.732456],[-91.146523,33.736503],[-91.143287,33.747141],[-91.144539,33.749338],[-91.144571,33.751607],[-91.141553,33.755957],[-91.140756,33.759735],[-91.141304,33.760835],[-91.143634,33.762095],[-91.144812,33.763996],[-91.145112,33.76734],[-91.14201,33.77382],[-91.139869,33.777117],[-91.137351,33.779923],[-91.133854,33.782814],[-91.132185,33.78342],[-91.128222,33.783447],[-91.123466,33.782106],[-91.117836,33.779026],[-91.111494,33.774568],[-91.107318,33.770619],[-91.088996,33.775801],[-91.08551,33.77641],[-91.060524,33.77764],[-91.053886,33.778701],[-91.026782,33.763642],[-91.023285,33.762991],[-91.01277,33.764675],[-91.000106,33.769165],[-90.993842,33.773601],[-90.99122,33.776791],[-90.989444,33.780576],[-90.988466,33.78453],[-90.989299,33.788016],[-90.991747,33.792597],[-91.000107,33.799549],[-91.007767,33.802591],[-91.020098,33.804447],[-91.025173,33.805953],[-91.042448,33.812855],[-91.046849,33.815365],[-91.049679,33.818729],[-91.052819,33.824181],[-91.056692,33.828935],[-91.064977,33.837126],[-91.067511,33.840443],[-91.071195,33.849539],[-91.073011,33.857449],[-91.072798,33.862396],[-91.070883,33.866714],[-91.061247,33.877505],[-91.055309,33.883035],[-91.036674,33.898531],[-91.026382,33.90798],[-91.017481,33.919083],[-91.010831,33.925552],[-91.01004,33.927003],[-91.010318,33.929352],[-91.012994,33.932276],[-91.020097,33.937127],[-91.035961,33.943758],[-91.046725,33.947406],[-91.078496,33.95406],[-91.084095,33.956179],[-91.086758,33.95827],[-91.088696,33.961334],[-91.089787,33.966004],[-91.089756,33.969721],[-91.089119,33.972653],[-91.087921,33.975335],[-91.083187,33.979865],[-91.079254,33.982101],[-91.075378,33.983586],[-91.071203,33.984473],[-91.062264,33.985083],[-91.048367,33.985078],[-91.042751,33.986811],[-91.039589,33.989297],[-91.033765,33.995323],[-91.01889,34.003151],[-91.01361,33.994495],[-91.004981,33.977011],[-91.002986,33.970902],[-91.000108,33.966428],[-90.994856,33.963118],[-90.987653,33.960793],[-90.983359,33.960186],[-90.976864,33.960503],[-90.970856,33.961868],[-90.967632,33.963324],[-90.965187,33.965461],[-90.96372,33.967688],[-90.961222,33.976151],[-90.961548,33.979945],[-90.970947,33.991885],[-90.977489,33.996554],[-90.979945,34.000106],[-90.987948,34.019038],[-90.982742,34.020469],[-90.976918,34.021335],[-90.970726,34.02162],[-90.958456,34.020254],[-90.950311,34.017822],[-90.942662,34.01805],[-90.934896,34.019262],[-90.923745,34.023143],[-90.922017,34.023216],[-90.914642,34.021885],[-90.899467,34.023796],[-90.89242,34.02686],[-90.888956,34.029788],[-90.887413,34.032505],[-90.886991,34.035094],[-90.887394,34.039845],[-90.889058,34.046362],[-90.888627,34.052419],[-90.887837,34.055403],[-90.886351,34.058564],[-90.882115,34.063903],[-90.874541,34.072041],[-90.87194,34.076362],[-90.870528,34.080516],[-90.870461,34.082739],[-90.871923,34.086652],[-90.876606,34.092911],[-90.878912,34.094573],[-90.882628,34.096615],[-90.888085,34.09781],[-90.893526,34.097795],[-90.90113,34.094667],[-90.914066,34.092756],[-90.918395,34.093054],[-90.921273,34.093958],[-90.946323,34.109374],[-90.948514,34.111269],[-90.955004,34.118973],[-90.955974,34.120125],[-90.958467,34.125105],[-90.959317,34.13035],[-90.9543,34.138498],[-90.938064,34.148754],[-90.91001,34.165508],[-90.903577,34.164332],[-90.894385,34.160953],[-90.883073,34.151502],[-90.876836,34.14813],[-90.86788,34.142146],[-90.86458,34.140555],[-90.853471,34.137511],[-90.847168,34.136884],[-90.836099,34.137876],[-90.830285,34.139813],[-90.825708,34.142011],[-90.822593,34.144054],[-90.815878,34.149879],[-90.810884,34.155903],[-90.807813,34.161474],[-90.807164,34.16746],[-90.808685,34.175878],[-90.810016,34.178437],[-90.812374,34.180767],[-90.816572,34.183023],[-90.828388,34.184784],[-90.838205,34.183804],[-90.847108,34.186053],[-90.8556,34.18688],[-90.859087,34.186288],[-90.864566,34.183882],[-90.869651,34.182965],[-90.87383,34.18322],[-90.877475,34.185633],[-90.882701,34.184364],[-90.887884,34.18198],[-90.891871,34.184766],[-90.9118,34.193897],[-90.916048,34.196916],[-90.93268,34.214824],[-90.93522,34.21905],[-90.936988,34.227041],[-90.937152,34.23411],[-90.936404,34.236698],[-90.933511,34.240218],[-90.929015,34.244541],[-90.923152,34.24653],[-90.912396,34.245932],[-90.907082,34.244492],[-90.905934,34.243529],[-90.904279,34.24096],[-90.900078,34.229621],[-90.898286,34.227253],[-90.89456,34.22438],[-90.87912,34.21545],[-90.867064,34.212141],[-90.856708,34.211598],[-90.852764,34.209403],[-90.847808,34.20653],[-90.844824,34.210999],[-90.842151,34.21688],[-90.840009,34.223077],[-90.839509,34.226201],[-90.840128,34.230104],[-90.839981,34.236114],[-90.836972,34.250104],[-90.832407,34.267491],[-90.830612,34.271245],[-90.828267,34.27365],[-90.824478,34.27624],[-90.820919,34.27784],[-90.812829,34.279438],[-90.802928,34.282465],[-90.797569,34.282402],[-90.772266,34.279943],[-90.765165,34.280524],[-90.755271,34.286848],[-90.752681,34.289266],[-90.743082,34.302257],[-90.740889,34.306538],[-90.74061,34.313469],[-90.742694,34.320263],[-90.744713,34.324872],[-90.748942,34.331045],[-90.765174,34.342818],[-90.767108,34.345264],[-90.767732,34.346872],[-90.768445,34.353469],[-90.767061,34.360271],[-90.765764,34.362109],[-90.762085,34.364754],[-90.756197,34.367256],[-90.750107,34.367919],[-90.741616,34.367225],[-90.729131,34.364206],[-90.724909,34.363659],[-90.712088,34.363805],[-90.700147,34.365855],[-90.690497,34.368606],[-90.683222,34.368817],[-90.681921,34.365998],[-90.680512,34.362529],[-90.68162,34.35291],[-90.691551,34.338618],[-90.693686,34.32968],[-90.693129,34.32257],[-90.690005,34.318584],[-90.686003,34.315771],[-90.678097,34.313031],[-90.669343,34.31302],[-90.661395,34.315398],[-90.657488,34.322231],[-90.657371,34.327287],[-90.660404,34.33576],[-90.666862,34.348569],[-90.666788,34.35582],[-90.655346,34.371846],[-90.658542,34.375705],[-90.641398,34.383869],[-90.63494,34.386363],[-90.631586,34.387193],[-90.61848,34.388767],[-90.613944,34.390723],[-90.580677,34.410554],[-90.575336,34.415152],[-90.571145,34.420319],[-90.568397,34.424805],[-90.566505,34.429528],[-90.565826,34.434379],[-90.56733,34.440383],[-90.573959,34.451875],[-90.576893,34.454351],[-90.583717,34.458829],[-90.585477,34.461247],[-90.588346,34.470562],[-90.589921,34.484793],[-90.588942,34.491097],[-90.586525,34.500103],[-90.58353,34.504085],[-90.581062,34.512818],[-90.578493,34.516296],[-90.569347,34.524867],[-90.555276,34.531012],[-90.545728,34.53775],[-90.543633,34.540378],[-90.541282,34.545331],[-90.540736,34.548085],[-90.540951,34.550853],[-90.545891,34.563257],[-90.549244,34.568101],[-90.557666,34.576929],[-90.564866,34.582602],[-90.570133,34.587457],[-90.574787,34.595243],[-90.581693,34.604227],[-90.587224,34.615732],[-90.588255,34.626616],[-90.58344,34.641389],[-90.58302,34.642679],[-90.583088,34.64361],[-90.585031,34.647072],[-90.586336,34.651689],[-90.587323,34.665407],[-90.588536,34.668646],[-90.588419,34.670963],[-90.582006,34.680235],[-90.578745,34.683844],[-90.573106,34.686425],[-90.567334,34.693371],[-90.563391,34.695876],[-90.555627,34.697946],[-90.552317,34.697087],[-90.549856,34.695478],[-90.548071,34.693169],[-90.542761,34.688781],[-90.540074,34.684981],[-90.538856,34.682463],[-90.538061,34.673232],[-90.539409,34.670902],[-90.550158,34.663445],[-90.552642,34.659707],[-90.553962,34.655018],[-90.555104,34.646236],[-90.554129,34.640871],[-90.551761,34.636484],[-90.547614,34.631656],[-90.543696,34.629559],[-90.537165,34.627767],[-90.532188,34.627487],[-90.524481,34.628504],[-90.517168,34.630928],[-90.5081,34.636682],[-90.503061,34.64079],[-90.496639,34.648117],[-90.48789,34.654881],[-90.479718,34.659934],[-90.469821,34.669436],[-90.466041,34.674312],[-90.462816,34.684074],[-90.462552,34.687576],[-90.463734,34.691093],[-90.467064,34.695643],[-90.471185,34.699066],[-90.475194,34.700826],[-90.480041,34.701515],[-90.486966,34.701477],[-90.496552,34.700578],[-90.509847,34.698003],[-90.522084,34.696605],[-90.529211,34.696819],[-90.538974,34.698783],[-90.546053,34.702076],[-90.565646,34.721053],[-90.567482,34.723292],[-90.568081,34.724802],[-90.568172,34.727384],[-90.56724,34.733463],[-90.565437,34.736536],[-90.563544,34.738671],[-90.559895,34.740788],[-90.556308,34.741541],[-90.553186,34.741912],[-90.550284,34.742804],[-90.547606,34.744367],[-90.54582,34.745929],[-90.543811,34.749277],[-90.542695,34.752626],[-90.542631,34.764396],[-90.546225,34.773443],[-90.547859,34.779194],[-90.54817,34.78189],[-90.547612,34.784589],[-90.544067,34.791159],[-90.540222,34.795768],[-90.53651,34.798572],[-90.53133,34.800584],[-90.522892,34.802265],[-90.514706,34.801768],[-90.512761,34.796488],[-90.503679,34.780136],[-90.501523,34.774795],[-90.500994,34.771187],[-90.501325,34.769931],[-90.505494,34.764568],[-90.516522,34.758333],[-90.520556,34.753388],[-90.5219,34.748463],[-90.5219,34.743537],[-90.521004,34.738612],[-90.518317,34.73279],[-90.514735,34.729656],[-90.501667,34.724236],[-90.488865,34.723731],[-90.479704,34.724793],[-90.469897,34.72703],[-90.45795,34.732946],[-90.454968,34.735557],[-90.452479,34.739898],[-90.451257,34.744485],[-90.45117,34.747787],[-90.453038,34.753352],[-90.458883,34.764267],[-90.470411,34.780877],[-90.473527,34.788835],[-90.47459,34.7932],[-90.473877,34.798399],[-90.47228,34.802465],[-90.470544,34.805036],[-90.465367,34.810592],[-90.459024,34.81444],[-90.456761,34.820395],[-90.456935,34.823383],[-90.463795,34.834923],[-90.474403,34.849495],[-90.481955,34.857805],[-90.483876,34.861333],[-90.485038,34.869252],[-90.484558,34.875096],[-90.483969,34.877176],[-90.479872,34.883264],[-90.475686,34.88631],[-90.466154,34.890989],[-90.459819,34.891946],[-90.453916,34.891122],[-90.444806,34.887994],[-90.441254,34.886313],[-90.438313,34.884581],[-90.436561,34.882731],[-90.430096,34.871212],[-90.42898,34.867168],[-90.429115,34.865087],[-90.431722,34.858913],[-90.431741,34.855051],[-90.430828,34.848982],[-90.428754,34.8414],[-90.423879,34.834606],[-90.422355,34.833675],[-90.414864,34.831846],[-90.410666,34.832028],[-90.407991,34.832998],[-90.401633,34.835305],[-90.379837,34.845931],[-90.352174,34.853196],[-90.348218,34.855113],[-90.34038,34.860357],[-90.332298,34.85253],[-90.323067,34.846391],[-90.319198,34.844854],[-90.311312,34.844223],[-90.307384,34.846195],[-90.303944,34.850517],[-90.302669,34.854366],[-90.302523,34.856471],[-90.303698,34.859704],[-90.304419,34.860589],[-90.313476,34.871698],[-90.310005,34.875097],[-90.301957,34.880053],[-90.279364,34.890077],[-90.250095,34.90732],[-90.248308,34.909739],[-90.246546,34.914168],[-90.244725,34.921031],[-90.244476,34.937596],[-90.246116,34.944316],[-90.247832,34.947916],[-90.250056,34.951196],[-90.253969,34.954988],[-90.259663,34.957793],[-90.27824,34.965077],[-90.282234,34.967661],[-90.287239,34.972531],[-90.293083,34.974574],[-90.296422,34.976346],[-90.302471,34.982077],[-90.304425,34.984939],[-90.309297,34.995694],[-90.310298,35.004295],[-90.309877,35.00975],[-90.306897,35.018194],[-90.300697,35.028793],[-90.297296,35.037893],[-90.295596,35.040093],[-90.291996,35.041793],[-90.265296,35.040293],[-90.263796,35.039593],[-90.263396,35.037493],[-90.262396,35.036393],[-90.256495,35.034493],[-90.230611,35.03132],[-90.224791,35.029961],[-90.216258,35.026049],[-90.214382,35.025795],[-90.209397,35.026546],[-90.200124,35.032813],[-90.196095,35.0374],[-90.19686,35.043667],[-90.197146,35.050731],[-90.196583,35.056137],[-90.195133,35.061793],[-90.181387,35.091401],[-90.176843,35.112088],[-90.173603,35.118073],[-90.165328,35.125228],[-90.160058,35.12883],[-90.155994,35.130991],[-90.144691,35.134984],[-90.142794,35.135091],[-90.139024,35.133995],[-90.109393,35.118891],[-90.100593,35.116691],[-90.09061,35.118287],[-90.08671,35.119779],[-90.08342,35.12167],[-90.071192,35.131591],[-90.066591,35.13599],[-90.065392,35.137691],[-90.064612,35.140621],[-90.066482,35.151074],[-90.066958,35.151839],[-90.069402,35.153646],[-90.090371,35.15627],[-90.092944,35.157228],[-90.096549,35.160976],[-90.099777,35.164474],[-90.103216,35.16798],[-90.105525,35.170695],[-90.108075,35.174571],[-90.109177,35.178451],[-90.111091,35.178639],[-90.114214,35.181691],[-90.117393,35.18789],[-90.117542,35.19057],[-90.116182,35.198498],[-90.109076,35.199105],[-90.097408,35.194794],[-90.096466,35.194848],[-90.093285,35.203282],[-90.088597,35.212376],[-90.08412,35.210423],[-90.081173,35.208153],[-90.07682,35.208817],[-90.074547,35.211214],[-90.074271,35.211504],[-90.074155,35.21707],[-90.07492,35.220452],[-90.076879,35.224405],[-90.07875,35.227806],[-90.082939,35.231824],[-90.086322,35.235719],[-90.090892,35.242189],[-90.097947,35.249983],[-90.09949,35.251393],[-90.105093,35.254288],[-90.110106,35.255456],[-90.116493,35.255788],[-90.123593,35.254989],[-90.132116,35.25318],[-90.140394,35.252289],[-90.152094,35.255989],[-90.158865,35.262577],[-90.166594,35.274588],[-90.168794,35.279088],[-90.168871,35.281997],[-90.165194,35.293188],[-90.163812,35.296115],[-90.161225,35.298951],[-90.158913,35.300637],[-90.153394,35.302588],[-90.149794,35.303288],[-90.139504,35.298828],[-90.132393,35.300488],[-90.123707,35.30453],[-90.121864,35.304535],[-90.117219,35.303384],[-90.109093,35.304987],[-90.106824,35.324618],[-90.103862,35.332405],[-90.110293,35.342786],[-90.108817,35.342587],[-90.107312,35.343143],[-90.100294,35.351619],[-90.096825,35.357216],[-90.093492,35.360486],[-90.090492,35.360886],[-90.087903,35.36327],[-90.083824,35.368798],[-90.074992,35.384152],[-90.077971,35.384501],[-90.07993,35.385272],[-90.087743,35.390838],[-90.093589,35.393333],[-90.09665,35.395257],[-90.104842,35.401487],[-90.106775,35.403339],[-90.110543,35.408595],[-90.112504,35.410153],[-90.116902,35.411692],[-90.130475,35.413745],[-90.135125,35.412977],[-90.137881,35.41151],[-90.14166,35.408563],[-90.143448,35.406671],[-90.145085,35.403757],[-90.146191,35.399468],[-90.14587,35.395079],[-90.143475,35.387602],[-90.13551,35.376668],[-90.144924,35.374633],[-90.166246,35.374745],[-90.172388,35.377681],[-90.178341,35.382092],[-90.179265,35.385194],[-90.1707,35.410065],[-90.170599,35.418352],[-90.169002,35.421853],[-90.14018,35.436484],[-90.129448,35.441931],[-90.123142,35.459853],[-90.120619,35.465741],[-90.11839,35.468791],[-90.114412,35.472467],[-90.107723,35.476935],[-90.101759,35.476889],[-90.098719,35.478595],[-90.085009,35.478835],[-90.080128,35.476844],[-90.072154,35.470752],[-90.067798,35.466224],[-90.067138,35.464833],[-90.067206,35.460957],[-90.071327,35.450338],[-90.074063,35.439611],[-90.074082,35.433983],[-90.070549,35.423291],[-90.062018,35.41518],[-90.069283,35.408306],[-90.054585,35.389604],[-90.054451,35.38965],[-90.044856,35.392964],[-90.041563,35.39662],[-90.045104,35.397317],[-90.056644,35.403786],[-90.046598,35.412966],[-90.045306,35.415435],[-90.044216,35.419231],[-90.04264,35.421237],[-90.04057,35.422925],[-90.031584,35.427662],[-90.031267,35.431576],[-90.02931,35.435245],[-90.02737,35.43789],[-90.026584,35.440103],[-90.026899,35.444869],[-90.026604,35.447788],[-90.024247,35.45426],[-90.022064,35.457375],[-90.018842,35.464816],[-90.018998,35.467803],[-90.020386,35.470257],[-90.034976,35.480705],[-90.043517,35.492298],[-90.045805,35.496533],[-90.048519,35.504357],[-90.050277,35.515275],[-90.04909,35.522257],[-90.046227,35.529592],[-90.044748,35.531657],[-90.041962,35.537468],[-90.039744,35.548041],[-90.037615,35.550329],[-90.032938,35.55344],[-90.02862,35.555249],[-90.023903,35.556336],[-90.017312,35.555996],[-90.011262,35.559105],[-90.008293,35.560065],[-89.998996,35.56116],[-89.992975,35.560774],[-89.989363,35.560043],[-89.97631,35.553872],[-89.958498,35.541703],[-89.956706,35.539369],[-89.955641,35.534518],[-89.95578,35.533214],[-89.957739,35.530125],[-89.957715,35.527192],[-89.956347,35.525594],[-89.951248,35.521866],[-89.94801,35.52009],[-89.945026,35.519388],[-89.933614,35.518538],[-89.923161,35.514428],[-89.919331,35.51387],[-89.9154,35.515119],[-89.911931,35.51741],[-89.909022,35.520548],[-89.90766,35.522944],[-89.903882,35.534175],[-89.904392,35.535701],[-89.905582,35.536774],[-89.908826,35.538031],[-89.909205,35.538164],[-89.910787,35.538718],[-89.910885,35.541072],[-89.909923,35.544037],[-89.910789,35.547515],[-89.914177,35.549713],[-89.917424,35.550308],[-89.924145,35.550561],[-89.929101,35.551545],[-89.941393,35.556555],[-89.944754,35.560308],[-89.946911,35.56358],[-89.954196,35.57605],[-89.95669,35.581426],[-89.957924,35.585499],[-89.957896,35.587261],[-89.956749,35.590511],[-89.954145,35.594264],[-89.951147,35.597491],[-89.945405,35.601611],[-89.9325,35.607865],[-89.919619,35.612236],[-89.912172,35.617055],[-89.910687,35.617536],[-89.906029,35.616145],[-89.899789,35.615061],[-89.896999,35.614882],[-89.894346,35.615535],[-89.876548,35.626653],[-89.863875,35.630788],[-89.856619,35.634444],[-89.85389,35.638261],[-89.851825,35.644262],[-89.850863,35.650208],[-89.851176,35.657432],[-89.85351,35.663034],[-89.858935,35.66906],[-89.861277,35.670064],[-89.864782,35.670385],[-89.872078,35.668487],[-89.877158,35.666136],[-89.878534,35.66482],[-89.882893,35.657463],[-89.884932,35.655107],[-89.886979,35.653637],[-89.89051,35.652408],[-89.898916,35.650904],[-89.906147,35.651145],[-89.915427,35.652782],[-89.922749,35.655293],[-89.931036,35.660044],[-89.937383,35.665711],[-89.9427,35.675121],[-89.950161,35.682433],[-89.953303,35.686418],[-89.955753,35.690621],[-89.956589,35.695486],[-89.956933,35.711677],[-89.958882,35.723834],[-89.958687,35.727706],[-89.956254,35.733386],[-89.953983,35.73616],[-89.950278,35.738493],[-89.915491,35.754917],[-89.913132,35.757302],[-89.909996,35.759396],[-89.905538,35.759063],[-89.888163,35.750077],[-89.883535,35.744984],[-89.877256,35.741369],[-89.872845,35.741299],[-89.863874,35.747592],[-89.857707,35.750077],[-89.846343,35.755732],[-89.832895,35.754905],[-89.824923,35.755715],[-89.821216,35.756716],[-89.814456,35.759941],[-89.812891,35.761154],[-89.80928,35.764379],[-89.799249,35.775439],[-89.797231,35.780117],[-89.797053,35.782648],[-89.799331,35.788503],[-89.796324,35.792807],[-89.781793,35.805084],[-89.765457,35.809513],[-89.765442,35.811214],[-89.757874,35.810415],[-89.743025,35.805817],[-89.734044,35.806174],[-89.723426,35.809382],[-89.719915,35.811557],[-89.706085,35.81826],[-89.703875,35.820281],[-89.70175,35.824238],[-89.701045,35.828227],[-89.701407,35.830985],[-89.702883,35.834153],[-89.704351,35.835726],[-89.709261,35.838911],[-89.729517,35.847632],[-89.749424,35.852955],[-89.764343,35.858313],[-89.769413,35.861558],[-89.772467,35.865098],[-89.773294,35.867426],[-89.773564,35.871697],[-89.772855,35.876244],[-89.771726,35.879724],[-89.768743,35.886663],[-89.765689,35.891299],[-89.756312,35.89806],[-89.741241,35.906749],[-89.714934,35.906247],[-89.688141,35.896946],[-89.68182,35.88999],[-89.677012,35.88572],[-89.669553,35.883281],[-89.665672,35.883301],[-89.657771,35.88575],[-89.655452,35.886912],[-89.65068,35.89088],[-89.64727,35.89492],[-89.644838,35.904351],[-89.646711,35.908008],[-89.65034,35.917795],[-89.652279,35.921462],[-89.656147,35.92581],[-89.671117,35.935795],[-89.676621,35.940539],[-89.686924,35.947716],[-89.699871,35.954063],[-89.710227,35.959826],[-89.714565,35.963034],[-89.718796,35.968283],[-89.719679,35.970939],[-89.71997,35.97462],[-89.718801,35.985015],[-89.719168,35.985976],[-89.728442,35.993568],[-89.731218,35.996879],[-89.733039,36.000773],[-90.377906,35.995742],[-90.376866,35.996797],[-90.37245,36.003472],[-90.366179,36.012055],[-90.360688,36.016917],[-90.356177,36.020059],[-90.353568,36.024048],[-90.351699,36.025116],[-90.35143,36.026668],[-90.351752,36.028187],[-90.353481,36.028701],[-90.354426,36.03062],[-90.351542,36.031043],[-90.350743,36.032562],[-90.34982,36.033295],[-90.348272,36.03498],[-90.349285,36.038966],[-90.34828,36.041518],[-90.345663,36.042632],[-90.343586,36.043109],[-90.343585,36.045058],[-90.340638,36.047037],[-90.338623,36.046782],[-90.336893,36.047381],[-90.337516,36.048839],[-90.337096,36.050187],[-90.337901,36.051181],[-90.337949,36.053089],[-90.336707,36.054953],[-90.333654,36.05557],[-90.333339,36.057686],[-90.335725,36.059263],[-90.336333,36.060792],[-90.33483,36.061833],[-90.334943,36.06329],[-90.333096,36.067458],[-90.330053,36.068461],[-90.32839,36.068295],[-90.32394,36.071453],[-90.321739,36.070807],[-90.320367,36.071531],[-90.321063,36.073128],[-90.318343,36.075448],[-90.318478,36.079528],[-90.320128,36.080868],[-90.319959,36.082909],[-90.318967,36.083933],[-90.319102,36.08539],[-90.320757,36.087013],[-90.318679,36.090582],[-90.316747,36.090535],[-90.311999,36.09472],[-90.307845,36.094642],[-90.305544,36.095306],[-90.299948,36.098063],[-90.30018,36.099082],[-90.299243,36.101799],[-90.297949,36.102486],[-90.297781,36.105032],[-90.298457,36.105859],[-90.298264,36.107498],[-90.297092,36.107644],[-90.296783,36.109204],[-90.293984,36.10989],[-90.29361,36.110743],[-90.294923,36.11158],[-90.295172,36.112911],[-90.293171,36.114518],[-90.289949,36.114718],[-90.288306,36.115732],[-90.2847,36.11568],[-90.282704,36.116481],[-90.277043,36.117388],[-90.272929,36.116632],[-90.272504,36.118244],[-90.266518,36.119903],[-90.26542,36.121547],[-90.261365,36.126133],[-90.260868,36.127308],[-90.259037,36.127579],[-90.257975,36.127132],[-90.2561,36.127101],[-90.25348,36.127236],[-90.252078,36.128077],[-90.251042,36.129716],[-90.249427,36.129513],[-90.248936,36.130447],[-90.247846,36.131328],[-90.247802,36.1325],[-90.246541,36.132454],[-90.245352,36.133643],[-90.24557,36.136239],[-90.242723,36.136529],[-90.241545,36.136979],[-90.240214,36.1383],[-90.238237,36.138758],[-90.237571,36.138741],[-90.236459,36.139454],[-90.23587,36.139102],[-90.235313,36.13971],[-90.235739,36.140133],[-90.235711,36.141289],[-90.234844,36.143175],[-90.235116,36.14521],[-90.232959,36.145547],[-90.231518,36.146505],[-90.232121,36.151293],[-90.23123,36.153426],[-90.231442,36.1541],[-90.23335,36.154693],[-90.233475,36.15551],[-90.232557,36.15624],[-90.233532,36.156411],[-90.235413,36.158684],[-90.235201,36.159951],[-90.2338,36.160941],[-90.23339,36.162618],[-90.231242,36.163611],[-90.23151,36.164866],[-90.230235,36.167538],[-90.231069,36.168132],[-90.23053,36.170396],[-90.229329,36.171457],[-90.229791,36.173148],[-90.22734,36.174276],[-90.226866,36.175473],[-90.225039,36.176873],[-90.225296,36.178324],[-90.223471,36.180325],[-90.221728,36.181651],[-90.220825,36.184144],[-90.21993,36.184703],[-90.218075,36.184621],[-90.217268,36.183704],[-90.216344,36.183579],[-90.21547,36.184596],[-90.214123,36.184223],[-90.214487,36.183477],[-90.213618,36.182908],[-90.211481,36.183077],[-90.209955,36.184168],[-90.210496,36.185096],[-90.210031,36.185997],[-90.208485,36.18631],[-90.207587,36.185998],[-90.204568,36.186721],[-90.204119,36.187375],[-90.204604,36.188887],[-90.204067,36.190049],[-90.201902,36.190992],[-90.200839,36.191928],[-90.20157,36.193367],[-90.200481,36.196327],[-90.199572,36.196717],[-90.197199,36.196024],[-90.195975,36.196994],[-90.195691,36.199807],[-90.194864,36.200552],[-90.193092,36.200359],[-90.192104,36.200992],[-90.191352,36.200888],[-90.189971,36.201592],[-90.190004,36.202481],[-90.18905,36.203282],[-90.188178,36.205503],[-90.186963,36.20568],[-90.185876,36.204653],[-90.184624,36.205419],[-90.183559,36.205103],[-90.182365,36.205505],[-90.181949,36.208521],[-90.180061,36.208761],[-90.178131,36.207158],[-90.177052,36.207788],[-90.176995,36.209437],[-90.175239,36.210928],[-90.173948,36.210367],[-90.170237,36.21224],[-90.169371,36.214175],[-90.167781,36.213282],[-90.166163,36.214384],[-90.164091,36.214361],[-90.161238,36.215644],[-90.158722,36.214971],[-90.156935,36.213447],[-90.154947,36.21442],[-90.15384,36.2156],[-90.152846,36.215474],[-90.151952,36.215703],[-90.151446,36.218967],[-90.150523,36.219414],[-90.14926,36.22175],[-90.147954,36.221784],[-90.146616,36.220811],[-90.145779,36.220834],[-90.14602,36.223399],[-90.144061,36.223124],[-90.143945,36.225984],[-90.141617,36.227701],[-90.139829,36.226808],[-90.138481,36.2273],[-90.134847,36.226327],[-90.131966,36.226693],[-90.131682,36.228491],[-90.127664,36.229759],[-90.126622,36.229023],[-90.12545,36.231572],[-90.126573,36.233253],[-90.125254,36.233508],[-90.124652,36.234336],[-90.125026,36.2354],[-90.12781,36.237107],[-90.127745,36.239676],[-90.12952,36.239886],[-90.131002,36.241278],[-90.129813,36.24345],[-90.124115,36.243023],[-90.124783,36.24452],[-90.122131,36.246257],[-90.12231,36.249382],[-90.119842,36.252195],[-90.118442,36.253429],[-90.119988,36.254769],[-90.118165,36.255504],[-90.118023,36.25664],[-90.119293,36.257677],[-90.1176,36.258334],[-90.117714,36.259437],[-90.115956,36.261511],[-90.116995,36.263303],[-90.115269,36.265259],[-90.112611,36.266391],[-90.111178,36.266364],[-90.110185,36.266837],[-90.109387,36.265734],[-90.105775,36.266091],[-90.10527,36.26768],[-90.103593,36.268074],[-90.103137,36.269058],[-90.099988,36.268899],[-90.098181,36.269569],[-90.097383,36.270737],[-90.096021,36.271408],[-90.094442,36.271171],[-90.086097,36.27139],[-90.083656,36.27208],[-90.082224,36.273773],[-90.081947,36.275585],[-90.080687,36.276671],[-90.079775,36.278784],[-90.077593,36.279704],[-90.075688,36.281017],[-90.076698,36.282959],[-90.077182,36.284438],[-90.077182,36.285593],[-90.077785,36.286447],[-90.077948,36.288599],[-90.079058,36.28926],[-90.07896,36.290047],[-90.075036,36.290717],[-90.071632,36.293181],[-90.069727,36.295176],[-90.070329,36.296895],[-90.069399,36.298686],[-90.066501,36.300353],[-90.064319,36.30245],[-90.06414,36.303683],[-90.065068,36.304812],[-90.06655,36.305428],[-90.06905,36.312735],[-90.070321,36.314059],[-90.071535,36.314029],[-90.072263,36.315745],[-90.074149,36.316497],[-90.074744,36.318024],[-90.075902,36.318039],[-90.076873,36.319303],[-90.079413,36.318355],[-90.079899,36.318422],[-90.080305,36.320127],[-90.081454,36.320957],[-90.082427,36.321983],[-90.081978,36.322891],[-90.079939,36.323477],[-90.082196,36.326471],[-90.079102,36.327608],[-90.079381,36.329426],[-90.077459,36.330213],[-90.075448,36.334689],[-90.078376,36.336796],[-90.077165,36.341402],[-90.074592,36.341859],[-90.074157,36.343627],[-90.078285,36.349384],[-90.075759,36.349784],[-90.074095,36.351626],[-90.074147,36.353019],[-90.071843,36.35399],[-90.07087,36.356375],[-90.068209,36.356466],[-90.068664,36.357533],[-90.066221,36.359117],[-90.066513,36.361423],[-90.066326,36.365255],[-90.063919,36.367193],[-90.065042,36.36855],[-90.062877,36.377406],[-90.066887,36.378138],[-90.063099,36.383915],[-90.068601,36.385649],[-90.066158,36.387623],[-90.068294,36.38892],[-90.0707,36.393317],[-90.073704,36.392486],[-90.078391,36.395983],[-90.078417,36.398618],[-90.082525,36.401269],[-90.083738,36.400541],[-90.087173,36.401963],[-90.093863,36.403665],[-90.096505,36.403257],[-90.098225,36.404073],[-90.101138,36.401873],[-90.104209,36.405421],[-90.10868,36.403717],[-90.110851,36.404503],[-90.110598,36.40762],[-90.115224,36.405716],[-90.116165,36.406225],[-90.113813,36.407624],[-90.113903,36.409736],[-90.115459,36.407799],[-90.118971,36.409576],[-90.118428,36.41211],[-90.119224,36.412503],[-90.121685,36.410697],[-90.125715,36.41094],[-90.128954,36.411318],[-90.1289,36.412163],[-90.126403,36.416024],[-90.127688,36.41684],[-90.129335,36.416679],[-90.130801,36.415107],[-90.13634,36.413224],[-90.138674,36.413574],[-90.138928,36.414695],[-90.136322,36.415176],[-90.135,36.417302],[-90.135667,36.419185],[-90.135124,36.421151],[-90.134183,36.422098],[-90.134382,36.423117],[-90.135649,36.423219],[-90.13764,36.421224],[-90.140156,36.421588],[-90.141745,36.423045],[-90.143591,36.423963],[-90.144423,36.425288],[-90.143352,36.43094],[-90.141364,36.43148],[-90.139416,36.431161],[-90.137817,36.431567],[-90.137756,36.433576],[-90.139343,36.435124],[-90.136379,36.435171],[-90.134792,36.435548],[-90.134181,36.437704],[-90.134572,36.440375],[-90.136207,36.442039],[-90.13588,36.444031],[-90.136457,36.446024],[-90.136172,36.447693],[-90.137302,36.450585],[-90.133698,36.453677],[-90.136753,36.454925],[-90.13967,36.45695],[-90.141329,36.459039],[-90.141804,36.460721],[-90.140324,36.464067],[-90.140952,36.466673],[-90.14225,36.467021],[-90.143044,36.468094],[-90.144403,36.467853],[-90.144619,36.466479],[-90.14403,36.464748],[-90.144295,36.463181],[-90.145925,36.462762],[-90.148269,36.463352],[-90.149688,36.46516],[-90.150835,36.465391],[-90.153733,36.46365],[-90.155321,36.463505],[-90.155802,36.466513],[-90.153326,36.468663],[-90.153189,36.470968],[-90.151983,36.470228],[-90.14951,36.470518],[-90.147728,36.469071],[-90.145242,36.469171],[-90.142458,36.47053],[-90.142557,36.472509],[-90.143226,36.473453],[-90.143139,36.475742],[-90.145675,36.476391],[-90.148271,36.47614],[-90.155058,36.478478],[-90.156928,36.478673],[-90.159501,36.479643],[-90.159713,36.481222],[-90.157404,36.484384],[-90.160151,36.485973],[-90.160102,36.487579],[-90.156535,36.487549],[-90.156526,36.490507],[-90.159795,36.492975],[-90.159782,36.494434],[-90.1553,36.492427],[-90.152988,36.493586],[-90.154468,36.496764],[-90.152315,36.497981],[-93.583661,36.499157],[-93.608181,36.454202],[-93.612332,36.416393],[-93.650788,36.41766],[-93.65747,36.376554],[-93.646577,36.348239],[-93.672506,36.317226],[-93.660785,36.278788],[-93.637364,36.281487],[-93.624811,36.254504],[-93.643211,36.221439],[-93.655758,36.185661],[-93.645312,36.092307],[-93.596836,36.094647],[-93.570056,36.088896],[-93.557525,36.093967],[-93.54042,36.08534],[-93.509945,36.088177],[-93.468322,36.021925],[-93.448073,36.016954],[-93.423382,35.999273],[-93.404086,35.970458],[-93.41849,35.850121],[-93.45659,35.822379],[-93.467626,35.767987],[-93.449895,35.754416],[-93.420816,35.733784],[-93.406786,35.73119],[-93.16174,35.732356],[-93.162591,35.707724],[-93.096154,35.721135],[-93.096149,35.666672],[-93.064521,35.655374],[-92.959677,35.662471],[-92.950903,35.673201],[-92.950826,35.723267],[-92.780767,35.723318],[-92.77091,35.737461],[-92.755464,35.738076],[-92.745166,35.747868],[-92.737192,35.752909],[-92.734928,35.759245],[-92.729902,35.763808],[-92.72085,35.767619],[-92.70907,35.773718],[-92.686094,35.77923],[-92.662963,35.770496],[-92.655631,35.780816],[-92.660418,35.793341],[-92.60031,35.789489],[-92.493005,35.789497],[-92.345337,35.770915],[-92.328715,35.715737],[-92.113109,35.712146],[-92.107234,35.679763],[-92.070297,35.656536],[-92.043158,35.619742],[-92.021924,35.614306],[-91.992307,35.616725],[-91.971843,35.627285],[-91.947348,35.633874],[-91.93522,35.639245],[-91.924347,35.654479],[-91.908624,35.674213],[-91.855408,35.662459],[-91.833371,35.568136],[-91.797872,35.567707],[-91.797351,35.664119],[-91.663056,35.654013],[-91.606868,35.612496],[-91.579895,35.530723],[-91.379694,35.528463],[-91.376201,35.638742],[-91.357861,35.642022],[-91.345475,35.636334],[-91.335507,35.639617],[-91.325549,35.636772],[-91.313427,35.639398],[-91.314778,35.622766],[-91.294311,35.623422],[-91.286237,35.630863],[-91.287043,35.607444],[-91.306697,35.609852],[-91.321243,35.585772],[-91.290547,35.56869],[-91.310587,35.532493],[-91.335361,35.539066],[-91.340199,35.523948],[-91.330781,35.501818],[-91.350974,35.48582],[-91.364972,35.502258],[-91.373849,35.488223],[-91.370793,35.478924],[-91.340064,35.461145],[-91.326861,35.460487],[-91.336029,35.447974],[-91.354898,35.456756],[-91.346266,35.43919],[-91.357662,35.406407],[-91.399703,35.39261],[-91.439701,35.34535],[-91.42753,35.291688],[-91.376798,35.26324],[-91.383445,35.190802],[-91.461355,35.166103],[-91.428198,35.107109],[-91.465306,35.096032],[-91.44976,35.068126],[-91.478345,35.066895],[-91.474333,35.05417],[-91.320491,35.053106],[-91.33912,35.006684],[-91.36663,35.007372],[-91.369005,34.891877],[-91.361378,34.88047],[-91.350032,34.874838],[-91.343739,34.876637],[-91.348983,34.868345],[-91.365001,34.868502],[-91.36052,34.844952],[-91.373332,34.842652],[-91.376863,34.831304],[-91.386541,34.82896],[-91.399891,34.822698],[-91.404659,34.819254],[-91.415149,34.815025],[-91.425926,34.808996],[-91.427642,34.812442],[-91.426881,34.838902],[-91.429933,34.845948],[-91.456944,34.840292],[-91.655211,34.944477],[-91.806078,34.880164],[-91.809802,34.645031],[-91.755044,34.643673],[-91.738614,34.613382],[-91.739231,34.601176],[-91.71266,34.582101],[-91.686399,34.574469],[-91.659211,34.577013],[-91.633258,34.563275],[-91.634377,34.546858],[-91.676704,34.512751],[-91.680721,34.493302],[-91.679042,34.483956],[-91.948679,34.488402],[-91.948757,34.459011],[-91.970219,34.458993],[-91.970843,34.414797],[-92.015942,34.416844],[-92.057844,34.403094],[-92.03797,34.402528],[-92.038445,34.391176],[-92.070635,34.392022],[-92.071053,34.369571],[-92.085148,34.371834],[-92.085182,34.377078],[-92.098257,34.377621],[-92.098291,34.381145],[-92.139562,34.381998],[-92.139737,34.348182],[-92.140744,34.346004],[-92.210106,34.347273],[-92.208318,34.49326],[-92.403527,34.495799],[-92.402632,34.451646],[-92.45095,34.452838],[-92.575965,34.405563],[-92.571188,34.39222],[-92.587934,34.344693],[-92.586986,34.319087],[-92.635721,34.292083],[-92.646482,34.298598],[-92.672038,34.29508],[-92.672533,34.236135],[-92.672549,34.149834],[-93.025279,34.160225],[-93.041714,34.159718],[-93.043551,34.180183],[-93.035779,34.195837],[-93.025656,34.201608],[-93.034424,34.236776],[-93.089429,34.236853],[-93.089881,34.2456],[-93.198244,34.247901],[-93.197686,34.277494],[-93.357479,34.277461],[-93.356274,34.340651],[-93.408164,34.341251],[-93.405543,34.734833],[-93.734339,34.734598],[-93.941104,34.692056],[-93.943517,34.434116],[-94.049037,34.440457],[-94.121924,34.450169],[-94.136641,34.468229],[-94.24989,34.505844],[-94.34267,34.511493],[-94.356667,34.504043],[-94.429263,34.504837],[-94.439997,34.513071],[-94.461094,34.509763],[-94.485898,33.638002],[-94.457509,33.638305],[-94.443005,33.59219],[-94.408728,33.569856],[-94.375324,33.584502],[-94.392477,33.549352],[-94.355116,33.546262],[-94.337588,33.571147],[-94.314217,33.55005],[-94.281109,33.557624],[-94.24345,33.591698],[-94.251246,33.55546],[-94.223327,33.555458],[-94.211016,33.584359],[-94.157126,33.590644],[-94.15676,33.559211],[-94.126937,33.570588],[-94.09424,33.571187],[-94.068383,33.58406],[-94.061188,33.566398],[-94.043429,33.551634],[-94.043015,33.019266],[-91.166036,33.004371],[-91.166073,33.004106]]]},"properties":{"code":"[327,870]"}},{"type":"Feature","geometry":{"type":"Polygon","coordinates":[[[-91.636942,30.999416],[-91.625118,31.005374],[-91.60649,31.011216],[-91.590463,31.01727],[-91.578413,31.02403],[-91.571695,31.029782],[-91.564397,31.038965],[-91.561232,31.046225],[-91.560365,31.049508],[-91.559907,31.054119],[-91.561283,31.060906],[-91.56415,31.06683],[-91.567648,31.070186],[-91.594693,31.091444],[-91.609523,31.101557],[-91.614763,31.104357],[-91.61857,31.107328],[-91.621535,31.110257],[-91.625994,31.116896],[-91.626476,31.119125],[-91.625707,31.128763],[-91.625118,31.131879],[-91.624217,31.133729],[-91.621671,31.13687],[-91.604197,31.154545],[-91.599732,31.159592],[-91.597062,31.163492],[-91.591502,31.173118],[-91.589046,31.178586],[-91.588695,31.181025],[-91.588939,31.188959],[-91.589451,31.19114],[-91.590051,31.193693],[-91.595029,31.201969],[-91.601616,31.208573],[-91.625119,31.226071],[-91.644356,31.234414],[-91.652019,31.242691],[-91.654907,31.250175],[-91.655009,31.251815],[-91.654027,31.255753],[-91.651369,31.259528],[-91.648669,31.262238],[-91.641253,31.266917],[-91.637672,31.26768],[-91.621358,31.267811],[-91.606672,31.2659],[-91.587749,31.262563],[-91.574493,31.261289],[-91.564192,31.261633],[-91.553905,31.26305],[-91.537734,31.267369],[-91.518578,31.275283],[-91.515614,31.27821],[-91.512085,31.284177],[-91.508858,31.291644],[-91.508296,31.295829],[-91.507977,31.312943],[-91.50866,31.315131],[-91.510049,31.316822],[-91.518509,31.323332],[-91.531657,31.331801],[-91.533206,31.333225],[-91.536061,31.338355],[-91.545617,31.343762],[-91.548967,31.347255],[-91.548894,31.353998],[-91.550869,31.360574],[-91.551002,31.363645],[-91.549915,31.376315],[-91.546607,31.381198],[-91.546207,31.38248],[-91.552432,31.385658],[-91.55568,31.386413],[-91.560524,31.384559],[-91.562555,31.383219],[-91.568953,31.377629],[-91.571234,31.384664],[-91.573931,31.390886],[-91.578334,31.399067],[-91.578246,31.403859],[-91.576265,31.410498],[-91.570092,31.419487],[-91.565179,31.423447],[-91.554805,31.42857],[-91.55275,31.430692],[-91.548465,31.432668],[-91.545013,31.433026],[-91.541626,31.431706],[-91.540647,31.430758],[-91.537137,31.424161],[-91.537002,31.423184],[-91.539504,31.41791],[-91.539458,31.414021],[-91.532336,31.390275],[-91.52695,31.380855],[-91.521836,31.37517],[-91.515978,31.370286],[-91.508075,31.366276],[-91.504163,31.36495],[-91.47887,31.364955],[-91.472465,31.371326],[-91.471098,31.376917],[-91.471992,31.382143],[-91.472149,31.391434],[-91.472065,31.395925],[-91.476926,31.397796],[-91.48023,31.404391],[-91.49004,31.412716],[-91.500046,31.42052],[-91.506423,31.43146],[-91.510356,31.438928],[-91.513366,31.444396],[-91.51513,31.449206],[-91.516999,31.460574],[-91.518148,31.483483],[-91.51714,31.498394],[-91.515157,31.50338],[-91.514917,31.510113],[-91.516759,31.511772],[-91.520579,31.513207],[-91.522862,31.517493],[-91.52292,31.519841],[-91.522536,31.522078],[-91.521445,31.523912],[-91.51581,31.530894],[-91.513963,31.532084],[-91.511217,31.532612],[-91.506719,31.532966],[-91.500118,31.532616],[-91.489618,31.534266],[-91.483918,31.532566],[-91.481318,31.530666],[-91.479718,31.530366],[-91.450017,31.539666],[-91.443916,31.542466],[-91.437616,31.546166],[-91.426416,31.554566],[-91.414915,31.562166],[-91.407915,31.569366],[-91.406615,31.571966],[-91.405415,31.576466],[-91.403915,31.589766],[-91.413015,31.595365],[-91.417115,31.596265],[-91.422716,31.597065],[-91.430716,31.596465],[-91.436316,31.594965],[-91.457517,31.587566],[-91.466317,31.586066],[-91.479418,31.585466],[-91.485218,31.586166],[-91.488618,31.587466],[-91.494118,31.590165],[-91.502783,31.595727],[-91.51301,31.606885],[-91.516567,31.611818],[-91.517233,31.61346],[-91.517921,31.618642],[-91.516659,31.627332],[-91.515462,31.630372],[-91.512336,31.634722],[-91.50731,31.639068],[-91.499278,31.644658],[-91.497665,31.645371],[-91.494478,31.645013],[-91.492748,31.644279],[-91.490027,31.641],[-91.487518,31.637065],[-91.482618,31.631565],[-91.479818,31.628965],[-91.474318,31.625365],[-91.463817,31.620365],[-91.436716,31.612665],[-91.429616,31.611365],[-91.421116,31.611565],[-91.416498,31.613133],[-91.401015,31.620365],[-91.398315,31.626265],[-91.396115,31.639265],[-91.395715,31.644165],[-91.398015,31.662665],[-91.400115,31.688164],[-91.400015,31.697864],[-91.397915,31.709364],[-91.397115,31.711364],[-91.380915,31.732464],[-91.380239,31.733242],[-91.371804,31.742948],[-91.365034,31.748184],[-91.356394,31.749106],[-91.338663,31.750005],[-91.319816,31.749989],[-91.317861,31.749792],[-91.310734,31.749071],[-91.291723,31.74526],[-91.275545,31.745515],[-91.263406,31.754468],[-91.259611,31.76129],[-91.263043,31.766995],[-91.273874,31.771178],[-91.286045,31.772062],[-91.301315,31.766748],[-91.325973,31.76151],[-91.355214,31.758063],[-91.365529,31.761628],[-91.363714,31.780363],[-91.359514,31.799362],[-91.345714,31.842861],[-91.343014,31.846861],[-91.338414,31.851261],[-91.333814,31.853261],[-91.326914,31.854961],[-91.294713,31.86046],[-91.293413,31.86016],[-91.289312,31.846861],[-91.290135,31.833658],[-91.289412,31.828661],[-91.287812,31.824161],[-91.284912,31.818362],[-91.282212,31.814762],[-91.280212,31.813162],[-91.276712,31.811362],[-91.269212,31.809162],[-91.262011,31.809362],[-91.255611,31.812662],[-91.250111,31.817762],[-91.247367,31.822323],[-91.245047,31.831447],[-91.245624,31.833165],[-91.261144,31.846119],[-91.266612,31.851161],[-91.268112,31.853061],[-91.268812,31.855161],[-91.269012,31.858661],[-91.267712,31.86266],[-91.266512,31.86426],[-91.264412,31.86546],[-91.248144,31.869848],[-91.234899,31.876863],[-91.226951,31.885105],[-91.20881,31.900459],[-91.20511,31.904159],[-91.20281,31.907959],[-91.20101,31.909159],[-91.19751,31.908659],[-91.19381,31.909559],[-91.19261,31.910159],[-91.19081,31.912959],[-91.18921,31.914259],[-91.18321,31.916159],[-91.18061,31.917959],[-91.18111,31.920059],[-91.18491,31.923759],[-91.18371,31.933158],[-91.18471,31.935058],[-91.19111,31.934158],[-91.19291,31.934958],[-91.19321,31.935658],[-91.18951,31.946358],[-91.18881,31.953158],[-91.18911,31.957458],[-91.18831,31.960958],[-91.18481,31.965557],[-91.17741,31.973257],[-91.17021,31.979057],[-91.16441,31.982557],[-91.117409,31.987057],[-91.104108,31.990357],[-91.096108,31.994857],[-91.090105,32.000157],[-91.075908,32.016828],[-91.079928,32.018316],[-91.080808,32.023456],[-91.082608,32.028656],[-91.084408,32.031456],[-91.088108,32.034455],[-91.095508,32.037455],[-91.125109,32.042855],[-91.14511,32.046555],[-91.15141,32.049255],[-91.15631,32.052655],[-91.15901,32.055955],[-91.16131,32.059755],[-91.16201,32.062355],[-91.16201,32.065354],[-91.16161,32.067754],[-91.16031,32.070354],[-91.15581,32.075554],[-91.14881,32.080154],[-91.14511,32.081354],[-91.139309,32.081754],[-91.134909,32.080354],[-91.128609,32.076554],[-91.124109,32.071854],[-91.114309,32.058255],[-91.103708,32.050255],[-91.098708,32.048355],[-91.082308,32.047555],[-91.080208,32.048355],[-91.079108,32.050255],[-91.081708,32.075754],[-91.081508,32.077754],[-91.080008,32.079154],[-91.066679,32.08533],[-91.038607,32.098254],[-91.034707,32.101053],[-91.030507,32.108153],[-91.030706,32.114337],[-91.030907,32.120552],[-91.030799,32.120566],[-91.027007,32.121053],[-91.020006,32.123553],[-91.017606,32.125153],[-91.011806,32.131153],[-91.006406,32.139952],[-91.005006,32.142852],[-91.004106,32.146152],[-91.00619,32.156957],[-91.016606,32.160852],[-91.025007,32.162552],[-91.031907,32.167851],[-91.041807,32.174551],[-91.050207,32.178451],[-91.057647,32.177354],[-91.058907,32.171251],[-91.055707,32.163752],[-91.049707,32.157352],[-91.048507,32.150152],[-91.050207,32.145252],[-91.051207,32.144152],[-91.053175,32.124237],[-91.061555,32.126907],[-91.069081,32.131478],[-91.077043,32.133493],[-91.08163,32.133992],[-91.091656,32.133604],[-91.101181,32.131136],[-91.103696,32.130007],[-91.111294,32.125036],[-91.113866,32.125731],[-91.131403,32.126213],[-91.136566,32.127371],[-91.1444,32.13039],[-91.155043,32.132243],[-91.162822,32.132694],[-91.165452,32.13429],[-91.171702,32.14425],[-91.173495,32.149009],[-91.174552,32.154978],[-91.173664,32.164231],[-91.171046,32.176526],[-91.168073,32.186635],[-91.164171,32.196888],[-91.162062,32.199035],[-91.158026,32.201956],[-91.133587,32.213432],[-91.130197,32.213666],[-91.128495,32.213169],[-91.124043,32.211104],[-91.11727,32.206668],[-91.114084,32.206697],[-91.113009,32.20655],[-91.108509,32.20815],[-91.100409,32.21785],[-91.092108,32.22385],[-91.083708,32.22645],[-91.075108,32.22705],[-91.071108,32.22605],[-91.061408,32.21865],[-91.055107,32.22475],[-91.053107,32.22795],[-91.051807,32.234449],[-91.050307,32.237949],[-91.046507,32.241149],[-91.039007,32.242349],[-91.034307,32.241549],[-91.026607,32.238749],[-91.021507,32.236149],[-91.009606,32.22615],[-91.006106,32.22405],[-91.004769,32.22105],[-91.002469,32.215812],[-91.001192,32.215173],[-90.999531,32.214662],[-90.997359,32.213896],[-90.994293,32.213768],[-90.991227,32.214662],[-90.988672,32.215812],[-90.985989,32.217856],[-90.983434,32.221305],[-90.983263,32.226201],[-90.983135,32.231371],[-90.98029,32.243601],[-90.976139,32.248092],[-90.970016,32.25168],[-90.969403,32.25252],[-90.971344,32.257742],[-90.979663,32.265252],[-90.981028,32.266733],[-90.982985,32.270294],[-90.984077,32.279954],[-90.980747,32.29141],[-90.979475,32.293702],[-90.976199,32.29645],[-90.974602,32.297122],[-90.971643,32.297497],[-90.964149,32.296872],[-90.963079,32.296285],[-90.961171,32.293288],[-90.955405,32.286241],[-90.953008,32.284043],[-90.951351,32.283199],[-90.947834,32.283486],[-90.933991,32.290343],[-90.922231,32.298639],[-90.916157,32.303582],[-90.905173,32.315497],[-90.902558,32.319587],[-90.90124,32.323386],[-90.90072,32.330379],[-90.882161,32.357552],[-90.875631,32.372434],[-90.878289,32.374548],[-90.888947,32.373246],[-90.89206,32.370579],[-90.897762,32.35436],[-90.907756,32.343611],[-90.912363,32.339454],[-90.92117,32.342073],[-90.934897,32.344967],[-90.942981,32.345956],[-90.954583,32.345859],[-90.986672,32.35176],[-90.993625,32.354047],[-91.000106,32.357695],[-91.003506,32.362145],[-91.004506,32.364744],[-91.004506,32.368144],[-91.000606,32.381644],[-90.996237,32.388061],[-90.994686,32.392277],[-90.99378,32.396778],[-90.99408,32.403862],[-90.980723,32.408243],[-90.974461,32.412001],[-90.971141,32.414636],[-90.967767,32.418279],[-90.966255,32.421027],[-90.965986,32.424806],[-90.966457,32.433868],[-90.966869,32.435499],[-90.96856,32.438084],[-90.96959,32.43949],[-90.978547,32.447032],[-90.983423,32.449077],[-90.993863,32.45085],[-90.998974,32.450165],[-91.004806,32.445741],[-91.016506,32.440342],[-91.026306,32.434442],[-91.029606,32.433542],[-91.052907,32.438442],[-91.070207,32.445141],[-91.081807,32.450441],[-91.095308,32.458741],[-91.108808,32.47204],[-91.112108,32.47614],[-91.116008,32.48314],[-91.117308,32.495039],[-91.116708,32.500139],[-91.106985,32.514934],[-91.101304,32.525599],[-91.098756,32.532968],[-91.097949,32.537214],[-91.097878,32.544752],[-91.093741,32.549128],[-91.074817,32.533467],[-91.070467,32.528171],[-91.060516,32.512361],[-91.050907,32.500139],[-91.045807,32.495539],[-91.038106,32.49044],[-91.033906,32.48854],[-91.024106,32.48524],[-91.017106,32.48374],[-91.004206,32.48214],[-90.999223,32.482615],[-90.996388,32.483925],[-90.990703,32.487749],[-90.988278,32.49119],[-90.987831,32.49419],[-90.988174,32.496796],[-90.989826,32.500139],[-90.994481,32.506331],[-91.005468,32.513842],[-91.011275,32.516596],[-91.051168,32.53089],[-91.061685,32.536448],[-91.075373,32.546718],[-91.080398,32.556442],[-91.069786,32.562793],[-91.069354,32.563052],[-91.049312,32.573624],[-91.043451,32.57627],[-91.03617,32.579556],[-91.030991,32.583347],[-91.022943,32.591848],[-91.016231,32.596953],[-91.013723,32.598419],[-91.010228,32.601927],[-91.004599,32.60978],[-91.002997,32.614678],[-91.002962,32.622555],[-91.0035,32.624845],[-91.00682,32.631261],[-91.014286,32.640482],[-91.019115,32.643845],[-91.025769,32.646573],[-91.030181,32.644052],[-91.038415,32.636443],[-91.040401,32.632521],[-91.041448,32.625135],[-91.043263,32.620779],[-91.0489,32.613556],[-91.049796,32.607188],[-91.061354,32.605372],[-91.079506,32.60068],[-91.087784,32.59707],[-91.105704,32.590879],[-91.112764,32.590186],[-91.118641,32.585139],[-91.119854,32.584795],[-91.125108,32.585187],[-91.127912,32.586493],[-91.13528,32.591651],[-91.141148,32.597209],[-91.144074,32.600613],[-91.146204,32.604144],[-91.151318,32.615919],[-91.153556,32.626181],[-91.153821,32.631282],[-91.153744,32.635228],[-91.152699,32.640757],[-91.152081,32.641508],[-91.149753,32.644041],[-91.144347,32.648029],[-91.142038,32.649265],[-91.138712,32.649774],[-91.137638,32.650621],[-91.130928,32.65887],[-91.127723,32.665343],[-91.118258,32.674075],[-91.104443,32.682434],[-91.098762,32.685291],[-91.081145,32.691127],[-91.076061,32.693751],[-91.063946,32.702926],[-91.057043,32.712576],[-91.054749,32.719229],[-91.054481,32.722259],[-91.056999,32.72558],[-91.060766,32.727494],[-91.077176,32.732534],[-91.090573,32.7361],[-91.113652,32.73997],[-91.123152,32.742798],[-91.131691,32.743107],[-91.150244,32.741786],[-91.154461,32.742339],[-91.15861,32.743449],[-91.163389,32.747009],[-91.165328,32.751301],[-91.165814,32.757842],[-91.164968,32.761984],[-91.157614,32.776033],[-91.156918,32.780343],[-91.158583,32.781096],[-91.164397,32.785821],[-91.161412,32.800004],[-91.161669,32.812465],[-91.158336,32.822304],[-91.157155,32.823823],[-91.152174,32.826673],[-91.149704,32.83122],[-91.145002,32.84287],[-91.143559,32.844739],[-91.13789,32.848975],[-91.127886,32.855059],[-91.124725,32.854861],[-91.116091,32.855641],[-91.105631,32.858396],[-91.086683,32.873392],[-91.070602,32.888659],[-91.068186,32.891929],[-91.064449,32.901064],[-91.063809,32.903709],[-91.063684,32.906364],[-91.064854,32.91652],[-91.063875,32.922692],[-91.064804,32.926464],[-91.070547,32.936036],[-91.072075,32.937832],[-91.080431,32.943206],[-91.081913,32.944768],[-91.083084,32.947909],[-91.081892,32.949435],[-91.080507,32.950123],[-91.078904,32.951818],[-91.080355,32.962794],[-91.086802,32.976266],[-91.090887,32.981174],[-91.094265,32.984371],[-91.09693,32.986412],[-91.106581,32.988938],[-91.111757,32.988361],[-91.125107,32.984669],[-91.134414,32.980533],[-91.135517,32.979657],[-91.138585,32.971352],[-91.137524,32.96955],[-91.13305,32.966541],[-91.130947,32.963815],[-91.130721,32.962257],[-91.131243,32.960928],[-91.133335,32.959056],[-91.136628,32.957349],[-91.137167,32.95652],[-91.137863,32.952756],[-91.135507,32.946164],[-91.131289,32.930049],[-91.131304,32.926919],[-91.132115,32.923122],[-91.134041,32.917676],[-91.145076,32.905494],[-91.15169,32.901935],[-91.159975,32.899879],[-91.170235,32.899391],[-91.175405,32.899998],[-91.181631,32.901446],[-91.196785,32.906784],[-91.199775,32.908512],[-91.208263,32.915354],[-91.211597,32.919624],[-91.212837,32.922104],[-91.213972,32.927198],[-91.214027,32.93032],[-91.21282,32.936076],[-91.210705,32.939845],[-91.20744,32.944393],[-91.199415,32.952314],[-91.20119,32.954982],[-91.20203,32.957332],[-91.201842,32.961212],[-91.199646,32.963561],[-91.197433,32.96482],[-91.186983,32.976194],[-91.182158,32.978639],[-91.173308,32.986088],[-91.168973,32.992132],[-91.166195,33.002238],[-91.166073,33.004106],[-91.166119,33.004279],[-94.043015,33.019263],[-94.042966,33.019005],[-94.042701,31.999247],[-94.041695,31.998902],[-94.0414,31.998219],[-94.041045,31.996079],[-94.041521,31.994779],[-94.042396,31.993949],[-94.041963,31.993008],[-94.040257,31.992502],[-94.038802,31.992267],[-94.035214,31.993831],[-94.033839,31.99515],[-94.032895,31.995341],[-94.031119,31.994643],[-94.030292,31.995279],[-94.02972,31.996043],[-94.028386,31.996264],[-94.027225,31.995154],[-94.02622,31.9937],[-94.025094,31.991745],[-94.023448,31.990518],[-94.021739,31.990239],[-94.020284,31.991716],[-94.019011,31.992671],[-94.017858,31.992194],[-94.018768,31.990474],[-94.018837,31.989512],[-94.017945,31.987667],[-94.017078,31.986161],[-94.016948,31.984846],[-94.016567,31.982311],[-94.016484,31.980446],[-94.015687,31.979469],[-94.012687,31.978282],[-94.010226,31.976467],[-94.007718,31.9744],[-94.006739,31.973337],[-94.00093,31.961643],[-93.997204,31.956719],[-93.995225,31.953323],[-93.989702,31.948788],[-93.987785,31.943727],[-93.985983,31.941929],[-93.982377,31.939669],[-93.98019,31.933953],[-93.978478,31.92903],[-93.977117,31.925412],[-93.9747,31.922908],[-93.970784,31.919888],[-93.968786,31.920214],[-93.96469,31.923326],[-93.96278,31.924187],[-93.95952,31.923123],[-93.95732,31.918841],[-93.956042,31.917005],[-93.955785,31.913096],[-93.955307,31.912092],[-93.953647,31.910582],[-93.94988,31.910864],[-93.942619,31.910347],[-93.937471,31.909209],[-93.934724,31.910181],[-93.932646,31.910515],[-93.930229,31.912372],[-93.928235,31.91223],[-93.926658,31.909838],[-93.921546,31.90445],[-93.922442,31.903484],[-93.925034,31.902744],[-93.926486,31.900289],[-93.927788,31.897694],[-93.930399,31.894978],[-93.932549,31.893315],[-93.931044,31.891389],[-93.925725,31.894705],[-93.924531,31.892931],[-93.927478,31.891116],[-93.925846,31.88808],[-93.923314,31.886508],[-93.921218,31.885868],[-93.91961,31.8867],[-93.920812,31.889792],[-93.919518,31.890938],[-93.917225,31.889698],[-93.91606,31.890546],[-93.916171,31.892838],[-93.912437,31.892508],[-93.912936,31.890028],[-93.910329,31.892068],[-93.906429,31.892515],[-93.907131,31.890113],[-93.905726,31.890066],[-93.903027,31.894006],[-93.903933,31.895654],[-93.90116,31.897302],[-93.898424,31.894022],[-93.897204,31.890977],[-93.896416,31.885269],[-93.898855,31.883674],[-93.902207,31.879744],[-93.901834,31.874865],[-93.898695,31.873826],[-93.897046,31.876085],[-93.891779,31.875497],[-93.893641,31.872335],[-93.881433,31.868659],[-93.881479,31.865181],[-93.889716,31.855577],[-93.883062,31.854747],[-93.870124,31.814195],[-93.836862,31.797556],[-93.823698,31.774436],[-93.813555,31.70663],[-93.756599,31.528239],[-93.697338,31.413831],[-93.672489,31.392862],[-93.669106,31.337649],[-93.686325,31.304116],[-93.619976,31.266411],[-93.600402,31.17903],[-93.588746,31.165569],[-93.577566,31.167974],[-93.55217,31.185487],[-93.555254,31.187203],[-93.555003,31.188437],[-93.551053,31.189938],[-93.551553,31.192404],[-93.549616,31.194979],[-93.550555,31.196533],[-93.549636,31.198071],[-93.547106,31.197581],[-93.546581,31.20142],[-93.544193,31.202767],[-93.547392,31.208076],[-93.549438,31.210239],[-93.54853,31.212567],[-93.551825,31.215262],[-93.54853,31.216446],[-93.550202,31.21955],[-93.547671,31.221796],[-93.545857,31.221551],[-93.544183,31.223307],[-93.544994,31.225756],[-93.541318,31.227022],[-93.545233,31.229921],[-93.550437,31.227512],[-93.54998,31.229813],[-93.55106,31.231022],[-93.551531,31.233842],[-93.553527,31.233723],[-93.551753,31.235879],[-93.552113,31.23832],[-93.554996,31.237538],[-93.554247,31.238652],[-93.554938,31.240024],[-93.556406,31.240403],[-93.555409,31.242038],[-93.554633,31.240806],[-93.553219,31.240616],[-93.552,31.241327],[-93.550947,31.240948],[-93.548924,31.241849],[-93.547815,31.241493],[-93.547317,31.242536],[-93.54388,31.243389],[-93.544314,31.247725],[-93.54279,31.247346],[-93.541321,31.248056],[-93.542347,31.249099],[-93.535604,31.253145],[-93.537183,31.254473],[-93.537767,31.256499],[-93.539408,31.256967],[-93.538642,31.258214],[-93.538387,31.259773],[-93.536709,31.259274],[-93.536308,31.260583],[-93.534667,31.260365],[-93.535471,31.261978],[-93.535362,31.264815],[-93.535909,31.267559],[-93.537222,31.268805],[-93.534633,31.270395],[-93.534815,31.271847],[-93.536347,31.273],[-93.534377,31.275057],[-93.535216,31.276616],[-93.417018,31.282519],[-93.392519,31.26821],[-93.390114,31.289519],[-93.385226,31.300182],[-93.387178,31.307859],[-93.354844,31.364097],[-93.049592,31.364321],[-92.828966,31.249588],[-92.829362,31.194716],[-92.85922,31.211051],[-92.86001,31.207373],[-92.859726,31.202976],[-92.879972,31.18177],[-92.882681,31.181516],[-92.884516,31.179527],[-92.90385,31.173457],[-92.905635,31.169953],[-92.914483,31.163036],[-92.918646,31.158062],[-92.931069,31.149271],[-92.933187,31.148638],[-92.936499,31.146021],[-92.942193,31.145238],[-92.946169,31.143774],[-92.951607,31.144296],[-92.956682,31.142936],[-92.963467,31.144452],[-92.969643,31.148219],[-92.974961,31.148638],[-92.975329,31.144779],[-92.977961,31.138703],[-92.990006,31.096055],[-92.977305,31.040023],[-92.996077,31.048799],[-93.001116,31.044008],[-93.003056,31.039414],[-93.00988,31.038031],[-93.014616,31.034557],[-93.024233,31.037815],[-93.028262,31.042197],[-93.035726,31.041442],[-93.042084,31.036531],[-93.04193,31.033678],[-93.047038,31.031286],[-93.045099,31.022651],[-93.069422,31.020473],[-93.071901,31.017828],[-93.07492,31.017761],[-93.078407,31.01517],[-93.077466,31.012553],[-93.080893,31.009462],[-93.075396,31.002724],[-93.063898,30.993972],[-93.059936,30.986269],[-93.057335,30.983887],[-93.053958,30.968555],[-93.065615,30.879022],[-92.975858,30.879279],[-92.97644,30.826432],[-92.971184,30.825272],[-92.959498,30.824688],[-92.932511,30.812807],[-92.91359,30.820066],[-92.877259,30.704621],[-92.883679,30.694711],[-92.883378,30.692356],[-92.87248,30.684834],[-92.882145,30.676639],[-92.881975,30.643088],[-92.826277,30.643872],[-92.833876,30.651016],[-92.764184,30.713684],[-92.763822,30.715786],[-92.762313,30.7155],[-92.759808,30.717161],[-92.759808,30.71371],[-92.760079,30.712749],[-92.753569,30.705266],[-92.74507,30.703093],[-92.722099,30.702876],[-92.723933,30.699069],[-92.722334,30.698627],[-92.718501,30.69951],[-92.696334,30.699347],[-92.688437,30.694186],[-92.688411,30.699256],[-92.619728,30.699102],[-92.617716,30.698387],[-92.612382,30.698387],[-92.610983,30.696733],[-92.608534,30.696395],[-92.609715,30.694327],[-92.611158,30.692296],[-92.613125,30.691244],[-92.608184,30.688198],[-92.601744,30.688289],[-92.599757,30.895296],[-92.525637,30.895383],[-92.500403,30.898518],[-92.483082,30.910772],[-92.479423,30.92453],[-92.483283,30.951091],[-92.464382,30.95725],[-92.443759,30.964597],[-92.417903,30.985],[-92.40005,30.995776],[-92.391951,30.998362],[-92.388237,31.001496],[-92.384316,31.000094],[-92.382844,31.001706],[-92.380147,31.000305],[-92.382027,30.996592],[-92.394872,30.991552],[-92.397928,30.965984],[-92.394774,30.954717],[-92.401416,30.945925],[-92.395103,30.942547],[-92.387359,30.934667],[-92.351199,30.934617],[-92.343509,30.926353],[-92.344268,30.923934],[-92.336948,30.919748],[-92.340852,30.915607],[-92.352392,30.839118],[-92.348351,30.838959],[-92.344218,30.840772],[-92.338151,30.841244],[-92.329526,30.832731],[-92.322436,30.829334],[-92.322525,30.821333],[-92.317951,30.815624],[-92.316243,30.806352],[-92.3124,30.802475],[-92.309254,30.802781],[-92.306387,30.802571],[-92.304313,30.801523],[-92.30291,30.799218],[-92.295161,30.798379],[-92.294002,30.796283],[-92.28778,30.791042],[-92.288083,30.786286],[-92.28172,30.780345],[-92.282061,30.77764],[-92.282026,30.766233],[-92.284072,30.762229],[-92.282566,30.758934],[-92.27883,30.757335],[-92.275917,30.757439],[-92.272358,30.756257],[-92.269486,30.754394],[-92.266654,30.75349],[-92.264389,30.753559],[-92.263216,30.752934],[-92.262407,30.751717],[-92.258241,30.748866],[-92.255454,30.749681],[-92.254031,30.751116],[-92.252033,30.750575],[-92.25102,30.74794],[-92.24727,30.744482],[-92.24623,30.751187],[-92.245744,30.75468],[-92.245726,30.760014],[-92.245972,30.766083],[-92.245417,30.768058],[-92.245581,30.772553],[-92.245965,30.77373],[-92.242661,30.780597],[-92.242686,30.781601],[-92.243425,30.784896],[-92.242905,30.786825],[-92.24411,30.788425],[-92.24383,30.789168],[-92.245007,30.791074],[-92.24401,30.795976],[-92.241654,30.798988],[-92.242147,30.800164],[-92.241379,30.801488],[-92.240776,30.803723],[-92.239818,30.804593],[-92.239133,30.806428],[-92.240154,30.807979],[-92.240345,30.80932],[-92.241578,30.810473],[-92.243851,30.810332],[-92.244783,30.809579],[-92.247084,30.809861],[-92.248545,30.811336],[-92.249503,30.81263],[-92.250873,30.813006],[-92.251044,30.817492],[-92.24825,30.816363],[-92.247346,30.817045],[-92.244004,30.817962],[-92.240389,30.818315],[-92.236965,30.816951],[-92.233908,30.815615],[-92.231998,30.81611],[-92.229943,30.815893],[-92.22897,30.816698],[-92.226569,30.815555],[-92.223552,30.814152],[-92.220159,30.810995],[-92.218494,30.808242],[-92.216923,30.806893],[-92.215069,30.802872],[-92.213655,30.801496],[-92.214881,30.798284],[-92.213874,30.79491],[-92.211455,30.793156],[-92.212655,30.848845],[-92.208163,30.848892],[-92.209477,30.847199],[-92.187284,30.810285],[-92.180017,30.807313],[-92.176897,30.808555],[-92.17498,30.81233],[-92.173017,30.811908],[-92.17304,30.810683],[-92.172455,30.809318],[-92.173531,30.806587],[-92.17229,30.805771],[-92.154826,30.821061],[-92.152339,30.821516],[-92.150998,30.821516],[-92.149374,30.822303],[-92.141908,30.819641],[-92.131022,30.817973],[-92.129829,30.814072],[-92.127678,30.811085],[-92.126854,30.808785],[-92.125847,30.807232],[-92.126099,30.805837],[-92.125252,30.801925],[-92.126007,30.800766],[-92.125939,30.799409],[-92.122775,30.794486],[-92.116662,30.793607],[-92.115406,30.790982],[-92.116459,30.788446],[-92.114811,30.786185],[-92.104374,30.782687],[-92.086064,30.776139],[-92.084438,30.77782],[-92.083806,30.780511],[-92.080524,30.781753],[-92.078463,30.779317],[-92.075543,30.780714],[-92.072768,30.779405],[-92.0706,30.779534],[-92.064934,30.780631],[-92.063489,30.780036],[-92.060147,30.776569],[-92.059744,30.774996],[-92.061069,30.772305],[-92.061159,30.76964],[-92.058692,30.768663],[-92.056946,30.768819],[-92.055028,30.766684],[-92.051864,30.764886],[-92.047323,30.764623],[-92.045747,30.765073],[-92.041345,30.763756],[-92.037517,30.763397],[-92.034706,30.761084],[-92.03347,30.755669],[-92.027776,30.753723],[-92.026002,30.749508],[-92.025315,30.746146],[-92.022432,30.746264],[-92.021471,30.740837],[-92.016633,30.731385],[-92.019584,30.725544],[-92.015504,30.720576],[-92.012672,30.71838],[-92.010025,30.717622],[-92.008307,30.714708],[-92.008772,30.713151],[-92.011418,30.711874],[-92.0136,30.708201],[-92.016391,30.702077],[-92.013791,30.701358],[-92.012351,30.704073],[-91.994101,30.718543],[-91.980837,30.729164],[-91.985064,30.731175],[-91.983178,30.73446],[-91.976596,30.731079],[-91.961418,30.727138],[-91.927905,30.718513],[-91.921666,30.717746],[-91.890084,30.717299],[-91.89005,30.720823],[-91.889407,30.72145],[-91.886437,30.722301],[-91.887435,30.726957],[-91.892611,30.725435],[-91.896686,30.735182],[-91.899535,30.737493],[-91.903919,30.745688],[-91.903351,30.759713],[-91.894075,30.765286],[-91.89428,30.775081],[-91.896255,30.778974],[-91.898975,30.790407],[-91.902889,30.790558],[-91.903036,30.79248],[-91.910453,30.793289],[-91.910747,30.794148],[-91.938888,30.801601],[-91.944061,30.818454],[-91.951068,30.828041],[-91.951132,30.842565],[-91.9422,30.862309],[-91.812616,30.86367],[-91.807906,30.865528],[-91.807907,30.976941],[-91.784062,30.985096],[-91.75727,31.023044],[-91.749246,31.020374],[-91.712449,31.007951],[-91.704507,31.02164],[-91.666363,31.006493],[-91.669426,30.986491],[-91.636942,30.999416]]]},"properties":{"code":"[318]"}},{"type":"Feature","geometry":{"type":"Polygon","coordinates":[[[-75.045423,38.414321],[-75.04023,38.451246],[-75.050847,38.45125],[-75.288361,38.451623],[-75.337093,38.452012],[-75.401332,38.452244],[-75.408679,38.452371],[-75.410835,38.452295],[-75.413318,38.452458],[-75.465143,38.453493],[-75.502121,38.454078],[-75.569815,38.455879],[-75.693674,38.460074],[-75.787621,39.637231],[-75.788455,39.647288],[-75.788772,39.651647],[-75.788939,39.656023],[-75.789021,39.659788],[-75.788965,39.662304],[-75.788897,39.665305],[-75.78858,39.671801],[-75.788585,39.683374],[-75.788596,39.722199],[-77.217556,39.719859],[-77.215836,39.719318],[-77.214266,39.716776],[-77.215384,39.715047],[-77.215294,39.712811],[-77.21743,39.711586],[-77.22211,39.711153],[-77.225966,39.709854],[-77.226538,39.706537],[-77.223917,39.704013],[-77.218552,39.703071],[-77.215827,39.701554],[-77.215167,39.698883],[-77.217339,39.696431],[-77.225761,39.69383],[-77.235217,39.694596],[-77.239084,39.695579],[-77.243415,39.695],[-77.244353,39.690985],[-77.241436,39.690119],[-77.23923,39.68745],[-77.236347,39.686043],[-77.235962,39.680918],[-77.234455,39.677668],[-77.239001,39.672849],[-77.244994,39.668948],[-77.250357,39.667142],[-77.25177,39.668009],[-77.254688,39.667721],[-77.255889,39.662735],[-77.257106,39.663457],[-77.262173,39.664901],[-77.266685,39.661797],[-77.265363,39.657818],[-77.26546,39.65558],[-77.271935,39.651673],[-77.275348,39.646916],[-77.271037,39.641701],[-77.27703,39.639328],[-77.279343,39.636009],[-77.27612,39.632693],[-77.278727,39.630911],[-77.29027,39.630279],[-77.294728,39.631826],[-77.295196,39.633246],[-77.297342,39.634708],[-77.298333,39.636255],[-77.298085,39.637717],[-77.299874,39.63937],[-77.306723,39.641243],[-77.309695,39.640629],[-77.311484,39.639591],[-77.311649,39.638171],[-77.30964,39.636687],[-77.30996,39.632124],[-77.308859,39.629386],[-77.305175,39.6261],[-77.300519,39.625253],[-77.299086,39.623564],[-77.301283,39.621472],[-77.307156,39.619983],[-77.307027,39.618737],[-77.304058,39.615954],[-77.30057,39.612623],[-77.295018,39.611131],[-77.290304,39.606156],[-77.290886,39.604714],[-77.223303,39.580234],[-77.237516,39.514883],[-77.119318,39.462816],[-77.074557,39.42477],[-77.103289,39.368352],[-77.13163,39.354387],[-77.10457,39.344986],[-77.135142,39.271233],[-77.055229,39.250286],[-77.056148,39.238807],[-77.047589,39.237992],[-77.043537,39.235451],[-77.037149,39.229894],[-77.032624,39.224581],[-77.032771,39.220956],[-77.027771,39.21745],[-77.013089,39.207561],[-77.003774,39.223149],[-76.98664,39.238414],[-76.971513,39.223929],[-76.943347,39.203706],[-76.922493,39.188113],[-76.917526,39.187775],[-76.913516,39.190004],[-76.908981,39.189941],[-76.901298,39.186434],[-76.900069,39.181703],[-76.907312,39.17893],[-76.890769,39.172561],[-76.88214,39.166972],[-76.879279,39.167265],[-76.877606,39.166177],[-76.877012,39.163415],[-76.873503,39.163498],[-76.873125,39.160735],[-76.870917,39.160846],[-76.870593,39.159464],[-76.868649,39.158585],[-76.865842,39.158669],[-76.863195,39.162102],[-76.862602,39.160385],[-76.86055,39.161055],[-76.859956,39.158962],[-76.858444,39.161181],[-76.850569,39.172951],[-76.843236,39.169978],[-76.836693,39.165518],[-76.830526,39.164316],[-76.830538,39.175155],[-76.809569,39.167802],[-76.808773,39.161216],[-76.787812,39.149473],[-76.777776,39.113726],[-76.76671,39.095304],[-76.745221,39.086493],[-76.746576,39.082322],[-76.766699,39.081736],[-76.736557,39.05439],[-76.732424,39.046293],[-76.727083,39.045602],[-76.725748,39.043182],[-76.717368,39.039493],[-76.715779,39.037913],[-76.714741,39.03417],[-76.71347,39.033874],[-76.713216,39.028836],[-76.703424,39.025543],[-76.701579,39.023517],[-76.703932,39.023171],[-76.70336,39.021294],[-76.706158,39.020405],[-76.706222,39.019071],[-76.707875,39.018774],[-76.704759,39.01324],[-76.70088,39.013389],[-76.701134,39.011807],[-76.704503,39.009233],[-76.70571,38.99945],[-76.707497,38.996506],[-76.707254,38.992025],[-76.705795,38.989001],[-76.700932,38.985464],[-76.699508,38.981558],[-76.702322,38.979803],[-76.702833,38.977027],[-76.700992,38.976135],[-76.701756,38.973705],[-76.704018,38.973071],[-76.703501,38.971011],[-76.699376,38.969049],[-76.698721,38.962266],[-76.694539,38.956837],[-76.693297,38.951615],[-76.695156,38.948671],[-76.690668,38.94101],[-76.692586,38.937396],[-76.689925,38.933592],[-76.681812,38.932043],[-76.682477,38.926881],[-76.690855,38.924364],[-76.686461,38.918363],[-76.685051,38.917717],[-76.683636,38.919266],[-76.681061,38.91733],[-76.678072,38.910035],[-76.674746,38.909066],[-76.671771,38.906936],[-76.670287,38.907636],[-76.669543,38.903702],[-76.671347,38.899709],[-76.676081,38.896416],[-76.676335,38.891836],[-76.671837,38.888029],[-76.671672,38.886867],[-76.673413,38.885641],[-76.67525,38.885764],[-76.676175,38.883342],[-76.675254,38.881856],[-76.676404,38.880052],[-76.676478,38.875977],[-76.678306,38.873663],[-76.680359,38.873001],[-76.681281,38.870248],[-76.682655,38.867139],[-76.688666,38.864275],[-76.692422,38.858052],[-76.691052,38.855534],[-76.691624,38.853879],[-76.692683,38.850905],[-76.696569,38.84771],[-76.698076,38.843535],[-76.700282,38.837657],[-76.686681,38.841638],[-76.693333,38.812016],[-76.712209,38.811263],[-76.712208,38.809426],[-76.708809,38.806157],[-76.708087,38.803119],[-76.710865,38.799197],[-76.709424,38.794958],[-76.701532,38.79024],[-76.703469,38.786157],[-76.708262,38.785458],[-76.714021,38.782247],[-76.713406,38.775276],[-76.708057,38.773277],[-76.698599,38.764942],[-76.700044,38.754444],[-76.697471,38.749794],[-76.689068,38.749605],[-76.639549,38.74796],[-76.657348,38.765252],[-76.623037,38.768067],[-76.604921,38.736201],[-76.646488,38.701817],[-76.630182,38.681027],[-76.655036,38.651989],[-76.666328,38.641676],[-76.680655,38.637643],[-76.687737,38.631662],[-76.681796,38.629269],[-76.673564,38.619995],[-76.671883,38.611555],[-76.678155,38.58522],[-76.675908,38.557807],[-76.671408,38.532142],[-76.67215,38.510113],[-76.663607,38.487247],[-76.635287,38.44642],[-76.544131,38.39925],[-76.498745,38.370718],[-76.48751,38.333715],[-76.456058,38.303748],[-76.427747,38.313621],[-76.385951,38.319967],[-76.352673,38.310057],[-76.367529,38.249803],[-76.305628,38.135961],[-76.29201,38.017066],[-76.215289,37.990971],[-76.236439,37.886624],[-76.05192,37.953602],[-75.993037,37.953526],[-75.943652,37.946197],[-75.95274,37.906741],[-75.883036,37.911362],[-75.801167,37.912204],[-75.761457,37.941433],[-75.704865,37.95465],[-75.690962,37.955547],[-75.664674,37.949369],[-75.655675,37.945424],[-75.647591,37.946974],[-75.648231,37.966776],[-75.647027,37.967804],[-75.645838,37.968678],[-75.644726,37.969768],[-75.643732,37.971349],[-75.642829,37.974235],[-75.641791,37.976007],[-75.640928,37.977215],[-75.639292,37.978722],[-75.638223,37.979395],[-75.63731,37.979721],[-75.636625,37.979679],[-75.635744,37.97953],[-75.635462,37.97935],[-75.634776,37.97863],[-75.634195,37.977659],[-75.631977,37.976],[-75.631406,37.975762],[-75.630956,37.975667],[-75.630297,37.975714],[-75.629531,37.975963],[-75.628843,37.976797],[-75.62885,37.977793],[-75.629105,37.978258],[-75.63047,37.97954],[-75.631246,37.980309],[-75.63258,37.981713],[-75.63371,37.983051],[-75.633969,37.983553],[-75.633823,37.98455],[-75.633387,37.985474],[-75.632536,37.986692],[-75.630865,37.987816],[-75.629335,37.988355],[-75.6276,37.98852],[-75.626646,37.988899],[-75.625601,37.989794],[-75.625075,37.990596],[-75.624793,37.991662],[-75.624648,37.992471],[-75.624452,37.994194],[-75.623348,37.994339],[-75.62247,37.994384],[-75.621882,37.994462],[-75.614344,37.995236],[-75.609823,37.995486],[-75.602164,37.996222],[-75.600832,37.996375],[-75.598304,37.99654],[-75.571847,37.998856],[-75.56864,37.999081],[-75.560187,37.999877],[-75.556446,38.000116],[-75.541886,38.001364],[-75.539993,38.001332],[-75.529342,38.002497],[-75.467976,38.007701],[-75.461367,38.008284],[-75.44852,38.009355],[-75.44164,38.009895],[-75.436638,38.01021],[-75.435914,38.010373],[-75.429319,38.010879],[-75.428728,38.010824],[-75.398956,38.013245],[-75.398512,38.01326],[-75.397753,38.01306],[-75.396957,38.01344],[-75.271138,38.02486],[-75.249543,38.026727],[-75.242156,38.02704],[-75.221303,38.027861],[-75.161177,38.110501],[-75.087381,38.305664],[-75.059777,38.358931],[-75.045423,38.414321]]]},"properties":{"code":"[410,443,667]"}},{"type":"Feature","geometry":{"type":"Polygon","coordinates":[[[-93.825673,29.65313],[-93.837632,29.692383],[-93.869522,29.737967],[-93.930645,29.795062],[-93.915907,29.829831],[-93.848141,29.869591],[-93.788347,29.987051],[-93.742836,30.023272],[-93.716588,30.066618],[-93.723857,30.094572],[-93.694378,30.136489],[-93.717971,30.212848],[-93.70457,30.290987],[-93.742261,30.303281],[-93.765713,30.337262],[-93.756503,30.39218],[-93.703748,30.435505],[-93.707028,30.512088],[-93.736336,30.538058],[-93.713727,30.583487],[-93.685254,30.591417],[-93.681901,30.644752],[-93.62454,30.684764],[-93.608629,30.758206],[-93.554191,30.832309],[-93.562029,30.861888],[-93.574859,30.884279],[-93.566157,30.894482],[-93.549221,30.899977],[-93.558372,30.911361],[-93.527719,30.929022],[-93.533209,30.957275],[-93.57256,30.970216],[-93.563785,30.989201],[-93.577974,30.998615],[-93.566075,31.01273],[-93.555092,31.004888],[-93.508438,31.02998],[-93.532677,31.053023],[-93.51958,31.065261],[-93.529104,31.074779],[-93.551333,31.078863],[-93.547758,31.110804],[-93.53982,31.11692],[-93.537439,31.127113],[-93.550143,31.153945],[-93.536168,31.158748],[-93.543096,31.170794],[-93.532707,31.174505],[-93.530763,31.180991],[-93.53487,31.185437],[-93.552073,31.185475],[-93.55217,31.185487],[-93.577566,31.167974],[-93.588746,31.165569],[-93.600402,31.17903],[-93.619976,31.266411],[-93.686325,31.304116],[-93.669106,31.337649],[-93.672489,31.392862],[-93.697338,31.413831],[-93.756599,31.528239],[-93.790401,31.634099],[-93.826889,31.633269],[-93.848333,31.642712],[-93.8556,31.642172],[-93.857587,31.639734],[-93.859857,31.639014],[-93.863462,31.639203],[-93.862706,31.637764],[-93.862261,31.633823],[-93.862705,31.631928],[-93.867709,31.631397],[-93.869133,31.633557],[-93.872338,31.633557],[-93.872427,31.63477],[-93.874786,31.635111],[-93.874608,31.634542],[-93.875186,31.634315],[-93.8754,31.633677],[-93.876044,31.633403],[-93.876495,31.633513],[-93.876945,31.633988],[-93.877546,31.633714],[-93.878061,31.633787],[-93.878233,31.634043],[-93.878169,31.634536],[-93.878855,31.635029],[-93.879027,31.635468],[-93.879757,31.635632],[-93.891819,31.635761],[-93.893074,31.631675],[-93.893557,31.629681],[-93.89358,31.626962],[-93.894282,31.626784],[-93.895006,31.626796],[-93.896015,31.62699],[-93.897861,31.627679],[-93.899751,31.628163],[-93.903814,31.628804],[-93.905477,31.629518],[-93.919853,31.638205],[-93.920875,31.639119],[-93.921505,31.640194],[-93.922357,31.642007],[-93.923188,31.643492],[-93.924689,31.644979],[-93.931442,31.65116],[-93.931958,31.650587],[-93.933012,31.64969],[-93.934756,31.648602],[-93.936014,31.648153],[-93.936849,31.647616],[-93.939201,31.64513],[-93.940256,31.644906],[-93.943582,31.644733],[-93.943947,31.644543],[-93.944817,31.643328],[-93.945811,31.64243],[-93.947332,31.641618],[-93.95155,31.640168],[-93.954288,31.638959],[-93.955845,31.638862],[-93.957994,31.639656],[-93.958887,31.639484],[-93.959799,31.638517],[-93.960752,31.637153],[-93.96132,31.635616],[-93.961888,31.635081],[-93.96279,31.634632],[-93.968049,31.632523],[-93.969763,31.63154],[-93.972116,31.630608],[-93.973191,31.630504],[-93.974935,31.630021],[-93.977972,31.629874],[-93.978256,31.628872],[-93.978986,31.624797],[-93.979623,31.624408],[-93.979846,31.623855],[-93.982766,31.623545],[-93.98315,31.625183],[-93.984995,31.627358],[-93.991635,31.634314],[-94.001085,31.640942],[-94.006026,31.649696],[-94.014297,31.641358],[-94.005708,31.62682],[-93.999856,31.625809],[-93.998741,31.621539],[-93.985763,31.620383],[-93.986184,31.618794],[-93.998316,31.616627],[-94.007053,31.616989],[-94.006988,31.60736],[-94.026545,31.601865],[-94.055177,31.60314],[-94.026823,31.590303],[-94.027167,31.586916],[-94.035765,31.582804],[-94.035482,31.58241],[-94.034916,31.581814],[-94.034141,31.580786],[-94.032547,31.579555],[-94.031008,31.576831],[-94.031548,31.575119],[-94.031621,31.574263],[-94.030961,31.5735],[-94.030296,31.572403],[-94.03049,31.571766],[-94.030809,31.571507],[-94.03139,31.571365],[-94.032276,31.571212],[-94.032844,31.570775],[-94.033758,31.571023],[-94.034187,31.570929],[-94.034583,31.568183],[-94.03453,31.567033],[-94.033194,31.564002],[-94.031063,31.561081],[-94.032325,31.560458],[-94.032698,31.56011],[-94.034154,31.559247],[-94.034385,31.557824],[-94.034652,31.557204],[-94.034766,31.554204],[-94.034553,31.552251],[-94.033505,31.550329],[-94.033433,31.549665],[-94.033965,31.547349],[-94.034871,31.545381],[-94.035487,31.53965],[-94.035202,31.538605],[-94.034368,31.537758],[-94.033409,31.537273],[-94.032041,31.536849],[-94.031064,31.534957],[-94.029874,31.533807],[-94.025843,31.531248],[-94.025328,31.530779],[-94.023084,31.526643],[-94.021486,31.525462],[-94.020138,31.524687],[-94.017687,31.522689],[-94.016675,31.521463],[-94.01648,31.520918],[-94.016355,31.51848],[-94.018043,31.516845],[-94.019002,31.516542],[-94.020458,31.516391],[-94.021471,31.515982],[-94.03711,31.505473],[-94.034828,31.504087],[-94.036632,31.494286],[-94.036676,31.492872],[-94.03646,31.492044],[-94.036617,31.488624],[-94.037292,31.488737],[-94.038445,31.48906],[-94.039664,31.488203],[-94.03814,31.487223],[-94.037359,31.487217],[-94.035951,31.485131],[-94.036302,31.484728],[-94.037211,31.484613],[-94.037841,31.483927],[-94.038412,31.483664],[-94.038765,31.483152],[-94.039644,31.482302],[-94.039828,31.481962],[-94.039783,31.481392],[-94.039235,31.480617],[-94.039543,31.480373],[-94.040429,31.480361],[-94.041395,31.479004],[-94.041763,31.478811],[-94.042146,31.478754],[-94.044197,31.479747],[-94.044851,31.479798],[-94.046068,31.479462],[-94.047656,31.479147],[-94.048002,31.478963],[-94.048497,31.477974],[-94.048998,31.477353],[-94.04969,31.476823],[-94.051075,31.476182],[-94.053665,31.475378],[-94.055945,31.475225],[-94.0559,31.474926],[-94.053004,31.471725],[-94.051739,31.470534],[-94.050951,31.469597],[-94.050199,31.469098],[-94.048456,31.468528],[-94.045981,31.467931],[-94.044186,31.467635],[-94.044263,31.466845],[-94.044746,31.465906],[-94.044897,31.465795],[-94.044701,31.465112],[-94.044733,31.464423],[-94.045093,31.463326],[-94.045518,31.463056],[-94.046205,31.462796],[-94.046531,31.461934],[-94.046519,31.461289],[-94.046147,31.460166],[-94.046113,31.459664],[-94.046336,31.459028],[-94.04668,31.458772],[-94.046802,31.458526],[-94.046711,31.458003],[-94.046299,31.457472],[-94.045566,31.457197],[-94.044244,31.457073],[-94.043355,31.456742],[-94.042855,31.456675],[-94.042332,31.456855],[-94.041839,31.456533],[-94.040649,31.456267],[-94.039626,31.456429],[-94.038593,31.456755],[-94.037659,31.457466],[-94.036659,31.459628],[-94.036326,31.46011],[-94.035159,31.460926],[-94.034403,31.461533],[-94.033986,31.461369],[-94.033291,31.460353],[-94.032121,31.461445],[-94.030801,31.462388],[-94.029706,31.462981],[-94.029409,31.463522],[-94.029164,31.46429],[-94.028927,31.46469],[-94.02859,31.4649],[-94.027756,31.463511],[-94.027639,31.46321],[-94.026219,31.460691],[-94.025899,31.459707],[-94.025738,31.459447],[-94.024953,31.457534],[-94.024746,31.457336],[-94.024781,31.457067],[-94.023408,31.453745],[-94.023291,31.453626],[-94.023147,31.452902],[-94.022539,31.452253],[-94.020577,31.450729],[-94.020513,31.450579],[-94.020281,31.450545],[-94.017717,31.448206],[-94.017141,31.447898],[-94.016109,31.447659],[-94.014876,31.447598],[-94.009708,31.447774],[-94.006122,31.447349],[-94.003583,31.447307],[-94.002537,31.447264],[-94.00179,31.447094],[-94.001408,31.446854],[-94.00093,31.44674],[-93.999391,31.446152],[-93.99882,31.446164],[-93.994803,31.443913],[-93.99388,31.442924],[-93.99216,31.440832],[-93.990528,31.439128],[-93.988848,31.435973],[-93.986697,31.430868],[-93.985056,31.428729],[-93.984476,31.42774],[-93.980688,31.427764],[-93.972677,31.420951],[-93.975277,31.41993],[-93.974113,31.418914],[-93.9746,31.418729],[-93.975385,31.418752],[-93.975737,31.417967],[-93.979417,31.41642],[-93.979904,31.411823],[-93.980933,31.410946],[-93.98234,31.410738],[-93.982408,31.409432],[-93.983931,31.40719],[-93.984781,31.406008],[-93.985636,31.406431],[-93.985577,31.402406],[-93.982292,31.40244],[-93.982212,31.400731],[-93.987459,31.399158],[-93.990904,31.397346],[-93.992484,31.395588],[-93.992706,31.392795],[-93.993946,31.392252],[-93.994645,31.390543],[-93.995794,31.389068],[-93.994287,31.383889],[-93.994414,31.38294],[-93.997116,31.376163],[-93.995495,31.369624],[-94.002792,31.355846],[-94.003332,31.353919],[-94.002601,31.350256],[-94.003967,31.349903],[-94.00365,31.349062],[-94.005969,31.348682],[-94.005747,31.347731],[-94.010355,31.346835],[-94.010196,31.345967],[-94.011227,31.345738],[-94.0111,31.344842],[-94.015994,31.343892],[-94.017233,31.34221],[-94.017142,31.34157],[-94.016201,31.34175],[-94.016551,31.337055],[-94.023898,31.33681],[-94.027801,31.34739],[-94.030381,31.347669],[-94.030875,31.348375],[-94.03325,31.350193],[-94.034457,31.350787],[-94.035682,31.350932],[-94.03558,31.349376],[-94.040754,31.339807],[-94.03729,31.332807],[-94.043012,31.323894],[-94.043504,31.320873],[-94.043264,31.319312],[-94.041292,31.315779],[-94.041388,31.314218],[-94.044177,31.309001],[-94.044567,31.307467],[-94.04455,31.306501],[-94.043867,31.304055],[-94.04377,31.302772],[-94.044374,31.301066],[-94.045477,31.29981],[-94.046425,31.29957],[-94.050285,31.296833],[-94.049156,31.293833],[-94.045013,31.292394],[-94.045081,31.290351],[-94.047034,31.285572],[-94.045754,31.28146],[-94.045653,31.280453],[-94.04654,31.280575],[-94.047207,31.280966],[-94.048915,31.280984],[-94.050166,31.279673],[-94.05077,31.278462],[-94.052291,31.277981],[-94.053707,31.278355],[-94.054082,31.277892],[-94.055103,31.27718],[-94.055849,31.276051],[-94.056787,31.275321],[-94.058516,31.274573],[-94.057622,31.273603],[-94.056289,31.272695],[-94.057351,31.271377],[-94.05756,31.270131],[-94.057372,31.269454],[-94.065518,31.270434],[-94.064268,31.269525],[-94.063351,31.268119],[-94.062726,31.265251],[-94.062914,31.263969],[-94.063664,31.262295],[-94.063874,31.260672],[-94.064561,31.260084],[-94.06677,31.260067],[-94.070603,31.260921],[-94.075539,31.254466],[-94.075601,31.253522],[-94.074664,31.248375],[-94.075955,31.248037],[-94.079608,31.24798],[-94.079358,31.247499],[-94.079094,31.2451],[-94.078782,31.243479],[-94.078832,31.242034],[-94.078644,31.241588],[-94.077894,31.241108],[-94.077561,31.240395],[-94.077603,31.239487],[-94.077832,31.238543],[-94.078769,31.237171],[-94.080605,31.235438],[-94.082271,31.234583],[-94.084292,31.234191],[-94.085938,31.233675],[-94.086863,31.232994],[-94.087467,31.23205],[-94.087654,31.231142],[-94.08855,31.230607],[-94.090154,31.230233],[-94.090737,31.229681],[-94.091467,31.22822],[-94.092966,31.227507],[-94.093758,31.227686],[-94.0953,31.227507],[-94.0968,31.227917],[-94.097824,31.227364],[-94.095761,31.224264],[-94.098959,31.222746],[-94.101577,31.21877],[-94.104356,31.219204],[-94.103341,31.222221],[-94.104009,31.224026],[-94.100856,31.225785],[-94.100161,31.227568],[-94.094803,31.230762],[-94.096206,31.2338],[-94.102949,31.234327],[-94.102576,31.23594],[-94.101765,31.236765],[-94.10278,31.239303],[-94.115212,31.240333],[-94.116055,31.222652],[-94.102969,31.213305],[-94.095579,31.201454],[-94.11493,31.200744],[-94.117049,31.198648],[-94.119416,31.197475],[-94.12353,31.196364],[-94.123247,31.183322],[-94.133481,31.176695],[-94.123005,31.160674],[-94.12368,31.159258],[-94.124333,31.158774],[-94.124828,31.156784],[-94.12485,31.156299],[-94.124632,31.155703],[-94.124784,31.153132],[-94.124153,31.153262],[-94.122825,31.152908],[-94.122893,31.141925],[-94.119068,31.141997],[-94.119721,31.14056],[-94.123419,31.136969],[-94.123099,31.131673],[-94.129614,31.126131],[-94.128902,31.098622],[-94.457605,31.033233],[-94.458197,31.031978],[-94.459301,31.031846],[-94.460273,31.031032],[-94.458551,31.030162],[-94.455239,31.031732],[-94.453053,31.031221],[-94.451331,31.031524],[-94.450249,31.032527],[-94.450117,31.033662],[-94.44877,31.033662],[-94.446977,31.033097],[-94.446094,31.033438],[-94.445542,31.034535],[-94.444129,31.034024],[-94.444107,31.03304],[-94.443555,31.031489],[-94.442318,31.029995],[-94.442451,31.029143],[-94.443305,31.028164],[-94.444585,31.025232],[-94.44591,31.023586],[-94.446219,31.02264],[-94.448591,31.02086],[-94.450401,31.018589],[-94.450829,31.016773],[-94.451015,31.014523],[-94.450353,31.01299],[-94.450463,31.010719],[-94.45128,31.008467],[-94.453493,31.006181],[-94.452632,31.005292],[-94.451064,31.006143],[-94.45049,31.005159],[-94.451351,31.003627],[-94.450557,31.00304],[-94.447664,31.00357],[-94.444154,31.005349],[-94.441761,31.005413],[-94.434255,31.006719],[-94.433504,31.008403],[-94.435403,31.009898],[-94.435491,31.011317],[-94.434254,31.011373],[-94.432863,31.011051],[-94.432068,31.011449],[-94.432355,31.01459],[-94.430523,31.015045],[-94.429573,31.015802],[-94.428182,31.015859],[-94.427233,31.016729],[-94.427216,31.018992],[-94.426355,31.020789],[-94.423447,31.021894],[-94.419406,31.022197],[-94.41817,31.024392],[-94.417206,31.024935],[-94.41566,31.025237],[-94.413519,31.026675],[-94.403842,31.027327],[-94.402164,31.02657],[-94.400751,31.024962],[-94.399603,31.025075],[-94.396255,31.012661],[-94.396705,31.011003],[-94.402973,31.002277],[-94.407093,30.993054],[-94.408181,30.987765],[-94.406807,30.983191],[-94.406254,30.971728],[-94.407927,30.966607],[-94.413074,30.955023],[-94.419556,30.958456],[-94.449802,30.938096],[-94.448608,30.936093],[-94.450182,30.936],[-94.451595,30.933903],[-94.450889,30.933064],[-94.452844,30.932505],[-94.453605,30.932924],[-94.455017,30.932132],[-94.455451,30.930827],[-94.456647,30.93134],[-94.457571,30.929709],[-94.461049,30.927239],[-94.461973,30.927752],[-94.466371,30.925841],[-94.467813,30.916506],[-94.462591,30.907239],[-94.456293,30.903452],[-94.454852,30.893488],[-94.461047,30.886321],[-94.464828,30.877592],[-94.458084,30.869333],[-94.459274,30.868919],[-94.459419,30.868615],[-94.459872,30.866032],[-94.461786,30.863188],[-94.462446,30.862581],[-94.463153,30.862456],[-94.465208,30.862737],[-94.46791,30.862544],[-94.46873,30.862254],[-94.471271,30.861219],[-94.471786,30.86115],[-94.47312,30.861757],[-94.474998,30.861721],[-94.476896,30.862232],[-94.481167,30.862276],[-94.482164,30.862],[-94.484286,30.862428],[-94.48694,30.86189],[-94.488923,30.862487],[-94.492027,30.86246],[-94.493442,30.861949],[-94.495742,30.861499],[-94.497736,30.861374],[-94.500309,30.861595],[-94.502818,30.861236],[-94.506838,30.85938],[-94.508204,30.859214],[-94.511903,30.85949],[-94.51684,30.858744],[-94.517773,30.858344],[-94.519333,30.857336],[-94.520584,30.856102],[-94.52245,30.853893],[-94.523784,30.852995],[-94.524267,30.852788],[-94.526357,30.851201],[-94.536486,30.857942],[-94.540578,30.856982],[-94.542226,30.856022],[-94.543021,30.85592],[-94.559067,30.860776],[-94.564049,30.862278],[-94.570201,30.863061],[-94.571467,30.863415],[-94.574999,30.865917],[-94.57626,30.866231],[-94.578151,30.865991],[-94.579483,30.865329],[-94.580627,30.864327],[-94.581891,30.862102],[-94.582709,30.86124],[-94.584507,30.859997],[-94.58576,30.858602],[-94.586625,30.857119],[-94.587961,30.855898],[-94.589526,30.854555],[-94.591768,30.853111],[-94.592614,30.852202],[-94.593174,30.8513],[-94.595489,30.845392],[-94.596447,30.844831],[-94.597101,30.84437],[-94.598502,30.843949],[-94.599856,30.843909],[-94.603733,30.84431],[-94.607122,30.844952],[-94.611466,30.846657],[-94.612963,30.848645],[-94.619385,30.853256],[-94.619665,30.853657],[-94.621907,30.854258],[-94.626124,30.874274],[-94.62714,30.874697],[-94.628159,30.872759],[-94.628359,30.871322],[-94.627854,30.870287],[-94.628728,30.869349],[-94.630458,30.868521],[-94.631073,30.867752],[-94.631601,30.86658],[-94.631601,30.865173],[-94.631765,30.864861],[-94.631692,30.864251],[-94.630182,30.862835],[-94.630127,30.862023],[-94.62898,30.859803],[-94.629472,30.857647],[-94.630455,30.858084],[-94.630892,30.858897],[-94.63213,30.859928],[-94.63284,30.860163],[-94.63497,30.859819],[-94.635844,30.859256],[-94.637665,30.858959],[-94.638775,30.858506],[-94.639231,30.858787],[-94.639977,30.860413],[-94.640123,30.86182],[-94.640161,30.863578],[-94.641934,30.865561],[-94.642881,30.867515],[-94.642933,30.869852],[-94.643315,30.870399],[-94.64408,30.870462],[-94.645026,30.87004],[-94.646792,30.869587],[-94.647157,30.869196],[-94.648559,30.868508],[-94.650252,30.868477],[-94.651717,30.86658],[-94.651836,30.865776],[-94.651745,30.864917],[-94.65189,30.864416],[-94.651508,30.862447],[-94.652309,30.861478],[-94.652649,30.85932],[-94.65234,30.857607],[-94.651629,30.85534],[-94.651575,30.853777],[-94.652069,30.851926],[-94.652524,30.852144],[-94.655546,30.854677],[-94.665651,30.861366],[-94.668349,30.862214],[-94.670789,30.862293],[-94.671845,30.861886],[-94.672882,30.861261],[-94.673301,30.860808],[-94.673028,30.855056],[-94.673629,30.854759],[-94.675322,30.854384],[-94.679384,30.854404],[-94.680146,30.854213],[-94.681288,30.847617],[-94.68348,30.847062],[-94.688182,30.832211],[-94.692386,30.828428],[-94.704462,30.825465],[-94.705849,30.821858],[-94.699642,30.819309],[-94.699652,30.81722],[-94.699133,30.814836],[-94.699343,30.813479],[-94.699736,30.812023],[-94.699776,30.810363],[-94.699374,30.80811],[-94.698879,30.807106],[-94.698225,30.805458],[-94.697624,30.802129],[-94.697445,30.80183],[-94.697898,30.801677],[-94.705563,30.801501],[-94.705752,30.801411],[-94.705184,30.799348],[-94.703804,30.797529],[-94.702287,30.796336],[-94.700896,30.795621],[-94.700612,30.795359],[-94.700602,30.794988],[-94.70096,30.79449],[-94.701951,30.79388],[-94.702183,30.793545],[-94.702088,30.793057],[-94.701677,30.791781],[-94.701361,30.791319],[-94.69556,30.791354],[-94.695611,30.790784],[-94.695475,30.790637],[-94.695611,30.789335],[-94.695512,30.785961],[-94.69604,30.785244],[-94.696142,30.783942],[-94.695563,30.78384],[-94.694151,30.782693],[-94.693129,30.781537],[-94.69301,30.780879],[-94.692431,30.780484],[-94.691358,30.779869],[-94.690625,30.778977],[-94.689859,30.777469],[-94.689808,30.776606],[-94.688514,30.77646],[-94.688937,30.773895],[-94.690776,30.772768],[-94.69127,30.7723],[-94.692888,30.771802],[-94.692907,30.768818],[-94.693435,30.768452],[-94.693401,30.767604],[-94.692602,30.764962],[-94.693606,30.764567],[-94.693487,30.76392],[-94.693078,30.763407],[-94.692193,30.762778],[-94.692278,30.761124],[-94.689153,30.760734],[-94.68779,30.760398],[-94.68762,30.759929],[-94.687807,30.758261],[-94.687365,30.757134],[-94.686496,30.756124],[-94.685321,30.754192],[-94.68481,30.752904],[-94.682694,30.747665],[-94.682828,30.74585],[-94.681874,30.744152],[-94.681362,30.74312],[-94.678994,30.736664],[-94.678057,30.73471],[-94.676661,30.7325],[-94.675099,30.730376],[-94.672369,30.72829],[-94.671175,30.726482],[-94.670209,30.725325],[-94.669469,30.723777],[-94.666702,30.723777],[-94.666645,30.718971],[-94.660563,30.717686],[-94.660249,30.715824],[-94.66083,30.713186],[-94.660173,30.709602],[-94.660712,30.707588],[-94.66036,30.705164],[-94.660422,30.703417],[-94.661998,30.700761],[-94.662074,30.698579],[-94.661431,30.69644],[-94.659876,30.693783],[-94.655916,30.691573],[-94.653129,30.689644],[-94.650621,30.689055],[-94.649336,30.688984],[-94.642583,30.683767],[-94.640219,30.682322],[-94.63771,30.680254],[-94.636549,30.678453],[-94.634807,30.674511],[-94.635,30.671177],[-94.636461,30.668036],[-94.637789,30.665722],[-94.638049,30.664168],[-94.637618,30.663082],[-94.637452,30.662311],[-94.636289,30.660768],[-94.635791,30.658712],[-94.633035,30.657341],[-94.630943,30.654494],[-94.630544,30.65338],[-94.629349,30.648124],[-94.62895,30.645124],[-94.628983,30.644467],[-94.628684,30.642667],[-94.627452,30.641631],[-94.626987,30.63986],[-94.625592,30.638689],[-94.625325,30.636331],[-94.62476,30.634988],[-94.627019,30.633074],[-94.627948,30.631902],[-94.62828,30.630845],[-94.629476,30.630502],[-94.631834,30.628616],[-94.63086,30.628083],[-94.629664,30.626626],[-94.627303,30.620971],[-94.626805,30.618628],[-94.626207,30.613927],[-94.626473,30.61104],[-94.626373,30.607954],[-94.627137,30.604638],[-94.623982,30.591347],[-94.62417,30.586433],[-94.630508,30.576435],[-94.632532,30.573749],[-94.633395,30.572435],[-94.634001,30.569824],[-94.632176,30.564995],[-94.630882,30.563738],[-94.627399,30.561724],[-94.615719,30.555259],[-94.605292,30.550222],[-94.595369,30.549508],[-94.592581,30.548622],[-94.590888,30.547507],[-94.578374,30.534318],[-94.574458,30.531145],[-94.567915,30.528865],[-94.563804,30.529298],[-94.559278,30.528149],[-94.555735,30.526367],[-94.555209,30.52682],[-94.554016,30.526971],[-94.553809,30.527997],[-94.55385,30.531499],[-94.553731,30.531772],[-94.552671,30.532384],[-94.55204,30.532558],[-94.55153,30.532592],[-94.5511,30.532034],[-94.550876,30.532506],[-94.550503,30.532574],[-94.550113,30.532433],[-94.549913,30.532229],[-94.549877,30.532119],[-94.549938,30.531964],[-94.550328,30.531696],[-94.550318,30.531528],[-94.550226,30.531338],[-94.549902,30.531002],[-94.549533,30.530918],[-94.54934,30.530071],[-94.549069,30.529857],[-94.54797,30.528032],[-94.54796,30.527205],[-94.548873,30.5265],[-94.548846,30.526119],[-94.548121,30.526119],[-94.547141,30.526709],[-94.545813,30.526581],[-94.545759,30.527021],[-94.496366,30.5268],[-94.490499,30.500687],[-94.482951,30.479914],[-94.417545,30.191934],[-94.50108,30.175372],[-94.621246,30.163922],[-94.607087,30.1108],[-94.445472,30.111058],[-94.443548,29.89411],[-94.739334,29.885233],[-94.744369,29.878469],[-94.744824,29.875646],[-94.742871,29.866727],[-94.745199,29.85975],[-94.749169,29.853935],[-94.748323,29.84742],[-94.751122,29.844988],[-94.759188,29.841878],[-94.763968,29.836954],[-94.762699,29.832808],[-94.75874,29.830086],[-94.755155,29.830281],[-94.75284,29.834104],[-94.748284,29.835788],[-94.740739,29.831382],[-94.740048,29.827595],[-94.74072,29.823385],[-94.73415,29.81464],[-94.72532,29.800326],[-94.708626,29.789414],[-94.705943,29.785801],[-94.705868,29.782172],[-94.702135,29.780811],[-94.697132,29.776016],[-94.693294,29.775761],[-94.690347,29.774397],[-94.683181,29.776191],[-94.674613,29.781065],[-94.665476,29.791042],[-94.658599,29.802125],[-94.657911,29.809798],[-94.661252,29.815339],[-94.64622,29.815936],[-94.642885,29.808198],[-94.64092,29.786798],[-94.655089,29.776989],[-94.662374,29.775659],[-94.661908,29.771965],[-94.656722,29.768156],[-94.656476,29.766066],[-94.648962,29.766123],[-94.648962,29.758619],[-94.650848,29.749765],[-94.674559,29.749628],[-94.674578,29.73093],[-94.689539,29.73068],[-94.689538,29.725181],[-94.684199,29.721605],[-94.683753,29.717836],[-94.68993,29.717968],[-94.689778,29.715782],[-94.738599,29.716527],[-94.719094,29.745808],[-94.753475,29.767906],[-94.829841,29.718249],[-94.876305,29.637582],[-94.910356,29.610281],[-94.864497,29.560289],[-94.89763,29.472744],[-94.926475,29.462281],[-94.947997,29.469777],[-94.956957,29.465173],[-94.969918,29.46265],[-94.97556,29.458999],[-94.975864,29.45422],[-94.986614,29.450369],[-94.994798,29.457544],[-94.997468,29.460996],[-95.000518,29.461992],[-95.001509,29.458938],[-95.003948,29.460067],[-95.003034,29.462125],[-95.008447,29.461262],[-95.010658,29.462324],[-95.010582,29.464515],[-95.013174,29.465577],[-95.015156,29.463851],[-95.019502,29.462988],[-95.019884,29.46093],[-95.018054,29.458474],[-95.019884,29.456615],[-95.024611,29.456947],[-95.026212,29.459403],[-95.028423,29.459868],[-95.030177,29.457876],[-95.038534,29.457439],[-95.043889,29.456427],[-95.047275,29.456691],[-95.048892,29.454227],[-95.05258,29.453127],[-95.053439,29.455459],[-95.057481,29.456207],[-95.0593,29.455327],[-95.061169,29.455767],[-95.063847,29.454139],[-95.064375,29.452395],[-95.070669,29.450624],[-95.070233,29.44936],[-95.073912,29.44527],[-95.04909,29.419408],[-95.079313,29.406432],[-95.079313,29.425143],[-95.085682,29.425237],[-95.085574,29.411792],[-95.09205,29.411792],[-95.092312,29.436554],[-95.093539,29.436149],[-95.094701,29.433661],[-95.099785,29.431595],[-95.102928,29.429969],[-95.106511,29.428788],[-95.108787,29.429421],[-95.1099,29.42883],[-95.111837,29.42921],[-95.114936,29.429716],[-95.115904,29.42883],[-95.116985,29.42925],[-95.117641,29.428565],[-95.120887,29.428708],[-95.121543,29.42768],[-95.123084,29.428479],[-95.125117,29.428536],[-95.125674,29.42985],[-95.128428,29.429707],[-95.129101,29.428995],[-95.135167,29.428424],[-95.137055,29.428634],[-95.138146,29.429417],[-95.141227,29.430395],[-95.142959,29.430451],[-95.143024,29.42992],[-95.144692,29.429305],[-95.146425,29.429724],[-95.14925,29.427628],[-95.161046,29.424172],[-95.161158,29.417397],[-95.17538,29.417155],[-95.174841,29.412765],[-95.178953,29.412668],[-95.178786,29.408215],[-95.181564,29.408118],[-95.181564,29.404682],[-95.195107,29.409099],[-95.053547,29.197053],[-95.090037,29.172949],[-95.127594,29.16269],[-95.136006,29.0918],[-95.10379,29.06609],[-94.9321,29.178906],[-94.681852,29.322753],[-94.662715,29.384339],[-94.28985,29.54873],[-94.041073,29.64089],[-93.923309,29.657522],[-93.825673,29.65313]]]},"properties":{"code":"[409]"}},{"type":"Feature","geometry":{"type":"Polygon","coordinates":[[[-121.531993,37.469561],[-121.878497,37.471882],[-121.878528,37.471874],[-121.923209,37.454464],[-121.949101,37.461557],[-121.961197,37.46335],[-121.975329,37.460021],[-121.983261,37.461034],[-121.996914,37.466292],[-122.016253,37.466092],[-122.054764,37.457573],[-122.061227,37.449065],[-122.060994,37.427535],[-122.051005,37.404416],[-122.046966,37.403216],[-122.047426,37.401521],[-122.046171,37.401222],[-122.046548,37.400026],[-122.045167,37.399761],[-122.046715,37.394997],[-122.045055,37.394432],[-122.047043,37.386481],[-122.049235,37.38584],[-122.050634,37.385757],[-122.052192,37.386063],[-122.057391,37.387669],[-122.060305,37.386111],[-122.061573,37.3823],[-122.060146,37.38178],[-122.057451,37.381261],[-122.057154,37.382127],[-122.057094,37.382946],[-122.05642,37.384741],[-122.052972,37.384001],[-122.056301,37.373869],[-122.057711,37.374327],[-122.063304,37.366074],[-122.062817,37.364462],[-122.06293,37.35862],[-122.062441,37.356355],[-122.060553,37.352171],[-122.063035,37.352078],[-122.063783,37.350636],[-122.064301,37.349171],[-122.06505,37.348599],[-122.064618,37.347547],[-122.063639,37.346883],[-122.064301,37.34583],[-122.0641,37.344892],[-122.06482,37.344548],[-122.065165,37.343152],[-122.064762,37.34258],[-122.064791,37.341756],[-122.064042,37.341344],[-122.063524,37.34004],[-122.062661,37.339444],[-122.062776,37.338987],[-122.062142,37.33814],[-122.062142,37.337499],[-122.066749,37.337453],[-122.077775,37.345418],[-122.078609,37.34496],[-122.077544,37.343976],[-122.074982,37.341939],[-122.073226,37.340909],[-122.070146,37.338483],[-122.068076,37.336754],[-122.068168,37.335361],[-122.068859,37.332705],[-122.069089,37.331424],[-122.069729,37.331476],[-122.070737,37.331407],[-122.071802,37.331865],[-122.071802,37.327356],[-122.073472,37.325684],[-122.075285,37.323693],[-122.076667,37.323052],[-122.07825,37.323052],[-122.081481,37.323599],[-122.082835,37.323507],[-122.085774,37.320002],[-122.087588,37.317919],[-122.088624,37.315698],[-122.090091,37.313295],[-122.095676,37.313592],[-122.099019,37.316182],[-122.117341,37.317667],[-122.119628,37.315969],[-122.122277,37.316107],[-122.124465,37.318671],[-122.131592,37.320118],[-122.133291,37.321515],[-122.133294,37.328867],[-122.146206,37.328842],[-122.146181,37.326196],[-122.150019,37.326186],[-122.150102,37.321161],[-122.151126,37.319384],[-122.151185,37.313391],[-122.161518,37.313391],[-122.161471,37.311614],[-122.1413,37.295353],[-122.143857,37.29126],[-122.151357,37.29126],[-122.151322,37.285394],[-122.148623,37.280554],[-122.150294,37.275423],[-122.147998,37.274793],[-122.1442,37.270162],[-122.140028,37.268898],[-122.137959,37.266723],[-122.135744,37.265577],[-122.134451,37.262873],[-122.13279,37.262051],[-122.132383,37.261316],[-122.128358,37.25917],[-122.126881,37.259406],[-122.125552,37.259288],[-122.124112,37.259758],[-122.118155,37.25577],[-122.117417,37.253595],[-122.113331,37.250038],[-122.110377,37.245687],[-122.105215,37.240118],[-122.104624,37.238678],[-122.105215,37.236326],[-122.105067,37.23515],[-122.104181,37.234268],[-122.102593,37.233827],[-122.100267,37.233533],[-122.09362,37.22974],[-122.093103,37.228829],[-122.093052,37.226489],[-122.092237,37.224776],[-122.090639,37.223504],[-122.084412,37.222491],[-122.080304,37.223478],[-122.078902,37.223088],[-122.077989,37.222335],[-122.077206,37.220777],[-122.075935,37.219791],[-122.073685,37.219246],[-122.07287,37.218726],[-122.072283,37.217584],[-122.071501,37.217091],[-122.069936,37.216649],[-122.06811,37.214468],[-122.067686,37.212573],[-122.067132,37.211664],[-122.066056,37.210859],[-122.065893,37.210469],[-122.058873,37.218739],[-122.055906,37.220219],[-122.0532,37.220219],[-122.052189,37.21835],[-122.035807,37.21026],[-122.039655,37.210389],[-122.046247,37.21326],[-122.042929,37.20785],[-122.037701,37.205289],[-122.03486,37.205108],[-122.03474,37.203355],[-122.043647,37.200397],[-122.042925,37.19937],[-122.040844,37.194823],[-122.040002,37.194672],[-122.037041,37.192637],[-122.037041,37.192327],[-122.035016,37.191985],[-122.031861,37.190961],[-122.03077,37.189984],[-122.030906,37.189301],[-122.031763,37.188624],[-122.031568,37.186855],[-122.033048,37.186328],[-122.033087,37.185087],[-122.031919,37.183721],[-122.03186,37.182526],[-122.030785,37.181762],[-122.030805,37.180784],[-122.028779,37.179186],[-122.027226,37.178525],[-122.027488,37.177936],[-122.027403,37.17744],[-122.026413,37.177192],[-122.027262,37.17487],[-122.026753,37.173901],[-122.025649,37.174465],[-122.025904,37.172977],[-122.026781,37.172684],[-122.026583,37.171489],[-122.027319,37.171579],[-122.027517,37.171038],[-122.026159,37.170362],[-122.026809,37.169528],[-122.025876,37.169663],[-122.025367,37.169099],[-122.025593,37.168536],[-122.026102,37.168581],[-122.0263,37.16822],[-122.025989,37.167611],[-122.02599,37.165922],[-122.027915,37.165559],[-122.029158,37.165573],[-122.03096,37.165824],[-122.033077,37.167386],[-122.04121,37.168288],[-122.04261,37.169515],[-122.042656,37.171528],[-122.047616,37.172369],[-122.047755,37.176845],[-122.052524,37.176911],[-122.055302,37.176098],[-122.058272,37.173409],[-122.058631,37.144382],[-122.054997,37.14059],[-122.055557,37.137952],[-122.057492,37.134949],[-122.056677,37.132757],[-122.056944,37.130683],[-122.056479,37.129833],[-122.056807,37.128679],[-122.055907,37.127988],[-122.048897,37.127929],[-122.048897,37.128559],[-122.047778,37.129226],[-122.047778,37.130677],[-122.047091,37.130594],[-122.047076,37.130927],[-122.044928,37.130737],[-122.044018,37.131248],[-122.044853,37.131855],[-122.044818,37.133562],[-122.043132,37.134847],[-122.039825,37.133492],[-122.037789,37.136241],[-122.035703,37.137096],[-122.032058,37.13573],[-122.032998,37.137835],[-122.031009,37.13846],[-122.029039,37.138686],[-122.028293,37.138294],[-122.028651,37.13802],[-122.028681,37.137449],[-122.026968,37.137266],[-122.026983,37.13685],[-122.027356,37.13597],[-122.028147,37.135458],[-122.026183,37.134913],[-122.026064,37.134545],[-122.025586,37.134402],[-122.024632,37.134521],[-122.023841,37.134402],[-122.023273,37.133938],[-122.021796,37.132867],[-122.018182,37.131505],[-122.018088,37.129491],[-122.017103,37.129122],[-122.018954,37.125828],[-122.018133,37.125019],[-122.019431,37.125424],[-122.019561,37.119016],[-122.020264,37.118574],[-122.020201,37.116259],[-122.021189,37.115033],[-122.021088,37.109863],[-122.021947,37.107758],[-122.021947,37.106043],[-122.012783,37.103842],[-122.008598,37.103672],[-122.007852,37.103247],[-122.003698,37.102925],[-122.002995,37.106288],[-121.999291,37.107098],[-121.999206,37.110972],[-121.996713,37.113112],[-121.99699,37.11493],[-121.997651,37.11566],[-121.998311,37.119007],[-121.995563,37.114811],[-121.99584,37.113622],[-121.995663,37.112699],[-121.995797,37.110196],[-121.991935,37.109347],[-121.992618,37.106675],[-121.991688,37.106016],[-121.991998,37.105055],[-121.990207,37.104533],[-121.989897,37.103819],[-121.991378,37.103489],[-121.991619,37.10294],[-121.990965,37.101731],[-121.992204,37.100577],[-121.99186,37.099808],[-121.992997,37.100001],[-121.99435,37.099692],[-121.995521,37.098319],[-121.995279,37.099747],[-121.996347,37.099472],[-121.99738,37.098786],[-121.999343,37.098181],[-121.99974,37.097519],[-122.001983,37.097153],[-122.001018,37.096922],[-121.99974,37.096999],[-121.998027,37.097885],[-121.996169,37.097173],[-121.995349,37.096664],[-121.993105,37.097107],[-121.991513,37.09703],[-121.989752,37.097588],[-121.989583,37.099031],[-121.988715,37.100435],[-121.988739,37.101898],[-121.988109,37.103054],[-121.985818,37.10292],[-121.985283,37.102487],[-121.982895,37.102353],[-121.982171,37.101699],[-121.981833,37.102064],[-121.980923,37.101973],[-121.977787,37.100396],[-121.977763,37.099972],[-121.976653,37.099953],[-121.975251,37.098265],[-121.975154,37.097034],[-121.978483,37.092993],[-121.978604,37.091857],[-121.977494,37.089827],[-121.977687,37.088768],[-121.978845,37.087402],[-121.978942,37.086074],[-121.976746,37.083072],[-121.974655,37.083427],[-121.973062,37.085371],[-121.971012,37.085852],[-121.968382,37.08514],[-121.967731,37.084082],[-121.96609,37.083716],[-121.965606,37.080925],[-121.96452,37.079944],[-121.962342,37.079418],[-121.959495,37.075684],[-121.960315,37.074703],[-121.959278,37.073702],[-121.959181,37.070583],[-121.955584,37.069419],[-121.954718,37.069896],[-121.949367,37.068767],[-121.949322,37.066063],[-121.947994,37.066039],[-121.945927,37.063694],[-121.942811,37.059045],[-121.94249,37.056078],[-121.939804,37.05501],[-121.939819,37.052863],[-121.938928,37.052495],[-121.9381,37.050566],[-121.938093,37.046412],[-121.938786,37.045832],[-121.938076,37.044564],[-121.93636,37.044375],[-121.935836,37.044807],[-121.935397,37.045819],[-121.934636,37.046304],[-121.932586,37.046661],[-121.931099,37.047565],[-121.930811,37.048239],[-121.92826,37.050505],[-121.927064,37.051128],[-121.926828,37.051938],[-121.925155,37.053097],[-121.924006,37.05446],[-121.924137,37.055577],[-121.922633,37.055166],[-121.922701,37.055719],[-121.919406,37.05874],[-121.917367,37.060701],[-121.913718,37.062592],[-121.911275,37.061878],[-121.911151,37.061033],[-121.907328,37.060677],[-121.906169,37.058697],[-121.904724,37.057957],[-121.887701,37.055928],[-121.887692,37.059754],[-121.878997,37.059546],[-121.875586,37.062017],[-121.875907,37.064685],[-121.873755,37.066035],[-121.873708,37.068219],[-121.871778,37.069296],[-121.869046,37.072404],[-121.869001,37.076302],[-121.859514,37.075871],[-121.859187,37.074737],[-121.858296,37.073647],[-121.856292,37.070911],[-121.855669,37.070805],[-121.854986,37.071563],[-121.854526,37.071279],[-121.853887,37.071196],[-121.853056,37.071456],[-121.852299,37.070319],[-121.84997,37.070721],[-121.84951,37.069453],[-121.850534,37.069228],[-121.849718,37.067523],[-121.848306,37.067942],[-121.847918,37.068675],[-121.845999,37.067942],[-121.84428,37.068017],[-121.844315,37.068468],[-121.843703,37.068139],[-121.843891,37.067585],[-121.843309,37.066643],[-121.84093,37.065074],[-121.840942,37.06664],[-121.842179,37.067401],[-121.841237,37.067824],[-121.84172,37.070764],[-121.839683,37.069505],[-121.837628,37.069035],[-121.834949,37.067003],[-121.828038,37.064777],[-121.829322,37.066814],[-121.826709,37.066308],[-121.823975,37.067501],[-121.823099,37.067393],[-121.822099,37.066092],[-121.820105,37.066442],[-121.819425,37.066189],[-121.818987,37.066285],[-121.816978,37.064742],[-121.815127,37.064598],[-121.812861,37.064815],[-121.811985,37.064803],[-121.810505,37.066924],[-121.809236,37.067225],[-121.809251,37.068189],[-121.808269,37.068623],[-121.806729,37.068708],[-121.805702,37.068141],[-121.803169,37.067854],[-121.800103,37.06748],[-121.793929,37.063027],[-121.792147,37.063883],[-121.785013,37.060873],[-121.782157,37.057091],[-121.776203,37.055028],[-121.771829,37.05272],[-121.764982,37.052524],[-121.76397,37.050559],[-121.765181,37.049421],[-121.762771,37.048178],[-121.760762,37.047804],[-121.758164,37.048825],[-121.758073,37.04997],[-121.754857,37.048421],[-121.754027,37.045625],[-121.751974,37.042649],[-121.74186,37.029528],[-121.739484,37.027321],[-121.730195,37.023595],[-121.736049,37.015739],[-121.728796,37.010399],[-121.726468,37.013479],[-121.723209,37.009931],[-121.71737,37.007705],[-121.728053,36.998013],[-121.726049,36.996677],[-121.726899,36.995398],[-121.728639,36.993171],[-121.731348,36.992129],[-121.73461,36.991671],[-121.738371,36.989738],[-121.736018,36.989169],[-121.732044,36.990038],[-121.717773,36.995711],[-121.718147,36.994576],[-121.714816,36.993172],[-121.709906,36.992833],[-121.710873,36.991851],[-121.711297,36.990557],[-121.710474,36.989382],[-121.709054,36.989183],[-121.708455,36.990099],[-121.706143,36.989101],[-121.705635,36.98638],[-121.69563,36.98553],[-121.695255,36.983312],[-121.695302,36.980243],[-121.697106,36.978679],[-121.697846,36.977518],[-121.697856,36.97223],[-121.692045,36.968102],[-121.687903,36.967596],[-121.685231,36.96784],[-121.684002,36.966731],[-121.679721,36.96746],[-121.674488,36.9648],[-121.672862,36.964832],[-121.669652,36.963565],[-121.666085,36.96385],[-121.665173,36.96347],[-121.663667,36.957769],[-121.665054,36.954792],[-121.663707,36.951466],[-121.660309,36.950528],[-121.650785,36.932334],[-121.641238,36.932188],[-121.64152,36.936885],[-121.637066,36.939171],[-121.632942,36.939323],[-121.63109,36.940973],[-121.626011,36.939734],[-121.623901,36.93761],[-121.623812,36.939662],[-121.607134,36.926334],[-121.591071,36.926274],[-121.590958,36.919327],[-121.581784,36.919265],[-121.581634,36.900422],[-121.575665,36.894547],[-121.570972,36.898137],[-121.560098,36.897566],[-121.559996,36.903889],[-121.558656,36.910278],[-121.556411,36.911869],[-121.553503,36.915173],[-121.540927,36.920205],[-121.540774,36.925262],[-121.517045,36.942681],[-121.511944,36.948133],[-121.512028,36.952598],[-121.510241,36.953501],[-121.510206,36.956476],[-121.512243,36.957907],[-121.512454,36.958945],[-121.511611,36.959534],[-121.510031,36.959506],[-121.509363,36.960039],[-121.50883,36.962694],[-121.507987,36.963788],[-121.505564,36.964013],[-121.504444,36.967783],[-121.50173,36.972003],[-121.498871,36.975101],[-121.489112,36.983001],[-121.471285,36.978162],[-121.474096,36.983737],[-121.466245,36.983272],[-121.463774,36.984705],[-121.462562,36.985595],[-121.457764,36.987763],[-121.454566,36.987763],[-121.451125,36.989156],[-121.449187,36.988924],[-121.441288,36.984666],[-121.439059,36.982072],[-121.437799,36.978472],[-121.436442,36.97704],[-121.4346,36.973942],[-121.432323,36.972626],[-121.430093,36.972278],[-121.425829,36.973052],[-121.418996,36.971039],[-121.413181,36.9686],[-121.405378,36.961901],[-121.401065,36.960933],[-121.399321,36.961165],[-121.399528,36.996829],[-121.379954,36.99687],[-121.389798,37.004374],[-121.385883,37.006964],[-121.403556,37.017682],[-121.395735,37.024477],[-121.403006,37.028764],[-121.397525,37.033228],[-121.386787,37.028853],[-121.382872,37.031353],[-121.368219,37.015546],[-121.373811,37.0059],[-121.370232,37.003577],[-121.367547,37.005989],[-121.360836,37.009026],[-121.362626,37.020905],[-121.384978,37.04741],[-121.394821,37.048035],[-121.406128,37.036326],[-121.416879,37.037155],[-121.425492,37.033157],[-121.435283,37.033848],[-121.448761,37.03295],[-121.453646,37.034058],[-121.453959,37.034744],[-121.455677,37.034028],[-121.456111,37.036751],[-121.45856,37.04326],[-121.463615,37.04717],[-121.477807,37.072205],[-121.470663,37.073296],[-121.467714,37.076384],[-121.467235,37.079236],[-121.468083,37.080559],[-121.469483,37.081529],[-121.470036,37.083734],[-121.467493,37.085427],[-121.46823,37.087985],[-121.469852,37.088778],[-121.469925,37.089778],[-121.468083,37.09113],[-121.473062,37.099857],[-121.472767,37.101268],[-121.477009,37.112948],[-121.4811,37.117268],[-121.482658,37.130098],[-121.484192,37.138255],[-121.493852,37.155513],[-121.491853,37.159141],[-121.494185,37.161176],[-121.498737,37.169758],[-121.495325,37.172975],[-121.484223,37.173506],[-121.479004,37.175029],[-121.470344,37.183256],[-121.468558,37.195944],[-121.464783,37.195856],[-121.460564,37.198243],[-121.458898,37.202665],[-121.461275,37.204057],[-121.458291,37.206539],[-121.460638,37.222291],[-121.468907,37.237488],[-121.457786,37.235914],[-121.429071,37.255802],[-121.531993,37.469561]]]},"properties":{"code":"[408,669]"}},{"type":"Feature","geometry":{"type":"Polygon","coordinates":[[[-104.039681,44.998041],[-104.040128,44.999987],[-104.039563,45.124039],[-104.039977,45.124988],[-104.040136,45.212891],[-104.040358,45.335946],[-104.040265,45.345356],[-104.040114,45.374214],[-104.04041,45.393474],[-104.040816,45.462708],[-104.041764,45.490789],[-104.041274,45.499994],[-104.041145,45.503367],[-104.041717,45.539122],[-104.041647,45.550691],[-104.041937,45.557915],[-104.042597,45.749998],[-104.043814,45.868385],[-104.044009,45.871974],[-104.04403,45.881971],[-104.04403,45.881975],[-104.045443,45.94531],[-104.046822,46.000199],[-104.045759,46.123946],[-104.045237,46.125002],[-104.045417,46.280188],[-104.045469,46.324545],[-104.045462,46.341895],[-104.045481,46.366871],[-104.046103,46.383916],[-104.045045,46.509788],[-104.045098,46.540929],[-104.045271,46.641443],[-104.045271,46.641449],[-104.045474,46.708738],[-104.045572,46.713881],[-104.04537,46.721332],[-104.045403,46.722177],[-104.045402,46.725423],[-104.045901,46.83079],[-104.045542,46.933887],[-104.045535,46.934009],[-104.045566,46.941231],[-104.045076,47.037589],[-104.045052,47.040863],[-104.045195,47.053639],[-104.045227,47.057502],[-104.045259,47.063901],[-104.045354,47.078574],[-104.045018,47.081202],[-104.045081,47.092813],[-104.044788,47.12743],[-104.045517,47.215666],[-104.045159,47.263874],[-104.045091,47.265953],[-104.045057,47.266868],[-104.045088,47.271406],[-104.045155,47.27393],[-104.045121,47.276969],[-104.045307,47.330128],[-104.045313,47.331955],[-104.045333,47.343452],[-104.044863,47.375015],[-104.045069,47.397461],[-104.044797,47.438445],[-104.044621,47.45938],[-104.044109,47.523595],[-104.043912,47.603229],[-104.044241,47.612288],[-104.043742,47.625016],[-104.043242,47.747106],[-104.043199,47.747292],[-104.042384,47.803256],[-104.042432,47.805358],[-104.042567,47.808237],[-104.041869,47.841699],[-104.041662,47.862282],[-104.04223,47.891031],[-104.043329,47.949554],[-104.043497,47.95449],[-104.043933,47.971515],[-104.044162,47.992836],[-104.04412,47.996107],[-104.045399,48.16439],[-104.045498,48.176249],[-104.045424,48.192473],[-104.04556,48.193913],[-104.045692,48.241415],[-104.045729,48.244586],[-104.045645,48.246179],[-104.045861,48.255097],[-104.046039,48.256761],[-104.046332,48.34229],[-104.046371,48.374154],[-104.046654,48.374773],[-104.046913,48.389429],[-104.046913,48.389433],[-104.046969,48.390675],[-104.047134,48.411057],[-104.04696,48.421065],[-104.04709,48.445903],[-104.047192,48.447251],[-104.047294,48.452529],[-104.047259,48.452941],[-104.047392,48.467086],[-104.047555,48.49414],[-104.048054,48.500025],[-104.047675,48.517852],[-104.047513,48.525913],[-104.047876,48.530798],[-104.047648,48.531489],[-104.047783,48.539737],[-104.047811,48.56277],[-104.047974,48.591606],[-104.048212,48.599055],[-104.04793,48.62019],[-104.047586,48.625644],[-104.04762,48.627015],[-104.047582,48.633976],[-104.047582,48.633984],[-104.047819,48.648631],[-104.047887,48.649911],[-104.047865,48.65745],[-104.047861,48.658856],[-104.047849,48.663163],[-104.047883,48.664191],[-104.04834,48.747133],[-104.048548,48.751356],[-104.048233,48.765636],[-104.048537,48.788552],[-104.048569,48.797052],[-104.0489,48.847387],[-104.048652,48.865734],[-104.048824,48.867539],[-104.048883,48.874008],[-104.048893,48.875739],[-104.048719,48.879921],[-104.048643,48.902609],[-104.048746,48.906858],[-104.048744,48.912113],[-104.048807,48.933636],[-104.048701,48.940331],[-104.04877,48.943301],[-104.048872,48.94963],[-104.048698,48.951823],[-104.048627,48.957124],[-104.0488,48.958997],[-104.048555,48.963772],[-104.048616,48.966736],[-104.048478,48.987007],[-104.048736,48.999877],[-104.543636,48.999541],[-104.647389,48.999344],[-104.875527,48.998991],[-105.057514,48.999229],[-105.265192,48.9995],[-105.277521,48.999457],[-105.355888,48.999357],[-105.38749,48.999382],[-105.391379,48.999475],[-105.407909,48.99948],[-105.411972,48.999582],[-105.522636,48.999591],[-105.578616,48.999673],[-105.607542,48.999624],[-105.612577,48.999703],[-105.65027,48.999444],[-105.775808,48.999637],[-105.834181,48.999707],[-105.966197,48.999445],[-106.050543,48.999207],[-106.112108,48.999279],[-106.233987,48.999423],[-106.243154,48.999373],[-106.24621,48.999258],[-106.274267,48.999312],[-106.368151,48.999503],[-106.374616,48.999617],[-106.479609,48.999372],[-106.500592,48.999443],[-106.500592,48.999756],[-106.518201,48.999564],[-106.617539,48.999583],[-106.625597,48.99964],[-107.179864,48.999925],[-107.363582,49.000019],[-107.441017,48.999363],[-107.704696,48.999872],[-108.236496,48.99953],[-108.488063,48.999368],[-108.543194,48.999377],[-108.994722,48.999237],[-109.000708,48.999234],[-109.060292,48.999621],[-109.06057,48.999666],[-109.250722,49.000011],[-109.285975,49.000479],[-109.384068,49.000374],[-109.384762,49.000397],[-109.437397,49.000631],[-109.454023,49.001132],[-109.489694,49.000604],[-109.500737,49.00044],[-109.995618,48.999642],[-110.171595,48.999262],[-110.215516,48.999197],[-110.216135,48.999239],[-110.438151,48.999188],[-110.531615,48.99839],[-110.592465,48.999012],[-110.743211,48.998557],[-110.886706,48.998124],[-110.887459,48.998087],[-111.003916,48.997537],[-111.270701,48.997229],[-111.500812,48.996963],[-111.761613,48.99765],[-111.761679,48.997614],[-111.85409,48.998039],[-111.854088,48.998067],[-112.000878,48.998921],[-112.003866,48.99857],[-112.143769,48.998917],[-112.193588,48.9989],[-113.009895,48.998619],[-113.011041,48.998643],[-113.085576,48.998581],[-113.087863,48.998557],[-113.092055,48.998543],[-113.095436,48.998533],[-113.098147,48.998494],[-113.103212,48.99853],[-113.106891,48.998501],[-113.110155,48.99855],[-113.116356,48.998462],[-113.19474,48.998909],[-113.356874,48.998224],[-113.375925,48.998562],[-113.576118,48.998478],[-113.692982,48.997632],[-113.864127,48.998276],[-113.907487,48.998858],[-114.059188,48.998856],[-114.068153,48.998919],[-114.180211,48.999703],[-114.201107,48.999249],[-114.224912,48.999687],[-114.250971,49.000905],[-114.375977,49.00139],[-114.674398,49.000679],[-114.678217,49.000725],[-114.728212,49.000584],[-115.207912,48.999228],[-115.501016,49.000694],[-115.990685,49.000909],[-116.001196,49.000919],[-116.049193,49.000912],[-116.049526,49.000337],[-116.049724,47.976888],[-116.039414,47.970936],[-116.029988,47.971934],[-116.018083,47.962612],[-116.007685,47.949309],[-115.993361,47.928397],[-115.983851,47.915739],[-115.965636,47.911086],[-115.968605,47.899506],[-115.958772,47.898177],[-115.944554,47.885618],[-115.926409,47.867158],[-115.916983,47.853639],[-115.90194,47.842823],[-115.879528,47.85063],[-115.873211,47.833781],[-115.852536,47.827761],[-115.846445,47.786119],[-115.835664,47.775846],[-115.836569,47.762551],[-115.829369,47.752888],[-115.805926,47.759564],[-115.78608,47.74748],[-115.787011,47.729924],[-115.776397,47.718676],[-115.759204,47.718667],[-115.724032,47.69855],[-115.727757,47.673556],[-115.737737,47.653491],[-115.73147,47.643771],[-115.711581,47.636238],[-115.690394,47.618634],[-115.700385,47.609819],[-115.687818,47.59513],[-115.760518,47.549446],[-115.746887,47.539967],[-115.707283,47.535513],[-115.696114,47.529425],[-115.713452,47.521727],[-115.691195,47.501967],[-115.688256,47.486184],[-115.666844,47.489073],[-115.661839,47.478789],[-115.629274,47.480289],[-115.644259,47.457747],[-115.686678,47.456696],[-115.747436,47.441706],[-115.756279,47.424306],[-115.719395,47.421538],[-115.663465,47.404634],[-115.642536,47.376424],[-115.616101,47.383481],[-115.551789,47.353603],[-115.526188,47.2996],[-115.459898,47.278953],[-115.42383,47.280587],[-115.414194,47.266472],[-115.320886,47.25556],[-115.292562,47.211437],[-115.299983,47.188743],[-115.260318,47.180602],[-115.244962,47.152236],[-115.198255,47.14253],[-115.173651,47.105972],[-115.146075,47.103809],[-115.145946,47.0891],[-115.106411,47.048377],[-115.088924,47.049112],[-115.049907,46.970392],[-115.0152,46.975857],[-114.92407,46.918802],[-114.940099,46.90183],[-114.929351,46.880635],[-114.950106,46.861863],[-114.927493,46.848018],[-114.924852,46.830076],[-114.897363,46.820282],[-114.894713,46.802292],[-114.865138,46.812936],[-114.849384,46.798209],[-114.801219,46.777918],[-114.788857,46.783475],[-114.783925,46.768033],[-114.766381,46.758469],[-114.765691,46.744257],[-114.789138,46.71149],[-114.771232,46.704572],[-114.771124,46.6988],[-114.750287,46.697256],[-114.746117,46.712639],[-114.711043,46.715828],[-114.701349,46.740007],[-114.64947,46.733521],[-114.626562,46.713147],[-114.622282,46.694365],[-114.640449,46.666884],[-114.634697,46.660251],[-114.619943,46.659074],[-114.610841,46.648526],[-114.616828,46.641887],[-114.593448,46.634452],[-114.538093,46.647287],[-114.471837,46.634255],[-114.455392,46.639863],[-114.460155,46.648757],[-114.429368,46.658539],[-114.357441,46.668194],[-114.327933,46.656844],[-114.320803,46.614691],[-114.346255,46.591939],[-114.333055,46.576561],[-114.347299,46.508497],[-114.403126,46.502696],[-114.390196,46.452957],[-114.370089,46.43747],[-114.385459,46.433395],[-114.386692,46.41545],[-114.426508,46.388528],[-114.40994,46.363994],[-114.414549,46.338591],[-114.436228,46.307641],[-114.424272,46.286769],[-114.444873,46.272528],[-114.466061,46.273408],[-114.46794,46.25029],[-114.452715,46.24107],[-114.445392,46.221324],[-114.452742,46.215872],[-114.442928,46.202697],[-114.447466,46.167676],[-114.458398,46.170583],[-114.474148,46.160928],[-114.488081,46.167614],[-114.512879,46.168145],[-114.516514,46.155185],[-114.528658,46.147641],[-114.517728,46.137093],[-114.521371,46.126186],[-114.508614,46.119871],[-114.475147,46.113984],[-114.45885,46.095031],[-114.464448,46.079375],[-114.471726,46.077688],[-114.468057,46.065543],[-114.494772,46.044561],[-114.50452,46.041183],[-114.506945,46.031445],[-114.492338,46.027209],[-114.480789,46.031008],[-114.470481,46.014554],[-114.489294,46.006511],[-114.479538,45.992946],[-114.461986,45.998532],[-114.449199,45.988382],[-114.434564,45.989198],[-114.412117,45.978662],[-114.400971,45.958649],[-114.43172,45.936543],[-114.416556,45.923434],[-114.414171,45.912024],[-114.387909,45.89103],[-114.396153,45.872326],[-114.406439,45.871067],[-114.410019,45.851981],[-114.442471,45.861652],[-114.474464,45.84568],[-114.486414,45.851601],[-114.506358,45.849071],[-114.51841,45.83688],[-114.513021,45.828876],[-114.531705,45.819202],[-114.53102,45.811198],[-114.546265,45.791025],[-114.566596,45.773856],[-114.558497,45.764724],[-114.545242,45.758155],[-114.548098,45.743966],[-114.536759,45.74034],[-114.525863,45.728476],[-114.506876,45.723211],[-114.493738,45.703126],[-114.513693,45.684409],[-114.502805,45.683024],[-114.498864,45.668557],[-114.519567,45.653193],[-114.567531,45.638561],[-114.540535,45.60719],[-114.553884,45.585703],[-114.567944,45.555849],[-114.526807,45.570306],[-114.500874,45.556347],[-114.488916,45.563316],[-114.459058,45.56123],[-114.465989,45.54727],[-114.448025,45.541676],[-114.423624,45.511123],[-114.374554,45.494355],[-114.340762,45.459523],[-114.270188,45.48305],[-114.259456,45.509907],[-114.248222,45.521755],[-114.250319,45.547064],[-114.193318,45.536303],[-114.162816,45.553323],[-114.138675,45.58082],[-114.0894,45.589879],[-114.071804,45.625971],[-114.016912,45.649027],[-114.026959,45.675556],[-114.01869,45.693664],[-113.973878,45.701348],[-113.963672,45.69017],[-113.936585,45.694358],[-113.932495,45.671281],[-113.897747,45.647557],[-113.905311,45.6221],[-113.856711,45.62215],[-113.808817,45.605264],[-113.796167,45.582749],[-113.817271,45.565842],[-113.831236,45.521827],[-113.771229,45.520472],[-113.762396,45.483406],[-113.782802,45.46114],[-113.777224,45.416385],[-113.739986,45.40054],[-113.734645,45.361032],[-113.736486,45.332078],[-113.685624,45.283311],[-113.689265,45.260873],[-113.661533,45.246429],[-113.639445,45.214865],[-113.592483,45.184487],[-113.597724,45.163251],[-113.566046,45.150096],[-113.573183,45.130151],[-113.509539,45.114309],[-113.518654,45.094371],[-113.484364,45.0632],[-113.461754,45.066507],[-113.45023,45.05923],[-113.452385,45.024173],[-113.440307,45.007646],[-113.448151,44.99972],[-113.445509,44.956548],[-113.50142,44.943832],[-113.474903,44.907836],[-113.479556,44.897849],[-113.465822,44.887254],[-113.458506,44.866689],[-113.431139,44.858007],[-113.422128,44.838834],[-113.386231,44.838834],[-113.355966,44.820867],[-113.348301,44.799547],[-113.35759,44.793538],[-113.342047,44.785607],[-113.244564,44.821094],[-113.13019,44.769642],[-113.138506,44.757692],[-113.104416,44.731734],[-113.103474,44.709696],[-113.071821,44.679654],[-113.066724,44.650199],[-113.050701,44.63151],[-113.060123,44.61681],[-113.069699,44.6168],[-113.090644,44.600782],[-113.066665,44.588805],[-113.070293,44.580803],[-113.037215,44.56446],[-113.048459,44.546396],[-113.007855,44.522287],[-113.01759,44.506908],[-113.029012,44.49622],[-113.010686,44.472011],[-113.004843,44.451737],[-112.906248,44.398727],[-112.8893,44.407448],[-112.883681,44.382607],[-112.848709,44.357014],[-112.814678,44.379152],[-112.810937,44.38857],[-112.840887,44.426183],[-112.828785,44.441573],[-112.781839,44.483889],[-112.745739,44.491319],[-112.73835,44.4994],[-112.714898,44.503206],[-112.629747,44.485669],[-112.606646,44.4904],[-112.582172,44.479624],[-112.546742,44.485674],[-112.49869,44.462085],[-112.469554,44.477675],[-112.434666,44.454753],[-112.409956,44.457426],[-112.385366,44.447975],[-112.368307,44.464169],[-112.357348,44.488409],[-112.356379,44.538401],[-112.315496,44.537726],[-112.316363,44.553968],[-112.289716,44.567431],[-112.230069,44.564727],[-112.227246,44.547183],[-112.180205,44.533698],[-112.167063,44.541101],[-112.136879,44.539082],[-112.107658,44.52092],[-112.09821,44.530338],[-112.066868,44.53841],[-112.035006,44.529665],[-112.030035,44.546488],[-111.976676,44.536392],[-111.947745,44.555917],[-111.869502,44.564675],[-111.850048,44.532785],[-111.807034,44.509149],[-111.697913,44.557712],[-111.618275,44.550791],[-111.594987,44.563278],[-111.517673,44.535589],[-111.464937,44.545274],[-111.511431,44.564671],[-111.526711,44.610408],[-111.503341,44.631193],[-111.516999,44.643658],[-111.489431,44.643681],[-111.471237,44.681698],[-111.490858,44.705367],[-111.3995,44.719439],[-111.399331,44.749869],[-111.382066,44.75965],[-111.356845,44.727841],[-111.331406,44.731965],[-111.219485,44.620688],[-111.239478,44.61417],[-111.230756,44.578058],[-111.185009,44.570288],[-111.178519,44.55317],[-111.12998,44.533683],[-111.139262,44.518732],[-111.130911,44.49985],[-111.116538,44.493232],[-111.103095,44.487276],[-111.053688,44.477326],[-111.053239,44.478021],[-111.054196,45.001475],[-104.056781,44.997729],[-104.039681,44.998041]]]},"properties":{"code":"[406]"}},{"type":"Feature","geometry":{"type":"Polygon","coordinates":[[[-98.955155,35.160075],[-98.955062,35.11653],[-98.90247,35.1164],[-98.79697,35.116434],[-98.796949,35.102151],[-98.761456,35.101746],[-98.761528,35.103134],[-98.760514,35.103134],[-98.760523,35.104008],[-98.74507,35.103859],[-98.745144,35.101893],[-98.743917,35.101832],[-98.743951,35.098198],[-98.74254,35.098148],[-98.742555,35.097552],[-98.741418,35.097143],[-98.73937,35.095678],[-98.738636,35.095349],[-98.736997,35.095063],[-98.737892,35.096069],[-98.738636,35.096019],[-98.739668,35.097],[-98.739607,35.097261],[-98.740062,35.097869],[-98.740138,35.098427],[-98.73985,35.098576],[-98.739166,35.099546],[-98.738362,35.099534],[-98.737861,35.098801],[-98.736268,35.097262],[-98.736298,35.096698],[-98.735964,35.096214],[-98.735296,35.095681],[-98.733673,35.095718],[-98.733734,35.096227],[-98.729894,35.098585],[-98.729075,35.098772],[-98.725378,35.098162],[-98.723997,35.098286],[-98.722799,35.098982],[-98.722151,35.100479],[-98.720391,35.102576],[-98.719266,35.105997],[-98.719179,35.107032],[-98.718451,35.108683],[-98.717222,35.109167],[-98.715174,35.108372],[-98.713521,35.106941],[-98.712322,35.104993],[-98.71164,35.104744],[-98.710032,35.10539],[-98.708742,35.105725],[-98.706378,35.10727],[-98.70524,35.108313],[-98.703844,35.110249],[-98.702454,35.110839],[-98.700026,35.110814],[-98.699465,35.110951],[-98.698843,35.111447],[-98.696914,35.11192],[-98.695852,35.111932],[-98.693986,35.111076],[-98.692682,35.109996],[-98.692106,35.108999],[-98.691409,35.108615],[-98.690256,35.108627],[-98.689118,35.108701],[-98.687267,35.109024],[-98.68663,35.108813],[-98.686492,35.107862],[-98.684915,35.106995],[-98.684241,35.106966],[-98.683278,35.107458],[-98.682845,35.10796],[-98.682914,35.108538],[-98.682794,35.109079],[-98.682577,35.109227],[-98.682264,35.109237],[-98.681843,35.109099],[-98.681446,35.108813],[-98.680555,35.108833],[-98.68023,35.10901],[-98.679249,35.108994],[-98.678562,35.108857],[-98.678213,35.108571],[-98.678057,35.108217],[-98.677708,35.108098],[-98.677287,35.108049],[-98.675746,35.108551],[-98.674567,35.109182],[-98.674049,35.109871],[-98.674097,35.11059],[-98.674302,35.110954],[-98.674579,35.111131],[-98.674759,35.111515],[-98.674626,35.113248],[-98.674906,35.114071],[-98.67422,35.115321],[-98.673522,35.115636],[-98.673053,35.115951],[-98.672896,35.116325],[-98.673065,35.116788],[-98.67286,35.117359],[-98.67221,35.117674],[-98.672066,35.118097],[-98.67215,35.118471],[-98.672018,35.119062],[-98.669643,35.119281],[-98.66248,35.118042],[-98.660964,35.119056],[-98.65876,35.122605],[-98.658115,35.122852],[-98.656472,35.122877],[-98.655743,35.122454],[-98.655256,35.121808],[-98.654435,35.121435],[-98.652914,35.12146],[-98.652276,35.122305],[-98.652367,35.12427],[-98.65182,35.124743],[-98.650543,35.124295],[-98.650573,35.123599],[-98.650178,35.123027],[-98.649265,35.122579],[-98.648049,35.122405],[-98.647106,35.121683],[-98.646528,35.119569],[-98.645586,35.1184],[-98.646042,35.118102],[-98.646863,35.118375],[-98.649417,35.115813],[-98.650603,35.11549],[-98.65036,35.115017],[-98.645099,35.11151],[-98.642423,35.112082],[-98.640416,35.114644],[-98.639717,35.118325],[-98.63923,35.119967],[-98.640014,35.122866],[-98.639558,35.123538],[-98.63673,35.122369],[-98.635757,35.121946],[-98.630713,35.117616],[-98.629101,35.115153],[-98.628949,35.113685],[-98.629311,35.110479],[-98.628217,35.109459],[-98.625662,35.10931],[-98.625231,35.108443],[-98.625049,35.105184],[-98.625474,35.103442],[-98.625383,35.102323],[-98.623312,35.099008],[-98.623068,35.098062],[-98.621974,35.097192],[-98.62094,35.097515],[-98.62021,35.098834],[-98.620604,35.100603],[-98.619477,35.101699],[-98.618139,35.101898],[-98.618109,35.147443],[-98.617296,35.146013],[-98.616157,35.146113],[-98.616157,35.143653],[-98.613027,35.140429],[-98.611116,35.137304],[-98.608149,35.135242],[-98.608149,35.13368],[-98.605669,35.132017],[-98.604408,35.132882],[-98.601034,35.132416],[-98.600786,35.160588],[-98.565347,35.160907],[-98.56539,35.175319],[-98.56169,35.17542],[-98.558225,35.175627],[-98.554591,35.175386],[-98.530214,35.17553],[-98.530196,35.117454],[-98.525367,35.117451],[-98.525262,35.101028],[-98.523865,35.101028],[-98.522468,35.103229],[-98.522747,35.104772],[-98.524564,35.106659],[-98.522468,35.106201],[-98.520791,35.106401],[-98.517332,35.104887],[-98.516797,35.106409],[-98.516343,35.108095],[-98.516517,35.109582],[-98.51753,35.11041],[-98.517391,35.110896],[-98.514875,35.110382],[-98.515069,35.043802],[-98.49784,35.043803],[-98.497845,35.014528],[-98.497879,34.9856],[-98.480114,34.985621],[-98.480134,34.97109],[-98.497772,34.971031],[-98.497782,34.968557],[-98.481486,34.956058],[-98.461491,34.945701],[-98.450164,34.942147],[-98.444565,34.942004],[-98.339192,34.942138],[-98.338992,34.927571],[-98.28645,34.927689],[-98.286437,34.956582],[-98.277768,34.956535],[-98.277677,34.953041],[-98.268944,34.95299],[-98.268913,34.942115],[-98.197865,34.941884],[-98.19668,34.94132],[-98.193277,34.940797],[-98.192319,34.941145],[-98.191787,34.941901],[-98.18076,34.941943],[-98.180952,34.927528],[-98.147688,34.927513],[-98.150146,34.924142],[-98.152917,34.922676],[-98.157342,34.922529],[-98.163372,34.920854],[-98.163327,34.913122],[-98.154489,34.913067],[-98.154489,34.898626],[-98.145527,34.898692],[-98.145367,34.884093],[-98.128302,34.884076],[-98.128257,34.855116],[-98.088947,34.854967],[-98.088997,34.826267],[-98.071855,34.826208],[-98.071991,34.797244],[-98.036835,34.7975],[-98.036906,34.783026],[-98.019211,34.78315],[-98.019237,34.826583],[-98.001705,34.826613],[-98.001588,34.841126],[-97.999714,34.841172],[-97.999317,34.841532],[-97.997816,34.841549],[-97.997727,34.854942],[-97.952796,34.854947],[-97.95421,34.849437],[-97.958794,34.841777],[-97.95691,34.841403],[-97.956545,34.840829],[-97.954691,34.84527],[-97.953019,34.847215],[-97.949037,34.851057],[-97.948968,34.847158],[-97.931744,34.847211],[-97.931765,34.825164],[-97.925188,34.825176],[-97.925188,34.826839],[-97.914166,34.826863],[-97.914153,34.79794],[-97.870274,34.797804],[-97.870314,34.78886],[-97.868273,34.788774],[-97.868378,34.783361],[-97.83678,34.783269],[-97.835343,34.782325],[-97.835199,34.77721],[-97.833906,34.775951],[-97.826411,34.775851],[-97.826437,34.7687],[-97.808809,34.768582],[-97.808844,34.739648],[-97.791279,34.739554],[-97.791136,34.754037],[-97.786873,34.754076],[-97.78601,34.759351],[-97.786154,34.762853],[-97.783353,34.762832],[-97.782299,34.763226],[-97.781245,34.764643],[-97.780287,34.764957],[-97.772943,34.764945],[-97.771793,34.764236],[-97.767399,34.759958],[-97.766728,34.756967],[-97.76577,34.756062],[-97.764477,34.75555],[-97.761459,34.755589],[-97.759064,34.754094],[-97.747322,34.754003],[-97.747306,34.750441],[-97.746887,34.750647],[-97.746519,34.752889],[-97.745916,34.753797],[-97.745063,34.754058],[-97.685903,34.75399],[-97.685914,34.768229],[-97.684945,34.768494],[-97.683278,34.768207],[-97.682471,34.768229],[-97.678679,34.76856],[-97.668298,34.768482],[-97.668317,34.754009],[-97.633398,34.777692],[-97.63263,34.774986],[-97.633454,34.773786],[-97.6333,34.728483],[-97.630177,34.728544],[-97.626543,34.730122],[-97.625446,34.731897],[-97.62267,34.734179],[-97.622121,34.737925],[-97.621558,34.738668],[-97.621531,34.739361],[-97.618933,34.739442],[-97.617601,34.74009],[-97.615779,34.742686],[-97.613875,34.743177],[-97.613195,34.744161],[-97.610585,34.745613],[-97.610725,34.748002],[-97.61029,34.750617],[-97.609039,34.752359],[-97.610127,34.753834],[-97.598125,34.753822],[-97.598207,34.757128],[-97.58377,34.757179],[-97.581986,34.759448],[-97.58068,34.760052],[-97.580544,34.761012],[-97.580871,34.762241],[-97.580735,34.762732],[-97.575976,34.762732],[-97.57578,34.759715],[-97.57491,34.758933],[-97.573632,34.756989],[-97.570049,34.756814],[-97.568798,34.757954],[-97.568825,34.758445],[-97.569396,34.759428],[-97.569583,34.762796],[-97.565204,34.762819],[-97.565133,34.768151],[-97.547874,34.768195],[-97.546949,34.767972],[-97.546405,34.768553],[-97.545345,34.770586],[-97.545503,34.782732],[-97.518712,34.782712],[-97.518688,34.790522],[-97.510352,34.790499],[-97.510464,34.768252],[-97.49573,34.768285],[-97.491296,34.770881],[-97.486251,34.772964],[-97.484841,34.773823],[-97.484136,34.773861],[-97.480589,34.77485],[-97.477474,34.77528],[-97.477121,34.774965],[-97.477144,34.773135],[-97.476848,34.771491],[-97.476917,34.768372],[-97.475278,34.768314],[-97.440642,34.768296],[-97.44043,34.753685],[-97.405412,34.753861],[-97.405492,34.768242],[-97.387886,34.768227],[-97.387604,34.746466],[-97.374228,34.746676],[-97.359801,34.738513],[-97.358403,34.738387],[-97.356629,34.738737],[-97.35706,34.733089],[-97.352825,34.731502],[-97.34855,34.731603],[-97.353549,34.724602],[-97.344163,34.724547],[-97.344053,34.721011],[-97.335567,34.72106],[-97.335633,34.710121],[-97.335519,34.681076],[-97.317647,34.681012],[-97.317896,34.670176],[-97.321315,34.666567],[-97.317883,34.666588],[-97.317828,34.651978],[-97.317732,34.622902],[-97.320562,34.622932],[-97.320644,34.616253],[-97.326258,34.612673],[-97.326258,34.608673],[-97.323857,34.606845],[-97.324001,34.602367],[-97.330832,34.597156],[-97.330708,34.579515],[-97.336649,34.579524],[-97.33658,34.57931],[-97.335214,34.57921],[-97.334979,34.539889],[-97.325361,34.536662],[-97.31753,34.537075],[-97.31739,34.53231],[-97.317331,34.519442],[-97.316119,34.518193],[-97.316422,34.516945],[-97.313013,34.516508],[-97.317559,34.506862],[-97.255108,34.506647],[-97.263941,34.435037],[-97.253655,34.433607],[-97.252429,34.433848],[-97.251247,34.434587],[-97.24803,34.435057],[-97.245749,34.433646],[-97.241961,34.432504],[-97.235321,34.43331],[-97.230998,34.434827],[-97.226232,34.435364],[-97.224888,34.43607],[-97.223789,34.437481],[-97.221537,34.435753],[-97.218696,34.435871],[-97.215242,34.436436],[-97.21366,34.436347],[-97.21215,34.437207],[-97.205134,34.438693],[-97.203408,34.438722],[-97.201681,34.439493],[-97.201578,34.449786],[-97.200272,34.449822],[-97.198606,34.453504],[-97.195875,34.454213],[-97.194447,34.454359],[-97.193403,34.454955],[-97.192665,34.455961],[-97.193098,34.458145],[-97.19359,34.45928],[-97.193269,34.461014],[-97.19245,34.463105],[-97.192721,34.464146],[-97.192346,34.464882],[-97.192667,34.466295],[-97.193899,34.467399],[-97.194334,34.469323],[-97.19562,34.471325],[-97.194977,34.47209],[-97.194879,34.472527],[-97.193879,34.472659],[-97.193908,34.469676],[-97.17471,34.469702],[-97.175192,34.472443],[-97.173476,34.476024],[-97.173721,34.477574],[-97.172256,34.479494],[-97.171429,34.480485],[-97.168724,34.480423],[-97.167343,34.482537],[-97.167118,34.483899],[-97.167681,34.4852],[-97.161437,34.487896],[-97.157385,34.489917],[-97.158368,34.498688],[-97.157644,34.499413],[-97.155885,34.499413],[-97.15573,34.506467],[-97.141186,34.506292],[-97.141059,34.507841],[-97.141592,34.508281],[-97.145176,34.509349],[-97.149827,34.511967],[-97.151356,34.513058],[-97.152766,34.515074],[-97.152507,34.516189],[-97.149923,34.520113],[-97.149961,34.522286],[-97.151807,34.523715],[-97.156496,34.521829],[-97.158047,34.522347],[-97.158933,34.524183],[-97.159081,34.526313],[-97.160078,34.529172],[-97.16244,34.531179],[-97.162514,34.533095],[-97.157493,34.536471],[-97.156755,34.538022],[-97.157309,34.539042],[-97.160558,34.539376],[-97.162994,34.540471],[-97.164213,34.54187],[-97.164582,34.544759],[-97.162773,34.549534],[-97.161549,34.550055],[-97.159555,34.549599],[-97.158078,34.551697],[-97.159371,34.552184],[-97.161549,34.553917],[-97.162878,34.555529],[-97.164835,34.559542],[-97.156893,34.562842],[-97.157484,34.564301],[-97.162764,34.562902],[-97.165348,34.562599],[-97.169151,34.564271],[-97.172658,34.565032],[-97.174764,34.569904],[-97.173841,34.572914],[-97.165719,34.571606],[-97.165128,34.573674],[-97.171805,34.578012],[-97.173873,34.585156],[-97.16767,34.58549],[-97.167338,34.587162],[-97.168959,34.590758],[-97.169845,34.594193],[-97.178927,34.59553],[-97.182398,34.596472],[-97.189064,34.595147],[-97.190356,34.596697],[-97.198346,34.613324],[-97.194321,34.615265],[-97.195921,34.619154],[-97.199798,34.622709],[-97.142598,34.6226],[-97.142422,34.637137],[-97.090132,34.636979],[-97.090269,34.753135],[-97.055522,34.752938],[-97.055399,34.855479],[-97.003066,34.855292],[-96.930761,34.854624],[-96.930654,34.954399],[-96.929635,34.965534],[-96.916944,34.962267],[-96.909115,34.956833],[-96.905799,34.949435],[-96.901593,34.940984],[-96.895699,34.933511],[-96.880964,34.926489],[-96.874978,34.926489],[-96.852225,34.932024],[-96.844485,34.930891],[-96.835546,34.936405],[-96.830762,34.946223],[-96.825877,34.948942],[-96.817476,34.943742],[-96.804862,34.940195],[-96.801646,34.939666],[-96.798421,34.928195],[-96.798058,34.920621],[-96.798702,34.902724],[-96.793743,34.89767],[-96.778346,34.899527],[-96.775551,34.900218],[-96.775392,35.014163],[-96.791805,35.014413],[-96.791695,35.04345],[-96.809237,35.043483],[-96.809124,35.057883],[-96.826878,35.057928],[-96.826653,35.072462],[-96.844196,35.072518],[-96.844309,35.086862],[-96.812291,35.086862],[-96.809417,35.091844],[-96.809348,35.101422],[-96.791594,35.10146],[-96.791703,35.086655],[-96.777387,35.081812],[-96.760141,35.084441],[-96.757611,35.083388],[-96.757395,35.082444],[-96.758476,35.080791],[-96.757754,35.078371],[-96.7566,35.077073],[-96.755446,35.076837],[-96.753211,35.077604],[-96.750903,35.076719],[-96.747514,35.075951],[-96.746144,35.075302],[-96.745206,35.075302],[-96.742321,35.076423],[-96.734441,35.073698],[-96.731989,35.073521],[-96.729537,35.075351],[-96.727734,35.075233],[-96.723189,35.068503],[-96.719644,35.067603],[-96.721375,35.066186],[-96.717408,35.064238],[-96.716831,35.067721],[-96.714523,35.066954],[-96.712071,35.069846],[-96.708592,35.068651],[-96.705707,35.068238],[-96.705562,35.067353],[-96.700872,35.065169],[-96.700441,35.059796],[-96.695553,35.057999],[-96.686897,35.058648],[-96.680629,35.055168],[-96.678681,35.055758],[-96.678753,35.054341],[-96.676806,35.053337],[-96.674425,35.051743],[-96.672334,35.051625],[-96.671723,35.049369],[-96.67001,35.047885],[-96.66857,35.047637],[-96.666675,35.048164],[-96.664515,35.047016],[-96.662241,35.04683],[-96.66262,35.044906],[-96.661104,35.044658],[-96.661331,35.043262],[-96.662696,35.044069],[-96.664591,35.043417],[-96.664591,35.042145],[-96.667505,35.041217],[-96.668529,35.039914],[-96.668225,35.038518],[-96.665914,35.036532],[-96.665269,35.038021],[-96.663555,35.036714],[-96.65643,35.034604],[-96.656392,35.03327],[-96.656923,35.032494],[-96.656392,35.03147],[-96.652337,35.031128],[-96.652034,35.032432],[-96.650556,35.032804],[-96.65067,35.034232],[-96.648661,35.034635],[-96.647638,35.03659],[-96.645364,35.036931],[-96.64544,35.036],[-96.644341,35.035566],[-96.643166,35.035907],[-96.643507,35.034697],[-96.64165,35.033177],[-96.641877,35.031811],[-96.637064,35.02846],[-96.637894,35.027584],[-96.637136,35.025877],[-96.63615,35.025411],[-96.637856,35.02389],[-96.636795,35.023239],[-96.634142,35.022804],[-96.633649,35.021904],[-96.63255,35.021563],[-96.63183,35.02057],[-96.630428,35.020228],[-96.628988,35.02178],[-96.630996,35.022742],[-96.630958,35.023611],[-96.628154,35.026187],[-96.628002,35.027677],[-96.627396,35.027925],[-96.6266,35.030035],[-96.625463,35.029911],[-96.623947,35.028266],[-96.618679,35.027304],[-96.619096,35.022308],[-96.612767,35.021687],[-96.614131,35.020384],[-96.615761,35.019266],[-96.61667,35.016659],[-96.613866,35.015759],[-96.614851,35.013555],[-96.612496,35.013026],[-96.610753,35.013026],[-96.609048,35.012623],[-96.605789,35.011661],[-96.603894,35.011816],[-96.60359,35.011319],[-96.60541,35.009488],[-96.603666,35.008432],[-96.60287,35.007284],[-96.600615,35.006657],[-96.599819,35.004298],[-96.597507,35.003987],[-96.596332,35.002559],[-96.596332,34.999889],[-96.597329,34.999744],[-96.598391,34.999309],[-96.599719,34.99957],[-96.599517,34.990335],[-96.598001,34.988969],[-96.598153,34.98841],[-96.599593,34.987727],[-96.599605,34.978742],[-96.599946,34.977686],[-96.599302,34.976382],[-96.599643,34.974146],[-96.599783,34.972276],[-96.599544,34.970902],[-96.599614,34.965954],[-96.599752,34.964798],[-96.599626,34.963639],[-96.599718,34.960815],[-96.600204,34.959184],[-96.600967,34.959715],[-96.602077,34.959772],[-96.60291,34.959374],[-96.604806,34.957166],[-96.606934,34.956522],[-96.617204,34.956522],[-96.617266,34.946288],[-96.616756,34.94597],[-96.615592,34.945802],[-96.615203,34.945032],[-96.615244,34.94453],[-96.615592,34.944112],[-96.615898,34.943107],[-96.615673,34.941985],[-96.615918,34.941416],[-96.617185,34.939675],[-96.617092,34.913023],[-96.604119,34.913006],[-96.604514,34.912188],[-96.60256,34.910211],[-96.599942,34.91062],[-96.598903,34.909648],[-96.598944,34.908063],[-96.603413,34.902644],[-96.596178,34.904517],[-96.582631,34.909854],[-96.572001,34.917856],[-96.56557,34.918823],[-96.557565,34.914662],[-96.554939,34.910418],[-96.555206,34.903377],[-96.554052,34.89345],[-96.552035,34.888674],[-96.547625,34.883375],[-96.540318,34.879223],[-96.531565,34.8712],[-96.521785,34.869733],[-96.513832,34.87323],[-96.5096,34.880918],[-96.507649,34.884405],[-96.508694,34.877259],[-96.511342,34.874458],[-96.511552,34.853757],[-96.520263,34.853528],[-96.515594,34.850783],[-96.507157,34.851017],[-96.501234,34.855191],[-96.499128,34.860419],[-96.497552,34.860887],[-96.476939,34.860752],[-96.477286,34.862371],[-96.476433,34.864864],[-96.475633,34.865367],[-96.475233,34.867051],[-96.47454,34.868123],[-96.474588,34.870121],[-96.475042,34.871433],[-96.473496,34.872592],[-96.472616,34.874254],[-96.47271,34.882494],[-96.456945,34.882633],[-96.452227,34.883726],[-96.448536,34.883649],[-96.448269,34.886055],[-96.447576,34.88752],[-96.445124,34.889269],[-96.441793,34.892797],[-96.440727,34.894677],[-96.440994,34.895618],[-96.440567,34.896252],[-96.439794,34.896623],[-96.439341,34.89811],[-96.438449,34.898628],[-96.437676,34.902192],[-96.435463,34.905034],[-96.425289,34.902629],[-96.420407,34.906112],[-96.41148,34.920895],[-96.406398,34.930708],[-96.400101,34.93623],[-96.4001,34.941756],[-96.390712,34.947437],[-96.376947,34.953679],[-96.372943,34.959937],[-96.371332,34.969377],[-96.367879,34.98024],[-96.362754,34.987679],[-96.360021,35.003514],[-96.355713,35.006268],[-96.343029,35.006708],[-96.323406,35.00135],[-96.31506,34.999311],[-96.311008,34.995552],[-96.308851,34.991783],[-96.306703,34.982345],[-96.295341,34.978723],[-96.281478,34.974763],[-96.274745,34.967113],[-96.271181,34.967873],[-96.257318,34.972857],[-96.245164,34.976417],[-96.229328,34.972866],[-96.212652,34.968022],[-96.202231,34.964079],[-96.189147,34.958037],[-96.174286,34.962981],[-96.163611,34.968757],[-96.125185,35.016761],[-96.118097,35.023646],[-96.109897,35.028537],[-96.101698,35.044783],[-96.06843,35.057077],[-96.065696,35.065529],[-96.061441,35.089806],[-96.079364,35.052071],[-96.078141,35.049568],[-96.07325,35.048651],[-96.074473,35.045481],[-96.080281,35.043145],[-96.082179,35.040267],[-96.082517,35.036596],[-96.081383,35.035203],[-96.080375,35.032003],[-96.079933,35.024004],[-96.084227,35.019612],[-96.08429,35.014709],[-96.081643,35.012489],[-96.08032,35.008669],[-96.078114,35.005676],[-96.075716,35.005459],[-96.074581,35.005821],[-96.069666,35.002775],[-96.068153,35.000142],[-96.06985,34.983093],[-96.070858,34.981905],[-96.07145,34.979546],[-96.071467,34.973865],[-96.071145,34.972744],[-96.071457,34.970908],[-96.071085,34.970678],[-96.069941,34.970755],[-96.067521,34.970734],[-96.067081,34.970522],[-96.066422,34.969928],[-96.065832,34.9696],[-96.063762,34.969335],[-96.06171,34.968782],[-96.05973,34.967531],[-96.059356,34.967048],[-96.059175,34.96655],[-96.059097,34.964758],[-96.059537,34.963402],[-96.059563,34.962691],[-96.058824,34.960188],[-96.056377,34.957156],[-96.055639,34.95671],[-96.05463,34.956551],[-96.051981,34.956543],[-96.050778,34.956225],[-96.049846,34.955653],[-96.04938,34.955281],[-96.048941,34.955218],[-96.045856,34.9556],[-96.045198,34.955489],[-96.040939,34.948662],[-96.040646,34.948903],[-96.040956,34.94985],[-96.039456,34.951023],[-96.037472,34.950526],[-96.03711,34.952066],[-96.033688,34.951617],[-96.032309,34.950529],[-96.031395,34.950995],[-96.030326,34.950387],[-96.029516,34.950811],[-96.027895,34.950925],[-96.027395,34.950289],[-96.027515,34.949836],[-96.027109,34.948208],[-96.02604,34.948293],[-96.02592,34.949522],[-96.025127,34.950356],[-96.024264,34.949353],[-96.023368,34.950314],[-96.019914,34.952485],[-96.019443,34.953225],[-96.01926,34.954673],[-96.018179,34.956307],[-96.017494,34.956432],[-96.001037,34.956454],[-96.001023,34.999953],[-95.965842,35.000187],[-95.965857,35.029154],[-95.974724,35.029193],[-95.974651,35.058246],[-95.954331,35.058214],[-95.952865,35.057786],[-95.951406,35.05784],[-95.949747,35.058275],[-95.948128,35.058277],[-95.948181,35.069391],[-95.949234,35.070899],[-95.949252,35.071373],[-95.948427,35.072895],[-95.950743,35.072996],[-95.953989,35.074604],[-95.954095,35.076128],[-95.953288,35.076889],[-95.953639,35.078555],[-95.954727,35.078627],[-95.953551,35.080321],[-95.952871,35.081826],[-95.950573,35.082243],[-95.949375,35.083383],[-95.948936,35.084761],[-95.949655,35.085264],[-95.949252,35.085795],[-95.948164,35.085407],[-95.948182,35.087231],[-95.983152,35.087352],[-95.983171,35.096555],[-95.992483,35.098415],[-95.994012,35.098039],[-95.996612,35.098436],[-95.997249,35.098707],[-95.997345,35.101669],[-95.996273,35.104423],[-95.997089,35.104923],[-95.996758,35.107133],[-95.997701,35.108238],[-95.997862,35.109736],[-95.996282,35.109861],[-95.994727,35.112113],[-95.994915,35.1131],[-95.993309,35.113892],[-95.993003,35.114768],[-95.990735,35.115289],[-95.989817,35.115977],[-95.988416,35.116394],[-95.992892,35.119609],[-95.993039,35.121827],[-95.990133,35.122369],[-95.988479,35.124418],[-95.989448,35.125043],[-95.987332,35.125982],[-95.988326,35.126774],[-95.987128,35.127608],[-95.987766,35.128358],[-95.986313,35.128525],[-95.984886,35.129734],[-95.985956,35.130213],[-95.985446,35.131381],[-95.984265,35.131225],[-95.983475,35.131975],[-95.982404,35.131808],[-95.980493,35.134122],[-95.979101,35.135353],[-95.979238,35.137153],[-95.977495,35.138391],[-95.97722,35.139404],[-95.979101,35.142442],[-95.979009,35.143755],[-95.980339,35.143792],[-95.981715,35.14473],[-95.979468,35.145668],[-95.977706,35.147841],[-95.973899,35.149453],[-95.973028,35.150691],[-95.970734,35.149491],[-95.969863,35.150691],[-95.968716,35.150241],[-95.966606,35.150353],[-95.96523,35.151253],[-95.963488,35.151178],[-95.962662,35.152528],[-95.973624,35.152191],[-95.983042,35.151278],[-95.983052,35.202767],[-95.981501,35.202767],[-95.980818,35.289508],[-96.001399,35.289826],[-96.282088,35.289983],[-96.28213,35.319081],[-96.317394,35.319089],[-96.317363,35.304557],[-96.32615,35.304584],[-96.326192,35.319153],[-96.352821,35.319153],[-96.35268,35.344679],[-96.358628,35.346061],[-96.361752,35.340503],[-96.361737,35.348163],[-96.415146,35.348362],[-96.41618,35.349824],[-96.421901,35.349374],[-96.422703,35.348407],[-96.423505,35.348256],[-96.423582,35.377388],[-96.45904,35.377298],[-96.458873,35.420792],[-96.441255,35.420907],[-96.441299,35.486453],[-96.467953,35.486166],[-96.468024,35.490046],[-96.471796,35.490011],[-96.471776,35.497029],[-96.476782,35.497067],[-96.47686,35.635422],[-96.476567,35.637057],[-96.476488,35.639271],[-96.620478,35.639075],[-96.620449,35.653041],[-96.624498,35.654309],[-96.624738,35.653334],[-96.625997,35.653236],[-96.625577,35.651213],[-96.624798,35.651165],[-96.624078,35.650336],[-96.624108,35.64902],[-96.622699,35.646288],[-96.623989,35.646239],[-96.624169,35.644874],[-96.623779,35.64485],[-96.623899,35.643095],[-96.624859,35.642534],[-96.624739,35.641413],[-96.623637,35.639477],[-96.623967,35.638624],[-96.622528,35.638794],[-96.622168,35.638429],[-96.622588,35.637283],[-96.623397,35.637722],[-96.623967,35.637234],[-96.623909,35.636564],[-96.626776,35.636431],[-96.644529,35.636601],[-96.644774,35.622349],[-96.662319,35.622547],[-96.662591,35.59364],[-96.698259,35.593932],[-96.698365,35.579376],[-96.748597,35.579429],[-96.748578,35.5791],[-96.749318,35.578459],[-96.748455,35.576073],[-96.749056,35.574725],[-96.748391,35.574404],[-96.748633,35.572603],[-96.745218,35.571921],[-96.744638,35.570244],[-96.745347,35.569144],[-96.744573,35.568253],[-96.74554,35.567257],[-96.744444,35.566628],[-96.745024,35.56406],[-96.743929,35.563431],[-96.745411,35.558975],[-96.746442,35.558189],[-96.745147,35.556909],[-96.746371,35.556647],[-96.746113,35.55434],[-96.744438,35.553292],[-96.746219,35.550412],[-96.751259,35.550369],[-96.751286,35.56484],[-96.768984,35.564919],[-96.768943,35.550348],[-96.788924,35.55038],[-96.788924,35.535594],[-96.806547,35.535658],[-96.806669,35.550355],[-96.857642,35.550388],[-96.8577,35.564663],[-96.886045,35.564973],[-96.894073,35.550366],[-96.9284,35.550381],[-96.928506,35.564877],[-96.981589,35.564917],[-96.981459,35.579363],[-96.999193,35.579452],[-96.999588,35.608581],[-96.999686,35.637394],[-96.994744,35.637346],[-96.994737,35.644377],[-96.981697,35.644449],[-96.981645,35.651924],[-96.935631,35.651869],[-96.91095,35.666403],[-96.890654,35.66648],[-96.891272,35.669147],[-96.890844,35.670616],[-96.887799,35.674442],[-96.887406,35.681849],[-96.884957,35.680834],[-96.84054,35.680697],[-96.840474,35.727296],[-96.822754,35.730471],[-96.822962,35.811397],[-96.911687,35.811787],[-96.911528,35.797314],[-96.946954,35.797371],[-96.946916,35.840678],[-96.964835,35.840783],[-96.965134,35.866073],[-96.967009,35.864819],[-96.968015,35.863261],[-96.974079,35.863243],[-96.974121,35.884105],[-96.997938,35.884016],[-96.999168,35.884796],[-96.999533,35.886251],[-96.999201,35.887193],[-96.999234,35.888324],[-96.999866,35.888916],[-96.999699,35.890559],[-96.998045,35.892279],[-96.997746,35.893249],[-96.999009,35.894568],[-96.997879,35.895806],[-96.997813,35.896614],[-96.998577,35.898493],[-96.980536,35.898549],[-96.980608,35.913011],[-96.962671,35.913044],[-96.962741,35.942145],[-96.945039,35.942121],[-96.94537,35.95494],[-96.945462,35.955366],[-96.945231,35.956317],[-96.946653,35.955641],[-96.947133,35.955967],[-96.946404,35.956913],[-96.945229,35.957264],[-96.944332,35.958465],[-96.945816,35.958948],[-96.946435,35.960038],[-96.947916,35.961449],[-96.94929,35.963941],[-96.938101,35.964214],[-96.935001,35.965469],[-96.93172,35.967705],[-96.922774,35.972432],[-96.917535,35.976583],[-96.915353,35.981075],[-96.91298,35.987356],[-96.912946,35.991217],[-96.910647,35.996815],[-96.912376,35.999829],[-96.911758,36.00428],[-96.916283,36.018847],[-96.915643,36.022803],[-96.913377,36.025632],[-96.909081,36.02736],[-96.909446,36.028494],[-96.909233,36.031253],[-96.907861,36.131104],[-96.925941,36.131283],[-96.925511,36.203989],[-96.908192,36.203571],[-96.907541,36.204923],[-96.907722,36.225313],[-96.899657,36.225328],[-96.895132,36.224465],[-96.889948,36.2241],[-96.889995,36.240033],[-96.89054,36.246331],[-97.073219,36.246527],[-97.07325,36.24798],[-97.07155,36.249558],[-97.070331,36.249609],[-97.070203,36.250877],[-97.067894,36.250877],[-97.067833,36.261018],[-97.085829,36.261046],[-97.085703,36.24647],[-97.121406,36.246428],[-97.121437,36.260492],[-97.122429,36.260517],[-97.124263,36.260953],[-97.148178,36.260923],[-97.148311,36.24647],[-97.157276,36.24651],[-97.15764,36.217279],[-97.177574,36.21757],[-97.180764,36.217868],[-97.183052,36.217645],[-97.18375,36.217743],[-97.194336,36.217333],[-97.211952,36.217196],[-97.211941,36.188333],[-97.264731,36.188364],[-97.26484,36.173834],[-97.282679,36.173811],[-97.282747,36.159036],[-97.354202,36.159128],[-97.354178,36.161358],[-97.550039,36.162407],[-97.550397,36.144852],[-97.532614,36.145119],[-97.532987,36.116013],[-97.550976,36.115924],[-97.551024,36.072557],[-97.533077,36.072645],[-97.532852,36.058209],[-97.497241,36.058185],[-97.497097,36.024965],[-97.493566,36.02465],[-97.492414,36.023385],[-97.491845,36.022151],[-97.490499,36.021134],[-97.489452,36.019924],[-97.488494,36.019198],[-97.488481,36.015265],[-97.490725,36.01466],[-97.493807,36.014539],[-97.493687,36.014297],[-97.492011,36.013546],[-97.488331,36.013522],[-97.48824,35.985442],[-97.497235,35.985608],[-97.497345,35.971079],[-97.55033,35.971121],[-97.549875,35.968652],[-97.550755,35.966193],[-97.550725,35.956679],[-97.568621,35.956661],[-97.568589,35.985607],[-97.622074,35.985597],[-97.621966,35.956662],[-97.729691,35.955992],[-97.729201,35.985777],[-97.747046,35.985659],[-97.747033,36.000078],[-97.76473,36.000077],[-97.765308,36.03642],[-97.774529,36.036452],[-97.774529,36.043568],[-97.782778,36.043459],[-97.782411,36.064272],[-97.773191,36.072529],[-97.772608,36.072818],[-97.772452,36.073651],[-97.771623,36.074429],[-97.771578,36.07557],[-97.770548,36.075787],[-97.770593,36.076348],[-97.76907,36.07747],[-97.76916,36.078194],[-97.766114,36.07814],[-97.766204,36.079135],[-97.764927,36.079425],[-97.764927,36.086899],[-97.782292,36.087017],[-97.782395,36.101642],[-97.800196,36.101693],[-97.800105,36.116176],[-97.833162,36.116397],[-97.833456,36.11729],[-97.832231,36.117247],[-97.832035,36.118481],[-97.832906,36.119041],[-97.83255,36.119816],[-97.833616,36.120074],[-97.833705,36.120786],[-97.832692,36.120686],[-97.832801,36.121337],[-97.831824,36.121351],[-97.831806,36.121696],[-97.832641,36.122112],[-97.832818,36.122614],[-97.831912,36.122959],[-97.83257,36.123963],[-97.831539,36.124379],[-97.832818,36.125714],[-97.833009,36.126703],[-97.83157,36.129028],[-97.830628,36.128468],[-97.830255,36.128942],[-97.830415,36.129458],[-97.831197,36.130047],[-97.83109,36.130334],[-97.830326,36.130578],[-97.830218,36.130855],[-97.835814,36.130855],[-97.83595,36.145396],[-97.840066,36.145373],[-97.839865,36.144848],[-97.840313,36.144451],[-97.84047,36.14351],[-97.842082,36.144053],[-97.842283,36.143438],[-97.84188,36.14304],[-97.842709,36.143094],[-97.842731,36.142479],[-97.84197,36.142317],[-97.841768,36.141684],[-97.842821,36.141286],[-97.843179,36.14219],[-97.843627,36.141901],[-97.843679,36.141429],[-97.844486,36.140652],[-97.846747,36.140615],[-97.847128,36.142279],[-97.848113,36.140923],[-97.848808,36.141303],[-97.848989,36.141923],[-97.849571,36.142646],[-97.850713,36.142556],[-97.851295,36.1427],[-97.851564,36.141959],[-97.853199,36.141218],[-97.853848,36.141995],[-97.853852,36.159473],[-97.871721,36.159629],[-97.87176,36.164624],[-98.210435,36.164962],[-98.207137,35.725171],[-98.313245,35.724977],[-98.313231,35.710698],[-98.419432,35.710751],[-98.419403,35.725269],[-98.596721,35.725195],[-98.596661,35.733833],[-98.598452,35.733095],[-98.600786,35.732947],[-98.602545,35.732258],[-98.603697,35.732283],[-98.604212,35.732652],[-98.605697,35.732726],[-98.608335,35.730856],[-98.614274,35.729469],[-98.613503,35.732479],[-98.615093,35.736585],[-98.620391,35.740768],[-98.6244,35.742716],[-98.627673,35.743154],[-98.631654,35.744523],[-98.629889,35.551571],[-98.623772,35.55157],[-98.623717,35.536365],[-98.588607,35.536284],[-98.588509,35.510437],[-98.590078,35.507868],[-98.589978,35.5042],[-98.588219,35.504293],[-98.587396,35.504044],[-98.586765,35.504465],[-98.586822,35.507859],[-98.570922,35.507838],[-98.570847,35.464275],[-98.553135,35.464276],[-98.553166,35.478884],[-98.535354,35.478864],[-98.535415,35.464249],[-98.517697,35.464249],[-98.517636,35.449737],[-98.553107,35.449736],[-98.553054,35.435269],[-98.570741,35.435377],[-98.570798,35.449824],[-98.58846,35.449803],[-98.588528,35.464332],[-98.606215,35.464356],[-98.606287,35.454173],[-98.607252,35.453662],[-98.60743,35.453227],[-98.608692,35.452605],[-98.61079,35.452503],[-98.613794,35.45275],[-98.61383,35.452141],[-98.613456,35.451186],[-98.613421,35.449086],[-98.614106,35.448101],[-98.618924,35.447233],[-98.621235,35.450273],[-98.62074,35.455236],[-98.623279,35.456545],[-98.623303,35.464408],[-98.72905,35.464437],[-98.729293,35.290888],[-98.82518,35.291274],[-98.843679,35.290909],[-98.852616,35.29131],[-98.852567,35.216683],[-98.852741,35.215459],[-98.853333,35.213609],[-98.854622,35.211901],[-98.856294,35.210678],[-98.858628,35.209482],[-98.860285,35.208523],[-98.861922,35.206901],[-98.862723,35.205734],[-98.863281,35.204339],[-98.863555,35.202801],[-98.863413,35.175284],[-98.91149,35.175335],[-98.912613,35.175265],[-98.913736,35.174876],[-98.914859,35.174276],[-98.915723,35.173217],[-98.916241,35.172193],[-98.916247,35.164878],[-98.916463,35.163748],[-98.917241,35.162477],[-98.918364,35.161488],[-98.920307,35.160852],[-98.933882,35.160716],[-98.955155,35.160075]]]},"properties":{"code":"[405,572]"}},{"type":"Feature","geometry":{"type":"Polygon","coordinates":[[[-84.225104,33.664557],[-84.228282,33.665097],[-84.228898,33.665422],[-84.229804,33.66853],[-84.228964,33.668898],[-84.228456,33.669523],[-84.227484,33.67002],[-84.230003,33.672742],[-84.230931,33.671528],[-84.232588,33.67151],[-84.232964,33.670517],[-84.232743,33.669707],[-84.231881,33.669156],[-84.232456,33.668255],[-84.232301,33.667501],[-84.232544,33.667004],[-84.234135,33.666471],[-84.234842,33.668071],[-84.234688,33.669192],[-84.234908,33.669744],[-84.234732,33.670572],[-84.233848,33.670719],[-84.234732,33.672135],[-84.236345,33.670406],[-84.239284,33.670664],[-84.239107,33.672687],[-84.238267,33.67333],[-84.237074,33.673533],[-84.236389,33.6739],[-84.234953,33.674029],[-84.234842,33.675224],[-84.234223,33.675739],[-84.232787,33.676273],[-84.231334,33.676254],[-84.231181,33.678739],[-84.228674,33.684372],[-84.228257,33.686249],[-84.22706,33.689876],[-84.230684,33.690067],[-84.230588,33.692252],[-84.227079,33.692236],[-84.227002,33.693433],[-84.224241,33.693592],[-84.223329,33.697793],[-84.22214,33.696421],[-84.216688,33.696885],[-84.216592,33.698528],[-84.221194,33.700936],[-84.22104,33.701559],[-84.221861,33.701818],[-84.221404,33.702663],[-84.218375,33.706783],[-84.216267,33.7058],[-84.214907,33.704718],[-84.213158,33.703947],[-84.210157,33.705002],[-84.210396,33.707539],[-84.209619,33.70765],[-84.206881,33.708737],[-84.197097,33.704746],[-84.197097,33.710299],[-84.200805,33.710212],[-84.202703,33.712488],[-84.203421,33.712289],[-84.20514,33.708733],[-84.209565,33.710572],[-84.215312,33.712028],[-84.215731,33.715062],[-84.215308,33.718003],[-84.21536,33.720721],[-84.214487,33.722525],[-84.211257,33.7224],[-84.211228,33.723432],[-84.208147,33.723508],[-84.208251,33.727412],[-84.207085,33.727449],[-84.206158,33.728319],[-84.206517,33.729265],[-84.204289,33.729314],[-84.205007,33.730508],[-84.207294,33.731142],[-84.207313,33.731956],[-84.210766,33.732801],[-84.210707,33.736233],[-84.209212,33.736183],[-84.208814,33.74151],[-84.203328,33.741361],[-84.207933,33.74635],[-84.205003,33.748824],[-84.206483,33.751223],[-84.209381,33.752242],[-84.207659,33.753897],[-84.205761,33.754071],[-84.204868,33.753351],[-84.203926,33.752742],[-84.203791,33.751113],[-84.2027,33.751113],[-84.20261,33.75294],[-84.19712,33.752967],[-84.197345,33.754508],[-84.197034,33.756779],[-84.19561,33.756805],[-84.194081,33.758634],[-84.189044,33.758486],[-84.189343,33.759349],[-84.189193,33.760957],[-84.18977,33.762649],[-84.187905,33.766778],[-84.188056,33.76803],[-84.187277,33.770014],[-84.187749,33.771661],[-84.186719,33.774856],[-84.189658,33.775211],[-84.192463,33.77691],[-84.192212,33.777725],[-84.19384,33.781511],[-84.193815,33.783014],[-84.193944,33.787342],[-84.195576,33.787092],[-84.195601,33.789304],[-84.194019,33.793784],[-84.189548,33.793805],[-84.18779,33.795058],[-84.18887,33.796477],[-84.189121,33.798752],[-84.191105,33.799858],[-84.193743,33.799858],[-84.193774,33.802212],[-84.186691,33.806407],[-84.185135,33.807666],[-84.18609,33.808459],[-84.184708,33.81159],[-84.193655,33.811608],[-84.19368,33.819495],[-84.195827,33.824289],[-84.195874,33.825941],[-84.201432,33.825068],[-84.203305,33.82407],[-84.203344,33.827489],[-84.206743,33.827448],[-84.206795,33.831686],[-84.209806,33.826289],[-84.21198,33.824857],[-84.214349,33.82445],[-84.216485,33.822741],[-84.221517,33.822611],[-84.223146,33.822071],[-84.222872,33.818426],[-84.228551,33.819061],[-84.231099,33.818962],[-84.233272,33.818263],[-84.234459,33.817249],[-84.235888,33.817558],[-84.23581,33.819722],[-84.240432,33.819657],[-84.241737,33.820903],[-84.260486,33.811398],[-84.263908,33.810613],[-84.262596,33.812224],[-84.260702,33.812757],[-84.26064,33.821463],[-84.261052,33.82216],[-84.262932,33.822604],[-84.264749,33.82008],[-84.26623,33.818888],[-84.267336,33.817916],[-84.268604,33.818246],[-84.268604,33.820517],[-84.274054,33.820364],[-84.273639,33.821334],[-84.275145,33.821805],[-84.277993,33.819172],[-84.278931,33.817757],[-84.282609,33.817286],[-84.277697,33.819952],[-84.267055,33.83209],[-84.266761,33.83196],[-84.266585,33.832903],[-84.265997,33.833831],[-84.264575,33.835104],[-84.262018,33.836395],[-84.260542,33.836562],[-84.260868,33.840369],[-84.261738,33.840395],[-84.261738,33.840782],[-84.26067,33.841072],[-84.26065,33.845192],[-84.25588,33.845179],[-84.255539,33.846637],[-84.255989,33.848315],[-84.258071,33.84945],[-84.25863,33.849128],[-84.258941,33.846644],[-84.260293,33.846321],[-84.261442,33.845689],[-84.262564,33.845694],[-84.262891,33.846236],[-84.26432,33.84572],[-84.264335,33.84741],[-84.261523,33.848172],[-84.261523,33.849165],[-84.265523,33.84839],[-84.266253,33.848093],[-84.266859,33.848222],[-84.269524,33.848206],[-84.269602,33.846916],[-84.271228,33.846708],[-84.271304,33.849376],[-84.272671,33.850253],[-84.277627,33.850627],[-84.277627,33.851337],[-84.275157,33.851375],[-84.274019,33.854009],[-84.271984,33.853157],[-84.270244,33.853377],[-84.270229,33.854809],[-84.271332,33.854783],[-84.271409,33.855506],[-84.272466,33.855738],[-84.274206,33.857737],[-84.274208,33.861957],[-84.274611,33.862344],[-84.275963,33.861931],[-84.275963,33.86415],[-84.277642,33.865031],[-84.278761,33.866682],[-84.280842,33.865689],[-84.283086,33.866486],[-84.284735,33.866717],[-84.283943,33.865892],[-84.284518,33.865001],[-84.283166,33.863466],[-84.286801,33.862034],[-84.287305,33.862871],[-84.288112,33.862574],[-84.290204,33.865106],[-84.290266,33.865867],[-84.293637,33.86588],[-84.293626,33.870462],[-84.295,33.869912],[-84.295586,33.870941],[-84.294798,33.871723],[-84.294027,33.875343],[-84.295251,33.873096],[-84.302436,33.866516],[-84.305321,33.866367],[-84.309491,33.865354],[-84.309469,33.867877],[-84.310671,33.867932],[-84.311558,33.868595],[-84.317289,33.868559],[-84.317156,33.867638],[-84.318132,33.866606],[-84.317688,33.865317],[-84.317666,33.863899],[-84.318753,33.863642],[-84.318721,33.869699],[-84.320518,33.86964],[-84.321822,33.870255],[-84.322244,33.872274],[-84.323304,33.874273],[-84.322635,33.874887],[-84.323586,33.87597],[-84.325137,33.875356],[-84.325524,33.876701],[-84.327929,33.875323],[-84.32814,33.876377],[-84.327259,33.881614],[-84.327048,33.884276],[-84.324968,33.886821],[-84.324722,33.888137],[-84.326202,33.892291],[-84.32892,33.893529],[-84.334171,33.893061],[-84.343531,33.896159],[-84.34487,33.89727],[-84.340782,33.897212],[-84.337787,33.898704],[-84.338738,33.900371],[-84.337399,33.903998],[-84.334999,33.904854],[-84.336197,33.907311],[-84.332708,33.907896],[-84.332814,33.909007],[-84.334047,33.908978],[-84.334259,33.91006],[-84.337501,33.909738],[-84.337712,33.912078],[-84.334506,33.912341],[-84.337501,33.916172],[-84.33814,33.918119],[-84.356817,33.911949],[-84.358015,33.916599],[-84.357877,33.930009],[-84.359921,33.929231],[-84.359921,33.929787],[-84.361753,33.932272],[-84.361753,33.933676],[-84.364713,33.935664],[-84.367462,33.936575],[-84.367462,33.938387],[-84.36933,33.93789],[-84.369471,33.938358],[-84.367497,33.938826],[-84.367673,33.939469],[-84.369048,33.939557],[-84.369471,33.940112],[-84.373034,33.939468],[-84.378814,33.944555],[-84.385999,33.945917],[-84.387479,33.947583],[-84.388074,33.94711],[-84.390048,33.947723],[-84.390294,33.946817],[-84.391951,33.945385],[-84.39706,33.946291],[-84.397307,33.947197],[-84.401045,33.947804],[-84.410542,33.939192],[-84.416737,33.932733],[-84.427381,33.927073],[-84.430045,33.925083],[-84.428653,33.923946],[-84.42514,33.923804],[-84.424733,33.922026],[-84.424733,33.919894],[-84.425118,33.91952],[-84.423688,33.918093],[-84.421247,33.91804],[-84.42024,33.918769],[-84.417605,33.919248],[-84.417455,33.918929],[-84.416513,33.918538],[-84.414714,33.917169],[-84.413744,33.914902],[-84.415115,33.915329],[-84.416293,33.915418],[-84.417236,33.915116],[-84.421162,33.914193],[-84.424953,33.911118],[-84.42279,33.910816],[-84.422104,33.910852],[-84.420948,33.911136],[-84.419834,33.91078],[-84.419148,33.909892],[-84.418506,33.909287],[-84.418379,33.907403],[-84.417373,33.905341],[-84.417373,33.904629],[-84.418508,33.903189],[-84.420414,33.902283],[-84.421892,33.900736],[-84.424462,33.899136],[-84.426212,33.898203],[-84.426555,33.897439],[-84.429447,33.895554],[-84.430353,33.894077],[-84.429411,33.89237],[-84.427612,33.891054],[-84.426601,33.889066],[-84.426537,33.886078],[-84.43167,33.885085],[-84.434819,33.882205],[-84.43701,33.880574],[-84.439313,33.880459],[-84.440754,33.879749],[-84.441157,33.87885],[-84.442042,33.878414],[-84.442672,33.877081],[-84.443429,33.87709],[-84.446453,33.875392],[-84.450147,33.872437],[-84.451693,33.869647],[-84.453914,33.867803],[-84.455835,33.865466],[-84.456105,33.863683],[-84.454305,33.861166],[-84.454366,33.858773],[-84.456091,33.85749],[-84.459526,33.853704],[-84.460246,33.852259],[-84.458986,33.849231],[-84.459676,33.84725],[-84.464042,33.848421],[-84.464072,33.849555],[-84.466998,33.849817],[-84.467198,33.850535],[-84.466456,33.850855],[-84.464781,33.852201],[-84.470797,33.853501],[-84.471594,33.852748],[-84.47327,33.851973],[-84.474781,33.851128],[-84.476295,33.851034],[-84.477564,33.848678],[-84.476959,33.847583],[-84.477564,33.846853],[-84.482234,33.843978],[-84.485278,33.845187],[-84.486419,33.843676],[-84.486152,33.842084],[-84.487537,33.843022],[-84.487468,33.841181],[-84.486117,33.832034],[-84.486395,33.829763],[-84.488391,33.829546],[-84.488391,33.831321],[-84.49138,33.831934],[-84.492558,33.830185],[-84.492426,33.829604],[-84.493012,33.829777],[-84.494109,33.828316],[-84.496303,33.825174],[-84.491329,33.823665],[-84.49339,33.821686],[-84.495011,33.819098],[-84.498888,33.819868],[-84.499126,33.819379],[-84.506584,33.82129],[-84.509251,33.815503],[-84.511127,33.815358],[-84.515628,33.810016],[-84.515744,33.80652],[-84.516862,33.806218],[-84.518053,33.806265],[-84.518545,33.805637],[-84.519831,33.805385],[-84.519964,33.804882],[-84.519642,33.802305],[-84.516938,33.800979],[-84.522132,33.799856],[-84.521962,33.799071],[-84.52321,33.799338],[-84.52478,33.797366],[-84.521802,33.790247],[-84.51991,33.791661],[-84.518421,33.793091],[-84.515956,33.796772],[-84.51237,33.794141],[-84.511967,33.792723],[-84.509737,33.794157],[-84.508143,33.79568],[-84.507745,33.795504],[-84.509273,33.794005],[-84.516543,33.789611],[-84.524411,33.786136],[-84.530596,33.782647],[-84.533766,33.779233],[-84.53642,33.773822],[-84.538845,33.770193],[-84.545019,33.767268],[-84.555708,33.760556],[-84.573119,33.745631],[-84.575965,33.743829],[-84.581657,33.738665],[-84.583613,33.735062],[-84.585004,33.730386],[-84.587526,33.728826],[-84.59089,33.729364],[-84.593309,33.729567],[-84.598807,33.72677],[-84.601944,33.724107],[-84.602134,33.72038],[-84.604883,33.717501],[-84.607212,33.713332],[-84.613357,33.710937],[-84.615814,33.709592],[-84.620504,33.704696],[-84.630879,33.701622],[-84.633078,33.699039],[-84.631299,33.69616],[-84.630366,33.6932],[-84.6166,33.692698],[-84.6123,33.691255],[-84.600156,33.687897],[-84.600231,33.686673],[-84.59725,33.679069],[-84.596005,33.670746],[-84.596119,33.667544],[-84.592196,33.662835],[-84.592913,33.661015],[-84.592309,33.659665],[-84.594874,33.650371],[-84.592233,33.646227],[-84.589983,33.645566],[-84.588739,33.642709],[-84.586777,33.640228],[-84.58293,33.638627],[-84.582176,33.640417],[-84.579951,33.64048],[-84.579838,33.639412],[-84.581233,33.637465],[-84.578187,33.635296],[-84.573473,33.633883],[-84.568192,33.631685],[-84.565212,33.630805],[-84.563402,33.630962],[-84.562346,33.630303],[-84.562421,33.628984],[-84.563326,33.626158],[-84.560095,33.622059],[-84.559756,33.618636],[-84.558923,33.616672],[-84.554996,33.621386],[-84.553675,33.62399],[-84.552789,33.624592],[-84.550549,33.62467],[-84.54838,33.62535],[-84.545185,33.627085],[-84.542782,33.627357],[-84.537234,33.629794],[-84.534062,33.630765],[-84.532429,33.633115],[-84.529469,33.631007],[-84.526577,33.626613],[-84.525247,33.618533],[-84.528536,33.618934],[-84.526477,33.609514],[-84.525629,33.608046],[-84.525629,33.606466],[-84.528713,33.604188],[-84.526748,33.601704],[-84.525324,33.597358],[-84.519157,33.597358],[-84.519123,33.600152],[-84.514718,33.595213],[-84.505637,33.595269],[-84.506552,33.593858],[-84.505297,33.588917],[-84.503869,33.589854],[-84.498854,33.591124],[-84.497058,33.593269],[-84.494686,33.593947],[-84.493669,33.593185],[-84.49045,33.594342],[-84.487773,33.590261],[-84.486312,33.595261],[-84.478308,33.595345],[-84.477021,33.595882],[-84.469135,33.596614],[-84.471169,33.600086],[-84.464406,33.600001],[-84.463844,33.59908],[-84.460726,33.596998],[-84.459973,33.595162],[-84.458548,33.594423],[-84.453871,33.593818],[-84.453118,33.593997],[-84.454919,33.599371],[-84.454347,33.602294],[-84.454858,33.604197],[-84.454321,33.606324],[-84.457573,33.606459],[-84.457546,33.608451],[-84.458595,33.608608],[-84.458538,33.624491],[-84.455929,33.62751],[-84.455895,33.629372],[-84.451151,33.630077],[-84.437585,33.629793],[-84.434034,33.624941],[-84.42568,33.621653],[-84.421646,33.620189],[-84.423512,33.615916],[-84.422911,33.614712],[-84.419858,33.613032],[-84.41748,33.613527],[-84.415348,33.611662],[-84.413934,33.61142],[-84.411417,33.609661],[-84.409839,33.609288],[-84.406683,33.604937],[-84.404316,33.605345],[-84.401948,33.604333],[-84.400584,33.602521],[-84.399667,33.602166],[-84.398174,33.599892],[-84.398707,33.595522],[-84.395081,33.591809],[-84.391021,33.592382],[-84.386819,33.593775],[-84.381239,33.586384],[-84.366958,33.58227],[-84.366719,33.582869],[-84.364941,33.58508],[-84.364805,33.59064],[-84.363382,33.590116],[-84.36341,33.590617],[-84.357583,33.590526],[-84.358157,33.590868],[-84.357446,33.591324],[-84.358239,33.592417],[-84.359607,33.59203],[-84.35958,33.592987],[-84.35906,33.593853],[-84.359279,33.594311],[-84.359552,33.59602],[-84.357227,33.597114],[-84.354957,33.597114],[-84.353753,33.596749],[-84.352987,33.595883],[-84.352221,33.59643],[-84.352823,33.59757],[-84.352413,33.59839],[-84.351264,33.597137],[-84.350881,33.596043],[-84.351592,33.594835],[-84.35192,33.592716],[-84.351155,33.59103],[-84.350224,33.592033],[-84.350252,33.592511],[-84.348501,33.592671],[-84.347735,33.593878],[-84.347653,33.597638],[-84.343572,33.597551],[-84.344857,33.599442],[-84.333136,33.599517],[-84.333465,33.597944],[-84.332644,33.597808],[-84.331851,33.599312],[-84.331688,33.602565],[-84.326527,33.600325],[-84.324595,33.5999],[-84.324687,33.599012],[-84.325634,33.597784],[-84.32939,33.597746],[-84.329544,33.597244],[-84.325681,33.597179],[-84.325681,33.595454],[-84.329513,33.595519],[-84.329984,33.595178],[-84.327449,33.59308],[-84.326166,33.593],[-84.325393,33.591198],[-84.324728,33.588346],[-84.323016,33.581249],[-84.317866,33.583085],[-84.30744,33.582913],[-84.30783,33.585821],[-84.310085,33.585948],[-84.309999,33.59032],[-84.308958,33.590664],[-84.3077,33.590302],[-84.30744,33.589417],[-84.306138,33.589182],[-84.303948,33.588225],[-84.303255,33.589255],[-84.303081,33.590411],[-84.303883,33.590465],[-84.304013,33.591386],[-84.305619,33.591411],[-84.305554,33.595096],[-84.30486,33.59506],[-84.297374,33.591359],[-84.295293,33.591721],[-84.294144,33.59163],[-84.295336,33.594484],[-84.288083,33.600682],[-84.2959,33.604895],[-84.297595,33.609725],[-84.297431,33.611728],[-84.294502,33.61171],[-84.288899,33.61278],[-84.286467,33.611664],[-84.284647,33.614064],[-84.285549,33.616317],[-84.284545,33.622983],[-84.282584,33.630712],[-84.276701,33.630384],[-84.273329,33.632362],[-84.27289,33.633069],[-84.272823,33.639313],[-84.276561,33.639382],[-84.274069,33.646671],[-84.246038,33.646404],[-84.245736,33.644729],[-84.243902,33.644635],[-84.243868,33.634972],[-84.23955,33.634946],[-84.238743,33.63567],[-84.2375,33.634894],[-84.23586,33.634827],[-84.235394,33.636404],[-84.234081,33.638377],[-84.232248,33.63998],[-84.228676,33.639101],[-84.231906,33.637058],[-84.22665,33.634134],[-84.225439,33.63522],[-84.225279,33.646497],[-84.187452,33.646174],[-84.186983,33.651535],[-84.187725,33.653257],[-84.188532,33.652666],[-84.189111,33.650556],[-84.189956,33.650174],[-84.191815,33.65132],[-84.192346,33.652787],[-84.190487,33.654374],[-84.190705,33.655962],[-84.191622,33.656042],[-84.195316,33.655299],[-84.197561,33.655359],[-84.201351,33.653992],[-84.2023,33.652391],[-84.203193,33.651828],[-84.203966,33.651929],[-84.204714,33.652893],[-84.204497,33.653798],[-84.203121,33.655566],[-84.202759,33.657676],[-84.203338,33.65848],[-84.205752,33.659123],[-84.208601,33.66065],[-84.209285,33.660256],[-84.210155,33.658387],[-84.212255,33.65905],[-84.213293,33.660095],[-84.212472,33.663129],[-84.213631,33.663692],[-84.215635,33.663692],[-84.218127,33.662427],[-84.221724,33.66309],[-84.221362,33.666185],[-84.221966,33.666627],[-84.222907,33.666607],[-84.225104,33.664557]]]},"properties":{"code":"[404,470,678,943]"}},{"type":"Feature","geometry":{"type":"Polygon","coordinates":[[[-102.085227,42.999334],[-102.086073,42.775931],[-102.065671,42.775909],[-102.063366,42.444651],[-102.019877,42.419991],[-101.874894,42.433078],[-101.87677,42.450753],[-101.766981,42.46564],[-101.710195,42.465068],[-101.709946,42.452832],[-101.735768,42.435709],[-101.736665,42.404411],[-101.708689,42.404245],[-101.695929,42.40127],[-101.679483,42.403559],[-101.649912,42.406128],[-101.650783,42.413514],[-101.579005,42.409981],[-101.579003,42.417369],[-101.552694,42.416244],[-101.538334,42.429747],[-101.479107,42.434259],[-101.410691,42.422369],[-101.388748,42.403474],[-101.380923,42.407948],[-101.366883,42.404321],[-101.350727,42.407217],[-101.336074,42.407343],[-101.331982,42.406337],[-101.321596,42.403064],[-101.320742,42.405582],[-101.31171,42.403063],[-101.299951,42.405707],[-101.292106,42.410867],[-101.292106,42.414265],[-101.267036,42.413637],[-101.250254,42.41634],[-101.242734,42.414713],[-101.230677,42.417974],[-101.22575,42.416342],[-101.212153,42.421488],[-101.205121,42.419176],[-101.165767,42.415513],[-101.157164,42.417466],[-101.14625,42.412827],[-101.125075,42.414535],[-101.08901,42.410138],[-101.075108,42.411603],[-101.072463,42.408184],[-101.063522,42.40916],[-101.050285,42.402808],[-101.040025,42.402319],[-101.030982,42.399121],[-101.031233,42.417488],[-101.015655,42.418972],[-101.013143,42.439556],[-100.976218,42.439843],[-100.960402,42.462269],[-100.949337,42.46314],[-100.848537,42.442423],[-100.580437,42.311099],[-100.165475,42.30299],[-100.167626,42.165366],[-100.168799,42.090898],[-98.293508,42.088919],[-98.291294,41.480792],[-98.099899,41.480917],[-98.100124,41.495156],[-98.022566,41.495245],[-98.022449,41.509672],[-98.022545,41.516966],[-97.98724,41.517247],[-97.986562,41.517137],[-97.985725,41.516697],[-97.984425,41.515402],[-97.983973,41.515258],[-97.984116,41.409066],[-97.983964,41.407641],[-97.983364,41.406351],[-97.974105,41.394657],[-97.973255,41.392384],[-97.973139,41.390994],[-97.975279,41.377337],[-97.971016,41.377311],[-97.967459,41.376461],[-97.965306,41.374986],[-97.963434,41.37618],[-97.962545,41.375302],[-97.9632,41.374002],[-97.963013,41.372176],[-97.961983,41.371193],[-97.959456,41.371087],[-97.958239,41.371684],[-97.957911,41.373581],[-97.956227,41.375056],[-97.953699,41.37488],[-97.951921,41.374143],[-97.952435,41.372422],[-97.953512,41.371333],[-97.952716,41.369963],[-97.949861,41.368734],[-97.944011,41.369436],[-97.94139,41.36905],[-97.939682,41.369971],[-97.935657,41.36969],[-97.9343,41.37099],[-97.932892,41.373055],[-97.9269,41.375493],[-97.926392,41.370693],[-97.933196,41.36277],[-97.946597,41.358047],[-97.96198,41.351012],[-97.975376,41.346286],[-97.974999,41.343995],[-97.975138,41.341844],[-97.977078,41.339173],[-97.981237,41.336293],[-97.983145,41.334246],[-97.983205,41.30766],[-97.703148,41.308251],[-97.702691,41.394872],[-97.598437,41.395007],[-97.598193,41.316273],[-97.66018,41.305653],[-97.69132,41.281742],[-97.731643,41.255572],[-97.755618,41.243747],[-97.770904,41.221967],[-97.783405,41.215515],[-97.803657,41.198698],[-97.796541,41.191976],[-97.815802,41.17611],[-97.819811,41.154345],[-97.869867,41.117743],[-97.899537,41.101053],[-97.954889,41.087306],[-97.966327,41.094849],[-98.007086,41.076],[-98.019966,41.060088],[-98.050684,41.040683],[-98.082968,41.01717],[-98.108369,41.002877],[-98.139036,40.989782],[-98.176144,40.952732],[-98.211167,40.936532],[-98.235114,40.913574],[-98.26524,40.89043],[-98.272693,40.882729],[-98.280697,40.872615],[-98.301509,40.872295],[-98.320628,40.872295],[-98.339432,40.872754],[-98.378002,40.873441],[-98.378447,40.831838],[-98.398658,40.815351],[-98.427127,40.806222],[-98.443835,40.79194],[-98.465459,40.781327],[-98.492706,40.771024],[-98.49255,40.698638],[-98.724355,40.698889],[-98.726246,40.002383],[-98.726232,40.002399],[-95.307786,40.000072],[-95.311967,40.011026],[-95.33001,40.016248],[-95.336169,40.01928],[-95.346289,40.028883],[-95.361097,40.031909],[-95.383911,40.027038],[-95.398611,40.029053],[-95.41331,40.037452],[-95.420302,40.051751],[-95.420751,40.062513],[-95.416561,40.068909],[-95.40756,40.075295],[-95.407998,40.081853],[-95.410627,40.090266],[-95.40754,40.098104],[-95.393919,40.10785],[-95.391284,40.115411],[-95.396558,40.124986],[-95.40556,40.129859],[-95.42138,40.131034],[-95.427973,40.135063],[-95.432586,40.141277],[-95.435085,40.158056],[-95.44431,40.163762],[-95.460124,40.168462],[-95.471979,40.177352],[-95.482737,40.191276],[-95.48148,40.204387],[-95.47161,40.216452],[-95.469635,40.22868],[-95.473803,40.239399],[-95.484553,40.247605],[-95.496666,40.249402],[-95.516907,40.248733],[-95.538674,40.256452],[-95.551672,40.260651],[-95.556272,40.26904],[-95.551652,40.281794],[-95.551697,40.289065],[-95.56157,40.2976],[-95.572983,40.299777],[-95.585051,40.300447],[-95.600848,40.310821],[-95.613133,40.314],[-95.621408,40.312592],[-95.643999,40.305407],[-95.653429,40.307413],[-95.658264,40.313429],[-95.654534,40.322461],[-95.631719,40.330489],[-95.622724,40.337179],[-95.623356,40.34686],[-95.631474,40.357729],[-95.638276,40.362744],[-95.642006,40.368261],[-95.643543,40.387651],[-95.659346,40.408536],[-95.661535,40.416889],[-95.655459,40.430848],[-95.656775,40.439698],[-95.664014,40.45055],[-95.675183,40.458547],[-95.690534,40.467404],[-95.695142,40.472903],[-95.696902,40.480577],[-95.69383,40.496426],[-95.699753,40.504684],[-95.660703,40.517528],[-95.655877,40.523865],[-95.652374,40.538928],[-95.655603,40.546431],[-95.66185,40.549941],[-95.665654,40.557166],[-95.671903,40.562842],[-95.679511,40.562532],[-95.687118,40.560778],[-95.694454,40.556753],[-95.694713,40.550709],[-95.69675,40.544516],[-95.697022,40.538013],[-95.694576,40.532954],[-95.697022,40.528824],[-95.70884,40.521493],[-95.711013,40.52583],[-95.718892,40.527895],[-95.726635,40.527482],[-95.736551,40.523972],[-95.751222,40.524385],[-95.764533,40.528618],[-95.769966,40.535948],[-95.767812,40.54203],[-95.763464,40.549359],[-95.765094,40.556996],[-95.772022,40.566181],[-95.775144,40.573815],[-95.772839,40.579495],[-95.765653,40.585237],[-95.752735,40.593026],[-95.749193,40.597716],[-95.748376,40.606405],[-95.754694,40.611765],[-95.76741,40.619142],[-95.770135,40.624175],[-95.770993,40.639449],[-95.775949,40.647195],[-95.783577,40.654705],[-95.791569,40.660493],[-95.804285,40.66504],[-95.822884,40.667101],[-95.842683,40.677296],[-95.846211,40.682357],[-95.847573,40.69395],[-95.852307,40.702439],[-95.859453,40.708173],[-95.882976,40.717535],[-95.886338,40.723524],[-95.889153,40.733298],[-95.886883,40.74224],[-95.881835,40.750457],[-95.870008,40.759621],[-95.847662,40.767862],[-95.836763,40.77646],[-95.833857,40.786088],[-95.836342,40.791745],[-95.843064,40.802542],[-95.84552,40.811959],[-95.843849,40.818007],[-95.838031,40.826813],[-95.837214,40.835962],[-95.84176,40.846346],[-95.847274,40.854201],[-95.848911,40.861148],[-95.84555,40.868367],[-95.838182,40.872288],[-95.822557,40.875405],[-95.813001,40.882012],[-95.808814,40.892403],[-95.81118,40.899696],[-95.817439,40.905928],[-95.828974,40.912792],[-95.835513,40.918694],[-95.839993,40.932335],[-95.840813,40.942696],[-95.835888,40.955056],[-95.829076,40.965072],[-95.828131,40.975139],[-95.832946,40.982683],[-95.843936,40.98947],[-95.854523,40.99254],[-95.864053,40.997066],[-95.86987,41.006591],[-95.868298,41.013343],[-95.859942,41.024377],[-95.858761,41.033077],[-95.86085,41.038969],[-95.8793,41.052171],[-95.882842,41.060596],[-95.879786,41.068612],[-95.866797,41.078746],[-95.862917,41.08553],[-95.862372,41.09258],[-95.866732,41.105311],[-95.866125,41.118418],[-95.870302,41.127654],[-95.880536,41.13979],[-95.883262,41.14834],[-95.882485,41.156376],[-95.878851,41.162942],[-95.87104,41.16766],[-95.86541,41.168139],[-95.852605,41.165404],[-95.846429,41.16684],[-95.841763,41.170425],[-95.84149,41.176031],[-95.844488,41.181568],[-95.85148,41.186081],[-95.864197,41.188337],[-95.880962,41.187652],[-95.896494,41.184849],[-95.912837,41.184576],[-95.921196,41.18772],[-95.92697,41.19559],[-95.928421,41.203791],[-95.926653,41.211043],[-95.922384,41.216851],[-95.913938,41.223886],[-95.910615,41.231704],[-95.911163,41.239788],[-95.916716,41.248198],[-95.921168,41.258036],[-95.922579,41.265735],[-95.920734,41.268527],[-95.914082,41.272448],[-95.915877,41.272712],[-95.928632,41.281331],[-95.929618,41.285064],[-95.929671,41.292149],[-95.927667,41.298388],[-95.920315,41.301189],[-95.905925,41.301061],[-95.904383,41.298847],[-95.904538,41.293302],[-95.90551,41.291211],[-95.906111,41.287643],[-95.907166,41.284909],[-95.912568,41.279538],[-95.9052,41.275054],[-95.902708,41.274371],[-95.88824,41.278935],[-95.875305,41.285845],[-95.871495,41.292619],[-95.871807,41.302528],[-95.876172,41.311605],[-95.885353,41.318034],[-95.897489,41.321597],[-95.912439,41.320078],[-95.925354,41.32113],[-95.943697,41.331101],[-95.953734,41.339514],[-95.956844,41.345646],[-95.957107,41.35023],[-95.95245,41.354869],[-95.940719,41.357692],[-95.932571,41.362397],[-95.928629,41.370462],[-95.930224,41.377426],[-95.936418,41.385373],[-95.937941,41.39433],[-95.931005,41.406578],[-95.929656,41.415476],[-95.933016,41.424634],[-95.932658,41.431484],[-95.920731,41.442741],[-95.919481,41.452607],[-95.923776,41.458768],[-95.935239,41.464941],[-95.945178,41.466619],[-95.95961,41.462761],[-95.96928,41.463968],[-95.977876,41.469604],[-95.991486,41.47202],[-96.001563,41.471294],[-96.00962,41.474178],[-96.019395,41.486536],[-96.019663,41.491835],[-96.017429,41.492135],[-96.000552,41.502675],[-95.996046,41.506999],[-95.992636,41.514459],[-95.994347,41.524089],[-95.999982,41.539641],[-96.004876,41.543503],[-96.014102,41.545453],[-96.020087,41.545137],[-96.023327,41.543503],[-96.026777,41.540499],[-96.029384,41.5279],[-96.031565,41.522101],[-96.034312,41.521047],[-96.033749,41.519782],[-96.034152,41.512491],[-96.036758,41.508854],[-96.039898,41.507019],[-96.044787,41.506892],[-96.050966,41.507858],[-96.054904,41.509231],[-96.064447,41.516925],[-96.066747,41.517685],[-96.072519,41.523023],[-96.077113,41.525285],[-96.080202,41.525971],[-96.082613,41.52592],[-96.090316,41.531815],[-96.09484,41.540491],[-96.096639,41.545322],[-96.095337,41.554042],[-96.091232,41.562228],[-96.083423,41.569554],[-96.081006,41.574376],[-96.081672,41.580006],[-96.085824,41.586079],[-96.09258,41.58886],[-96.103809,41.592713],[-96.109883,41.596885],[-96.117368,41.609676],[-96.11743,41.620009],[-96.1102,41.627998],[-96.099292,41.63666],[-96.094691,41.646524],[-96.09624,41.657916],[-96.102562,41.663219],[-96.115206,41.67072],[-96.12154,41.678045],[-96.122036,41.687719],[-96.117147,41.695577],[-96.108717,41.699233],[-96.102643,41.699409],[-96.090662,41.697429],[-96.08495,41.697595],[-96.081308,41.698539],[-96.076745,41.700533],[-96.073184,41.704078],[-96.072832,41.70792],[-96.073611,41.711187],[-96.076059,41.715175],[-96.079782,41.718306],[-96.087163,41.722321],[-96.099894,41.726228],[-96.102379,41.72775],[-96.104557,41.730029],[-96.105966,41.733323],[-96.1065,41.737175],[-96.105461,41.741797],[-96.103049,41.745738],[-96.100935,41.74762],[-96.098338,41.74892],[-96.095223,41.749833],[-96.090439,41.750967],[-96.086285,41.752683],[-96.081722,41.756363],[-96.078614,41.762031],[-96.078379,41.764912],[-96.079084,41.770887],[-96.078939,41.773473],[-96.077975,41.77693],[-96.074636,41.78155],[-96.067139,41.788252],[-96.064876,41.791681],[-96.064669,41.794527],[-96.065782,41.798786],[-96.069194,41.802857],[-96.074684,41.807557],[-96.082251,41.810543],[-96.092181,41.812335],[-96.099822,41.814851],[-96.103791,41.817118],[-96.108113,41.821366],[-96.109893,41.824379],[-96.111003,41.831321],[-96.10785,41.838783],[-96.107856,41.84381],[-96.110935,41.850082],[-96.117705,41.855933],[-96.127868,41.860215],[-96.134732,41.863007],[-96.139035,41.866349],[-96.144361,41.871733],[-96.146364,41.876705],[-96.14713,41.885194],[-96.150543,41.891138],[-96.158897,41.897408],[-96.161953,41.902059],[-96.161314,41.908287],[-96.156695,41.911926],[-96.144605,41.914605],[-96.138084,41.918093],[-96.135889,41.924625],[-96.137723,41.92988],[-96.142477,41.935438],[-96.14478,41.941141],[-96.14333,41.945103],[-96.141859,41.946634],[-96.139297,41.948259],[-96.13728,41.950758],[-96.135359,41.952347],[-96.133258,41.955909],[-96.13141,41.960782],[-96.129898,41.962594],[-96.129117,41.965869],[-96.128949,41.969742],[-96.129842,41.97233],[-96.132294,41.974484],[-96.142378,41.97846],[-96.157965,41.98023],[-96.164094,41.979815],[-96.170501,41.97849],[-96.174345,41.976833],[-96.17791,41.976254],[-96.18454,41.976709],[-96.190222,41.980105],[-96.191838,41.983128],[-96.192061,41.985323],[-96.186829,41.99287],[-96.183765,41.997466],[-96.183542,42.000075],[-96.184901,42.005264],[-96.18791,42.006755],[-96.194596,42.008701],[-96.206141,42.009346],[-96.215389,42.006614],[-96.218786,42.001709],[-96.222017,41.996906],[-96.224302,41.995001],[-96.228369,41.994132],[-96.235779,41.995995],[-96.241573,42.000259],[-96.242475,42.002909],[-96.241862,42.00709],[-96.23891,42.012306],[-96.227533,42.018906],[-96.223856,42.022424],[-96.221683,42.02619],[-96.22184,42.029823],[-96.224124,42.033837],[-96.22886,42.037396],[-96.234598,42.040168],[-96.246862,42.041651],[-96.254161,42.039665],[-96.256278,42.037968],[-96.264078,42.039623],[-96.270375,42.043347],[-96.274523,42.049212],[-96.27859,42.059595],[-96.279481,42.067826],[-96.278088,42.078079],[-96.27586,42.083786],[-96.270696,42.090756],[-96.267242,42.097991],[-96.267172,42.108664],[-96.271462,42.117426],[-96.280828,42.124448],[-96.295315,42.126928],[-96.302473,42.128117],[-96.311666,42.133447],[-96.315733,42.141132],[-96.320056,42.147616],[-96.326352,42.152077],[-96.336492,42.155836],[-96.342859,42.160078],[-96.34804,42.167057],[-96.350586,42.175847],[-96.348748,42.182701],[-96.346768,42.190835],[-96.349052,42.197439],[-96.352071,42.201545],[-96.357364,42.206085],[-96.359931,42.210643],[-96.357925,42.214233],[-96.356031,42.215347],[-96.350236,42.216214],[-96.344943,42.217616],[-96.33708,42.217555],[-96.334183,42.219412],[-96.328445,42.225353],[-96.32602,42.228684],[-96.323903,42.229633],[-96.322733,42.231696],[-96.322845,42.233676],[-96.330032,42.239946],[-96.328725,42.242448],[-96.327667,42.249995],[-96.329279,42.255241],[-96.331563,42.259777],[-96.336988,42.265588],[-96.342559,42.269793],[-96.354597,42.275402],[-96.360725,42.279524],[-96.366022,42.286125],[-96.368641,42.292596],[-96.368475,42.304383],[-96.37031,42.312148],[-96.376216,42.319606],[-96.384537,42.326091],[-96.398187,42.331693],[-96.407875,42.337187],[-96.413725,42.343199],[-96.417849,42.351609],[-96.417849,42.358855],[-96.416408,42.363046],[-96.41262,42.368644],[-96.408608,42.37523],[-96.408541,42.379271],[-96.409432,42.382564],[-96.414725,42.392435],[-96.415642,42.399425],[-96.415196,42.405226],[-96.41007,42.413124],[-96.404727,42.418383],[-96.395423,42.425333],[-96.387661,42.432323],[-96.384263,42.43734],[-96.380586,42.446777],[-96.38014,42.451875],[-96.381194,42.461878],[-96.385869,42.474342],[-96.395922,42.484404],[-96.401928,42.486396],[-96.413387,42.487957],[-96.425233,42.489236],[-96.440212,42.489568],[-96.445493,42.490629],[-96.460214,42.487089],[-96.477271,42.479812],[-96.493906,42.480747],[-96.508141,42.485738],[-96.518001,42.496442],[-96.520402,42.50538],[-96.53076,42.515119],[-96.544858,42.519587],[-96.559378,42.520107],[-96.570522,42.516989],[-96.583872,42.507496],[-96.600366,42.50365],[-96.612347,42.506147],[-96.625887,42.51342],[-96.632228,42.525162],[-96.633779,42.542099],[-96.637444,42.551341],[-96.64717,42.56027],[-96.661895,42.567435],[-96.676562,42.571693],[-96.684178,42.576574],[-96.708293,42.601446],[-96.712105,42.614523],[-96.706026,42.62734],[-96.692778,42.642167],[-96.687981,42.645069],[-96.686712,42.652224],[-96.692068,42.656993],[-96.699258,42.659689],[-96.729004,42.667153],[-96.748519,42.666062],[-96.751491,42.6645],[-96.764669,42.661895],[-96.782812,42.663975],[-96.797118,42.667311],[-96.802219,42.671375],[-96.800137,42.685609],[-96.801263,42.699186],[-96.807044,42.704471],[-96.819872,42.707882],[-96.828757,42.708399],[-96.843562,42.711921],[-96.859636,42.720727],[-96.873264,42.724186],[-96.885956,42.724807],[-96.906538,42.733817],[-96.918098,42.731746],[-96.937118,42.719504],[-96.961665,42.719607],[-96.965756,42.725619],[-96.960677,42.73971],[-96.968867,42.754572],[-96.980003,42.760472],[-96.991279,42.759437],[-97.029622,42.763163],[-97.0323,42.765957],[-97.069647,42.772682],[-97.085464,42.770032],[-97.113094,42.769101],[-97.131134,42.771791],[-97.144525,42.789792],[-97.151149,42.795894],[-97.172751,42.803243],[-97.199045,42.805213],[-97.211626,42.809673],[-97.214614,42.821064],[-97.21814,42.829022],[-97.217153,42.845461],[-97.250594,42.855563],[-97.267458,42.852443],[-97.290015,42.855544],[-97.304394,42.867117],[-97.308905,42.86753],[-97.316516,42.862983],[-97.341586,42.855842],[-97.361602,42.855119],[-97.378091,42.865242],[-97.397189,42.864489],[-97.405507,42.868516],[-97.416496,42.866555],[-97.426645,42.85581],[-97.440259,42.846348],[-97.45494,42.846451],[-97.458607,42.848522],[-97.471732,42.850693],[-97.482586,42.850172],[-97.495706,42.852965],[-97.50036,42.857308],[-97.50494,42.858335],[-97.516076,42.853582],[-97.548355,42.848002],[-97.563856,42.847588],[-97.604311,42.858335],[-97.614965,42.857881],[-97.658803,42.844034],[-97.683714,42.842043],[-97.723183,42.847727],[-97.772546,42.849682],[-97.816948,42.861772],[-97.828668,42.868913],[-97.845718,42.867883],[-97.862774,42.863957],[-97.876305,42.858378],[-97.879808,42.836721],[-97.890119,42.815319],[-97.908012,42.795476],[-97.934912,42.77688],[-97.95014,42.76943],[-97.961415,42.768602],[-97.977736,42.769828],[-98.001839,42.762895],[-98.006069,42.764034],[-98.013964,42.761756],[-98.035542,42.76393],[-98.037798,42.76631],[-98.047103,42.768381],[-98.052585,42.768787],[-98.060636,42.773348],[-98.061816,42.779615],[-98.075771,42.789649],[-98.083665,42.794821],[-98.092403,42.797717],[-98.106911,42.810194],[-98.122982,42.817846],[-98.129044,42.820846],[-98.138771,42.833355],[-98.147648,42.839836],[-98.163526,42.837039],[-98.171542,42.837153],[-98.189834,42.841662],[-98.219293,42.85257],[-98.226626,42.857831],[-98.234185,42.862562],[-98.24726,42.86878],[-98.249983,42.872031],[-98.254419,42.873799],[-98.258778,42.874369],[-98.268973,42.874198],[-98.280068,42.875058],[-98.326339,42.886522],[-98.333028,42.891216],[-98.336587,42.897369],[-98.350533,42.904873],[-98.406723,42.925229],[-98.420728,42.932006],[-98.431149,42.931425],[-98.435147,42.928864],[-98.439445,42.928205],[-98.445842,42.930401],[-98.44764,42.935889],[-98.458733,42.943644],[-98.467628,42.947741],[-98.489849,42.977206],[-98.49565,42.987922],[-98.498537,42.998559],[-98.725005,42.998346],[-98.764528,42.998354],[-98.783925,42.99819],[-98.824361,42.998322],[-98.885678,42.998178],[-98.962304,42.998298],[-99.021617,42.998353],[-99.021893,42.998215],[-99.061848,42.998264],[-99.06495,42.998102],[-99.077098,42.998279],[-99.080166,42.998402],[-99.080397,42.998225],[-99.09834,42.998167],[-99.10482,42.998229],[-99.11666,42.99818],[-99.13613,42.998159],[-99.136339,42.99821],[-99.139051,42.998232],[-99.139299,42.998499],[-99.151157,42.998346],[-99.152144,42.99821],[-99.155825,42.998172],[-99.157954,42.99823],[-99.158335,42.998358],[-99.161226,42.998351],[-99.161383,42.998457],[-99.164117,42.998475],[-99.195375,42.998092],[-99.217709,42.998172],[-99.234759,42.99809],[-99.238578,42.998184],[-99.256997,42.998083],[-99.262645,42.998241],[-99.296932,42.998059],[-99.435204,42.998044],[-99.471632,42.997917],[-99.474225,42.998068],[-99.488767,42.99814],[-99.490947,42.997925],[-99.494158,42.997968],[-99.553897,42.997982],[-99.572218,42.997953],[-99.636305,42.997823],[-99.637718,42.997923],[-99.690353,42.997868],[-99.699374,42.9978],[-99.699558,42.997918],[-99.701593,42.997962],[-99.705286,42.998015],[-99.708291,42.99797],[-99.72036,42.997901],[-99.731244,42.9979],[-99.748707,42.997896],[-99.768348,42.997945],[-99.770839,42.998104],[-99.788063,42.997879],[-99.794405,42.997938],[-99.803401,42.997981],[-99.808547,42.997969],[-99.809377,42.997932],[-99.812701,42.997957],[-99.821265,42.997955],[-99.828434,42.997933],[-99.833814,42.997977],[-99.835866,42.997911],[-99.848092,42.997937],[-99.850744,42.998016],[-99.859945,42.997965],[-99.860011,42.997852],[-99.861185,42.997942],[-99.864209,42.99791],[-99.864515,42.997948],[-99.865271,42.997894],[-99.866239,42.99807],[-99.86742,42.998011],[-99.869857,42.998075],[-99.871197,42.997987],[-99.872012,42.997838],[-99.875184,42.997808],[-99.876484,42.997821],[-99.883656,42.997956],[-99.889512,42.998079],[-99.899012,42.998075],[-99.927465,42.998091],[-99.933842,42.997993],[-99.950244,42.998204],[-99.960822,42.998063],[-99.962986,42.997658],[-99.992596,42.998079],[-100.023019,42.998357],[-100.027953,42.998139],[-100.067815,42.998392],[-100.068063,42.998297],[-100.079517,42.99838],[-100.079782,42.998265],[-100.080139,42.998356],[-100.111685,42.998426],[-100.212505,42.998431],[-100.297549,42.998782],[-100.309055,42.999311],[-100.31043,42.99857],[-100.415361,42.998958],[-100.550161,42.998802],[-100.555135,42.998273],[-100.611497,42.998165],[-100.690233,42.998154],[-100.786792,42.998192],[-100.807025,42.998656],[-100.813004,42.998395],[-100.88739,42.998029],[-100.956122,42.998032],[-100.958464,42.997741],[-100.95986,42.997996],[-101.131564,42.997876],[-101.228001,42.997561],[-101.228013,42.998147],[-101.229508,42.997774],[-101.229934,42.99773],[-101.230384,42.997899],[-101.232913,42.997904],[-101.239657,42.997644],[-101.244111,42.997677],[-101.246867,42.997644],[-101.2496,42.997725],[-101.251516,42.997629],[-101.25316,42.997662],[-101.266394,42.997662],[-101.354385,42.99743],[-101.367922,42.997403],[-101.37675,42.997547],[-101.39531,42.997417],[-101.429896,42.997134],[-101.478805,42.997153],[-101.572168,42.996781],[-101.623848,42.996259],[-101.635354,42.99626],[-101.714084,42.996553],[-101.736194,42.996881],[-101.775653,42.997795],[-101.847037,42.999101],[-101.863749,42.999323],[-102.085408,42.999321],[-102.085227,42.999334]]]},"properties":{"code":"[402,531]"}},{"type":"Feature","geometry":{"type":"Polygon","coordinates":[[[-83.319107,29.822624],[-83.318953,29.822571],[-83.071856,29.824459],[-83.071382,29.820306],[-83.071301,29.818242],[-83.070047,29.815262],[-83.070845,29.811],[-83.071448,29.810356],[-83.071033,29.809787],[-83.070001,29.805907],[-83.066306,29.801284],[-83.064003,29.800494],[-83.062156,29.801168],[-83.061246,29.802539],[-83.057832,29.802829],[-83.057176,29.801842],[-83.055281,29.800964],[-83.054063,29.799639],[-83.051501,29.801525],[-83.049529,29.802516],[-83.046359,29.801021],[-83.045142,29.799006],[-83.044957,29.797172],[-83.042296,29.795216],[-83.040375,29.795071],[-83.037776,29.794038],[-83.03738,29.792598],[-83.035783,29.79181],[-83.03571,29.790704],[-83.03716,29.788965],[-83.037361,29.787383],[-83.038387,29.786824],[-83.038558,29.785591],[-83.037269,29.783273],[-83.036453,29.782917],[-83.036101,29.782094],[-83.03664,29.780959],[-83.038524,29.780472],[-83.038883,29.779531],[-83.038304,29.776544],[-83.036473,29.775682],[-83.036139,29.775245],[-83.037002,29.773167],[-83.036495,29.771297],[-83.035371,29.76945],[-83.033961,29.768298],[-83.023487,29.768537],[-83.025891,29.765528],[-83.028409,29.76136],[-83.02844,29.749155],[-83.021038,29.754829],[-83.015374,29.754846],[-83.007695,29.762423],[-83.004289,29.76135],[-83.002016,29.761514],[-83.001692,29.769743],[-82.996828,29.771056],[-82.993852,29.775175],[-82.993687,29.781293],[-82.976261,29.781514],[-82.972207,29.796031],[-82.958787,29.796187],[-82.958652,29.80343],[-82.951915,29.802383],[-82.938875,29.802568],[-82.926594,29.796016],[-82.924364,29.795722],[-82.826565,29.796389],[-82.815121,29.79112],[-82.796258,29.791026],[-82.790885,29.787296],[-82.783412,29.789656],[-82.779006,29.78933],[-82.770568,29.793875],[-82.757566,29.796952],[-82.755256,29.798537],[-82.751172,29.805764],[-82.74123,29.809914],[-82.740808,29.782672],[-82.699304,29.783526],[-82.699141,29.76893],[-82.657451,29.770026],[-82.657013,29.726609],[-82.653806,29.726001],[-82.607172,29.727485],[-82.508071,29.727485],[-82.503393,29.728657],[-82.495949,29.728614],[-82.49588,29.734688],[-82.493872,29.739002],[-82.478859,29.738963],[-82.469761,29.749342],[-82.455148,29.744242],[-82.455008,29.780755],[-82.435924,29.772621],[-82.421406,29.768446],[-82.423212,29.808596],[-82.427133,29.815566],[-82.427133,29.826438],[-82.405237,29.839349],[-82.405265,29.843327],[-82.400917,29.844441],[-82.391425,29.844485],[-82.383125,29.839899],[-82.378186,29.840006],[-82.374334,29.851617],[-82.37761,29.861465],[-82.376584,29.8667],[-82.380163,29.871314],[-82.373816,29.879301],[-82.388885,29.882125],[-82.401571,29.890818],[-82.405073,29.901031],[-82.40538,29.91052],[-82.412137,29.921255],[-82.418888,29.923117],[-82.415717,29.926308],[-82.411217,29.92684],[-82.412956,29.930739],[-82.416024,29.931802],[-82.419967,29.931823],[-82.420275,29.935371],[-82.417717,29.938829],[-82.416903,29.95212],[-82.41404,29.953537],[-82.402588,29.953891],[-82.402989,29.942907],[-82.385739,29.942817],[-82.385771,29.944835],[-82.381894,29.944775],[-82.381961,29.930419],[-82.369835,29.935271],[-82.362491,29.932569],[-82.352233,29.937451],[-82.345158,29.950132],[-82.342139,29.961571],[-82.31915,29.954766],[-82.307436,29.9561],[-82.300123,29.968199],[-82.285214,29.982662],[-82.274024,29.998297],[-82.277922,30.000569],[-82.292516,30.007069],[-82.313118,30.017847],[-82.300863,30.031208],[-82.301404,30.043696],[-82.302344,30.04633],[-82.306523,30.050811],[-82.307494,30.050928],[-82.311269,30.04717],[-82.311134,30.044556],[-82.315293,30.042436],[-82.318613,30.042684],[-82.322492,30.044264],[-82.321235,30.047723],[-82.32068,30.062684],[-82.308752,30.077181],[-82.308401,30.078438],[-82.307643,30.088693],[-82.306071,30.091314],[-82.300766,30.097241],[-82.297758,30.102868],[-82.296828,30.112283],[-82.287045,30.125695],[-82.282272,30.135325],[-82.286364,30.13988],[-82.287093,30.142134],[-82.359523,30.140995],[-82.359507,30.139183],[-82.443676,30.138096],[-82.447245,30.137817],[-82.458354,30.136445],[-82.45833,30.129747],[-82.461896,30.130323],[-82.462578,30.131772],[-82.463571,30.131128],[-82.464936,30.13137],[-82.466704,30.13247],[-82.46779,30.132336],[-82.468503,30.133731],[-82.468441,30.135501],[-82.469392,30.136401],[-82.469175,30.137876],[-82.470044,30.138761],[-82.470478,30.140103],[-82.472619,30.141498],[-82.473291,30.143448],[-82.476949,30.142435],[-82.479363,30.140355],[-82.483412,30.1408],[-82.486578,30.138086],[-82.496859,30.141274],[-82.498668,30.145006],[-82.49955,30.151226],[-82.504695,30.155831],[-82.506867,30.160913],[-82.510963,30.167028],[-82.514613,30.170817],[-82.516331,30.1735],[-82.517307,30.174173],[-82.51606,30.176246],[-82.522305,30.191618],[-82.503318,30.195196],[-82.504782,30.201028],[-82.506685,30.205961],[-82.50905,30.209072],[-82.508982,30.220761],[-82.511399,30.223071],[-82.509702,30.22476],[-82.504868,30.227293],[-82.500188,30.233913],[-82.500596,30.23529],[-82.494523,30.238107],[-82.492245,30.237875],[-82.490012,30.240344],[-82.490816,30.242351],[-82.491556,30.249533],[-82.486599,30.252658],[-82.484322,30.258328],[-82.47623,30.259839],[-82.457511,30.257209],[-82.4595,30.58092],[-82.459806,30.584269],[-82.469343,30.58487],[-83.294219,30.631863],[-83.294162,30.630468],[-83.29348,30.629029],[-83.291713,30.629146],[-83.28903,30.629292],[-83.286716,30.62995],[-83.285765,30.629658],[-83.28529,30.628401],[-83.284542,30.628109],[-83.283184,30.628372],[-83.282029,30.628313],[-83.277613,30.628781],[-83.274828,30.62843],[-83.271906,30.627144],[-83.271906,30.626238],[-83.272484,30.625419],[-83.271363,30.623636],[-83.26892,30.621975],[-83.268376,30.620338],[-83.268478,30.61911],[-83.268139,30.617649],[-83.267289,30.616509],[-83.266871,30.61406],[-83.267755,30.611516],[-83.267755,30.610201],[-83.266192,30.607014],[-83.264697,30.605202],[-83.263203,30.602652],[-83.262354,30.599787],[-83.260214,30.597155],[-83.259519,30.595861],[-83.257956,30.5901],[-83.25665,30.587382],[-83.256514,30.586358],[-83.258212,30.585802],[-83.259978,30.585569],[-83.261439,30.585071],[-83.262356,30.583171],[-83.2629,30.580977],[-83.26239,30.578726],[-83.26178,30.577549],[-83.259787,30.574626],[-83.259882,30.572912],[-83.262383,30.570266],[-83.26179,30.56845],[-83.2598,30.566757],[-83.257929,30.56586],[-83.257573,30.563738],[-83.256033,30.562371],[-83.255961,30.559511],[-83.256885,30.558695],[-83.258449,30.55847],[-83.260132,30.557389],[-83.26063,30.554389],[-83.261079,30.552939],[-83.259017,30.551756],[-83.253744,30.548506],[-83.251564,30.54573],[-83.247402,30.541206],[-83.246859,30.540112],[-83.247262,30.539622],[-83.246906,30.537152],[-83.245784,30.535606],[-83.246353,30.534279],[-83.247017,30.53383],[-83.249457,30.533892],[-83.249694,30.532565],[-83.249078,30.531701],[-83.245405,30.531027],[-83.24441,30.529129],[-83.244057,30.525513],[-83.24337,30.525023],[-83.242066,30.525268],[-83.241142,30.524635],[-83.240473,30.521791],[-83.238861,30.518729],[-83.239207,30.515434],[-83.240037,30.514965],[-83.241245,30.516414],[-83.242762,30.516598],[-83.24371,30.513576],[-83.246178,30.51247],[-83.245894,30.512062],[-83.244566,30.511551],[-83.240699,30.506399],[-83.240628,30.505174],[-83.242832,30.502336],[-83.242382,30.500192],[-83.242406,30.497977],[-83.240557,30.494485],[-83.24051,30.493485],[-83.242337,30.492766],[-83.244233,30.492806],[-83.24492,30.49248],[-83.244825,30.491745],[-83.243024,30.488641],[-83.243934,30.484382],[-83.243484,30.48187],[-83.243981,30.480113],[-83.243833,30.478997],[-83.2417,30.477956],[-83.242956,30.476587],[-83.243667,30.474586],[-83.243711,30.472937],[-83.238853,30.47261],[-83.235369,30.470772],[-83.232881,30.470343],[-83.229913,30.469524],[-83.225718,30.468012],[-83.222748,30.464529],[-83.221255,30.464263],[-83.217819,30.464427],[-83.217582,30.463528],[-83.219208,30.462447],[-83.219588,30.461691],[-83.219327,30.459424],[-83.217755,30.456502],[-83.21759,30.45548],[-83.219651,30.455113],[-83.2215,30.453887],[-83.22304,30.451415],[-83.222329,30.449372],[-83.221666,30.448841],[-83.218121,30.448642],[-83.217339,30.447825],[-83.217458,30.446804],[-83.21869,30.446313],[-83.220064,30.444618],[-83.220704,30.443208],[-83.219957,30.441185],[-83.219886,30.439571],[-83.222422,30.436053],[-83.220739,30.434133],[-83.22023,30.431767],[-83.218452,30.427681],[-83.218508,30.425757],[-83.219669,30.425287],[-83.221114,30.425635],[-83.221825,30.425573],[-83.222489,30.424388],[-83.222086,30.423469],[-83.220522,30.422835],[-83.218839,30.420628],[-83.216446,30.418176],[-83.215616,30.41793],[-83.21474,30.418523],[-83.214052,30.420383],[-83.211305,30.421564],[-83.210191,30.421359],[-83.207205,30.419193],[-83.207039,30.418294],[-83.207702,30.417395],[-83.207301,30.414107],[-83.206235,30.412145],[-83.205097,30.412023],[-83.204457,30.412779],[-83.204434,30.414332],[-83.203984,30.414864],[-83.197467,30.416049],[-83.19576,30.416764],[-83.194531,30.416887],[-83.190265,30.413821],[-83.186533,30.412756],[-83.183926,30.411591],[-83.180538,30.410794],[-83.179981,30.410149],[-83.180265,30.408513],[-83.180171,30.407676],[-83.176438,30.399342],[-83.174423,30.397993],[-83.174684,30.397076],[-83.177694,30.394889],[-83.178428,30.392886],[-83.177006,30.391373],[-83.175395,30.390882],[-83.173523,30.391373],[-83.171793,30.389329],[-83.171817,30.387673],[-83.171224,30.386303],[-83.171416,30.385436],[-83.177489,30.384514],[-83.181706,30.381943],[-83.18553,30.380245],[-83.193073,30.373987],[-83.192623,30.371658],[-83.192904,30.368504],[-83.191779,30.36506],[-83.193586,30.359422],[-83.192799,30.356413],[-83.189987,30.353405],[-83.189987,30.352192],[-83.197578,30.348746],[-83.200278,30.348795],[-83.201402,30.350493],[-83.203258,30.351561],[-83.209106,30.350785],[-83.212792,30.345257],[-83.210542,30.336861],[-83.20801,30.332082],[-83.208291,30.330189],[-83.21099,30.327762],[-83.213971,30.323102],[-83.214292,30.319704],[-83.210749,30.314558],[-83.209793,30.312422],[-83.212099,30.307908],[-83.22332,30.30307],[-83.22855,30.298943],[-83.233393,30.291128],[-83.231368,30.286466],[-83.232324,30.282485],[-83.234236,30.278794],[-83.238253,30.271093],[-83.240306,30.266536],[-83.236836,30.263129],[-83.237146,30.261078],[-83.239956,30.260361],[-83.246875,30.260611],[-83.251306,30.259359],[-83.252413,30.256969],[-83.266468,30.256922],[-83.266355,30.246053],[-83.283007,30.245946],[-83.28288,30.236181],[-83.282944,30.234716],[-83.283358,30.231649],[-83.28939,30.209487],[-83.291032,30.209615],[-83.294421,30.20944],[-83.295323,30.209545],[-83.295404,30.208917],[-83.298743,30.208858],[-83.299537,30.206766],[-83.299382,30.205237],[-83.297389,30.201631],[-83.295606,30.200159],[-83.295002,30.19849],[-83.294935,30.196919],[-83.294086,30.196116],[-83.292282,30.196011],[-83.292282,30.194883],[-83.293171,30.194138],[-83.293162,30.192165],[-83.294832,30.192165],[-83.299639,30.187568],[-83.299652,30.177733],[-83.299894,30.175717],[-83.302097,30.171091],[-83.291087,30.166275],[-83.291131,30.162989],[-83.294845,30.162208],[-83.308564,30.162179],[-83.308899,30.158707],[-83.309601,30.158447],[-83.309534,30.151503],[-83.3092,30.150838],[-83.3091,30.143806],[-83.308096,30.142041],[-83.309401,30.140247],[-83.309385,30.136631],[-83.292651,30.136549],[-83.292567,30.129321],[-83.293297,30.114594],[-83.293697,30.100049],[-83.293738,30.08559],[-83.293835,30.080576],[-83.293161,30.080076],[-83.293164,30.074704],[-83.29504,30.072914],[-83.297637,30.072706],[-83.299561,30.071707],[-83.304452,30.069865],[-83.311941,30.062545],[-83.310931,30.059214],[-83.311219,30.058132],[-83.314491,30.056674],[-83.314724,30.054653],[-83.317213,30.050846],[-83.32025,30.049714],[-83.321091,30.047854],[-83.320904,30.047126],[-83.322352,30.045752],[-83.324267,30.041708],[-83.325575,30.04102],[-83.328144,30.036572],[-83.329265,30.030506],[-83.331041,30.030829],[-83.338225,30.029119],[-83.34275,30.0253],[-83.34359,30.033834],[-83.34726,30.034944],[-83.347147,30.021902],[-83.35221,30.017184],[-83.360459,30.016216],[-83.36357,30.016216],[-83.361882,30.019174],[-83.369932,30.024843],[-83.370865,29.887938],[-83.354183,29.887829],[-83.353946,29.822488],[-83.319107,29.822624]]]},"properties":{"code":"[386]"}},{"type":"Feature","geometry":{"type":"Polygon","coordinates":[[[-81.797246,29.836627],[-81.812297,29.836509],[-81.822627,29.825812],[-81.826646,29.825025],[-81.831869,29.821227],[-81.838597,29.815145],[-81.8477,29.809189],[-81.85367,29.806685],[-81.860014,29.802657],[-81.862003,29.800197],[-81.870212,29.800887],[-81.890313,29.798366],[-81.899566,29.794351],[-81.904789,29.7931],[-81.909515,29.793574],[-81.913843,29.791502],[-81.916679,29.791329],[-81.925299,29.78012],[-81.923534,29.765281],[-81.924927,29.756947],[-81.921008,29.748619],[-81.921108,29.738936],[-81.918804,29.729578],[-81.918593,29.725953],[-81.920682,29.720337],[-81.917697,29.70703],[-81.912657,29.701496],[-81.905941,29.688878],[-81.900771,29.683398],[-81.89714,29.676223],[-81.895946,29.668832],[-81.88743,29.660336],[-81.919995,29.659678],[-81.919825,29.65229],[-81.9261,29.652188],[-81.92596,29.64564],[-81.924245,29.645659],[-81.924215,29.644829],[-81.923253,29.644845],[-81.923239,29.641672],[-81.924145,29.641672],[-81.924093,29.638474],[-81.919493,29.63851],[-81.919423,29.635827],[-81.922135,29.632278],[-81.928416,29.630338],[-81.932584,29.630217],[-81.932584,29.631066],[-81.930858,29.631096],[-81.930997,29.63434],[-81.930009,29.634477],[-81.92966,29.635569],[-81.928858,29.635963],[-81.928858,29.637494],[-81.932712,29.637554],[-81.932694,29.638388],[-81.929468,29.638449],[-81.92945,29.640816],[-81.931247,29.64218],[-81.929921,29.642802],[-81.929677,29.644363],[-81.930689,29.645599],[-81.932781,29.645144],[-81.932781,29.646917],[-81.94161,29.646709],[-81.941607,29.639623],[-81.945829,29.63958],[-81.945765,29.625475],[-81.940769,29.623418],[-81.940928,29.621677],[-81.944322,29.620295],[-81.94424,29.607558],[-81.937291,29.607634],[-81.936707,29.60672],[-81.932941,29.606847],[-81.931686,29.607736],[-81.927956,29.607841],[-81.924306,29.610075],[-81.921993,29.608834],[-81.921934,29.607768],[-81.916095,29.607844],[-81.916066,29.609646],[-81.913088,29.609672],[-81.912998,29.601903],[-81.911304,29.6017],[-81.911071,29.5984],[-81.901306,29.588026],[-81.896447,29.587825],[-81.896135,29.580148],[-81.889194,29.57807],[-81.878083,29.569474],[-81.87758,29.538625],[-81.880908,29.535824],[-81.894334,29.535321],[-81.906456,29.524243],[-81.913064,29.523353],[-81.933508,29.518172],[-81.935281,29.516598],[-81.935425,29.514584],[-81.930796,29.516284],[-81.911012,29.505141],[-81.900318,29.513685],[-81.884775,29.510498],[-81.853289,29.520162],[-81.842982,29.519935],[-81.842734,29.486157],[-81.776935,29.487006],[-81.7749,29.428442],[-81.741799,29.43],[-81.741391,29.370993],[-81.661582,29.371769],[-81.602955,29.209329],[-81.562914,29.200924],[-81.543677,29.180135],[-81.523186,29.167248],[-81.522602,29.155792],[-81.504366,29.121815],[-81.501952,29.097308],[-81.485807,29.09306],[-81.468099,29.096549],[-81.458898,29.093818],[-81.454557,29.08153],[-81.461344,29.077154],[-81.4544,29.062132],[-81.44572,29.062284],[-81.431133,29.044831],[-81.40301,29.032841],[-81.388086,29.01645],[-81.375063,28.993523],[-81.365168,28.992916],[-81.354578,28.98517],[-81.370203,28.956769],[-81.361522,28.949629],[-81.347114,28.949478],[-81.347275,28.938559],[-81.355287,28.93065],[-81.352213,28.922496],[-81.359386,28.913361],[-81.35658,28.910461],[-81.360214,28.906057],[-81.354625,28.894557],[-81.357606,28.886808],[-81.364965,28.89064],[-81.366477,28.878292],[-81.366477,28.878302],[-81.360597,28.872459],[-81.359716,28.870681],[-81.363102,28.870029],[-81.364659,28.868191],[-81.36493,28.865522],[-81.351862,28.862735],[-81.350914,28.857695],[-81.355045,28.8539],[-81.359649,28.850519],[-81.358622,28.848138],[-81.345637,28.846158],[-81.340537,28.847217],[-81.333598,28.840678],[-81.324082,28.837684],[-81.319468,28.83517],[-81.286293,28.868484],[-81.282775,28.868095],[-81.279004,28.869205],[-81.274662,28.868817],[-81.27463,28.868095],[-81.269845,28.86829],[-81.268324,28.867207],[-81.26582,28.86643],[-81.260152,28.865323],[-81.257898,28.865323],[-81.254554,28.864145],[-81.24967,28.860703],[-81.246398,28.860162],[-81.244072,28.860066],[-81.231796,28.85999],[-81.226161,28.856552],[-81.222089,28.856806],[-81.220853,28.857125],[-81.212794,28.856916],[-81.210667,28.856436],[-81.209246,28.855126],[-81.207282,28.854274],[-81.206273,28.853029],[-81.204253,28.855191],[-81.205057,28.857543],[-81.204907,28.859672],[-81.202789,28.861262],[-81.211802,28.863901],[-81.211435,28.865903],[-81.209044,28.87072],[-81.210963,28.871214],[-81.21099,28.876011],[-81.194661,28.876067],[-81.183854,28.870053],[-81.183954,28.868185],[-81.181488,28.869119],[-81.178478,28.871156],[-81.179045,28.881238],[-81.179978,28.882931],[-81.179701,28.88417],[-81.179907,28.887119],[-81.179251,28.888449],[-81.176171,28.890907],[-81.175515,28.891995],[-81.17548,28.89798],[-81.169447,28.904442],[-81.168434,28.903851],[-81.167138,28.903664],[-81.167167,28.90547],[-81.165557,28.904989],[-81.165674,28.889968],[-81.151999,28.890158],[-81.151874,28.879471],[-81.145582,28.884726],[-81.134103,28.89998],[-81.132214,28.899132],[-81.130471,28.899513],[-81.128678,28.898835],[-81.126111,28.894976],[-81.124271,28.894128],[-81.120202,28.894001],[-81.117102,28.892516],[-81.11415,28.888859],[-81.116127,28.882512],[-81.115845,28.879132],[-81.10221,28.86087],[-81.079155,28.846206],[-81.076921,28.83971],[-81.076563,28.834778],[-81.070398,28.83423],[-81.067985,28.832665],[-81.063785,28.832273],[-81.061998,28.830316],[-81.062177,28.827811],[-81.057441,28.824914],[-81.056985,28.821631],[-81.054963,28.816597],[-81.054641,28.810905],[-81.052297,28.808246],[-81.052471,28.806723],[-81.051551,28.805193],[-81.052517,28.80483],[-81.053758,28.802413],[-81.052471,28.801366],[-81.052884,28.800077],[-81.051459,28.798305],[-81.053574,28.798828],[-81.053436,28.800037],[-81.055872,28.798546],[-81.057021,28.799151],[-81.057527,28.796089],[-81.059224,28.794923],[-81.052431,28.785446],[-81.059104,28.742788],[-81.040414,28.731826],[-81.04083,28.727446],[-81.035696,28.725194],[-81.03757,28.721666],[-81.033545,28.719049],[-81.034779,28.70957],[-81.023574,28.701303],[-81.020956,28.692669],[-81.025459,28.679991],[-81.013245,28.665725],[-81.001831,28.64073],[-81.005706,28.636686],[-80.996881,28.623418],[-80.989078,28.613462],[-80.964673,28.613304],[-80.96789,28.79019],[-80.899573,28.79096],[-80.893873,28.771219],[-80.882056,28.781032],[-80.873733,28.753974],[-80.860726,28.756163],[-80.858862,28.75078],[-80.850792,28.752419],[-80.848369,28.745524],[-80.844824,28.746206],[-80.842439,28.738167],[-80.840023,28.738579],[-80.771183,28.723256],[-80.754592,28.736285],[-80.750331,28.731021],[-80.735607,28.715826],[-80.728183,28.707333],[-80.721899,28.697606],[-80.721755,28.684472],[-80.696827,28.643574],[-80.608594,28.643442],[-80.619917,28.671192],[-80.732671,28.824968],[-80.834256,28.985662],[-80.997123,29.245609],[-81.117707,29.496718],[-81.191387,29.638681],[-81.20409,29.670451],[-81.210199,29.670293],[-81.226796,29.670181],[-81.229734,29.662502],[-81.247928,29.659006],[-81.250428,29.662565],[-81.25309,29.661614],[-81.254788,29.663394],[-81.257683,29.66419],[-81.257569,29.667392],[-81.260545,29.669182],[-81.261735,29.668824],[-81.262307,29.666258],[-81.264957,29.665451],[-81.265438,29.664039],[-81.266811,29.664218],[-81.268367,29.663184],[-81.268199,29.661889],[-81.269114,29.661213],[-81.269297,29.659701],[-81.271952,29.660815],[-81.272525,29.660019],[-81.271907,29.657931],[-81.270579,29.657672],[-81.269686,29.656936],[-81.270533,29.656001],[-81.271564,29.65641],[-81.273327,29.657961],[-81.274357,29.657305],[-81.274128,29.65635],[-81.27248,29.655276],[-81.276279,29.654162],[-81.274288,29.65267],[-81.276119,29.652809],[-81.277607,29.651676],[-81.279095,29.651855],[-81.280789,29.651119],[-81.281796,29.650223],[-81.282734,29.651278],[-81.283673,29.650542],[-81.284428,29.651556],[-81.286007,29.651278],[-81.287724,29.651835],[-81.288708,29.650104],[-81.291273,29.650093],[-81.300108,29.651346],[-81.302236,29.649846],[-81.305951,29.642863],[-81.30953,29.641872],[-81.312185,29.642826],[-81.313261,29.645273],[-81.315155,29.647393],[-81.318763,29.651439],[-81.324339,29.653788],[-81.324091,29.625616],[-81.369563,29.62516],[-81.370844,29.631751],[-81.373299,29.640207],[-81.375572,29.645383],[-81.377618,29.64886],[-81.379888,29.651755],[-81.392579,29.650698],[-81.411198,29.660109],[-81.413974,29.664467],[-81.423957,29.664305],[-81.42396,29.65291],[-81.494745,29.652163],[-81.494572,29.630615],[-81.518935,29.630214],[-81.523805,29.631459],[-81.525188,29.759173],[-81.527663,29.761588],[-81.58097,29.839958],[-81.797239,29.836638],[-81.797246,29.836627]]]},"properties":{"code":"[386]"}},{"type":"Feature","geometry":{"type":"Polygon","coordinates":[[[-111.054192,45.001475],[-111.047142,40.997666],[-104.051878,41.000129],[-104.056791,44.997731],[-111.054192,45.001475]]]},"properties":{"code":"[307]"}},{"type":"Feature","geometry":{"type":"Polygon","coordinates":[[[-73.894616,40.995369],[-74.213811,41.134725],[-74.273694,41.020539],[-74.248647,40.992169],[-74.225238,40.982081],[-74.170615,40.977417],[-74.169692,40.982613],[-74.140836,40.965626],[-74.148588,40.941505],[-74.144182,40.940886],[-74.139453,40.933511],[-74.142457,40.929655],[-74.139303,40.922959],[-74.132539,40.922841],[-74.129833,40.920626],[-74.13359,40.912926],[-74.131597,40.905638],[-74.133588,40.899153],[-74.128686,40.893942],[-74.130215,40.885602],[-74.10403,40.892088],[-74.069266,40.88644],[-74.094563,40.848744],[-74.118961,40.851281],[-74.124116,40.839293],[-74.121006,40.831817],[-74.125941,40.820852],[-74.13706,40.817775],[-74.139858,40.804901],[-74.137969,40.799675],[-74.148762,40.784794],[-74.14852,40.778438],[-74.161372,40.762433],[-74.16514,40.753913],[-74.092937,40.739027],[-74.101974,40.719602],[-74.116299,40.707816],[-74.112622,40.699462],[-74.154712,40.643284],[-74.142816,40.642158],[-74.13362,40.643695],[-74.125373,40.644004],[-74.109821,40.648003],[-74.093953,40.648288],[-74.086787,40.65157],[-74.055663,40.651893],[-74.026486,40.699734],[-74.014179,40.756463],[-73.962761,40.827753],[-73.930075,40.888426],[-73.895409,40.985755],[-73.894616,40.995369]]]},"properties":{"code":"[201,551]"}},{"type":"Feature","geometry":{"type":"Polygon","coordinates":[[[-77.040948,38.995867],[-77.119902,38.93446],[-77.116524,38.929655],[-77.11479,38.927269],[-77.105983,38.919863],[-77.103405,38.915368],[-77.103005,38.912912],[-77.093784,38.9061],[-77.069846,38.901036],[-77.067465,38.899521],[-77.064526,38.891681],[-77.063794,38.890163],[-77.064362,38.88941],[-77.05904,38.880631],[-77.057818,38.880266],[-77.054816,38.880322],[-77.051369,38.876371],[-77.051641,38.874067],[-77.049522,38.871366],[-77.046847,38.871866],[-77.046257,38.872448],[-77.046644,38.87312],[-77.046416,38.873983],[-77.047328,38.875015],[-77.046765,38.875419],[-77.045955,38.875796],[-77.043923,38.87434],[-77.043365,38.874259],[-77.039937,38.870732],[-77.037783,38.867138],[-77.037681,38.864303],[-77.038284,38.863898],[-77.042377,38.863662],[-77.040293,38.862393],[-77.039838,38.862703],[-77.039895,38.863352],[-77.037868,38.863381],[-77.037527,38.861242],[-77.036523,38.861086],[-77.03497,38.859242],[-77.032748,38.85512],[-77.031955,38.848793],[-77.034521,38.839931],[-77.038088,38.83912],[-77.04329,38.839583],[-77.044856,38.840176],[-77.046237,38.84115],[-77.047931,38.841278],[-77.047421,38.840702],[-77.046204,38.840561],[-77.045793,38.840151],[-77.045333,38.838409],[-77.044698,38.83455],[-77.043674,38.833142],[-77.043108,38.831345],[-77.041978,38.831547],[-77.042768,38.83347],[-77.041908,38.83393],[-77.037177,38.831271],[-77.038762,38.82413],[-77.040995,38.823195],[-77.040586,38.822132],[-77.03871,38.821601],[-77.039938,38.820671],[-77.039631,38.81998],[-77.038062,38.819369],[-77.038881,38.818838],[-77.037218,38.814651],[-77.037261,38.810061],[-77.039148,38.800626],[-77.038954,38.791669],[-76.90943,38.892854],[-77.040948,38.995867]]]},"properties":{"code":"[202,771]"}},{"type":"Feature","geometry":{"type":"Polygon","coordinates":[[[-73.61152,40.951913],[-72.527108,41.250786],[-72.614622,41.338046],[-72.607289,41.377286],[-72.67506,41.445871],[-72.741972,41.423818],[-72.743684,41.59517],[-72.941945,41.559816],[-72.939866,41.6437],[-73.129567,41.555135],[-73.162957,41.674753],[-73.292802,41.653811],[-73.253295,41.511583],[-73.31232,41.469914],[-73.462088,41.553697],[-73.527372,41.550505],[-73.550981,41.295385],[-73.482712,41.212685],[-73.728137,41.100555],[-73.657193,41.014323],[-73.662072,40.987898],[-73.61152,40.951913]]]},"properties":{"code":"[203,475]"}},{"type":"Feature","geometry":{"type":"Polygon","coordinates":[[[-88.179964,34.290624],[-88.472894,31.892887],[-88.32574,31.852564],[-88.289386,31.9466],[-88.200715,31.844485],[-88.142172,31.857927],[-88.129594,31.906317],[-88.052011,31.923763],[-88.118513,31.949282],[-88.074117,31.955982],[-88.069363,31.985514],[-88.097852,31.994908],[-88.12002,32.053936],[-88.048802,32.082097],[-88.006086,32.181254],[-88.018761,32.280296],[-87.926027,32.309179],[-88.046867,32.372856],[-88.038653,32.432566],[-87.855813,32.517645],[-87.918978,32.631573],[-88.057537,32.593313],[-88.076277,32.628145],[-87.632715,32.795233],[-86.97346,32.835981],[-86.968526,32.954057],[-86.886162,32.95812],[-86.886374,32.842614],[-86.816221,32.847133],[-86.775941,32.658043],[-86.705731,32.664599],[-86.708383,32.744436],[-86.378787,32.751797],[-86.365626,32.839675],[-86.438333,32.838546],[-86.5111,32.919647],[-86.520713,33.090692],[-86.457255,33.122833],[-86.504847,33.17595],[-86.490303,33.203613],[-86.46386,33.192549],[-86.462546,33.234585],[-86.358085,33.296491],[-86.368664,33.340684],[-86.342222,33.34952],[-86.379242,33.387062],[-86.346894,33.417587],[-86.271525,33.51754],[-86.256722,33.488363],[-86.184045,33.556808],[-86.001044,33.53327],[-86.001183,33.674506],[-86.150244,33.673302],[-86.147563,33.705777],[-86.067646,33.778019],[-86.165845,33.933224],[-86.446323,33.851801],[-86.124037,34.107462],[-86.449684,34.240451],[-86.805177,33.958158],[-86.979284,33.912027],[-87.116934,34.010401],[-87.150419,34.19753],[-87.31709,34.145427],[-87.380149,34.307768],[-88.179964,34.290624]]]},"properties":{"code":"[205,659]"}},{"type":"Feature","geometry":{"type":"Polygon","coordinates":[[[-122.44474,47.779565],[-122.441574,47.729023],[-122.545382,47.727217],[-122.575494,47.706612],[-122.574929,47.684102],[-122.605183,47.667133],[-122.585101,47.641673],[-122.585076,47.576872],[-122.548625,47.598915],[-122.529714,47.57178],[-122.45918,47.562467],[-122.4491,47.536139],[-122.478593,47.523629],[-122.514719,47.467648],[-122.536868,47.404478],[-122.529806,47.377633],[-122.543935,47.331098],[-122.467147,47.317283],[-122.354131,47.383629],[-122.274087,47.385442],[-122.273228,47.427733],[-122.215251,47.519245],[-122.196698,47.576823],[-122.220403,47.593433],[-122.260835,47.604704],[-122.259949,47.647423],[-122.230978,47.657493],[-122.227454,47.687124],[-122.258509,47.693621],[-122.275039,47.74148],[-122.265982,47.780706],[-122.44474,47.779565]]]},"properties":{"code":"[206,564]"}},{"type":"Feature","geometry":{"type":"Polygon","coordinates":[[[-71.083943,45.305494],[-70.972982,43.569963],[-70.961465,43.438781],[-70.990378,43.415451],[-70.95614,43.332803],[-70.931489,43.336707],[-70.81029,43.226809],[-70.833198,43.144211],[-70.826409,43.124041],[-70.780413,43.097365],[-70.766096,43.093259],[-70.756804,43.079844],[-70.740811,43.077318],[-70.737134,43.073054],[-70.705796,43.075107],[-70.701259,43.045578],[-70.599891,42.967628],[-66.848494,44.779333],[-66.933477,44.826592],[-66.964595,44.829636],[-66.98392,44.864637],[-66.965672,44.909499],[-67.022824,44.954205],[-67.155916,45.162706],[-67.19181,45.165148],[-67.205079,45.171917],[-67.226132,45.164839],[-67.243026,45.171278],[-67.245303,45.180616],[-67.268116,45.189629],[-67.282581,45.192212],[-67.291575,45.187361],[-67.294058,45.176982],[-67.290425,45.172669],[-67.299993,45.16877],[-67.30277,45.157395],[-67.293397,45.151595],[-67.296265,45.146874],[-67.320359,45.14228],[-67.320271,45.13148],[-67.331189,45.13175],[-67.341512,45.125281],[-67.36196,45.136327],[-67.380847,45.151794],[-67.405355,45.160092],[-67.405162,45.166559],[-67.398863,45.168711],[-67.400571,45.178015],[-67.42943,45.195926],[-67.437023,45.222984],[-67.454497,45.241791],[-67.460229,45.242194],[-67.473224,45.258337],[-67.471314,45.26143],[-67.474944,45.263312],[-67.476854,45.268689],[-67.475899,45.27178],[-67.477045,45.276214],[-67.489627,45.281891],[-67.484665,45.291713],[-67.475295,45.28835],[-67.466123,45.294087],[-67.466124,45.297005],[-67.468678,45.297679],[-67.467189,45.299774],[-67.459849,45.299998],[-67.457878,45.309825],[-67.452211,45.315385],[-67.451865,45.319615],[-67.457352,45.32554],[-67.442176,45.331889],[-67.440794,45.33599],[-67.431184,45.341307],[-67.428618,45.345413],[-67.431717,45.350001],[-67.428283,45.352173],[-67.428457,45.355068],[-67.425193,45.356637],[-67.433958,45.3611],[-67.431841,45.370699],[-67.425995,45.373959],[-67.420835,45.373717],[-67.418953,45.377098],[-67.426698,45.385081],[-67.427224,45.390875],[-67.451971,45.409811],[-67.459142,45.415943],[-67.46164,45.422647],[-67.47332,45.423612],[-67.480533,45.441087],[-67.477343,45.442121],[-67.478203,45.44682],[-67.484212,45.450074],[-67.484902,45.456338],[-67.482163,45.457632],[-67.48697,45.467627],[-67.500528,45.478826],[-67.504137,45.489666],[-67.499158,45.490988],[-67.49435,45.488579],[-67.489606,45.489305],[-67.488374,45.491035],[-67.488922,45.493123],[-67.485126,45.495646],[-67.481739,45.493775],[-67.479382,45.496369],[-67.476921,45.496945],[-67.47333,45.496299],[-67.471588,45.497163],[-67.467574,45.495296],[-67.463986,45.497025],[-67.464602,45.498392],[-67.470654,45.499614],[-67.471373,45.501052],[-67.470348,45.502419],[-67.471579,45.504577],[-67.469834,45.506088],[-67.468398,45.505585],[-67.463371,45.508318],[-67.451982,45.499184],[-67.44952,45.499184],[-67.448904,45.502349],[-67.452803,45.507383],[-67.453522,45.508965],[-67.44952,45.510691],[-67.44101,45.505003],[-67.436185,45.504859],[-67.434029,45.50342],[-67.431462,45.503852],[-67.430333,45.502917],[-67.430846,45.501406],[-67.427356,45.500902],[-67.424583,45.503852],[-67.425404,45.505219],[-67.422324,45.505867],[-67.418114,45.501261],[-67.416163,45.501189],[-67.416573,45.504427],[-67.42109,45.512055],[-67.42643,45.515005],[-67.425402,45.517235],[-67.42882,45.519189],[-67.432725,45.519621],[-67.4318,45.523797],[-67.434987,45.528189],[-67.435296,45.531644],[-67.43468,45.535962],[-67.432626,45.540568],[-67.424959,45.540399],[-67.423514,45.547244],[-67.420635,45.549692],[-67.422898,45.553653],[-67.421872,45.556533],[-67.426501,45.560563],[-67.428695,45.568629],[-67.423459,45.571866],[-67.425748,45.578349],[-67.450575,45.602566],[-67.493992,45.601371],[-67.490822,45.590834],[-67.498248,45.586828],[-67.520711,45.587567],[-67.546807,45.598108],[-67.560597,45.594694],[-67.590727,45.606865],[-67.608543,45.606272],[-67.638854,45.625252],[-67.657966,45.622037],[-67.675389,45.630204],[-67.698074,45.660409],[-67.711242,45.681492],[-67.717827,45.680157],[-67.728029,45.689206],[-67.734831,45.689049],[-67.730153,45.676739],[-67.717035,45.66543],[-67.720673,45.662302],[-67.724916,45.66411],[-67.727531,45.662663],[-67.732516,45.663406],[-67.744401,45.672685],[-67.754406,45.667385],[-67.818814,45.690516],[-67.807068,45.730765],[-67.784399,45.732522],[-67.810431,45.766535],[-67.805408,45.803444],[-67.775805,45.818693],[-67.765451,45.818899],[-67.754874,45.823363],[-67.770755,45.840475],[-67.797234,45.860044],[-67.804385,45.883623],[-67.788764,45.894279],[-67.768028,45.897887],[-67.764828,45.910375],[-67.751679,45.917309],[-67.780147,45.936341],[-67.790153,47.067183],[-67.887014,47.108474],[-67.957389,47.19961],[-68.076085,47.26455],[-68.152972,47.310286],[-68.15294,47.325436],[-68.213195,47.340124],[-68.226068,47.353429],[-68.236454,47.355479],[-68.251715,47.351969],[-68.26931,47.35334],[-68.286653,47.360742],[-68.304526,47.354885],[-68.333929,47.360346],[-68.37455,47.349081],[-68.385017,47.324607],[-68.380214,47.307624],[-68.384933,47.302946],[-68.375119,47.293093],[-68.376563,47.286931],[-68.412268,47.287418],[-68.428091,47.281297],[-68.452703,47.283016],[-68.466646,47.294515],[-68.474423,47.297901],[-68.491349,47.294218],[-68.518667,47.296179],[-68.549652,47.28379],[-68.578533,47.287257],[-68.59711,47.268219],[-68.61162,47.245693],[-68.663622,47.237029],[-68.690916,47.243382],[-68.80833,47.213939],[-68.901699,47.178077],[-68.94183,47.205203],[-69.052019,47.251333],[-69.055136,47.377681],[-69.029859,47.410474],[-69.045961,47.428317],[-69.065489,47.43235],[-69.085906,47.42602],[-69.121837,47.443202],[-69.22631,47.459878],[-69.997232,46.695478],[-70.057126,46.414826],[-70.097176,46.40958],[-70.100883,46.400002],[-70.112398,46.386326],[-70.129682,46.380361],[-70.126807,46.370215],[-70.148858,46.359407],[-70.181729,46.355497],[-70.20857,46.330363],[-70.205602,46.314694],[-70.206195,46.300673],[-70.233102,46.2916],[-70.292239,46.189263],[-70.238337,46.147143],[-70.256005,46.099411],[-70.288376,46.103153],[-70.307361,46.061964],[-70.277635,46.061957],[-70.280375,46.051663],[-70.319374,46.01974],[-70.287386,45.995549],[-70.311882,45.977656],[-70.313196,45.964519],[-70.273968,45.965468],[-70.237455,45.940104],[-70.264573,45.926931],[-70.259491,45.88836],[-70.416062,45.795221],[-70.38528,45.732651],[-70.439368,45.701512],[-70.463625,45.707186],[-70.524041,45.6676],[-70.555275,45.665689],[-70.693031,45.563547],[-70.679436,45.551217],[-70.722922,45.508553],[-70.712007,45.478295],[-70.625692,45.406209],[-70.655176,45.37604],[-70.763283,45.431353],[-70.803801,45.428043],[-70.826605,45.394851],[-70.803562,45.363492],[-70.820122,45.340268],[-70.809468,45.323126],[-70.830743,45.288703],[-70.856557,45.258306],[-70.837606,45.236488],[-70.864297,45.231773],[-70.900409,45.241315],[-70.916777,45.297314],[-70.918187,45.312945],[-70.950235,45.331131],[-70.951343,45.340059],[-70.985631,45.331241],[-71.010593,45.347561],[-71.013782,45.343344],[-71.011403,45.332538],[-71.001869,45.327602],[-71.008904,45.318791],[-71.083943,45.305494]]]},"properties":{"code":"[207]"}},{"type":"Feature","geometry":{"type":"Polygon","coordinates":[[[-116.049724,47.976888],[-116.049526,49.000337],[-117.032424,48.998904],[-117.040639,46.424653],[-117.057786,46.35295],[-116.987948,46.291338],[-116.969232,46.203222],[-116.921695,46.154803],[-116.98214,46.085257],[-116.915278,45.998069],[-116.756427,45.814323],[-116.711837,45.827698],[-116.667337,45.778895],[-116.61016,45.783304],[-116.5371,45.738929],[-116.543408,45.690098],[-116.464531,45.610209],[-116.524686,45.545704],[-116.688775,45.263421],[-116.732773,45.144723],[-116.860187,45.0256],[-116.833592,44.924157],[-116.892991,44.850132],[-116.931513,44.784645],[-117.058484,44.741764],[-117.215428,44.475737],[-117.238363,44.386255],[-117.192805,44.339003],[-117.221383,44.284474],[-117.157877,44.254922],[-117.113421,44.279935],[-117.062608,44.232183],[-117.030831,44.254941],[-116.979977,44.241312],[-116.976799,44.200346],[-116.896806,44.177823],[-116.895862,44.152164],[-116.937944,44.093617],[-116.974987,44.088297],[-116.977439,44.056357],[-116.935434,44.019067],[-116.935473,43.985304],[-116.977426,43.974641],[-116.960165,43.923067],[-116.979896,43.917727],[-116.982383,43.867886],[-117.019494,43.857215],[-117.034301,43.82871],[-117.027215,43.807715],[-117.026327,42.000133],[-111.048657,42.001473],[-111.053688,44.477326],[-111.103095,44.487276],[-111.116538,44.493232],[-111.130911,44.49985],[-111.139262,44.518732],[-111.12998,44.533683],[-111.178519,44.55317],[-111.185009,44.570288],[-111.230756,44.578058],[-111.239478,44.61417],[-111.219485,44.620688],[-111.331406,44.731965],[-111.356845,44.727841],[-111.382066,44.75965],[-111.399331,44.749869],[-111.3995,44.719439],[-111.490858,44.705367],[-111.471237,44.681698],[-111.489431,44.643681],[-111.516999,44.643658],[-111.503341,44.631193],[-111.526711,44.610408],[-111.511431,44.564671],[-111.464937,44.545274],[-111.517673,44.535589],[-111.594987,44.563278],[-111.618275,44.550791],[-111.697913,44.557712],[-111.807034,44.509149],[-111.850048,44.532785],[-111.869502,44.564675],[-111.947745,44.555917],[-111.976676,44.536392],[-112.030035,44.546488],[-112.035006,44.529665],[-112.066868,44.53841],[-112.09821,44.530338],[-112.107658,44.52092],[-112.136879,44.539082],[-112.167063,44.541101],[-112.180205,44.533698],[-112.227246,44.547183],[-112.230069,44.564727],[-112.289716,44.567431],[-112.316363,44.553968],[-112.315496,44.537726],[-112.356379,44.538401],[-112.357348,44.488409],[-112.368307,44.464169],[-112.385366,44.447975],[-112.409956,44.457426],[-112.434666,44.454753],[-112.469554,44.477675],[-112.49869,44.462085],[-112.546742,44.485674],[-112.582172,44.479624],[-112.606646,44.4904],[-112.629747,44.485669],[-112.714898,44.503206],[-112.73835,44.4994],[-112.745739,44.491319],[-112.781839,44.483889],[-112.828785,44.441573],[-112.840887,44.426183],[-112.810937,44.38857],[-112.814678,44.379152],[-112.848709,44.357014],[-112.883681,44.382607],[-112.8893,44.407448],[-112.906248,44.398727],[-113.004843,44.451737],[-113.010686,44.472011],[-113.029012,44.49622],[-113.01759,44.506908],[-113.007855,44.522287],[-113.048459,44.546396],[-113.037215,44.56446],[-113.070293,44.580803],[-113.066665,44.588805],[-113.090644,44.600782],[-113.069699,44.6168],[-113.060123,44.61681],[-113.050701,44.63151],[-113.066724,44.650199],[-113.071821,44.679654],[-113.103474,44.709696],[-113.104416,44.731734],[-113.138506,44.757692],[-113.13019,44.769642],[-113.244564,44.821094],[-113.342047,44.785607],[-113.35759,44.793538],[-113.348301,44.799547],[-113.355966,44.820867],[-113.386231,44.838834],[-113.422128,44.838834],[-113.431139,44.858007],[-113.458506,44.866689],[-113.465822,44.887254],[-113.479556,44.897849],[-113.474903,44.907836],[-113.50142,44.943832],[-113.445509,44.956548],[-113.448151,44.99972],[-113.440307,45.007646],[-113.452385,45.024173],[-113.45023,45.05923],[-113.461754,45.066507],[-113.484364,45.0632],[-113.518654,45.094371],[-113.509539,45.114309],[-113.573183,45.130151],[-113.566046,45.150096],[-113.597724,45.163251],[-113.592483,45.184487],[-113.639445,45.214865],[-113.661533,45.246429],[-113.689265,45.260873],[-113.685624,45.283311],[-113.736486,45.332078],[-113.734645,45.361032],[-113.739986,45.40054],[-113.777224,45.416385],[-113.782802,45.46114],[-113.762396,45.483406],[-113.771229,45.520472],[-113.831236,45.521827],[-113.817271,45.565842],[-113.796167,45.582749],[-113.808817,45.605264],[-113.856711,45.62215],[-113.905311,45.6221],[-113.897747,45.647557],[-113.932495,45.671281],[-113.936585,45.694358],[-113.963672,45.69017],[-113.973878,45.701348],[-114.01869,45.693664],[-114.026959,45.675556],[-114.016912,45.649027],[-114.071804,45.625971],[-114.0894,45.589879],[-114.138675,45.58082],[-114.162816,45.553323],[-114.193318,45.536303],[-114.250319,45.547064],[-114.248222,45.521755],[-114.259456,45.509907],[-114.270188,45.48305],[-114.340762,45.459523],[-114.374554,45.494355],[-114.423624,45.511123],[-114.448025,45.541676],[-114.465989,45.54727],[-114.459058,45.56123],[-114.488916,45.563316],[-114.500874,45.556347],[-114.526807,45.570306],[-114.567944,45.555849],[-114.553884,45.585703],[-114.540535,45.60719],[-114.567531,45.638561],[-114.519567,45.653193],[-114.498864,45.668557],[-114.502805,45.683024],[-114.513693,45.684409],[-114.493738,45.703126],[-114.506876,45.723211],[-114.525863,45.728476],[-114.536759,45.74034],[-114.548098,45.743966],[-114.545242,45.758155],[-114.558497,45.764724],[-114.566596,45.773856],[-114.546265,45.791025],[-114.53102,45.811198],[-114.531705,45.819202],[-114.513021,45.828876],[-114.51841,45.83688],[-114.506358,45.849071],[-114.486414,45.851601],[-114.474464,45.84568],[-114.442471,45.861652],[-114.410019,45.851981],[-114.406439,45.871067],[-114.396153,45.872326],[-114.387909,45.89103],[-114.414171,45.912024],[-114.416556,45.923434],[-114.43172,45.936543],[-114.400971,45.958649],[-114.412117,45.978662],[-114.434564,45.989198],[-114.449199,45.988382],[-114.461986,45.998532],[-114.479538,45.992946],[-114.489294,46.006511],[-114.470481,46.014554],[-114.480789,46.031008],[-114.492338,46.027209],[-114.506945,46.031445],[-114.50452,46.041183],[-114.494772,46.044561],[-114.468057,46.065543],[-114.471726,46.077688],[-114.464448,46.079375],[-114.45885,46.095031],[-114.475147,46.113984],[-114.508614,46.119871],[-114.521371,46.126186],[-114.517728,46.137093],[-114.528658,46.147641],[-114.516514,46.155185],[-114.512879,46.168145],[-114.488081,46.167614],[-114.474148,46.160928],[-114.458398,46.170583],[-114.447466,46.167676],[-114.442928,46.202697],[-114.452742,46.215872],[-114.445392,46.221324],[-114.452715,46.24107],[-114.46794,46.25029],[-114.466061,46.273408],[-114.444873,46.272528],[-114.424272,46.286769],[-114.436228,46.307641],[-114.414549,46.338591],[-114.40994,46.363994],[-114.426508,46.388528],[-114.386692,46.41545],[-114.385459,46.433395],[-114.370089,46.43747],[-114.390196,46.452957],[-114.403126,46.502696],[-114.347299,46.508497],[-114.333055,46.576561],[-114.346255,46.591939],[-114.320803,46.614691],[-114.327933,46.656844],[-114.357441,46.668194],[-114.429368,46.658539],[-114.460155,46.648757],[-114.455392,46.639863],[-114.471837,46.634255],[-114.538093,46.647287],[-114.593448,46.634452],[-114.616828,46.641887],[-114.610841,46.648526],[-114.619943,46.659074],[-114.634697,46.660251],[-114.640449,46.666884],[-114.622282,46.694365],[-114.626562,46.713147],[-114.64947,46.733521],[-114.701349,46.740007],[-114.711043,46.715828],[-114.746117,46.712639],[-114.750287,46.697256],[-114.771124,46.6988],[-114.771232,46.704572],[-114.789138,46.71149],[-114.765691,46.744257],[-114.766381,46.758469],[-114.783925,46.768033],[-114.788857,46.783475],[-114.801219,46.777918],[-114.849384,46.798209],[-114.865138,46.812936],[-114.894713,46.802292],[-114.897363,46.820282],[-114.924852,46.830076],[-114.927493,46.848018],[-114.950106,46.861863],[-114.929351,46.880635],[-114.940099,46.90183],[-114.92407,46.918802],[-115.0152,46.975857],[-115.049907,46.970392],[-115.088924,47.049112],[-115.106411,47.048377],[-115.145946,47.0891],[-115.146075,47.103809],[-115.173651,47.105972],[-115.198255,47.14253],[-115.244962,47.152236],[-115.260318,47.180602],[-115.299983,47.188743],[-115.292562,47.211437],[-115.320886,47.25556],[-115.414194,47.266472],[-115.42383,47.280587],[-115.459898,47.278953],[-115.526188,47.2996],[-115.551789,47.353603],[-115.616101,47.383481],[-115.642536,47.376424],[-115.663465,47.404634],[-115.719395,47.421538],[-115.756279,47.424306],[-115.747436,47.441706],[-115.686678,47.456696],[-115.644259,47.457747],[-115.629274,47.480289],[-115.661839,47.478789],[-115.666844,47.489073],[-115.688256,47.486184],[-115.691195,47.501967],[-115.713452,47.521727],[-115.696114,47.529425],[-115.707283,47.535513],[-115.746887,47.539967],[-115.760518,47.549446],[-115.687818,47.59513],[-115.700385,47.609819],[-115.690394,47.618634],[-115.711581,47.636238],[-115.73147,47.643771],[-115.737737,47.653491],[-115.727757,47.673556],[-115.724032,47.69855],[-115.759204,47.718667],[-115.776397,47.718676],[-115.787011,47.729924],[-115.78608,47.74748],[-115.805926,47.759564],[-115.829369,47.752888],[-115.836569,47.762551],[-115.835664,47.775846],[-115.846445,47.786119],[-115.852536,47.827761],[-115.873211,47.833781],[-115.879528,47.85063],[-115.90194,47.842823],[-115.916983,47.853639],[-115.926409,47.867158],[-115.944554,47.885618],[-115.958772,47.898177],[-115.968605,47.899506],[-115.965636,47.911086],[-115.983851,47.915739],[-115.993361,47.928397],[-116.007685,47.949309],[-116.018083,47.962612],[-116.029988,47.971934],[-116.039414,47.970936],[-116.049724,47.976888]]]},"properties":{"code":"[208]"}},{"type":"Feature","geometry":{"type":"Polygon","coordinates":[[[-121.567556,38.095796],[-121.531991,37.46956],[-121.382505,37.158889],[-121.225806,37.158716],[-121.142885,36.908664],[-120.835435,36.751711],[-120.835403,36.797175],[-120.531573,36.797991],[-120.535145,36.91538],[-120.453042,36.913637],[-120.543137,37.046554],[-120.494457,37.082499],[-120.282517,37.147661],[-120.027555,37.201231],[-119.79657,37.421712],[-119.670353,37.421339],[-119.666905,37.535399],[-119.121062,37.935891],[-119.141014,37.980458],[-119.292751,37.987127],[-119.378896,38.113976],[-119.713462,38.200662],[-119.792999,38.451182],[-119.963421,38.389533],[-120.135422,38.489676],[-120.094268,38.507677],[-120.094553,38.687317],[-120.257988,38.560346],[-120.619591,38.507477],[-120.840493,38.509289],[-121.017322,38.506622],[-121.010944,38.394494],[-121.240779,38.291958],[-121.334913,38.340315],[-121.373855,38.248582],[-121.469367,38.247594],[-121.567556,38.095796]]]},"properties":{"code":"[209,350]"}},{"type":"Feature","geometry":{"type":"Polygon","coordinates":[[[-98.820813,29.603265],[-98.817149,29.361539],[-98.767092,29.244717],[-98.663178,29.246853],[-98.624381,29.15072],[-98.594331,29.152895],[-98.589324,29.180228],[-98.549263,29.174762],[-98.51537,29.047786],[-98.480287,29.045585],[-98.485388,29.149602],[-98.405211,29.124431],[-98.118002,29.448057],[-98.123691,29.488266],[-98.299629,29.722863],[-98.450884,29.706167],[-98.449798,29.653375],[-98.468248,29.651488],[-98.491033,29.675994],[-98.559386,29.675989],[-98.559359,29.712718],[-98.62553,29.713663],[-98.820813,29.603265]]]},"properties":{"code":"[210,726]"}},{"type":"Feature","geometry":{"type":"Polygon","coordinates":[[[-73.935815,40.877723],[-73.960443,40.827004],[-74.011602,40.756547],[-74.023927,40.698752],[-74.032939,40.683684],[-74.026013,40.681624],[-74.008777,40.687924],[-74.008157,40.696198],[-73.995571,40.706894],[-73.974488,40.709244],[-73.968908,40.718833],[-73.967295,40.740166],[-73.959631,40.748099],[-73.938361,40.771712],[-73.938873,40.774493],[-73.93503,40.77928],[-73.938105,40.782255],[-73.94024,40.780509],[-73.943572,40.781544],[-73.942974,40.783548],[-73.940155,40.784907],[-73.926929,40.780318],[-73.929872,40.785456],[-73.920043,40.797354],[-73.927098,40.80026],[-73.933473,40.808366],[-73.932989,40.815541],[-73.934229,40.835338],[-73.929795,40.843596],[-73.921861,40.855075],[-73.913861,40.863574],[-73.909581,40.871039],[-73.910214,40.873154],[-73.915809,40.875269],[-73.918406,40.875011],[-73.922889,40.877962],[-73.935815,40.877723]]]},"properties":{"code":"[212,332,646,917]"}},{"type":"Feature","geometry":{"type":"Polygon","coordinates":[[[-118.398326,34.127373],[-118.364363,34.098828],[-118.366419,33.980946],[-118.332483,33.980557],[-118.335305,33.97587],[-118.346146,33.97157],[-118.345687,33.959842],[-118.328236,33.960241],[-118.327808,33.91562],[-118.254259,33.916424],[-118.255673,33.923074],[-118.222671,33.923457],[-118.228332,33.935978],[-118.176031,33.930462],[-118.171508,33.963678],[-118.146851,33.973158],[-118.121768,33.972123],[-118.071361,34.029612],[-118.080031,34.039775],[-118.100575,34.045458],[-118.153996,34.045834],[-118.164764,34.056361],[-118.162137,34.111216],[-118.184599,34.110699],[-118.183615,34.142456],[-118.197642,34.14864],[-118.226822,34.147359],[-118.230213,34.13393],[-118.228653,34.126179],[-118.272975,34.121037],[-118.279096,34.154121],[-118.301287,34.157302],[-118.328132,34.152386],[-118.342731,34.144295],[-118.398326,34.127373]]]},"properties":{"code":"[213,323]"}},{"type":"Feature","geometry":{"type":"Polygon","coordinates":[[[-97.089727,32.993134],[-97.004141,32.955806],[-97.000742,32.606178],[-96.942585,32.604801],[-96.874141,32.483612],[-96.696093,32.458923],[-96.538558,32.541179],[-96.456326,32.629744],[-96.357296,33.15638],[-96.400658,33.160666],[-96.404977,33.19145],[-96.503306,33.193436],[-96.477831,33.338155],[-96.541086,33.299652],[-96.542008,33.326822],[-96.591668,33.325319],[-96.58148,33.397314],[-96.73062,33.396974],[-96.731639,33.34829],[-96.770511,33.344868],[-96.837094,33.275571],[-96.839137,33.219104],[-96.971114,33.216535],[-96.979397,33.08274],[-97.089864,33.065608],[-97.089727,32.993134]]]},"properties":{"code":"[214,469,945,972]"}},{"type":"Feature","geometry":{"type":"Polygon","coordinates":[[[-75.070931,40.456716],[-75.120542,40.453775],[-75.117855,40.435228],[-75.233433,40.513486],[-75.424609,40.434464],[-75.547836,40.431507],[-75.543266,40.344179],[-75.434764,40.295017],[-75.433556,40.245016],[-75.332202,40.226256],[-75.30969,40.17857],[-75.295356,40.193424],[-75.268742,40.177002],[-75.292287,40.151974],[-75.250077,40.120838],[-75.249445,40.077741],[-75.274174,40.063929],[-75.259124,40.049061],[-75.239723,40.032881],[-75.219989,40.022481],[-75.214008,40.016661],[-75.206405,40.011625],[-75.258615,39.984411],[-75.236899,39.938984],[-75.261129,39.892238],[-75.263717,39.880825],[-75.214223,39.878236],[-75.213159,39.865377],[-75.188423,39.881502],[-75.14481,39.884359],[-75.136033,39.890073],[-75.128486,39.913303],[-75.137266,39.932478],[-75.132579,39.958416],[-75.095864,39.97432],[-75.075665,39.977993],[-75.059172,39.990629],[-75.057843,39.998781],[-75.051728,40.008357],[-75.014132,40.020266],[-74.974082,40.049463],[-74.925115,40.071053],[-74.9112,40.070366],[-74.860936,40.084001],[-74.856682,40.091325],[-74.837002,40.101293],[-74.827766,40.124798],[-74.817396,40.128255],[-74.78495,40.120324],[-74.757026,40.134761],[-74.742929,40.134151],[-74.722789,40.148747],[-74.720658,40.159722],[-74.739804,40.17903],[-74.752575,40.183094],[-74.760237,40.196592],[-74.770346,40.215484],[-74.815035,40.236762],[-74.841675,40.248961],[-74.846735,40.258515],[-74.865608,40.293124],[-74.894613,40.315034],[-74.907633,40.31564],[-74.944132,40.341883],[-74.945231,40.354067],[-74.950744,40.368866],[-74.966424,40.398697],[-74.987389,40.407787],[-74.997248,40.410225],[-75.003931,40.407405],[-75.029831,40.404303],[-75.045053,40.413658],[-75.056305,40.415725],[-75.06134,40.4224],[-75.06379,40.435213],[-75.070931,40.456716]]]},"properties":{"code":"[215,267]"}},{"type":"Feature","geometry":{"type":"Polygon","coordinates":[[[-81.493231,41.640615],[-81.748956,41.493459],[-81.798564,41.50217],[-81.839396,41.492015],[-81.835102,41.48871],[-81.832212,41.486458],[-81.831119,41.484557],[-81.831431,41.481924],[-81.832961,41.48086],[-81.833469,41.478227],[-81.832571,41.477145],[-81.829798,41.477408],[-81.825113,41.480216],[-81.822341,41.47969],[-81.821599,41.478695],[-81.823005,41.476852],[-81.824215,41.47261],[-81.823126,41.4695],[-81.826367,41.467891],[-81.830037,41.468534],[-81.831638,41.469617],[-81.835191,41.469968],[-81.836136,41.469014],[-81.834924,41.465643],[-81.832422,41.464732],[-81.822772,41.465535],[-81.819418,41.467195],[-81.81727,41.467142],[-81.815843,41.466285],[-81.815981,41.465321],[-81.81834,41.464411],[-81.821842,41.464357],[-81.823844,41.463607],[-81.823487,41.462161],[-81.820986,41.459054],[-81.819351,41.458148],[-81.818925,41.456919],[-81.82278,41.454509],[-81.824712,41.451488],[-81.826419,41.450629],[-81.829927,41.450307],[-81.831502,41.448858],[-81.831574,41.446443],[-81.829179,41.443467],[-81.831396,41.440573],[-81.834402,41.43993],[-81.835756,41.441109],[-81.838616,41.442288],[-81.842691,41.442877],[-81.844621,41.442181],[-81.844907,41.437733],[-81.843263,41.43516],[-81.842872,41.43279],[-81.847804,41.430271],[-81.850306,41.430271],[-81.852292,41.429457],[-81.853795,41.426291],[-81.853366,41.422478],[-81.854227,41.420486],[-81.856802,41.418502],[-81.860309,41.417377],[-81.865323,41.418022],[-81.869831,41.418451],[-81.872694,41.417592],[-81.87376,41.415713],[-81.872992,41.403043],[-81.879583,41.39773],[-81.877502,41.392563],[-81.806153,41.387912],[-81.816018,41.37203],[-81.808316,41.370774],[-81.76982,41.394601],[-81.769316,41.418057],[-81.701774,41.407061],[-81.68571,41.387694],[-81.685771,41.357549],[-81.584646,41.358114],[-81.585032,41.384719],[-81.532776,41.384834],[-81.554292,41.402284],[-81.552815,41.408834],[-81.484776,41.409217],[-81.483489,41.436163],[-81.443007,41.438486],[-81.437852,41.492056],[-81.476693,41.491283],[-81.47617,41.501374],[-81.494812,41.501377],[-81.493231,41.640615]]]},"properties":{"code":"[216]"}},{"type":"Feature","geometry":{"type":"Polygon","coordinates":[[[-90.982954,40.717056],[-91.181241,40.63853],[-91.263269,40.636613],[-91.36565,40.604017],[-91.417451,40.550291],[-91.400806,40.535645],[-91.376597,40.526243],[-91.361541,40.485754],[-91.382083,40.444075],[-91.367573,40.395367],[-91.378853,40.386362],[-91.418667,40.37939],[-91.428308,40.370801],[-91.447157,40.362187],[-91.46796,40.335902],[-91.489473,40.28915],[-91.490548,40.251397],[-91.50307,40.198118],[-91.512454,40.14463],[-91.504059,40.098234],[-91.489329,40.05679],[-91.495036,40.036793],[-91.464244,39.98248],[-91.422592,39.933238],[-91.420727,39.913925],[-91.444985,39.892456],[-91.448121,39.875596],[-91.433192,39.838709],[-91.371611,39.806462],[-91.361682,39.786612],[-91.370556,39.73348],[-91.329829,39.698312],[-91.243925,39.636861],[-91.227114,39.619021],[-91.185642,39.604685],[-91.164655,39.559752],[-91.097198,39.539618],[-91.066408,39.493913],[-91.061308,39.469464],[-91.025341,39.439529],[-90.96555,39.411384],[-90.937986,39.403444],[-90.92869,39.385046],[-90.905314,39.379985],[-90.895524,39.367717],[-90.793662,39.309905],[-90.684357,39.362896],[-90.544048,39.360691],[-90.544081,39.348591],[-90.613204,39.321848],[-90.60985,39.306597],[-90.602433,39.291465],[-90.60987,39.259355],[-90.605143,39.248554],[-90.597942,39.242803],[-90.591751,39.213326],[-90.592876,39.207919],[-90.591525,39.198499],[-90.597664,39.187402],[-90.599241,39.179893],[-90.608715,39.173612],[-90.614282,39.160695],[-90.61563,39.143245],[-90.606438,39.124159],[-90.603738,39.118923],[-90.568993,39.182693],[-90.313922,39.233013],[-90.315017,39.304767],[-90.147161,39.305372],[-90.146457,39.2617],[-90.069594,39.262062],[-90.069587,39.266375],[-90.045683,39.272505],[-90.045862,39.261385],[-89.901641,39.260067],[-89.902174,39.071238],[-89.854234,39.070895],[-89.839782,39.034664],[-89.795456,39.028499],[-89.809316,39.068994],[-89.771583,39.068859],[-89.77158,39.045875],[-89.756268,39.045678],[-89.756182,39.035949],[-89.749849,39.024254],[-89.749889,38.996406],[-89.639225,38.99668],[-89.638852,38.963264],[-89.619366,38.963123],[-89.619367,38.955905],[-89.609148,38.955902],[-89.609489,38.933498],[-89.584436,38.93322],[-89.584248,38.925703],[-89.579951,38.925886],[-89.57653,38.918676],[-89.577274,38.916362],[-89.576579,38.912968],[-89.574251,38.909459],[-89.574167,38.955528],[-89.525883,38.969085],[-89.525888,38.957956],[-89.471415,38.957431],[-89.473659,39.027281],[-89.255707,39.028516],[-89.254969,38.910037],[-89.117137,38.978545],[-89.121107,39.113553],[-89.256663,39.112509],[-89.257222,39.223279],[-89.119025,39.221745],[-89.101838,39.261688],[-88.901467,39.300508],[-88.856454,39.217315],[-88.698305,39.217339],[-88.697082,39.148833],[-88.856857,39.146332],[-88.822335,39.091871],[-88.696822,39.093435],[-88.694072,38.992758],[-88.544261,38.992754],[-88.545062,38.853893],[-88.467901,38.853732],[-88.364656,38.908376],[-88.365313,39.01978],[-88.21013,39.040448],[-88.226115,39.174797],[-87.64212,39.16135],[-87.641321,39.165837],[-87.63779,39.16884],[-87.626356,39.169036],[-87.619525,39.170536],[-87.619298,39.172566],[-87.621005,39.174772],[-87.621461,39.182538],[-87.622144,39.185096],[-87.619412,39.186508],[-87.614175,39.183067],[-87.608597,39.18342],[-87.605409,39.185185],[-87.605182,39.189243],[-87.602221,39.192723],[-87.595282,39.194134],[-87.586206,39.199159],[-87.586418,39.203567],[-87.578781,39.209475],[-87.575023,39.214588],[-87.574374,39.221033],[-87.576651,39.236107],[-87.578587,39.240954],[-87.579952,39.244039],[-87.573688,39.24545],[-87.570166,39.249943],[-87.570733,39.253909],[-87.575057,39.255936],[-87.583479,39.255054],[-87.586666,39.248533],[-87.589625,39.24677],[-87.593153,39.247298],[-87.597817,39.253643],[-87.60398,39.25899],[-87.606041,39.261485],[-87.603326,39.268868],[-87.601523,39.275055],[-87.607455,39.276352],[-87.609777,39.279344],[-87.609779,39.285627],[-87.598819,39.295007],[-87.597128,39.296764],[-87.598288,39.299856],[-87.605248,39.303147],[-87.615042,39.301053],[-87.620843,39.303248],[-87.620199,39.307534],[-87.606151,39.311124],[-87.599802,39.319499],[-87.596836,39.321693],[-87.59013,39.332766],[-87.585231,39.337353],[-87.575171,39.341244],[-87.570918,39.341275],[-87.561496,39.338879],[-87.5517,39.341671],[-87.549767,39.345758],[-87.548864,39.350343],[-87.544613,39.353134],[-87.539838,39.353135],[-87.535969,39.351739],[-87.53159,39.347951],[-87.52645,40.492204],[-87.99036,40.491875],[-87.992873,40.661669],[-88.049373,40.698491],[-88.120732,40.6973],[-88.119564,40.632526],[-88.233496,40.632212],[-88.233063,40.616764],[-88.461736,40.617418],[-88.462124,40.282318],[-88.580019,40.28168],[-88.688765,40.142486],[-88.74522,40.142582],[-88.745941,40.282255],[-88.842783,40.282511],[-88.842173,40.268165],[-88.861684,40.268011],[-88.861275,40.25321],[-88.919217,40.253317],[-88.928392,40.253793],[-88.94794,40.258666],[-88.948336,40.268318],[-88.967498,40.268385],[-88.968237,40.264678],[-88.971612,40.283246],[-89.262802,40.281394],[-89.263901,40.324128],[-89.603056,40.320089],[-89.601348,40.233203],[-89.714988,40.232418],[-89.714828,40.304305],[-89.829061,40.303559],[-89.828712,40.20766],[-89.857113,40.207507],[-89.857724,40.151783],[-89.884032,40.151782],[-89.883692,40.132057],[-89.938334,40.147083],[-89.978908,40.139273],[-89.976782,40.131162],[-89.983391,40.127275],[-90.059318,40.127499],[-90.059211,40.119076],[-90.116554,40.119439],[-90.11699,40.12668],[-90.140948,40.1268],[-90.140874,40.134931],[-90.1553,40.134209],[-90.154649,40.105037],[-90.142888,40.105218],[-90.140883,40.104522],[-90.140843,40.090571],[-90.141681,40.089389],[-90.154366,40.08934],[-90.151859,40.066892],[-90.18265,40.064672],[-90.186954,40.055718],[-90.201915,40.055646],[-90.204162,40.059658],[-90.259856,40.061808],[-90.267531,40.062023],[-90.26931,40.056291],[-90.28644,40.056076],[-90.287283,40.06324],[-90.289716,40.0694],[-90.303667,40.076597],[-90.306851,40.096538],[-90.31464,40.112019],[-90.314522,40.115897],[-90.335361,40.122351],[-90.338427,40.121359],[-90.341729,40.11676],[-90.355762,40.123974],[-90.3593,40.124966],[-90.366021,40.124965],[-90.371681,40.123072],[-90.375219,40.120548],[-90.379936,40.113604],[-90.383946,40.104223],[-90.389606,40.097097],[-90.393852,40.091503],[-90.391596,40.083832],[-90.393482,40.077787],[-90.402445,40.073546],[-90.419309,40.065514],[-90.427794,40.062247],[-90.43027,40.056291],[-90.428619,40.045457],[-90.43076,40.057447],[-90.42806,40.06313],[-90.405618,40.072686],[-90.394652,40.077334],[-90.421878,40.112409],[-90.414062,40.149569],[-90.510603,40.153406],[-90.510434,40.145939],[-90.570095,40.146127],[-90.599389,40.123959],[-90.669506,40.124216],[-90.670479,40.139118],[-90.680551,40.139056],[-90.680729,40.147747],[-90.662094,40.152485],[-90.660926,40.189487],[-90.678862,40.189807],[-90.678781,40.219964],[-90.683186,40.220095],[-90.68327,40.223586],[-90.697409,40.227642],[-90.729343,40.228293],[-90.730292,40.232872],[-90.753141,40.234142],[-90.75314,40.241127],[-90.755578,40.239444],[-90.758236,40.23958],[-90.759358,40.240887],[-90.758,40.243277],[-90.7593,40.247603],[-90.762371,40.248595],[-90.763465,40.250972],[-90.765653,40.252192],[-90.766496,40.258357],[-90.772723,40.258999],[-90.772173,40.281093],[-90.921728,40.284782],[-90.921759,40.281597],[-90.934936,40.274227],[-90.949523,40.274429],[-90.949652,40.267145],[-90.968876,40.266741],[-90.968905,40.25958],[-90.978324,40.259986],[-90.977662,40.279206],[-90.981644,40.279914],[-90.981647,40.290229],[-90.980221,40.290857],[-90.978892,40.298041],[-90.967089,40.298344],[-90.966652,40.327788],[-90.928197,40.328697],[-90.928598,40.330515],[-90.918908,40.330923],[-90.918778,40.324452],[-90.916531,40.324653],[-90.915338,40.323743],[-90.912543,40.32425],[-90.910676,40.326071],[-90.904269,40.639149],[-90.912585,40.638072],[-90.913547,40.65286],[-90.9234,40.652416],[-90.922601,40.667306],[-90.941193,40.706072],[-90.982954,40.717056]]]},"properties":{"code":"[217,447]"}},{"type":"Feature","geometry":{"type":"Polygon","coordinates":[[[-97.230436,49.00061],[-97.233136,48.998364],[-97.234136,48.995649],[-97.226288,48.992841],[-97.237967,48.986541],[-97.238457,48.96771],[-97.227755,48.965155],[-97.234566,48.948232],[-97.227755,48.946954],[-97.223248,48.935891],[-97.201281,48.8916],[-97.185175,48.874258],[-97.176375,48.840524],[-97.186635,48.820272],[-97.160252,48.810624],[-97.176378,48.802907],[-97.158806,48.781676],[-97.144159,48.746325],[-97.094341,48.683498],[-97.111892,48.639953],[-97.144944,48.587516],[-97.165453,48.55262],[-97.133225,48.519641],[-97.153734,48.482756],[-97.132109,48.460045],[-97.129179,48.424089],[-97.154083,48.391998],[-97.154083,48.365727],[-97.12332,48.328731],[-97.121855,48.277085],[-97.142363,48.24295],[-97.134517,48.212113],[-97.147933,48.150489],[-97.127064,48.134574],[-97.101723,48.078833],[-97.074891,48.049944],[-97.058494,47.995108],[-97.056111,47.94782],[-97.020335,47.916858],[-97.023317,47.88088],[-97.006919,47.871882],[-96.983695,47.811874],[-96.95984,47.784833],[-96.934494,47.756775],[-96.92704,47.71767],[-96.890465,47.675034],[-96.880029,47.61979],[-96.856174,47.610745],[-96.854683,47.558451],[-96.866618,47.527256],[-96.84574,47.515171],[-96.86065,47.481931],[-96.856174,47.462781],[-96.868434,47.418877],[-96.842554,47.412553],[-96.851899,47.405255],[-96.839678,47.392116],[-96.83824,47.372158],[-96.856932,47.366802],[-96.846148,47.34927],[-96.830922,47.304455],[-96.84459,47.29422],[-96.845335,47.272291],[-96.826964,47.203131],[-96.834152,47.183594],[-96.820495,47.165516],[-96.837027,47.151831],[-96.822652,47.12983],[-96.835589,47.122006],[-96.815355,47.108378],[-96.817511,47.025639],[-96.827574,47.024169],[-96.834762,47.008487],[-96.822543,47.002115],[-96.821274,46.96843],[-96.798273,46.96892],[-96.806179,46.948807],[-96.792523,46.945862],[-96.784616,46.926722],[-96.763772,46.933594],[-96.754186,46.922923],[-96.771436,46.905247],[-96.780061,46.879214],[-96.777905,46.855626],[-96.798749,46.814814],[-96.787968,46.779878],[-96.780281,46.73567],[-96.798969,46.666166],[-96.791782,46.63064],[-96.752249,46.587188],[-96.749374,46.56115],[-96.733146,46.481557],[-96.680652,46.405128],[-96.644732,46.349096],[-96.631105,46.352988],[-96.599441,46.330405],[-96.602072,46.293141],[-96.584971,46.250391],[-96.60076,46.243111],[-96.598129,46.221267],[-96.584971,46.211252],[-96.59155,46.17664],[-96.581023,46.17664],[-96.564235,46.117948],[-96.557655,46.0641],[-96.576079,46.033045],[-96.562919,45.945266],[-96.564423,45.920023],[-96.35524,45.915501],[-96.295978,46.021721],[-96.018116,46.021541],[-96.017652,45.934477],[-95.769659,45.933754],[-95.769955,45.941925],[-95.766795,45.942131],[-95.764623,45.939797],[-95.758799,45.939592],[-95.753864,45.940074],[-95.753667,45.948104],[-95.706934,45.94785],[-95.706527,45.962705],[-95.702581,45.965791],[-95.698634,45.966545],[-95.696661,45.968671],[-95.697007,46.003431],[-95.676659,46.00599],[-95.645137,46.005709],[-95.644841,46.010235],[-95.634966,46.01291],[-95.62169,46.012962],[-95.618629,46.015294],[-95.612802,46.014882],[-95.605001,46.007412],[-95.604409,46.01139],[-95.596512,46.017352],[-95.595527,46.020368],[-95.567453,46.019923],[-95.567355,46.013208],[-95.541443,46.013306],[-95.541542,46.020358],[-95.510239,46.020454],[-95.512023,46.071797],[-95.501155,46.071797],[-95.501088,46.075],[-95.49518,46.07797],[-95.49063,46.079098],[-95.48004,46.079003],[-95.479565,46.064307],[-95.458814,46.063693],[-95.459012,46.041981],[-95.431232,46.041978],[-95.434773,46.047852],[-95.431825,46.050857],[-95.419431,46.051267],[-95.410564,46.058094],[-95.405645,46.055773],[-95.401119,46.056319],[-95.395608,46.051676],[-95.3899,46.050993],[-95.368258,46.059187],[-95.358419,46.059733],[-95.34957,46.059186],[-95.345426,46.053042],[-95.337175,46.05509],[-95.333155,46.052738],[-95.322726,46.038404],[-95.319578,46.038267],[-95.317414,46.028568],[-95.320365,46.019823],[-95.302524,46.019689],[-95.302721,46.026387],[-95.292681,46.034587],[-95.271423,46.03486],[-95.271231,46.020237],[-95.042589,46.020002],[-95.021253,46.024888],[-94.980183,46.012434],[-94.970428,46.012119],[-94.969292,46.002665],[-94.95931,45.997623],[-94.900114,45.996993],[-94.897392,45.993526],[-94.896709,46.004398],[-94.867406,46.005055],[-94.870127,46.017185],[-94.868521,46.04857],[-94.896523,46.048467],[-94.896188,46.106729],[-94.917198,46.106621],[-94.917171,46.121157],[-94.875557,46.121279],[-94.875724,46.135997],[-94.864986,46.136117],[-94.864593,46.138294],[-94.854961,46.14319],[-94.853981,46.150402],[-94.826613,46.150266],[-94.833677,46.144013],[-94.835641,46.134359],[-94.802874,46.159236],[-94.80287,46.136127],[-94.745963,46.136099],[-94.747538,46.128215],[-94.743218,46.130253],[-94.738508,46.129709],[-94.733021,46.131615],[-94.73361,46.133247],[-94.7293,46.1342],[-94.727536,46.135832],[-94.730475,46.136103],[-94.732435,46.139365],[-94.734003,46.138413],[-94.736551,46.143578],[-94.745178,46.150535],[-94.68984,46.149872],[-94.689452,46.165499],[-94.67808,46.165229],[-94.678333,46.190632],[-94.661499,46.191042],[-94.661696,46.194569],[-94.655624,46.194162],[-94.65503,46.183445],[-94.647574,46.183578],[-94.647768,46.180185],[-94.635456,46.179891],[-94.624258,46.173364],[-94.610512,46.171728],[-94.608549,46.177979],[-94.613848,46.183414],[-94.619344,46.193606],[-94.536603,46.193337],[-94.536431,46.179067],[-94.491523,46.178648],[-94.491544,46.193859],[-94.496424,46.200793],[-94.496636,46.235072],[-94.494602,46.237572],[-94.475397,46.2382],[-94.474906,46.320489],[-94.466199,46.322721],[-94.465917,46.325724],[-94.46311,46.327661],[-94.460864,46.331437],[-94.456799,46.33105],[-94.453154,46.327856],[-94.445725,46.332211],[-94.436052,46.330178],[-94.430439,46.332405],[-94.425106,46.332212],[-94.423846,46.32766],[-94.409803,46.324171],[-94.399835,46.31997],[-94.400116,46.316481],[-94.397028,46.312797],[-94.387624,46.31047],[-94.374429,46.302227],[-94.373306,46.29767],[-94.369428,46.297711],[-94.361997,46.300166],[-94.353274,46.297934],[-94.349719,46.293358],[-94.344227,46.289005],[-94.344226,46.285879],[-94.34891,46.283088],[-94.350276,46.278845],[-94.346076,46.2765],[-94.341393,46.276946],[-94.337517,46.275159],[-94.340421,46.269241],[-94.34882,46.268347],[-94.356252,46.262985],[-94.353181,46.259633],[-94.355633,46.254798],[-94.363872,46.252673],[-94.370978,46.243853],[-94.378722,46.241175],[-94.387112,46.240059],[-94.390179,46.236934],[-94.38905,46.233027],[-94.394083,46.230074],[-94.395053,46.224492],[-94.394568,46.217008],[-94.396824,46.212875],[-94.393437,46.207625],[-94.39037,46.206285],[-94.387233,46.202851],[-94.386263,46.197376],[-94.380614,46.19503],[-94.376901,46.191789],[-94.372381,46.186537],[-94.366049,46.17959],[-94.36734,46.176795],[-94.372503,46.173109],[-94.370405,46.163612],[-94.374764,46.159923],[-94.373555,46.155382],[-94.189586,46.157137],[-94.063028,46.156721],[-94.061786,46.243212],[-94.053065,46.243214],[-94.052854,46.272039],[-93.822443,46.271425],[-93.815731,46.281774],[-93.825026,46.28998],[-93.809019,46.311383],[-93.767038,46.32738],[-93.717486,46.350187],[-93.661739,46.358025],[-93.637479,46.36408],[-93.579152,46.364793],[-93.535196,46.348137],[-93.525296,46.37466],[-93.515201,46.380149],[-93.515591,46.3614],[-93.447663,46.361132],[-93.451995,46.476124],[-93.273315,46.476052],[-93.282856,46.525219],[-93.089581,46.523944],[-93.095537,46.39008],[-92.959975,46.351858],[-92.932106,46.271394],[-92.636509,46.244497],[-92.636825,46.186609],[-92.508903,46.185546],[-92.510423,46.128218],[-92.429814,46.126465],[-92.428597,46.076128],[-92.377237,46.075245],[-92.420486,46.033145],[-92.421327,46.027253],[-92.409571,46.027269],[-92.375355,46.014318],[-92.353614,46.013239],[-92.344296,46.02673],[-92.342716,46.043996],[-92.334183,46.065566],[-92.29321,46.0747],[-92.2924,46.658006],[-92.209708,46.654014],[-92.205339,46.665953],[-92.180728,46.694798],[-92.202491,46.699768],[-92.182266,46.716656],[-92.1518,46.720635],[-92.140153,46.741507],[-92.096682,46.75243],[-92.008882,46.711601],[-90.654536,47.310337],[-89.958312,47.290313],[-89.478137,48.01351],[-89.487017,48.01459],[-89.55807,48.003248],[-89.579895,47.996765],[-89.583145,48.001623],[-89.604142,48.004861],[-89.610651,48.017262],[-89.635667,48.010785],[-89.640517,48.004849],[-89.668753,48.011854],[-89.712272,48.008616],[-89.724359,48.021015],[-89.819329,48.014517],[-89.843417,47.996206],[-89.870781,47.985977],[-89.923104,47.996746],[-89.93275,48.015587],[-89.950424,48.011817],[-89.992169,48.030614],[-90.017828,48.08329],[-90.064432,48.098319],[-90.135018,48.11241],[-90.334854,48.101232],[-90.372547,48.090519],[-90.401493,48.106116],[-90.438539,48.097499],[-90.46991,48.108258],[-90.494052,48.100188],[-90.552798,48.095358],[-90.567299,48.105043],[-90.557609,48.117375],[-90.576886,48.1227],[-90.750736,48.088385],[-90.794672,48.137714],[-90.777838,48.146832],[-90.782663,48.165062],[-90.797908,48.159166],[-90.805119,48.178467],[-90.822771,48.184368],[-90.832431,48.172573],[-90.84285,48.244376],[-90.886242,48.24653],[-90.977913,48.220283],[-91.015313,48.195206],[-91.084551,48.181219],[-91.135235,48.15009],[-91.181104,48.123265],[-91.191564,48.123801],[-91.254349,48.080806],[-91.340075,48.073515],[-91.36479,48.067136],[-91.370445,48.070018],[-91.388332,48.058922],[-91.4369,48.049106],[-91.446446,48.068984],[-91.506067,48.064564],[-91.572351,48.043888],[-91.572622,48.091871],[-91.546835,48.099744],[-91.551264,48.110074],[-91.638198,48.095806],[-91.652924,48.115976],[-91.666182,48.109583],[-91.689019,48.111059],[-91.681655,48.121876],[-91.710657,48.115391],[-91.698154,48.143407],[-91.709926,48.152248],[-91.70402,48.17042],[-91.725374,48.169437],[-91.708435,48.185643],[-91.713589,48.19988],[-91.815952,48.210185],[-91.863088,48.206754],[-91.887121,48.239199],[-91.913627,48.240181],[-91.937923,48.229393],[-91.961495,48.233808],[-91.947501,48.246071],[-92.006479,48.261436],[-92.000361,48.320401],[-92.040078,48.333613],[-92.049257,48.358994],[-92.143992,48.366097],[-92.208164,48.345791],[-92.263167,48.354938],[-92.307476,48.32141],[-92.267752,48.249222],[-92.370124,48.224805],[-92.476697,48.370937],[-92.456871,48.412981],[-92.50494,48.447949],[-92.648179,48.435232],[-92.685913,48.442434],[-92.712766,48.462795],[-92.698037,48.495436],[-92.625801,48.4984],[-92.637313,48.542029],[-92.7275,48.539494],[-92.866247,48.58477],[-92.948453,48.609078],[-92.949732,48.628952],[-92.980436,48.623456],[-93.176813,48.621765],[-93.203039,48.642479],[-93.347474,48.626546],[-93.367945,48.60625],[-93.39736,48.605403],[-93.405678,48.608787],[-93.438304,48.594408],[-93.46586,48.589407],[-93.455632,48.56614],[-93.465822,48.547524],[-93.514442,48.535243],[-93.574558,48.527621],[-93.591816,48.529315],[-93.609072,48.521692],[-93.626979,48.531857],[-93.63977,48.51915],[-93.691574,48.515338],[-93.705643,48.518303],[-93.75425,48.515338],[-93.793902,48.515761],[-93.817565,48.530587],[-93.801573,48.568688],[-93.833473,48.625697],[-93.841916,48.629921],[-93.879122,48.631431],[-93.913996,48.635826],[-93.91559,48.632509],[-93.92289,48.632208],[-93.953461,48.634168],[-93.956884,48.63673],[-93.970343,48.638238],[-93.987089,48.640569],[-94.007844,48.643132],[-94.03273,48.64102],[-94.042082,48.643129],[-94.049841,48.643732],[-94.059652,48.643128],[-94.06353,48.64343],[-94.065811,48.645689],[-94.071284,48.645689],[-94.076073,48.64373],[-94.091575,48.643579],[-94.098641,48.645236],[-94.124619,48.644183],[-94.13853,48.645841],[-94.156549,48.645841],[-94.190994,48.650512],[-94.225888,48.650512],[-94.248643,48.654574],[-94.255086,48.662895],[-94.250505,48.683315],[-94.264703,48.698759],[-94.275566,48.700413],[-94.282253,48.705376],[-94.308579,48.710063],[-94.327379,48.703446],[-94.356623,48.704825],[-94.382526,48.711993],[-94.419579,48.709377],[-94.434189,48.696421],[-94.450065,48.692284],[-94.470542,48.696144],[-94.500209,48.69835],[-94.537811,48.701933],[-94.548469,48.715327],[-94.566434,48.715051],[-94.584816,48.716981],[-94.608629,48.729934],[-94.618548,48.737304],[-94.645693,48.742259],[-94.644857,48.74832],[-94.659896,48.759611],[-94.680027,48.771806],[-94.690471,48.778413],[-94.695065,48.793275],[-94.695065,48.807584],[-94.704673,48.82354],[-94.70342,48.83234],[-94.685456,48.839765],[-94.684144,48.88346],[-94.749303,49.099033],[-94.77308,49.119175],[-94.798954,49.196463],[-94.795457,49.213825],[-94.826936,49.293281],[-94.814349,49.320638],[-94.957106,49.370236],[-94.989982,49.368414],[-95.010954,49.357485],[-95.056394,49.35293],[-95.125608,49.369102],[-95.152328,49.382657],[-95.153298,48.998954],[-97.230436,49.00061]]]},"properties":{"code":"[218]"}},{"type":"Feature","geometry":{"type":"Polygon","coordinates":[[[-87.524308,41.760107],[-87.526105,40.622551],[-87.381185,40.621716],[-87.38228,40.70111],[-87.059952,40.692271],[-87.057391,40.577353],[-86.99218,40.576709],[-86.9922,40.591223],[-87.001816,40.591302],[-87.002819,40.631646],[-87.00566,40.634797],[-86.984033,40.634796],[-86.984255,40.649052],[-86.926902,40.648377],[-86.927546,40.662959],[-86.860404,40.663304],[-86.860716,40.685192],[-86.813311,40.68569],[-86.814343,40.82283],[-86.785757,40.82283],[-86.786681,40.831898],[-86.761797,40.846196],[-86.775621,40.894297],[-86.776155,41.09495],[-86.823224,41.095331],[-86.82422,41.271876],[-86.813279,41.273886],[-86.783807,41.285206],[-86.760985,41.307636],[-86.740684,41.321575],[-86.737629,41.326166],[-86.73763,41.332559],[-86.735011,41.338296],[-86.724534,41.352225],[-86.724308,41.360648],[-86.719724,41.366383],[-86.707716,41.381946],[-86.70597,41.39292],[-86.699911,41.402562],[-86.681791,41.412059],[-86.670658,41.413696],[-86.640652,41.432769],[-86.524943,41.432281],[-86.528501,41.519666],[-86.505196,41.519662],[-86.505351,41.555224],[-86.487576,41.569089],[-86.487032,41.628951],[-86.536327,41.671466],[-86.602789,41.672218],[-86.604149,41.722576],[-86.522435,41.739855],[-86.522386,41.760192],[-87.524308,41.760107]]]},"properties":{"code":"[219]"}},{"type":"Feature","geometry":{"type":"Polygon","coordinates":[[[-83.383815,40.06036],[-83.514474,40.0515],[-83.588753,39.710986],[-83.649641,39.713981],[-83.662426,39.551152],[-83.574512,39.546636],[-83.592957,39.378654],[-83.275174,39.378981],[-83.265071,39.303013],[-83.377845,39.288852],[-83.369779,39.249318],[-83.348613,39.249301],[-83.381152,39.011607],[-83.279998,39.015634],[-83.289423,38.596049],[-83.277666,38.60458],[-83.269286,38.613637],[-83.262438,38.620401],[-83.248329,38.62662],[-83.231156,38.625619],[-83.21537,38.617801],[-83.200858,38.61406],[-83.171108,38.617847],[-83.153029,38.618507],[-83.136064,38.629128],[-83.123367,38.644222],[-83.116899,38.664062],[-83.106313,38.673736],[-83.077555,38.68283],[-83.053136,38.694168],[-83.039164,38.710269],[-83.031018,38.724785],[-83.00493,38.728486],[-82.982669,38.725371],[-82.96902,38.726682],[-82.936702,38.743647],[-82.89492,38.754692],[-82.8822,38.751307],[-82.873813,38.740697],[-82.872693,38.723095],[-82.881,38.687821],[-82.86385,38.666102],[-82.858031,38.647051],[-82.857951,38.618733],[-82.853104,38.600882],[-82.839133,38.582516],[-82.80784,38.565299],[-82.786698,38.558281],[-82.76584,38.558961],[-82.727161,38.556681],[-82.69608,38.54053],[-82.68354,38.521964],[-82.669056,38.506326],[-82.650446,38.488942],[-82.630789,38.480801],[-82.612585,38.471074],[-82.605621,38.458482],[-82.602702,38.436226],[-82.591127,38.414612],[-82.565647,38.402705],[-82.535612,38.401989],[-82.498007,38.411415],[-82.46602,38.421485],[-82.431133,38.4299],[-82.40327,38.439009],[-82.384088,38.433319],[-82.343297,38.438758],[-82.322451,38.446266],[-82.312797,38.463978],[-82.308419,38.484434],[-82.301109,38.497548],[-82.30229,38.519365],[-82.29391,38.537983],[-82.291798,38.565258],[-82.291207,38.577982],[-82.266395,38.595087],[-82.248117,38.596675],[-82.220554,38.591006],[-82.197705,38.590803],[-82.1822,38.596661],[-82.172662,38.609143],[-82.170944,38.62185],[-82.175867,38.644076],[-82.185178,38.660628],[-82.187534,38.677391],[-82.18748,38.692873],[-82.181026,38.708299],[-82.190967,38.735491],[-82.194721,38.755637],[-82.20776,38.765817],[-82.217328,38.769211],[-82.221098,38.784595],[-82.21305,38.798809],[-82.189123,38.812319],[-82.168497,38.818867],[-82.151069,38.829037],[-82.140882,38.845766],[-82.136679,38.862046],[-82.140723,38.879438],[-82.144194,38.890506],[-82.141632,38.899294],[-82.128881,38.907728],[-82.117578,38.922413],[-82.106257,38.945674],[-82.093793,38.963679],[-82.089974,38.974067],[-82.062765,38.9867],[-82.048128,38.99592],[-82.043068,39.007672],[-82.038353,39.022457],[-82.024232,39.02837],[-82.001818,39.027713],[-81.990426,39.015941],[-81.983338,38.998963],[-81.980239,38.991992],[-81.970698,38.991991],[-81.9518,38.99572],[-81.933883,38.988971],[-81.921553,38.970024],[-81.902227,38.937824],[-81.89916,38.928471],[-81.916199,38.911927],[-81.929915,38.898883],[-81.92739,38.889066],[-81.910632,38.876918],[-81.89353,38.872286],[-81.881802,38.876012],[-81.859668,38.887967],[-81.845982,38.902785],[-81.844615,38.926512],[-81.833979,38.941741],[-81.824147,38.945879],[-81.806487,38.9424],[-81.792104,38.928321],[-81.77391,38.922225],[-81.761308,38.923533],[-81.755426,38.932898],[-81.761857,38.944006],[-81.778946,38.956406],[-81.780906,38.968373],[-81.763468,39.002281],[-81.762343,39.017068],[-81.773206,39.029784],[-81.797842,39.045225],[-81.808208,39.058049],[-81.813534,39.075637],[-81.811569,39.081733],[-81.800079,39.082405],[-81.782978,39.076986],[-81.767328,39.079571],[-81.75028,39.090075],[-81.741855,39.103539],[-81.742401,39.12592],[-81.742677,39.147428],[-81.754148,39.174462],[-81.752741,39.184005],[-81.735934,39.191597],[-81.725028,39.214801],[-81.691749,39.222164],[-81.688674,39.230945],[-81.695367,39.246337],[-81.693149,39.260233],[-81.681099,39.271731],[-81.65429,39.27563],[-81.571087,39.265681],[-81.565789,39.269582],[-81.562539,39.282547],[-81.564034,39.298014],[-81.559076,39.31946],[-81.556852,39.33868],[-81.540841,39.354125],[-81.514479,39.362911],[-81.487166,39.382621],[-81.466706,39.402333],[-81.453063,39.40764],[-81.435948,39.406886],[-81.419177,39.396419],[-81.40597,39.380721],[-81.397479,39.354301],[-81.383603,39.342079],[-81.362967,39.340334],[-81.348467,39.343579],[-81.321454,39.359035],[-81.290744,39.374494],[-81.261455,39.3843],[-81.243001,39.389464],[-81.222917,39.385658],[-81.213341,39.388241],[-81.209227,39.394782],[-81.209712,39.404603],[-81.188932,39.423498],[-81.184109,39.431833],[-81.163342,39.440043],[-81.136969,39.443196],[-81.126401,39.449461],[-81.113474,39.467309],[-81.086249,39.500958],[-81.062487,39.520001],[-81.035347,39.541229],[-80.999872,39.567006],[-80.974992,39.584993],[-80.947074,39.603488],[-80.927213,39.6162],[-80.905867,39.61785],[-80.890707,39.616226],[-80.879073,39.620711],[-80.870213,39.633987],[-80.862706,39.662779],[-80.865403,39.679196],[-80.862371,39.69195],[-80.851721,39.697193],[-80.835132,39.701279],[-80.82779,39.710782],[-80.831303,39.720443],[-80.846373,39.737854],[-80.864066,39.752268],[-80.867723,39.766713],[-80.861948,39.775592],[-80.843816,39.784962],[-80.824926,39.798441],[-80.820212,39.808453],[-80.820242,39.82159],[-80.824228,39.835574],[-80.825707,39.842433],[-80.820046,39.849392],[-80.79598,39.86031],[-80.787574,39.869991],[-80.791773,39.883805],[-80.803941,39.896466],[-80.807778,39.906742],[-80.805509,39.916011],[-80.794847,39.918482],[-80.778514,39.913734],[-80.766447,39.907076],[-80.757813,39.907179],[-80.753444,39.913395],[-80.754957,39.923357],[-80.760682,39.937083],[-80.762451,39.948273],[-80.757444,39.957405],[-80.742688,39.967674],[-80.737685,39.978596],[-80.737108,39.989897],[-80.740375,40.004381],[-80.738067,40.016416],[-80.731892,40.031822],[-80.727898,40.043534],[-80.731789,40.057672],[-80.736221,40.064425],[-80.737837,40.074321],[-80.736639,40.080028],[-80.728154,40.087774],[-80.710235,40.097088],[-80.705166,40.104819],[-80.705254,40.116156],[-80.708672,40.133016],[-80.6973,40.161343],[-80.681699,40.18289],[-80.667017,40.19891],[-80.662903,40.216257],[-80.658048,40.234709],[-80.648363,40.248738],[-80.621436,40.262418],[-80.616385,40.268538],[-80.614871,40.289866],[-80.60449,40.305577],[-80.599524,40.317638],[-80.605693,40.333985],[-80.611218,40.343467],[-80.61137,40.354153],[-80.605307,40.371327],[-80.613422,40.380714],[-80.630599,40.386936],[-80.631956,40.392928],[-80.629898,40.395749],[-80.613599,40.401843],[-80.61146,40.418998],[-80.612793,40.433482],[-80.61001,40.441478],[-80.604033,40.449402],[-80.595563,40.464731],[-80.594565,40.476682],[-80.606944,40.490914],[-80.616475,40.503156],[-80.626347,40.531067],[-80.641296,40.552242],[-80.649317,40.563041],[-80.663061,40.574022],[-80.920072,40.564387],[-80.923118,40.425356],[-81.087893,40.424414],[-81.055996,40.477058],[-81.106518,40.480796],[-81.112417,40.466608],[-81.136463,40.459514],[-81.168352,40.457649],[-81.192885,40.466243],[-81.194848,40.486408],[-81.17669,40.490504],[-81.195917,40.516565],[-81.244999,40.538642],[-81.266237,40.530887],[-81.266746,40.481947],[-81.306098,40.479709],[-81.353765,40.425969],[-81.429253,40.427593],[-81.474464,40.399396],[-81.423703,40.38514],[-81.421757,40.373253],[-81.50019,40.374777],[-81.527462,40.39776],[-81.563738,40.397735],[-81.616211,40.373164],[-81.710641,40.373139],[-81.7079,40.44831],[-82.188375,40.460373],[-82.181968,40.578612],[-82.643284,40.55366],[-82.647253,40.372242],[-82.725249,40.349162],[-82.930783,40.358324],[-82.928062,40.438708],[-82.95242,40.438708],[-83.065159,40.82967],[-83.238237,40.832413],[-83.239885,40.752398],[-83.304228,40.752398],[-83.304226,40.701662],[-83.418544,40.695607],[-83.390461,40.326539],[-83.244494,40.338186],[-83.243001,40.194065],[-83.176888,40.215481],[-83.17806,40.182225],[-83.125058,40.180859],[-83.125038,40.163761],[-83.076825,40.15838],[-82.957959,40.155663],[-82.954437,40.185802],[-82.90329,40.179975],[-82.896766,40.207591],[-82.871498,40.207586],[-82.872385,40.187254],[-82.859127,40.172194],[-82.870107,40.151498],[-82.863702,40.152908],[-82.826583,40.152406],[-82.820625,40.132785],[-82.749928,40.130326],[-82.766978,39.923341],[-82.699503,39.918569],[-82.716442,39.730643],[-82.830572,39.738321],[-82.824289,39.795616],[-83.029634,39.804745],[-83.129606,39.732809],[-83.267367,39.720412],[-83.255049,39.901545],[-83.351542,39.894737],[-83.383815,40.06036]]]},"properties":{"code":"[220,740]"}},{"type":"Feature","geometry":{"type":"Polygon","coordinates":[[[-78.228011,39.722551],[-76.136712,39.721194],[-75.901976,40.145352],[-76.702847,40.665858],[-77.069223,40.565909],[-77.120298,40.724178],[-77.267141,40.683135],[-77.359522,40.856384],[-77.675404,40.72699],[-77.866899,40.580892],[-77.721395,40.260311],[-77.85193,40.07035],[-78.118321,40.024623],[-78.21958,39.813557],[-78.228011,39.722551]]]},"properties":{"code":"[223,717]"}},{"type":"Feature","geometry":{"type":"Polygon","coordinates":[[[-88.198648,42.495258],[-88.199076,42.429896],[-88.222156,42.415638],[-88.224699,42.400495],[-88.197727,42.396237],[-88.199009,42.376816],[-88.170164,42.375396],[-88.163616,42.296921],[-88.262774,42.262279],[-88.285911,42.211599],[-88.332755,42.210403],[-88.335177,42.187662],[-88.366285,42.189459],[-88.413126,42.237423],[-88.473924,42.239018],[-88.473506,42.153203],[-88.589158,42.153555],[-88.587564,42.067529],[-88.601804,42.067151],[-88.600738,41.979961],[-88.361394,41.982214],[-88.321563,41.965209],[-88.263112,41.966599],[-88.267972,41.993498],[-88.239046,41.993635],[-88.224094,42.028669],[-88.135477,42.039642],[-88.122955,41.992428],[-87.920863,41.99368],[-87.920543,41.962668],[-87.914779,41.956472],[-87.913518,41.921697],[-87.903852,41.921217],[-87.904625,41.930902],[-87.893154,41.930422],[-87.884084,41.914432],[-87.850066,41.915317],[-87.850707,41.937294],[-87.851902,41.939313],[-87.852864,41.943116],[-87.855467,41.947904],[-87.854429,41.950458],[-87.845414,41.950461],[-87.845494,41.954617],[-87.856733,41.954568],[-87.858571,41.955579],[-87.858813,41.957599],[-87.85554,41.962586],[-87.855858,41.964367],[-87.854655,41.966088],[-87.855062,41.968748],[-87.853872,41.971237],[-87.855464,41.972539],[-87.858649,41.971236],[-87.861438,41.972362],[-87.86235,41.975318],[-87.855823,41.980549],[-87.856595,41.98483],[-87.854452,41.98883],[-87.821246,41.983799],[-87.821012,42.018276],[-87.751733,41.996873],[-87.709582,41.997221],[-87.709826,42.019333],[-87.676425,42.019512],[-87.679007,42.027533],[-87.660489,42.026525],[-87.668645,42.082866],[-87.708386,42.106596],[-87.73938,42.150429],[-87.796548,42.222224],[-87.819822,42.295358],[-87.813386,42.347827],[-87.791801,42.388139],[-87.792833,42.429989],[-87.787439,42.465811],[-87.792566,42.492591],[-88.198648,42.495258]]]},"properties":{"code":"[224,847]"}},{"type":"Feature","geometry":{"type":"Polygon","coordinates":[[[-91.633303,31.001101],[-91.669712,30.986175],[-91.666546,31.006529],[-91.704537,31.021452],[-91.712452,31.007885],[-91.757228,31.023003],[-91.784138,30.985012],[-91.807883,30.976869],[-91.807883,30.865514],[-91.825295,30.85872],[-91.801551,30.831539],[-91.81105,30.813865],[-91.765787,30.783604],[-91.756149,30.756919],[-91.756149,30.736671],[-91.733661,30.703527],[-91.734731,30.681425],[-91.733661,30.665766],[-91.749724,30.657476],[-91.741157,30.626149],[-91.755079,30.608638],[-91.749724,30.595734],[-91.758291,30.558854],[-91.749724,30.545943],[-91.63592,30.367384],[-91.621952,30.30554],[-91.58679,30.2725],[-91.588859,30.254636],[-91.566107,30.240342],[-91.464522,30.229166],[-91.461419,30.116517],[-91.424605,29.964177],[-91.263088,29.950046],[-91.267224,30.048564],[-90.970538,30.038012],[-90.972044,29.937445],[-90.540735,29.898],[-90.550044,30.014498],[-90.585211,30.021663],[-90.620378,29.999271],[-90.618309,30.031513],[-90.658647,30.052106],[-90.59452,30.208655],[-90.576936,30.176471],[-90.534529,30.172],[-90.474539,30.178259],[-90.45075,30.205079],[-90.426961,30.253337],[-90.425926,30.29532],[-90.480745,30.347104],[-90.520314,30.581336],[-90.657498,30.564682],[-90.651757,30.657706],[-90.780942,30.658256],[-90.752395,30.729783],[-90.65133,30.763326],[-90.668604,30.829252],[-90.570828,30.824135],[-90.566197,30.878852],[-90.635505,30.856164],[-90.649656,30.999505],[-91.633303,31.001101]]]},"properties":{"code":"[225]"}},{"type":"Feature","geometry":{"type":"Polygon","coordinates":[[[-77.217556,39.719859],[-79.476671,39.721078],[-79.478872,39.531697],[-79.482385,39.531687],[-79.486877,39.205896],[-79.486552,39.205877],[-79.486243,39.205822],[-79.485931,39.205799],[-79.485111,39.205828],[-79.484554,39.205811],[-79.484313,39.205747],[-79.484195,39.205679],[-79.484054,39.205567],[-79.483965,39.205541],[-79.483836,39.205549],[-79.483363,39.205701],[-79.483232,39.205703],[-79.48315,39.205672],[-79.483101,39.205617],[-79.483077,39.20553],[-79.483127,39.205322],[-79.483069,39.205243],[-79.482997,39.205203],[-79.482892,39.205181],[-79.482759,39.205186],[-79.482435,39.205218],[-79.48219,39.205203],[-79.482123,39.205187],[-79.481815,39.205049],[-79.481467,39.205001],[-79.481411,39.204975],[-79.481302,39.204875],[-79.48123,39.204853],[-79.480892,39.204873],[-79.480834,39.204836],[-79.480815,39.204776],[-79.48088,39.204654],[-79.480886,39.204614],[-79.480862,39.20456],[-79.480751,39.204485],[-79.48069,39.204464],[-79.480227,39.204438],[-79.479895,39.204401],[-79.479794,39.204376],[-79.479531,39.204248],[-79.479456,39.20423],[-79.478965,39.204191],[-79.478563,39.204055],[-79.476271,39.203842],[-79.473052,39.202075],[-79.472251,39.202765],[-79.472073,39.203317],[-79.470693,39.203386],[-79.469803,39.2038],[-79.468779,39.206456],[-79.469625,39.20718],[-79.468468,39.207732],[-79.468022,39.207697],[-79.467355,39.208732],[-79.465708,39.209042],[-79.463883,39.210215],[-79.460731,39.211386],[-79.45517,39.211015],[-79.455393,39.210256],[-79.453123,39.210428],[-79.4525,39.211463],[-79.453123,39.211429],[-79.452233,39.212187],[-79.452189,39.212567],[-79.450943,39.212843],[-79.450409,39.213912],[-79.448393,39.2145],[-79.447592,39.215673],[-79.445812,39.21588],[-79.445372,39.216327],[-79.443822,39.216688],[-79.441652,39.216357],[-79.44142,39.216958],[-79.440722,39.216418],[-79.439754,39.216958],[-79.438475,39.218639],[-79.437429,39.218579],[-79.432973,39.223922],[-79.431138,39.224559],[-79.43048,39.224259],[-79.430208,39.223268],[-79.428542,39.223898],[-79.428116,39.224649],[-79.426876,39.224949],[-79.425675,39.225219],[-79.425288,39.22621],[-79.424087,39.22708],[-79.424668,39.228371],[-79.424397,39.230021],[-79.424474,39.231912],[-79.425327,39.233743],[-79.424978,39.234553],[-79.424164,39.233923],[-79.422227,39.23446],[-79.4206,39.23545],[-79.420445,39.236411],[-79.420832,39.237251],[-79.420793,39.238361],[-79.41967,39.238992],[-79.417539,39.239802],[-79.414943,39.239592],[-79.414284,39.240342],[-79.412386,39.240012],[-79.412083,39.24124],[-79.4103,39.24205],[-79.409099,39.24322],[-79.408247,39.245411],[-79.409293,39.245801],[-79.409215,39.246371],[-79.407394,39.246671],[-79.405587,39.247454],[-79.403494,39.250004],[-79.400395,39.250574],[-79.398457,39.253094],[-79.39869,39.254354],[-79.399775,39.254894],[-79.397799,39.256245],[-79.39615,39.256087],[-79.394212,39.257977],[-79.393515,39.261487],[-79.392779,39.261877],[-79.391849,39.261187],[-79.390299,39.261307],[-79.388362,39.262537],[-79.387044,39.264097],[-79.387083,39.266017],[-79.387819,39.267337],[-79.386814,39.268279],[-79.385417,39.268176],[-79.38396,39.267091],[-79.381596,39.266895],[-79.379069,39.271448],[-79.374536,39.273685],[-79.372347,39.274087],[-79.366878,39.274109],[-79.364697,39.274767],[-79.361211,39.27493],[-79.360191,39.275874],[-79.357191,39.276229],[-79.356426,39.27783],[-79.355066,39.278137],[-79.354244,39.277786],[-79.352339,39.280062],[-79.351404,39.282562],[-79.351347,39.284931],[-79.350395,39.285453],[-79.346939,39.284576],[-79.345182,39.284817],[-79.343482,39.287032],[-79.345267,39.28894],[-79.346372,39.290453],[-79.347307,39.290826],[-79.347052,39.293084],[-79.345829,39.294039],[-79.344299,39.293381],[-79.340219,39.293666],[-79.337952,39.29689],[-79.333706,39.298895],[-79.332354,39.300139],[-79.328654,39.300044],[-79.326166,39.300888],[-79.321314,39.29995],[-79.319507,39.301363],[-79.316523,39.304315],[-79.312336,39.304644],[-79.311383,39.302817],[-79.302887,39.299514],[-79.291098,39.29905],[-79.289753,39.300125],[-79.290308,39.30303],[-79.283829,39.309718],[-79.283576,39.31342],[-79.284182,39.315953],[-79.281809,39.320974],[-79.2823,39.32299],[-79.275884,39.326766],[-79.271876,39.328082],[-79.269228,39.330387],[-79.269524,39.335315],[-79.26783,39.336487],[-79.260362,39.334454],[-79.255813,39.335913],[-79.253632,39.337557],[-79.25435,39.339152],[-79.257333,39.341007],[-79.257421,39.343247],[-79.254359,39.345853],[-79.25354,39.349246],[-79.257151,39.355621],[-79.256391,39.357046],[-79.254841,39.357204],[-79.250834,39.355621],[-79.248669,39.356254],[-79.248172,39.357498],[-79.242374,39.35959],[-79.239186,39.359613],[-79.23825,39.358663],[-79.235501,39.358753],[-79.232956,39.359861],[-79.232049,39.362598],[-79.231581,39.365017],[-79.220363,39.36347],[-79.21403,39.363658],[-79.213152,39.366756],[-79.213503,39.369221],[-79.212276,39.371356],[-79.209088,39.372577],[-79.204906,39.376398],[-79.199764,39.383575],[-79.19836,39.388164],[-79.195625,39.388896],[-79.192408,39.388624],[-79.187699,39.385708],[-79.185008,39.385256],[-79.180299,39.387517],[-79.17714,39.390252],[-79.181498,39.394456],[-79.180467,39.396522],[-79.176958,39.396906],[-79.174089,39.395009],[-79.169555,39.390036],[-79.16592,39.387536],[-79.163317,39.387829],[-79.16165,39.390836],[-79.164282,39.394905],[-79.165553,39.395535],[-79.16681,39.400665],[-79.165085,39.40462],[-79.163438,39.406651],[-79.159461,39.40943],[-79.15911,39.413091],[-79.15986,39.416082],[-79.157785,39.417644],[-79.150607,39.416744],[-79.149372,39.405771],[-79.142548,39.406251],[-79.141306,39.417434],[-79.127785,39.417458],[-79.127131,39.431012],[-79.112199,39.431331],[-79.110884,39.433224],[-79.112606,39.436212],[-79.117058,39.438387],[-79.11533,39.443018],[-79.103697,39.448466],[-79.10217,39.453737],[-79.102253,39.457689],[-79.108695,39.457438],[-79.107263,39.462141],[-79.103779,39.463283],[-79.09558,39.46253],[-79.094079,39.46519],[-79.096603,39.468338],[-79.104042,39.470384],[-79.105506,39.474177],[-79.101213,39.477222],[-79.092943,39.473942],[-79.085328,39.471458],[-79.07253,39.473831],[-79.068492,39.474442],[-79.067889,39.479301],[-79.066083,39.480167],[-79.063697,39.478373],[-79.060314,39.471773],[-79.056688,39.470885],[-79.054923,39.471771],[-79.053325,39.481131],[-79.050244,39.483305],[-79.046162,39.483663],[-79.043795,39.479501],[-79.037796,39.477976],[-79.036045,39.473921],[-79.035083,39.468945],[-79.032582,39.466194],[-79.028669,39.464784],[-79.021172,39.466934],[-79.018489,39.467883],[-79.016552,39.466761],[-79.014242,39.464834],[-79.010812,39.461032],[-79.003722,39.458941],[-78.997947,39.456064],[-78.990336,39.452786],[-78.982921,39.450888],[-78.976903,39.448162],[-78.973289,39.445141],[-78.969265,39.443328],[-78.968403,39.440905],[-78.965832,39.438631],[-78.963857,39.438603],[-78.962627,39.439552],[-78.955612,39.440734],[-78.956258,39.447443],[-78.96064,39.451286],[-78.954309,39.454415],[-78.95993,39.459876],[-78.958175,39.463979],[-78.952147,39.46423],[-78.94454,39.46792],[-78.939132,39.475111],[-78.942779,39.479079],[-78.940609,39.482907],[-78.934272,39.486371],[-78.925748,39.487507],[-78.916818,39.486265],[-78.913944,39.493613],[-78.909797,39.496229],[-78.903848,39.504709],[-78.90549,39.511382],[-78.90313,39.512984],[-78.892954,39.512962],[-78.89108,39.518034],[-78.893701,39.523193],[-78.89156,39.525143],[-78.887945,39.525248],[-78.886683,39.522822],[-78.876764,39.521783],[-78.869806,39.531574],[-78.871262,39.538447],[-78.869106,39.539964],[-78.86116,39.541638],[-78.85186,39.551318],[-78.850933,39.55954],[-78.848103,39.562301],[-78.844531,39.563127],[-78.842606,39.563543],[-78.839968,39.566805],[-78.838044,39.567335],[-78.827744,39.564292],[-78.827274,39.563211],[-78.821641,39.56069],[-78.817381,39.561558],[-78.814304,39.565371],[-78.813562,39.567659],[-78.815164,39.571273],[-78.818874,39.57462],[-78.82052,39.576482],[-78.824092,39.576313],[-78.826456,39.577012],[-78.826181,39.580485],[-78.826813,39.582676],[-78.826126,39.589283],[-78.824675,39.590524],[-78.819262,39.590206],[-78.818108,39.5919],[-78.818712,39.593827],[-78.818328,39.594463],[-78.811945,39.598205],[-78.812467,39.600492],[-78.809527,39.607817],[-78.808737,39.608407],[-78.805385,39.607263],[-78.801455,39.607115],[-78.799944,39.605231],[-78.797828,39.60521],[-78.79632,39.606331],[-78.795385,39.608829],[-78.795907,39.613317],[-78.797694,39.617424],[-78.798096,39.619632],[-78.801504,39.625664],[-78.801916,39.628141],[-78.801045,39.628997],[-78.798626,39.628828],[-78.797417,39.629675],[-78.796153,39.636764],[-78.794944,39.637547],[-78.791076,39.638488],[-78.783272,39.637028],[-78.78126,39.63714],[-78.77843,39.641774],[-78.776314,39.645498],[-78.772982,39.646282],[-78.768832,39.646599],[-78.766661,39.648758],[-78.765095,39.648144],[-78.764614,39.644728],[-78.776413,39.628031],[-78.778348,39.623141],[-78.77687,39.621558],[-78.774364,39.621855],[-78.770314,39.621112],[-78.769671,39.619676],[-78.766844,39.619825],[-78.763568,39.618984],[-78.758755,39.621212],[-78.750358,39.626207],[-78.747829,39.62699],[-78.737102,39.622884],[-78.734604,39.619918],[-78.732816,39.615149],[-78.733971,39.61302],[-78.738909,39.609451],[-78.742577,39.609304],[-78.746688,39.605536],[-78.749517,39.605684],[-78.750997,39.609797],[-78.755563,39.610242],[-78.768357,39.608312],[-78.77094,39.60594],[-78.776978,39.603876],[-78.777978,39.601534],[-78.7741,39.597389],[-78.770581,39.595726],[-78.767924,39.590817],[-78.767484,39.588444],[-78.761721,39.583458],[-78.756003,39.5809],[-78.751524,39.582071],[-78.746959,39.579937],[-78.74352,39.580738],[-78.7422,39.583851],[-78.740081,39.586594],[-78.733017,39.586729],[-78.731178,39.574463],[-78.729954,39.572798],[-78.726755,39.5695],[-78.724316,39.563982],[-78.720957,39.563736],[-78.712364,39.562431],[-78.710924,39.559009],[-78.709253,39.558043],[-78.707053,39.555854],[-78.702175,39.555638],[-78.697896,39.554405],[-78.695056,39.554189],[-78.691577,39.551537],[-78.691497,39.548916],[-78.689978,39.546049],[-78.681284,39.543901],[-78.675076,39.540233],[-78.671996,39.540912],[-78.667558,39.540418],[-78.663913,39.53693],[-78.655555,39.534833],[-78.653423,39.53467],[-78.645146,39.536274],[-78.637176,39.536697],[-78.632178,39.537252],[-78.629499,39.537437],[-78.628819,39.539565],[-78.622101,39.539843],[-78.612524,39.53716],[-78.606206,39.535155],[-78.603887,39.53278],[-78.601568,39.532441],[-78.596529,39.536111],[-78.591211,39.537283],[-78.589451,39.535772],[-78.591931,39.531948],[-78.587867,39.528363],[-78.578079,39.527095],[-78.571041,39.522005],[-78.566022,39.519812],[-78.556105,39.522095],[-78.547425,39.521295],[-78.535646,39.52407],[-78.530331,39.523924],[-78.528377,39.52493],[-78.520936,39.525045],[-78.506617,39.520346],[-78.502074,39.518996],[-78.499917,39.519479],[-78.491502,39.518566],[-78.489693,39.517976],[-78.486424,39.519559],[-78.482985,39.519855],[-78.475648,39.517092],[-78.471352,39.516288],[-78.465996,39.518354],[-78.462449,39.522432],[-78.460918,39.527828],[-78.462135,39.531047],[-78.463729,39.533637],[-78.463277,39.536132],[-78.459312,39.538519],[-78.450399,39.538564],[-78.448799,39.540442],[-78.449205,39.542724],[-78.452995,39.543796],[-78.460368,39.545218],[-78.462454,39.548328],[-78.461689,39.550768],[-78.458628,39.551706],[-78.4523,39.551062],[-78.447884,39.548837],[-78.444267,39.544628],[-78.440059,39.539827],[-78.437834,39.538782],[-78.435679,39.539721],[-78.434914,39.542831],[-78.436688,39.54744],[-78.439471,39.549934],[-78.439193,39.552509],[-78.436758,39.554064],[-78.431472,39.552831],[-78.429086,39.550946],[-78.425852,39.546334],[-78.423278,39.5451],[-78.419626,39.545609],[-78.417367,39.54864],[-78.419383,39.551616],[-78.426276,39.5589],[-78.433999,39.561475],[-78.438919,39.563927],[-78.443683,39.567224],[-78.451747,39.571466],[-78.458104,39.57879],[-78.458557,39.585356],[-78.456258,39.588731],[-78.448743,39.591412],[-78.443496,39.591854],[-78.430348,39.587806],[-78.423129,39.585399],[-78.418181,39.58125],[-78.406981,39.57881],[-78.399676,39.581004],[-78.395678,39.584695],[-78.396153,39.588692],[-78.401967,39.592944],[-78.413682,39.598016],[-78.425062,39.606154],[-78.434074,39.617692],[-78.433718,39.620954],[-78.428929,39.624216],[-78.422992,39.625008],[-78.396841,39.616859],[-78.393272,39.614855],[-78.387691,39.611288],[-78.379815,39.608849],[-78.375927,39.60853],[-78.372642,39.610329],[-78.372523,39.61219],[-78.380994,39.61902],[-78.384421,39.623637],[-78.382956,39.627844],[-78.381017,39.629429],[-78.374922,39.63074],[-78.368508,39.629994],[-78.361264,39.626335],[-78.35683,39.626182],[-78.353821,39.628622],[-78.354573,39.632128],[-78.359522,39.63603],[-78.359443,39.639353],[-78.356266,39.641058],[-78.348823,39.64057],[-78.333355,39.637563],[-78.316859,39.632709],[-78.301267,39.628051],[-78.291197,39.623649],[-78.283168,39.620993],[-78.269867,39.620201],[-78.265537,39.619663],[-78.263122,39.622804],[-78.263518,39.629907],[-78.254889,39.640333],[-78.237572,39.652741],[-78.226753,39.658131],[-78.224063,39.662702],[-78.231544,39.668281],[-78.234236,39.671602],[-78.232653,39.674526],[-78.227836,39.676657],[-78.208284,39.676626],[-78.202204,39.677178],[-78.195317,39.68522],[-78.190054,39.692463],[-78.180594,39.69697],[-78.160859,39.694234],[-78.134953,39.689015],[-78.11608,39.684538],[-78.097356,39.67971],[-78.090514,39.67307],[-78.081648,39.671697],[-78.069691,39.665118],[-78.059772,39.655441],[-78.052326,39.650794],[-78.047884,39.643571],[-78.03596,39.637035],[-78.029604,39.628385],[-78.021069,39.619929],[-78.011581,39.60607],[-78.008235,39.602662],[-78.002133,39.60081],[-77.991155,39.600717],[-77.979172,39.600246],[-77.973622,39.601481],[-77.968169,39.607539],[-77.960836,39.609201],[-77.951846,39.607681],[-77.949631,39.602507],[-77.951403,39.593441],[-77.948627,39.587025],[-77.943573,39.585219],[-77.938459,39.588166],[-77.93668,39.608325],[-77.940261,39.612742],[-77.945488,39.614385],[-77.945303,39.617806],[-77.941177,39.619895],[-77.931673,39.618661],[-77.927236,39.613681],[-77.923722,39.606651],[-77.911145,39.603089],[-77.891763,39.59883],[-77.885299,39.59826],[-77.881235,39.600348],[-77.881665,39.606704],[-77.886776,39.611969],[-77.887946,39.615052],[-77.885364,39.616238],[-77.872063,39.614103],[-77.864795,39.609976],[-77.841314,39.607413],[-77.833479,39.605088],[-77.830105,39.598421],[-77.828443,39.588128],[-77.833654,39.567931],[-77.837439,39.565139],[-77.851157,39.563321],[-77.876544,39.562837],[-77.886278,39.559434],[-77.888191,39.555945],[-77.885115,39.551744],[-77.867784,39.543026],[-77.864024,39.537765],[-77.865046,39.520719],[-77.864047,39.516454],[-77.859747,39.514677],[-77.843789,39.5177],[-77.840557,39.521607],[-77.840867,39.529956],[-77.835186,39.53339],[-77.824095,39.529611],[-77.822945,39.526359],[-77.82463,39.515894],[-77.846573,39.503525],[-77.845115,39.499438],[-77.82747,39.494173],[-77.821199,39.494453],[-77.810067,39.491431],[-77.796935,39.489889],[-77.790737,39.492441],[-77.786208,39.497892],[-77.779763,39.500203],[-77.769634,39.49967],[-77.764574,39.495406],[-77.765806,39.490966],[-77.780214,39.486572],[-77.796725,39.480123],[-77.797439,39.474731],[-77.793981,39.470341],[-77.781148,39.465358],[-77.776536,39.463221],[-77.77807,39.460253],[-77.782067,39.459185],[-77.791924,39.461154],[-77.797769,39.460361],[-77.798023,39.45688],[-77.794127,39.452744],[-77.786171,39.448733],[-77.784224,39.445432],[-77.785793,39.443343],[-77.792179,39.44117],[-77.800133,39.440166],[-77.802169,39.437885],[-77.800113,39.434667],[-77.793997,39.432034],[-77.78339,39.429776],[-77.765671,39.428953],[-77.757012,39.427364],[-77.750801,39.42208],[-77.746417,39.414555],[-77.744005,39.408278],[-77.736667,39.398558],[-77.733871,39.387418],[-77.739115,39.384448],[-77.751256,39.382422],[-77.751955,39.378977],[-77.742986,39.36601],[-77.743952,39.352522],[-77.758833,39.343257],[-77.756983,39.336373],[-77.73991,39.330638],[-77.727047,39.323571],[-77.712504,39.322518],[-77.687355,39.32243],[-77.677934,39.326197],[-77.669466,39.324059],[-77.661889,39.317386],[-77.645214,39.311196],[-77.613035,39.304098],[-77.587614,39.303344],[-77.572819,39.307386],[-77.562704,39.306248],[-77.559868,39.29804],[-77.556936,39.284626],[-77.54351,39.271829],[-77.524994,39.262446],[-77.496267,39.252965],[-77.484348,39.247783],[-77.465406,39.233745],[-77.45577,39.226502],[-77.459044,39.217268],[-77.472084,39.208174],[-77.474176,39.200914],[-77.474983,39.191161],[-77.479583,39.185819],[-77.510667,39.173904],[-77.518827,39.164624],[-77.522424,39.150046],[-77.519362,39.126395],[-77.508566,39.118263],[-77.485786,39.111913],[-77.475652,39.102236],[-77.464554,39.087036],[-77.444155,39.075889],[-77.377366,39.063645],[-77.331988,39.064658],[-77.302294,39.052512],[-77.255938,39.033877],[-77.241155,39.022692],[-77.252109,39.001456],[-77.244386,38.984777],[-77.234248,38.977776],[-77.230298,38.980193],[-77.223576,38.972298],[-77.146077,38.966827],[-77.132243,38.953094],[-77.119903,38.934479],[-77.040944,38.995872],[-76.909391,38.892855],[-77.038937,38.791656],[-77.039795,38.707035],[-77.076558,38.704002],[-77.130022,38.67262],[-77.121775,38.633203],[-77.198719,38.613354],[-77.241885,38.588979],[-77.252343,38.542192],[-77.294837,38.489303],[-77.294611,38.419568],[-77.247431,38.350643],[-77.18303,38.352584],[-77.124808,38.384633],[-77.075263,38.393371],[-77.030687,38.427336],[-76.994789,38.388508],[-76.989164,38.312355],[-76.888577,38.226576],[-76.719127,38.182687],[-76.585422,38.170035],[-76.521044,38.096026],[-76.29201,38.017066],[-76.305628,38.135961],[-76.367529,38.249803],[-76.352673,38.310057],[-76.385951,38.319967],[-76.427747,38.313621],[-76.456058,38.303748],[-76.48751,38.333715],[-76.498745,38.370718],[-76.544131,38.39925],[-76.635287,38.44642],[-76.663607,38.487247],[-76.67215,38.510113],[-76.671408,38.532142],[-76.675908,38.557807],[-76.678155,38.58522],[-76.671883,38.611555],[-76.673564,38.619995],[-76.681796,38.629269],[-76.687737,38.631662],[-76.680655,38.637643],[-76.666328,38.641676],[-76.655036,38.651989],[-76.630182,38.681027],[-76.646488,38.701817],[-76.604921,38.736201],[-76.623037,38.768067],[-76.657348,38.765252],[-76.639549,38.74796],[-76.689068,38.749605],[-76.697471,38.749794],[-76.700044,38.754444],[-76.698599,38.764942],[-76.708057,38.773277],[-76.713406,38.775276],[-76.714021,38.782247],[-76.708262,38.785458],[-76.703469,38.786157],[-76.701532,38.79024],[-76.709424,38.794958],[-76.710865,38.799197],[-76.708087,38.803119],[-76.708809,38.806157],[-76.712208,38.809426],[-76.712209,38.811263],[-76.693333,38.812016],[-76.686681,38.841638],[-76.700282,38.837657],[-76.698076,38.843535],[-76.696569,38.84771],[-76.692683,38.850905],[-76.691624,38.853879],[-76.691052,38.855534],[-76.692422,38.858052],[-76.688666,38.864275],[-76.682655,38.867139],[-76.681281,38.870248],[-76.680359,38.873001],[-76.678306,38.873663],[-76.676478,38.875977],[-76.676404,38.880052],[-76.675254,38.881856],[-76.676175,38.883342],[-76.67525,38.885764],[-76.673413,38.885641],[-76.671672,38.886867],[-76.671837,38.888029],[-76.676335,38.891836],[-76.676081,38.896416],[-76.671347,38.899709],[-76.669543,38.903702],[-76.670287,38.907636],[-76.671771,38.906936],[-76.674746,38.909066],[-76.678072,38.910035],[-76.681061,38.91733],[-76.683636,38.919266],[-76.685051,38.917717],[-76.686461,38.918363],[-76.690855,38.924364],[-76.682477,38.926881],[-76.681812,38.932043],[-76.689925,38.933592],[-76.692586,38.937396],[-76.690668,38.94101],[-76.695156,38.948671],[-76.693297,38.951615],[-76.694539,38.956837],[-76.698721,38.962266],[-76.699376,38.969049],[-76.703501,38.971011],[-76.704018,38.973071],[-76.701756,38.973705],[-76.700992,38.976135],[-76.702833,38.977027],[-76.702322,38.979803],[-76.699508,38.981558],[-76.700932,38.985464],[-76.705795,38.989001],[-76.707254,38.992025],[-76.707497,38.996506],[-76.70571,38.99945],[-76.704503,39.009233],[-76.701134,39.011807],[-76.70088,39.013389],[-76.704759,39.01324],[-76.707875,39.018774],[-76.706222,39.019071],[-76.706158,39.020405],[-76.70336,39.021294],[-76.703932,39.023171],[-76.701579,39.023517],[-76.703424,39.025543],[-76.713216,39.028836],[-76.71347,39.033874],[-76.714741,39.03417],[-76.715779,39.037913],[-76.717368,39.039493],[-76.725748,39.043182],[-76.727083,39.045602],[-76.732424,39.046293],[-76.736557,39.05439],[-76.766699,39.081736],[-76.746576,39.082322],[-76.745221,39.086493],[-76.76671,39.095304],[-76.777776,39.113726],[-76.787812,39.149473],[-76.808773,39.161216],[-76.809569,39.167802],[-76.830538,39.175155],[-76.830526,39.164316],[-76.836693,39.165518],[-76.843236,39.169978],[-76.850569,39.172951],[-76.858444,39.161181],[-76.859956,39.158962],[-76.86055,39.161055],[-76.862602,39.160385],[-76.863195,39.162102],[-76.865842,39.158669],[-76.868649,39.158585],[-76.870593,39.159464],[-76.870917,39.160846],[-76.873125,39.160735],[-76.873503,39.163498],[-76.877012,39.163415],[-76.877606,39.166177],[-76.879279,39.167265],[-76.88214,39.166972],[-76.890769,39.172561],[-76.907312,39.17893],[-76.900069,39.181703],[-76.901298,39.186434],[-76.908981,39.189941],[-76.913516,39.190004],[-76.917526,39.187775],[-76.922493,39.188113],[-76.943347,39.203706],[-76.971513,39.223929],[-76.98664,39.238414],[-77.003774,39.223149],[-77.013089,39.207561],[-77.027771,39.21745],[-77.032771,39.220956],[-77.032624,39.224581],[-77.037149,39.229894],[-77.043537,39.235451],[-77.047589,39.237992],[-77.056148,39.238807],[-77.055229,39.250286],[-77.135142,39.271233],[-77.10457,39.344986],[-77.13163,39.354387],[-77.103289,39.368352],[-77.074557,39.42477],[-77.119318,39.462816],[-77.237516,39.514883],[-77.223303,39.580234],[-77.290886,39.604714],[-77.290304,39.606156],[-77.295018,39.611131],[-77.30057,39.612623],[-77.304058,39.615954],[-77.307027,39.618737],[-77.307156,39.619983],[-77.301283,39.621472],[-77.299086,39.623564],[-77.300519,39.625253],[-77.305175,39.6261],[-77.308859,39.629386],[-77.30996,39.632124],[-77.30964,39.636687],[-77.311649,39.638171],[-77.311484,39.639591],[-77.309695,39.640629],[-77.306723,39.641243],[-77.299874,39.63937],[-77.298085,39.637717],[-77.298333,39.636255],[-77.297342,39.634708],[-77.295196,39.633246],[-77.294728,39.631826],[-77.29027,39.630279],[-77.278727,39.630911],[-77.27612,39.632693],[-77.279343,39.636009],[-77.27703,39.639328],[-77.271037,39.641701],[-77.275348,39.646916],[-77.271935,39.651673],[-77.26546,39.65558],[-77.265363,39.657818],[-77.266685,39.661797],[-77.262173,39.664901],[-77.257106,39.663457],[-77.255889,39.662735],[-77.254688,39.667721],[-77.25177,39.668009],[-77.250357,39.667142],[-77.244994,39.668948],[-77.239001,39.672849],[-77.234455,39.677668],[-77.235962,39.680918],[-77.236347,39.686043],[-77.23923,39.68745],[-77.241436,39.690119],[-77.244353,39.690985],[-77.243415,39.695],[-77.239084,39.695579],[-77.235217,39.694596],[-77.225761,39.69383],[-77.217339,39.696431],[-77.215167,39.698883],[-77.215827,39.701554],[-77.218552,39.703071],[-77.223917,39.704013],[-77.226538,39.706537],[-77.225966,39.709854],[-77.22211,39.711153],[-77.21743,39.711586],[-77.215294,39.712811],[-77.215384,39.715047],[-77.214266,39.716776],[-77.215836,39.719318],[-77.217556,39.719859]]]},"properties":{"code":"[227,240,301]"}},{"type":"Feature","geometry":{"type":"Polygon","coordinates":[[[-89.641187,30.302012],[-89.640541,30.294968],[-89.64764,30.290371],[-89.64393,30.287585],[-89.637637,30.287863],[-89.636831,30.284102],[-89.631023,30.278389],[-89.632797,30.269054],[-89.628764,30.266407],[-89.625215,30.264595],[-89.626828,30.261947],[-89.631829,30.261808],[-89.632313,30.257209],[-89.624096,30.249585],[-89.614577,30.246937],[-89.6149,30.239271],[-89.617048,30.225935],[-89.610317,30.217423],[-89.601122,30.216288],[-89.592093,30.204512],[-89.581418,30.186772],[-89.570613,30.179838],[-89.55772,30.18414],[-89.548381,30.192653],[-89.539222,30.195675],[-89.532319,30.194096],[-89.526531,30.185057],[-89.522977,30.175753],[-89.499938,30.153295],[-89.430776,30.180142],[-89.393372,30.232594],[-89.179533,30.306346],[-88.995853,30.364726],[-88.791651,30.347675],[-88.721077,30.317827],[-88.605245,30.325138],[-88.464098,30.309298],[-88.392818,30.328184],[-88.39389,30.345718],[-88.413955,30.768645],[-88.877001,30.756515],[-88.876086,30.692891],[-89.239356,30.690556],[-89.239624,30.648594],[-89.42696,30.644552],[-89.411722,30.550662],[-89.495665,30.501955],[-89.48502,30.396146],[-89.484792,30.387752],[-89.45833,30.38228],[-89.438651,30.38379],[-89.436683,30.376622],[-89.42728,30.367943],[-89.423344,30.358509],[-89.641187,30.302012]]]},"properties":{"code":"[228]"}},{"type":"Feature","geometry":{"type":"Polygon","coordinates":[[[-84.931737,32.219055],[-84.969502,32.219561],[-84.980977,32.209857],[-84.974454,32.204166],[-84.966143,32.204836],[-84.962165,32.19866],[-84.967131,32.193792],[-85.01059,32.180719],[-85.033516,32.157966],[-85.043485,32.146318],[-85.061259,32.133775],[-85.055333,32.112526],[-85.046003,32.086899],[-85.055295,32.077853],[-85.057498,32.04597],[-85.054137,32.036587],[-85.056707,32.033236],[-85.048801,32.022344],[-85.0574,32.010015],[-85.067893,31.99338],[-85.07135,31.970445],[-85.102529,31.921843],[-85.133208,31.84824],[-85.134667,31.778593],[-85.111476,31.723883],[-85.078925,31.64566],[-85.062499,31.623771],[-85.057959,31.620566],[-85.059926,31.608774],[-85.055376,31.604561],[-85.057354,31.582652],[-85.054861,31.578142],[-85.057431,31.57055],[-85.048925,31.55351],[-85.040471,31.543394],[-85.045396,31.530388],[-85.047175,31.524355],[-85.044014,31.520469],[-85.046604,31.514388],[-85.063177,31.486114],[-85.070901,31.467565],[-85.064671,31.432948],[-85.068998,31.426361],[-85.073756,31.428389],[-85.076134,31.421295],[-85.076252,31.414831],[-85.079859,31.409938],[-85.077078,31.401794],[-85.07786,31.396089],[-85.08083,31.391473],[-85.082264,31.382612],[-85.087543,31.372473],[-85.092473,31.36236],[-85.091541,31.355553],[-85.085136,31.354471],[-85.087266,31.337837],[-85.088782,31.334956],[-85.083471,31.328332],[-85.083873,31.316178],[-85.087586,31.310489],[-85.088091,31.300625],[-85.089829,31.296086],[-85.091511,31.291699],[-85.098162,31.284505],[-85.103887,31.281844],[-85.110522,31.281132],[-85.11423,31.277242],[-85.111194,31.273424],[-85.112025,31.26225],[-85.105451,31.247503],[-85.101657,31.237558],[-85.096434,31.2279],[-85.097023,31.223287],[-85.097948,31.215861],[-85.098243,31.211415],[-85.105585,31.202979],[-85.10756,31.196144],[-85.106969,31.188289],[-85.105872,31.185982],[-85.099628,31.183383],[-85.097778,31.178626],[-85.099799,31.165641],[-85.091796,31.160305],[-85.081399,31.159883],[-85.075589,31.156496],[-85.069764,31.148383],[-85.062821,31.142112],[-85.059872,31.132019],[-85.055575,31.124662],[-85.053808,31.12048],[-85.048836,31.118893],[-85.04395,31.113989],[-85.034933,31.108865],[-85.033455,31.102573],[-85.028485,31.093915],[-85.025284,31.083165],[-85.027925,31.074629],[-85.020088,31.064887],[-85.016968,31.058679],[-85.010549,31.053923],[-85.008191,31.044537],[-85.008653,31.032132],[-85.004186,31.023753],[-85.003681,31.018698],[-84.998588,31.014258],[-85.001788,30.999382],[-85.004395,30.983171],[-85.005996,30.976019],[-85.001784,30.971322],[-84.984506,30.967492],[-84.97975,30.961265],[-84.980003,30.951873],[-84.983204,30.944214],[-84.983405,30.936157],[-84.980203,30.932182],[-84.970261,30.928641],[-84.968322,30.919895],[-84.955591,30.906816],[-84.947672,30.89431],[-84.941877,30.88788],[-84.934289,30.883828],[-84.935554,30.878908],[-84.939516,30.872975],[-84.93842,30.869212],[-84.931929,30.864508],[-84.932994,30.861709],[-84.937123,30.858599],[-84.933668,30.852017],[-84.929877,30.848907],[-84.925917,30.844784],[-84.927304,30.837953],[-84.935982,30.835566],[-84.937583,30.820372],[-84.928756,30.806577],[-84.92884,30.794202],[-84.918923,30.779057],[-84.919681,30.765955],[-84.864694,30.711541],[-83.118537,30.622948],[-83.120439,30.625673],[-83.118539,30.622957],[-82.469329,30.584865],[-82.506234,30.604399],[-82.51157,30.613933],[-82.507396,30.61641],[-82.507468,30.624027],[-82.501352,30.638298],[-82.502791,30.649996],[-82.49418,30.663696],[-82.48592,30.709551],[-82.511263,30.707162],[-82.529016,30.790915],[-82.647982,30.826749],[-82.831517,30.830309],[-83.004854,30.889448],[-83.009267,30.994081],[-82.983209,30.99408],[-82.970903,31.186343],[-83.04799,31.185412],[-83.045887,31.194652],[-83.051453,31.205241],[-83.045599,31.220914],[-83.050878,31.227642],[-83.044495,31.23587],[-83.047764,31.241535],[-83.041712,31.248758],[-83.041715,31.263282],[-83.034964,31.27253],[-83.037367,31.279998],[-83.047067,31.283444],[-83.047795,31.294362],[-83.054036,31.303796],[-83.05999,31.305764],[-83.057493,31.31454],[-83.060973,31.318349],[-83.058286,31.325891],[-83.06817,31.337775],[-83.075381,31.34633],[-83.088051,31.346904],[-83.088148,31.351495],[-83.097457,31.35215],[-83.104646,31.360479],[-83.107716,31.366212],[-83.111266,31.368179],[-83.113089,31.37293],[-83.112129,31.374896],[-83.112321,31.377681],[-83.116639,31.379811],[-83.115295,31.381941],[-83.115295,31.386117],[-83.118268,31.389801],[-83.121829,31.393145],[-83.137568,31.39896],[-83.142173,31.404613],[-83.137951,31.409445],[-83.137375,31.41362],[-83.14035,31.418044],[-83.140446,31.427542],[-83.137268,31.42832],[-83.136441,31.431161],[-83.140591,31.438449],[-83.139047,31.441083],[-83.143204,31.447567],[-83.143797,31.451113],[-83.145579,31.454658],[-83.15021,31.455975],[-83.15223,31.461546],[-83.145107,31.469443],[-83.145943,31.472172],[-83.130267,31.474102],[-83.118878,31.473599],[-83.111193,31.478154],[-83.091259,31.511371],[-83.07018,31.542675],[-83.068445,31.611169],[-83.006269,31.648703],[-83.005329,31.775909],[-82.998111,31.782416],[-82.99051,31.776872],[-82.989633,31.788513],[-82.982025,31.783156],[-82.979637,31.792946],[-82.968988,31.793316],[-82.968985,31.787774],[-82.963114,31.784634],[-82.949421,31.785003],[-82.933915,31.786908],[-82.916749,31.783583],[-82.907623,31.785615],[-82.899582,31.79171],[-82.896756,31.789493],[-82.899148,31.782659],[-82.886687,31.779956],[-82.880382,31.78328],[-82.876253,31.787344],[-82.877124,31.781618],[-82.867781,31.782911],[-82.858,31.789745],[-82.855725,31.798771],[-82.849856,31.798585],[-82.841596,31.808191],[-82.8379,31.816318],[-82.82638,31.81835],[-82.82638,31.813732],[-82.812031,31.82112],[-82.80899,31.827954],[-82.804853,31.831463],[-82.790307,31.834787],[-82.783992,31.839958],[-82.792461,31.846977],[-82.796129,31.846442],[-82.796037,31.844239],[-82.799465,31.842193],[-82.801782,31.844238],[-82.805026,31.842035],[-82.816237,31.843844],[-82.81874,31.844326],[-82.824857,31.849049],[-82.827083,31.852747],[-82.834867,31.852353],[-82.838888,31.85805],[-82.837684,31.861748],[-82.843801,31.86757],[-82.846209,31.875671],[-82.865483,31.907136],[-82.864396,31.943709],[-82.696344,31.961669],[-82.670785,31.935934],[-82.653752,31.953052],[-82.65346,31.965159],[-82.641066,31.983312],[-82.642711,31.996975],[-82.663267,32.004148],[-82.66665,32.011117],[-82.656237,32.021171],[-82.681925,32.04754],[-82.679747,32.055939],[-82.845904,32.099568],[-82.8514,32.09652],[-82.864346,32.125565],[-82.892863,32.130683],[-82.898437,32.160513],[-83.078472,32.109053],[-83.034811,31.963084],[-83.144523,31.887761],[-83.19946,31.982953],[-83.181145,32.058746],[-83.300217,32.074908],[-83.312352,32.094009],[-83.354556,32.107231],[-83.367125,32.135959],[-83.396601,32.147215],[-83.417976,32.171676],[-83.634041,32.173662],[-83.668713,32.195674],[-83.738556,32.238175],[-83.758783,32.214222],[-83.86714,32.237374],[-83.977349,32.063313],[-83.986828,32.072893],[-83.975222,32.093131],[-83.998065,32.101764],[-83.998065,32.112477],[-84.013916,32.119912],[-84.00968,32.132109],[-84.033929,32.1541],[-84.028176,32.17135],[-84.0447,32.181454],[-84.134578,32.186316],[-84.134188,32.24892],[-84.248103,32.288322],[-84.245135,32.381847],[-84.365884,32.443908],[-84.314138,32.522748],[-84.391229,32.525037],[-84.391555,32.544417],[-84.427403,32.541198],[-84.435055,32.53452],[-84.435272,32.548895],[-84.443825,32.548022],[-84.444081,32.559941],[-84.490163,32.559948],[-84.524415,32.541108],[-84.523993,32.537876],[-84.528223,32.531479],[-84.570469,32.528056],[-84.559082,32.500388],[-84.578004,32.49858],[-84.595073,32.514777],[-84.603607,32.5195],[-84.606497,32.513831],[-84.637769,32.513858],[-84.637814,32.495194],[-84.65696,32.494284],[-84.658589,32.232557],[-84.931737,32.219055]]]},"properties":{"code":"[229]"}},{"type":"Feature","geometry":{"type":"Polygon","coordinates":[[[-86.301307,43.131313],[-85.894073,43.132291],[-85.89713,43.235343],[-85.812613,43.293684],[-85.699344,43.292581],[-85.633975,43.395475],[-85.442507,43.394368],[-85.440228,43.310947],[-85.365026,43.309855],[-85.366599,43.544314],[-85.224325,43.544369],[-85.223281,43.65494],[-85.266074,43.704915],[-85.264144,43.799644],[-85.088897,43.798873],[-85.08774,44.088134],[-84.853065,44.16191],[-84.848252,45.118425],[-84.73785,45.117842],[-84.738641,45.199537],[-84.24614,45.198802],[-84.229188,45.650413],[-84.340783,45.697931],[-84.298356,45.784634],[-84.483194,45.843065],[-84.642781,45.907058],[-84.680152,45.859946],[-84.681163,45.797311],[-84.818529,45.795198],[-84.848828,45.764203],[-85.093261,45.78886],[-85.109422,45.74729],[-84.967989,45.712039],[-85.115588,45.622584],[-85.145833,45.556911],[-85.097335,45.446516],[-84.996374,45.409672],[-85.006498,45.381325],[-85.172061,45.384857],[-85.345731,45.322413],[-85.421295,45.235791],[-85.402528,45.084672],[-85.456109,44.863538],[-85.536842,44.757678],[-85.556712,44.763941],[-85.525753,44.82513],[-85.47712,44.864322],[-85.469386,44.947317],[-85.443943,44.99112],[-85.506957,45.010662],[-85.54567,44.956702],[-85.586555,44.87529],[-85.604245,44.773357],[-85.629686,44.778077],[-85.63299,44.84473],[-85.614204,44.908966],[-85.584344,44.923059],[-85.584358,45.007526],[-85.548967,45.060661],[-85.571894,45.120599],[-85.505591,45.193832],[-85.542049,45.234303],[-85.653637,45.19227],[-86.12734,45.16979],[-86.188036,44.988372],[-86.119248,44.753252],[-86.307392,44.694314],[-86.290049,44.435952],[-86.559559,44.045021],[-86.48117,43.79794],[-86.610935,43.600688],[-86.355791,43.215432],[-86.301307,43.131313]]]},"properties":{"code":"[231]"}},{"type":"Feature","geometry":{"type":"Polygon","coordinates":[[[-82.18834,40.460401],[-81.707896,40.448318],[-81.710637,40.373142],[-81.616215,40.373169],[-81.56375,40.397739],[-81.527462,40.397763],[-81.500188,40.374779],[-81.421765,40.373263],[-81.423709,40.385136],[-81.474481,40.399396],[-81.429259,40.4276],[-81.353772,40.425981],[-81.306103,40.47972],[-81.266751,40.481952],[-81.266237,40.530888],[-81.244999,40.538646],[-81.195913,40.516568],[-81.17666,40.490506],[-81.194836,40.486418],[-81.192872,40.466257],[-81.168338,40.457656],[-81.136494,40.459523],[-81.112431,40.466628],[-81.106507,40.480833],[-81.05592,40.477126],[-81.087869,40.424441],[-80.923143,40.425377],[-80.920077,40.564405],[-80.663061,40.574023],[-80.666019,40.579041],[-80.663864,40.586969],[-80.643489,40.603015],[-80.636291,40.612421],[-80.619727,40.619949],[-80.600916,40.623986],[-80.592746,40.621224],[-80.581577,40.613537],[-80.574173,40.613042],[-80.560742,40.620127],[-80.539695,40.630384],[-80.518991,40.6388],[-80.519229,41.532671],[-80.808786,41.536427],[-80.809221,41.420832],[-80.955533,41.420708],[-81.022849,41.364162],[-81.598464,41.358034],[-81.597091,41.355807],[-81.596829,41.353786],[-81.598629,41.351084],[-81.597303,41.350517],[-81.595219,41.349522],[-81.592763,41.349165],[-81.594179,41.347603],[-81.59702,41.3481],[-81.596926,41.345613],[-81.595219,41.343623],[-81.589542,41.343837],[-81.588228,41.342205],[-81.588038,41.339534],[-81.588043,41.335053],[-81.592104,41.327528],[-81.587383,41.323121],[-81.587531,41.319274],[-81.583463,41.315161],[-81.584026,41.313888],[-81.583743,41.310832],[-81.585822,41.309981],[-81.58516,41.307777],[-81.580052,41.306356],[-81.575984,41.30465],[-81.576471,41.301665],[-81.572649,41.298926],[-81.574075,41.297141],[-81.570472,41.297139],[-81.573218,41.295078],[-81.569429,41.294003],[-81.571605,41.29187],[-81.569327,41.290302],[-81.56592,41.290298],[-81.564302,41.287735],[-81.56743,41.288235],[-81.56819,41.28524],[-81.565629,41.284598],[-81.565155,41.282959],[-81.561554,41.279038],[-81.566199,41.279964],[-81.564303,41.277897],[-81.565484,41.274029],[-81.971821,41.275119],[-81.973305,41.199657],[-82.071769,41.200569],[-82.074168,41.136513],[-82.174219,41.137771],[-82.178092,40.992551],[-82.030671,40.990574],[-82.023698,40.857706],[-82.162412,40.85875],[-82.18834,40.460401]]]},"properties":{"code":"[234,330]"}},{"type":"Feature","geometry":{"type":"Polygon","coordinates":[[[-91.125486,36.497677],[-90.152306,36.497982],[-90.154488,36.496713],[-90.152967,36.493583],[-90.155294,36.492396],[-90.159769,36.49441],[-90.159769,36.492971],[-90.156502,36.490525],[-90.156502,36.487539],[-90.160082,36.487575],[-90.160115,36.485976],[-90.15734,36.484393],[-90.159667,36.481191],[-90.159444,36.479643],[-90.156938,36.478708],[-90.155058,36.478492],[-90.148301,36.476153],[-90.145661,36.476405],[-90.14311,36.475757],[-90.1432,36.473436],[-90.142528,36.4725],[-90.142439,36.470521],[-90.145258,36.469154],[-90.147764,36.469082],[-90.149509,36.470485],[-90.15197,36.470197],[-90.153179,36.470953],[-90.153313,36.46865],[-90.15578,36.466459],[-90.155288,36.463508],[-90.153766,36.463652],[-90.150858,36.465415],[-90.149694,36.465199],[-90.148218,36.463364],[-90.145891,36.462788],[-90.144324,36.463184],[-90.144056,36.464768],[-90.144638,36.466495],[-90.144414,36.467862],[-90.143027,36.468114],[-90.142218,36.467031],[-90.140923,36.466649],[-90.140297,36.464081],[-90.141767,36.460706],[-90.141313,36.459058],[-90.139625,36.456935],[-90.136669,36.454922],[-90.13367,36.453672],[-90.137276,36.450573],[-90.136157,36.447693],[-90.136426,36.446002],[-90.135844,36.444022],[-90.136179,36.442035],[-90.13455,36.440386],[-90.134162,36.437714],[-90.134771,36.435532],[-90.136432,36.435154],[-90.13931,36.435109],[-90.137733,36.433551],[-90.137801,36.431555],[-90.139434,36.431132],[-90.141371,36.431466],[-90.143336,36.430887],[-90.144399,36.425305],[-90.143568,36.423991],[-90.141714,36.423033],[-90.140102,36.421632],[-90.137694,36.421231],[-90.136504,36.422434],[-90.135673,36.423258],[-90.134345,36.423146],[-90.134123,36.4221],[-90.135092,36.42112],[-90.13559,36.419159],[-90.134954,36.417311],[-90.13631,36.41515],[-90.138884,36.41466],[-90.138635,36.413591],[-90.136448,36.413212],[-90.130838,36.415114],[-90.129343,36.416695],[-90.127683,36.416873],[-90.126354,36.416005],[-90.127323,36.414468],[-90.128873,36.412129],[-90.128901,36.41135],[-90.125718,36.410971],[-90.121732,36.410726],[-90.119232,36.412526],[-90.118393,36.412127],[-90.11885,36.409549],[-90.115456,36.40783],[-90.113892,36.409764],[-90.113778,36.407615],[-90.116066,36.406203],[-90.115227,36.405743],[-90.110574,36.407646],[-90.110803,36.404515],[-90.108667,36.403717],[-90.104205,36.405466],[-90.101127,36.401908],[-90.098229,36.404118],[-90.096512,36.403289],[-90.093804,36.403688],[-90.087016,36.401938],[-90.083743,36.400559],[-90.082527,36.401292],[-90.078376,36.398603],[-90.078376,36.395994],[-90.073707,36.392505],[-90.070671,36.39332],[-90.068242,36.38892],[-90.066116,36.387617],[-90.068545,36.385661],[-90.06308,36.383869],[-90.066825,36.378165],[-90.06284,36.377443],[-90.064966,36.368561],[-90.063852,36.367176],[-90.066281,36.36522],[-90.066503,36.361395],[-90.0662,36.359113],[-90.068651,36.357511],[-90.068158,36.356439],[-90.070871,36.356359],[-90.07181,36.353979],[-90.074128,36.352986],[-90.074078,36.351636],[-90.075755,36.349769],[-90.078271,36.349371],[-90.074149,36.343628],[-90.074593,36.34184],[-90.077158,36.341363],[-90.07834,36.33679],[-90.07543,36.334684],[-90.077452,36.330194],[-90.07936,36.329394],[-90.079064,36.327606],[-90.082172,36.326453],[-90.079903,36.323473],[-90.08198,36.322879],[-90.082419,36.32198],[-90.081451,36.320966],[-90.080302,36.320133],[-90.079894,36.318426],[-90.07946,36.318333],[-90.076894,36.31929],[-90.075899,36.318065],[-90.074719,36.318053],[-90.074106,36.316513],[-90.072266,36.315699],[-90.071509,36.314043],[-90.070319,36.314072],[-90.069057,36.312735],[-90.066506,36.305437],[-90.065064,36.304826],[-90.064126,36.303693],[-90.06427,36.302443],[-90.066528,36.300338],[-90.069377,36.298652],[-90.070303,36.296842],[-90.06969,36.295185],[-90.071637,36.29315],[-90.075102,36.290684],[-90.078925,36.289987],[-90.078997,36.28926],[-90.077951,36.28865],[-90.07775,36.286459],[-90.077136,36.285558],[-90.077173,36.284424],[-90.076704,36.283],[-90.075658,36.280994],[-90.077612,36.27967],[-90.07974,36.278739],[-90.08067,36.276687],[-90.081932,36.275524],[-90.082184,36.273779],[-90.083627,36.272064],[-90.086079,36.271366],[-90.094427,36.27114],[-90.09605,36.271373],[-90.097349,36.270704],[-90.098178,36.269547],[-90.099945,36.268878],[-90.103119,36.269024],[-90.103552,36.268035],[-90.105247,36.267657],[-90.105751,36.266065],[-90.107807,36.265891],[-90.109393,36.265687],[-90.110223,36.266821],[-90.111161,36.266327],[-90.112603,36.266356],[-90.115272,36.265222],[-90.116981,36.263292],[-90.115921,36.261506],[-90.117673,36.259412],[-90.117543,36.258312],[-90.119231,36.257684],[-90.117998,36.256637],[-90.118127,36.255485],[-90.119945,36.254752],[-90.118387,36.253443],[-90.119815,36.252186],[-90.122283,36.249384],[-90.122088,36.246243],[-90.12475,36.244515],[-90.124101,36.242997],[-90.129814,36.243416],[-90.130982,36.241269],[-90.129489,36.239908],[-90.127733,36.239671],[-90.127782,36.237128],[-90.126505,36.236385],[-90.124981,36.235413],[-90.124626,36.234326],[-90.125264,36.233468],[-90.126541,36.233239],[-90.125406,36.231581],[-90.126576,36.228979],[-90.127677,36.229745],[-90.131679,36.228431],[-90.131926,36.22666],[-90.134833,36.226294],[-90.138445,36.227294],[-90.139826,36.226779],[-90.141597,36.227694],[-90.143899,36.225951],[-90.144031,36.223082],[-90.145979,36.223339],[-90.145731,36.220797],[-90.146616,36.220768],[-90.147926,36.221768],[-90.149237,36.221739],[-90.150511,36.219397],[-90.151431,36.218908],[-90.151926,36.21568],[-90.152847,36.215451],[-90.153839,36.215566],[-90.154972,36.214366],[-90.15692,36.213394],[-90.158726,36.214937],[-90.16124,36.215623],[-90.164054,36.214334],[-90.166144,36.214362],[-90.167773,36.213248],[-90.169366,36.214162],[-90.170216,36.212248],[-90.173955,36.210317],[-90.17523,36.210917],[-90.176965,36.209403],[-90.177036,36.207774],[-90.178116,36.207109],[-90.180064,36.208737],[-90.181905,36.208509],[-90.182363,36.205496],[-90.183567,36.205096],[-90.18463,36.205411],[-90.185869,36.204639],[-90.186967,36.205668],[-90.188171,36.205496],[-90.189042,36.203281],[-90.189999,36.202482],[-90.189964,36.201586],[-90.191365,36.200856],[-90.192109,36.200964],[-90.193083,36.200317],[-90.194859,36.200537],[-90.195678,36.199779],[-90.195982,36.197005],[-90.197178,36.195985],[-90.199619,36.196702],[-90.200469,36.196307],[-90.201544,36.193358],[-90.20081,36.191925],[-90.201925,36.19097],[-90.204042,36.190019],[-90.204588,36.188848],[-90.20411,36.187374],[-90.204571,36.186712],[-90.207584,36.185989],[-90.208489,36.186306],[-90.210026,36.185989],[-90.210487,36.185093],[-90.209941,36.18417],[-90.211477,36.183073],[-90.213611,36.182894],[-90.214499,36.183473],[-90.214124,36.184217],[-90.215473,36.184589],[-90.216344,36.183569],[-90.217266,36.183693],[-90.218085,36.184617],[-90.219929,36.184699],[-90.22082,36.18413],[-90.221725,36.181649],[-90.22346,36.180323],[-90.225292,36.178316],[-90.225031,36.176872],[-90.226863,36.175464],[-90.227343,36.174267],[-90.229785,36.17314],[-90.229288,36.171455],[-90.23051,36.170328],[-90.231033,36.168145],[-90.230204,36.167546],[-90.231469,36.164835],[-90.231209,36.163586],[-90.233346,36.1626],[-90.233783,36.160945],[-90.235178,36.159923],[-90.235402,36.158678],[-90.233483,36.156424],[-90.232567,36.156213],[-90.233439,36.155473],[-90.233309,36.154698],[-90.231433,36.1541],[-90.231215,36.153416],[-90.232087,36.151268],[-90.231476,36.146477],[-90.23296,36.145526],[-90.235097,36.145174],[-90.23483,36.14316],[-90.235702,36.141258],[-90.235702,36.14013],[-90.235303,36.139706],[-90.235853,36.139071],[-90.236463,36.139438],[-90.23755,36.138709],[-90.238312,36.138723],[-90.240185,36.138296],[-90.241536,36.136967],[-90.242724,36.136508],[-90.245561,36.136208],[-90.245323,36.133638],[-90.246536,36.132436],[-90.247782,36.132479],[-90.247835,36.131301],[-90.248948,36.130402],[-90.249426,36.129481],[-90.251043,36.129695],[-90.252067,36.128078],[-90.253473,36.127221],[-90.256097,36.127093],[-90.257953,36.127114],[-90.25904,36.127564],[-90.260858,36.127298],[-90.261359,36.12612],[-90.265404,36.121546],[-90.266524,36.119887],[-90.272498,36.118229],[-90.272933,36.11662],[-90.27704,36.117374],[-90.282703,36.116469],[-90.284694,36.115665],[-90.288303,36.115715],[-90.289935,36.114705],[-90.293171,36.114504],[-90.295162,36.112895],[-90.294913,36.111588],[-90.293607,36.110733],[-90.29398,36.109879],[-90.29678,36.109175],[-90.297078,36.107627],[-90.29826,36.107476],[-90.298447,36.105868],[-90.297762,36.105013],[-90.297933,36.102486],[-90.29924,36.101782],[-90.300173,36.099067],[-90.299925,36.098061],[-90.305525,36.095296],[-90.307821,36.094623],[-90.311989,36.09471],[-90.316744,36.090522],[-90.318668,36.090565],[-90.320752,36.087024],[-90.319095,36.085383],[-90.318941,36.083938],[-90.319957,36.082902],[-90.320117,36.080872],[-90.318461,36.079534],[-90.318323,36.075456],[-90.321048,36.073124],[-90.320353,36.071526],[-90.321742,36.070792],[-90.323933,36.071439],[-90.32838,36.068282],[-90.330037,36.068454],[-90.333082,36.067461],[-90.33493,36.063295],[-90.334824,36.061827],[-90.33632,36.06079],[-90.335732,36.059278],[-90.333328,36.05768],[-90.333648,36.055564],[-90.336711,36.054934],[-90.33794,36.053077],[-90.337886,36.051177],[-90.337085,36.050183],[-90.337512,36.048844],[-90.336871,36.047376],[-90.338607,36.046772],[-90.340637,36.047031],[-90.343575,36.045044],[-90.343575,36.043101],[-90.345659,36.042625],[-90.348276,36.041502],[-90.34927,36.038957],[-90.348255,36.034982],[-90.34982,36.033281],[-90.350728,36.032547],[-90.35153,36.031035],[-90.354415,36.030603],[-90.353453,36.028701],[-90.351743,36.028182],[-90.351423,36.02667],[-90.351685,36.025108],[-90.353555,36.024028],[-90.356173,36.020053],[-90.360671,36.016875],[-90.366157,36.012012],[-90.372428,36.003488],[-90.376865,35.996797],[-90.377901,35.995745],[-89.70693,36.000979],[-89.70501,36.00653],[-89.693225,36.019875],[-89.687884,36.032201],[-89.680182,36.081953],[-89.667298,36.096046],[-89.62707,36.106902],[-89.59502,36.125178],[-89.593219,36.153132],[-89.620708,36.181918],[-89.673344,36.212319],[-89.701296,36.231702],[-89.705382,36.237911],[-89.697686,36.251589],[-89.693132,36.252984],[-89.67837,36.248047],[-89.652576,36.250896],[-89.63687,36.248489],[-89.608289,36.238737],[-89.585985,36.239369],[-89.564538,36.250282],[-89.554646,36.250917],[-89.545056,36.247368],[-89.535004,36.251043],[-89.53406,36.261938],[-89.536883,36.27448],[-89.546468,36.280687],[-89.558825,36.277815],[-89.596019,36.298985],[-89.612362,36.308989],[-89.620533,36.323803],[-89.61189,36.340386],[-89.586226,36.34287],[-89.544446,36.337682],[-89.523398,36.34502],[-89.510047,36.372849],[-89.521923,36.397122],[-89.540934,36.419237],[-89.544699,36.436803],[-89.526071,36.455052],[-89.520732,36.47816],[-89.561621,36.526737],[-89.572129,36.552967],[-89.561247,36.570749],[-89.536119,36.580985],[-89.492215,36.573457],[-89.475321,36.564118],[-89.465948,36.540607],[-89.471959,36.512871],[-89.491088,36.486328],[-89.491453,36.464296],[-89.468185,36.456749],[-89.442334,36.46884],[-89.420941,36.492968],[-89.402305,36.536642],[-89.391425,36.569493],[-89.376793,36.605342],[-89.373813,36.619062],[-89.35934,36.627774],[-89.332384,36.632855],[-89.315689,36.625464],[-89.29615,36.595839],[-89.264496,36.56514],[-89.232474,36.567901],[-89.211306,36.581122],[-89.202468,36.602182],[-89.197763,36.627598],[-89.167365,36.65649],[-89.158371,36.666824],[-89.171117,36.673298],[-89.168567,36.687613],[-89.202566,36.716916],[-89.200016,36.736331],[-89.183866,36.755061],[-89.166017,36.759487],[-89.155392,36.755742],[-89.140093,36.755742],[-89.135643,36.751764],[-89.125685,36.751763],[-89.119476,36.75751],[-89.116131,36.771494],[-89.124287,36.786637],[-89.13303,36.788488],[-89.157585,36.78946],[-89.16935,36.796026],[-89.180223,36.815863],[-89.178086,36.835974],[-89.168054,36.842475],[-89.157895,36.843331],[-89.15237,36.847039],[-89.137933,36.847325],[-89.113165,36.899911],[-89.101706,36.941272],[-89.099515,36.96548],[-89.111214,36.977683],[-89.125962,36.98337],[-89.149379,36.977677],[-89.169996,36.969949],[-89.186541,36.973813],[-89.193159,36.981743],[-89.19545,36.996585],[-89.199522,37.015895],[-89.215049,37.026462],[-89.236939,37.03967],[-89.255406,37.071953],[-89.259734,37.064843],[-89.308358,37.069312],[-89.310142,37.053669],[-89.290539,37.039039],[-89.263043,37.025625],[-89.258206,37.013835],[-89.266387,36.996156],[-89.279876,36.988025],[-89.296164,36.993513],[-89.322123,37.015666],[-89.361316,37.031109],[-89.38508,37.044691],[-89.38559,37.058909],[-89.374652,37.082255],[-89.380762,37.098487],[-89.398604,37.115333],[-89.417948,37.127511],[-89.434747,37.152663],[-89.457171,37.190929],[-89.467341,37.218476],[-89.459199,37.239951],[-89.458945,37.250685],[-89.473956,37.253528],[-89.490495,37.251097],[-89.51824,37.28289],[-89.514932,37.302935],[-89.508317,37.315891],[-89.489746,37.327624],[-89.481854,37.336932],[-89.448256,37.340172],[-89.43324,37.346445],[-89.424764,37.367693],[-89.420433,37.389758],[-89.429862,37.417279],[-89.441856,37.440523],[-89.462729,37.460495],[-89.484616,37.483529],[-89.495317,37.50049],[-89.503813,37.520311],[-89.515273,37.534654],[-89.522404,37.561927],[-89.520174,37.584862],[-89.495447,37.580871],[-89.485814,37.581043],[-89.477737,37.585685],[-89.475918,37.595447],[-89.489256,37.610969],[-89.506626,37.625524],[-89.517126,37.641356],[-89.516594,37.672426],[-89.514372,37.692398],[-89.534763,37.701824],[-89.583814,37.712833],[-89.597021,37.733743],[-89.619293,37.749856],[-89.644881,37.745362],[-89.665722,37.751358],[-89.667156,37.765676],[-89.660524,37.788901],[-89.679128,37.807899],[-89.730807,37.835998],[-89.740753,37.845731],[-89.788223,37.85323],[-89.799118,37.88056],[-89.846412,37.906499],[-89.890035,37.875247],[-89.904672,37.868767],[-89.935729,37.874127],[-89.955353,37.885693],[-89.970354,37.915255],[-89.975349,37.928209],[-89.93894,37.946508],[-89.931582,37.94778],[-89.924437,37.955331],[-89.924589,37.959646],[-89.936597,37.959766],[-89.940858,37.970555],[-89.96748,37.963525],[-89.996995,37.961929],[-90.013577,37.973726],[-90.032988,37.996992],[-90.068569,38.012922],[-90.105766,38.026299],[-90.125983,38.04286],[-90.128813,38.061008],[-90.159946,38.074695],[-90.176058,38.069874],[-90.220978,38.096628],[-90.271958,38.134498],[-90.302696,38.110952],[-90.292178,38.091857],[-90.333069,38.093164],[-90.416619,38.043526],[-90.58353,38.003277],[-90.626574,38.006848],[-90.628567,38.008573],[-90.62757,38.011353],[-90.623961,38.012923],[-90.616739,38.013584],[-90.613132,38.014977],[-90.612826,38.01776],[-90.61697,38.022297],[-90.616202,38.027379],[-90.621659,38.041159],[-90.62042,38.043593],[-90.621575,38.047347],[-90.620034,38.056479],[-90.61287,38.06247],[-90.611891,38.069727],[-90.613742,38.072747],[-90.61827,38.073536],[-90.620264,38.073296],[-90.626719,38.076259],[-90.632021,38.074019],[-90.634711,38.074473],[-90.636939,38.076286],[-90.639931,38.076588],[-90.640393,38.06686],[-90.642772,38.067343],[-90.65099,38.075078],[-90.657918,38.067213],[-90.658213,38.061738],[-90.659552,38.063221],[-90.664325,38.065595],[-90.674473,38.067643],[-90.679574,38.071194],[-90.685479,38.073222],[-90.686016,38.076857],[-90.676186,38.081164],[-90.662,38.084969],[-90.662106,38.08652],[-90.659139,38.087179],[-90.657009,38.087119],[-90.653967,38.088975],[-90.651229,38.091789],[-90.653511,38.094513],[-90.655656,38.096503],[-90.658395,38.0977],[-90.660601,38.096683],[-90.661514,38.095036],[-90.660563,38.09333],[-90.661818,38.089946],[-90.664366,38.087761],[-90.668399,38.087701],[-90.669464,38.088629],[-90.67479,38.087761],[-90.67803,38.086784],[-90.68035,38.087412],[-90.681644,38.087861],[-90.683165,38.087382],[-90.683773,38.086544],[-90.685143,38.086455],[-90.685941,38.088789],[-90.685865,38.090795],[-90.683203,38.092232],[-90.679323,38.092202],[-90.677878,38.092262],[-90.676128,38.094387],[-90.676729,38.095961],[-90.68085,38.100712],[-90.681609,38.102814],[-90.777955,38.205708],[-91.097454,38.204908],[-91.093759,38.207808],[-91.090157,38.212725],[-91.079394,38.215631],[-91.077179,38.218624],[-91.081212,38.227605],[-91.080408,38.232746],[-91.07157,38.234478],[-91.062583,38.235542],[-91.06185,38.240495],[-91.066524,38.243866],[-91.071314,38.244251],[-91.073132,38.241747],[-91.077524,38.238373],[-91.083405,38.240398],[-91.092015,38.237506],[-91.092879,38.239627],[-91.086595,38.246379],[-91.085762,38.249746],[-91.076799,38.253603],[-91.077446,38.259724],[-91.106972,38.274566],[-91.101661,38.296571],[-91.086833,38.302472],[-91.113902,38.330733],[-91.117842,38.333827],[-91.115504,38.340488],[-91.117521,38.341713],[-91.121102,38.337392],[-91.125005,38.341389],[-91.127438,38.341678],[-91.13235,38.345854],[-91.137096,38.34407],[-91.140404,38.343997],[-91.155248,38.349754],[-91.165162,38.357265],[-91.148106,38.364974],[-91.149109,38.369127],[-91.148447,38.371624],[-91.15148,38.373527],[-91.156082,38.369589],[-91.161128,38.366358],[-91.164409,38.362403],[-91.16768,38.361089],[-91.172555,38.360238],[-91.182208,38.370042],[-91.184711,38.369859],[-91.186854,38.370788],[-91.191313,38.376274],[-91.194713,38.377357],[-91.189151,38.42054],[-91.129495,38.427133],[-91.12088,38.462555],[-91.129128,38.466645],[-91.129529,38.471563],[-91.133942,38.474285],[-91.134744,38.480766],[-91.131812,38.483581],[-91.133942,38.488607],[-91.129537,38.491845],[-91.126872,38.496703],[-91.118596,38.498685],[-91.117542,38.502546],[-91.120077,38.503902],[-91.119521,38.513932],[-91.116323,38.514973],[-91.116159,38.521266],[-91.111607,38.532668],[-91.106257,38.532563],[-91.104397,38.534443],[-91.106457,38.53516],[-91.107759,38.538926],[-91.109986,38.540549],[-91.109998,38.545705],[-91.11325,38.548827],[-91.11168,38.551946],[-91.112004,38.556621],[-91.12071,38.554327],[-91.122916,38.555312],[-91.12869,38.555148],[-91.131,38.552109],[-91.143222,38.551844],[-91.142802,38.557099],[-91.14733,38.558967],[-91.169391,38.558533],[-91.166589,38.538626],[-91.172847,38.542101],[-91.175831,38.549835],[-91.21023,38.548047],[-91.209987,38.558449],[-91.219421,38.558263],[-91.218462,38.58335],[-91.204239,38.597976],[-91.186936,38.596271],[-91.183559,38.608386],[-91.226419,38.622464],[-91.228369,38.630082],[-91.227431,38.639509],[-91.23339,38.652033],[-91.257113,38.665397],[-91.284106,38.685602],[-91.311218,38.705407],[-91.322939,38.707491],[-91.343741,38.696668],[-91.36996,38.698867],[-91.395874,38.707463],[-91.417575,38.70925],[-91.410075,38.978647],[-91.259886,38.976482],[-91.259292,38.993324],[-91.183795,38.991504],[-91.183173,39.052063],[-91.054103,39.051456],[-91.006645,39.08536],[-90.971989,39.084271],[-90.965377,39.097789],[-90.841981,39.0967],[-90.840871,39.11449],[-90.786024,39.113682],[-90.742045,39.124612],[-90.74034,39.12214],[-90.723224,39.122313],[-90.685846,39.117253],[-90.70412,39.138244],[-90.709829,39.158483],[-90.710092,39.177266],[-90.718044,39.200338],[-90.71621,39.213609],[-90.722533,39.224822],[-90.720707,39.232394],[-90.726909,39.252209],[-90.738936,39.261995],[-90.750355,39.263573],[-90.767892,39.279518],[-90.776863,39.293564],[-90.790727,39.303346],[-90.793671,39.309905],[-90.895548,39.367693],[-90.905325,39.379996],[-90.928706,39.38503],[-90.938004,39.40343],[-90.965564,39.411375],[-91.025365,39.439514],[-91.061321,39.469455],[-91.066438,39.493899],[-91.097199,39.539599],[-91.164683,39.559748],[-91.185646,39.604681],[-91.227161,39.619004],[-91.243962,39.636839],[-91.329837,39.698312],[-91.370576,39.73349],[-91.36171,39.786599],[-91.371619,39.806454],[-91.433219,39.838668],[-91.448162,39.875602],[-91.445038,39.8925],[-91.420816,39.913974],[-91.4226,39.933224],[-91.464266,39.982463],[-91.49509,40.036818],[-91.489402,40.056774],[-91.504134,40.098205],[-91.512481,40.144651],[-91.50309,40.19815],[-91.490552,40.251395],[-91.976445,40.263219],[-91.978736,40.213576],[-91.948223,40.212259],[-91.953319,39.949698],[-91.845575,39.919816],[-91.855629,39.861402],[-91.872924,39.854298],[-91.93258,39.847673],[-92.116298,39.855706],[-92.142399,39.666203],[-91.86074,39.659015],[-91.93144,39.38175],[-92.393802,39.393599],[-92.428433,39.247589],[-92.559985,38.971985],[-92.474699,38.902555],[-92.479194,38.873338],[-92.450469,38.850973],[-92.44108,38.833152],[-92.417622,38.817615],[-92.39241,38.818989],[-92.380723,38.806689],[-92.385229,38.786552],[-92.408125,38.77099],[-92.408722,38.75314],[-92.392838,38.737556],[-92.419953,38.725951],[-92.450446,38.728716],[-92.447359,38.763351],[-92.480603,38.765743],[-92.570652,38.790346],[-92.622029,38.680782],[-92.71888,38.684634],[-92.723331,38.550029],[-92.693442,38.550417],[-92.69243,38.590136],[-92.615144,38.602595],[-92.544317,38.57999],[-92.541907,38.541031],[-92.692954,38.48418],[-92.785094,38.550816],[-92.837807,38.516413],[-93.102375,38.521002],[-93.222142,38.153783],[-93.070891,38.069401],[-93.075339,37.90089],[-92.411637,37.873305],[-92.41399,37.705764],[-92.249714,37.647915],[-92.25015,37.607606],[-92.061812,37.607216],[-92.063733,37.51418],[-91.879761,37.402332],[-91.863866,37.450193],[-91.415648,37.448307],[-91.40025,37.14707],[-91.509472,37.149815],[-91.549529,37.057561],[-91.674104,37.053112],[-91.658427,36.889882],[-91.604746,36.834752],[-91.321932,36.830519],[-91.275581,36.775381],[-91.273845,36.766042],[-91.269733,36.766251],[-91.265034,36.764421],[-91.260858,36.761441],[-91.257659,36.760708],[-91.25727,36.758566],[-91.259627,36.753396],[-91.258579,36.750651],[-91.254654,36.750652],[-91.250987,36.74976],[-91.248555,36.753009],[-91.243083,36.756656],[-91.239583,36.761631],[-91.234898,36.759544],[-91.236309,36.755093],[-91.240731,36.753516],[-91.242573,36.750377],[-91.238074,36.746249],[-91.236502,36.742382],[-91.224554,36.739191],[-91.220982,36.73907],[-91.215177,36.73452],[-91.212506,36.729083],[-91.214002,36.727825],[-91.213931,36.725833],[-91.206481,36.720998],[-91.205438,36.715762],[-91.206729,36.710554],[-91.207123,36.708566],[-91.203798,36.70276],[-91.199075,36.699806],[-91.197559,36.693552],[-91.196524,36.689949],[-91.19767,36.687736],[-91.195608,36.681549],[-91.193627,36.679318],[-91.190848,36.678617],[-91.122801,36.659516],[-91.125486,36.497677]]]},"properties":{"code":"[235,573]"}},{"type":"Feature","geometry":{"type":"Polygon","coordinates":[[[-82.211183,26.732832],[-82.301361,26.695654],[-82.237543,26.495925],[-82.121005,26.379152],[-81.996144,26.421403],[-81.915911,26.383765],[-81.864579,26.285539],[-81.835445,26.098805],[-81.800168,25.974796],[-81.725251,25.836274],[-81.644568,25.816623],[-81.590461,25.840349],[-81.407225,25.756387],[-81.244637,25.534241],[-81.200953,25.551492],[-81.156264,25.557251],[-81.126665,25.607505],[-81.171354,25.667678],[-81.276279,25.794876],[-81.338379,25.829359],[-81.259978,25.833826],[-81.259978,25.80288],[-81.213224,25.803128],[-81.213774,25.788518],[-81.197823,25.788271],[-81.196448,25.774402],[-81.179397,25.773907],[-81.181504,25.75846],[-81.163215,25.757801],[-81.163515,25.729596],[-81.116245,25.729278],[-81.116598,25.714659],[-81.100018,25.715295],[-81.099665,25.700038],[-81.099628,25.686024],[-81.083379,25.686189],[-81.083288,25.67171],[-81.06691,25.671725],[-81.066662,25.649676],[-81.050849,25.650121],[-81.049917,25.612289],[-80.857402,25.615782],[-80.873168,25.979167],[-80.776809,25.978727],[-80.782549,26.172661],[-80.75056,26.172738],[-80.750964,26.259444],[-81.268971,26.253273],[-81.272366,26.516678],[-81.564336,26.518201],[-81.566041,26.769457],[-81.760867,26.769776],[-81.76088,26.945689],[-81.957645,26.946878],[-81.957404,26.895058],[-81.967235,26.894967],[-81.967246,26.894374],[-81.966172,26.894242],[-81.965117,26.893218],[-81.965157,26.88522],[-81.965601,26.884444],[-81.966638,26.884015],[-81.991086,26.884812],[-81.97545,26.869997],[-81.973208,26.866885],[-81.971881,26.862148],[-81.969371,26.849373],[-81.967851,26.843516],[-81.964994,26.839581],[-81.932124,26.810612],[-81.957007,26.810522],[-81.950275,26.799482],[-81.931381,26.770059],[-82.038171,26.770375],[-82.038692,26.752008],[-82.054716,26.751843],[-82.055067,26.733546],[-82.06652,26.733646],[-82.066622,26.726125],[-82.211183,26.732832]]]},"properties":{"code":"[239]"}},{"type":"Feature","geometry":{"type":"Polygon","coordinates":[[[-83.687962,42.870709],[-83.664889,42.431206],[-83.083467,42.446965],[-83.098686,42.880753],[-83.687962,42.870709]]]},"properties":{"code":"[248,947]"}},{"type":"Feature","geometry":{"type":"Polygon","coordinates":[[[-88.47319,31.892823],[-88.392764,30.328204],[-88.386614,30.198766],[-88.150792,30.217228],[-88.018,30.195178],[-87.731814,30.212399],[-87.518765,30.266564],[-87.518765,30.283653],[-87.451429,30.300265],[-87.450605,30.311417],[-87.506125,30.303824],[-87.503926,30.328022],[-87.465446,30.332531],[-87.45088,30.345815],[-87.452353,30.36782],[-87.436797,30.379328],[-87.443031,30.393136],[-87.424801,30.410389],[-87.401225,30.409238],[-87.365214,30.441824],[-87.389221,30.451406],[-87.403403,30.45177],[-87.415518,30.457807],[-87.429525,30.470697],[-87.430388,30.476798],[-87.436036,30.481082],[-87.433099,30.484684],[-87.433888,30.48848],[-87.428351,30.487506],[-87.428012,30.489356],[-87.432534,30.493639],[-87.430502,30.497532],[-87.434457,30.49977],[-87.439783,30.506731],[-87.444081,30.507121],[-87.447926,30.511018],[-87.4503,30.515013],[-87.446548,30.513611],[-87.444745,30.513806],[-87.444669,30.515554],[-87.446999,30.514842],[-87.447148,30.516524],[-87.44527,30.517561],[-87.447299,30.522417],[-87.445194,30.523906],[-87.443543,30.524036],[-87.446171,30.526755],[-87.447149,30.524877],[-87.448577,30.52546],[-87.447375,30.527338],[-87.445796,30.527467],[-87.445399,30.52865],[-87.444544,30.528684],[-87.44433,30.527461],[-87.442599,30.529907],[-87.444388,30.530225],[-87.443902,30.5317],[-87.442073,30.531029],[-87.441859,30.529589],[-87.438884,30.530326],[-87.439292,30.531029],[-87.440751,30.531314],[-87.440323,30.532654],[-87.44085,30.536617],[-87.441628,30.537052],[-87.441492,30.537555],[-87.439722,30.538225],[-87.440694,30.538711],[-87.439722,30.540285],[-87.439696,30.539213],[-87.43919,30.539364],[-87.438334,30.540369],[-87.437945,30.53995],[-87.436856,30.540185],[-87.436377,30.541372],[-87.437549,30.541877],[-87.436611,30.542936],[-87.435264,30.542684],[-87.435498,30.543946],[-87.436963,30.543946],[-87.435849,30.546116],[-87.435146,30.54657],[-87.435029,30.549497],[-87.431104,30.550001],[-87.427506,30.553904],[-87.42692,30.55683],[-87.426393,30.556174],[-87.42563,30.557284],[-87.426568,30.557638],[-87.426334,30.559051],[-87.42522,30.560262],[-87.424246,30.559659],[-87.423862,30.560436],[-87.423963,30.560949],[-87.423332,30.560869],[-87.423128,30.561508],[-87.422164,30.560773],[-87.422146,30.560151],[-87.421608,30.560981],[-87.420922,30.560518],[-87.419495,30.5613],[-87.417945,30.562245],[-87.418334,30.563171],[-87.417982,30.563937],[-87.418483,30.564911],[-87.417945,30.565071],[-87.417556,30.564512],[-87.417111,30.565534],[-87.416165,30.566188],[-87.41675,30.566964],[-87.41662,30.567954],[-87.417491,30.568146],[-87.417547,30.568896],[-87.418474,30.56987],[-87.418363,30.570205],[-87.41764,30.569838],[-87.417102,30.569902],[-87.417121,30.570716],[-87.41649,30.570668],[-87.416212,30.571147],[-87.416342,30.571913],[-87.415885,30.572614],[-87.415199,30.572773],[-87.414495,30.57255],[-87.414161,30.573635],[-87.413809,30.57346],[-87.413698,30.573045],[-87.413308,30.572949],[-87.412901,30.573108],[-87.412159,30.573731],[-87.411813,30.575618],[-87.412617,30.576746],[-87.412341,30.577141],[-87.411951,30.57639],[-87.4117,30.57635],[-87.411528,30.577358],[-87.411786,30.578013],[-87.410966,30.578081],[-87.410563,30.578355],[-87.410401,30.578848],[-87.41003,30.579093],[-87.409799,30.579412],[-87.409825,30.579737],[-87.41005,30.579868],[-87.410315,30.579839],[-87.41046,30.579577],[-87.410764,30.579503],[-87.411003,30.579862],[-87.410989,30.580369],[-87.410792,30.58064],[-87.410123,30.580976],[-87.40972,30.581636],[-87.409257,30.582029],[-87.409152,30.583036],[-87.408881,30.583321],[-87.408014,30.583708],[-87.408372,30.584527],[-87.409226,30.585493],[-87.409242,30.586174],[-87.407376,30.587753],[-87.407432,30.588106],[-87.40808,30.588405],[-87.408143,30.588827],[-87.407621,30.589372],[-87.407859,30.590665],[-87.407558,30.591781],[-87.407069,30.592426],[-87.406816,30.593678],[-87.407053,30.59512],[-87.407354,30.595964],[-87.405456,30.597448],[-87.406239,30.59831],[-87.405237,30.598799],[-87.405905,30.60015],[-87.406941,30.599949],[-87.407676,30.600409],[-87.40674,30.601818],[-87.405671,30.601588],[-87.406072,30.603457],[-87.403767,30.603083],[-87.403422,30.605397],[-87.401351,30.605685],[-87.400249,30.606145],[-87.398813,30.605397],[-87.396541,30.60902],[-87.396559,30.611197],[-87.395023,30.613813],[-87.394689,30.615567],[-87.395023,30.616199],[-87.396425,30.616486],[-87.396492,30.617349],[-87.395858,30.618757],[-87.396091,30.619964],[-87.395156,30.620453],[-87.39529,30.6235],[-87.396178,30.624011],[-87.394675,30.624155],[-87.393372,30.627287],[-87.393873,30.629184],[-87.393372,30.631484],[-87.394535,30.631793],[-87.395771,30.632857],[-87.394168,30.633575],[-87.395337,30.635989],[-87.394368,30.637484],[-87.394059,30.64201],[-87.395827,30.644412],[-87.394291,30.645533],[-87.397029,30.648206],[-87.395927,30.650418],[-87.396606,30.65218],[-87.396573,30.654623],[-87.403268,30.657605],[-87.402151,30.66128],[-87.403365,30.663619],[-87.402636,30.664496],[-87.403704,30.666042],[-87.405744,30.666585],[-87.406084,30.669424],[-87.405841,30.671137],[-87.407443,30.671972],[-87.406181,30.675187],[-87.41698,30.679217],[-87.417757,30.678131],[-87.419117,30.678506],[-87.420234,30.680887],[-87.422079,30.681138],[-87.422224,30.682015],[-87.425187,30.683393],[-87.426643,30.683017],[-87.4281,30.686191],[-87.430052,30.686752],[-87.429881,30.688118],[-87.43061,30.688339],[-87.431812,30.687748],[-87.435718,30.688302],[-87.440611,30.690443],[-87.444131,30.694724],[-87.448727,30.696772],[-87.449242,30.698728],[-87.451517,30.699614],[-87.452289,30.698138],[-87.453835,30.698839],[-87.455036,30.697769],[-87.456839,30.697584],[-87.457955,30.69644],[-87.458813,30.697953],[-87.460187,30.698359],[-87.461045,30.699651],[-87.466367,30.700684],[-87.468213,30.700094],[-87.46787,30.701607],[-87.469554,30.703055],[-87.469725,30.7049],[-87.472773,30.705786],[-87.472386,30.704494],[-87.476078,30.705343],[-87.47449,30.706524],[-87.475648,30.707742],[-87.474962,30.708923],[-87.47758,30.709993],[-87.479297,30.70955],[-87.479898,30.712613],[-87.47788,30.712724],[-87.481807,30.717273],[-87.484039,30.715317],[-87.484554,30.716941],[-87.48743,30.718343],[-87.488288,30.717642],[-87.489533,30.718749],[-87.498196,30.720777],[-87.502644,30.722077],[-87.503267,30.723912],[-87.505758,30.725442],[-87.505172,30.726294],[-87.507111,30.727185],[-87.508917,30.728335],[-87.509686,30.731353],[-87.51047,30.731671],[-87.510503,30.732878],[-87.512008,30.733683],[-87.513212,30.733166],[-87.515017,30.733137],[-87.515084,30.734287],[-87.517191,30.734287],[-87.518428,30.736126],[-87.520276,30.737337],[-87.523219,30.737797],[-87.526228,30.740412],[-87.529949,30.74105],[-87.529548,30.742774],[-87.53249,30.743263],[-87.532624,30.745189],[-87.531587,30.745993],[-87.533293,30.747459],[-87.533528,30.748483],[-87.535233,30.749978],[-87.535266,30.752392],[-87.534364,30.75265],[-87.534579,30.754667],[-87.535247,30.755185],[-87.535247,30.758374],[-87.536538,30.761647],[-87.537222,30.763161],[-87.539696,30.764196],[-87.541535,30.767069],[-87.544317,30.770638],[-87.54445,30.771701],[-87.545989,30.772046],[-87.545019,30.776614],[-87.545972,30.777128],[-87.544735,30.77776],[-87.54517,30.779168],[-87.547009,30.78003],[-87.547243,30.78092],[-87.548179,30.780805],[-87.548514,30.781294],[-87.549651,30.781064],[-87.55042,30.781524],[-87.551256,30.783104],[-87.551363,30.78589],[-87.557354,30.78925],[-87.56175,30.793881],[-87.564994,30.796886],[-87.568396,30.79873],[-87.568239,30.799988],[-87.571745,30.800483],[-87.572508,30.802389],[-87.574549,30.804187],[-87.5757,30.806344],[-87.578631,30.809535],[-87.581819,30.812482],[-87.586476,30.813965],[-87.587418,30.815179],[-87.591448,30.815898],[-87.596377,30.818187],[-87.600617,30.820704],[-87.601582,30.825277],[-87.6031,30.826805],[-87.602943,30.829142],[-87.604565,30.831523],[-87.606083,30.831209],[-87.608804,30.832602],[-87.614456,30.833995],[-87.61565,30.835173],[-87.615074,30.836297],[-87.617116,30.840341],[-87.619751,30.84176],[-87.623781,30.84567],[-87.626189,30.846749],[-87.627079,30.849535],[-87.626032,30.851152],[-87.625085,30.854642],[-87.62722,30.859226],[-87.629358,30.860806],[-87.630963,30.862312],[-87.632551,30.864509],[-87.634722,30.865594],[-87.634851,30.866873],[-87.633069,30.868848],[-87.632875,30.871212],[-87.631384,30.873465],[-87.630185,30.876496],[-87.629551,30.87886],[-87.629097,30.880501],[-87.628125,30.880751],[-87.627509,30.881696],[-87.626829,30.881863],[-87.625454,30.883853],[-87.624281,30.884049],[-87.621206,30.885686],[-87.620315,30.887484],[-87.620525,30.890272],[-87.622097,30.893554],[-87.621992,30.895082],[-87.620892,30.895442],[-87.621887,30.896701],[-87.621625,30.897915],[-87.620495,30.898493],[-87.619863,30.899252],[-87.618903,30.899143],[-87.618549,30.899945],[-87.617665,30.899945],[-87.615897,30.901354],[-87.615282,30.902679],[-87.615257,30.903784],[-87.614398,30.904456],[-87.615257,30.905302],[-87.614272,30.906169],[-87.613907,30.908728],[-87.612231,30.910836],[-87.611809,30.91421],[-87.609936,30.916702],[-87.607583,30.922719],[-87.604043,30.930484],[-87.599585,30.938059],[-87.597931,30.938385],[-87.59484,30.944712],[-87.593629,30.949279],[-87.590857,30.953583],[-87.591183,30.957262],[-87.589065,30.961565],[-87.588885,30.966129],[-87.590983,30.969701],[-87.592733,30.972861],[-87.593457,30.977319],[-87.592299,30.980126],[-87.593569,30.984016],[-87.595203,30.98495],[-87.596716,30.990344],[-87.598229,30.99304],[-87.598955,30.996461],[-87.598837,30.997452],[-86.704493,30.996761],[-86.702634,31.494537],[-87.012167,31.498549],[-87.050232,31.719263],[-86.905396,31.752926],[-86.908378,32.041442],[-87.144738,32.039835],[-87.142434,31.902223],[-87.183913,31.901607],[-87.18164,31.837289],[-87.510645,31.833603],[-87.508745,31.754677],[-88.142166,31.857923],[-88.200722,31.84448],[-88.289382,31.946584],[-88.325734,31.852549],[-88.47319,31.892823]]]},"properties":{"code":"[251]"}},{"type":"Feature","geometry":{"type":"Polygon","coordinates":[[[-78.469073,36.542327],[-78.467051,36.534604],[-78.468878,36.530985],[-78.469314,36.525168],[-78.477145,36.522669],[-78.481115,36.518705],[-78.486285,36.517057],[-78.497763,36.515852],[-78.50486,36.495478],[-78.51074,36.454611],[-78.509884,36.183576],[-78.495813,36.175183],[-78.496037,36.179323],[-78.492863,36.18383],[-78.487426,36.179869],[-78.484469,36.178768],[-78.485672,36.174862],[-78.481065,36.174071],[-78.476219,36.173515],[-78.473203,36.17236],[-78.466297,36.17256],[-78.463799,36.170849],[-78.460782,36.169999],[-78.460402,36.165726],[-78.45881,36.164746],[-78.457987,36.163655],[-78.455416,36.164935],[-78.454515,36.167806],[-78.450417,36.169201],[-78.447707,36.168137],[-78.440122,36.16767],[-78.436285,36.166485],[-78.432171,36.166822],[-78.431432,36.166277],[-78.432621,36.164695],[-78.42796,36.164253],[-78.425003,36.163734],[-78.421371,36.164669],[-78.422175,36.165733],[-78.421982,36.168016],[-78.417997,36.167471],[-78.416983,36.169256],[-78.412065,36.169593],[-78.411744,36.16897],[-78.413062,36.167258],[-78.412483,36.164066],[-78.404424,36.159512],[-78.403469,36.155628],[-78.399966,36.153422],[-78.398777,36.153422],[-78.397298,36.155317],[-78.396463,36.155914],[-78.391866,36.156329],[-78.389973,36.157054],[-78.387723,36.159364],[-78.386759,36.159208],[-78.385763,36.158404],[-78.387531,36.157625],[-78.388398,36.15599],[-78.386695,36.153447],[-78.385742,36.15316],[-78.383235,36.153471],[-78.382175,36.152433],[-78.379828,36.148825],[-78.379957,36.147424],[-78.380826,36.146798],[-78.379991,36.143891],[-78.379155,36.143527],[-78.374527,36.143294],[-78.371485,36.141889],[-78.370296,36.143187],[-78.368689,36.143238],[-78.363321,36.142044],[-78.359743,36.138937],[-78.359775,36.135458],[-78.357428,36.136107],[-78.3564,36.137249],[-78.354696,36.138132],[-78.355018,36.136159],[-78.353732,36.133511],[-78.352929,36.133641],[-78.351932,36.135069],[-78.349972,36.135328],[-78.348021,36.133799],[-78.346684,36.133699],[-78.346213,36.1347],[-78.344776,36.13534],[-78.343215,36.1347],[-78.341878,36.13484],[-78.34158,36.13584],[-78.341011,36.13586],[-78.340094,36.133579],[-78.338856,36.133719],[-78.337731,36.136085],[-78.336616,36.137045],[-78.340417,36.148956],[-78.338483,36.149128],[-78.333911,36.151285],[-78.332626,36.151202],[-78.329184,36.149252],[-78.328568,36.147136],[-78.32754,36.147634],[-78.326555,36.150125],[-78.321584,36.171718],[-78.316177,36.172582],[-78.311041,36.173788],[-78.303331,36.172396],[-78.30159,36.173668],[-78.295785,36.175006],[-78.295928,36.176149],[-78.287713,36.179682],[-78.286273,36.180553],[-78.284034,36.182845],[-78.281567,36.186653],[-78.280927,36.189428],[-78.281367,36.192978],[-78.281076,36.194966],[-78.278557,36.20029],[-78.272969,36.212639],[-78.272327,36.217692],[-78.273688,36.220411],[-78.273509,36.222947],[-78.272275,36.230223],[-78.264314,36.24053],[-78.259772,36.246189],[-78.255914,36.24892],[-78.254286,36.251396],[-78.249929,36.255926],[-78.246943,36.259081],[-78.228195,36.273539],[-78.213535,36.267526],[-78.200017,36.267397],[-78.194722,36.264514],[-78.188549,36.267174],[-78.18591,36.270921],[-78.185164,36.274267],[-78.186814,36.279414],[-78.185429,36.281817],[-78.18558,36.28696],[-78.18409,36.290123],[-78.160214,36.30261],[-78.154787,36.302696],[-78.153549,36.292686],[-78.149544,36.288495],[-78.146614,36.282297],[-78.148851,36.278844],[-78.156779,36.269666],[-78.147709,36.269091],[-78.141007,36.274113],[-78.130543,36.270964],[-78.128089,36.274731],[-78.12854,36.276357],[-78.127566,36.279121],[-78.127863,36.281373],[-78.126339,36.283216],[-78.113752,36.289006],[-78.10711,36.285186],[-78.103935,36.285083],[-78.101564,36.284674],[-78.100083,36.283002],[-78.09773,36.278121],[-78.09701,36.276859],[-78.095177,36.274875],[-78.093357,36.273202],[-78.091155,36.271837],[-78.089851,36.266325],[-78.096074,36.258201],[-78.099303,36.248502],[-78.101674,36.244678],[-78.005696,36.202596],[-78.250651,35.815759],[-78.248912,35.768077],[-78.205794,35.728664],[-78.182326,35.727777],[-78.117074,35.689183],[-78.074756,35.69288],[-78.044218,35.59895],[-77.823905,35.585909],[-77.818498,35.057446],[-77.784551,35.058929],[-77.771847,35.071344],[-77.745416,35.07201],[-77.746088,35.029855],[-77.669558,34.96842],[-77.637083,34.982047],[-77.50096,34.968827],[-77.11762,34.930894],[-77.114265,34.899116],[-77.145053,34.890041],[-77.151788,34.878595],[-77.140722,34.874253],[-77.139278,34.858856],[-77.163817,34.858854],[-77.189802,34.872278],[-77.194133,34.86675],[-77.172936,34.838294],[-77.131003,34.791435],[-77.154394,34.776824],[-77.150849,34.77098],[-77.153422,34.769877],[-77.15868,34.769418],[-77.158568,34.765651],[-77.154094,34.765742],[-77.148276,34.768407],[-77.142906,34.765098],[-77.143354,34.7594],[-77.138655,34.759492],[-77.134965,34.764365],[-77.13116,34.758757],[-77.123442,34.756001],[-77.119887,34.727384],[-77.103411,34.711171],[-77.117334,34.677209],[-77.107772,34.67106],[-77.099878,34.666338],[-77.098733,34.657013],[-77.108633,34.648512],[-77.106659,34.63438],[-76.983281,34.661673],[-76.827537,34.680389],[-76.678062,34.675143],[-76.573019,34.643731],[-76.574441,34.617403],[-76.5396,34.577017],[-76.522535,34.578773],[-76.487694,34.645486],[-76.370547,34.782967],[-76.252543,34.880666],[-76.106558,34.991387],[-76.028957,35.040318],[-75.972074,35.058945],[-75.862574,35.127015],[-75.73672,35.170038],[-75.603641,35.209375],[-75.494426,35.203739],[-75.467984,35.334207],[-75.425371,35.563179],[-75.450663,35.70707],[-75.580743,35.969199],[-75.697585,36.156608],[-75.779205,36.360541],[-75.832745,36.550794],[-76.915931,36.55214],[-76.917059,36.551184],[-76.916633,36.549249],[-76.917285,36.546104],[-76.915978,36.543883],[-77.152882,36.544125],[-77.164319,36.546318],[-77.170549,36.547279],[-77.190128,36.546403],[-77.206472,36.544384],[-77.260755,36.544669],[-77.349559,36.54496],[-77.472146,36.544981],[-77.567288,36.545171],[-77.68348,36.545235],[-77.771019,36.545327],[-78.209663,36.544283],[-78.342646,36.543648],[-78.469073,36.542327]]]},"properties":{"code":"[252]"}},{"type":"Feature","geometry":{"type":"Polygon","coordinates":[[[-122.544108,47.331027],[-122.529835,47.377632],[-122.536905,47.40449],[-122.516856,47.461566],[-122.545852,47.461527],[-122.545968,47.476973],[-122.55656,47.475153],[-122.572683,47.473613],[-122.572909,47.468743],[-122.603663,47.4688],[-122.602632,47.432592],[-122.630912,47.432483],[-122.631135,47.418105],[-122.661816,47.417664],[-122.660554,47.439461],[-122.665053,47.439157],[-122.694668,47.40335],[-122.811538,47.402235],[-122.811254,47.332827],[-122.850334,47.276038],[-122.847932,47.24085],[-122.793708,47.170955],[-122.702677,47.100028],[-122.696198,47.097639],[-122.696427,47.095563],[-122.697418,47.092553],[-122.696885,47.08918],[-122.701611,47.087883],[-122.707328,47.085911],[-122.705651,47.083471],[-122.705956,47.081135],[-122.708471,47.079474],[-122.707633,47.077969],[-122.706017,47.075034],[-122.703676,47.070138],[-122.70202,47.069847],[-122.700151,47.070974],[-122.698976,47.070392],[-122.699563,47.068355],[-122.703088,47.066209],[-122.703676,47.064717],[-122.701165,47.063371],[-122.695504,47.061843],[-122.696359,47.060279],[-122.695508,47.059181],[-122.690274,47.057724],[-122.690488,47.055797],[-122.693692,47.052741],[-122.68974,47.052705],[-122.685596,47.051601],[-122.685331,47.044146],[-122.625651,47.034786],[-122.625443,46.9956],[-122.632284,46.995648],[-122.631202,46.988781],[-122.635302,46.984829],[-122.638109,46.981289],[-122.638603,46.978305],[-122.633311,46.974646],[-122.629204,46.971509],[-122.624047,46.970744],[-122.617993,46.9704],[-122.616144,46.969444],[-122.611837,46.967583],[-122.610214,46.96999],[-122.610326,46.972472],[-122.611838,46.974993],[-122.61195,46.976445],[-122.60831,46.976407],[-122.6026,46.976674],[-122.599206,46.97445],[-122.590802,46.974106],[-122.584694,46.974183],[-122.582283,46.976745],[-122.580266,46.977739],[-122.577352,46.975292],[-122.575055,46.971698],[-122.576513,46.970321],[-122.580492,46.971239],[-122.58688,46.971392],[-122.588169,46.968142],[-122.58548,46.966039],[-122.581203,46.968611],[-122.57509,46.967195],[-122.572552,46.964203],[-122.565976,46.96696],[-122.562517,46.96499],[-122.572552,46.960425],[-122.567138,46.948313],[-122.563836,46.932065],[-122.553649,46.937337],[-122.551997,46.946541],[-122.553927,46.952169],[-122.552002,46.966815],[-122.517344,46.966457],[-122.516245,46.961019],[-122.505528,46.952206],[-122.505255,46.938175],[-122.358079,46.936736],[-122.278217,46.983728],[-122.235003,46.98486],[-122.251205,47.02722],[-122.269313,47.027082],[-122.272855,47.088586],[-122.251839,47.087638],[-122.250352,47.105956],[-122.251545,47.111118],[-122.266621,47.114136],[-122.267135,47.118078],[-122.245748,47.115983],[-122.245834,47.109656],[-122.241816,47.110747],[-122.242909,47.120282],[-122.238667,47.121296],[-122.2396,47.124152],[-122.241511,47.125992],[-122.240952,47.128023],[-122.238574,47.129705],[-122.235635,47.129768],[-122.232988,47.130428],[-122.22943,47.124146],[-122.222281,47.120175],[-122.212876,47.1085],[-122.190952,47.096802],[-122.188442,47.087653],[-122.176608,47.087629],[-122.16701,47.093962],[-122.158183,47.093497],[-122.059071,47.160608],[-122.058903,47.1815],[-122.063733,47.186672],[-122.080386,47.188881],[-122.083846,47.192903],[-122.091266,47.194672],[-122.103567,47.201007],[-122.11255,47.213947],[-122.118023,47.235484],[-122.048784,47.271239],[-122.049591,47.340837],[-122.131661,47.386779],[-122.27409,47.385431],[-122.354118,47.383604],[-122.466901,47.317147],[-122.544108,47.331027]]]},"properties":{"code":"[253]"}},{"type":"Feature","geometry":{"type":"Polygon","coordinates":[[[-99.097243,32.93745],[-99.088962,32.264606],[-99.399683,32.261025],[-99.403003,32.229109],[-99.425937,32.194686],[-99.422859,32.068509],[-99.199118,32.070269],[-99.198984,31.970492],[-99.195186,31.970443],[-99.190415,31.965788],[-99.188534,31.961991],[-99.184341,31.963465],[-99.181889,31.962604],[-99.171919,31.963219],[-99.170185,31.961505],[-99.163964,31.962753],[-99.15762,31.968604],[-99.157765,31.97179],[-99.151985,31.974608],[-99.144615,31.974729],[-99.139846,31.972278],[-99.125827,31.973012],[-99.117151,31.973499],[-99.114261,31.98012],[-99.108771,31.976566],[-99.107172,31.971779],[-99.100228,31.965766],[-99.102585,31.962513],[-99.100285,31.960454],[-99.094281,31.96067],[-99.09492,31.95753],[-99.093132,31.955906],[-99.087893,31.96067],[-99.082782,31.959477],[-99.075375,31.957853],[-99.071163,31.95753],[-99.066439,31.953737],[-99.06572,31.946769],[-99.066842,31.946089],[-99.065039,31.942635],[-99.06023,31.939575],[-99.057664,31.937943],[-99.056941,31.933793],[-99.063453,31.928547],[-99.061449,31.92671],[-99.062651,31.924328],[-99.060886,31.921538],[-99.05391,31.923306],[-99.048968,31.921019],[-99.050528,31.917283],[-99.051805,31.916258],[-99.049534,31.914691],[-99.051734,31.913426],[-99.049533,31.912823],[-99.048681,31.911015],[-99.04641,31.910593],[-99.043004,31.912583],[-99.04336,31.915175],[-99.045775,31.919453],[-99.045919,31.924152],[-99.029916,31.923843],[-99.014294,31.920919],[-99.004681,31.920497],[-98.978708,31.950314],[-98.935364,31.950111],[-98.935453,31.967931],[-98.926057,31.96793],[-98.925772,31.968776],[-98.920253,31.96891],[-98.920396,31.979544],[-98.882249,31.979563],[-98.874832,31.983864],[-98.870483,31.98477],[-98.861959,31.984742],[-98.788297,31.87699],[-98.788187,31.886681],[-98.786502,31.88778],[-98.780208,31.896067],[-98.779741,31.918121],[-98.771132,31.918058],[-98.768605,31.915859],[-98.767115,31.916463],[-98.707599,31.917169],[-98.70298,31.920954],[-98.691185,31.918272],[-98.674761,31.904333],[-98.667565,31.900684],[-98.615105,31.901072],[-98.615456,31.90546],[-98.617529,31.908815],[-98.611763,31.908925],[-98.611935,31.935894],[-98.606534,31.936066],[-98.606158,31.941967],[-98.60268,31.946672],[-98.599344,31.955371],[-98.599996,31.957339],[-98.598634,31.958296],[-98.593371,31.958335],[-98.590269,31.960807],[-98.58651,31.960488],[-98.583849,31.963105],[-98.587279,31.964939],[-98.585588,31.966294],[-98.582909,31.965497],[-98.579996,31.966972],[-98.579361,31.96994],[-98.580348,31.970777],[-98.579314,31.971933],[-98.580442,31.973368],[-98.578557,31.973972],[-98.57555,31.973932],[-98.57414,31.973175],[-98.573577,31.97158],[-98.572355,31.972417],[-98.572496,31.97449],[-98.570899,31.975507],[-98.570288,31.976703],[-98.568173,31.976543],[-98.567563,31.975188],[-98.568033,31.973953],[-98.565077,31.973754],[-98.564607,31.972518],[-98.563103,31.972478],[-98.563245,31.982044],[-98.558319,31.982147],[-98.558319,31.976686],[-98.559489,31.97416],[-98.561491,31.972419],[-98.56178,31.971824],[-98.562037,31.968254],[-98.559741,31.964153],[-98.55969,31.962011],[-98.550159,31.961863],[-98.543196,31.962647],[-98.527422,31.96214],[-98.527477,31.960802],[-98.529,31.959971],[-98.532644,31.954756],[-98.533895,31.95471],[-98.53409,31.949604],[-98.540274,31.944946],[-98.54022,31.941668],[-98.572372,31.941723],[-98.580844,31.925113],[-98.562948,31.925481],[-98.566758,31.921738],[-98.56682,31.914519],[-98.573907,31.914293],[-98.573766,31.907018],[-98.4987,31.903932],[-98.4851,31.868202],[-98.429947,31.844947],[-98.418825,31.842415],[-98.400734,31.846745],[-98.366584,31.847815],[-98.293557,31.839244],[-98.280727,31.835802],[-98.2692,31.828606],[-98.264311,31.8233],[-98.251036,31.807635],[-98.45984,31.679723],[-98.281625,31.208598],[-98.216702,31.224777],[-98.199642,31.170305],[-98.074706,31.11887],[-98.054536,31.118952],[-98.033565,31.127805],[-97.996018,31.032619],[-97.909793,31.033131],[-97.832385,30.911954],[-97.884948,30.859274],[-97.713188,30.720731],[-97.653284,30.870027],[-97.459918,30.813249],[-97.46907,30.787203],[-97.414984,30.768889],[-97.40033,30.787577],[-97.295591,30.755409],[-97.241662,30.78697],[-97.209198,30.797442],[-97.196663,30.794957],[-97.217908,30.75939],[-97.069742,30.739917],[-97.088319,30.69378],[-97.078819,30.694037],[-97.06723,30.691279],[-97.063672,30.68714],[-97.05264,30.681631],[-97.067894,30.67884],[-97.078067,30.667789],[-97.077183,30.663343],[-97.083077,30.661199],[-97.07721,30.646429],[-97.084001,30.643676],[-97.080266,30.636013],[-97.075161,30.637302],[-97.061089,30.643989],[-97.057895,30.644584],[-97.047106,30.643019],[-97.021384,30.646364],[-96.98641,30.661966],[-96.932542,30.684866],[-96.94751,30.718597],[-96.934353,30.721903],[-96.912805,30.77379],[-96.857658,30.761746],[-96.844848,30.785491],[-96.719578,30.761363],[-96.723681,30.767106],[-96.717928,30.770304],[-96.723603,30.779273],[-96.718612,30.782689],[-96.720854,30.785014],[-96.70722,30.794781],[-96.707944,30.795765],[-96.71271,30.792086],[-96.714339,30.79447],[-96.725017,30.786956],[-96.73019,30.792375],[-96.739298,30.796469],[-96.743279,30.800303],[-96.745751,30.815657],[-96.742003,30.822413],[-96.743993,30.825745],[-96.740208,30.826555],[-96.736183,30.826386],[-96.731481,30.832499],[-96.731948,30.836017],[-96.728584,30.836478],[-96.726704,30.835786],[-96.724694,30.83717],[-96.724422,30.838958],[-96.720862,30.841381],[-96.72093,30.844841],[-96.722222,30.847236],[-96.718258,30.849889],[-96.716173,30.844986],[-96.719468,30.839507],[-96.717789,30.836682],[-96.713085,30.838641],[-96.710196,30.835123],[-96.708587,30.835297],[-96.707374,30.840025],[-96.709861,30.841295],[-96.713356,30.842276],[-96.713222,30.845736],[-96.708986,30.846255],[-96.705354,30.844581],[-96.704553,30.838641],[-96.70267,30.838641],[-96.701519,30.841177],[-96.696895,30.841756],[-96.694394,30.843606],[-96.697414,30.847064],[-96.697548,30.85041],[-96.693523,30.851682],[-96.688949,30.846604],[-96.683031,30.845332],[-96.681424,30.841758],[-96.677263,30.841934],[-96.679269,30.843833],[-96.679877,30.849199],[-96.68364,30.854276],[-96.690427,30.858832],[-96.694873,30.86459],[-96.695604,30.872952],[-96.694335,30.878952],[-96.688887,30.880683],[-96.686466,30.878837],[-96.685175,30.875688],[-96.681414,30.874189],[-96.678795,30.875747],[-96.679198,30.879783],[-96.686518,30.883299],[-96.692162,30.889469],[-96.696799,30.895238],[-96.697605,30.898293],[-96.694783,30.898812],[-96.687598,30.894085],[-96.684507,30.894719],[-96.682225,30.900137],[-96.683902,30.90567],[-96.69163,30.909166],[-96.700426,30.908474],[-96.708824,30.904038],[-96.715341,30.897814],[-96.719369,30.89712],[-96.733071,30.900523],[-96.734015,30.906573],[-96.729915,30.909225],[-96.725012,30.912394],[-96.72743,30.914699],[-96.741134,30.914758],[-96.749207,30.921551],[-96.756343,30.927201],[-96.75762,30.930044],[-96.755179,30.942269],[-96.759069,30.951354],[-96.760923,30.956153],[-96.7645,30.958503],[-96.769683,30.9587],[-96.772502,30.965364],[-96.770912,30.972156],[-96.759482,30.977926],[-96.756282,30.989015],[-96.749191,30.988674],[-96.743504,30.996641],[-96.75092,31.004614],[-96.759271,31.004343],[-96.766838,30.99921],[-96.771095,31.001372],[-96.753449,31.021227],[-96.742886,31.020553],[-96.741625,31.02528],[-96.729101,31.016552],[-96.607972,31.142686],[-96.519218,31.144869],[-96.485755,31.176145],[-96.475522,31.198701],[-96.528575,31.233139],[-96.529056,31.354127],[-96.509681,31.386731],[-96.438736,31.364335],[-96.452566,31.512333],[-96.331481,31.507777],[-96.249454,31.429818],[-96.057951,31.49233],[-96.061462,31.634878],[-96.274232,31.677917],[-96.259182,31.913187],[-96.495813,31.793756],[-96.701793,31.817519],[-96.683956,32.002449],[-96.883463,32.061588],[-96.909546,32.178055],[-96.921953,32.195044],[-96.949081,32.181359],[-97.011261,32.269168],[-97.079251,32.267713],[-97.479125,32.173844],[-97.495109,32.165129],[-97.512095,32.162382],[-97.51262,32.145463],[-97.507757,32.138602],[-97.514256,32.13359],[-97.534489,32.139293],[-97.554745,32.149367],[-97.571209,32.15189],[-97.564998,32.161701],[-97.568505,32.166268],[-97.567971,32.176554],[-97.575794,32.181347],[-97.593605,32.17449],[-97.60332,32.177004],[-97.590365,32.186827],[-97.589824,32.194592],[-97.597914,32.204634],[-97.618689,32.204179],[-97.618615,32.349369],[-97.623543,32.353332],[-97.648103,32.356698],[-97.665902,32.347193],[-97.671528,32.33907],[-97.684659,32.34957],[-97.693334,32.366405],[-97.703646,32.369963],[-97.709042,32.363433],[-97.707863,32.349372],[-97.700602,32.333722],[-97.689112,32.322018],[-97.684779,32.31759],[-97.78765,32.316756],[-97.806738,32.30626],[-97.978451,32.579664],[-98.068419,32.559429],[-98.067942,32.511149],[-98.182325,32.510619],[-98.440827,32.510054],[-98.567945,32.592772],[-98.567935,32.73495],[-98.659011,32.882759],[-99.097243,32.93745]]]},"properties":{"code":"[254]"}},{"type":"Feature","geometry":{"type":"Polygon","coordinates":[[[-88.203414,35.007315],[-88.199484,34.995177],[-88.187167,34.974212],[-88.180477,34.968882],[-88.161135,34.933994],[-88.139908,34.908588],[-88.096659,34.891802],[-88.100078,34.874808],[-88.177492,34.290684],[-87.380141,34.307772],[-87.317065,34.145484],[-87.150335,34.197566],[-87.11686,34.010448],[-86.979352,33.912146],[-86.805358,33.958196],[-86.449413,34.24078],[-86.123955,34.107447],[-86.446142,33.8519],[-86.165731,33.933279],[-86.06743,33.777984],[-86.147147,33.706043],[-86.150082,33.673451],[-86.000826,33.674702],[-86.000855,33.533015],[-86.184172,33.556574],[-86.257036,33.488005],[-86.271536,33.517365],[-86.346762,33.417558],[-86.378795,33.386868],[-86.341744,33.349772],[-86.368448,33.340269],[-86.357943,33.296377],[-86.462454,33.23456],[-86.463775,33.192443],[-86.490179,33.203446],[-86.504616,33.176124],[-86.457092,33.122861],[-86.520596,33.090673],[-86.510855,32.919469],[-86.438298,32.838624],[-86.365526,32.839806],[-86.113342,32.841146],[-86.102644,32.764785],[-85.972808,32.765424],[-85.908619,32.699632],[-85.907767,32.67707],[-85.847489,32.680754],[-85.829021,32.696713],[-85.706231,32.697194],[-85.681492,32.698847],[-85.680982,32.712317],[-85.612547,32.714373],[-85.611598,32.729494],[-85.594783,32.729479],[-85.595141,33.116295],[-85.465014,33.116526],[-85.465987,33.16664],[-85.375263,33.264671],[-85.30924,33.287737],[-85.301409,33.271676],[-85.263807,33.272343],[-85.326814,33.596383],[-85.382764,33.882169],[-85.405922,34.000149],[-85.406796,34.002321],[-85.413669,34.038249],[-85.428353,34.114459],[-85.429491,34.124811],[-85.434218,34.148532],[-85.466891,34.30907],[-85.470101,34.326264],[-85.47401,34.344733],[-85.485825,34.399295],[-85.555589,34.723333],[-85.562161,34.753122],[-85.571055,34.798908],[-85.580247,34.84608],[-85.588327,34.888318],[-85.597197,34.934818],[-85.598651,34.944002],[-85.599456,34.951908],[-85.601257,34.962432],[-85.605103,34.98472],[-85.840178,34.98844],[-85.940168,34.988657],[-86.04998,34.989551],[-86.160188,34.990123],[-86.270783,34.990504],[-86.354163,34.991731],[-86.395616,34.991587],[-86.423799,34.991002],[-86.432571,34.990726],[-86.436709,34.99106],[-86.43978,34.990985],[-86.467749,34.990665],[-86.467934,34.990486],[-86.567425,34.99082],[-86.581182,34.991172],[-86.588981,34.991169],[-86.589087,34.991053],[-86.600722,34.991276],[-86.634576,34.991526],[-86.668325,34.991765],[-86.669506,34.992373],[-86.669985,34.99227],[-86.670615,34.991764],[-86.879218,34.992179],[-87.014983,34.995308],[-87.186495,34.99835],[-87.330494,35.001572],[-87.470574,35.003013],[-87.622284,35.003707],[-87.787385,35.004643],[-87.955983,35.006196],[-88.071982,35.006274],[-88.203414,35.007315]]]},"properties":{"code":"[256,938]"}},{"type":"Feature","geometry":{"type":"Polygon","coordinates":[[[-84.805891,41.760166],[-85.622075,41.759078],[-85.620956,41.726392],[-85.640209,41.726088],[-85.639996,41.704293],[-85.658262,41.703908],[-85.657832,41.675754],[-85.654117,41.178531],[-85.798673,41.17674],[-85.797031,41.101675],[-85.892764,41.101119],[-85.892851,41.110456],[-85.91188,41.10979],[-85.912765,41.101119],[-85.927001,41.100922],[-85.946385,41.099255],[-85.94199,40.823604],[-85.939314,40.72062],[-85.931199,40.722884],[-85.781748,40.724473],[-85.794114,40.738943],[-85.80652,40.753255],[-85.735094,40.754226],[-85.735469,40.768679],[-85.650548,40.768967],[-85.653178,40.765654],[-85.651981,40.762432],[-85.640179,40.755076],[-85.638756,40.653269],[-85.428967,40.653983],[-85.428865,40.566794],[-85.333616,40.567343],[-85.334202,40.612149],[-85.316797,40.625198],[-85.173888,40.625784],[-85.173683,40.611259],[-85.173771,40.596629],[-85.183375,40.596662],[-85.183375,40.567256],[-85.201169,40.567239],[-85.200834,40.508384],[-85.1772,40.508628],[-85.177337,40.515901],[-85.151574,40.516149],[-85.150892,40.472953],[-85.124464,40.473373],[-85.124121,40.458884],[-85.105252,40.459049],[-85.104965,40.444536],[-85.114375,40.444444],[-85.113667,40.408222],[-85.131048,40.408007],[-85.130498,40.380279],[-85.113112,40.36956],[-85.02728,40.330704],[-85.027108,40.308855],[-84.803687,40.310571],[-84.805891,41.760166]]]},"properties":{"code":"[260]"}},{"type":"Feature","geometry":{"type":"Polygon","coordinates":[[[-87.761656,43.543078],[-87.957787,43.543139],[-88.401081,43.545396],[-88.401505,43.370174],[-88.546035,43.37057],[-88.546492,43.341288],[-88.541439,43.341288],[-88.541532,43.333892],[-88.539341,43.331814],[-88.538463,43.330399],[-88.536517,43.328458],[-88.534163,43.326928],[-88.518125,43.326395],[-88.518315,43.315567],[-88.502817,43.315172],[-88.502238,43.314837],[-88.500675,43.312746],[-88.498257,43.311181],[-88.497234,43.310954],[-88.493599,43.311537],[-88.492624,43.311552],[-88.479045,43.311173],[-88.478778,43.282468],[-88.463828,43.282325],[-88.463828,43.284998],[-88.459023,43.28388],[-88.453841,43.283329],[-88.452262,43.283621],[-88.446004,43.287029],[-88.445264,43.28724],[-88.440943,43.287252],[-88.438307,43.286572],[-88.436767,43.286197],[-88.434552,43.285734],[-88.431837,43.284812],[-88.430247,43.283694],[-88.428279,43.282174],[-88.419173,43.281979],[-88.418005,43.194826],[-88.457655,43.195695],[-88.460668,43.14266],[-88.621953,43.144006],[-88.614983,43.11927],[-88.61232,43.114475],[-88.61046,43.113669],[-88.608251,43.116003],[-88.607903,43.117912],[-88.60674,43.117997],[-88.601451,43.113584],[-88.601974,43.110869],[-88.599854,43.109153],[-88.599846,43.10799],[-88.656869,43.107893],[-88.657255,43.088308],[-88.658675,43.082736],[-88.661233,43.078576],[-88.664544,43.075984],[-88.663592,43.062915],[-88.662879,43.059093],[-88.663428,43.0488],[-88.660734,43.043765],[-88.657703,43.041333],[-88.655921,43.037989],[-88.654291,43.030395],[-88.653727,43.028623],[-88.647581,43.019198],[-88.645192,43.009969],[-88.662007,43.011131],[-88.667167,42.964882],[-88.672989,42.960032],[-88.689596,42.963778],[-88.699531,42.931165],[-88.692594,42.925203],[-88.692132,42.915525],[-88.700804,42.902231],[-88.701589,42.894533],[-88.706073,42.897682],[-88.707685,42.901681],[-88.711114,42.904244],[-88.715101,42.905525],[-88.715099,42.901783],[-88.721747,42.90368],[-88.725316,42.906909],[-88.727277,42.91101],[-88.732727,42.909997],[-88.735741,42.911918],[-88.740039,42.909793],[-88.741658,42.911182],[-88.741881,42.913349],[-88.746959,42.914125],[-88.74963,42.911094],[-88.753481,42.914487],[-88.763024,42.914242],[-88.764921,42.912852],[-88.764363,42.90995],[-88.766204,42.90901],[-88.77,42.910072],[-88.770167,42.906966],[-88.773517,42.90811],[-88.774522,42.91089],[-88.773685,42.913383],[-88.779824,42.912157],[-88.771692,42.842657],[-88.89689,42.845972],[-88.896393,42.771944],[-88.803072,42.769485],[-88.808394,42.765032],[-88.808392,42.755081],[-88.716766,42.755575],[-88.714417,42.757797],[-88.707902,42.758319],[-88.703821,42.757229],[-88.699941,42.755373],[-88.697805,42.755085],[-88.696275,42.755399],[-88.693997,42.757673],[-88.688978,42.758065],[-88.685859,42.757315],[-88.684853,42.757404],[-88.678644,42.755752],[-88.676562,42.755752],[-88.67666,42.748323],[-88.675306,42.748349],[-88.674369,42.748986],[-88.661696,42.75209],[-88.661312,42.73585],[-88.665486,42.736409],[-88.671243,42.736311],[-88.670446,42.712381],[-88.660437,42.705444],[-88.659063,42.668919],[-88.776531,42.667581],[-88.776645,42.491903],[-88.704774,42.493619],[-88.656669,42.494759],[-88.589224,42.495002],[-88.50006,42.494706],[-88.49626,42.494613],[-87.792609,42.492555],[-87.799579,42.544243],[-87.792484,42.586649],[-87.796643,42.636321],[-87.763273,42.698891],[-87.762905,42.751043],[-87.737838,42.782589],[-87.806202,42.842265],[-88.133825,42.845727],[-88.128961,42.921448],[-88.115339,42.916397],[-88.109015,42.918933],[-88.114288,42.927643],[-88.113987,42.929902],[-88.089225,42.929984],[-88.089335,42.944202],[-88.109102,42.944682],[-88.108908,42.946672],[-88.105891,42.946542],[-88.09903,42.951305],[-88.099031,42.955288],[-88.104354,42.955764],[-88.099742,42.958187],[-88.094775,42.958879],[-88.089098,42.958922],[-88.069194,42.963872],[-88.063866,43.221093],[-87.891963,43.221129],[-87.894055,43.257309],[-87.867772,43.307393],[-87.85461,43.373605],[-87.78176,43.455177],[-87.763552,43.495552],[-87.761656,43.543078]]]},"properties":{"code":"[262]"}},{"type":"Feature","geometry":{"type":"Polygon","coordinates":[[[-86.222893,42.682242],[-86.247606,42.639333],[-86.246716,42.592897],[-86.327534,42.348098],[-86.505872,42.130996],[-86.583345,42.013094],[-86.61902,41.926176],[-86.846823,41.760322],[-85.286644,41.759927],[-85.292667,41.94834],[-85.275555,41.94131],[-85.234267,41.941278],[-85.234363,41.984963],[-85.280774,41.986144],[-85.251603,42.011088],[-85.252459,42.06191],[-85.235421,42.061494],[-85.226624,42.058927],[-85.208314,42.061389],[-85.208577,42.116082],[-85.177318,42.11622],[-85.177813,42.14543],[-85.158838,42.145564],[-85.159239,42.156337],[-84.915421,42.159493],[-84.866782,42.210237],[-84.867191,42.217711],[-84.827967,42.246637],[-84.829058,42.509379],[-85.191565,42.508519],[-85.192575,42.682881],[-85.075124,42.683707],[-85.074426,42.770442],[-85.506704,42.768525],[-85.506248,42.73993],[-85.526165,42.739739],[-85.525837,42.732447],[-85.545359,42.732292],[-85.54536,42.717874],[-85.565316,42.717875],[-85.565098,42.724764],[-85.599985,42.724845],[-85.599531,42.718845],[-85.595564,42.710418],[-85.633936,42.710248],[-85.634006,42.724843],[-85.662984,42.724747],[-85.662399,42.681107],[-85.879039,42.680808],[-85.879552,42.724579],[-85.939155,42.72431],[-85.970929,42.768747],[-86.057683,42.768903],[-86.055385,42.711382],[-86.114581,42.710831],[-86.113797,42.696367],[-86.184626,42.695994],[-86.184221,42.683472],[-86.1858,42.683521],[-86.186106,42.682128],[-86.222893,42.682242]]]},"properties":{"code":"[269]"}},{"type":"Feature","geometry":{"type":"Polygon","coordinates":[[[-89.417366,36.499054],[-89.391684,36.498975],[-89.300769,36.507299],[-89.211441,36.505457],[-89.120434,36.503807],[-89.034074,36.50286],[-88.985826,36.502497],[-88.872844,36.503002],[-88.5755,36.50202],[-88.53289,36.501855],[-88.492834,36.501139],[-88.484618,36.501182],[-88.449255,36.501188],[-88.414548,36.500774],[-88.309487,36.500376],[-88.21835,36.499809],[-88.053256,36.49706],[-88.038355,36.511432],[-88.037282,36.523292],[-88.032296,36.536282],[-88.033656,36.546141],[-88.035169,36.559872],[-88.040403,36.57725],[-88.04479,36.603744],[-88.055711,36.630116],[-88.056468,36.639594],[-88.064646,36.650895],[-88.068735,36.660614],[-88.070857,36.678241],[-88.011102,36.67704],[-87.927803,36.668823],[-87.849548,36.663684],[-87.853324,36.633149],[-87.697457,36.63726],[-87.490938,36.640135],[-87.336239,36.641382],[-87.184345,36.64184],[-86.969037,36.644513],[-86.629408,36.651572],[-86.589847,36.652325],[-86.563993,36.633708],[-86.551214,36.637966],[-86.549931,36.644776],[-86.543307,36.643779],[-86.543845,36.640458],[-86.507531,36.652466],[-86.333342,36.648713],[-86.245288,36.642384],[-86.116895,36.635543],[-86.078689,36.633944],[-86.072908,36.633525],[-86.027061,36.63039],[-85.947584,36.62727],[-85.876047,36.623996],[-85.832014,36.622079],[-85.797606,36.622249],[-85.782174,36.621878],[-85.758664,36.621051],[-85.741812,36.620488],[-85.73257,36.620531],[-85.724706,36.620268],[-85.711522,36.619509],[-85.67643,36.618221],[-85.666222,36.618307],[-85.621225,36.617104],[-85.574471,36.616197],[-85.547815,36.615919],[-85.501971,36.614805],[-85.488477,36.61538],[-85.457426,36.617382],[-85.429664,36.61907],[-85.409245,36.619643],[-85.365143,36.621589],[-85.334473,36.622982],[-85.324808,36.624487],[-85.300389,36.624462],[-85.293883,36.626346],[-85.212034,36.856294],[-85.09265,36.771436],[-85.09455,36.789072],[-85.07061,36.799826],[-85.062292,36.828462],[-85.085589,36.845256],[-84.873581,37.009326],[-85.053629,37.196041],[-85.054491,37.258512],[-85.167831,37.31142],[-85.134954,37.381686],[-85.044365,37.412184],[-85.032542,37.637114],[-85.256631,37.633867],[-85.372514,37.675862],[-85.36748,37.693282],[-85.371064,37.694595],[-85.373997,37.70177],[-85.379323,37.702877],[-85.382208,37.708503],[-85.391241,37.713893],[-85.399732,37.731579],[-85.449733,37.68456],[-85.519051,37.554755],[-85.524259,37.554228],[-85.527192,37.562765],[-85.54905,37.55874],[-85.561597,37.523663],[-85.624167,37.540807],[-85.601861,37.639559],[-85.706087,37.677404],[-85.673669,37.727082],[-85.680961,37.731717],[-85.676014,37.733572],[-85.676918,37.736865],[-85.684085,37.732745],[-85.688257,37.733778],[-85.67965,37.739026],[-85.683034,37.74057],[-85.682907,37.749638],[-85.687474,37.75448],[-85.682249,37.757466],[-85.684732,37.758908],[-85.687212,37.756437],[-85.69333,37.755406],[-85.696066,37.761998],[-85.698016,37.758599],[-85.701408,37.759629],[-85.699448,37.762102],[-85.704667,37.768074],[-85.710788,37.765809],[-85.71639,37.769002],[-85.712221,37.771473],[-85.718213,37.775801],[-85.727724,37.773842],[-85.735194,37.778809],[-85.735844,37.783353],[-85.729995,37.783037],[-85.726545,37.786948],[-85.730595,37.788924],[-85.739941,37.788813],[-85.74244,37.792408],[-85.738391,37.797227],[-85.741841,37.801414],[-85.741644,37.805539],[-85.738145,37.808738],[-85.737745,37.812134],[-85.742492,37.816329],[-85.742244,37.822056],[-85.747441,37.82245],[-85.750392,37.82403],[-85.750111,37.826629],[-85.899551,37.79827],[-85.909286,37.830685],[-85.9453,37.86062],[-85.956454,37.863177],[-85.979175,37.855674],[-86.031859,37.958788],[-86.044105,37.95689],[-86.054029,37.961021],[-86.068309,37.978112],[-86.07479,37.992236],[-86.087148,38.003795],[-86.115216,38.012679],[-86.139215,38.01327],[-86.169557,38.007322],[-86.200896,38.016475],[-86.227359,38.03265],[-86.258728,38.046921],[-86.272559,38.060785],[-86.280423,38.082093],[-86.275453,38.117227],[-86.273831,38.138047],[-86.289738,38.156563],[-86.322721,38.172689],[-86.333543,38.183693],[-86.356512,38.196683],[-86.372244,38.192857],[-86.377158,38.180481],[-86.37451,38.170106],[-86.365434,38.162611],[-86.332175,38.158747],[-86.321303,38.153568],[-86.320082,38.141615],[-86.327448,38.131135],[-86.340191,38.126767],[-86.377527,38.127276],[-86.387959,38.12116],[-86.393214,38.107491],[-86.401545,38.10316],[-86.409963,38.108],[-86.426784,38.120589],[-86.445076,38.12601],[-86.456744,38.122813],[-86.463706,38.113991],[-86.463091,38.103492],[-86.455087,38.095577],[-86.431729,38.087656],[-86.428444,38.077489],[-86.432532,38.061824],[-86.453248,38.045834],[-86.472119,38.042922],[-86.512075,38.041427],[-86.521645,38.034531],[-86.522164,38.010176],[-86.519777,37.959899],[-86.510774,37.94926],[-86.50366,37.93361],[-86.512463,37.922995],[-86.532582,37.915684],[-86.562518,37.919443],[-86.587403,37.919654],[-86.596936,37.908371],[-86.595607,37.885374],[-86.598549,37.8591],[-86.635612,37.83768],[-86.659712,37.841882],[-86.665278,37.856101],[-86.648323,37.894994],[-86.649382,37.907953],[-86.679788,37.913772],[-86.713135,37.892391],[-86.730801,37.891583],[-86.75304,37.910123],[-86.775311,37.942189],[-86.792955,37.98475],[-86.82057,37.996593],[-86.853998,37.985825],[-86.879001,37.963127],[-86.916626,37.936942],[-86.962915,37.930153],[-87.010168,37.917552],[-87.040068,37.894283],[-87.040701,37.86508],[-87.05555,37.818074],[-87.079939,37.785882],[-87.116057,37.778898],[-87.1356,37.785884],[-87.140218,37.809446],[-87.161015,37.836161],[-87.186645,37.83865],[-87.225715,37.843959],[-87.270572,37.87369],[-87.326383,37.905421],[-87.365225,37.924305],[-87.409122,37.94054],[-87.440026,37.940592],[-87.473405,37.925195],[-87.50344,37.903488],[-87.534515,37.902825],[-87.559609,37.908317],[-87.584409,37.923734],[-87.585039,37.941966],[-87.579593,37.967964],[-87.593682,37.972915],[-87.601451,37.967786],[-87.604376,37.947596],[-87.624787,37.926661],[-87.617286,37.908211],[-87.591143,37.890487],[-87.578891,37.876304],[-87.593606,37.847613],[-87.620144,37.824064],[-87.656637,37.820795],[-87.68034,37.829186],[-87.684848,37.850153],[-87.666439,37.890131],[-87.683635,37.901081],[-87.718724,37.890453],[-87.762022,37.889162],[-87.7853,37.874334],[-87.829354,37.874968],[-87.853859,37.891086],[-87.883265,37.924595],[-87.903283,37.922967],[-87.937582,37.890119],[-87.941666,37.873679],[-87.90736,37.845949],[-87.900825,37.80982],[-87.930639,37.795621],[-87.943708,37.772064],[-87.96045,37.772387],[-87.987407,37.79078],[-88.02008,37.802398],[-88.036416,37.790135],[-88.038003,37.76451],[-88.061287,37.732208],[-88.119705,37.702801],[-88.15412,37.664528],[-88.156163,37.631854],[-88.120645,37.570376],[-88.083784,37.544988],[-88.060396,37.503192],[-88.080455,37.474007],[-88.128686,37.468495],[-88.235536,37.452684],[-88.322175,37.431918],[-88.353633,37.404319],[-88.370392,37.404643],[-88.404309,37.420567],[-88.447213,37.411802],[-88.472586,37.388535],[-88.481569,37.341461],[-88.506494,37.293732],[-88.508947,37.267726],[-88.452978,37.21635],[-88.417824,37.150902],[-88.443611,37.100362],[-88.471242,37.065264],[-88.503961,37.058293],[-88.553788,37.065836],[-88.581125,37.086749],[-88.614599,37.108513],[-88.676073,37.129976],[-88.730047,37.139909],[-88.759499,37.156429],[-88.818428,37.186574],[-88.928,37.221914],[-88.985844,37.222493],[-89.033862,37.201634],[-89.085161,37.162792],[-89.097998,37.129948],[-89.122368,37.105295],[-89.169299,37.06612],[-89.177902,37.031782],[-89.165664,37.005988],[-89.125126,36.9835],[-89.110758,36.977818],[-89.099235,36.96577],[-89.101509,36.940778],[-89.11226,36.900035],[-89.137497,36.847393],[-89.15221,36.846956],[-89.157726,36.843235],[-89.167676,36.842456],[-89.17795,36.835792],[-89.179846,36.815842],[-89.169356,36.796104],[-89.157248,36.789776],[-89.132805,36.788738],[-89.123934,36.787093],[-89.115863,36.771691],[-89.11914,36.757421],[-89.125693,36.751498],[-89.135679,36.751675],[-89.140215,36.755646],[-89.155668,36.755578],[-89.165749,36.75928],[-89.183554,36.75477],[-89.199849,36.736193],[-89.202275,36.71696],[-89.168435,36.687704],[-89.170801,36.673395],[-89.158111,36.666859],[-89.167292,36.656274],[-89.197746,36.627438],[-89.20214,36.602194],[-89.210963,36.580935],[-89.231962,36.567781],[-89.264552,36.56488],[-89.29622,36.595706],[-89.315766,36.625377],[-89.3326,36.632652],[-89.359278,36.627652],[-89.373557,36.618955],[-89.376419,36.60563],[-89.39075,36.569834],[-89.402337,36.535839],[-89.408723,36.520512],[-89.417366,36.499054]]]},"properties":{"code":"[270,364]"}},{"type":"Feature","geometry":{"type":"Polygon","coordinates":[[[-77.222614,42.000302],[-77.221793,41.899824],[-77.339482,41.900191],[-77.339917,41.824841],[-77.3854,41.8244],[-77.380993,41.552558],[-77.600318,41.55159],[-77.598254,41.482085],[-77.99164,41.481162],[-77.993129,41.372354],[-78.11525,41.214872],[-78.027666,41.149354],[-78.015883,41.152603],[-78.010355,41.142486],[-78.000834,41.145672],[-78.00128,41.160741],[-77.995858,41.163876],[-77.989001,41.161527],[-77.983998,41.170932],[-77.970452,41.174689],[-77.972628,41.205531],[-77.956351,41.218632],[-77.939521,41.209086],[-77.934053,41.212205],[-77.939307,41.221937],[-77.934823,41.226649],[-77.920367,41.227268],[-77.910719,41.243856],[-77.898658,41.256619],[-77.909562,41.275652],[-77.896224,41.277428],[-77.892693,41.177777],[-77.784032,41.179674],[-77.745681,41.105426],[-77.732216,41.109683],[-77.716229,41.104981],[-77.706823,41.112987],[-77.690341,41.105447],[-77.681078,41.108969],[-77.67116,41.105495],[-77.663858,41.109277],[-77.658373,41.100869],[-77.633089,41.091078],[-77.555586,41.061124],[-77.573416,41.050582],[-77.518062,40.965796],[-77.137827,41.04039],[-77.359379,40.856418],[-77.266978,40.683703],[-77.119529,40.724504],[-77.068862,40.565922],[-76.702788,40.666397],[-76.429481,40.489931],[-76.022706,40.577419],[-75.99987,40.6394],[-75.714211,40.754467],[-75.7108,40.85304],[-75.478266,40.965207],[-75.423077,40.896065],[-75.344536,40.901631],[-75.345669,40.883468],[-75.29538,40.86199],[-75.13593,40.976362],[-75.131135,40.991356],[-75.091534,41.010964],[-75.082339,41.01759],[-75.074161,41.017615],[-75.04823,41.028871],[-75.026486,41.04038],[-75.026772,41.046471],[-75.016763,41.055949],[-75.01206,41.067127],[-75.005964,41.067681],[-74.993422,41.076953],[-74.979701,41.080361],[-74.968167,41.086789],[-74.966462,41.094483],[-74.969892,41.095854],[-74.978509,41.092727],[-74.984423,41.088538],[-74.99195,41.088632],[-74.991288,41.093607],[-74.983415,41.10511],[-74.98064,41.110153],[-74.970998,41.113917],[-74.963184,41.114123],[-74.947002,41.12386],[-74.946907,41.127195],[-74.941047,41.131047],[-74.930668,41.133393],[-74.921407,41.139801],[-74.903739,41.156914],[-74.899626,41.166077],[-74.881488,41.181278],[-74.876671,41.193007],[-74.865594,41.209613],[-74.858435,41.221001],[-74.867292,41.226559],[-74.866738,41.232136],[-74.8614,41.238227],[-74.861533,41.24284],[-74.856196,41.250493],[-74.84692,41.251965],[-74.843883,41.258545],[-74.846035,41.262552],[-74.838195,41.27737],[-74.829237,41.28779],[-74.821077,41.294761],[-74.812314,41.297627],[-74.8072,41.303238],[-74.791071,41.311434],[-74.796074,41.318286],[-74.793295,41.322382],[-74.780615,41.324555],[-74.770287,41.325223],[-74.762699,41.332044],[-74.760588,41.339919],[-74.754468,41.346119],[-74.734049,41.346283],[-74.722335,41.346591],[-74.706936,41.352954],[-74.697802,41.354969],[-74.6892,41.362167],[-74.691208,41.368111],[-74.703599,41.375561],[-74.709884,41.380555],[-74.712655,41.389332],[-74.717904,41.394265],[-74.729069,41.395264],[-74.735994,41.398139],[-74.741876,41.406378],[-74.740763,41.412283],[-74.738225,41.41345],[-74.734879,41.422684],[-74.734863,41.426391],[-74.737883,41.43055],[-74.742233,41.431184],[-74.751287,41.427921],[-74.757175,41.423567],[-74.765076,41.423967],[-74.774842,41.425631],[-74.78429,41.422386],[-74.790108,41.421354],[-74.794593,41.422785],[-74.798101,41.428412],[-74.800947,41.438181],[-74.806587,41.442748],[-74.816278,41.441476],[-74.823596,41.436831],[-74.826283,41.431418],[-74.834039,41.430355],[-74.843224,41.43592],[-74.850778,41.441531],[-74.858499,41.444451],[-74.875366,41.441013],[-74.888005,41.438239],[-74.895838,41.439118],[-74.896445,41.443256],[-74.893823,41.447702],[-74.88904,41.450984],[-74.890389,41.455917],[-74.895388,41.458297],[-74.90694,41.460523],[-74.908564,41.469208],[-74.909372,41.473249],[-74.913619,41.476386],[-74.917923,41.477267],[-74.924018,41.477064],[-74.932446,41.482125],[-74.942992,41.483653],[-74.946335,41.482946],[-74.947405,41.480617],[-74.957279,41.47642],[-74.969568,41.477685],[-74.982803,41.480265],[-74.986049,41.486184],[-74.98431,41.493207],[-74.98254,41.496296],[-74.983285,41.503422],[-74.985668,41.508395],[-74.993483,41.508989],[-75.000858,41.507281],[-75.003718,41.508566],[-75.0028,41.514559],[-75.000545,41.518396],[-75.002867,41.523572],[-75.013216,41.530427],[-75.017031,41.532232],[-75.024356,41.53367],[-75.024899,41.540592],[-75.020934,41.542076],[-75.016069,41.54356],[-75.016309,41.54747],[-75.01968,41.553505],[-75.028333,41.564695],[-75.033082,41.564988],[-75.039862,41.568985],[-75.044036,41.574597],[-75.046371,41.583333],[-75.053558,41.588171],[-75.060319,41.590876],[-75.06847,41.601096],[-75.074988,41.606582],[-75.074449,41.608417],[-75.067744,41.610387],[-75.063013,41.609134],[-75.059363,41.610745],[-75.062,41.615935],[-75.058943,41.617862],[-75.052298,41.618667],[-75.048824,41.616117],[-75.045891,41.615535],[-75.044216,41.617638],[-75.046181,41.62831],[-75.048823,41.632885],[-75.048825,41.639232],[-75.049604,41.642057],[-75.047803,41.645958],[-75.049125,41.653757],[-75.049855,41.661804],[-75.054533,41.668838],[-75.057711,41.668703],[-75.05963,41.672108],[-75.05861,41.674976],[-75.053275,41.678153],[-75.050874,41.680932],[-75.052745,41.688212],[-75.057723,41.697303],[-75.063203,41.702459],[-75.068293,41.706483],[-75.069191,41.70988],[-75.067275,41.71274],[-75.062185,41.712964],[-75.052245,41.711579],[-75.04985,41.712741],[-75.049849,41.715915],[-75.053725,41.727625],[-75.054915,41.734732],[-75.053475,41.741936],[-75.052756,41.745604],[-75.052892,41.752206],[-75.059355,41.762116],[-75.063969,41.766434],[-75.071452,41.76831],[-75.076001,41.772015],[-75.091682,41.768443],[-75.101301,41.76911],[-75.105072,41.774468],[-75.103756,41.776031],[-75.104174,41.780405],[-75.101273,41.788403],[-75.094705,41.794113],[-75.092789,41.796788],[-75.087224,41.797771],[-75.082735,41.796389],[-75.077944,41.797594],[-75.074052,41.802192],[-75.071276,41.810963],[-75.072473,41.814707],[-75.076598,41.815331],[-75.081562,41.814307],[-75.085213,41.811809],[-75.089944,41.811675],[-75.097551,41.815825],[-75.100408,41.818933],[-75.112795,41.822368],[-75.115007,41.826826],[-75.113098,41.836395],[-75.113156,41.842543],[-75.117237,41.845876],[-75.122441,41.846039],[-75.127107,41.844895],[-75.132113,41.845406],[-75.139679,41.851742],[-75.142723,41.852154],[-75.15275,41.848655],[-75.158572,41.848713],[-75.164604,41.851319],[-75.168876,41.85923],[-75.167783,41.868117],[-75.169765,41.871536],[-75.17514,41.872889],[-75.17854,41.870771],[-75.181071,41.863882],[-75.184453,41.860306],[-75.188148,41.86061],[-75.191947,41.865658],[-75.196157,41.868476],[-75.202347,41.869298],[-75.204944,41.869947],[-75.215436,41.867106],[-75.219833,41.860759],[-75.223471,41.857523],[-75.227103,41.857813],[-75.241335,41.867468],[-75.2498,41.862221],[-75.257624,41.861816],[-75.262122,41.865636],[-75.26441,41.870688],[-75.259909,41.874218],[-75.25722,41.876045],[-75.25997,41.883623],[-75.263695,41.885432],[-75.271306,41.886915],[-75.273217,41.896898],[-75.267499,41.902023],[-75.267131,41.906641],[-75.276311,41.921776],[-75.276867,41.933024],[-75.278609,41.936625],[-75.278793,41.939279],[-75.283037,41.940743],[-75.284513,41.941978],[-75.289002,41.942572],[-75.291092,41.945088],[-75.292076,41.949158],[-75.291092,41.952358],[-75.292686,41.954372],[-75.297245,41.954785],[-75.299955,41.954098],[-75.301864,41.952769],[-75.301002,41.948466],[-75.304881,41.948332],[-75.306912,41.949157],[-75.310849,41.948977],[-75.313556,41.950397],[-75.315402,41.95273],[-75.318046,41.953875],[-75.318418,41.957169],[-75.319897,41.960602],[-75.326203,41.964998],[-75.327991,41.967929],[-75.336468,41.970933],[-75.338116,41.970274],[-75.342192,41.972963],[-75.341717,41.975931],[-75.339974,41.978004],[-75.339481,41.980438],[-75.337454,41.98456],[-75.337517,41.987221],[-75.340773,41.99266],[-75.345804,41.995235],[-75.353467,41.996923],[-75.359645,41.999553],[-75.732283,41.998205],[-75.874586,41.9983],[-76.030268,41.999105],[-76.194099,41.998831],[-76.380427,41.998339],[-76.535123,41.999781],[-76.546027,42.000006],[-76.580337,42.000175],[-76.647713,42.000794],[-76.761715,42.001914],[-76.983553,42.001341],[-77.099647,41.999676],[-77.222614,42.000302]]]},"properties":{"code":"[272,570]"}},{"type":"Feature","geometry":{"type":"Polygon","coordinates":[[[-87.757349,44.856892],[-87.761218,44.989768],[-87.88309,44.991134],[-87.881023,45.105806],[-88.474309,45.116428],[-88.489119,44.886353],[-88.489176,44.855016],[-88.248648,44.8528],[-88.252333,44.767219],[-88.28923,44.74499],[-88.297904,44.746045],[-88.311031,44.729518],[-88.319702,44.726883],[-88.33405,44.714921],[-88.363587,44.713332],[-88.366861,44.587947],[-88.580487,44.591155],[-88.585382,44.501904],[-88.609835,44.462009],[-88.695999,44.411875],[-88.736948,44.411068],[-88.741786,44.481346],[-88.777328,44.488949],[-89.082909,44.489646],[-89.082173,44.426119],[-88.9808,44.407907],[-88.9815,44.242546],[-89.081775,44.213621],[-89.087236,44.177977],[-89.114414,44.177415],[-89.180929,44.228756],[-89.308462,44.229612],[-89.307301,44.214026],[-89.395113,44.188311],[-89.394835,44.155803],[-89.385167,44.155776],[-89.385279,44.144632],[-89.35294,44.130007],[-89.352661,44.108081],[-89.364726,44.108249],[-89.36521,44.09768],[-89.415342,44.097512],[-89.415331,44.090692],[-89.465835,44.090338],[-89.464764,43.977617],[-89.365616,43.977727],[-89.370301,43.972058],[-89.365794,43.967197],[-89.365713,43.930207],[-89.375277,43.927508],[-89.375435,43.908265],[-89.370493,43.908825],[-89.370101,43.90128],[-89.360223,43.901144],[-89.361811,43.893927],[-89.357097,43.888235],[-89.357228,43.883739],[-89.357037,43.875307],[-89.34138,43.875306],[-89.340089,43.864931],[-89.325996,43.861429],[-89.258324,43.861451],[-89.251434,43.854463],[-89.251684,43.834706],[-89.236264,43.828177],[-89.228331,43.276395],[-89.06867,43.277943],[-89.02943,43.278864],[-89.019058,42.851719],[-88.896933,42.846061],[-88.771732,42.842935],[-88.77996,42.912337],[-88.773583,42.913467],[-88.774537,42.910861],[-88.773446,42.90813],[-88.770207,42.907007],[-88.770004,42.910142],[-88.766158,42.909062],[-88.764451,42.90993],[-88.765001,42.912896],[-88.763027,42.914267],[-88.753439,42.914516],[-88.749649,42.911141],[-88.746963,42.914165],[-88.741887,42.913375],[-88.741647,42.91122],[-88.740059,42.909845],[-88.735741,42.911933],[-88.732724,42.910029],[-88.72721,42.911054],[-88.725284,42.906893],[-88.72169,42.903664],[-88.715119,42.901826],[-88.715153,42.905565],[-88.711067,42.904278],[-88.707603,42.901657],[-88.706004,42.897644],[-88.701582,42.894555],[-88.700853,42.902302],[-88.692148,42.915558],[-88.692623,42.925194],[-88.699554,42.931219],[-88.689577,42.963817],[-88.672992,42.96009],[-88.667177,42.964922],[-88.662021,43.011233],[-88.645295,43.01003],[-88.647607,43.019199],[-88.653795,43.028602],[-88.655934,43.037922],[-88.657784,43.041451],[-88.660791,43.043796],[-88.66348,43.048783],[-88.662931,43.059165],[-88.663694,43.062902],[-88.664625,43.0761],[-88.661225,43.078637],[-88.658681,43.082755],[-88.657315,43.088519],[-88.656911,43.107931],[-88.599859,43.108047],[-88.599911,43.109141],[-88.602003,43.110838],[-88.601461,43.113611],[-88.606729,43.117965],[-88.607839,43.11787],[-88.608253,43.115928],[-88.610449,43.113646],[-88.61236,43.114419],[-88.615047,43.119303],[-88.621984,43.14406],[-88.460701,43.142704],[-88.457655,43.195716],[-88.418031,43.194843],[-88.419223,43.281976],[-88.428281,43.282117],[-88.431757,43.284759],[-88.440956,43.287214],[-88.445263,43.28721],[-88.452086,43.283675],[-88.453875,43.283303],[-88.459029,43.283831],[-88.463757,43.284892],[-88.463794,43.282282],[-88.478786,43.28245],[-88.479059,43.311147],[-88.493553,43.311538],[-88.497195,43.310931],[-88.498258,43.311167],[-88.500682,43.312716],[-88.50224,43.314846],[-88.50281,43.315138],[-88.518356,43.31555],[-88.51818,43.326401],[-88.534182,43.326908],[-88.536512,43.328446],[-88.538471,43.330384],[-88.539368,43.331814],[-88.541554,43.3339],[-88.54145,43.341287],[-88.546501,43.341281],[-88.546051,43.370634],[-88.401596,43.370307],[-88.401093,43.545482],[-87.761666,43.543092],[-87.761608,43.567609],[-87.675563,43.680044],[-87.675563,43.699437],[-87.687858,43.733357],[-87.671093,43.766453],[-87.701771,43.842631],[-87.688365,43.932831],[-87.628019,44.033338],[-87.629137,44.065465],[-87.605669,44.099982],[-87.505098,44.145705],[-87.460969,44.218214],[-87.506771,44.304617],[-87.458735,44.41324],[-87.418652,44.553537],[-87.31922,44.679189],[-87.055716,45.004105],[-86.789938,45.330493],[-86.754364,45.443671],[-87.100845,45.444102],[-87.171243,45.353071],[-87.313604,45.240777],[-87.40638,45.201749],[-87.442384,45.07595],[-87.562611,44.905266],[-87.757349,44.856892]]]},"properties":{"code":"[274,920]"}},{"type":"Feature","geometry":{"type":"Polygon","coordinates":[[[-83.675395,36.600784],[-83.675011,36.600811],[-83.670146,36.600796],[-83.6701,36.600744],[-83.667935,36.600744],[-83.661837,36.600423],[-83.645602,36.599999],[-83.642385,36.599726],[-83.625812,36.598405],[-83.625033,36.598385],[-83.622272,36.59798],[-83.593667,36.597737],[-83.505674,36.59705],[-83.276487,36.598121],[-83.260874,36.593857],[-82.794881,36.593378],[-82.050849,36.594475],[-81.934139,36.594169],[-81.922657,36.616194],[-81.88875,36.615531],[-81.844841,36.614813],[-81.84485,36.614706],[-81.826647,36.614404],[-81.826741,36.614216],[-81.780838,36.613078],[-81.739645,36.612432],[-81.723888,36.61234],[-81.711104,36.612294],[-81.699498,36.612182],[-81.692992,36.612092],[-81.69305,36.611969],[-81.687817,36.612185],[-81.6469,36.611919],[-81.677508,36.588135],[-81.601224,36.587082],[-81.519695,36.580495],[-81.487723,36.57893],[-81.458384,36.577995],[-81.442605,36.576841],[-81.428307,36.576259],[-81.363329,36.574478],[-81.362415,36.574503],[-81.352347,36.574705],[-81.3072,36.574859],[-81.262202,36.573859],[-81.238313,36.572759],[-81.177095,36.57185],[-81.169584,36.570844],[-81.137904,36.569358],[-81.122046,36.568974],[-81.087256,36.567348],[-81.060547,36.56704],[-81.044871,36.566554],[-81.028956,36.565206],[-81.013909,36.564653],[-81.003873,36.563653],[-80.932941,36.56295],[-80.931638,36.562383],[-80.898464,36.561753],[-80.883823,36.560917],[-80.837369,36.559164],[-80.79987,36.561084],[-80.792456,36.560571],[-80.773574,36.560333],[-80.768807,36.560573],[-80.730186,36.562413],[-80.705176,36.562292],[-80.698576,36.562044],[-80.671012,36.560257],[-80.652396,36.559168],[-80.62728,36.558169],[-80.588524,36.557332],[-80.456051,36.551438],[-80.402848,36.548983],[-80.3563,36.546872],[-80.314618,36.544943],[-80.295157,36.544076],[-80.293051,36.54401],[-80.230714,36.543882],[-80.199745,36.543],[-79.863521,36.542634],[-79.761546,36.542188],[-79.731044,36.542011],[-79.714848,36.541966],[-79.640693,36.85596],[-79.669506,36.828292],[-79.741618,36.80706],[-79.744488,36.810819],[-79.749496,36.812201],[-79.762317,36.838299],[-79.764816,36.848216],[-79.771765,36.857453],[-79.782421,36.849674],[-79.79872,36.85709],[-79.77972,36.882357],[-79.7819,36.887918],[-79.78435,36.892122],[-79.851423,36.826163],[-79.871825,36.830233],[-79.878315,36.851763],[-79.915912,36.841375],[-79.940113,36.844999],[-79.953627,36.86779],[-79.990183,36.828989],[-80.01221,36.789916],[-80.015425,36.793359],[-80.024858,36.793696],[-80.02781,36.791715],[-80.012933,36.784159],[-80.01642,36.780955],[-80.025811,36.780993],[-80.034149,36.784251],[-80.051813,36.805592],[-80.060189,36.814753],[-80.073065,36.823424],[-80.069749,36.829927],[-80.077121,36.830095],[-80.078972,36.835504],[-80.067711,36.83468],[-80.065681,36.841399],[-80.084312,36.848281],[-80.088198,36.845663],[-80.098839,36.846158],[-80.248394,36.871507],[-80.288996,36.859367],[-80.295275,36.848739],[-80.304912,36.843875],[-80.320343,36.844075],[-80.329509,36.831566],[-80.345873,36.830095],[-80.345203,36.81237],[-80.370053,36.802931],[-80.393386,36.791282],[-80.385681,36.78527],[-80.390745,36.782336],[-80.392116,36.77696],[-80.38914,36.772103],[-80.395254,36.742913],[-80.459996,36.740527],[-80.466678,36.710972],[-80.633777,36.932083],[-80.74142,36.878039],[-80.901313,37.025727],[-80.930344,37.115433],[-80.949328,37.113437],[-80.951112,37.125264],[-80.940492,37.123785],[-80.934135,37.129352],[-80.903854,37.129915],[-80.899521,37.132719],[-80.906581,37.143163],[-80.907137,37.146227],[-80.904784,37.14667],[-80.902802,37.144989],[-80.900758,37.143465],[-80.896546,37.144351],[-80.895864,37.146819],[-80.896421,37.149484],[-80.894128,37.150571],[-80.891029,37.148891],[-80.891402,37.143508],[-80.889107,37.142963],[-80.887442,37.141092],[-80.885764,37.141897],[-80.887994,37.143918],[-80.88973,37.147127],[-80.884525,37.147771],[-80.884835,37.149645],[-80.888303,37.152165],[-80.883038,37.151077],[-80.879261,37.148561],[-80.876596,37.149202],[-80.876406,37.152016],[-80.879258,37.153794],[-80.878021,37.154929],[-80.873305,37.153892],[-80.872439,37.152361],[-80.869465,37.152756],[-80.86965,37.156214],[-80.866731,37.157802],[-81.015051,37.275389],[-80.980217,37.292772],[-80.98133,37.293413],[-80.981225,37.294525],[-80.982203,37.296026],[-80.980805,37.297304],[-80.98084,37.2985],[-80.979058,37.300473],[-80.979504,37.302292],[-80.980761,37.302009],[-80.981731,37.300868],[-80.983166,37.301239],[-80.985103,37.30064],[-80.986595,37.301337],[-80.994627,37.299748],[-80.999854,37.297827],[-81.021699,37.294188],[-81.035482,37.290333],[-81.049177,37.289068],[-81.094351,37.282675],[-81.123205,37.275389],[-81.144634,37.268692],[-81.1667,37.26306],[-81.180043,37.257061],[-81.183195,37.254589],[-81.191914,37.250497],[-81.200918,37.244847],[-81.225098,37.234878],[-81.320018,37.299259],[-81.362782,37.338096],[-81.36555,37.337667],[-81.367523,37.33289],[-81.369019,37.332606],[-81.369378,37.331123],[-81.367223,37.327246],[-81.369321,37.324567],[-81.37148,37.32428],[-81.372516,37.320454],[-81.374509,37.318974],[-81.379322,37.317591],[-81.38479,37.318641],[-81.385848,37.320655],[-81.388726,37.319986],[-81.389699,37.317746],[-81.392814,37.316264],[-81.394314,37.316454],[-81.395284,37.312461],[-81.398169,37.310885],[-81.398411,37.307924],[-81.396852,37.304438],[-81.398233,37.303149],[-81.40195,37.301762],[-81.404997,37.298699],[-81.402167,37.295881],[-81.405897,37.293395],[-81.406916,37.289285],[-81.409088,37.287326],[-81.409802,37.284218],[-81.411782,37.280167],[-81.416286,37.278493],[-81.41604,37.276577],[-81.416272,37.273414],[-81.42116,37.272601],[-81.423388,37.271259],[-81.425077,37.271787],[-81.428326,37.270973],[-81.433384,37.273656],[-81.437132,37.274026],[-81.439454,37.270824],[-81.442498,37.271727],[-81.444251,37.271317],[-81.445128,37.272384],[-81.448172,37.272138],[-81.448842,37.269757],[-81.451679,37.268976],[-81.453382,37.267348],[-81.460707,37.265419],[-81.458696,37.262874],[-81.461067,37.262423],[-81.461789,37.260165],[-81.464213,37.259713],[-81.465555,37.258318],[-81.467257,37.258524],[-81.46858,37.257728],[-81.471161,37.256907],[-81.473275,37.25703],[-81.473689,37.256045],[-81.476163,37.255799],[-81.476732,37.254075],[-81.480032,37.252597],[-81.480163,37.251204],[-81.482921,37.250716],[-81.48702,37.251784],[-81.491559,37.250976],[-81.495541,37.252256],[-81.497761,37.254233],[-81.498781,37.258178],[-81.502908,37.253266],[-81.506578,37.244437],[-81.506473,37.236118],[-81.508001,37.233427],[-81.520793,37.227194],[-81.523737,37.227969],[-81.526163,37.226302],[-81.530585,37.225341],[-81.532808,37.223749],[-81.538916,37.221894],[-81.541169,37.220295],[-81.544942,37.220678],[-81.547271,37.216018],[-81.55329,37.210448],[-81.553696,37.208391],[-81.56063,37.206663],[-81.678221,37.20154],[-81.678201,37.202368],[-81.680712,37.203216],[-81.683306,37.205917],[-81.683633,37.211585],[-81.685898,37.211426],[-81.686829,37.213175],[-81.694764,37.213455],[-81.696218,37.217052],[-81.70096,37.220788],[-81.703815,37.221266],[-81.703813,37.223248],[-81.707671,37.223896],[-81.7117,37.227615],[-81.715642,37.228863],[-81.716343,37.234683],[-81.718331,37.235566],[-81.71978,37.238691],[-81.722076,37.238513],[-81.722874,37.240402],[-81.731235,37.240165],[-81.733385,37.23822],[-81.739965,37.237632],[-81.741128,37.241839],[-81.744317,37.242666],[-81.743555,37.247927],[-81.7408,37.254321],[-81.743845,37.255917],[-81.743919,37.257808],[-81.745552,37.257926],[-81.745107,37.26088],[-81.746221,37.261944],[-81.746073,37.263835],[-81.749488,37.26413],[-81.757374,37.268512],[-81.756674,37.275878],[-81.75845,37.276408],[-81.759418,37.275229],[-81.761944,37.275934],[-81.768719,37.273395],[-81.777073,37.275452],[-81.77944,37.27739],[-81.779521,37.280204],[-81.781219,37.280733],[-81.783214,37.282667],[-81.784393,37.282317],[-81.789042,37.284266],[-81.793105,37.281036],[-81.793452,37.284727],[-81.80475,37.285698],[-81.806359,37.283634],[-81.819111,37.279543],[-81.821428,37.279438],[-81.822218,37.27992],[-81.824852,37.279543],[-81.825642,37.279124],[-81.826274,37.280695],[-81.827722,37.280821],[-81.828523,37.281457],[-81.831261,37.280933],[-81.83192,37.281667],[-81.83458,37.281793],[-81.834422,37.283071],[-81.833764,37.283355],[-81.833568,37.285022],[-81.835914,37.285346],[-81.83865,37.286356],[-81.839448,37.285955],[-81.840377,37.286071],[-81.841445,37.285346],[-81.842944,37.285605],[-81.844947,37.285138],[-81.846397,37.285281],[-81.846616,37.284767],[-81.848032,37.284941],[-81.848577,37.285461],[-81.849957,37.285143],[-81.849921,37.287426],[-81.853514,37.287667],[-81.854349,37.291771],[-81.853695,37.294053],[-81.852366,37.296534],[-81.852584,37.29795],[-81.854764,37.297979],[-81.854982,37.299683],[-81.85371,37.300695],[-81.854618,37.303584],[-81.854098,37.305429],[-81.854522,37.306725],[-81.85601,37.306753],[-81.859447,37.304757],[-81.860327,37.305392],[-81.86209,37.305654],[-81.862595,37.306522],[-81.864012,37.307313],[-81.86411,37.307766],[-81.865299,37.30866],[-81.86569,37.309424],[-81.865358,37.31034],[-81.863622,37.312337],[-81.859873,37.313968],[-81.86009,37.315693],[-81.860989,37.316162],[-81.86195,37.316063],[-81.862942,37.317715],[-81.865328,37.319095],[-81.865638,37.319736],[-81.866849,37.319808],[-81.867252,37.320794],[-81.870103,37.320572],[-81.871188,37.322347],[-81.872273,37.322199],[-81.872831,37.322963],[-81.872397,37.324121],[-81.873575,37.325575],[-81.873929,37.327505],[-81.874956,37.32824],[-81.875695,37.327505],[-81.87703,37.327767],[-81.877666,37.328795],[-81.878323,37.328828],[-81.877297,37.331343],[-81.879309,37.33242],[-81.879946,37.331392],[-81.882389,37.3302],[-81.885565,37.330272],[-81.888633,37.331546],[-81.890648,37.331837],[-81.893395,37.329835],[-81.894953,37.33191],[-81.896876,37.332056],[-81.897783,37.333397],[-81.896377,37.33511],[-81.899566,37.341291],[-81.903964,37.34308],[-81.908552,37.344795],[-81.909865,37.348593],[-81.916896,37.34957],[-81.92393,37.358144],[-81.924684,37.357031],[-81.928268,37.360538],[-81.926199,37.365392],[-81.933153,37.369273],[-81.933808,37.372786],[-81.931222,37.375939],[-81.936679,37.380423],[-81.931405,37.385882],[-81.933762,37.390884],[-81.928964,37.393725],[-81.92784,37.398351],[-81.930573,37.401177],[-81.930183,37.405233],[-81.924458,37.407238],[-81.923236,37.411486],[-81.925208,37.411934],[-81.928212,37.414542],[-81.932433,37.414914],[-81.934777,37.419903],[-81.937684,37.419979],[-81.940468,37.428895],[-81.938306,37.431914],[-81.935661,37.432032],[-81.937188,37.434015],[-81.936667,37.436086],[-81.935448,37.436263],[-81.935331,37.438316],[-81.939122,37.440107],[-81.94515,37.440009],[-81.949212,37.445578],[-81.956867,37.448607],[-81.967405,37.446995],[-81.970432,37.447924],[-81.968993,37.451325],[-81.973321,37.456185],[-81.979781,37.457022],[-81.985086,37.454256],[-81.987331,37.455412],[-81.988509,37.460346],[-81.992171,37.460918],[-81.99312,37.468407],[-81.995551,37.469798],[-81.996587,37.476606],[-81.99231,37.483191],[-81.986002,37.485753],[-81.977912,37.484575],[-81.965557,37.493327],[-81.952785,37.491702],[-81.953053,37.501293],[-81.94402,37.502223],[-81.943833,37.508277],[-81.927849,37.51182],[-81.926086,37.513903],[-81.933646,37.519612],[-81.937377,37.513509],[-81.944406,37.512744],[-81.943209,37.520463],[-81.947205,37.524489],[-81.94505,37.531776],[-81.955637,37.528452],[-81.957152,37.535796],[-81.967739,37.532808],[-81.968029,37.538012],[-82.251808,37.339709],[-82.315917,37.294638],[-82.318711,37.28881],[-82.324159,37.283307],[-82.336178,37.279774],[-82.343319,37.281433],[-82.341977,37.274162],[-82.348872,37.272353],[-82.34858,37.267918],[-82.356122,37.265235],[-82.362972,37.264782],[-82.375584,37.260268],[-82.38515,37.25998],[-82.428069,37.247599],[-82.447453,37.244131],[-82.457246,37.2386],[-82.472448,37.235773],[-82.487385,37.230911],[-82.487549,37.227645],[-82.491188,37.225043],[-82.495324,37.225378],[-82.496265,37.227683],[-82.508348,37.222662],[-82.509765,37.219064],[-82.517057,37.214804],[-82.521341,37.212125],[-82.524761,37.215072],[-82.532231,37.211996],[-82.532389,37.209892],[-82.53098,37.208544],[-82.532997,37.206652],[-82.540741,37.206711],[-82.54602,37.2032],[-82.549076,37.20299],[-82.550276,37.204649],[-82.562513,37.19762],[-82.574896,37.19054],[-82.593235,37.182268],[-82.59305,37.180314],[-82.59777,37.177183],[-82.605376,37.174172],[-82.611666,37.170239],[-82.617278,37.168145],[-82.623157,37.164753],[-82.633579,37.154403],[-82.644446,37.152278],[-82.644945,37.151214],[-82.647592,37.150201],[-82.650119,37.151883],[-82.654684,37.150531],[-82.656677,37.144993],[-82.667885,37.141702],[-82.673339,37.137192],[-82.677642,37.135048],[-82.682302,37.137134],[-82.687901,37.13387],[-82.693763,37.132632],[-82.696063,37.130842],[-82.704305,37.128123],[-82.707859,37.1254],[-82.710556,37.124836],[-82.715095,37.121837],[-82.721061,37.121044],[-82.726179,37.116109],[-82.726386,37.11221],[-82.722008,37.105781],[-82.72336,37.103575],[-82.721658,37.10131],[-82.721841,37.095099],[-82.725035,37.092384],[-82.723339,37.087398],[-82.720713,37.082241],[-82.717091,37.078496],[-82.717909,37.076143],[-82.726639,37.073256],[-82.726143,37.066919],[-82.722817,37.062238],[-82.72324,37.05519],[-82.722308,37.045231],[-82.725766,37.042257],[-82.733304,37.044553],[-82.742641,37.042946],[-82.743448,37.037267],[-82.745523,37.033649],[-82.745337,37.030183],[-82.747955,37.024345],[-82.750235,37.023271],[-82.751844,37.02593],[-82.758849,37.027459],[-82.76242,37.024627],[-82.764549,37.024571],[-82.77183,37.015706],[-82.777178,37.015879],[-82.782482,37.00801],[-82.788298,37.008696],[-82.793671,37.005444],[-82.797698,37.009275],[-82.813056,37.005737],[-82.816448,37.007311],[-82.822219,37.004856],[-82.82481,37.006351],[-82.829106,37.005875],[-82.830273,36.99453],[-82.837927,36.987282],[-82.844552,36.984076],[-82.853468,36.985451],[-82.857598,36.978901],[-82.862026,36.9804],[-82.867252,36.978108],[-82.870838,36.967758],[-82.866472,36.95869],[-82.855965,36.95414],[-82.862502,36.941454],[-82.857465,36.92846],[-82.877183,36.90904],[-82.867852,36.900322],[-82.870222,36.898],[-82.878063,36.895254],[-82.87837,36.889431],[-82.885177,36.888121],[-82.889982,36.884107],[-82.907932,36.879137],[-82.907796,36.875054],[-82.922483,36.873888],[-82.926266,36.871081],[-82.933274,36.870951],[-82.936713,36.867916],[-82.953423,36.864474],[-82.961155,36.862544],[-82.969788,36.857612],[-82.975059,36.859539],[-82.98741,36.859043],[-82.998366,36.856459],[-83.006845,36.847214],[-83.012317,36.846584],[-83.022281,36.850114],[-83.026291,36.855541],[-83.042198,36.854326],[-83.046929,36.851598],[-83.060416,36.853834],[-83.063242,36.8515],[-83.073112,36.854456],[-83.074291,36.841503],[-83.086892,36.838588],[-83.090229,36.83476],[-83.099688,36.831246],[-83.101974,36.827321],[-83.098997,36.824217],[-83.098037,36.813214],[-83.102674,36.811037],[-83.104457,36.803385],[-83.110477,36.801093],[-83.118149,36.790306],[-83.122804,36.786844],[-83.133357,36.784386],[-83.128844,36.775727],[-83.131359,36.773822],[-83.132788,36.771698],[-83.129744,36.770226],[-83.132655,36.764517],[-83.125933,36.76158],[-83.128541,36.759756],[-83.127926,36.750546],[-83.1342,36.749453],[-83.134843,36.742864],[-83.152563,36.742338],[-83.161568,36.739582],[-83.166179,36.739186],[-83.167341,36.740612],[-83.17326,36.739262],[-83.194382,36.739089],[-83.239266,36.726686],[-83.26264,36.720997],[-83.302058,36.71144],[-83.330026,36.704199],[-83.34644,36.700462],[-83.359055,36.693159],[-83.363345,36.69441],[-83.370627,36.690776],[-83.375561,36.690139],[-83.389632,36.6852],[-83.39518,36.677305],[-83.423342,36.667219],[-83.442944,36.666633],[-83.461715,36.66435],[-83.481268,36.665935],[-83.491328,36.668504],[-83.49273,36.67015],[-83.498936,36.670375],[-83.505293,36.668929],[-83.508646,36.668809],[-83.5124,36.669572],[-83.515353,36.667765],[-83.517055,36.668528],[-83.523124,36.666462],[-83.532284,36.664977],[-83.531783,36.663571],[-83.532384,36.661805],[-83.536338,36.66056],[-83.536488,36.659115],[-83.540042,36.658191],[-83.54736,36.653895],[-83.550363,36.653694],[-83.552065,36.654015],[-83.562726,36.651044],[-83.562684,36.649649],[-83.570342,36.64495],[-83.574396,36.644388],[-83.5775,36.641497],[-83.583155,36.641296],[-83.586909,36.643745],[-83.586991,36.642567],[-83.589486,36.641521],[-83.594252,36.640744],[-83.598757,36.638533],[-83.603747,36.637189],[-83.603997,36.637979],[-83.609469,36.636714],[-83.615032,36.633517],[-83.618054,36.628613],[-83.622685,36.62601],[-83.623439,36.6258],[-83.623995,36.625516],[-83.624878,36.625371],[-83.625212,36.625234],[-83.626313,36.625077],[-83.626758,36.624937],[-83.627302,36.624921],[-83.628329,36.624601],[-83.628611,36.624333],[-83.629388,36.62427],[-83.634186,36.622936],[-83.634942,36.622885],[-83.635354,36.623113],[-83.635851,36.623254],[-83.637,36.624013],[-83.637242,36.624079],[-83.638477,36.624098],[-83.640724,36.624753],[-83.64111,36.624759],[-83.64178,36.624538],[-83.642214,36.62419],[-83.642751,36.623852],[-83.643169,36.623922],[-83.644052,36.624618],[-83.64462,36.624383],[-83.645108,36.624327],[-83.645556,36.624001],[-83.645667,36.623476],[-83.645817,36.62321],[-83.646163,36.622938],[-83.646439,36.622862],[-83.647393,36.623116],[-83.647701,36.623084],[-83.648138,36.622848],[-83.648383,36.622159],[-83.648169,36.621089],[-83.648736,36.620129],[-83.648535,36.61928],[-83.649288,36.617387],[-83.649219,36.616865],[-83.649298,36.61678],[-83.650293,36.616996],[-83.650969,36.616945],[-83.651673,36.616546],[-83.652069,36.615619],[-83.652921,36.614861],[-83.653186,36.614333],[-83.654085,36.613518],[-83.654934,36.612993],[-83.657043,36.613086],[-83.657402,36.612691],[-83.65788,36.611886],[-83.658467,36.611487],[-83.658642,36.611143],[-83.659001,36.610875],[-83.659434,36.610371],[-83.660778,36.609398],[-83.661441,36.609105],[-83.66228,36.608551],[-83.662889,36.607856],[-83.663426,36.606939],[-83.664563,36.606679],[-83.665902,36.605755],[-83.668787,36.605941],[-83.66945,36.6053],[-83.670831,36.604876],[-83.673145,36.604757],[-83.673388,36.604127],[-83.67462,36.603551],[-83.675395,36.600784]]]},"properties":{"code":"[276]"}},{"type":"Feature","geometry":{"type":"Polygon","coordinates":[[[-121.832364,38.027738],[-121.815602,38.020926],[-121.788159,38.020108],[-121.740844,38.026583],[-121.708451,38.040307],[-121.678968,38.05923],[-121.681649,38.08139],[-121.675394,38.092994],[-121.659533,38.09651],[-121.644789,38.087895],[-121.629372,38.089477],[-121.628257,38.098796],[-121.609713,38.103718],[-121.5939,38.10135],[-121.567718,38.095674],[-121.46903,38.247814],[-121.373882,38.248724],[-121.335004,38.340374],[-121.24067,38.292108],[-121.011062,38.394473],[-121.017352,38.506632],[-120.943316,38.507746],[-120.936105,38.551872],[-120.911927,38.560512],[-120.912218,38.585437],[-120.922326,38.585431],[-120.927404,38.602831],[-120.933768,38.586058],[-120.941967,38.585666],[-120.957836,38.604811],[-120.959505,38.606164],[-120.960746,38.608867],[-120.961377,38.61374],[-120.978957,38.634016],[-120.998434,38.619452],[-121.006549,38.624122],[-121.006786,38.632462],[-121.008871,38.635376],[-121.012713,38.643175],[-121.01584,38.646517],[-121.016452,38.649723],[-121.021331,38.65272],[-121.026703,38.653576],[-121.029662,38.653704],[-121.029683,38.656534],[-121.032099,38.659398],[-121.032916,38.666459],[-121.031182,38.669268],[-121.026143,38.673534],[-121.025663,38.677518],[-121.019372,38.676435],[-121.016929,38.681517],[-121.007569,38.687591],[-121.007657,38.698437],[-121.012927,38.698797],[-121.019352,38.697569],[-121.02615,38.699589],[-121.031416,38.703501],[-121.026263,38.704768],[-121.021869,38.709152],[-121.02933,38.707764],[-121.039101,38.720041],[-121.041875,38.721961],[-121.045961,38.7209],[-121.048212,38.718939],[-121.04638,38.717387],[-121.048032,38.714982],[-121.059983,38.715869],[-121.060351,38.714634],[-121.068813,38.71535],[-121.076282,38.711746],[-121.078539,38.711067],[-121.077921,38.714266],[-121.073827,38.717089],[-121.07232,38.719441],[-121.072204,38.723328],[-121.068586,38.729357],[-121.066546,38.730882],[-121.060726,38.739805],[-121.05846,38.750115],[-121.05312,38.753187],[-121.049453,38.750945],[-121.046605,38.751262],[-121.04254,38.762212],[-121.04393,38.764057],[-121.040192,38.766951],[-121.041979,38.770207],[-121.039079,38.772593],[-121.040577,38.773109],[-121.050956,38.772061],[-121.055765,38.769241],[-121.060356,38.757147],[-121.071845,38.757446],[-121.076823,38.748785],[-121.086742,38.744907],[-121.092669,38.737598],[-121.10663,38.731482],[-121.123459,38.712235],[-121.141244,38.713727],[-121.138184,38.730438],[-121.122492,38.754672],[-121.123839,38.765868],[-121.119266,38.773335],[-121.106687,38.784823],[-121.098657,38.804216],[-121.102328,38.815027],[-121.092458,38.815665],[-121.092722,38.823146],[-121.09507,38.824081],[-121.095648,38.827334],[-121.097943,38.828228],[-121.097735,38.829529],[-121.100395,38.830911],[-121.104251,38.834712],[-121.110719,38.83455],[-121.110615,38.838532],[-121.111971,38.841619],[-121.116403,38.842553],[-121.116215,38.843914],[-121.108169,38.848802],[-121.10803,38.855002],[-121.101069,38.855162],[-121.102873,38.859196],[-121.102961,38.868755],[-121.092072,38.872674],[-121.091942,38.876894],[-121.117701,38.877071],[-121.125489,38.877311],[-121.126276,38.879594],[-121.120821,38.878435],[-121.120013,38.88057],[-121.123749,38.885075],[-121.1234,38.888657],[-121.124746,38.891475],[-121.143248,38.898144],[-121.148569,38.904888],[-121.154073,38.907957],[-121.161816,38.908959],[-121.17392,38.907065],[-121.181608,38.903211],[-121.188772,38.909945],[-121.189985,38.911916],[-121.185721,38.922633],[-121.187184,38.962246],[-121.187088,38.968146],[-121.188673,38.967474],[-121.191354,38.967966],[-121.194438,38.970621],[-121.196972,38.969465],[-121.199229,38.971392],[-121.201433,38.970707],[-121.204187,38.970921],[-121.206996,38.973362],[-121.208539,38.972377],[-121.220196,38.982218],[-121.220219,38.990955],[-121.217263,38.991163],[-121.212121,38.993848],[-121.217113,39.012669],[-121.219914,39.011963],[-121.220865,39.011884],[-121.221873,39.012214],[-121.226213,39.018755],[-121.230088,39.023363],[-121.232136,39.024204],[-121.233099,39.024877],[-121.235702,39.024263],[-121.238014,39.024172],[-121.239517,39.022452],[-121.240822,39.02126],[-121.24242,39.022553],[-121.24366,39.022807],[-121.245292,39.02415],[-121.246923,39.024682],[-121.249418,39.028346],[-121.255328,39.027733],[-121.25797,39.028898],[-121.260678,39.028787],[-121.265175,39.029841],[-121.266534,39.030951],[-121.269598,39.031672],[-121.273664,39.033782],[-121.284738,39.035467],[-121.291831,39.042837],[-121.306259,39.051089],[-121.414897,39.002502],[-121.414674,38.926229],[-121.46921,38.925535],[-121.469903,38.846026],[-121.543556,38.844863],[-121.54355,38.757949],[-121.54041,38.750036],[-121.540328,38.733019],[-121.604151,38.732717],[-121.602874,38.737473],[-121.599239,38.74477],[-121.593363,38.754592],[-121.592588,38.761562],[-121.596042,38.768833],[-121.602418,38.777799],[-121.607603,38.780865],[-121.617197,38.782863],[-121.620669,38.784979],[-121.626509,38.785304],[-121.630442,38.783725],[-121.631217,38.782099],[-121.628237,38.780009],[-121.62788,38.778847],[-121.63223,38.775735],[-121.632528,38.77067],[-121.634316,38.76779],[-121.636679,38.767372],[-121.636151,38.716514],[-121.646186,38.692616],[-121.646182,38.6852],[-121.640591,38.666913],[-121.587455,38.594377],[-121.583891,38.578418],[-121.584131,38.473036],[-121.656767,38.466407],[-121.693774,38.423256],[-121.694379,38.313994],[-121.592655,38.313589],[-121.598685,38.310116],[-121.597464,38.307301],[-121.599905,38.304905],[-121.599828,38.30173],[-121.60375,38.298464],[-121.605429,38.295887],[-121.604437,38.293431],[-121.60375,38.289056],[-121.605893,38.286157],[-121.602228,38.282262],[-121.600778,38.279805],[-121.601083,38.277108],[-121.603853,38.271959],[-121.604003,38.269903],[-121.602556,38.267044],[-121.601436,38.263118],[-121.600229,38.25776],[-121.600594,38.255526],[-121.602439,38.24999],[-121.601904,38.242784],[-121.603414,38.23672],[-121.602491,38.232699],[-121.603169,38.228233],[-121.602421,38.220587],[-121.610282,38.208528],[-121.611218,38.202645],[-121.614774,38.196467],[-121.622635,38.193525],[-121.631058,38.194261],[-121.643037,38.189112],[-121.647529,38.18514],[-121.665055,38.181972],[-121.688515,38.146965],[-121.704075,38.111021],[-121.752413,38.081265],[-121.797898,38.057144],[-121.845767,38.068829],[-121.832364,38.027738]]]},"properties":{"code":"[279,916]"}},{"type":"Feature","geometry":{"type":"Polygon","coordinates":[[[-96.03701,29.771749],[-96.029481,29.754081],[-96.030539,29.746043],[-96.04008,29.738835],[-96.033019,29.727325],[-96.033004,29.717485],[-96.008367,29.71931],[-96.004523,29.709312],[-96.006383,29.703181],[-96.021727,29.70566],[-96.023091,29.703292],[-96.015036,29.694902],[-96.01503,29.682313],[-96.020482,29.678654],[-96.024086,29.68425],[-96.034605,29.688662],[-96.057521,29.682206],[-96.060121,29.676609],[-96.053682,29.671986],[-96.046254,29.66564],[-96.036225,29.672955],[-96.025816,29.67575],[-96.01567,29.665316],[-96.021228,29.658206],[-96.03126,29.660465],[-96.033554,29.657161],[-96.01473,29.642426],[-96.018695,29.636716],[-96.016588,29.626814],[-96.009037,29.628966],[-95.998879,29.628644],[-95.991699,29.632626],[-95.968172,29.643819],[-95.960166,29.654075],[-95.955075,29.652882],[-95.954959,29.646214],[-95.92944,29.637275],[-95.924983,29.65848],[-95.911975,29.657522],[-95.903797,29.648157],[-95.901819,29.638786],[-95.890053,29.627157],[-95.888817,29.620482],[-95.894009,29.614232],[-95.890675,29.607345],[-95.891434,29.598938],[-95.89723,29.581046],[-95.875568,29.575525],[-95.872136,29.553718],[-95.910497,29.548685],[-95.902419,29.506029],[-95.910776,29.494279],[-95.938925,29.483276],[-95.910159,29.459462],[-95.887175,29.480004],[-95.839425,29.440282],[-95.822329,29.45541],[-95.819121,29.462569],[-95.797159,29.445986],[-95.771605,29.469104],[-95.738523,29.463416],[-95.73616,29.455791],[-95.731294,29.45688],[-95.720872,29.450473],[-95.725014,29.42138],[-95.695195,29.397805],[-95.675466,29.395516],[-95.661646,29.41207],[-95.660999,29.422227],[-95.643291,29.433794],[-95.644695,29.437649],[-95.632602,29.437837],[-95.633933,29.424794],[-95.629614,29.41473],[-95.633285,29.409745],[-95.627238,29.408993],[-95.631954,29.399598],[-95.619103,29.406089],[-95.61662,29.399222],[-95.621048,29.394141],[-95.615972,29.391225],[-95.615971,29.386426],[-95.608149,29.381045],[-95.600102,29.377011],[-95.59889,29.379316],[-95.601205,29.382486],[-95.597788,29.385559],[-95.590182,29.380949],[-95.590623,29.373553],[-95.583348,29.373361],[-95.580924,29.372304],[-95.582687,29.368174],[-95.577066,29.368462],[-95.581107,29.361722],[-95.574054,29.356726],[-95.575376,29.35298],[-95.581659,29.352404],[-95.583312,29.348561],[-95.578572,29.342796],[-95.578882,29.340542],[-95.588804,29.335664],[-95.589475,29.330527],[-95.591041,29.326494],[-95.587088,29.323958],[-95.585969,29.319275],[-95.578733,29.317389],[-95.584253,29.313291],[-95.583167,29.30755],[-95.576602,29.302736],[-95.578542,29.300655],[-95.584882,29.302476],[-95.590179,29.290375],[-95.585479,29.285691],[-95.58794,29.27977],[-95.581911,29.276292],[-95.579673,29.271933],[-95.577286,29.271347],[-95.577435,29.277203],[-95.575048,29.27831],[-95.573108,29.271998],[-95.575495,29.26575],[-95.575719,29.260349],[-95.571609,29.257563],[-95.570714,29.266284],[-95.562657,29.26316],[-95.564074,29.254504],[-95.560494,29.253007],[-95.563105,29.249167],[-95.562399,29.242404],[-95.563359,29.237468],[-95.561791,29.235618],[-95.558749,29.23853],[-95.556786,29.238444],[-95.554235,29.234591],[-95.541869,29.231165],[-95.540004,29.225427],[-95.522403,29.224545],[-95.522461,29.227578],[-95.520029,29.229448],[-95.515221,29.229397],[-95.512499,29.229751],[-95.514295,29.23152],[-95.517712,29.232026],[-95.520144,29.234047],[-95.521245,29.239657],[-95.52402,29.243807],[-95.527322,29.243706],[-95.52877,29.245172],[-95.526453,29.249821],[-95.524252,29.249468],[-95.520719,29.245121],[-95.518171,29.246536],[-95.516896,29.251994],[-95.511394,29.25159],[-95.508739,29.253632],[-95.459342,29.254124],[-95.46111,29.247603],[-95.42328,29.248831],[-95.423972,29.267789],[-95.38095,29.268172],[-95.380899,29.265101],[-95.355295,29.276919],[-95.36317,29.289643],[-95.35479,29.293649],[-95.356809,29.296819],[-95.352165,29.294706],[-95.347218,29.290832],[-95.34484,29.287106],[-95.335956,29.28464],[-95.335855,29.282351],[-95.331494,29.281168],[-95.329014,29.284003],[-95.315659,29.259147],[-95.297453,29.277249],[-95.293011,29.267469],[-95.287505,29.261218],[-95.284534,29.249324],[-95.272299,29.263048],[-95.24042,29.223664],[-95.259569,29.142096],[-95.242575,29.128193],[-95.283453,29.094658],[-95.281993,29.092328],[-95.283138,29.090826],[-95.284682,29.089303],[-95.284159,29.087846],[-95.281844,29.087693],[-95.280449,29.088629],[-95.278707,29.089608],[-95.27685,29.089433],[-95.275834,29.087995],[-95.276415,29.08588],[-95.280286,29.084738],[-95.282126,29.086176],[-95.284836,29.086895],[-95.287353,29.085626],[-95.287788,29.083131],[-95.285707,29.081312],[-95.281496,29.080636],[-95.278689,29.07979],[-95.27777,29.076998],[-95.274672,29.075814],[-95.272059,29.072599],[-95.266638,29.074206],[-95.26538,29.079536],[-95.266154,29.082581],[-95.264944,29.084865],[-95.257982,29.085535],[-95.249766,29.090878],[-95.247027,29.091045],[-95.24588,29.088652],[-95.246645,29.086648],[-95.250148,29.084143],[-95.251931,29.08136],[-95.249829,29.080024],[-95.246517,29.081527],[-95.243141,29.085424],[-95.240211,29.084923],[-95.237855,29.082306],[-95.240275,29.07969],[-95.241167,29.076517],[-95.227727,29.074624],[-95.222467,29.077756],[-95.222849,29.081319],[-95.226926,29.082377],[-95.227881,29.084937],[-95.224314,29.086718],[-95.221129,29.085939],[-95.218773,29.090782],[-95.214187,29.094232],[-95.207969,29.094645],[-95.205931,29.098708],[-95.202173,29.099765],[-95.200963,29.104997],[-95.196208,29.111632],[-95.17703,29.128642],[-95.164421,29.141134],[-95.155577,29.146805],[-95.127594,29.16269],[-95.090037,29.172949],[-95.053547,29.197053],[-95.195107,29.409099],[-95.181564,29.404682],[-95.181564,29.408118],[-95.178786,29.408215],[-95.178953,29.412668],[-95.174841,29.412765],[-95.17538,29.417155],[-95.161158,29.417397],[-95.161046,29.424172],[-95.14925,29.427628],[-95.146425,29.429724],[-95.144692,29.429305],[-95.143024,29.42992],[-95.142959,29.430451],[-95.141227,29.430395],[-95.138146,29.429417],[-95.137055,29.428634],[-95.135167,29.428424],[-95.129101,29.428995],[-95.128428,29.429707],[-95.125674,29.42985],[-95.125117,29.428536],[-95.123084,29.428479],[-95.121543,29.42768],[-95.120887,29.428708],[-95.117641,29.428565],[-95.116985,29.42925],[-95.115904,29.42883],[-95.114936,29.429716],[-95.111837,29.42921],[-95.1099,29.42883],[-95.108787,29.429421],[-95.106511,29.428788],[-95.102928,29.429969],[-95.099785,29.431595],[-95.094701,29.433661],[-95.093539,29.436149],[-95.092312,29.436554],[-95.09205,29.411792],[-95.085574,29.411792],[-95.085682,29.425237],[-95.079313,29.425143],[-95.079313,29.406432],[-95.04909,29.419408],[-95.073912,29.44527],[-95.070233,29.44936],[-95.070669,29.450624],[-95.064375,29.452395],[-95.063847,29.454139],[-95.061169,29.455767],[-95.0593,29.455327],[-95.057481,29.456207],[-95.053439,29.455459],[-95.05258,29.453127],[-95.048892,29.454227],[-95.047275,29.456691],[-95.043889,29.456427],[-95.038534,29.457439],[-95.030177,29.457876],[-95.028423,29.459868],[-95.026212,29.459403],[-95.024611,29.456947],[-95.019884,29.456615],[-95.018054,29.458474],[-95.019884,29.46093],[-95.019502,29.462988],[-95.015156,29.463851],[-95.013174,29.465577],[-95.010582,29.464515],[-95.010658,29.462324],[-95.008447,29.461262],[-95.003034,29.462125],[-95.003948,29.460067],[-95.001509,29.458938],[-95.000518,29.461992],[-94.997468,29.460996],[-94.994798,29.457544],[-94.986614,29.450369],[-94.975864,29.45422],[-94.97556,29.458999],[-94.969918,29.46265],[-94.956957,29.465173],[-94.947997,29.469777],[-94.926475,29.462281],[-94.89763,29.472744],[-94.864497,29.560289],[-94.910356,29.610281],[-94.876305,29.637582],[-94.829841,29.718249],[-94.753475,29.767906],[-94.719094,29.745808],[-94.738599,29.716527],[-94.689778,29.715782],[-94.68993,29.717968],[-94.683753,29.717836],[-94.684199,29.721605],[-94.689538,29.725181],[-94.689539,29.73068],[-94.674578,29.73093],[-94.674559,29.749628],[-94.650848,29.749765],[-94.648962,29.758619],[-94.648962,29.766123],[-94.656476,29.766066],[-94.656722,29.768156],[-94.661908,29.771965],[-94.662374,29.775659],[-94.655089,29.776989],[-94.64092,29.786798],[-94.642885,29.808198],[-94.64622,29.815936],[-94.661252,29.815339],[-94.657911,29.809798],[-94.658599,29.802125],[-94.665476,29.791042],[-94.674613,29.781065],[-94.683181,29.776191],[-94.690347,29.774397],[-94.693294,29.775761],[-94.697132,29.776016],[-94.702135,29.780811],[-94.705868,29.782172],[-94.705943,29.785801],[-94.708626,29.789414],[-94.72532,29.800326],[-94.73415,29.81464],[-94.74072,29.823385],[-94.740048,29.827595],[-94.740739,29.831382],[-94.748284,29.835788],[-94.75284,29.834104],[-94.755155,29.830281],[-94.75874,29.830086],[-94.762699,29.832808],[-94.763968,29.836954],[-94.759188,29.841878],[-94.751122,29.844988],[-94.748323,29.84742],[-94.749169,29.853935],[-94.745199,29.85975],[-94.742871,29.866727],[-94.744824,29.875646],[-94.744369,29.878469],[-94.739334,29.885233],[-94.980504,29.882142],[-95.071135,30.103897],[-94.991755,30.171695],[-94.941436,30.184516],[-94.92515,30.231907],[-94.915986,30.221296],[-94.871871,30.125021],[-94.771803,30.124543],[-94.741943,30.247004],[-94.752492,30.343314],[-94.684838,30.362858],[-94.710444,30.44001],[-94.78323,30.487209],[-94.842284,30.486299],[-95.033587,30.399452],[-95.141963,30.501063],[-95.148406,30.495196],[-95.167302,30.492922],[-95.177226,30.541918],[-95.220585,30.527754],[-95.239515,30.560899],[-95.28421,30.54713],[-95.313839,30.587204],[-95.353766,30.56936],[-95.357477,30.506669],[-95.326645,30.429279],[-95.270728,30.385818],[-95.270704,30.254893],[-95.291766,30.259892],[-95.30099,30.260073],[-95.312264,30.257168],[-95.306184,30.249079],[-95.304996,30.247147],[-95.300802,30.242921],[-95.300732,30.238453],[-95.314781,30.240766],[-95.328969,30.251452],[-95.329005,30.2416],[-95.330613,30.236709],[-95.329424,30.233147],[-95.328727,30.229028],[-95.361617,30.228814],[-95.364599,30.227341],[-95.360859,30.22411],[-95.357877,30.213516],[-95.36339,30.212197],[-95.380528,30.216369],[-95.391093,30.212784],[-95.394007,30.209116],[-95.39192,30.208276],[-95.392789,30.206274],[-95.392933,30.203102],[-95.3943,30.201517],[-95.393796,30.1999],[-95.391638,30.198283],[-95.401207,30.196946],[-95.402934,30.198625],[-95.402538,30.200366],[-95.411244,30.200335],[-95.411352,30.203755],[-95.418994,30.2036],[-95.42496,30.193162],[-95.436303,30.189916],[-95.453045,30.189657],[-95.457682,30.189633],[-95.458709,30.193856],[-95.454127,30.193832],[-95.454863,30.197675],[-95.466348,30.197604],[-95.466277,30.192392],[-95.472505,30.186243],[-95.477232,30.190764],[-95.486271,30.192695],[-95.490929,30.190206],[-95.493277,30.188303],[-95.496432,30.190618],[-95.507058,30.190538],[-95.510213,30.187621],[-95.512488,30.187716],[-95.519422,30.194978],[-95.525556,30.194144],[-95.534329,30.197968],[-95.531669,30.201979],[-95.527603,30.205129],[-95.520995,30.21571],[-95.520413,30.218454],[-95.521207,30.227885],[-95.541325,30.224473],[-95.559433,30.224103],[-95.568201,30.220959],[-95.567466,30.224622],[-95.567677,30.236656],[-95.566998,30.241294],[-95.563775,30.24667],[-95.563843,30.257708],[-95.564602,30.257537],[-95.566135,30.258308],[-95.566597,30.258015],[-95.566713,30.257059],[-95.566597,30.256456],[-95.566936,30.256305],[-95.567538,30.256766],[-95.568596,30.256531],[-95.568916,30.25597],[-95.56944,30.256162],[-95.569417,30.257023],[-95.571007,30.256429],[-95.571523,30.256986],[-95.573371,30.256243],[-95.573757,30.256837],[-95.574918,30.255538],[-95.57625,30.255612],[-95.577152,30.254759],[-95.576577,30.253673],[-95.579327,30.253487],[-95.580297,30.254996],[-95.581801,30.252472],[-95.582489,30.251321],[-95.584251,30.25069],[-95.585626,30.252027],[-95.586442,30.251284],[-95.58713,30.252175],[-95.588419,30.251581],[-95.588032,30.250356],[-95.589192,30.249799],[-95.590782,30.250282],[-95.592243,30.247944],[-95.596432,30.244029],[-95.603737,30.244994],[-95.604725,30.245514],[-95.605842,30.244846],[-95.607991,30.246391],[-95.610182,30.244127],[-95.611299,30.245055],[-95.611557,30.242233],[-95.615897,30.242939],[-95.616499,30.241973],[-95.619034,30.24138],[-95.619335,30.240303],[-95.622257,30.240414],[-95.6223,30.242605],[-95.625522,30.243533],[-95.625823,30.244795],[-95.627742,30.244042],[-95.629105,30.243404],[-95.628818,30.244107],[-95.630268,30.243653],[-95.630593,30.242886],[-95.631882,30.243231],[-95.632303,30.24449],[-95.633859,30.24449],[-95.634053,30.245309],[-95.635585,30.245183],[-95.635074,30.245897],[-95.63539,30.246338],[-95.636265,30.246191],[-95.635998,30.246674],[-95.63697,30.246695],[-95.637821,30.246716],[-95.638234,30.247346],[-95.639037,30.246107],[-95.639207,30.246842],[-95.640447,30.246023],[-95.641759,30.246569],[-95.643412,30.247409],[-95.644555,30.246359],[-95.645381,30.247178],[-95.646208,30.2468],[-95.647107,30.246653],[-95.647472,30.247493],[-95.648493,30.247745],[-95.648931,30.247514],[-95.649441,30.248102],[-95.650171,30.247682],[-95.650414,30.24827],[-95.650948,30.248249],[-95.650632,30.24911],[-95.651264,30.24974],[-95.651824,30.249383],[-95.652448,30.250326],[-95.654413,30.251026],[-95.655256,30.249517],[-95.656629,30.251107],[-95.659032,30.251242],[-95.660249,30.252186],[-95.662402,30.250191],[-95.663588,30.250784],[-95.664743,30.25011],[-95.666927,30.24984],[-95.668612,30.250865],[-95.668675,30.249598],[-95.671046,30.251188],[-95.672201,30.250811],[-95.674728,30.251053],[-95.672138,30.253318],[-95.674572,30.254989],[-95.676084,30.258094],[-95.678504,30.259227],[-95.680227,30.257952],[-95.681785,30.257881],[-95.682359,30.260432],[-95.683303,30.260397],[-95.684369,30.262451],[-95.68359,30.263302],[-95.683713,30.266206],[-95.685066,30.265994],[-95.685395,30.267659],[-95.684123,30.268934],[-95.685641,30.270386],[-95.684915,30.271637],[-95.686928,30.272027],[-95.686928,30.273942],[-95.690336,30.274651],[-95.691403,30.276389],[-95.689761,30.276531],[-95.691814,30.278268],[-95.692348,30.277843],[-95.695017,30.278552],[-95.694935,30.277772],[-95.699082,30.278375],[-95.701628,30.277878],[-95.703189,30.27951],[-95.705443,30.280279],[-95.710943,30.273966],[-95.714706,30.284078],[-95.732306,30.301978],[-95.735497,30.307591],[-95.771075,30.307294],[-95.770731,30.269318],[-95.738113,30.269362],[-95.738432,30.26224],[-95.770783,30.261856],[-95.76282,30.246776],[-95.750022,30.246697],[-95.750204,30.243064],[-95.741153,30.242984],[-95.728991,30.240376],[-95.728979,30.235842],[-95.734997,30.235814],[-95.737009,30.239194],[-95.739706,30.238114],[-95.74805,30.231829],[-95.750802,30.232803],[-95.75575,30.23378],[-95.758717,30.235062],[-95.759636,30.236589],[-95.761968,30.235673],[-95.763522,30.233292],[-95.767126,30.233354],[-95.766702,30.237383],[-95.77068,30.238588],[-95.775273,30.240177],[-95.777749,30.239199],[-95.779588,30.240054],[-95.781075,30.238648],[-95.782134,30.23987],[-95.786165,30.238954],[-95.789132,30.236878],[-95.790263,30.238527],[-95.792525,30.239565],[-95.795989,30.236572],[-95.799099,30.238649],[-95.80255,30.241774],[-95.804278,30.08999],[-95.806057,30.089712],[-95.807667,30.089032],[-95.809703,30.087978],[-95.809012,30.086563],[-95.809703,30.085257],[-95.811085,30.085178],[-95.812095,30.08428],[-95.814786,30.085114],[-95.816013,30.085384],[-95.816395,30.084865],[-95.816486,30.082662],[-95.817031,30.081719],[-95.817685,30.08186],[-95.81914,30.083103],[-95.820321,30.083008],[-95.821653,30.082248],[-95.824288,30.082493],[-95.82826,30.081757],[-95.829436,30.081687],[-95.829898,30.083746],[-95.831129,30.084468],[-95.831838,30.084396],[-95.832817,30.085083],[-95.833818,30.085047],[-95.834006,30.084704],[-95.835278,30.084036],[-95.838365,30.083063],[-95.839241,30.083496],[-95.838949,30.084381],[-95.840054,30.085156],[-95.841285,30.085553],[-95.844173,30.0874],[-95.844943,30.089049],[-95.8432,30.092065],[-95.842673,30.09466],[-95.843767,30.096554],[-95.846051,30.097328],[-95.846376,30.100519],[-95.848646,30.100098],[-95.84974,30.100379],[-95.850105,30.101466],[-95.851118,30.102167],[-95.853348,30.101746],[-95.855699,30.101992],[-95.856973,30.101874],[-95.857086,30.103949],[-95.857767,30.104622],[-95.860812,30.105357],[-95.861361,30.129499],[-95.865719,30.129653],[-95.866292,30.135567],[-95.870495,30.136059],[-95.87484,30.140063],[-95.877974,30.140064],[-95.878027,30.076704],[-95.874278,30.076623],[-95.874039,30.037893],[-95.832148,30.022329],[-95.833569,29.96709],[-95.808797,29.967004],[-95.807126,29.875023],[-95.856954,29.874766],[-95.907989,29.932225],[-95.992406,29.931559],[-95.992418,29.960948],[-96.013028,29.960619],[-96.010519,29.940578],[-96.0323,29.940912],[-96.023453,29.916823],[-96.112972,29.915121],[-96.127347,29.903515],[-96.121794,29.891339],[-96.103826,29.884257],[-96.088471,29.87661],[-96.092065,29.869527],[-96.099252,29.87661],[-96.11624,29.870377],[-96.103499,29.850545],[-96.113797,29.849997],[-96.123597,29.838374],[-96.113144,29.826758],[-96.097133,29.820805],[-96.105299,29.81031],[-96.077528,29.803227],[-96.067071,29.806633],[-96.056287,29.801812],[-96.048119,29.802094],[-96.041256,29.792737],[-96.043544,29.777989],[-96.03701,29.771749]]]},"properties":{"code":"[281,346,713,832]"}},{"type":"Feature","geometry":{"type":"Polygon","coordinates":[[[-84.814723,39.637767],[-84.820154,39.105424],[-84.785886,39.113153],[-84.776208,39.125096],[-84.757614,39.143489],[-84.739046,39.145045],[-84.71814,39.134877],[-84.685622,39.098706],[-84.657782,39.09473],[-84.641586,39.081711],[-84.619274,39.071229],[-84.591513,39.075797],[-84.565999,39.083694],[-84.553068,39.097641],[-84.540524,39.098264],[-84.52716,39.091176],[-84.506709,39.093476],[-84.496309,39.098864],[-84.484448,39.113523],[-84.470507,39.120797],[-84.455044,39.119029],[-84.442873,39.110377],[-84.436306,39.096801],[-84.435325,39.072235],[-84.4288,39.052678],[-84.409545,39.044807],[-84.358407,39.038913],[-84.319616,39.020211],[-84.301808,38.994488],[-84.298755,38.968821],[-84.288345,38.950839],[-84.241844,38.897748],[-84.234487,38.881747],[-84.237314,38.84629],[-84.230878,38.82188],[-84.212008,38.803822],[-84.172491,38.794788],[-84.132991,38.785753],[-84.086299,38.771049],[-84.052501,38.769662],[-84.003924,39.137018],[-83.867843,39.130924],[-83.865369,39.246673],[-84.007103,39.255373],[-84.005269,39.289325],[-84.014583,39.298291],[-84.015216,39.3057],[-84.023263,39.308915],[-84.031205,39.3095],[-84.037528,39.308215],[-84.060761,39.319222],[-84.070822,39.321475],[-84.075306,39.323837],[-84.083008,39.333893],[-84.098403,39.371545],[-84.093678,39.375357],[-84.091221,39.38214],[-84.094095,39.391588],[-84.101823,39.396827],[-84.09806,39.402615],[-84.103947,39.411978],[-84.103599,39.416902],[-84.104464,39.419653],[-84.083815,39.427582],[-84.069917,39.435909],[-84.024216,39.448829],[-83.984211,39.462917],[-83.978276,39.570898],[-84.162937,39.581138],[-84.166305,39.542798],[-84.176385,39.529391],[-84.215311,39.534789],[-84.218326,39.50488],[-84.239695,39.507794],[-84.249729,39.491104],[-84.261035,39.477536],[-84.264241,39.469808],[-84.26618,39.467441],[-84.267471,39.462986],[-84.275164,39.464081],[-84.274315,39.477271],[-84.299129,39.478809],[-84.298151,39.486025],[-84.290625,39.485683],[-84.289873,39.493029],[-84.31411,39.494307],[-84.317608,39.493658],[-84.323972,39.492539],[-84.321942,39.512779],[-84.31602,39.512421],[-84.309962,39.518324],[-84.308155,39.523693],[-84.33406,39.524817],[-84.331827,39.549268],[-84.349081,39.544963],[-84.350902,39.549268],[-84.347715,39.551046],[-84.347308,39.55244],[-84.347851,39.55467],[-84.350781,39.556858],[-84.351984,39.560664],[-84.351442,39.562215],[-84.353377,39.564981],[-84.364446,39.559502],[-84.364645,39.572816],[-84.383337,39.572719],[-84.409561,39.572659],[-84.410926,39.570645],[-84.412875,39.570044],[-84.414669,39.570645],[-84.41615,39.574041],[-84.422014,39.575881],[-84.42486,39.574679],[-84.426739,39.574467],[-84.430131,39.574918],[-84.43224,39.578161],[-84.432552,39.581136],[-84.434307,39.582969],[-84.43458,39.584772],[-84.436474,39.588929],[-84.435694,39.590912],[-84.479202,39.590855],[-84.478945,39.568947],[-84.702276,39.567415],[-84.703425,39.639385],[-84.741193,39.641176],[-84.772008,39.64107],[-84.771883,39.64253],[-84.776439,39.646131],[-84.78042,39.642432],[-84.786995,39.641945],[-84.788499,39.640705],[-84.80548,39.639852],[-84.805573,39.63836],[-84.814723,39.637767]]]},"properties":{"code":"[283,513]"}},{"type":"Feature","geometry":{"type":"Polygon","coordinates":[[[-75.788596,39.722199],[-75.788585,39.683374],[-75.78858,39.671801],[-75.788897,39.665305],[-75.788965,39.662304],[-75.789021,39.659788],[-75.788939,39.656023],[-75.788772,39.651647],[-75.788455,39.647288],[-75.787621,39.637231],[-75.693674,38.460074],[-75.569815,38.455879],[-75.502121,38.454078],[-75.465143,38.453493],[-75.413318,38.452458],[-75.410835,38.452295],[-75.408679,38.452371],[-75.401332,38.452244],[-75.337093,38.452012],[-75.288361,38.451623],[-75.050847,38.45125],[-75.04023,38.451246],[-75.037786,38.470531],[-75.04169,38.530109],[-75.050209,38.606637],[-75.05782,38.682803],[-75.072367,38.783069],[-75.08882,38.820013],[-75.129528,38.808689],[-75.265349,38.926035],[-75.262993,39.004681],[-75.323159,39.07501],[-75.372699,39.122422],[-75.321021,39.251378],[-75.443597,39.353996],[-75.468944,39.372635],[-75.481479,39.38777],[-75.560469,39.455594],[-75.563589,39.483214],[-75.559085,39.495792],[-75.546562,39.496247],[-75.537991,39.496979],[-75.527852,39.498153],[-75.527757,39.498574],[-75.527726,39.498971],[-75.527536,39.498963],[-75.527025,39.499123],[-75.526977,39.499166],[-75.526822,39.499411],[-75.527132,39.499789],[-75.527453,39.500112],[-75.528019,39.500413],[-75.528662,39.500831],[-75.528749,39.500883],[-75.529364,39.501226],[-75.529419,39.501366],[-75.529364,39.501849],[-75.529403,39.502864],[-75.529523,39.503515],[-75.529706,39.504155],[-75.530051,39.504815],[-75.530142,39.505373],[-75.530008,39.505969],[-75.530033,39.508471],[-75.53006,39.510528],[-75.529758,39.511969],[-75.528439,39.514492],[-75.527532,39.515615],[-75.527378,39.517464],[-75.528257,39.518164],[-75.527921,39.521731],[-75.527042,39.523681],[-75.527531,39.535385],[-75.53179,39.536887],[-75.535075,39.540922],[-75.534209,39.543191],[-75.525487,39.55126],[-75.520133,39.556795],[-75.5137,39.567519],[-75.511989,39.567969],[-75.512767,39.578283],[-75.514168,39.579307],[-75.51447,39.58047],[-75.515278,39.581153],[-75.515728,39.580926],[-75.516255,39.581213],[-75.516442,39.581715],[-75.517652,39.582612],[-75.519638,39.583329],[-75.520926,39.583329],[-75.524343,39.584026],[-75.527695,39.584121],[-75.528745,39.585493],[-75.529269,39.586079],[-75.530174,39.586475],[-75.530791,39.587296],[-75.530894,39.587834],[-75.531299,39.588272],[-75.531335,39.588745],[-75.536935,39.591817],[-75.537215,39.59329],[-75.54008,39.594383],[-75.541282,39.59424],[-75.54236,39.594644],[-75.543593,39.595831],[-75.54611,39.597307],[-75.54765,39.598968],[-75.549436,39.599751],[-75.550976,39.601033],[-75.553532,39.601887],[-75.553315,39.602127],[-75.553387,39.602662],[-75.554014,39.603807],[-75.555274,39.604883],[-75.55545,39.605454],[-75.555649,39.605823],[-75.556371,39.606594],[-75.557024,39.607663],[-75.557146,39.608527],[-75.557473,39.609471],[-75.556595,39.61098],[-75.556596,39.611919],[-75.557187,39.613098],[-75.557922,39.617468],[-75.558707,39.61786],[-75.559421,39.621816],[-75.559557,39.625391],[-75.55892,39.62879],[-75.558699,39.630079],[-75.55747,39.632076],[-75.553922,39.635755],[-75.550854,39.636758],[-75.549512,39.637549],[-75.54884,39.637561],[-75.548502,39.637789],[-75.547187,39.639414],[-75.54709,39.639692],[-75.544317,39.642286],[-75.542265,39.644709],[-75.541933,39.645476],[-75.541053,39.645446],[-75.538587,39.645985],[-75.536691,39.646632],[-75.535069,39.646827],[-75.533466,39.64758],[-75.531286,39.649493],[-75.5312,39.650016],[-75.528817,39.652179],[-75.528817,39.652538],[-75.528455,39.652917],[-75.52782,39.653057],[-75.527017,39.653904],[-75.526175,39.655629],[-75.527326,39.656129],[-75.526746,39.656821],[-75.525763,39.656439],[-75.524599,39.65753],[-75.523658,39.658552],[-75.521827,39.661016],[-75.521498,39.661167],[-75.517259,39.664379],[-75.517014,39.664819],[-75.516051,39.665711],[-75.514167,39.668391],[-75.514204,39.668829],[-75.513791,39.669333],[-75.513776,39.66964],[-75.513321,39.670604],[-75.512992,39.670732],[-75.51252,39.671204],[-75.512222,39.671699],[-75.510906,39.675695],[-75.510156,39.679322],[-75.510051,39.679641],[-75.510403,39.680002],[-75.51041,39.680295],[-75.510527,39.680328],[-75.509252,39.684938],[-75.509078,39.686222],[-75.509551,39.686573],[-75.509617,39.687277],[-75.509513,39.687427],[-75.509168,39.692101],[-75.509359,39.693104],[-75.509937,39.693652],[-75.509901,39.693928],[-75.509256,39.694221],[-75.508912,39.694728],[-75.508626,39.694874],[-75.50834,39.695387],[-75.50711,39.69661],[-75.506566,39.697278],[-75.504614,39.698068],[-75.504626,39.698256],[-75.504375,39.69835],[-75.504094,39.698284],[-75.502652,39.698661],[-75.501123,39.699409],[-75.500043,39.699399],[-75.499939,39.699296],[-75.499199,39.699479],[-75.497145,39.700428],[-75.496662,39.700832],[-75.496283,39.700964],[-75.495763,39.70166],[-75.494913,39.704328],[-75.49374,39.70629],[-75.493936,39.706789],[-75.493361,39.707571],[-75.492821,39.707793],[-75.492389,39.708589],[-75.491702,39.709355],[-75.491341,39.71046],[-75.491846,39.710751],[-75.491818,39.710864],[-75.491467,39.710859],[-75.49057,39.711719],[-75.490577,39.711908],[-75.489591,39.713253],[-75.488581,39.714214],[-75.488433,39.714559],[-75.488464,39.714665],[-75.488359,39.714712],[-75.488042,39.71474],[-75.487294,39.715334],[-75.486357,39.715743],[-75.485942,39.715871],[-75.485457,39.715912],[-75.485062,39.715835],[-75.48387,39.715361],[-75.483548,39.71526],[-75.483466,39.715047],[-75.483183,39.714781],[-75.482937,39.714403],[-75.482626,39.71404],[-75.482204,39.713762],[-75.481874,39.713682],[-75.480525,39.713655],[-75.480288,39.713684],[-75.479845,39.713656],[-75.479356,39.713705],[-75.479228,39.713736],[-75.478818,39.713874],[-75.478528,39.714077],[-75.478247,39.71438],[-75.478069,39.71468],[-75.477884,39.714777],[-75.477666,39.715095],[-75.476455,39.71616],[-75.476348,39.716403],[-75.476334,39.716616],[-75.476381,39.717265],[-75.476327,39.717538],[-75.4764,39.717825],[-75.476439,39.718661],[-75.47625,39.719429],[-75.476324,39.72042],[-75.476632,39.721471],[-75.476507,39.722542],[-75.476857,39.722849],[-75.476763,39.723046],[-75.476569,39.723065],[-75.476284,39.724024],[-75.476509,39.724572],[-75.477227,39.724932],[-75.477002,39.725585],[-75.476558,39.72626],[-75.476277,39.726736],[-75.476127,39.727254],[-75.475815,39.727817],[-75.475702,39.72811],[-75.475409,39.728571],[-75.475328,39.728869],[-75.475071,39.729464],[-75.475262,39.729828],[-75.475224,39.731004],[-75.47553,39.732177],[-75.475518,39.733325],[-75.475689,39.733662],[-75.475246,39.733993],[-75.47484,39.734454],[-75.475127,39.734728],[-75.474936,39.735154],[-75.47463,39.735174],[-75.473928,39.736513],[-75.472873,39.738437],[-75.472398,39.738755],[-75.471586,39.739744],[-75.47093,39.74034],[-75.470534,39.74197],[-75.469485,39.742743],[-75.469375,39.742891],[-75.468157,39.745618],[-75.467916,39.746122],[-75.46788,39.746458],[-75.467486,39.747736],[-75.466567,39.749855],[-75.466137,39.750447],[-75.466223,39.750816],[-75.463544,39.757016],[-75.463927,39.760768],[-75.459498,39.765796],[-75.452317,39.769021],[-75.4493,39.774458],[-75.450691,39.77507],[-75.438339,39.784378],[-75.40546,39.796416],[-75.422233,39.806051],[-75.424976,39.80768],[-75.428616,39.809551],[-75.436729,39.813519],[-75.444955,39.81706],[-75.453099,39.820328],[-75.461004,39.823171],[-75.472476,39.82695],[-75.472674,39.826803],[-75.476736,39.82803],[-75.481281,39.829383],[-75.487369,39.830932],[-75.496805,39.833095],[-75.505173,39.834675],[-75.514149,39.836174],[-75.523411,39.837408],[-75.534727,39.838491],[-75.5441,39.839129],[-75.556334,39.839536],[-75.568916,39.839392],[-75.578986,39.838946],[-75.590635,39.837987],[-75.59906,39.837022],[-75.608801,39.835627],[-75.618814,39.833825],[-75.629737,39.831503],[-75.634992,39.830216],[-75.644371,39.827638],[-75.652031,39.825268],[-75.661641,39.821905],[-75.669493,39.818771],[-75.676861,39.815625],[-75.684987,39.81173],[-75.694755,39.806635],[-75.702081,39.802294],[-75.708217,39.798358],[-75.713773,39.794587],[-75.718362,39.791256],[-75.723074,39.787594],[-75.72805,39.783465],[-75.730728,39.781131],[-75.737073,39.775299],[-75.741301,39.771021],[-75.745268,39.766759],[-75.748177,39.763439],[-75.753541,39.756861],[-75.757741,39.751196],[-75.76214,39.744676],[-75.766993,39.736366],[-75.771945,39.726464],[-75.773786,39.7222],[-75.788596,39.722199]]]},"properties":{"code":"[302]"}},{"type":"Feature","geometry":{"type":"Polygon","coordinates":[[[-105.442149,40.352663],[-105.442031,40.275258],[-105.638748,40.275261],[-105.675468,40.19096],[-105.668921,40.157614],[-105.628217,40.143689],[-105.635413,40.044993],[-105.690249,40.015132],[-105.694854,39.837363],[-105.855305,39.796604],[-105.892114,39.7972],[-105.882489,39.737052],[-105.906432,39.72724],[-105.925161,39.679204],[-105.810592,39.635149],[-105.760324,39.635492],[-105.725119,39.682973],[-105.702486,39.682986],[-105.716968,39.609326],[-105.708798,39.598815],[-105.718595,39.590196],[-105.719491,39.581889],[-105.726245,39.574683],[-105.723945,39.566375],[-105.828231,39.566306],[-105.825212,39.55413],[-105.811121,39.552506],[-105.818668,39.544867],[-105.821794,39.529417],[-105.830154,39.532083],[-105.843871,39.523826],[-105.851065,39.51629],[-105.827167,39.497496],[-105.822675,39.488114],[-105.801741,39.480874],[-105.795578,39.481933],[-105.773141,39.476241],[-105.753985,39.470187],[-105.722318,39.456797],[-105.734176,39.447923],[-105.749333,39.441567],[-105.762417,39.431232],[-105.765484,39.421161],[-105.756502,39.410821],[-105.754465,39.403177],[-105.761386,39.401924],[-105.772737,39.40636],[-105.778877,39.405214],[-105.786634,39.391799],[-105.751712,39.390937],[-105.747475,39.385159],[-105.742802,39.384754],[-105.73729,39.381603],[-105.736826,39.37938],[-105.729265,39.374395],[-105.727438,39.371225],[-105.723341,39.369759],[-105.722723,39.365762],[-105.717568,39.362718],[-105.715968,39.359076],[-105.71088,39.35661],[-105.700414,39.355264],[-105.691078,39.350921],[-105.686383,39.348473],[-105.677937,39.35535],[-105.670202,39.356763],[-105.653093,39.352904],[-105.629079,39.346031],[-105.620952,39.346455],[-105.606202,39.337577],[-105.596913,39.330072],[-105.596302,39.326362],[-105.588774,39.323719],[-105.580931,39.320834],[-105.577019,39.318119],[-105.561953,39.313251],[-105.555635,39.310838],[-105.550898,39.305048],[-105.549195,39.301456],[-105.54269,39.297799],[-105.538204,39.294387],[-105.537032,39.291022],[-105.526041,39.28809],[-105.518922,39.285873],[-105.518505,39.284177],[-105.515682,39.282275],[-105.512232,39.282518],[-105.511291,39.28361],[-105.504286,39.283206],[-105.392905,39.211269],[-105.39346,39.131678],[-104.306327,39.133182],[-104.30696,39.2908],[-104.248282,39.273793],[-104.206074,39.569773],[-103.594533,39.566143],[-103.591585,39.988203],[-103.591667,40.001277],[-104.093993,40.000956],[-104.150733,40.000866],[-104.148052,40.305676],[-104.161621,40.30968],[-104.170501,40.304721],[-104.178189,40.305623],[-104.187954,40.298637],[-104.194457,40.301116],[-104.202441,40.298976],[-104.214707,40.305625],[-104.223576,40.307091],[-104.226532,40.305175],[-104.238799,40.307092],[-104.245004,40.305854],[-104.253571,40.307433],[-104.26582,40.302819],[-104.27394,40.306199],[-104.283529,40.306539],[-104.286954,40.303633],[-104.29129,40.304851],[-104.294259,40.301548],[-104.305894,40.302681],[-104.31342,40.309464],[-104.324822,40.311726],[-104.332801,40.310771],[-104.345903,40.311033],[-104.350333,40.312967],[-104.365249,40.313057],[-104.367639,40.315054],[-104.384426,40.320749],[-104.391251,40.337838],[-104.397226,40.341757],[-104.403486,40.340889],[-104.414637,40.348692],[-104.417525,40.346084],[-104.41481,40.344109],[-104.415612,40.325481],[-104.46311,40.348768],[-104.50831,40.319679],[-104.527508,40.290737],[-104.602171,40.29043],[-104.602971,40.145506],[-104.811127,40.14536],[-104.812521,40.152535],[-104.848597,40.152417],[-104.848537,40.14524],[-104.885936,40.145463],[-104.88573,40.174819],[-104.941808,40.175468],[-104.941751,40.18225],[-104.945578,40.182086],[-104.946524,40.179458],[-104.949319,40.180082],[-104.950824,40.179228],[-104.9522,40.180476],[-104.951985,40.181363],[-104.95048,40.181757],[-104.948932,40.183334],[-104.950437,40.18455],[-104.953361,40.182644],[-104.955124,40.18225],[-104.956629,40.18087],[-104.958378,40.179691],[-104.960915,40.179461],[-104.96242,40.178443],[-104.964484,40.178509],[-104.965559,40.177983],[-104.966085,40.189734],[-104.980237,40.189734],[-104.980195,40.197754],[-104.989139,40.199331],[-104.989022,40.204384],[-104.998396,40.204515],[-105.00603,40.203994],[-105.017298,40.20389],[-105.03626,40.226787],[-105.034219,40.227717],[-105.029627,40.226852],[-105.026878,40.227847],[-105.023788,40.227696],[-105.021917,40.228605],[-105.021917,40.232954],[-105.055075,40.232791],[-105.055087,40.261785],[-105.237439,40.26198],[-105.237463,40.263113],[-105.238259,40.264328],[-105.23819,40.26639],[-105.239333,40.26861],[-105.238952,40.270089],[-105.242085,40.274343],[-105.243032,40.278454],[-105.243185,40.281187],[-105.24388,40.282441],[-105.242959,40.284003],[-105.237896,40.284992],[-105.23622,40.365272],[-105.235018,40.368463],[-105.234198,40.3699],[-105.235756,40.371087],[-105.237725,40.369931],[-105.242093,40.368369],[-105.242376,40.367126],[-105.243216,40.366751],[-105.243483,40.365845],[-105.244508,40.365063],[-105.244754,40.364126],[-105.246436,40.36361],[-105.247687,40.364126],[-105.247851,40.364985],[-105.248364,40.365532],[-105.249286,40.36486],[-105.249348,40.363813],[-105.25023,40.363313],[-105.250455,40.362516],[-105.251501,40.362266],[-105.25228,40.362595],[-105.254454,40.362532],[-105.255218,40.364028],[-105.254379,40.364914],[-105.256705,40.365842],[-105.256083,40.367181],[-105.256976,40.367408],[-105.259112,40.366645],[-105.25941,40.363822],[-105.260762,40.363431],[-105.262439,40.361762],[-105.26398,40.36137],[-105.265711,40.360628],[-105.26725,40.360442],[-105.268927,40.360875],[-105.270225,40.359762],[-105.271641,40.359786],[-105.272337,40.360191],[-105.27587,40.360274],[-105.278616,40.359828],[-105.280977,40.361711],[-105.281435,40.362729],[-105.284823,40.36661],[-105.285312,40.368571],[-105.284689,40.369379],[-105.285385,40.369868],[-105.285293,40.371053],[-105.286465,40.372239],[-105.288672,40.373477],[-105.290027,40.373672],[-105.291784,40.374843],[-105.293981,40.375666],[-105.294801,40.37507],[-105.297181,40.374875],[-105.2987,40.37468],[-105.302453,40.374917],[-105.304393,40.374666],[-105.306667,40.375248],[-105.308204,40.375388],[-105.31095,40.376294],[-105.311756,40.375834],[-105.312195,40.374955],[-105.314567,40.374289],[-105.315721,40.37341],[-105.31724,40.373117],[-105.318521,40.373354],[-105.319016,40.374095],[-105.320762,40.373437],[-105.322865,40.374209],[-105.323916,40.374181],[-105.325137,40.373795],[-105.327078,40.373821],[-105.327491,40.373577],[-105.330457,40.373863],[-105.331283,40.374235],[-105.333048,40.374092],[-105.333724,40.372919],[-105.332804,40.372347],[-105.331809,40.37259],[-105.330007,40.371489],[-105.330551,40.370817],[-105.332522,40.37106],[-105.33286,40.370617],[-105.332326,40.369069],[-105.331781,40.368511],[-105.332285,40.367753],[-105.334087,40.368912],[-105.336541,40.367882],[-105.33825,40.36811],[-105.339113,40.367367],[-105.338978,40.366401],[-105.339897,40.366005],[-105.341894,40.366101],[-105.342775,40.36558],[-105.346265,40.366389],[-105.35015,40.365087],[-105.356117,40.365536],[-105.362125,40.364508],[-105.373095,40.367496],[-105.374542,40.36725],[-105.376934,40.365207],[-105.377896,40.365016],[-105.381871,40.36566],[-105.384695,40.366523],[-105.387148,40.366696],[-105.390224,40.36671],[-105.392652,40.367683],[-105.396304,40.366984],[-105.401704,40.367135],[-105.405183,40.366677],[-105.415203,40.367699],[-105.415944,40.367825],[-105.418604,40.367047],[-105.419827,40.36595],[-105.421132,40.36572],[-105.422905,40.365746],[-105.426185,40.365675],[-105.427256,40.36412],[-105.42836,40.364324],[-105.428572,40.363911],[-105.430959,40.363353],[-105.432195,40.361086],[-105.435392,40.360357],[-105.437561,40.3604],[-105.439003,40.361115],[-105.442067,40.36193],[-105.446335,40.362506],[-105.449589,40.361679],[-105.455883,40.360418],[-105.453504,40.355821],[-105.458396,40.356238],[-105.45867,40.353823],[-105.45597,40.352571],[-105.459296,40.35105],[-105.442149,40.352663]]]},"properties":{"code":"[303,720,983]"}},{"type":"Feature","geometry":{"type":"Polygon","coordinates":[[[-82.594492,38.420121],[-82.596112,38.417628],[-82.596327,38.410349],[-82.594122,38.399612],[-82.594526,38.397466],[-82.598894,38.393197],[-82.598984,38.388728],[-82.5933,38.381244],[-82.592104,38.376008],[-82.596397,38.366857],[-82.597698,38.360751],[-82.598099,38.346729],[-82.596999,38.343595],[-82.594702,38.34242],[-82.588208,38.340144],[-82.584809,38.334183],[-82.576208,38.328292],[-82.57499,38.322847],[-82.571099,38.315645],[-82.571597,38.312826],[-82.579579,38.303434],[-82.582932,38.296385],[-82.579236,38.290974],[-82.579254,38.284098],[-82.574163,38.274693],[-82.574765,38.263766],[-82.583617,38.246298],[-82.591391,38.245437],[-82.604644,38.247628],[-82.608033,38.244967],[-82.612569,38.23503],[-82.608171,38.222645],[-82.598294,38.21779],[-82.599106,38.19711],[-82.611544,38.171425],[-82.619227,38.168906],[-82.626307,38.170716],[-82.63796,38.171432],[-82.642635,38.16987],[-82.644682,38.165425],[-82.638491,38.156083],[-82.63836,38.144234],[-82.636268,38.137494],[-82.621416,38.133258],[-82.620913,38.122665],[-82.618817,38.120387],[-82.606558,38.121021],[-82.59886,38.116912],[-82.591774,38.110081],[-82.585591,38.10812],[-82.585005,38.098727],[-82.585706,38.09504],[-82.582824,38.089318],[-82.572983,38.081428],[-82.565707,38.081192],[-82.559735,38.072568],[-82.550966,38.07092],[-82.549047,38.067597],[-82.549347,38.063121],[-82.544657,38.059038],[-82.545055,38.054953],[-82.540962,38.047723],[-82.536968,38.044735],[-82.539115,38.038956],[-82.532725,38.029443],[-82.526131,38.027081],[-82.525768,38.019568],[-82.519369,38.007604],[-82.515173,38.006108],[-82.519166,38.001698],[-82.512988,37.99884],[-82.508397,38.001436],[-82.500211,37.999076],[-82.487934,37.99884],[-82.485737,37.995457],[-82.486077,37.990257],[-82.484279,37.984347],[-82.481983,37.983953],[-82.472304,37.986788],[-82.46433,37.984268],[-82.464231,37.977656],[-82.469614,37.972851],[-82.477892,37.973398],[-82.48468,37.971503],[-82.484922,37.963315],[-82.471264,37.959938],[-82.475816,37.95358],[-82.486583,37.945287],[-82.495778,37.946701],[-82.497785,37.945595],[-82.49728,37.941796],[-82.488941,37.938701],[-82.491138,37.935682],[-82.499384,37.936968],[-82.502692,37.93387],[-82.497572,37.927376],[-82.481176,37.926865],[-82.480098,37.925071],[-82.488125,37.919717],[-82.487741,37.916579],[-82.480704,37.9153],[-82.47559,37.91187],[-82.474161,37.90693],[-82.476413,37.902696],[-82.474188,37.899492],[-82.471032,37.899125],[-82.468037,37.903541],[-82.468871,37.911409],[-82.467739,37.914427],[-82.463466,37.915145],[-82.461368,37.913341],[-82.460096,37.909465],[-82.452419,37.908862],[-82.447183,37.903849],[-82.4375,37.899916],[-82.434065,37.894957],[-82.432346,37.889891],[-82.428076,37.887798],[-82.421416,37.886166],[-82.419575,37.884412],[-82.419349,37.874143],[-82.416602,37.869429],[-82.410174,37.868886],[-82.407495,37.867678],[-82.410249,37.865321],[-82.422788,37.864002],[-82.424483,37.862544],[-82.424177,37.860127],[-82.414843,37.856266],[-82.418138,37.85067],[-82.42074,37.847529],[-82.419974,37.845957],[-82.413085,37.844869],[-82.408797,37.836215],[-82.399092,37.829573],[-82.398218,37.821202],[-82.401743,37.814241],[-82.402126,37.810609],[-82.400518,37.808855],[-82.396923,37.808497],[-82.387713,37.818417],[-82.385717,37.81769],[-82.381887,37.812898],[-82.378822,37.809502],[-82.376829,37.801927],[-82.368924,37.801259],[-82.365756,37.798478],[-82.363002,37.794551],[-82.354738,37.793282],[-82.348846,37.786692],[-82.339815,37.785785],[-82.338754,37.78029],[-82.339516,37.777249],[-82.33676,37.774271],[-82.331672,37.774147],[-82.329298,37.776034],[-82.32444,37.775486],[-82.322671,37.772749],[-82.325664,37.7708],[-82.333405,37.767901],[-82.334401,37.765443],[-82.328489,37.762044],[-82.318912,37.765021],[-82.312835,37.765262],[-82.310932,37.761624],[-82.318361,37.75974],[-82.321046,37.757128],[-82.321125,37.751381],[-82.327907,37.749331],[-82.334214,37.743185],[-82.332877,37.740711],[-82.326272,37.735913],[-82.318521,37.733606],[-82.318048,37.727914],[-82.317053,37.72573],[-82.315836,37.720701],[-82.311451,37.718626],[-82.310599,37.713266],[-82.308765,37.711705],[-82.306934,37.706358],[-82.301326,37.706242],[-82.296966,37.703327],[-82.296192,37.700476],[-82.301961,37.696855],[-82.302646,37.692601],[-82.297181,37.687248],[-82.295655,37.686642],[-82.297274,37.683724],[-82.304155,37.678319],[-82.304552,37.675942],[-82.3023,37.675756],[-82.294452,37.678441],[-82.294691,37.670211],[-82.287034,37.668312],[-82.284275,37.675696],[-82.283212,37.676239],[-82.281982,37.675806],[-82.278222,37.670179],[-82.27477,37.668448],[-82.272548,37.664606],[-82.269951,37.663037],[-82.265098,37.661431],[-82.260245,37.658076],[-82.25693,37.65675],[-82.251051,37.657102],[-82.246573,37.659888],[-82.24025,37.661674],[-82.237139,37.659834],[-82.236012,37.659726],[-82.234029,37.657723],[-82.234029,37.656316],[-82.232008,37.65515],[-82.230915,37.655367],[-82.225617,37.652661],[-82.225569,37.648415],[-82.224117,37.644679],[-82.219013,37.642882],[-82.216563,37.641391],[-82.218346,37.637242],[-82.220524,37.634817],[-82.214701,37.627396],[-82.216111,37.626386],[-82.213161,37.625111],[-82.207591,37.62543],[-82.206183,37.624898],[-82.202488,37.626121],[-82.202582,37.627442],[-82.201227,37.628062],[-82.192861,37.625964],[-82.188557,37.626513],[-82.18612,37.628372],[-82.186822,37.634457],[-82.187815,37.63942],[-82.190373,37.641279],[-82.191396,37.644544],[-82.185391,37.648837],[-82.177155,37.648682],[-82.174296,37.647562],[-82.177396,37.640458],[-82.174789,37.635895],[-82.172231,37.633798],[-82.172833,37.631677],[-82.175599,37.629893],[-82.181918,37.627129],[-82.182839,37.624423],[-82.181003,37.621157],[-82.17685,37.618082],[-82.172505,37.619727],[-82.169165,37.621967],[-82.163808,37.620037],[-82.169621,37.613043],[-82.168657,37.60887],[-82.165798,37.607583],[-82.158158,37.609686],[-82.156353,37.608923],[-82.156082,37.605029],[-82.157286,37.602549],[-82.156894,37.601285],[-82.157675,37.596916],[-82.157404,37.593673],[-82.156324,37.592413],[-82.148078,37.590744],[-82.140959,37.595156],[-82.130815,37.592875],[-82.129043,37.588346],[-82.126518,37.585117],[-82.125854,37.578868],[-82.124702,37.578412],[-82.124361,37.577105],[-82.124999,37.5751],[-82.127027,37.573041],[-82.129192,37.572084],[-82.141072,37.571213],[-82.143328,37.570654],[-82.144306,37.569822],[-82.144944,37.56751],[-82.144556,37.566372],[-82.138267,37.564854],[-82.134224,37.563085],[-82.133678,37.559272],[-82.135273,37.557321],[-82.133844,37.553247],[-82.127687,37.551246],[-82.123257,37.551527],[-82.121131,37.55416],[-82.120917,37.556357],[-82.117152,37.559447],[-82.11033,37.55878],[-82.105058,37.560185],[-82.102755,37.559904],[-82.10178,37.558394],[-82.103951,37.555971],[-82.105369,37.55446],[-82.104837,37.553021],[-82.10054,37.55288],[-82.094959,37.554461],[-82.09106,37.554987],[-82.088801,37.556111],[-82.086194,37.555268],[-82.080834,37.555268],[-82.076094,37.555936],[-82.073082,37.555022],[-82.072019,37.551265],[-82.068295,37.548805],[-82.063688,37.542764],[-82.064992,37.539065],[-82.064903,37.537238],[-82.061492,37.536009],[-82.056132,37.536852],[-82.051254,37.535798],[-82.04833,37.534041],[-82.048773,37.52958],[-82.047267,37.528105],[-82.044919,37.52821],[-82.043457,37.530037],[-82.041951,37.534217],[-82.042217,37.53643],[-82.044742,37.541804],[-82.045096,37.545492],[-82.044183,37.547652],[-82.040507,37.54839],[-82.038203,37.547055],[-82.037229,37.542665],[-82.033773,37.5414],[-82.029448,37.537698],[-82.025993,37.537593],[-82.020987,37.540543],[-82.019481,37.540613],[-82.017443,37.53963],[-82.016513,37.536117],[-82.015789,37.533715],[-82.0082,37.533101],[-82.005328,37.535163],[-82.003174,37.538474],[-82.000427,37.542303],[-81.998398,37.543337],[-81.996537,37.542986],[-81.99636,37.541546],[-81.996803,37.538736],[-81.994189,37.537752],[-81.991842,37.538981],[-81.989582,37.542424],[-81.987855,37.543091],[-81.981704,37.542153],[-81.97599,37.545912],[-81.973472,37.546592],[-81.969795,37.546697],[-81.964451,37.542974],[-81.967982,37.537929],[-81.967632,37.532907],[-81.957064,37.535816],[-81.955536,37.528579],[-81.945011,37.531834],[-81.947177,37.524393],[-81.943062,37.520401],[-81.944285,37.51292],[-81.937342,37.513543],[-81.933716,37.519674],[-81.925899,37.51382],[-81.927662,37.511684],[-81.943773,37.508186],[-81.943907,37.502087],[-81.952877,37.501147],[-81.952671,37.491637],[-81.965469,37.493196],[-81.977856,37.484485],[-81.985895,37.485594],[-81.992403,37.48303],[-81.996462,37.47657],[-81.995403,37.469788],[-81.993045,37.468436],[-81.99205,37.46088],[-81.98848,37.460347],[-81.987294,37.455399],[-81.985088,37.454284],[-81.979761,37.457047],[-81.973291,37.456211],[-81.968961,37.451327],[-81.970399,37.447917],[-81.967423,37.447027],[-81.956867,37.448625],[-81.94916,37.445585],[-81.945124,37.439999],[-81.939084,37.440131],[-81.935273,37.438313],[-81.935417,37.43625],[-81.936654,37.436064],[-81.937151,37.43401],[-81.935614,37.432004],[-81.938307,37.431896],[-81.940401,37.42888],[-81.93765,37.420019],[-81.934698,37.419918],[-81.932375,37.414928],[-81.928061,37.414587],[-81.92521,37.411961],[-81.923191,37.411501],[-81.924421,37.407126],[-81.930149,37.405222],[-81.930508,37.401175],[-81.927757,37.398289],[-81.928941,37.393626],[-81.933705,37.390879],[-81.931308,37.385795],[-81.93664,37.380382],[-81.93111,37.375935],[-81.933786,37.372718],[-81.93308,37.36926],[-81.926046,37.365335],[-81.928194,37.360542],[-81.924686,37.357133],[-81.92394,37.358159],[-81.916887,37.349571],[-81.909856,37.348595],[-81.908543,37.344805],[-81.89955,37.341306],[-81.89635,37.3351],[-81.897772,37.333393],[-81.896867,37.332059],[-81.894925,37.331932],[-81.8934,37.32987],[-81.890647,37.331845],[-81.888604,37.331549],[-81.885567,37.330278],[-81.88238,37.330205],[-81.879989,37.331378],[-81.879316,37.332431],[-81.877286,37.331351],[-81.878296,37.32883],[-81.877663,37.328818],[-81.877001,37.327775],[-81.875696,37.327522],[-81.874939,37.328264],[-81.873891,37.327495],[-81.873559,37.325577],[-81.872382,37.324117],[-81.872818,37.322944],[-81.872264,37.322207],[-81.871176,37.322353],[-81.870094,37.320579],[-81.867246,37.320792],[-81.866833,37.319803],[-81.865621,37.319742],[-81.865317,37.319102],[-81.862913,37.317712],[-81.861944,37.316066],[-81.860989,37.316167],[-81.860076,37.315689],[-81.859849,37.313942],[-81.863616,37.312323],[-81.865347,37.310352],[-81.865683,37.309412],[-81.865272,37.308684],[-81.86409,37.307773],[-81.863989,37.307316],[-81.862561,37.306512],[-81.862071,37.305654],[-81.860326,37.305407],[-81.859442,37.304784],[-81.856024,37.30676],[-81.854507,37.306728],[-81.85407,37.305411],[-81.854598,37.3036],[-81.85369,37.300684],[-81.854976,37.299669],[-81.854744,37.297992],[-81.85257,37.297959],[-81.852359,37.296507],[-81.853659,37.294087],[-81.854342,37.291752],[-81.853496,37.287676],[-81.8499,37.287436],[-81.849939,37.285163],[-81.848569,37.285471],[-81.848021,37.284949],[-81.846602,37.284777],[-81.846413,37.285283],[-81.844958,37.285147],[-81.842944,37.285614],[-81.84145,37.28536],[-81.840375,37.286086],[-81.839449,37.285967],[-81.838651,37.286365],[-81.835894,37.285354],[-81.833546,37.285014],[-81.833755,37.283333],[-81.834391,37.283075],[-81.834565,37.281788],[-81.83192,37.28167],[-81.831259,37.280939],[-81.828515,37.281458],[-81.827719,37.280822],[-81.826263,37.280713],[-81.825614,37.279136],[-81.824859,37.279558],[-81.822236,37.279934],[-81.821434,37.279446],[-81.819097,37.279558],[-81.806357,37.283667],[-81.804774,37.285717],[-81.793422,37.284748],[-81.793096,37.281062],[-81.789044,37.284268],[-81.784376,37.282331],[-81.783195,37.282681],[-81.781217,37.28074],[-81.779508,37.28021],[-81.779386,37.277332],[-81.777152,37.275473],[-81.768654,37.273426],[-81.761917,37.275985],[-81.759378,37.275285],[-81.758464,37.276443],[-81.756569,37.275904],[-81.757306,37.268517],[-81.749477,37.264175],[-81.74599,37.263905],[-81.746138,37.261895],[-81.744953,37.260845],[-81.745494,37.257878],[-81.743908,37.257815],[-81.743814,37.255904],[-81.740781,37.254323],[-81.743535,37.247913],[-81.744286,37.242693],[-81.741082,37.241843],[-81.739933,37.237657],[-81.733363,37.238266],[-81.731246,37.240205],[-81.72286,37.240411],[-81.722068,37.238536],[-81.719768,37.238703],[-81.718319,37.235569],[-81.716302,37.234673],[-81.715622,37.228887],[-81.711661,37.227625],[-81.707634,37.223928],[-81.703707,37.223303],[-81.703707,37.221341],[-81.700887,37.220858],[-81.696134,37.217127],[-81.69467,37.213459],[-81.686678,37.213203],[-81.685857,37.211497],[-81.683465,37.211639],[-81.683173,37.205916],[-81.680705,37.20326],[-81.678152,37.202382],[-81.67817,37.201592],[-81.560597,37.206693],[-81.553722,37.208429],[-81.553385,37.210531],[-81.547202,37.216151],[-81.545023,37.220721],[-81.54114,37.220391],[-81.538838,37.221955],[-81.532963,37.223746],[-81.530599,37.225384],[-81.526187,37.226314],[-81.52374,37.228011],[-81.520814,37.227227],[-81.508016,37.233435],[-81.506508,37.236104],[-81.506615,37.244456],[-81.503053,37.253243],[-81.498821,37.25814],[-81.49772,37.25424],[-81.495506,37.252282],[-81.49164,37.251037],[-81.486982,37.251802],[-81.482888,37.250753],[-81.480164,37.251229],[-81.480076,37.252613],[-81.476768,37.254083],[-81.476188,37.255859],[-81.473711,37.256069],[-81.473289,37.257076],[-81.471172,37.256925],[-81.468576,37.25775],[-81.467284,37.258538],[-81.465574,37.258336],[-81.464212,37.259735],[-81.461791,37.260199],[-81.461082,37.262451],[-81.458732,37.262898],[-81.460748,37.265416],[-81.453406,37.267376],[-81.451671,37.269023],[-81.448825,37.269798],[-81.448184,37.272179],[-81.445118,37.272394],[-81.444246,37.271339],[-81.442487,37.271738],[-81.439465,37.270842],[-81.437144,37.274025],[-81.433352,37.273674],[-81.428325,37.271013],[-81.42508,37.271815],[-81.423448,37.271301],[-81.421156,37.272614],[-81.41629,37.273425],[-81.416063,37.276562],[-81.416307,37.278518],[-81.411779,37.280189],[-81.409829,37.284247],[-81.409134,37.28734],[-81.406951,37.289294],[-81.405927,37.293446],[-81.402205,37.295886],[-81.405029,37.298675],[-81.401946,37.301807],[-81.398243,37.303171],[-81.396879,37.304452],[-81.398428,37.30795],[-81.39821,37.310902],[-81.3953,37.312472],[-81.394328,37.316483],[-81.392841,37.316309],[-81.389725,37.317755],[-81.388743,37.320012],[-81.385827,37.320697],[-81.38477,37.318643],[-81.379325,37.317624],[-81.374511,37.318994],[-81.372526,37.320471],[-81.371502,37.324313],[-81.369312,37.324592],[-81.367247,37.32726],[-81.369399,37.331119],[-81.369047,37.332619],[-81.367527,37.332924],[-81.365571,37.337689],[-81.362775,37.338126],[-81.320023,37.299279],[-81.2251,37.2349],[-81.200944,37.244841],[-81.191938,37.250498],[-81.183199,37.254593],[-81.180049,37.257065],[-81.166694,37.26307],[-81.144651,37.268702],[-81.123243,37.275396],[-81.094511,37.282702],[-81.049062,37.289226],[-81.035413,37.290405],[-81.021693,37.294266],[-80.99984,37.297884],[-80.994609,37.299809],[-80.986565,37.301373],[-80.985157,37.300705],[-80.983107,37.301314],[-80.981773,37.300961],[-80.980736,37.302061],[-80.979451,37.302316],[-80.978982,37.300391],[-80.980785,37.298505],[-80.98075,37.29718],[-80.98211,37.296008],[-80.981118,37.294565],[-80.98126,37.293438],[-80.980126,37.292739],[-80.973093,37.2915],[-80.966213,37.292258],[-80.955751,37.294082],[-80.946887,37.296212],[-80.936151,37.300489],[-80.923792,37.30465],[-80.913589,37.308687],[-80.909538,37.311425],[-80.89793,37.316402],[-80.886299,37.325017],[-80.874969,37.333194],[-80.86804,37.339334],[-80.860642,37.342303],[-80.849434,37.346905],[-80.883228,37.383921],[-80.863002,37.411519],[-80.865477,37.417271],[-80.859641,37.429601],[-80.857034,37.427037],[-80.851509,37.426375],[-80.846502,37.423562],[-80.84379,37.423479],[-80.841394,37.426128],[-80.836607,37.425216],[-80.834933,37.423065],[-80.81211,37.407782],[-80.806155,37.404075],[-80.806276,37.398336],[-80.804566,37.397905],[-80.80368,37.398427],[-80.801595,37.397768],[-80.800966,37.396271],[-80.799738,37.395794],[-80.79771,37.395817],[-80.795404,37.395185],[-80.790463,37.395684],[-80.787958,37.394864],[-80.784144,37.394582],[-80.783325,37.392681],[-80.783438,37.390749],[-80.782086,37.388729],[-80.777292,37.385174],[-80.776231,37.382953],[-80.770065,37.37237],[-80.766855,37.373349],[-80.764093,37.373727],[-80.757951,37.375657],[-80.75505,37.37743],[-80.751051,37.378073],[-80.748528,37.38004],[-80.743528,37.379813],[-80.741133,37.381598],[-80.738133,37.382317],[-80.737514,37.383338],[-80.734134,37.38349],[-80.727682,37.386341],[-80.72573,37.385546],[-80.724254,37.386379],[-80.72373,37.388081],[-80.719464,37.389561],[-80.716178,37.388766],[-80.715893,37.39028],[-80.71375,37.391528],[-80.704878,37.394827],[-80.70111,37.396784],[-80.697301,37.399659],[-80.693968,37.400037],[-80.689483,37.402914],[-80.684865,37.404237],[-80.678056,37.407906],[-80.664619,37.414286],[-80.650711,37.421306],[-80.636769,37.427492],[-80.634436,37.431129],[-80.622593,37.434087],[-80.61677,37.43975],[-80.597028,37.445966],[-80.585518,37.456797],[-80.582727,37.45672],[-80.576521,37.462042],[-80.564781,37.467409],[-80.552491,37.473561],[-80.537557,37.474374],[-80.529935,37.477312],[-80.522457,37.477067],[-80.518927,37.479283],[-80.514797,37.478795],[-80.511406,37.481665],[-80.492943,37.45771],[-80.49728,37.44474],[-80.494852,37.434961],[-80.475567,37.422952],[-80.46468,37.426168],[-80.457245,37.432278],[-80.451546,37.433977],[-80.442848,37.438198],[-80.425624,37.449868],[-80.405046,37.459312],[-80.402763,37.460317],[-80.399879,37.462315],[-80.382515,37.47037],[-80.378231,37.471403],[-80.371879,37.474104],[-80.369546,37.476599],[-80.366154,37.478552],[-80.363191,37.48],[-80.366798,37.48489],[-80.365779,37.484936],[-80.362465,37.486513],[-80.360278,37.487015],[-80.35483,37.488544],[-80.351683,37.489797],[-80.34767,37.491052],[-80.343637,37.492179],[-80.339974,37.492756],[-80.336878,37.492952],[-80.331943,37.493759],[-80.326917,37.49544],[-80.321887,37.498369],[-80.316572,37.500245],[-80.309377,37.502871],[-80.309827,37.503831],[-80.299556,37.508493],[-80.282404,37.533525],[-80.291423,37.536556],[-80.30926,37.527523],[-80.330322,37.536327],[-80.328473,37.537755],[-80.327235,37.540264],[-80.32132,37.541536],[-80.318385,37.543936],[-80.314029,37.544299],[-80.312241,37.546263],[-80.328496,37.564326],[-80.323011,37.566461],[-80.317357,37.568871],[-80.315365,37.570373],[-80.310623,37.571818],[-80.30123,37.576709],[-80.294739,37.578872],[-80.285133,37.584075],[-80.282848,37.585404],[-80.279778,37.5855],[-80.277012,37.587885],[-80.272202,37.59008],[-80.265575,37.593018],[-80.263522,37.593386],[-80.25881,37.595458],[-80.253612,37.599552],[-80.243826,37.605171],[-80.242033,37.606327],[-80.240148,37.607001],[-80.236812,37.6101],[-80.235931,37.61181],[-80.231531,37.615157],[-80.226726,37.619371],[-80.22323,37.62332],[-80.222298,37.626254],[-80.220988,37.627781],[-80.233487,37.634568],[-80.234149,37.634932],[-80.237012,37.636345],[-80.239284,37.637675],[-80.240705,37.638293],[-80.264237,37.645299],[-80.267364,37.646058],[-80.270322,37.648914],[-80.273538,37.6518],[-80.278771,37.656295],[-80.27936,37.657063],[-80.283721,37.665916],[-80.292242,37.683768],[-80.293234,37.686145],[-80.296189,37.691793],[-80.294879,37.693668],[-80.287268,37.696227],[-80.283225,37.699815],[-80.280652,37.702595],[-80.276531,37.705549],[-80.272063,37.711572],[-80.268026,37.712886],[-80.267058,37.715819],[-80.258201,37.720675],[-80.252111,37.729688],[-80.261732,37.734662],[-80.262328,37.74212],[-80.257046,37.756133],[-80.250555,37.75583],[-80.250954,37.76487],[-80.247603,37.768596],[-80.241174,37.768292],[-80.24066,37.772632],[-80.235336,37.773313],[-80.229502,37.778467],[-80.224184,37.776838],[-80.221832,37.778111],[-80.216554,37.776243],[-80.215508,37.781844],[-80.219778,37.783204],[-80.223253,37.782157],[-80.224605,37.785124],[-80.222816,37.786536],[-80.229564,37.792465],[-80.227085,37.799148],[-80.218691,37.809721],[-80.216654,37.809714],[-80.206689,37.815853],[-80.202391,37.825197],[-80.19345,37.833087],[-80.185558,37.838082],[-80.179609,37.839857],[-80.183863,37.847176],[-80.182065,37.852811],[-80.176823,37.852616],[-80.175897,37.855871],[-80.171803,37.858547],[-80.170627,37.864626],[-80.165202,37.869004],[-80.161661,37.875478],[-80.154292,37.881366],[-80.149989,37.88353],[-80.148967,37.886745],[-80.141352,37.88255],[-80.138045,37.886331],[-80.131523,37.889794],[-80.130146,37.893994],[-80.126626,37.89481],[-80.123051,37.898046],[-80.117661,37.897311],[-80.117074,37.900321],[-80.119147,37.903084],[-80.116663,37.906476],[-80.113197,37.907533],[-80.110993,37.910859],[-80.107076,37.912399],[-80.102918,37.918692],[-80.096391,37.918138],[-80.090844,37.926497],[-80.080986,37.935455],[-80.06756,37.946865],[-80.055715,37.952077],[-80.046457,37.959959],[-80.036225,37.965908],[-80.029061,37.974028],[-80.022197,37.977853],[-80.020455,37.980773],[-80.013115,37.984413],[-80.011998,37.988632],[-80.001918,37.99286],[-79.998795,37.997415],[-79.998479,37.999694],[-79.996071,38.000425],[-79.994495,38.004173],[-79.995961,38.00621],[-79.989892,38.013403],[-79.986119,38.014302],[-79.985111,38.019659],[-79.978603,38.029169],[-79.975128,38.030143],[-79.971804,38.035707],[-79.974085,38.040074],[-79.965754,38.051482],[-79.959715,38.064145],[-79.961515,38.066718],[-79.954137,38.078752],[-79.953841,38.081317],[-79.946762,38.08543],[-79.945412,38.088745],[-79.937675,38.095073],[-79.934042,38.097453],[-79.933623,38.099753],[-79.926088,38.106888],[-79.929698,38.109344],[-79.934492,38.109639],[-79.938494,38.11106],[-79.941309,38.117796],[-79.940811,38.120795],[-79.94354,38.123608],[-79.941142,38.124829],[-79.944799,38.132442],[-79.938917,38.13546],[-79.933906,38.135175],[-79.928703,38.139946],[-79.928266,38.144901],[-79.925474,38.150266],[-79.918619,38.154949],[-79.918797,38.163198],[-79.915786,38.163486],[-79.915144,38.168281],[-79.918271,38.16893],[-79.918715,38.172884],[-79.916135,38.177801],[-79.920993,38.180422],[-79.91965,38.183042],[-79.916034,38.184263],[-79.916131,38.186701],[-79.914136,38.188475],[-79.912121,38.187631],[-79.907438,38.188273],[-79.897503,38.193445],[-79.897311,38.196125],[-79.893326,38.199857],[-79.891301,38.204353],[-79.887062,38.208066],[-79.883545,38.207192],[-79.875124,38.212949],[-79.868303,38.219576],[-79.860368,38.225689],[-79.855742,38.231943],[-79.849024,38.233222],[-79.8453,38.24146],[-79.834765,38.242022],[-79.830461,38.249211],[-79.824571,38.250329],[-79.816864,38.249956],[-79.812806,38.260542],[-79.804755,38.259577],[-79.799373,38.263246],[-79.789697,38.268205],[-79.787039,38.274463],[-79.7927,38.286903],[-79.802434,38.292473],[-79.810287,38.306239],[-79.798211,38.319571],[-79.784609,38.332021],[-79.777624,38.332749],[-79.772569,38.337665],[-79.767686,38.345153],[-79.770443,38.347727],[-79.764799,38.356048],[-79.756633,38.357643],[-79.743106,38.353248],[-79.734812,38.355437],[-79.725979,38.363493],[-79.727333,38.371523],[-79.732568,38.373516],[-79.726678,38.386672],[-79.722606,38.389887],[-79.717885,38.401775],[-79.709373,38.408313],[-79.707867,38.414858],[-79.69547,38.423493],[-79.695888,38.426877],[-79.689239,38.431692],[-79.692013,38.439551],[-79.689283,38.442051],[-79.691428,38.446825],[-79.688282,38.450615],[-79.68848,38.458833],[-79.695563,38.468992],[-79.699454,38.470477],[-79.699586,38.475331],[-79.693188,38.48028],[-79.697825,38.487191],[-79.694392,38.494454],[-79.687727,38.496734],[-79.682045,38.502487],[-79.680088,38.510633],[-79.674008,38.510624],[-79.670112,38.507806],[-79.668164,38.512693],[-79.661507,38.515514],[-79.667909,38.525092],[-79.672875,38.529085],[-79.667487,38.535882],[-79.666933,38.538364],[-79.671073,38.54063],[-79.669005,38.548398],[-79.665281,38.560588],[-79.662375,38.560607],[-79.659299,38.562949],[-79.662955,38.570234],[-79.657804,38.573421],[-79.655238,38.579011],[-79.654164,38.584533],[-79.649022,38.591481],[-79.570765,38.562781],[-79.53757,38.551776],[-79.520883,38.533895],[-79.476121,38.456658],[-79.311812,38.411689],[-79.304404,38.415632],[-79.300502,38.41525],[-79.289821,38.421103],[-79.284355,38.418252],[-79.280977,38.420836],[-79.283371,38.431712],[-79.268063,38.438039],[-79.255539,38.455596],[-79.244849,38.454433],[-79.240021,38.470766],[-79.225548,38.476685],[-79.220857,38.480706],[-79.221391,38.485048],[-79.206595,38.501112],[-79.206965,38.524564],[-79.172249,38.568769],[-79.154047,38.606482],[-79.142686,38.635253],[-79.127621,38.656103],[-79.119624,38.66021],[-79.104321,38.656898],[-79.092849,38.660468],[-79.090908,38.670343],[-79.083775,38.687349],[-79.0922,38.695297],[-79.086543,38.720388],[-79.071513,38.749178],[-79.057558,38.760966],[-79.051111,38.776336],[-79.055475,38.783712],[-79.04651,38.792522],[-79.026575,38.791199],[-79.023075,38.800428],[-79.024526,38.810518],[-79.018398,38.820617],[-79.007061,38.823858],[-79.000195,38.846991],[-78.993916,38.85012],[-78.869263,38.762963],[-78.865914,38.767048],[-78.858661,38.779815],[-78.850385,38.79184],[-78.842472,38.802323],[-78.833832,38.812991],[-78.827455,38.821803],[-78.820215,38.832701],[-78.809781,38.85194],[-78.807676,38.856937],[-78.805439,38.858783],[-78.805002,38.861472],[-78.796401,38.87401],[-78.791331,38.877702],[-78.787708,38.885444],[-78.779,38.892412],[-78.757726,38.900922],[-78.750826,38.916017],[-78.738885,38.927497],[-78.721275,38.931391],[-78.717014,38.935683],[-78.719738,38.916941],[-78.717949,38.904038],[-78.703334,38.915552],[-78.69651,38.914956],[-78.687836,38.925138],[-78.679582,38.925922],[-78.665458,38.939034],[-78.646344,38.96824],[-78.638056,38.967463],[-78.631836,38.976493],[-78.629293,38.981917],[-78.620008,38.98249],[-78.618566,38.974347],[-78.611273,38.97647],[-78.609572,38.96988],[-78.602089,38.964834],[-78.592719,38.973152],[-78.571074,39.000862],[-78.550454,39.017892],[-78.572707,39.032038],[-78.540126,39.059968],[-78.520516,39.072968],[-78.515222,39.083228],[-78.489567,39.104611],[-78.458925,39.113864],[-78.437445,39.134199],[-78.436445,39.143243],[-78.427917,39.152814],[-78.413442,39.158096],[-78.403964,39.167966],[-78.428377,39.186991],[-78.424131,39.19286],[-78.438553,39.197841],[-78.40893,39.22665],[-78.399983,39.244373],[-78.419061,39.257607],[-78.393929,39.283746],[-78.380083,39.299214],[-78.366299,39.311198],[-78.348952,39.334836],[-78.346722,39.34418],[-78.337987,39.349399],[-78.34026,39.353958],[-78.367064,39.358707],[-78.342602,39.389159],[-78.351316,39.391545],[-78.351532,39.399146],[-78.358807,39.40675],[-78.356543,39.417826],[-78.346986,39.426945],[-78.352304,39.436941],[-78.345166,39.446367],[-78.345219,39.459137],[-78.34957,39.462254],[-78.347192,39.465845],[-77.828081,39.132323],[-77.8269,39.1356],[-77.824674,39.135803],[-77.823891,39.138649],[-77.821733,39.141239],[-77.823177,39.145506],[-77.821549,39.152042],[-77.818098,39.156189],[-77.813494,39.164483],[-77.80737,39.170601],[-77.804573,39.176492],[-77.802619,39.183838],[-77.799061,39.191904],[-77.79776,39.194028],[-77.798545,39.197719],[-77.798295,39.200912],[-77.796413,39.20298],[-77.792912,39.208879],[-77.792477,39.211707],[-77.788646,39.214984],[-77.786051,39.219822],[-77.786499,39.221815],[-77.784359,39.223175],[-77.781439,39.226949],[-77.781375,39.228357],[-77.77741,39.229816],[-77.771217,39.236763],[-77.767394,39.249698],[-77.771154,39.24957],[-77.77035,39.256558],[-77.763234,39.258406],[-77.761141,39.263898],[-77.759769,39.263766],[-77.758208,39.265954],[-77.758964,39.268342],[-77.757098,39.274066],[-77.752959,39.277512],[-77.753393,39.281025],[-77.748075,39.294227],[-77.742182,39.301385],[-77.734833,39.312712],[-77.731509,39.314434],[-77.726091,39.31773],[-77.721781,39.318272],[-77.720555,39.31922],[-77.719296,39.321958],[-77.728024,39.323374],[-77.732493,39.32632],[-77.737532,39.328292],[-77.746381,39.332108],[-77.756969,39.335333],[-77.758529,39.337096],[-77.759719,39.343279],[-77.75609,39.345831],[-77.747668,39.350427],[-77.744938,39.352515],[-77.743604,39.358922],[-77.743144,39.365788],[-77.752334,39.378952],[-77.751504,39.382864],[-77.739377,39.3849],[-77.734471,39.387712],[-77.737043,39.398433],[-77.744542,39.408163],[-77.746667,39.414606],[-77.751261,39.42213],[-77.757238,39.427155],[-77.765629,39.428739],[-77.78353,39.429513],[-77.793881,39.431618],[-77.800343,39.434386],[-77.802589,39.438034],[-77.800231,39.440541],[-77.792024,39.441534],[-77.786022,39.44345],[-77.784674,39.445531],[-77.786325,39.448565],[-77.79441,39.452632],[-77.798381,39.456874],[-77.797982,39.46061],[-77.791459,39.461461],[-77.78198,39.459469],[-77.778458,39.460367],[-77.776865,39.463181],[-77.79424,39.470311],[-77.797604,39.474699],[-77.796838,39.480325],[-77.780149,39.487094],[-77.766045,39.491018],[-77.764882,39.49539],[-77.769782,39.499431],[-77.779581,39.499998],[-77.786074,39.497612],[-77.790494,39.49226],[-77.79671,39.489661],[-77.810095,39.491149],[-77.821243,39.494269],[-77.827735,39.493867],[-77.84581,39.499318],[-77.846934,39.503761],[-77.825011,39.515966],[-77.823058,39.526314],[-77.824375,39.52955],[-77.835102,39.533245],[-77.840829,39.529796],[-77.840438,39.521547],[-77.84381,39.517482],[-77.859853,39.514421],[-77.864661,39.516335],[-77.865733,39.520753],[-77.864727,39.529101],[-77.864206,39.537556],[-77.868059,39.542905],[-77.885277,39.551661],[-77.888401,39.555958],[-77.886533,39.559618],[-77.876336,39.563164],[-77.850988,39.563446],[-77.8374,39.565191],[-77.833855,39.567971],[-77.828661,39.588014],[-77.830275,39.59832],[-77.833557,39.605044],[-77.841396,39.607282],[-77.864822,39.609819],[-77.872201,39.613976],[-77.885251,39.616072],[-77.887696,39.614971],[-77.886497,39.611987],[-77.881193,39.606444],[-77.881111,39.600353],[-77.885084,39.598151],[-77.89216,39.598591],[-77.907498,39.601939],[-77.924293,39.606442],[-77.927626,39.613655],[-77.932281,39.618667],[-77.941168,39.619686],[-77.945116,39.617733],[-77.945295,39.614505],[-77.939674,39.61274],[-77.936308,39.608216],[-77.938334,39.588127],[-77.943418,39.58476],[-77.949183,39.586968],[-77.951868,39.593535],[-77.949908,39.60268],[-77.951985,39.60759],[-77.960735,39.609137],[-77.968075,39.607455],[-77.973391,39.601432],[-77.979263,39.600053],[-77.996033,39.60063],[-78.002729,39.60074],[-78.008708,39.602561],[-78.01242,39.606156],[-78.021372,39.619727],[-78.029584,39.627998],[-78.03639,39.636971],[-78.048254,39.643516],[-78.052394,39.650519],[-78.06021,39.655448],[-78.069852,39.664883],[-78.081889,39.671506],[-78.090884,39.672901],[-78.097634,39.679563],[-78.130928,39.688025],[-78.156416,39.693036],[-78.180481,39.696707],[-78.189792,39.692391],[-78.201826,39.677018],[-78.227529,39.676349],[-78.23241,39.674423],[-78.233819,39.671535],[-78.231333,39.668352],[-78.223649,39.662641],[-78.226287,39.658072],[-78.237263,39.652661],[-78.248188,39.644754],[-78.254708,39.639985],[-78.26307,39.629815],[-78.262934,39.622687],[-78.265446,39.619494],[-78.270125,39.620026],[-78.283628,39.621018],[-78.291442,39.623495],[-78.301506,39.627809],[-78.314366,39.631804],[-78.333472,39.637323],[-78.348828,39.640402],[-78.356249,39.640929],[-78.359239,39.639237],[-78.359203,39.636019],[-78.35438,39.632061],[-78.353695,39.628593],[-78.356577,39.62604],[-78.361584,39.626096],[-78.368608,39.62973],[-78.375007,39.630533],[-78.380915,39.629313],[-78.382896,39.62762],[-78.384133,39.623549],[-78.380675,39.619082],[-78.372261,39.612141],[-78.372477,39.610338],[-78.375791,39.608312],[-78.379862,39.608589],[-78.388002,39.610976],[-78.396936,39.616637],[-78.423164,39.62482],[-78.428721,39.62402],[-78.433548,39.62094],[-78.433872,39.617722],[-78.424822,39.6062],[-78.413235,39.59803],[-78.401708,39.593034],[-78.395908,39.58862],[-78.395476,39.584683],[-78.399474,39.580851],[-78.406931,39.578658],[-78.418458,39.581157],[-78.423356,39.585293],[-78.443547,39.591673],[-78.44859,39.591201],[-78.456118,39.588536],[-78.458356,39.585232],[-78.45796,39.578847],[-78.451564,39.571581],[-78.443513,39.567329],[-78.438614,39.563941],[-78.433776,39.561555],[-78.426067,39.558972],[-78.419146,39.551619],[-78.417128,39.548619],[-78.41947,39.545508],[-78.423288,39.544897],[-78.426134,39.54623],[-78.429268,39.55098],[-78.431753,39.552619],[-78.43658,39.553869],[-78.439029,39.552369],[-78.439101,39.550036],[-78.436295,39.547333],[-78.434674,39.542944],[-78.435466,39.539666],[-78.438024,39.53861],[-78.440257,39.539749],[-78.448037,39.548666],[-78.452277,39.550899],[-78.458683,39.551532],[-78.46153,39.550646],[-78.462215,39.548239],[-78.46008,39.545347],[-78.452906,39.543943],[-78.448964,39.542803],[-78.448608,39.540439],[-78.450141,39.538137],[-78.459367,39.53837],[-78.463044,39.536114],[-78.46351,39.533538],[-78.461949,39.53118],[-78.4608,39.527802],[-78.462218,39.522361],[-78.465859,39.518264],[-78.471224,39.516089],[-78.475813,39.516861],[-78.483013,39.519712],[-78.486435,39.519417],[-78.48972,39.517812],[-78.491514,39.518381],[-78.499981,39.51944],[-78.502488,39.518753],[-78.511598,39.52189],[-78.521066,39.524891],[-78.528342,39.524746],[-78.530217,39.523788],[-78.535841,39.523788],[-78.547469,39.521066],[-78.556164,39.521952],[-78.566096,39.519581],[-78.571415,39.521913],[-78.578165,39.52701],[-78.588031,39.528161],[-78.592155,39.531957],[-78.589697,39.535829],[-78.59122,39.53722],[-78.596446,39.536063],[-78.601602,39.532376],[-78.604414,39.532738],[-78.606357,39.53511],[-78.62213,39.539714],[-78.628678,39.539502],[-78.629436,39.537365],[-78.637075,39.536617],[-78.645189,39.536202],[-78.653414,39.534592],[-78.655707,39.534777],[-78.664092,39.536866],[-78.667621,39.540295],[-78.671981,39.540798],[-78.67519,39.540183],[-78.681335,39.543843],[-78.690086,39.546026],[-78.691653,39.548935],[-78.691614,39.551486],[-78.695122,39.554084],[-78.697917,39.554316],[-78.702322,39.555607],[-78.707186,39.555791],[-78.709359,39.55802],[-78.711033,39.559005],[-78.712408,39.562371],[-78.720914,39.563706],[-78.724503,39.563936],[-78.726847,39.569444],[-78.731233,39.574361],[-78.732153,39.580254],[-78.733058,39.586692],[-78.740095,39.586523],[-78.742129,39.583819],[-78.743504,39.580623],[-78.747112,39.579824],[-78.751578,39.581975],[-78.756159,39.580783],[-78.761781,39.58338],[-78.76765,39.588422],[-78.768069,39.590758],[-78.770704,39.595684],[-78.774312,39.597346],[-78.778154,39.601605],[-78.777095,39.604203],[-78.771018,39.606076],[-78.768277,39.608573],[-78.75553,39.610397],[-78.750886,39.609866],[-78.749346,39.605838],[-78.746754,39.605636],[-78.742508,39.609439],[-78.738872,39.609603],[-78.734091,39.613114],[-78.732977,39.615159],[-78.734728,39.61982],[-78.737194,39.622895],[-78.747784,39.626902],[-78.750332,39.626125],[-78.758531,39.621284],[-78.763573,39.618912],[-78.766971,39.61975],[-78.76981,39.619607],[-78.770394,39.621018],[-78.774343,39.621792],[-78.776944,39.621506],[-78.778536,39.623039],[-78.776546,39.628224],[-78.770675,39.636403],[-78.764827,39.644659],[-78.765198,39.64799],[-78.766658,39.648582],[-78.768755,39.646539],[-78.772922,39.646212],[-78.776213,39.645374],[-78.781147,39.637015],[-78.783482,39.636831],[-78.790967,39.638385],[-78.794815,39.637404],[-78.796119,39.636715],[-78.797347,39.629681],[-78.798551,39.628754],[-78.801012,39.628892],[-78.801786,39.62812],[-78.801391,39.625699],[-78.79792,39.619605],[-78.797569,39.617431],[-78.795746,39.613193],[-78.795333,39.60875],[-78.79616,39.606328],[-78.797759,39.605124],[-78.800094,39.605138],[-78.801513,39.607048],[-78.80552,39.607186],[-78.808717,39.608349],[-78.809504,39.607805],[-78.812364,39.600422],[-78.811879,39.598138],[-78.818229,39.594449],[-78.818588,39.593798],[-78.818049,39.59186],[-78.819217,39.59006],[-78.824624,39.590365],[-78.825968,39.589273],[-78.826686,39.582648],[-78.826021,39.58046],[-78.826326,39.577095],[-78.823967,39.576408],[-78.820428,39.576532],[-78.818721,39.574621],[-78.815092,39.571284],[-78.81347,39.567612],[-78.814225,39.565286],[-78.817301,39.561574],[-78.821721,39.560604],[-78.827488,39.563236],[-78.827847,39.564274],[-78.838053,39.567298],[-78.839942,39.566772],[-78.842529,39.563518],[-78.848081,39.562258],[-78.850829,39.559502],[-78.851773,39.551198],[-78.861097,39.54156],[-78.869093,39.539898],[-78.87105,39.538359],[-78.869772,39.531509],[-78.876585,39.521743],[-78.886976,39.522759],[-78.887993,39.525199],[-78.891569,39.524996],[-78.893554,39.523215],[-78.890919,39.518046],[-78.892962,39.512742],[-78.903009,39.512829],[-78.905407,39.511352],[-78.90375,39.50473],[-78.909568,39.496298],[-78.91385,39.493545],[-78.916707,39.486239],[-78.925893,39.487431],[-78.934167,39.486204],[-78.94053,39.482745],[-78.942714,39.479054],[-78.939013,39.475061],[-78.944477,39.467848],[-78.952169,39.464056],[-78.958006,39.463881],[-78.959801,39.459932],[-78.954187,39.454331],[-78.960438,39.451336],[-78.956174,39.447454],[-78.955524,39.440661],[-78.962564,39.439527],[-78.96385,39.438582],[-78.965992,39.438654],[-78.968511,39.4409],[-78.969353,39.44329],[-78.973414,39.445091],[-78.976984,39.448125],[-78.982986,39.450805],[-78.987928,39.452076],[-78.990476,39.452748],[-78.995593,39.454871],[-79.003672,39.458796],[-79.010925,39.460984],[-79.014328,39.464716],[-79.016632,39.466674],[-79.018529,39.467795],[-79.020935,39.466881],[-79.028525,39.464699],[-79.032884,39.466186],[-79.035265,39.468861],[-79.036267,39.473985],[-79.037861,39.477921],[-79.044057,39.479475],[-79.046242,39.48359],[-79.050269,39.483247],[-79.053309,39.481095],[-79.054849,39.471714],[-79.056573,39.470847],[-79.060445,39.471669],[-79.063833,39.47823],[-79.066062,39.480052],[-79.067779,39.479271],[-79.06839,39.474392],[-79.085448,39.471294],[-79.10115,39.477077],[-79.105366,39.474215],[-79.103933,39.470404],[-79.096471,39.46844],[-79.093939,39.465112],[-79.09549,39.462512],[-79.103679,39.463186],[-79.107139,39.462088],[-79.108544,39.457523],[-79.102148,39.457748],[-79.102042,39.453644],[-79.103592,39.448368],[-79.115214,39.442977],[-79.116806,39.438378],[-79.112566,39.436282],[-79.1107,39.433213],[-79.112106,39.431192],[-79.126896,39.430841],[-79.127333,39.417157],[-79.140665,39.41699],[-79.142177,39.406023],[-79.150003,39.405605],[-79.151083,39.416573],[-79.157398,39.417324],[-79.159449,39.416073],[-79.158951,39.413152],[-79.159285,39.409355],[-79.163367,39.406516],[-79.164894,39.404585],[-79.16664,39.400616],[-79.165383,39.39551],[-79.164217,39.394974],[-79.161551,39.390875],[-79.163217,39.387656],[-79.166021,39.387399],[-79.169687,39.390017],[-79.174102,39.394802],[-79.176919,39.396798],[-79.18039,39.396411],[-79.181334,39.394416],[-79.177032,39.390253],[-79.180253,39.38742],[-79.185027,39.385109],[-79.187859,39.385603],[-79.192468,39.388521],[-79.195613,39.388822],[-79.198196,39.388092],[-79.199659,39.383494],[-79.204741,39.376365],[-79.208949,39.372461],[-79.21214,39.371314],[-79.213387,39.369141],[-79.213068,39.366745],[-79.21401,39.363606],[-79.220386,39.363385],[-79.231356,39.364858],[-79.232705,39.359849],[-79.235237,39.358629],[-79.23846,39.358603],[-79.239283,39.359595],[-79.242401,39.359519],[-79.248066,39.35745],[-79.248539,39.356208],[-79.25106,39.355475],[-79.254613,39.356992],[-79.256298,39.356945],[-79.256941,39.35565],[-79.253443,39.349261],[-79.254313,39.34579],[-79.257318,39.343224],[-79.257166,39.341012],[-79.254192,39.339099],[-79.253566,39.337502],[-79.25577,39.335828],[-79.260401,39.3343],[-79.267761,39.336407],[-79.26948,39.335308],[-79.269176,39.330374],[-79.271918,39.327928],[-79.275877,39.326659],[-79.282236,39.322963],[-79.281729,39.32095],[-79.284073,39.315898],[-79.283515,39.313447],[-79.283701,39.309651],[-79.290233,39.302997],[-79.289685,39.300075],[-79.291055,39.298962],[-79.303017,39.299434],[-79.311569,39.302853],[-79.312398,39.304568],[-79.316498,39.304236],[-79.319408,39.301382],[-79.32132,39.299889],[-79.326108,39.300793],[-79.32876,39.299944],[-79.332313,39.300075],[-79.333684,39.298871],[-79.337935,39.29682],[-79.340198,39.293587],[-79.344377,39.293325],[-79.345815,39.293927],[-79.346898,39.293102],[-79.347262,39.290808],[-79.346314,39.290494],[-79.345164,39.28891],[-79.343404,39.287037],[-79.345077,39.284777],[-79.346887,39.284502],[-79.350406,39.285353],[-79.351235,39.284882],[-79.351285,39.282519],[-79.352241,39.280076],[-79.354238,39.277732],[-79.355049,39.27804],[-79.356329,39.277789],[-79.357179,39.276161],[-79.360158,39.275796],[-79.361169,39.274888],[-79.36469,39.274694],[-79.366874,39.274058],[-79.372236,39.274027],[-79.374541,39.273641],[-79.379035,39.271407],[-79.38158,39.266804],[-79.384088,39.267065],[-79.385463,39.268087],[-79.386757,39.268233],[-79.387768,39.267315],[-79.386999,39.265979],[-79.387001,39.263959],[-79.388362,39.262435],[-79.390325,39.261186],[-79.392037,39.261092],[-79.392711,39.261739],[-79.393466,39.261468],[-79.394175,39.257805],[-79.396222,39.255956],[-79.397732,39.256175],[-79.399674,39.25491],[-79.398636,39.254367],[-79.39838,39.253084],[-79.400345,39.250536],[-79.403432,39.249952],[-79.405564,39.247399],[-79.407411,39.246637],[-79.409134,39.246353],[-79.409215,39.245768],[-79.408177,39.245424],[-79.409053,39.243211],[-79.410224,39.242007],[-79.412067,39.241208],[-79.412391,39.239997],[-79.414264,39.240279],[-79.414938,39.239548],[-79.417527,39.239768],[-79.419649,39.238929],[-79.420714,39.238334],[-79.420795,39.237258],[-79.420391,39.236392],[-79.420512,39.235442],[-79.422124,39.23443],[-79.424227,39.233929],[-79.424996,39.234451],[-79.425254,39.233817],[-79.424426,39.231943],[-79.424359,39.230147],[-79.424601,39.228372],[-79.424049,39.227025],[-79.425242,39.226182],[-79.42566,39.22519],[-79.428127,39.224595],[-79.428545,39.223813],[-79.430284,39.223228],[-79.430486,39.22422],[-79.431106,39.224513],[-79.432966,39.223917],[-79.43743,39.218533],[-79.438451,39.218578],[-79.439705,39.216969],[-79.440689,39.216364],[-79.441431,39.216875],[-79.441646,39.216332],[-79.443809,39.216641],[-79.445359,39.216307],[-79.445763,39.215879],[-79.44757,39.215639],[-79.448404,39.214408],[-79.450372,39.213876],[-79.450963,39.212782],[-79.452136,39.212542],[-79.452217,39.212135],[-79.45297,39.211461],[-79.452482,39.211501],[-79.453102,39.210384],[-79.455461,39.210227],[-79.455232,39.210979],[-79.460705,39.211355],[-79.463842,39.210193],[-79.465688,39.209044],[-79.467323,39.208703],[-79.467997,39.20769],[-79.468442,39.2077],[-79.469574,39.207178],[-79.468694,39.206424],[-79.469777,39.203735],[-79.470665,39.203376],[-79.472066,39.203289],[-79.472204,39.202767],[-79.473077,39.20203],[-79.476284,39.203818],[-79.478626,39.204036],[-79.478981,39.204177],[-79.479499,39.204224],[-79.479863,39.204371],[-79.480815,39.204458],[-79.480927,39.204639],[-79.480839,39.204812],[-79.480917,39.204851],[-79.481255,39.204825],[-79.481366,39.204872],[-79.481427,39.204969],[-79.481836,39.20504],[-79.482137,39.205166],[-79.482429,39.2052],[-79.482926,39.205137],[-79.483159,39.205294],[-79.483109,39.205533],[-79.483176,39.205656],[-79.483355,39.205682],[-79.483801,39.205522],[-79.484092,39.205538],[-79.484298,39.205724],[-79.48464,39.205782],[-79.485188,39.205808],[-79.485898,39.205772],[-79.486483,39.205843],[-79.486881,39.205881],[-79.486877,39.205896],[-79.482394,39.531697],[-79.47888,39.531706],[-79.476694,39.721077],[-80.519348,39.721371],[-80.518974,40.638735],[-80.539067,40.629999],[-80.573772,40.612385],[-80.582642,40.612685],[-80.593639,40.62106],[-80.601138,40.623091],[-80.619915,40.619432],[-80.636062,40.611551],[-80.642726,40.602063],[-80.66298,40.586519],[-80.664996,40.578543],[-80.662205,40.574365],[-80.647343,40.562308],[-80.625343,40.530705],[-80.615442,40.502849],[-80.593831,40.476393],[-80.595063,40.462419],[-80.60865,40.441016],[-80.612174,40.401935],[-80.628767,40.395156],[-80.631208,40.392165],[-80.629431,40.386919],[-80.612497,40.381357],[-80.604335,40.371095],[-80.610785,40.353675],[-80.610095,40.343505],[-80.603999,40.333635],[-80.597512,40.316684],[-80.604075,40.304324],[-80.613651,40.289391],[-80.615689,40.267689],[-80.621782,40.261399],[-80.647369,40.248842],[-80.656854,40.234741],[-80.665807,40.198827],[-80.681009,40.182003],[-80.696182,40.161412],[-80.707168,40.132664],[-80.704118,40.115754],[-80.704766,40.103076],[-80.710521,40.095829],[-80.727748,40.087208],[-80.73648,40.080128],[-80.737805,40.074361],[-80.736119,40.064387],[-80.731446,40.057456],[-80.727256,40.043417],[-80.737133,40.01794],[-80.739907,40.004058],[-80.736325,39.989244],[-80.736785,39.977975],[-80.741676,39.966779],[-80.756939,39.957239],[-80.761245,39.948209],[-80.760045,39.935941],[-80.753707,39.92259],[-80.752368,39.91328],[-80.757312,39.906916],[-80.767048,39.906824],[-80.778465,39.912542],[-80.794343,39.917591],[-80.804764,39.915652],[-80.807001,39.90678],[-80.80315,39.896477],[-80.790728,39.883921],[-80.786579,39.869818],[-80.794937,39.859395],[-80.819373,39.848516],[-80.824753,39.841999],[-80.818916,39.821456],[-80.819522,39.807172],[-80.824536,39.797867],[-80.843437,39.784335],[-80.861902,39.77543],[-80.866568,39.766326],[-80.863075,39.752337],[-80.84475,39.737197],[-80.830442,39.720652],[-80.826498,39.710092],[-80.834348,39.700157],[-80.851386,39.696835],[-80.862176,39.691284],[-80.864467,39.678876],[-80.862021,39.661657],[-80.870031,39.632658],[-80.878639,39.619968],[-80.891678,39.615299],[-80.906239,39.617056],[-80.927046,39.615568],[-80.964733,39.591386],[-81.001697,39.565206],[-81.047144,39.531627],[-81.085157,39.500767],[-81.111948,39.468388],[-81.125602,39.448872],[-81.137083,39.442421],[-81.163546,39.43911],[-81.183355,39.431477],[-81.188501,39.422941],[-81.208642,39.404216],[-81.208674,39.394231],[-81.212658,39.387799],[-81.224361,39.385089],[-81.243173,39.388721],[-81.261386,39.383874],[-81.290292,39.373962],[-81.316315,39.360965],[-81.348652,39.342541],[-81.364049,39.339567],[-81.385354,39.341433],[-81.398342,39.353897],[-81.407216,39.380474],[-81.422382,39.397073],[-81.437752,39.40594],[-81.453485,39.406788],[-81.467176,39.401353],[-81.486373,39.381737],[-81.515546,39.360472],[-81.540536,39.353606],[-81.556057,39.337691],[-81.558458,39.315035],[-81.563264,39.297858],[-81.561228,39.282106],[-81.564586,39.269562],[-81.571988,39.264835],[-81.653668,39.274253],[-81.681228,39.270947],[-81.691941,39.260505],[-81.694348,39.246341],[-81.687767,39.229851],[-81.689637,39.2208],[-81.723671,39.214072],[-81.736215,39.189722],[-81.75211,39.183417],[-81.753076,39.173699],[-81.741183,39.148039],[-81.74112,39.102901],[-81.750136,39.088832],[-81.767787,39.078455],[-81.78446,39.076211],[-81.800264,39.081685],[-81.811076,39.081077],[-81.812521,39.075605],[-81.807332,39.057635],[-81.796562,39.045365],[-81.772793,39.030482],[-81.761675,39.016927],[-81.762897,39.001305],[-81.780215,38.968374],[-81.777601,38.956295],[-81.760771,38.943666],[-81.754744,38.932486],[-81.761508,38.922762],[-81.774966,38.921686],[-81.793219,38.92784],[-81.807301,38.942254],[-81.823832,38.944938],[-81.833964,38.940725],[-81.842605,38.926166],[-81.844752,38.902299],[-81.858425,38.887598],[-81.881267,38.875371],[-81.893626,38.87156],[-81.912963,38.876933],[-81.929628,38.890282],[-81.931217,38.89933],[-81.900584,38.928695],[-81.933698,38.988561],[-81.95157,38.995476],[-81.970025,38.99169],[-81.981017,38.99161],[-81.990908,39.015794],[-82.001907,39.027309],[-82.024206,39.028036],[-82.037715,39.022304],[-82.047854,38.994926],[-82.061754,38.986492],[-82.089212,38.973735],[-82.09324,38.963312],[-82.105179,38.945775],[-82.117114,38.922119],[-82.128246,38.907246],[-82.141177,38.898909],[-82.143382,38.890468],[-82.139979,38.878623],[-82.135968,38.861951],[-82.140456,38.844608],[-82.150466,38.828694],[-82.168508,38.818203],[-82.188789,38.811817],[-82.212137,38.798597],[-82.220445,38.78432],[-82.216827,38.76937],[-82.206813,38.766471],[-82.193709,38.7551],[-82.190322,38.736282],[-82.17971,38.707605],[-82.185541,38.693593],[-82.186866,38.677773],[-82.183711,38.659819],[-82.174829,38.644255],[-82.169629,38.621762],[-82.171406,38.608763],[-82.181555,38.596061],[-82.197906,38.590388],[-82.221793,38.590559],[-82.24873,38.596012],[-82.265959,38.594649],[-82.289931,38.577827],[-82.292676,38.537383],[-82.301606,38.519465],[-82.300474,38.497252],[-82.307576,38.483865],[-82.312492,38.463192],[-82.321899,38.445935],[-82.343137,38.437797],[-82.384573,38.432206],[-82.402825,38.43794],[-82.427889,38.429915],[-82.465609,38.420118],[-82.485751,38.414664],[-82.521585,38.403876],[-82.535357,38.401064],[-82.566529,38.40166],[-82.591139,38.414596],[-82.594492,38.420121]]]},"properties":{"code":"[304,681]"}},{"type":"Feature","geometry":{"type":"Polygon","coordinates":[[[-104.052928,43.000584],[-104.051694,41.001707],[-102.052098,41.002435],[-102.051927,40.003051],[-98.726246,40.002383],[-98.724355,40.698889],[-98.49255,40.698638],[-98.492706,40.771024],[-98.465459,40.781327],[-98.443835,40.79194],[-98.427127,40.806222],[-98.398658,40.815351],[-98.378447,40.831838],[-98.378002,40.873441],[-98.339432,40.872754],[-98.320628,40.872295],[-98.301509,40.872295],[-98.280697,40.872615],[-98.272693,40.882729],[-98.26524,40.89043],[-98.235114,40.913574],[-98.211167,40.936532],[-98.176144,40.952732],[-98.139036,40.989782],[-98.108369,41.002877],[-98.082968,41.01717],[-98.050684,41.040683],[-98.019966,41.060088],[-98.007086,41.076],[-97.966327,41.094849],[-97.954889,41.087306],[-97.899537,41.101053],[-97.869867,41.117743],[-97.819811,41.154345],[-97.815802,41.17611],[-97.796541,41.191976],[-97.803657,41.198698],[-97.783405,41.215515],[-97.770904,41.221967],[-97.755618,41.243747],[-97.731643,41.255572],[-97.69132,41.281742],[-97.66018,41.305653],[-97.598193,41.316273],[-97.598437,41.395007],[-97.702691,41.394872],[-97.703148,41.308251],[-97.983205,41.30766],[-97.983145,41.334246],[-97.981237,41.336293],[-97.977078,41.339173],[-97.975138,41.341844],[-97.974999,41.343995],[-97.975376,41.346286],[-97.96198,41.351012],[-97.946597,41.358047],[-97.933196,41.36277],[-97.926392,41.370693],[-97.9269,41.375493],[-97.932892,41.373055],[-97.9343,41.37099],[-97.935657,41.36969],[-97.939682,41.369971],[-97.94139,41.36905],[-97.944011,41.369436],[-97.949861,41.368734],[-97.952716,41.369963],[-97.953512,41.371333],[-97.952435,41.372422],[-97.951921,41.374143],[-97.953699,41.37488],[-97.956227,41.375056],[-97.957911,41.373581],[-97.958239,41.371684],[-97.959456,41.371087],[-97.961983,41.371193],[-97.963013,41.372176],[-97.9632,41.374002],[-97.962545,41.375302],[-97.963434,41.37618],[-97.965306,41.374986],[-97.967459,41.376461],[-97.971016,41.377311],[-97.975279,41.377337],[-97.973139,41.390994],[-97.973255,41.392384],[-97.974105,41.394657],[-97.983364,41.406351],[-97.983964,41.407641],[-97.984116,41.409066],[-97.983973,41.515258],[-97.984425,41.515402],[-97.985725,41.516697],[-97.986562,41.517137],[-97.98724,41.517247],[-98.022545,41.516966],[-98.022449,41.509672],[-98.022566,41.495245],[-98.100124,41.495156],[-98.099899,41.480917],[-98.291294,41.480792],[-98.293508,42.088919],[-100.168799,42.090898],[-100.167626,42.165366],[-100.165475,42.30299],[-100.580437,42.311099],[-100.848537,42.442423],[-100.949337,42.46314],[-100.960402,42.462269],[-100.976218,42.439843],[-101.013143,42.439556],[-101.015655,42.418972],[-101.031233,42.417488],[-101.030982,42.399121],[-101.040025,42.402319],[-101.050285,42.402808],[-101.063522,42.40916],[-101.072463,42.408184],[-101.075108,42.411603],[-101.08901,42.410138],[-101.125075,42.414535],[-101.14625,42.412827],[-101.157164,42.417466],[-101.165767,42.415513],[-101.205121,42.419176],[-101.212153,42.421488],[-101.22575,42.416342],[-101.230677,42.417974],[-101.242734,42.414713],[-101.250254,42.41634],[-101.267036,42.413637],[-101.292106,42.414265],[-101.292106,42.410867],[-101.299951,42.405707],[-101.31171,42.403063],[-101.320742,42.405582],[-101.321596,42.403064],[-101.331982,42.406337],[-101.336074,42.407343],[-101.350727,42.407217],[-101.366883,42.404321],[-101.380923,42.407948],[-101.388748,42.403474],[-101.410691,42.422369],[-101.479107,42.434259],[-101.538334,42.429747],[-101.552694,42.416244],[-101.579003,42.417369],[-101.579005,42.409981],[-101.650783,42.413514],[-101.649912,42.406128],[-101.679483,42.403559],[-101.695929,42.40127],[-101.708689,42.404245],[-101.736665,42.404411],[-101.735768,42.435709],[-101.709946,42.452832],[-101.710195,42.465068],[-101.766981,42.46564],[-101.87677,42.450753],[-101.874894,42.433078],[-102.019877,42.419991],[-102.063366,42.444651],[-102.065671,42.775909],[-102.086073,42.775931],[-102.085227,42.999334],[-104.052928,43.000584]]]},"properties":{"code":"[308]"}},{"type":"Feature","geometry":{"type":"Polygon","coordinates":[[[-90.182068,41.806776],[-90.191228,41.802125],[-90.219956,41.794366],[-90.252229,41.778066],[-90.281268,41.766243],[-90.309569,41.745597],[-90.318703,41.72225],[-90.313295,41.708744],[-90.314751,41.694147],[-90.333887,41.681414],[-90.343022,41.647624],[-90.340534,41.590025],[-90.364703,41.579293],[-90.398195,41.572427],[-90.416953,41.562313],[-90.436896,41.54649],[-90.462748,41.522339],[-90.496521,41.517835],[-90.534981,41.525309],[-90.552658,41.525152],[-90.573676,41.516432],[-90.59845,41.510822],[-90.603358,41.50116],[-90.612092,41.487917],[-90.634771,41.477005],[-90.654945,41.46142],[-90.677,41.460617],[-90.702999,41.454223],[-90.742952,41.449542],[-90.790584,41.452997],[-90.832966,41.45549],[-90.853145,41.45393],[-90.885546,41.438044],[-90.915122,41.42676],[-90.939001,41.423801],[-90.977435,41.433143],[-91.035483,41.421792],[-91.048786,41.411662],[-91.05079,41.384242],[-91.065545,41.369267],[-91.071501,41.338085],[-91.075651,41.303389],[-91.086992,41.294723],[-91.103247,41.263111],[-91.114079,41.250903],[-91.113669,41.239164],[-91.093043,41.222407],[-91.068157,41.201957],[-91.041712,41.166237],[-91.022946,41.162377],[-91.006937,41.167542],[-90.990512,41.158306],[-90.964589,41.118389],[-90.945678,41.095529],[-90.949073,41.070419],[-90.943673,41.050509],[-90.944294,41.018675],[-90.950836,40.992286],[-90.95934,40.978612],[-90.951375,40.955197],[-90.960208,40.935811],[-90.965188,40.921673],[-91.005748,40.90457],[-91.025352,40.881047],[-91.044193,40.869015],[-91.058328,40.847122],[-91.092037,40.822615],[-91.097396,40.803385],[-91.090528,40.785416],[-91.096635,40.764637],[-91.109335,40.750149],[-91.116416,40.72489],[-91.111208,40.705677],[-91.115586,40.690712],[-91.122653,40.670545],[-91.184003,40.638473],[-91.181246,40.638533],[-90.982971,40.717107],[-90.941012,40.706206],[-90.922283,40.667182],[-90.923372,40.652507],[-90.913318,40.653004],[-90.91242,40.638322],[-90.904334,40.639317],[-90.910647,40.326027],[-90.912537,40.324211],[-90.91536,40.323714],[-90.916533,40.324625],[-90.918796,40.324434],[-90.918933,40.330908],[-90.928561,40.330494],[-90.92816,40.328665],[-90.966595,40.327726],[-90.967061,40.298303],[-90.978885,40.298033],[-90.980189,40.290826],[-90.981624,40.290203],[-90.98163,40.279932],[-90.977633,40.279215],[-90.978311,40.259983],[-90.968921,40.259596],[-90.968883,40.266749],[-90.949654,40.267156],[-90.949528,40.274438],[-90.934944,40.274234],[-90.921775,40.281598],[-90.921733,40.284795],[-90.772151,40.281103],[-90.772716,40.259008],[-90.766486,40.258367],[-90.765632,40.25221],[-90.763448,40.250981],[-90.762359,40.248612],[-90.759294,40.247621],[-90.757971,40.243273],[-90.759342,40.240879],[-90.75823,40.2396],[-90.755592,40.239455],[-90.75313,40.241145],[-90.753135,40.234157],[-90.73029,40.232892],[-90.72932,40.228332],[-90.697419,40.227663],[-90.683224,40.223598],[-90.683141,40.220176],[-90.678779,40.219971],[-90.678845,40.189871],[-90.660823,40.189518],[-90.662067,40.152441],[-90.680716,40.147708],[-90.680515,40.139092],[-90.670469,40.139152],[-90.669492,40.124231],[-90.599428,40.123989],[-90.570096,40.146148],[-90.510504,40.145961],[-90.51065,40.15344],[-90.414017,40.149579],[-90.421806,40.112334],[-90.394585,40.077294],[-90.393506,40.077803],[-90.391634,40.083786],[-90.393877,40.091563],[-90.38399,40.10423],[-90.379968,40.113618],[-90.375281,40.120531],[-90.371721,40.123091],[-90.366019,40.124993],[-90.3593,40.124981],[-90.355759,40.124014],[-90.341757,40.116792],[-90.338449,40.121377],[-90.335384,40.122378],[-90.314482,40.115915],[-90.314611,40.111997],[-90.306834,40.096548],[-90.303632,40.076623],[-90.289692,40.069428],[-90.287282,40.063309],[-90.286402,40.05607],[-90.269387,40.056327],[-90.267566,40.062037],[-90.204139,40.059672],[-90.201902,40.055648],[-90.186964,40.055732],[-90.182658,40.064673],[-90.151862,40.066905],[-90.154379,40.089354],[-90.14167,40.089396],[-90.140859,40.090557],[-90.14089,40.104515],[-90.142891,40.105212],[-90.154661,40.105033],[-90.155351,40.134268],[-90.140887,40.135003],[-90.140887,40.126857],[-90.116995,40.126703],[-90.116522,40.11948],[-90.059218,40.119103],[-90.059321,40.127537],[-89.983381,40.127319],[-89.976831,40.131184],[-89.978947,40.139314],[-89.938315,40.147126],[-89.883721,40.132115],[-89.884075,40.151854],[-89.857753,40.151796],[-89.857159,40.207569],[-89.828762,40.207685],[-89.829085,40.303578],[-89.714706,40.304342],[-89.714878,40.23251],[-89.601458,40.233287],[-89.603101,40.320149],[-89.263885,40.324157],[-89.262771,40.281434],[-88.971525,40.283327],[-88.968209,40.264785],[-88.967528,40.26842],[-88.948319,40.268337],[-88.947933,40.258677],[-88.9284,40.253803],[-88.919143,40.253328],[-88.861292,40.253219],[-88.861694,40.268024],[-88.842176,40.268187],[-88.842804,40.282534],[-88.745867,40.2823],[-88.745123,40.142635],[-88.68875,40.142554],[-88.580028,40.281727],[-88.462215,40.282351],[-88.461854,40.617446],[-88.574415,40.616555],[-88.576138,40.757715],[-88.680232,40.756654],[-88.679995,40.741857],[-88.699123,40.741734],[-88.698874,40.726971],[-88.737124,40.726775],[-88.73764,40.746199],[-88.736641,40.749252],[-88.734058,40.751937],[-88.728852,40.756035],[-88.929307,40.753325],[-88.931401,40.927726],[-89.047709,40.925742],[-89.047207,41.016405],[-89.047206,41.022512],[-89.047669,41.029209],[-89.048819,41.039789],[-89.050922,41.042644],[-89.05674,41.042644],[-89.058913,41.046609],[-89.064872,41.051314],[-89.066764,41.055543],[-89.067074,41.063159],[-89.067215,41.072038],[-89.047499,41.071641],[-89.047775,41.104759],[-89.201243,41.103858],[-89.20135,41.115387],[-89.201253,41.116496],[-89.201383,41.117542],[-89.201746,41.118474],[-89.206017,41.118614],[-89.250184,41.118428],[-89.250312,41.135428],[-89.251293,41.135281],[-89.252026,41.136022],[-89.253627,41.136097],[-89.254311,41.13675],[-89.254227,41.137805],[-89.255494,41.138019],[-89.255595,41.137441],[-89.256978,41.138257],[-89.257279,41.137968],[-89.258446,41.13886],[-89.259496,41.138747],[-89.259496,41.138245],[-89.26058,41.138358],[-89.261597,41.139186],[-89.262603,41.139406],[-89.262803,41.139896],[-89.263137,41.139369],[-89.265138,41.138176],[-89.266238,41.138854],[-89.266138,41.139381],[-89.267022,41.139795],[-89.267122,41.140549],[-89.267739,41.141101],[-89.267289,41.141805],[-89.268556,41.142106],[-89.267872,41.14257],[-89.269323,41.142771],[-89.269306,41.143274],[-89.269743,41.143468],[-89.271196,41.143015],[-89.271486,41.143672],[-89.27199,41.142928],[-89.273637,41.143278],[-89.275497,41.142972],[-89.27573,41.144124],[-89.276234,41.144591],[-89.277706,41.145262],[-89.278808,41.145686],[-89.278389,41.145926],[-89.278409,41.146324],[-89.27828,41.146572],[-89.27829,41.14718],[-89.278609,41.14721],[-89.279376,41.146797],[-89.279665,41.146287],[-89.279722,41.132912],[-89.302488,41.132918],[-89.303347,41.133146],[-89.304087,41.133536],[-89.304461,41.133902],[-89.30464,41.134299],[-89.304657,41.134946],[-89.305116,41.135266],[-89.305756,41.135579],[-89.302209,41.143635],[-89.304628,41.143682],[-89.311151,41.145603],[-89.312019,41.145332],[-89.318105,41.146388],[-89.319948,41.145665],[-89.321303,41.145761],[-89.322616,41.146399],[-89.325066,41.140905],[-89.325003,41.139821],[-89.322135,41.135524],[-89.323668,41.134342],[-89.324046,41.136583],[-89.325327,41.138444],[-89.326012,41.13843],[-89.32594,41.136162],[-89.32713,41.132712],[-89.332702,41.13274],[-89.331119,41.147167],[-89.350397,41.148011],[-89.467669,41.148343],[-89.467139,41.233842],[-89.39975,41.233828],[-89.400646,41.298296],[-89.405486,41.299668],[-89.412076,41.295305],[-89.420951,41.292608],[-89.432044,41.291968],[-89.434239,41.28995],[-89.438813,41.288675],[-89.450102,41.293333],[-89.452442,41.295999],[-89.460015,41.29683],[-89.465233,41.295998],[-89.476519,41.290404],[-89.481086,41.28908],[-89.485483,41.289007],[-89.485339,41.285831],[-89.484567,41.284142],[-89.487059,41.282786],[-89.488501,41.281047],[-89.489441,41.2784],[-89.490749,41.278273],[-89.493332,41.279206],[-89.49517,41.276761],[-89.497667,41.278713],[-89.499965,41.279698],[-89.500488,41.278521],[-89.501696,41.277724],[-89.539113,41.27721],[-89.539781,41.277111],[-89.546302,41.274699],[-89.548879,41.272242],[-89.549692,41.271751],[-89.550621,41.271424],[-89.553817,41.270911],[-89.553963,41.29175],[-89.62563,41.29216],[-89.626526,41.391125],[-89.626178,41.392796],[-89.626193,41.394623],[-89.62649,41.39666],[-89.626664,41.397429],[-89.626711,41.401831],[-89.733583,41.401392],[-89.733632,41.399752],[-89.735947,41.400413],[-89.742452,41.405351],[-89.745216,41.407057],[-89.752724,41.408561],[-89.766869,41.408541],[-89.783041,41.408374],[-89.79029,41.404982],[-89.799397,41.400943],[-89.799758,41.401261],[-89.80074,41.40132],[-89.80979,41.401243],[-89.809918,41.408631],[-89.834019,41.408301],[-89.833857,41.396026],[-89.856967,41.401664],[-89.876299,41.402065],[-89.876502,41.430653],[-89.848661,41.430563],[-89.849256,41.474247],[-89.871546,41.474279],[-89.871649,41.48135],[-89.872157,41.481651],[-89.872265,41.483897],[-89.871713,41.484702],[-89.871713,41.485383],[-89.87877,41.484389],[-89.884514,41.48479],[-89.884646,41.486305],[-89.884602,41.48693],[-89.88192,41.488742],[-89.88501,41.492067],[-89.886049,41.494791],[-89.886135,41.496652],[-89.91586,41.496488],[-89.916559,41.496671],[-89.916899,41.496973],[-89.917778,41.497963],[-89.918538,41.498663],[-89.923783,41.502098],[-89.924455,41.502377],[-89.927873,41.502443],[-89.929551,41.503197],[-89.932049,41.503625],[-89.933404,41.503709],[-89.93076,41.500496],[-89.929504,41.49977],[-89.929469,41.493867],[-89.929513,41.496693],[-89.972485,41.49617],[-89.974836,41.554001],[-89.961288,41.548875],[-89.950279,41.563648],[-89.953849,41.565067],[-89.954781,41.575681],[-89.956908,41.575454],[-89.963739,41.577897],[-89.971007,41.583642],[-90.186072,41.584549],[-90.184752,41.589424],[-90.175769,41.591479],[-90.167886,41.592097],[-90.164587,41.595525],[-90.16578,41.602311],[-90.162481,41.60471],[-90.154415,41.60704],[-90.145432,41.611426],[-90.137939,41.610233],[-90.126852,41.60578],[-90.107989,41.605851],[-90.10204,41.609687],[-90.09902,41.617629],[-90.092238,41.622354],[-90.084428,41.627725],[-90.074989,41.629025],[-90.07169,41.631765],[-90.06949,41.638477],[-90.057942,41.64245],[-90.053359,41.645395],[-90.053451,41.655119],[-90.051846,41.663875],[-90.04873,41.663875],[-90.048546,41.658808],[-90.044239,41.657233],[-90.041398,41.658397],[-90.039292,41.662541],[-90.031571,41.662998],[-90.02838,41.668689],[-90.022375,41.670611],[-90.014103,41.667224],[-90.009762,41.663149],[-90.005963,41.663515],[-90.003389,41.666765],[-90.005105,41.668688],[-90.00921,41.672303],[-90.008659,41.677475],[-90.004308,41.68013],[-89.99853,41.680388],[-89.990812,41.676453],[-89.986281,41.673703],[-89.982172,41.674922],[-89.979513,41.677495],[-89.977578,41.67605],[-89.975524,41.673658],[-89.972864,41.674651],[-89.97208,41.680248],[-89.959733,41.684177],[-89.942823,41.687737],[-89.937687,41.685752],[-89.93811,41.679659],[-89.936147,41.690754],[-89.935977,41.705667],[-89.934964,41.707226],[-89.935091,41.710815],[-89.949416,41.707013],[-89.966599,41.706791],[-89.966517,41.718214],[-89.968851,41.735448],[-89.969252,41.757442],[-89.968998,41.761338],[-89.965334,41.767473],[-89.964956,41.768885],[-89.964843,41.771926],[-90.026582,41.77181],[-90.026646,41.761125],[-90.016828,41.76088],[-90.01684,41.750357],[-90.016695,41.749754],[-90.017669,41.748023],[-90.019007,41.747369],[-90.018965,41.746364],[-90.021618,41.744617],[-90.02255,41.743179],[-90.040576,41.743198],[-90.042415,41.745428],[-90.044608,41.749742],[-90.045325,41.750884],[-90.051708,41.757568],[-90.055034,41.760912],[-90.060418,41.765218],[-90.063927,41.767756],[-90.064555,41.768827],[-90.065362,41.770388],[-90.066499,41.771905],[-90.082243,41.771847],[-90.08395,41.771672],[-90.084909,41.771847],[-90.111343,41.772009],[-90.11139,41.757551],[-90.111845,41.756712],[-90.11198,41.751404],[-90.112703,41.751174],[-90.116489,41.751091],[-90.116636,41.747875],[-90.146817,41.755061],[-90.154496,41.758276],[-90.169663,41.76316],[-90.179608,41.765531],[-90.183443,41.765386],[-90.211489,41.765317],[-90.215123,41.772831],[-90.217462,41.777657],[-90.217518,41.779903],[-90.20459,41.779708],[-90.203617,41.782266],[-90.202299,41.784722],[-90.200261,41.788088],[-90.198294,41.790591],[-90.19705,41.792188],[-90.196793,41.79283],[-90.19575,41.793867],[-90.195849,41.794195],[-90.196198,41.794174],[-90.196612,41.794497],[-90.197149,41.794497],[-90.197337,41.794812],[-90.197342,41.795212],[-90.197531,41.79536],[-90.197512,41.795535],[-90.197305,41.795739],[-90.197446,41.795999],[-90.19777,41.796239],[-90.197855,41.796454],[-90.198036,41.796586],[-90.198256,41.796602],[-90.198974,41.796501],[-90.200487,41.796227],[-90.201204,41.796254],[-90.201972,41.796543],[-90.202513,41.796467],[-90.203112,41.796494],[-90.203587,41.796363],[-90.204723,41.795812],[-90.206339,41.795271],[-90.207326,41.7952],[-90.207801,41.795407],[-90.207965,41.795975],[-90.195771,41.799405],[-90.189816,41.80111],[-90.182068,41.806776]]]},"properties":{"code":"[309,861]"}},{"type":"Feature","geometry":{"type":"Polygon","coordinates":[[[-118.236613,33.726733],[-118.248556,33.755228],[-118.238309,33.758421],[-118.241167,33.777091],[-118.229483,33.793467],[-118.237951,33.799298],[-118.228593,33.824621],[-118.215427,33.824308],[-118.215578,33.825436],[-118.210024,33.826567],[-118.208251,33.828886],[-118.208889,33.831487],[-118.208738,33.8339],[-118.206093,33.843719],[-118.205295,33.847538],[-118.204793,33.853278],[-118.202842,33.857444],[-118.199275,33.862489],[-118.202769,33.874257],[-118.19569,33.874224],[-118.193064,33.875455],[-118.190721,33.88465],[-118.188971,33.888927],[-118.187763,33.893997],[-118.186871,33.901031],[-118.184809,33.904593],[-118.181144,33.908565],[-118.178411,33.911122],[-118.177342,33.917978],[-118.176031,33.930461],[-118.228324,33.935974],[-118.222661,33.923446],[-118.255668,33.923071],[-118.254255,33.916422],[-118.327823,33.915611],[-118.328247,33.960225],[-118.345702,33.959836],[-118.346147,33.971576],[-118.335309,33.975877],[-118.332489,33.980554],[-118.36643,33.980943],[-118.364406,34.098797],[-118.398325,34.127365],[-118.405925,34.12789],[-118.410069,34.129896],[-118.413919,34.128892],[-118.415062,34.126477],[-118.419998,34.127884],[-118.422698,34.130209],[-118.432512,34.131958],[-118.435414,34.130634],[-118.439131,34.13196],[-118.443857,34.130287],[-118.449969,34.132193],[-118.455882,34.133029],[-118.458996,34.130796],[-118.463005,34.131042],[-118.467494,34.129619],[-118.471304,34.130284],[-118.473867,34.126545],[-118.478785,34.126545],[-118.480512,34.129708],[-118.482598,34.130627],[-118.486267,34.13],[-118.489338,34.130165],[-118.490375,34.131288],[-118.494921,34.129934],[-118.497074,34.130561],[-118.501222,34.128977],[-118.502538,34.129472],[-118.50942,34.131469],[-118.537221,34.130878],[-118.540929,34.127663],[-118.558043,34.127869],[-118.565731,34.137653],[-118.576512,34.140007],[-118.577736,34.135355],[-118.576603,34.132316],[-118.575606,34.131228],[-118.576831,34.128731],[-118.578139,34.127678],[-118.592304,34.134924],[-118.590398,34.140043],[-118.605876,34.145739],[-118.607933,34.145351],[-118.607355,34.143992],[-118.604612,34.144619],[-118.604504,34.143858],[-118.605912,34.14338],[-118.605208,34.141796],[-118.606796,34.141513],[-118.607915,34.14214],[-118.608131,34.141557],[-118.604811,34.140661],[-118.604251,34.140855],[-118.604233,34.141647],[-118.603385,34.141692],[-118.602458,34.139511],[-118.601266,34.139169],[-118.601621,34.138744],[-118.602011,34.138744],[-118.60217,34.1384],[-118.602879,34.138572],[-118.602928,34.13932],[-118.604271,34.139371],[-118.604454,34.138522],[-118.609036,34.134447],[-118.609004,34.131273],[-118.610067,34.13101],[-118.610592,34.129833],[-118.610484,34.129429],[-118.611675,34.127577],[-118.612126,34.127413],[-118.613028,34.126382],[-118.61301,34.123753],[-118.61361,34.123725],[-118.614459,34.123076],[-118.615408,34.122975],[-118.616284,34.122601],[-118.617678,34.122861],[-118.620169,34.122884],[-118.622009,34.123214],[-118.624196,34.124413],[-118.624945,34.125693],[-118.624926,34.126097],[-118.625508,34.126296],[-118.626956,34.126128],[-118.627888,34.126556],[-118.628811,34.1268],[-118.629939,34.12799],[-118.630807,34.127913],[-118.631781,34.12709],[-118.631993,34.126212],[-118.632513,34.12591],[-118.633509,34.125773],[-118.634229,34.125849],[-118.634921,34.125047],[-118.634926,34.123361],[-118.646946,34.123387],[-118.646925,34.122537],[-118.65024,34.12149],[-118.653031,34.122156],[-118.653909,34.123422],[-118.658089,34.124422],[-118.659248,34.12186],[-118.659913,34.119582],[-118.661602,34.114528],[-118.661667,34.108577],[-118.66008,34.101281],[-118.673143,34.098287],[-118.678108,34.09569],[-118.680759,34.090167],[-118.680574,34.087097],[-118.682745,34.08368],[-118.693136,34.077788],[-118.699447,34.078874],[-118.704338,34.0821],[-118.792589,34.074826],[-118.794434,34.078915],[-118.798215,34.080546],[-118.793358,34.083764],[-118.800031,34.084775],[-118.805541,34.085466],[-118.808177,34.087182],[-118.80735,34.088822],[-118.811475,34.092094],[-118.815545,34.089876],[-118.816601,34.092867],[-118.81248,34.096494],[-118.82346,34.093848],[-118.826909,34.094958],[-118.831693,34.093538],[-118.831982,34.096859],[-118.839237,34.100255],[-118.843623,34.099861],[-118.845625,34.101993],[-118.845619,34.104276],[-118.85367,34.104297],[-118.855203,34.10327],[-118.860569,34.10359],[-118.862971,34.101431],[-118.861635,34.099754],[-118.863316,34.097884],[-118.862562,34.095534],[-118.865687,34.0916],[-118.87009,34.09112],[-118.873625,34.088573],[-118.880693,34.088815],[-118.881097,34.091503],[-118.883121,34.093999],[-118.883694,34.096686],[-118.887573,34.099083],[-118.888809,34.103821],[-118.896387,34.106347],[-118.900304,34.11428],[-118.946364,34.115168],[-118.946018,34.118876],[-118.971401,34.107145],[-118.966916,34.139814],[-118.994608,34.12563],[-119.01528,34.137128],[-119.023923,34.13044],[-119.033163,34.099512],[-119.016292,34.070973],[-119.010805,34.061874],[-118.937533,34.036454],[-118.927474,34.03954],[-118.860833,34.029976],[-118.809001,33.992826],[-118.79139,33.999401],[-118.779406,34.0159],[-118.735447,34.025751],[-118.676154,34.02207],[-118.669383,34.031223],[-118.606841,34.030482],[-118.544478,34.029002],[-118.489751,33.985599],[-118.44886,33.919257],[-118.41218,33.849878],[-118.410392,33.802582],[-118.442785,33.781156],[-118.416782,33.727466],[-118.37718,33.723296],[-118.288483,33.695362],[-118.230775,33.709534],[-118.236613,33.726733]]]},"properties":{"code":"[310,424]"}},{"type":"Feature","geometry":{"type":"Polygon","coordinates":[[[-87.619615,41.913874],[-87.627957,41.91872],[-87.629065,41.91873],[-87.627451,41.915074],[-87.626387,41.913008],[-87.627236,41.912365],[-87.628818,41.912397],[-87.630645,41.913243],[-87.631781,41.913393],[-87.631752,41.914057],[-87.63273,41.915084],[-87.632889,41.915545],[-87.633914,41.91668],[-87.634158,41.917118],[-87.634446,41.918424],[-87.636407,41.918355],[-87.636319,41.916544],[-87.638815,41.918317],[-87.642426,41.918254],[-87.642526,41.920074],[-87.643705,41.920074],[-87.643783,41.921875],[-87.648666,41.921811],[-87.648447,41.916039],[-87.652021,41.915973],[-87.653307,41.915944],[-87.653269,41.914883],[-87.65352,41.914874],[-87.655165,41.916064],[-87.655888,41.915507],[-87.655294,41.91507],[-87.65563,41.914787],[-87.656043,41.914566],[-87.657804,41.916175],[-87.658242,41.915814],[-87.658946,41.914878],[-87.65796,41.913911],[-87.656896,41.910807],[-87.658628,41.910772],[-87.659867,41.907123],[-87.658058,41.907139],[-87.657807,41.903492],[-87.658311,41.903471],[-87.6567,41.901372],[-87.656628,41.899884],[-87.662534,41.899806],[-87.662454,41.897981],[-87.667401,41.897896],[-87.667452,41.899722],[-87.672281,41.899635],[-87.672172,41.895989],[-87.679488,41.895872],[-87.679477,41.894953],[-87.684365,41.894896],[-87.684294,41.892183],[-87.689161,41.892078],[-87.689237,41.893022],[-87.689248,41.893885],[-87.691752,41.89386],[-87.691667,41.88965],[-87.688159,41.888845],[-87.686612,41.888672],[-87.686612,41.888333],[-87.687332,41.888324],[-87.687843,41.888178],[-87.689673,41.887836],[-87.690675,41.887485],[-87.691275,41.887001],[-87.691502,41.886578],[-87.691525,41.881111],[-87.691056,41.881115],[-87.691505,41.880205],[-87.691264,41.870921],[-87.693548,41.870907],[-87.69346,41.868758],[-87.692474,41.868581],[-87.691524,41.86788],[-87.69115,41.86727],[-87.691004,41.866556],[-87.690849,41.865787],[-87.69031,41.864909],[-87.689478,41.863481],[-87.690866,41.863034],[-87.690744,41.858954],[-87.688115,41.858994],[-87.687997,41.854764],[-87.683247,41.854811],[-87.683256,41.853913],[-87.680762,41.853947],[-87.68078,41.85439],[-87.678323,41.85443],[-87.678332,41.853961],[-87.673438,41.854034],[-87.673416,41.852226],[-87.666031,41.852319],[-87.666004,41.851319],[-87.668461,41.850672],[-87.668307,41.844615],[-87.665912,41.844998],[-87.665904,41.84448],[-87.67106,41.84314],[-87.671009,41.8399],[-87.668173,41.8409],[-87.666325,41.842228],[-87.665772,41.842158],[-87.664948,41.842543],[-87.664313,41.842424],[-87.663572,41.844186],[-87.660715,41.845628],[-87.660291,41.84483],[-87.659456,41.843831],[-87.656796,41.845085],[-87.655518,41.843417],[-87.654447,41.843882],[-87.654141,41.843479],[-87.655012,41.843032],[-87.650665,41.837975],[-87.648701,41.837994],[-87.648681,41.836427],[-87.647203,41.836445],[-87.647159,41.834818],[-87.646188,41.834828],[-87.646174,41.834403],[-87.637058,41.83452],[-87.637024,41.834067],[-87.637625,41.832936],[-87.637633,41.830853],[-87.631522,41.830928],[-87.631376,41.82364],[-87.631271,41.823639],[-87.63147,41.830914],[-87.625865,41.83099],[-87.625829,41.829582],[-87.621732,41.829613],[-87.621651,41.827416],[-87.616794,41.82748],[-87.61683,41.831078],[-87.599993,41.831536],[-87.598725,41.835099],[-87.600211,41.839256],[-87.6053,41.841687],[-87.606677,41.844548],[-87.605627,41.847033],[-87.606776,41.850276],[-87.603329,41.853518],[-87.603087,41.867566],[-87.609691,41.870113],[-87.606019,41.874418],[-87.604473,41.885419],[-87.594397,41.891525],[-87.598849,41.897456],[-87.613613,41.899724],[-87.620997,41.908878],[-87.618771,41.912104],[-87.619615,41.913874]]]},"properties":{"code":"[312,872]"}},{"type":"Feature","geometry":{"type":"Polygon","coordinates":[[[-82.864415,42.45219],[-82.872703,42.452101],[-82.872944,42.453297],[-82.876727,42.454848],[-82.877662,42.454086],[-82.879642,42.454112],[-82.881659,42.452546],[-82.885442,42.45298],[-82.888544,42.450583],[-82.90927,42.450754],[-83.316769,42.440635],[-83.310901,42.311701],[-83.32084,42.311383],[-83.319654,42.291759],[-83.318816,42.268007],[-83.311045,42.268212],[-83.310764,42.267744],[-83.312141,42.265967],[-83.312653,42.264345],[-83.313496,42.264231],[-83.313314,42.263607],[-83.312892,42.263534],[-83.312976,42.263274],[-83.312403,42.262534],[-83.315531,42.262323],[-83.315293,42.261709],[-83.315307,42.260836],[-83.315423,42.260251],[-83.316224,42.259689],[-83.317474,42.25945],[-83.317884,42.257992],[-83.318698,42.257816],[-83.318634,42.256337],[-83.319252,42.255297],[-83.320184,42.254911],[-83.32024,42.253435],[-83.308471,42.253523],[-83.308332,42.249714],[-83.310352,42.24823],[-83.31422,42.246249],[-83.318409,42.24452],[-83.308249,42.247092],[-83.308027,42.239251],[-83.307198,42.239293],[-83.30783,42.24287],[-83.30763,42.24293],[-83.307136,42.243648],[-83.306936,42.243768],[-83.306917,42.244233],[-83.306725,42.245217],[-83.296396,42.247858],[-83.296387,42.247168],[-83.298688,42.246978],[-83.297954,42.225426],[-83.288215,42.225962],[-83.2082,42.227996],[-83.206945,42.227323],[-83.204874,42.222912],[-83.203964,42.222768],[-83.202817,42.222832],[-83.200457,42.223361],[-83.200413,42.220853],[-83.190794,42.221105],[-83.181204,42.221057],[-83.181398,42.222997],[-83.176562,42.221228],[-83.174549,42.221132],[-83.172476,42.222353],[-83.170956,42.222547],[-83.169081,42.223174],[-83.168077,42.223809],[-83.165892,42.225823],[-83.164857,42.227611],[-83.164772,42.228209],[-83.165002,42.229079],[-83.164823,42.230016],[-83.163274,42.23117],[-83.163159,42.232418],[-83.162822,42.232901],[-83.16166,42.233496],[-83.161085,42.234196],[-83.16028,42.23448],[-83.156884,42.234429],[-83.154891,42.234391],[-83.152239,42.234744],[-83.149786,42.234687],[-83.148719,42.234915],[-83.146049,42.234934],[-83.144588,42.23875],[-83.142423,42.240817],[-83.134978,42.242558],[-83.124756,42.248214],[-83.11157,42.260187],[-83.096775,42.289985],[-83.079493,42.308734],[-83.063464,42.317807],[-83.019057,42.329397],[-82.988698,42.332453],[-82.959125,42.339449],[-82.945373,42.346963],[-82.86418,42.36522],[-82.864415,42.45219]]]},"properties":{"code":"[313]"}},{"type":"Feature","geometry":{"type":"Polygon","coordinates":[[[-90.341927,38.387031],[-90.311487,38.415241],[-90.29038,38.430743],[-90.278612,38.476338],[-90.263018,38.523932],[-90.24879,38.544862],[-90.222829,38.575329],[-90.201793,38.589003],[-90.190436,38.600809],[-90.183441,38.613238],[-90.178095,38.632648],[-90.178393,38.650588],[-90.184076,38.669355],[-90.19498,38.6878],[-90.209666,38.702646],[-90.212592,38.715061],[-90.209023,38.728357],[-90.194719,38.740908],[-90.181401,38.74889],[-90.166232,38.773147],[-90.129833,38.79316],[-90.121709,38.799366],[-90.116022,38.810889],[-90.125609,38.820384],[-90.137961,38.828485],[-90.153398,38.82975],[-90.180044,38.819244],[-90.195318,38.820632],[-90.23385,38.842343],[-90.263048,38.853964],[-90.277332,38.874814],[-90.29162,38.88657],[-90.313805,38.891649],[-90.335545,38.887102],[-90.341376,38.869047],[-90.345075,38.846802],[-90.360802,38.829012],[-90.378951,38.822059],[-90.396629,38.823057],[-90.41676,38.829742],[-90.441373,38.827935],[-90.451113,38.819716],[-90.460035,38.804047],[-90.474222,38.789192],[-90.482665,38.763223],[-90.496635,38.748129],[-90.523131,38.735458],[-90.53434,38.726578],[-90.531001,38.703503],[-90.537483,38.687934],[-90.55079,38.681733],[-90.569969,38.681643],[-90.570829,38.678339],[-90.565455,38.670339],[-90.566878,38.66847],[-90.568164,38.668143],[-90.568325,38.666738],[-90.568184,38.666438],[-90.556286,38.669909],[-90.554838,38.667807],[-90.554078,38.667858],[-90.552375,38.665612],[-90.552077,38.665728],[-90.552341,38.666619],[-90.551167,38.667394],[-90.551382,38.668065],[-90.550473,38.668517],[-90.549183,38.668439],[-90.548637,38.666864],[-90.547943,38.666438],[-90.546802,38.666877],[-90.545561,38.666541],[-90.543002,38.663361],[-90.536692,38.667862],[-90.534774,38.664743],[-90.530862,38.659899],[-90.52785,38.659176],[-90.522231,38.652944],[-90.522463,38.652117],[-90.523124,38.651484],[-90.525417,38.650059],[-90.525682,38.649711],[-90.525732,38.649155],[-90.523324,38.649202],[-90.523754,38.648763],[-90.522497,38.647226],[-90.523969,38.646296],[-90.524548,38.647045],[-90.527504,38.645795],[-90.518801,38.643862],[-90.522763,38.641716],[-90.522568,38.637379],[-90.521774,38.635712],[-90.521635,38.63386],[-90.523653,38.633808],[-90.522134,38.631647],[-90.521026,38.629139],[-90.520018,38.628674],[-90.51825,38.623211],[-90.515898,38.623967],[-90.516126,38.624826],[-90.514676,38.630465],[-90.513708,38.634895],[-90.512115,38.63291],[-90.511199,38.633169],[-90.511081,38.634487],[-90.508879,38.634497],[-90.507419,38.634319],[-90.504865,38.635343],[-90.50186,38.634241],[-90.499773,38.634345],[-90.499754,38.629499],[-90.501896,38.62938],[-90.504722,38.62861],[-90.499162,38.621712],[-90.498887,38.620672],[-90.495662,38.621858],[-90.495833,38.623458],[-90.498185,38.626363],[-90.490423,38.62636],[-90.49046,38.624108],[-90.487331,38.624523],[-90.484947,38.612829],[-90.485368,38.606007],[-90.487037,38.6062],[-90.487512,38.604199],[-90.49011,38.604196],[-90.489013,38.602735],[-90.490648,38.602198],[-90.48802,38.59495],[-90.487223,38.595291],[-90.482902,38.594188],[-90.483361,38.594896],[-90.482511,38.595071],[-90.477961,38.591901],[-90.476349,38.592181],[-90.475711,38.591088],[-90.476268,38.590616],[-90.466168,38.578421],[-90.470295,38.575668],[-90.470922,38.574208],[-90.469534,38.570992],[-90.471103,38.568706],[-90.468384,38.568858],[-90.467541,38.56838],[-90.461916,38.570934],[-90.459306,38.571838],[-90.456199,38.56963],[-90.45386,38.567022],[-90.45407,38.556858],[-90.444912,38.560696],[-90.44312,38.560871],[-90.441972,38.561243],[-90.441553,38.558179],[-90.439447,38.555988],[-90.433856,38.543717],[-90.430608,38.54524],[-90.426648,38.548583],[-90.420324,38.541961],[-90.421349,38.540963],[-90.421645,38.530394],[-90.42362,38.527347],[-90.433167,38.521695],[-90.429909,38.516596],[-90.435214,38.516148],[-90.434767,38.514399],[-90.428273,38.511357],[-90.419067,38.504557],[-90.413442,38.504106],[-90.41025,38.505106],[-90.406353,38.503756],[-90.40495,38.500905],[-90.405137,38.498154],[-90.407366,38.493901],[-90.407239,38.491149],[-90.404883,38.48775],[-90.407953,38.483198],[-90.412171,38.480848],[-90.415874,38.481446],[-90.418813,38.483547],[-90.421243,38.483897],[-90.422844,38.482999],[-90.421871,38.480335],[-90.421742,38.477365],[-90.418341,38.469856],[-90.415384,38.464822],[-90.414603,38.461517],[-90.414732,38.458094],[-90.413247,38.455175],[-90.409839,38.452758],[-90.406379,38.452592],[-90.398439,38.454732],[-90.395229,38.458043],[-90.3924,38.457615],[-90.390664,38.454997],[-90.392111,38.452127],[-90.391243,38.450768],[-90.387642,38.451221],[-90.37313,38.453678],[-90.359743,38.456922],[-90.355275,38.458382],[-90.351236,38.458444],[-90.342782,38.456657],[-90.337606,38.455045],[-90.336128,38.453157],[-90.335708,38.447846],[-90.338376,38.444246],[-90.342948,38.439144],[-90.346999,38.435971],[-90.34819,38.432682],[-90.348629,38.427839],[-90.347269,38.420587],[-90.34661,38.416134],[-90.348282,38.411248],[-90.348796,38.407422],[-90.347007,38.401487],[-90.344885,38.397607],[-90.34486,38.392555],[-90.344346,38.388977],[-90.341927,38.387031]]]},"properties":{"code":"[314,557]"}},{"type":"Feature","geometry":{"type":"Polygon","coordinates":[[[-80.111264,25.975319],[-80.319438,25.970773],[-80.325697,25.969026],[-80.330105,25.966349],[-80.341414,25.957006],[-80.682645,25.956274],[-80.683018,25.977307],[-80.872932,25.978959],[-80.857377,25.615764],[-81.049925,25.612281],[-81.050921,25.650078],[-81.06663,25.64965],[-81.066984,25.671692],[-81.083315,25.671661],[-81.083417,25.686164],[-81.09968,25.685996],[-81.100069,25.715256],[-81.116635,25.714604],[-81.116294,25.729253],[-81.163535,25.729577],[-81.163296,25.757682],[-81.181655,25.758421],[-81.179485,25.773687],[-81.196585,25.774374],[-81.197934,25.78816],[-81.214048,25.788429],[-81.213344,25.8029],[-81.260262,25.802819],[-81.260093,25.83383],[-81.33825,25.829329],[-81.276296,25.794935],[-81.172048,25.668594],[-81.126618,25.607512],[-81.156248,25.557216],[-81.200911,25.551447],[-81.244628,25.534232],[-81.241263,25.503525],[-81.202628,25.459988],[-81.1847,25.385259],[-81.215468,25.239461],[-81.177145,25.126669],[-81.066716,25.039455],[-81.017104,24.925033],[-80.930224,24.86307],[-81.142126,24.794973],[-81.284735,24.832301],[-81.436631,24.847349],[-81.635106,24.778632],[-81.878328,24.653946],[-82.201957,24.625819],[-82.1968,24.490956],[-81.868014,24.459272],[-81.559062,24.50269],[-81.257352,24.578928],[-80.901215,24.680793],[-80.480631,24.892937],[-80.248529,25.142989],[-80.126316,25.412728],[-80.110405,25.598807],[-80.125622,25.687291],[-80.102035,25.768171],[-80.09747,25.855159],[-80.111264,25.975319]]]},"properties":{"code":"[305,645,786]"}},{"type":"Feature","geometry":{"type":"Polygon","coordinates":[[[-77.375988,43.281947],[-77.37117,43.011896],[-77.356901,43.012024],[-77.357251,43.008925],[-77.356874,43.00812],[-77.355254,43.006763],[-77.353536,43.004406],[-77.336612,43.004423],[-77.34197,43.000136],[-77.344702,42.998532],[-77.345014,42.994318],[-77.335572,42.992766],[-77.311553,42.988118],[-77.311559,43.00951],[-77.308467,43.009487],[-77.307226,43.007971],[-77.306785,43.006885],[-77.306457,43.005771],[-77.305202,43.003982],[-77.302194,43.000121],[-77.301915,42.998752],[-77.299813,42.998617],[-77.298316,42.998667],[-77.296172,42.999022],[-77.293869,42.999544],[-77.2892,43.000284],[-77.276997,43.001961],[-77.276966,42.986622],[-77.271967,42.98723],[-77.265854,42.989331],[-77.263613,42.989996],[-77.263083,42.990527],[-77.261941,42.992688],[-77.259685,42.995169],[-77.258753,42.995601],[-77.256747,42.996247],[-77.256727,42.997068],[-77.246313,42.997185],[-77.246345,42.979107],[-77.220313,42.977989],[-77.205389,42.975152],[-77.20216,42.974788],[-77.193039,42.974664],[-77.183767,42.973685],[-77.180375,42.97352],[-77.180675,42.971851],[-77.181795,42.968364],[-77.181766,42.961599],[-77.181218,42.944838],[-77.131463,42.945142],[-77.131552,42.936131],[-77.131347,42.933193],[-77.143771,42.932771],[-77.141212,42.920328],[-77.141174,42.915972],[-77.155587,42.915795],[-77.163288,42.917013],[-77.167554,42.917396],[-77.16739,42.915639],[-77.167317,42.912012],[-77.168288,42.908206],[-77.168189,42.903713],[-77.168334,42.901038],[-77.142923,42.901347],[-77.141036,42.90121],[-77.138486,42.900679],[-77.122208,42.900916],[-77.087326,42.901215],[-77.085896,42.899675],[-77.079371,42.899675],[-77.075062,42.886132],[-77.071152,42.866915],[-77.068051,42.86029],[-77.067635,42.857795],[-77.063763,42.852837],[-77.059073,42.849342],[-77.056085,42.84656],[-77.054928,42.841233],[-77.047075,42.841241],[-77.047591,42.848847],[-77.046579,42.852559],[-77.047035,42.861615],[-77.0389,42.860351],[-77.022125,42.857821],[-77.019637,42.766211],[-77.143116,42.76555],[-77.190942,42.66259],[-77.25615,42.590466],[-77.257533,42.576326],[-77.14296,42.576971],[-77.148594,42.562123],[-77.14764,42.537668],[-77.146604,42.520765],[-77.150988,42.493997],[-77.135343,42.490809],[-77.114969,42.507743],[-77.106918,42.50554],[-77.106837,42.484038],[-77.093347,42.48391],[-77.085119,42.499146],[-77.064324,42.511275],[-77.056776,42.531466],[-77.05564,42.537181],[-77.056435,42.551671],[-77.055925,42.559015],[-77.057141,42.572648],[-77.056691,42.58079],[-77.05874,42.58738],[-77.061225,42.615715],[-77.058754,42.615821],[-77.04941,42.61457],[-76.998273,42.615707],[-76.999579,42.634585],[-76.984822,42.635122],[-76.959627,42.639505],[-76.953804,42.638145],[-76.943879,42.638553],[-76.943801,42.640297],[-76.941455,42.64014],[-76.934892,42.640558],[-76.93226,42.640023],[-76.931215,42.639512],[-76.891105,42.639691],[-76.892957,42.659445],[-76.92927,42.699264],[-76.945731,42.748686],[-76.895715,42.750095],[-76.898062,42.787857],[-76.862142,42.789222],[-76.842494,42.765227],[-76.842058,42.751524],[-76.833973,42.751698],[-76.833982,42.752178],[-76.823456,42.752563],[-76.818027,42.752478],[-76.81812,42.751681],[-76.734903,42.754043],[-76.729202,42.708819],[-76.685402,42.675966],[-76.660306,42.624013],[-76.614462,42.625232],[-76.614281,42.62209],[-76.458806,42.62738],[-76.458639,42.622344],[-76.433393,42.623122],[-76.368534,42.625239],[-76.369869,42.645984],[-76.365996,42.645405],[-76.368577,42.695563],[-76.268329,42.696941],[-76.27349,42.77118],[-76.253269,42.772186],[-75.895555,42.789785],[-75.88979,42.72298],[-75.427915,42.740761],[-75.427689,42.737661],[-75.296167,42.743432],[-75.293162,42.747894],[-75.290377,42.74882],[-75.290802,42.751433],[-75.28942,42.750848],[-75.287667,42.752214],[-75.28687,42.750887],[-75.284214,42.751004],[-75.282461,42.752214],[-75.281876,42.753774],[-75.279858,42.754398],[-75.280176,42.757558],[-75.279645,42.759157],[-75.278144,42.759761],[-75.279407,42.764126],[-75.276817,42.765973],[-75.274019,42.765357],[-75.275556,42.767564],[-75.273742,42.76854],[-75.274162,42.770593],[-75.272412,42.773364],[-75.267374,42.775469],[-75.265771,42.77475],[-75.263883,42.77788],[-75.262975,42.775673],[-75.260813,42.775981],[-75.258757,42.777418],[-75.258477,42.780902],[-75.255683,42.781312],[-75.25736,42.7829],[-75.250797,42.784796],[-75.25312,42.786868],[-75.251843,42.787602],[-75.252208,42.79121],[-75.249644,42.792149],[-75.24495,42.787893],[-75.153922,42.784508],[-75.072221,42.748825],[-75.016195,42.756613],[-75.016442,42.757956],[-75.015107,42.759626],[-75.016145,42.763147],[-75.017494,42.764127],[-75.016258,42.766014],[-75.020263,42.767792],[-75.015616,42.770152],[-75.01962,42.771567],[-75.022438,42.770804],[-75.023674,42.772945],[-75.021103,42.774324],[-75.020866,42.776428],[-75.017751,42.776464],[-75.017751,42.780818],[-75.014906,42.781881],[-75.01639,42.784203],[-75.012237,42.785691],[-75.015351,42.79146],[-75.012237,42.811955],[-74.989798,42.819978],[-74.97796,42.816515],[-74.954209,42.846958],[-74.905678,42.826246],[-74.892659,42.832773],[-74.881377,42.898983],[-74.762105,42.870369],[-74.737079,42.997589],[-74.743537,42.99925],[-74.740384,43.00839],[-74.740188,43.017694],[-74.74419,43.028885],[-74.752392,43.039778],[-74.759554,43.042932],[-74.759001,43.046496],[-74.715372,43.034618],[-74.714079,43.036547],[-74.713717,43.039194],[-74.707917,43.048012],[-74.705433,43.049222],[-74.706004,43.050999],[-74.698794,43.060924],[-74.698588,43.063156],[-74.685172,43.083968],[-74.687294,43.086161],[-74.68569,43.089223],[-74.683361,43.091983],[-74.683744,43.097118],[-74.682658,43.102673],[-74.677293,43.11059],[-74.674085,43.11365],[-74.670965,43.118392],[-74.657184,43.122661],[-74.647662,43.123908],[-74.553774,43.092065],[-74.563815,43.217901],[-74.535119,43.227195],[-74.867171,43.34184],[-74.773995,43.486481],[-74.884436,44.324445],[-74.554186,44.353764],[-74.636152,44.949291],[-74.725778,44.952596],[-74.730934,44.990461],[-74.744371,44.990645],[-74.76047,44.994976],[-74.763165,45.005685],[-74.792891,45.004433],[-74.799849,45.010861],[-74.801519,45.014533],[-74.813303,45.013583],[-74.817061,45.011616],[-74.826572,45.015846],[-74.834812,45.01463],[-74.841912,45.011317],[-74.846275,45.010239],[-74.85625,45.004532],[-74.862467,45.004565],[-74.866354,45.000419],[-74.877217,45.001465],[-74.888491,44.999924],[-74.901046,44.99256],[-74.908089,44.983484],[-74.947114,44.984907],[-74.972517,44.983499],[-74.99275,44.977492],[-74.99932,44.971742],[-74.999413,44.966063],[-75.002898,44.962471],[-75.005032,44.958367],[-75.026667,44.94665],[-75.05992,44.934507],[-75.064656,44.929499],[-75.096359,44.927058],[-75.104785,44.919674],[-75.11773,44.921075],[-75.134652,44.915028],[-75.139944,44.896957],[-75.164965,44.893524],[-75.188804,44.883256],[-75.194238,44.882642],[-75.20289,44.877885],[-75.218372,44.877762],[-75.228172,44.868378],[-75.241209,44.867153],[-75.255975,44.857389],[-75.268307,44.85491],[-75.28472,44.848442],[-75.307381,44.836667],[-75.301895,44.826454],[-75.333513,44.8063],[-75.344372,44.809048],[-75.369588,44.7878],[-75.369913,44.783004],[-75.387844,44.779566],[-75.396533,44.773538],[-75.413757,44.772151],[-75.423611,44.756132],[-75.476057,44.72081],[-75.504869,44.705363],[-75.619769,44.6188],[-75.649058,44.600446],[-75.661457,44.592713],[-75.698766,44.566117],[-75.720213,44.54795],[-75.723392,44.546195],[-75.725856,44.543844],[-75.766922,44.515258],[-75.807624,44.471707],[-75.821181,44.432048],[-75.869373,44.396588],[-75.912611,44.367875],[-75.92167,44.368551],[-75.929636,44.359067],[-75.940733,44.354762],[-75.94948,44.349128],[-75.970436,44.342424],[-75.972936,44.343006],[-75.975036,44.346009],[-75.978551,44.346498],[-75.980231,44.346047],[-75.981882,44.347498],[-75.986091,44.346897],[-75.988036,44.347208],[-75.990406,44.347143],[-75.990644,44.347087],[-75.992414,44.347339],[-76.001096,44.347875],[-76.00794,44.344243],[-76.045463,44.331801],[-76.096966,44.299722],[-76.111854,44.298067],[-76.118161,44.29496],[-76.129415,44.295133],[-76.131161,44.296331],[-76.161814,44.280772],[-76.164309,44.23978],[-76.191586,44.22147],[-76.206697,44.215048],[-76.245489,44.203845],[-76.286691,44.203813],[-76.312637,44.199084],[-76.352724,44.134445],[-76.439037,44.094003],[-76.796427,43.630872],[-77.381228,43.631143],[-77.375988,43.281947]]]},"properties":{"code":"[315,680]"}},{"type":"Feature","geometry":{"type":"Polygon","coordinates":[[[-97.263783,38.043178],[-97.263832,38.086806],[-97.264784,38.099466],[-97.264985,38.102305],[-97.28342,38.102499],[-97.280449,38.115358],[-97.31764,38.115326],[-97.317571,38.124498],[-97.317305,38.129668],[-97.317438,38.129904],[-97.321648,38.129917],[-97.321657,38.130336],[-97.321258,38.131357],[-97.320609,38.131697],[-97.319976,38.132378],[-97.319896,38.133717],[-97.319513,38.135405],[-97.318382,38.13661],[-97.318257,38.137377],[-97.318756,38.138829],[-97.319005,38.14023],[-97.318334,38.142892],[-97.31895,38.14437],[-97.334875,38.144162],[-97.335461,38.129862],[-97.344615,38.129869],[-97.34423,38.144158],[-97.353473,38.14427],[-97.352975,38.158783],[-97.371718,38.159148],[-97.371804,38.102376],[-97.371451,38.102336],[-97.370189,38.101277],[-97.369504,38.101072],[-97.364638,38.100991],[-97.364813,38.093233],[-97.361563,38.093131],[-97.36075,38.092414],[-97.36075,38.086402],[-97.371905,38.086475],[-97.371888,38.087317],[-97.387364,38.100926],[-97.390357,38.100994],[-97.390282,38.086516],[-97.427058,38.086589],[-97.427236,38.076585],[-97.427499,38.074563],[-97.42726,38.028256],[-97.431529,38.028291],[-97.43657,38.028431],[-97.592111,38.028678],[-97.592063,37.926957],[-97.683896,37.926965],[-97.683777,37.91247],[-97.701974,37.912414],[-97.702101,37.825148],[-97.719219,37.825185],[-97.71809,37.823912],[-97.717883,37.807764],[-97.736266,37.807638],[-97.736081,37.793065],[-97.845284,37.792387],[-97.845311,37.824873],[-97.922028,37.824846],[-97.922209,37.839601],[-97.928584,37.839408],[-97.935982,37.83936],[-97.936196,37.733752],[-97.808124,37.733426],[-97.806706,37.654029],[-97.808363,37.646778],[-97.807809,37.579444],[-97.804314,37.579494],[-97.80439,37.575771],[-97.789603,37.575842],[-97.789424,37.518258],[-97.734475,37.518243],[-97.734316,37.504149],[-97.732559,37.504695],[-97.731233,37.504777],[-97.729941,37.504245],[-97.726974,37.50422],[-97.72652,37.508763],[-97.721832,37.510645],[-97.721384,37.511629],[-97.721815,37.514362],[-97.722994,37.515643],[-97.722819,37.522507],[-97.722021,37.525196],[-97.719873,37.525661],[-97.717721,37.528528],[-97.716386,37.528464],[-97.716396,37.529223],[-97.71506,37.530066],[-97.714727,37.530715],[-97.7154,37.531942],[-97.715117,37.535315],[-97.7146,37.536014],[-97.712607,37.536395],[-97.712067,37.537111],[-97.710883,37.537669],[-97.710766,37.539992],[-97.707257,37.539938],[-97.707259,37.545526],[-97.705227,37.545567],[-97.703012,37.546497],[-97.701918,37.546579],[-97.699963,37.547302],[-97.698244,37.547302],[-97.698291,37.54348],[-97.690317,37.54348],[-97.690839,37.545009],[-97.690187,37.548129],[-97.690492,37.549646],[-97.689684,37.551526],[-97.689814,37.553055],[-97.690935,37.556154],[-97.691115,37.560364],[-97.691506,37.561913],[-97.588374,37.562425],[-97.588393,37.57697],[-97.552241,37.577206],[-97.552473,37.598966],[-97.516073,37.599002],[-97.516145,37.595103],[-97.480267,37.615004],[-97.4803,37.620963],[-97.46165,37.61666],[-97.462306,37.608713],[-97.462376,37.607402],[-97.462231,37.600027],[-97.453045,37.600179],[-97.452964,37.592657],[-97.443872,37.592773],[-97.443414,37.56354],[-97.37043,37.564273],[-97.368989,37.477283],[-97.423506,37.476436],[-97.424109,37.470063],[-97.422669,37.41917],[-97.404291,37.419585],[-97.403355,37.39061],[-97.391422,37.390802],[-97.365986,37.405895],[-97.348921,37.406091],[-97.348953,37.411001],[-97.351295,37.411245],[-97.35148,37.413546],[-97.348994,37.417193],[-97.349824,37.449713],[-97.277977,37.450377],[-97.276692,37.449777],[-97.276433,37.435921],[-97.258256,37.436059],[-97.257731,37.392411],[-97.258346,37.392397],[-97.258242,37.377894],[-97.294682,37.377562],[-97.294448,37.362967],[-97.28761,37.36056],[-97.280555,37.361776],[-97.273529,37.365051],[-97.271031,37.363935],[-97.269938,37.360857],[-97.274223,37.356417],[-97.267646,37.351803],[-97.264711,37.352597],[-97.259033,37.352312],[-97.2567,37.35145],[-97.255763,37.349737],[-97.253015,37.34996],[-97.251829,37.351201],[-97.252235,37.352964],[-97.250361,37.353733],[-97.247176,37.352294],[-97.247488,37.350506],[-97.247301,37.348794],[-97.248144,37.347304],[-97.250673,37.346485],[-97.251423,37.344896],[-97.254764,37.344028],[-97.256544,37.342985],[-97.256009,37.341434],[-97.254198,37.339821],[-97.252668,37.336767],[-97.248734,37.334731],[-97.242957,37.334558],[-97.240865,37.336891],[-97.237984,37.336409],[-97.23558,37.336955],[-97.233019,37.335515],[-97.230803,37.335192],[-97.229273,37.332784],[-97.226775,37.332486],[-97.22743,37.330313],[-97.229647,37.328848],[-97.228804,37.327035],[-97.218353,37.325396],[-97.216042,37.326563],[-97.212014,37.325968],[-97.208443,37.327308],[-97.205164,37.325918],[-97.203134,37.323907],[-97.200605,37.324229],[-97.198451,37.325496],[-97.197358,37.324378],[-97.197689,37.322234],[-97.196097,37.320446],[-97.196128,37.317664],[-97.192975,37.316125],[-97.191632,37.313145],[-97.191882,37.310761],[-97.190939,37.310146],[-97.183843,37.311112],[-97.181076,37.312573],[-97.176741,37.31613],[-97.173842,37.318194],[-97.173014,37.319248],[-97.173235,37.32173],[-97.171026,37.323684],[-97.16832,37.324452],[-97.166139,37.322235],[-97.164265,37.317772],[-97.158025,37.314061],[-97.153807,37.310138],[-97.152395,37.299315],[-97.152654,37.291115],[-97.151118,37.289133],[-97.15079,37.390736],[-97.149493,37.390724],[-97.152339,37.462977],[-97.153342,37.475537],[-96.526107,37.476888],[-96.526898,37.811686],[-96.619941,37.810349],[-96.620465,37.82501],[-96.675572,37.825058],[-96.675595,37.912203],[-96.731003,37.912132],[-96.7309,37.933955],[-96.740261,37.933773],[-96.740169,37.926425],[-96.749481,37.926372],[-96.752396,37.926404],[-96.767574,37.926413],[-96.76879,37.926442],[-96.770076,37.927032],[-96.773127,37.92991],[-96.773964,37.93149],[-96.777308,37.930232],[-96.780927,37.928251],[-96.799161,37.91619],[-96.826699,37.903587],[-96.831533,37.90018],[-96.834504,37.896916],[-96.841864,37.88263],[-96.932276,37.882793],[-96.932394,37.911882],[-97.060537,37.912432],[-97.060558,37.999673],[-97.152801,38.000342],[-97.152698,38.044061],[-97.17177,38.04341],[-97.263783,38.043178]]]},"properties":{"code":"[316]"}},{"type":"Feature","geometry":{"type":"Polygon","coordinates":[[[-86.247504,40.215759],[-86.246997,40.180554],[-86.352988,40.178325],[-86.366098,40.177707],[-86.366044,40.126951],[-86.356532,40.127098],[-86.35581,40.039793],[-86.3753,40.039613],[-86.375169,40.026159],[-86.393955,40.025907],[-86.393915,39.996719],[-86.431879,39.996382],[-86.431792,39.952431],[-86.431307,39.951496],[-86.430903,39.923515],[-86.583947,39.922853],[-86.5769,39.917886],[-86.5765,39.864622],[-86.579989,39.864622],[-86.580149,39.861349],[-86.582265,39.86139],[-86.583542,39.86104],[-86.586027,39.861022],[-86.586173,39.833816],[-86.576661,39.833743],[-86.571455,39.834397],[-86.571298,39.812317],[-86.576434,39.812272],[-86.576721,39.812006],[-86.656403,39.81227],[-86.656436,39.81499],[-86.657193,39.816545],[-86.656496,39.819541],[-86.686826,39.819663],[-86.686885,39.717271],[-86.632469,39.717006],[-86.632354,39.720491],[-86.623016,39.720443],[-86.623034,39.709589],[-86.637074,39.709623],[-86.637281,39.708859],[-86.636412,39.707569],[-86.637157,39.706519],[-86.636158,39.70443],[-86.636262,39.704096],[-86.635413,39.703411],[-86.634855,39.70209],[-86.635329,39.701438],[-86.635253,39.701083],[-86.636095,39.70051],[-86.636677,39.699736],[-86.636892,39.698945],[-86.636247,39.697501],[-86.636509,39.695526],[-86.635853,39.694626],[-86.634909,39.694847],[-86.634376,39.694263],[-86.634294,39.693285],[-86.633617,39.692464],[-86.634314,39.692448],[-86.634245,39.692079],[-86.634888,39.691966],[-86.634276,39.691073],[-86.637755,39.68928],[-86.63772,39.687064],[-86.634356,39.685248],[-86.634397,39.684459],[-86.633289,39.683764],[-86.63253,39.68247],[-86.632545,39.681368],[-86.633098,39.680989],[-86.633104,39.679774],[-86.632443,39.679373],[-86.632062,39.677986],[-86.632122,39.677432],[-86.631642,39.676353],[-86.631862,39.675998],[-86.631622,39.675413],[-86.631221,39.67532],[-86.631181,39.674904],[-86.630441,39.673702],[-86.636908,39.673656],[-86.636927,39.6591],[-86.687285,39.65949],[-86.687405,39.630419],[-86.641692,39.6301],[-86.644738,39.627899],[-86.643898,39.62531],[-86.644127,39.623546],[-86.643325,39.622163],[-86.643554,39.619957],[-86.642752,39.618781],[-86.643096,39.617633],[-86.644696,39.616403],[-86.644926,39.615285],[-86.646606,39.614608],[-86.647866,39.614755],[-86.647942,39.612784],[-86.647217,39.610519],[-86.648362,39.609784],[-86.649508,39.610196],[-86.649393,39.611049],[-86.651035,39.610666],[-86.652296,39.609781],[-86.652826,39.608382],[-86.654037,39.607702],[-86.654137,39.606167],[-86.655247,39.604631],[-86.654944,39.603564],[-86.656055,39.602104],[-86.656904,39.600644],[-86.656932,39.599271],[-86.650938,39.601058],[-86.643868,39.601079],[-86.654777,39.583029],[-86.65275,39.568441],[-86.653467,39.565379],[-86.653228,39.559881],[-86.652495,39.557633],[-86.64634,39.557546],[-86.646214,39.544705],[-86.644759,39.543226],[-86.641387,39.543124],[-86.589534,39.54297],[-86.589691,39.535755],[-86.594275,39.535706],[-86.594338,39.521217],[-86.551422,39.520962],[-86.545723,39.519344],[-86.542248,39.517774],[-86.538616,39.517291],[-86.535784,39.517774],[-86.53594,39.521518],[-86.540198,39.524464],[-86.53795,39.52454],[-86.53629,39.524081],[-86.533723,39.524057],[-86.533034,39.52198],[-86.530498,39.521062],[-86.530436,39.518526],[-86.52336,39.519251],[-86.511202,39.533648],[-86.507478,39.533755],[-86.507478,39.530495],[-86.509735,39.528589],[-86.509735,39.52765],[-86.505899,39.523836],[-86.502317,39.522233],[-86.500992,39.520935],[-86.498914,39.520106],[-86.497947,39.51889],[-86.498054,39.517287],[-86.494616,39.51726],[-86.494473,39.518033],[-86.488713,39.518169],[-86.488785,39.520794],[-86.492403,39.523667],[-86.491543,39.526292],[-86.490146,39.527038],[-86.48857,39.527121],[-86.48857,39.527867],[-86.482875,39.527839],[-86.482947,39.526099],[-86.479401,39.526099],[-86.475869,39.520841],[-86.475093,39.520411],[-86.474996,39.51912],[-86.473711,39.518597],[-86.475499,39.515371],[-86.476396,39.514679],[-86.474196,39.512832],[-86.468156,39.510762],[-86.461489,39.508948],[-86.46634,39.510218],[-86.466227,39.485129],[-86.430315,39.485693],[-86.425617,39.48834],[-86.42328,39.487772],[-86.421839,39.486116],[-86.418509,39.486388],[-86.415788,39.488019],[-86.414284,39.490292],[-86.414668,39.492046],[-86.417261,39.493257],[-86.418445,39.494541],[-86.419439,39.497925],[-86.421167,39.50084],[-86.419118,39.502495],[-86.415405,39.503038],[-86.406953,39.499896],[-86.400853,39.496758],[-86.397652,39.494905],[-86.39365,39.493324],[-86.388681,39.493448],[-86.385416,39.490804],[-86.383943,39.490137],[-86.382855,39.49073],[-86.381958,39.492188],[-86.380198,39.492385],[-86.378885,39.491743],[-86.377477,39.490186],[-86.37537,39.490282],[-86.374249,39.492678],[-86.374537,39.494358],[-86.375882,39.495989],[-86.37569,39.497644],[-86.373961,39.498607],[-86.371304,39.496779],[-86.371016,39.494679],[-86.370856,39.49295],[-86.369223,39.491443],[-86.366555,39.491831],[-86.364987,39.493857],[-86.364218,39.4965],[-86.361369,39.498402],[-86.358387,39.499043],[-86.354418,39.499586],[-86.349327,39.501859],[-86.347695,39.503736],[-86.345262,39.504132],[-86.340716,39.502427],[-86.337794,39.501422],[-86.333376,39.501175],[-86.330651,39.503012],[-86.329499,39.505087],[-86.329674,39.508323],[-86.330474,39.509632],[-86.32977,39.510793],[-86.327849,39.510497],[-86.325864,39.508274],[-86.322567,39.509533],[-86.322983,39.51146],[-86.325326,39.514562],[-86.325646,39.516933],[-86.324238,39.520341],[-86.322029,39.520786],[-86.317131,39.518662],[-86.313176,39.520103],[-86.311095,39.523091],[-86.30783,39.52277],[-86.308438,39.519264],[-86.301955,39.516098],[-86.288236,39.516203],[-86.308295,39.502886],[-86.308232,39.49843],[-86.279574,39.4989],[-86.279574,39.499522],[-86.275476,39.499523],[-86.275333,39.491609],[-86.280096,39.491544],[-86.280096,39.487933],[-86.28476,39.487809],[-86.284499,39.473534],[-86.280511,39.474325],[-86.276234,39.474383],[-86.251513,39.488943],[-86.252091,39.342657],[-86.196266,39.342323],[-86.196685,39.3417],[-86.196357,39.330798],[-86.190906,39.331571],[-86.189824,39.333083],[-86.182931,39.330675],[-86.180931,39.328779],[-86.179157,39.326188],[-86.174453,39.323857],[-86.17315,39.323693],[-86.170729,39.321036],[-86.169209,39.320405],[-86.167935,39.316661],[-86.16633,39.316443],[-86.163769,39.317249],[-86.162086,39.31839],[-86.159553,39.321287],[-86.158523,39.32856],[-86.15721,39.331436],[-86.154094,39.333001],[-86.153619,39.338761],[-86.150667,39.340537],[-86.15012,39.342948],[-86.147858,39.343088],[-86.147267,39.344154],[-86.144089,39.343066],[-86.14302,39.341696],[-86.139633,39.339283],[-86.137945,39.336368],[-86.138057,39.334497],[-86.140955,39.330122],[-86.141174,39.325216],[-86.142559,39.324168],[-86.142643,39.322557],[-86.141883,39.320163],[-86.142924,39.317386],[-86.145006,39.316145],[-86.145175,39.313904],[-86.143466,39.26184],[-86.13935,39.261559],[-86.136233,39.260419],[-86.130302,39.261357],[-86.128657,39.261994],[-86.122424,39.262061],[-86.11729,39.258119],[-86.114044,39.254533],[-86.10718,39.25176],[-86.101733,39.247905],[-86.099007,39.247594],[-86.093735,39.244964],[-86.090035,39.244943],[-86.090254,39.251631],[-86.101357,39.251505],[-86.100824,39.300056],[-86.084012,39.300028],[-86.083599,39.344254],[-86.01871,39.345833],[-86.019353,39.382283],[-86.010059,39.382333],[-86.005243,39.380427],[-86.003236,39.380338],[-85.996692,39.382854],[-85.971901,39.383408],[-85.972277,39.398061],[-85.952981,39.397992],[-85.952515,39.436032],[-85.837042,39.438303],[-85.837125,39.431569],[-85.835844,39.431505],[-85.835738,39.422605],[-85.817034,39.422886],[-85.798532,39.424169],[-85.789289,39.424194],[-85.78911,39.438451],[-85.778163,39.438131],[-85.698616,39.438506],[-85.698513,39.442127],[-85.697832,39.442209],[-85.696279,39.453144],[-85.708088,39.453139],[-85.708575,39.49707],[-85.703829,39.497068],[-85.704248,39.555016],[-85.705794,39.625783],[-85.767371,39.625689],[-85.767481,39.632858],[-85.777111,39.632889],[-85.777195,39.639039],[-85.7781,39.640041],[-85.786718,39.639978],[-85.786873,39.648799],[-85.786963,39.649109],[-85.787083,39.656255],[-85.786178,39.656893],[-85.785039,39.659389],[-85.784832,39.661798],[-85.78259,39.661809],[-85.783261,39.698847],[-85.633182,39.698473],[-85.634186,39.786263],[-85.596877,39.786723],[-85.596712,39.873068],[-85.690696,39.872619],[-85.690745,39.873753],[-85.691157,39.87498],[-85.692233,39.930839],[-85.687473,39.930902],[-85.687646,39.945518],[-85.793205,39.944644],[-85.792255,39.945215],[-85.791832,39.948273],[-85.794948,39.949826],[-85.792678,39.950052],[-85.790482,39.949681],[-85.79026,39.950515],[-85.786473,39.950624],[-85.786513,39.95189],[-85.800757,39.951859],[-85.800837,39.952848],[-85.801543,39.952863],[-85.801764,39.957653],[-85.797031,39.960074],[-85.797006,39.96384],[-85.796264,39.964144],[-85.796228,39.976771],[-85.809466,39.977204],[-85.811247,39.976726],[-85.814956,39.976521],[-85.814955,39.973322],[-85.824247,39.97323],[-85.824306,39.970774],[-85.827571,39.970774],[-85.835822,39.970569],[-85.843172,39.9688],[-85.843172,39.973167],[-85.862047,39.973045],[-85.862225,40.002308],[-85.900181,40.00206],[-85.900167,40.001677],[-85.919042,40.001683],[-85.919423,40.030768],[-85.911194,40.030792],[-85.910844,40.031824],[-85.900526,40.02997],[-85.900873,40.053821],[-85.906682,40.052203],[-85.910358,40.050891],[-85.910599,40.066409],[-85.901912,40.066559],[-85.90096,40.066732],[-85.90142,40.088551],[-85.911039,40.088354],[-85.911331,40.102949],[-85.930563,40.102767],[-85.930806,40.113262],[-85.934297,40.115169],[-85.934472,40.120912],[-85.939284,40.122685],[-85.942739,40.123527],[-85.939572,40.128647],[-85.931198,40.126926],[-85.931248,40.132611],[-85.929914,40.132686],[-85.930039,40.136111],[-85.93939,40.136015],[-85.938856,40.198355],[-85.991182,40.197967],[-85.991237,40.205281],[-85.996036,40.205366],[-85.99609,40.21811],[-86.013098,40.218011],[-86.013018,40.209078],[-86.014318,40.207951],[-86.015131,40.204819],[-86.031949,40.204876],[-86.031994,40.212155],[-86.028118,40.212155],[-86.036272,40.217866],[-86.247504,40.215759]]]},"properties":{"code":"[317,463]"}},{"type":"Feature","geometry":{"type":"Polygon","coordinates":[[[-92.771979,42.907142],[-92.771756,42.891183],[-92.795179,42.890959],[-92.790636,42.884236],[-92.789679,42.883666],[-92.786191,42.876528],[-92.785273,42.875088],[-92.782832,42.872311],[-92.780531,42.870439],[-92.778306,42.868957],[-92.77678,42.868081],[-92.776602,42.866628],[-92.776208,42.86619],[-92.772991,42.864176],[-92.7728,42.863822],[-92.772559,42.862863],[-92.772095,42.862341],[-92.771273,42.862106],[-92.763711,42.862033],[-92.763047,42.861873],[-92.762641,42.86166],[-92.758499,42.858603],[-92.757471,42.858332],[-92.746882,42.858338],[-92.74688,42.85101],[-92.732114,42.850951],[-92.732052,42.832796],[-92.761647,42.832873],[-92.761818,42.818277],[-92.771721,42.818263],[-92.771695,42.788298],[-92.790308,42.788356],[-92.809985,42.788339],[-92.810098,42.734169],[-92.809451,42.734147],[-92.805827,42.733629],[-92.803231,42.731976],[-92.800911,42.730588],[-92.798063,42.726787],[-92.797673,42.72568],[-92.795442,42.724616],[-92.79319,42.724433],[-92.79037,42.724733],[-92.790314,42.71506],[-92.888998,42.715315],[-92.88874,42.657231],[-92.907704,42.657216],[-92.907847,42.5997],[-92.927307,42.59975],[-92.927612,42.556382],[-92.947288,42.55657],[-92.947543,42.52862],[-92.908426,42.528546],[-92.908473,42.514016],[-92.849585,42.484796],[-92.84941,42.470313],[-92.846728,42.470341],[-92.846627,42.441427],[-92.866122,42.441438],[-92.865883,42.416351],[-92.88623,42.411724],[-92.885442,42.282109],[-92.689906,42.282614],[-92.689927,42.268159],[-92.650902,42.268139],[-92.650823,42.239291],[-92.630665,42.239138],[-92.630586,42.227983],[-92.629337,42.227994],[-92.628988,42.228267],[-92.627708,42.22808],[-92.627224,42.22818],[-92.626623,42.228023],[-92.625654,42.228023],[-92.624181,42.228367],[-92.623677,42.228367],[-92.622727,42.227779],[-92.622456,42.228267],[-92.62172,42.228424],[-92.621293,42.227434],[-92.620192,42.22716],[-92.617664,42.22561],[-92.616829,42.225695],[-92.611043,42.225753],[-92.610334,42.225795],[-92.610197,42.225533],[-92.608664,42.224482],[-92.608207,42.224347],[-92.608218,42.223805],[-92.606983,42.223076],[-92.606171,42.223474],[-92.60521,42.222772],[-92.604781,42.222864],[-92.604209,42.222475],[-92.604037,42.222763],[-92.603545,42.222695],[-92.603552,42.222368],[-92.603152,42.22213],[-92.60314,42.219047],[-92.601431,42.218018],[-92.601092,42.218001],[-92.601012,42.217391],[-92.600406,42.216832],[-92.599445,42.216671],[-92.599331,42.215824],[-92.6106,42.211231],[-92.611089,42.211179],[-92.611112,42.210278],[-92.591469,42.210251],[-92.591117,42.181529],[-92.591482,42.180837],[-92.591279,42.180288],[-92.590599,42.180732],[-92.590446,42.181446],[-92.589675,42.181823],[-92.589431,42.182635],[-92.589015,42.182755],[-92.588548,42.182161],[-92.588121,42.182184],[-92.587208,42.182665],[-92.587282,42.183],[-92.588013,42.183218],[-92.588135,42.183654],[-92.587587,42.184158],[-92.586825,42.184203],[-92.586836,42.183391],[-92.586247,42.18324],[-92.584652,42.183534],[-92.5838,42.183955],[-92.583099,42.183985],[-92.582703,42.184444],[-92.582208,42.184578],[-92.581569,42.184495],[-92.580594,42.184645],[-92.580046,42.183953],[-92.579284,42.183916],[-92.579061,42.184081],[-92.578452,42.183675],[-92.57851,42.182906],[-92.577767,42.182532],[-92.577687,42.181607],[-92.576643,42.181574],[-92.576059,42.181948],[-92.575333,42.18185],[-92.575005,42.182184],[-92.574226,42.182184],[-92.573064,42.181284],[-92.572418,42.181264],[-92.570874,42.18134],[-92.565806,42.181373],[-92.562302,42.181469],[-92.562302,42.174025],[-92.533177,42.173885],[-92.53285,42.10848],[-92.531997,42.107662],[-92.532829,42.106567],[-92.532894,42.103395],[-92.533197,42.102384],[-92.534397,42.10147],[-92.53576,42.101166],[-92.58134,42.101163],[-92.581431,42.035875],[-92.561915,42.035979],[-92.562183,41.99294],[-92.507424,41.992567],[-92.505577,41.992796],[-92.495298,41.992655],[-92.492853,41.991143],[-92.480141,41.98546],[-92.473489,41.985407],[-92.473631,41.978316],[-92.466259,41.978273],[-92.46653,41.964222],[-92.297733,41.964153],[-92.296806,41.372695],[-92.292106,41.372709],[-92.291305,41.336535],[-92.238588,41.336907],[-92.238817,41.351298],[-92.214755,41.3513],[-92.215106,41.35987],[-92.215922,41.362886],[-92.216716,41.364126],[-92.217975,41.365363],[-92.216806,41.365903],[-92.205305,41.365955],[-92.205275,41.364875],[-92.205134,41.351373],[-92.188168,41.35143],[-92.185578,41.351197],[-92.183506,41.351313],[-92.180708,41.351352],[-92.181142,41.388837],[-92.175514,41.395961],[-92.175681,41.404681],[-92.172939,41.409748],[-92.172993,41.414672],[-92.170293,41.419249],[-92.170423,41.424011],[-92.064628,41.424283],[-92.064481,41.395085],[-92.043854,41.395601],[-92.043805,41.410153],[-92.00504,41.410242],[-92.004556,41.424479],[-91.946581,41.424598],[-91.945325,41.240458],[-91.949178,41.245098],[-91.952059,41.244396],[-91.952294,41.242465],[-91.948872,41.239364],[-91.9558,41.238252],[-91.95907,41.236731],[-91.96296,41.239597],[-91.967475,41.240533],[-91.966839,41.242985],[-91.974781,41.245034],[-91.969722,41.248782],[-91.973227,41.252002],[-91.977429,41.247962],[-91.981167,41.249601],[-91.978832,41.252646],[-91.983581,41.252997],[-91.986695,41.255924],[-91.990354,41.257329],[-91.989498,41.26043],[-91.993934,41.264291],[-91.996425,41.262887],[-91.993546,41.26002],[-91.994091,41.256099],[-91.997206,41.254519],[-91.995883,41.251826],[-91.998842,41.250655],[-92.001879,41.249952],[-92.000476,41.25446],[-92.0025,41.254694],[-92.004837,41.252353],[-92.007094,41.254577],[-92.012156,41.254167],[-92.010455,41.251996],[-92.012401,41.249829],[-92.014737,41.249419],[-92.016449,41.247721],[-92.019253,41.248248],[-92.021356,41.250005],[-92.022991,41.249185],[-92.022756,41.246373],[-92.024937,41.24608],[-92.026884,41.24936],[-92.027896,41.247369],[-92.031635,41.247427],[-92.032413,41.246139],[-92.029454,41.243329],[-92.032491,41.244148],[-92.03584,41.241164],[-92.03732,41.2421],[-92.035217,41.244733],[-92.038255,41.244968],[-92.03841,41.243095],[-92.043083,41.243856],[-92.041915,41.239125],[-92.044487,41.238364],[-92.043628,41.240882],[-92.047056,41.241409],[-92.048691,41.243283],[-92.051418,41.243927],[-92.055547,41.246036],[-92.056404,41.244864],[-92.055159,41.24012],[-92.058665,41.239652],[-92.060457,41.241467],[-92.069339,41.24299],[-92.088511,41.237134],[-92.094351,41.237369],[-92.095052,41.239769],[-92.094117,41.241291],[-92.097232,41.242521],[-92.096609,41.240589],[-92.099412,41.240706],[-92.10058,41.239594],[-92.104551,41.238658],[-92.114284,41.238013],[-92.118368,41.239995],[-92.123211,41.240714],[-92.125662,41.243322],[-92.125722,41.244941],[-92.127875,41.246559],[-92.127576,41.244716],[-92.130088,41.244671],[-92.131702,41.243412],[-92.131463,41.245435],[-92.133676,41.245885],[-92.133138,41.243816],[-92.135111,41.244446],[-92.136248,41.242647],[-92.137623,41.242872],[-92.137563,41.244266],[-92.146356,41.245615],[-92.150484,41.243815],[-92.151165,41.241978],[-92.153301,41.242866],[-92.152529,41.245736],[-92.154983,41.246112],[-92.15571,41.243959],[-92.1603,41.244028],[-92.157664,41.245155],[-92.157391,41.247786],[-92.160345,41.248367],[-92.165208,41.247581],[-92.167025,41.245907],[-92.170434,41.246283],[-92.171842,41.245326],[-92.171661,41.243686],[-92.174842,41.243481],[-92.176932,41.240884],[-92.181704,41.240235],[-92.184203,41.238765],[-92.189702,41.234323],[-92.191792,41.234186],[-92.191611,41.235621],[-92.192974,41.235553],[-92.194019,41.233195],[-92.197791,41.234186],[-92.196155,41.236476],[-92.198973,41.237193],[-92.199473,41.236134],[-92.198745,41.23463],[-92.199745,41.233913],[-92.201154,41.235758],[-92.203472,41.235382],[-92.204199,41.233673],[-92.207425,41.234015],[-92.20688,41.231281],[-92.208652,41.229914],[-92.209652,41.231657],[-92.211334,41.232956],[-92.20947,41.235109],[-92.213969,41.235587],[-92.213573,41.177077],[-92.227889,41.176971],[-92.227914,41.162544],[-92.179939,41.162633],[-92.18452,41.094175],[-92.169383,41.094323],[-92.166709,41.095071],[-92.160802,41.095347],[-92.154263,41.100564],[-92.154363,41.103506],[-92.138333,41.101167],[-92.131273,41.095256],[-92.135231,41.090663],[-92.135264,41.084827],[-92.136293,41.083499],[-92.082662,41.083664],[-92.082697,41.077777],[-92.083149,41.0764],[-92.069176,41.076483],[-92.068343,41.07706],[-92.068236,41.077644],[-92.068249,41.082973],[-92.067619,41.083645],[-92.066873,41.083806],[-91.967505,41.082872],[-91.968156,41.053757],[-91.948936,41.054106],[-91.948743,41.065005],[-91.885758,41.064104],[-91.885757,41.060469],[-91.871438,41.060407],[-91.871416,41.062681],[-91.866925,41.063025],[-91.86549,41.063981],[-91.847339,41.063929],[-91.847224,41.067624],[-91.832771,41.067816],[-91.833005,40.987503],[-91.852248,40.987506],[-91.852143,40.935693],[-91.849564,40.932505],[-91.849636,40.924483],[-91.850182,40.922004],[-91.847506,40.913812],[-91.844029,40.909679],[-91.844068,40.908321],[-91.846643,40.900845],[-91.948438,40.900859],[-91.948679,40.9228],[-91.981506,40.922282],[-91.983449,40.921648],[-91.987336,40.92136],[-91.987374,40.91517],[-91.987025,40.914478],[-91.987012,40.910015],[-91.982544,40.907278],[-91.97829,40.906108],[-91.97731,40.905189],[-91.977152,40.900507],[-91.967612,40.900604],[-91.967612,40.897527],[-91.96358,40.893881],[-91.957817,40.88995],[-91.957552,40.888949],[-91.954406,40.88617],[-91.972488,40.885769],[-91.97272,40.878383],[-91.971898,40.855471],[-91.973583,40.852927],[-91.981332,40.852927],[-91.981396,40.851417],[-91.980019,40.850739],[-91.979997,40.849399],[-91.981178,40.848192],[-91.980566,40.847679],[-91.980609,40.847035],[-91.981462,40.847117],[-91.981025,40.846505],[-91.98179,40.846042],[-91.981309,40.845496],[-91.982511,40.844074],[-91.981608,40.843239],[-91.982679,40.842164],[-91.98187,40.840874],[-91.980711,40.840427],[-91.98084,40.839876],[-91.982699,40.838635],[-91.982786,40.837626],[-91.982065,40.83761],[-91.981081,40.836733],[-91.97931,40.836998],[-91.976752,40.836369],[-91.977517,40.835542],[-91.978632,40.835642],[-91.981234,40.835013],[-91.981092,40.8336],[-91.979343,40.833104],[-91.976851,40.833849],[-91.97602,40.833815],[-91.977616,40.83231],[-91.976589,40.831814],[-91.974711,40.832608],[-91.973377,40.832409],[-91.972372,40.832823],[-91.971563,40.832161],[-91.971672,40.830375],[-91.970994,40.829465],[-91.971913,40.828191],[-91.97176,40.826305],[-91.972721,40.824932],[-91.972328,40.824485],[-91.971082,40.824799],[-91.969486,40.825626],[-91.969267,40.826255],[-91.967729,40.826551],[-91.964231,40.824168],[-91.964264,40.822716],[-91.965663,40.821293],[-91.965226,40.820548],[-91.963608,40.819672],[-91.96374,40.819208],[-91.965598,40.818],[-91.96914,40.818182],[-91.969671,40.817384],[-91.968928,40.815266],[-91.966654,40.813529],[-91.966676,40.812867],[-91.968425,40.812586],[-91.971041,40.812256],[-91.972943,40.811892],[-91.97432,40.811875],[-91.974342,40.811296],[-91.973161,40.810485],[-91.970953,40.809856],[-91.968898,40.808946],[-91.965685,40.8084],[-91.964227,40.806908],[-91.964665,40.804326],[-91.965626,40.802917],[-91.967112,40.80156],[-91.967812,40.799574],[-91.973396,40.800349],[-91.989288,40.798258],[-92.00324,40.798748],[-92.02044,40.805628],[-92.046564,40.813976],[-92.056457,40.81889],[-92.067154,40.827605],[-92.075613,40.831559],[-92.096351,40.838668],[-92.111114,40.847506],[-92.143041,40.859116],[-92.152618,40.862375],[-92.157537,40.866483],[-92.157464,40.871702],[-92.157904,40.874589],[-92.163799,40.875795],[-92.179096,40.876711],[-92.176121,40.748315],[-92.170937,40.748219],[-92.167932,40.74736],[-92.166168,40.746246],[-92.158963,40.738819],[-92.144928,40.728345],[-92.141874,40.726849],[-92.137888,40.726341],[-92.082203,40.725648],[-92.082878,40.646558],[-92.090895,40.645751],[-92.115632,40.654826],[-92.121142,40.656726],[-92.121219,40.641603],[-92.116903,40.641221],[-92.11568,40.639747],[-92.101435,40.630791],[-92.07981,40.627968],[-92.073688,40.622555],[-92.066746,40.614742],[-92.053806,40.603177],[-92.053618,40.60322],[-91.947085,40.605482],[-91.939525,40.606118],[-91.729126,40.613626],[-91.720031,40.601391],[-91.712084,40.595091],[-91.696631,40.588223],[-91.688636,40.583447],[-91.686353,40.580847],[-91.685299,40.578813],[-91.68587,40.576446],[-91.691666,40.564968],[-91.691534,40.562299],[-91.690684,40.559773],[-91.688753,40.557371],[-91.681772,40.553101],[-91.670928,40.550855],[-91.654289,40.54922],[-91.638534,40.545629],[-91.632687,40.545033],[-91.629621,40.54422],[-91.621856,40.542653],[-91.618941,40.539789],[-91.617801,40.533767],[-91.618867,40.526074],[-91.622279,40.516855],[-91.62239,40.513704],[-91.621031,40.509417],[-91.617604,40.504965],[-91.608488,40.50013],[-91.596497,40.495842],[-91.592715,40.493942],[-91.589075,40.490848],[-91.585581,40.484436],[-91.583223,40.47906],[-91.582399,40.474502],[-91.579826,40.470209],[-91.573685,40.46483],[-91.566289,40.461877],[-91.560443,40.460195],[-91.548605,40.458133],[-91.539692,40.45835],[-91.53306,40.458947],[-91.526938,40.458892],[-91.523803,40.456614],[-91.523089,40.451895],[-91.523301,40.449835],[-91.525719,40.446744],[-91.531421,40.443325],[-91.53356,40.440666],[-91.533417,40.437463],[-91.529382,40.434297],[-91.524754,40.43336],[-91.519957,40.433683],[-91.519023,40.432714],[-91.519023,40.431033],[-91.522165,40.425346],[-91.52658,40.419916],[-91.527121,40.417657],[-91.526527,40.413584],[-91.524599,40.410707],[-91.520863,40.409188],[-91.518358,40.408606],[-91.513858,40.408509],[-91.508849,40.406569],[-91.507236,40.405276],[-91.506733,40.40424],[-91.504902,40.403429],[-91.500142,40.402618],[-91.497812,40.401908],[-91.493584,40.402441],[-91.489557,40.404367],[-91.487659,40.404266],[-91.488391,40.400793],[-91.48979,40.397117],[-91.490816,40.395295],[-91.491082,40.393876],[-91.490716,40.392532],[-91.489447,40.390221],[-91.486951,40.387204],[-91.485053,40.38444],[-91.483788,40.38335],[-91.482956,40.382183],[-91.479761,40.381651],[-91.470207,40.383401],[-91.463915,40.385657],[-91.463017,40.385201],[-91.462983,40.383933],[-91.463616,40.382361],[-91.465672,40.37931],[-91.465905,40.377992],[-91.465339,40.376546],[-91.463908,40.375684],[-91.454466,40.375456],[-91.448641,40.3768],[-91.446477,40.377941],[-91.445348,40.379496],[-91.445148,40.382387],[-91.441255,40.386315],[-91.439488,40.386264],[-91.434462,40.384844],[-91.428171,40.382866],[-91.425374,40.38241],[-91.422279,40.38099],[-91.419686,40.378495],[-91.41867,40.379402],[-91.378933,40.386428],[-91.367827,40.395374],[-91.382319,40.444234],[-91.361682,40.48573],[-91.376627,40.526012],[-91.400828,40.535482],[-91.417763,40.550355],[-91.36575,40.604236],[-91.263263,40.636805],[-91.184464,40.638596],[-91.122782,40.670675],[-91.111203,40.705494],[-91.116544,40.725037],[-91.109442,40.750272],[-91.096688,40.764622],[-91.090638,40.785351],[-91.097592,40.80353],[-91.092095,40.822801],[-91.058441,40.847216],[-91.044177,40.869254],[-91.025494,40.881142],[-91.005906,40.904942],[-90.965306,40.921854],[-90.95169,40.955142],[-90.959683,40.978789],[-90.951216,40.992192],[-90.944459,41.018601],[-90.943744,41.050222],[-90.949254,41.070692],[-90.945859,41.095484],[-90.964682,41.118388],[-90.990541,41.158091],[-91.006719,41.167372],[-91.022978,41.16229],[-91.04187,41.166057],[-91.068409,41.202001],[-91.113883,41.239108],[-91.114181,41.251109],[-91.110149,41.255425],[-91.113293,41.263255],[-91.112703,41.272925],[-91.112943,41.28373],[-91.127035,41.283685],[-91.127035,41.285678],[-91.128048,41.288458],[-91.127273,41.290674],[-91.130163,41.294659],[-91.132476,41.295388],[-91.133907,41.30029],[-91.138798,41.308108],[-91.138828,41.316453],[-91.140377,41.316252],[-91.15621,41.31625],[-91.156359,41.318175],[-91.155525,41.31898],[-91.151831,41.318913],[-91.150937,41.31954],[-91.148166,41.320278],[-91.146021,41.320435],[-91.143995,41.321778],[-91.144531,41.323165],[-91.146141,41.324257],[-91.147452,41.329985],[-91.155,41.337477],[-91.170555,41.337541],[-91.175492,41.345078],[-91.182131,41.356005],[-91.184005,41.359424],[-91.186043,41.368256],[-91.186087,41.370443],[-91.195886,41.370674],[-91.195886,41.37445],[-91.189933,41.385639],[-91.204852,41.385573],[-91.20552,41.384303],[-91.213773,41.37864],[-91.214965,41.378607],[-91.214598,41.414787],[-91.250912,41.415391],[-91.252934,41.415422],[-91.252799,41.422655],[-91.274512,41.42272],[-91.271669,41.426015],[-91.271981,41.432011],[-91.274652,41.436694],[-91.274738,41.441797],[-91.271766,41.444155],[-91.267371,41.444574],[-91.26134,41.441862],[-91.255438,41.443799],[-91.253998,41.449507],[-91.246329,41.452768],[-91.233578,41.455237],[-91.228666,41.456819],[-91.219964,41.45514],[-91.213658,41.45653],[-91.211294,41.458731],[-91.250904,41.479164],[-91.252136,41.481093],[-91.252248,41.482631],[-91.25196,41.524555],[-91.212893,41.524143],[-91.212332,41.546016],[-91.207482,41.546005],[-91.207349,41.553281],[-91.204548,41.553281],[-91.202514,41.554304],[-91.202406,41.563868],[-91.200973,41.563893],[-91.200839,41.56776],[-91.208841,41.567735],[-91.21829,41.573111],[-91.221624,41.574384],[-91.221091,41.597969],[-91.125907,41.597542],[-91.130219,41.599995],[-91.137342,41.602098],[-91.141466,41.605462],[-91.150748,41.609667],[-91.152904,41.612399],[-91.159465,41.614501],[-91.159371,41.618844],[-91.153279,41.625641],[-91.142938,41.629504],[-91.136661,41.633775],[-91.133199,41.641615],[-91.13395,41.646303],[-91.137873,41.654146],[-91.146306,41.657996],[-91.15193,41.663943],[-91.155303,41.669049],[-91.165933,41.672021],[-91.174553,41.677409],[-91.178301,41.684057],[-91.183634,41.692467],[-91.187196,41.699329],[-91.194072,41.706132],[-91.204951,41.711615],[-91.220761,41.717726],[-91.231904,41.723305],[-91.245438,41.732775],[-91.253477,41.742561],[-91.260672,41.744879],[-91.271434,41.754383],[-91.27769,41.758066],[-91.280104,41.763142],[-91.288889,41.771987],[-91.32726,41.772263],[-91.330014,41.779881],[-91.330299,41.786443],[-91.316429,41.786406],[-91.312874,41.787862],[-91.317581,41.794395],[-91.315828,41.795925],[-91.312323,41.799061],[-91.313074,41.803395],[-91.31713,41.80459],[-91.321293,41.803508],[-91.32645,41.803508],[-91.327124,41.8239],[-91.307539,41.823708],[-91.307599,41.859893],[-91.365748,41.860063],[-91.365248,41.947282],[-91.132223,41.946761],[-91.130406,42.003533],[-91.131975,42.004165],[-91.134329,42.003388],[-91.135702,42.004652],[-91.137009,42.004992],[-91.137119,42.048475],[-91.13175,42.048306],[-91.131485,42.065469],[-91.144339,42.070146],[-91.149179,42.071016],[-91.151258,42.0727],[-91.151325,42.077953],[-91.131254,42.077505],[-91.121524,42.078484],[-91.097429,42.078177],[-91.097366,42.09329],[-91.131659,42.093482],[-91.131575,42.103446],[-91.133978,42.104826],[-91.136868,42.104932],[-91.136592,42.106535],[-91.13499,42.108041],[-91.132529,42.108933],[-91.1317,42.110079],[-91.131595,42.112017],[-91.130394,42.113035],[-91.128849,42.11329],[-91.127733,42.114096],[-91.125445,42.114266],[-91.122129,42.119304],[-91.122043,42.121002],[-91.131359,42.121029],[-91.131324,42.131377],[-91.134447,42.133078],[-91.134771,42.134629],[-91.137045,42.13431],[-91.140906,42.135381],[-91.146193,42.136527],[-91.150801,42.138595],[-91.150612,42.179433],[-91.111232,42.179057],[-91.11219,42.180996],[-91.113332,42.182443],[-91.11254,42.182853],[-91.093269,42.184456],[-91.090332,42.18512],[-91.083642,42.183383],[-91.081565,42.18402],[-91.077375,42.183782],[-91.072898,42.187072],[-91.07096,42.192023],[-91.061631,42.197213],[-91.0583,42.19777],[-91.055435,42.199044],[-91.041145,42.198849],[-91.039211,42.199645],[-91.034934,42.202472],[-91.033215,42.20417],[-91.03343,42.205788],[-91.03035,42.207008],[-91.026167,42.212618],[-91.026275,42.216013],[-91.023768,42.218533],[-91.023808,42.222684],[-91.028572,42.228174],[-91.02746,42.233766],[-91.028625,42.240416],[-91.02758,42.242047],[-91.030374,42.243294],[-91.03238,42.243532],[-91.03657,42.246316],[-91.03862,42.250103],[-91.047288,42.252738],[-91.049816,42.259535],[-91.04665,42.264809],[-91.043245,42.266642],[-91.039788,42.270995],[-91.039736,42.273553],[-91.035068,42.280816],[-91.034191,42.285969],[-91.033159,42.288488],[-91.033159,42.292266],[-91.033606,42.294184],[-91.036805,42.293001],[-91.048002,42.294031],[-91.05293,42.293594],[-91.052869,42.296195],[-91.597012,42.296393],[-91.597482,42.469289],[-91.71787,42.468477],[-91.719019,42.471332],[-91.722103,42.474091],[-91.720003,42.47685],[-91.725253,42.478737],[-91.724374,42.480212],[-91.723634,42.484689],[-91.725505,42.485276],[-91.725465,42.486451],[-91.724271,42.487008],[-91.726182,42.489034],[-91.727735,42.488564],[-91.72886,42.491376],[-91.729338,42.49349],[-91.728541,42.494342],[-91.728701,42.497688],[-91.727228,42.499442],[-91.727499,42.561901],[-91.725487,42.564915],[-91.721532,42.569309],[-91.721288,42.570403],[-91.707222,42.570561],[-91.706641,42.621459],[-91.686952,42.621442],[-91.686437,42.635702],[-91.706161,42.635852],[-91.726178,42.63583],[-91.726028,42.643078],[-91.877004,42.643054],[-91.879012,42.64624],[-91.878621,42.701504],[-91.922553,42.700055],[-91.942045,42.700236],[-91.942957,42.701718],[-91.941782,42.758805],[-91.962437,42.758701],[-91.963825,42.818375],[-92.081551,42.818388],[-92.081635,42.729375],[-92.140867,42.729419],[-92.140605,42.743978],[-92.163971,42.744231],[-92.164522,42.743314],[-92.167938,42.74082],[-92.167938,42.736886],[-92.17029,42.736882],[-92.170307,42.729371],[-92.199266,42.729498],[-92.199173,42.862184],[-92.180493,42.862054],[-92.180596,42.906889],[-92.771979,42.907142]]]},"properties":{"code":"[319]"}},{"type":"Feature","geometry":{"type":"Polygon","coordinates":[[[-96.451831,44.892551],[-96.235075,44.892431],[-96.235224,44.878085],[-96.195236,44.878232],[-96.195417,44.863703],[-96.174881,44.863468],[-96.174781,44.848945],[-96.154104,44.848828],[-96.154216,44.834361],[-96.133719,44.834354],[-96.12301,44.834759],[-96.1173,44.834634],[-96.113208,44.834312],[-96.113173,44.823406],[-96.113752,44.82181],[-96.113131,44.819849],[-96.1132,44.813925],[-96.111421,44.813894],[-96.111056,44.814883],[-96.109954,44.815172],[-96.109097,44.814914],[-96.108025,44.815309],[-96.106611,44.815644],[-96.105218,44.814823],[-96.105518,44.813926],[-96.106096,44.813713],[-96.105625,44.812968],[-96.104789,44.812907],[-96.10434,44.813732],[-96.104254,44.814523],[-96.103825,44.81531],[-96.105046,44.816724],[-96.105003,44.817362],[-96.10406,44.817226],[-96.102496,44.818016],[-96.10091,44.81791],[-96.100288,44.818427],[-96.099752,44.819658],[-96.092807,44.81952],[-96.092925,44.804866],[-96.051844,44.804744],[-95.829301,44.805426],[-95.829137,44.790685],[-95.82932,44.782313],[-95.828926,44.779767],[-95.828856,44.776312],[-95.808373,44.776231],[-95.808318,44.765279],[-95.798237,44.765205],[-95.798228,44.761588],[-95.788083,44.761457],[-95.788126,44.782244],[-95.772503,44.775928],[-95.771647,44.77598],[-95.767459,44.77597],[-95.76794,44.805171],[-95.726749,44.805091],[-95.726697,44.717348],[-95.555039,44.716775],[-95.550845,44.717953],[-95.549087,44.717977],[-95.546821,44.716703],[-95.544589,44.716607],[-95.543371,44.712858],[-95.531245,44.713043],[-95.530265,44.714293],[-95.529081,44.714822],[-95.523366,44.71487],[-95.523499,44.72108],[-95.522518,44.721921],[-95.518829,44.721826],[-95.518282,44.720522],[-95.517227,44.720244],[-95.515801,44.721035],[-95.515332,44.723533],[-95.515801,44.724241],[-95.518106,44.724963],[-95.51906,44.725474],[-95.516819,44.728766],[-95.515061,44.729263],[-95.514723,44.730119],[-95.513567,44.730752],[-95.511832,44.730358],[-95.511157,44.728955],[-95.511759,44.727876],[-95.510362,44.725634],[-95.509615,44.724624],[-95.508073,44.725599],[-95.505808,44.726027],[-95.504156,44.726971],[-95.501506,44.729179],[-95.500229,44.729179],[-95.498349,44.728614],[-95.498807,44.727758],[-95.501385,44.727296],[-95.502397,44.726868],[-95.50259,44.725652],[-95.501458,44.724351],[-95.497217,44.724916],[-95.494325,44.724865],[-95.490747,44.725884],[-95.487976,44.725507],[-95.483976,44.726414],[-95.483229,44.727578],[-95.481326,44.728554],[-95.481326,44.729941],[-95.478699,44.731139],[-95.477407,44.731307],[-95.476347,44.733172],[-95.476492,44.734644],[-95.477793,44.735124],[-95.478034,44.73586],[-95.47654,44.736373],[-95.475118,44.736236],[-95.470133,44.732277],[-95.467552,44.730903],[-95.466137,44.730945],[-95.464728,44.73173],[-95.463567,44.731809],[-95.461908,44.73067],[-95.460692,44.730434],[-95.459918,44.731121],[-95.458011,44.731573],[-95.454833,44.731828],[-95.454031,44.731494],[-95.453589,44.729688],[-95.454722,44.728412],[-95.454363,44.726036],[-95.453395,44.725761],[-95.452953,44.726448],[-95.452179,44.726703],[-95.451295,44.727607],[-95.449528,44.727714],[-95.448814,44.72687],[-95.44779,44.726675],[-95.446218,44.727805],[-95.444352,44.72852],[-95.442267,44.729637],[-95.441281,44.729753],[-95.43777,44.728597],[-95.435886,44.728064],[-95.432832,44.728882],[-95.43057,44.730155],[-95.430515,44.731805],[-95.432033,44.732182],[-95.43207,44.733364],[-95.430478,44.734121],[-95.429655,44.73468],[-95.429783,44.735888],[-95.427808,44.735966],[-95.427643,44.736668],[-95.429161,44.737148],[-95.430039,44.736992],[-95.430794,44.73707],[-95.430825,44.739161],[-95.427776,44.739362],[-95.423753,44.736126],[-95.422703,44.731989],[-95.420467,44.731311],[-95.417835,44.732085],[-95.416798,44.73288],[-95.416839,44.734798],[-95.415012,44.734526],[-95.413004,44.733443],[-95.410551,44.731223],[-95.40861,44.729863],[-95.406482,44.729636],[-95.402866,44.726802],[-95.398013,44.724635],[-95.396577,44.723369],[-95.397189,44.721291],[-95.40163,44.719987],[-95.402428,44.718947],[-95.401125,44.718456],[-95.399103,44.719023],[-95.397711,44.718499],[-95.397711,44.7178],[-95.399546,44.717328],[-95.399254,44.716288],[-95.395344,44.715362],[-95.394653,44.714399],[-95.392499,44.714229],[-95.391355,44.713888],[-95.391055,44.710835],[-95.386002,44.709587],[-95.382412,44.709474],[-95.380869,44.711364],[-95.379247,44.711421],[-95.378768,44.710343],[-95.380125,44.709228],[-95.379992,44.706847],[-95.381906,44.706147],[-95.382305,44.705372],[-95.381109,44.7049],[-95.378635,44.703199],[-95.373814,44.701494],[-95.369591,44.700575],[-95.367468,44.699624],[-95.366057,44.700131],[-95.36571,44.701443],[-95.364072,44.702033],[-95.361326,44.700081],[-95.360702,44.698638],[-95.357841,44.69744],[-95.352971,44.695898],[-95.352213,44.696849],[-95.350689,44.697193],[-95.348035,44.695865],[-95.346466,44.695881],[-95.342751,44.696061],[-95.339866,44.695028],[-95.3354,44.694748],[-95.333346,44.693813],[-95.33023,44.693058],[-95.32637,44.691794],[-95.324108,44.692581],[-95.321408,44.693155],[-95.31767,44.693008],[-95.313977,44.692056],[-95.31286,44.689588],[-95.310611,44.686931],[-95.31304,44.682636],[-95.312234,44.680656],[-95.313017,44.67784],[-95.312372,44.67629],[-95.310416,44.674194],[-95.30733,44.67331],[-95.303978,44.668785],[-95.300778,44.667786],[-95.296088,44.665198],[-95.293832,44.664363],[-95.294246,44.662414],[-95.294154,44.661301],[-95.292819,44.660646],[-95.290724,44.66135],[-95.289227,44.661006],[-95.284881,44.660814],[-95.279862,44.660208],[-95.272324,44.659967],[-95.268433,44.659312],[-95.263921,44.65995],[-95.261182,44.661183],[-95.25736,44.661346],[-95.255634,44.662165],[-95.254486,44.664542],[-95.251586,44.664264],[-95.250319,44.664919],[-95.249974,44.666474],[-95.247718,44.667588],[-95.244172,44.666901],[-95.240189,44.664789],[-95.240534,44.662169],[-95.239957,44.660592],[-95.237033,44.660657],[-95.234155,44.658102],[-95.233165,44.656268],[-95.229953,44.653475],[-95.226891,44.651706],[-95.226016,44.652656],[-95.223743,44.652742],[-95.220639,44.649647],[-95.219551,44.647193],[-95.217506,44.645491],[-95.214853,44.645302],[-95.214349,44.646718],[-95.212519,44.646737],[-95.211272,44.643019],[-95.210503,44.641773],[-95.20777,44.641358],[-95.205789,44.640786],[-95.201704,44.637784],[-95.197512,44.635708],[-95.193931,44.632272],[-95.193295,44.629894],[-95.190509,44.62827],[-95.187063,44.628203],[-95.187487,44.627013],[-95.186506,44.624653],[-95.185551,44.62403],[-95.180749,44.623709],[-95.178011,44.622987],[-95.178621,44.621023],[-95.178727,44.620363],[-95.177242,44.619607],[-95.174271,44.619192],[-95.170159,44.620268],[-95.168419,44.621535],[-95.166243,44.621629],[-95.165076,44.620251],[-95.163484,44.620251],[-95.159903,44.619401],[-95.157946,44.616521],[-95.155293,44.615406],[-95.150545,44.615085],[-95.150863,44.613178],[-95.148847,44.611856],[-95.148387,44.611034],[-95.146325,44.606922],[-95.141529,44.604976],[-95.13596,44.601746],[-95.133485,44.600975],[-95.133175,44.596752],[-95.130546,44.59499],[-95.128225,44.595504],[-95.127658,44.597119],[-95.126163,44.597707],[-95.118065,44.595144],[-95.115641,44.589508],[-95.112702,44.588865],[-95.110098,44.587539],[-95.108036,44.586346],[-95.105458,44.587741],[-95.103756,44.58697],[-95.101668,44.584179],[-95.101571,44.581284],[-95.100463,44.578401],[-95.097317,44.57853],[-95.095951,44.579668],[-95.093966,44.580183],[-95.088345,44.579577],[-95.089273,44.577703],[-95.096415,44.576271],[-95.09889,44.574177],[-95.098993,44.57269],[-95.097486,44.571735],[-95.095243,44.573087],[-95.088399,44.57579],[-95.085351,44.580624],[-95.086099,44.585007],[-95.086195,44.614327],[-95.075853,44.614358],[-95.075926,44.628796],[-95.06919,44.628566],[-94.869508,44.630003],[-94.869482,44.631425],[-94.866946,44.633518],[-94.86649,44.635361],[-94.865957,44.636279],[-94.865916,44.636709],[-94.866936,44.637387],[-94.867083,44.637947],[-94.866509,44.638687],[-94.867005,44.641749],[-94.867057,44.643623],[-94.866672,44.64456],[-94.8103,44.644495],[-94.810341,44.641995],[-94.801212,44.639776],[-94.801198,44.637135],[-94.802703,44.637176],[-94.802887,44.633621],[-94.80501,44.633665],[-94.804959,44.631712],[-94.807832,44.631707],[-94.807883,44.630029],[-94.811734,44.630042],[-94.811696,44.629881],[-94.772246,44.629744],[-94.772154,44.614774],[-94.751716,44.615142],[-94.731148,44.614801],[-94.730886,44.600252],[-94.710335,44.600261],[-94.710373,44.585737],[-94.688636,44.58569],[-94.689598,44.58859],[-94.677408,44.596495],[-94.674868,44.596519],[-94.674667,44.598303],[-94.674032,44.600255],[-94.626481,44.600363],[-94.625444,44.601162],[-94.622053,44.601703],[-94.621848,44.60391],[-94.624286,44.606398],[-94.624405,44.610171],[-94.622125,44.612772],[-94.62499,44.613855],[-94.627767,44.614104],[-94.629401,44.614868],[-94.599229,44.614987],[-94.599175,44.622194],[-94.591781,44.622236],[-94.590572,44.624819],[-94.588622,44.624843],[-94.584791,44.623288],[-94.58264,44.620705],[-94.580926,44.619963],[-94.57901,44.620059],[-94.578996,44.624458],[-94.580875,44.62466],[-94.580705,44.626768],[-94.579224,44.629524],[-94.558627,44.629659],[-94.558571,44.644097],[-94.538294,44.644137],[-94.538422,44.629805],[-94.49784,44.629735],[-94.497739,44.622639],[-94.47771,44.622774],[-94.477591,44.601052],[-94.457138,44.601079],[-94.457343,44.622723],[-94.442038,44.622808],[-94.441466,44.630069],[-94.39647,44.630344],[-94.396357,44.622975],[-94.401346,44.622975],[-94.401278,44.615646],[-94.375996,44.615845],[-94.376247,44.644916],[-94.346016,44.645049],[-94.346074,44.637853],[-94.340969,44.637853],[-94.341015,44.63072],[-94.254689,44.630283],[-94.254452,44.641251],[-94.254025,44.654523],[-94.224872,44.654437],[-94.229856,44.666233],[-94.229751,44.674486],[-94.233824,44.677237],[-94.233732,44.691859],[-94.221011,44.691642],[-94.219586,44.686722],[-94.211953,44.683828],[-94.20829,44.681006],[-94.193404,44.680844],[-94.17792,44.680947],[-94.167956,44.68461],[-94.152638,44.684755],[-94.152675,44.717385],[-94.010527,44.717428],[-94.012287,44.979079],[-93.981992,44.978479],[-94.012246,44.979175],[-94.012548,45.188864],[-93.998095,45.193856],[-93.991312,45.193884],[-93.991215,45.188291],[-93.969726,45.187385],[-93.970577,45.18911],[-93.970524,45.194568],[-93.959916,45.19447],[-93.960164,45.20889],[-93.959814,45.210205],[-93.960223,45.2115],[-93.958414,45.213144],[-93.946889,45.209985],[-93.940595,45.206749],[-93.936994,45.200183],[-93.93274,45.199704],[-93.930416,45.201862],[-93.929735,45.20362],[-93.929236,45.208069],[-93.92263,45.208201],[-93.889807,45.191076],[-93.889806,45.233987],[-93.890575,45.237965],[-93.890836,45.243994],[-93.890734,45.282841],[-94.01457,45.280986],[-94.014196,45.340179],[-93.993797,45.340174],[-93.993975,45.354808],[-93.98367,45.355021],[-93.983872,45.369266],[-93.979125,45.367803],[-93.966385,45.367249],[-93.956471,45.364853],[-93.950408,45.37199],[-93.941824,45.377245],[-93.945365,45.380784],[-93.940322,45.384767],[-93.935273,45.384043],[-93.925664,45.386034],[-93.912825,45.38277],[-93.910227,45.373366],[-93.901801,45.368387],[-93.902614,45.476496],[-93.88213,45.476757],[-93.882765,45.560057],[-93.760656,45.559539],[-93.760495,45.648795],[-93.676742,45.649347],[-93.676912,45.663652],[-93.569972,45.661203],[-93.569916,45.668474],[-93.564743,45.668397],[-93.564737,45.675614],[-93.55415,45.6754],[-93.551817,45.675177],[-93.549925,45.674205],[-93.549146,45.672922],[-93.549247,45.669645],[-93.550221,45.668245],[-93.55326,45.665502],[-93.554373,45.663946],[-93.554312,45.653619],[-93.528358,45.652905],[-93.528387,45.660246],[-93.512798,45.659702],[-93.513719,45.73433],[-93.389075,45.730755],[-93.388878,45.723594],[-93.379338,45.723594],[-93.379006,45.694676],[-93.386833,45.694554],[-93.388935,45.691718],[-93.388921,45.637301],[-93.379476,45.6376],[-93.342849,45.637968],[-93.338831,45.63754],[-93.336779,45.635433],[-93.332237,45.634334],[-93.318055,45.63405],[-93.316174,45.633113],[-93.314757,45.631437],[-93.312927,45.630518],[-93.302491,45.630194],[-93.299792,45.630532],[-93.276927,45.630821],[-93.27157,45.630679],[-93.245419,45.630438],[-93.245355,45.633896],[-93.245793,45.635248],[-93.245162,45.63698],[-93.244647,45.642079],[-93.244544,45.644222],[-93.244808,45.658858],[-93.224107,45.658857],[-93.224128,45.644575],[-93.220637,45.644619],[-93.216947,45.645337],[-93.214985,45.646218],[-93.211109,45.649124],[-93.209521,45.651214],[-93.203543,45.654315],[-93.202883,45.656303],[-93.199426,45.656173],[-93.198119,45.654116],[-93.195503,45.654932],[-93.194336,45.65392],[-93.194336,45.650916],[-93.193355,45.650851],[-93.193382,45.634221],[-93.167924,45.634282],[-93.167587,45.644226],[-93.17779,45.644295],[-93.177904,45.651175],[-93.176387,45.650821],[-93.175068,45.651702],[-93.16485,45.651602],[-93.163244,45.650455],[-93.162991,45.649684],[-93.162326,45.649171],[-93.159478,45.648946],[-93.158582,45.648223],[-93.157067,45.648304],[-93.155942,45.64909],[-93.154288,45.649379],[-93.152107,45.650391],[-93.15217,45.651449],[-93.124589,45.651471],[-93.124432,45.649239],[-93.12972,45.64372],[-93.104525,45.643946],[-93.104187,45.658902],[-93.047573,45.658835],[-93.041481,45.656157],[-93.037535,45.655032],[-93.030092,45.655257],[-93.021182,45.659071],[-93.01237,45.663783],[-93.009865,45.66575],[-93.007451,45.669659],[-93.007106,45.672256],[-93.007719,45.67496],[-93.009208,45.676456],[-93.01166,45.677768],[-93.012311,45.678972],[-93.012235,45.685048],[-93.001906,45.684275],[-92.991754,45.684195],[-92.992303,45.644075],[-92.96087,45.643882],[-92.960813,45.658486],[-92.924643,45.65853],[-92.924731,45.629593],[-92.932145,45.629534],[-92.927837,45.623286],[-92.926617,45.614555],[-92.924015,45.611682],[-92.923756,45.603242],[-92.923246,45.600707],[-92.885909,45.600554],[-92.883795,45.607046],[-92.882651,45.612722],[-92.885955,45.618191],[-92.888648,45.627445],[-92.886396,45.63534],[-92.888362,45.640392],[-92.882245,45.659067],[-92.87651,45.67497],[-92.875126,45.68907],[-92.870579,45.697084],[-92.871818,45.699579],[-92.870381,45.705359],[-92.870006,45.709404],[-92.868867,45.712829],[-92.869808,45.715147],[-92.869114,45.71795],[-92.86315,45.722132],[-92.850956,45.72362],[-92.850411,45.727391],[-92.849641,45.728552],[-92.842405,45.729347],[-92.835962,45.732634],[-92.831502,45.733014],[-92.828034,45.734467],[-92.826943,45.7363],[-92.816541,45.742042],[-92.808759,45.745017],[-92.807469,45.746539],[-92.80514,45.747646],[-92.803206,45.751693],[-92.798303,45.753678],[-92.784395,45.764218],[-92.781671,45.771845],[-92.779044,45.78386],[-92.774768,45.791935],[-92.770089,45.79696],[-92.760969,45.801763],[-92.757741,45.806054],[-92.757989,45.811998],[-92.760072,45.815591],[-92.761964,45.817521],[-92.766032,45.829136],[-92.759787,45.835249],[-92.751935,45.840261],[-92.745393,45.841643],[-92.743609,45.844128],[-92.739247,45.846545],[-92.739584,45.848695],[-92.736091,45.859039],[-92.738421,45.861247],[-92.736934,45.862938],[-92.733487,45.868784],[-92.729819,45.872925],[-92.726895,45.876271],[-92.724962,45.879549],[-92.713103,45.891456],[-92.710148,45.892577],[-92.70777,45.895027],[-92.703161,45.89613],[-92.699741,45.896268],[-92.693883,45.899172],[-92.686796,45.902448],[-92.680247,45.905433],[-92.677423,45.905812],[-92.675837,45.907502],[-92.677175,45.91157],[-92.672235,45.914401],[-92.670303,45.91647],[-92.666339,45.918194],[-92.659946,45.922709],[-92.655903,45.924395],[-92.648469,45.924533],[-92.64267,45.924567],[-92.639201,45.924326],[-92.638358,45.925878],[-92.640385,45.932628],[-92.638799,45.934268],[-92.635369,45.934536],[-92.631296,45.932687],[-92.628123,45.932658],[-92.620821,45.935213],[-92.613318,45.934706],[-92.607615,45.938553],[-92.601471,45.940977],[-92.59431,45.941424],[-92.587528,45.942817],[-92.580153,45.946364],[-92.573448,45.948375],[-92.566541,45.949152],[-92.561396,45.951298],[-92.551621,45.951865],[-92.549991,45.955621],[-92.55012,45.958929],[-92.549991,45.967993],[-92.545746,45.96999],[-92.538493,45.977278],[-92.531076,45.981688],[-92.525202,45.983714],[-92.52077,45.984085],[-92.502463,45.979884],[-92.490901,45.975388],[-92.48507,45.975984],[-92.481254,45.974166],[-92.472593,45.972765],[-92.46659,45.974643],[-92.46166,45.978546],[-92.460974,45.980036],[-92.464232,45.981764],[-92.464575,45.984952],[-92.462818,45.987632],[-92.457544,45.98933],[-92.453429,45.992726],[-92.453729,45.995466],[-92.453168,45.998254],[-92.447827,46.00421],[-92.444174,46.00919],[-92.444122,46.012185],[-92.441838,46.016624],[-92.435997,46.020875],[-92.431481,46.023023],[-92.426414,46.024647],[-92.421473,46.026406],[-92.420467,46.033218],[-92.377371,46.075201],[-92.428653,46.076051],[-92.42988,46.12644],[-92.510476,46.128127],[-92.509426,46.185272],[-92.63705,46.186282],[-92.636603,46.244425],[-92.932109,46.27121],[-92.960109,46.35182],[-93.095598,46.38998],[-93.089665,46.52388],[-93.282736,46.525202],[-93.273163,46.475993],[-93.451838,46.475977],[-93.447453,46.361077],[-93.515655,46.361327],[-93.515321,46.380009],[-93.525258,46.374552],[-93.535149,46.34804],[-93.579112,46.364759],[-93.637417,46.364077],[-93.661624,46.357983],[-93.717652,46.35002],[-93.766023,46.327632],[-93.808893,46.31131],[-93.825036,46.290037],[-93.815492,46.281816],[-93.822215,46.271394],[-94.052845,46.272031],[-94.05303,46.243205],[-94.061767,46.24319],[-94.062991,46.156719],[-94.373556,46.155373],[-94.374793,46.159912],[-94.370409,46.163618],[-94.372527,46.173117],[-94.367352,46.176786],[-94.36607,46.179576],[-94.376929,46.191793],[-94.380646,46.195036],[-94.386282,46.197349],[-94.387225,46.202825],[-94.390398,46.206271],[-94.393442,46.207591],[-94.396843,46.212871],[-94.394585,46.216991],[-94.395072,46.224522],[-94.394097,46.230072],[-94.389078,46.233038],[-94.390209,46.236947],[-94.387142,46.240066],[-94.378758,46.241183],[-94.370976,46.243879],[-94.36388,46.252678],[-94.355636,46.254824],[-94.353206,46.259636],[-94.356271,46.262992],[-94.348849,46.268347],[-94.340425,46.269258],[-94.337545,46.275159],[-94.341409,46.276933],[-94.346077,46.27649],[-94.350294,46.278826],[-94.348906,46.283097],[-94.344238,46.285888],[-94.344238,46.289003],[-94.349735,46.293341],[-94.353283,46.297931],[-94.361989,46.300159],[-94.369403,46.297699],[-94.373317,46.297652],[-94.374463,46.302215],[-94.387689,46.310459],[-94.397029,46.312787],[-94.400137,46.316489],[-94.399872,46.319959],[-94.409812,46.324155],[-94.423857,46.327624],[-94.425166,46.332181],[-94.430465,46.332387],[-94.436024,46.330145],[-94.445692,46.332188],[-94.453124,46.327802],[-94.456829,46.331034],[-94.460854,46.33142],[-94.46305,46.327638],[-94.465871,46.325695],[-94.46615,46.32271],[-94.474895,46.320468],[-94.475388,46.238184],[-94.494597,46.237553],[-94.496611,46.235054],[-94.496242,46.200827],[-94.49153,46.193875],[-94.491511,46.178639],[-94.536439,46.179042],[-94.536634,46.193328],[-94.619296,46.193618],[-94.613812,46.183416],[-94.608519,46.177992],[-94.610485,46.17171],[-94.624279,46.173347],[-94.635465,46.179883],[-94.647775,46.180177],[-94.64758,46.183566],[-94.655034,46.183425],[-94.655679,46.194144],[-94.661653,46.194539],[-94.661455,46.191031],[-94.678309,46.190589],[-94.678063,46.165221],[-94.689416,46.165498],[-94.689813,46.14986],[-94.74508,46.150503],[-94.736543,46.143622],[-94.733967,46.138474],[-94.732436,46.139424],[-94.730505,46.136162],[-94.727534,46.13583],[-94.729248,46.134182],[-94.733542,46.133237],[-94.732948,46.131606],[-94.738502,46.129689],[-94.743165,46.130228],[-94.747554,46.128137],[-94.745977,46.136104],[-94.802937,46.136053],[-94.802945,46.159137],[-94.83567,46.134343],[-94.833751,46.144221],[-94.827025,46.150299],[-94.853974,46.150394],[-94.854956,46.143191],[-94.864588,46.138292],[-94.864981,46.136117],[-94.875719,46.135995],[-94.875543,46.121278],[-94.917161,46.121152],[-94.917195,46.106624],[-94.896185,46.106735],[-94.89651,46.048474],[-94.868514,46.048578],[-94.870118,46.017186],[-94.867388,46.005045],[-94.896702,46.004391],[-94.897391,45.993521],[-94.900124,45.996986],[-94.959309,45.997617],[-94.969299,46.00266],[-94.970432,46.012112],[-94.980187,46.012426],[-95.021254,46.024879],[-95.04257,46.019998],[-95.271237,46.020233],[-95.271425,46.034857],[-95.292685,46.034582],[-95.302709,46.026382],[-95.302521,46.019688],[-95.320369,46.019821],[-95.317422,46.028576],[-95.319579,46.038265],[-95.322728,46.038397],[-95.333166,46.052739],[-95.337169,46.055087],[-95.34543,46.053037],[-95.349583,46.059168],[-95.35843,46.059715],[-95.36828,46.059162],[-95.389903,46.050985],[-95.395615,46.051673],[-95.401119,46.056304],[-95.405648,46.055754],[-95.410559,46.058082],[-95.419426,46.051264],[-95.431823,46.050853],[-95.434759,46.047839],[-95.431221,46.041973],[-95.459027,46.041969],[-95.458836,46.063681],[-95.479594,46.064283],[-95.480017,46.078955],[-95.490609,46.079085],[-95.495137,46.077945],[-95.501017,46.074912],[-95.501076,46.071735],[-95.511899,46.071735],[-95.510205,46.020446],[-95.541475,46.020331],[-95.541369,46.013295],[-95.56738,46.013147],[-95.567486,46.019882],[-95.595454,46.020315],[-95.596447,46.017305],[-95.604406,46.011389],[-95.605,46.007408],[-95.612807,46.014876],[-95.618613,46.01529],[-95.621663,46.012949],[-95.634958,46.012908],[-95.644834,46.01023],[-95.645117,46.0057],[-95.676684,46.00597],[-95.69699,46.003429],[-95.696659,45.968665],[-95.698559,45.966541],[-95.702614,45.965752],[-95.706498,45.962755],[-95.706888,45.947828],[-95.753643,45.948096],[-95.753841,45.940065],[-95.758764,45.939576],[-95.764638,45.939761],[-95.766774,45.94212],[-95.76991,45.941895],[-95.769597,45.933727],[-96.017724,45.934425],[-96.018241,46.021541],[-96.295958,46.021662],[-96.355202,45.915485],[-96.564423,45.920022],[-96.565115,45.919424],[-96.566509,45.91696],[-96.569047,45.917084],[-96.569129,45.915296],[-96.570228,45.913523],[-96.569907,45.911361],[-96.567763,45.912144],[-96.564441,45.909571],[-96.566156,45.908676],[-96.568736,45.90119],[-96.568116,45.898105],[-96.568914,45.89539],[-96.568293,45.892244],[-96.568914,45.888048],[-96.571396,45.886876],[-96.571041,45.882726],[-96.572548,45.876616],[-96.57175,45.872296],[-96.574942,45.866679],[-96.57308,45.861682],[-96.574454,45.843737],[-96.577645,45.838302],[-96.577202,45.833917],[-96.581286,45.822945],[-96.586379,45.816611],[-96.59644,45.812137],[-96.612642,45.79401],[-96.628402,45.785581],[-96.630279,45.782558],[-96.630528,45.78121],[-96.630096,45.779567],[-96.631366,45.779201],[-96.632664,45.778007],[-96.634127,45.778084],[-96.634486,45.776562],[-96.633575,45.775907],[-96.634086,45.77467],[-96.636019,45.774343],[-96.637621,45.773033],[-96.639029,45.772378],[-96.639747,45.77128],[-96.63878,45.770144],[-96.639074,45.768839],[-96.64196,45.759981],[-96.651518,45.746824],[-96.672885,45.732378],[-96.720384,45.713663],[-96.760055,45.687781],[-96.83449,45.650989],[-96.842519,45.642934],[-96.852161,45.615341],[-96.85635,45.610254],[-96.856795,45.605366],[-96.802053,45.555412],[-96.793929,45.55273],[-96.750554,45.498843],[-96.733611,45.46361],[-96.685164,45.409884],[-96.619663,45.408377],[-96.49245,45.363108],[-96.453029,45.300848],[-96.451831,44.892551]]]},"properties":{"code":"[320]"}},{"type":"Feature","geometry":{"type":"Polygon","coordinates":[[[-81.656801,28.682664],[-81.656299,28.595221],[-81.666106,28.59518],[-81.666366,28.600112],[-81.668509,28.600938],[-81.676703,28.60083],[-81.681021,28.60234],[-81.682384,28.602568],[-81.684536,28.602461],[-81.686419,28.603601],[-81.6884,28.605426],[-81.689957,28.60786],[-81.693074,28.609884],[-81.694122,28.610121],[-81.698169,28.609981],[-81.700767,28.610237],[-81.702723,28.611317],[-81.70393,28.614159],[-81.702989,28.619061],[-81.70358,28.621958],[-81.703087,28.622962],[-81.705676,28.623027],[-81.70993,28.622571],[-81.712456,28.621792],[-81.716352,28.621935],[-81.719632,28.622505],[-81.724752,28.620158],[-81.727252,28.620158],[-81.731868,28.621125],[-81.733774,28.622333],[-81.735383,28.622854],[-81.73533,28.617587],[-81.737456,28.617587],[-81.73752,28.608537],[-81.73135,28.608457],[-81.73132,28.609058],[-81.727953,28.609024],[-81.727522,28.60841],[-81.726942,28.608698],[-81.69887,28.574376],[-81.682193,28.560638],[-81.682237,28.546493],[-81.657281,28.546197],[-81.654746,28.259765],[-81.607346,28.259692],[-81.613001,28.260931],[-81.593127,28.281858],[-81.590502,28.28117],[-81.590593,28.259763],[-81.581263,28.259842],[-81.576858,28.261713],[-81.574171,28.261851],[-81.569264,28.260255],[-81.56664,28.259924],[-81.557678,28.259963],[-81.524381,28.201343],[-81.5244,28.143004],[-81.455576,28.142131],[-81.455167,28.0849],[-81.347718,28.084924],[-81.349112,28.081674],[-81.347479,28.079551],[-81.346881,28.069769],[-81.349803,28.067646],[-81.35642,28.06757],[-81.362779,28.070073],[-81.365529,28.068253],[-81.366519,28.06157],[-81.363511,28.056641],[-81.364527,28.046244],[-81.362035,28.043741],[-81.363753,28.037748],[-81.367449,28.036534],[-81.366821,28.034342],[-81.371805,28.032294],[-81.375672,28.029108],[-81.374727,28.027667],[-81.37593,28.023798],[-81.378938,28.021674],[-81.377305,28.017578],[-81.375586,28.015454],[-81.379109,28.010902],[-81.383836,28.013026],[-81.387531,28.017502],[-81.39303,28.020157],[-81.394147,28.028198],[-81.408756,28.02964],[-81.414772,28.036392],[-81.428192,28.039821],[-81.43438,28.04513],[-81.436271,28.053245],[-81.441598,28.05825],[-81.449676,28.056278],[-81.456637,28.05552],[-81.459559,28.047709],[-81.45784,28.039973],[-81.44856,28.03307],[-81.43902,28.03489],[-81.431716,28.022678],[-81.427505,28.021312],[-81.420324,28.002908],[-81.416113,27.999494],[-81.414136,28.001391],[-81.388288,28.005343],[-81.380915,27.996699],[-81.375859,27.981042],[-81.373387,27.978177],[-81.350554,27.963742],[-81.346124,27.961819],[-81.3471,27.954391],[-81.334487,27.950545],[-81.337239,27.933904],[-81.315898,27.923332],[-81.311543,27.91902],[-81.314806,27.904168],[-81.313079,27.897599],[-81.305828,27.887445],[-81.303651,27.879548],[-81.302837,27.871872],[-81.293647,27.85949],[-81.279494,27.857942],[-81.273804,27.851879],[-81.261402,27.848396],[-81.250021,27.850073],[-81.233241,27.845299],[-81.217064,27.832575],[-81.211957,27.824446],[-81.20685,27.820962],[-81.197951,27.805217],[-81.197409,27.796775],[-81.189232,27.78401],[-81.169352,27.741309],[-81.153832,27.708052],[-81.14423,27.679129],[-81.132848,27.655847],[-81.136173,27.643051],[-80.87314,27.642112],[-80.87377,27.730877],[-80.874059,27.733845],[-80.880451,27.733765],[-80.88015,27.743626],[-80.881146,27.822372],[-80.868726,27.822344],[-80.869235,28.08474],[-80.862734,28.08482],[-80.862401,28.215105],[-80.861035,28.247657],[-80.848619,28.247706],[-80.841364,28.240935],[-80.814338,28.229816],[-80.765347,28.230145],[-80.765108,28.269537],[-80.765309,28.272844],[-80.747663,28.279209],[-80.74212,28.278434],[-80.742816,28.281687],[-80.742912,28.292251],[-80.750657,28.297111],[-80.756801,28.302698],[-80.768968,28.321026],[-80.76149,28.31709],[-80.755231,28.317249],[-80.755139,28.325101],[-80.753369,28.325091],[-80.753427,28.326924],[-80.753033,28.326965],[-80.753057,28.327647],[-80.750581,28.327702],[-80.750581,28.330105],[-80.752351,28.330095],[-80.75234,28.330594],[-80.742571,28.330821],[-80.742537,28.339436],[-80.741091,28.33941],[-80.741106,28.338728],[-80.738871,28.338754],[-80.738866,28.34389],[-80.729445,28.343757],[-80.731448,28.349341],[-80.727525,28.349341],[-80.727707,28.349685],[-80.727721,28.350423],[-80.726583,28.350458],[-80.726943,28.352556],[-80.726214,28.352581],[-80.726214,28.352365],[-80.725285,28.352386],[-80.725332,28.35336],[-80.7231,28.35336],[-80.723138,28.355683],[-80.72031,28.355691],[-80.720073,28.356074],[-80.721274,28.356573],[-80.718053,28.356665],[-80.720242,28.361108],[-80.708641,28.361303],[-80.710749,28.366329],[-80.708578,28.366717],[-80.708612,28.368344],[-80.704827,28.36834],[-80.704827,28.369183],[-80.706707,28.369172],[-80.707247,28.371114],[-80.706849,28.37129],[-80.704845,28.3713],[-80.704858,28.372001],[-80.703974,28.372067],[-80.704011,28.372801],[-80.70319,28.372812],[-80.703227,28.375265],[-80.701825,28.375311],[-80.701178,28.375497],[-80.701427,28.376034],[-80.698038,28.376089],[-80.69808,28.379797],[-80.689197,28.379829],[-80.689065,28.383879],[-80.689325,28.38514],[-80.689214,28.385774],[-80.690094,28.390262],[-80.689995,28.391295],[-80.689444,28.392855],[-80.690503,28.393347],[-80.692818,28.394544],[-80.6927,28.396621],[-80.692873,28.397769],[-80.692892,28.398815],[-80.693237,28.40096],[-80.694159,28.403837],[-80.693925,28.404271],[-80.693912,28.405242],[-80.644833,28.405176],[-80.640989,28.409092],[-80.619915,28.409271],[-80.619981,28.418681],[-80.611242,28.418791],[-80.611276,28.415499],[-80.606224,28.415512],[-80.606259,28.413452],[-80.603293,28.410639],[-80.581734,28.410651],[-80.55608,28.431523],[-80.511581,28.448227],[-80.512622,28.46104],[-80.543696,28.525865],[-80.557749,28.588722],[-80.608594,28.643442],[-80.696827,28.643574],[-80.721755,28.684472],[-80.721899,28.697606],[-80.728183,28.707333],[-80.735607,28.715826],[-80.750331,28.731021],[-80.754592,28.736285],[-80.771183,28.723256],[-80.840023,28.738579],[-80.842439,28.738167],[-80.844824,28.746206],[-80.848369,28.745524],[-80.850792,28.752419],[-80.858862,28.75078],[-80.860726,28.756163],[-80.873733,28.753974],[-80.882056,28.781032],[-80.893873,28.771219],[-80.899573,28.79096],[-80.96789,28.79019],[-80.964673,28.613304],[-80.989078,28.613462],[-80.996881,28.623418],[-81.005706,28.636686],[-81.001831,28.64073],[-81.013245,28.665725],[-81.025459,28.679991],[-81.020956,28.692669],[-81.023574,28.701303],[-81.034779,28.70957],[-81.033545,28.719049],[-81.03757,28.721666],[-81.035696,28.725194],[-81.04083,28.727446],[-81.040414,28.731826],[-81.059104,28.742788],[-81.052431,28.785446],[-81.059224,28.794923],[-81.057527,28.796089],[-81.057021,28.799151],[-81.055872,28.798546],[-81.053436,28.800037],[-81.053574,28.798828],[-81.051459,28.798305],[-81.052884,28.800077],[-81.052471,28.801366],[-81.053758,28.802413],[-81.052517,28.80483],[-81.051551,28.805193],[-81.052471,28.806723],[-81.052297,28.808246],[-81.054641,28.810905],[-81.054963,28.816597],[-81.056985,28.821631],[-81.057441,28.824914],[-81.062177,28.827811],[-81.061998,28.830316],[-81.063785,28.832273],[-81.067985,28.832665],[-81.070398,28.83423],[-81.076563,28.834778],[-81.076921,28.83971],[-81.079155,28.846206],[-81.10221,28.86087],[-81.115845,28.879132],[-81.116127,28.882512],[-81.11415,28.888859],[-81.117102,28.892516],[-81.120202,28.894001],[-81.124271,28.894128],[-81.126111,28.894976],[-81.128678,28.898835],[-81.130471,28.899513],[-81.132214,28.899132],[-81.134103,28.89998],[-81.145582,28.884726],[-81.151874,28.879471],[-81.151999,28.890158],[-81.165674,28.889968],[-81.165557,28.904989],[-81.167167,28.90547],[-81.167138,28.903664],[-81.168434,28.903851],[-81.169447,28.904442],[-81.17548,28.89798],[-81.175515,28.891995],[-81.176171,28.890907],[-81.179251,28.888449],[-81.179907,28.887119],[-81.179701,28.88417],[-81.179978,28.882931],[-81.179045,28.881238],[-81.178478,28.871156],[-81.181488,28.869119],[-81.183954,28.868185],[-81.183854,28.870053],[-81.194661,28.876067],[-81.21099,28.876011],[-81.210963,28.871214],[-81.209044,28.87072],[-81.211435,28.865903],[-81.211802,28.863901],[-81.202789,28.861262],[-81.204907,28.859672],[-81.205057,28.857543],[-81.204253,28.855191],[-81.206273,28.853029],[-81.207282,28.854274],[-81.209246,28.855126],[-81.210667,28.856436],[-81.212794,28.856916],[-81.220853,28.857125],[-81.222089,28.856806],[-81.226161,28.856552],[-81.231796,28.85999],[-81.244072,28.860066],[-81.246398,28.860162],[-81.24967,28.860703],[-81.254554,28.864145],[-81.257898,28.865323],[-81.260152,28.865323],[-81.26582,28.86643],[-81.268324,28.867207],[-81.269845,28.86829],[-81.27463,28.868095],[-81.274662,28.868817],[-81.279004,28.869205],[-81.282775,28.868095],[-81.286293,28.868484],[-81.319468,28.83517],[-81.324082,28.837684],[-81.333598,28.840678],[-81.340537,28.847217],[-81.345637,28.846158],[-81.358622,28.848138],[-81.359649,28.850519],[-81.355045,28.8539],[-81.350914,28.857695],[-81.351862,28.862735],[-81.36493,28.865522],[-81.364659,28.868191],[-81.363102,28.870029],[-81.359716,28.870681],[-81.360597,28.872459],[-81.366477,28.878302],[-81.36648,28.878292],[-81.366005,28.873547],[-81.368916,28.873147],[-81.369905,28.871725],[-81.369753,28.869993],[-81.371425,28.870511],[-81.37178,28.86889],[-81.372896,28.868912],[-81.373378,28.870422],[-81.374189,28.87],[-81.374088,28.86869],[-81.37528,28.868401],[-81.374945,28.866532],[-81.376061,28.865577],[-81.375832,28.864267],[-81.375021,28.863712],[-81.375046,28.862224],[-81.37667,28.861334],[-81.377481,28.859691],[-81.37951,28.858514],[-81.380021,28.856308],[-81.381391,28.854354],[-81.382991,28.852439],[-81.383321,28.851573],[-81.386719,28.849619],[-81.38715,28.850218],[-81.390269,28.849108],[-81.389771,28.848351],[-81.391361,28.847861],[-81.391919,28.846168],[-81.393509,28.8447],[-81.393381,28.843909],[-81.395048,28.841974],[-81.396122,28.842275],[-81.398271,28.842012],[-81.398959,28.841108],[-81.40279,28.837356],[-81.403782,28.834914],[-81.406618,28.834831],[-81.415172,28.827131],[-81.418976,28.81974],[-81.419118,28.812245],[-81.417514,28.808143],[-81.417466,28.805782],[-81.415387,28.803008],[-81.413922,28.793607],[-81.413535,28.791383],[-81.415145,28.787579],[-81.414562,28.785567],[-81.592969,28.786021],[-81.59335,28.759692],[-81.610007,28.759776],[-81.609936,28.758509],[-81.616001,28.75854],[-81.616003,28.748539],[-81.614769,28.747642],[-81.613183,28.747889],[-81.611525,28.749033],[-81.601249,28.749091],[-81.601346,28.741826],[-81.609702,28.741671],[-81.609591,28.73082],[-81.616627,28.730737],[-81.616609,28.727174],[-81.634137,28.726932],[-81.633928,28.676683],[-81.649335,28.680039],[-81.656801,28.682664]]]},"properties":{"code":"[321,407,689]"}},{"type":"Feature","geometry":{"type":"Polygon","coordinates":[[[-82.459806,30.584269],[-82.4595,30.58092],[-82.457511,30.257209],[-82.47623,30.259839],[-82.484322,30.258328],[-82.486599,30.252658],[-82.491556,30.249533],[-82.490816,30.242351],[-82.490012,30.240344],[-82.492245,30.237875],[-82.494523,30.238107],[-82.500596,30.23529],[-82.500188,30.233913],[-82.504868,30.227293],[-82.509702,30.22476],[-82.511399,30.223071],[-82.508982,30.220761],[-82.50905,30.209072],[-82.506685,30.205961],[-82.504782,30.201028],[-82.503318,30.195196],[-82.522305,30.191618],[-82.51606,30.176246],[-82.517307,30.174173],[-82.516331,30.1735],[-82.514613,30.170817],[-82.510963,30.167028],[-82.506867,30.160913],[-82.504695,30.155831],[-82.49955,30.151226],[-82.498668,30.145006],[-82.496859,30.141274],[-82.486578,30.138086],[-82.483412,30.1408],[-82.479363,30.140355],[-82.476949,30.142435],[-82.473291,30.143448],[-82.472619,30.141498],[-82.470478,30.140103],[-82.470044,30.138761],[-82.469175,30.137876],[-82.469392,30.136401],[-82.468441,30.135501],[-82.468503,30.133731],[-82.46779,30.132336],[-82.466704,30.13247],[-82.464936,30.13137],[-82.463571,30.131128],[-82.462578,30.131772],[-82.461896,30.130323],[-82.45833,30.129747],[-82.458354,30.136445],[-82.447245,30.137817],[-82.443676,30.138096],[-82.359507,30.139183],[-82.359523,30.140995],[-82.287093,30.142134],[-82.286364,30.13988],[-82.282272,30.135325],[-82.287045,30.125695],[-82.296828,30.112283],[-82.297758,30.102868],[-82.300766,30.097241],[-82.306071,30.091314],[-82.307643,30.088693],[-82.308401,30.078438],[-82.308752,30.077181],[-82.32068,30.062684],[-82.321235,30.047723],[-82.322492,30.044264],[-82.318613,30.042684],[-82.315293,30.042436],[-82.311134,30.044556],[-82.311269,30.04717],[-82.307494,30.050928],[-82.306523,30.050811],[-82.302344,30.04633],[-82.301404,30.043696],[-82.300863,30.031208],[-82.313118,30.017847],[-82.292516,30.007069],[-82.277922,30.000569],[-82.252413,29.985748],[-82.206459,29.96992],[-82.209527,29.963883],[-82.211088,29.962806],[-82.212456,29.958877],[-82.212255,29.955206],[-82.210955,29.949514],[-82.210588,29.94885],[-82.210888,29.943607],[-82.21195,29.93929],[-82.21205,29.936805],[-82.21185,29.935389],[-82.212517,29.934522],[-82.213417,29.930043],[-82.214751,29.929274],[-82.215318,29.92754],[-82.213884,29.925517],[-82.213984,29.923725],[-82.212283,29.920538],[-82.201446,29.911781],[-82.197922,29.910216],[-82.18165,29.906834],[-82.179383,29.906256],[-82.174581,29.904175],[-82.168183,29.903854],[-82.159247,29.901657],[-82.157113,29.899576],[-82.152946,29.900583],[-82.140956,29.900823],[-82.136577,29.900401],[-82.139364,29.891298],[-82.139054,29.888182],[-82.129563,29.873822],[-82.12914,29.871854],[-82.129536,29.865681],[-82.131118,29.864481],[-82.131167,29.860279],[-82.139037,29.855785],[-82.139778,29.854027],[-82.139095,29.841211],[-82.138452,29.838681],[-82.13848,29.835899],[-82.133087,29.835847],[-82.133132,29.830808],[-82.130209,29.830828],[-82.130213,29.824072],[-82.130202,29.823665],[-82.123935,29.823675],[-82.124032,29.805307],[-82.121751,29.805319],[-82.121722,29.801741],[-82.119634,29.801738],[-82.119548,29.798234],[-82.117551,29.79818],[-82.11754,29.79062],[-82.109059,29.790689],[-82.109116,29.783095],[-82.104102,29.78304],[-82.102,29.783328],[-82.098091,29.780261],[-82.09401,29.778282],[-82.087355,29.778275],[-82.087392,29.782199],[-82.083802,29.784196],[-82.083136,29.785177],[-82.075028,29.79103],[-82.06312,29.791177],[-82.063609,29.793071],[-82.062328,29.804776],[-82.064078,29.806412],[-82.06515,29.808514],[-82.065557,29.811359],[-82.06483,29.814],[-82.062108,29.817905],[-82.060348,29.820352],[-82.059555,29.822639],[-82.059684,29.824926],[-82.060385,29.82708],[-82.087209,29.896828],[-82.081983,29.899509],[-82.080669,29.900996],[-82.080632,29.904981],[-82.079757,29.907354],[-82.078334,29.909916],[-82.079877,29.914702],[-82.07821,29.9233],[-82.076851,29.923177],[-82.047821,29.910175],[-82.048101,29.938509],[-81.999014,29.938372],[-81.998741,29.981933],[-81.935015,29.981937],[-81.925427,29.978206],[-81.859024,29.977742],[-81.85339,29.979199],[-81.852039,29.971377],[-81.841988,29.952009],[-81.834144,29.95026],[-81.819682,29.942042],[-81.814986,29.936589],[-81.809644,29.927281],[-81.801939,29.920115],[-81.795551,29.915628],[-81.791331,29.90584],[-81.791539,29.894062],[-81.793887,29.888524],[-81.794263,29.884534],[-81.795737,29.878981],[-81.79767,29.875776],[-81.794852,29.873138],[-81.796456,29.869363],[-81.797239,29.836638],[-81.58097,29.839958],[-81.527663,29.761588],[-81.525188,29.759173],[-81.523805,29.631459],[-81.518935,29.630214],[-81.494572,29.630615],[-81.494745,29.652163],[-81.42396,29.65291],[-81.423957,29.664305],[-81.413974,29.664467],[-81.411198,29.660109],[-81.392579,29.650698],[-81.379888,29.651755],[-81.377618,29.64886],[-81.375572,29.645383],[-81.373299,29.640207],[-81.370844,29.631751],[-81.369563,29.62516],[-81.324091,29.625616],[-81.324339,29.653788],[-81.318763,29.651439],[-81.315155,29.647393],[-81.313261,29.645273],[-81.312185,29.642826],[-81.30953,29.641872],[-81.305951,29.642863],[-81.302236,29.649846],[-81.300108,29.651346],[-81.291273,29.650093],[-81.288708,29.650104],[-81.287724,29.651835],[-81.286007,29.651278],[-81.284428,29.651556],[-81.283673,29.650542],[-81.282734,29.651278],[-81.281796,29.650223],[-81.280789,29.651119],[-81.279095,29.651855],[-81.277607,29.651676],[-81.276119,29.652809],[-81.274288,29.65267],[-81.276279,29.654162],[-81.27248,29.655276],[-81.274128,29.65635],[-81.274357,29.657305],[-81.273327,29.657961],[-81.271564,29.65641],[-81.270533,29.656001],[-81.269686,29.656936],[-81.270579,29.657672],[-81.271907,29.657931],[-81.272525,29.660019],[-81.271952,29.660815],[-81.269297,29.659701],[-81.269114,29.661213],[-81.268199,29.661889],[-81.268367,29.663184],[-81.266811,29.664218],[-81.265438,29.664039],[-81.264957,29.665451],[-81.262307,29.666258],[-81.261735,29.668824],[-81.260545,29.669182],[-81.257569,29.667392],[-81.257683,29.66419],[-81.254788,29.663394],[-81.25309,29.661614],[-81.250428,29.662565],[-81.247928,29.659006],[-81.229734,29.662502],[-81.226796,29.670181],[-81.210199,29.670293],[-81.20409,29.670451],[-81.223531,29.726208],[-81.248211,29.799788],[-81.25277,29.857641],[-81.271173,29.919709],[-81.359489,30.255239],[-81.403021,30.504096],[-81.42145,30.580053],[-81.403869,30.706123],[-81.442996,30.709799],[-81.474675,30.713872],[-81.487339,30.726314],[-81.509441,30.722595],[-81.532864,30.72429],[-81.534362,30.720661],[-81.533817,30.711412],[-81.5394,30.708602],[-81.548116,30.718554],[-81.553971,30.716915],[-81.561189,30.711295],[-81.564321,30.713637],[-81.563095,30.717851],[-81.574262,30.722885],[-81.588424,30.72347],[-81.592555,30.718526],[-81.59773,30.719112],[-81.59623,30.726486],[-81.599362,30.729529],[-81.60549,30.729061],[-81.60563,30.718762],[-81.608392,30.71584],[-81.611629,30.716628],[-81.614255,30.722825],[-81.620366,30.722247],[-81.623605,30.723771],[-81.623239,30.726135],[-81.620611,30.730232],[-81.621466,30.733909],[-81.624216,30.736377],[-81.628127,30.735747],[-81.62935,30.732859],[-81.628555,30.728813],[-81.63271,30.728025],[-81.634911,30.733699],[-81.638761,30.733174],[-81.642731,30.728551],[-81.648592,30.727312],[-81.653603,30.729886],[-81.654214,30.733562],[-81.651403,30.740863],[-81.652809,30.744014],[-81.655375,30.744224],[-81.661302,30.742438],[-81.663675,30.744777],[-81.659623,30.750237],[-81.662026,30.754481],[-81.66621,30.753597],[-81.669572,30.75177],[-81.676913,30.751534],[-81.683774,30.748527],[-81.682264,30.744753],[-81.678834,30.744753],[-81.673414,30.748821],[-81.670258,30.746994],[-81.668474,30.743161],[-81.671287,30.739269],[-81.675541,30.739387],[-81.679725,30.741569],[-81.689536,30.74151],[-81.691457,30.743986],[-81.692212,30.747701],[-81.694957,30.748586],[-81.702298,30.745387],[-81.709433,30.747805],[-81.718902,30.744621],[-81.723636,30.746625],[-81.728233,30.747156],[-81.733367,30.751033],[-81.73132,30.754521],[-81.732696,30.755522],[-81.742508,30.759101],[-81.742614,30.761527],[-81.740203,30.764419],[-81.743167,30.766087],[-81.750933,30.767331],[-81.758208,30.770506],[-81.76075,30.775358],[-81.77035,30.777178],[-81.771484,30.776115],[-81.770249,30.773598],[-81.772472,30.771718],[-81.772472,30.769686],[-81.773496,30.768018],[-81.773355,30.766562],[-81.771272,30.764863],[-81.771872,30.763711],[-81.781932,30.761133],[-81.783873,30.762346],[-81.782638,30.764954],[-81.783167,30.767229],[-81.786767,30.769625],[-81.786485,30.770626],[-81.783838,30.771869],[-81.783732,30.773204],[-81.791599,30.782943],[-81.79294,30.787461],[-81.795058,30.786763],[-81.797528,30.78461],[-81.79594,30.782093],[-81.797281,30.781335],[-81.799999,30.783761],[-81.802109,30.786994],[-81.806697,30.790087],[-81.811472,30.790335],[-81.813978,30.789607],[-81.820014,30.789911],[-81.82372,30.786788],[-81.82492,30.787273],[-81.825767,30.788789],[-81.829579,30.789395],[-81.835417,30.788073],[-81.839344,30.786752],[-81.841895,30.787447],[-81.839466,30.79183],[-81.840356,30.79256],[-81.844,30.790856],[-81.846875,30.790891],[-81.852557,30.794914],[-81.854905,30.793975],[-81.863771,30.794294],[-81.868607,30.792816],[-81.870712,30.795052],[-81.870226,30.797277],[-81.871145,30.798009],[-81.87474,30.799272],[-81.877307,30.799965],[-81.882936,30.800168],[-81.882271,30.805366],[-81.884609,30.807216],[-81.884642,30.811598],[-81.887842,30.812629],[-81.889722,30.814138],[-81.891507,30.81686],[-81.890953,30.818709],[-81.891568,30.820929],[-81.890922,30.822541],[-81.892495,30.825553],[-81.89548,30.825051],[-81.901203,30.829754],[-81.902588,30.829622],[-81.907019,30.826663],[-81.907173,30.824787],[-81.906342,30.822805],[-81.904908,30.822325],[-81.903954,30.819841],[-81.904477,30.817886],[-81.905677,30.816723],[-81.907492,30.817701],[-81.908846,30.815692],[-81.912785,30.816802],[-81.917062,30.817091],[-81.918662,30.817937],[-81.922231,30.816748],[-81.924262,30.817937],[-81.928994,30.817364],[-81.929025,30.819505],[-81.930471,30.820271],[-81.93521,30.820905],[-81.935487,30.821751],[-81.933733,30.822411],[-81.933579,30.823653],[-81.93484,30.82405],[-81.936194,30.824393],[-81.936113,30.82762],[-81.938605,30.83013],[-81.939436,30.829839],[-81.93839,30.827858],[-81.939528,30.827171],[-81.942298,30.828862],[-81.943036,30.828254],[-81.941467,30.826484],[-81.942175,30.82548],[-81.949693,30.828095],[-81.951807,30.825971],[-81.954055,30.824781],[-81.955995,30.823194],[-81.958859,30.822321],[-81.964402,30.817878],[-81.964372,30.816662],[-81.961209,30.814369],[-81.964073,30.813073],[-81.961856,30.809291],[-81.962504,30.808368],[-81.965245,30.807125],[-81.96429,30.805141],[-81.961641,30.800799],[-81.962647,30.796078],[-81.965626,30.794874],[-81.968891,30.791594],[-81.970487,30.787461],[-81.97024,30.784313],[-81.971539,30.783672],[-81.97234,30.780153],[-81.973602,30.778777],[-81.975819,30.778618],[-81.977883,30.776608],[-81.980038,30.77674],[-81.986629,30.779782],[-81.988538,30.780312],[-81.992182,30.78326],[-81.995723,30.787228],[-81.997442,30.786528],[-81.998335,30.788221],[-82.001014,30.788618],[-82.001445,30.789597],[-82.002492,30.789782],[-82.003539,30.791845],[-82.004344,30.791787],[-82.005305,30.790281],[-82.006267,30.790534],[-82.00684,30.791533],[-82.007321,30.793212],[-82.008205,30.792972],[-82.008221,30.790818],[-82.01019,30.791498],[-82.010547,30.791129],[-82.010051,30.79013],[-82.013959,30.788984],[-82.014486,30.789597],[-82.012796,30.790743],[-82.013571,30.791222],[-82.016455,30.791648],[-82.017851,30.790649],[-82.016812,30.787786],[-82.018115,30.787652],[-82.021092,30.788412],[-82.022824,30.787875],[-82.023615,30.78613],[-82.023925,30.783639],[-82.021498,30.780582],[-82.021305,30.779049],[-82.019196,30.778423],[-82.019925,30.777277],[-82.017196,30.775705],[-82.017587,30.775111],[-82.018968,30.774698],[-82.018315,30.772181],[-82.017478,30.772328],[-82.016517,30.772834],[-82.015276,30.772261],[-82.014592,30.770132],[-82.01253,30.766828],[-82.013739,30.766162],[-82.013817,30.765256],[-82.013011,30.764709],[-82.011491,30.76443],[-82.011119,30.76339],[-82.011863,30.761338],[-82.0136,30.761871],[-82.013956,30.760659],[-82.014887,30.760059],[-82.016251,30.759979],[-82.017671,30.758135],[-82.020013,30.758162],[-82.020462,30.757256],[-82.017283,30.755923],[-82.017371,30.755222],[-82.020066,30.754623],[-82.021355,30.755505],[-82.021906,30.753542],[-82.024321,30.753497],[-82.027903,30.751078],[-82.029557,30.751506],[-82.031789,30.750198],[-82.034992,30.75471],[-82.036751,30.754665],[-82.039009,30.750942],[-82.039886,30.746907],[-82.03881,30.743748],[-82.03986,30.742642],[-82.039046,30.741333],[-82.040648,30.740318],[-82.040018,30.739032],[-82.040326,30.737582],[-82.038751,30.736408],[-82.040247,30.73528],[-82.041088,30.734039],[-82.042846,30.73352],[-82.04274,30.731722],[-82.044132,30.731203],[-82.041769,30.730661],[-82.041953,30.729984],[-82.045576,30.728269],[-82.045313,30.726644],[-82.043003,30.725606],[-82.040404,30.725064],[-82.038524,30.722749],[-82.038892,30.721733],[-82.038734,30.720673],[-82.039627,30.719319],[-82.037002,30.718754],[-82.039023,30.717513],[-82.038446,30.716151],[-82.039024,30.714887],[-82.036687,30.713081],[-82.036031,30.706151],[-82.037111,30.705799],[-82.036901,30.704557],[-82.038528,30.703655],[-82.038476,30.702481],[-82.039999,30.70221],[-82.038975,30.701149],[-82.040681,30.700314],[-82.042283,30.701194],[-82.04307,30.70063],[-82.041215,30.699444],[-82.042212,30.698225],[-82.043866,30.69818],[-82.043945,30.696916],[-82.04279,30.695922],[-82.041661,30.696306],[-82.04136,30.69048],[-82.042978,30.690023],[-82.042768,30.689052],[-82.04357,30.684179],[-82.046484,30.683592],[-82.048535,30.682403],[-82.046225,30.681296],[-82.050321,30.676284],[-82.050111,30.673933],[-82.048614,30.669552],[-82.046097,30.666428],[-82.04834,30.665264],[-82.04687,30.663932],[-82.046503,30.660635],[-82.047946,30.661019],[-82.047763,30.662713],[-82.048865,30.662984],[-82.049574,30.661403],[-82.049312,30.658531],[-82.048656,30.657582],[-82.049143,30.655881],[-82.048565,30.654368],[-82.046911,30.653306],[-82.04552,30.653803],[-82.043971,30.652696],[-82.046407,30.652841],[-82.044543,30.650876],[-82.041758,30.64936],[-82.038922,30.642832],[-82.038559,30.641005],[-82.040318,30.640034],[-82.04037,30.638792],[-82.038939,30.638924],[-82.039464,30.637049],[-82.040462,30.636078],[-82.038755,30.635852],[-82.039307,30.633977],[-82.037023,30.633254],[-82.035684,30.631628],[-82.036918,30.63016],[-82.033242,30.629911],[-82.033502,30.628265],[-82.035182,30.626955],[-82.031585,30.625035],[-82.030855,30.622386],[-82.032194,30.620918],[-82.031485,30.619201],[-82.029438,30.619269],[-82.030015,30.621867],[-82.029306,30.622499],[-82.028177,30.621799],[-82.028598,30.620376],[-82.027836,30.619404],[-82.028204,30.618455],[-82.026191,30.613153],[-82.028843,30.611843],[-82.026924,30.611207],[-82.026714,30.608653],[-82.027371,30.606891],[-82.0259,30.60601],[-82.023931,30.606688],[-82.022721,30.605152],[-82.015914,30.602329],[-82.014149,30.596194],[-82.013202,30.596325],[-82.013237,30.594687],[-82.012199,30.593406],[-82.012937,30.592445],[-82.012556,30.590122],[-82.011163,30.58922],[-82.01227,30.586479],[-82.011544,30.586181],[-82.011059,30.587403],[-82.010022,30.585735],[-82.010921,30.585079],[-82.010402,30.582964],[-82.008811,30.583024],[-82.009085,30.581916],[-82.008159,30.581096],[-82.009085,30.580232],[-82.006872,30.579057],[-82.006099,30.576686],[-82.00821,30.577173],[-82.006151,30.574469],[-82.008133,30.575134],[-82.008082,30.573893],[-82.00649,30.572756],[-82.008163,30.571981],[-82.008215,30.569365],[-82.007144,30.568466],[-82.00753,30.567602],[-82.006501,30.567291],[-82.006037,30.564521],[-82.008611,30.564432],[-82.00838,30.563545],[-82.005318,30.564046],[-82.00525,30.563346],[-82.006368,30.563054],[-82.008332,30.559992],[-82.010229,30.56145],[-82.010907,30.559759],[-82.009687,30.559409],[-82.010162,30.557892],[-82.0084,30.558388],[-82.009823,30.556404],[-82.008259,30.554572],[-82.011376,30.55361],[-82.009682,30.551392],[-82.01036,30.550108],[-82.012528,30.550954],[-82.013273,30.550108],[-82.013137,30.548066],[-82.014075,30.546752],[-82.013533,30.542376],[-82.017502,30.53516],[-82.017608,30.533578],[-82.018133,30.523833],[-82.015511,30.519805],[-82.014623,30.512316],[-82.017207,30.502028],[-82.015088,30.500086],[-82.017566,30.492214],[-82.015424,30.484106],[-82.019051,30.483127],[-82.017365,30.479982],[-82.016995,30.475323],[-82.024325,30.465367],[-82.02257,30.461377],[-82.028346,30.454995],[-82.02677,30.453929],[-82.028218,30.447264],[-82.036474,30.438075],[-82.040016,30.437254],[-82.039559,30.434463],[-82.03834,30.436039],[-82.036209,30.431455],[-82.033833,30.427705],[-82.035616,30.425035],[-82.034012,30.420107],[-82.042658,30.414633],[-82.044464,30.404278],[-82.036931,30.386117],[-82.037806,30.371574],[-82.048967,30.362727],[-82.057667,30.35921],[-82.062152,30.360462],[-82.065769,30.355702],[-82.071902,30.361336],[-82.081729,30.358888],[-82.083312,30.360368],[-82.095119,30.36088],[-82.102917,30.367771],[-82.105687,30.368624],[-82.110765,30.365608],[-82.114637,30.368042],[-82.117998,30.364631],[-82.126831,30.368497],[-82.12749,30.365483],[-82.134801,30.36213],[-82.140125,30.365039],[-82.148429,30.361114],[-82.150013,30.361968],[-82.158055,30.360148],[-82.158055,30.359066],[-82.166099,30.358325],[-82.167152,30.359977],[-82.170318,30.359179],[-82.173283,30.361911],[-82.173764,30.365101],[-82.180817,30.368911],[-82.18038,30.372661],[-82.183349,30.373456],[-82.184727,30.37869],[-82.186906,30.379031],[-82.19027,30.376244],[-82.192904,30.379543],[-82.192056,30.3845],[-82.194958,30.389677],[-82.196239,30.388272],[-82.199434,30.390119],[-82.198108,30.391672],[-82.201799,30.396328],[-82.205226,30.407809],[-82.210372,30.42537],[-82.209682,30.432831],[-82.206225,30.436308],[-82.207262,30.439188],[-82.204613,30.442863],[-82.205399,30.451151],[-82.204056,30.453659],[-82.204738,30.455438],[-82.206524,30.455836],[-82.207677,30.460702],[-82.206006,30.462291],[-82.206414,30.468428],[-82.200675,30.475096],[-82.202849,30.482664],[-82.201458,30.485286],[-82.212652,30.50016],[-82.218264,30.504473],[-82.224862,30.507544],[-82.22845,30.513802],[-82.229588,30.5221],[-82.231105,30.526608],[-82.237905,30.532778],[-82.240559,30.537873],[-82.239364,30.541643],[-82.239274,30.545158],[-82.237569,30.547012],[-82.234295,30.548828],[-82.233843,30.553394],[-82.23442,30.556673],[-82.234072,30.557801],[-82.232538,30.558025],[-82.23176,30.558472],[-82.230391,30.560544],[-82.228716,30.561945],[-82.228292,30.562636],[-82.224832,30.564717],[-82.222733,30.565652],[-82.221279,30.565718],[-82.219191,30.565457],[-82.218681,30.565478],[-82.21797,30.565245],[-82.217171,30.56521],[-82.215226,30.566506],[-82.214398,30.566827],[-82.214676,30.568004],[-82.214701,30.56848],[-82.214677,30.568556],[-82.459806,30.584269]]]},"properties":{"code":"[324,904]"}},{"type":"Feature","geometry":{"type":"Polygon","coordinates":[[[-101.154139,32.964732],[-101.440251,32.945774],[-101.57058,32.899427],[-101.467432,32.699837],[-101.364553,32.724628],[-101.293499,32.693585],[-101.27909,32.644635],[-101.175641,32.59324],[-101.167325,32.081446],[-101.257288,32.081468],[-101.25772,31.654734],[-101.773951,31.652369],[-101.778259,31.077743],[-102.361862,31.078901],[-102.389354,31.06269],[-102.381579,31.044058],[-102.261964,31.014755],[-102.268216,30.987836],[-102.262799,30.987996],[-102.27985,30.971484],[-102.2925,30.944013],[-102.259353,30.943862],[-102.248085,30.964143],[-102.184718,30.980112],[-102.152365,30.97416],[-102.142444,30.9678],[-102.095475,30.952507],[-102.090171,30.948962],[-102.083702,30.947906],[-102.069455,30.939592],[-102.041758,30.905243],[-102.053622,30.899171],[-102.061337,30.88879],[-102.066357,30.885835],[-102.074893,30.883636],[-102.0934,30.869234],[-102.053273,30.845718],[-102.007378,30.824758],[-101.997852,30.812841],[-101.96567,30.795601],[-101.972241,30.564588],[-102.075371,30.389764],[-102.014738,30.252653],[-102.023397,30.245346],[-102.048989,30.197029],[-102.04451,30.190521],[-102.053546,30.166503],[-102.066712,30.162239],[-102.089393,30.098944],[-102.013929,30.084725],[-101.972393,30.005773],[-102.009595,29.965461],[-101.992938,29.948356],[-101.952741,29.937341],[-101.952748,29.959814],[-101.755621,29.989491],[-101.755577,30.0469],[-101.574018,30.129932],[-101.570485,30.124941],[-101.559461,30.118966],[-101.550148,30.117353],[-101.52599,30.124781],[-101.518378,30.130209],[-101.451526,30.128322],[-101.4208,30.063414],[-101.364877,30.062781],[-101.340536,30.109093],[-101.289745,30.111324],[-101.171314,30.07397],[-101.149046,30.051247],[-101.140822,30.051232],[-101.133144,30.062406],[-101.042209,30.063419],[-101.039138,29.988277],[-101.000559,29.990388],[-100.992972,30.068992],[-100.975554,30.078694],[-100.984709,30.084949],[-100.983749,30.090954],[-100.975693,30.0907],[-100.973179,30.092267],[-100.971192,30.0907],[-100.952896,30.089313],[-100.946139,30.089114],[-100.935661,30.086576],[-100.931325,30.08813],[-100.925175,30.086962],[-100.922484,30.112023],[-100.917092,30.113088],[-100.911583,30.112226],[-100.903612,30.113747],[-100.904285,30.114425],[-100.899153,30.1158],[-100.892089,30.119356],[-100.887863,30.124522],[-100.887761,30.128411],[-100.887148,30.129958],[-100.889447,30.13473],[-100.893372,30.143149],[-100.892474,30.144918],[-100.890317,30.145372],[-100.889035,30.14759],[-100.887521,30.148548],[-100.883732,30.15253],[-100.880757,30.154144],[-100.875915,30.15611],[-100.874684,30.161233],[-100.871533,30.164308],[-100.871648,30.175799],[-100.870826,30.175801],[-100.870413,30.173273],[-100.870206,30.168335],[-100.868181,30.163793],[-100.865095,30.159405],[-100.864063,30.157383],[-100.862653,30.155181],[-100.861345,30.152623],[-100.857488,30.152206],[-100.855655,30.153793],[-100.854176,30.154179],[-100.852353,30.155726],[-100.851103,30.156062],[-100.849211,30.15749],[-100.848523,30.159215],[-100.846821,30.160452],[-100.844123,30.160645],[-100.842328,30.163064],[-100.857477,30.186003],[-100.858797,30.186799],[-100.857968,30.189081],[-100.829961,30.209041],[-100.818817,30.212161],[-100.816487,30.211343],[-100.813427,30.212666],[-100.813031,30.213868],[-100.811047,30.214821],[-100.794055,30.214293],[-100.793813,30.204557],[-100.788824,30.207607],[-100.7885,30.208763],[-100.784363,30.211532],[-100.784067,30.212805],[-100.780011,30.215679],[-100.780416,30.218308],[-100.778104,30.221602],[-100.773521,30.223635],[-100.778055,30.226187],[-100.779227,30.22706],[-100.780925,30.227458],[-100.782834,30.22981],[-100.785475,30.239447],[-100.792507,30.239807],[-100.79501,30.247737],[-100.789988,30.248904],[-100.783314,30.247823],[-100.782525,30.246005],[-100.781505,30.247342],[-100.778164,30.248283],[-100.775382,30.252758],[-100.776059,30.258787],[-100.778591,30.264437],[-100.775177,30.264816],[-100.772012,30.264603],[-100.7705,30.265332],[-100.752168,30.266909],[-100.752133,30.270979],[-100.744372,30.275059],[-100.738077,30.277094],[-100.73551,30.279675],[-100.735897,30.280404],[-100.730059,30.283502],[-100.734502,30.285893],[-100.736823,30.285893],[-100.739627,30.28818],[-100.621877,30.288349],[-100.621749,30.278106],[-100.59722,30.27313],[-100.577041,30.265525],[-100.571168,30.265568],[-100.571361,30.28057],[-100.563716,30.28057],[-100.563573,30.271985],[-100.562562,30.27075],[-100.563399,30.266931],[-100.565251,30.266647],[-100.567432,30.264053],[-100.559187,30.259119],[-100.561547,30.256952],[-100.552749,30.250195],[-100.553046,30.253497],[-100.549223,30.257254],[-100.549915,30.258933],[-100.552584,30.260555],[-100.551629,30.262234],[-100.546134,30.263993],[-100.544387,30.264136],[-100.543267,30.265359],[-100.541549,30.265609],[-100.536573,30.265182],[-100.534695,30.265637],[-100.524796,30.250725],[-100.500751,30.250617],[-100.500637,30.252036],[-100.499664,30.25229],[-100.499041,30.25273],[-100.494624,30.253635],[-100.492161,30.253782],[-100.490445,30.253085],[-100.48818,30.252669],[-100.485462,30.253134],[-100.484895,30.254234],[-100.484867,30.256827],[-100.486424,30.257414],[-100.487953,30.258319],[-100.490105,30.258661],[-100.491238,30.260031],[-100.492484,30.260813],[-100.493729,30.260862],[-100.496023,30.260618],[-100.497325,30.261229],[-100.497892,30.262452],[-100.496674,30.263943],[-100.496869,30.264895],[-100.496652,30.265544],[-100.478991,30.265674],[-100.478736,30.264632],[-100.477359,30.263252],[-100.47516,30.261635],[-100.471846,30.25955],[-100.470872,30.258475],[-100.47255,30.253689],[-100.470161,30.253592],[-100.468272,30.257554],[-100.460592,30.265026],[-100.424275,30.24379],[-100.380709,30.243535],[-100.364389,30.214311],[-100.35567,30.20828],[-100.351876,30.208906],[-100.347916,30.20693],[-100.345183,30.206737],[-100.339046,30.200951],[-100.316932,30.171783],[-100.272775,30.159527],[-100.254443,30.158054],[-100.252717,30.160204],[-100.255377,30.173437],[-100.249084,30.179773],[-100.238796,30.182579],[-100.229526,30.180016],[-100.232926,30.189052],[-100.232509,30.196752],[-100.228781,30.197434],[-100.215799,30.195125],[-100.212174,30.187192],[-100.206911,30.185785],[-100.201737,30.186278],[-100.202612,30.181158],[-100.192611,30.177773],[-100.184828,30.1862],[-100.175303,30.188285],[-100.173577,30.190188],[-100.165721,30.190734],[-100.159416,30.189748],[-100.158176,30.187187],[-100.156363,30.186523],[-100.154965,30.183349],[-100.156687,30.173022],[-100.152839,30.170754],[-100.154243,30.167651],[-100.151325,30.165028],[-100.152198,30.163616],[-100.153715,30.164776],[-100.157156,30.164978],[-100.159546,30.164271],[-100.159956,30.166591],[-100.161706,30.168154],[-100.164271,30.167347],[-100.163161,30.162556],[-100.160787,30.160845],[-100.160788,30.159131],[-100.154579,30.155075],[-100.149561,30.152905],[-100.146526,30.1524],[-100.144191,30.150432],[-100.142681,30.144931],[-100.141106,30.144023],[-100.137697,30.151421],[-100.131213,30.152211],[-100.13028,30.153321],[-100.124915,30.153372],[-100.122584,30.158618],[-100.122793,30.162052],[-100.118487,30.168403],[-100.113917,30.171952],[-100.109178,30.177518],[-100.103806,30.179259],[-100.101497,30.183233],[-100.10126,30.187876],[-100.095667,30.192041],[-100.090966,30.192895],[-100.089939,30.193783],[-100.089268,30.192417],[-100.084883,30.189447],[-100.085555,30.188081],[-100.088517,30.186476],[-100.089542,30.184361],[-100.0944,30.183814],[-100.093689,30.181493],[-100.086911,30.177405],[-100.082171,30.17744],[-100.077154,30.179011],[-100.069797,30.179432],[-100.056281,30.171711],[-100.054587,30.176251],[-100.047752,30.185315],[-100.042009,30.192626],[-100.031231,30.194637],[-100.030063,30.197387],[-100.031999,30.206855],[-100.024392,30.21779],[-100.020927,30.222085],[-100.016083,30.225313],[-100.002379,30.22654],[-99.996624,30.229824],[-99.975588,30.23814],[-99.972307,30.241854],[-99.968446,30.244849],[-99.96449,30.254395],[-99.955246,30.256136],[-99.943595,30.260768],[-99.918936,30.281044],[-99.916395,30.286463],[-99.90988,30.291186],[-99.301907,30.295302],[-99.30207,30.4974],[-98.410395,30.501958],[-98.405949,30.517718],[-98.439474,30.534163],[-98.472631,30.557799],[-98.467683,30.562654],[-98.470114,30.570808],[-98.464697,30.57442],[-98.458196,30.570224],[-98.453859,30.571739],[-98.445333,30.569757],[-98.444394,30.563698],[-98.432857,30.56614],[-98.427364,30.559134],[-98.422662,30.558772],[-98.419011,30.56711],[-98.420281,30.575206],[-98.412112,30.581098],[-98.409655,30.59016],[-98.400116,30.598678],[-98.415625,30.622459],[-98.418292,30.630127],[-98.417491,30.642914],[-98.420225,30.64756],[-98.429133,30.654259],[-98.428083,30.660719],[-98.433203,30.663192],[-98.439515,30.662408],[-98.442391,30.666691],[-98.439726,30.672785],[-98.428784,30.675258],[-98.42006,30.674014],[-98.41263,30.676487],[-98.407933,30.6751],[-98.402888,30.676789],[-98.402193,30.681431],[-98.405911,30.690892],[-98.409719,30.696992],[-98.412244,30.696751],[-98.412315,30.691507],[-98.421215,30.691386],[-98.423386,30.689697],[-98.423594,30.684992],[-98.429594,30.680184],[-98.434643,30.679641],[-98.444535,30.676262],[-98.453094,30.677289],[-98.460456,30.680787],[-98.461422,30.684126],[-98.46065,30.692571],[-98.461911,30.698339],[-98.464997,30.703105],[-98.467737,30.706805],[-98.468121,30.717789],[-98.465913,30.7333],[-98.467294,30.74105],[-98.466927,30.755754],[-98.461918,30.760187],[-98.456208,30.762639],[-98.45409,30.769445],[-98.464865,30.773559],[-98.465073,30.783116],[-98.468572,30.787309],[-98.47336,30.791896],[-98.473428,30.826069],[-98.465693,30.824725],[-98.455743,30.826227],[-98.453623,30.829153],[-98.403335,30.815031],[-98.389383,30.837727],[-98.405722,30.844563],[-98.410214,30.83545],[-98.425107,30.842459],[-98.419806,30.862086],[-98.438988,30.873652],[-98.449808,30.870673],[-98.459811,30.882587],[-98.45063,30.892043],[-98.44612,30.921422],[-98.440405,30.927208],[-98.431802,30.92651],[-98.419141,30.924752],[-98.414237,30.941939],[-98.417276,30.945986],[-98.426674,30.948975],[-98.446136,30.950882],[-98.453294,30.966484],[-98.451356,30.971334],[-98.442031,30.980681],[-98.442019,30.985494],[-98.447116,30.994298],[-98.458322,31.005616],[-98.459887,31.009211],[-98.458127,31.012639],[-98.447776,31.017164],[-98.440703,31.022341],[-98.439449,31.029068],[-98.443385,31.034947],[-98.44558,31.039957],[-98.450543,31.043348],[-98.455757,31.045177],[-98.46298,31.046683],[-98.47554,31.053246],[-98.479099,31.056416],[-98.480892,31.058553],[-98.482473,31.059079],[-98.483861,31.061595],[-98.484474,31.06588],[-98.483332,31.068291],[-98.481048,31.069142],[-98.476926,31.070078],[-98.474095,31.073225],[-98.472704,31.0765],[-98.468815,31.076859],[-98.462608,31.076051],[-98.456749,31.078305],[-98.456036,31.080294],[-98.457256,31.088155],[-98.459521,31.089648],[-98.468585,31.091738],[-98.470909,31.093828],[-98.469631,31.096465],[-98.412913,31.1154],[-98.4405,31.190705],[-98.44109,31.20871],[-98.454343,31.208295],[-98.459141,31.213999],[-98.466137,31.21393],[-98.474271,31.223878],[-98.441296,31.21925],[-98.441661,31.230651],[-98.438688,31.230839],[-98.439424,31.293412],[-98.405964,31.269291],[-98.316267,31.300342],[-98.45993,31.679794],[-98.251172,31.807685],[-98.268592,31.828215],[-98.280664,31.835699],[-98.293415,31.839219],[-98.366411,31.847782],[-98.400706,31.846691],[-98.418766,31.842378],[-98.430068,31.844946],[-98.4852,31.868186],[-98.498749,31.903862],[-98.573837,31.907006],[-98.573938,31.914341],[-98.566884,31.914568],[-98.566789,31.921778],[-98.563061,31.925416],[-98.580964,31.925105],[-98.572366,31.941771],[-98.54025,31.941689],[-98.540275,31.944967],[-98.534116,31.949618],[-98.533915,31.954684],[-98.532647,31.95476],[-98.529009,31.959984],[-98.527486,31.960819],[-98.527428,31.962124],[-98.54319,31.962631],[-98.550133,31.961848],[-98.559709,31.961999],[-98.559746,31.964137],[-98.562053,31.968253],[-98.561794,31.971832],[-98.561499,31.972426],[-98.559493,31.974164],[-98.558331,31.976679],[-98.558326,31.982142],[-98.563245,31.982038],[-98.563102,31.972475],[-98.564608,31.972516],[-98.565076,31.973746],[-98.568038,31.973948],[-98.56757,31.97518],[-98.568179,31.976535],[-98.570291,31.976698],[-98.570886,31.975516],[-98.572479,31.974497],[-98.572295,31.972422],[-98.573577,31.971572],[-98.574141,31.97317],[-98.575544,31.973922],[-98.57855,31.973971],[-98.580423,31.973367],[-98.579302,31.971923],[-98.580338,31.97078],[-98.579354,31.969947],[-98.579985,31.966975],[-98.582905,31.965488],[-98.585587,31.966284],[-98.587266,31.96494],[-98.583837,31.963108],[-98.586508,31.960483],[-98.590265,31.960799],[-98.593368,31.958329],[-98.598639,31.958293],[-98.599987,31.957338],[-98.599334,31.955371],[-98.602672,31.946666],[-98.606142,31.941978],[-98.606525,31.936056],[-98.61193,31.935881],[-98.611753,31.908918],[-98.617519,31.908809],[-98.615441,31.905469],[-98.615089,31.901054],[-98.667559,31.900658],[-98.674789,31.904322],[-98.691153,31.918202],[-98.703,31.920917],[-98.707478,31.917199],[-98.767154,31.916431],[-98.768603,31.915855],[-98.771136,31.918037],[-98.779723,31.918095],[-98.780196,31.896059],[-98.786485,31.887775],[-98.788156,31.88668],[-98.788288,31.876968],[-98.861898,31.984592],[-98.870349,31.984795],[-98.874779,31.983874],[-98.88227,31.979523],[-98.92037,31.979535],[-98.920241,31.968895],[-98.925752,31.968764],[-98.926047,31.967914],[-98.935435,31.967917],[-98.935348,31.950095],[-98.978718,31.950297],[-99.004642,31.920505],[-99.014287,31.920884],[-99.029934,31.923821],[-99.0459,31.924136],[-99.045739,31.919402],[-99.04333,31.91517],[-99.042977,31.912591],[-99.046392,31.910595],[-99.048724,31.911031],[-99.049543,31.912778],[-99.051794,31.91342],[-99.049558,31.914687],[-99.051824,31.916258],[-99.050526,31.917297],[-99.04898,31.921023],[-99.053897,31.923295],[-99.060892,31.921529],[-99.062667,31.924347],[-99.06147,31.926704],[-99.063467,31.928554],[-99.056953,31.933797],[-99.057674,31.937928],[-99.065053,31.942618],[-99.066846,31.946101],[-99.065728,31.946769],[-99.066456,31.953749],[-99.071156,31.957494],[-99.075327,31.957838],[-99.087891,31.960662],[-99.093144,31.955896],[-99.09494,31.957521],[-99.094309,31.960623],[-99.100289,31.960416],[-99.102596,31.962503],[-99.100263,31.965739],[-99.107191,31.971778],[-99.108798,31.976567],[-99.114214,31.980073],[-99.117128,31.973476],[-99.139826,31.972261],[-99.14461,31.974702],[-99.151966,31.974591],[-99.157722,31.971792],[-99.157591,31.968579],[-99.163937,31.962752],[-99.170196,31.961486],[-99.171906,31.963191],[-99.181886,31.962593],[-99.184345,31.96343],[-99.188548,31.961975],[-99.190417,31.965763],[-99.195185,31.970395],[-99.199024,31.970481],[-99.199213,32.070227],[-99.42286,32.06848],[-99.426093,32.194925],[-99.403298,32.229054],[-99.399693,32.261067],[-99.089115,32.2647],[-99.097266,32.937444],[-99.741282,32.943667],[-99.740884,32.97494],[-99.735195,32.974446],[-99.734674,33.026068],[-99.736281,33.026453],[-99.736282,33.034979],[-99.750798,33.035118],[-99.750637,33.080459],[-99.75361,33.080673],[-99.751517,33.097271],[-99.804985,33.098157],[-99.807926,33.095891],[-99.837539,33.096372],[-99.837422,33.110557],[-99.83775,33.111393],[-99.836847,33.165782],[-99.818797,33.165759],[-99.818581,33.181217],[-99.807656,33.181178],[-99.807125,33.261538],[-99.854081,33.261618],[-99.855643,33.258422],[-99.863064,33.258452],[-99.86872,33.259687],[-99.906357,33.259311],[-99.906434,33.282788],[-99.979188,33.282338],[-99.979,33.274385],[-99.987248,33.27424],[-99.989934,33.274353],[-99.989017,32.953851],[-101.154139,32.964732]]]},"properties":{"code":"[325]"}},{"type":"Feature","geometry":{"type":"Polygon","coordinates":[[[-84.775245,40.330858],[-84.803651,40.330911],[-84.814686,39.637801],[-84.805586,39.638374],[-84.805501,39.639869],[-84.78853,39.640719],[-84.787011,39.641947],[-84.780414,39.642447],[-84.776439,39.646133],[-84.771876,39.64254],[-84.772002,39.641077],[-84.741218,39.641184],[-84.703415,39.639394],[-84.702234,39.567449],[-84.479128,39.568933],[-84.479249,39.590927],[-84.43564,39.590946],[-84.436442,39.588945],[-84.434541,39.584792],[-84.434288,39.583019],[-84.432536,39.581158],[-84.432229,39.578256],[-84.430143,39.574948],[-84.42675,39.574507],[-84.424913,39.574702],[-84.422022,39.575889],[-84.416136,39.57405],[-84.414646,39.57065],[-84.412855,39.570057],[-84.410942,39.57065],[-84.409563,39.572662],[-84.364629,39.572827],[-84.364434,39.559535],[-84.353399,39.565004],[-84.351441,39.562223],[-84.35197,39.560662],[-84.350765,39.556863],[-84.347838,39.554671],[-84.347299,39.552451],[-84.3477,39.551034],[-84.350875,39.549268],[-84.349073,39.544979],[-84.331815,39.54928],[-84.334018,39.524877],[-84.30813,39.523707],[-84.309929,39.518241],[-84.316013,39.512405],[-84.321925,39.512762],[-84.323935,39.492605],[-84.314102,39.494319],[-84.289843,39.493038],[-84.290619,39.485654],[-84.298146,39.485992],[-84.29909,39.478863],[-84.274259,39.477287],[-84.275159,39.464126],[-84.26751,39.463013],[-84.266198,39.467449],[-84.264279,39.469792],[-84.261049,39.477541],[-84.249763,39.4911],[-84.239698,39.507799],[-84.218329,39.504884],[-84.215324,39.534808],[-84.176407,39.529405],[-84.16633,39.542785],[-84.162946,39.581142],[-83.978231,39.570932],[-83.984065,39.462723],[-84.023431,39.448991],[-84.069699,39.435884],[-84.083611,39.427628],[-84.104244,39.41963],[-84.103537,39.416877],[-84.103865,39.412026],[-84.098014,39.402598],[-84.101742,39.396884],[-84.094047,39.391658],[-84.091179,39.382215],[-84.093584,39.375336],[-84.098321,39.371548],[-84.082989,39.333884],[-84.075296,39.323834],[-84.070867,39.321541],[-84.060721,39.319249],[-84.03756,39.308271],[-84.031175,39.309531],[-84.023223,39.308927],[-84.015193,39.305715],[-84.014545,39.298292],[-84.005225,39.289329],[-84.007069,39.255378],[-83.865359,39.246741],[-83.867786,39.130873],[-84.00389,39.136984],[-84.052419,38.769766],[-84.039462,38.770753],[-83.978541,38.784796],[-83.946535,38.78296],[-83.922643,38.769302],[-83.874575,38.760704],[-83.855567,38.752818],[-83.847241,38.740167],[-83.841305,38.720164],[-83.830787,38.709932],[-83.813469,38.705925],[-83.795148,38.702068],[-83.786408,38.696757],[-83.776947,38.664314],[-83.768274,38.653408],[-83.754984,38.648394],[-83.720932,38.64503],[-83.697135,38.633807],[-83.666864,38.625365],[-83.645988,38.631769],[-83.637908,38.649566],[-83.634673,38.669467],[-83.62108,38.679942],[-83.597569,38.686783],[-83.573142,38.691875],[-83.530498,38.70225],[-83.508418,38.699085],[-83.4884,38.689556],[-83.469385,38.674541],[-83.439949,38.667625],[-83.378623,38.659907],[-83.356626,38.652704],[-83.33428,38.640388],[-83.323958,38.631207],[-83.321499,38.619812],[-83.318792,38.607416],[-83.30731,38.598847],[-83.29686,38.596225],[-83.289429,38.596053],[-83.280056,39.015521],[-83.381317,39.011583],[-83.348648,39.249048],[-83.370024,39.249244],[-83.377936,39.288948],[-83.265319,39.303063],[-83.275224,39.378866],[-83.593369,39.378561],[-83.574649,39.546481],[-83.662713,39.551006],[-83.649708,39.714176],[-83.588986,39.711061],[-83.501756,40.111226],[-83.392099,40.110101],[-83.390509,40.112263],[-83.396857,40.127932],[-83.396925,40.129583],[-83.393517,40.134282],[-83.383797,40.142207],[-83.381532,40.147116],[-83.38161,40.150203],[-83.377733,40.148373],[-83.374212,40.148761],[-83.371526,40.150093],[-83.370655,40.151286],[-83.36659,40.152201],[-83.361209,40.148095],[-83.356704,40.148657],[-83.354395,40.147641],[-83.349142,40.147689],[-83.340955,40.140437],[-83.334577,40.13878],[-83.330191,40.139268],[-83.325381,40.137673],[-83.324146,40.136176],[-83.320314,40.135265],[-83.318185,40.135167],[-83.316695,40.132596],[-83.317802,40.131294],[-83.316866,40.129373],[-83.314098,40.128982],[-83.311672,40.129666],[-83.307712,40.128299],[-83.304774,40.130187],[-83.304945,40.132075],[-83.302783,40.132912],[-83.30192,40.132566],[-83.30032,40.132821],[-83.300031,40.13345],[-83.298343,40.133923],[-83.295853,40.133923],[-83.293631,40.130762],[-83.293875,40.130201],[-83.291586,40.126717],[-83.291888,40.125404],[-83.290732,40.12294],[-83.291896,40.119273],[-83.289429,40.116056],[-83.286217,40.114555],[-83.285656,40.115998],[-83.284458,40.116466],[-83.28094,40.115978],[-83.280226,40.117031],[-83.280608,40.11822],[-83.279028,40.12015],[-83.276657,40.119663],[-83.276012,40.121911],[-83.273427,40.123548],[-83.271944,40.123921],[-83.271846,40.124361],[-83.276587,40.124138],[-83.281155,40.128763],[-83.285851,40.134203],[-83.296332,40.142622],[-83.298138,40.145339],[-83.329481,40.17668],[-83.340744,40.182664],[-83.339018,40.184551],[-83.335973,40.186599],[-83.330173,40.194949],[-83.316915,40.201867],[-83.315633,40.203918],[-83.313334,40.206602],[-83.267077,40.17628],[-83.242759,40.187458],[-83.243004,40.194061],[-83.244757,40.338031],[-83.390563,40.326495],[-83.408745,40.567439],[-83.442239,40.562288],[-83.441471,40.559123],[-83.484097,40.545313],[-83.487461,40.566985],[-83.544255,40.562748],[-83.598506,40.629822],[-83.590999,40.577535],[-83.653121,40.572218],[-83.68642,40.51985],[-83.769066,40.52583],[-83.784359,40.549333],[-83.787904,40.570296],[-83.787592,40.579099],[-83.7894,40.589464],[-83.821676,40.586256],[-83.827109,40.586776],[-83.826869,40.593928],[-83.823265,40.5969],[-83.821463,40.601542],[-83.821835,40.604279],[-83.815373,40.615883],[-83.842082,40.615945],[-83.842018,40.619638],[-83.856956,40.619548],[-83.857,40.621887],[-83.861119,40.622069],[-83.861161,40.597624],[-83.842041,40.597825],[-83.842031,40.589154],[-83.83961,40.584533],[-83.839617,40.578797],[-83.83591,40.56558],[-83.83591,40.562648],[-83.835288,40.561455],[-83.836957,40.560535],[-83.844514,40.557727],[-83.867452,40.557567],[-83.879326,40.55385],[-83.878987,40.538908],[-83.909261,40.535283],[-83.993867,40.535469],[-83.993864,40.483053],[-84.186911,40.482313],[-84.185747,40.471947],[-84.190084,40.471911],[-84.189849,40.470154],[-84.193066,40.469365],[-84.193094,40.467756],[-84.221356,40.467643],[-84.221356,40.482222],[-84.259569,40.481722],[-84.259711,40.453765],[-84.337743,40.452436],[-84.339044,40.452012],[-84.338774,40.407983],[-84.338027,40.408199],[-84.27836,40.40889],[-84.271792,40.409191],[-84.257027,40.394671],[-84.270579,40.394392],[-84.270274,40.39356],[-84.266133,40.391722],[-84.265498,40.390755],[-84.262856,40.39002],[-84.259388,40.389824],[-84.259283,40.379883],[-84.242381,40.380143],[-84.24027,40.378094],[-84.240283,40.369519],[-84.246962,40.363873],[-84.246774,40.359326],[-84.297201,40.35847],[-84.32317,40.355482],[-84.322839,40.343734],[-84.284329,40.344232],[-84.283393,40.289849],[-84.321464,40.290999],[-84.322407,40.329241],[-84.341513,40.32913],[-84.341822,40.353474],[-84.353665,40.352212],[-84.36234,40.362091],[-84.362822,40.366069],[-84.364925,40.370408],[-84.376699,40.378298],[-84.434205,40.378289],[-84.434056,40.269982],[-84.494998,40.269609],[-84.494921,40.267344],[-84.558813,40.266473],[-84.555962,40.273634],[-84.532785,40.274028],[-84.533235,40.295925],[-84.599431,40.295297],[-84.599492,40.310191],[-84.608897,40.310281],[-84.608956,40.308431],[-84.637022,40.308346],[-84.636972,40.322911],[-84.636865,40.346338],[-84.635588,40.349141],[-84.632736,40.351772],[-84.709891,40.352065],[-84.709733,40.308506],[-84.725641,40.308656],[-84.775327,40.309163],[-84.775245,40.330858]]]},"properties":{"code":"[326,937]"}},{"type":"Feature","geometry":{"type":"Polygon","coordinates":[[[-74.694679,41.357557],[-73.89462,40.995407],[-73.89825,41.16234],[-73.973489,41.251604],[-73.971314,41.266565],[-73.940819,41.28935],[-73.981916,41.313864],[-73.982474,41.320118],[-73.544885,41.366195],[-73.499579,41.881298],[-73.617255,41.891889],[-73.625217,41.943005],[-73.715259,41.932279],[-73.735705,42.015981],[-73.907771,42.079481],[-73.914711,42.080834],[-73.91609,42.076367],[-73.92967,42.079506],[-73.92382,42.104997],[-73.91223,42.127381],[-74.004058,42.176418],[-74.003704,42.163356],[-74.025407,42.161542],[-74.039938,42.169916],[-74.076027,42.096476],[-74.228292,42.100932],[-74.222334,42.111731],[-74.212017,42.120642],[-74.212297,42.141723],[-74.204208,42.158526],[-74.195747,42.182959],[-74.190144,42.189618],[-74.183997,42.191466],[-74.179159,42.194015],[-74.183979,42.19815],[-74.196452,42.202058],[-74.191772,42.206286],[-74.192347,42.212626],[-74.187526,42.221601],[-74.189365,42.22633],[-74.188739,42.229644],[-74.223633,42.239242],[-74.25311,42.183961],[-74.239701,42.179978],[-74.284508,42.108251],[-74.32572,42.123702],[-74.296201,42.170006],[-74.443325,42.223887],[-74.425998,42.24777],[-74.486602,42.271454],[-74.535874,42.203741],[-74.685278,42.258898],[-74.774529,42.237425],[-74.831562,42.190864],[-74.83429,42.221136],[-74.860268,42.228215],[-74.877174,42.205009],[-74.89115,42.204299],[-74.90072,42.133072],[-74.864124,42.121578],[-74.870209,42.05541],[-74.78119,42.016649],[-74.846712,41.985999],[-74.846829,41.981011],[-74.838854,41.978976],[-74.836676,41.981426],[-74.835447,41.981587],[-74.828796,41.969888],[-74.831057,41.963423],[-74.834317,41.958736],[-74.83439,41.952506],[-74.828434,41.940836],[-74.827267,41.936459],[-74.829091,41.931028],[-74.831742,41.928991],[-74.83448,41.921359],[-74.845253,41.929562],[-74.8486,41.927363],[-74.855728,41.926296],[-74.860904,41.922681],[-74.876157,41.894116],[-74.955151,41.916389],[-74.956599,41.924403],[-74.974483,41.928768],[-75.003897,41.915922],[-75.008584,41.919475],[-75.013315,41.920896],[-75.013315,41.923318],[-75.015486,41.924707],[-75.018134,41.928809],[-75.03033,41.930779],[-75.033803,41.934848],[-75.042479,41.938312],[-75.04704,41.943233],[-75.052504,41.944985],[-75.059171,41.94471],[-75.060895,41.949783],[-75.062148,41.950156],[-75.064554,41.953548],[-75.06716,41.954666],[-75.070268,41.957611],[-75.073475,41.957462],[-75.078738,41.960443],[-75.081695,41.961263],[-75.082998,41.964394],[-75.089564,41.967934],[-75.089564,41.969872],[-75.091419,41.971065],[-75.093674,41.971139],[-75.097233,41.975089],[-75.097757,41.979083],[-75.098943,41.980482],[-75.100619,41.97916],[-75.104229,41.979083],[-75.107014,41.980406],[-75.115443,41.981886],[-75.122208,41.986541],[-75.128139,41.988745],[-75.133755,41.991914],[-75.139402,41.991818],[-75.145962,41.993327],[-75.150604,41.997121],[-75.15362,42.000953],[-75.158365,42.001126],[-75.15968,41.999784],[-75.164914,41.99599],[-75.16494,41.992822],[-75.162903,41.987149],[-75.158767,41.985758],[-75.160185,41.982231],[-75.163821,41.979548],[-75.172584,41.976084],[-75.180065,41.966175],[-75.177203,41.966156],[-75.175913,41.965217],[-75.170808,41.963779],[-75.169983,41.962514],[-75.163846,41.960788],[-75.160715,41.957071],[-75.157414,41.957512],[-75.155171,41.955729],[-75.154217,41.954118],[-75.149064,41.952631],[-75.141845,41.946973],[-75.138802,41.94423],[-75.134316,41.942888],[-75.131119,41.941124],[-75.130471,41.93868],[-75.126216,41.939619],[-75.119899,41.935668],[-75.120342,41.930093],[-75.124802,41.919619],[-75.124584,41.918553],[-75.136749,41.921165],[-75.137792,41.923171],[-75.141969,41.925992],[-75.1438,41.928562],[-75.146198,41.928581],[-75.149663,41.926899],[-75.151597,41.922909],[-75.153892,41.922468],[-75.156341,41.920568],[-75.178925,41.922366],[-75.203312,41.920182],[-75.220505,41.913037],[-75.222294,41.911421],[-75.222909,41.909067],[-75.223582,41.907133],[-75.226104,41.905722],[-75.230976,41.90559],[-75.230547,41.902905],[-75.229171,41.898788],[-75.228723,41.893961],[-75.227285,41.891514],[-75.227025,41.889452],[-75.228891,41.884905],[-75.229059,41.881923],[-75.227951,41.879813],[-75.225367,41.877764],[-75.223457,41.874549],[-75.215335,41.87104],[-75.215228,41.869548],[-75.213852,41.868193],[-75.213775,41.867567],[-75.204907,41.869981],[-75.202369,41.869332],[-75.196121,41.868505],[-75.191926,41.865685],[-75.188138,41.860606],[-75.184466,41.860342],[-75.181092,41.863896],[-75.178597,41.87077],[-75.175152,41.872914],[-75.16974,41.871562],[-75.167755,41.868141],[-75.168818,41.859218],[-75.164553,41.851307],[-75.1585,41.848742],[-75.152686,41.848702],[-75.142723,41.852182],[-75.139617,41.851786],[-75.132084,41.845421],[-75.127073,41.84493],[-75.122453,41.846073],[-75.117198,41.845905],[-75.113136,41.842584],[-75.113053,41.836405],[-75.114979,41.826841],[-75.112764,41.82238],[-75.100408,41.818977],[-75.097514,41.815832],[-75.089943,41.811712],[-75.085182,41.811849],[-75.081567,41.814327],[-75.076627,41.815361],[-75.072473,41.814732],[-75.071244,41.810975],[-75.074018,41.802186],[-75.077914,41.797564],[-75.082694,41.796379],[-75.087254,41.797751],[-75.092779,41.796755],[-75.094682,41.794111],[-75.101274,41.788379],[-75.104138,41.78039],[-75.103698,41.776042],[-75.105031,41.774477],[-75.101285,41.769141],[-75.091641,41.768473],[-75.07597,41.772034],[-75.071444,41.768334],[-75.063928,41.766459],[-75.059295,41.762155],[-75.052856,41.752275],[-75.052684,41.745592],[-75.05487,41.7347],[-75.053696,41.727625],[-75.049814,41.715934],[-75.049816,41.712725],[-75.052248,41.71156],[-75.062197,41.712946],[-75.067241,41.712743],[-75.069152,41.709856],[-75.068257,41.706485],[-75.063185,41.702459],[-75.057703,41.697344],[-75.052708,41.688211],[-75.050833,41.680934],[-75.053231,41.678163],[-75.058594,41.674957],[-75.059619,41.67212],[-75.057691,41.668728],[-75.054532,41.668856],[-75.049822,41.661817],[-75.049099,41.653758],[-75.047793,41.645982],[-75.049594,41.642041],[-75.048805,41.639234],[-75.048802,41.632889],[-75.046158,41.628317],[-75.044179,41.617649],[-75.045874,41.615527],[-75.048865,41.616117],[-75.052321,41.61865],[-75.05892,41.617861],[-75.061992,41.61594],[-75.059328,41.610746],[-75.063011,41.609114],[-75.067745,41.610377],[-75.074437,41.608406],[-75.074966,41.606592],[-75.06845,41.601125],[-75.060295,41.590888],[-75.053511,41.588207],[-75.046362,41.583341],[-75.044013,41.574609],[-75.039828,41.568984],[-75.033087,41.565013],[-75.028328,41.564712],[-75.019652,41.553551],[-75.016274,41.547482],[-75.016029,41.543559],[-75.02092,41.542059],[-75.024877,41.540578],[-75.024308,41.533699],[-75.016992,41.53225],[-75.013189,41.530459],[-75.002868,41.523612],[-75.0005,41.518399],[-75.002782,41.514518],[-75.003684,41.508598],[-75.000851,41.507319],[-74.993534,41.509013],[-74.985663,41.508438],[-74.983236,41.503472],[-74.982482,41.496307],[-74.984292,41.493211],[-74.986023,41.486194],[-74.982746,41.480282],[-74.969487,41.477706],[-74.957273,41.476469],[-74.947431,41.480642],[-74.946349,41.482977],[-74.942995,41.483682],[-74.932443,41.482153],[-74.924016,41.477087],[-74.917923,41.4773],[-74.913598,41.476418],[-74.909333,41.473305],[-74.906882,41.460555],[-74.895353,41.458324],[-74.890355,41.455961],[-74.889001,41.450986],[-74.893802,41.447696],[-74.896381,41.443213],[-74.89579,41.439192],[-74.887994,41.438266],[-74.85847,41.44449],[-74.850747,41.441575],[-74.843219,41.435944],[-74.833968,41.430396],[-74.826292,41.431466],[-74.823682,41.436821],[-74.816299,41.441513],[-74.806578,41.442777],[-74.800924,41.438229],[-74.798013,41.428366],[-74.794579,41.422817],[-74.790097,41.421377],[-74.784246,41.422433],[-74.774867,41.425674],[-74.765138,41.424011],[-74.757175,41.423592],[-74.751311,41.427959],[-74.742252,41.431226],[-74.737838,41.430615],[-74.734785,41.426444],[-74.734812,41.422654],[-74.738173,41.41344],[-74.740744,41.412259],[-74.741841,41.406408],[-74.735968,41.398147],[-74.729103,41.395289],[-74.717886,41.394299],[-74.712623,41.389373],[-74.709854,41.380569],[-74.703571,41.375597],[-74.691178,41.368142],[-74.689159,41.362158],[-74.694679,41.357557]]]},"properties":{"code":"[329,845]"},"id":66},{"type":"Feature","geometry":{"type":"Polygon","coordinates":[[[-86.704486,30.994698],[-85.001614,31.000673],[-84.998639,31.014249],[-85.003734,31.018701],[-85.004297,31.023868],[-85.008718,31.032198],[-85.008251,31.044698],[-85.010622,31.053893],[-85.017066,31.058647],[-85.020129,31.064867],[-85.028008,31.074611],[-85.025367,31.083159],[-85.028502,31.093763],[-85.033561,31.102666],[-85.035008,31.108862],[-85.043983,31.113981],[-85.048887,31.118834],[-85.053912,31.120383],[-85.05556,31.124561],[-85.059982,31.131994],[-85.062892,31.142036],[-85.069767,31.148332],[-85.075694,31.156457],[-85.081477,31.159868],[-85.091849,31.160281],[-85.099889,31.165647],[-85.097881,31.178538],[-85.09966,31.18332],[-85.106011,31.185934],[-85.107097,31.188341],[-85.107675,31.196238],[-85.105665,31.203081],[-85.098339,31.211424],[-85.098055,31.215904],[-85.096527,31.227799],[-85.101687,31.237508],[-85.105739,31.24806],[-85.11209,31.262219],[-85.111256,31.27334],[-85.114254,31.277292],[-85.110646,31.281158],[-85.104013,31.281926],[-85.09822,31.284575],[-85.091553,31.29179],[-85.0883,31.30065],[-85.087729,31.310597],[-85.084018,31.316199],[-85.083552,31.328343],[-85.088938,31.334984],[-85.087363,31.337849],[-85.085231,31.354421],[-85.091582,31.355506],[-85.092598,31.362535],[-85.082321,31.382618],[-85.080949,31.39151],[-85.078002,31.396098],[-85.077189,31.401867],[-85.079933,31.409951],[-85.076426,31.414721],[-85.076161,31.42144],[-85.073875,31.428465],[-85.06915,31.426557],[-85.064832,31.432799],[-85.071019,31.467593],[-85.063296,31.486027],[-85.046789,31.514324],[-85.044096,31.520432],[-85.047144,31.524288],[-85.045607,31.530328],[-85.040627,31.543277],[-85.048988,31.553459],[-85.057524,31.570518],[-85.05496,31.578019],[-85.057429,31.582641],[-85.055432,31.604468],[-85.060088,31.608778],[-85.058023,31.620525],[-85.062557,31.623696],[-85.078947,31.645602],[-85.134768,31.77849],[-85.133351,31.848272],[-85.102804,31.921828],[-85.071491,31.970488],[-85.068097,31.993417],[-85.057758,32.009744],[-85.049145,32.022165],[-85.056836,32.033303],[-85.054344,32.036569],[-85.057591,32.045918],[-85.055548,32.077989],[-85.046263,32.086896],[-85.055391,32.112489],[-85.061442,32.133867],[-85.04366,32.146281],[-85.033569,32.15814],[-85.010654,32.180762],[-84.967234,32.193836],[-84.962421,32.198663],[-84.966104,32.204748],[-84.974541,32.204044],[-84.981137,32.209876],[-84.969548,32.219606],[-84.931857,32.219101],[-84.9262,32.221163],[-84.922659,32.225365],[-84.923116,32.231744],[-84.915482,32.237695],[-84.912937,32.248194],[-84.88712,32.263815],[-84.898907,32.269216],[-84.903706,32.274144],[-84.911848,32.277622],[-84.92419,32.286607],[-84.933666,32.29854],[-84.943437,32.303466],[-84.964892,32.310039],[-84.989922,32.319674],[-85.002778,32.322787],[-85.006798,32.32916],[-85.007519,32.336932],[-85.003439,32.345648],[-84.988461,32.356669],[-84.983497,32.362215],[-84.983577,32.36607],[-84.986059,32.369452],[-84.984538,32.373104],[-84.975652,32.373238],[-84.971009,32.377024],[-84.97293,32.380405],[-84.979254,32.381218],[-84.985338,32.38034],[-84.988121,32.38382],[-84.983882,32.390912],[-84.969326,32.390101],[-84.968046,32.394086],[-84.976283,32.396518],[-84.980522,32.40111],[-84.97954,32.412413],[-84.970572,32.417145],[-84.962806,32.423295],[-84.967508,32.436192],[-84.972232,32.443288],[-84.985044,32.446194],[-84.99429,32.4515],[-84.997335,32.461302],[-84.997736,32.468805],[-84.994073,32.477532],[-84.994158,32.487736],[-84.997605,32.496041],[-84.995991,32.505217],[-85.003848,32.521019],[-85.021088,32.543555],[-85.062957,32.579275],[-85.066826,32.579359],[-85.079235,32.603468],[-85.082012,32.61826],[-85.090952,32.62583],[-85.081966,32.632229],[-85.083518,32.638076],[-85.091442,32.634981],[-85.104836,32.64399],[-85.097319,32.651069],[-85.086444,32.657052],[-85.094117,32.670241],[-85.113587,32.684732],[-85.120007,32.723615],[-85.112038,32.73241],[-85.116326,32.740279],[-85.134645,32.745087],[-85.142567,32.76191],[-85.121134,32.773479],[-85.126633,32.78011],[-85.131475,32.780633],[-85.134405,32.784719],[-85.139695,32.785801],[-85.142198,32.793314],[-85.144168,32.791715],[-85.146663,32.791838],[-85.152365,32.794569],[-85.156215,32.799676],[-85.163063,32.805698],[-85.166151,32.809669],[-85.168184,32.812435],[-85.164268,32.819419],[-85.167827,32.828138],[-85.162792,32.835516],[-85.153404,32.839947],[-85.153277,32.847456],[-85.160672,32.85653],[-85.164529,32.856855],[-85.169223,32.853021],[-85.178685,32.854864],[-85.184344,32.862048],[-85.184744,32.870519],[-85.263806,33.27234],[-85.301412,33.271671],[-85.309252,33.287718],[-85.375261,33.264659],[-85.465921,33.166626],[-85.464974,33.116494],[-85.5951,33.116243],[-85.594731,32.729382],[-85.611628,32.729433],[-85.612473,32.714363],[-85.680939,32.712267],[-85.681433,32.698819],[-85.706245,32.697134],[-85.828996,32.696684],[-85.847517,32.680707],[-85.907808,32.677038],[-85.90875,32.699524],[-85.97292,32.765377],[-86.102724,32.764683],[-86.113407,32.841046],[-86.365588,32.839799],[-86.378683,32.75178],[-86.708441,32.744398],[-86.705703,32.664646],[-86.775981,32.658018],[-86.816298,32.847058],[-86.886706,32.842465],[-86.886276,32.958011],[-86.968453,32.953939],[-86.973402,32.835949],[-87.632582,32.795182],[-88.076112,32.628144],[-88.057494,32.593514],[-87.919028,32.631679],[-87.855671,32.517563],[-88.038338,32.432565],[-88.046729,32.372896],[-87.926016,32.309206],[-88.01861,32.280242],[-88.005939,32.181204],[-88.04856,32.082258],[-88.119892,32.053934],[-88.0979,31.995149],[-88.069349,31.985617],[-88.074059,31.95589],[-88.11798,31.949224],[-88.051983,31.923837],[-88.12952,31.906167],[-88.142166,31.857925],[-87.508831,31.754728],[-87.510706,31.833702],[-87.181891,31.8374],[-87.183999,31.901879],[-87.142615,31.902353],[-87.144826,32.03993],[-86.908344,32.041485],[-86.90538,31.752849],[-87.050177,31.719247],[-87.012112,31.498726],[-86.702634,31.494583],[-86.704486,30.994698]]]},"properties":{"code":"[334]"}},{"type":"Feature","geometry":{"type":"Polygon","coordinates":[[[-81.677496,36.588134],[-81.680009,36.585676],[-81.677086,36.581111],[-81.679327,36.578554],[-81.677405,36.574514],[-81.677205,36.570966],[-81.680228,36.568734],[-81.690269,36.568906],[-81.692079,36.566495],[-81.690019,36.561667],[-81.691277,36.555963],[-81.690311,36.551733],[-81.693578,36.551049],[-81.693818,36.548002],[-81.697534,36.54457],[-81.700074,36.539874],[-81.699778,36.536779],[-81.707883,36.536041],[-81.708427,36.53205],[-81.707279,36.528938],[-81.708004,36.524032],[-81.702921,36.521117],[-81.697153,36.505817],[-81.697369,36.502093],[-81.699547,36.501024],[-81.700209,36.49811],[-81.697607,36.497283],[-81.69603,36.491884],[-81.697979,36.489132],[-81.697257,36.483646],[-81.69599,36.480395],[-81.696243,36.475596],[-81.694567,36.473808],[-81.696185,36.469878],[-81.695095,36.467346],[-81.699085,36.463945],[-81.700535,36.464334],[-81.708505,36.462003],[-81.70947,36.459477],[-81.716841,36.456712],[-81.714388,36.45088],[-81.713676,36.446967],[-81.717843,36.445021],[-81.716997,36.443469],[-81.714639,36.441576],[-81.714866,36.436863],[-81.72134,36.433881],[-81.718004,36.430554],[-81.717916,36.429095],[-81.719342,36.425354],[-81.720426,36.423541],[-81.720724,36.422517],[-81.722378,36.421966],[-81.723575,36.422334],[-81.724174,36.420383],[-81.727055,36.419809],[-81.727654,36.418019],[-81.729336,36.417308],[-81.729265,36.41616],[-81.731461,36.414829],[-81.733485,36.414875],[-81.734484,36.412534],[-81.735881,36.41235],[-81.737333,36.413492],[-81.741368,36.412923],[-81.74202,36.411252],[-81.740132,36.408395],[-81.74156,36.404146],[-81.741083,36.402283],[-81.73835,36.401231],[-81.739233,36.395455],[-81.734656,36.394362],[-81.732046,36.394983],[-81.728786,36.391363],[-81.638317,36.349305],[-81.599785,36.311706],[-81.588292,36.301808],[-81.567221,36.272481],[-81.556386,36.275733],[-81.482228,36.241381],[-81.464991,36.209941],[-81.466368,36.189783],[-81.540495,36.114751],[-81.34509,36.022502],[-81.329536,35.996063],[-81.235959,36.03004],[-81.057711,36.030744],[-81.049193,36.049696],[-80.976392,36.065473],[-80.692842,36.050932],[-80.707536,35.852187],[-80.699581,35.85048],[-80.699273,35.852708],[-80.696449,35.854688],[-80.693241,35.853785],[-80.692117,35.863289],[-80.687251,35.859749],[-80.676524,35.85601],[-80.668663,35.856506],[-80.669538,35.851864],[-80.673154,35.849941],[-80.671781,35.846704],[-80.642963,35.844381],[-80.631334,35.845769],[-80.630841,35.838304],[-80.623124,35.839315],[-80.610176,35.830836],[-80.612417,35.825382],[-80.601899,35.823451],[-80.599246,35.827277],[-80.593778,35.82711],[-80.594729,35.823728],[-80.590691,35.817248],[-80.587012,35.823119],[-80.570272,35.816306],[-80.56843,35.812373],[-80.563421,35.810259],[-80.534463,35.78572],[-80.507861,35.775017],[-80.501056,35.783044],[-80.48456,35.775851],[-80.472397,35.768491],[-80.468471,35.757441],[-80.454407,35.736908],[-80.38611,35.715367],[-80.329547,35.721377],[-80.333028,35.689222],[-80.31301,35.670134],[-80.292122,35.639725],[-80.250174,35.620295],[-80.232073,35.597002],[-80.208019,35.581341],[-80.210137,35.553578],[-80.191072,35.534513],[-80.184155,35.50723],[-80.177809,35.486567],[-80.162011,35.475942],[-80.138245,35.473909],[-80.103212,35.442375],[-80.098012,35.428739],[-80.089955,35.416272],[-80.094284,35.402334],[-80.084846,35.395004],[-80.072857,35.395004],[-80.058892,35.380989],[-80.05037,35.385528],[-80.040601,35.387699],[-80.036816,35.392682],[-80.030829,35.390143],[-80.031046,35.394129],[-80.033814,35.395126],[-80.034337,35.399194],[-80.030807,35.400281],[-80.023606,35.392137],[-80.020052,35.398022],[-80.025946,35.402232],[-80.026265,35.406975],[-80.019459,35.409794],[-80.019129,35.41225],[-80.024158,35.420354],[-80.016447,35.418806],[-80.013544,35.420536],[-80.017212,35.429626],[-80.016541,35.431534],[-80.004824,35.417804],[-80.002593,35.412716],[-79.99317,35.409488],[-79.990943,35.400597],[-79.979459,35.398313],[-79.963316,35.387558],[-79.955997,35.38527],[-79.950933,35.428285],[-79.934653,35.433241],[-79.931495,35.463362],[-79.913349,35.478092],[-79.901794,35.50926],[-79.558667,35.514888],[-79.543126,35.842551],[-79.226391,35.833198],[-79.237226,35.842906],[-79.236873,35.850866],[-79.248488,35.854448],[-79.25091,35.85901],[-79.249132,35.865334],[-79.251198,35.871224],[-79.249346,35.876363],[-79.258424,35.893176],[-79.256574,35.901605],[-79.263714,35.907309],[-79.261871,36.039828],[-79.268285,36.03766],[-79.27425,36.035259],[-79.279944,36.036074],[-79.28164,36.034634],[-79.303977,36.034851],[-79.302586,36.037017],[-79.304985,36.041789],[-79.292082,36.052204],[-79.293212,36.053887],[-79.293094,36.058406],[-79.302418,36.057983],[-79.305079,36.059816],[-79.313225,36.068997],[-79.321409,36.073025],[-79.318405,36.074519],[-79.316402,36.076823],[-79.315246,36.081118],[-79.310779,36.083297],[-79.30759,36.088883],[-79.333363,36.08813],[-79.332976,36.094235],[-79.325777,36.103929],[-79.312759,36.108102],[-79.312838,36.113642],[-79.308485,36.116071],[-79.313419,36.125659],[-79.343106,36.141401],[-79.344937,36.139011],[-79.357486,36.138055],[-79.362071,36.134302],[-79.373493,36.134381],[-79.394154,36.132657],[-79.392143,36.135905],[-79.391261,36.140707],[-79.386452,36.143479],[-79.374497,36.143361],[-79.367843,36.145605],[-79.364041,36.148409],[-79.360921,36.153252],[-79.352257,36.152337],[-79.34516,36.156323],[-79.341358,36.156294],[-79.336678,36.154847],[-79.332325,36.167958],[-79.325818,36.166099],[-79.315472,36.166778],[-79.311596,36.16545],[-79.310573,36.171588],[-79.308562,36.173241],[-79.303736,36.173359],[-79.302201,36.173979],[-79.299788,36.172001],[-79.300848,36.168814],[-79.298809,36.164148],[-79.303162,36.161956],[-79.303528,36.15617],[-79.305526,36.149769],[-79.307939,36.150596],[-79.308268,36.146433],[-79.309877,36.14605],[-79.309816,36.144449],[-79.299324,36.146154],[-79.295715,36.149345],[-79.292039,36.157099],[-79.289448,36.160294],[-79.285926,36.169723],[-79.283202,36.163402],[-79.280341,36.161258],[-79.276321,36.153503],[-79.276524,36.147616],[-79.261415,36.159162],[-79.256649,36.166198],[-79.256926,36.241174],[-78.798557,36.236894],[-78.796354,36.54175],[-79.714884,36.541909],[-80.157059,36.542746],[-80.19923,36.542752],[-80.229965,36.543571],[-80.293576,36.543704],[-80.534645,36.554813],[-80.588147,36.557258],[-80.622699,36.557902],[-80.653157,36.558983],[-80.7044,36.562135],[-80.729989,36.562296],[-80.772803,36.560232],[-80.792475,36.560558],[-80.799451,36.560979],[-80.83729,36.558923],[-80.898423,36.561729],[-80.931644,36.562359],[-80.932957,36.562914],[-81.003842,36.563593],[-81.013807,36.564589],[-81.028839,36.565139],[-81.044817,36.5665],[-81.060738,36.566998],[-81.087825,36.567311],[-81.121758,36.568875],[-81.138654,36.569317],[-81.169902,36.570776],[-81.177253,36.571763],[-81.239475,36.572648],[-81.262312,36.573807],[-81.306825,36.574794],[-81.331214,36.574704],[-81.352388,36.574672],[-81.363151,36.574386],[-81.428325,36.576239],[-81.442789,36.576742],[-81.458543,36.577937],[-81.486702,36.578823],[-81.519799,36.580441],[-81.601201,36.587012],[-81.677496,36.588134]]]},"properties":{"code":"[336,743]"}},{"type":"Feature","geometry":{"type":"Polygon","coordinates":[[[-93.825673,29.65313],[-91.469837,29.351275],[-91.37006,29.332922],[-91.228346,29.392977],[-91.231269,29.432873],[-91.241256,29.440317],[-91.251022,29.444367],[-91.258773,29.444097],[-91.25947,29.457398],[-91.271703,29.478268],[-91.327341,29.476588],[-91.390843,29.510251],[-91.434954,29.519274],[-91.426695,29.545422],[-91.419346,29.58132],[-91.353406,29.753326],[-91.385666,29.784207],[-91.372861,29.839814],[-91.462952,29.95966],[-91.424629,29.964146],[-91.461651,30.116567],[-91.464761,30.229024],[-91.56596,30.240108],[-91.589119,30.254446],[-91.587204,30.272682],[-91.62202,30.305354],[-91.635946,30.367366],[-91.75837,30.558721],[-91.749816,30.595742],[-91.755124,30.608661],[-91.741186,30.626068],[-91.749738,30.657505],[-91.73368,30.665774],[-91.734802,30.681521],[-91.733759,30.703525],[-91.756205,30.736552],[-91.756189,30.756951],[-91.765819,30.783609],[-91.811084,30.813872],[-91.80157,30.831544],[-91.825308,30.858722],[-91.812621,30.863666],[-91.942164,30.862307],[-91.951083,30.842548],[-91.951024,30.828026],[-91.944035,30.818527],[-91.938855,30.801607],[-91.910752,30.794186],[-91.910419,30.793305],[-91.903029,30.792502],[-91.902856,30.790592],[-91.898975,30.790444],[-91.896234,30.778981],[-91.894269,30.775091],[-91.894034,30.765272],[-91.903324,30.759679],[-91.903856,30.745688],[-91.899536,30.737517],[-91.896684,30.7353],[-91.892597,30.725453],[-91.887435,30.726981],[-91.886384,30.722306],[-91.889393,30.721404],[-91.89,30.720811],[-91.890021,30.717249],[-91.92181,30.717677],[-91.927771,30.718443],[-91.976608,30.731055],[-91.983173,30.734394],[-91.985019,30.731153],[-91.980801,30.729177],[-92.012349,30.704078],[-92.013733,30.701314],[-92.016437,30.702026],[-92.013684,30.708121],[-92.01148,30.711888],[-92.008801,30.713145],[-92.008338,30.714674],[-92.010048,30.717577],[-92.012679,30.718373],[-92.015553,30.720571],[-92.019636,30.725526],[-92.016654,30.731388],[-92.021526,30.74083],[-92.022426,30.746223],[-92.025349,30.746098],[-92.026031,30.749489],[-92.027752,30.753703],[-92.033487,30.755651],[-92.034705,30.761052],[-92.037499,30.763387],[-92.041275,30.763701],[-92.045753,30.765017],[-92.047312,30.764577],[-92.051843,30.764807],[-92.055058,30.76667],[-92.057056,30.768805],[-92.058688,30.768617],[-92.061191,30.769617],[-92.061119,30.772342],[-92.059779,30.774976],[-92.060193,30.776567],[-92.06355,30.780021],[-92.064963,30.780628],[-92.070564,30.779509],[-92.072806,30.779362],[-92.075558,30.78066],[-92.078457,30.7793],[-92.080552,30.781706],[-92.083792,30.780472],[-92.084376,30.777835],[-92.086057,30.776098],[-92.114839,30.786179],[-92.116484,30.788437],[-92.115409,30.790969],[-92.116678,30.793571],[-92.122804,30.794443],[-92.125991,30.799415],[-92.126056,30.800782],[-92.125286,30.8019],[-92.126141,30.805859],[-92.125883,30.807226],[-92.126894,30.808778],[-92.127669,30.811056],[-92.129866,30.814037],[-92.131028,30.817935],[-92.141911,30.819616],[-92.149353,30.822257],[-92.150966,30.821482],[-92.152342,30.821482],[-92.154837,30.82102],[-92.172291,30.805738],[-92.173549,30.806558],[-92.172487,30.809327],[-92.173055,30.810672],[-92.173024,30.811902],[-92.174963,30.812309],[-92.176854,30.808546],[-92.179978,30.807274],[-92.187279,30.810237],[-92.209531,30.847173],[-92.208235,30.848855],[-92.212594,30.848807],[-92.211457,30.793156],[-92.213886,30.794901],[-92.214888,30.798287],[-92.213667,30.801498],[-92.215075,30.802872],[-92.216932,30.806903],[-92.218505,30.808237],[-92.220163,30.810995],[-92.223564,30.814157],[-92.228966,30.816687],[-92.229921,30.815887],[-92.231999,30.816098],[-92.2339,30.815604],[-92.237249,30.817052],[-92.240391,30.818311],[-92.244014,30.817955],[-92.247336,30.817039],[-92.248238,30.816347],[-92.251028,30.817481],[-92.250861,30.813008],[-92.249509,30.812649],[-92.248533,30.81135],[-92.247081,30.809875],[-92.244785,30.809598],[-92.243851,30.810345],[-92.241575,30.810487],[-92.240341,30.809341],[-92.240146,30.807986],[-92.239123,30.806439],[-92.23981,30.804592],[-92.240767,30.803723],[-92.24137,30.801484],[-92.242143,30.800173],[-92.241646,30.79899],[-92.244007,30.795976],[-92.244999,30.791073],[-92.243821,30.789176],[-92.244096,30.788429],[-92.242898,30.786838],[-92.243416,30.784901],[-92.242672,30.781638],[-92.242653,30.780594],[-92.245958,30.77373],[-92.245568,30.772535],[-92.245385,30.768098],[-92.245963,30.766085],[-92.245721,30.760071],[-92.245737,30.754616],[-92.247259,30.744482],[-92.251025,30.747936],[-92.252044,30.750568],[-92.254026,30.751098],[-92.255446,30.749671],[-92.258235,30.748849],[-92.262421,30.751714],[-92.263224,30.752934],[-92.264391,30.75355],[-92.26665,30.753476],[-92.269491,30.754383],[-92.272363,30.756241],[-92.275913,30.757429],[-92.278828,30.757323],[-92.282565,30.758913],[-92.284083,30.762228],[-92.28204,30.766222],[-92.282068,30.77764],[-92.28175,30.780349],[-92.288098,30.786278],[-92.287803,30.791042],[-92.294013,30.796261],[-92.295177,30.798355],[-92.302915,30.799206],[-92.304326,30.80152],[-92.306389,30.80256],[-92.309255,30.802776],[-92.312422,30.802445],[-92.31628,30.806302],[-92.317989,30.815613],[-92.322574,30.821315],[-92.322439,30.8293],[-92.329568,30.832722],[-92.338154,30.841211],[-92.344187,30.84074],[-92.348319,30.838935],[-92.352448,30.839073],[-92.340972,30.915654],[-92.337199,30.919754],[-92.34439,30.923851],[-92.343621,30.926312],[-92.35125,30.934552],[-92.387404,30.934618],[-92.395233,30.942558],[-92.401508,30.945862],[-92.394863,30.954657],[-92.398156,30.965848],[-92.394927,30.99165],[-92.38207,30.996637],[-92.380269,31.000309],[-92.382815,31.001534],[-92.384305,30.999937],[-92.388217,31.001321],[-92.391881,30.998287],[-92.399954,30.995732],[-92.417864,30.984981],[-92.443301,30.964434],[-92.482964,30.950905],[-92.479243,30.924617],[-92.482792,30.91073],[-92.499973,30.898353],[-92.525286,30.895145],[-92.599643,30.895271],[-92.60172,30.688282],[-92.608174,30.688173],[-92.613164,30.691239],[-92.611169,30.692298],[-92.609712,30.694346],[-92.608548,30.696367],[-92.610984,30.696697],[-92.612382,30.698345],[-92.617681,30.698345],[-92.619868,30.699082],[-92.688401,30.699221],[-92.688427,30.694176],[-92.696358,30.699334],[-92.718498,30.699505],[-92.722327,30.698617],[-92.723949,30.699065],[-92.722121,30.702857],[-92.745073,30.703078],[-92.753581,30.705253],[-92.760106,30.712756],[-92.759818,30.713724],[-92.759828,30.717126],[-92.762319,30.71549],[-92.763809,30.71578],[-92.764172,30.713671],[-92.833836,30.651029],[-92.826216,30.643882],[-92.881989,30.643061],[-92.882176,30.676671],[-92.872543,30.684824],[-92.883389,30.692295],[-92.883741,30.694691],[-92.877403,30.704553],[-92.913585,30.820039],[-92.932506,30.81279],[-92.959507,30.824663],[-92.971127,30.825232],[-92.976463,30.826431],[-92.975903,30.87927],[-93.065636,30.879018],[-93.054029,30.96857],[-93.057356,30.983833],[-93.059958,30.98623],[-93.063959,30.993952],[-93.075484,31.002775],[-93.080911,31.00944],[-93.077549,31.012607],[-93.078472,31.015172],[-93.074945,31.01778],[-93.07198,31.017924],[-93.069435,31.020513],[-93.045123,31.022661],[-93.047037,31.031299],[-93.041949,31.033694],[-93.042089,31.036513],[-93.035743,31.041448],[-93.028263,31.042207],[-93.024228,31.037814],[-93.01468,31.034634],[-93.009963,31.038063],[-93.003066,31.039484],[-93.001132,31.044105],[-92.996113,31.048864],[-92.977375,31.040112],[-92.990021,31.096072],[-92.977952,31.138742],[-92.975342,31.14478],[-92.974967,31.148642],[-92.969644,31.148221],[-92.963425,31.14446],[-92.956689,31.142948],[-92.951632,31.144326],[-92.946177,31.143796],[-92.942193,31.145254],[-92.936495,31.146055],[-92.933201,31.148649],[-92.931109,31.149283],[-92.918667,31.158065],[-92.914489,31.163045],[-92.905624,31.169987],[-92.903851,31.173472],[-92.884528,31.179535],[-92.882684,31.181537],[-92.879987,31.181778],[-92.859737,31.202968],[-92.860033,31.207355],[-92.85925,31.211072],[-92.829398,31.194772],[-92.829214,31.24955],[-93.049669,31.364234],[-93.35479,31.364023],[-93.387142,31.307897],[-93.385175,31.300212],[-93.390079,31.289518],[-93.392494,31.26816],[-93.417094,31.282487],[-93.535191,31.276609],[-93.534354,31.275071],[-93.536321,31.273],[-93.534804,31.271874],[-93.534616,31.270394],[-93.537202,31.268809],[-93.535892,31.26762],[-93.535349,31.264824],[-93.535455,31.261983],[-93.534646,31.260362],[-93.536291,31.260567],[-93.536694,31.259274],[-93.538373,31.259737],[-93.538634,31.258205],[-93.539391,31.256952],[-93.537765,31.256533],[-93.537149,31.2545],[-93.535571,31.253169],[-93.542308,31.249115],[-93.541258,31.248037],[-93.54275,31.247316],[-93.544285,31.247686],[-93.543847,31.243367],[-93.547289,31.242518],[-93.547786,31.241483],[-93.548911,31.241834],[-93.550921,31.240892],[-93.552003,31.241298],[-93.553213,31.240577],[-93.554672,31.240808],[-93.555407,31.241973],[-93.556359,31.24042],[-93.554932,31.240087],[-93.554218,31.238664],[-93.554954,31.237592],[-93.552122,31.238369],[-93.551711,31.235892],[-93.553506,31.233747],[-93.551538,31.233895],[-93.551019,31.231029],[-93.549919,31.229777],[-93.550381,31.227617],[-93.545221,31.229938],[-93.541165,31.227048],[-93.544972,31.225709],[-93.544118,31.223306],[-93.545861,31.221511],[-93.54764,31.221754],[-93.55013,31.219534],[-93.548387,31.21643],[-93.551767,31.215243],[-93.548494,31.212627],[-93.549348,31.210254],[-93.547367,31.208149],[-93.544094,31.202824],[-93.546545,31.201406],[-93.547007,31.197511],[-93.54964,31.197998],[-93.550493,31.196629],[-93.549533,31.194985],[-93.55149,31.192361],[-93.550956,31.189896],[-93.554941,31.188435],[-93.55519,31.187218],[-93.552073,31.185475],[-93.53487,31.185437],[-93.530763,31.180991],[-93.532707,31.174505],[-93.543096,31.170794],[-93.536168,31.158748],[-93.550143,31.153945],[-93.537439,31.127113],[-93.53982,31.11692],[-93.547758,31.110804],[-93.551333,31.078863],[-93.529104,31.074779],[-93.51958,31.065261],[-93.532677,31.053023],[-93.508438,31.02998],[-93.555092,31.004888],[-93.566075,31.01273],[-93.577974,30.998615],[-93.563785,30.989201],[-93.57256,30.970216],[-93.533209,30.957275],[-93.527719,30.929022],[-93.558372,30.911361],[-93.549221,30.899977],[-93.566157,30.894482],[-93.574859,30.884279],[-93.562029,30.861888],[-93.554191,30.832309],[-93.608629,30.758206],[-93.62454,30.684764],[-93.681901,30.644752],[-93.685254,30.591417],[-93.713727,30.583487],[-93.736336,30.538058],[-93.707028,30.512088],[-93.703748,30.435505],[-93.756503,30.39218],[-93.765713,30.337262],[-93.742261,30.303281],[-93.70457,30.290987],[-93.717971,30.212848],[-93.694378,30.136489],[-93.723857,30.094572],[-93.716588,30.066618],[-93.742836,30.023272],[-93.788347,29.987051],[-93.848141,29.869591],[-93.915907,29.829831],[-93.930645,29.795062],[-93.869522,29.737967],[-93.837632,29.692383],[-93.825673,29.65313]]]},"properties":{"code":"[337]"}},{"type":"Feature","geometry":{"type":"Polygon","coordinates":[[[-70.886374,42.496764],[-70.891572,42.492788],[-70.890122,42.490187],[-70.89439,42.486193],[-70.899279,42.484861],[-70.901928,42.4855],[-70.905702,42.484725],[-70.906665,42.484352],[-70.957246,42.496373],[-70.987119,42.51193],[-71.006134,42.522478],[-71.031397,42.551281],[-71.034637,42.565411],[-71.033402,42.570273],[-71.037309,42.571733],[-71.040063,42.571492],[-71.04025,42.572626],[-71.04431,42.573967],[-71.044544,42.572867],[-71.049071,42.57108],[-71.057032,42.573983],[-71.064986,42.56173],[-71.071492,42.555924],[-71.090079,42.558215],[-71.103586,42.564605],[-71.104132,42.56667],[-71.108565,42.564143],[-71.109753,42.56178],[-71.113181,42.560972],[-71.115842,42.561935],[-71.118456,42.561392],[-71.119193,42.560272],[-71.120618,42.560517],[-71.125116,42.556786],[-71.137037,42.552145],[-71.131016,42.531591],[-71.169964,42.515576],[-71.204982,42.544203],[-71.217632,42.523861],[-71.222123,42.524756],[-71.232122,42.506263],[-71.233148,42.508257],[-71.237754,42.511968],[-71.242399,42.520087],[-71.249473,42.525238],[-71.254431,42.52216],[-71.256633,42.523991],[-71.265595,42.524127],[-71.277114,42.526444],[-71.278199,42.52661],[-71.303734,42.519918],[-71.306469,42.520089],[-71.306344,42.513895],[-71.308809,42.513214],[-71.317167,42.506599],[-71.317863,42.502906],[-71.317863,42.500265],[-71.319588,42.48655],[-71.316896,42.484303],[-71.317628,42.482996],[-71.320895,42.482108],[-71.321063,42.480991],[-71.313813,42.473936],[-71.309571,42.476253],[-71.298169,42.473101],[-71.289387,42.466007],[-71.289023,42.464319],[-71.30273,42.461489],[-71.30469,42.452762],[-71.309901,42.453237],[-71.313852,42.455098],[-71.32368,42.445173],[-71.326335,42.447477],[-71.339935,42.444108],[-71.338212,42.442546],[-71.333009,42.439103],[-71.352848,42.427038],[-71.35466,42.421963],[-71.356992,42.419791],[-71.361262,42.421195],[-71.3646,42.420453],[-71.363877,42.416089],[-71.365064,42.414252],[-71.365378,42.413239],[-71.366319,42.412834],[-71.332382,42.399422],[-71.335817,42.393929],[-71.325408,42.313792],[-71.328866,42.312924],[-71.321029,42.293812],[-71.308458,42.27087],[-71.308032,42.27168],[-71.309249,42.273797],[-71.309371,42.276273],[-71.303012,42.27947],[-71.300213,42.283049],[-71.297475,42.280955],[-71.299696,42.275958],[-71.299057,42.274449],[-71.29644,42.274404],[-71.294706,42.272648],[-71.2979,42.272311],[-71.299939,42.270442],[-71.301157,42.267041],[-71.295741,42.266861],[-71.295133,42.26488],[-71.292188,42.267111],[-71.279146,42.260009],[-71.271662,42.262125],[-71.270414,42.260774],[-71.271509,42.258635],[-71.265338,42.254159],[-71.265795,42.259609],[-71.263148,42.259068],[-71.262478,42.257695],[-71.257093,42.254947],[-71.248484,42.255815],[-71.245898,42.259058],[-71.240086,42.259231],[-71.238838,42.259794],[-71.236435,42.259861],[-71.232662,42.258263],[-71.232084,42.256709],[-71.251762,42.20256],[-71.243552,42.196474],[-71.240075,42.186308],[-71.237374,42.180683],[-71.233007,42.181097],[-71.225225,42.170833],[-71.221857,42.170963],[-71.219441,42.168648],[-71.21262,42.168472],[-71.201013,42.159164],[-71.194854,42.15098],[-71.220468,42.13771],[-71.230934,42.123394],[-71.239223,42.121032],[-71.238227,42.1043],[-71.205517,42.07494],[-71.196754,42.084621],[-71.178633,42.058562],[-71.062651,42.102715],[-71.061928,42.104994],[-71.068547,42.117499],[-71.071611,42.132277],[-71.063719,42.140168],[-71.056387,42.154003],[-71.040334,42.137305],[-71.027284,42.131948],[-71.027524,42.126061],[-71.026837,42.12343],[-71.022355,42.118868],[-71.001913,42.126261],[-70.9985,42.111113],[-70.979545,42.113844],[-70.974246,42.070342],[-70.950558,42.060817],[-70.928989,42.066182],[-70.908386,42.062778],[-70.899765,42.025348],[-70.896693,42.023467],[-70.898651,41.982943],[-70.911495,41.979995],[-70.912286,41.978103],[-70.908249,41.97394],[-70.908862,41.97205],[-70.907155,41.970316],[-70.907249,41.967516],[-70.90852,41.96643],[-70.870728,41.949255],[-70.861596,41.955562],[-70.827569,41.92778],[-70.771542,41.946932],[-70.758679,41.947605],[-70.753013,41.932998],[-70.689033,41.985703],[-70.648121,42.015971],[-70.594091,42.017867],[-70.618309,42.099697],[-70.755967,42.278893],[-70.870512,42.355389],[-70.941688,42.339917],[-70.976753,42.286898],[-70.931744,42.277605],[-70.931333,42.261222],[-70.960891,42.246633],[-70.966365,42.246271],[-70.968555,42.237363],[-70.973569,42.237266],[-70.977314,42.238319],[-70.980125,42.23578],[-71.002235,42.231878],[-71.020346,42.22676],[-71.032988,42.227754],[-71.04498,42.215438],[-71.045038,42.206605],[-71.093766,42.20282],[-71.106328,42.203537],[-71.131255,42.229589],[-71.140868,42.236074],[-71.14598,42.255806],[-71.152289,42.258306],[-71.158113,42.2554],[-71.171562,42.266123],[-71.174434,42.267173],[-71.17478,42.268376],[-71.172981,42.270194],[-71.174976,42.273645],[-71.174803,42.275975],[-71.183364,42.276206],[-71.18537,42.279637],[-71.191217,42.282119],[-71.190837,42.285908],[-71.194656,42.288363],[-71.195901,42.286034],[-71.201679,42.288696],[-71.205208,42.28931],[-71.207539,42.297069],[-71.212002,42.300191],[-71.211142,42.302808],[-71.212907,42.305955],[-71.218189,42.30686],[-71.220784,42.306374],[-71.227254,42.3086],[-71.226292,42.310328],[-71.227191,42.312424],[-71.22612,42.31411],[-71.227917,42.315848],[-71.228283,42.319119],[-71.231048,42.320831],[-71.238861,42.321835],[-71.241488,42.32089],[-71.246844,42.321043],[-71.251883,42.326197],[-71.253523,42.326803],[-71.254595,42.325264],[-71.258043,42.324503],[-71.259283,42.32671],[-71.262405,42.326675],[-71.263498,42.326069],[-71.266231,42.327483],[-71.269847,42.327841],[-71.270204,42.328929],[-71.270246,42.33112],[-71.26806,42.330576],[-71.265465,42.331407],[-71.264217,42.334763],[-71.26039,42.334608],[-71.258919,42.336099],[-71.25548,42.339654],[-71.256763,42.340788],[-71.258991,42.34127],[-71.261072,42.340913],[-71.262015,42.341981],[-71.259996,42.346306],[-71.260521,42.348217],[-71.258671,42.349087],[-71.258924,42.352691],[-71.253374,42.354866],[-71.2521,42.356359],[-71.217206,42.366622],[-71.19429,42.385979],[-71.196802,42.395383],[-71.199472,42.397281],[-71.202647,42.40372],[-71.211025,42.406234],[-71.202799,42.414828],[-71.194121,42.413423],[-71.194955,42.415419],[-71.182051,42.410815],[-71.175173,42.409623],[-71.159946,42.4046],[-71.153275,42.401081],[-71.141814,42.397604],[-71.140241,42.399539],[-71.136953,42.400067],[-71.13438,42.402706],[-71.134094,42.406366],[-71.130507,42.40924],[-71.13127,42.414764],[-71.129463,42.416604],[-71.127733,42.415449],[-71.129616,42.413268],[-71.127009,42.412348],[-71.128004,42.410698],[-71.126237,42.409244],[-71.125716,42.410014],[-71.123428,42.409244],[-71.123955,42.408283],[-71.121419,42.407387],[-71.121801,42.406968],[-71.115584,42.405164],[-71.11547,42.402618],[-71.115088,42.402072],[-71.114484,42.40239],[-71.112674,42.400064],[-71.1011,42.396358],[-71.095972,42.400919],[-71.090955,42.399696],[-71.086086,42.400425],[-71.07548,42.396517],[-71.072083,42.405627],[-71.072976,42.410926],[-71.073095,42.414555],[-71.061357,42.415627],[-71.054818,42.420073],[-71.05437,42.419925],[-71.050562,42.422737],[-71.049505,42.421934],[-71.048262,42.422805],[-71.028302,42.424242],[-71.032981,42.414506],[-71.031339,42.41284],[-71.027033,42.408691],[-71.026923,42.406525],[-71.018236,42.403491],[-71.017533,42.402702],[-71.013746,42.402995],[-71.008737,42.401078],[-71.013498,42.397605],[-70.994036,42.392822],[-70.989917,42.393277],[-70.986799,42.392225],[-70.987146,42.389411],[-70.985568,42.388131],[-70.98322,42.389382],[-70.982912,42.390718],[-70.976154,42.392309],[-70.882323,42.413782],[-70.889428,42.439494],[-70.795109,42.509107],[-70.832391,42.525423],[-70.866362,42.523558],[-70.886374,42.496764]]]},"properties":{"code":"[339,781]"}},{"type":"Feature","geometry":{"type":"Polygon","coordinates":[[[-122.054764,37.457573],[-122.016253,37.466092],[-121.996914,37.466292],[-121.983261,37.461034],[-121.975329,37.460021],[-121.961197,37.46335],[-121.949101,37.461557],[-121.923209,37.454464],[-121.878528,37.471874],[-121.883087,37.510249],[-121.933041,37.574534],[-121.932913,37.591957],[-121.925245,37.599222],[-121.914487,37.594093],[-121.904093,37.595827],[-121.897346,37.594093],[-121.896343,37.597271],[-121.968516,37.665295],[-121.965076,37.670783],[-122.023111,37.695798],[-122.021106,37.70127],[-122.016161,37.702909],[-122.00286,37.703491],[-121.977825,37.727722],[-122.011365,37.745807],[-122.010927,37.754882],[-121.998975,37.762306],[-122.045209,37.798838],[-122.138237,37.803688],[-122.186215,37.820524],[-122.185505,37.835109],[-122.221652,37.865293],[-122.21752,37.869],[-122.222027,37.879822],[-122.248883,37.882342],[-122.25284,37.890397],[-122.24251,37.893213],[-122.25021,37.900771],[-122.24514,37.904476],[-122.256431,37.919717],[-122.238214,37.927569],[-122.212451,37.94655],[-122.207193,37.966425],[-122.229354,37.992923],[-122.210287,38.008491],[-122.188502,38.016333],[-122.177797,38.01515],[-122.178584,38.019584],[-122.195199,38.035985],[-122.192943,38.041558],[-122.18884,38.041962],[-122.180533,38.037681],[-122.16761,38.041558],[-122.186762,38.056481],[-122.24887,38.063515],[-122.331248,38.048436],[-122.388676,38.015432],[-122.4465,37.971494],[-122.424259,37.909665],[-122.364209,37.870612],[-122.336751,37.767764],[-122.258074,37.665796],[-122.14516,37.529635],[-122.100122,37.483762],[-122.054764,37.457573]]]},"properties":{"code":"[341,510]"}},{"type":"Feature","geometry":{"type":"Polygon","coordinates":[[[-90.341927,38.387031],[-90.311487,38.415241],[-90.29038,38.430743],[-90.278612,38.476338],[-90.263018,38.523932],[-90.24879,38.544862],[-90.222829,38.575329],[-90.201793,38.589003],[-90.190436,38.600809],[-90.183441,38.613238],[-90.178095,38.632648],[-90.178393,38.650588],[-90.184076,38.669355],[-90.19498,38.6878],[-90.209666,38.702646],[-90.212592,38.715061],[-90.209023,38.728357],[-90.194719,38.740908],[-90.181401,38.74889],[-90.166232,38.773147],[-90.129833,38.79316],[-90.121709,38.799366],[-90.116022,38.810889],[-90.125609,38.820384],[-90.137961,38.828485],[-90.153398,38.82975],[-90.180044,38.819244],[-90.195318,38.820632],[-90.23385,38.842343],[-90.263048,38.853964],[-90.277332,38.874814],[-90.29162,38.88657],[-90.313805,38.891649],[-90.335545,38.887102],[-90.341376,38.869047],[-90.345075,38.846802],[-90.360802,38.829012],[-90.378951,38.822059],[-90.396629,38.823057],[-90.41676,38.829742],[-90.441373,38.827935],[-90.451113,38.819716],[-90.460035,38.804047],[-90.474222,38.789192],[-90.482665,38.763223],[-90.496635,38.748129],[-90.523131,38.735458],[-90.53434,38.726578],[-90.531001,38.703503],[-90.537483,38.687934],[-90.55079,38.681733],[-90.569969,38.681643],[-90.570829,38.678339],[-90.565455,38.670339],[-90.566878,38.66847],[-90.568164,38.668143],[-90.568325,38.666738],[-90.568184,38.666438],[-90.556286,38.669909],[-90.554838,38.667807],[-90.554078,38.667858],[-90.552375,38.665612],[-90.552077,38.665728],[-90.552341,38.666619],[-90.551167,38.667394],[-90.551382,38.668065],[-90.550473,38.668517],[-90.549183,38.668439],[-90.548637,38.666864],[-90.547943,38.666438],[-90.546802,38.666877],[-90.545561,38.666541],[-90.543002,38.663361],[-90.536692,38.667862],[-90.534774,38.664743],[-90.530862,38.659899],[-90.52785,38.659176],[-90.522231,38.652944],[-90.522463,38.652117],[-90.523124,38.651484],[-90.525417,38.650059],[-90.525682,38.649711],[-90.525732,38.649155],[-90.523324,38.649202],[-90.523754,38.648763],[-90.522497,38.647226],[-90.523969,38.646296],[-90.524548,38.647045],[-90.527504,38.645795],[-90.518801,38.643862],[-90.522763,38.641716],[-90.522568,38.637379],[-90.521774,38.635712],[-90.521635,38.63386],[-90.523653,38.633808],[-90.522134,38.631647],[-90.521026,38.629139],[-90.520018,38.628674],[-90.51825,38.623211],[-90.515898,38.623967],[-90.516126,38.624826],[-90.514676,38.630465],[-90.513708,38.634895],[-90.512115,38.63291],[-90.511199,38.633169],[-90.511081,38.634487],[-90.508879,38.634497],[-90.507419,38.634319],[-90.504865,38.635343],[-90.50186,38.634241],[-90.499773,38.634345],[-90.499754,38.629499],[-90.501896,38.62938],[-90.504722,38.62861],[-90.499162,38.621712],[-90.498887,38.620672],[-90.495662,38.621858],[-90.495833,38.623458],[-90.498185,38.626363],[-90.490423,38.62636],[-90.49046,38.624108],[-90.487331,38.624523],[-90.484947,38.612829],[-90.485368,38.606007],[-90.487037,38.6062],[-90.487512,38.604199],[-90.49011,38.604196],[-90.489013,38.602735],[-90.490648,38.602198],[-90.48802,38.59495],[-90.487223,38.595291],[-90.482902,38.594188],[-90.483361,38.594896],[-90.482511,38.595071],[-90.477961,38.591901],[-90.476349,38.592181],[-90.475711,38.591088],[-90.476268,38.590616],[-90.466168,38.578421],[-90.470295,38.575668],[-90.470922,38.574208],[-90.469534,38.570992],[-90.471103,38.568706],[-90.468384,38.568858],[-90.467541,38.56838],[-90.461916,38.570934],[-90.459306,38.571838],[-90.456199,38.56963],[-90.45386,38.567022],[-90.45407,38.556858],[-90.444912,38.560696],[-90.44312,38.560871],[-90.441972,38.561243],[-90.441553,38.558179],[-90.439447,38.555988],[-90.433856,38.543717],[-90.430608,38.54524],[-90.426648,38.548583],[-90.420324,38.541961],[-90.421349,38.540963],[-90.421645,38.530394],[-90.42362,38.527347],[-90.433167,38.521695],[-90.429909,38.516596],[-90.435214,38.516148],[-90.434767,38.514399],[-90.428273,38.511357],[-90.419067,38.504557],[-90.413442,38.504106],[-90.41025,38.505106],[-90.406353,38.503756],[-90.40495,38.500905],[-90.405137,38.498154],[-90.407366,38.493901],[-90.407239,38.491149],[-90.404883,38.48775],[-90.407953,38.483198],[-90.412171,38.480848],[-90.415874,38.481446],[-90.418813,38.483547],[-90.421243,38.483897],[-90.422844,38.482999],[-90.421871,38.480335],[-90.421742,38.477365],[-90.418341,38.469856],[-90.415384,38.464822],[-90.414603,38.461517],[-90.414732,38.458094],[-90.413247,38.455175],[-90.409839,38.452758],[-90.406379,38.452592],[-90.398439,38.454732],[-90.395229,38.458043],[-90.3924,38.457615],[-90.390664,38.454997],[-90.392111,38.452127],[-90.391243,38.450768],[-90.387642,38.451221],[-90.37313,38.453678],[-90.359743,38.456922],[-90.355275,38.458382],[-90.351236,38.458444],[-90.342782,38.456657],[-90.337606,38.455045],[-90.336128,38.453157],[-90.335708,38.447846],[-90.338376,38.444246],[-90.342948,38.439144],[-90.346999,38.435971],[-90.34819,38.432682],[-90.348629,38.427839],[-90.347269,38.420587],[-90.34661,38.416134],[-90.348282,38.411248],[-90.348796,38.407422],[-90.347007,38.401487],[-90.344885,38.397607],[-90.34486,38.392555],[-90.344346,38.388977],[-90.341927,38.387031]]]},"properties":{"code":"[314,557]"}},{"type":"Feature","geometry":{"type":"Polygon","coordinates":[[[-74.228437,40.477793],[-74.087735,40.490512],[-73.937072,40.530512],[-73.818693,40.566856],[-73.757571,40.578828],[-73.757391,40.586216],[-73.745779,40.5935],[-73.738052,40.593557],[-73.738417,40.602653],[-73.740521,40.60459],[-73.743057,40.607246],[-73.745609,40.611121],[-73.748134,40.611887],[-73.755663,40.61071],[-73.763293,40.612456],[-73.766533,40.614876],[-73.767957,40.623826],[-73.747559,40.632968],[-73.744404,40.636791],[-73.740654,40.637996],[-73.7411,40.639065],[-73.74182,40.639936],[-73.740032,40.64648],[-73.7244,40.651638],[-73.728123,40.665672],[-73.725348,40.67939],[-73.726652,40.708638],[-73.730603,40.720494],[-73.70836,40.726674],[-73.700636,40.739108],[-73.701974,40.752426],[-73.749691,40.782491],[-73.776322,40.804078],[-73.777179,40.824951],[-73.756039,40.844491],[-73.743494,40.868577],[-73.82198,40.890826],[-73.822771,40.889544],[-73.838422,40.89406],[-73.839774,40.897511],[-73.839163,40.899325],[-73.840809,40.901592],[-73.841447,40.904161],[-73.85441,40.908861],[-73.860978,40.901035],[-73.919729,40.917288],[-73.923898,40.905644],[-73.930064,40.888423],[-73.935795,40.877735],[-73.92289,40.877973],[-73.918393,40.875015],[-73.9158,40.87528],[-73.910218,40.873185],[-73.90958,40.871041],[-73.91384,40.863598],[-73.921868,40.855066],[-73.929775,40.843596],[-73.934216,40.835345],[-73.932978,40.815543],[-73.933472,40.808389],[-73.927091,40.800284],[-73.920039,40.797379],[-73.929856,40.78545],[-73.926917,40.780306],[-73.94016,40.784896],[-73.942971,40.783536],[-73.943539,40.781541],[-73.940235,40.780533],[-73.938122,40.782281],[-73.935004,40.779328],[-73.938835,40.774471],[-73.938343,40.771733],[-73.967269,40.740145],[-73.968872,40.718872],[-73.974384,40.709267],[-73.995568,40.706875],[-74.008129,40.696184],[-74.008606,40.687968],[-74.025985,40.6816],[-74.032939,40.683673],[-74.035873,40.684282],[-74.055629,40.651899],[-74.086786,40.651573],[-74.093947,40.64829],[-74.109824,40.647992],[-74.125318,40.644004],[-74.133601,40.643692],[-74.142822,40.642144],[-74.154657,40.64326],[-74.181021,40.646572],[-74.185492,40.646188],[-74.202258,40.630845],[-74.203607,40.624122],[-74.20192,40.61836],[-74.203813,40.605896],[-74.199342,40.600132],[-74.199305,40.597566],[-74.20629,40.588604],[-74.209662,40.574427],[-74.215229,40.560429],[-74.218312,40.557122],[-74.231732,40.558569],[-74.247439,40.549307],[-74.250704,40.542003],[-74.246079,40.521036],[-74.254965,40.515384],[-74.258411,40.508076],[-74.259154,40.497115],[-74.253841,40.487644],[-74.228437,40.477793]]]},"properties":{"code":"[347,718,917,929]"}},{"type":"Feature","geometry":{"type":"Polygon","coordinates":[[[-70.801241,42.872089],[-70.820258,42.872089],[-70.847684,42.860995],[-70.885256,42.882707],[-70.903626,42.886878],[-70.91487,42.886667],[-70.92936,42.88515],[-70.967003,42.868699],[-71.031131,42.859117],[-71.044622,42.848946],[-71.053761,42.833483],[-71.06424,42.806438],[-71.132432,42.821426],[-71.166527,42.808894],[-71.185932,42.791049],[-71.181792,42.7373],[-71.223708,42.746421],[-71.237421,42.744711],[-71.245377,42.742491],[-71.25482,42.736791],[-71.267369,42.726433],[-71.279372,42.710915],[-71.294767,42.69694],[-72.414045,42.725384],[-72.362646,42.604023],[-72.386493,42.598198],[-72.4028,42.60029],[-72.412973,42.607118],[-72.427335,42.607778],[-72.440735,42.597852],[-72.446869,42.590253],[-72.466617,42.576594],[-72.452739,42.554762],[-72.45846,42.516506],[-72.439548,42.518571],[-72.439901,42.516445],[-72.440873,42.510357],[-72.368407,42.50266],[-72.368464,42.464795],[-72.387223,42.463662],[-72.382371,42.457868],[-72.379086,42.447076],[-72.373023,42.412879],[-72.356611,42.353209],[-72.357605,42.308745],[-72.342,42.312438],[-72.327018,42.320746],[-72.317031,42.343358],[-72.303132,42.349243],[-72.287526,42.35278],[-72.281462,42.378664],[-72.267104,42.38973],[-72.263966,42.387383],[-72.258284,42.392922],[-72.243166,42.38723],[-72.237257,42.391175],[-72.23953,42.394448],[-72.236361,42.397603],[-72.230602,42.39982],[-72.219748,42.394658],[-72.204837,42.417833],[-72.112504,42.35653],[-71.965307,42.446659],[-71.886701,42.394155],[-71.831778,42.431851],[-71.817547,42.403779],[-71.787265,42.399154],[-71.77741,42.400882],[-71.76363,42.400575],[-71.740583,42.392792],[-71.741372,42.386772],[-71.700295,42.39652],[-71.673126,42.386733],[-71.681886,42.366049],[-71.634251,42.358987],[-71.624691,42.350494],[-71.610014,42.357739],[-71.60292,42.367624],[-71.47837,42.381558],[-71.48338,42.352822],[-71.396903,42.341209],[-71.398208,42.343137],[-71.392576,42.344272],[-71.391713,42.345159],[-71.388024,42.34478],[-71.388178,42.349135],[-71.390022,42.354815],[-71.390074,42.367762],[-71.387358,42.369878],[-71.388639,42.371392],[-71.386743,42.373057],[-71.387973,42.375556],[-71.383551,42.376843],[-71.383039,42.378319],[-71.384371,42.38006],[-71.38099,42.383769],[-71.378588,42.384769],[-71.377391,42.387796],[-71.374813,42.38868],[-71.37311,42.38715],[-71.372281,42.389462],[-71.370164,42.388612],[-71.368691,42.39004],[-71.365698,42.389462],[-71.36434,42.39012],[-71.365353,42.391786],[-71.361854,42.392126],[-71.3619,42.396138],[-71.36991,42.398178],[-71.367374,42.400376],[-71.37009,42.401124],[-71.368387,42.404116],[-71.373727,42.405645],[-71.374683,42.407896],[-71.367732,42.410751],[-71.36737,42.412356],[-71.366321,42.412835],[-71.36538,42.413242],[-71.365069,42.414245],[-71.363885,42.416086],[-71.364604,42.420472],[-71.361249,42.421201],[-71.356993,42.419794],[-71.354668,42.421961],[-71.352852,42.427038],[-71.333038,42.439089],[-71.338203,42.442534],[-71.339934,42.444114],[-71.326319,42.447469],[-71.323683,42.445197],[-71.313838,42.455122],[-71.309934,42.453271],[-71.304693,42.452773],[-71.302738,42.461513],[-71.289065,42.464332],[-71.289345,42.465899],[-71.298164,42.473054],[-71.309467,42.476217],[-71.313796,42.473941],[-71.321051,42.480947],[-71.320931,42.482099],[-71.317663,42.483001],[-71.316883,42.484313],[-71.319607,42.486546],[-71.318016,42.499201],[-71.31786,42.500185],[-71.31786,42.502876],[-71.31717,42.506601],[-71.308808,42.513236],[-71.306338,42.513909],[-71.306462,42.520121],[-71.303703,42.519924],[-71.278227,42.526623],[-71.265582,42.524157],[-71.256663,42.523998],[-71.254468,42.522194],[-71.249466,42.525244],[-71.242378,42.520099],[-71.237736,42.512011],[-71.233131,42.508244],[-71.232123,42.506308],[-71.222117,42.524753],[-71.217673,42.523844],[-71.205048,42.54421],[-71.169964,42.515556],[-71.131072,42.531604],[-71.13702,42.552211],[-71.124855,42.556875],[-71.120667,42.56056],[-71.11927,42.560303],[-71.118463,42.561429],[-71.115854,42.561956],[-71.113161,42.560973],[-71.109751,42.561777],[-71.108558,42.564151],[-71.104114,42.566672],[-71.103586,42.5646],[-71.090061,42.558216],[-71.071485,42.555929],[-71.064961,42.561757],[-71.057035,42.573979],[-71.049093,42.571089],[-71.044548,42.572867],[-71.044307,42.573971],[-71.040233,42.572619],[-71.040066,42.571522],[-71.037306,42.57174],[-71.03339,42.570274],[-71.034633,42.565432],[-71.03139,42.551299],[-71.006127,42.522476],[-70.999639,42.518879],[-70.987044,42.511916],[-70.957263,42.496414],[-70.906604,42.484326],[-70.905717,42.484727],[-70.901933,42.485486],[-70.899278,42.484872],[-70.894389,42.486201],[-70.890127,42.490211],[-70.891568,42.492773],[-70.886318,42.496815],[-70.866334,42.523609],[-70.832241,42.525444],[-70.794964,42.509013],[-70.605567,42.572258],[-70.545626,42.632347],[-70.58974,42.705779],[-70.741076,42.711806],[-70.783352,42.786044],[-70.801241,42.872089]]]},"properties":{"code":"[351,978]"}},{"type":"Feature","geometry":{"type":"Polygon","coordinates":[[[-83.441596,29.658596],[-83.496894,29.647949],[-83.480075,29.508985],[-83.135269,29.092785],[-82.908203,29.057872],[-82.769547,28.769186],[-82.748028,28.434437],[-82.684585,28.433807],[-82.528001,28.43374],[-82.527964,28.425593],[-82.519756,28.425506],[-82.519644,28.415536],[-82.517576,28.411988],[-82.502147,28.412018],[-82.502131,28.41922],[-82.469935,28.4193],[-82.478809,28.403302],[-82.485387,28.396804],[-82.48849,28.392492],[-82.489532,28.379843],[-82.491052,28.375639],[-82.493502,28.372137],[-82.490749,28.371938],[-82.45915,28.433764],[-82.404339,28.434003],[-82.427336,28.377935],[-82.435229,28.372977],[-82.436019,28.358717],[-82.443638,28.353303],[-82.441849,28.344132],[-82.440341,28.340153],[-82.436555,28.337233],[-82.436796,28.329375],[-82.438574,28.327737],[-82.439238,28.324384],[-82.438766,28.321495],[-82.433358,28.321308],[-82.428693,28.322941],[-82.416341,28.323128],[-82.420423,28.316128],[-82.421596,28.310037],[-82.425466,28.308637],[-82.427798,28.305883],[-82.428169,28.303922],[-82.431456,28.301355],[-82.431858,28.293711],[-82.435887,28.284701],[-82.43594,28.277885],[-82.409795,28.303681],[-82.336897,28.324528],[-82.33784,28.302979],[-82.335561,28.291019],[-82.33553,28.28752],[-82.334638,28.284222],[-82.326226,28.284331],[-82.326268,28.277203],[-82.327155,28.273658],[-82.320242,28.273388],[-82.320242,28.276556],[-82.318128,28.276975],[-82.311877,28.277245],[-82.294806,28.280734],[-82.290392,28.280936],[-82.278726,28.280916],[-82.278841,28.291845],[-82.245601,28.291793],[-82.245556,28.295693],[-82.224834,28.295699],[-82.224861,28.299269],[-82.204231,28.299288],[-82.204332,28.288262],[-82.187829,28.288273],[-82.187775,28.291692],[-82.183936,28.290049],[-82.179699,28.283693],[-82.179772,28.279667],[-82.175561,28.279739],[-82.175643,28.273744],[-82.167244,28.273695],[-82.167222,28.288439],[-82.154951,28.288349],[-82.155003,28.255536],[-82.132398,28.255498],[-82.131841,28.254679],[-82.117372,28.259186],[-82.055534,28.258916],[-82.055855,28.313178],[-82.039584,28.320201],[-82.014457,28.323093],[-81.983535,28.311525],[-81.957871,28.30899],[-81.957643,28.345193],[-81.857528,28.345962],[-81.85768,28.361846],[-81.790906,28.361809],[-81.790714,28.346416],[-81.655522,28.346984],[-81.657285,28.546197],[-81.682236,28.546485],[-81.6822,28.560641],[-81.698849,28.574355],[-81.72695,28.608697],[-81.727524,28.608411],[-81.727963,28.609018],[-81.731317,28.609056],[-81.731361,28.608465],[-81.737519,28.608519],[-81.737494,28.61758],[-81.735328,28.617607],[-81.73542,28.62285],[-81.733696,28.622302],[-81.731932,28.621161],[-81.727228,28.620156],[-81.724752,28.620156],[-81.719614,28.62252],[-81.716334,28.621922],[-81.712404,28.621813],[-81.709928,28.622574],[-81.705719,28.623036],[-81.703069,28.622964],[-81.703588,28.621893],[-81.702978,28.619003],[-81.703892,28.614106],[-81.702646,28.611262],[-81.700726,28.610191],[-81.698165,28.610004],[-81.69408,28.610138],[-81.693044,28.60987],[-81.689994,28.607892],[-81.688378,28.605457],[-81.686367,28.603584],[-81.684504,28.602487],[-81.68237,28.602594],[-81.680937,28.6023],[-81.6767,28.600828],[-81.668491,28.600932],[-81.666387,28.600075],[-81.666083,28.595204],[-81.656296,28.59523],[-81.656864,28.682667],[-81.64925,28.680002],[-81.633937,28.676695],[-81.634149,28.726938],[-81.616595,28.727172],[-81.616629,28.730772],[-81.609567,28.730804],[-81.609708,28.741681],[-81.60134,28.74185],[-81.601275,28.749088],[-81.611534,28.749032],[-81.613143,28.747875],[-81.614753,28.747663],[-81.616008,28.748524],[-81.616003,28.75854],[-81.60993,28.758478],[-81.610035,28.759784],[-81.59334,28.759709],[-81.592912,28.786033],[-81.414553,28.785553],[-81.415163,28.78756],[-81.413537,28.791365],[-81.415367,28.802989],[-81.417476,28.8058],[-81.417513,28.808131],[-81.419117,28.812215],[-81.418973,28.819745],[-81.415194,28.827129],[-81.406613,28.834824],[-81.403776,28.834896],[-81.402789,28.837364],[-81.398961,28.841096],[-81.398303,28.842015],[-81.396062,28.842267],[-81.395034,28.841997],[-81.393368,28.843906],[-81.393501,28.844721],[-81.391897,28.84618],[-81.391383,28.847855],[-81.389759,28.848359],[-81.390273,28.849116],[-81.387135,28.850198],[-81.386682,28.84964],[-81.38331,28.851603],[-81.382979,28.852453],[-81.381437,28.854308],[-81.380007,28.856309],[-81.379554,28.858488],[-81.37748,28.8597],[-81.376678,28.861339],[-81.375054,28.862203],[-81.37502,28.863695],[-81.375843,28.864253],[-81.376069,28.865586],[-81.374938,28.866504],[-81.375288,28.868377],[-81.374095,28.868719],[-81.374218,28.869997],[-81.373355,28.870394],[-81.37282,28.868917],[-81.371792,28.868899],[-81.371443,28.870538],[-81.369736,28.869979],[-81.369921,28.871744],[-81.368976,28.873148],[-81.366035,28.873526],[-81.366477,28.878292],[-81.364965,28.89064],[-81.357606,28.886808],[-81.354625,28.894557],[-81.360214,28.906057],[-81.35658,28.910461],[-81.359386,28.913361],[-81.352213,28.922496],[-81.355287,28.93065],[-81.347275,28.938559],[-81.347114,28.949478],[-81.361522,28.949629],[-81.370203,28.956769],[-81.354578,28.98517],[-81.365168,28.992916],[-81.375063,28.993523],[-81.388086,29.01645],[-81.40301,29.032841],[-81.431133,29.044831],[-81.44572,29.062284],[-81.4544,29.062132],[-81.461344,29.077154],[-81.454557,29.08153],[-81.458898,29.093818],[-81.468099,29.096549],[-81.485807,29.09306],[-81.501952,29.097308],[-81.504366,29.121815],[-81.522602,29.155792],[-81.523186,29.167248],[-81.543677,29.180135],[-81.562914,29.200924],[-81.602955,29.209329],[-81.661582,29.371769],[-81.741391,29.370993],[-81.741799,29.43],[-81.7749,29.428442],[-81.776935,29.487006],[-81.842734,29.486157],[-81.842982,29.519935],[-81.853289,29.520162],[-81.884775,29.510498],[-81.900318,29.513685],[-81.911012,29.505141],[-81.930796,29.516284],[-81.935425,29.514584],[-81.935281,29.516598],[-81.933508,29.518172],[-81.913064,29.523353],[-81.906456,29.524243],[-81.894334,29.535321],[-81.880908,29.535824],[-81.87758,29.538625],[-81.878083,29.569474],[-81.889194,29.57807],[-81.896135,29.580148],[-81.896447,29.587825],[-81.901306,29.588026],[-81.911071,29.5984],[-81.911304,29.6017],[-81.912998,29.601903],[-81.913088,29.609672],[-81.916066,29.609646],[-81.916095,29.607844],[-81.921934,29.607768],[-81.921993,29.608834],[-81.924306,29.610075],[-81.927956,29.607841],[-81.931686,29.607736],[-81.932941,29.606847],[-81.936707,29.60672],[-81.937291,29.607634],[-81.94424,29.607558],[-81.944322,29.620295],[-81.940928,29.621677],[-81.940769,29.623418],[-81.945765,29.625475],[-81.945829,29.63958],[-81.941607,29.639623],[-81.94161,29.646709],[-81.932781,29.646917],[-81.932781,29.645144],[-81.930689,29.645599],[-81.929677,29.644363],[-81.929921,29.642802],[-81.931247,29.64218],[-81.92945,29.640816],[-81.929468,29.638449],[-81.932694,29.638388],[-81.932712,29.637554],[-81.928858,29.637494],[-81.928858,29.635963],[-81.92966,29.635569],[-81.930009,29.634477],[-81.930997,29.63434],[-81.930858,29.631096],[-81.932584,29.631066],[-81.932584,29.630217],[-81.928416,29.630338],[-81.922135,29.632278],[-81.919423,29.635827],[-81.919493,29.63851],[-81.924093,29.638474],[-81.924145,29.641672],[-81.923239,29.641672],[-81.923253,29.644845],[-81.924215,29.644829],[-81.924245,29.645659],[-81.92596,29.64564],[-81.9261,29.652188],[-81.919825,29.65229],[-81.919995,29.659678],[-81.88743,29.660336],[-81.895946,29.668832],[-81.89714,29.676223],[-81.900771,29.683398],[-81.905941,29.688878],[-81.912657,29.701496],[-81.917697,29.70703],[-81.920682,29.720337],[-81.918593,29.725953],[-81.918804,29.729578],[-81.921108,29.738936],[-81.921008,29.748619],[-81.924927,29.756947],[-81.923534,29.765281],[-81.925299,29.78012],[-81.916679,29.791329],[-81.913843,29.791502],[-81.909515,29.793574],[-81.904789,29.7931],[-81.899566,29.794351],[-81.890313,29.798366],[-81.870212,29.800887],[-81.862003,29.800197],[-81.860014,29.802657],[-81.85367,29.806685],[-81.8477,29.809189],[-81.838597,29.815145],[-81.831869,29.821227],[-81.826646,29.825025],[-81.822627,29.825812],[-81.812297,29.836509],[-81.797246,29.836627],[-81.796442,29.869448],[-81.794857,29.873182],[-81.797756,29.875663],[-81.795702,29.879103],[-81.794375,29.884781],[-81.793859,29.888546],[-81.791596,29.893888],[-81.791302,29.905883],[-81.795498,29.915625],[-81.801905,29.920096],[-81.809489,29.926986],[-81.815148,29.936519],[-81.819641,29.942009],[-81.834367,29.950367],[-81.841954,29.952027],[-81.852064,29.971315],[-81.853607,29.979098],[-81.858919,29.977761],[-81.925464,29.97818],[-81.935027,29.981898],[-81.998704,29.981876],[-81.998938,29.938367],[-82.048083,29.938449],[-82.047826,29.910178],[-82.076913,29.923182],[-82.078214,29.923251],[-82.07984,29.914715],[-82.078309,29.909913],[-82.07969,29.907466],[-82.08061,29.904966],[-82.080648,29.900984],[-82.081937,29.899548],[-82.087183,29.896833],[-82.059656,29.824859],[-82.059546,29.822658],[-82.060366,29.820382],[-82.064827,29.813969],[-82.065548,29.81137],[-82.06512,29.808432],[-82.064026,29.806383],[-82.062321,29.804846],[-82.063591,29.793028],[-82.06312,29.791187],[-82.075022,29.791022],[-82.083135,29.785175],[-82.083784,29.784203],[-82.087398,29.782221],[-82.087359,29.778299],[-82.094004,29.778281],[-82.098074,29.780252],[-82.102014,29.783325],[-82.104062,29.783042],[-82.109115,29.783099],[-82.109065,29.790687],[-82.117549,29.790649],[-82.117584,29.798167],[-82.119528,29.798226],[-82.11963,29.801748],[-82.121711,29.801748],[-82.121779,29.805329],[-82.12403,29.805299],[-82.123928,29.823682],[-82.130203,29.823682],[-82.130172,29.830849],[-82.133105,29.830819],[-82.133106,29.835849],[-82.138495,29.835909],[-82.138427,29.83872],[-82.139109,29.841234],[-82.139791,29.854015],[-82.138992,29.855808],[-82.131148,29.860333],[-82.13108,29.864504],[-82.129529,29.865715],[-82.129119,29.871778],[-82.129563,29.87383],[-82.139044,29.888142],[-82.139385,29.891247],[-82.136565,29.900396],[-82.140944,29.9008],[-82.153018,29.900557],[-82.157102,29.899574],[-82.159263,29.901657],[-82.168184,29.903838],[-82.174613,29.904177],[-82.179402,29.906245],[-82.181619,29.906826],[-82.197903,29.910209],[-82.201399,29.911758],[-82.212245,29.920491],[-82.213978,29.923705],[-82.213867,29.925515],[-82.215321,29.927502],[-82.214725,29.929294],[-82.21342,29.930053],[-82.212499,29.934535],[-82.211847,29.935399],[-82.212052,29.936771],[-82.211959,29.939242],[-82.210894,29.94363],[-82.210589,29.948864],[-82.210963,29.949522],[-82.212289,29.955302],[-82.212405,29.959085],[-82.211052,29.962868],[-82.209506,29.963973],[-82.206492,29.969917],[-82.252473,29.985769],[-82.274024,29.998297],[-82.285214,29.982662],[-82.300123,29.968199],[-82.307436,29.9561],[-82.31915,29.954766],[-82.342139,29.961571],[-82.345158,29.950132],[-82.352233,29.937451],[-82.362491,29.932569],[-82.369835,29.935271],[-82.381961,29.930419],[-82.381894,29.944775],[-82.385771,29.944835],[-82.385739,29.942817],[-82.402989,29.942907],[-82.402588,29.953891],[-82.41404,29.953537],[-82.416903,29.95212],[-82.417717,29.938829],[-82.420275,29.935371],[-82.419967,29.931823],[-82.416024,29.931802],[-82.412956,29.930739],[-82.411217,29.92684],[-82.415717,29.926308],[-82.418888,29.923117],[-82.412137,29.921255],[-82.40538,29.91052],[-82.405073,29.901031],[-82.401571,29.890818],[-82.388885,29.882125],[-82.373816,29.879301],[-82.380163,29.871314],[-82.376584,29.8667],[-82.37761,29.861465],[-82.374334,29.851617],[-82.378186,29.840006],[-82.383125,29.839899],[-82.391425,29.844485],[-82.400917,29.844441],[-82.405265,29.843327],[-82.405237,29.839349],[-82.427133,29.826438],[-82.427133,29.815566],[-82.423212,29.808596],[-82.421406,29.768446],[-82.435924,29.772621],[-82.455008,29.780755],[-82.455148,29.744242],[-82.469761,29.749342],[-82.478859,29.738963],[-82.493872,29.739002],[-82.49588,29.734688],[-82.495949,29.728614],[-82.503393,29.728657],[-82.508071,29.727485],[-82.607172,29.727485],[-82.653806,29.726001],[-82.657013,29.726609],[-82.657451,29.770026],[-82.699141,29.76893],[-82.699304,29.783526],[-82.740808,29.782672],[-82.74123,29.809914],[-82.751172,29.805764],[-82.755256,29.798537],[-82.757566,29.796952],[-82.770568,29.793875],[-82.779006,29.78933],[-82.783412,29.789656],[-82.790885,29.787296],[-82.796258,29.791026],[-82.815121,29.79112],[-82.826565,29.796389],[-82.924364,29.795722],[-82.926594,29.796016],[-82.938875,29.802568],[-82.951915,29.802383],[-82.958652,29.80343],[-82.958787,29.796187],[-82.972207,29.796031],[-82.976261,29.781514],[-82.993687,29.781293],[-82.993852,29.775175],[-82.996828,29.771056],[-83.001692,29.769743],[-83.002016,29.761514],[-83.004289,29.76135],[-83.007695,29.762423],[-83.015374,29.754846],[-83.021038,29.754829],[-83.02844,29.749155],[-83.028409,29.76136],[-83.025891,29.765528],[-83.023487,29.768537],[-83.033961,29.768298],[-83.035371,29.76945],[-83.036495,29.771297],[-83.037002,29.773167],[-83.036139,29.775245],[-83.036473,29.775682],[-83.038304,29.776544],[-83.038883,29.779531],[-83.038524,29.780472],[-83.03664,29.780959],[-83.036101,29.782094],[-83.036453,29.782917],[-83.037269,29.783273],[-83.038558,29.785591],[-83.038387,29.786824],[-83.037361,29.787383],[-83.03716,29.788965],[-83.03571,29.790704],[-83.035783,29.79181],[-83.03738,29.792598],[-83.037776,29.794038],[-83.040375,29.795071],[-83.042296,29.795216],[-83.044957,29.797172],[-83.045142,29.799006],[-83.046359,29.801021],[-83.049529,29.802516],[-83.051501,29.801525],[-83.054063,29.799639],[-83.055281,29.800964],[-83.057176,29.801842],[-83.057832,29.802829],[-83.061246,29.802539],[-83.062156,29.801168],[-83.064003,29.800494],[-83.066306,29.801284],[-83.070001,29.805907],[-83.071033,29.809787],[-83.071448,29.810356],[-83.070845,29.811],[-83.070047,29.815262],[-83.071301,29.818242],[-83.071382,29.820306],[-83.071856,29.824459],[-83.318953,29.822571],[-83.319618,29.807715],[-83.319651,29.779368],[-83.326776,29.773586],[-83.32578,29.770586],[-83.328651,29.765856],[-83.330877,29.764635],[-83.331522,29.762042],[-83.336919,29.760503],[-83.342425,29.746312],[-83.345683,29.743514],[-83.343515,29.736341],[-83.347851,29.733187],[-83.344863,29.72703],[-83.347108,29.723345],[-83.347368,29.717527],[-83.360042,29.720223],[-83.35751,29.700347],[-83.407527,29.700196],[-83.39677,29.687346],[-83.396157,29.67472],[-83.441596,29.658596]]]},"properties":{"code":"[352]"}},{"type":"Feature","geometry":{"type":"Polygon","coordinates":[[[-90.64292,42.508512],[-90.056267,42.508025],[-89.669752,42.504863],[-88.77619,42.491887],[-88.776513,42.667623],[-88.659087,42.66893],[-88.660478,42.705423],[-88.670477,42.712372],[-88.671214,42.736373],[-88.665605,42.736421],[-88.661351,42.735862],[-88.66167,42.75208],[-88.674293,42.749011],[-88.675309,42.748349],[-88.676681,42.748338],[-88.676555,42.755757],[-88.678645,42.755745],[-88.684837,42.757409],[-88.685853,42.757322],[-88.688971,42.758051],[-88.693978,42.757669],[-88.696273,42.755403],[-88.697822,42.755084],[-88.699944,42.755367],[-88.703823,42.757222],[-88.707894,42.758317],[-88.714411,42.757794],[-88.716759,42.755585],[-88.808409,42.75508],[-88.808408,42.765072],[-88.803069,42.769488],[-88.896418,42.771954],[-88.896884,42.845981],[-89.019081,42.851718],[-89.02944,43.278837],[-89.228347,43.276396],[-89.236266,43.828172],[-89.251681,43.834704],[-89.251418,43.854495],[-89.258325,43.861453],[-89.325996,43.86143],[-89.340113,43.864937],[-89.341384,43.875303],[-89.357052,43.875306],[-89.357238,43.883758],[-89.357109,43.888243],[-89.361824,43.893942],[-89.360225,43.901142],[-89.370108,43.901281],[-89.3705,43.90882],[-89.37544,43.908265],[-89.375281,43.927521],[-89.365715,43.930209],[-89.36579,43.967178],[-89.370308,43.972061],[-89.365629,43.977702],[-89.598089,43.977182],[-89.597781,44.15613],[-89.893103,44.155296],[-89.893677,44.184123],[-89.903437,44.249264],[-89.92429,44.249404],[-90.313071,44.250024],[-90.312396,44.154962],[-90.439454,44.161108],[-90.933206,44.160578],[-91.165999,44.274086],[-91.166346,44.33521],[-91.185914,44.334461],[-91.203615,44.328606],[-91.208701,44.330362],[-91.206099,44.340888],[-91.221233,44.352641],[-91.226331,44.350987],[-91.256651,44.356773],[-91.256486,44.33875],[-91.28078,44.338713],[-91.281567,44.325155],[-91.276811,44.321662],[-91.277203,44.313934],[-91.274299,44.312127],[-91.28797,44.312022],[-91.294248,44.309929],[-91.309968,44.309888],[-91.317702,44.316424],[-91.323853,44.317121],[-91.325802,44.323047],[-91.330784,44.323005],[-91.33396,44.321542],[-91.332574,44.319961],[-91.332037,44.316802],[-91.333168,44.313451],[-91.332306,44.311872],[-91.338066,44.309908],[-91.337937,44.306858],[-91.340305,44.305819],[-91.342834,44.30189],[-91.341003,44.299463],[-91.334811,44.295647],[-91.341827,44.290913],[-91.342904,44.288909],[-91.340428,44.286983],[-91.340698,44.285827],[-91.347223,44.285123],[-91.351744,44.279577],[-91.350832,44.276483],[-91.354864,44.274981],[-91.354327,44.272901],[-91.368799,44.271012],[-91.371326,44.269311],[-91.378431,44.268154],[-91.38559,44.261832],[-91.392536,44.258829],[-91.401684,44.255862],[-91.407282,44.256363],[-91.433668,44.251539],[-91.438514,44.247297],[-91.448697,44.246834],[-91.452251,44.248223],[-91.454673,44.251231],[-91.458065,44.252195],[-91.458086,44.267199],[-91.463155,44.268433],[-91.476396,44.268279],[-91.479023,44.272423],[-91.461362,44.29542],[-91.460902,44.307356],[-91.498499,44.307291],[-91.498334,44.300587],[-91.523699,44.325179],[-91.534519,44.333572],[-91.536762,44.347929],[-91.551532,44.351212],[-91.556822,44.346467],[-91.58188,44.33868],[-91.585904,44.330993],[-91.598724,44.325569],[-91.598341,44.314784],[-91.602446,44.311466],[-91.615817,44.311279],[-91.654877,44.325967],[-91.686657,44.326327],[-91.665207,44.341447],[-91.664356,44.345458],[-91.665404,44.354877],[-91.659767,44.369077],[-91.652755,44.375917],[-91.65602,44.381573],[-91.662452,44.388183],[-91.671459,44.391911],[-91.678817,44.40102],[-91.677374,44.402588],[-91.678936,44.407589],[-91.687645,44.411851],[-91.669882,44.424011],[-91.669259,44.429364],[-91.699568,44.462161],[-91.706307,44.458574],[-91.715483,44.458524],[-91.715411,44.455516],[-91.726489,44.451391],[-91.745963,44.451484],[-91.746084,44.440753],[-91.749635,44.437126],[-91.767635,44.436946],[-91.772705,44.439368],[-91.776382,44.43947],[-91.777275,44.43773],[-91.792735,44.42539],[-91.800367,44.423569],[-91.80201,44.421835],[-91.806401,44.424768],[-91.804336,44.429656],[-91.810692,44.429891],[-91.814874,44.433139],[-91.823821,44.435338],[-91.824324,44.436903],[-91.842467,44.437066],[-91.843182,44.432116],[-91.845234,44.432738],[-91.847798,44.425468],[-91.852524,44.420616],[-91.857958,44.417816],[-91.859155,44.424499],[-91.864854,44.42972],[-91.87887,44.437859],[-91.888762,44.440099],[-91.893276,44.439321],[-91.893795,44.437386],[-91.902967,44.435779],[-91.903331,44.429763],[-91.906097,44.429886],[-91.906213,44.427419],[-91.907597,44.426967],[-91.905291,44.422849],[-91.906388,44.415674],[-91.908467,44.41332],[-91.914474,44.41716],[-91.91782,44.425072],[-91.927912,44.43471],[-91.937305,44.438018],[-91.942176,44.437686],[-91.952324,44.446124],[-91.952205,44.429442],[-91.979453,44.417143],[-91.97332,44.409353],[-91.964433,44.406568],[-91.973599,44.394622],[-92.010463,44.416281],[-92.027653,44.391468],[-92.032221,44.386407],[-92.018275,44.38072],[-92.00667,44.379128],[-91.985686,44.368571],[-91.973377,44.367481],[-91.957622,44.358072],[-91.941798,44.341224],[-91.926095,44.334351],[-91.912952,44.311634],[-91.925378,44.295527],[-91.921862,44.286717],[-91.90545,44.28185],[-91.896072,44.274631],[-91.896177,44.262669],[-91.887263,44.252422],[-91.893119,44.233108],[-91.887728,44.223952],[-91.877881,44.213173],[-91.875067,44.19998],[-91.830287,44.179303],[-91.809215,44.159294],[-91.77316,44.146528],[-91.751212,44.134627],[-91.720739,44.130606],[-91.710987,44.119591],[-91.708063,44.103309],[-91.680017,44.096478],[-91.647336,44.063716],[-91.637104,44.062906],[-91.605778,44.047769],[-91.59353,44.031666],[-91.555744,44.024242],[-91.505288,44.018672],[-91.42672,43.988807],[-91.404876,43.964335],[-91.362865,43.935435],[-91.33849,43.897073],[-91.315725,43.883542],[-91.297645,43.854947],[-91.285685,43.849025],[-91.277941,43.837684],[-91.262687,43.791927],[-91.243368,43.774408],[-91.255786,43.745394],[-91.255086,43.732676],[-91.268817,43.710338],[-91.267764,43.695638],[-91.272688,43.675499],[-91.264003,43.610445],[-91.231477,43.582486],[-91.233595,43.56259],[-91.242273,43.554088],[-91.243446,43.54014],[-91.230303,43.521082],[-91.217674,43.514221],[-91.218503,43.497022],[-91.215047,43.484458],[-91.224257,43.46596],[-91.232822,43.460284],[-91.232622,43.450635],[-91.201903,43.418728],[-91.197129,43.393237],[-91.206438,43.374292],[-91.215702,43.368676],[-91.20287,43.349196],[-91.181272,43.345811],[-91.116382,43.319658],[-91.104366,43.312766],[-91.084885,43.29137],[-91.071054,43.271199],[-91.073288,43.259405],[-91.058055,43.256552],[-91.06288,43.242876],[-91.1219,43.197393],[-91.124508,43.187714],[-91.138798,43.170097],[-91.142872,43.155846],[-91.156275,43.141718],[-91.177689,43.134272],[-91.175096,43.102818],[-91.178264,43.066885],[-91.173798,43.034396],[-91.156611,42.988002],[-91.156967,42.978394],[-91.145543,42.95881],[-91.15079,42.940153],[-91.143619,42.921929],[-91.143989,42.904343],[-91.100369,42.882614],[-91.093473,42.831425],[-91.081101,42.828325],[-91.072295,42.782072],[-91.065521,42.750178],[-91.035922,42.725209],[-90.995776,42.712938],[-90.946541,42.685811],[-90.693282,42.636539],[-90.67908,42.585081],[-90.643462,42.541216],[-90.635998,42.515372],[-90.64292,42.508512]]]},"properties":{"code":"[353,608]"}},{"type":"Feature","geometry":{"type":"Polygon","coordinates":[[[-122.344041,48.033629],[-122.300249,48.027777],[-122.231244,48.02544],[-122.213001,48.031992],[-122.178084,48.036317],[-122.158165,48.029173],[-122.150374,48.016753],[-122.153694,48.012426],[-122.153907,48.009464],[-122.151264,48.008085],[-122.15037,48.00575],[-122.14871,48.005522],[-122.147859,48.008028],[-122.140326,48.005237],[-122.138363,48.003719],[-122.138151,48.000131],[-122.136831,47.996457],[-122.140194,47.995033],[-122.13891,47.990692],[-122.140612,47.987559],[-122.14423,47.986505],[-122.146018,47.984282],[-122.143804,47.98075],[-122.1444,47.978271],[-122.138101,47.978385],[-122.137973,47.985935],[-122.134164,47.989723],[-122.128759,47.994622],[-122.127075,47.998305],[-122.127373,48.000925],[-122.12682,48.003403],[-122.132053,48.010162],[-122.135117,48.011301],[-122.136011,48.013294],[-122.135287,48.014803],[-122.135457,48.018248],[-122.134606,48.020867],[-122.13516,48.021749],[-122.13567,48.035708],[-122.119582,48.035822],[-122.119701,48.06376],[-122.119148,48.072037],[-122.111359,48.071923],[-122.110942,48.05343],[-122.106813,48.053373],[-122.106817,48.057425],[-122.075586,48.057612],[-122.075634,48.065907],[-122.032111,48.065783],[-122.032024,48.064422],[-122.030598,48.064286],[-122.031783,48.062469],[-122.033915,48.062034],[-122.037481,48.056054],[-122.032551,48.055952],[-122.032551,48.054026],[-122.022474,48.054007],[-122.011667,48.055815],[-122.0118,48.036204],[-121.956989,48.036165],[-121.955836,48.012832],[-121.939139,48.010947],[-121.931743,48.015609],[-121.931135,48.013781],[-121.939861,48.008708],[-121.945835,48.009696],[-121.957034,48.00875],[-121.954405,48.003717],[-121.956019,47.997598],[-121.960259,47.993684],[-121.9615,47.986065],[-121.97075,47.980184],[-121.975783,47.979331],[-121.977869,47.97447],[-121.976392,47.968496],[-121.971762,47.963823],[-121.971829,47.962835],[-121.990141,47.963377],[-122.014431,47.963379],[-122.041477,47.963463],[-122.045703,47.961217],[-122.060927,47.957348],[-122.063467,47.958472],[-122.063595,47.960677],[-122.064865,47.962298],[-122.068826,47.961308],[-122.073484,47.949012],[-122.091961,47.951259],[-122.10156,47.951752],[-122.101292,47.945598],[-122.110881,47.945372],[-122.115176,47.946271],[-122.120167,47.949092],[-122.120032,47.942299],[-122.141652,47.942353],[-122.137889,47.938482],[-122.132986,47.930555],[-122.133723,47.923461],[-122.128627,47.915248],[-122.138012,47.896432],[-122.144256,47.894316],[-122.14452,47.891253],[-122.14311,47.890082],[-122.136467,47.887202],[-122.128419,47.881271],[-122.125532,47.880866],[-122.123317,47.879965],[-122.11298,47.8792],[-122.109731,47.878057],[-122.109895,47.860752],[-122.114471,47.855702],[-122.134233,47.856008],[-122.134295,47.851504],[-122.135353,47.848555],[-122.135109,47.844677],[-122.134203,47.842928],[-122.145084,47.839748],[-122.14973,47.83697],[-122.150433,47.834254],[-122.133512,47.833772],[-122.1327,47.82678],[-122.143129,47.826861],[-122.143198,47.805233],[-122.101389,47.804114],[-122.101387,47.798508],[-122.095578,47.793521],[-122.087903,47.792272],[-122.054439,47.782416],[-122.054403,47.776018],[-121.671927,47.776917],[-121.671778,47.748262],[-121.704163,47.745364],[-121.722941,47.731369],[-121.714357,47.688506],[-121.739757,47.672018],[-121.734755,47.647539],[-121.700134,47.633544],[-121.623508,47.662984],[-121.583248,47.634924],[-121.575049,47.595481],[-121.599366,47.575764],[-121.568915,47.575955],[-121.535129,47.559462],[-121.539501,47.547305],[-121.461736,47.517207],[-121.442925,47.492792],[-121.392981,47.488236],[-121.287818,47.540669],[-121.240368,47.548667],[-121.218706,47.570446],[-121.172363,47.572554],[-121.171303,47.587358],[-121.09829,47.591197],[-121.112492,47.67586],[-121.057791,47.689954],[-121.112302,47.788515],[-121.073606,47.831387],[-121.134862,47.832056],[-121.191852,47.937949],[-121.122821,47.999569],[-121.161572,48.042805],[-121.02204,48.073504],[-120.95164,48.108626],[-120.947829,48.235742],[-120.864291,48.237599],[-120.681045,48.2175],[-120.653244,48.247221],[-120.699188,48.299459],[-120.831295,48.353819],[-120.832113,48.38243],[-120.643903,48.448772],[-120.60908,48.460978],[-120.647333,48.490399],[-120.703345,48.490853],[-120.69326,48.563686],[-120.710467,48.647182],[-120.791941,48.750672],[-120.90898,48.70676],[-120.842121,48.778976],[-120.922401,48.806624],[-120.992174,48.81594],[-120.979685,48.867964],[-121.025518,48.858332],[-121.06567,48.906803],[-121.064132,48.927864],[-121.091569,48.970925],[-121.081441,49.00113],[-123.321932,49.002063],[-123.008217,48.830404],[-123.008217,48.767454],[-123.267491,48.69366],[-123.218211,48.547911],[-123.159344,48.452335],[-123.114531,48.422963],[-123.247965,48.284389],[-123.540059,48.224354],[-123.675576,48.239819],[-124.018071,48.298266],[-124.851542,48.52803],[-124.834236,47.865591],[-124.533966,47.549276],[-124.262349,46.907403],[-124.186494,46.258381],[-124.035663,46.263601],[-124.040775,46.285717],[-124.029259,46.298103],[-123.97507,46.283952],[-123.934532,46.241766],[-123.872658,46.235566],[-123.745944,46.268616],[-123.651645,46.259152],[-123.551062,46.259109],[-123.498545,46.269704],[-123.473415,46.26619],[-123.426485,46.230196],[-123.430349,46.180531],[-123.372115,46.147233],[-123.279945,46.144868],[-123.168501,46.189011],[-123.11802,46.184587],[-123.042195,46.146339],[-123.00551,46.134675],[-122.962276,46.105301],[-122.905771,46.085709],[-122.883937,46.061952],[-122.878282,46.030997],[-122.856483,46.013485],[-122.836806,45.978124],[-122.808653,45.951168],[-122.812493,45.911689],[-122.782621,45.866008],[-122.794063,45.808096],[-122.764809,45.767205],[-122.760969,45.734153],[-122.775073,45.68044],[-122.758865,45.65331],[-122.645219,45.60963],[-122.530731,45.591699],[-122.416094,45.567792],[-122.386199,45.575565],[-122.353323,45.570483],[-122.331547,45.549268],[-122.284237,45.544844],[-122.228029,45.555205],[-122.148083,45.580954],[-122.109216,45.582334],[-122.104644,45.659176],[-122.144444,45.6602],[-122.121986,45.704022],[-122.13742,45.734577],[-122.055309,45.79468],[-121.930843,45.790538],[-121.726125,45.775717],[-121.675737,45.775291],[-121.657547,45.794569],[-121.691493,45.821225],[-121.611055,45.878908],[-121.612986,46.042734],[-121.523879,46.042001],[-121.519753,46.39282],[-121.413042,46.397131],[-121.439553,46.506094],[-121.392622,46.639236],[-121.360655,46.722811],[-121.414646,46.737531],[-121.518736,46.869477],[-121.539562,46.867126],[-121.53992,46.90216],[-121.44416,46.926406],[-121.381077,47.060211],[-121.406949,47.11122],[-121.391372,47.13832],[-121.309896,47.141747],[-121.325181,47.255997],[-121.343241,47.288192],[-121.429675,47.292332],[-121.442108,47.334092],[-121.45107,47.327548],[-121.521119,47.313758],[-121.536134,47.325296],[-121.548378,47.342516],[-121.559464,47.348597],[-121.577433,47.348896],[-121.59185,47.351186],[-121.595833,47.357396],[-121.610966,47.357637],[-121.618812,47.360547],[-121.62474,47.365266],[-121.624893,47.369879],[-121.634822,47.372302],[-121.648428,47.373783],[-121.693826,47.385537],[-121.717271,47.397988],[-121.723136,47.409082],[-121.740866,47.410911],[-121.755439,47.41346],[-121.767622,47.418833],[-121.805974,47.411188],[-121.819051,47.41137],[-121.843415,47.395455],[-121.872446,47.385314],[-121.88191,47.389119],[-121.895064,47.389121],[-121.901115,47.381005],[-121.918721,47.387629],[-121.923025,47.392953],[-121.955434,47.393477],[-121.959248,47.378569],[-121.971385,47.37436],[-121.974499,47.358132],[-121.999175,47.343229],[-122.049588,47.340901],[-122.048707,47.27133],[-122.117951,47.235392],[-122.112531,47.213921],[-122.103438,47.200915],[-122.091368,47.194737],[-122.083818,47.19293],[-122.080361,47.188955],[-122.063719,47.186662],[-122.05888,47.181566],[-122.059042,47.160682],[-122.158178,47.093503],[-122.167093,47.093944],[-122.176604,47.08764],[-122.188484,47.08769],[-122.191002,47.096818],[-122.212858,47.108502],[-122.222318,47.12019],[-122.229446,47.124139],[-122.233068,47.130398],[-122.235627,47.129774],[-122.238549,47.129708],[-122.240963,47.127983],[-122.241471,47.125963],[-122.239611,47.124172],[-122.238623,47.121311],[-122.242897,47.12026],[-122.241798,47.110777],[-122.245855,47.109643],[-122.245783,47.115985],[-122.267115,47.118039],[-122.266607,47.114128],[-122.251516,47.111137],[-122.250333,47.10596],[-122.251805,47.087706],[-122.272747,47.088442],[-122.269313,47.02709],[-122.251233,47.027227],[-122.234985,46.984846],[-122.278223,46.983699],[-122.358096,46.936705],[-122.505293,46.938169],[-122.505605,46.95226],[-122.516258,46.961029],[-122.517435,46.966463],[-122.551998,46.966777],[-122.553902,46.952079],[-122.551998,46.946525],[-122.55359,46.937378],[-122.563838,46.932035],[-122.567194,46.948376],[-122.572595,46.960428],[-122.562522,46.965015],[-122.566053,46.966928],[-122.572562,46.964211],[-122.575124,46.967212],[-122.581225,46.968587],[-122.585483,46.966059],[-122.588149,46.968162],[-122.586903,46.971398],[-122.580429,46.971257],[-122.576482,46.970383],[-122.575097,46.971753],[-122.577486,46.975391],[-122.58029,46.977682],[-122.582333,46.976643],[-122.584514,46.97421],[-122.590504,46.974115],[-122.599191,46.974422],[-122.602653,46.97669],[-122.608089,46.976407],[-122.611932,46.976383],[-122.611793,46.974871],[-122.610304,46.972462],[-122.6102,46.970005],[-122.611862,46.967618],[-122.61574,46.969249],[-122.618104,46.970407],[-122.624232,46.970809],[-122.629529,46.971664],[-122.638597,46.978368],[-122.638152,46.981395],[-122.635175,46.984987],[-122.631322,46.988866],[-122.632472,46.995585],[-122.625472,46.995661],[-122.625842,47.034741],[-122.685397,47.044182],[-122.685691,47.051619],[-122.689917,47.052744],[-122.693681,47.05277],[-122.690493,47.055806],[-122.690301,47.057716],[-122.695602,47.059208],[-122.696375,47.060345],[-122.695568,47.061863],[-122.701253,47.06338],[-122.70369,47.064692],[-122.703114,47.066209],[-122.699542,47.068433],[-122.699043,47.070395],[-122.700156,47.070893],[-122.702116,47.069872],[-122.70369,47.070186],[-122.705957,47.074948],[-122.708492,47.079473],[-122.705995,47.081226],[-122.70565,47.083449],[-122.707301,47.085908],[-122.701578,47.087869],[-122.696849,47.089179],[-122.697442,47.092683],[-122.696405,47.095795],[-122.696437,47.097713],[-122.702692,47.100105],[-122.793682,47.17081],[-122.848033,47.241051],[-122.85042,47.27607],[-122.811332,47.333058],[-122.811707,47.402202],[-122.694642,47.403437],[-122.665099,47.439139],[-122.660554,47.439475],[-122.661793,47.41766],[-122.631181,47.418113],[-122.631188,47.418246],[-122.630953,47.432474],[-122.602653,47.432654],[-122.603856,47.468795],[-122.572945,47.468798],[-122.572847,47.473616],[-122.556437,47.475226],[-122.54591,47.47705],[-122.545792,47.46155],[-122.516788,47.461683],[-122.514714,47.467678],[-122.478656,47.523617],[-122.449146,47.536189],[-122.459322,47.56244],[-122.529706,47.571739],[-122.548711,47.598851],[-122.585014,47.576931],[-122.585156,47.641738],[-122.60519,47.66716],[-122.574945,47.68419],[-122.575523,47.706604],[-122.545383,47.727233],[-122.441601,47.729076],[-122.444835,47.779597],[-122.417568,47.846918],[-122.372507,47.867309],[-122.32049,47.976553],[-122.353985,48.011927],[-122.344041,48.033629]]]},"properties":{"code":"[360,564]"}},{"type":"Feature","geometry":{"type":"Polygon","coordinates":[[[-97.193513,26.563877],[-97.212952,27.052028],[-97.083868,27.465122],[-96.781443,27.95489],[-96.379383,28.28793],[-96.383021,28.428503],[-96.28168,28.505836],[-96.125447,28.590527],[-96.012401,28.636878],[-96.01213,28.64637],[-96.008511,28.652269],[-96.00865,28.660783],[-96.011127,28.665848],[-95.976535,28.681636],[-95.97636,28.688073],[-95.979855,28.693131],[-95.976535,28.698801],[-95.976475,28.71617],[-95.971754,28.719851],[-95.972455,28.737332],[-95.981198,28.741473],[-95.990643,28.740399],[-95.999737,28.745301],[-96.002537,28.769216],[-95.989774,28.783622],[-95.996069,28.788219],[-96.002013,28.801704],[-95.997665,28.805108],[-95.997036,28.809789],[-96.00364,28.818325],[-96.008661,28.820113],[-96.039926,28.8712],[-96.035841,28.880054],[-96.037227,28.885163],[-96.031696,28.889143],[-96.033381,28.893643],[-96.030015,28.896761],[-96.023002,28.907327],[-96.017761,28.90975],[-96.014987,28.91529],[-96.017066,28.921003],[-96.011533,28.925241],[-96.009221,28.938257],[-96.015354,28.942584],[-96.012983,28.949072],[-96.016344,28.954956],[-96.014633,28.959256],[-96.016909,28.965747],[-96.010877,28.970245],[-96.011768,28.979326],[-96.00287,28.982007],[-95.999928,28.984024],[-96.012436,28.985073],[-96.060629,28.953709],[-96.06515,28.960011],[-96.071312,28.95679],[-96.07543,28.955918],[-96.07544,28.944039],[-96.146189,28.897277],[-96.187887,28.884129],[-96.198003,28.902204],[-96.217361,28.901939],[-96.218067,28.898716],[-96.21788,28.889805],[-96.233228,28.88959],[-96.233077,28.881289],[-96.250185,28.881166],[-96.250127,28.883194],[-96.269399,28.882881],[-96.26834,28.887306],[-96.268096,28.897652],[-96.266955,28.901505],[-96.266792,28.912066],[-96.259864,28.91228],[-96.259946,28.925121],[-96.256931,28.92883],[-96.257343,28.94141],[-96.277168,28.941354],[-96.277774,28.983728],[-96.298409,28.985509],[-96.298905,28.997277],[-96.303132,29.00027],[-96.300822,29.024379],[-96.303545,29.026635],[-96.311964,29.040977],[-96.311717,29.055554],[-96.340533,29.054839],[-96.340243,29.048522],[-96.352699,29.048352],[-96.358625,29.053254],[-96.364549,29.048445],[-96.393748,29.06842],[-96.402833,29.060313],[-96.418976,29.071815],[-96.422097,29.085804],[-96.422639,29.09979],[-96.4474,29.084292],[-96.637708,29.24814],[-96.524743,29.310856],[-96.533187,29.327109],[-96.534914,29.337831],[-96.524031,29.328463],[-96.500877,29.34929],[-96.511069,29.358011],[-96.511052,29.366715],[-96.544469,29.366378],[-96.544881,29.395324],[-96.536513,29.395453],[-96.536293,29.379625],[-96.527751,29.379668],[-96.519827,29.381187],[-96.507572,29.381295],[-96.505851,29.382326],[-96.51156,29.387279],[-96.506936,29.391566],[-96.507728,29.395928],[-96.5078,29.407623],[-96.543777,29.407193],[-96.543974,29.425036],[-96.545803,29.426816],[-96.545863,29.435235],[-96.544518,29.435282],[-96.546593,29.44483],[-96.558667,29.444619],[-96.558775,29.443776],[-96.563973,29.443764],[-96.566485,29.429096],[-96.575125,29.420911],[-96.574687,29.399323],[-96.583847,29.399153],[-96.583961,29.404324],[-96.585744,29.40771],[-96.577967,29.419919],[-96.576752,29.431137],[-96.582909,29.431419],[-96.587136,29.441909],[-96.590693,29.44257],[-96.591452,29.444705],[-96.589795,29.446179],[-96.588775,29.448947],[-96.586772,29.4503],[-96.582387,29.451172],[-96.580833,29.451863],[-96.61089,29.458569],[-96.613379,29.459378],[-96.622006,29.460793],[-96.626069,29.461093],[-96.639018,29.464091],[-96.639299,29.478448],[-96.644787,29.478426],[-96.647662,29.479324],[-96.649725,29.480821],[-96.651911,29.48357],[-96.658194,29.484931],[-96.659882,29.485801],[-96.668255,29.48572],[-96.668318,29.487652],[-96.671787,29.487597],[-96.672256,29.486509],[-96.672258,29.482016],[-96.67654,29.482016],[-96.676478,29.479323],[-96.680541,29.479241],[-96.692454,29.473555],[-96.789214,29.577077],[-96.833054,29.576676],[-96.839334,29.584457],[-96.834388,29.595704],[-96.845421,29.617538],[-96.86159,29.626961],[-96.86524,29.633499],[-97.142853,29.627376],[-97.20447,29.578202],[-97.200647,29.497698],[-97.23646,29.383506],[-97.753601,29.005475],[-97.587305,28.809079],[-97.77751,28.668342],[-97.823967,28.670567],[-97.877201,28.692445],[-97.916329,28.719239],[-98.00551,28.692666],[-98.101726,28.787028],[-98.336414,28.61139],[-98.336539,28.641146],[-98.44808,28.640877],[-98.448082,28.609463],[-98.434128,28.609196],[-98.434476,28.533453],[-98.453214,28.53352],[-98.454987,28.532721],[-98.456751,28.533516],[-98.466881,28.533555],[-98.466881,28.526043],[-98.469957,28.529978],[-98.471405,28.536019],[-98.474798,28.539119],[-98.484005,28.539498],[-98.493855,28.543653],[-98.494487,28.548064],[-98.498378,28.551999],[-98.496304,28.558977],[-98.496303,28.56303],[-98.502185,28.565692],[-98.50699,28.572343],[-98.513369,28.574171],[-98.513731,28.576634],[-98.510655,28.579892],[-98.511605,28.584103],[-98.516219,28.581362],[-98.51934,28.583229],[-98.520245,28.585891],[-98.525896,28.587495],[-98.530375,28.585227],[-98.539289,28.584823],[-98.546104,28.587159],[-98.545674,28.549935],[-98.554255,28.54022],[-98.557557,28.539639],[-98.572336,28.524566],[-98.578439,28.522537],[-98.597982,28.508258],[-98.605327,28.508],[-98.665818,28.522444],[-98.666154,28.547222],[-98.703162,28.56876],[-98.734149,28.568531],[-98.740815,28.569377],[-98.750091,28.569412],[-98.750255,28.495847],[-98.763789,28.497228],[-98.801036,28.496492],[-98.800972,28.054246],[-98.747157,28.017659],[-98.696926,27.965398],[-98.697874,27.892964],[-98.663897,27.873715],[-98.747171,27.84445],[-98.797654,27.794814],[-98.835796,27.778893],[-98.836783,27.721158],[-98.895728,27.720385],[-98.898087,27.625565],[-98.926372,27.625559],[-98.927636,27.576915],[-98.932303,27.578968],[-98.937982,27.578631],[-98.944722,27.58029],[-98.961702,27.575885],[-98.961549,27.557157],[-98.967438,27.557426],[-98.989508,27.535907],[-98.993526,27.538054],[-98.99375,27.547955],[-99.010481,27.528425],[-99.010586,27.522642],[-99.059791,27.521799],[-99.0666,27.482725],[-99.082372,27.457905],[-99.085756,27.450489],[-99.100956,27.456517],[-99.119534,27.45132],[-99.172027,27.463344],[-99.213905,27.478071],[-99.233524,27.489471],[-99.240972,27.489796],[-99.249143,27.486654],[-99.397256,27.484631],[-99.411279,27.488171],[-99.416728,27.452531],[-99.431384,27.459036],[-99.441635,27.459035],[-99.444847,27.435394],[-99.449835,27.424449],[-99.470272,27.411437],[-99.480501,27.411436],[-99.480928,27.407759],[-99.471788,27.378786],[-99.459875,27.36306],[-99.441392,27.331447],[-99.43846,27.313463],[-99.433109,27.305323],[-99.423636,27.279798],[-99.372057,27.31891],[-99.327965,27.280329],[-99.15462,27.279455],[-99.077727,27.145566],[-99.086245,27.078943],[-99.13364,27.062473],[-99.145779,27.036224],[-99.127281,26.997075],[-99.160806,26.974408],[-99.145193,26.958945],[-99.124381,26.969769],[-99.072353,26.929054],[-98.969632,26.924429],[-98.943223,26.940463],[-98.942538,26.773571],[-97.791068,26.771406],[-97.685378,26.851066],[-97.677527,26.830049],[-97.569025,26.817512],[-97.576435,26.850425],[-97.562381,26.846942],[-97.552036,26.85147],[-97.560429,26.865924],[-97.521448,26.868877],[-97.521085,26.894184],[-97.496349,26.89386],[-97.494504,26.992784],[-97.474498,26.992137],[-97.473407,26.987923],[-97.478499,26.967177],[-97.438123,26.963612],[-97.452402,26.8067],[-97.448934,26.758192],[-97.428599,26.669185],[-97.404134,26.558466],[-97.274434,26.563539],[-97.193513,26.563877]]]},"properties":{"code":"[361]"}},{"type":"Feature","geometry":{"type":"Polygon","coordinates":[[[-73.757577,40.578829],[-73.579304,40.567212],[-73.51696,40.584718],[-73.475184,40.59312],[-73.477184,40.607771],[-73.457894,40.613672],[-73.438852,40.61547],[-73.430895,40.616933],[-73.435906,40.621083],[-73.43381,40.624886],[-73.435815,40.625163],[-73.43955,40.629727],[-73.434448,40.631386],[-73.429528,40.630211],[-73.424517,40.632354],[-73.42479,40.636295],[-73.435719,40.636718],[-73.434353,40.641626],[-73.42324,40.641764],[-73.423589,40.654852],[-73.424941,40.665858],[-73.423133,40.669312],[-73.423265,40.670764],[-73.429426,40.706536],[-73.41952,40.70832],[-73.414624,40.710305],[-73.414548,40.712261],[-73.42453,40.711715],[-73.424151,40.71557],[-73.427035,40.715598],[-73.424948,40.722646],[-73.408249,40.718206],[-73.406617,40.719271],[-73.407452,40.720853],[-73.406845,40.721284],[-73.405289,40.720652],[-73.400848,40.721169],[-73.400658,40.722004],[-73.410297,40.728677],[-73.413029,40.737736],[-73.414007,40.745884],[-73.417447,40.745315],[-73.419894,40.743621],[-73.422824,40.744338],[-73.422143,40.748418],[-73.427089,40.749958],[-73.430039,40.747914],[-73.438598,40.751235],[-73.444714,40.78503],[-73.432239,40.782124],[-73.424216,40.781047],[-73.416496,40.789504],[-73.421243,40.794016],[-73.421517,40.797788],[-73.426265,40.801649],[-73.432628,40.802796],[-73.441719,40.801993],[-73.449043,40.804975],[-73.451714,40.819825],[-73.454644,40.83515],[-73.454144,40.836194],[-73.455176,40.840726],[-73.455176,40.842358],[-73.458304,40.849575],[-73.464228,40.85933],[-73.46303,40.8686],[-73.469907,40.868513],[-73.481,40.876885],[-73.479455,40.885586],[-73.520688,40.94675],[-73.622997,40.931366],[-73.743495,40.868591],[-73.756026,40.844471],[-73.777184,40.824925],[-73.776277,40.804035],[-73.74965,40.782472],[-73.701973,40.752448],[-73.700589,40.739166],[-73.708333,40.726665],[-73.730592,40.720466],[-73.726633,40.708605],[-73.725336,40.679451],[-73.728106,40.665641],[-73.724382,40.651646],[-73.740021,40.64646],[-73.741803,40.639909],[-73.741095,40.639081],[-73.740638,40.638006],[-73.74443,40.636775],[-73.747564,40.632961],[-73.767966,40.623809],[-73.766529,40.614868],[-73.763285,40.612449],[-73.755648,40.610711],[-73.748141,40.611894],[-73.745625,40.611144],[-73.743052,40.607247],[-73.740492,40.604566],[-73.738411,40.602649],[-73.738037,40.593561],[-73.745788,40.593495],[-73.757395,40.586213],[-73.757577,40.578829]]]},"properties":{"code":"[363,516]"}},{"type":"Feature","geometry":{"type":"Polygon","coordinates":[[[-123.174697,38.290498],[-123.014035,38.291958],[-122.974329,38.227668],[-122.932119,38.197284],[-122.871814,38.122002],[-122.834911,38.090163],[-122.815834,38.092032],[-122.800677,38.072938],[-122.795542,38.076252],[-122.786684,38.075334],[-122.783179,38.082851],[-122.772009,38.075342],[-122.770146,38.071124],[-122.763253,38.069174],[-122.757705,38.072476],[-122.751754,38.092212],[-122.73622,38.093593],[-122.717104,38.113863],[-122.705748,38.142703],[-122.678897,38.149972],[-122.641,38.148493],[-122.62518,38.123093],[-122.617388,38.120448],[-122.614325,38.129436],[-122.608662,38.138813],[-122.608824,38.147697],[-122.591883,38.145851],[-122.587297,38.141949],[-122.563908,38.135165],[-122.564667,38.144689],[-122.569207,38.157664],[-122.574397,38.162833],[-122.598178,38.179451],[-122.601688,38.18471],[-122.597042,38.187887],[-122.564999,38.182395],[-122.568319,38.176486],[-122.564278,38.174879],[-122.564136,38.169685],[-122.56019,38.168489],[-122.552299,38.169348],[-122.558425,38.162546],[-122.556571,38.158996],[-122.548395,38.157314],[-122.544544,38.158697],[-122.534659,38.148801],[-122.520494,38.14196],[-122.514567,38.135689],[-122.509598,38.120566],[-122.500108,38.111511],[-122.484804,38.10844],[-122.365191,38.06804],[-122.248873,38.063613],[-122.186574,38.056503],[-122.167569,38.041494],[-122.13493,38.035929],[-122.050157,38.062415],[-121.969946,38.057798],[-121.903971,38.044867],[-121.845762,38.068811],[-121.798009,38.057167],[-121.75241,38.081286],[-121.70419,38.111073],[-121.688407,38.147173],[-121.664997,38.182033],[-121.647669,38.185195],[-121.643254,38.18898],[-121.630816,38.194342],[-121.62259,38.193632],[-121.614764,38.196392],[-121.611267,38.202706],[-121.610319,38.208531],[-121.60246,38.22053],[-121.603185,38.228148],[-121.602469,38.23269],[-121.603417,38.236674],[-121.601871,38.24276],[-121.60254,38.249894],[-121.600568,38.255553],[-121.600223,38.257745],[-121.601464,38.263023],[-121.602498,38.266974],[-121.604015,38.26987],[-121.603914,38.271947],[-121.601191,38.276899],[-121.600775,38.279768],[-121.602223,38.282204],[-121.605911,38.286154],[-121.603825,38.288963],[-121.604431,38.293274],[-121.605455,38.295868],[-121.603779,38.298462],[-121.599869,38.301567],[-121.599952,38.304882],[-121.597531,38.307256],[-121.598695,38.310142],[-121.592682,38.313572],[-121.694409,38.314],[-121.693667,38.487668],[-121.69576,38.487668],[-121.695168,38.51888],[-121.698307,38.51755],[-121.757109,38.516936],[-121.756979,38.529008],[-121.761948,38.526655],[-121.768748,38.521539],[-121.768617,38.531666],[-121.772477,38.53288],[-121.78268,38.52756],[-121.782941,38.523467],[-121.78608,38.52316],[-121.79579,38.527136],[-121.813187,38.525908],[-121.851111,38.536546],[-121.884322,38.538996],[-121.894125,38.533882],[-121.90837,38.530098],[-121.925093,38.52979],[-121.920259,38.521306],[-121.900114,38.528267],[-121.885725,38.530314],[-121.885857,38.516294],[-121.866886,38.516397],[-121.867147,38.489463],[-121.923661,38.489771],[-121.923661,38.467859],[-121.915813,38.467757],[-121.91555,38.453418],[-121.968131,38.453108],[-122.032024,38.469605],[-122.04262,38.470175],[-122.055666,38.460425],[-122.056626,38.451736],[-122.054648,38.446426],[-122.098609,38.445986],[-122.097365,38.513725],[-122.10352,38.513621],[-122.154466,38.623158],[-122.165032,38.617403],[-122.170131,38.626015],[-122.161143,38.635066],[-122.16077,38.643895],[-122.169221,38.656771],[-122.190068,38.663279],[-122.19903,38.669196],[-122.200739,38.686381],[-122.205806,38.694411],[-122.222839,38.695544],[-122.225738,38.719521],[-122.245058,38.751471],[-122.250537,38.766813],[-122.253501,38.78034],[-122.272478,38.808595],[-122.275528,38.819085],[-122.281708,38.826595],[-122.285599,38.838333],[-122.314014,38.83975],[-122.323423,38.845801],[-122.330801,38.839918],[-122.347866,38.835951],[-122.373439,38.845219],[-122.391869,38.862194],[-122.390846,38.868454],[-122.406072,38.880832],[-122.406135,38.884873],[-122.423668,38.901468],[-122.423216,38.905264],[-122.401618,38.92895],[-122.340602,38.924627],[-122.340945,38.926922],[-122.349195,38.928261],[-122.378791,38.943995],[-122.395787,38.956334],[-122.400731,38.955444],[-122.40966,38.963902],[-122.406585,38.970058],[-122.408655,38.973391],[-122.416797,38.978072],[-122.419312,38.989902],[-122.41576,38.992537],[-122.409391,39.007361],[-122.411051,39.019296],[-122.435415,39.022186],[-122.454916,39.042484],[-122.489108,39.055913],[-122.488265,39.096719],[-122.498825,39.143048],[-122.481205,39.15427],[-122.482737,39.179648],[-122.511247,39.194832],[-122.516869,39.209847],[-122.571737,39.20693],[-122.717263,39.259556],[-122.756103,39.300276],[-122.738205,39.359141],[-122.734269,39.44359],[-122.731776,39.483203],[-122.729929,39.580696],[-122.887163,39.581634],[-122.883338,39.69816],[-122.941784,39.79732],[-122.947676,39.833252],[-122.964616,39.847535],[-122.962366,39.901104],[-122.924702,39.915141],[-122.92777,39.982372],[-122.974098,40.193625],[-122.990254,40.232413],[-123.054549,40.229605],[-123.15246,40.256573],[-123.228198,40.292504],[-123.312525,40.37092],[-123.297566,40.383424],[-123.281778,40.457668],[-123.3124,40.483907],[-123.322329,40.512594],[-123.287038,40.535044],[-123.328068,40.621391],[-123.346713,40.617288],[-123.362421,40.632359],[-123.363521,40.640403],[-123.382607,40.655525],[-123.381903,40.684313],[-123.364053,40.701811],[-123.351519,40.702108],[-123.349071,40.78434],[-123.365649,40.795829],[-123.363963,40.814624],[-123.352719,40.82421],[-123.427543,40.907286],[-123.445587,40.900291],[-123.45978,40.882131],[-123.488756,40.888067],[-123.522335,40.86967],[-123.564161,40.89135],[-123.58891,40.887166],[-123.607429,40.890733],[-123.627173,40.937687],[-123.651502,40.946271],[-123.687368,40.930838],[-123.749827,40.963121],[-123.750044,40.992277],[-123.694125,41.003777],[-123.705437,41.091647],[-123.688611,41.108263],[-123.680758,41.147608],[-123.692931,41.165026],[-123.703846,41.170283],[-123.704969,41.185318],[-123.677606,41.187605],[-123.662056,41.202212],[-123.649059,41.218786],[-123.657672,41.229026],[-123.678875,41.245249],[-123.715767,41.261295],[-123.71643,41.278455],[-123.732417,41.29408],[-123.735557,41.338942],[-123.71706,41.384314],[-123.666269,41.384627],[-123.620627,41.436458],[-123.612803,41.461269],[-123.636197,41.483928],[-123.647778,41.535405],[-123.687585,41.547247],[-123.687774,41.566464],[-123.683776,41.592844],[-123.728472,41.592391],[-123.704804,41.636573],[-123.682522,41.636733],[-123.688677,41.665896],[-123.663893,41.701688],[-123.661082,41.727184],[-123.675946,41.740631],[-123.687503,41.781556],[-123.674887,41.785973],[-123.674304,41.795714],[-123.691495,41.802482],[-123.704395,41.856802],[-123.660169,41.857032],[-123.607692,41.894206],[-123.592432,41.908294],[-123.555748,41.907631],[-123.534597,41.952153],[-123.53572,41.978609],[-123.53961,41.987093],[-123.52458,41.994267],[-123.521536,42.000763],[-123.533833,42.000787],[-123.567944,42.00069],[-123.623949,41.999754],[-123.65719,41.99509],[-123.728287,41.997092],[-123.810905,41.995205],[-123.834861,41.996068],[-123.989588,41.996019],[-124.0865,41.996591],[-124.087956,41.996787],[-124.100346,41.996729],[-124.102925,41.997023],[-124.21681,41.998484],[-124.241541,41.998712],[-124.23682,41.906372],[-124.252877,41.841315],[-124.294422,41.77375],[-124.192122,41.712434],[-124.161364,41.599228],[-124.117419,41.472593],[-124.161106,41.264272],[-124.223898,41.071416],[-124.185999,40.992547],[-124.390015,40.700778],[-124.484304,40.43349],[-124.433303,40.152261],[-124.023983,39.822791],[-123.899656,39.541613],[-123.945647,39.278665],[-123.855965,38.921757],[-123.688098,38.663665],[-123.377659,38.406442],[-123.174697,38.290498]]]},"properties":{"code":"[369,707]"}},{"type":"Feature","geometry":{"type":"Polygon","coordinates":[[[-83.267367,39.720413],[-83.129602,39.732815],[-83.029649,39.804747],[-82.824292,39.79563],[-82.830547,39.738319],[-82.716443,39.730659],[-82.699533,39.918586],[-82.766975,39.923328],[-82.749994,40.130328],[-82.820628,40.13277],[-82.826619,40.152404],[-82.863773,40.152903],[-82.870097,40.151546],[-82.85914,40.172187],[-82.872388,40.187238],[-82.871545,40.207577],[-82.896747,40.207534],[-82.903272,40.179973],[-82.954414,40.185772],[-82.957949,40.155645],[-83.07688,40.158377],[-83.125034,40.163761],[-83.125093,40.180868],[-83.17805,40.182218],[-83.176929,40.215465],[-83.243005,40.194057],[-83.242743,40.187452],[-83.267072,40.176279],[-83.313357,40.206589],[-83.315687,40.203809],[-83.316888,40.201878],[-83.330211,40.194922],[-83.335921,40.186629],[-83.339022,40.184567],[-83.340739,40.182645],[-83.329429,40.176655],[-83.298146,40.145356],[-83.296327,40.142618],[-83.285841,40.134211],[-83.281158,40.128768],[-83.276579,40.124144],[-83.271838,40.12437],[-83.271944,40.123923],[-83.273429,40.123543],[-83.276017,40.121901],[-83.276649,40.119665],[-83.279033,40.120146],[-83.280603,40.118206],[-83.28022,40.117032],[-83.280937,40.115974],[-83.284465,40.116465],[-83.285668,40.115975],[-83.286215,40.114554],[-83.289424,40.116046],[-83.291897,40.119268],[-83.290732,40.122937],[-83.29189,40.125402],[-83.291591,40.126719],[-83.29387,40.130207],[-83.293633,40.130762],[-83.295852,40.133923],[-83.298357,40.133923],[-83.300033,40.133445],[-83.300316,40.132823],[-83.301917,40.132564],[-83.302789,40.13291],[-83.304943,40.132071],[-83.304773,40.130187],[-83.307714,40.128302],[-83.311673,40.129664],[-83.314093,40.128983],[-83.316863,40.12937],[-83.317799,40.131296],[-83.3167,40.132602],[-83.318191,40.135165],[-83.320315,40.135267],[-83.324148,40.136176],[-83.325388,40.137676],[-83.330194,40.139267],[-83.334577,40.138781],[-83.340952,40.140433],[-83.349152,40.147688],[-83.354407,40.147644],[-83.356713,40.148653],[-83.361215,40.148097],[-83.366593,40.152199],[-83.370653,40.151283],[-83.371529,40.150091],[-83.374214,40.148758],[-83.37772,40.148373],[-83.381602,40.150179],[-83.381529,40.147117],[-83.383723,40.142225],[-83.393554,40.134227],[-83.396922,40.129477],[-83.396856,40.12783],[-83.390489,40.112278],[-83.3921,40.110114],[-83.501806,40.111204],[-83.514742,40.051511],[-83.383806,40.060435],[-83.351774,39.894699],[-83.254936,39.901805],[-83.267367,39.720413]]]},"properties":{"code":"[380,614]"}},{"type":"Feature","geometry":{"type":"Polygon","coordinates":[[[-112.07592,41.35514],[-112.093096,41.336099],[-112.26823,41.334664],[-112.473541,41.135654],[-112.347855,40.888262],[-112.35008,40.662552],[-112.325412,40.663289],[-112.291861,40.672429],[-112.289461,40.653296],[-112.254358,40.653676],[-112.250846,40.669125],[-112.234726,40.666355],[-112.203269,40.675001],[-112.200646,40.665467],[-112.202132,40.65282],[-112.194439,40.636228],[-112.19669,40.625288],[-112.185298,40.612792],[-112.174187,40.603878],[-112.173622,40.585075],[-112.181252,40.57207],[-112.177898,40.555978],[-112.182988,40.542014],[-112.179222,40.521297],[-112.186534,40.513785],[-112.176492,40.500331],[-112.180166,40.496241],[-112.171627,40.467427],[-112.189723,40.46811],[-112.194945,40.461912],[-112.21133,40.458658],[-112.208687,40.431943],[-112.195463,40.420523],[-112.200835,40.387133],[-112.188913,40.372787],[-112.195066,40.361613],[-112.173839,40.335587],[-112.19479,40.323631],[-112.190208,40.274601],[-112.172892,40.232986],[-112.156461,40.207229],[-112.150905,40.160271],[-112.174092,40.149881],[-112.173379,40.127013],[-112.152137,40.107321],[-112.174582,40.066152],[-112.180581,40.010622],[-112.161064,40.007165],[-112.125605,39.974957],[-112.11066,39.973506],[-112.086695,39.95346],[-112.104644,39.932529],[-112.10362,39.919493],[-112.073638,39.909684],[-112.052124,39.882831],[-112.080752,39.863788],[-112.077748,39.850408],[-112.065986,39.830127],[-112.081686,39.791598],[-112.04965,39.791602],[-112.018051,39.799682],[-112.001035,39.814404],[-111.989535,39.814252],[-111.985575,39.82407],[-111.987833,39.829958],[-111.977137,39.834494],[-111.941515,39.855588],[-111.911423,39.895497],[-111.873497,39.909144],[-111.841499,39.925678],[-111.829647,39.944575],[-111.785991,39.926573],[-111.785102,39.91044],[-111.754652,39.890493],[-111.759609,39.884399],[-111.756353,39.876819],[-111.740232,39.869844],[-111.734218,39.854041],[-111.74723,39.850137],[-111.749423,39.832934],[-111.765979,39.811484],[-110.856657,39.813134],[-110.85854,39.898636],[-110.960798,39.899346],[-110.995679,40.005143],[-111.016669,40.042669],[-111.041171,40.044204],[-111.052201,40.023107],[-111.077775,40.02241],[-111.112411,40.000333],[-111.152777,39.984508],[-111.168026,39.992519],[-111.173399,40.010123],[-111.204904,40.05052],[-111.226299,40.053208],[-111.201832,40.092867],[-111.181089,40.085086],[-111.161873,40.123241],[-111.153179,40.122237],[-111.149906,40.117465],[-111.149736,40.098714],[-111.117075,40.081365],[-111.115433,40.077248],[-111.107064,40.078061],[-111.086943,40.084095],[-111.044689,40.105613],[-111.030258,40.135908],[-111.023864,40.13703],[-111.02103,40.150513],[-111.027081,40.148384],[-111.027734,40.159848],[-111.021329,40.177071],[-111.029402,40.182676],[-111.036481,40.181698],[-111.051877,40.183508],[-111.103565,40.198077],[-111.105409,40.202524],[-111.10201,40.212548],[-111.105065,40.22218],[-111.122657,40.23077],[-111.129579,40.231263],[-111.135049,40.236177],[-111.1649,40.244745],[-111.182134,40.24093],[-111.210355,40.26487],[-111.215672,40.276952],[-111.236909,40.283085],[-111.250369,40.293993],[-111.257105,40.29889],[-111.284726,40.297018],[-111.316902,40.286666],[-111.361832,40.288233],[-111.376016,40.296164],[-111.418732,40.293001],[-111.443387,40.290114],[-111.460016,40.301084],[-111.435302,40.316871],[-111.482072,40.355613],[-111.555527,40.357217],[-111.555674,40.365334],[-111.574777,40.390284],[-111.570924,40.415112],[-111.586448,40.419897],[-111.600672,40.434533],[-111.612016,40.431149],[-111.622123,40.44053],[-111.636311,40.434993],[-111.634144,40.442056],[-111.661622,40.453507],[-111.647463,40.47819],[-111.637487,40.486231],[-111.637001,40.503367],[-111.595048,40.531869],[-111.59334,40.537734],[-111.591498,40.529804],[-111.571948,40.523905],[-111.572423,40.536057],[-111.567346,40.546875],[-111.5697,40.550994],[-111.575482,40.554486],[-111.581329,40.566311],[-111.592068,40.572482],[-111.593887,40.576826],[-111.590532,40.580442],[-111.583926,40.581086],[-111.576885,40.583437],[-111.57138,40.582257],[-111.563754,40.584829],[-111.560024,40.590969],[-111.560841,40.593125],[-111.558834,40.599021],[-111.558893,40.602189],[-111.554895,40.606773],[-111.555048,40.611159],[-111.558805,40.613089],[-111.558865,40.620086],[-111.567106,40.622893],[-111.567715,40.628597],[-111.57748,40.631956],[-111.576347,40.636068],[-111.578244,40.642818],[-111.581955,40.64597],[-111.588574,40.648629],[-111.594261,40.65146],[-111.596021,40.65827],[-111.601694,40.665052],[-111.603958,40.666048],[-111.604209,40.66899],[-111.602306,40.671386],[-111.600817,40.689018],[-111.599381,40.690488],[-111.599305,40.692038],[-111.59453,40.69653],[-111.592262,40.701327],[-111.593966,40.704147],[-111.611624,40.717344],[-111.612186,40.718991],[-111.615175,40.719595],[-111.614975,40.72186],[-111.616569,40.722867],[-111.615108,40.72488],[-111.61471,40.726692],[-111.613581,40.72785],[-111.619159,40.72946],[-111.623476,40.73102],[-111.622015,40.737965],[-111.624801,40.739593],[-111.624668,40.741706],[-111.619222,40.743468],[-111.61769,40.746513],[-111.618819,40.74913],[-111.622272,40.749985],[-111.622405,40.751595],[-111.623667,40.753406],[-111.6238,40.759342],[-111.630702,40.760914],[-111.639543,40.763512],[-111.638907,40.769003],[-111.648491,40.772083],[-111.649021,40.775056],[-111.645414,40.778724],[-111.646686,40.78151],[-111.644847,40.78459],[-111.644917,40.787509],[-111.649012,40.792149],[-111.64634,40.797833],[-111.640276,40.799298],[-111.637171,40.801102],[-111.623815,40.803615],[-111.6184,40.80837],[-111.613129,40.80908],[-111.60591,40.80602],[-111.593853,40.804872],[-111.587928,40.797108],[-111.588217,40.793774],[-111.581415,40.791531],[-111.581342,40.78918],[-111.555351,40.780051],[-111.532176,40.786174],[-111.529649,40.789344],[-111.520407,40.791914],[-111.515642,40.80126],[-111.516714,40.818982],[-111.504446,40.828819],[-111.490228,40.854342],[-111.480314,40.854401],[-111.478767,40.860655],[-111.484839,40.869605],[-111.494983,40.878858],[-111.50067,40.891466],[-111.510277,40.898844],[-111.505026,40.93665],[-111.582678,40.961316],[-111.586771,40.978105],[-111.594391,40.986323],[-111.591125,40.99454],[-111.577336,40.995635],[-111.533381,41.05597],[-111.500724,41.072385],[-111.426699,41.081412],[-111.376987,41.086882],[-111.372996,41.110398],[-111.334532,41.131446],[-111.255428,41.144564],[-111.225673,41.211204],[-111.256738,41.226494],[-111.266884,41.299434],[-111.329378,41.350364],[-111.374736,41.369973],[-111.466177,41.378687],[-111.516616,41.421148],[-111.546007,41.405092],[-111.567416,41.42006],[-111.62874,41.415162],[-111.649061,41.431215],[-111.699498,41.378959],[-111.751025,41.36834],[-111.79348,41.390666],[-111.860609,41.396655],[-111.879426,41.42492],[-111.924886,41.412094],[-111.954592,41.435381],[-111.971245,41.42492],[-111.968545,41.410744],[-111.968095,41.393526],[-111.976646,41.381707],[-111.960443,41.365156],[-112.027781,41.335963],[-112.035712,41.351785],[-112.04148,41.35192],[-112.043733,41.358753],[-112.050493,41.364638],[-112.064462,41.364841],[-112.064552,41.352056],[-112.07592,41.35514]]]},"properties":{"code":"[385,801]"}},{"type":"Feature","geometry":{"type":"Polygon","coordinates":[[[-71.799262,42.008087],[-71.787239,41.656216],[-71.792218,41.526845],[-71.793996,41.488233],[-71.796725,41.442315],[-71.797747,41.416711],[-71.798157,41.416632],[-71.799249,41.415926],[-71.800687,41.415553],[-71.801531,41.415566],[-71.801977,41.415901],[-71.803333,41.417389],[-71.80411,41.417339],[-71.806508,41.416645],[-71.807219,41.416756],[-71.807964,41.417352],[-71.81132,41.418902],[-71.813023,41.41941],[-71.81729,41.419882],[-71.820335,41.419478],[-71.822008,41.418103],[-71.824058,41.417],[-71.824356,41.415586],[-71.825282,41.414755],[-71.827678,41.414458],[-71.834193,41.411618],[-71.83608,41.412252],[-71.838759,41.412512],[-71.839867,41.41214],[-71.840826,41.411197],[-71.842281,41.41059],[-71.842621,41.409965],[-71.842373,41.408092],[-71.84353,41.405438],[-71.841467,41.403072],[-71.841037,41.399847],[-71.841175,41.399165],[-71.842266,41.396908],[-71.842158,41.39522],[-71.84072,41.393669],[-71.838338,41.390655],[-71.835785,41.389835],[-71.833834,41.388532],[-71.83271,41.387205],[-71.83259,41.386397],[-71.83345,41.383928],[-71.833568,41.382621],[-71.83332,41.381716],[-71.832013,41.380028],[-71.830694,41.378898],[-71.830777,41.378389],[-71.832149,41.377024],[-71.832688,41.375374],[-71.831652,41.372223],[-71.832004,41.369871],[-71.837643,41.365776],[-71.837828,41.35908],[-71.8361,41.354007],[-71.831299,41.351304],[-71.829794,41.346287],[-71.829383,41.342373],[-71.837286,41.33505],[-71.844453,41.330801],[-71.84778,41.329539],[-71.851806,41.324755],[-71.857348,41.320747],[-71.866577,41.319194],[-71.900974,41.305841],[-71.889671,41.285517],[-71.80856,41.307487],[-71.747041,41.31474],[-71.699972,41.325336],[-71.634399,41.34407],[-71.554359,41.355863],[-71.501341,41.347148],[-71.457611,41.350634],[-71.422267,41.410279],[-71.394648,41.428505],[-71.299807,41.431047],[-71.272747,41.449677],[-71.187698,41.437258],[-71.119334,41.481321],[-71.120589,41.497714],[-71.122437,41.522081],[-71.125324,41.54402],[-71.131681,41.594113],[-71.138285,41.603608],[-71.140301,41.604909],[-71.141947,41.612525],[-71.140198,41.62382],[-71.135273,41.628536],[-71.134705,41.638189],[-71.134375,41.643454],[-71.133844,41.648921],[-71.132553,41.660358],[-71.176113,41.668247],[-71.175781,41.671489],[-71.195467,41.675077],[-71.212255,41.695291],[-71.215662,41.69951],[-71.223076,41.708467],[-71.225985,41.712221],[-71.236001,41.723554],[-71.261074,41.752106],[-71.294719,41.766374],[-71.328474,41.780709],[-71.328863,41.781693],[-71.328824,41.78217],[-71.328996,41.782692],[-71.329217,41.782793],[-71.329346,41.782619],[-71.329223,41.782289],[-71.32929,41.78191],[-71.329628,41.781891],[-71.330051,41.782381],[-71.32999,41.782564],[-71.32964,41.78293],[-71.330101,41.783515],[-71.33022,41.784719],[-71.330503,41.785417],[-71.329998,41.786546],[-71.329685,41.786894],[-71.329641,41.787785],[-71.329414,41.788252],[-71.329478,41.788348],[-71.32968,41.788506],[-71.329953,41.788601],[-71.330405,41.788647],[-71.330412,41.788721],[-71.330275,41.788797],[-71.330231,41.788892],[-71.330488,41.788989],[-71.330466,41.789087],[-71.330524,41.789118],[-71.330617,41.789116],[-71.330696,41.789085],[-71.330952,41.789075],[-71.331055,41.789095],[-71.331106,41.789182],[-71.330983,41.789315],[-71.330993,41.789498],[-71.331041,41.789565],[-71.331127,41.789567],[-71.331213,41.789516],[-71.331244,41.789426],[-71.331302,41.789355],[-71.331453,41.789311],[-71.331534,41.789319],[-71.331622,41.789396],[-71.331641,41.789475],[-71.331564,41.789554],[-71.331562,41.789594],[-71.331601,41.789625],[-71.331765,41.789697],[-71.33209,41.789798],[-71.332267,41.789892],[-71.332385,41.789926],[-71.332636,41.790035],[-71.332743,41.790159],[-71.332841,41.790512],[-71.332812,41.790581],[-71.332737,41.79064],[-71.332642,41.790659],[-71.332517,41.79064],[-71.33248,41.790655],[-71.332473,41.790706],[-71.332505,41.790801],[-71.332497,41.790845],[-71.332211,41.790957],[-71.332193,41.790976],[-71.332343,41.791209],[-71.332466,41.79135],[-71.332622,41.79157],[-71.332927,41.792108],[-71.332962,41.792259],[-71.333065,41.792403],[-71.333153,41.792566],[-71.333193,41.792712],[-71.333188,41.792781],[-71.333161,41.792831],[-71.333108,41.792868],[-71.333081,41.792939],[-71.333112,41.793045],[-71.333149,41.793084],[-71.333265,41.793127],[-71.333429,41.793162],[-71.333511,41.793163],[-71.333569,41.79319],[-71.333591,41.793234],[-71.333541,41.793303],[-71.333453,41.793341],[-71.33344,41.793366],[-71.333471,41.793389],[-71.333605,41.793397],[-71.333733,41.793434],[-71.333918,41.793569],[-71.333912,41.793618],[-71.333732,41.793704],[-71.333687,41.793742],[-71.333679,41.793785],[-71.333706,41.79381],[-71.333874,41.793844],[-71.333922,41.793873],[-71.33395,41.79391],[-71.33399,41.793927],[-71.334025,41.793927],[-71.334056,41.793905],[-71.334099,41.793905],[-71.334153,41.793937],[-71.334207,41.794009],[-71.334238,41.794137],[-71.334229,41.794245],[-71.334112,41.794388],[-71.334135,41.794423],[-71.334226,41.794439],[-71.334382,41.794426],[-71.334421,41.794448],[-71.334434,41.794474],[-71.334399,41.794596],[-71.33445,41.794675],[-71.334643,41.794834],[-71.334809,41.794913],[-71.335062,41.794983],[-71.3353,41.795026],[-71.335485,41.795194],[-71.335478,41.795337],[-71.335495,41.795374],[-71.335608,41.795456],[-71.335753,41.795522],[-71.335811,41.795527],[-71.335881,41.795508],[-71.335926,41.795473],[-71.335993,41.795466],[-71.336191,41.795504],[-71.336461,41.795731],[-71.336596,41.795758],[-71.336664,41.79574],[-71.336749,41.795765],[-71.336813,41.795764],[-71.336876,41.795743],[-71.336906,41.795681],[-71.336998,41.795584],[-71.337136,41.7955],[-71.337223,41.795485],[-71.33734,41.795536],[-71.337716,41.795577],[-71.337883,41.795572],[-71.337898,41.795605],[-71.337869,41.79569],[-71.337912,41.795725],[-71.337973,41.79574],[-71.338068,41.795738],[-71.338155,41.795786],[-71.338337,41.795819],[-71.33841,41.795815],[-71.338502,41.795829],[-71.338835,41.795934],[-71.338859,41.795969],[-71.33885,41.796031],[-71.339158,41.796339],[-71.339528,41.796419],[-71.339606,41.796388],[-71.339704,41.796407],[-71.339892,41.796516],[-71.33998,41.7966],[-71.340098,41.796634],[-71.340132,41.796686],[-71.340223,41.796745],[-71.34021,41.796813],[-71.340221,41.796855],[-71.340091,41.797065],[-71.340101,41.797094],[-71.340157,41.797116],[-71.340222,41.797113],[-71.34032,41.797038],[-71.340417,41.797018],[-71.34048,41.797032],[-71.340496,41.797073],[-71.340394,41.797276],[-71.3404,41.79749],[-71.340361,41.797556],[-71.340308,41.797603],[-71.340207,41.797612],[-71.340053,41.797586],[-71.339893,41.797628],[-71.339842,41.797748],[-71.339883,41.797864],[-71.339987,41.797949],[-71.339987,41.798143],[-71.340041,41.798215],[-71.34014,41.798249],[-71.340486,41.798273],[-71.340706,41.798311],[-71.340777,41.798402],[-71.340782,41.798606],[-71.340808,41.79874],[-71.340972,41.798946],[-71.341012,41.799127],[-71.341089,41.799295],[-71.34113,41.799594],[-71.341201,41.799776],[-71.341177,41.799841],[-71.340903,41.799912],[-71.340798,41.800027],[-71.340743,41.800332],[-71.340632,41.800528],[-71.340686,41.800594],[-71.340695,41.800642],[-71.340682,41.800683],[-71.34062,41.800759],[-71.340596,41.8009],[-71.340809,41.801051],[-71.340813,41.801096],[-71.340761,41.80116],[-71.34068,41.801195],[-71.340644,41.80126],[-71.340746,41.801673],[-71.340722,41.801813],[-71.340611,41.802015],[-71.340347,41.80228],[-71.340339,41.802383],[-71.340447,41.802508],[-71.340536,41.802534],[-71.340596,41.802605],[-71.340509,41.80276],[-71.34045,41.802943],[-71.340535,41.803095],[-71.340512,41.803225],[-71.340443,41.80331],[-71.340192,41.803678],[-71.340186,41.803799],[-71.340052,41.803889],[-71.339978,41.803884],[-71.339908,41.803903],[-71.339757,41.804332],[-71.339491,41.80475],[-71.339369,41.805023],[-71.339227,41.805159],[-71.339215,41.805248],[-71.33923,41.805412],[-71.339123,41.805643],[-71.339088,41.805785],[-71.339102,41.805836],[-71.339161,41.805891],[-71.339298,41.805923],[-71.339375,41.806055],[-71.339385,41.806124],[-71.339413,41.806167],[-71.339635,41.806287],[-71.339677,41.80634],[-71.339646,41.806394],[-71.339531,41.806525],[-71.33942,41.806731],[-71.339358,41.80696],[-71.339452,41.807121],[-71.339429,41.807328],[-71.339219,41.80767],[-71.339243,41.807858],[-71.339186,41.807945],[-71.339194,41.807987],[-71.339213,41.80802],[-71.339338,41.808041],[-71.339378,41.808077],[-71.339384,41.808111],[-71.339314,41.80824],[-71.339331,41.808526],[-71.347543,41.823245],[-71.345205,41.827664],[-71.335416,41.835648],[-71.342549,41.844655],[-71.334039,41.862605],[-71.337823,41.873172],[-71.339525,41.877967],[-71.340118,41.879631],[-71.340437,41.880592],[-71.340887,41.881803],[-71.338785,41.898591],[-71.381459,41.893548],[-71.381399,41.952895],[-71.381386,41.965428],[-71.381368,41.98282],[-71.381357,41.984406],[-71.381299,41.985087],[-71.381502,41.999756],[-71.38151,42.010351],[-71.3814,42.018796],[-71.390893,42.018799],[-71.402397,42.018677],[-71.41428,42.018503],[-71.415714,42.018503],[-71.419875,42.018386],[-71.421748,42.018307],[-71.428243,42.018227],[-71.441556,42.018094],[-71.446788,42.0179],[-71.451205,42.017889],[-71.458189,42.017799],[-71.476154,42.01758],[-71.481175,42.017526],[-71.483835,42.017478],[-71.489387,42.0174],[-71.497671,42.017281],[-71.498317,42.017273],[-71.499236,42.017201],[-71.505835,42.016705],[-71.514475,42.016071],[-71.527706,42.015093],[-71.769818,42.009535],[-71.799262,42.008087]]]},"properties":{"code":"[401]"}},{"type":"Feature","geometry":{"type":"Polygon","coordinates":[[[-85.281567,33.363741],[-85.280733,33.364535],[-85.280693,33.366307],[-85.277683,33.368146],[-85.275784,33.367758],[-85.272988,33.369279],[-85.270584,33.368469],[-85.271453,33.367862],[-85.267332,33.365567],[-85.267533,33.363811],[-85.265089,33.362377],[-85.26525,33.361567],[-85.26719,33.361702],[-85.266483,33.360926],[-85.264988,33.36042],[-85.262812,33.358762],[-85.261478,33.358577],[-85.260731,33.360078],[-85.257377,33.358762],[-85.256933,33.360078],[-85.255765,33.360129],[-85.254614,33.358712],[-85.253139,33.357733],[-85.25338,33.356803],[-85.252592,33.35623],[-85.250733,33.355487],[-85.247645,33.353741],[-85.245685,33.353573],[-85.243281,33.352965],[-85.24144,33.351158],[-85.238854,33.349234],[-85.239541,33.347766],[-85.239087,33.347369],[-85.23606,33.349478],[-85.232291,33.349934],[-85.231874,33.350648],[-85.225484,33.352929],[-85.224245,33.354462],[-85.220235,33.35738],[-85.22009,33.357965],[-85.218819,33.359308],[-85.214592,33.355904],[-85.213402,33.355407],[-85.215201,33.354161],[-85.216788,33.352575],[-85.220132,33.351013],[-85.221776,33.349213],[-85.221351,33.346751],[-85.221965,33.34388],[-85.224148,33.342531],[-85.225593,33.34066],[-85.226783,33.340637],[-85.226103,33.33976],[-85.223728,33.338477],[-85.218117,33.334333],[-85.217975,33.333694],[-85.219817,33.332344],[-85.218853,33.331421],[-85.217776,33.331018],[-85.216813,33.331492],[-85.217238,33.333007],[-85.214347,33.334902],[-85.215878,33.336109],[-85.215679,33.33708],[-85.211913,33.336565],[-85.209221,33.33647],[-85.206692,33.335874],[-85.203292,33.334216],[-85.199182,33.330854],[-85.193248,33.326337],[-85.19869,33.327971],[-85.196593,33.324324],[-85.19378,33.320871],[-85.189954,33.317034],[-85.192339,33.316808],[-85.192084,33.314534],[-85.191007,33.314416],[-85.187379,33.310816],[-85.184602,33.311597],[-85.182646,33.311574],[-85.180577,33.311005],[-85.174144,33.3066],[-85.169793,33.310591],[-85.167554,33.311799],[-85.167186,33.312936],[-85.166109,33.313504],[-85.165825,33.314617],[-85.163781,33.316111],[-85.160919,33.317556],[-85.160437,33.318527],[-85.159615,33.319261],[-85.159332,33.320611],[-85.1573,33.322384],[-85.15509,33.318287],[-85.153106,33.316155],[-85.151235,33.315137],[-85.147438,33.314782],[-85.146502,33.313669],[-85.14483,33.315563],[-85.141004,33.320821],[-85.14402,33.324252],[-85.146287,33.324986],[-85.148979,33.32797],[-85.151259,33.328796],[-85.153724,33.327896],[-85.159251,33.327991],[-85.161559,33.332906],[-85.165952,33.337642],[-85.162863,33.337786],[-85.162296,33.338117],[-85.159887,33.337951],[-85.156741,33.338094],[-85.155324,33.335536],[-85.153992,33.335134],[-85.150764,33.332846],[-85.149149,33.333367],[-85.144926,33.333816],[-85.140561,33.333367],[-85.139594,33.33472],[-85.138829,33.33749],[-85.140076,33.343976],[-85.141436,33.34426],[-85.139359,33.348989],[-85.138282,33.345793],[-85.135647,33.344467],[-85.134958,33.344751],[-85.131358,33.344538],[-85.124349,33.337721],[-85.124094,33.335282],[-85.120098,33.334809],[-85.118624,33.334146],[-85.117009,33.334406],[-85.115053,33.331778],[-85.11533,33.330991],[-85.111476,33.328481],[-85.109577,33.323627],[-85.112629,33.319289],[-85.113847,33.31891],[-85.115038,33.316021],[-85.114726,33.314339],[-85.111382,33.313558],[-85.10988,33.315239],[-85.108491,33.315263],[-85.107471,33.314102],[-85.106479,33.313937],[-85.106167,33.312444],[-85.104636,33.311213],[-85.103191,33.309579],[-85.102341,33.309365],[-85.102256,33.308726],[-85.103161,33.30809],[-85.103615,33.306053],[-85.102717,33.302096],[-85.099741,33.297026],[-85.098653,33.296188],[-85.096528,33.295904],[-85.09392,33.294696],[-85.092871,33.293275],[-85.094709,33.291975],[-85.094,33.289061],[-85.091377,33.28876],[-85.087371,33.290139],[-85.081951,33.295418],[-85.07869,33.302484],[-85.079585,33.305124],[-85.07906,33.310988],[-85.081181,33.314179],[-85.08137,33.317093],[-85.07156,33.323261],[-85.063599,33.336365],[-85.06473,33.338137],[-85.0677,33.341445],[-85.067558,33.34554],[-85.062751,33.346524],[-85.059216,33.349713],[-85.063279,33.354248],[-85.062572,33.359484],[-85.059367,33.361373],[-85.048462,33.362643],[-85.044126,33.365162],[-85.043325,33.368272],[-85.05261,33.372168],[-85.059303,33.374451],[-85.060528,33.376104],[-85.057388,33.378982],[-85.048197,33.380596],[-85.04174,33.383626],[-85.03288,33.39008],[-85.031864,33.401871],[-85.028565,33.405727],[-85.022476,33.410689],[-85.016961,33.414152],[-85.017339,33.419856],[-85.015406,33.42556],[-84.938522,33.223983],[-84.862324,33.223914],[-84.862223,33.207494],[-84.871676,33.207392],[-84.871431,33.20624],[-84.870422,33.205191],[-84.869657,33.199713],[-84.869137,33.198458],[-84.869963,33.195284],[-84.867454,33.195566],[-84.865252,33.198049],[-84.862284,33.198714],[-84.862407,33.191188],[-84.852243,33.191216],[-84.85262,33.223908],[-84.825128,33.224051],[-84.82333,33.220475],[-84.8216,33.215802],[-84.820612,33.212039],[-84.820884,33.208357],[-84.816127,33.205951],[-84.809048,33.205134],[-84.802463,33.202154],[-84.798862,33.199837],[-84.799553,33.195689],[-84.796598,33.192757],[-84.796373,33.191077],[-84.794872,33.190938],[-84.793561,33.190419],[-84.796302,33.188863],[-84.798473,33.186112],[-84.800322,33.183023],[-84.802539,33.181128],[-84.802777,33.180051],[-84.802784,33.175964],[-84.799804,33.174077],[-84.79785,33.173458],[-84.795681,33.170007],[-84.796944,33.168091],[-84.803642,33.166416],[-84.805977,33.161627],[-84.808798,33.159642],[-84.809728,33.157886],[-84.807225,33.157866],[-84.803388,33.156968],[-84.801552,33.157128],[-84.794343,33.159714],[-84.792937,33.159694],[-84.784385,33.158406],[-84.776684,33.158982],[-84.770966,33.162302],[-84.770012,33.163579],[-84.76975,33.165595],[-84.767797,33.16477],[-84.765366,33.164052],[-84.765199,33.161079],[-84.763997,33.158557],[-84.762585,33.155177],[-84.76187,33.152443],[-84.761298,33.14973],[-84.760081,33.148596],[-84.756124,33.1466],[-84.754241,33.146501],[-84.750376,33.144898],[-84.741152,33.143362],[-84.739674,33.14416],[-84.736957,33.14404],[-84.731974,33.145699],[-84.729721,33.142314],[-84.726289,33.138422],[-84.725142,33.13432],[-84.725833,33.13099],[-84.728181,33.123553],[-84.727994,33.120632],[-84.726027,33.114399],[-84.725122,33.104168],[-84.723754,33.100315],[-84.719561,33.101279],[-84.715296,33.100258],[-84.709609,33.099946],[-84.702685,33.100291],[-84.697777,33.101397],[-84.692042,33.113461],[-84.68833,33.116984],[-84.688195,33.120811],[-84.686502,33.124893],[-84.687476,33.128412],[-84.694009,33.136633],[-84.696367,33.145103],[-84.697687,33.145812],[-84.697631,33.172346],[-84.683661,33.172466],[-84.682845,33.172232],[-84.683084,33.175236],[-84.684576,33.17826],[-84.683644,33.179704],[-84.683107,33.182671],[-84.678398,33.189041],[-84.678328,33.191031],[-84.676976,33.192026],[-84.67679,33.193996],[-84.678002,33.198716],[-84.678038,33.206686],[-84.673158,33.206299],[-84.674882,33.213867],[-84.674428,33.217391],[-84.670895,33.218271],[-84.670625,33.221439],[-84.669237,33.222389],[-84.668984,33.224078],[-84.666405,33.227264],[-84.664939,33.227835],[-84.665001,33.228837],[-84.66595,33.229578],[-84.652191,33.22943],[-84.652055,33.223],[-84.613149,33.22205],[-84.503518,33.221668],[-84.500584,33.21875],[-84.502536,33.216186],[-84.501897,33.214891],[-84.500819,33.215285],[-84.496237,33.207276],[-84.498156,33.204994],[-84.498358,33.201473],[-84.494782,33.200638],[-84.490641,33.197596],[-84.492897,33.195595],[-84.493637,33.196581],[-84.496937,33.19196],[-84.495077,33.189808],[-84.496864,33.183241],[-84.507403,33.175379],[-84.505922,33.171377],[-84.505652,33.168164],[-84.508273,33.163585],[-84.510226,33.162204],[-84.509014,33.16009],[-84.509284,33.157609],[-84.507288,33.154616],[-84.509847,33.154362],[-84.512608,33.149682],[-84.515301,33.148386],[-84.515604,33.145707],[-84.514897,33.144213],[-84.515806,33.142691],[-84.518029,33.14176],[-84.516042,33.140887],[-84.515638,33.139308],[-84.516917,33.137983],[-84.51424,33.135199],[-84.512692,33.131139],[-84.510806,33.130998],[-84.511345,33.128573],[-84.511183,33.125877],[-84.513236,33.126328],[-84.518354,33.12238],[-84.51798,33.120833],[-84.519832,33.113952],[-84.519461,33.111949],[-84.517573,33.10998],[-84.518213,33.108626],[-84.518819,33.104847],[-84.518415,33.102449],[-84.519054,33.101321],[-84.520704,33.102054],[-84.523172,33.100515],[-84.525865,33.099895],[-84.52893,33.098371],[-84.527785,33.096002],[-84.528626,33.093999],[-84.527616,33.091855],[-84.521758,33.094733],[-84.520073,33.093153],[-84.519467,33.090529],[-84.51641,33.08794],[-84.51146,33.08605],[-84.510854,33.084244],[-84.5121,33.082721],[-84.513213,33.078263],[-84.516277,33.077925],[-84.51759,33.079195],[-84.51658,33.081339],[-84.518399,33.082016],[-84.522237,33.081],[-84.525007,33.077926],[-84.527128,33.070167],[-84.522848,33.065533],[-84.522695,33.058476],[-84.523776,33.056987],[-84.523157,33.054591],[-84.525246,33.05265],[-84.52608,33.048697],[-84.527316,33.046884],[-84.527313,33.044099],[-84.52886,33.042676],[-84.530726,33.04293],[-84.535121,33.042171],[-84.537115,33.036271],[-84.535176,33.033561],[-84.534896,33.030827],[-84.533044,33.027324],[-84.534724,33.026276],[-84.533561,33.021074],[-84.538041,33.012261],[-84.536878,33.009515],[-84.534723,33.007564],[-84.533301,33.005143],[-84.529934,33.003533],[-84.526875,32.999884],[-84.529977,32.99721],[-84.531226,32.993849],[-84.528673,32.989743],[-84.530439,32.986707],[-84.529535,32.98331],[-84.524752,32.980599],[-84.521564,32.97619],[-84.521779,32.973371],[-84.527165,32.970407],[-84.526538,32.96932],[-84.520237,32.969157],[-84.50489,32.972733],[-84.49937,32.9797],[-84.502008,32.982937],[-84.498137,32.982929],[-84.495156,32.985182],[-84.494912,32.988255],[-84.490223,32.990878],[-84.490956,32.991984],[-84.489753,32.993629],[-84.483881,32.993518],[-84.122435,32.98958],[-84.122289,32.972612],[-84.113577,32.972589],[-84.10952,32.957294],[-84.122016,32.945657],[-84.121993,32.931916],[-84.056089,32.931844],[-84.056363,32.948118],[-84.043819,32.948011],[-84.044947,33.202302],[-83.866736,33.200792],[-83.866015,33.20004],[-83.859551,33.20064],[-83.856376,33.198436],[-83.856076,33.197234],[-83.854218,33.197033],[-83.852421,33.194979],[-83.850021,33.195232],[-83.84583,33.197035],[-83.842538,33.196784],[-83.840143,33.194981],[-83.840503,33.193328],[-83.835354,33.187617],[-83.831462,33.18426],[-83.822123,33.180552],[-83.817093,33.186669],[-83.811948,33.190327],[-83.807679,33.191938],[-83.807897,33.193646],[-83.809545,33.193791],[-83.813193,33.192629],[-83.815798,33.193246],[-83.817231,33.194373],[-83.817361,33.195935],[-83.813974,33.196262],[-83.812498,33.197388],[-83.812498,33.199205],[-83.814409,33.200004],[-83.819098,33.200404],[-83.822356,33.202267],[-83.824744,33.2055],[-83.824875,33.209496],[-83.827524,33.21055],[-83.830867,33.210223],[-83.83282,33.209024],[-83.834427,33.209678],[-83.834818,33.211495],[-83.831475,33.215164],[-83.827654,33.217779],[-83.826655,33.219704],[-83.823963,33.22181],[-83.82218,33.228817],[-83.817092,33.237081],[-83.814086,33.246215],[-83.82338,33.256797],[-83.824404,33.260425],[-83.825272,33.263946],[-83.829354,33.266088],[-83.833526,33.273748],[-83.832398,33.278974],[-83.833143,33.282756],[-83.831797,33.284789],[-83.828932,33.286458],[-83.827717,33.292986],[-83.829366,33.295563],[-83.82954,33.299047],[-83.837447,33.307198],[-83.836839,33.312243],[-83.842528,33.317749],[-83.84023,33.327921],[-83.864491,33.3422],[-83.858457,33.354348],[-83.862885,33.359098],[-83.860534,33.367038],[-83.846831,33.376109],[-83.838495,33.38985],[-83.83154,33.393039],[-83.833143,33.395096],[-83.838734,33.39885],[-83.84001,33.410516],[-83.842367,33.414961],[-83.828099,33.415132],[-83.831258,33.420582],[-83.830656,33.421922],[-83.826992,33.420794],[-83.826842,33.422133],[-83.818918,33.418659],[-83.817765,33.420877],[-83.81957,33.422301],[-83.816561,33.425314],[-83.816561,33.427323],[-83.815809,33.42837],[-83.81295,33.424644],[-83.808623,33.427587],[-83.808121,33.431019],[-83.805714,33.432902],[-83.801052,33.432922],[-83.796238,33.435433],[-83.801052,33.438907],[-83.803008,33.438488],[-83.804914,33.4392],[-83.805616,33.441334],[-83.771239,33.452266],[-83.736787,33.480864],[-83.704591,33.488545],[-83.712199,33.495083],[-83.705408,33.501015],[-83.70319,33.497829],[-83.701118,33.498252],[-83.696801,33.494229],[-83.696694,33.493449],[-83.688853,33.485714],[-83.6892,33.484532],[-83.687667,33.483201],[-83.685502,33.482756],[-83.678922,33.483897],[-83.67856,33.483528],[-83.674818,33.487294],[-83.683081,33.494605],[-83.683144,33.496845],[-83.684481,33.501904],[-83.686606,33.506306],[-83.685869,33.508574],[-83.688166,33.510603],[-83.682202,33.526212],[-83.677702,33.571918],[-83.681244,33.575874],[-83.682841,33.579295],[-83.684172,33.57958],[-83.687061,33.582208],[-83.68585,33.584349],[-83.686154,33.586597],[-83.687371,33.588244],[-83.526751,33.796237],[-83.522859,33.79656],[-83.512269,33.80792],[-83.512233,33.80992],[-83.531343,33.800598],[-83.538292,33.81098],[-83.542751,33.810951],[-83.544379,33.81048],[-83.548909,33.811098],[-83.551103,33.812274],[-83.552872,33.816155],[-83.556473,33.816827],[-83.558207,33.817827],[-83.563197,33.818699],[-83.564967,33.819905],[-83.569886,33.820258],[-83.572576,33.823727],[-83.570063,33.827578],[-83.570417,33.830841],[-83.569732,33.831912],[-83.566937,33.834176],[-83.567149,33.835645],[-83.560672,33.838137],[-83.558301,33.840724],[-83.560201,33.841762],[-83.561832,33.842401],[-83.562737,33.844301],[-83.563915,33.844677],[-83.566089,33.847084],[-83.56978,33.847103],[-83.57153,33.84651],[-83.572571,33.847206],[-83.573432,33.847432],[-83.573726,33.848654],[-83.5747,33.84888],[-83.574788,33.851154],[-83.574177,33.852526],[-83.574947,33.854407],[-83.575286,33.854897],[-83.566804,33.860853],[-83.56463,33.86059],[-83.563204,33.861173],[-83.559633,33.865428],[-83.557958,33.865954],[-83.553112,33.865108],[-83.549213,33.85717],[-83.548375,33.856305],[-83.544087,33.861471],[-83.537989,33.869054],[-83.533642,33.871743],[-83.525498,33.874758],[-83.529484,33.875754],[-83.534669,33.875698],[-83.547231,33.881223],[-83.551019,33.88261],[-83.555933,33.885321],[-83.560179,33.889715],[-83.565384,33.89315],[-83.572657,33.897363],[-83.574768,33.899751],[-83.563375,33.907832],[-83.553221,33.897047],[-83.549083,33.894739],[-83.544169,33.896832],[-83.539198,33.901739],[-83.534123,33.902625],[-83.529876,33.90185],[-83.526902,33.90295],[-83.522558,33.902454],[-83.518194,33.898322],[-83.515705,33.897383],[-83.514089,33.898269],[-83.511083,33.896337],[-83.506331,33.896363],[-83.504072,33.894776],[-83.502713,33.8944],[-83.501744,33.893058],[-83.500386,33.893917],[-83.499351,33.89271],[-83.494697,33.892817],[-83.492854,33.891985],[-83.489945,33.893461],[-83.489815,33.89432],[-83.492401,33.897083],[-83.493113,33.898318],[-83.494794,33.900518],[-83.498511,33.899632],[-83.502422,33.895983],[-83.502519,33.897191],[-83.504749,33.902667],[-83.505913,33.904385],[-83.5068,33.91049],[-83.509677,33.916043],[-83.509202,33.918487],[-83.505807,33.917227],[-83.502381,33.922028],[-83.500312,33.921465],[-83.499601,33.924201],[-83.495463,33.92793],[-83.494202,33.928305],[-83.493491,33.924818],[-83.490858,33.925144],[-83.490244,33.925922],[-83.486785,33.92611],[-83.487109,33.928883],[-83.487917,33.932396],[-83.489468,33.937709],[-83.489889,33.940229],[-83.493412,33.93972],[-83.494899,33.940015],[-83.494964,33.93972],[-83.497162,33.939398],[-83.500221,33.940742],[-83.50355,33.939214],[-83.508432,33.931356],[-83.5115,33.93162],[-83.518878,33.94233],[-83.516521,33.946269],[-83.511048,33.944607],[-83.508511,33.948221],[-83.508012,33.954756],[-83.507443,33.958874],[-83.50484,33.965531],[-83.50273,33.966719],[-83.501516,33.969946],[-83.501948,33.971104],[-83.501516,33.97375],[-83.499357,33.972846],[-83.49728,33.972557],[-83.495917,33.97348],[-83.494737,33.97348],[-83.494022,33.973701],[-83.493673,33.974624],[-83.49312,33.974897],[-83.493385,33.976992],[-83.494646,33.980066],[-83.494762,33.982712],[-83.495682,33.984782],[-83.497672,33.985459],[-83.498007,33.987352],[-83.537454,33.965767],[-83.549722,33.997544],[-83.551039,34.003206],[-83.563178,34.031988],[-83.564927,34.032386],[-83.568818,34.031046],[-83.571223,34.031553],[-83.57389,34.037066],[-83.57341,34.039239],[-83.576645,34.039783],[-83.577825,34.039602],[-83.584427,34.041123],[-83.583737,34.039412],[-83.58439,34.03857],[-83.586445,34.039091],[-83.587678,34.038069],[-83.588766,34.03837],[-83.590603,34.037288],[-83.592175,34.037548],[-83.593021,34.037148],[-83.594109,34.037448],[-83.595004,34.036667],[-83.595995,34.036547],[-83.596551,34.036987],[-83.597228,34.036466],[-83.597953,34.036607],[-83.598727,34.037528],[-83.59982,34.03625],[-83.600449,34.036371],[-83.600594,34.037012],[-83.601416,34.036711],[-83.60202,34.037212],[-83.603036,34.037332],[-83.602988,34.038534],[-83.604632,34.038755],[-83.605236,34.039456],[-83.605865,34.038975],[-83.606856,34.039196],[-83.607557,34.039416],[-83.607581,34.038715],[-83.609201,34.038274],[-83.610313,34.038615],[-83.610555,34.039136],[-83.609491,34.039596],[-83.610821,34.039917],[-83.611256,34.040638],[-83.611788,34.041079],[-83.611982,34.042041],[-83.611232,34.042341],[-83.611667,34.043603],[-83.611547,34.044405],[-83.613582,34.044361],[-83.615516,34.045243],[-83.615613,34.046365],[-83.61467,34.046265],[-83.614428,34.047166],[-83.615541,34.047326],[-83.616339,34.047186],[-83.616677,34.047647],[-83.617161,34.047607],[-83.617958,34.046826],[-83.618684,34.047206],[-83.62086,34.046365],[-83.62173,34.046946],[-83.623568,34.046745],[-83.622891,34.046104],[-83.624003,34.045804],[-83.625416,34.045281],[-83.626794,34.045301],[-83.627012,34.046223],[-83.6281,34.045642],[-83.629526,34.045461],[-83.630373,34.04456],[-83.630784,34.046123],[-83.631775,34.046483],[-83.633056,34.046203],[-83.633634,34.045847],[-83.634698,34.046448],[-83.635858,34.045947],[-83.637043,34.047089],[-83.637454,34.04785],[-83.63876,34.048391],[-83.64229,34.048711],[-83.643886,34.049352],[-83.644297,34.050094],[-83.643282,34.050234],[-83.643354,34.050875],[-83.644346,34.051075],[-83.645796,34.051035],[-83.64686,34.050033],[-83.646909,34.04781],[-83.64744,34.046528],[-83.648432,34.045887],[-83.649447,34.046488],[-83.65085,34.046448],[-83.654791,34.047469],[-83.655975,34.048531],[-83.656615,34.050093],[-83.656688,34.053158],[-83.657518,34.053598],[-83.659863,34.052557],[-83.66291,34.052597],[-83.664143,34.051635],[-83.663732,34.050574],[-83.663925,34.050093],[-83.663176,34.049031],[-83.665497,34.048731],[-83.665811,34.04817],[-83.668084,34.048029],[-83.669655,34.04861],[-83.670115,34.049913],[-83.671759,34.050614],[-83.672412,34.051575],[-83.672339,34.052457],[-83.673547,34.053135],[-83.674127,34.052414],[-83.674635,34.053175],[-83.675626,34.053856],[-83.676787,34.053135],[-83.676714,34.052374],[-83.6786,34.052594],[-83.679833,34.051552],[-83.678745,34.05033],[-83.679658,34.047224],[-83.681906,34.047525],[-83.685582,34.046984],[-83.686935,34.048687],[-83.685775,34.051251],[-83.68592,34.052252],[-83.685485,34.053314],[-83.686258,34.053715],[-83.688193,34.053815],[-83.689668,34.053054],[-83.690086,34.052082],[-83.692092,34.051721],[-83.694075,34.052963],[-83.693809,34.054886],[-83.69451,34.056349],[-83.695888,34.056229],[-83.696444,34.053925],[-83.697267,34.053564],[-83.698234,34.052643],[-83.698959,34.052863],[-83.699467,34.053945],[-83.700869,34.054506],[-83.701425,34.053604],[-83.702175,34.053224],[-83.702152,34.051856],[-83.702805,34.050434],[-83.702418,34.049092],[-83.704135,34.047429],[-83.704111,34.046327],[-83.704909,34.045947],[-83.705876,34.046227],[-83.708463,34.046127],[-83.709406,34.045125],[-83.712017,34.046307],[-83.712259,34.047669],[-83.713323,34.049492],[-83.714459,34.049573],[-83.714483,34.050935],[-83.713879,34.051716],[-83.712964,34.052361],[-83.712384,34.054724],[-83.713351,34.056427],[-83.71514,34.056287],[-83.717655,34.054825],[-83.717727,34.054123],[-83.718839,34.053322],[-83.720894,34.055185],[-83.720435,34.055966],[-83.721164,34.057679],[-83.720414,34.058981],[-83.720608,34.059962],[-83.721502,34.060303],[-83.721526,34.062426],[-83.723461,34.063547],[-83.727095,34.061367],[-83.73077,34.059945],[-83.732897,34.060466],[-83.734517,34.06365],[-83.733907,34.065984],[-83.733351,34.067086],[-83.734052,34.067426],[-83.736518,34.067026],[-83.737437,34.066345],[-83.738863,34.066665],[-83.740508,34.069489],[-83.742643,34.069366],[-83.743562,34.068325],[-83.743513,34.067403],[-83.74228,34.066021],[-83.743102,34.06506],[-83.745182,34.0653],[-83.747333,34.0649],[-83.74801,34.06518],[-83.751507,34.064243],[-83.755739,34.065304],[-83.757431,34.066706],[-83.76188,34.066846],[-83.763066,34.066076],[-83.763357,34.064835],[-83.76413,34.064815],[-83.767539,34.066457],[-83.769087,34.069081],[-83.769481,34.073008],[-83.77135,34.07387],[-83.773006,34.073674],[-83.773834,34.074321],[-83.777502,34.079416],[-83.780128,34.081023],[-83.785073,34.083315],[-83.789497,34.086274],[-83.791075,34.087173],[-83.791643,34.088485],[-83.789834,34.093607],[-83.792156,34.100335],[-83.794123,34.101533],[-83.797127,34.102395],[-83.799824,34.102865],[-83.804034,34.106625],[-83.805974,34.108094],[-83.805667,34.109877],[-83.806628,34.110003],[-83.807551,34.109435],[-83.809798,34.110825],[-83.810295,34.112099],[-83.811715,34.112882],[-83.814908,34.11347],[-83.815203,34.114293],[-83.814635,34.114645],[-83.811323,34.115448],[-83.810779,34.11633],[-83.811725,34.116761],[-83.813192,34.117133],[-83.813194,34.118208],[-83.811893,34.120343],[-83.812389,34.121087],[-83.813856,34.121635],[-83.81485,34.121341],[-83.815962,34.121792],[-83.816622,34.12294],[-83.816471,34.124585],[-83.815591,34.126002],[-83.81627,34.127334],[-83.817258,34.127699],[-83.817711,34.12758],[-83.619664,34.295808],[-83.624985,34.301104],[-83.624102,34.304024],[-83.625307,34.306414],[-83.62297,34.308405],[-83.63294,34.314046],[-83.627132,34.316313],[-83.62819,34.317251],[-83.628472,34.319267],[-83.630756,34.31875],[-83.632666,34.32255],[-83.636954,34.323222],[-83.63714,34.326046],[-83.638674,34.329691],[-83.638393,34.330752],[-83.638456,34.332588],[-83.637611,34.333983],[-83.637673,34.335224],[-83.636859,34.337757],[-83.639242,34.340062],[-83.641371,34.340889],[-83.642591,34.341044],[-83.644217,34.340682],[-83.647128,34.340605],[-83.648631,34.340915],[-83.649883,34.34063],[-83.651579,34.343961],[-83.651735,34.347192],[-83.646242,34.35163],[-83.642048,34.353491],[-83.641766,34.354498],[-83.642414,34.357235],[-83.641725,34.359225],[-83.639159,34.36124],[-83.637375,34.364289],[-83.637717,34.368041],[-83.637154,34.372795],[-83.64363,34.374895],[-83.637714,34.377298],[-83.632512,34.374902],[-83.63101,34.376581],[-83.628412,34.377666],[-83.628787,34.380095],[-83.627284,34.381723],[-83.62694,34.383608],[-83.62863,34.384022],[-83.630068,34.38754],[-83.628315,34.389322],[-83.62728,34.392614],[-83.627311,34.393802],[-83.625808,34.395765],[-83.624085,34.39574],[-83.622747,34.39457],[-83.622128,34.39473],[-83.623543,34.396204],[-83.622888,34.398101],[-83.624493,34.401698],[-83.628633,34.406739],[-83.629946,34.407489],[-83.632066,34.408051],[-83.634232,34.410493],[-83.634686,34.413159],[-83.636405,34.415964],[-83.633515,34.416732],[-83.630359,34.418336],[-83.627027,34.419002],[-83.625689,34.419627],[-83.625032,34.419315],[-83.623139,34.419356],[-83.620787,34.423006],[-83.619676,34.425484],[-83.619474,34.426754],[-83.619121,34.427233],[-83.618198,34.42646],[-83.616103,34.423711],[-83.612748,34.420868],[-83.610703,34.417682],[-83.608481,34.415579],[-83.608027,34.414266],[-83.605149,34.415391],[-83.604619,34.416224],[-83.605427,34.41739],[-83.606184,34.420743],[-83.607194,34.421076],[-83.608759,34.422847],[-83.608406,34.427553],[-83.607623,34.429926],[-83.606358,34.431876],[-83.606358,34.433916],[-83.60762,34.43679],[-83.608403,34.437227],[-83.608579,34.43629],[-83.609867,34.435332],[-83.611154,34.434687],[-83.615067,34.43204],[-83.666533,34.503527],[-83.777697,34.504675],[-83.777664,34.513752],[-83.788745,34.513752],[-83.788745,34.505001],[-83.843641,34.505194],[-83.84348,34.497066],[-83.887902,34.46896],[-83.887809,34.460177],[-83.910156,34.460213],[-83.910164,34.469941],[-83.93201,34.469876],[-83.931847,34.460712],[-83.919362,34.460711],[-83.919394,34.451305],[-83.931279,34.451252],[-83.972702,34.428774],[-83.971194,34.423788],[-83.97638,34.419666],[-83.980432,34.418966],[-83.984672,34.415315],[-83.984955,34.411116],[-83.979486,34.412049],[-83.975228,34.407033],[-83.972589,34.406099],[-83.971558,34.401977],[-83.977399,34.395992],[-83.978058,34.391636],[-83.981733,34.389386],[-83.985124,34.383671],[-83.98211,34.381262],[-83.977872,34.379864],[-83.979754,34.376597],[-83.979659,34.366875],[-83.976837,34.362831],[-83.981167,34.35972],[-83.9774,34.357388],[-83.96666,34.340121],[-83.961384,34.342532],[-83.958264,34.334006],[-84.258539,34.335264],[-84.25813,34.467253],[-84.319154,34.467067],[-84.311032,34.462808],[-84.310566,34.460188],[-84.300689,34.45569],[-84.300748,34.454311],[-84.304864,34.455244],[-84.30543,34.452699],[-84.29989,34.450037],[-84.306715,34.448356],[-84.307822,34.44499],[-84.310446,34.444845],[-84.310796,34.442488],[-84.316863,34.443882],[-84.320656,34.444075],[-84.322877,34.443405],[-84.323693,34.446242],[-84.325384,34.448982],[-84.328066,34.449703],[-84.330631,34.451626],[-84.330337,34.459892],[-84.331671,34.463309],[-84.337035,34.462444],[-84.339366,34.45783],[-84.341154,34.45764],[-84.343077,34.45663],[-84.349024,34.459273],[-84.349782,34.460475],[-84.346233,34.461346],[-84.34663,34.462657],[-84.348256,34.463997],[-84.348256,34.466529],[-84.343379,34.467936],[-84.341066,34.472732],[-84.339791,34.47392],[-84.339899,34.476333],[-84.340802,34.475469],[-84.341453,34.478328],[-84.342501,34.479162],[-84.342537,34.480681],[-84.344596,34.480264],[-84.344741,34.477226],[-84.347053,34.476095],[-84.350377,34.476035],[-84.351064,34.477435],[-84.352618,34.477643],[-84.354424,34.484583],[-84.353304,34.48614],[-84.355436,34.488999],[-84.354352,34.490845],[-84.352148,34.49153],[-84.349691,34.49153],[-84.348065,34.491203],[-84.347956,34.492692],[-84.348354,34.494538],[-84.350666,34.494181],[-84.351895,34.495163],[-84.354027,34.494985],[-84.356628,34.495163],[-84.359088,34.494359],[-84.362087,34.49153],[-84.364472,34.492334],[-84.364003,34.494628],[-84.362774,34.494807],[-84.361293,34.496206],[-84.362846,34.496832],[-84.362268,34.497904],[-84.362846,34.499452],[-84.363727,34.499098],[-84.364594,34.49877],[-84.364594,34.497133],[-84.368533,34.496448],[-84.371614,34.492942],[-84.373601,34.492466],[-84.376745,34.48913],[-84.382309,34.489696],[-84.384565,34.487714],[-84.391178,34.487654],[-84.392324,34.486845],[-84.395901,34.486964],[-84.402766,34.485504],[-84.400081,34.478084],[-84.399589,34.466736],[-84.385588,34.435051],[-84.383934,34.436546],[-84.379336,34.436159],[-84.369663,34.432613],[-84.369966,34.429557],[-84.374957,34.427001],[-84.376469,34.427502],[-84.379789,34.428874],[-84.38244,34.42744],[-84.382086,34.423426],[-84.384616,34.423015],[-84.385902,34.425888],[-84.389302,34.426333],[-84.397978,34.424928],[-84.400305,34.423626],[-84.403747,34.423113],[-84.405613,34.422463],[-84.407645,34.422429],[-84.408598,34.421985],[-84.408528,34.417123],[-84.409482,34.416234],[-84.409274,34.415036],[-84.401064,34.410247],[-84.409036,34.410342],[-84.414344,34.413182],[-84.416376,34.413182],[-84.422223,34.406853],[-84.426881,34.412038],[-84.429121,34.41799],[-84.429577,34.417614],[-84.428789,34.41539],[-84.430323,34.412585],[-84.430074,34.411046],[-84.432521,34.407248],[-84.432026,34.404024],[-84.437542,34.407377],[-84.438952,34.409499],[-84.440527,34.409191],[-84.441315,34.407993],[-84.443223,34.408951],[-84.443845,34.411859],[-84.445624,34.412244],[-84.446453,34.408994],[-84.448775,34.40961],[-84.449273,34.406462],[-84.456654,34.40961],[-84.455783,34.411252],[-84.453876,34.412244],[-84.455398,34.415019],[-84.452453,34.424203],[-84.449999,34.427982],[-84.450082,34.430137],[-84.451616,34.431505],[-84.451492,34.433694],[-84.444691,34.435985],[-84.443696,34.437456],[-84.4427,34.436909],[-84.442161,34.436293],[-84.440295,34.435609],[-84.438637,34.435985],[-84.437185,34.434104],[-84.435402,34.43342],[-84.439507,34.440636],[-84.442369,34.443714],[-84.45087,34.451408],[-84.458557,34.465263],[-84.461376,34.465194],[-84.460381,34.46275],[-84.458393,34.460315],[-84.463494,34.45163],[-84.469838,34.451493],[-84.469548,34.448245],[-84.471414,34.448142],[-84.473114,34.449031],[-84.474565,34.448313],[-84.478132,34.448997],[-84.480122,34.450297],[-84.482859,34.448724],[-84.484559,34.444825],[-84.485679,34.443662],[-84.485389,34.441679],[-84.486964,34.441713],[-84.490655,34.444381],[-84.493392,34.444962],[-84.495963,34.44462],[-84.499469,34.44236],[-84.503166,34.437568],[-84.507765,34.439303],[-84.506433,34.444237],[-84.51119,34.449638],[-84.508734,34.450481],[-84.50945,34.45141],[-84.506071,34.45205],[-84.506378,34.452894],[-84.505304,34.454033],[-84.505969,34.455804],[-84.507605,34.457449],[-84.509037,34.457829],[-84.509958,34.459896],[-84.509958,34.46192],[-84.50919,34.463017],[-84.510111,34.464282],[-84.51006,34.467656],[-84.514101,34.46656],[-84.518245,34.466518],[-84.521672,34.463565],[-84.52464,34.463523],[-84.529244,34.462215],[-84.534115,34.457546],[-84.536571,34.457082],[-84.542351,34.457546],[-84.546751,34.454171],[-84.552698,34.452091],[-84.551265,34.445889],[-84.548349,34.44378],[-84.550294,34.439392],[-84.549833,34.436524],[-84.55234,34.434836],[-84.553158,34.432896],[-84.551931,34.429816],[-84.547224,34.428786],[-84.551469,34.420684],[-84.553311,34.419755],[-84.553465,34.41735],[-84.559962,34.409753],[-84.563168,34.403454],[-84.568628,34.405659],[-84.569149,34.401685],[-84.573313,34.399485],[-84.572531,34.395778],[-84.574159,34.394221],[-84.576568,34.395402],[-84.576438,34.392608],[-84.580346,34.391909],[-84.58015,34.388685],[-84.581734,34.388016],[-84.582054,34.386282],[-84.582998,34.385691],[-84.583238,34.412405],[-84.733754,34.41144],[-84.734043,34.396672],[-84.836414,34.396337],[-84.862897,34.396431],[-84.895507,34.395667],[-84.895552,34.398626],[-84.952342,34.398577],[-84.95389,34.384522],[-84.96989,34.384524],[-84.969994,34.397544],[-84.979411,34.397515],[-84.979553,34.384659],[-84.989907,34.384564],[-84.989377,34.392488],[-85.005996,34.392475],[-85.005917,34.346965],[-85.023224,34.346871],[-85.023481,34.213183],[-85.044651,34.213165],[-85.045305,34.096556],[-85.121938,34.096626],[-85.122122,34.08309],[-85.157822,34.083183],[-85.157969,34.097388],[-85.210029,34.09741],[-85.210064,34.100345],[-85.257854,34.100332],[-85.258031,34.07921],[-85.42156,34.07921],[-85.281567,33.363741]],[[-84.225104,33.664557],[-84.222907,33.666607],[-84.221966,33.666627],[-84.221362,33.666185],[-84.221724,33.66309],[-84.218127,33.662427],[-84.215635,33.663692],[-84.213631,33.663692],[-84.212472,33.663129],[-84.213293,33.660095],[-84.212255,33.65905],[-84.210155,33.658387],[-84.209285,33.660256],[-84.208601,33.66065],[-84.205752,33.659123],[-84.203338,33.65848],[-84.202759,33.657676],[-84.203121,33.655566],[-84.204497,33.653798],[-84.204714,33.652893],[-84.203966,33.651929],[-84.203193,33.651828],[-84.2023,33.652391],[-84.201351,33.653992],[-84.197561,33.655359],[-84.195316,33.655299],[-84.191622,33.656042],[-84.190705,33.655962],[-84.190487,33.654374],[-84.192346,33.652787],[-84.191815,33.65132],[-84.189956,33.650174],[-84.189111,33.650556],[-84.188532,33.652666],[-84.187725,33.653257],[-84.186983,33.651535],[-84.187452,33.646174],[-84.225279,33.646497],[-84.225439,33.63522],[-84.22665,33.634134],[-84.231906,33.637058],[-84.228676,33.639101],[-84.232248,33.63998],[-84.234081,33.638377],[-84.235394,33.636404],[-84.23586,33.634827],[-84.2375,33.634894],[-84.238743,33.63567],[-84.23955,33.634946],[-84.243868,33.634972],[-84.243902,33.644635],[-84.245736,33.644729],[-84.246038,33.646404],[-84.274069,33.646671],[-84.276561,33.639382],[-84.272823,33.639313],[-84.27289,33.633069],[-84.273329,33.632362],[-84.276701,33.630384],[-84.282584,33.630712],[-84.284545,33.622983],[-84.285549,33.616317],[-84.284647,33.614064],[-84.286467,33.611664],[-84.288899,33.61278],[-84.294502,33.61171],[-84.297431,33.611728],[-84.297595,33.609725],[-84.2959,33.604895],[-84.288083,33.600682],[-84.295336,33.594484],[-84.294144,33.59163],[-84.295293,33.591721],[-84.297374,33.591359],[-84.30486,33.59506],[-84.305554,33.595096],[-84.305619,33.591411],[-84.304013,33.591386],[-84.303883,33.590465],[-84.303081,33.590411],[-84.303255,33.589255],[-84.303948,33.588225],[-84.306138,33.589182],[-84.30744,33.589417],[-84.3077,33.590302],[-84.308958,33.590664],[-84.309999,33.59032],[-84.310085,33.585948],[-84.30783,33.585821],[-84.30744,33.582913],[-84.317866,33.583085],[-84.323016,33.581249],[-84.324728,33.588346],[-84.325393,33.591198],[-84.326166,33.593],[-84.327449,33.59308],[-84.329984,33.595178],[-84.329513,33.595519],[-84.325681,33.595454],[-84.325681,33.597179],[-84.329544,33.597244],[-84.32939,33.597746],[-84.325634,33.597784],[-84.324687,33.599012],[-84.324595,33.5999],[-84.326527,33.600325],[-84.331688,33.602565],[-84.331851,33.599312],[-84.332644,33.597808],[-84.333465,33.597944],[-84.333136,33.599517],[-84.344857,33.599442],[-84.343572,33.597551],[-84.347653,33.597638],[-84.347735,33.593878],[-84.348501,33.592671],[-84.350252,33.592511],[-84.350224,33.592033],[-84.351155,33.59103],[-84.35192,33.592716],[-84.351592,33.594835],[-84.350881,33.596043],[-84.351264,33.597137],[-84.352413,33.59839],[-84.352823,33.59757],[-84.352221,33.59643],[-84.352987,33.595883],[-84.353753,33.596749],[-84.354957,33.597114],[-84.357227,33.597114],[-84.359552,33.59602],[-84.359279,33.594311],[-84.35906,33.593853],[-84.35958,33.592987],[-84.359607,33.59203],[-84.358239,33.592417],[-84.357446,33.591324],[-84.358157,33.590868],[-84.357583,33.590526],[-84.36341,33.590617],[-84.363382,33.590116],[-84.364805,33.59064],[-84.364941,33.58508],[-84.366719,33.582869],[-84.366958,33.58227],[-84.381239,33.586384],[-84.386819,33.593775],[-84.391021,33.592382],[-84.395081,33.591809],[-84.398707,33.595522],[-84.398174,33.599892],[-84.399667,33.602166],[-84.400584,33.602521],[-84.401948,33.604333],[-84.404316,33.605345],[-84.406683,33.604937],[-84.409839,33.609288],[-84.411417,33.609661],[-84.413934,33.61142],[-84.415348,33.611662],[-84.41748,33.613527],[-84.419858,33.613032],[-84.422911,33.614712],[-84.423512,33.615916],[-84.421646,33.620189],[-84.42568,33.621653],[-84.434034,33.624941],[-84.437585,33.629793],[-84.451151,33.630077],[-84.455895,33.629372],[-84.455929,33.62751],[-84.458538,33.624491],[-84.458595,33.608608],[-84.457546,33.608451],[-84.457573,33.606459],[-84.454321,33.606324],[-84.454858,33.604197],[-84.454347,33.602294],[-84.454919,33.599371],[-84.453118,33.593997],[-84.453871,33.593818],[-84.458548,33.594423],[-84.459973,33.595162],[-84.460726,33.596998],[-84.463844,33.59908],[-84.464406,33.600001],[-84.471169,33.600086],[-84.469135,33.596614],[-84.477021,33.595882],[-84.478308,33.595345],[-84.486312,33.595261],[-84.487773,33.590261],[-84.49045,33.594342],[-84.493669,33.593185],[-84.494686,33.593947],[-84.497058,33.593269],[-84.498854,33.591124],[-84.503869,33.589854],[-84.505297,33.588917],[-84.506552,33.593858],[-84.505637,33.595269],[-84.514718,33.595213],[-84.519123,33.600152],[-84.519157,33.597358],[-84.525324,33.597358],[-84.526748,33.601704],[-84.528713,33.604188],[-84.525629,33.606466],[-84.525629,33.608046],[-84.526477,33.609514],[-84.528536,33.618934],[-84.525247,33.618533],[-84.526577,33.626613],[-84.529469,33.631007],[-84.532429,33.633115],[-84.534062,33.630765],[-84.537234,33.629794],[-84.542782,33.627357],[-84.545185,33.627085],[-84.54838,33.62535],[-84.550549,33.62467],[-84.552789,33.624592],[-84.553675,33.62399],[-84.554996,33.621386],[-84.558923,33.616672],[-84.559756,33.618636],[-84.560095,33.622059],[-84.563326,33.626158],[-84.562421,33.628984],[-84.562346,33.630303],[-84.563402,33.630962],[-84.565212,33.630805],[-84.568192,33.631685],[-84.573473,33.633883],[-84.578187,33.635296],[-84.581233,33.637465],[-84.579838,33.639412],[-84.579951,33.64048],[-84.582176,33.640417],[-84.58293,33.638627],[-84.586777,33.640228],[-84.588739,33.642709],[-84.589983,33.645566],[-84.592233,33.646227],[-84.594874,33.650371],[-84.592309,33.659665],[-84.592913,33.661015],[-84.592196,33.662835],[-84.596119,33.667544],[-84.596005,33.670746],[-84.59725,33.679069],[-84.600231,33.686673],[-84.600156,33.687897],[-84.6123,33.691255],[-84.6166,33.692698],[-84.630366,33.6932],[-84.631299,33.69616],[-84.633078,33.699039],[-84.630879,33.701622],[-84.620504,33.704696],[-84.615814,33.709592],[-84.613357,33.710937],[-84.607212,33.713332],[-84.604883,33.717501],[-84.602134,33.72038],[-84.601944,33.724107],[-84.598807,33.72677],[-84.593309,33.729567],[-84.59089,33.729364],[-84.587526,33.728826],[-84.585004,33.730386],[-84.583613,33.735062],[-84.581657,33.738665],[-84.575965,33.743829],[-84.573119,33.745631],[-84.555708,33.760556],[-84.545019,33.767268],[-84.538845,33.770193],[-84.53642,33.773822],[-84.533766,33.779233],[-84.530596,33.782647],[-84.524411,33.786136],[-84.516543,33.789611],[-84.509273,33.794005],[-84.507745,33.795504],[-84.508143,33.79568],[-84.509737,33.794157],[-84.511967,33.792723],[-84.51237,33.794141],[-84.515956,33.796772],[-84.518421,33.793091],[-84.51991,33.791661],[-84.521802,33.790247],[-84.52478,33.797366],[-84.52321,33.799338],[-84.521962,33.799071],[-84.522132,33.799856],[-84.516938,33.800979],[-84.519642,33.802305],[-84.519964,33.804882],[-84.519831,33.805385],[-84.518545,33.805637],[-84.518053,33.806265],[-84.516862,33.806218],[-84.515744,33.80652],[-84.515628,33.810016],[-84.511127,33.815358],[-84.509251,33.815503],[-84.506584,33.82129],[-84.499126,33.819379],[-84.498888,33.819868],[-84.495011,33.819098],[-84.49339,33.821686],[-84.491329,33.823665],[-84.496303,33.825174],[-84.494109,33.828316],[-84.493012,33.829777],[-84.492426,33.829604],[-84.492558,33.830185],[-84.49138,33.831934],[-84.488391,33.831321],[-84.488391,33.829546],[-84.486395,33.829763],[-84.486117,33.832034],[-84.487468,33.841181],[-84.487537,33.843022],[-84.486152,33.842084],[-84.486419,33.843676],[-84.485278,33.845187],[-84.482234,33.843978],[-84.477564,33.846853],[-84.476959,33.847583],[-84.477564,33.848678],[-84.476295,33.851034],[-84.474781,33.851128],[-84.47327,33.851973],[-84.471594,33.852748],[-84.470797,33.853501],[-84.464781,33.852201],[-84.466456,33.850855],[-84.467198,33.850535],[-84.466998,33.849817],[-84.464072,33.849555],[-84.464042,33.848421],[-84.459676,33.84725],[-84.458986,33.849231],[-84.460246,33.852259],[-84.459526,33.853704],[-84.456091,33.85749],[-84.454366,33.858773],[-84.454305,33.861166],[-84.456105,33.863683],[-84.455835,33.865466],[-84.453914,33.867803],[-84.451693,33.869647],[-84.450147,33.872437],[-84.446453,33.875392],[-84.443429,33.87709],[-84.442672,33.877081],[-84.442042,33.878414],[-84.441157,33.87885],[-84.440754,33.879749],[-84.439313,33.880459],[-84.43701,33.880574],[-84.434819,33.882205],[-84.43167,33.885085],[-84.426537,33.886078],[-84.426601,33.889066],[-84.427612,33.891054],[-84.429411,33.89237],[-84.430353,33.894077],[-84.429447,33.895554],[-84.426555,33.897439],[-84.426212,33.898203],[-84.424462,33.899136],[-84.421892,33.900736],[-84.420414,33.902283],[-84.418508,33.903189],[-84.417373,33.904629],[-84.417373,33.905341],[-84.418379,33.907403],[-84.418506,33.909287],[-84.419148,33.909892],[-84.419834,33.91078],[-84.420948,33.911136],[-84.422104,33.910852],[-84.42279,33.910816],[-84.424953,33.911118],[-84.421162,33.914193],[-84.417236,33.915116],[-84.416293,33.915418],[-84.415115,33.915329],[-84.413744,33.914902],[-84.414714,33.917169],[-84.416513,33.918538],[-84.417455,33.918929],[-84.417605,33.919248],[-84.42024,33.918769],[-84.421247,33.91804],[-84.423688,33.918093],[-84.425118,33.91952],[-84.424733,33.919894],[-84.424733,33.922026],[-84.42514,33.923804],[-84.428653,33.923946],[-84.430045,33.925083],[-84.427381,33.927073],[-84.416737,33.932733],[-84.410542,33.939192],[-84.401045,33.947804],[-84.397307,33.947197],[-84.39706,33.946291],[-84.391951,33.945385],[-84.390294,33.946817],[-84.390048,33.947723],[-84.388074,33.94711],[-84.387479,33.947583],[-84.385999,33.945917],[-84.378814,33.944555],[-84.373034,33.939468],[-84.369471,33.940112],[-84.369048,33.939557],[-84.367673,33.939469],[-84.367497,33.938826],[-84.369471,33.938358],[-84.36933,33.93789],[-84.367462,33.938387],[-84.367462,33.936575],[-84.364713,33.935664],[-84.361753,33.933676],[-84.361753,33.932272],[-84.359921,33.929787],[-84.359921,33.929231],[-84.357877,33.930009],[-84.358015,33.916599],[-84.356817,33.911949],[-84.33814,33.918119],[-84.337501,33.916172],[-84.334506,33.912341],[-84.337712,33.912078],[-84.337501,33.909738],[-84.334259,33.91006],[-84.334047,33.908978],[-84.332814,33.909007],[-84.332708,33.907896],[-84.336197,33.907311],[-84.334999,33.904854],[-84.337399,33.903998],[-84.338738,33.900371],[-84.337787,33.898704],[-84.340782,33.897212],[-84.34487,33.89727],[-84.343531,33.896159],[-84.334171,33.893061],[-84.32892,33.893529],[-84.326202,33.892291],[-84.324722,33.888137],[-84.324968,33.886821],[-84.327048,33.884276],[-84.327259,33.881614],[-84.32814,33.876377],[-84.327929,33.875323],[-84.325524,33.876701],[-84.325137,33.875356],[-84.323586,33.87597],[-84.322635,33.874887],[-84.323304,33.874273],[-84.322244,33.872274],[-84.321822,33.870255],[-84.320518,33.86964],[-84.318721,33.869699],[-84.318753,33.863642],[-84.317666,33.863899],[-84.317688,33.865317],[-84.318132,33.866606],[-84.317156,33.867638],[-84.317289,33.868559],[-84.311558,33.868595],[-84.310671,33.867932],[-84.309469,33.867877],[-84.309491,33.865354],[-84.305321,33.866367],[-84.302436,33.866516],[-84.295251,33.873096],[-84.294027,33.875343],[-84.294798,33.871723],[-84.295586,33.870941],[-84.295,33.869912],[-84.293626,33.870462],[-84.293637,33.86588],[-84.290266,33.865867],[-84.290204,33.865106],[-84.288112,33.862574],[-84.287305,33.862871],[-84.286801,33.862034],[-84.283166,33.863466],[-84.284518,33.865001],[-84.283943,33.865892],[-84.284735,33.866717],[-84.283086,33.866486],[-84.280842,33.865689],[-84.278761,33.866682],[-84.277642,33.865031],[-84.275963,33.86415],[-84.275963,33.861931],[-84.274611,33.862344],[-84.274208,33.861957],[-84.274206,33.857737],[-84.272466,33.855738],[-84.271409,33.855506],[-84.271332,33.854783],[-84.270229,33.854809],[-84.270244,33.853377],[-84.271984,33.853157],[-84.274019,33.854009],[-84.275157,33.851375],[-84.277627,33.851337],[-84.277627,33.850627],[-84.272671,33.850253],[-84.271304,33.849376],[-84.271228,33.846708],[-84.269602,33.846916],[-84.269524,33.848206],[-84.266859,33.848222],[-84.266253,33.848093],[-84.265523,33.84839],[-84.261523,33.849165],[-84.261523,33.848172],[-84.264335,33.84741],[-84.26432,33.84572],[-84.262891,33.846236],[-84.262564,33.845694],[-84.261442,33.845689],[-84.260293,33.846321],[-84.258941,33.846644],[-84.25863,33.849128],[-84.258071,33.84945],[-84.255989,33.848315],[-84.255539,33.846637],[-84.25588,33.845179],[-84.26065,33.845192],[-84.26067,33.841072],[-84.261738,33.840782],[-84.261738,33.840395],[-84.260868,33.840369],[-84.260542,33.836562],[-84.262018,33.836395],[-84.264575,33.835104],[-84.265997,33.833831],[-84.266585,33.832903],[-84.266761,33.83196],[-84.267055,33.83209],[-84.277697,33.819952],[-84.282609,33.817286],[-84.278931,33.817757],[-84.277993,33.819172],[-84.275145,33.821805],[-84.273639,33.821334],[-84.274054,33.820364],[-84.268604,33.820517],[-84.268604,33.818246],[-84.267336,33.817916],[-84.26623,33.818888],[-84.264749,33.82008],[-84.262932,33.822604],[-84.261052,33.82216],[-84.26064,33.821463],[-84.260702,33.812757],[-84.262596,33.812224],[-84.263908,33.810613],[-84.260486,33.811398],[-84.241737,33.820903],[-84.240432,33.819657],[-84.23581,33.819722],[-84.235888,33.817558],[-84.234459,33.817249],[-84.233272,33.818263],[-84.231099,33.818962],[-84.228551,33.819061],[-84.222872,33.818426],[-84.223146,33.822071],[-84.221517,33.822611],[-84.216485,33.822741],[-84.214349,33.82445],[-84.21198,33.824857],[-84.209806,33.826289],[-84.206795,33.831686],[-84.206743,33.827448],[-84.203344,33.827489],[-84.203305,33.82407],[-84.201432,33.825068],[-84.195874,33.825941],[-84.195827,33.824289],[-84.19368,33.819495],[-84.193655,33.811608],[-84.184708,33.81159],[-84.18609,33.808459],[-84.185135,33.807666],[-84.186691,33.806407],[-84.193774,33.802212],[-84.193743,33.799858],[-84.191105,33.799858],[-84.189121,33.798752],[-84.18887,33.796477],[-84.18779,33.795058],[-84.189548,33.793805],[-84.194019,33.793784],[-84.195601,33.789304],[-84.195576,33.787092],[-84.193944,33.787342],[-84.193815,33.783014],[-84.19384,33.781511],[-84.192212,33.777725],[-84.192463,33.77691],[-84.189658,33.775211],[-84.186719,33.774856],[-84.187749,33.771661],[-84.187277,33.770014],[-84.188056,33.76803],[-84.187905,33.766778],[-84.18977,33.762649],[-84.189193,33.760957],[-84.189343,33.759349],[-84.189044,33.758486],[-84.194081,33.758634],[-84.19561,33.756805],[-84.197034,33.756779],[-84.197345,33.754508],[-84.19712,33.752967],[-84.20261,33.75294],[-84.2027,33.751113],[-84.203791,33.751113],[-84.203926,33.752742],[-84.204868,33.753351],[-84.205761,33.754071],[-84.207659,33.753897],[-84.209381,33.752242],[-84.206483,33.751223],[-84.205003,33.748824],[-84.207933,33.74635],[-84.203328,33.741361],[-84.208814,33.74151],[-84.209212,33.736183],[-84.210707,33.736233],[-84.210766,33.732801],[-84.207313,33.731956],[-84.207294,33.731142],[-84.205007,33.730508],[-84.204289,33.729314],[-84.206517,33.729265],[-84.206158,33.728319],[-84.207085,33.727449],[-84.208251,33.727412],[-84.208147,33.723508],[-84.211228,33.723432],[-84.211257,33.7224],[-84.214487,33.722525],[-84.21536,33.720721],[-84.215308,33.718003],[-84.215731,33.715062],[-84.215312,33.712028],[-84.209565,33.710572],[-84.20514,33.708733],[-84.203421,33.712289],[-84.202703,33.712488],[-84.200805,33.710212],[-84.197097,33.710299],[-84.197097,33.704746],[-84.206881,33.708737],[-84.209619,33.70765],[-84.210396,33.707539],[-84.210157,33.705002],[-84.213158,33.703947],[-84.214907,33.704718],[-84.216267,33.7058],[-84.218375,33.706783],[-84.221404,33.702663],[-84.221861,33.701818],[-84.22104,33.701559],[-84.221194,33.700936],[-84.216592,33.698528],[-84.216688,33.696885],[-84.22214,33.696421],[-84.223329,33.697793],[-84.224241,33.693592],[-84.227002,33.693433],[-84.227079,33.692236],[-84.230588,33.692252],[-84.230684,33.690067],[-84.22706,33.689876],[-84.228257,33.686249],[-84.228674,33.684372],[-84.231181,33.678739],[-84.231334,33.676254],[-84.232787,33.676273],[-84.234223,33.675739],[-84.234842,33.675224],[-84.234953,33.674029],[-84.236389,33.6739],[-84.237074,33.673533],[-84.238267,33.67333],[-84.239107,33.672687],[-84.239284,33.670664],[-84.236345,33.670406],[-84.234732,33.672135],[-84.233848,33.670719],[-84.234732,33.670572],[-84.234908,33.669744],[-84.234688,33.669192],[-84.234842,33.668071],[-84.234135,33.666471],[-84.232544,33.667004],[-84.232301,33.667501],[-84.232456,33.668255],[-84.231881,33.669156],[-84.232743,33.669707],[-84.232964,33.670517],[-84.232588,33.67151],[-84.230931,33.671528],[-84.230003,33.672742],[-84.227484,33.67002],[-84.228456,33.669523],[-84.228964,33.668898],[-84.229804,33.66853],[-84.228898,33.665422],[-84.228282,33.665097],[-84.225104,33.664557]]]},"properties":{"code":"[470,678,770,943]"}}]}