{"type":"FeatureCollection","features":[{"type":"Feature","geometry":{"type":"Polygon","coordinates":[[[28.18105,-25.91955],[28.11023,-25.94491],[28.10547,-25.9249],[28.09084,-25.92743],[28.09016,-25.92426],[28.08048,-25.92522],[28.07723,-25.92089],[28.07468,-25.92876],[28.04574,-25.93155],[28.03916,-25.92639],[28.029906,-25.911102],[27.987859,-25.93401],[27.98398,-25.90283],[27.96686,-25.91092],[27.9629,-25.91049],[27.96234,-25.90724],[27.95016,-25.90617],[27.94927,-25.90794],[27.94656,-25.90852],[27.94667,-25.91494],[27.94164,-25.91609],[27.939755,-25.915165],[27.93212,-25.9163],[27.92248,-25.91756],[27.90115,-25.90793],[27.90098,-25.90526],[27.893798,-25.905681],[27.89035,-25.88395],[27.89947,-25.88278],[27.8982,-25.85974],[27.88853,-25.86077],[27.8826,-25.86187],[27.88474,-25.85175],[27.88349,-25.8457],[27.88384,-25.84125],[27.88527,-25.83537],[27.89008,-25.82985],[27.89168,-25.82291],[27.88865,-25.82309],[27.87726,-25.82149],[27.86568,-25.81917],[27.85874,-25.81882],[27.8566,-25.8238],[27.85393,-25.82772],[27.84824,-25.83929],[27.8518,-25.84641],[27.84396,-25.8489],[27.83147,-25.860173],[27.79103,-25.87468],[27.74455,-25.89462],[27.74286,-25.8642],[27.7427,-25.85024],[27.7358,-25.85531],[27.7303,-25.85521],[27.70456,-25.8683],[27.68493,-25.8754],[27.66456,-25.84193],[27.66222,-25.84104],[27.65643,-25.84508],[27.65417,-25.84529],[27.65091,-25.84381],[27.64714,-25.84057],[27.64885,-25.83502],[27.64548,-25.81983],[27.6411,-25.8128],[27.64176,-25.81145],[27.6466,-25.81414],[27.64355,-25.79592],[27.64032,-25.79633],[27.60555,-25.80823],[27.5993,-25.81271],[27.59829,-25.81957],[27.57457,-25.83599],[27.55985,-25.84284],[27.54598,-25.84616],[27.5474,-25.8514],[27.54248,-25.85258],[27.53358,-25.85215],[27.53229,-25.84996],[27.51327,-25.86033],[27.50019,-25.86132],[27.49754,-25.85959],[27.48436,-25.86352],[27.461947,-25.867606],[27.47,-25.8881],[27.45704,-25.88829],[27.4633,-25.92147],[27.453566,-25.92016],[27.45701,-25.98185],[27.44981,-26.01625],[27.43886,-26.01426],[27.43569,-26.02257],[27.4338,-26.02486],[27.43521,-26.02695],[27.43393,-26.0329],[27.43135,-26.05226],[27.42522,-26.08939],[27.46734,-26.09227],[27.46915,-26.0925],[27.489957,-26.127971],[27.47875,-26.17845],[27.47405,-26.20183],[27.46589,-26.20051],[27.46863,-26.21737],[27.47151,-26.244955],[27.47694,-26.26523],[27.48191,-26.28444],[27.52606,-26.30257],[27.52521,-26.34732],[27.54785,-26.34328],[27.55119,-26.35468],[27.54946,-26.36176],[27.55111,-26.37452],[27.5498,-26.38014],[27.55011,-26.38675],[27.540118,-26.387581],[27.5369,-26.40192],[27.53728,-26.40586],[27.54264,-26.42058],[27.54514,-26.42677],[27.53853,-26.42958],[27.53532,-26.43308],[27.54283,-26.4317],[27.54914,-26.44474],[27.55146,-26.44156],[27.55709,-26.45638],[27.58093,-26.45452],[27.58615,-26.45316],[27.61195,-26.45089],[27.61559,-26.44972],[27.61357,-26.44298],[27.62436,-26.4449],[27.629908,-26.452737],[27.62938,-26.46011],[27.62633,-26.4938],[27.60715,-26.4916],[27.60311,-26.53065],[27.61247,-26.53296],[27.60499,-26.55699],[27.60437,-26.59196],[27.55728,-26.57782],[27.54569,-26.57443],[27.58272,-26.59578],[27.5796,-26.60753],[27.60549,-26.60844],[27.62445,-26.60924],[27.65775,-26.61774],[27.65958,-26.6042],[27.66793,-26.61055],[27.669209,-26.602249],[27.67561,-26.57352],[27.67887,-26.56065],[27.67641,-26.53869],[27.67898,-26.53659],[27.67637,-26.53118],[27.6755,-26.52691],[27.67598,-26.52435],[27.71013,-26.53001],[27.71431,-26.48939],[27.70967,-26.45467],[27.71337,-26.4424],[27.72701,-26.43167],[27.7277,-26.4315],[27.73235,-26.43872],[27.74524,-26.43778],[27.74898,-26.41917],[27.76129,-26.41915],[27.78618,-26.41898],[27.79163,-26.42019],[27.79455,-26.42888],[27.78594,-26.44762],[27.7834,-26.4467],[27.78028,-26.45258],[27.77277,-26.45195],[27.76928,-26.45096],[27.76894,-26.44565],[27.75924,-26.44466],[27.75971,-26.48387],[27.77886,-26.48501],[27.77955,-26.47922],[27.82169,-26.48488],[27.824468,-26.479878],[27.82773,-26.50443],[27.83507,-26.49045],[27.85201,-26.49973],[27.85985,-26.50647],[27.87563,-26.5205],[27.8812,-26.52235],[27.88671,-26.52236],[27.88721,-26.52625],[27.88609,-26.51205],[27.88612,-26.50444],[27.88209,-26.48976],[27.8805,-26.48681],[27.87498,-26.480505],[27.87254,-26.47877],[27.87073,-26.47561],[27.87075,-26.47276],[27.86954,-26.45462],[27.869075,-26.444801],[27.87599,-26.44036],[27.87864,-26.44088],[27.87915,-26.44675],[27.91484,-26.44097],[27.91221,-26.45849],[27.91751,-26.45858],[27.92227,-26.42898],[27.93338,-26.424185],[27.93555,-26.39982],[27.89316,-26.40431],[27.89436,-26.39919],[27.893846,-26.397467],[27.89526,-26.39165],[27.89546,-26.38177],[27.89748,-26.37557],[27.90465,-26.36527],[27.90758,-26.36235],[27.91223,-26.35895],[27.927255,-26.35628],[27.95339,-26.3532],[27.95686,-26.33516],[27.95887,-26.33597],[27.97034,-26.33711],[27.96998,-26.3417],[28.00901,-26.35058],[28.011389,-26.339163],[28.01841,-26.34167],[28.02414,-26.34222],[28.02954,-26.34162],[28.03961,-26.34244],[28.04783,-26.35958],[28.05034,-26.35597],[28.051068,-26.34908],[28.067102,-26.34194],[28.08115,-26.33571],[28.08721,-26.34398],[28.08733,-26.34499],[28.097516,-26.36031],[28.08883,-26.38185],[28.08626,-26.39063],[28.08464,-26.39293],[28.07775,-26.40914],[28.07606,-26.41537],[28.08261,-26.41617],[28.08478,-26.41806],[28.08869,-26.41711],[28.09322,-26.41724],[28.09829,-26.41819],[28.117909,-26.41907],[28.12567,-26.43067],[28.13723,-26.42552],[28.13473,-26.42291],[28.14723,-26.42393],[28.16029,-26.43803],[28.183014,-26.419235],[28.18431,-26.42509],[28.18294,-26.4284],[28.18684,-26.43033],[28.19597,-26.42922],[28.17812,-26.44375],[28.18769,-26.45312],[28.19285,-26.4475],[28.20874,-26.43402],[28.21518,-26.43578],[28.21705,-26.43342],[28.2204,-26.43628],[28.22345,-26.4324],[28.23421,-26.4331],[28.24378,-26.43435],[28.25331,-26.43437],[28.26375,-26.43504],[28.2711,-26.4137],[28.26461,-26.40881],[28.24418,-26.37657],[28.25095,-26.37277],[28.24857,-26.37055],[28.25973,-26.3672],[28.262147,-26.363525],[28.27401,-26.35868],[28.28633,-26.36742],[28.29361,-26.38431],[28.30905,-26.36793],[28.35493,-26.40696],[28.370295,-26.393631],[28.37366,-26.3945],[28.38272,-26.38569],[28.38505,-26.39002],[28.38132,-26.39431],[28.38684,-26.40392],[28.39408,-26.39771],[28.40174,-26.40053],[28.39982,-26.40219],[28.40666,-26.40883],[28.37178,-26.43544],[28.37559,-26.43952],[28.380829,-26.447204],[28.40707,-26.43041],[28.41472,-26.42281],[28.44443,-26.43793],[28.45023,-26.44075],[28.45771,-26.43767],[28.4634,-26.44304],[28.46395,-26.43849],[28.47142,-26.43986],[28.49908,-26.4393],[28.50002,-26.45321],[28.49703,-26.45298],[28.49724,-26.45662],[28.50026,-26.45683],[28.50077,-26.46437],[28.523141,-26.46558],[28.52314,-26.465578],[28.523003,-26.465222],[28.645919,-26.421206],[28.689182,-26.380322],[28.708775,-26.340509],[28.672728,-26.320913],[28.672797,-26.311688],[28.6269,-26.29244],[28.62603,-26.28566],[28.62229,-26.24838],[28.58197,-26.23729],[28.53054,-26.22531],[28.53429,-26.17224],[28.52715,-26.17874],[28.52134,-26.14449],[28.4905,-26.126392],[28.49695,-26.10387],[28.50518,-26.09922],[28.50119,-26.08957],[28.51582,-26.08125],[28.503055,-26.0638],[28.46867,-26.07809],[28.44047,-26.04766],[28.44223,-26.0422],[28.44913,-26.0427],[28.45344,-26.03551],[28.45538,-26.03117],[28.46007,-26.023665],[28.46434,-26.02557],[28.46439,-26.011423],[28.445667,-26.018106],[28.448239,-25.999918],[28.45107,-25.99548],[28.44442,-25.99115],[28.45174,-25.98637],[28.45436,-25.98263],[28.45942,-25.97801],[28.46305,-25.97387],[28.468014,-25.963269],[28.45697,-25.95667],[28.44602,-25.96486],[28.41978,-25.95109],[28.41761,-25.93935],[28.41113,-25.93025],[28.40719,-25.92409],[28.35238,-25.9546],[28.338132,-25.949953],[28.319479,-25.91372],[28.26943,-25.91577],[28.271211,-25.925027],[28.23844,-25.92274],[28.184988,-25.903407],[28.18105,-25.91955]]]},"properties":{"code":"010/011"}},{"type":"Feature","geometry":{"type":"Polygon","coordinates":[[[28.503055,-26.0638],[28.515765,-26.058525],[28.53077,-26.06157],[28.53863,-26.04781],[28.57894,-26.05959],[28.586749,-26.016025],[28.59095,-26.00248],[28.62588,-25.975676],[28.526053,-25.807505],[28.592734,-25.728422],[28.664735,-25.638523],[28.66126,-25.63128],[28.65909,-25.62558],[28.64599,-25.5981],[28.642512,-25.589865],[28.64545,-25.58578],[28.635,-25.55916],[28.62667,-25.53115],[28.62575,-25.52305],[28.634,-25.51989],[28.63206,-25.48841],[28.62099,-25.47066],[28.6154,-25.46786],[28.62085,-25.46322],[28.62941,-25.45985],[28.62526,-25.44763],[28.62406,-25.44041],[28.62048,-25.41386],[28.61979,-25.41139],[28.63894,-25.39398],[28.62258,-25.33365],[28.63318,-25.33149],[28.64126,-25.32764],[28.65769,-25.31729],[28.6689,-25.31076],[28.67921,-25.303],[28.68835,-25.29793],[28.69563,-25.29446],[28.71795,-25.28723],[28.73294,-25.2827],[28.73959,-25.28853],[28.73243,-25.26917],[28.74464,-25.25106],[28.74972,-25.24281],[28.76385,-25.22109],[28.7791,-25.23082],[28.78456,-25.22866],[28.77541,-25.18377],[28.7765,-25.18372],[28.75742,-25.14986],[28.75916,-25.14972],[28.7497,-25.12341],[28.744589,-25.109612],[28.71011,-25.11606],[28.70016,-25.12124],[28.68914,-25.12741],[28.66831,-25.138525],[28.65157,-25.1429],[28.63343,-25.14723],[28.61587,-25.15163],[28.63811,-25.18389],[28.63811,-25.18658],[28.65533,-25.21353],[28.67855,-25.21076],[28.67891,-25.21286],[28.67681,-25.21607],[28.67988,-25.2199],[28.67563,-25.22702],[28.67604,-25.23251],[28.67554,-25.23496],[28.67289,-25.23852],[28.6714,-25.23908],[28.66992,-25.24261],[28.66997,-25.24579],[28.67122,-25.24773],[28.66434,-25.25179],[28.65931,-25.23478],[28.63263,-25.27997],[28.63132,-25.28024],[28.6044,-25.25209],[28.60292,-25.25421],[28.59481,-25.24943],[28.56373,-25.24936],[28.56434,-25.25215],[28.51328,-25.25615],[28.50116,-25.26545],[28.50086,-25.26761],[28.50359,-25.30884],[28.46787,-25.30967],[28.43929,-25.31018],[28.4337,-25.32243],[28.3826,-25.32115],[28.38178,-25.31634],[28.379161,-25.292056],[28.3777,-25.29231],[28.33525,-25.3022],[28.3183,-25.30564],[28.29816,-25.31037],[28.29806,-25.33934],[28.289627,-25.341152],[28.289505,-25.338291],[28.2834,-25.33808],[28.282642,-25.342644],[28.22833,-25.35419],[28.20148,-25.32371],[28.17675,-25.32859],[28.17667,-25.36587],[28.14345,-25.37252],[28.11073,-25.3789],[28.10802,-25.367007],[28.083028,-25.384516],[28.08338,-25.38485],[28.05553,-25.40005],[28.04473,-25.40174],[28.01128,-25.36932],[28.00041,-25.35942],[27.97076,-25.36295],[27.94564,-25.4067],[27.95817,-25.42635],[27.96041,-25.42731],[27.96972,-25.43911],[27.991657,-25.424517],[28.01357,-25.44721],[28.03595,-25.47059],[28.01193,-25.48046],[28.00751,-25.48409],[27.99244,-25.51803],[28.024422,-25.5307],[28.0524,-25.5358],[28.04951,-25.55956],[28.03065,-25.55836],[27.98146,-25.54275],[27.96834,-25.571],[27.96456,-25.58025],[27.95763,-25.59262],[27.97216,-25.59791],[27.98056,-25.6328],[27.96486,-25.63484],[27.96563,-25.64174],[27.96517,-25.645415],[27.96225,-25.64517],[27.95931,-25.64359],[27.95708,-25.64366],[27.95727,-25.64761],[27.95394,-25.65043],[27.95234,-25.65333],[27.95313,-25.6557],[27.95188,-25.66424],[27.95278,-25.66694],[27.95186,-25.6713],[27.95375,-25.67384],[27.95749,-25.69369],[27.94819,-25.69521],[27.95559,-25.70841],[27.97046,-25.73546],[27.97947,-25.75145],[27.97315,-25.75681],[27.96457,-25.75765],[27.9558,-25.75659],[27.952688,-25.759572],[27.949326,-25.75978],[27.95457,-25.78694],[27.95958,-25.78605],[27.96319,-25.78709],[27.96225,-25.79186],[27.96365,-25.79912],[27.9572,-25.80053],[27.96017,-25.81599],[27.94013,-25.81967],[27.92583,-25.82411],[27.93953,-25.83678],[27.90054,-25.84083],[27.8982,-25.85974],[27.89947,-25.88278],[27.89035,-25.88395],[27.893798,-25.905681],[27.90098,-25.90526],[27.90115,-25.90793],[27.92248,-25.91756],[27.93212,-25.9163],[27.939755,-25.915165],[27.94164,-25.91609],[27.94667,-25.91494],[27.94656,-25.90852],[27.94927,-25.90794],[27.95016,-25.90617],[27.96234,-25.90724],[27.9629,-25.91049],[27.96686,-25.91092],[27.98398,-25.90283],[27.987859,-25.93401],[28.029906,-25.911102],[28.03916,-25.92639],[28.04574,-25.93155],[28.07468,-25.92876],[28.07723,-25.92089],[28.08048,-25.92522],[28.09016,-25.92426],[28.09084,-25.92743],[28.10547,-25.9249],[28.11023,-25.94491],[28.18105,-25.91955],[28.184988,-25.903407],[28.23844,-25.92274],[28.271211,-25.925027],[28.26943,-25.91577],[28.319479,-25.91372],[28.338132,-25.949953],[28.35238,-25.9546],[28.40719,-25.92409],[28.41113,-25.93025],[28.41761,-25.93935],[28.41978,-25.95109],[28.44602,-25.96486],[28.45697,-25.95667],[28.468014,-25.963269],[28.46305,-25.97387],[28.45942,-25.97801],[28.45436,-25.98263],[28.45174,-25.98637],[28.44442,-25.99115],[28.45107,-25.99548],[28.448239,-25.999918],[28.445667,-26.018106],[28.46439,-26.011423],[28.46434,-26.02557],[28.46007,-26.023665],[28.45538,-26.03117],[28.45344,-26.03551],[28.44913,-26.0427],[28.44223,-26.0422],[28.44047,-26.04766],[28.46867,-26.07809],[28.503055,-26.0638]]]},"properties":{"code":"012"}},{"type":"Feature","geometry":{"type":"Polygon","coordinates":[[[28.672728,-26.320913],[28.71012,-26.34124],[28.73936,-26.32453],[28.75362,-26.32072],[28.7789,-26.31693],[28.80508,-26.30659],[28.8178,-26.34572],[28.83844,-26.34075],[28.86756,-26.32765],[28.88759,-26.28003],[28.88634,-26.25771],[28.93951,-26.26581],[28.949998,-26.254719],[28.97076,-26.23838],[28.98354,-26.24212],[28.98422,-26.23693],[29.00108,-26.22883],[29.033262,-26.22576],[29.03581,-26.23747],[29.040061,-26.259443],[29.04705,-26.27441],[29.05051,-26.28119],[29.05416,-26.28947],[29.05931,-26.30012],[29.0658,-26.31429],[29.10223,-26.32976],[29.10344,-26.34516],[29.11894,-26.37555],[29.12359,-26.38429],[29.13614,-26.37562],[29.14509,-26.36996],[29.15978,-26.35996],[29.16201,-26.35813],[29.16519,-26.35799],[29.16956,-26.35632],[29.16784,-26.35278],[29.17307,-26.34889],[29.1765,-26.3496],[29.17993,-26.34791],[29.18186,-26.34883],[29.18495,-26.34768],[29.19517,-26.36196],[29.20146,-26.36186],[29.21631,-26.36219],[29.21398,-26.35977],[29.21528,-26.35593],[29.21553,-26.35217],[29.2174,-26.351],[29.22393,-26.35459],[29.23773,-26.35728],[29.24872,-26.36002],[29.26062,-26.36236],[29.285104,-26.342675],[29.31267,-26.34609],[29.33547,-26.34833],[29.34521,-26.35401],[29.3489,-26.34555],[29.35203,-26.33611],[29.34996,-26.33541],[29.34652,-26.33212],[29.34456,-26.33154],[29.35122,-26.31988],[29.35565,-26.31159],[29.366573,-26.292108],[29.36718,-26.27436],[29.36734,-26.26375],[29.35693,-26.25673],[29.35235,-26.25309],[29.34069,-26.24508],[29.34816,-26.23178],[29.35346,-26.22306],[29.34449,-26.21476],[29.36141,-26.21324],[29.375,-26.19635],[29.38797,-26.2049],[29.40395,-26.20654],[29.41464,-26.20735],[29.43374,-26.2094],[29.45555,-26.2114],[29.45661,-26.20367],[29.47558,-26.17378],[29.49345,-26.16955],[29.51308,-26.18558],[29.560226,-26.209208],[29.54532,-26.24206],[29.54035,-26.25388],[29.56189,-26.25388],[29.58576,-26.25341],[29.59086,-26.24035],[29.59428,-26.23979],[29.649245,-26.24233],[29.66763,-26.24464],[29.69742,-26.23156],[29.69752,-26.22765],[29.7051,-26.22812],[29.70833,-26.22004],[29.71536,-26.20385],[29.7496,-26.22092],[29.75884,-26.22541],[29.78052,-26.20856],[29.80201,-26.19143],[29.80469,-26.18951],[29.800581,-26.163506],[29.80452,-26.14188],[29.80865,-26.11775],[29.81106,-26.1053],[29.81696,-26.09244],[29.82742,-26.07097],[29.83053,-26.07349],[29.856259,-26.030342],[29.86579,-26.01393],[29.8569,-26.00319],[29.85645,-25.99708],[29.85663,-25.97897],[29.87696,-25.96521],[29.85682,-25.9345],[29.83725,-25.9254],[29.83057,-25.92193],[29.83697,-25.91089],[29.83929,-25.90623],[29.84446,-25.88756],[29.84815,-25.87596],[29.86179,-25.86245],[29.898964,-25.869279],[29.9152,-25.88209],[29.92842,-25.89319],[29.94375,-25.90566],[29.95886,-25.9129],[29.96675,-25.91393],[29.99773,-25.91867],[29.99591,-25.90989],[29.98988,-25.88366],[30.03643,-25.87695],[30.05071,-25.87248],[30.086688,-25.860294],[30.09151,-25.84622],[30.09494,-25.84436],[30.1008,-25.8427],[30.14971,-25.82972],[30.15174,-25.81929],[30.20083,-25.83643],[30.21375,-25.80402],[30.2704,-25.82537],[30.24344,-25.87211],[30.254,-25.89327],[30.278935,-25.907155],[30.29905,-25.92638],[30.33111,-25.88054],[30.38115,-25.8869],[30.39499,-25.88438],[30.41906,-25.87756],[30.43057,-25.85547],[30.45528,-25.83836],[30.45309,-25.83617],[30.44906,-25.83029],[30.46352,-25.81374],[30.45964,-25.80988],[30.45771,-25.80635],[30.45727,-25.8033],[30.47883,-25.79379],[30.48399,-25.81859],[30.50265,-25.79946],[30.51485,-25.78791],[30.50256,-25.77669],[30.48638,-25.7622],[30.50874,-25.73686],[30.5193,-25.72855],[30.55864,-25.76826],[30.60612,-25.78973],[30.57957,-25.75347],[30.61119,-25.71902],[30.61849,-25.72383],[30.638469,-25.72398],[30.63872,-25.7118],[30.64663,-25.71242],[30.73265,-25.74135],[30.73021,-25.7483],[30.72509,-25.75919],[30.730117,-25.772451],[30.73939,-25.7886],[30.75227,-25.79827],[30.75186,-25.80152],[30.74946,-25.80394],[30.75219,-25.82262],[30.76109,-25.83133],[30.77065,-25.85002],[30.76684,-25.85527],[30.77365,-25.86194],[30.79677,-25.86325],[30.81431,-25.86847],[30.82306,-25.87652],[30.82098,-25.90932],[30.812565,-25.91537],[30.84986,-25.92634],[30.88033,-25.92508],[30.92433,-25.93125],[30.9681,-25.93476],[30.96844,-25.93419],[30.98547,-25.91791],[30.98615,-25.91803],[31.01315,-25.8921],[31.03952,-25.86626],[31.04263,-25.88411],[31.04391,-25.9126],[31.055691,-25.923921],[31.0688,-25.92347],[31.12657,-25.92115],[31.15319,-25.89939],[31.21042,-25.8528],[31.26357,-25.80963],[31.31594,-25.74304],[31.4163,-25.71876],[31.492494,-25.765854],[31.539645,-25.794974],[31.60341,-25.83531],[31.667854,-25.875416],[31.72039,-25.90811],[31.792839,-25.953081],[31.86786,-25.9996],[31.97369,-25.9532],[31.948844,-25.888447],[31.93055,-25.84077],[31.93764,-25.81865],[31.95704,-25.75976],[31.96253,-25.74257],[31.97856,-25.69367],[31.99594,-25.67669],[32.006099,-25.645194],[32.00565,-25.62599],[32.00091,-25.58532],[31.99576,-25.52627],[31.98133,-25.52382],[31.97738,-25.5098],[31.97756,-25.49355],[31.9774,-25.47469],[31.97887,-25.46659],[31.97962,-25.45706],[31.98948,-25.43775],[31.98899,-25.43535],[31.99052,-25.42897],[32.00699,-25.39986],[32.01465,-25.38556],[32.01592,-25.37739],[32.01796,-25.35441],[32.02256,-25.30986],[32.02882,-25.24143],[32.03198,-25.183095],[32.03359,-25.13252],[32.03017,-25.06569],[32.01548,-24.92512],[31.99827,-24.68974],[32.00891,-24.57515],[32.0131,-24.45459],[31.99948,-24.37469],[31.98713,-24.3022],[31.98128,-24.29734],[31.9518,-24.25089],[31.90801,-24.18243],[31.89537,-24.07471],[31.88676,-24.00133],[31.883835,-23.984594],[31.85268,-23.98685],[31.84488,-23.98593],[31.84014,-23.98672],[31.83266,-23.9869],[31.82891,-23.98597],[31.82497,-23.98616],[31.82161,-23.99085],[31.82212,-23.99651],[31.81796,-23.99908],[31.81254,-23.99931],[31.8047,-23.99718],[31.80121,-23.99409],[31.79461,-23.99193],[31.79161,-23.98837],[31.78747,-23.98649],[31.78269,-23.98208],[31.7764,-23.98124],[31.76997,-23.98319],[31.76748,-23.98462],[31.75906,-23.99164],[31.75467,-23.9958],[31.75177,-23.99765],[31.74656,-24.00348],[31.73708,-24.00882],[31.7335,-24.01452],[31.73357,-24.01836],[31.73598,-24.02892],[31.73727,-24.03206],[31.73764,-24.03905],[31.73581,-24.04608],[31.7317,-24.04975],[31.7187,-24.05684],[31.70191,-24.05992],[31.69036,-24.0601],[31.68372,-24.05953],[31.67872,-24.05509],[31.6774,-24.04992],[31.67613,-24.04791],[31.67196,-24.03511],[31.6706,-24.02746],[31.66876,-24.02095],[31.66598,-24.0167],[31.663,-24.01494],[31.6593,-24.01409],[31.65242,-24.0142],[31.63944,-24.01643],[31.63258,-24.01789],[31.62672,-24.01978],[31.62089,-24.02325],[31.60957,-24.03629],[31.60924,-24.04509],[31.6059,-24.05056],[31.60009,-24.05539],[31.5947,-24.05637],[31.58687,-24.05278],[31.58028,-24.04711],[31.57651,-24.0422],[31.57372,-24.03728],[31.57096,-24.03439],[31.56824,-24.03307],[31.56112,-24.03363],[31.55206,-24.03557],[31.54865,-24.0372],[31.54624,-24.03972],[31.54387,-24.04494],[31.54373,-24.05081],[31.54256,-24.05399],[31.53792,-24.05586],[31.53155,-24.05685],[31.52909,-24.05667],[31.52094,-24.0543],[31.50993,-24.04318],[31.50547,-24.04076],[31.50029,-24.03948],[31.49336,-24.03687],[31.48197,-24.03162],[31.47114,-24.0302],[31.46253,-24.02964],[31.45956,-24.02833],[31.44762,-24.01992],[31.44094,-24.02098],[31.44058,-24.02476],[31.44056,-24.0383],[31.43603,-24.04672],[31.4312,-24.05235],[31.42805,-24.0545],[31.41997,-24.05642],[31.41583,-24.05851],[31.40902,-24.06289],[31.39902,-24.06755],[31.39558,-24.06759],[31.3926,-24.06583],[31.39009,-24.06225],[31.38644,-24.0522],[31.38352,-24.05129],[31.37911,-24.05225],[31.37355,-24.05751],[31.3682,-24.0639],[31.36512,-24.06846],[31.36001,-24.07124],[31.34946,-24.07274],[31.34237,-24.07486],[31.33652,-24.07765],[31.33114,-24.07953],[31.32672,-24.08004],[31.32062,-24.0826],[31.31767,-24.08287],[31.31001,-24.07981],[31.30478,-24.0756],[31.30156,-24.07383],[31.29639,-24.07323],[31.29345,-24.07439],[31.28764,-24.07966],[31.28356,-24.08581],[31.27508,-24.09382],[31.26411,-24.09983],[31.25725,-24.10105],[31.25428,-24.09996],[31.25228,-24.09773],[31.2497,-24.08964],[31.24811,-24.08266],[31.24701,-24.075],[31.24247,-24.06717],[31.23847,-24.06293],[31.2347,-24.05757],[31.22834,-24.05158],[31.22002,-24.04557],[31.21606,-24.04381],[31.21043,-24.04263],[31.20603,-24.04103],[31.20148,-24.03783],[31.19676,-24.03271],[31.19425,-24.03115],[31.18816,-24.03169],[31.1781,-24.03499],[31.17513,-24.03685],[31.17336,-24.03913],[31.17131,-24.04418],[31.17053,-24.04977],[31.17095,-24.05619],[31.16899,-24.05904],[31.16263,-24.06005],[31.15296,-24.06568],[31.14708,-24.06968],[31.13378,-24.0737],[31.12934,-24.07292],[31.12425,-24.0692],[31.1188,-24.06824],[31.10994,-24.0698],[31.10155,-24.07064],[31.09826,-24.07219],[31.09425,-24.07552],[31.08879,-24.07686],[31.07642,-24.08119],[31.07163,-24.08378],[31.0669,-24.08963],[31.06343,-24.09146],[31.08599,-24.09452],[31.1153,-24.09101],[31.12057,-24.09026],[31.1151,-24.11921],[31.09615,-24.11736],[31.10727,-24.14573],[31.07935,-24.16649],[31.04994,-24.18732],[31.05437,-24.23193],[31.05801,-24.25515],[31.06043,-24.2718],[31.05712,-24.31137],[31.05602,-24.32189],[31.10221,-24.32373],[31.13932,-24.32009],[31.15252,-24.31867],[31.16585,-24.31461],[31.20006,-24.30495],[31.2068,-24.31504],[31.21955,-24.33319],[31.22889,-24.34688],[31.24203,-24.36543],[31.15997,-24.37557],[31.1601,-24.38626],[31.15991,-24.42626],[31.15995,-24.43741],[31.20324,-24.42646],[31.21954,-24.4504],[31.25366,-24.49912],[31.25271,-24.50091],[31.22618,-24.55601],[31.20595,-24.557419],[31.16809,-24.56063],[31.12566,-24.5646],[31.11108,-24.56612],[31.09938,-24.56687],[31.08621,-24.56814],[31.05374,-24.57028],[31.00398,-24.5762],[30.95932,-24.58207],[30.95433,-24.52128],[30.91386,-24.52497],[30.90893,-24.52577],[30.90157,-24.52819],[30.87171,-24.5385],[30.82661,-24.51358],[30.80236,-24.50081],[30.79928,-24.49889],[30.78534,-24.48578],[30.75898,-24.46022],[30.72857,-24.45314],[30.70369,-24.45061],[30.64183,-24.45086],[30.61833,-24.43303],[30.61881,-24.43781],[30.61713,-24.44034],[30.61386,-24.44186],[30.60462,-24.44183],[30.59844,-24.44332],[30.58792,-24.44013],[30.58325,-24.43762],[30.57606,-24.44249],[30.56834,-24.44693],[30.56511,-24.44668],[30.56278,-24.43971],[30.56252,-24.43711],[30.55714,-24.42778],[30.55701,-24.42557],[30.55402,-24.42539],[30.55299,-24.4279],[30.55264,-24.43559],[30.55123,-24.43914],[30.54778,-24.44149],[30.54344,-24.44298],[30.54078,-24.44496],[30.53353,-24.43971],[30.51818,-24.40564],[30.49533,-24.39646],[30.47032,-24.37171],[30.43672,-24.35353],[30.4092,-24.33363],[30.366215,-24.283095],[30.32504,-24.31069],[30.29169,-24.31726],[30.28982,-24.31698],[30.28186,-24.31838],[30.27758,-24.31799],[30.27431,-24.32052],[30.27316,-24.32004],[30.26843,-24.31413],[30.2662,-24.30947],[30.26349,-24.30758],[30.25585,-24.30514],[30.25247,-24.2996],[30.24768,-24.29805],[30.24377,-24.29245],[30.24084,-24.29076],[30.24127,-24.28578],[30.23759,-24.28344],[30.22894,-24.28452],[30.2224,-24.28438],[30.21771,-24.2857],[30.2112,-24.28832],[30.20025,-24.28796],[30.19497,-24.29126],[30.18734,-24.29783],[30.18298,-24.2999],[30.18094,-24.30401],[30.1775,-24.30419],[30.17373,-24.30073],[30.16873,-24.29916],[30.16461,-24.29965],[30.1598,-24.29718],[30.15518,-24.29561],[30.1527,-24.29392],[30.14696,-24.29265],[30.14364,-24.28875],[30.14337,-24.28725],[30.14797,-24.27878],[30.14789,-24.27258],[30.14401,-24.26479],[30.14703,-24.25853],[30.147,-24.25582],[30.14227,-24.24928],[30.13943,-24.24724],[30.13171,-24.24741],[30.12,-24.24522],[30.1085,-24.24451],[30.10431,-24.24468],[30.10021,-24.24294],[30.09723,-24.24022],[30.09448,-24.2393],[30.08544,-24.24088],[30.07847,-24.23713],[30.072,-24.23928],[30.06776,-24.23698],[30.06051,-24.23015],[30.05776,-24.22842],[30.05289,-24.22354],[30.0491,-24.21761],[30.04868,-24.21363],[30.04746,-24.21146],[30.0411,-24.20682],[30.03729,-24.20594],[30.03255,-24.20685],[30.02922,-24.20666],[30.02385,-24.20463],[30.01457,-24.20403],[30.01019,-24.20417],[30.00358,-24.208045],[29.99662,-24.21051],[29.9913,-24.20752],[29.98234,-24.20908],[29.97884,-24.21384],[29.97755,-24.22394],[29.97436,-24.22549],[29.96888,-24.2239],[29.96402,-24.22057],[29.95894,-24.21837],[29.9533,-24.21749],[29.94794,-24.21877],[29.94231,-24.22364],[29.93945,-24.22494],[29.93111,-24.22392],[29.9216,-24.22352],[29.91587,-24.2238],[29.90503,-24.22353],[29.90005,-24.22172],[29.89621,-24.2215],[29.88783,-24.22461],[29.88319,-24.22454],[29.88205,-24.22262],[29.87724,-24.2217],[29.87401,-24.22267],[29.87319,-24.22512],[29.87611,-24.23174],[29.8757,-24.24572],[29.87465,-24.24756],[29.86921,-24.24805],[29.86463,-24.25061],[29.84991,-24.25403],[29.83273,-24.25415],[29.82342,-24.25289],[29.82059,-24.2533],[29.81736,-24.24935],[29.81519,-24.24829],[29.81113,-24.24975],[29.80701,-24.25212],[29.80546,-24.25504],[29.80579,-24.26023],[29.80487,-24.26241],[29.801,-24.26757],[29.79737,-24.26838],[29.79062,-24.26738],[29.77977,-24.27147],[29.76911,-24.27299],[29.76462,-24.27552],[29.76094,-24.27988],[29.75951,-24.28524],[29.75971,-24.29126],[29.75622,-24.29357],[29.7544,-24.29655],[29.75394,-24.30328],[29.75672,-24.30996],[29.75604,-24.31345],[29.75874,-24.32396],[29.75558,-24.32682],[29.74821,-24.32719],[29.7457,-24.32793],[29.74489,-24.33005],[29.75132,-24.3402],[29.75085,-24.34531],[29.7517,-24.348],[29.75422,-24.34951],[29.76303,-24.3491],[29.76779,-24.35244],[29.7673,-24.35465],[29.76146,-24.36125],[29.75635,-24.3654],[29.7463,-24.37674],[29.74385,-24.38033],[29.73807,-24.38476],[29.73724,-24.38681],[29.73727,-24.39195],[29.73876,-24.39448],[29.74091,-24.40279],[29.73805,-24.41081],[29.73698,-24.417],[29.73821,-24.42045],[29.73786,-24.42332],[29.73607,-24.42685],[29.72829,-24.426],[29.72541,-24.4309],[29.72518,-24.43253],[29.72693,-24.43977],[29.72966,-24.44382],[29.72903,-24.44514],[29.72164,-24.44887],[29.72079,-24.45224],[29.72171,-24.45517],[29.72029,-24.45821],[29.71606,-24.46034],[29.70931,-24.46089],[29.70574,-24.46176],[29.69901,-24.4646],[29.69656,-24.46679],[29.69388,-24.46833],[29.68951,-24.4692],[29.68657,-24.46894],[29.68255,-24.46716],[29.67759,-24.46366],[29.67113,-24.46176],[29.66759,-24.46227],[29.6636,-24.46651],[29.65647,-24.47048],[29.65382,-24.47429],[29.65211,-24.47854],[29.64908,-24.48174],[29.64728,-24.4823],[29.64324,-24.47672],[29.63942,-24.4745],[29.63442,-24.47645],[29.62927,-24.47552],[29.6241,-24.47704],[29.6205,-24.47424],[29.62039,-24.46571],[29.61904,-24.46252],[29.61656,-24.46007],[29.61328,-24.45947],[29.60621,-24.46254],[29.60382,-24.46466],[29.59746,-24.46812],[29.58858,-24.47737],[29.58788,-24.4814],[29.58512,-24.48664],[29.58154,-24.48871],[29.57735,-24.49421],[29.5715,-24.49665],[29.56532,-24.50155],[29.56285,-24.50514],[29.56568,-24.50871],[29.56836,-24.51822],[29.56492,-24.52321],[29.56218,-24.52458],[29.5573,-24.52328],[29.55483,-24.52469],[29.5501,-24.52556],[29.54555,-24.52844],[29.54495,-24.5309],[29.54876,-24.53499],[29.55065,-24.53803],[29.55268,-24.54511],[29.55191,-24.54873],[29.55023,-24.55212],[29.54477,-24.55345],[29.53893,-24.56017],[29.53231,-24.56168],[29.52961,-24.56398],[29.52602,-24.56884],[29.52371,-24.57444],[29.52086,-24.57445],[29.51787,-24.57591],[29.51209,-24.5807],[29.50877,-24.58243],[29.50508,-24.58598],[29.4985,-24.58962],[29.49613,-24.59166],[29.49415,-24.59919],[29.49182,-24.60324],[29.48119,-24.60518],[29.47975,-24.60685],[29.47951,-24.61104],[29.47668,-24.61596],[29.47357,-24.61915],[29.46928,-24.62144],[29.46805,-24.62407],[29.47144,-24.62978],[29.47241,-24.63483],[29.470755,-24.640615],[29.44981,-24.63044],[29.43403,-24.59873],[29.40049,-24.60853],[29.37489,-24.61742],[29.39415,-24.65838],[29.3699,-24.663356],[29.35794,-24.66849],[29.34064,-24.6763],[29.32795,-24.68152],[29.304333,-24.691633],[29.263771,-24.70749],[29.24738,-24.71361],[29.27204,-24.74259],[29.27067,-24.77849],[29.27558,-24.79137],[29.27039,-24.79937],[29.26436,-24.81223],[29.22978,-24.81265],[29.21631,-24.85219],[29.21043,-24.87251],[29.20389,-24.89568],[29.17575,-24.90541],[29.17893,-24.91409],[29.18315,-24.93992],[29.173687,-24.949302],[29.15861,-24.95274],[29.08288,-24.98121],[29.07181,-24.94061],[29.05593,-24.91226],[28.99367,-24.91196],[28.98944,-24.90325],[28.96183,-24.91395],[28.93842,-24.87317],[28.91416,-24.88907],[28.92407,-24.90153],[28.88266,-24.91786],[28.84639,-24.93326],[28.83739,-24.91601],[28.810778,-24.91458],[28.78495,-24.91288],[28.75938,-24.91135],[28.71378,-24.95362],[28.68839,-24.96277],[28.65885,-24.97217],[28.6338,-24.98439],[28.60554,-25.0038],[28.61907,-25.0308],[28.63429,-25.05824],[28.60949,-25.0599],[28.6069,-25.07039],[28.55799,-25.0775],[28.51478,-25.08343],[28.47374,-25.08932],[28.49222,-25.12562],[28.49524,-25.13178],[28.4466,-25.13587],[28.44297,-25.12899],[28.42634,-25.13623],[28.40052,-25.14777],[28.37926,-25.1553],[28.39191,-25.16415],[28.41102,-25.20483],[28.38688,-25.21339],[28.42991,-25.20662],[28.45143,-25.20333],[28.4616,-25.20148],[28.49765,-25.18183],[28.52171,-25.17327],[28.53206,-25.16979],[28.53683,-25.15255],[28.53853,-25.15211],[28.59611,-25.14258],[28.59672,-25.13847],[28.63596,-25.12813],[28.63496,-25.11833],[28.64312,-25.11544],[28.64891,-25.11292],[28.65157,-25.1429],[28.66831,-25.138525],[28.68914,-25.12741],[28.70016,-25.12124],[28.71011,-25.11606],[28.744589,-25.109612],[28.7497,-25.12341],[28.75916,-25.14972],[28.75742,-25.14986],[28.7765,-25.18372],[28.77541,-25.18377],[28.78456,-25.22866],[28.7791,-25.23082],[28.76385,-25.22109],[28.74972,-25.24281],[28.74464,-25.25106],[28.73243,-25.26917],[28.73959,-25.28853],[28.73294,-25.2827],[28.71795,-25.28723],[28.69563,-25.29446],[28.68835,-25.29793],[28.67921,-25.303],[28.6689,-25.31076],[28.65769,-25.31729],[28.64126,-25.32764],[28.63318,-25.33149],[28.62258,-25.33365],[28.63894,-25.39398],[28.61979,-25.41139],[28.62048,-25.41386],[28.62406,-25.44041],[28.62526,-25.44763],[28.62941,-25.45985],[28.62085,-25.46322],[28.6154,-25.46786],[28.62099,-25.47066],[28.63206,-25.48841],[28.634,-25.51989],[28.62575,-25.52305],[28.62667,-25.53115],[28.635,-25.55916],[28.64545,-25.58578],[28.642512,-25.589865],[28.64599,-25.5981],[28.65909,-25.62558],[28.66126,-25.63128],[28.664735,-25.638523],[28.592734,-25.728422],[28.526053,-25.807505],[28.62588,-25.975676],[28.59095,-26.00248],[28.586749,-26.016025],[28.57894,-26.05959],[28.53863,-26.04781],[28.53077,-26.06157],[28.515765,-26.058525],[28.503055,-26.0638],[28.51582,-26.08125],[28.50119,-26.08957],[28.50518,-26.09922],[28.49695,-26.10387],[28.4905,-26.126392],[28.52134,-26.14449],[28.52715,-26.17874],[28.53429,-26.17224],[28.53054,-26.22531],[28.58197,-26.23729],[28.62229,-26.24838],[28.62603,-26.28566],[28.6269,-26.29244],[28.672797,-26.311688],[28.672728,-26.320913]]]},"properties":{"code":"013"}},{"type":"Feature","geometry":{"type":"Polygon","coordinates":[[[30.300704,-28.534062],[30.30066,-28.5341],[30.28097,-28.52484],[30.232536,-28.501853],[30.24658,-28.55024],[30.2314,-28.56289],[30.2227,-28.56669],[30.22073,-28.57332],[30.22147,-28.5773],[30.22609,-28.58722],[30.23171,-28.58932],[30.23638,-28.58958],[30.23397,-28.62119],[30.24265,-28.62818],[30.24455,-28.63076],[30.24702,-28.63172],[30.24998,-28.63629],[30.24897,-28.63958],[30.24404,-28.6432],[30.24502,-28.64542],[30.25391,-28.64589],[30.25656,-28.6504],[30.26123,-28.65365],[30.26273,-28.65941],[30.26244,-28.66372],[30.26462,-28.66946],[30.26697,-28.67325],[30.26997,-28.67634],[30.27543,-28.67959],[30.27861,-28.6838],[30.27959,-28.68726],[30.28131,-28.68845],[30.28426,-28.69298],[30.2807,-28.69267],[30.2718,-28.69551],[30.27087,-28.69948],[30.27045,-28.70555],[30.26964,-28.70745],[30.26497,-28.71261],[30.26446,-28.7147],[30.26555,-28.71961],[30.26818,-28.72579],[30.26899,-28.72976],[30.26753,-28.73102],[30.27866,-28.73179],[30.27944,-28.7608],[30.283227,-28.811148],[30.27446,-28.83451],[30.27238,-28.84473],[30.27314,-28.87703],[30.26813,-28.90531],[30.28747,-28.9149],[30.27277,-28.9213],[30.2464,-28.93512],[30.22369,-28.94575],[30.2314,-28.9642],[30.22963,-28.98404],[30.218508,-28.998203],[30.21507,-28.98057],[30.19771,-28.98013],[30.18703,-28.95938],[30.17365,-28.97763],[30.155,-28.97926],[30.15006,-28.99562],[30.08618,-28.96653],[30.07178,-29.01188],[30.05032,-29.02724],[30.06335,-29.05604],[30.02799,-29.05932],[30.02584,-29.08963],[29.98798,-29.08654],[29.98574,-29.08626],[29.96233,-29.09972],[29.95442,-29.11923],[29.94977,-29.13118],[29.9269,-29.12185],[29.90906,-29.14159],[29.89978,-29.15005],[29.89228,-29.16166],[29.87314,-29.18304],[29.86847,-29.19784],[29.85486,-29.21808],[29.82908,-29.21977],[29.80006,-29.21714],[29.79746,-29.19011],[29.79668,-29.18853],[29.78704,-29.19737],[29.78058,-29.19277],[29.75572,-29.20694],[29.73058,-29.22703],[29.7648,-29.21726],[29.76799,-29.2207],[29.75346,-29.24207],[29.75379,-29.28326],[29.72676,-29.29035],[29.70367,-29.29511],[29.69224,-29.30125],[29.68569,-29.30254],[29.68438,-29.30079],[29.68667,-29.2985],[29.67893,-29.29587],[29.67222,-29.2981],[29.6613,-29.29807],[29.6521,-29.29708],[29.6442,-29.29335],[29.63178,-29.29149],[29.63103,-29.28558],[29.63148,-29.28376],[29.63609,-29.27889],[29.63871,-29.27261],[29.64592,-29.27057],[29.65108,-29.26277],[29.66132,-29.26027],[29.66811,-29.2573],[29.66613,-29.25491],[29.65522,-29.25597],[29.63034,-29.2688],[29.60974,-29.24865],[29.59429,-29.26373],[29.56983,-29.29038],[29.5786,-29.29908],[29.57863,-29.33552],[29.55951,-29.33773],[29.54006,-29.35134],[29.52211,-29.33012],[29.51525,-29.32614],[29.5068,-29.33978],[29.50164,-29.3409],[29.48118,-29.34668],[29.47646,-29.34526],[29.47166,-29.34472],[29.46863,-29.34606],[29.46721,-29.34855],[29.46178,-29.34828],[29.45929,-29.34374],[29.45546,-29.34125],[29.44927,-29.34356],[29.44438,-29.34416],[29.44151,-29.34646],[29.44335,-29.35138],[29.44171,-29.35435],[29.44157,-29.35759],[29.44371,-29.3635],[29.44528,-29.36574],[29.44882,-29.3681],[29.44833,-29.3713],[29.44631,-29.37228],[29.44717,-29.37571],[29.4454,-29.3787],[29.44154,-29.38053],[29.43861,-29.38507],[29.43615,-29.38687],[29.4364,-29.3926],[29.4372,-29.39469],[29.43519,-29.39642],[29.43016,-29.39582],[29.42484,-29.39655],[29.42184,-29.39602],[29.41945,-29.39694],[29.41844,-29.40566],[29.41897,-29.408],[29.42262,-29.4141],[29.4198,-29.41665],[29.41073,-29.41706],[29.40673,-29.42053],[29.40582,-29.42446],[29.40226,-29.4297],[29.40204,-29.43312],[29.39962,-29.43577],[29.40059,-29.44021],[29.40339,-29.44402],[29.40057,-29.44493],[29.40043,-29.44703],[29.39752,-29.44707],[29.39359,-29.45125],[29.38792,-29.45245],[29.38757,-29.45569],[29.38331,-29.45631],[29.38046,-29.4543],[29.37711,-29.45484],[29.37338,-29.46276],[29.36829,-29.46373],[29.36437,-29.46661],[29.36186,-29.46936],[29.35851,-29.46948],[29.35074,-29.46741],[29.34582,-29.46525],[29.34026,-29.46867],[29.33943,-29.47217],[29.32935,-29.47016],[29.32763,-29.47081],[29.32513,-29.47472],[29.32115,-29.47568],[29.31977,-29.47916],[29.32308,-29.48383],[29.32359,-29.48689],[29.316,-29.48805],[29.30986,-29.48625],[29.30671,-29.48294],[29.30049,-29.48634],[29.29658,-29.48655],[29.29318,-29.49052],[29.2946,-29.49347],[29.299846,-29.498936],[29.310072,-29.496576],[29.333342,-29.506758],[29.356129,-29.513546],[29.363886,-29.517181],[29.369946,-29.51597],[29.384007,-29.525665],[29.399521,-29.524939],[29.404854,-29.529787],[29.409691,-29.530451],[29.42098,-29.53466],[29.42407,-29.534531],[29.42695,-29.532869],[29.4303,-29.53322],[29.43281,-29.5422],[29.436991,-29.54764],[29.44066,-29.54488],[29.454691,-29.54307],[29.45331,-29.54636],[29.449711,-29.560049],[29.46191,-29.56472],[29.47728,-29.571951],[29.47496,-29.577749],[29.493709,-29.58686],[29.5172,-29.57814],[29.5199,-29.57548],[29.52418,-29.57501],[29.52622,-29.57217],[29.52511,-29.57113],[29.51963,-29.5696],[29.51645,-29.56576],[29.52304,-29.56657],[29.52903,-29.56368],[29.53481,-29.56333],[29.54477,-29.5719],[29.55656,-29.56162],[29.56358,-29.57443],[29.57324,-29.57553],[29.57688,-29.58374],[29.59286,-29.57736],[29.605474,-29.574464],[29.601982,-29.582876],[29.608546,-29.584616],[29.618047,-29.591172],[29.625532,-29.597538],[29.623986,-29.599309],[29.622606,-29.604487],[29.619445,-29.605427],[29.616541,-29.612016],[29.624142,-29.61197],[29.625242,-29.608966],[29.628874,-29.605889],[29.630579,-29.610457],[29.633702,-29.610109],[29.635392,-29.605414],[29.641825,-29.606312],[29.644588,-29.605737],[29.647791,-29.609997],[29.636202,-29.631669],[29.668204,-29.632958],[29.70282,-29.635743],[29.702967,-29.643145],[29.701968,-29.648114],[29.702123,-29.651733],[29.700027,-29.652397],[29.698825,-29.658947],[29.696165,-29.662305],[29.687241,-29.67556],[29.727249,-29.677589],[29.727924,-29.676934],[29.763425,-29.674182],[29.763082,-29.676291],[29.765575,-29.67845],[29.774231,-29.68202],[29.776467,-29.681543],[29.778559,-29.68481],[29.777896,-29.687101],[29.773495,-29.690614],[29.771901,-29.693239],[29.772929,-29.695845],[29.778789,-29.698603],[29.783688,-29.699654],[29.786958,-29.704451],[29.785808,-29.709863],[29.786792,-29.714405],[29.789316,-29.713889],[29.790553,-29.709996],[29.79218,-29.707842],[29.795375,-29.708409],[29.797423,-29.705121],[29.802822,-29.705199],[29.809648,-29.707804],[29.817099,-29.706578],[29.823665,-29.704624],[29.82527,-29.703432],[29.827874,-29.704372],[29.825714,-29.707418],[29.82372,-29.707851],[29.823486,-29.710336],[29.827654,-29.713709],[29.829666,-29.71336],[29.833258,-29.71715],[29.837997,-29.718399],[29.839376,-29.720155],[29.841275,-29.726295],[29.841723,-29.729841],[29.840594,-29.732317],[29.836773,-29.732791],[29.836705,-29.736655],[29.839414,-29.737027],[29.841572,-29.735514],[29.844768,-29.737291],[29.849179,-29.737789],[29.858315,-29.737595],[29.865067,-29.734652],[29.866822,-29.736965],[29.873002,-29.739984],[29.872366,-29.742619],[29.873713,-29.744779],[29.877864,-29.745289],[29.878996,-29.741402],[29.877221,-29.737413],[29.878886,-29.734529],[29.884121,-29.734987],[29.888247,-29.74016],[29.889382,-29.747232],[29.891322,-29.750762],[29.893494,-29.75093],[29.89891,-29.747505],[29.9048,-29.745069],[29.908318,-29.740383],[29.910806,-29.740757],[29.912037,-29.746322],[29.911883,-29.751797],[29.910772,-29.752739],[29.903931,-29.754893],[29.903685,-29.758527],[29.913358,-29.766574],[29.918523,-29.767481],[29.918577,-29.770685],[29.915475,-29.774746],[29.912831,-29.774088],[29.911219,-29.772195],[29.908662,-29.774125],[29.911595,-29.780244],[29.907701,-29.781848],[29.905887,-29.781531],[29.903777,-29.785468],[29.90429,-29.788163],[29.902787,-29.792556],[29.906696,-29.794977],[29.908004,-29.796747],[29.914406,-29.798929],[29.91674,-29.798077],[29.920555,-29.800887],[29.926125,-29.802657],[29.927722,-29.805172],[29.929984,-29.805107],[29.933538,-29.802296],[29.937982,-29.801256],[29.940829,-29.80247],[29.945034,-29.800049],[29.944991,-29.798286],[29.947548,-29.796162],[29.948885,-29.793048],[29.94832,-29.790423],[29.953367,-29.784414],[29.955135,-29.780738],[29.957625,-29.78094],[29.958666,-29.782317],[29.95614,-29.78872],[29.955897,-29.791806],[29.952809,-29.796246],[29.9581,-29.801918],[29.959744,-29.805609],[29.960317,-29.809852],[29.962406,-29.811078],[29.96687,-29.810043],[29.969078,-29.813764],[29.972018,-29.813197],[29.973033,-29.815228],[29.976751,-29.817155],[29.982355,-29.815623],[29.982355,-29.812796],[29.984134,-29.812159],[29.986097,-29.815612],[29.990094,-29.816309],[29.991901,-29.815373],[29.991788,-29.811287],[29.993983,-29.806167],[29.997097,-29.810213],[30.003985,-29.812569],[30.007959,-29.811349],[30.010146,-29.8055],[30.04536,-29.82996],[30.04903,-29.83506],[30.03958,-29.84567],[30.03622,-29.84744],[30.03802,-29.8528],[30.03732,-29.85887],[30.03606,-29.86259],[30.03705,-29.86708],[30.04073,-29.86724],[30.04332,-29.86908],[30.04827,-29.86989],[30.05527,-29.87019],[30.06177,-29.86618],[30.06243,-29.8616],[30.06421,-29.85922],[30.0669,-29.85974],[30.06818,-29.86159],[30.06804,-29.86489],[30.06669,-29.86846],[30.06361,-29.87248],[30.0642,-29.87951],[30.06619,-29.88544],[30.06253,-29.88768],[30.06068,-29.89024],[30.06105,-29.89741],[30.06398,-29.89788],[30.06764,-29.89652],[30.07006,-29.90264],[30.07809,-29.90787],[30.08109,-29.90547],[30.08467,-29.90574],[30.08782,-29.90393],[30.09197,-29.90493],[30.09586,-29.90902],[30.10053,-29.91098],[30.10139,-29.91268],[30.09948,-29.91544],[30.09229,-29.91689],[30.08527,-29.92136],[30.08325,-29.92476],[30.0839,-29.92783],[30.08901,-29.93182],[30.09087,-29.93617],[30.08788,-29.93846],[30.08607,-29.94483],[30.0878,-29.94761],[30.09379,-29.94994],[30.09609,-29.94935],[30.09837,-29.9467],[30.10099,-29.94201],[30.10347,-29.94034],[30.10601,-29.94251],[30.10488,-29.94597],[30.11246,-29.94786],[30.11766,-29.94805],[30.11859,-29.95076],[30.11294,-29.95583],[30.11115,-29.95849],[30.11415,-29.96139],[30.1136,-29.96658],[30.11022,-29.969],[30.10594,-29.96859],[30.10276,-29.97169],[30.10576,-29.97465],[30.10922,-29.97708],[30.11473,-29.9777],[30.11891,-29.98016],[30.12507,-29.98201],[30.1278,-29.98179],[30.13474,-29.97976],[30.14568,-29.98194],[30.15032,-29.98217],[30.1545,-29.98561],[30.16199,-29.98944],[30.16399,-29.99407],[30.16407,-29.9983],[30.17284,-30.00162],[30.17697,-30.00125],[30.18589,-30.00181],[30.19173,-30.00437],[30.19583,-30.00913],[30.19621,-30.012],[30.20209,-30.01486],[30.20761,-30.0158],[30.21243,-30.01734],[30.21532,-30.01655],[30.22092,-30.01104],[30.22562,-30.01188],[30.23493,-30.01229],[30.23761,-30.00868],[30.24256,-30.00782],[30.24903,-30.01071],[30.2507,-30.01398],[30.25305,-30.01408],[30.25746,-30.0111],[30.26156,-30.01132],[30.26903,-30.01753],[30.27252,-30.02167],[30.27644,-30.01946],[30.277,-30.01539],[30.27274,-30.00973],[30.27348,-30.00656],[30.27607,-30.00421],[30.28183,-30.00442],[30.28405,-30.00754],[30.28409,-30.01343],[30.28651,-30.01684],[30.29016,-30.0187],[30.29437,-30.01725],[30.2975,-30.01473],[30.30147,-30.01383],[30.30453,-30.01433],[30.3105,-30.01761],[30.3133,-30.02047],[30.31344,-30.02345],[30.31064,-30.02767],[30.31017,-30.03085],[30.31498,-30.03356],[30.31666,-30.03591],[30.31499,-30.04158],[30.31683,-30.04548],[30.31991,-30.0451],[30.32216,-30.04159],[30.32265,-30.0348],[30.32767,-30.03221],[30.33101,-30.03281],[30.33285,-30.03473],[30.33389,-30.03982],[30.33833,-30.04719],[30.34093,-30.04867],[30.34422,-30.04913],[30.34759,-30.04804],[30.34883,-30.04389],[30.34718,-30.03771],[30.35023,-30.03621],[30.35434,-30.0379],[30.35605,-30.0396],[30.3565,-30.04279],[30.356,-30.04828],[30.35375,-30.05346],[30.35172,-30.05616],[30.35203,-30.05859],[30.35542,-30.06198],[30.36173,-30.0604],[30.36526,-30.06047],[30.36502,-30.0634],[30.35919,-30.06763],[30.35775,-30.07017],[30.35999,-30.072],[30.3657,-30.07229],[30.3701,-30.07115],[30.37294,-30.07438],[30.3766,-30.07526],[30.38252,-30.0782],[30.38235,-30.08484],[30.37837,-30.08695],[30.37404,-30.0874],[30.37352,-30.09237],[30.37953,-30.09426],[30.38571,-30.09421],[30.38878,-30.0975],[30.39664,-30.1023],[30.39913,-30.10084],[30.39938,-30.09779],[30.4035,-30.09352],[30.40739,-30.09181],[30.41073,-30.09156],[30.41607,-30.09321],[30.41873,-30.09567],[30.42199,-30.09662],[30.42438,-30.09156],[30.4222,-30.08636],[30.42215,-30.07878],[30.42449,-30.07653],[30.42657,-30.07701],[30.42804,-30.07927],[30.42958,-30.08534],[30.43032,-30.09206],[30.43201,-30.09299],[30.4367,-30.09154],[30.43856,-30.08696],[30.43877,-30.08388],[30.4416,-30.08221],[30.44549,-30.08437],[30.45411,-30.088],[30.45672,-30.09074],[30.45592,-30.09357],[30.45761,-30.09928],[30.46239,-30.10169],[30.46821,-30.10017],[30.47219,-30.10186],[30.47506,-30.10492],[30.47994,-30.10519],[30.48246,-30.1006],[30.48207,-30.09784],[30.47654,-30.09438],[30.4759,-30.0899],[30.47792,-30.08757],[30.48301,-30.08798],[30.48924,-30.09367],[30.49379,-30.09612],[30.4964,-30.09878],[30.49149,-30.10253],[30.49116,-30.10671],[30.49521,-30.11014],[30.49905,-30.11239],[30.50532,-30.11342],[30.50783,-30.11119],[30.50872,-30.10738],[30.50818,-30.10344],[30.50557,-30.10019],[30.50565,-30.09731],[30.51071,-30.0891],[30.51378,-30.08714],[30.5163,-30.08763],[30.51849,-30.09005],[30.52252,-30.09283],[30.52706,-30.09356],[30.53113,-30.09254],[30.53617,-30.09341],[30.53993,-30.09517],[30.54213,-30.09818],[30.54482,-30.10572],[30.54893,-30.1053],[30.55514,-30.10609],[30.55876,-30.10993],[30.55968,-30.11492],[30.56191,-30.12051],[30.56075,-30.12267],[30.55322,-30.12426],[30.55142,-30.12315],[30.55218,-30.11814],[30.54949,-30.11445],[30.5445,-30.11664],[30.5404,-30.1174],[30.53622,-30.11549],[30.53404,-30.11806],[30.53441,-30.12166],[30.53848,-30.12526],[30.55224,-30.13364],[30.55578,-30.13473],[30.56106,-30.13464],[30.56934,-30.1384],[30.57252,-30.14069],[30.57403,-30.1444],[30.57728,-30.14354],[30.57927,-30.14106],[30.5795,-30.13392],[30.5824,-30.12941],[30.58776,-30.12426],[30.58895,-30.11849],[30.59135,-30.118],[30.5954,-30.12025],[30.59611,-30.1239],[30.59793,-30.1214],[30.60044,-30.11999],[30.59866,-30.11702],[30.60028,-30.116],[30.6016,-30.11129],[30.60566,-30.10919],[30.60377,-30.10598],[30.61855,-30.09711],[30.6254,-30.09778],[30.63744,-30.08764],[30.63682,-30.08232],[30.6375,-30.07929],[30.63577,-30.07764],[30.63608,-30.07385],[30.629148,-30.075946],[30.619147,-30.073569],[30.615628,-30.068037],[30.620753,-30.066231],[30.62106,-30.061826],[30.624544,-30.055054],[30.624451,-30.052777],[30.620268,-30.051213],[30.617003,-30.052037],[30.611614,-30.047461],[30.607638,-30.048332],[30.607545,-30.04594],[30.608901,-30.041814],[30.60808,-30.040208],[30.611549,-30.03716],[30.61156,-30.03396],[30.61812,-30.033908],[30.639769,-30.021367],[30.654788,-29.991584],[30.65652,-29.98466],[30.65369,-29.97907],[30.65328,-29.97334],[30.67525,-29.922221],[30.66619,-29.92474],[30.65855,-29.92172],[30.66412,-29.91102],[30.65661,-29.90828],[30.65661,-29.90378],[30.65794,-29.8951],[30.65013,-29.89316],[30.64607,-29.90443],[30.63635,-29.90088],[30.62138,-29.88514],[30.61945,-29.87697],[30.62495,-29.86932],[30.62458,-29.8667],[30.62155,-29.86079],[30.62183,-29.85506],[30.62063,-29.85282],[30.61602,-29.85354],[30.61391,-29.84968],[30.6141,-29.8437],[30.6119,-29.84012],[30.60857,-29.83864],[30.60912,-29.83592],[30.60778,-29.83412],[30.60382,-29.83421],[30.60192,-29.83693],[30.59452,-29.835715],[30.574878,-29.847235],[30.576,-29.8315],[30.585689,-29.784152],[30.58647,-29.78073],[30.58446,-29.7592],[30.58197,-29.75954],[30.58061,-29.75062],[30.57617,-29.75107],[30.57601,-29.74613],[30.56572,-29.74602],[30.56939,-29.73165],[30.5639,-29.73041],[30.56,-29.72829],[30.5724,-29.70661],[30.576445,-29.690214],[30.583751,-29.654323],[30.585306,-29.6544],[30.62217,-29.66835],[30.636257,-29.643367],[30.63709,-29.64523],[30.6363,-29.64988],[30.63692,-29.65183],[30.635,-29.66128],[30.64091,-29.66152],[30.64547,-29.66467],[30.64742,-29.66386],[30.64716,-29.66089],[30.65222,-29.65976],[30.64467,-29.65453],[30.64587,-29.64933],[30.64917,-29.64599],[30.65136,-29.64255],[30.65461,-29.64169],[30.65846,-29.64197],[30.66536,-29.64727],[30.67052,-29.64828],[30.67054,-29.64681],[30.66724,-29.64462],[30.66813,-29.63946],[30.66339,-29.63612],[30.66077,-29.63849],[30.64805,-29.63894],[30.64701,-29.63818],[30.64425,-29.63255],[30.6507,-29.63292],[30.65478,-29.63172],[30.65843,-29.63362],[30.66296,-29.63264],[30.66999,-29.62918],[30.67357,-29.62224],[30.673753,-29.619902],[30.67345,-29.61569],[30.67536,-29.6103],[30.67346,-29.60664],[30.67413,-29.60466],[30.68396,-29.60042],[30.69209,-29.60292],[30.69852,-29.6029],[30.70437,-29.60421],[30.71421,-29.60509],[30.71722,-29.60699],[30.72609,-29.60604],[30.72862,-29.60418],[30.72881,-29.60215],[30.72471,-29.60032],[30.72868,-29.59774],[30.72854,-29.59587],[30.72576,-29.59145],[30.72472,-29.58845],[30.72616,-29.58476],[30.72443,-29.58338],[30.72373,-29.58025],[30.72504,-29.57884],[30.72418,-29.57473],[30.72718,-29.57094],[30.72427,-29.56922],[30.71869,-29.57118],[30.70895,-29.57147],[30.70809,-29.56944],[30.70546,-29.56898],[30.70362,-29.56679],[30.70252,-29.56113],[30.70401,-29.55835],[30.70664,-29.55661],[30.70517,-29.55201],[30.7037,-29.54997],[30.70524,-29.54185],[30.70563,-29.53686],[30.70707,-29.53279],[30.70942,-29.52949],[30.70974,-29.52723],[30.71669,-29.52759],[30.7202,-29.52969],[30.72261,-29.52769],[30.7219,-29.52579],[30.72417,-29.52372],[30.72398,-29.52021],[30.72265,-29.51773],[30.72268,-29.51015],[30.72436,-29.50628],[30.72437,-29.50272],[30.72636,-29.4997],[30.72846,-29.49836],[30.73143,-29.49837],[30.73465,-29.49531],[30.73535,-29.48928],[30.73727,-29.48564],[30.74273,-29.4804],[30.74385,-29.47607],[30.74335,-29.47337],[30.7443,-29.47051],[30.74775,-29.46707],[30.74903,-29.461],[30.7491,-29.45767],[30.74809,-29.453431],[30.76813,-29.45504],[30.76618,-29.48799],[30.79031,-29.47628],[30.79355,-29.44955],[30.80227,-29.44262],[30.83344,-29.41714],[30.850066,-29.403697],[30.888392,-29.415613],[30.89078,-29.41273],[30.89067,-29.40857],[30.89406,-29.40722],[30.8967,-29.40769],[30.89788,-29.40474],[30.90324,-29.40104],[30.90356,-29.39949],[30.90776,-29.3967],[30.90911,-29.39673],[30.91233,-29.39213],[30.91504,-29.39037],[30.91657,-29.38618],[30.919276,-29.384419],[30.91546,-29.38284],[30.90911,-29.38362],[30.90148,-29.38144],[30.89526,-29.37624],[30.88854,-29.37628],[30.88372,-29.37323],[30.88304,-29.37082],[30.88039,-29.36767],[30.8804,-29.36484],[30.88243,-29.36051],[30.88126,-29.35656],[30.88171,-29.35036],[30.88464,-29.34575],[30.8825,-29.34265],[30.87912,-29.33979],[30.87574,-29.33837],[30.87241,-29.33213],[30.86656,-29.32686],[30.86119,-29.32584],[30.85732,-29.32664],[30.85725,-29.32341],[30.85465,-29.32222],[30.85497,-29.3136],[30.85881,-29.31155],[30.85623,-29.31003],[30.85744,-29.30812],[30.86026,-29.30728],[30.85752,-29.3024],[30.85979,-29.30103],[30.86456,-29.30096],[30.86513,-29.29765],[30.86406,-29.29447],[30.86755,-29.29455],[30.8722,-29.28759],[30.86789,-29.28478],[30.86958,-29.28305],[30.87575,-29.28416],[30.87925,-29.28412],[30.87957,-29.28244],[30.87749,-29.2789],[30.87719,-29.27559],[30.88618,-29.2822],[30.89474,-29.2875],[30.89769,-29.28752],[30.89778,-29.28531],[30.90431,-29.27095],[30.90499,-29.27036],[30.916038,-29.280623],[30.91735,-29.2808],[30.92128,-29.27751],[30.92651,-29.27156],[30.93001,-29.27223],[30.93126,-29.27375],[30.93604,-29.27086],[30.95115,-29.26998],[30.95374,-29.27117],[30.96281,-29.27135],[30.9694,-29.27243],[30.97254,-29.27368],[30.97429,-29.27131],[30.98119,-29.26926],[30.98383,-29.26589],[30.98225,-29.26039],[30.98477,-29.25724],[30.98299,-29.25475],[30.98062,-29.24274],[30.98275,-29.24003],[30.98448,-29.23997],[30.98558,-29.23399],[30.98341,-29.23309],[30.98591,-29.22883],[30.98473,-29.22411],[30.98563,-29.22257],[30.98043,-29.22202],[30.9769,-29.21871],[30.96895,-29.21416],[30.96634,-29.20988],[30.959021,-29.205081],[30.95519,-29.20599],[30.95277,-29.20245],[30.94857,-29.19976],[30.94654,-29.19712],[30.94929,-29.19548],[30.95025,-29.19184],[30.94034,-29.18805],[30.9382,-29.18429],[30.9416,-29.18253],[30.9473,-29.18427],[30.94756,-29.18237],[30.9435,-29.18183],[30.93909,-29.17835],[30.93287,-29.18302],[30.92781,-29.17946],[30.91845,-29.17671],[30.91756,-29.17946],[30.91474,-29.17597],[30.90835,-29.17694],[30.90479,-29.17874],[30.9028,-29.17826],[30.89866,-29.1798],[30.89475,-29.18034],[30.8944,-29.17621],[30.89692,-29.17671],[30.89809,-29.1744],[30.90246,-29.17249],[30.90247,-29.16973],[30.89745,-29.16939],[30.89778,-29.16694],[30.89249,-29.1672],[30.89038,-29.16552],[30.8895,-29.16188],[30.88678,-29.16307],[30.88111,-29.16009],[30.87566,-29.16052],[30.87483,-29.16236],[30.87076,-29.16373],[30.867905,-29.16126],[30.86595,-29.15661],[30.868759,-29.152719],[30.86836,-29.15119],[30.86338,-29.15198],[30.86272,-29.14751],[30.85745,-29.14361],[30.85278,-29.142],[30.85248,-29.13982],[30.86685,-29.13413],[30.86727,-29.13252],[30.87175,-29.12934],[30.87395,-29.12595],[30.87659,-29.12462],[30.8795,-29.12626],[30.88088,-29.12415],[30.88803,-29.12312],[30.89067,-29.125185],[30.89571,-29.12295],[30.89528,-29.12089],[30.89856,-29.12031],[30.90099,-29.11878],[30.9067,-29.11785],[30.91061,-29.11576],[30.91179,-29.10741],[30.90609,-29.10346],[30.906737,-29.099887],[30.93672,-29.0802],[30.94275,-29.08785],[30.95108,-29.09211],[30.97246,-29.08121],[30.97405,-29.08059],[31.00421,-29.0839],[31.02378,-29.07883],[31.00122,-29.04331],[30.98928,-29.00393],[30.98018,-28.96989],[30.96817,-28.97189],[30.9471,-28.96981],[30.96243,-28.96356],[30.96641,-28.95945],[30.96029,-28.95339],[30.9451,-28.95942],[30.94706,-28.95696],[30.94577,-28.95059],[30.9441,-28.95178],[30.92208,-28.94842],[30.92302,-28.94119],[30.92958,-28.93541],[30.93243,-28.93528],[30.93793,-28.93347],[30.93357,-28.93043],[30.93278,-28.92748],[30.929,-28.92595],[30.91922,-28.90849],[30.92688,-28.89879],[30.92997,-28.89857],[30.93189,-28.89623],[30.93605,-28.89518],[30.93739,-28.89219],[30.94073,-28.8896],[30.94418,-28.88911],[30.9525,-28.88628],[30.95615,-28.88433],[30.9594,-28.88449],[30.96376,-28.88258],[30.96708,-28.87662],[30.96911,-28.87504],[30.97388,-28.87374],[30.97826,-28.87825],[30.98188,-28.88045],[30.9856,-28.87609],[30.98821,-28.87578],[30.99021,-28.86918],[30.99051,-28.86626],[30.99233,-28.864],[30.9913,-28.86152],[30.99359,-28.85916],[30.99335,-28.85648],[30.98833,-28.85732],[30.98456,-28.85557],[30.98172,-28.85072],[30.97783,-28.84692],[30.97446,-28.84259],[30.97278,-28.83816],[30.96787,-28.83393],[30.96683,-28.82927],[30.96801,-28.82723],[30.97262,-28.82407],[30.98075,-28.81974],[30.98489,-28.81527],[30.98718,-28.81097],[30.9868,-28.80512],[30.98187,-28.80108],[30.97686,-28.79862],[30.97104,-28.79863],[30.96306,-28.79656],[30.95788,-28.79214],[30.95588,-28.78882],[30.95145,-28.78845],[30.94791,-28.7914],[30.94302,-28.79438],[30.93868,-28.79838],[30.93178,-28.80644],[30.92815,-28.81129],[30.92611,-28.81513],[30.92676,-28.81999],[30.93124,-28.8278],[30.93583,-28.83057],[30.94004,-28.83398],[30.94168,-28.83731],[30.94007,-28.84303],[30.93717,-28.84542],[30.93178,-28.84692],[30.92324,-28.84786],[30.91755,-28.84791],[30.9074,-28.84568],[30.90372,-28.84413],[30.89996,-28.8404],[30.90002,-28.83467],[30.90421,-28.82638],[30.91091,-28.81797],[30.914,-28.81252],[30.91418,-28.80716],[30.91331,-28.80268],[30.90874,-28.79534],[30.90817,-28.79283],[30.90834,-28.78628],[30.90279,-28.77769],[30.89954,-28.77465],[30.89699,-28.77055],[30.89121,-28.76531],[30.89055,-28.76376],[30.88588,-28.76114],[30.88112,-28.76154],[30.87703,-28.7641],[30.87246,-28.77038],[30.86684,-28.77709],[30.86543,-28.78],[30.85984,-28.78102],[30.85039,-28.7747],[30.8442,-28.77268],[30.83889,-28.77295],[30.83311,-28.7717],[30.82921,-28.77233],[30.81863,-28.77586],[30.81787,-28.77697],[30.81108,-28.7774],[30.80396,-28.77642],[30.79838,-28.77222],[30.79923,-28.76966],[30.80318,-28.76624],[30.80783,-28.76459],[30.81365,-28.76106],[30.81658,-28.75742],[30.82021,-28.75027],[30.82317,-28.74282],[30.8227,-28.73408],[30.82094,-28.73334],[30.81806,-28.73466],[30.81062,-28.73554],[30.80722,-28.73354],[30.79982,-28.73243],[30.79481,-28.72958],[30.78331,-28.73252],[30.77848,-28.72958],[30.77346,-28.72415],[30.77086,-28.72268],[30.76415,-28.72181],[30.75901,-28.72206],[30.75452,-28.72429],[30.75368,-28.72707],[30.75367,-28.73205],[30.75993,-28.73763],[30.76419,-28.74242],[30.76773,-28.74888],[30.76677,-28.75382],[30.76165,-28.75743],[30.760081,-28.761181],[30.74571,-28.76577],[30.74158,-28.77089],[30.7397,-28.77517],[30.74009,-28.77812],[30.74408,-28.78558],[30.74811,-28.79826],[30.74723,-28.80164],[30.7432,-28.80399],[30.73941,-28.80416],[30.73561,-28.80238],[30.73384,-28.8001],[30.72834,-28.79539],[30.72404,-28.79384],[30.71501,-28.78963],[30.71137,-28.78732],[30.70586,-28.78495],[30.69971,-28.78353],[30.69638,-28.77897],[30.6964,-28.77599],[30.699074,-28.771936],[30.70012,-28.77068],[30.70654,-28.76973],[30.71607,-28.76975],[30.72131,-28.7683],[30.72655,-28.76509],[30.72907,-28.76217],[30.72992,-28.75852],[30.72875,-28.75632],[30.72414,-28.75335],[30.72013,-28.75191],[30.71834,-28.74943],[30.71758,-28.74523],[30.71478,-28.73848],[30.70393,-28.73562],[30.70151,-28.73425],[30.6926,-28.7324],[30.68778,-28.7334],[30.67856,-28.73895],[30.67274,-28.74461],[30.66733,-28.74716],[30.66486,-28.74669],[30.65404,-28.74078],[30.65389,-28.73026],[30.6526,-28.72498],[30.65011,-28.72073],[30.64459,-28.7174],[30.6378,-28.7161],[30.63374,-28.71224],[30.62674,-28.71191],[30.62093,-28.71047],[30.62063,-28.70462],[30.62493,-28.699],[30.62934,-28.69833],[30.63424,-28.69905],[30.63618,-28.6986],[30.64182,-28.69399],[30.65169,-28.68911],[30.65751,-28.6882],[30.66772,-28.68584],[30.67057,-28.68406],[30.67442,-28.67686],[30.67922,-28.6726],[30.682,-28.66869],[30.68449,-28.66356],[30.68408,-28.66076],[30.67847,-28.65834],[30.67593,-28.65486],[30.67146,-28.65029],[30.67145,-28.64636],[30.670316,-28.642552],[30.667,-28.63859],[30.664,-28.63981],[30.66082,-28.63986],[30.65985,-28.63643],[30.66243,-28.6321],[30.66276,-28.62855],[30.66656,-28.62696],[30.66609,-28.62364],[30.66456,-28.62187],[30.66015,-28.62268],[30.6555,-28.62586],[30.65051,-28.63154],[30.64726,-28.63144],[30.64532,-28.62923],[30.64111,-28.62723],[30.63842,-28.62764],[30.63292,-28.63],[30.63197,-28.63482],[30.6296,-28.63636],[30.62621,-28.63542],[30.62415,-28.63071],[30.61806,-28.62921],[30.61521,-28.6264],[30.61479,-28.62186],[30.61491,-28.620084],[30.57023,-28.614213],[30.398369,-28.58738],[30.305492,-28.545462],[30.300704,-28.534062]]]},"properties":{"code":"033"}},{"type":"Feature","geometry":{"type":"Polygon","coordinates":[[[30.670316,-28.642552],[30.67236,-28.64312],[30.67622,-28.6413],[30.67993,-28.64137],[30.68267,-28.64329],[30.6903,-28.64502],[30.6943,-28.64716],[30.69832,-28.64814],[30.70227,-28.65007],[30.70421,-28.65215],[30.70839,-28.65395],[30.71177,-28.6543],[30.71587,-28.6561],[30.72054,-28.65949],[30.725,-28.66114],[30.73244,-28.6652],[30.73781,-28.65889],[30.73393,-28.64202],[30.7533,-28.62878],[30.78144,-28.62692],[30.78852,-28.62888],[30.81126,-28.60425],[30.81105,-28.60309],[30.8383,-28.5749],[30.82638,-28.58063],[30.82136,-28.58163],[30.81762,-28.57901],[30.81072,-28.57686],[30.80251,-28.572005],[30.80551,-28.57121],[30.80324,-28.56836],[30.8002,-28.56695],[30.79735,-28.5629],[30.79507,-28.56115],[30.78852,-28.558],[30.78476,-28.55752],[30.78177,-28.55446],[30.77613,-28.5518],[30.77372,-28.54858],[30.76972,-28.5477],[30.7662,-28.54514],[30.76089,-28.54349],[30.75921,-28.54213],[30.76314,-28.53906],[30.76599,-28.53565],[30.76902,-28.53369],[30.77031,-28.53132],[30.76987,-28.52451],[30.77142,-28.5175],[30.78483,-28.52014],[30.803962,-28.517826],[30.83266,-28.46373],[30.89602,-28.43636],[30.94635,-28.41466],[30.96542,-28.40632],[30.96354,-28.37744],[30.96096,-28.340944],[30.92073,-28.359173],[30.92873,-28.33848],[30.9422,-28.31233],[30.97043,-28.28886],[31.00152,-28.26016],[31.02679,-28.23062],[31.047565,-28.200092],[31.017736,-28.184008],[31.011625,-28.191166],[30.99411,-28.154076],[30.97171,-28.168589],[30.950565,-28.143642],[30.95036,-28.14359],[30.97132,-28.13196],[30.99776,-28.1121],[31.00336,-28.10832],[30.98147,-28.09851],[30.96525,-28.09089],[30.96782,-28.08859],[30.98691,-28.05689],[30.990931,-28.028483],[30.99419,-27.99661],[31.02751,-28.01309],[31.02857,-28.0096],[31.06627,-28.02],[31.066,-28.02404],[31.100119,-28.03423],[31.10099,-28.02637],[31.14209,-28.03313],[31.14513,-28.00732],[31.15167,-28.0042],[31.15516,-28.00037],[31.15093,-28.02527],[31.15177,-28.03045],[31.15676,-28.03216],[31.15822,-28.03063],[31.159,-28.0272],[31.17204,-28.02869],[31.16944,-28.04065],[31.17631,-28.04428],[31.18118,-28.02219],[31.21802,-28.02174],[31.26711,-28.0333],[31.26489,-28.04222],[31.30769,-28.03733],[31.3204,-28.0161],[31.32647,-28.01361],[31.32853,-28.01454],[31.33181,-28.0214],[31.3377,-27.99986],[31.3451,-27.97009],[31.4068,-27.92189],[31.48884,-27.85771],[31.51178,-27.83973],[31.511413,-27.838234],[31.51511,-27.83608],[31.5168,-27.83386],[31.52214,-27.83453],[31.52725,-27.83342],[31.53503,-27.83287],[31.53864,-27.83024],[31.53912,-27.82462],[31.54121,-27.82329],[31.54269,-27.81966],[31.54186,-27.81834],[31.54608,-27.81354],[31.54528,-27.81018],[31.5453,-27.80203],[31.54619,-27.79947],[31.5498,-27.79939],[31.55177,-27.79604],[31.55673,-27.7938],[31.56092,-27.79694],[31.5665,-27.79572],[31.57009,-27.79284],[31.57053,-27.79096],[31.57477,-27.7893],[31.57654,-27.786],[31.58103,-27.78334],[31.58324,-27.78632],[31.58642,-27.7872],[31.58891,-27.78675],[31.58812,-27.78409],[31.59157,-27.78249],[31.59145,-27.78048],[31.58775,-27.77861],[31.58651,-27.77688],[31.58837,-27.77412],[31.59851,-27.77436],[31.60967,-27.77342],[31.61654,-27.7695],[31.62231,-27.76957],[31.62509,-27.77137],[31.6234,-27.77374],[31.62427,-27.77734],[31.628,-27.77846],[31.63324,-27.77348],[31.63227,-27.76951],[31.63327,-27.7674],[31.63812,-27.76428],[31.6442,-27.75755],[31.64984,-27.75332],[31.65222,-27.74844],[31.65465,-27.75619],[31.6585,-27.76138],[31.66744,-27.75615],[31.66878,-27.753],[31.67324,-27.74811],[31.67609,-27.74613],[31.68079,-27.74608],[31.69017,-27.74691],[31.69664,-27.74612],[31.69574,-27.7427],[31.69775,-27.74033],[31.70212,-27.73883],[31.70564,-27.73655],[31.70838,-27.73629],[31.712415,-27.737339],[31.715842,-27.737156],[31.72059,-27.73579],[31.72376,-27.73373],[31.72705,-27.72995],[31.72802,-27.72669],[31.72783,-27.72182],[31.73256,-27.72179],[31.73471,-27.71889],[31.73639,-27.70965],[31.73374,-27.70851],[31.73535,-27.7062],[31.74102,-27.70229],[31.74596,-27.70231],[31.74832,-27.70387],[31.74514,-27.70648],[31.74774,-27.71192],[31.75175,-27.71148],[31.75671,-27.71467],[31.75751,-27.71607],[31.75715,-27.72027],[31.764,-27.72219],[31.76511,-27.72007],[31.76402,-27.71763],[31.76512,-27.71302],[31.76487,-27.71008],[31.75975,-27.70697],[31.76006,-27.70544],[31.76443,-27.70526],[31.76972,-27.7033],[31.76978,-27.69747],[31.76879,-27.69556],[31.76493,-27.6923],[31.76536,-27.69074],[31.77059,-27.68748],[31.77067,-27.68643],[31.76684,-27.68323],[31.76819,-27.68144],[31.77469,-27.67981],[31.7759,-27.6781],[31.76905,-27.67467],[31.76833,-27.67333],[31.77826,-27.66585],[31.77666,-27.66284],[31.76964,-27.65834],[31.76661,-27.65485],[31.76532,-27.65137],[31.7759,-27.63603],[31.7762,-27.634],[31.77491,-27.62858],[31.77914,-27.62665],[31.78198,-27.6273],[31.78521,-27.63052],[31.7877,-27.63159],[31.79438,-27.63146],[31.79671,-27.62823],[31.80552,-27.62408],[31.80633,-27.62266],[31.80526,-27.61967],[31.80285,-27.61725],[31.79548,-27.61243],[31.79207,-27.6115],[31.78969,-27.61366],[31.79024,-27.61792],[31.78538,-27.61962],[31.78217,-27.6184],[31.77954,-27.61494],[31.77981,-27.6114],[31.78412,-27.60844],[31.79074,-27.60614],[31.7942,-27.59844],[31.79604,-27.59664],[31.80106,-27.59386],[31.8025,-27.5939],[31.80931,-27.60092],[31.81128,-27.60459],[31.81277,-27.60916],[31.81453,-27.61105],[31.81822,-27.61116],[31.82214,-27.60862],[31.82358,-27.60581],[31.82343,-27.60107],[31.82137,-27.59634],[31.81684,-27.59024],[31.8178,-27.58318],[31.81932,-27.58016],[31.82414,-27.58068],[31.83054,-27.58592],[31.83565,-27.59397],[31.83672,-27.59696],[31.8358,-27.60842],[31.83259,-27.61467],[31.82861,-27.61718],[31.8183,-27.61902],[31.81671,-27.62032],[31.81479,-27.62438],[31.81342,-27.63255],[31.81425,-27.63898],[31.81576,-27.64115],[31.8205,-27.64396],[31.82594,-27.64478],[31.83365,-27.64306],[31.83823,-27.64069],[31.83844,-27.63842],[31.83429,-27.63294],[31.83417,-27.62763],[31.83917,-27.62678],[31.84603,-27.62479],[31.85013,-27.62245],[31.85619,-27.61714],[31.8594,-27.61847],[31.86703,-27.62389],[31.87374,-27.6249],[31.87778,-27.6222],[31.87891,-27.61439],[31.88329,-27.6103],[31.88629,-27.61015],[31.89261,-27.61963],[31.89577,-27.62027],[31.89823,-27.61939],[31.90089,-27.61583],[31.90369,-27.61429],[31.90594,-27.61528],[31.90703,-27.61952],[31.90574,-27.62391],[31.90609,-27.62706],[31.90862,-27.62963],[31.91185,-27.63076],[31.91589,-27.62751],[31.91801,-27.62081],[31.9175,-27.61678],[31.92582,-27.60712],[31.93051,-27.60335],[31.93415,-27.60246],[31.93795,-27.60427],[31.94072,-27.60879],[31.94199,-27.61495],[31.94605,-27.61851],[31.95162,-27.61908],[31.95315,-27.61858],[31.95608,-27.61188],[31.95703,-27.6053],[31.95542,-27.59687],[31.95681,-27.59345],[31.96011,-27.59294],[31.96954,-27.5941],[31.97861,-27.59677],[31.98079,-27.59606],[31.9831,-27.59161],[31.98696,-27.57991],[31.98979,-27.57931],[31.99575,-27.58152],[31.99828,-27.58325],[32.00426,-27.59013],[32.00983,-27.59336],[32.01735,-27.59443],[32.02943,-27.59097],[32.03686,-27.58709],[32.03932,-27.58819],[32.04273,-27.59353],[32.05014,-27.5838],[32.04822,-27.57302],[32.04266,-27.55516],[32.04494,-27.55322],[32.0377,-27.54583],[32.03146,-27.54218],[32.02976,-27.53667],[32.02849,-27.52777],[32.02758,-27.52582],[32.02932,-27.52416],[32.02726,-27.52193],[32.0238,-27.51492],[32.0207,-27.51284],[32.01818,-27.50559],[32.01949,-27.50255],[32.01593,-27.49684],[32.0159,-27.49006],[32.01463,-27.4801],[32.01351,-27.47551],[32.0141,-27.46601],[32.015,-27.46013],[32.01024,-27.4569],[32.01033,-27.45178],[32.00951,-27.4481],[32.00555,-27.42055],[32.00552,-27.41213],[32.00473,-27.40162],[31.99979,-27.38359],[31.99103,-27.38509],[31.9891,-27.38223],[31.99088,-27.37313],[31.98512,-27.3696],[31.98853,-27.36019],[31.98673,-27.35049],[31.99006,-27.34628],[31.99037,-27.34355],[31.98953,-27.32861],[31.98478,-27.31754],[31.97776,-27.31752],[31.91845,-27.31733],[31.79326,-27.31683],[31.68922,-27.31632],[31.60934,-27.31589],[31.53807,-27.31548],[31.51814,-27.31543],[31.49369,-27.31516],[31.49326,-27.31492],[31.40527,-27.28599],[31.29282,-27.24891],[31.27433,-27.24317],[31.25216,-27.26686],[31.24897,-27.2707],[31.240064,-27.279785],[31.20484,-27.31705],[31.19598,-27.32919],[31.19208,-27.3339],[31.16587,-27.36852],[31.140865,-27.36266],[31.12893,-27.35452],[31.10096,-27.33576],[31.10167,-27.33352],[31.09937,-27.33003],[31.09781,-27.32998],[31.09288,-27.33251],[31.08396,-27.33559],[31.0799,-27.34237],[31.0761,-27.3429],[31.07102,-27.34127],[31.06588,-27.33835],[31.05873,-27.33992],[31.05076,-27.34322],[31.04844,-27.34513],[31.04663,-27.35111],[31.04345,-27.35337],[31.03789,-27.35136],[31.0351,-27.346],[31.03118,-27.34624],[31.02797,-27.34993],[31.02422,-27.35203],[31.02087,-27.36042],[31.01406,-27.35519],[31.01062,-27.34908],[31.00843,-27.34876],[31.0051,-27.35191],[31.00511,-27.3537],[31.00194,-27.35889],[30.98873,-27.35747],[30.98431,-27.35759],[30.98069,-27.35915],[30.97691,-27.35827],[30.97026,-27.36318],[30.96604,-27.36519],[30.96234,-27.36564],[30.95949,-27.36355],[30.95808,-27.36056],[30.95579,-27.35971],[30.95149,-27.36204],[30.94803,-27.36608],[30.94268,-27.3682],[30.94084,-27.36695],[30.94088,-27.35916],[30.93828,-27.35707],[30.93785,-27.35385],[30.93967,-27.34932],[30.93942,-27.34676],[30.93167,-27.34062],[30.92781,-27.33536],[30.92368,-27.33127],[30.92323,-27.3292],[30.92446,-27.32553],[30.92313,-27.32151],[30.92131,-27.31998],[30.92122,-27.3167],[30.92447,-27.31144],[30.92216,-27.30505],[30.91549,-27.30544],[30.91115,-27.30807],[30.90913,-27.30531],[30.90623,-27.30556],[30.90253,-27.30802],[30.89706,-27.30938],[30.89317,-27.30891],[30.88635,-27.31071],[30.88344,-27.30924],[30.88221,-27.3123],[30.87724,-27.31393],[30.87283,-27.31447],[30.86591,-27.31267],[30.86432,-27.31546],[30.86366,-27.31982],[30.8638,-27.32508],[30.86489,-27.32682],[30.86465,-27.33207],[30.86209,-27.33352],[30.8621,-27.33775],[30.86016,-27.33907],[30.85777,-27.33671],[30.8558,-27.33725],[30.85759,-27.3433],[30.85605,-27.34431],[30.8499,-27.34329],[30.84488,-27.34606],[30.84487,-27.35153],[30.84122,-27.3528],[30.83783,-27.35004],[30.83516,-27.35053],[30.82968,-27.35015],[30.82259,-27.35418],[30.82339,-27.35035],[30.82346,-27.34562],[30.82844,-27.34476],[30.82547,-27.3408],[30.82109,-27.3392],[30.81926,-27.33635],[30.81608,-27.34007],[30.80903,-27.33927],[30.80833,-27.33786],[30.81103,-27.33521],[30.81138,-27.33239],[30.80742,-27.33278],[30.80494,-27.33452],[30.80234,-27.33316],[30.80265,-27.33086],[30.80808,-27.32898],[30.80431,-27.3243],[30.8001,-27.32487],[30.79851,-27.32693],[30.79635,-27.32573],[30.79704,-27.32272],[30.79431,-27.32017],[30.79099,-27.31845],[30.79087,-27.316],[30.78893,-27.3128],[30.77893,-27.3156],[30.78549,-27.32031],[30.78345,-27.32455],[30.77432,-27.32428],[30.77154,-27.32653],[30.76992,-27.32536],[30.76903,-27.31902],[30.76685,-27.31936],[30.76346,-27.31517],[30.75989,-27.31261],[30.76311,-27.30866],[30.76274,-27.30739],[30.75793,-27.30434],[30.75592,-27.30478],[30.75236,-27.30153],[30.75126,-27.29906],[30.74903,-27.29964],[30.74298,-27.30583],[30.74201,-27.30289],[30.74388,-27.30076],[30.74084,-27.2971],[30.74072,-27.29495],[30.73834,-27.29417],[30.73297,-27.2961],[30.72945,-27.29958],[30.72532,-27.29602],[30.72595,-27.29326],[30.72433,-27.28951],[30.72107,-27.29113],[30.7179,-27.28724],[30.71706,-27.28388],[30.7132,-27.28607],[30.7068,-27.28329],[30.66062,-27.28792],[30.62172,-27.30674],[30.58774,-27.32295],[30.58072,-27.32319],[30.57753,-27.32449],[30.56902,-27.32559],[30.56326,-27.32692],[30.55672,-27.32741],[30.55214,-27.32566],[30.5466,-27.32589],[30.54035,-27.32146],[30.53439,-27.31946],[30.52705,-27.31575],[30.51713,-27.31401],[30.50954,-27.31328],[30.50712,-27.31379],[30.49633,-27.31251],[30.48478,-27.31689],[30.48231,-27.31702],[30.47943,-27.31888],[30.47517,-27.31948],[30.46647,-27.3242],[30.46481,-27.32631],[30.46275,-27.32527],[30.45835,-27.3267],[30.4532,-27.32508],[30.45025,-27.32582],[30.44827,-27.32774],[30.44836,-27.32703],[30.43346,-27.32568],[30.42598,-27.31496],[30.42632,-27.29411],[30.42645,-27.26983],[30.39762,-27.27378],[30.36761,-27.26743],[30.36793,-27.26978],[30.36838,-27.28728],[30.36671,-27.31169],[30.34002,-27.30345],[30.328375,-27.29964],[30.31753,-27.30198],[30.30222,-27.317395],[30.28249,-27.31444],[30.28163,-27.32821],[30.28018,-27.32911],[30.27873,-27.33263],[30.28045,-27.35032],[30.27993,-27.36859],[30.25482,-27.37181],[30.24659,-27.37386],[30.23467,-27.38074],[30.22864,-27.36535],[30.19808,-27.35518],[30.19007,-27.36887],[30.17549,-27.38031],[30.16584,-27.3875],[30.16071,-27.38715],[30.15024,-27.39225],[30.1541,-27.39697],[30.15272,-27.40428],[30.14864,-27.40913],[30.143415,-27.413394],[30.11161,-27.38653],[30.08682,-27.3685],[30.07903,-27.37016],[30.06829,-27.36587],[30.05879,-27.37433],[30.05223,-27.37966],[30.04636,-27.38677],[30.03958,-27.38926],[30.0306,-27.3867],[30.02447,-27.3945],[30.016242,-27.397589],[29.99507,-27.38837],[29.97847,-27.37299],[29.9555,-27.36486],[29.91722,-27.35441],[29.91189,-27.36714],[29.90943,-27.3738],[29.899137,-27.385493],[29.89783,-27.38494],[29.893,-27.38602],[29.89015,-27.38552],[29.88638,-27.38148],[29.88656,-27.3787],[29.88508,-27.37658],[29.88257,-27.37671],[29.87705,-27.38026],[29.87096,-27.38193],[29.86621,-27.38415],[29.85734,-27.38132],[29.85232,-27.3807],[29.84571,-27.37865],[29.84019,-27.37899],[29.8349,-27.39032],[29.83598,-27.39688],[29.83375,-27.40378],[29.82487,-27.407],[29.82166,-27.41153],[29.82265,-27.4273],[29.81783,-27.4283],[29.81452,-27.43058],[29.8137,-27.43394],[29.81135,-27.43565],[29.81069,-27.44477],[29.81144,-27.44607],[29.80581,-27.45036],[29.79913,-27.45122],[29.79624,-27.4577],[29.79091,-27.45922],[29.78393,-27.45615],[29.77603,-27.45394],[29.77344,-27.45381],[29.75941,-27.44442],[29.75868,-27.44257],[29.73518,-27.45075],[29.71692,-27.4649],[29.70837,-27.46177],[29.70317,-27.472],[29.70724,-27.47462],[29.71433,-27.4804],[29.71663,-27.48078],[29.73193,-27.48793],[29.72505,-27.48937],[29.72162,-27.48835],[29.71052,-27.49866],[29.71088,-27.51011],[29.70925,-27.51358],[29.712365,-27.51844],[29.72456,-27.52426],[29.736,-27.51957],[29.74044,-27.52227],[29.74342,-27.5231],[29.74485,-27.52547],[29.74801,-27.52496],[29.75836,-27.52711],[29.75851,-27.52949],[29.76552,-27.53666],[29.76601,-27.54128],[29.77113,-27.54645],[29.77212,-27.55343],[29.77612,-27.55751],[29.78042,-27.55953],[29.78385,-27.57117],[29.78379,-27.57354],[29.78076,-27.5791],[29.78081,-27.58399],[29.77956,-27.5873],[29.78513,-27.59674],[29.78078,-27.59936],[29.77401,-27.59505],[29.77074,-27.59557],[29.76078,-27.60114],[29.75695,-27.60401],[29.75221,-27.60509],[29.7504,-27.61102],[29.74891,-27.61369],[29.74017,-27.60559],[29.73481,-27.6071],[29.7315,-27.61303],[29.73123,-27.61767],[29.7281,-27.61672],[29.72287,-27.61883],[29.7215,-27.62093],[29.72009,-27.62803],[29.71478,-27.63186],[29.71208,-27.63059],[29.70722,-27.63355],[29.70843,-27.63443],[29.70083,-27.63832],[29.69786,-27.64084],[29.68437,-27.63767],[29.678,-27.63888],[29.6768,-27.63969],[29.67407,-27.64752],[29.67117,-27.65054],[29.67152,-27.6531],[29.67427,-27.66005],[29.66981,-27.66719],[29.67012,-27.67013],[29.6779,-27.67709],[29.68176,-27.67808],[29.68541,-27.68138],[29.68536,-27.68624],[29.69028,-27.69069],[29.69387,-27.69526],[29.69966,-27.69798],[29.70515,-27.69913],[29.70899,-27.6985],[29.70954,-27.70981],[29.70864,-27.71651],[29.71232,-27.72087],[29.70997,-27.72225],[29.7086,-27.72618],[29.71034,-27.7302],[29.7091,-27.73894],[29.70759,-27.74266],[29.70601,-27.74366],[29.7047,-27.74685],[29.70655,-27.75186],[29.70673,-27.7547],[29.70835,-27.75715],[29.70304,-27.76145],[29.7035,-27.76671],[29.7058,-27.76719],[29.71082,-27.77165],[29.7078,-27.77524],[29.70901,-27.77991],[29.71269,-27.7805],[29.71748,-27.78755],[29.71152,-27.79266],[29.71085,-27.79562],[29.71783,-27.7968],[29.724,-27.79678],[29.728301,-27.801036],[29.73126,-27.80808],[29.72926,-27.81198],[29.72293,-27.81281],[29.72171,-27.81176],[29.71599,-27.81467],[29.7134,-27.81813],[29.7095,-27.81574],[29.70384,-27.81894],[29.70225,-27.82216],[29.69703,-27.82448],[29.69633,-27.82915],[29.69383,-27.83231],[29.69315,-27.83932],[29.6969,-27.84375],[29.70074,-27.85437],[29.7028,-27.85656],[29.69897,-27.85977],[29.69569,-27.85862],[29.6871,-27.85852],[29.6884,-27.86313],[29.68961,-27.86439],[29.68503,-27.86753],[29.68669,-27.8728],[29.68724,-27.87799],[29.68547,-27.88321],[29.68299,-27.88358],[29.68272,-27.88801],[29.68692,-27.89068],[29.69035,-27.89573],[29.68651,-27.90016],[29.68198,-27.90681],[29.67799,-27.90877],[29.67171,-27.91699],[29.66407,-27.92127],[29.65672,-27.91894],[29.6538,-27.92328],[29.657767,-27.924467],[29.66322,-27.93],[29.65765,-27.9374],[29.66004,-27.93817],[29.66463,-27.94182],[29.67324,-27.94316],[29.67723,-27.95401],[29.67975,-27.95743],[29.67685,-27.95951],[29.67373,-27.95762],[29.66678,-27.95838],[29.66356,-27.95731],[29.65806,-27.9619],[29.6507,-27.96712],[29.64241,-27.98318],[29.63588,-27.99453],[29.63939,-28.01554],[29.616862,-28.046838],[29.63182,-28.06902],[29.65548,-28.09002],[29.65259,-28.09881],[29.66062,-28.12606],[29.65413,-28.13833],[29.663281,-28.142023],[29.67089,-28.1387],[29.66948,-28.13454],[29.67695,-28.12826],[29.6845,-28.12818],[29.68514,-28.12181],[29.69926,-28.12394],[29.7276,-28.12565],[29.73869,-28.13099],[29.74154,-28.1366],[29.73981,-28.14105],[29.74639,-28.1459],[29.76498,-28.15832],[29.796628,-28.165946],[29.80401,-28.16786],[29.788703,-28.174251],[29.796565,-28.195777],[29.810296,-28.191314],[29.796765,-28.205469],[29.814084,-28.215035],[29.82497,-28.210846],[29.827074,-28.215172],[29.837181,-28.213289],[29.838619,-28.210116],[29.849566,-28.213716],[29.854983,-28.213615],[29.856442,-28.209195],[29.864102,-28.213946],[29.869078,-28.207687],[29.883144,-28.195605],[29.897926,-28.193652],[29.921597,-28.196606],[29.990426,-28.184928],[29.97814,-28.20648],[29.98594,-28.22042],[29.976794,-28.239588],[29.99119,-28.25308],[30.00122,-28.25706],[30.033486,-28.270778],[30.036,-28.27296],[30.05455,-28.29345],[30.06541,-28.30513],[30.06699,-28.3278],[30.0737,-28.34504],[30.07152,-28.35201],[30.07855,-28.34928],[30.0783,-28.35227],[30.07548,-28.35784],[30.09588,-28.36306],[30.09894,-28.36732],[30.12795,-28.34916],[30.12512,-28.34379],[30.13564,-28.34053],[30.14025,-28.34324],[30.142574,-28.341801],[30.14974,-28.34311],[30.15966,-28.34577],[30.15304,-28.36005],[30.17431,-28.36933],[30.17537,-28.37109],[30.17502,-28.38721],[30.16225,-28.38879],[30.16595,-28.40116],[30.17042,-28.41479],[30.16266,-28.4228],[30.17256,-28.42211],[30.178125,-28.439663],[30.21518,-28.39282],[30.233595,-28.40871],[30.245855,-28.41929],[30.24574,-28.41974],[30.27131,-28.44111],[30.27138,-28.44139],[30.2938,-28.44839],[30.29922,-28.45128],[30.33777,-28.47392],[30.32487,-28.49689],[30.3183,-28.50699],[30.32095,-28.51139],[30.32155,-28.52728],[30.31984,-28.53022],[30.30824,-28.53028],[30.30391,-28.53127],[30.300704,-28.534062],[30.305492,-28.545462],[30.398369,-28.58738],[30.57023,-28.614213],[30.61491,-28.620084],[30.61479,-28.62186],[30.61521,-28.6264],[30.61806,-28.62921],[30.62415,-28.63071],[30.62621,-28.63542],[30.6296,-28.63636],[30.63197,-28.63482],[30.63292,-28.63],[30.63842,-28.62764],[30.64111,-28.62723],[30.64532,-28.62923],[30.64726,-28.63144],[30.65051,-28.63154],[30.6555,-28.62586],[30.66015,-28.62268],[30.66456,-28.62187],[30.66609,-28.62364],[30.66656,-28.62696],[30.66276,-28.62855],[30.66243,-28.6321],[30.65985,-28.63643],[30.66082,-28.63986],[30.664,-28.63981],[30.667,-28.63859],[30.670316,-28.642552]]]},"properties":{"code":"034"}},{"type":"Feature","geometry":{"type":"Polygon","coordinates":[[[28.067102,-26.34194],[28.051068,-26.34908],[28.05034,-26.35597],[28.04783,-26.35958],[28.03961,-26.34244],[28.02954,-26.34162],[28.02414,-26.34222],[28.01841,-26.34167],[28.011389,-26.339163],[28.00901,-26.35058],[27.96998,-26.3417],[27.97034,-26.33711],[27.95887,-26.33597],[27.95686,-26.33516],[27.95339,-26.3532],[27.927255,-26.35628],[27.91223,-26.35895],[27.90758,-26.36235],[27.90465,-26.36527],[27.89748,-26.37557],[27.89546,-26.38177],[27.89526,-26.39165],[27.893846,-26.397467],[27.89436,-26.39919],[27.89316,-26.40431],[27.93555,-26.39982],[27.93338,-26.424185],[27.92227,-26.42898],[27.91751,-26.45858],[27.91221,-26.45849],[27.91484,-26.44097],[27.87915,-26.44675],[27.87864,-26.44088],[27.87599,-26.44036],[27.869075,-26.444801],[27.86954,-26.45462],[27.87075,-26.47276],[27.87073,-26.47561],[27.87254,-26.47877],[27.87498,-26.480505],[27.8805,-26.48681],[27.88209,-26.48976],[27.88612,-26.50444],[27.88609,-26.51205],[27.88721,-26.52625],[27.88671,-26.52236],[27.8812,-26.52235],[27.87563,-26.5205],[27.85985,-26.50647],[27.85201,-26.49973],[27.83507,-26.49045],[27.82773,-26.50443],[27.824468,-26.479878],[27.82169,-26.48488],[27.77955,-26.47922],[27.77886,-26.48501],[27.75971,-26.48387],[27.75924,-26.44466],[27.76894,-26.44565],[27.76928,-26.45096],[27.77277,-26.45195],[27.78028,-26.45258],[27.7834,-26.4467],[27.78594,-26.44762],[27.79455,-26.42888],[27.79163,-26.42019],[27.78618,-26.41898],[27.76129,-26.41915],[27.74898,-26.41917],[27.74524,-26.43778],[27.73235,-26.43872],[27.7277,-26.4315],[27.72701,-26.43167],[27.71337,-26.4424],[27.70967,-26.45467],[27.71431,-26.48939],[27.71013,-26.53001],[27.67598,-26.52435],[27.6755,-26.52691],[27.67637,-26.53118],[27.67898,-26.53659],[27.67641,-26.53869],[27.67887,-26.56065],[27.67561,-26.57352],[27.669209,-26.602249],[27.66793,-26.61055],[27.65958,-26.6042],[27.65775,-26.61774],[27.62445,-26.60924],[27.60549,-26.60844],[27.5796,-26.60753],[27.56909,-26.64716],[27.56957,-26.67197],[27.57024,-26.68365],[27.57423,-26.68408],[27.57416,-26.71584],[27.57531,-26.71569],[27.60284,-26.69244],[27.60166,-26.71486],[27.60224,-26.72285],[27.58912,-26.72409],[27.58691,-26.72729],[27.58141,-26.731],[27.58881,-26.7357],[27.59043,-26.73836],[27.59418,-26.73704],[27.59668,-26.7373],[27.59968,-26.73999],[27.60263,-26.74102],[27.60672,-26.74127],[27.60897,-26.73857],[27.60946,-26.73344],[27.61049,-26.7326],[27.61622,-26.73279],[27.62952,-26.73235],[27.63341,-26.7337],[27.63461,-26.73903],[27.6324,-26.74397],[27.6324,-26.74596],[27.63579,-26.75131],[27.63186,-26.75914],[27.62868,-26.76396],[27.62846,-26.76685],[27.62973,-26.76972],[27.63277,-26.77205],[27.63903,-26.77097],[27.64308,-26.76848],[27.65721,-26.77081],[27.66137,-26.77319],[27.66621,-26.77356],[27.67296,-26.77261],[27.67733,-26.7704],[27.68412,-26.76512],[27.68672,-26.76232],[27.68903,-26.76181],[27.69289,-26.76325],[27.70169,-26.76398],[27.70606,-26.76366],[27.716306,-26.761677],[27.71905,-26.76179],[27.72521,-26.76027],[27.73204,-26.76236],[27.73522,-26.76477],[27.73785,-26.76809],[27.74149,-26.76997],[27.74329,-26.77295],[27.74731,-26.78215],[27.74766,-26.78589],[27.7498,-26.78804],[27.75447,-26.791],[27.76024,-26.79721],[27.76821,-26.79929],[27.77189,-26.79736],[27.77244,-26.79283],[27.76796,-26.78651],[27.76693,-26.78179],[27.76852,-26.77528],[27.76866,-26.77032],[27.76791,-26.76673],[27.76979,-26.75989],[27.7708,-26.75866],[27.77857,-26.7538],[27.7828,-26.75061],[27.79021,-26.74956],[27.7982,-26.74987],[27.80978,-26.7509],[27.82285,-26.74961],[27.82946,-26.75113],[27.83385,-26.75068],[27.84582,-26.74625],[27.85111,-26.7456],[27.85965,-26.747],[27.867,-26.74634],[27.87075,-26.74762],[27.87364,-26.74763],[27.88002,-26.74619],[27.88304,-26.74396],[27.88393,-26.73658],[27.88468,-26.73433],[27.88947,-26.72854],[27.89276,-26.72586],[27.89558,-26.71933],[27.89441,-26.71663],[27.89243,-26.7155],[27.89195,-26.71294],[27.89518,-26.70969],[27.90202,-26.70821],[27.90904,-26.70573],[27.91345,-26.70654],[27.92283,-26.70515],[27.92712,-26.70252],[27.92976,-26.69977],[27.93516,-26.69268],[27.93574,-26.68763],[27.93875,-26.67974],[27.94096,-26.6759],[27.9442,-26.67381],[27.95217,-26.67184],[27.96198,-26.67138],[27.96911,-26.66879],[27.97287,-26.66918],[27.97823,-26.67263],[27.9812,-26.67676],[27.98274,-26.68013],[27.98688,-26.68273],[27.9919,-26.68812],[27.99653,-26.69207],[27.99956,-26.69602],[28.00049,-26.70332],[28.00036,-26.70578],[27.9975,-26.7131],[27.99479,-26.71827],[27.99218,-26.72588],[27.99266,-26.73344],[27.99771,-26.7428],[28.00087,-26.74631],[28.00253,-26.75334],[28.00567,-26.75942],[28.00715,-26.76559],[28.00655,-26.76803],[28.00818,-26.77015],[28.0201,-26.7754],[28.02398,-26.77913],[28.02833,-26.78015],[28.02717,-26.78396],[28.02128,-26.78764],[28.01712,-26.78852],[28.01439,-26.79099],[28.01571,-26.79471],[28.02021,-26.79575],[28.02685,-26.79584],[28.03496,-26.79479],[28.03719,-26.79698],[28.04048,-26.7976],[28.04761,-26.80119],[28.04922,-26.80405],[28.04891,-26.80663],[28.0507,-26.81352],[28.05482,-26.81511],[28.05787,-26.81743],[28.06578,-26.82118],[28.06574,-26.82351],[28.07097,-26.82655],[28.07412,-26.83047],[28.08016,-26.83469],[28.08798,-26.83785],[28.09559,-26.84023],[28.10419,-26.84119],[28.11217,-26.84301],[28.11481,-26.84438],[28.12049,-26.85261],[28.12153,-26.85836],[28.12153,-26.86446],[28.12081,-26.86939],[28.11692,-26.87271],[28.11562,-26.87642],[28.11607,-26.88327],[28.11913,-26.88928],[28.12355,-26.89085],[28.12586,-26.89075],[28.13071,-26.88809],[28.13438,-26.88775],[28.13976,-26.88976],[28.14434,-26.88921],[28.15012,-26.88464],[28.15388,-26.88408],[28.15771,-26.88471],[28.16382,-26.89037],[28.16871,-26.89002],[28.17108,-26.8873],[28.17133,-26.88371],[28.17032,-26.87717],[28.16844,-26.86984],[28.16652,-26.86558],[28.16282,-26.86178],[28.15845,-26.85617],[28.15544,-26.85364],[28.15392,-26.84993],[28.15622,-26.84701],[28.16012,-26.84541],[28.16739,-26.84541],[28.17345,-26.84674],[28.17855,-26.85316],[28.17994,-26.85757],[28.17993,-26.86182],[28.18504,-26.87153],[28.18565,-26.87405],[28.18538,-26.88281],[28.1842,-26.88824],[28.18585,-26.89174],[28.19077,-26.8938],[28.19339,-26.89651],[28.20155,-26.91009],[28.2057,-26.91216],[28.21342,-26.91121],[28.21693,-26.9126],[28.21917,-26.915],[28.22361,-26.92201],[28.22586,-26.92369],[28.22943,-26.92347],[28.23266,-26.92191],[28.23742,-26.91798],[28.24026,-26.91636],[28.23945,-26.91391],[28.23702,-26.91186],[28.23217,-26.90929],[28.22981,-26.90659],[28.22834,-26.90338],[28.22731,-26.89723],[28.2283,-26.89181],[28.23307,-26.88583],[28.23471,-26.88205],[28.23879,-26.88165],[28.24428,-26.88478],[28.24841,-26.88406],[28.243465,-26.873693],[28.26191,-26.87524],[28.26333,-26.86646],[28.28431,-26.86438],[28.28352,-26.87707],[28.30955,-26.87943],[28.31814,-26.85789],[28.32501,-26.84107],[28.32257,-26.82022],[28.31929,-26.81942],[28.31833,-26.8118],[28.32161,-26.81173],[28.31941,-26.79267],[28.32238,-26.7923],[28.33938,-26.78559],[28.34345,-26.78546],[28.34259,-26.77909],[28.34911,-26.77787],[28.3482,-26.77291],[28.40685,-26.76171],[28.39397,-26.71675],[28.38296,-26.71753],[28.4001,-26.655045],[28.41499,-26.65622],[28.42202,-26.65473],[28.44383,-26.65443],[28.4431,-26.63917],[28.49028,-26.63533],[28.48003,-26.61782],[28.48325,-26.61838],[28.48578,-26.61289],[28.48567,-26.61016],[28.48734,-26.60862],[28.49042,-26.61043],[28.49835,-26.60403],[28.50534,-26.60431],[28.50771,-26.60364],[28.50647,-26.59618],[28.50872,-26.59487],[28.50825,-26.59239],[28.50544,-26.58966],[28.52198,-26.59023],[28.52784,-26.59064],[28.53298,-26.5779],[28.53016,-26.57057],[28.52848,-26.56486],[28.52601,-26.5625],[28.52665,-26.55806],[28.52574,-26.55028],[28.524215,-26.5285],[28.52766,-26.50221],[28.53319,-26.50089],[28.523144,-26.46558],[28.52314,-26.465578],[28.523141,-26.46558],[28.50077,-26.46437],[28.50026,-26.45683],[28.49724,-26.45662],[28.49703,-26.45298],[28.50002,-26.45321],[28.49908,-26.4393],[28.47142,-26.43986],[28.46395,-26.43849],[28.4634,-26.44304],[28.45771,-26.43767],[28.45023,-26.44075],[28.44443,-26.43793],[28.41472,-26.42281],[28.40707,-26.43041],[28.380829,-26.447204],[28.37559,-26.43952],[28.37178,-26.43544],[28.40666,-26.40883],[28.39982,-26.40219],[28.40174,-26.40053],[28.39408,-26.39771],[28.38684,-26.40392],[28.38132,-26.39431],[28.38505,-26.39002],[28.38272,-26.38569],[28.37366,-26.3945],[28.370295,-26.393631],[28.35493,-26.40696],[28.30905,-26.36793],[28.29361,-26.38431],[28.28633,-26.36742],[28.27401,-26.35868],[28.262147,-26.363525],[28.25973,-26.3672],[28.24857,-26.37055],[28.25095,-26.37277],[28.24418,-26.37657],[28.26461,-26.40881],[28.2711,-26.4137],[28.26375,-26.43504],[28.25331,-26.43437],[28.24378,-26.43435],[28.23421,-26.4331],[28.22345,-26.4324],[28.2204,-26.43628],[28.21705,-26.43342],[28.21518,-26.43578],[28.20874,-26.43402],[28.19285,-26.4475],[28.18769,-26.45312],[28.17812,-26.44375],[28.19597,-26.42922],[28.18684,-26.43033],[28.18294,-26.4284],[28.18431,-26.42509],[28.183014,-26.419235],[28.16029,-26.43803],[28.14723,-26.42393],[28.13473,-26.42291],[28.13723,-26.42552],[28.12567,-26.43067],[28.117909,-26.41907],[28.09829,-26.41819],[28.09322,-26.41724],[28.08869,-26.41711],[28.08478,-26.41806],[28.08261,-26.41617],[28.07606,-26.41537],[28.07775,-26.40914],[28.08464,-26.39293],[28.08626,-26.39063],[28.08883,-26.38185],[28.097516,-26.36031],[28.08733,-26.34499],[28.08721,-26.34398],[28.08115,-26.33571],[28.067102,-26.34194]]]},"properties":{"code":"016"}},{"type":"Feature","geometry":{"type":"Polygon","coordinates":[[[28.52314,-26.465578],[28.523144,-26.46558],[28.53319,-26.50089],[28.52766,-26.50221],[28.524215,-26.5285],[28.52574,-26.55028],[28.52665,-26.55806],[28.52601,-26.5625],[28.52848,-26.56486],[28.53016,-26.57057],[28.53298,-26.5779],[28.52784,-26.59064],[28.52198,-26.59023],[28.50544,-26.58966],[28.50825,-26.59239],[28.50872,-26.59487],[28.50647,-26.59618],[28.50771,-26.60364],[28.50534,-26.60431],[28.49835,-26.60403],[28.49042,-26.61043],[28.48734,-26.60862],[28.48567,-26.61016],[28.48578,-26.61289],[28.48325,-26.61838],[28.48003,-26.61782],[28.49028,-26.63533],[28.4431,-26.63917],[28.44383,-26.65443],[28.42202,-26.65473],[28.41499,-26.65622],[28.4001,-26.655045],[28.38296,-26.71753],[28.39397,-26.71675],[28.40685,-26.76171],[28.3482,-26.77291],[28.34911,-26.77787],[28.34259,-26.77909],[28.34345,-26.78546],[28.33938,-26.78559],[28.32238,-26.7923],[28.31941,-26.79267],[28.32161,-26.81173],[28.31833,-26.8118],[28.31929,-26.81942],[28.32257,-26.82022],[28.32501,-26.84107],[28.31814,-26.85789],[28.30955,-26.87943],[28.28352,-26.87707],[28.28431,-26.86438],[28.26333,-26.86646],[28.26191,-26.87524],[28.243465,-26.873693],[28.24841,-26.88406],[28.24428,-26.88478],[28.25011,-26.88795],[28.2516,-26.88946],[28.25139,-26.8926],[28.25413,-26.89555],[28.26137,-26.902],[28.26215,-26.90373],[28.26084,-26.91111],[28.26228,-26.9146],[28.26538,-26.91491],[28.26824,-26.9137],[28.27649,-26.90705],[28.27889,-26.90577],[28.2815,-26.90607],[28.28232,-26.9078],[28.28136,-26.91477],[28.29036,-26.93051],[28.30043,-26.94016],[28.30384,-26.94117],[28.30866,-26.93891],[28.31131,-26.93562],[28.31249,-26.92786],[28.3143,-26.92492],[28.32191,-26.92257],[28.32654,-26.92254],[28.33119,-26.92527],[28.32941,-26.92916],[28.32276,-26.93306],[28.31969,-26.93652],[28.31998,-26.94007],[28.32333,-26.94779],[28.32524,-26.94906],[28.3284,-26.94791],[28.33427,-26.94401],[28.3476,-26.93396],[28.35428,-26.93138],[28.35826,-26.93123],[28.36392,-26.93226],[28.36917,-26.93441],[28.37261,-26.93474],[28.38345,-26.93143],[28.38897,-26.9307],[28.39215,-26.93142],[28.39956,-26.93569],[28.40135,-26.93895],[28.40128,-26.94462],[28.39987,-26.94917],[28.40035,-26.95087],[28.40501,-26.95511],[28.40843,-26.96272],[28.4149,-26.97296],[28.4213,-26.97889],[28.42869,-26.99035],[28.42611,-26.99401],[28.41974,-26.99903],[28.41554,-27.00316],[28.41332,-27.00686],[28.41482,-27.0104],[28.41899,-27.01306],[28.42344,-27.00984],[28.43003,-27.007],[28.43457,-27.00247],[28.43759,-26.99782],[28.44122,-26.99373],[28.44761,-26.98529],[28.4506,-26.98239],[28.45174,-26.97974],[28.45017,-26.97757],[28.44235,-26.97068],[28.43647,-26.96689],[28.43664,-26.96455],[28.44336,-26.96036],[28.45272,-26.96459],[28.45709,-26.96804],[28.4615,-26.97258],[28.46154,-26.97694],[28.46453,-26.98286],[28.46651,-26.98309],[28.47044,-26.98157],[28.47254,-26.979509],[28.47032,-26.975189],[28.47016,-26.9728],[28.47145,-26.96968],[28.47584,-26.96328],[28.47533,-26.95989],[28.4712,-26.95843],[28.47141,-26.95468],[28.47543,-26.95051],[28.47909,-26.95171],[28.48219,-26.95932],[28.48361,-26.96711],[28.48585,-26.97111],[28.49243,-26.97556],[28.50045,-26.97776],[28.50924,-26.9859],[28.51092,-26.99049],[28.51088,-26.99277],[28.50574,-27.00033],[28.50298,-27.00552],[28.5034,-27.00773],[28.50851,-27.00951],[28.51145,-27.01197],[28.51719,-27.0137],[28.52289,-27.01681],[28.52829,-27.01851],[28.53015,-27.02251],[28.53082,-27.0271],[28.53849,-27.03366],[28.54213,-27.03425],[28.54969,-27.0416],[28.55001,-27.04392],[28.54666,-27.05138],[28.54509,-27.05361],[28.53712,-27.05537],[28.53289,-27.06301],[28.533449,-27.066719],[28.53835,-27.06623],[28.54403,-27.06388],[28.5485,-27.06327],[28.55464,-27.06043],[28.55716,-27.05631],[28.55989,-27.05423],[28.56052,-27.04615],[28.5593,-27.04066],[28.56826,-27.03514],[28.57081,-27.03542],[28.57623,-27.03917],[28.57993,-27.039],[28.58327,-27.03784],[28.58547,-27.03586],[28.59137,-27.02567],[28.59482,-27.02296],[28.60833,-27.02099],[28.6093,-27.01704],[28.6078,-27.00904],[28.60949,-27.00804],[28.62069,-27.00956],[28.62553,-27.01074],[28.63024,-27.01284],[28.63936,-27.01987],[28.64232,-27.02105],[28.64443,-27.02031],[28.64733,-27.01662],[28.64875,-27.01131],[28.65132,-27.00943],[28.65455,-27.00065],[28.65552,-26.99693],[28.6525,-26.99463],[28.64582,-26.99237],[28.63218,-26.99115],[28.62425,-26.99451],[28.62088,-26.99653],[28.61803,-26.99982],[28.61559,-26.99974],[28.60971,-26.99379],[28.60617,-26.99438],[28.60504,-26.99321],[28.60716,-26.98968],[28.61016,-26.98695],[28.62122,-26.96909],[28.62738,-26.96601],[28.63479,-26.96175],[28.63592,-26.95619],[28.63686,-26.95505],[28.64401,-26.95402],[28.64692,-26.95304],[28.65142,-26.95793],[28.65446,-26.96019],[28.66018,-26.96038],[28.66407,-26.96239],[28.67969,-26.97361],[28.68626,-26.9757],[28.6987,-26.97584],[28.70139,-26.97496],[28.70732,-26.96836],[28.71141,-26.96951],[28.71381,-26.97161],[28.71469,-26.97713],[28.71668,-26.97992],[28.72537,-26.9846],[28.72905,-26.99048],[28.73112,-26.99548],[28.73526,-27.00074],[28.73726,-27.00208],[28.74247,-27.00337],[28.7452,-27.00301],[28.75297,-26.99792],[28.75629,-26.9976],[28.7627,-27.00134],[28.76782,-27.00309],[28.77023,-27.00283],[28.77443,-27.00545],[28.77668,-27.00857],[28.77621,-27.01186],[28.77357,-27.01737],[28.77476,-27.01952],[28.77905,-27.02039],[28.78635,-27.02359],[28.79143,-27.02502],[28.79624,-27.02883],[28.79781,-27.02636],[28.80196,-27.0172],[28.80105,-27.0141],[28.80309,-27.01135],[28.80489,-27.01153],[28.80742,-27.01466],[28.80977,-27.01928],[28.81171,-27.03407],[28.81086,-27.03861],[28.81357,-27.04237],[28.8162,-27.04229],[28.82521,-27.03711],[28.82692,-27.03727],[28.83439,-27.04166],[28.83724,-27.04195],[28.84362,-27.03912],[28.85053,-27.03093],[28.85267,-27.02704],[28.85787,-27.02492],[28.86202,-27.029],[28.86556,-27.03098],[28.86995,-27.03168],[28.87302,-27.03794],[28.87457,-27.04315],[28.87797,-27.0493],[28.87989,-27.05523],[28.8812,-27.05637],[28.89013,-27.05895],[28.89627,-27.05395],[28.90038,-27.04834],[28.89912,-27.04541],[28.89689,-27.044],[28.89657,-27.03972],[28.89914,-27.03466],[28.89882,-27.03147],[28.89734,-27.02862],[28.89309,-27.02629],[28.88922,-27.02617],[28.88541,-27.02403],[28.88884,-27.02014],[28.89218,-27.01476],[28.89452,-27.01337],[28.89769,-27.01599],[28.90416,-27.01983],[28.90754,-27.02014],[28.9111,-27.01854],[28.91318,-27.0176],[28.91809,-27.01241],[28.92039,-27.01108],[28.92375,-27.01155],[28.92885,-27.01475],[28.94118,-27.01548],[28.94563,-27.01373],[28.95477,-27.01146],[28.95725,-27.00608],[28.96006,-27.0026],[28.96172,-26.99861],[28.96608,-26.99488],[28.96753,-26.99146],[28.97447,-26.99312],[28.97698,-26.9955],[28.98381,-26.99876],[28.98705,-26.99971],[28.99349,-27.0032],[28.99613,-27.00398],[29.0101,-27.0066],[29.015141,-27.009958],[29.02268,-27.01528],[29.02702,-27.01643],[29.02791,-27.01924],[29.02627,-27.02124],[29.02941,-27.02526],[29.03124,-27.02896],[29.03524,-27.02729],[29.03884,-27.02213],[29.03978,-27.01637],[29.03838,-27.00551],[29.03965,-27.00432],[29.04446,-27.00395],[29.05045,-27.00571],[29.05723,-27.0093],[29.0596,-27.01514],[29.05966,-27.01796],[29.05606,-27.0264],[29.05346,-27.0304],[29.05421,-27.03499],[29.06486,-27.04283],[29.06426,-27.04469],[29.06145,-27.04626],[29.06164,-27.04833],[29.06423,-27.05201],[29.07211,-27.05698],[29.07108,-27.06071],[29.07423,-27.06318],[29.07007,-27.06776],[29.06843,-27.06763],[29.06739,-27.06474],[29.06522,-27.0653],[29.06103,-27.07175],[29.06213,-27.07554],[29.06059,-27.07898],[29.05542,-27.07923],[29.05626,-27.08224],[29.06296,-27.08522],[29.06512,-27.08378],[29.06733,-27.0855],[29.07183,-27.08573],[29.072,-27.08805],[29.07488,-27.09193],[29.07773,-27.09258],[29.07785,-27.09521],[29.08005,-27.09998],[29.08224,-27.10199],[29.08291,-27.10467],[29.08647,-27.10713],[29.08581,-27.11046],[29.0883,-27.11341],[29.08601,-27.11526],[29.09272,-27.12213],[29.09703,-27.12273],[29.09865,-27.12612],[29.10351,-27.12983],[29.10494,-27.13439],[29.10228,-27.13396],[29.10135,-27.13724],[29.10745,-27.14189],[29.11087,-27.14797],[29.1134,-27.14995],[29.11216,-27.15185],[29.11277,-27.15625],[29.11406,-27.15872],[29.11375,-27.16373],[29.1147,-27.16885],[29.11714,-27.17253],[29.12101,-27.17157],[29.12406,-27.1674],[29.1265,-27.1671],[29.12957,-27.16836],[29.13038,-27.1662],[29.12958,-27.16282],[29.13597,-27.16202],[29.13795,-27.15841],[29.13637,-27.15422],[29.13852,-27.15208],[29.14167,-27.15381],[29.14668,-27.1522],[29.14812,-27.14919],[29.15102,-27.1519],[29.15213,-27.1472],[29.15333,-27.1455],[29.15688,-27.1451],[29.15879,-27.14607],[29.16142,-27.14343],[29.16855,-27.14141],[29.17093,-27.14162],[29.17723,-27.14651],[29.17955,-27.14423],[29.18305,-27.14543],[29.19039,-27.14306],[29.18965,-27.14123],[29.19272,-27.13959],[29.19792,-27.14062],[29.20424,-27.14487],[29.20759,-27.14242],[29.20971,-27.14238],[29.21376,-27.14694],[29.21866,-27.1471],[29.22387,-27.1447],[29.22789,-27.1473],[29.22724,-27.15019],[29.2291,-27.15208],[29.22698,-27.15486],[29.22825,-27.16123],[29.23077,-27.16077],[29.22981,-27.16723],[29.23174,-27.16794],[29.23504,-27.17185],[29.23649,-27.17759],[29.23447,-27.18257],[29.23607,-27.18363],[29.24125,-27.18226],[29.24001,-27.18717],[29.24445,-27.18636],[29.24794,-27.192],[29.25123,-27.18965],[29.25368,-27.18959],[29.25423,-27.19477],[29.25652,-27.1943],[29.25803,-27.18905],[29.2577,-27.18674],[29.25912,-27.18212],[29.26325,-27.18738],[29.26578,-27.18675],[29.26658,-27.19141],[29.26894,-27.18906],[29.27193,-27.19163],[29.27668,-27.19433],[29.28159,-27.19479],[29.28368,-27.19615],[29.28408,-27.19071],[29.28523,-27.19003],[29.28828,-27.19347],[29.28866,-27.19653],[29.29223,-27.20013],[29.29575,-27.20104],[29.29587,-27.20341],[29.29881,-27.20919],[29.30186,-27.20974],[29.30054,-27.21194],[29.3046,-27.2151],[29.30862,-27.21612],[29.31192,-27.21361],[29.31402,-27.20981],[29.31775,-27.21044],[29.31997,-27.20941],[29.32592,-27.2083],[29.32846,-27.20599],[29.33317,-27.20841],[29.33147,-27.2101],[29.33113,-27.21304],[29.33352,-27.21363],[29.33164,-27.21659],[29.33311,-27.21844],[29.33626,-27.21486],[29.3371,-27.21832],[29.33556,-27.22186],[29.3334,-27.2243],[29.33572,-27.22587],[29.33214,-27.23047],[29.33596,-27.23189],[29.3364,-27.23508],[29.33441,-27.23642],[29.33505,-27.24005],[29.3328,-27.24206],[29.33236,-27.24443],[29.3286,-27.24613],[29.32533,-27.25239],[29.32625,-27.25514],[29.32869,-27.25717],[29.3283,-27.25995],[29.33073,-27.26294],[29.33405,-27.26428],[29.33834,-27.26451],[29.34074,-27.26106],[29.33958,-27.25273],[29.34063,-27.25023],[29.34327,-27.24837],[29.34817,-27.24932],[29.35174,-27.24871],[29.35893,-27.24881],[29.36053,-27.24731],[29.36368,-27.24774],[29.36815,-27.25127],[29.37287,-27.25025],[29.37603,-27.25051],[29.37787,-27.24865],[29.38175,-27.24737],[29.38375,-27.24897],[29.39005,-27.24857],[29.38923,-27.24556],[29.38693,-27.24402],[29.3913,-27.24269],[29.4003,-27.24304],[29.39975,-27.24434],[29.40146,-27.24956],[29.4041,-27.2522],[29.40836,-27.25145],[29.41069,-27.25234],[29.4151,-27.25048],[29.41886,-27.25452],[29.42364,-27.25743],[29.42465,-27.25499],[29.42818,-27.25387],[29.43174,-27.26188],[29.4352,-27.2627],[29.4368,-27.26137],[29.43894,-27.26451],[29.43946,-27.26765],[29.44343,-27.26693],[29.44642,-27.27191],[29.4532,-27.27676],[29.45622,-27.28154],[29.45649,-27.28421],[29.46295,-27.28714],[29.46338,-27.29023],[29.46537,-27.29241],[29.46558,-27.29651],[29.46677,-27.29864],[29.46981,-27.29944],[29.4702,-27.30579],[29.47223,-27.30951],[29.4702,-27.31121],[29.46762,-27.31561],[29.47034,-27.32122],[29.46899,-27.3242],[29.47385,-27.32842],[29.47968,-27.33241],[29.48263,-27.33223],[29.48258,-27.32937],[29.48632,-27.32731],[29.48524,-27.33458],[29.48376,-27.33768],[29.48476,-27.34061],[29.4869,-27.34049],[29.4878,-27.33755],[29.4901,-27.33687],[29.4899,-27.34432],[29.48893,-27.34605],[29.48577,-27.34646],[29.48517,-27.34832],[29.48713,-27.35063],[29.4843,-27.35433],[29.48232,-27.35893],[29.48629,-27.36279],[29.49125,-27.36099],[29.49596,-27.36104],[29.49844,-27.35893],[29.5022,-27.35813],[29.50303,-27.36137],[29.5054,-27.36522],[29.51176,-27.36683],[29.50948,-27.36922],[29.50869,-27.37565],[29.50943,-27.37731],[29.51673,-27.383],[29.5192,-27.38426],[29.52209,-27.38344],[29.52131,-27.38117],[29.51848,-27.37924],[29.51919,-27.37731],[29.52392,-27.37718],[29.52715,-27.37828],[29.53044,-27.38277],[29.52938,-27.38651],[29.52571,-27.38626],[29.52687,-27.39378],[29.52807,-27.39436],[29.53061,-27.39086],[29.53712,-27.38698],[29.54157,-27.39148],[29.54392,-27.3992],[29.5502,-27.39783],[29.55177,-27.39985],[29.54966,-27.40178],[29.54891,-27.40418],[29.54909,-27.40884],[29.55199,-27.4126],[29.55176,-27.41393],[29.54714,-27.41432],[29.54402,-27.41763],[29.54263,-27.42024],[29.55009,-27.42437],[29.54631,-27.42922],[29.54646,-27.43112],[29.55473,-27.43186],[29.55615,-27.43096],[29.55994,-27.43218],[29.5608,-27.43419],[29.56054,-27.43931],[29.56129,-27.44133],[29.56378,-27.44265],[29.56753,-27.44128],[29.57115,-27.44456],[29.57183,-27.4469],[29.57731,-27.45188],[29.57688,-27.45669],[29.58257,-27.46033],[29.5843,-27.46416],[29.58896,-27.46325],[29.58966,-27.46634],[29.59615,-27.46835],[29.59793,-27.4701],[29.60071,-27.47006],[29.60295,-27.47413],[29.60096,-27.47684],[29.60283,-27.47941],[29.60239,-27.48278],[29.60488,-27.48541],[29.60379,-27.48881],[29.60514,-27.49159],[29.60398,-27.4942],[29.60684,-27.49659],[29.60932,-27.49644],[29.61478,-27.50097],[29.61557,-27.50286],[29.61891,-27.50602],[29.62535,-27.50578],[29.6271,-27.50379],[29.63057,-27.50245],[29.63423,-27.50429],[29.63953,-27.5047],[29.64477,-27.50367],[29.64941,-27.50423],[29.65059,-27.5029],[29.65053,-27.49975],[29.65475,-27.4964],[29.65963,-27.49576],[29.66412,-27.4968],[29.66686,-27.4959],[29.67102,-27.49651],[29.67436,-27.49799],[29.67963,-27.49693],[29.6814,-27.5001],[29.6859,-27.49761],[29.6876,-27.49386],[29.69355,-27.49225],[29.6991,-27.4947],[29.70118,-27.4941],[29.70427,-27.4894],[29.70642,-27.48804],[29.70494,-27.48533],[29.706,-27.48342],[29.70465,-27.4812],[29.69923,-27.47776],[29.69773,-27.47541],[29.69949,-27.47019],[29.70193,-27.46768],[29.70212,-27.46365],[29.69951,-27.45952],[29.69929,-27.45034],[29.70365,-27.44645],[29.71722,-27.44033],[29.72037,-27.43648],[29.72117,-27.4329],[29.72747,-27.43152],[29.73109,-27.43184],[29.73324,-27.43096],[29.74521,-27.43287],[29.74685,-27.43531],[29.74962,-27.43605],[29.75284,-27.43904],[29.75868,-27.44257],[29.75941,-27.44442],[29.77344,-27.45381],[29.77603,-27.45394],[29.78393,-27.45615],[29.79091,-27.45922],[29.79624,-27.4577],[29.79913,-27.45122],[29.80581,-27.45036],[29.81144,-27.44607],[29.81069,-27.44477],[29.81135,-27.43565],[29.8137,-27.43394],[29.81452,-27.43058],[29.81783,-27.4283],[29.82265,-27.4273],[29.82166,-27.41153],[29.82487,-27.407],[29.83375,-27.40378],[29.83598,-27.39688],[29.8349,-27.39032],[29.84019,-27.37899],[29.84571,-27.37865],[29.85232,-27.3807],[29.85734,-27.38132],[29.86621,-27.38415],[29.87096,-27.38193],[29.87705,-27.38026],[29.88257,-27.37671],[29.88508,-27.37658],[29.88656,-27.3787],[29.88638,-27.38148],[29.89015,-27.38552],[29.893,-27.38602],[29.89783,-27.38494],[29.899137,-27.385493],[29.90943,-27.3738],[29.91189,-27.36714],[29.91722,-27.35441],[29.9555,-27.36486],[29.97847,-27.37299],[29.99507,-27.38837],[30.016242,-27.397589],[30.02447,-27.3945],[30.0306,-27.3867],[30.03958,-27.38926],[30.04636,-27.38677],[30.05223,-27.37966],[30.05879,-27.37433],[30.06829,-27.36587],[30.07903,-27.37016],[30.08682,-27.3685],[30.11161,-27.38653],[30.143415,-27.413394],[30.14864,-27.40913],[30.15272,-27.40428],[30.1541,-27.39697],[30.15024,-27.39225],[30.16071,-27.38715],[30.16584,-27.3875],[30.17549,-27.38031],[30.19007,-27.36887],[30.19808,-27.35518],[30.22864,-27.36535],[30.23467,-27.38074],[30.24659,-27.37386],[30.25482,-27.37181],[30.27993,-27.36859],[30.28045,-27.35032],[30.27873,-27.33263],[30.28018,-27.32911],[30.28163,-27.32821],[30.28249,-27.31444],[30.30222,-27.317395],[30.31753,-27.30198],[30.328375,-27.29964],[30.34002,-27.30345],[30.36671,-27.31169],[30.36838,-27.28728],[30.36793,-27.26978],[30.36761,-27.26743],[30.39762,-27.27378],[30.42645,-27.26983],[30.42632,-27.29411],[30.42598,-27.31496],[30.43346,-27.32568],[30.44836,-27.32703],[30.44827,-27.32774],[30.45025,-27.32582],[30.4532,-27.32508],[30.45835,-27.3267],[30.46275,-27.32527],[30.46481,-27.32631],[30.46647,-27.3242],[30.47517,-27.31948],[30.47943,-27.31888],[30.48231,-27.31702],[30.48478,-27.31689],[30.49633,-27.31251],[30.50712,-27.31379],[30.50954,-27.31328],[30.51713,-27.31401],[30.52705,-27.31575],[30.53439,-27.31946],[30.54035,-27.32146],[30.5466,-27.32589],[30.55214,-27.32566],[30.55672,-27.32741],[30.56326,-27.32692],[30.56902,-27.32559],[30.57753,-27.32449],[30.58072,-27.32319],[30.58774,-27.32295],[30.62172,-27.30674],[30.66062,-27.28792],[30.7068,-27.28329],[30.7132,-27.28607],[30.71706,-27.28388],[30.7179,-27.28724],[30.72107,-27.29113],[30.72433,-27.28951],[30.72595,-27.29326],[30.72532,-27.29602],[30.72945,-27.29958],[30.73297,-27.2961],[30.73834,-27.29417],[30.74072,-27.29495],[30.74084,-27.2971],[30.74388,-27.30076],[30.74201,-27.30289],[30.74298,-27.30583],[30.74903,-27.29964],[30.75126,-27.29906],[30.75236,-27.30153],[30.75592,-27.30478],[30.75793,-27.30434],[30.76274,-27.30739],[30.76311,-27.30866],[30.75989,-27.31261],[30.76346,-27.31517],[30.76685,-27.31936],[30.76903,-27.31902],[30.76992,-27.32536],[30.77154,-27.32653],[30.77432,-27.32428],[30.78345,-27.32455],[30.78549,-27.32031],[30.77893,-27.3156],[30.78893,-27.3128],[30.79087,-27.316],[30.79099,-27.31845],[30.79431,-27.32017],[30.79704,-27.32272],[30.79635,-27.32573],[30.79851,-27.32693],[30.8001,-27.32487],[30.80431,-27.3243],[30.80808,-27.32898],[30.80265,-27.33086],[30.80234,-27.33316],[30.80494,-27.33452],[30.80742,-27.33278],[30.81138,-27.33239],[30.81103,-27.33521],[30.80833,-27.33786],[30.80903,-27.33927],[30.81608,-27.34007],[30.81926,-27.33635],[30.82109,-27.3392],[30.82547,-27.3408],[30.82844,-27.34476],[30.82346,-27.34562],[30.82339,-27.35035],[30.82259,-27.35418],[30.82968,-27.35015],[30.83516,-27.35053],[30.83783,-27.35004],[30.84122,-27.3528],[30.84487,-27.35153],[30.84488,-27.34606],[30.8499,-27.34329],[30.85605,-27.34431],[30.85759,-27.3433],[30.8558,-27.33725],[30.85777,-27.33671],[30.86016,-27.33907],[30.8621,-27.33775],[30.86209,-27.33352],[30.86465,-27.33207],[30.86489,-27.32682],[30.8638,-27.32508],[30.86366,-27.31982],[30.86432,-27.31546],[30.86591,-27.31267],[30.87283,-27.31447],[30.87724,-27.31393],[30.88221,-27.3123],[30.88344,-27.30924],[30.88635,-27.31071],[30.89317,-27.30891],[30.89706,-27.30938],[30.90253,-27.30802],[30.90623,-27.30556],[30.90913,-27.30531],[30.91115,-27.30807],[30.91549,-27.30544],[30.92216,-27.30505],[30.92447,-27.31144],[30.92122,-27.3167],[30.92131,-27.31998],[30.92313,-27.32151],[30.92446,-27.32553],[30.92323,-27.3292],[30.92368,-27.33127],[30.92781,-27.33536],[30.93167,-27.34062],[30.93942,-27.34676],[30.93967,-27.34932],[30.93785,-27.35385],[30.93828,-27.35707],[30.94088,-27.35916],[30.94084,-27.36695],[30.94268,-27.3682],[30.94803,-27.36608],[30.95149,-27.36204],[30.95579,-27.35971],[30.95808,-27.36056],[30.95949,-27.36355],[30.96234,-27.36564],[30.96604,-27.36519],[30.97026,-27.36318],[30.97691,-27.35827],[30.98069,-27.35915],[30.98431,-27.35759],[30.98873,-27.35747],[31.00194,-27.35889],[31.00511,-27.3537],[31.0051,-27.35191],[31.00843,-27.34876],[31.01062,-27.34908],[31.01406,-27.35519],[31.02087,-27.36042],[31.02422,-27.35203],[31.02797,-27.34993],[31.03118,-27.34624],[31.0351,-27.346],[31.03789,-27.35136],[31.04345,-27.35337],[31.04663,-27.35111],[31.04844,-27.34513],[31.05076,-27.34322],[31.05873,-27.33992],[31.06588,-27.33835],[31.07102,-27.34127],[31.0761,-27.3429],[31.0799,-27.34237],[31.08396,-27.33559],[31.09288,-27.33251],[31.09781,-27.32998],[31.09937,-27.33003],[31.10167,-27.33352],[31.10096,-27.33576],[31.12893,-27.35452],[31.140865,-27.36266],[31.16587,-27.36852],[31.19208,-27.3339],[31.19598,-27.32919],[31.20484,-27.31705],[31.240064,-27.279785],[31.24897,-27.2707],[31.25216,-27.26686],[31.27433,-27.24317],[31.26784,-27.24056],[31.22286,-27.22593],[31.15055,-27.20208],[31.08638,-27.126],[31.06133,-27.09629],[31.02176,-27.06778],[30.98476,-27.03698],[30.96986,-27.01234],[30.958326,-26.992129],[30.97371,-26.96451],[30.97652,-26.95343],[30.97692,-26.9472],[30.97682,-26.92161],[30.97356,-26.90821],[30.97003,-26.90672],[30.96637,-26.90361],[30.96335,-26.90217],[30.95618,-26.8962],[30.95366,-26.89324],[30.94601,-26.88868],[30.94275,-26.88799],[30.94074,-26.8839],[30.93783,-26.88344],[30.92788,-26.87474],[30.9257,-26.87223],[30.9141,-26.86367],[30.90742,-26.85993],[30.90669,-26.85461],[30.90225,-26.8518],[30.90196,-26.84916],[30.89767,-26.82732],[30.89297,-26.80531],[30.89216,-26.78611],[30.8897,-26.78801],[30.88888,-26.79113],[30.88955,-26.79422],[30.88774,-26.79895],[30.88879,-26.80179],[30.887285,-26.803585],[30.87681,-26.80796],[30.87108,-26.80986],[30.86474,-26.81653],[30.86172,-26.81867],[30.85904,-26.81899],[30.85404,-26.81768],[30.84805,-26.81897],[30.84664,-26.82223],[30.84401,-26.82508],[30.84079,-26.82533],[30.8361,-26.8269],[30.83454,-26.82989],[30.83064,-26.83489],[30.82483,-26.84043],[30.82039,-26.84239],[30.81322,-26.84448],[30.8071,-26.83306],[30.80265,-26.82402],[30.79988,-26.79818],[30.79866,-26.78866],[30.79706,-26.77309],[30.79448,-26.75071],[30.79359,-26.74088],[30.79139,-26.7205],[30.7908,-26.71229],[30.79101,-26.69558],[30.79116,-26.64815],[30.7914,-26.64717],[30.79152,-26.62624],[30.79144,-26.6055],[30.79181,-26.56911],[30.79392,-26.55222],[30.7955,-26.54121],[30.80026,-26.50406],[30.80506,-26.466671],[30.83101,-26.41117],[30.857558,-26.383792],[30.86756,-26.36541],[30.87694,-26.34856],[30.89186,-26.32082],[30.89568,-26.31781],[30.961438,-26.261732],[30.96836,-26.24971],[30.990536,-26.21018],[31.01925,-26.15855],[31.04169,-26.11887],[31.07104,-26.06731],[31.08961,-26.02619],[31.09163,-26.02295],[31.10323,-26.00163],[31.11275,-25.98257],[31.12134,-25.94391],[31.12657,-25.92115],[31.0688,-25.92347],[31.055691,-25.923921],[31.04391,-25.9126],[31.04263,-25.88411],[31.03952,-25.86626],[31.01315,-25.8921],[30.98615,-25.91803],[30.98547,-25.91791],[30.96844,-25.93419],[30.9681,-25.93476],[30.92433,-25.93125],[30.88033,-25.92508],[30.84986,-25.92634],[30.812565,-25.91537],[30.82098,-25.90932],[30.82306,-25.87652],[30.81431,-25.86847],[30.79677,-25.86325],[30.77365,-25.86194],[30.76684,-25.85527],[30.77065,-25.85002],[30.76109,-25.83133],[30.75219,-25.82262],[30.74946,-25.80394],[30.75186,-25.80152],[30.75227,-25.79827],[30.73939,-25.7886],[30.730117,-25.772451],[30.72509,-25.75919],[30.73021,-25.7483],[30.73265,-25.74135],[30.64663,-25.71242],[30.63872,-25.7118],[30.638469,-25.72398],[30.61849,-25.72383],[30.61119,-25.71902],[30.57957,-25.75347],[30.60612,-25.78973],[30.55864,-25.76826],[30.5193,-25.72855],[30.50874,-25.73686],[30.48638,-25.7622],[30.50256,-25.77669],[30.51485,-25.78791],[30.50265,-25.79946],[30.48399,-25.81859],[30.47883,-25.79379],[30.45727,-25.8033],[30.45771,-25.80635],[30.45964,-25.80988],[30.46352,-25.81374],[30.44906,-25.83029],[30.45309,-25.83617],[30.45528,-25.83836],[30.43057,-25.85547],[30.41906,-25.87756],[30.39499,-25.88438],[30.38115,-25.8869],[30.33111,-25.88054],[30.29905,-25.92638],[30.278935,-25.907155],[30.254,-25.89327],[30.24344,-25.87211],[30.2704,-25.82537],[30.21375,-25.80402],[30.20083,-25.83643],[30.15174,-25.81929],[30.14971,-25.82972],[30.1008,-25.8427],[30.09494,-25.84436],[30.09151,-25.84622],[30.086688,-25.860294],[30.05071,-25.87248],[30.03643,-25.87695],[29.98988,-25.88366],[29.99591,-25.90989],[29.99773,-25.91867],[29.96675,-25.91393],[29.95886,-25.9129],[29.94375,-25.90566],[29.92842,-25.89319],[29.9152,-25.88209],[29.898964,-25.869279],[29.86179,-25.86245],[29.84815,-25.87596],[29.84446,-25.88756],[29.83929,-25.90623],[29.83697,-25.91089],[29.83057,-25.92193],[29.83725,-25.9254],[29.85682,-25.9345],[29.87696,-25.96521],[29.85663,-25.97897],[29.85645,-25.99708],[29.8569,-26.00319],[29.86579,-26.01393],[29.856259,-26.030342],[29.83053,-26.07349],[29.82742,-26.07097],[29.81696,-26.09244],[29.81106,-26.1053],[29.80865,-26.11775],[29.80452,-26.14188],[29.800581,-26.163506],[29.80469,-26.18951],[29.80201,-26.19143],[29.78052,-26.20856],[29.75884,-26.22541],[29.7496,-26.22092],[29.71536,-26.20385],[29.70833,-26.22004],[29.7051,-26.22812],[29.69752,-26.22765],[29.69742,-26.23156],[29.66763,-26.24464],[29.649245,-26.24233],[29.59428,-26.23979],[29.59086,-26.24035],[29.58576,-26.25341],[29.56189,-26.25388],[29.54035,-26.25388],[29.54532,-26.24206],[29.560226,-26.209208],[29.51308,-26.18558],[29.49345,-26.16955],[29.47558,-26.17378],[29.45661,-26.20367],[29.45555,-26.2114],[29.43374,-26.2094],[29.41464,-26.20735],[29.40395,-26.20654],[29.38797,-26.2049],[29.375,-26.19635],[29.36141,-26.21324],[29.34449,-26.21476],[29.35346,-26.22306],[29.34816,-26.23178],[29.34069,-26.24508],[29.35235,-26.25309],[29.35693,-26.25673],[29.36734,-26.26375],[29.36718,-26.27436],[29.366573,-26.292108],[29.35565,-26.31159],[29.35122,-26.31988],[29.34456,-26.33154],[29.34652,-26.33212],[29.34996,-26.33541],[29.35203,-26.33611],[29.3489,-26.34555],[29.34521,-26.35401],[29.33547,-26.34833],[29.31267,-26.34609],[29.285104,-26.342675],[29.26062,-26.36236],[29.24872,-26.36002],[29.23773,-26.35728],[29.22393,-26.35459],[29.2174,-26.351],[29.21553,-26.35217],[29.21528,-26.35593],[29.21398,-26.35977],[29.21631,-26.36219],[29.20146,-26.36186],[29.19517,-26.36196],[29.18495,-26.34768],[29.18186,-26.34883],[29.17993,-26.34791],[29.1765,-26.3496],[29.17307,-26.34889],[29.16784,-26.35278],[29.16956,-26.35632],[29.16519,-26.35799],[29.16201,-26.35813],[29.15978,-26.35996],[29.14509,-26.36996],[29.13614,-26.37562],[29.12359,-26.38429],[29.11894,-26.37555],[29.10344,-26.34516],[29.10223,-26.32976],[29.0658,-26.31429],[29.05931,-26.30012],[29.05416,-26.28947],[29.05051,-26.28119],[29.04705,-26.27441],[29.040061,-26.259443],[29.03581,-26.23747],[29.033262,-26.22576],[29.00108,-26.22883],[28.98422,-26.23693],[28.98354,-26.24212],[28.97076,-26.23838],[28.949998,-26.254719],[28.93951,-26.26581],[28.88634,-26.25771],[28.88759,-26.28003],[28.86756,-26.32765],[28.83844,-26.34075],[28.8178,-26.34572],[28.80508,-26.30659],[28.7789,-26.31693],[28.75362,-26.32072],[28.73936,-26.32453],[28.71012,-26.34124],[28.708775,-26.340509],[28.689182,-26.380322],[28.645919,-26.421206],[28.523003,-26.465222],[28.52314,-26.465578]]]},"properties":{"code":"017"}},{"type":"Feature","geometry":{"type":"Polygon","coordinates":[[[30.30066,-28.5341],[30.30391,-28.53127],[30.30824,-28.53028],[30.31984,-28.53022],[30.32155,-28.52728],[30.32095,-28.51139],[30.3183,-28.50699],[30.32487,-28.49689],[30.33777,-28.47392],[30.29922,-28.45128],[30.2938,-28.44839],[30.27138,-28.44139],[30.27131,-28.44111],[30.24574,-28.41974],[30.245855,-28.41929],[30.233595,-28.40871],[30.21518,-28.39282],[30.178125,-28.439663],[30.17256,-28.42211],[30.16266,-28.4228],[30.17042,-28.41479],[30.16595,-28.40116],[30.16225,-28.38879],[30.17502,-28.38721],[30.17537,-28.37109],[30.17431,-28.36933],[30.15304,-28.36005],[30.15966,-28.34577],[30.14974,-28.34311],[30.142574,-28.341801],[30.14025,-28.34324],[30.13564,-28.34053],[30.12512,-28.34379],[30.12795,-28.34916],[30.09894,-28.36732],[30.09588,-28.36306],[30.07548,-28.35784],[30.0783,-28.35227],[30.07855,-28.34928],[30.07152,-28.35201],[30.0737,-28.34504],[30.06699,-28.3278],[30.06541,-28.30513],[30.05455,-28.29345],[30.036,-28.27296],[30.033486,-28.270778],[30.00122,-28.25706],[29.99119,-28.25308],[29.976794,-28.239588],[29.98594,-28.22042],[29.97814,-28.20648],[29.990426,-28.184928],[29.921597,-28.196606],[29.897926,-28.193652],[29.883144,-28.195605],[29.869078,-28.207687],[29.864102,-28.213946],[29.856442,-28.209195],[29.854983,-28.213615],[29.849566,-28.213716],[29.838619,-28.210116],[29.837181,-28.213289],[29.827074,-28.215172],[29.82497,-28.210846],[29.814084,-28.215035],[29.796765,-28.205469],[29.810296,-28.191314],[29.796565,-28.195777],[29.788703,-28.174251],[29.80401,-28.16786],[29.796628,-28.165946],[29.76498,-28.15832],[29.74639,-28.1459],[29.73981,-28.14105],[29.74154,-28.1366],[29.73869,-28.13099],[29.7276,-28.12565],[29.69926,-28.12394],[29.68514,-28.12181],[29.6845,-28.12818],[29.67695,-28.12826],[29.66948,-28.13454],[29.67089,-28.1387],[29.663281,-28.142023],[29.66285,-28.17725],[29.62634,-28.18574],[29.60956,-28.21503],[29.62442,-28.22495],[29.619765,-28.24122],[29.55868,-28.25834],[29.55059,-28.2472],[29.50992,-28.26544],[29.48293,-28.2722],[29.47926,-28.29073],[29.45875,-28.31043],[29.43758,-28.32113],[29.43806,-28.33214],[29.4277,-28.33931],[29.41431,-28.37591],[29.37556,-28.37211],[29.37341,-28.3719],[29.357451,-28.387969],[29.33876,-28.39879],[29.32861,-28.40386],[29.32011,-28.40679],[29.32287,-28.42103],[29.32263,-28.42396],[29.2901,-28.43789],[29.26854,-28.43185],[29.26151,-28.4337],[29.24875,-28.4249],[29.229012,-28.456286],[29.1915,-28.49378],[29.21625,-28.51905],[29.19641,-28.54504],[29.17871,-28.54271],[29.17098,-28.53003],[29.16152,-28.54212],[29.135,-28.5663],[29.09632,-28.54509],[28.973991,-28.57456],[28.96128,-28.59717],[28.96596,-28.60531],[28.95594,-28.60752],[28.94857,-28.61329],[28.94664,-28.62084],[28.9443,-28.6226],[28.94089,-28.63139],[28.94353,-28.63467],[28.94465,-28.63871],[28.94277,-28.64565],[28.94277,-28.6509],[28.9357,-28.65383],[28.93464,-28.65695],[28.92837,-28.66007],[28.92604,-28.66381],[28.922,-28.66369],[28.91481,-28.67176],[28.91066,-28.67757],[28.90889,-28.68142],[28.9034,-28.68715],[28.89906,-28.68735],[28.8972,-28.69087],[28.89623,-28.69474],[28.89737,-28.69618],[28.89999,-28.70323],[28.89681,-28.71906],[28.89355,-28.73859],[28.89134,-28.74649],[28.88301,-28.74866],[28.87576,-28.76465],[28.873627,-28.770712],[28.8736,-28.77232],[28.88231,-28.77502],[28.88805,-28.77504],[28.8934,-28.7664],[28.90043,-28.76285],[28.90496,-28.75915],[28.91194,-28.76026],[28.91542,-28.76483],[28.91465,-28.76948],[28.92079,-28.77063],[28.92587,-28.77318],[28.93207,-28.77492],[28.93767,-28.7791],[28.94381,-28.78266],[28.9447,-28.78756],[28.94212,-28.78755],[28.93898,-28.78535],[28.93646,-28.7927],[28.93999,-28.79511],[28.94781,-28.79805],[28.94934,-28.8008],[28.94911,-28.80419],[28.9399,-28.80654],[28.93653,-28.80473],[28.93423,-28.80677],[28.93458,-28.8095],[28.93058,-28.80949],[28.9219,-28.81253],[28.92471,-28.81748],[28.93309,-28.82064],[28.93752,-28.81954],[28.93767,-28.82332],[28.94267,-28.82388],[28.9459,-28.82515],[28.94509,-28.82728],[28.94809,-28.8285],[28.94603,-28.83576],[28.94775,-28.84063],[28.94496,-28.84235],[28.94625,-28.84625],[28.95098,-28.8492],[28.95297,-28.85217],[28.9521,-28.85514],[28.94608,-28.85395],[28.9445,-28.85647],[28.93922,-28.86],[28.9398,-28.86241],[28.94849,-28.86894],[28.95405,-28.86787],[28.95729,-28.86949],[28.95964,-28.86943],[28.96292,-28.8711],[28.96099,-28.87347],[28.95713,-28.87602],[28.96095,-28.88082],[28.96425,-28.88213],[28.96274,-28.88465],[28.96521,-28.88768],[28.97341,-28.89042],[28.97489,-28.89294],[28.97404,-28.90071],[28.97499,-28.90339],[28.97299,-28.9074],[28.97569,-28.9089],[28.9802,-28.91467],[28.98523,-28.91573],[28.9904,-28.91449],[28.99451,-28.90498],[29.00114,-28.90373],[29.00404,-28.90207],[29.00561,-28.89757],[29.01205,-28.89735],[29.01292,-28.8933],[29.01,-28.89038],[29.01212,-28.88533],[29.01755,-28.88159],[29.02035,-28.88354],[29.02907,-28.88798],[29.02992,-28.89345],[29.02855,-28.89641],[29.03071,-28.9006],[29.03533,-28.90336],[29.03884,-28.90738],[29.03834,-28.9116],[29.04222,-28.91529],[29.04908,-28.91423],[29.05156,-28.91577],[29.05485,-28.9163],[29.05821,-28.91845],[29.05943,-28.91649],[29.06378,-28.91571],[29.07115,-28.91851],[29.07479,-28.91878],[29.07484,-28.92161],[29.07251,-28.92309],[29.07474,-28.92514],[29.07604,-28.93143],[29.07355,-28.9351],[29.07392,-28.93765],[29.0789,-28.93935],[29.08171,-28.93853],[29.08588,-28.93593],[29.08747,-28.93699],[29.0935,-28.93862],[29.09917,-28.94191],[29.10108,-28.94799],[29.10775,-28.94906],[29.10964,-28.95186],[29.12346,-28.96251],[29.12749,-28.96463],[29.13043,-28.96858],[29.12901,-28.96965],[29.12601,-28.96831],[29.12385,-28.9742],[29.12479,-28.98048],[29.13028,-28.98243],[29.13316,-28.98494],[29.13756,-28.98374],[29.13784,-28.98136],[29.14055,-28.98158],[29.14337,-28.98474],[29.15149,-28.98765],[29.15275,-28.99019],[29.15322,-28.99401],[29.15486,-28.99803],[29.15919,-29.00307],[29.16197,-29.00349],[29.16686,-29.00199],[29.17046,-29.00308],[29.17335,-29.00229],[29.17748,-29.00307],[29.18184,-29.00726],[29.18411,-29.01184],[29.18564,-29.01327],[29.19195,-29.0149],[29.19995,-29.01469],[29.20608,-29.01844],[29.20878,-29.02238],[29.21549,-29.02629],[29.21723,-29.03021],[29.21621,-29.03342],[29.21222,-29.03575],[29.21119,-29.03805],[29.21357,-29.0407],[29.21356,-29.04302],[29.21191,-29.04528],[29.21526,-29.04852],[29.22547,-29.04924],[29.22948,-29.05645],[29.22956,-29.06021],[29.22761,-29.06274],[29.23257,-29.06798],[29.23624,-29.07106],[29.23936,-29.07271],[29.24107,-29.07578],[29.24375,-29.07658],[29.25279,-29.08247],[29.25286,-29.08628],[29.25398,-29.08878],[29.2564,-29.09025],[29.25925,-29.09046],[29.26145,-29.08928],[29.26299,-29.08585],[29.26929,-29.08116],[29.27463,-29.07968],[29.27823,-29.07598],[29.28501,-29.07643],[29.29006,-29.07548],[29.29386,-29.07686],[29.30782,-29.07663],[29.31248,-29.07933],[29.31394,-29.08459],[29.32046,-29.09232],[29.32506,-29.09651],[29.32614,-29.10127],[29.3292,-29.10154],[29.33752,-29.10646],[29.33876,-29.10958],[29.34292,-29.11232],[29.34381,-29.11498],[29.34945,-29.1187],[29.3488,-29.12034],[29.35551,-29.12678],[29.3564,-29.12931],[29.35479,-29.13078],[29.35705,-29.13425],[29.35662,-29.13576],[29.35325,-29.13797],[29.35152,-29.14138],[29.35123,-29.14424],[29.35307,-29.14759],[29.34917,-29.14831],[29.34397,-29.15314],[29.3452,-29.15663],[29.34846,-29.16092],[29.34834,-29.16365],[29.34673,-29.16496],[29.34735,-29.17198],[29.34687,-29.17425],[29.34448,-29.17609],[29.34391,-29.1797],[29.34458,-29.18749],[29.35075,-29.19294],[29.35498,-29.19512],[29.35663,-29.20132],[29.35924,-29.20354],[29.36279,-29.20509],[29.36697,-29.20536],[29.373,-29.20365],[29.37783,-29.20297],[29.3811,-29.20142],[29.388,-29.20477],[29.39286,-29.20554],[29.40088,-29.20807],[29.40743,-29.21156],[29.41047,-29.21538],[29.41337,-29.22141],[29.41059,-29.22109],[29.40837,-29.22273],[29.4069,-29.22877],[29.41487,-29.23157],[29.41705,-29.23369],[29.41781,-29.2364],[29.42169,-29.2384],[29.42369,-29.24196],[29.42421,-29.24557],[29.42594,-29.2495],[29.42401,-29.25193],[29.41894,-29.25214],[29.41847,-29.25808],[29.4209,-29.26014],[29.42469,-29.25997],[29.43428,-29.26285],[29.43696,-29.26456],[29.43988,-29.26913],[29.44085,-29.27295],[29.43957,-29.27552],[29.43962,-29.27964],[29.43519,-29.28002],[29.43653,-29.28602],[29.44002,-29.28986],[29.44012,-29.29376],[29.44301,-29.29808],[29.44271,-29.30112],[29.43972,-29.30313],[29.43845,-29.30907],[29.44267,-29.31213],[29.44161,-29.3143],[29.44711,-29.31626],[29.44836,-29.32055],[29.4517,-29.32097],[29.45226,-29.32927],[29.45571,-29.33626],[29.45546,-29.34125],[29.45929,-29.34374],[29.46178,-29.34828],[29.46721,-29.34855],[29.46863,-29.34606],[29.47166,-29.34472],[29.47646,-29.34526],[29.48118,-29.34668],[29.50164,-29.3409],[29.5068,-29.33978],[29.51525,-29.32614],[29.52211,-29.33012],[29.54006,-29.35134],[29.55951,-29.33773],[29.57863,-29.33552],[29.5786,-29.29908],[29.56983,-29.29038],[29.59429,-29.26373],[29.60974,-29.24865],[29.63034,-29.2688],[29.65522,-29.25597],[29.66613,-29.25491],[29.66811,-29.2573],[29.66132,-29.26027],[29.65108,-29.26277],[29.64592,-29.27057],[29.63871,-29.27261],[29.63609,-29.27889],[29.63148,-29.28376],[29.63103,-29.28558],[29.63178,-29.29149],[29.6442,-29.29335],[29.6521,-29.29708],[29.6613,-29.29807],[29.67222,-29.2981],[29.67893,-29.29587],[29.68667,-29.2985],[29.68438,-29.30079],[29.68569,-29.30254],[29.69224,-29.30125],[29.70367,-29.29511],[29.72676,-29.29035],[29.75379,-29.28326],[29.75346,-29.24207],[29.76799,-29.2207],[29.7648,-29.21726],[29.73058,-29.22703],[29.75572,-29.20694],[29.78058,-29.19277],[29.78704,-29.19737],[29.79668,-29.18853],[29.79746,-29.19011],[29.80006,-29.21714],[29.82908,-29.21977],[29.85486,-29.21808],[29.86847,-29.19784],[29.87314,-29.18304],[29.89228,-29.16166],[29.89978,-29.15005],[29.90906,-29.14159],[29.9269,-29.12185],[29.94977,-29.13118],[29.95442,-29.11923],[29.96233,-29.09972],[29.98574,-29.08626],[29.98798,-29.08654],[30.02584,-29.08963],[30.02799,-29.05932],[30.06335,-29.05604],[30.05032,-29.02724],[30.07178,-29.01188],[30.08618,-28.96653],[30.15006,-28.99562],[30.155,-28.97926],[30.17365,-28.97763],[30.18703,-28.95938],[30.19771,-28.98013],[30.21507,-28.98057],[30.218508,-28.998203],[30.22963,-28.98404],[30.2314,-28.9642],[30.22369,-28.94575],[30.2464,-28.93512],[30.27277,-28.9213],[30.28747,-28.9149],[30.26813,-28.90531],[30.27314,-28.87703],[30.27238,-28.84473],[30.27446,-28.83451],[30.283227,-28.811148],[30.27944,-28.7608],[30.27866,-28.73179],[30.26753,-28.73102],[30.26899,-28.72976],[30.26818,-28.72579],[30.26555,-28.71961],[30.26446,-28.7147],[30.26497,-28.71261],[30.26964,-28.70745],[30.27045,-28.70555],[30.27087,-28.69948],[30.2718,-28.69551],[30.2807,-28.69267],[30.28426,-28.69298],[30.28131,-28.68845],[30.27959,-28.68726],[30.27861,-28.6838],[30.27543,-28.67959],[30.26997,-28.67634],[30.26697,-28.67325],[30.26462,-28.66946],[30.26244,-28.66372],[30.26273,-28.65941],[30.26123,-28.65365],[30.25656,-28.6504],[30.25391,-28.64589],[30.24502,-28.64542],[30.24404,-28.6432],[30.24897,-28.63958],[30.24998,-28.63629],[30.24702,-28.63172],[30.24455,-28.63076],[30.24265,-28.62818],[30.23397,-28.62119],[30.23638,-28.58958],[30.23171,-28.58932],[30.22609,-28.58722],[30.22147,-28.5773],[30.22073,-28.57332],[30.2227,-28.56669],[30.2314,-28.56289],[30.24658,-28.55024],[30.232536,-28.501853],[30.28097,-28.52484],[30.30066,-28.5341]]]},"properties":{"code":"036"}},{"type":"Feature","geometry":{"type":"Polygon","coordinates":[[[27.49183,-33.28204],[27.48421,-33.27646],[27.48265,-33.27321],[27.47874,-33.2722],[27.47594,-33.27415],[27.47473,-33.27653],[27.47565,-33.27953],[27.47459,-33.28169],[27.46995,-33.2849],[27.46837,-33.28507],[27.4596,-33.2822],[27.45766,-33.28072],[27.45756,-33.27743],[27.45869,-33.27266],[27.456553,-33.266244],[27.45427,-33.26264],[27.45065,-33.25973],[27.44295,-33.25838],[27.44016,-33.25395],[27.44029,-33.24642],[27.43946,-33.24458],[27.43502,-33.23921],[27.42796,-33.23676],[27.42071,-33.23698],[27.41408,-33.23491],[27.41266,-33.23306],[27.41321,-33.23011],[27.41618,-33.22195],[27.41944,-33.22072],[27.42327,-33.21735],[27.42807,-33.21457],[27.43353,-33.20993],[27.43372,-33.20516],[27.43227,-33.19988],[27.42789,-33.1945],[27.42473,-33.19302],[27.41776,-33.1927],[27.41252,-33.1935],[27.40579,-33.19302],[27.39782,-33.18896],[27.39756,-33.18742],[27.39439,-33.18469],[27.38622,-33.18644],[27.38025,-33.18603],[27.37725,-33.18434],[27.37489,-33.18009],[27.37706,-33.17554],[27.37836,-33.16542],[27.37955,-33.16396],[27.38811,-33.16238],[27.38955,-33.16116],[27.39108,-33.1569],[27.39006,-33.15442],[27.38749,-33.15203],[27.37978,-33.15203],[27.37313,-33.1537],[27.369287,-33.151172],[27.367564,-33.148284],[27.367071,-33.143814],[27.3611,-33.138398],[27.360689,-33.134337],[27.359497,-33.132726],[27.360133,-33.129947],[27.363123,-33.127082],[27.368221,-33.128244],[27.373961,-33.127274],[27.373214,-33.124169],[27.369848,-33.122185],[27.371217,-33.12039],[27.37483,-33.118876],[27.374158,-33.116068],[27.379607,-33.110369],[27.386686,-33.109929],[27.39066,-33.108638],[27.395169,-33.110977],[27.397953,-33.107432],[27.400969,-33.106534],[27.401677,-33.104624],[27.407778,-33.103252],[27.411371,-33.100326],[27.412399,-33.098247],[27.416059,-33.095957],[27.418035,-33.096828],[27.421159,-33.095509],[27.426026,-33.090288],[27.437004,-33.089816],[27.441359,-33.088674],[27.44057,-33.08493],[27.44417,-33.07976],[27.44295,-33.0724],[27.44509,-33.07092],[27.44218,-33.06755],[27.438749,-33.067781],[27.4374,-33.05872],[27.447368,-33.048972],[27.45884,-33.04518],[27.48364,-33.03071],[27.47884,-33.025959],[27.48563,-33.02116],[27.49966,-33.00781],[27.50343,-32.99831],[27.50391,-32.99522],[27.50042,-32.99434],[27.49202,-32.99422],[27.48708,-32.99283],[27.47846,-32.99475],[27.47302,-32.99517],[27.456,-32.99191],[27.45488,-32.99089],[27.43974,-32.98983],[27.41794,-33.00583],[27.40139,-32.97746],[27.39273,-32.97425],[27.38592,-32.97304],[27.373725,-32.968449],[27.371379,-32.971324],[27.363592,-32.966279],[27.355603,-32.963406],[27.343075,-32.962954],[27.335267,-32.965756],[27.330192,-32.969176],[27.326207,-32.97033],[27.31795,-32.971264],[27.31984,-32.975066],[27.321999,-32.976958],[27.323766,-32.984644],[27.324991,-32.98691],[27.324854,-32.990277],[27.323149,-32.994987],[27.320323,-32.997384],[27.321531,-33.001483],[27.317817,-33.002888],[27.316401,-33.004917],[27.309923,-33.006076],[27.313582,-33.010145],[27.314825,-33.013685],[27.313278,-33.0166],[27.302043,-33.019269],[27.299676,-33.02234],[27.297459,-33.022216],[27.295864,-33.024173],[27.290248,-33.022877],[27.290824,-33.02012],[27.289864,-33.015928],[27.286616,-33.015533],[27.285972,-33.013364],[27.282515,-33.013934],[27.281278,-33.011743],[27.277871,-33.010054],[27.276888,-33.006065],[27.274668,-33.004518],[27.273906,-33.001896],[27.271272,-32.997957],[27.274877,-32.995327],[27.267762,-32.995196],[27.262622,-32.991568],[27.25598,-32.994186],[27.25344,-32.994138],[27.244357,-32.990176],[27.240896,-32.98734],[27.243548,-32.986171],[27.242341,-32.981615],[27.242168,-32.976368],[27.231151,-32.970419],[27.229176,-32.967469],[27.230907,-32.965678],[27.23456,-32.964988],[27.240264,-32.965208],[27.240978,-32.963132],[27.239753,-32.95669],[27.245571,-32.951818],[27.247599,-32.951086],[27.255786,-32.943458],[27.256533,-32.94041],[27.255831,-32.93549],[27.258776,-32.931993],[27.260608,-32.932314],[27.272654,-32.929827],[27.275478,-32.930874],[27.28255,-32.92834],[27.27872,-32.92515],[27.27596,-32.92722],[27.27067,-32.92764],[27.26908,-32.92405],[27.26936,-32.92186],[27.2651,-32.92071],[27.26054,-32.9228],[27.259,-32.92083],[27.2559,-32.91948],[27.25206,-32.91975],[27.24944,-32.91821],[27.24473,-32.91803],[27.2368,-32.91996],[27.235,-32.91842],[27.2375,-32.91545],[27.23178,-32.90842],[27.23264,-32.90365],[27.23117,-32.90036],[27.23128,-32.89606],[27.22897,-32.89639],[27.22567,-32.89859],[27.22208,-32.89847],[27.22011,-32.89652],[27.21791,-32.89013],[27.22344,-32.88558],[27.22341,-32.88346],[27.2204,-32.87907],[27.22592,-32.86836],[27.22724,-32.86321],[27.23024,-32.86262],[27.23186,-32.85674],[27.23376,-32.85411],[27.23288,-32.85235],[27.226927,-32.851272],[27.226728,-32.852782],[27.223442,-32.854915],[27.216207,-32.854893],[27.204126,-32.84931],[27.20245,-32.84467],[27.17724,-32.84254],[27.16721,-32.84082],[27.15761,-32.83846],[27.15878,-32.83195],[27.16179,-32.83233],[27.16248,-32.82849],[27.16531,-32.82626],[27.17485,-32.82029],[27.17732,-32.81741],[27.1771,-32.8154],[27.16992,-32.81284],[27.16818,-32.81167],[27.16951,-32.80921],[27.1735,-32.81204],[27.177,-32.8124],[27.18195,-32.80797],[27.18514,-32.79971],[27.19016,-32.79805],[27.19114,-32.79685],[27.21542,-32.79262],[27.21897,-32.78342],[27.21272,-32.76535],[27.23442,-32.7599],[27.24068,-32.75364],[27.24137,-32.74496],[27.23825,-32.74051],[27.23424,-32.72948],[27.23062,-32.71739],[27.23245,-32.71442],[27.24953,-32.69988],[27.25958,-32.68957],[27.26672,-32.68767],[27.27503,-32.68432],[27.28251,-32.68499],[27.2872,-32.68488],[27.29297,-32.68103],[27.29325,-32.67573],[27.29744,-32.67668],[27.31404,-32.675],[27.32246,-32.67522],[27.33907,-32.674],[27.35458,-32.67444],[27.37057,-32.67561],[27.38731,-32.67978],[27.37129,-32.69976],[27.382539,-32.725263],[27.386185,-32.724877],[27.388095,-32.726733],[27.395745,-32.732271],[27.398886,-32.732289],[27.403662,-32.7354],[27.401902,-32.737928],[27.397006,-32.736619],[27.39123,-32.739487],[27.386602,-32.749558],[27.381648,-32.764339],[27.381289,-32.770988],[27.378939,-32.776472],[27.379748,-32.785889],[27.374126,-32.792022],[27.371836,-32.79602],[27.370063,-32.804342],[27.373503,-32.821987],[27.375879,-32.82428],[27.379204,-32.824542],[27.383317,-32.822116],[27.38575,-32.82548],[27.39322,-32.82257],[27.3945,-32.81908],[27.39319,-32.81367],[27.38801,-32.81309],[27.38622,-32.81367],[27.38488,-32.81021],[27.38541,-32.8014],[27.39286,-32.80055],[27.39541,-32.80253],[27.41331,-32.80107],[27.41792,-32.80032],[27.421271,-32.796033],[27.42436,-32.80339],[27.45012,-32.81356],[27.45602,-32.79738],[27.4561,-32.78163],[27.46216,-32.77961],[27.46386,-32.7756],[27.46697,-32.77224],[27.4751,-32.77273],[27.47674,-32.76105],[27.48167,-32.75859],[27.48488,-32.75801],[27.48989,-32.75949],[27.49156,-32.75637],[27.49269,-32.75157],[27.49238,-32.74725],[27.49333,-32.74356],[27.50002,-32.73429],[27.50397,-32.72657],[27.51528,-32.71594],[27.53821,-32.72125],[27.55382,-32.72517],[27.53564,-32.73944],[27.53177,-32.74144],[27.5192,-32.74656],[27.52555,-32.76656],[27.53644,-32.79262],[27.54405,-32.79613],[27.54564,-32.79475],[27.55343,-32.79892],[27.55679,-32.80144],[27.55898,-32.80154],[27.56496,-32.79813],[27.56702,-32.79615],[27.56988,-32.79637],[27.57466,-32.79894],[27.57472,-32.8016],[27.5769,-32.80434],[27.58039,-32.80542],[27.57939,-32.80842],[27.58384,-32.81026],[27.58742,-32.81307],[27.58964,-32.81192],[27.59222,-32.80778],[27.59557,-32.80727],[27.59995,-32.80786],[27.60759,-32.81],[27.60826,-32.81278],[27.60442,-32.81629],[27.60425,-32.81894],[27.60779,-32.81896],[27.61142,-32.82077],[27.6136,-32.81997],[27.61336,-32.8172],[27.61638,-32.81535],[27.62141,-32.81775],[27.62121,-32.81968],[27.62553,-32.82061],[27.629505,-32.8231],[27.62914,-32.81935],[27.62593,-32.81531],[27.62697,-32.81278],[27.63438,-32.81727],[27.63962,-32.81353],[27.64776,-32.81188],[27.64903,-32.81609],[27.65135,-32.81902],[27.6508,-32.82163],[27.64711,-32.82188],[27.64559,-32.82444],[27.64726,-32.82573],[27.65251,-32.82665],[27.65524,-32.82795],[27.65445,-32.8334],[27.65191,-32.83709],[27.65214,-32.84002],[27.65618,-32.84111],[27.65878,-32.83988],[27.65696,-32.83744],[27.66446,-32.83693],[27.66552,-32.83576],[27.66164,-32.83348],[27.66265,-32.83116],[27.66605,-32.83063],[27.66828,-32.828545],[27.67417,-32.83435],[27.68828,-32.82094],[27.6928,-32.81742],[27.7043,-32.81553],[27.71589,-32.80857],[27.72047,-32.79988],[27.71577,-32.797345],[27.70775,-32.77829],[27.72733,-32.78393],[27.742375,-32.77768],[27.75277,-32.77874],[27.763038,-32.77835],[27.77721,-32.76604],[27.78178,-32.75777],[27.78741,-32.75922],[27.78453,-32.75362],[27.78216,-32.75247],[27.78269,-32.74894],[27.78723,-32.74906],[27.78856,-32.75244],[27.79074,-32.75209],[27.79158,-32.74692],[27.79521,-32.7475],[27.79577,-32.7541],[27.80289,-32.75721],[27.80377,-32.76405],[27.80513,-32.76439],[27.81491,-32.761],[27.81644,-32.76527],[27.81497,-32.76856],[27.81064,-32.7728],[27.80886,-32.77872],[27.81149,-32.78148],[27.82009,-32.78247],[27.82519,-32.782],[27.82998,-32.78029],[27.83274,-32.78186],[27.83365,-32.78416],[27.83291,-32.78657],[27.82802,-32.78963],[27.82414,-32.79328],[27.82311,-32.79755],[27.8228,-32.80442],[27.82541,-32.80916],[27.82506,-32.81398],[27.82863,-32.81536],[27.832,-32.81262],[27.84174,-32.8077],[27.84766,-32.80197],[27.84549,-32.79807],[27.84463,-32.79427],[27.85041,-32.79153],[27.85547,-32.79561],[27.85526,-32.80237],[27.85706,-32.80257],[27.85839,-32.79743],[27.86036,-32.79741],[27.86453,-32.79424],[27.86444,-32.78628],[27.87717,-32.78711],[27.88291,-32.7855],[27.88594,-32.77416],[27.8904,-32.7723],[27.89371,-32.76964],[27.89686,-32.76575],[27.89989,-32.75653],[27.90543,-32.75826],[27.91564,-32.75324],[27.93212,-32.74442],[27.9498,-32.74002],[27.947166,-32.752056],[27.95037,-32.750669],[27.954522,-32.750924],[27.955894,-32.754445],[27.958814,-32.755959],[27.957178,-32.758339],[27.960257,-32.760414],[27.960036,-32.763072],[27.964649,-32.769352],[27.96498,-32.771677],[27.968627,-32.775213],[27.966342,-32.777095],[27.966484,-32.78109],[27.969761,-32.787754],[27.97235,-32.788782],[27.98108,-32.787358],[27.982641,-32.78855],[27.98485,-32.794351],[27.987653,-32.793039],[27.985105,-32.78737],[27.984871,-32.782729],[27.98565,-32.777196],[27.987411,-32.773427],[27.990524,-32.775997],[27.990351,-32.781527],[27.991462,-32.783075],[27.997459,-32.787538],[27.999327,-32.791125],[27.995648,-32.794675],[27.992827,-32.801242],[27.986063,-32.806522],[27.981613,-32.808777],[27.979001,-32.812303],[27.981285,-32.815025],[27.986425,-32.815706],[27.996648,-32.81499],[28.000253,-32.815299],[28.007424,-32.817555],[28.01141,-32.825001],[28.009625,-32.829943],[28.009162,-32.835999],[28.007574,-32.837957],[28.010031,-32.840144],[28.003251,-32.843501],[27.996651,-32.849064],[27.99146,-32.855562],[27.99787,-32.85837],[27.99791,-32.86218],[28.00751,-32.8644],[28.00718,-32.86943],[28.01347,-32.87319],[28.01824,-32.87689],[28.02289,-32.88242],[28.03483,-32.88051],[28.03483,-32.88505],[28.03688,-32.88727],[28.04115,-32.88686],[28.04198,-32.88311],[28.0457,-32.88196],[28.0506,-32.88404],[28.05208,-32.89082],[28.05581,-32.8926],[28.06497,-32.8917],[28.06743,-32.89391],[28.06457,-32.89856],[28.06556,-32.90454],[28.06785,-32.9061],[28.07179,-32.90627],[28.07553,-32.907795],[28.07768,-32.90438],[28.0811,-32.90246],[28.08549,-32.89748],[28.08958,-32.89629],[28.09164,-32.89264],[28.09352,-32.89153],[28.09615,-32.89307],[28.09707,-32.88971],[28.09909,-32.88844],[28.09855,-32.88604],[28.10089,-32.88454],[28.1005,-32.87928],[28.10251,-32.87714],[28.10765,-32.87354],[28.10815,-32.8661],[28.10916,-32.86329],[28.11328,-32.85951],[28.11606,-32.85856],[28.11756,-32.85644],[28.11745,-32.8537],[28.1213,-32.85179],[28.11924,-32.84961],[28.11943,-32.8449],[28.11694,-32.83893],[28.1162,-32.83477],[28.11758,-32.83006],[28.1286,-32.81748],[28.13537,-32.81139],[28.13918,-32.80726],[28.14484,-32.80454],[28.15294,-32.79795],[28.1561,-32.7959],[28.16654,-32.79082],[28.17855,-32.78629],[28.20074,-32.78101],[28.20687,-32.78043],[28.21013,-32.77889],[28.21782,-32.77714],[28.22217,-32.7752],[28.22929,-32.77389],[28.23652,-32.77027],[28.23917,-32.77046],[28.24149,-32.76787],[28.2455,-32.76542],[28.25039,-32.76574],[28.25781,-32.75968],[28.26538,-32.76001],[28.26897,-32.75891],[28.27614,-32.75234],[28.279,-32.75112],[28.28099,-32.7484],[28.2837,-32.74687],[28.28711,-32.74009],[28.29037,-32.73841],[28.29215,-32.73879],[28.29836,-32.73618],[28.29883,-32.73335],[28.30066,-32.73136],[28.30785,-32.72554],[28.31237,-32.72626],[28.31301,-32.72513],[28.31757,-32.72458],[28.3223,-32.7213],[28.32535,-32.7177],[28.33039,-32.71829],[28.33295,-32.71452],[28.3373,-32.71479],[28.33986,-32.71071],[28.34391,-32.70786],[28.35221,-32.70877],[28.35842,-32.70833],[28.3643,-32.70949],[28.36871,-32.70755],[28.36938,-32.70633],[28.37358,-32.70487],[28.37293,-32.69837],[28.3745,-32.69043],[28.37846,-32.68866],[28.37951,-32.6864],[28.387635,-32.6796],[28.38945,-32.67884],[28.39174,-32.67459],[28.39937,-32.66782],[28.40824,-32.66341],[28.40893,-32.66207],[28.41462,-32.65758],[28.41654,-32.65693],[28.41697,-32.65388],[28.42045,-32.64996],[28.42478,-32.64724],[28.42716,-32.64454],[28.43002,-32.63915],[28.42997,-32.63661],[28.43151,-32.63319],[28.4342,-32.63111],[28.43957,-32.62854],[28.44703,-32.62613],[28.45072,-32.62396],[28.46081,-32.62173],[28.46473,-32.62202],[28.46545,-32.62075],[28.46998,-32.61903],[28.47262,-32.61997],[28.47552,-32.61637],[28.47991,-32.61398],[28.48509,-32.60914],[28.49651,-32.60612],[28.50096,-32.6045],[28.50406,-32.60545],[28.509,-32.60449],[28.51173,-32.60319],[28.51854,-32.59819],[28.52503,-32.59025],[28.52622,-32.58639],[28.52565,-32.58411],[28.52755,-32.5816],[28.5317,-32.57885],[28.53918,-32.57514],[28.55159,-32.57262],[28.55192,-32.56896],[28.55422,-32.56216],[28.555566,-32.561143],[28.55332,-32.55671],[28.55544,-32.55202],[28.55786,-32.54956],[28.56411,-32.54615],[28.5674,-32.54498],[28.57186,-32.54186],[28.57657,-32.53656],[28.57871,-32.53061],[28.58143,-32.52722],[28.58245,-32.52307],[28.58595,-32.52101],[28.5887,-32.52072],[28.59075,-32.51876],[28.59614,-32.51914],[28.60089,-32.51623],[28.60283,-32.51269],[28.60235,-32.50799],[28.60359,-32.50282],[28.60695,-32.49911],[28.61013,-32.49861],[28.61321,-32.49427],[28.61589,-32.4926],[28.62246,-32.49137],[28.6276,-32.4895],[28.6337,-32.48568],[28.63607,-32.48575],[28.63706,-32.48347],[28.64519,-32.48086],[28.64999,-32.48373],[28.65274,-32.48056],[28.65252,-32.47791],[28.65576,-32.47629],[28.65696,-32.47177],[28.65466,-32.46957],[28.65392,-32.4668],[28.65592,-32.46488],[28.656399,-32.461993],[28.65935,-32.45802],[28.66568,-32.45298],[28.66831,-32.4525],[28.67049,-32.44866],[28.675563,-32.448588],[28.68022,-32.44418],[28.68576,-32.44121],[28.68495,-32.43644],[28.69164,-32.43371],[28.69248,-32.42972],[28.6961,-32.42976],[28.70206,-32.42569],[28.70506,-32.42597],[28.70758,-32.42204],[28.7082,-32.41821],[28.71056,-32.41497],[28.71342,-32.41373],[28.72448,-32.40502],[28.7241,-32.40251],[28.72879,-32.40144],[28.73396,-32.39933],[28.74009,-32.39785],[28.74483,-32.39539],[28.7467,-32.3932],[28.74815,-32.38536],[28.75001,-32.38482],[28.75196,-32.37947],[28.75101,-32.3759],[28.75194,-32.37429],[28.75786,-32.37079],[28.75952,-32.3707],[28.76378,-32.36509],[28.76585,-32.36491],[28.77257,-32.36059],[28.77678,-32.35464],[28.77841,-32.3494],[28.78504,-32.34446],[28.78489,-32.34271],[28.790059,-32.339051],[28.79193,-32.34104],[28.79408,-32.34092],[28.8,-32.33829],[28.8082,-32.33267],[28.81063,-32.33265],[28.81619,-32.32823],[28.81739,-32.32037],[28.82316,-32.31834],[28.83058,-32.3082],[28.83174,-32.30548],[28.83665,-32.3048],[28.83867,-32.30134],[28.84217,-32.29991],[28.8463,-32.30068],[28.85073,-32.30051],[28.85541,-32.29842],[28.85809,-32.29289],[28.85986,-32.291],[28.86595,-32.28774],[28.87249,-32.28543],[28.87359,-32.28355],[28.88242,-32.27985],[28.88361,-32.27824],[28.88253,-32.27311],[28.88508,-32.26917],[28.8905,-32.26495],[28.8912,-32.26349],[28.89699,-32.25712],[28.89599,-32.25482],[28.89827,-32.25154],[28.89701,-32.24687],[28.90006,-32.24481],[28.90194,-32.24662],[28.90944,-32.24569],[28.91277,-32.24404],[28.91376,-32.24215],[28.91915,-32.24133],[28.92125,-32.24],[28.92046,-32.23585],[28.92476,-32.23103],[28.92741,-32.23002],[28.92778,-32.22672],[28.93695,-32.22245],[28.93845,-32.22065],[28.9433,-32.21842],[28.94334,-32.214],[28.94608,-32.21374],[28.94692,-32.21095],[28.94987,-32.20939],[28.94644,-32.20482],[28.94996,-32.20073],[28.95019,-32.19902],[28.95448,-32.19523],[28.959,-32.19407],[28.96106,-32.19194],[28.96185,-32.18708],[28.96769,-32.18477],[28.97135,-32.1812],[28.97606,-32.1793],[28.97392,-32.17617],[28.97989,-32.17518],[28.98198,-32.17193],[28.98656,-32.17076],[28.99294,-32.16545],[28.99715,-32.15948],[28.99504,-32.15801],[28.99825,-32.15359],[29.00192,-32.15067],[29.00622,-32.14886],[29.01027,-32.14306],[29.00858,-32.14009],[29.01017,-32.13359],[29.0126,-32.13021],[29.01887,-32.12562],[29.02127,-32.12272],[29.02137,-32.12078],[29.02704,-32.12058],[29.02935,-32.11861],[29.0324,-32.11763],[29.0321,-32.11532],[29.03579,-32.11591],[29.03841,-32.11449],[29.04187,-32.11084],[29.04584,-32.10816],[29.04614,-32.10683],[29.05074,-32.10334],[29.05405,-32.10266],[29.05606,-32.10346],[29.06126,-32.10197],[29.06251,-32.10076],[29.06201,-32.09782],[29.06488,-32.09629],[29.06757,-32.0982],[29.07014,-32.0947],[29.06957,-32.09177],[29.0677,-32.08896],[29.07561,-32.08263],[29.07591,-32.0806],[29.08,-32.08059],[29.08677,-32.07924],[29.08901,-32.07699],[29.08688,-32.0751],[29.08868,-32.07232],[29.08676,-32.0667],[29.08754,-32.06399],[29.09143,-32.06354],[29.09341,-32.05935],[29.09213,-32.05628],[29.09481,-32.05508],[29.09248,-32.05192],[29.089,-32.05136],[29.08569,-32.05203],[29.08629,-32.047425],[29.08365,-32.04578],[29.0778,-32.04701],[29.07434,-32.04976],[29.067701,-32.04876],[29.07348,-32.04304],[29.07284,-32.04058],[29.0683,-32.03811],[29.06575,-32.03526],[29.06399,-32.0349],[29.05642,-32.03712],[29.05279,-32.03731],[29.04832,-32.03953],[29.04321,-32.03947],[29.042438,-32.042055],[29.03727,-32.04056],[29.0396,-32.03567],[29.03938,-32.03394],[29.03301,-32.0295],[29.03049,-32.02136],[29.0252,-32.01717],[29.02466,-32.01495],[29.01989,-32.01419],[29.01543,-32.01534],[29.01203,-32.01196],[29.01111,-32.00744],[29.00223,-32.00063],[28.99921,-32.00019],[28.99677,-31.99645],[28.99363,-31.9959],[28.99159,-31.99367],[28.991,-31.99071],[28.98527,-31.99024],[28.98157,-31.98667],[28.98124,-31.98449],[28.97392,-31.9859],[28.96915,-31.98786],[28.96376,-31.97841],[28.95925,-31.97864],[28.95971,-31.97207],[28.95613,-31.96516],[28.95496,-31.96448],[28.94941,-31.96478],[28.95044,-31.9603],[28.94799,-31.95858],[28.94377,-31.96062],[28.94226,-31.96007],[28.94048,-31.95599],[28.9418,-31.95387],[28.93521,-31.95202],[28.93329,-31.94803],[28.93137,-31.94941],[28.92838,-31.94762],[28.9264,-31.94793],[28.92587,-31.94462],[28.92194,-31.945],[28.91957,-31.94725],[28.9175,-31.95181],[28.91276,-31.95048],[28.90982,-31.95315],[28.90561,-31.95332],[28.90337,-31.95135],[28.89929,-31.95159],[28.89248,-31.95296],[28.89006,-31.95416],[28.88735,-31.95367],[28.88559,-31.957],[28.88533,-31.96261],[28.8824,-31.96406],[28.88107,-31.9661],[28.87641,-31.96575],[28.87469,-31.962935],[28.86752,-31.96029],[28.86449,-31.96317],[28.86341,-31.96557],[28.8608,-31.9659],[28.85563,-31.97041],[28.85415,-31.97616],[28.84825,-31.97634],[28.84761,-31.98027],[28.85369,-31.98179],[28.85334,-31.98348],[28.85047,-31.98574],[28.84754,-31.98539],[28.84549,-31.98359],[28.84265,-31.98307],[28.84264,-31.9889],[28.83871,-31.9896],[28.83785,-31.98472],[28.83374,-31.98655],[28.83297,-31.98977],[28.83324,-31.99345],[28.82831,-31.99486],[28.83011,-31.99663],[28.83948,-31.99746],[28.84083,-32.00148],[28.83695,-32.00114],[28.83095,-31.99737],[28.829,-31.99965],[28.82712,-32.00643],[28.82458,-32.00016],[28.82066,-32.00254],[28.81931,-32.00586],[28.81455,-32.00119],[28.81178,-32.00438],[28.80951,-32.00429],[28.80873,-31.99942],[28.80528,-32.00011],[28.80296,-32.00316],[28.80368,-32.00654],[28.8086,-32.01351],[28.80705,-32.01512],[28.80252,-32.01401],[28.79572,-32.01097],[28.79294,-32.01135],[28.78886,-32.01031],[28.78626,-32.01186],[28.78627,-32.01397],[28.7946,-32.01598],[28.79723,-32.01896],[28.80145,-32.02001],[28.80004,-32.0237],[28.79664,-32.02795],[28.79096,-32.03242],[28.78787,-32.03643],[28.7879,-32.04019],[28.79013,-32.04342],[28.7822,-32.046],[28.78022,-32.04583],[28.77402,-32.0427],[28.76415,-32.04291],[28.75986,-32.04167],[28.75541,-32.03686],[28.75321,-32.03567],[28.74966,-32.03549],[28.74489,-32.03062],[28.74551,-32.02949],[28.74618,-32.02173],[28.74244,-32.01997],[28.73719,-32.01645],[28.73709,-32.0143],[28.73356,-32.00895],[28.72924,-32.01138],[28.72022,-32.00989],[28.71746,-32.00632],[28.71277,-32.00766],[28.70963,-32.00408],[28.70912,-31.99728],[28.70367,-31.9968],[28.69838,-31.99503],[28.70489,-31.99012],[28.70631,-31.98647],[28.70494,-31.98298],[28.70275,-31.98143],[28.69894,-31.98362],[28.69229,-31.98627],[28.69579,-31.98102],[28.69788,-31.97544],[28.69721,-31.9678],[28.69506,-31.96439],[28.69996,-31.96193],[28.69842,-31.95906],[28.69509,-31.95878],[28.69186,-31.96013],[28.68541,-31.95704],[28.6795,-31.95633],[28.67816,-31.95748],[28.67353,-31.95821],[28.66794,-31.96098],[28.66605,-31.96381],[28.66292,-31.96579],[28.661,-31.97015],[28.66287,-31.97872],[28.67431,-31.9781],[28.67765,-31.97869],[28.6765,-31.98071],[28.67116,-31.98475],[28.66876,-31.98734],[28.66496,-31.98784],[28.66139,-31.98989],[28.65794,-31.99375],[28.66291,-31.99716],[28.66458,-31.99547],[28.67133,-31.99494],[28.67407,-31.9969],[28.67835,-31.99805],[28.67763,-32.00002],[28.66958,-32.00344],[28.66785,-32.0033],[28.66468,-32.00727],[28.6611,-32.00916],[28.6576,-32.01279],[28.65339,-32.01477],[28.65248,-32.01722],[28.64773,-32.01879],[28.64371,-32.024355],[28.63521,-32.01952],[28.63023,-32.01811],[28.62569,-32.01855],[28.62095,-32.02005],[28.61322,-32.01936],[28.6042,-32.01532],[28.59894,-32.01087],[28.59885,-32.00673],[28.60219,-32.00316],[28.60777,-32.00143],[28.61288,-32.00219],[28.61837,-32.00456],[28.62235,-32.0049],[28.62628,-32.00375],[28.62792,-32.00191],[28.62798,-31.99845],[28.62636,-31.99512],[28.62244,-31.99322],[28.61733,-31.99408],[28.61341,-31.99701],[28.60823,-31.99939],[28.60405,-31.99865],[28.60161,-31.9964],[28.60159,-31.99295],[28.60472,-31.99198],[28.60948,-31.99333],[28.61114,-31.9924],[28.61304,-31.9873],[28.61195,-31.98426],[28.6061,-31.97813],[28.59782,-31.97173],[28.59395,-31.96983],[28.586,-31.96736],[28.58118,-31.96831],[28.57901,-31.97092],[28.58055,-31.97542],[28.58568,-31.98132],[28.59046,-31.98809],[28.59152,-31.99182],[28.5913,-31.99731],[28.58893,-32.00018],[28.58652,-32.00096],[28.58205,-32.00022],[28.57844,-31.998],[28.57513,-31.99471],[28.57047,-31.98772],[28.56478,-31.98232],[28.55838,-31.97929],[28.55493,-31.97991],[28.55175,-31.98799],[28.54942,-31.99143],[28.54439,-31.99429],[28.53789,-31.99454],[28.53105,-31.99547],[28.52375,-31.99367],[28.51957,-31.99005],[28.51885,-31.98836],[28.51919,-31.98328],[28.52266,-31.9799],[28.52925,-31.97975],[28.53509,-31.98209],[28.54207,-31.98853],[28.5451,-31.98827],[28.54648,-31.98489],[28.54462,-31.98105],[28.5413,-31.97613],[28.53777,-31.96917],[28.53613,-31.96399],[28.53166,-31.95764],[28.52675,-31.95557],[28.5232,-31.95574],[28.52141,-31.95725],[28.52108,-31.96135],[28.52493,-31.96448],[28.52901,-31.96512],[28.53098,-31.96834],[28.52876,-31.97181],[28.52258,-31.9733],[28.51307,-31.97282],[28.50784,-31.97218],[28.49353,-31.96909],[28.48997,-31.96908],[28.48619,-31.97263],[28.4822,-31.97404],[28.47331,-31.97454],[28.4695,-31.97424],[28.46652,-31.9721],[28.46519,-31.96782],[28.46962,-31.96106],[28.47267,-31.95893],[28.47309,-31.95715],[28.47719,-31.95351],[28.48065,-31.95201],[28.48756,-31.95106],[28.49822,-31.95288],[28.50417,-31.95505],[28.50856,-31.95399],[28.51025,-31.95204],[28.511535,-31.947582],[28.51303,-31.93948],[28.51546,-31.93414],[28.51151,-31.93145],[28.50733,-31.93009],[28.50409,-31.92999],[28.49927,-31.9314],[28.49403,-31.93486],[28.48984,-31.93511],[28.48284,-31.93428],[28.47675,-31.93496],[28.47131,-31.93365],[28.46783,-31.92922],[28.46757,-31.92482],[28.46895,-31.92297],[28.47724,-31.91877],[28.47837,-31.91691],[28.47801,-31.91351],[28.47533,-31.90974],[28.46917,-31.91081],[28.46663,-31.91406],[28.464,-31.92143],[28.46056,-31.92495],[28.45835,-31.92481],[28.45582,-31.92276],[28.44729,-31.91954],[28.44423,-31.91771],[28.44205,-31.91426],[28.44025,-31.90818],[28.44258,-31.89771],[28.44148,-31.89629],[28.43558,-31.89373],[28.42946,-31.89203],[28.42628,-31.88899],[28.42609,-31.88741],[28.4294,-31.87971],[28.42961,-31.87546],[28.42745,-31.87023],[28.4242,-31.86892],[28.4199,-31.87079],[28.41429,-31.87659],[28.40816,-31.87923],[28.40542,-31.87706],[28.406,-31.8734],[28.40764,-31.87146],[28.41522,-31.86902],[28.41801,-31.86509],[28.41779,-31.86206],[28.41477,-31.85922],[28.40975,-31.85628],[28.40385,-31.85124],[28.40115,-31.84995],[28.39513,-31.85044],[28.39199,-31.85206],[28.38759,-31.85822],[28.38441,-31.85969],[28.38011,-31.85734],[28.37861,-31.8552],[28.37892,-31.85188],[28.38527,-31.84497],[28.38653,-31.84002],[28.38561,-31.8379],[28.38254,-31.83568],[28.37007,-31.8349],[28.36754,-31.83672],[28.36686,-31.83982],[28.36871,-31.8446],[28.36609,-31.84724],[28.36299,-31.84541],[28.36096,-31.84238],[28.35669,-31.8324],[28.35197,-31.82865],[28.34705,-31.82747],[28.33908,-31.82805],[28.3341,-31.8305],[28.32738,-31.82823],[28.32633,-31.83402],[28.32764,-31.83774],[28.32524,-31.83892],[28.31645,-31.84034],[28.31414,-31.84461],[28.31424,-31.84642],[28.31127,-31.84826],[28.30422,-31.8448],[28.30186,-31.84031],[28.30619,-31.83506],[28.30722,-31.83126],[28.30535,-31.82825],[28.3013,-31.82528],[28.29508,-31.81959],[28.29356,-31.81078],[28.28992,-31.80653],[28.28686,-31.80542],[28.28518,-31.80669],[28.28393,-31.80992],[28.28288,-31.8169],[28.28081,-31.8176],[28.27793,-31.81516],[28.28064,-31.81076],[28.27844,-31.80028],[28.27375,-31.80206],[28.26809,-31.80217],[28.26655,-31.80059],[28.26625,-31.79612],[28.27013,-31.7912],[28.270746,-31.787112],[28.26333,-31.79132],[28.25194,-31.79561],[28.24997,-31.79799],[28.248895,-31.80773],[28.24236,-31.82111],[28.23497,-31.83717],[28.23553,-31.8478],[28.23935,-31.85429],[28.23572,-31.85485],[28.24047,-31.86124],[28.23749,-31.86153],[28.23154,-31.85772],[28.22942,-31.85534],[28.22579,-31.85721],[28.22446,-31.86093],[28.22583,-31.86577],[28.22907,-31.86835],[28.23313,-31.86767],[28.23618,-31.86935],[28.22214,-31.89595],[28.22155,-31.90061],[28.21735,-31.90937],[28.22108,-31.91048],[28.22022,-31.91332],[28.21267,-31.92034],[28.2096,-31.92832],[28.20888,-31.94565],[28.19468,-31.96641],[28.1933,-31.96465],[28.19222,-31.96055],[28.18732,-31.96509],[28.1832,-31.96624],[28.1831,-31.96068],[28.18507,-31.95644],[28.17325,-31.94956],[28.169879,-31.948014],[28.16899,-31.952282],[28.17246,-31.955595],[28.179199,-31.958605],[28.179589,-31.96039],[28.178862,-31.967477],[28.167984,-31.970347],[28.166569,-31.970042],[28.157853,-31.97413],[28.151335,-31.9792],[28.146437,-31.981417],[28.141396,-31.982635],[28.13212,-31.989111],[28.13208,-31.990437],[28.128437,-31.995106],[28.125137,-31.996937],[28.120512,-31.996262],[28.108109,-31.999456],[28.103666,-32.004086],[28.079292,-32.010666],[28.070303,-32.014038],[28.063988,-32.017303],[28.062998,-32.018776],[28.057434,-32.023003],[28.055561,-32.025143],[28.053099,-32.033115],[28.046383,-32.040821],[28.044806,-32.040314],[28.035681,-32.042988],[28.032524,-32.042213],[28.030704,-32.040421],[28.026451,-32.039803],[28.024765,-32.041302],[28.020113,-32.042],[28.018849,-32.043181],[28.01674,-32.0424],[28.01475,-32.03791],[28.010034,-32.036392],[28.0071,-32.03887],[27.99967,-32.04053],[27.96648,-32.06274],[27.96029,-32.07058],[27.95432,-32.07683],[27.9502,-32.08189],[27.93425,-32.07353],[27.92871,-32.07475],[27.9242,-32.07119],[27.91345,-32.06653],[27.90803,-32.06601],[27.905869,-32.064217],[27.9046,-32.06072],[27.90204,-32.05911],[27.89623,-32.05836],[27.89342,-32.05557],[27.88911,-32.04975],[27.88632,-32.04912],[27.88309,-32.05029],[27.88109,-32.05359],[27.87663,-32.05617],[27.886889,-32.058363],[27.88449,-32.06147],[27.88139,-32.06752],[27.88103,-32.07152],[27.87806,-32.07128],[27.87692,-32.07357],[27.87344,-32.07387],[27.86888,-32.07581],[27.86557,-32.07559],[27.86382,-32.07719],[27.864881,-32.081358],[27.87108,-32.08424],[27.88495,-32.10413],[27.88632,-32.10929],[27.8857,-32.11143],[27.89026,-32.11645],[27.89372,-32.12153],[27.89546,-32.12283],[27.88907,-32.12583],[27.88662,-32.12801],[27.88409,-32.12753],[27.87969,-32.12894],[27.87599,-32.1282],[27.87144,-32.12958],[27.86457,-32.13062],[27.860878,-32.132523],[27.854428,-32.130767],[27.84972,-32.12676],[27.82886,-32.11822],[27.83505,-32.11581],[27.84127,-32.11138],[27.83915,-32.10865],[27.83707,-32.10134],[27.83314,-32.09321],[27.83082,-32.09306],[27.81531,-32.08936],[27.809527,-32.079522],[27.80276,-32.08077],[27.79682,-32.07945],[27.7918,-32.07959],[27.78477,-32.08077],[27.78188,-32.08365],[27.78472,-32.08649],[27.78684,-32.08676],[27.79234,-32.08942],[27.78913,-32.09267],[27.78834,-32.09621],[27.79222,-32.09991],[27.79213,-32.10244],[27.78756,-32.1046],[27.78475,-32.10345],[27.779,-32.10252],[27.77689,-32.10306],[27.77464,-32.10566],[27.77519,-32.10948],[27.78193,-32.11485],[27.78482,-32.1214],[27.78021,-32.12862],[27.77879,-32.13343],[27.78251,-32.13532],[27.78725,-32.13266],[27.79277,-32.133],[27.79663,-32.13661],[27.81193,-32.14584],[27.81654,-32.14717],[27.82032,-32.14474],[27.8229,-32.13999],[27.82584,-32.14022],[27.82815,-32.14343],[27.82752,-32.14455],[27.82897,-32.1493],[27.82874,-32.15199],[27.82627,-32.15684],[27.82269,-32.15947],[27.81936,-32.16303],[27.81409,-32.16372],[27.80821,-32.16194],[27.80439,-32.16141],[27.80048,-32.16338],[27.80714,-32.17024],[27.80983,-32.17689],[27.81239,-32.18022],[27.81277,-32.18324],[27.80809,-32.1875],[27.80327,-32.19],[27.8028,-32.19124],[27.79467,-32.20034],[27.79292,-32.20575],[27.79491,-32.20694],[27.79424,-32.21038],[27.79197,-32.2119],[27.78767,-32.21706],[27.78875,-32.22088],[27.79522,-32.2243],[27.79643,-32.22738],[27.78693,-32.22615],[27.78353,-32.22378],[27.78039,-32.21703],[27.77231,-32.21435],[27.77103,-32.2152],[27.76037,-32.21125],[27.75891,-32.21234],[27.758,-32.21609],[27.758,-32.22062],[27.75895,-32.22268],[27.76338,-32.22451],[27.76833,-32.22751],[27.7716,-32.2366],[27.77372,-32.23801],[27.78121,-32.23976],[27.78417,-32.24176],[27.78579,-32.24763],[27.78412,-32.25106],[27.77997,-32.25388],[27.77214,-32.25596],[27.76502,-32.25881],[27.76396,-32.26071],[27.76452,-32.26604],[27.76793,-32.26987],[27.77455,-32.27114],[27.78082,-32.2704],[27.78414,-32.2711],[27.78599,-32.27389],[27.7818,-32.27553],[27.76968,-32.27556],[27.76715,-32.2763],[27.76417,-32.27964],[27.76335,-32.28673],[27.76598,-32.294],[27.7682,-32.29858],[27.76763,-32.30171],[27.76508,-32.30699],[27.76616,-32.30926],[27.76923,-32.30886],[27.77378,-32.30583],[27.78147,-32.30823],[27.78264,-32.31237],[27.78138,-32.31494],[27.77828,-32.31751],[27.77085,-32.31807],[27.76808,-32.31879],[27.76773,-32.32439],[27.76923,-32.32825],[27.76554,-32.32754],[27.75883,-32.33197],[27.756959,-32.326812],[27.75468,-32.32288],[27.7543,-32.318954],[27.751783,-32.31338],[27.747774,-32.310477],[27.742212,-32.311881],[27.741046,-32.314397],[27.742331,-32.317478],[27.741522,-32.322535],[27.7369,-32.326241],[27.731891,-32.327633],[27.727287,-32.330684],[27.723379,-32.331482],[27.714176,-32.330435],[27.709548,-32.329406],[27.705318,-32.324403],[27.70608,-32.311042],[27.707252,-32.308764],[27.707502,-32.303481],[27.706169,-32.298681],[27.702606,-32.295831],[27.701737,-32.290805],[27.705925,-32.289698],[27.715848,-32.283048],[27.716734,-32.279413],[27.715604,-32.276106],[27.712403,-32.274577],[27.707692,-32.270026],[27.706008,-32.269485],[27.703082,-32.265731],[27.697835,-32.264333],[27.696044,-32.266903],[27.695616,-32.275981],[27.693808,-32.279942],[27.69423,-32.282381],[27.692761,-32.287735],[27.693504,-32.294261],[27.69072,-32.301655],[27.685771,-32.304487],[27.683136,-32.30438],[27.677764,-32.302375],[27.674576,-32.300198],[27.67363,-32.293101],[27.674213,-32.288788],[27.677586,-32.283631],[27.683433,-32.277426],[27.685611,-32.276397],[27.686634,-32.270597],[27.685176,-32.267367],[27.680941,-32.265493],[27.678026,-32.266719],[27.67385,-32.270091],[27.671673,-32.273131],[27.665849,-32.276058],[27.661846,-32.279252],[27.647527,-32.284303],[27.645189,-32.282804],[27.643708,-32.278592],[27.647527,-32.26836],[27.64786,-32.261448],[27.646314,-32.254494],[27.646564,-32.250342],[27.64507,-32.243787],[27.641852,-32.237885],[27.63864,-32.236089],[27.634756,-32.236601],[27.631983,-32.249349],[27.631044,-32.250324],[27.625696,-32.250693],[27.614262,-32.249426],[27.611122,-32.249586],[27.605661,-32.252329],[27.599034,-32.249902],[27.595822,-32.245428],[27.593603,-32.238349],[27.598171,-32.230099],[27.59904,-32.225393],[27.600194,-32.223525],[27.60105,-32.217214],[27.600688,-32.213454],[27.597588,-32.208725],[27.590617,-32.203425],[27.579433,-32.197601],[27.57217,-32.190504],[27.565478,-32.191248],[27.563711,-32.193027],[27.5631,-32.1995],[27.56419,-32.2062],[27.55985,-32.20768],[27.5523,-32.20074],[27.54884,-32.19896],[27.54231,-32.19743],[27.53509,-32.19748],[27.5331,-32.1986],[27.5247,-32.20042],[27.52115,-32.20232],[27.51924,-32.20634],[27.51986,-32.21283],[27.52461,-32.21818],[27.52763,-32.22277],[27.52872,-32.22835],[27.52842,-32.2326],[27.52677,-32.23548],[27.52433,-32.23711],[27.51868,-32.23826],[27.512,-32.23699],[27.50957,-32.23535],[27.50788,-32.23075],[27.50635,-32.23463],[27.48576,-32.25258],[27.49249,-32.26477],[27.48555,-32.27929],[27.49013,-32.29027],[27.49212,-32.30663],[27.47827,-32.32164],[27.47474,-32.326315],[27.46076,-32.33411],[27.44131,-32.33438],[27.4422,-32.33602],[27.44541,-32.33749],[27.44903,-32.34064],[27.45125,-32.34531],[27.45185,-32.34826],[27.45135,-32.35221],[27.44634,-32.35634],[27.44113,-32.35877],[27.43155,-32.35627],[27.41379,-32.33848],[27.411,-32.35494],[27.38688,-32.35883],[27.36625,-32.35105],[27.3706,-32.34012],[27.36558,-32.33053],[27.34778,-32.31173],[27.33652,-32.32058],[27.33268,-32.3143],[27.32936,-32.31598],[27.32645,-32.31604],[27.32317,-32.31473],[27.32273,-32.31232],[27.32485,-32.30983],[27.31967,-32.30059],[27.30419,-32.29531],[27.30491,-32.29216],[27.30253,-32.28846],[27.29247,-32.28934],[27.28849,-32.2852],[27.28581,-32.28111],[27.27737,-32.27435],[27.27417,-32.26983],[27.26095,-32.27619],[27.24362,-32.28194],[27.2131,-32.26895],[27.20586,-32.26613],[27.20503,-32.26502],[27.19837,-32.24938],[27.18438,-32.25275],[27.1851,-32.25114],[27.18063,-32.23314],[27.16431,-32.23084],[27.16073,-32.2385],[27.11989,-32.23869],[27.11952,-32.23752],[27.12329,-32.23172],[27.12435,-32.22875],[27.09159,-32.22093],[27.08985,-32.22258],[27.08206,-32.22454],[27.07951,-32.22597],[27.07215,-32.22814],[27.06754,-32.22751],[27.0612,-32.22957],[27.05723,-32.23307],[27.05405,-32.23248],[27.05126,-32.23544],[27.04933,-32.21971],[27.01092,-32.2225],[26.97945,-32.20638],[26.97018,-32.19384],[26.96625,-32.19231],[26.96341,-32.19403],[26.9627,-32.19936],[26.95814,-32.2039],[26.95949,-32.20521],[26.95102,-32.21201],[26.93364,-32.22662],[26.9251,-32.23879],[26.90021,-32.25145],[26.89296,-32.27161],[26.86941,-32.26959],[26.85658,-32.25951],[26.85408,-32.25098],[26.85112,-32.24687],[26.84654,-32.24635],[26.84321,-32.24822],[26.84232,-32.25218],[26.84394,-32.25738],[26.84368,-32.26331],[26.84607,-32.26498],[26.84815,-32.26165],[26.8506,-32.26279],[26.85112,-32.26648],[26.84805,-32.2668],[26.84493,-32.27039],[26.84175,-32.27034],[26.83972,-32.27184],[26.83274,-32.27151],[26.8299,-32.28856],[26.81215,-32.29584],[26.81198,-32.30913],[26.82826,-32.32038],[26.82819,-32.32278],[26.82987,-32.32448],[26.82428,-32.32572],[26.81937,-32.32922],[26.817,-32.32896],[26.8136,-32.33082],[26.81175,-32.33581],[26.80872,-32.33383],[26.80552,-32.33406],[26.80248,-32.33588],[26.80188,-32.33755],[26.79643,-32.33862],[26.79344,-32.34001],[26.78627,-32.33646],[26.78542,-32.33499],[26.78198,-32.33549],[26.77578,-32.33328],[26.77333,-32.33453],[26.77151,-32.33833],[26.75866,-32.33621],[26.75401,-32.33603],[26.74297,-32.33703],[26.73626,-32.32739],[26.71176,-32.34002],[26.71106,-32.34448],[26.71514,-32.34941],[26.72085,-32.35963],[26.72876,-32.362634],[26.731978,-32.375986],[26.735073,-32.390806],[26.732325,-32.397147],[26.726058,-32.39868],[26.722107,-32.405307],[26.704505,-32.418045],[26.67188,-32.41554],[26.66245,-32.42793],[26.65311,-32.42173],[26.64863,-32.42354],[26.63809,-32.4191],[26.62814,-32.41193],[26.60825,-32.40425],[26.601105,-32.39726],[26.58771,-32.39651],[26.58039,-32.38711],[26.56675,-32.40188],[26.53924,-32.385965],[26.53929,-32.376395],[26.53797,-32.3756],[26.53369,-32.36018],[26.51556,-32.35456],[26.49801,-32.35951],[26.47408,-32.35708],[26.45821,-32.36079],[26.43079,-32.35468],[26.42531,-32.35415],[26.42411,-32.35565],[26.40457,-32.36331],[26.40447,-32.36395],[26.37092,-32.35696],[26.34672,-32.36785],[26.30962,-32.37601],[26.28929,-32.37008],[26.23512,-32.35396],[26.18653,-32.36878],[26.20252,-32.33127],[26.19556,-32.31208],[26.19455,-32.30365],[26.18928,-32.28968],[26.19133,-32.28523],[26.15539,-32.27544],[26.141285,-32.271745],[26.12974,-32.27499],[26.13048,-32.28224],[26.11945,-32.29844],[26.08589,-32.31446],[26.08164,-32.31788],[26.07437,-32.31567],[26.05204,-32.31229],[26.047102,-32.316807],[26.047475,-32.322866],[26.032643,-32.326566],[25.996228,-32.354471],[25.971228,-32.354801],[25.95107,-32.364047],[25.949199,-32.376566],[25.94054,-32.383268],[25.93927,-32.40606],[25.89936,-32.43293],[25.90512,-32.44888],[25.9078,-32.45735],[25.89398,-32.47769],[25.88731,-32.4868],[25.93427,-32.47606],[25.92999,-32.49462],[25.93595,-32.5209],[25.93983,-32.53872],[25.95475,-32.54891],[25.95945,-32.55181],[25.97663,-32.54587],[26.01488,-32.54629],[26.02662,-32.54662],[26.0283,-32.54003],[26.0467,-32.5426],[26.08084,-32.54658],[26.08961,-32.55864],[26.09536,-32.55859],[26.09414,-32.56491],[26.11114,-32.57112],[26.12127,-32.58024],[26.127175,-32.59544],[26.12138,-32.5968],[26.1189,-32.5982],[26.1139,-32.60541],[26.10527,-32.61209],[26.09721,-32.6169],[26.09407,-32.62462],[26.0803,-32.62967],[26.07408,-32.63827],[26.04762,-32.6328],[26.04434,-32.64426],[26.04722,-32.65427],[26.03756,-32.65852],[26.02676,-32.67012],[26.06398,-32.6856],[26.05835,-32.69902],[26.04759,-32.72567],[26.04229,-32.73923],[26.03204,-32.76401],[26.04619,-32.77832],[26.04901,-32.78082],[26.06596,-32.78693],[26.09513,-32.76434],[26.10937,-32.76503],[26.10911,-32.76949],[26.12681,-32.7678],[26.17951,-32.76344],[26.20515,-32.74946],[26.20567,-32.75154],[26.20812,-32.76958],[26.24041,-32.79296],[26.24733,-32.81023],[26.24574,-32.81524],[26.22648,-32.81382],[26.20906,-32.81279],[26.19005,-32.81223],[26.17941,-32.82574],[26.16564,-32.8444],[26.16775,-32.84715],[26.16882,-32.85121],[26.16832,-32.85503],[26.17036,-32.85631],[26.17426,-32.85591],[26.17637,-32.85429],[26.17647,-32.84827],[26.17795,-32.84535],[26.18043,-32.84463],[26.18422,-32.85127],[26.18665,-32.85829],[26.18688,-32.86261],[26.18585,-32.86447],[26.18207,-32.8673],[26.18323,-32.86932],[26.1892,-32.8685],[26.19438,-32.86509],[26.19553,-32.86013],[26.19674,-32.85159],[26.2004,-32.85061],[26.20714,-32.85873],[26.20864,-32.86199],[26.21248,-32.86267],[26.21629,-32.85951],[26.2236,-32.85713],[26.22649,-32.85993],[26.22588,-32.86559],[26.22253,-32.86988],[26.2186,-32.87608],[26.2194,-32.87816],[26.22457,-32.87784],[26.22957,-32.87544],[26.2348,-32.87112],[26.23614,-32.8712],[26.24126,-32.87642],[26.24101,-32.87924],[26.24265,-32.88162],[26.2467,-32.88458],[26.2503,-32.88572],[26.25278,-32.8854],[26.25525,-32.88758],[26.26079,-32.89084],[26.26324,-32.88884],[26.26255,-32.88034],[26.26528,-32.87828],[26.27094,-32.87812],[26.27551,-32.88142],[26.27884,-32.88604],[26.27894,-32.88788],[26.28188,-32.89332],[26.28438,-32.89632],[26.28508,-32.89919],[26.2801,-32.91634],[26.27494,-32.93698],[26.29896,-32.93213],[26.32161,-32.93522],[26.35863,-32.93447],[26.36266,-32.96354],[26.388072,-32.973389],[26.41722,-32.95758],[26.43634,-32.94746],[26.43955,-32.9444],[26.44465,-32.94605],[26.44691,-32.94832],[26.45134,-32.96168],[26.455,-32.96444],[26.45892,-32.96407],[26.46224,-32.9622],[26.46336,-32.95956],[26.46238,-32.95701],[26.46289,-32.95239],[26.46491,-32.95013],[26.46819,-32.95115],[26.47047,-32.95509],[26.47063,-32.96005],[26.4699,-32.96192],[26.46997,-32.96771],[26.47223,-32.97248],[26.47518,-32.97617],[26.47732,-32.97654],[26.48066,-32.97952],[26.485,-32.98182],[26.4913,-32.98115],[26.49467,-32.97859],[26.4964,-32.97237],[26.49542,-32.96774],[26.49352,-32.96469],[26.49434,-32.96008],[26.4943,-32.95402],[26.49746,-32.9488],[26.50211,-32.94636],[26.5055,-32.94371],[26.5128,-32.94262],[26.51841,-32.94677],[26.52013,-32.9533],[26.52033,-32.95656],[26.52175,-32.96005],[26.52339,-32.96087],[26.52325,-32.97068],[26.51693,-32.9802],[26.51583,-32.98588],[26.51606,-32.9886],[26.52069,-32.99226],[26.52488,-32.99142],[26.5289,-32.98935],[26.53134,-32.98566],[26.53614,-32.981],[26.5415,-32.97905],[26.54686,-32.9791],[26.55198,-32.98096],[26.55661,-32.98523],[26.55781,-32.98713],[26.56416,-32.99104],[26.5676,-32.99144],[26.57401,-32.9887],[26.57729,-32.98438],[26.57869,-32.9799],[26.57912,-32.97458],[26.57828,-32.96837],[26.58006,-32.96211],[26.58546,-32.95791],[26.58849,-32.95814],[26.59118,-32.96092],[26.5921,-32.96428],[26.59196,-32.97001],[26.59474,-32.97858],[26.59572,-32.98756],[26.59557,-32.99306],[26.59309,-32.99898],[26.59057,-33.0021],[26.58687,-33.00508],[26.58304,-33.00966],[26.58277,-33.01187],[26.58572,-33.01668],[26.58764,-33.01755],[26.59441,-33.01585],[26.60019,-33.01252],[26.60229,-33.01214],[26.60806,-33.00922],[26.61132,-33.00501],[26.61526,-32.9982],[26.62288,-32.997],[26.62676,-32.99885],[26.63011,-33.00433],[26.62984,-33.01039],[26.62868,-33.01515],[26.62668,-33.01959],[26.62781,-33.02367],[26.63017,-33.02596],[26.64019,-33.03069],[26.64097,-33.03307],[26.63922,-33.03621],[26.63512,-33.04577],[26.63688,-33.0491],[26.64193,-33.05029],[26.65205,-33.04846],[26.6553,-33.04636],[26.65826,-33.04322],[26.65951,-33.03641],[26.66111,-33.03109],[26.66276,-33.02936],[26.667,-33.02966],[26.67114,-33.03173],[26.67685,-33.03835],[26.67806,-33.043],[26.68032,-33.04737],[26.68471,-33.0526],[26.69057,-33.05643],[26.6969,-33.05499],[26.69999,-33.05359],[26.70312,-33.05082],[26.70896,-33.04278],[26.71394,-33.04041],[26.71766,-33.0412],[26.72041,-33.04451],[26.72327,-33.05028],[26.7236,-33.05281],[26.72778,-33.05552],[26.73213,-33.05673],[26.73649,-33.05559],[26.74165,-33.05122],[26.74489,-33.04577],[26.74546,-33.04121],[26.74714,-33.03801],[26.74709,-33.03358],[26.7482,-33.03094],[26.75383,-33.02952],[26.75827,-33.03026],[26.76517,-33.03297],[26.77163,-33.03606],[26.77553,-33.03626],[26.77941,-33.03456],[26.78255,-33.03075],[26.78427,-33.02661],[26.78427,-33.01794],[26.78285,-33.01568],[26.784,-33.01036],[26.78407,-33.00282],[26.78478,-32.9967],[26.78581,-32.99292],[26.78968,-32.99072],[26.79322,-32.99011],[26.79839,-32.99118],[26.80115,-32.99429],[26.80248,-33.00092],[26.80168,-33.00771],[26.79871,-33.01845],[26.79487,-33.0263],[26.79522,-33.03279],[26.79691,-33.04019],[26.79573,-33.04663],[26.79313,-33.05145],[26.79329,-33.05356],[26.7857,-33.06305],[26.78002,-33.06874],[26.77189,-33.07832],[26.77155,-33.08411],[26.77547,-33.08845],[26.77914,-33.08887],[26.78374,-33.0865],[26.78747,-33.0816],[26.79076,-33.07328],[26.79486,-33.06738],[26.79733,-33.06281],[26.80441,-33.05334],[26.80801,-33.04598],[26.80945,-33.0408],[26.81303,-33.03597],[26.82066,-33.03656],[26.8255,-33.03947],[26.82648,-33.04663],[26.8256,-33.05497],[26.82743,-33.06513],[26.82881,-33.06948],[26.83046,-33.06997],[26.83246,-33.07375],[26.83722,-33.07975],[26.8391,-33.08118],[26.84479,-33.081],[26.85221,-33.07845],[26.85461,-33.07636],[26.85677,-33.07127],[26.85641,-33.06655],[26.85523,-33.06378],[26.85536,-33.05873],[26.85671,-33.04959],[26.85886,-33.04624],[26.86206,-33.04444],[26.86634,-33.04563],[26.86973,-33.04876],[26.87371,-33.05367],[26.87692,-33.06556],[26.87726,-33.07513],[26.87529,-33.08151],[26.86885,-33.08914],[26.86632,-33.0898],[26.8616,-33.09565],[26.85804,-33.10197],[26.85623,-33.11492],[26.85274,-33.12129],[26.85264,-33.12624],[26.84718,-33.13184],[26.84356,-33.13169],[26.83975,-33.1286],[26.8408,-33.12573],[26.83768,-33.12199],[26.83472,-33.1214],[26.83251,-33.12304],[26.82734,-33.12295],[26.82436,-33.12387],[26.82346,-33.12674],[26.82051,-33.12918],[26.82358,-33.13462],[26.82344,-33.13806],[26.82697,-33.14354],[26.82863,-33.14935],[26.83371,-33.15578],[26.8376,-33.15508],[26.83955,-33.16619],[26.83935,-33.17028],[26.83746,-33.17422],[26.83956,-33.1761],[26.84481,-33.17813],[26.84953,-33.17864],[26.85315,-33.17784],[26.8577,-33.17925],[26.86184,-33.17768],[26.86387,-33.17853],[26.86584,-33.18324],[26.86145,-33.18659],[26.86122,-33.18849],[26.85455,-33.19272],[26.84955,-33.19228],[26.84415,-33.19436],[26.83997,-33.1949],[26.83983,-33.19933],[26.84269,-33.20206],[26.84331,-33.20504],[26.85569,-33.20766],[26.86197,-33.20661],[26.86419,-33.20695],[26.87258,-33.20318],[26.87376,-33.19989],[26.87059,-33.19832],[26.8728,-33.19313],[26.87696,-33.19232],[26.87925,-33.19068],[26.87945,-33.18678],[26.87813,-33.18086],[26.88027,-33.17718],[26.8796,-33.17457],[26.87677,-33.17301],[26.87816,-33.17091],[26.88516,-33.16926],[26.89371,-33.17019],[26.89592,-33.17249],[26.89306,-33.17365],[26.89085,-33.1771],[26.89689,-33.18127],[26.89908,-33.18207],[26.89894,-33.18864],[26.8958,-33.19173],[26.8986,-33.19808],[26.90396,-33.20187],[26.91042,-33.20238],[26.91244,-33.201],[26.91753,-33.20154],[26.92527,-33.19807],[26.92787,-33.19496],[26.92469,-33.1914],[26.92128,-33.18996],[26.92557,-33.18689],[26.92337,-33.18145],[26.92339,-33.17549],[26.92154,-33.16935],[26.92464,-33.16505],[26.92718,-33.16466],[26.93904,-33.1648],[26.94427,-33.16548],[26.95205,-33.16843],[26.95512,-33.16901],[26.95996,-33.17288],[26.95596,-33.17461],[26.95297,-33.17851],[26.95586,-33.18354],[26.95703,-33.18758],[26.95689,-33.19099],[26.95814,-33.19297],[26.96138,-33.19479],[26.96106,-33.19973],[26.96256,-33.20239],[26.97383,-33.21071],[26.97686,-33.21535],[26.97906,-33.22022],[26.97701,-33.22276],[26.96592,-33.22579],[26.96012,-33.23027],[26.95906,-33.23522],[26.96221,-33.23774],[26.96689,-33.23807],[26.97496,-33.23641],[26.98007,-33.23331],[26.98466,-33.23299],[26.99052,-33.23498],[26.99408,-33.23717],[26.99957,-33.24162],[27.00588,-33.24763],[27.00824,-33.25049],[27.00898,-33.25347],[27.00845,-33.25684],[27.00557,-33.26261],[27.00332,-33.26361],[26.99758,-33.26322],[26.99397,-33.26212],[26.98988,-33.25932],[26.98682,-33.25447],[26.98143,-33.25383],[26.97349,-33.25613],[26.97117,-33.25852],[26.96909,-33.26448],[26.96895,-33.26766],[26.97894,-33.26791],[26.98316,-33.26849],[26.98906,-33.27212],[26.99754,-33.28083],[27.00071,-33.28659],[27.00333,-33.29512],[27.00264,-33.29685],[27.00376,-33.30203],[27.0014,-33.3076],[26.99869,-33.31654],[27.00289,-33.31799],[27.00101,-33.32525],[26.99931,-33.32692],[26.99856,-33.33072],[26.99622,-33.33252],[26.99252,-33.33723],[26.98831,-33.33829],[26.98364,-33.34274],[26.98243,-33.35038],[26.98526,-33.3562],[26.99205,-33.36063],[26.99406,-33.36072],[27.00178,-33.36511],[27.00605,-33.3684],[27.00898,-33.3732],[27.01567,-33.37839],[27.01691,-33.38039],[27.01986,-33.3903],[27.02069,-33.3955],[27.02662,-33.40116],[27.03551,-33.40282],[27.03717,-33.40648],[27.03997,-33.40953],[27.0434,-33.41187],[27.04611,-33.41882],[27.04963,-33.42199],[27.05018,-33.42757],[27.0543,-33.43169],[27.05576,-33.43732],[27.0688,-33.444],[27.06954,-33.44553],[27.07009,-33.45319],[27.06946,-33.4574],[27.07269,-33.46363],[27.07661,-33.46859],[27.07905,-33.47047],[27.08246,-33.47096],[27.09191,-33.47547],[27.09826,-33.47629],[27.10746,-33.48075],[27.11641,-33.48439],[27.1346,-33.49351],[27.1356,-33.49633],[27.14104,-33.49221],[27.14333,-33.48719],[27.15276,-33.48281],[27.15293,-33.4807],[27.15612,-33.4785],[27.16504,-33.47353],[27.17084,-33.47133],[27.17248,-33.47238],[27.17822,-33.46838],[27.18661,-33.4655],[27.19588,-33.46319],[27.21062,-33.46249],[27.21783,-33.45836],[27.22117,-33.4528],[27.22332,-33.45207],[27.22644,-33.44913],[27.22659,-33.44525],[27.23018,-33.44073],[27.23791,-33.43495],[27.24279,-33.4319],[27.25269,-33.42818],[27.26247,-33.423],[27.2663,-33.42173],[27.27132,-33.41837],[27.27501,-33.41479],[27.28042,-33.41216],[27.28171,-33.4107],[27.28893,-33.40685],[27.29431,-33.40329],[27.29717,-33.40043],[27.30062,-33.39882],[27.30928,-33.3928],[27.31856,-33.38871],[27.3207,-33.38613],[27.32652,-33.3822],[27.33047,-33.38178],[27.33866,-33.37896],[27.34674,-33.3719],[27.35371,-33.36493],[27.36175,-33.36132],[27.36737,-33.36026],[27.36902,-33.35862],[27.37586,-33.35681],[27.38696,-33.35027],[27.39384,-33.34803],[27.40228,-33.3429],[27.41017,-33.34099],[27.4131,-33.33958],[27.41628,-33.33605],[27.42247,-33.33366],[27.4268,-33.32828],[27.42691,-33.32677],[27.42977,-33.32249],[27.43589,-33.31706],[27.4484,-33.31159],[27.45541,-33.30893],[27.45693,-33.30908],[27.46384,-33.30715],[27.47342,-33.30138],[27.47981,-33.29869],[27.48156,-33.29721],[27.48119,-33.29141],[27.48416,-33.28741],[27.49183,-33.28204]]]},"properties":{"code":"047"}},{"type":"Feature","geometry":{"type":"Polygon","coordinates":[[[31.883835,-23.984594],[31.88092,-23.96792],[31.88072,-23.95505],[31.76918,-23.8878],[31.69739,-23.72189],[31.69055,-23.62944],[31.66584,-23.59144],[31.57973,-23.50142],[31.56102,-23.48196],[31.55073,-23.41028],[31.55586,-23.26905],[31.55924,-23.231175],[31.561202,-23.22693],[31.561423,-23.224283],[31.5636,-23.19823],[31.54579,-23.13719],[31.475256,-22.925594],[31.34739,-22.54201],[31.344896,-22.534533],[31.326838,-22.480371],[31.30923,-22.42756],[31.30741,-22.42345],[31.30937,-22.42201],[31.30251,-22.41641],[31.298,-22.41198],[31.2885,-22.4059],[31.28653,-22.40357],[31.28409,-22.39879],[31.27947,-22.39246],[31.27598,-22.38474],[31.27368,-22.37476],[31.2685,-22.36755],[31.26313,-22.36486],[31.25391,-22.36341],[31.24842,-22.36294],[31.24008,-22.36452],[31.23107,-22.36744],[31.22087,-22.36981],[31.21625,-22.36967],[31.20968,-22.36703],[31.20093,-22.36085],[31.19616,-22.35412],[31.19044,-22.34264],[31.18741,-22.33893],[31.18295,-22.33684],[31.17874,-22.33369],[31.17409,-22.33147],[31.162,-22.32842],[31.15582,-22.32872],[31.14714,-22.33103],[31.14103,-22.33187],[31.13488,-22.33365],[31.13249,-22.33502],[31.12659,-22.33663],[31.11822,-22.33962],[31.11416,-22.34169],[31.10836,-22.34319],[31.10307,-22.34568],[31.09411,-22.34869],[31.08844,-22.34904],[31.0828,-22.34783],[31.07397,-22.34409],[31.068,-22.34226],[31.06482,-22.34072],[31.05947,-22.33982],[31.05009,-22.33712],[31.03877,-22.33268],[31.03406,-22.33007],[31.02587,-22.32687],[31.02199,-22.32446],[31.01399,-22.3213],[30.99968,-22.31642],[30.99656,-22.31667],[30.99415,-22.31939],[30.99293,-22.3241],[30.99153,-22.32571],[30.98653,-22.32763],[30.98089,-22.32761],[30.9762,-22.32622],[30.97265,-22.32304],[30.97012,-22.31646],[30.96692,-22.31432],[30.96317,-22.31411],[30.95885,-22.31488],[30.94813,-22.31531],[30.94542,-22.31474],[30.94164,-22.31248],[30.93381,-22.30297],[30.92915,-22.3011],[30.9169,-22.30062],[30.91143,-22.29837],[30.90554,-22.29674],[30.90015,-22.29636],[30.89181,-22.30058],[30.88548,-22.30434],[30.88047,-22.30412],[30.87143,-22.29917],[30.86543,-22.29772],[30.86117,-22.29738],[30.84447,-22.29319],[30.83917,-22.29208],[30.83361,-22.2921],[30.82542,-22.29355],[30.80396,-22.29848],[30.79906,-22.30031],[30.79311,-22.3013],[30.78467,-22.3019],[30.77809,-22.30382],[30.76914,-22.30449],[30.76097,-22.30415],[30.75772,-22.30487],[30.74975,-22.30795],[30.74173,-22.3084],[30.72699,-22.31043],[30.71682,-22.31495],[30.70797,-22.31717],[30.70405,-22.31709],[30.68185,-22.31292],[30.67675,-22.31173],[30.66689,-22.31039],[30.66326,-22.31096],[30.6577,-22.31291],[30.6526,-22.31608],[30.65071,-22.31802],[30.64245,-22.32881],[30.63618,-22.33462],[30.63168,-22.33629],[30.62609,-22.33634],[30.61965,-22.33338],[30.61289,-22.32811],[30.60913,-22.32422],[30.60236,-22.32122],[30.59475,-22.31973],[30.58737,-22.31882],[30.57843,-22.3192],[30.5754,-22.3204],[30.56706,-22.32162],[30.56255,-22.3242],[30.5603,-22.32728],[30.55461,-22.33151],[30.54942,-22.33127],[30.53962,-22.3284],[30.53265,-22.32689],[30.52368,-22.32438],[30.51655,-22.32287],[30.50585,-22.3226],[30.49974,-22.32024],[30.49189,-22.31659],[30.48305,-22.31691],[30.47574,-22.31912],[30.46688,-22.32352],[30.45927,-22.32799],[30.45221,-22.33148],[30.44545,-22.33401],[30.43656,-22.33677],[30.42799,-22.33889],[30.41009,-22.34235],[30.39917,-22.34467],[30.39156,-22.34698],[30.38295,-22.35067],[30.37901,-22.3513],[30.37469,-22.35076],[30.36221,-22.34824],[30.35325,-22.34863],[30.34316,-22.35053],[30.33945,-22.35068],[30.33098,-22.3501],[30.31951,-22.34776],[30.31635,-22.34769],[30.31016,-22.34976],[30.30603,-22.35251],[30.30196,-22.35441],[30.29436,-22.35625],[30.291,-22.35634],[30.28288,-22.35401],[30.2796,-22.352],[30.2737,-22.34688],[30.26625,-22.33737],[30.26265,-22.32972],[30.25762,-22.32071],[30.2552,-22.31797],[30.2474,-22.31244],[30.24188,-22.30943],[30.23974,-22.30757],[30.23712,-22.30104],[30.23446,-22.29775],[30.23216,-22.2963],[30.22754,-22.29498],[30.22002,-22.29493],[30.20319,-22.29653],[30.19322,-22.29606],[30.169,-22.2989],[30.16369,-22.29914],[30.15524,-22.30025],[30.15023,-22.30192],[30.13827,-22.30861],[30.13301,-22.31103],[30.1291,-22.31148],[30.12383,-22.31019],[30.12157,-22.30867],[30.11389,-22.30049],[30.10317,-22.28832],[30.09738,-22.2842],[30.09204,-22.28139],[30.0826,-22.27789],[30.0785,-22.27595],[30.0742,-22.27301],[30.06928,-22.26801],[30.06448,-22.26224],[30.06108,-22.25915],[30.05471,-22.25556],[30.05184,-22.25505],[30.04507,-22.25507],[30.03148,-22.25599],[30.02563,-22.25363],[30.02187,-22.24976],[30.01945,-22.24388],[30.0192,-22.24142],[30.01985,-22.23344],[30.01788,-22.22911],[30.01125,-22.22744],[30.00208,-22.22768],[29.9998,-22.2288],[29.98922,-22.22504],[29.98189,-22.22353],[29.97378,-22.22442],[29.96989,-22.22417],[29.96777,-22.22106],[29.96055,-22.21296],[29.95404,-22.20955],[29.94825,-22.20551],[29.93975,-22.20023],[29.93516,-22.19624],[29.92664,-22.19031],[29.92312,-22.18918],[29.916,-22.1896],[29.90724,-22.19094],[29.89034,-22.19517],[29.88453,-22.19456],[29.87908,-22.19209],[29.86885,-22.18333],[29.86378,-22.17804],[29.85993,-22.1752],[29.85312,-22.1744],[29.83393,-22.17512],[29.82984,-22.1747],[29.82497,-22.17329],[29.81266,-22.16896],[29.80523,-22.1655],[29.80293,-22.1637],[29.79844,-22.15788],[29.78816,-22.15144],[29.78309,-22.14728],[29.77359,-22.14142],[29.76924,-22.14048],[29.76054,-22.1405],[29.74967,-22.14091],[29.7395,-22.14176],[29.7331,-22.14131],[29.7244,-22.14222],[29.71937,-22.14333],[29.71599,-22.14334],[29.70758,-22.14048],[29.70133,-22.13727],[29.69218,-22.13641],[29.67704,-22.13897],[29.67204,-22.13866],[29.67014,-22.13733],[29.66628,-22.13167],[29.66281,-22.12759],[29.65878,-22.12539],[29.65443,-22.12503],[29.64724,-22.12834],[29.63992,-22.13254],[29.63275,-22.13353],[29.62875,-22.13528],[29.62211,-22.14147],[29.62005,-22.14465],[29.61654,-22.15209],[29.61402,-22.1544],[29.60882,-22.15596],[29.60543,-22.15569],[29.59976,-22.15324],[29.59168,-22.14556],[29.58831,-22.14339],[29.58257,-22.1412],[29.57876,-22.14086],[29.57335,-22.14307],[29.56376,-22.14937],[29.55558,-22.15107],[29.54101,-22.15227],[29.53549,-22.15516],[29.53408,-22.15882],[29.53521,-22.16653],[29.53479,-22.17032],[29.53164,-22.17541],[29.52796,-22.178],[29.51787,-22.17809],[29.51082,-22.17686],[29.50023,-22.17299],[29.49906,-22.17202],[29.48455,-22.1676],[29.47218,-22.16559],[29.46412,-22.16612],[29.45562,-22.16757],[29.4502,-22.1689],[29.42465,-22.17289],[29.41476,-22.17582],[29.40964,-22.1782],[29.40805,-22.18179],[29.40583,-22.18331],[29.39917,-22.18421],[29.3884,-22.19076],[29.38557,-22.19212],[29.37137,-22.19666],[29.36523,-22.1989],[29.35912,-22.19973],[29.35281,-22.19802],[29.3501,-22.19375],[29.34611,-22.19304],[29.34019,-22.20214],[29.33606,-22.20456],[29.33199,-22.20417],[29.32751,-22.20025],[29.32604,-22.19786],[29.32519,-22.19215],[29.32412,-22.18912],[29.32062,-22.187],[29.31706,-22.18703],[29.30858,-22.18826],[29.30186,-22.18608],[29.29836,-22.18604],[29.29331,-22.1879],[29.28923,-22.18773],[29.28616,-22.18601],[29.28422,-22.18611],[29.28052,-22.18876],[29.27716,-22.19263],[29.27116,-22.19317],[29.26866,-22.19023],[29.26598,-22.1894],[29.25902,-22.19333],[29.25573,-22.19298],[29.25172,-22.18906],[29.24644,-22.18684],[29.23829,-22.18182],[29.22696,-22.17883],[29.2172,-22.17831],[29.21148,-22.18198],[29.20816,-22.18266],[29.1988,-22.18325],[29.19458,-22.18412],[29.19077,-22.1858],[29.18659,-22.18981],[29.18054,-22.19281],[29.17719,-22.19759],[29.17303,-22.20206],[29.16616,-22.20736],[29.16075,-22.2099],[29.15846,-22.21248],[29.155,-22.21452],[29.15003,-22.21589],[29.1454,-22.2165],[29.14073,-22.21598],[29.13448,-22.21378],[29.13061,-22.21364],[29.12492,-22.21462],[29.11649,-22.21393],[29.10868,-22.21239],[29.10514,-22.21268],[29.09877,-22.21639],[29.08568,-22.22075],[29.07816,-22.22083],[29.07111,-22.21818],[29.06306,-22.21876],[29.05599,-22.21816],[29.04842,-22.21912],[29.04543,-22.21693],[29.03694,-22.21631],[29.03223,-22.219],[29.03045,-22.22139],[29.03036,-22.2259],[29.02937,-22.22799],[29.02684,-22.22903],[29.02171,-22.22629],[29.01942,-22.22621],[29.01393,-22.23141],[29.01282,-22.23743],[29.01359,-22.24619],[29.01385,-22.25377],[29.01344,-22.25747],[29.00518,-22.26212],[29.00455,-22.26747],[29.00277,-22.27472],[28.99736,-22.27988],[28.98943,-22.28372],[28.98486,-22.28403],[28.98173,-22.28559],[28.98074,-22.28823],[28.97765,-22.29129],[28.97793,-22.29543],[28.97611,-22.30049],[28.96869,-22.30504],[28.96658,-22.30754],[28.96383,-22.31921],[28.96271,-22.32946],[28.96416,-22.33835],[28.96353,-22.34718],[28.96814,-22.35407],[28.97025,-22.36423],[28.97184,-22.36801],[28.97217,-22.37272],[28.97145,-22.37698],[28.96645,-22.38582],[28.96043,-22.39236],[28.95624,-22.39787],[28.95244,-22.40408],[28.95159,-22.40827],[28.95118,-22.41553],[28.94915,-22.42028],[28.94576,-22.42389],[28.94428,-22.42679],[28.94459,-22.43148],[28.94312,-22.43389],[28.93967,-22.43662],[28.93606,-22.44055],[28.93412,-22.44166],[28.93246,-22.44459],[28.92773,-22.44938],[28.92452,-22.45409],[28.923279,-22.457035],[28.91676,-22.46138],[28.91182,-22.46142],[28.90289,-22.45502],[28.8993,-22.45301],[28.8867,-22.45054],[28.88088,-22.44784],[28.87079,-22.44757],[28.86209,-22.44939],[28.85498,-22.4516],[28.84529,-22.45661],[28.84023,-22.45831],[28.83248,-22.46179],[28.82939,-22.46533],[28.82869,-22.46909],[28.82967,-22.47296],[28.8334,-22.47879],[28.83317,-22.48486],[28.83105,-22.48825],[28.82284,-22.4908],[28.81826,-22.49151],[28.8124,-22.49167],[28.78467,-22.49781],[28.77618,-22.50067],[28.77194,-22.5003],[28.76467,-22.50103],[28.76024,-22.50312],[28.75656,-22.50272],[28.75331,-22.50352],[28.74478,-22.50355],[28.7389,-22.50408],[28.72226,-22.51195],[28.71884,-22.51322],[28.71036,-22.51475],[28.70639,-22.51681],[28.70115,-22.52059],[28.70048,-22.52635],[28.69736,-22.52744],[28.69142,-22.53152],[28.68604,-22.53387],[28.68084,-22.53198],[28.67649,-22.53217],[28.66866,-22.53536],[28.66387,-22.53943],[28.65804,-22.54834],[28.65254,-22.55227],[28.64272,-22.5574],[28.63928,-22.55871],[28.63303,-22.55866],[28.62539,-22.5611],[28.61744,-22.56248],[28.60887,-22.56215],[28.60071,-22.56099],[28.59058,-22.56112],[28.58498,-22.56034],[28.5712,-22.55977],[28.56274,-22.56136],[28.56021,-22.56292],[28.557,-22.56666],[28.54851,-22.5725],[28.54629,-22.57528],[28.54133,-22.57893],[28.53284,-22.58161],[28.52772,-22.5852],[28.52349,-22.58737],[28.51795,-22.58777],[28.51496,-22.58909],[28.50895,-22.58911],[28.50577,-22.58689],[28.5027,-22.58311],[28.49893,-22.58],[28.49103,-22.57555],[28.48285,-22.57176],[28.47536,-22.57074],[28.46113,-22.57258],[28.45584,-22.57234],[28.44996,-22.56942],[28.44285,-22.56901],[28.43592,-22.57106],[28.42265,-22.57307],[28.41158,-22.57108],[28.40613,-22.56962],[28.39281,-22.57045],[28.38594,-22.56932],[28.37741,-22.57004],[28.37133,-22.57209],[28.36652,-22.57298],[28.35947,-22.57281],[28.35405,-22.57169],[28.34786,-22.57178],[28.34264,-22.57372],[28.34065,-22.576],[28.33905,-22.58113],[28.33676,-22.58545],[28.33271,-22.59105],[28.32569,-22.59713],[28.31736,-22.60144],[28.31125,-22.60635],[28.30567,-22.60919],[28.29881,-22.60869],[28.29292,-22.61172],[28.28417,-22.61432],[28.27915,-22.61463],[28.2768,-22.61657],[28.2739,-22.62129],[28.27147,-22.62819],[28.27103,-22.63251],[28.26955,-22.63546],[28.26595,-22.64013],[28.26104,-22.64289],[28.25724,-22.64373],[28.25269,-22.64806],[28.24742,-22.65546],[28.24568,-22.6567],[28.24058,-22.65625],[28.2366,-22.65705],[28.2323,-22.65877],[28.2261,-22.66045],[28.22124,-22.66362],[28.21836,-22.66474],[28.21275,-22.6638],[28.20967,-22.66446],[28.20329,-22.67124],[28.20154,-22.67395],[28.19641,-22.67906],[28.1891,-22.68378],[28.18261,-22.68857],[28.17973,-22.69224],[28.17833,-22.69552],[28.16857,-22.7058],[28.16396,-22.71161],[28.15972,-22.71833],[28.15821,-22.72428],[28.16161,-22.73332],[28.16361,-22.73973],[28.16425,-22.74742],[28.16237,-22.75586],[28.15668,-22.7606],[28.15107,-22.76946],[28.14513,-22.77482],[28.13653,-22.77916],[28.12787,-22.78254],[28.12498,-22.78281],[28.12144,-22.78452],[28.1175,-22.79112],[28.11009,-22.80048],[28.1029,-22.80707],[28.096937,-22.811053],[28.1352,-22.83243],[28.11348,-22.84502],[28.15339,-22.86915],[28.13126,-22.87882],[28.14736,-22.89026],[28.169161,-22.905954],[28.14764,-22.91604],[28.18272,-22.94921],[28.20009,-22.93144],[28.23456,-22.96704],[28.24518,-22.99799],[28.22115,-23.00138],[28.22434,-23.04933],[28.25177,-23.10866],[28.257618,-23.104201],[28.29118,-23.09098],[28.33707,-23.12284],[28.34445,-23.14829],[28.35329,-23.18415],[28.32009,-23.20402],[28.33147,-23.23293],[28.34192,-23.25624],[28.35554,-23.28345],[28.35098,-23.30403],[28.37703,-23.29994],[28.38696,-23.31627],[28.41329,-23.35167],[28.45114,-23.32525],[28.47404,-23.31219],[28.49751,-23.34495],[28.53959,-23.35097],[28.56576,-23.37692],[28.59296,-23.37855],[28.59593,-23.40472],[28.64031,-23.39401],[28.6597,-23.38575],[28.6576,-23.37916],[28.65764,-23.37449],[28.65936,-23.37198],[28.66453,-23.36931],[28.66737,-23.36615],[28.67063,-23.3638],[28.67506,-23.36289],[28.67725,-23.36115],[28.67784,-23.3584],[28.67549,-23.35303],[28.67674,-23.35024],[28.68158,-23.34665],[28.6829,-23.34062],[28.68512,-23.33613],[28.73577,-23.33091],[28.76053,-23.36399],[28.77724,-23.37934],[28.79561,-23.41606],[28.82739,-23.45381],[28.865534,-23.486373],[28.89606,-23.52163],[28.91006,-23.54446],[28.93926,-23.57054],[28.96925,-23.597833],[28.93142,-23.59828],[28.92017,-23.61664],[28.90824,-23.6245],[28.87552,-23.64662],[28.87879,-23.697186],[28.8694,-23.7259],[28.85781,-23.75723],[28.88435,-23.78469],[28.84821,-23.79011],[28.85486,-23.80682],[28.84938,-23.82992],[28.8432,-23.83398],[28.87752,-23.86448],[28.9054,-23.85864],[28.92139,-23.81122],[28.921747,-23.811421],[28.96598,-23.8268],[28.998438,-23.841155],[28.98211,-23.8778],[29.00554,-23.89821],[29.04493,-23.90557],[29.07386,-23.9431],[29.09343,-23.98465],[29.14851,-24.00914],[29.15701,-24.00818],[29.1838,-24.00908],[29.19944,-24.01367],[29.18066,-24.03233],[29.15368,-24.05679],[29.15266,-24.06482],[29.16215,-24.07928],[29.18529,-24.07044],[29.18795,-24.09293],[29.21049,-24.09844],[29.23004,-24.10906],[29.23419,-24.14543],[29.2285,-24.14414],[29.19172,-24.17028],[29.19034,-24.20256],[29.19528,-24.23115],[29.18897,-24.25694],[29.16878,-24.27023],[29.14799,-24.22378],[29.09953,-24.23207],[29.07267,-24.20645],[29.03204,-24.24783],[29.04408,-24.29802],[29.06316,-24.29984],[29.05085,-24.37111],[29.09141,-24.373],[29.11222,-24.37411],[29.17054,-24.35873],[29.23042,-24.33766],[29.25948,-24.33723],[29.25364,-24.3754],[29.27104,-24.41807],[29.29217,-24.44974],[29.30647,-24.48711],[29.33454,-24.55575],[29.35747,-24.58807],[29.38724,-24.57427],[29.40049,-24.60853],[29.43403,-24.59873],[29.44981,-24.63044],[29.470755,-24.640615],[29.47241,-24.63483],[29.47144,-24.62978],[29.46805,-24.62407],[29.46928,-24.62144],[29.47357,-24.61915],[29.47668,-24.61596],[29.47951,-24.61104],[29.47975,-24.60685],[29.48119,-24.60518],[29.49182,-24.60324],[29.49415,-24.59919],[29.49613,-24.59166],[29.4985,-24.58962],[29.50508,-24.58598],[29.50877,-24.58243],[29.51209,-24.5807],[29.51787,-24.57591],[29.52086,-24.57445],[29.52371,-24.57444],[29.52602,-24.56884],[29.52961,-24.56398],[29.53231,-24.56168],[29.53893,-24.56017],[29.54477,-24.55345],[29.55023,-24.55212],[29.55191,-24.54873],[29.55268,-24.54511],[29.55065,-24.53803],[29.54876,-24.53499],[29.54495,-24.5309],[29.54555,-24.52844],[29.5501,-24.52556],[29.55483,-24.52469],[29.5573,-24.52328],[29.56218,-24.52458],[29.56492,-24.52321],[29.56836,-24.51822],[29.56568,-24.50871],[29.56285,-24.50514],[29.56532,-24.50155],[29.5715,-24.49665],[29.57735,-24.49421],[29.58154,-24.48871],[29.58512,-24.48664],[29.58788,-24.4814],[29.58858,-24.47737],[29.59746,-24.46812],[29.60382,-24.46466],[29.60621,-24.46254],[29.61328,-24.45947],[29.61656,-24.46007],[29.61904,-24.46252],[29.62039,-24.46571],[29.6205,-24.47424],[29.6241,-24.47704],[29.62927,-24.47552],[29.63442,-24.47645],[29.63942,-24.4745],[29.64324,-24.47672],[29.64728,-24.4823],[29.64908,-24.48174],[29.65211,-24.47854],[29.65382,-24.47429],[29.65647,-24.47048],[29.6636,-24.46651],[29.66759,-24.46227],[29.67113,-24.46176],[29.67759,-24.46366],[29.68255,-24.46716],[29.68657,-24.46894],[29.68951,-24.4692],[29.69388,-24.46833],[29.69656,-24.46679],[29.69901,-24.4646],[29.70574,-24.46176],[29.70931,-24.46089],[29.71606,-24.46034],[29.72029,-24.45821],[29.72171,-24.45517],[29.72079,-24.45224],[29.72164,-24.44887],[29.72903,-24.44514],[29.72966,-24.44382],[29.72693,-24.43977],[29.72518,-24.43253],[29.72541,-24.4309],[29.72829,-24.426],[29.73607,-24.42685],[29.73786,-24.42332],[29.73821,-24.42045],[29.73698,-24.417],[29.73805,-24.41081],[29.74091,-24.40279],[29.73876,-24.39448],[29.73727,-24.39195],[29.73724,-24.38681],[29.73807,-24.38476],[29.74385,-24.38033],[29.7463,-24.37674],[29.75635,-24.3654],[29.76146,-24.36125],[29.7673,-24.35465],[29.76779,-24.35244],[29.76303,-24.3491],[29.75422,-24.34951],[29.7517,-24.348],[29.75085,-24.34531],[29.75132,-24.3402],[29.74489,-24.33005],[29.7457,-24.32793],[29.74821,-24.32719],[29.75558,-24.32682],[29.75874,-24.32396],[29.75604,-24.31345],[29.75672,-24.30996],[29.75394,-24.30328],[29.7544,-24.29655],[29.75622,-24.29357],[29.75971,-24.29126],[29.75951,-24.28524],[29.76094,-24.27988],[29.76462,-24.27552],[29.76911,-24.27299],[29.77977,-24.27147],[29.79062,-24.26738],[29.79737,-24.26838],[29.801,-24.26757],[29.80487,-24.26241],[29.80579,-24.26023],[29.80546,-24.25504],[29.80701,-24.25212],[29.81113,-24.24975],[29.81519,-24.24829],[29.81736,-24.24935],[29.82059,-24.2533],[29.82342,-24.25289],[29.83273,-24.25415],[29.84991,-24.25403],[29.86463,-24.25061],[29.86921,-24.24805],[29.87465,-24.24756],[29.8757,-24.24572],[29.87611,-24.23174],[29.87319,-24.22512],[29.87401,-24.22267],[29.87724,-24.2217],[29.88205,-24.22262],[29.88319,-24.22454],[29.88783,-24.22461],[29.89621,-24.2215],[29.90005,-24.22172],[29.90503,-24.22353],[29.91587,-24.2238],[29.9216,-24.22352],[29.93111,-24.22392],[29.93945,-24.22494],[29.94231,-24.22364],[29.94794,-24.21877],[29.9533,-24.21749],[29.95894,-24.21837],[29.96402,-24.22057],[29.96888,-24.2239],[29.97436,-24.22549],[29.97755,-24.22394],[29.97884,-24.21384],[29.98234,-24.20908],[29.9913,-24.20752],[29.99662,-24.21051],[30.00358,-24.208045],[30.01019,-24.20417],[30.01457,-24.20403],[30.02385,-24.20463],[30.02922,-24.20666],[30.03255,-24.20685],[30.03729,-24.20594],[30.0411,-24.20682],[30.04746,-24.21146],[30.04868,-24.21363],[30.0491,-24.21761],[30.05289,-24.22354],[30.05776,-24.22842],[30.06051,-24.23015],[30.06776,-24.23698],[30.072,-24.23928],[30.07847,-24.23713],[30.08544,-24.24088],[30.09448,-24.2393],[30.09723,-24.24022],[30.10021,-24.24294],[30.10431,-24.24468],[30.1085,-24.24451],[30.12,-24.24522],[30.13171,-24.24741],[30.13943,-24.24724],[30.14227,-24.24928],[30.147,-24.25582],[30.14703,-24.25853],[30.14401,-24.26479],[30.14789,-24.27258],[30.14797,-24.27878],[30.14337,-24.28725],[30.14364,-24.28875],[30.14696,-24.29265],[30.1527,-24.29392],[30.15518,-24.29561],[30.1598,-24.29718],[30.16461,-24.29965],[30.16873,-24.29916],[30.17373,-24.30073],[30.1775,-24.30419],[30.18094,-24.30401],[30.18298,-24.2999],[30.18734,-24.29783],[30.19497,-24.29126],[30.20025,-24.28796],[30.2112,-24.28832],[30.21771,-24.2857],[30.2224,-24.28438],[30.22894,-24.28452],[30.23759,-24.28344],[30.24127,-24.28578],[30.24084,-24.29076],[30.24377,-24.29245],[30.24768,-24.29805],[30.25247,-24.2996],[30.25585,-24.30514],[30.26349,-24.30758],[30.2662,-24.30947],[30.26843,-24.31413],[30.27316,-24.32004],[30.27431,-24.32052],[30.27758,-24.31799],[30.28186,-24.31838],[30.28982,-24.31698],[30.29169,-24.31726],[30.32504,-24.31069],[30.366215,-24.283095],[30.4092,-24.33363],[30.43672,-24.35353],[30.47032,-24.37171],[30.49533,-24.39646],[30.51818,-24.40564],[30.53353,-24.43971],[30.54078,-24.44496],[30.54344,-24.44298],[30.54778,-24.44149],[30.55123,-24.43914],[30.55264,-24.43559],[30.55299,-24.4279],[30.55402,-24.42539],[30.55701,-24.42557],[30.55714,-24.42778],[30.56252,-24.43711],[30.56278,-24.43971],[30.56511,-24.44668],[30.56834,-24.44693],[30.57606,-24.44249],[30.58325,-24.43762],[30.58792,-24.44013],[30.59844,-24.44332],[30.60462,-24.44183],[30.61386,-24.44186],[30.61713,-24.44034],[30.61881,-24.43781],[30.61833,-24.43303],[30.64183,-24.45086],[30.70369,-24.45061],[30.72857,-24.45314],[30.75898,-24.46022],[30.78534,-24.48578],[30.79928,-24.49889],[30.80236,-24.50081],[30.82661,-24.51358],[30.87171,-24.5385],[30.90157,-24.52819],[30.90893,-24.52577],[30.91386,-24.52497],[30.95433,-24.52128],[30.95932,-24.58207],[31.00398,-24.5762],[31.05374,-24.57028],[31.08621,-24.56814],[31.09938,-24.56687],[31.11108,-24.56612],[31.12566,-24.5646],[31.16809,-24.56063],[31.20595,-24.557419],[31.22618,-24.55601],[31.25271,-24.50091],[31.25366,-24.49912],[31.21954,-24.4504],[31.20324,-24.42646],[31.15995,-24.43741],[31.15991,-24.42626],[31.1601,-24.38626],[31.15997,-24.37557],[31.24203,-24.36543],[31.22889,-24.34688],[31.21955,-24.33319],[31.2068,-24.31504],[31.20006,-24.30495],[31.16585,-24.31461],[31.15252,-24.31867],[31.13932,-24.32009],[31.10221,-24.32373],[31.05602,-24.32189],[31.05712,-24.31137],[31.06043,-24.2718],[31.05801,-24.25515],[31.05437,-24.23193],[31.04994,-24.18732],[31.07935,-24.16649],[31.10727,-24.14573],[31.09615,-24.11736],[31.1151,-24.11921],[31.12057,-24.09026],[31.1153,-24.09101],[31.08599,-24.09452],[31.06343,-24.09146],[31.0669,-24.08963],[31.07163,-24.08378],[31.07642,-24.08119],[31.08879,-24.07686],[31.09425,-24.07552],[31.09826,-24.07219],[31.10155,-24.07064],[31.10994,-24.0698],[31.1188,-24.06824],[31.12425,-24.0692],[31.12934,-24.07292],[31.13378,-24.0737],[31.14708,-24.06968],[31.15296,-24.06568],[31.16263,-24.06005],[31.16899,-24.05904],[31.17095,-24.05619],[31.17053,-24.04977],[31.17131,-24.04418],[31.17336,-24.03913],[31.17513,-24.03685],[31.1781,-24.03499],[31.18816,-24.03169],[31.19425,-24.03115],[31.19676,-24.03271],[31.20148,-24.03783],[31.20603,-24.04103],[31.21043,-24.04263],[31.21606,-24.04381],[31.22002,-24.04557],[31.22834,-24.05158],[31.2347,-24.05757],[31.23847,-24.06293],[31.24247,-24.06717],[31.24701,-24.075],[31.24811,-24.08266],[31.2497,-24.08964],[31.25228,-24.09773],[31.25428,-24.09996],[31.25725,-24.10105],[31.26411,-24.09983],[31.27508,-24.09382],[31.28356,-24.08581],[31.28764,-24.07966],[31.29345,-24.07439],[31.29639,-24.07323],[31.30156,-24.07383],[31.30478,-24.0756],[31.31001,-24.07981],[31.31767,-24.08287],[31.32062,-24.0826],[31.32672,-24.08004],[31.33114,-24.07953],[31.33652,-24.07765],[31.34237,-24.07486],[31.34946,-24.07274],[31.36001,-24.07124],[31.36512,-24.06846],[31.3682,-24.0639],[31.37355,-24.05751],[31.37911,-24.05225],[31.38352,-24.05129],[31.38644,-24.0522],[31.39009,-24.06225],[31.3926,-24.06583],[31.39558,-24.06759],[31.39902,-24.06755],[31.40902,-24.06289],[31.41583,-24.05851],[31.41997,-24.05642],[31.42805,-24.0545],[31.4312,-24.05235],[31.43603,-24.04672],[31.44056,-24.0383],[31.44058,-24.02476],[31.44094,-24.02098],[31.44762,-24.01992],[31.45956,-24.02833],[31.46253,-24.02964],[31.47114,-24.0302],[31.48197,-24.03162],[31.49336,-24.03687],[31.50029,-24.03948],[31.50547,-24.04076],[31.50993,-24.04318],[31.52094,-24.0543],[31.52909,-24.05667],[31.53155,-24.05685],[31.53792,-24.05586],[31.54256,-24.05399],[31.54373,-24.05081],[31.54387,-24.04494],[31.54624,-24.03972],[31.54865,-24.0372],[31.55206,-24.03557],[31.56112,-24.03363],[31.56824,-24.03307],[31.57096,-24.03439],[31.57372,-24.03728],[31.57651,-24.0422],[31.58028,-24.04711],[31.58687,-24.05278],[31.5947,-24.05637],[31.60009,-24.05539],[31.6059,-24.05056],[31.60924,-24.04509],[31.60957,-24.03629],[31.62089,-24.02325],[31.62672,-24.01978],[31.63258,-24.01789],[31.63944,-24.01643],[31.65242,-24.0142],[31.6593,-24.01409],[31.663,-24.01494],[31.66598,-24.0167],[31.66876,-24.02095],[31.6706,-24.02746],[31.67196,-24.03511],[31.67613,-24.04791],[31.6774,-24.04992],[31.67872,-24.05509],[31.68372,-24.05953],[31.69036,-24.0601],[31.70191,-24.05992],[31.7187,-24.05684],[31.7317,-24.04975],[31.73581,-24.04608],[31.73764,-24.03905],[31.73727,-24.03206],[31.73598,-24.02892],[31.73357,-24.01836],[31.7335,-24.01452],[31.73708,-24.00882],[31.74656,-24.00348],[31.75177,-23.99765],[31.75467,-23.9958],[31.75906,-23.99164],[31.76748,-23.98462],[31.76997,-23.98319],[31.7764,-23.98124],[31.78269,-23.98208],[31.78747,-23.98649],[31.79161,-23.98837],[31.79461,-23.99193],[31.80121,-23.99409],[31.8047,-23.99718],[31.81254,-23.99931],[31.81796,-23.99908],[31.82212,-23.99651],[31.82161,-23.99085],[31.82497,-23.98616],[31.82891,-23.98597],[31.83266,-23.9869],[31.84014,-23.98672],[31.84488,-23.98593],[31.85268,-23.98685],[31.883835,-23.984594]]]},"properties":{"code":"015"}},{"type":"Feature","geometry":{"type":"Polygon","coordinates":[[[24.15246,-31.78861],[24.12439,-31.79091],[24.10224,-31.79258],[24.09303,-31.79619],[24.07269,-31.80593],[24.07094,-31.80709],[24.05608,-31.77596],[24.04312,-31.76733],[24.02852,-31.73017],[24.02909,-31.72197],[24.04672,-31.70668],[23.99312,-31.70606],[23.96306,-31.70667],[23.96248,-31.70774],[23.96646,-31.71542],[23.95148,-31.74897],[23.95206,-31.75059],[23.94866,-31.77333],[23.91786,-31.79536],[23.91587,-31.822],[23.89404,-31.83678],[23.87863,-31.83368],[23.83785,-31.78334],[23.82935,-31.78027],[23.83715,-31.76791],[23.80852,-31.76366],[23.84762,-31.72922],[23.84155,-31.71506],[23.81566,-31.71416],[23.79741,-31.70576],[23.77747,-31.69706],[23.75649,-31.69571],[23.73449,-31.65457],[23.71513,-31.64704],[23.68875,-31.6496],[23.6607,-31.65614],[23.63948,-31.6601],[23.61914,-31.64943],[23.59449,-31.66225],[23.57453,-31.68917],[23.53547,-31.69177],[23.52389,-31.70533],[23.49611,-31.70269],[23.42314,-31.68214],[23.41645,-31.67222],[23.40173,-31.69957],[23.40709,-31.7138],[23.3871,-31.7148],[23.34511,-31.71089],[23.30242,-31.73015],[23.26614,-31.7732],[23.26344,-31.77834],[23.26236,-31.81539],[23.23084,-31.84831],[23.22503,-31.85404],[23.23037,-31.87569],[23.19151,-31.90458],[23.17116,-31.91814],[23.15191,-31.93977],[23.14478,-31.94311],[23.13945,-31.95154],[23.11884,-31.96007],[23.10435,-31.96061],[23.09849,-31.9777],[23.08762,-31.97229],[23.07089,-31.95381],[23.05867,-31.95484],[23.05259,-31.93978],[23.05226,-31.91029],[23.06739,-31.89074],[23.03871,-31.87745],[23.00675,-31.86887],[22.97583,-31.86083],[22.95382,-31.86297],[22.90195,-31.87577],[22.87472,-31.86164],[22.85897,-31.81829],[22.82529,-31.83766],[22.77688,-31.85691],[22.7575,-31.82754],[22.7351,-31.79938],[22.67705,-31.81551],[22.65153,-31.82167],[22.64754,-31.8196],[22.64632,-31.81546],[22.64413,-31.81437],[22.64212,-31.81619],[22.63527,-31.81491],[22.63276,-31.81621],[22.63117,-31.81991],[22.63176,-31.8234],[22.61492,-31.82287],[22.57834,-31.80551],[22.595,-31.76993],[22.6094,-31.73982],[22.61907,-31.72465],[22.56614,-31.71317],[22.564815,-31.67792],[22.54309,-31.67556],[22.50208,-31.67081],[22.49576,-31.67034],[22.43325,-31.63818],[22.35514,-31.60541],[22.34714,-31.60159],[22.31229,-31.58346],[22.309,-31.58471],[22.27292,-31.59254],[22.2601,-31.66247],[22.24988,-31.66466],[22.23738,-31.70298],[22.22079,-31.73264],[22.20401,-31.76403],[22.20628,-31.79225],[22.15986,-31.80974],[22.17688,-31.82072],[22.1666,-31.89309],[22.1315,-31.88426],[22.11587,-31.86263],[22.07886,-31.85489],[22.07887,-31.85901],[22.07996,-31.86366],[22.08429,-31.86878],[22.08354,-31.87353],[22.08605,-31.87916],[22.08852,-31.88043],[22.09168,-31.88539],[22.09727,-31.88874],[22.10063,-31.89351],[22.10019,-31.89564],[22.10144,-31.89872],[22.1004,-31.92434],[22.07133,-31.9393],[22.08923,-31.97435],[22.09498,-32.00106],[22.074125,-32.017915],[22.09359,-32.04592],[22.13396,-32.06439],[22.11995,-32.07697],[22.08965,-32.14638],[22.06956,-32.08145],[22.01644,-32.11426],[22.0035,-32.17424],[21.99952,-32.20595],[21.99592,-32.20298],[21.97124,-32.21643],[21.936205,-32.22288],[21.9246,-32.26196],[21.90744,-32.2528],[21.90457,-32.25641],[21.90165,-32.27091],[21.87417,-32.27657],[21.85511,-32.27551],[21.79508,-32.25616],[21.78062,-32.25093],[21.77025,-32.23841],[21.773,-32.22679],[21.74949,-32.22564],[21.74605,-32.22523],[21.73589,-32.20502],[21.72337,-32.21493],[21.71137,-32.22481],[21.7042,-32.23312],[21.69165,-32.24857],[21.67377,-32.24329],[21.66546,-32.23142],[21.64458,-32.20871],[21.60651,-32.20966],[21.59443,-32.21693],[21.5786,-32.22149],[21.54891,-32.22844],[21.53601,-32.22922],[21.54008,-32.25088],[21.549005,-32.290775],[21.56181,-32.31473],[21.55037,-32.32686],[21.51908,-32.33703],[21.49863,-32.33458],[21.47564,-32.33145],[21.44365,-32.35484],[21.42988,-32.37518],[21.4084,-32.36877],[21.35284,-32.39154],[21.3015,-32.37727],[21.30301,-32.40244],[21.30197,-32.40442],[21.28152,-32.43968],[21.26948,-32.45029],[21.23109,-32.46315],[21.19749,-32.4998],[21.18831,-32.50305],[21.18208,-32.50868],[21.14011,-32.58977],[21.15698,-32.62894],[21.11268,-32.64582],[21.09447,-32.65303],[21.06029,-32.6555],[21.03731,-32.6491],[20.96278,-32.6393],[20.8441,-32.66244],[20.82285,-32.69454],[20.78984,-32.71123],[20.7922,-32.73503],[20.80615,-32.75269],[20.83034,-32.78457],[20.83243,-32.81737],[20.83086,-32.82114],[20.79856,-32.89475],[20.74555,-32.91257],[20.74421,-32.91289],[20.73117,-32.944995],[20.71924,-32.94322],[20.68873,-32.93831],[20.65034,-32.93227],[20.64962,-32.93365],[20.6219,-32.94315],[20.59007,-32.94298],[20.5921,-32.92647],[20.56123,-32.88097],[20.4993,-32.94163],[20.4386,-32.94006],[20.38005,-32.90185],[20.36388,-32.91081],[20.36386,-32.88595],[20.35717,-32.86408],[20.34165,-32.85781],[20.33198,-32.84506],[20.2999,-32.80496],[20.25729,-32.79966],[20.21904,-32.78474],[20.18761,-32.75267],[20.19172,-32.68576],[20.18141,-32.6681],[20.14119,-32.64374],[20.136895,-32.61098],[20.114723,-32.570225],[20.12279,-32.55698],[20.09783,-32.50527],[20.09681,-32.50296],[20.09641,-32.47668],[20.09221,-32.45887],[20.07969,-32.3975],[20.08176,-32.398],[20.12629,-32.4184],[20.13202,-32.42112],[20.15259,-32.39953],[20.16379,-32.38738],[20.17045,-32.38087],[20.16352,-32.35102],[20.21603,-32.30316],[20.25417,-32.31085],[20.2496,-32.27923],[20.24927,-32.27528],[20.24625,-32.25257],[20.24084,-32.22419],[20.16636,-32.22749],[20.18092,-32.18455],[20.15183,-32.18652],[20.15105,-32.18735],[20.14034,-32.19031],[20.13591,-32.19232],[20.12908,-32.19853],[20.12339,-32.20286],[20.11899,-32.20697],[20.11411,-32.21403],[20.10927,-32.23014],[20.10744,-32.23331],[20.10392,-32.23684],[20.10014,-32.24272],[20.09696,-32.25024],[20.08501,-32.24826],[20.05361,-32.25231],[20.03862,-32.29644],[20.0147,-32.32004],[20.00445,-32.32993],[19.99098,-32.33771],[19.96817,-32.3505],[19.96698,-32.35171],[19.93749,-32.37728],[19.88086,-32.3824],[19.87389,-32.3832],[19.84949,-32.36623],[19.8178,-32.36072],[19.8027,-32.3937],[19.76413,-32.41112],[19.73662,-32.38552],[19.73408,-32.39813],[19.73131,-32.41013],[19.70739,-32.42031],[19.73024,-32.44236],[19.72557,-32.44394],[19.69957,-32.45403],[19.67974,-32.46351],[19.66806,-32.45477],[19.65487,-32.43878],[19.62185,-32.47062],[19.625,-32.49297],[19.62647,-32.50204],[19.615,-32.52896],[19.60712,-32.54538],[19.60958,-32.55945],[19.612,-32.56655],[19.60495,-32.62946],[19.59194,-32.6427],[19.58724,-32.64778],[19.52825,-32.67324],[19.51426,-32.64314],[19.49917,-32.61209],[19.486805,-32.56544],[19.48422,-32.57658],[19.48497,-32.57995],[19.47559,-32.59692],[19.4663,-32.60146],[19.46085,-32.60764],[19.45221,-32.60776],[19.45352,-32.61246],[19.45328,-32.62566],[19.44127,-32.63811],[19.4379,-32.62585],[19.41902,-32.62232],[19.39612,-32.60666],[19.3712,-32.60894],[19.35693,-32.61636],[19.34125,-32.58305],[19.32005,-32.57464],[19.28118,-32.5814],[19.2647,-32.58872],[19.2231,-32.57467],[19.2026,-32.5776],[19.16984,-32.57262],[19.15917,-32.57193],[19.14858,-32.58568],[19.15638,-32.60432],[19.14636,-32.60513],[19.1376,-32.6046],[19.14299,-32.62144],[19.16405,-32.64933],[19.17167,-32.66393],[19.18513,-32.68413],[19.2048,-32.71114],[19.20864,-32.73096],[19.17177,-32.73682],[19.17064,-32.79583],[19.17264,-32.79807],[19.18443,-32.82707],[19.18615,-32.86816],[19.15371,-32.98404],[19.16553,-33.03542],[19.17736,-33.06001],[19.17299,-33.09192],[19.14618,-33.10614],[19.08956,-33.11407],[19.07242,-33.12766],[19.05606,-33.1401],[19.05095,-33.14204],[19.0394,-33.14146],[19.01983,-33.14171],[19.00619,-33.14536],[19.00012,-33.14553],[18.99059,-33.14845],[18.9801,-33.15211],[18.95597,-33.1674],[18.95719,-33.17559],[18.95647,-33.18808],[18.943235,-33.193738],[18.94051,-33.19668],[18.939005,-33.19639],[18.93634,-33.19877],[18.93202,-33.20088],[18.93238,-33.20308],[18.9375,-33.20259],[18.94168,-33.20112],[18.94658,-33.20199],[18.94814,-33.20507],[18.94345,-33.20864],[18.95022,-33.21506],[18.95121,-33.21724],[18.95627,-33.22012],[18.95743,-33.22381],[18.95601,-33.22897],[18.95695,-33.23209],[18.95593,-33.23423],[18.94753,-33.23906],[18.94763,-33.24164],[18.95055,-33.24614],[18.95015,-33.24878],[18.94575,-33.2527],[18.94677,-33.25503],[18.95021,-33.25487],[18.95305,-33.25608],[18.95473,-33.25981],[18.95438,-33.26175],[18.95086,-33.26551],[18.95197,-33.2666],[18.95725,-33.26735],[18.96193,-33.26674],[18.96546,-33.26934],[18.96643,-33.27423],[18.97431,-33.2771],[18.97606,-33.28195],[18.97357,-33.28917],[18.9813,-33.29318],[18.97964,-33.29688],[18.98804,-33.29863],[18.99063,-33.30045],[18.98816,-33.30468],[18.9893,-33.30581],[18.99447,-33.30634],[18.99735,-33.30791],[18.9947,-33.31395],[18.99048,-33.31395],[18.98554,-33.31291],[18.98318,-33.31356],[18.97844,-33.31823],[18.97996,-33.32234],[18.97948,-33.32513],[18.98028,-33.32853],[18.98698,-33.32943],[18.98993,-33.3316],[18.98441,-33.33648],[18.97942,-33.34022],[18.98117,-33.34509],[18.98619,-33.34667],[18.99277,-33.35479],[18.98907,-33.35721],[18.9862,-33.36012],[18.98637,-33.36269],[18.99238,-33.36407],[18.99387,-33.36585],[18.99084,-33.36888],[18.99073,-33.37224],[18.98629,-33.37615],[18.98471,-33.37839],[18.98519,-33.38038],[18.99125,-33.38093],[18.9932,-33.3828],[18.98873,-33.38891],[18.99245,-33.39439],[18.99024,-33.3963],[18.97997,-33.39845],[18.97784,-33.40168],[18.9825,-33.40424],[18.98243,-33.40698],[18.97717,-33.40746],[18.97486,-33.41035],[18.97491,-33.41202],[18.97229,-33.41449],[18.96745,-33.4213],[18.96717,-33.42476],[18.97021,-33.42814],[18.96937,-33.43032],[18.96165,-33.42961],[18.95828,-33.42792],[18.95535,-33.4302],[18.95617,-33.43514],[18.95972,-33.44204],[18.95551,-33.44848],[18.95008,-33.45109],[18.94871,-33.45351],[18.9486,-33.45652],[18.95428,-33.46027],[18.95311,-33.46275],[18.94573,-33.46417],[18.94425,-33.46547],[18.93979,-33.46642],[18.93801,-33.47007],[18.93829,-33.4787],[18.93693,-33.48067],[18.93741,-33.48463],[18.93461,-33.48896],[18.93405,-33.49215],[18.93547,-33.49479],[18.93889,-33.49752],[18.93921,-33.5019],[18.93658,-33.50453],[18.93646,-33.50839],[18.93953,-33.51672],[18.93994,-33.52141],[18.93721,-33.52292],[18.93338,-33.5227],[18.93141,-33.52494],[18.9343,-33.53147],[18.93646,-33.54424],[18.93809,-33.546],[18.91347,-33.55143],[18.89972,-33.55107],[18.89833,-33.55366],[18.89564,-33.56554],[18.89278,-33.57152],[18.8623,-33.57541],[18.85588,-33.56915],[18.83931,-33.57763],[18.84187,-33.5887],[18.83831,-33.58973],[18.83831,-33.59593],[18.83631,-33.60441],[18.81825,-33.59519],[18.81591,-33.59936],[18.80162,-33.62042],[18.78754,-33.63763],[18.80117,-33.639045],[18.8219,-33.64179],[18.81387,-33.65595],[18.80215,-33.673725],[18.79371,-33.67943],[18.79565,-33.69045],[18.79614,-33.69527],[18.79459,-33.70683],[18.79802,-33.70788],[18.80193,-33.70505],[18.80399,-33.7059],[18.80616,-33.71017],[18.80925,-33.70897],[18.81019,-33.71368],[18.8134,-33.71311],[18.81261,-33.7084],[18.813215,-33.70645],[18.8188,-33.70699],[18.82199,-33.7083],[18.82108,-33.7166],[18.8182,-33.72231],[18.82061,-33.72589],[18.82562,-33.73128],[18.833,-33.73817],[18.80946,-33.74078],[18.8101,-33.75776],[18.81099,-33.75879],[18.80495,-33.76164],[18.787651,-33.766683],[18.80977,-33.78133],[18.79624,-33.79816],[18.784428,-33.803787],[18.78695,-33.813435],[18.788574,-33.816481],[18.79257,-33.81921],[18.76777,-33.82622],[18.76839,-33.83269],[18.75661,-33.83348],[18.75287,-33.83442],[18.753115,-33.849985],[18.745795,-33.86028],[18.74572,-33.87395],[18.75291,-33.884522],[18.751381,-33.893539],[18.745939,-33.88744],[18.73707,-33.89349],[18.73562,-33.89103],[18.723441,-33.895439],[18.717251,-33.898472],[18.71657,-33.90197],[18.719311,-33.903462],[18.71716,-33.90559],[18.71514,-33.904201],[18.708341,-33.92266],[18.71081,-33.921169],[18.71987,-33.92374],[18.724779,-33.925819],[18.72737,-33.924709],[18.733271,-33.92965],[18.73958,-33.932751],[18.743959,-33.932209],[18.74234,-33.936501],[18.736919,-33.940552],[18.73785,-33.94221],[18.73081,-33.96277],[18.7335,-33.96592],[18.729171,-33.967475],[18.740685,-33.984127],[18.74542,-33.98736],[18.73773,-33.9893],[18.74637,-33.99844],[18.75177,-34.00532],[18.74587,-34.00639],[18.74739,-34.0104],[18.74195,-34.0135],[18.74479,-34.01929],[18.74206,-34.02129],[18.74443,-34.02482],[18.75102,-34.02821],[18.75478,-34.03465],[18.75901,-34.03334],[18.76368,-34.03868],[18.76767,-34.04043],[18.76625,-34.04371],[18.773,-34.04666],[18.784652,-34.050637],[18.79021,-34.05288],[18.79492,-34.05375],[18.79859,-34.05346],[18.80604,-34.05401],[18.80922,-34.06339],[18.81381,-34.05835],[18.81548,-34.05411],[18.81479,-34.052034],[18.805049,-34.052173],[18.80519,-34.05121],[18.81317,-34.04534],[18.81895,-34.03971],[18.82455,-34.04276],[18.83077,-34.04209],[18.83302,-34.04294],[18.8358,-34.04664],[18.84184,-34.04711],[18.86191,-34.03827],[18.85923,-34.03365],[18.85526,-34.03093],[18.86632,-34.03205],[18.86919,-34.03052],[18.87219,-34.03404],[18.87833,-34.03395],[18.88101,-34.03251],[18.88479,-34.03419],[18.885175,-34.03032],[18.88811,-34.03042],[18.89257,-34.02553],[18.89716,-34.02642],[18.89955,-34.02435],[18.90597,-34.02171],[18.9098,-34.02077],[18.91093,-34.01874],[18.92273,-34.01386],[18.9176,-34.01128],[18.91968,-34.0054],[18.92217,-34.0028],[18.9274,-33.99994],[18.93157,-34.00257],[18.94371,-34.00372],[18.94438,-34.00508],[18.9553,-34.01011],[18.9621,-34.01621],[18.9656,-34.01856],[18.96949,-34.0199],[18.96994,-34.02145],[18.984605,-34.0359],[18.987131,-34.03527],[19.02639,-34.02059],[19.04242,-34.0083],[19.07311,-33.99081],[19.09866,-33.97595],[19.12606,-33.96172],[19.14555,-33.95595],[19.16459,-33.97142],[19.191,-33.94722],[19.20658,-33.95041],[19.2438,-33.89745],[19.26525,-33.90029],[19.25839,-33.88311],[19.27819,-33.879455],[19.2974,-33.88968],[19.31055,-33.91373],[19.312799,-33.934978],[19.31886,-33.94719],[19.32505,-33.95208],[19.33587,-33.95824],[19.34856,-33.9552],[19.36178,-33.97154],[19.400505,-33.985455],[19.42674,-33.99318],[19.4558,-33.99988],[19.48655,-33.98281],[19.50689,-33.9717],[19.5333,-33.96953],[19.56624,-34.00198],[19.58212,-34.00984],[19.58983,-34.01236],[19.608311,-34.007484],[19.640619,-34.002785],[19.668894,-34.008417],[19.68066,-34.00914],[19.70014,-34.0464],[19.71478,-34.04898],[19.73498,-34.04116],[19.75522,-34.05441],[19.81032,-34.05543],[19.85358,-34.06331],[19.8855,-34.06616],[19.90622,-34.07616],[19.93577,-34.07593],[19.98654,-34.07817],[19.98927,-34.0855],[20.00746,-34.09392],[20.01081,-34.09155],[20.0085,-34.0639],[20.03283,-34.05965],[20.08081,-34.06459],[20.11166,-34.0609],[20.12245,-34.06067],[20.14169,-34.05921],[20.14253,-34.05589],[20.15168,-34.04464],[20.16153,-34.0409],[20.1724,-34.03977],[20.17781,-34.02983],[20.18594,-34.03595],[20.19609,-34.04],[20.192543,-34.04621],[20.20029,-34.05295],[20.20381,-34.06052],[20.2049,-34.06547],[20.20217,-34.07856],[20.15,-34.07841],[20.14926,-34.07665],[20.14499,-34.07982],[20.13761,-34.08236],[20.14125,-34.084],[20.14055,-34.08539],[20.18778,-34.0974],[20.18728,-34.102],[20.197402,-34.100475],[20.20314,-34.08843],[20.22997,-34.0952],[20.22907,-34.10065],[20.22445,-34.10227],[20.2218,-34.1111],[20.24676,-34.11726],[20.25011,-34.10599],[20.27266,-34.10616],[20.27013,-34.09016],[20.29134,-34.0913],[20.30566,-34.07728],[20.30122,-34.07642],[20.29764,-34.07815],[20.28937,-34.08013],[20.28615,-34.0789],[20.28604,-34.07529],[20.28728,-34.07189],[20.28556,-34.06996],[20.28578,-34.06503],[20.29888,-34.06033],[20.29454,-34.0504],[20.28647,-34.05107],[20.28468,-34.04301],[20.2834,-34.04019],[20.29076,-34.04194],[20.29585,-34.03633],[20.30714,-34.02937],[20.30461,-34.02277],[20.30405,-34.01405],[20.30711,-34.00563],[20.3138,-34.00172],[20.32089,-34.00256],[20.32415,-34.0018],[20.32102,-33.99658],[20.31781,-33.99365],[20.32802,-33.97305],[20.29686,-33.96398],[20.29094,-33.96091],[20.2843,-33.9544],[20.28035,-33.95375],[20.28321,-33.9574],[20.25839,-33.94173],[20.22833,-33.91602],[20.2269,-33.9139],[20.22246,-33.91282],[20.23437,-33.89786],[20.23785,-33.90044],[20.32443,-33.94957],[20.43604,-33.95774],[20.44312,-33.94324],[20.46019,-33.90635],[20.46951,-33.89567],[20.46991,-33.8897],[20.46825,-33.88029],[20.46075,-33.87642],[20.44248,-33.85787],[20.44175,-33.83713],[20.43535,-33.8264],[20.44146,-33.81977],[20.42663,-33.81095],[20.44369,-33.81007],[20.45018,-33.80682],[20.4682,-33.81343],[20.46843,-33.81828],[20.4805,-33.82276],[20.51447,-33.80262],[20.4976,-33.79518],[20.44789,-33.77397],[20.456525,-33.758611],[20.472821,-33.729169],[20.469152,-33.681952],[20.503943,-33.682042],[20.535172,-33.660713],[20.503259,-33.637],[20.53247,-33.59753],[20.57435,-33.53876],[20.57713,-33.5281],[20.54937,-33.5287],[20.5476,-33.51952],[20.56098,-33.51688],[20.6203,-33.51014],[20.65662,-33.50458],[20.72358,-33.49718],[20.762,-33.49084],[20.85791,-33.45475],[20.9218,-33.43065],[20.97264,-33.42252],[21.00971,-33.43927],[21.04928,-33.4339],[21.08389,-33.43213],[21.11385,-33.43074],[21.1383,-33.42284],[21.16572,-33.415],[21.20642,-33.4217],[21.25277,-33.41564],[21.262,-33.41428],[21.30248,-33.4071],[21.36773,-33.39823],[21.4331,-33.39417],[21.48849,-33.40935],[21.50467,-33.4107],[21.52182,-33.41441],[21.55335,-33.41052],[21.58149,-33.40457],[21.61195,-33.3968],[21.67999,-33.40479],[21.70793,-33.39641],[21.74715,-33.39714],[21.79261,-33.38994],[21.82724,-33.39104],[21.85693,-33.38239],[21.90208,-33.36496],[21.96288,-33.3662],[22.00576,-33.35552],[22.05092,-33.35145],[22.10868,-33.34106],[22.14525,-33.33541],[22.18217,-33.32172],[22.21399,-33.31496],[22.2887,-33.33397],[22.39129,-33.36409],[22.46474,-33.40452],[22.51566,-33.40967],[22.58182,-33.40468],[22.66434,-33.41571],[22.71448,-33.41491],[22.77443,-33.41974],[22.7845,-33.41553],[22.73574,-33.39477],[22.73753,-33.37902],[22.73927,-33.32398],[22.77339,-33.32626],[22.77393,-33.30903],[22.79026,-33.30731],[22.81442,-33.26503],[22.82578,-33.24482],[22.84022,-33.22021],[22.85068,-33.21134],[22.86381,-33.19886],[22.877208,-33.186904],[22.89227,-33.14163],[22.92307,-33.10907],[22.95531,-33.07314],[22.95785,-33.04506],[22.93409,-33.02166],[22.93521,-33.01304],[22.96925,-32.99337],[22.94875,-32.95004],[23.00368,-32.89828],[23.00744,-32.87282],[23.09801,-32.87369],[23.11642,-32.85799],[23.08935,-32.79918],[23.14933,-32.76674],[23.18747,-32.76743],[23.2011,-32.785355],[23.25041,-32.78858],[23.30517,-32.8095],[23.37862,-32.82502],[23.397737,-32.76348],[23.3516,-32.76379],[23.35208,-32.75422],[23.35268,-32.73369],[23.3535,-32.72944],[23.33631,-32.70814],[23.33286,-32.70361],[23.27631,-32.67503],[23.26957,-32.67148],[23.28979,-32.65919],[23.30131,-32.65179],[23.30729,-32.61165],[23.29701,-32.57866],[23.288155,-32.55121],[23.24447,-32.51323],[23.24686,-32.47869],[23.24754,-32.46533],[23.22161,-32.42504],[23.27214,-32.40066],[23.287215,-32.404175],[23.30733,-32.39592],[23.31092,-32.38926],[23.31551,-32.38236],[23.33305,-32.35114],[23.34926,-32.36441],[23.36637,-32.37145],[23.38921,-32.3806],[23.40985,-32.3892],[23.41872,-32.36999],[23.42465,-32.35624],[23.44851,-32.32371],[23.44896,-32.32327],[23.50469,-32.32754],[23.52359,-32.32876],[23.55546,-32.33538],[23.59178,-32.34077],[23.66515,-32.34423],[23.67837,-32.32911],[23.65697,-32.30395],[23.64887,-32.29802],[23.66159,-32.26373],[23.66616,-32.24975],[23.67045,-32.23767],[23.69241,-32.23346],[23.70817,-32.21915],[23.72608,-32.20845],[23.74707,-32.20068],[23.76623,-32.17873],[23.79785,-32.19407],[23.81606,-32.211],[23.83931,-32.23233],[23.85108,-32.24252],[23.86445,-32.249],[23.88148,-32.25239],[23.8923,-32.25495],[23.91628,-32.23764],[23.92096,-32.23342],[23.93524,-32.23196],[23.9446,-32.22474],[23.953,-32.21647],[23.96115,-32.20652],[23.9847,-32.1984],[23.98583,-32.19783],[24.03053,-32.19348],[24.04393,-32.18195],[24.04171,-32.17523],[24.03803,-32.15813],[24.04244,-32.15825],[24.06921,-32.1601],[24.0882,-32.16383],[24.10013,-32.164],[24.11293,-32.15093],[24.102235,-32.14883],[24.11757,-32.13522],[24.13036,-32.13196],[24.13553,-32.12314],[24.13544,-32.09786],[24.109675,-32.08429],[24.09788,-32.110775],[24.09878,-32.09155],[24.09788,-32.08517],[24.10285,-32.06989],[24.10443,-32.06764],[24.11047,-32.06877],[24.11256,-32.07003],[24.11185,-32.06164],[24.12329,-32.05593],[24.134805,-32.0602],[24.14107,-32.05136],[24.12861,-32.04125],[24.13525,-32.02695],[24.14087,-32.01171],[24.17448,-32.01994],[24.17485,-32.01256],[24.1894,-32.01225],[24.1878,-32.00818],[24.19374,-32.00483],[24.1885,-32.00013],[24.18303,-31.99594],[24.20188,-31.9768],[24.22241,-31.95564],[24.21207,-31.94745],[24.20543,-31.94169],[24.19981,-31.94257],[24.18804,-31.93363],[24.19115,-31.92677],[24.1972,-31.92349],[24.19192,-31.91996],[24.1642,-31.90241],[24.14724,-31.89695],[24.14681,-31.90269],[24.13865,-31.90544],[24.11817,-31.90598],[24.10538,-31.90685],[24.10475,-31.88681],[24.1083,-31.88614],[24.12242,-31.85006],[24.12377,-31.84722],[24.14533,-31.85265],[24.15332,-31.85491],[24.15483,-31.82248],[24.15977,-31.82314],[24.17975,-31.81939],[24.1837,-31.81328],[24.15433,-31.79831],[24.15424,-31.79476],[24.15246,-31.78861]]]},"properties":{"code":"023"}},{"type":"Feature","geometry":{"type":"Polygon","coordinates":[[[28.65157,-25.1429],[28.64891,-25.11292],[28.64312,-25.11544],[28.63496,-25.11833],[28.63596,-25.12813],[28.59672,-25.13847],[28.59611,-25.14258],[28.53853,-25.15211],[28.53683,-25.15255],[28.53206,-25.16979],[28.52171,-25.17327],[28.49765,-25.18183],[28.4616,-25.20148],[28.45143,-25.20333],[28.42991,-25.20662],[28.38688,-25.21339],[28.41102,-25.20483],[28.39191,-25.16415],[28.37926,-25.1553],[28.40052,-25.14777],[28.42634,-25.13623],[28.44297,-25.12899],[28.4466,-25.13587],[28.49524,-25.13178],[28.49222,-25.12562],[28.47374,-25.08932],[28.51478,-25.08343],[28.55799,-25.0775],[28.6069,-25.07039],[28.60949,-25.0599],[28.63429,-25.05824],[28.61907,-25.0308],[28.60554,-25.0038],[28.6338,-24.98439],[28.65885,-24.97217],[28.68839,-24.96277],[28.71378,-24.95362],[28.75938,-24.91135],[28.78495,-24.91288],[28.810778,-24.91458],[28.83739,-24.91601],[28.84639,-24.93326],[28.88266,-24.91786],[28.92407,-24.90153],[28.91416,-24.88907],[28.93842,-24.87317],[28.96183,-24.91395],[28.98944,-24.90325],[28.99367,-24.91196],[29.05593,-24.91226],[29.07181,-24.94061],[29.08288,-24.98121],[29.15861,-24.95274],[29.173687,-24.949302],[29.18315,-24.93992],[29.17893,-24.91409],[29.17575,-24.90541],[29.20389,-24.89568],[29.21043,-24.87251],[29.21631,-24.85219],[29.22978,-24.81265],[29.26436,-24.81223],[29.27039,-24.79937],[29.27558,-24.79137],[29.27067,-24.77849],[29.27204,-24.74259],[29.24738,-24.71361],[29.263771,-24.70749],[29.304333,-24.691633],[29.32795,-24.68152],[29.34064,-24.6763],[29.35794,-24.66849],[29.3699,-24.663356],[29.39415,-24.65838],[29.37489,-24.61742],[29.40049,-24.60853],[29.38724,-24.57427],[29.35747,-24.58807],[29.33454,-24.55575],[29.30647,-24.48711],[29.29217,-24.44974],[29.27104,-24.41807],[29.25364,-24.3754],[29.25948,-24.33723],[29.23042,-24.33766],[29.17054,-24.35873],[29.11222,-24.37411],[29.09141,-24.373],[29.05085,-24.37111],[29.06316,-24.29984],[29.04408,-24.29802],[29.03204,-24.24783],[29.07267,-24.20645],[29.09953,-24.23207],[29.14799,-24.22378],[29.16878,-24.27023],[29.18897,-24.25694],[29.19528,-24.23115],[29.19034,-24.20256],[29.19172,-24.17028],[29.2285,-24.14414],[29.23419,-24.14543],[29.23004,-24.10906],[29.21049,-24.09844],[29.18795,-24.09293],[29.18529,-24.07044],[29.16215,-24.07928],[29.15266,-24.06482],[29.15368,-24.05679],[29.18066,-24.03233],[29.19944,-24.01367],[29.1838,-24.00908],[29.15701,-24.00818],[29.14851,-24.00914],[29.09343,-23.98465],[29.07386,-23.9431],[29.04493,-23.90557],[29.00554,-23.89821],[28.98211,-23.8778],[28.998438,-23.841155],[28.96598,-23.8268],[28.921747,-23.811421],[28.92139,-23.81122],[28.9054,-23.85864],[28.87752,-23.86448],[28.8432,-23.83398],[28.84938,-23.82992],[28.85486,-23.80682],[28.84821,-23.79011],[28.88435,-23.78469],[28.85781,-23.75723],[28.8694,-23.7259],[28.87879,-23.697186],[28.87552,-23.64662],[28.90824,-23.6245],[28.92017,-23.61664],[28.93142,-23.59828],[28.96925,-23.597833],[28.93926,-23.57054],[28.91006,-23.54446],[28.89606,-23.52163],[28.865534,-23.486373],[28.82739,-23.45381],[28.79561,-23.41606],[28.77724,-23.37934],[28.76053,-23.36399],[28.73577,-23.33091],[28.68512,-23.33613],[28.6829,-23.34062],[28.68158,-23.34665],[28.67674,-23.35024],[28.67549,-23.35303],[28.67784,-23.3584],[28.67725,-23.36115],[28.67506,-23.36289],[28.67063,-23.3638],[28.66737,-23.36615],[28.66453,-23.36931],[28.65936,-23.37198],[28.65764,-23.37449],[28.6576,-23.37916],[28.6597,-23.38575],[28.64031,-23.39401],[28.59593,-23.40472],[28.59296,-23.37855],[28.56576,-23.37692],[28.53959,-23.35097],[28.49751,-23.34495],[28.47404,-23.31219],[28.45114,-23.32525],[28.41329,-23.35167],[28.38696,-23.31627],[28.37703,-23.29994],[28.35098,-23.30403],[28.35554,-23.28345],[28.34192,-23.25624],[28.33147,-23.23293],[28.32009,-23.20402],[28.35329,-23.18415],[28.34445,-23.14829],[28.33707,-23.12284],[28.29118,-23.09098],[28.257618,-23.104201],[28.25177,-23.10866],[28.22434,-23.04933],[28.22115,-23.00138],[28.24518,-22.99799],[28.23456,-22.96704],[28.20009,-22.93144],[28.18272,-22.94921],[28.14764,-22.91604],[28.169161,-22.905954],[28.14736,-22.89026],[28.13126,-22.87882],[28.15339,-22.86915],[28.11348,-22.84502],[28.1352,-22.83243],[28.096937,-22.811053],[28.09481,-22.81369],[28.09151,-22.81482],[28.08664,-22.81526],[28.08262,-22.81716],[28.07909,-22.82013],[28.07553,-22.82132],[28.07142,-22.82389],[28.06905,-22.82706],[28.06494,-22.82876],[28.05622,-22.82781],[28.04573,-22.83009],[28.04227,-22.83227],[28.04052,-22.83484],[28.03914,-22.84191],[28.04125,-22.84794],[28.04632,-22.85688],[28.04741,-22.86061],[28.04623,-22.86804],[28.04447,-22.87189],[28.05068,-22.88098],[28.05128,-22.88382],[28.04999,-22.88908],[28.04687,-22.89134],[28.04513,-22.89398],[28.04562,-22.89856],[28.04309,-22.90462],[28.04065,-22.9088],[28.03682,-22.91303],[28.02484,-22.9197],[28.02064,-22.92327],[28.01378,-22.93099],[28.00327,-22.93464],[27.99547,-22.93647],[27.98681,-22.94177],[27.9817,-22.94572],[27.97941,-22.94815],[27.97248,-22.95122],[27.96616,-22.95457],[27.9597,-22.96063],[27.95502,-22.96163],[27.94835,-22.96112],[27.94514,-22.95966],[27.94323,-22.95629],[27.93982,-22.95631],[27.93581,-22.96184],[27.93529,-22.96557],[27.93722,-22.97201],[27.94058,-22.9806],[27.94079,-22.98413],[27.94266,-22.9942],[27.94136,-23.00053],[27.93862,-23.00328],[27.93744,-23.00729],[27.93803,-23.01063],[27.93768,-23.01623],[27.9391,-23.01869],[27.94309,-23.02819],[27.94349,-23.03622],[27.93828,-23.04833],[27.93461,-23.05291],[27.92978,-23.05541],[27.92597,-23.05912],[27.92055,-23.06778],[27.91587,-23.06988],[27.91239,-23.07364],[27.9082,-23.07597],[27.89968,-23.07811],[27.89741,-23.07953],[27.89492,-23.08278],[27.89341,-23.08288],[27.88698,-23.08636],[27.8811,-23.09051],[27.8727,-23.09251],[27.86927,-23.09442],[27.8582,-23.09894],[27.85315,-23.10012],[27.84793,-23.10476],[27.84421,-23.10509],[27.8327,-23.10889],[27.82725,-23.10705],[27.82229,-23.10795],[27.81962,-23.1046],[27.81406,-23.10647],[27.81212,-23.10946],[27.81335,-23.11535],[27.81951,-23.12095],[27.81956,-23.12429],[27.81843,-23.1281],[27.81153,-23.13089],[27.80965,-23.1344],[27.80664,-23.13576],[27.79381,-23.13748],[27.79144,-23.14117],[27.7876,-23.141],[27.78362,-23.14295],[27.78035,-23.14227],[27.77944,-23.13861],[27.78082,-23.13576],[27.77847,-23.1318],[27.77454,-23.13086],[27.7673,-23.13349],[27.76533,-23.13683],[27.7653,-23.14242],[27.77007,-23.14511],[27.78334,-23.15767],[27.78558,-23.16471],[27.78581,-23.16805],[27.78458,-23.17248],[27.78055,-23.17719],[27.77117,-23.17966],[27.76919,-23.18116],[27.76798,-23.18494],[27.76571,-23.18564],[27.75962,-23.19056],[27.75997,-23.19523],[27.75637,-23.19853],[27.75362,-23.20417],[27.75076,-23.20573],[27.7511,-23.21299],[27.75258,-23.21759],[27.7512,-23.22052],[27.74162,-23.23041],[27.73649,-23.23293],[27.73312,-23.23321],[27.72996,-23.23247],[27.72623,-23.23286],[27.72437,-23.22916],[27.72205,-23.22893],[27.71901,-23.23039],[27.71336,-23.22815],[27.71176,-23.22604],[27.71126,-23.22005],[27.70686,-23.21238],[27.70372,-23.20374],[27.69983,-23.20002],[27.69673,-23.19927],[27.6893,-23.19623],[27.68641,-23.19734],[27.68222,-23.19762],[27.67201,-23.20048],[27.6679,-23.20488],[27.6669,-23.21112],[27.66235,-23.21631],[27.66015,-23.21785],[27.66038,-23.22066],[27.65826,-23.22219],[27.65236,-23.22188],[27.65048,-23.22524],[27.64708,-23.22583],[27.64138,-23.22475],[27.63901,-23.22608],[27.63148,-23.22343],[27.62952,-23.22116],[27.6248,-23.22074],[27.62242,-23.21852],[27.61937,-23.21814],[27.61687,-23.21956],[27.61309,-23.21969],[27.60951,-23.21862],[27.60359,-23.21579],[27.59929,-23.21788],[27.59786,-23.21971],[27.59661,-23.22369],[27.59777,-23.22609],[27.59653,-23.22822],[27.59638,-23.23543],[27.60093,-23.24338],[27.60159,-23.24623],[27.59812,-23.24965],[27.5972,-23.25173],[27.59135,-23.25692],[27.58903,-23.25648],[27.58644,-23.25832],[27.58247,-23.25757],[27.57558,-23.26134],[27.57294,-23.26531],[27.57401,-23.26969],[27.573,-23.27109],[27.57413,-23.27557],[27.57536,-23.27671],[27.57631,-23.28094],[27.57547,-23.28432],[27.57257,-23.29042],[27.57309,-23.29421],[27.56904,-23.29821],[27.56829,-23.30296],[27.56384,-23.30576],[27.5603,-23.31541],[27.56185,-23.3174],[27.5698,-23.32463],[27.57074,-23.32599],[27.5684,-23.33201],[27.5676,-23.33967],[27.56389,-23.34816],[27.5621,-23.34994],[27.5581,-23.35022],[27.5552,-23.35335],[27.5535,-23.35745],[27.54796,-23.35823],[27.54165,-23.36504],[27.53853,-23.36583],[27.53721,-23.37097],[27.53663,-23.37575],[27.53234,-23.37784],[27.52861,-23.38281],[27.52865,-23.38527],[27.52204,-23.38725],[27.5186,-23.38545],[27.51383,-23.38555],[27.50444,-23.38805],[27.49694,-23.38431],[27.49408,-23.38428],[27.49322,-23.38705],[27.48279,-23.38465],[27.48057,-23.38609],[27.4753,-23.38651],[27.47034,-23.38467],[27.46881,-23.38614],[27.46452,-23.38588],[27.46121,-23.384],[27.45695,-23.38419],[27.45533,-23.38576],[27.45077,-23.38568],[27.44767,-23.38653],[27.44526,-23.38486],[27.44198,-23.38467],[27.44211,-23.38831],[27.44092,-23.39309],[27.43518,-23.39739],[27.43361,-23.40798],[27.43329,-23.4129],[27.43085,-23.41593],[27.43062,-23.41863],[27.4282,-23.42493],[27.42704,-23.42578],[27.4173,-23.42658],[27.41207,-23.42532],[27.40829,-23.42294],[27.40505,-23.41966],[27.40405,-23.41652],[27.40104,-23.41198],[27.40855,-23.40222],[27.41023,-23.39959],[27.4108,-23.39421],[27.41028,-23.39045],[27.40721,-23.38877],[27.39961,-23.38875],[27.39565,-23.38999],[27.38805,-23.38989],[27.38547,-23.39135],[27.38326,-23.39466],[27.377,-23.39953],[27.37611,-23.40496],[27.37311,-23.40757],[27.37284,-23.41002],[27.38071,-23.41997],[27.37951,-23.42162],[27.37619,-23.4224],[27.37426,-23.42709],[27.36367,-23.4272],[27.35985,-23.4278],[27.35362,-23.42749],[27.35043,-23.42661],[27.34815,-23.42384],[27.35016,-23.42088],[27.35272,-23.41332],[27.35639,-23.41058],[27.35666,-23.40674],[27.35551,-23.40371],[27.35697,-23.4024],[27.35633,-23.39944],[27.35232,-23.39771],[27.34881,-23.39752],[27.34217,-23.39877],[27.33586,-23.40086],[27.33291,-23.40261],[27.32981,-23.40308],[27.32518,-23.40658],[27.32425,-23.41123],[27.3258,-23.41482],[27.32407,-23.41819],[27.32011,-23.42074],[27.31888,-23.42385],[27.31667,-23.42601],[27.31567,-23.4298],[27.31273,-23.43094],[27.31178,-23.43357],[27.3148,-23.43456],[27.31567,-23.43647],[27.31295,-23.43997],[27.31411,-23.44283],[27.31658,-23.44456],[27.31612,-23.44699],[27.31063,-23.45233],[27.30842,-23.45089],[27.30543,-23.45316],[27.30601,-23.45669],[27.30296,-23.46266],[27.29687,-23.46041],[27.29441,-23.4601],[27.28763,-23.46231],[27.28514,-23.46962],[27.28364,-23.47112],[27.27925,-23.47215],[27.27377,-23.47538],[27.26801,-23.47778],[27.26364,-23.47811],[27.26035,-23.4722],[27.25792,-23.47307],[27.25518,-23.47723],[27.25067,-23.47862],[27.24662,-23.47858],[27.24206,-23.48338],[27.23912,-23.48289],[27.2364,-23.48494],[27.23547,-23.4875],[27.23541,-23.49457],[27.23257,-23.49609],[27.22575,-23.49685],[27.22354,-23.49302],[27.22702,-23.48547],[27.22555,-23.48516],[27.21963,-23.48676],[27.21665,-23.48841],[27.20934,-23.48995],[27.20725,-23.49214],[27.20159,-23.4947],[27.19695,-23.49614],[27.19208,-23.49847],[27.19353,-23.50116],[27.1928,-23.50915],[27.19426,-23.51495],[27.19965,-23.51552],[27.2031,-23.51935],[27.20905,-23.52139],[27.21087,-23.52603],[27.21042,-23.52737],[27.20531,-23.52673],[27.20187,-23.52866],[27.20091,-23.53023],[27.20207,-23.53284],[27.19912,-23.535],[27.19621,-23.53441],[27.19371,-23.5315],[27.19181,-23.53403],[27.18757,-23.53264],[27.17903,-23.52605],[27.17622,-23.52507],[27.17316,-23.52224],[27.16603,-23.52504],[27.16734,-23.529],[27.16566,-23.53142],[27.1644,-23.53658],[27.1612,-23.53715],[27.15556,-23.53522],[27.15464,-23.53122],[27.15307,-23.52892],[27.14884,-23.52584],[27.14718,-23.52355],[27.14367,-23.52479],[27.13898,-23.52288],[27.13662,-23.52288],[27.13376,-23.52541],[27.13301,-23.52793],[27.13844,-23.52714],[27.13925,-23.52997],[27.13648,-23.53129],[27.13481,-23.53356],[27.13405,-23.53664],[27.1347,-23.54381],[27.13614,-23.54559],[27.14004,-23.55332],[27.14805,-23.55124],[27.14996,-23.55937],[27.15327,-23.56429],[27.15267,-23.56736],[27.15055,-23.56791],[27.15114,-23.57033],[27.14983,-23.57276],[27.14475,-23.57479],[27.14333,-23.57335],[27.14,-23.57294],[27.13808,-23.57412],[27.1348,-23.57324],[27.13106,-23.5741],[27.13119,-23.56941],[27.12892,-23.56855],[27.12534,-23.56896],[27.12084,-23.56615],[27.11781,-23.56205],[27.11636,-23.56755],[27.1133,-23.57054],[27.10812,-23.57004],[27.10732,-23.57324],[27.10831,-23.57933],[27.10653,-23.58275],[27.10858,-23.58986],[27.10735,-23.59508],[27.1055,-23.59745],[27.10091,-23.59823],[27.09932,-23.60022],[27.09972,-23.60294],[27.09406,-23.60063],[27.08962,-23.60075],[27.08599,-23.59929],[27.08163,-23.5989],[27.07949,-23.60052],[27.08044,-23.60266],[27.07966,-23.60723],[27.08399,-23.61066],[27.07998,-23.61353],[27.07397,-23.61472],[27.07127,-23.61262],[27.07149,-23.60947],[27.06546,-23.61136],[27.06187,-23.61138],[27.05939,-23.61258],[27.06145,-23.61668],[27.06119,-23.62155],[27.0628,-23.62526],[27.06569,-23.62614],[27.06877,-23.62558],[27.06988,-23.63015],[27.07425,-23.63211],[27.07514,-23.63548],[27.07722,-23.63709],[27.07869,-23.64042],[27.08115,-23.64331],[27.07944,-23.64575],[27.07895,-23.64888],[27.08106,-23.65177],[27.08089,-23.65538],[27.07648,-23.65388],[27.07447,-23.65577],[27.07753,-23.65763],[27.0775,-23.66121],[27.07458,-23.66283],[27.07225,-23.66588],[27.07067,-23.67063],[27.06585,-23.67055],[27.06323,-23.67185],[27.05882,-23.67621],[27.05124,-23.67901],[27.04558,-23.68268],[27.04193,-23.68353],[27.03796,-23.68266],[27.03165,-23.67696],[27.03337,-23.66986],[27.03513,-23.66707],[27.03556,-23.66154],[27.03655,-23.65651],[27.03401,-23.65634],[27.03098,-23.65984],[27.02741,-23.65998],[27.02198,-23.65634],[27.02126,-23.65404],[27.02602,-23.65099],[27.02587,-23.64472],[27.02454,-23.64362],[27.01944,-23.64384],[27.01458,-23.63964],[27.01148,-23.63779],[27.00937,-23.6393],[27.00813,-23.64274],[27.00395,-23.64372],[27.00225,-23.64508],[26.99966,-23.65244],[26.99716,-23.65185],[26.99579,-23.6537],[26.99776,-23.65633],[27.00089,-23.65785],[27.00082,-23.66072],[27.00248,-23.66418],[27.00267,-23.66738],[27.00137,-23.67078],[26.99959,-23.67149],[26.99787,-23.6783],[27.00018,-23.68074],[27.00257,-23.68702],[27.001057,-23.689034],[26.99519,-23.69039],[26.99316,-23.69189],[26.98945,-23.69272],[26.98771,-23.69429],[26.9794,-23.69661],[26.97107,-23.70276],[26.97367,-23.70778],[26.97433,-23.71338],[26.97007,-23.71627],[26.9698,-23.7195],[26.96838,-23.72391],[26.97035,-23.72592],[26.96962,-23.72897],[26.96656,-23.72985],[26.96669,-23.73333],[26.96442,-23.73666],[26.9648,-23.73885],[26.96373,-23.7426],[26.96144,-23.74691],[26.9654,-23.75454],[26.96394,-23.75766],[26.96282,-23.76355],[26.96471,-23.76559],[26.96549,-23.76925],[26.9641,-23.7708],[26.96335,-23.77426],[26.96399,-23.77715],[26.95971,-23.78226],[26.95752,-23.78403],[26.95418,-23.78927],[26.95171,-23.79454],[26.9532,-23.80014],[26.95329,-23.80612],[26.94919,-23.81341],[26.94877,-23.82346],[26.95411,-23.82592],[26.95854,-23.82992],[26.95619,-23.83275],[26.95135,-23.84096],[26.94029,-23.84365],[26.9323,-23.85112],[26.93388,-23.85676],[26.93655,-23.85637],[26.94043,-23.85758],[26.94242,-23.8591],[26.94837,-23.86023],[26.95103,-23.86271],[26.9539,-23.86715],[26.95526,-23.87358],[26.95135,-23.87948],[26.94855,-23.88036],[26.94253,-23.88718],[26.94342,-23.89004],[26.94125,-23.89404],[26.9424,-23.89705],[26.94229,-23.90366],[26.9404,-23.90467],[26.93802,-23.90962],[26.92919,-23.91977],[26.9277,-23.92356],[26.93173,-23.93682],[26.93118,-23.94028],[26.93254,-23.95311],[26.93125,-23.957],[26.92679,-23.96133],[26.92207,-23.96324],[26.91919,-23.96719],[26.91463,-23.97142],[26.91228,-23.98043],[26.91255,-23.98548],[26.91125,-23.98709],[26.91132,-23.99066],[26.91277,-23.99527],[26.91239,-23.99769],[26.91036,-24.0002],[26.91012,-24.00453],[26.91246,-24.01141],[26.91173,-24.01341],[26.91131,-24.01917],[26.91053,-24.02016],[26.90894,-24.02918],[26.90295,-24.03375],[26.90141,-24.03691],[26.8969,-24.04134],[26.89384,-24.04521],[26.88895,-24.05555],[26.88837,-24.05895],[26.88893,-24.06182],[26.8883,-24.06705],[26.88901,-24.07157],[26.88864,-24.0759],[26.88553,-24.08765],[26.88343,-24.09236],[26.8817,-24.09412],[26.87288,-24.09756],[26.8632,-24.09972],[26.8602,-24.10656],[26.86029,-24.10834],[26.86417,-24.11244],[26.86738,-24.12302],[26.86749,-24.12448],[26.86484,-24.13156],[26.86168,-24.13752],[26.86301,-24.14054],[26.86646,-24.14365],[26.87477,-24.14746],[26.87592,-24.15256],[26.87913,-24.16011],[26.87816,-24.16688],[26.87366,-24.17058],[26.87096,-24.17151],[26.86547,-24.172],[26.86436,-24.17864],[26.86754,-24.18211],[26.86756,-24.18895],[26.87181,-24.19121],[26.87473,-24.18959],[26.87935,-24.1914],[26.88061,-24.19658],[26.87995,-24.19984],[26.87725,-24.20411],[26.873,-24.20688],[26.87085,-24.21536],[26.86736,-24.21584],[26.86472,-24.21522],[26.86156,-24.21753],[26.86263,-24.21891],[26.85915,-24.2248],[26.86027,-24.22549],[26.86152,-24.22971],[26.86332,-24.23047],[26.86459,-24.23437],[26.86271,-24.23607],[26.86279,-24.23821],[26.86628,-24.23963],[26.86881,-24.24382],[26.86539,-24.24558],[26.8663,-24.24756],[26.86433,-24.24907],[26.86589,-24.25104],[26.85952,-24.25312],[26.85533,-24.25832],[26.8558,-24.2634],[26.85192,-24.2628],[26.85031,-24.26467],[26.85149,-24.26715],[26.84854,-24.26743],[26.84439,-24.27299],[26.84079,-24.27474],[26.83968,-24.27161],[26.83781,-24.27284],[26.83334,-24.27373],[26.8256,-24.27231],[26.82446,-24.27457],[26.8244,-24.2778],[26.82319,-24.27975],[26.81875,-24.27925],[26.81921,-24.28214],[26.81441,-24.28536],[26.8106,-24.28575],[26.80988,-24.28825],[26.80488,-24.28866],[26.80135,-24.28807],[26.80281,-24.29343],[26.80232,-24.29734],[26.79993,-24.29996],[26.79732,-24.30006],[26.79176,-24.30185],[26.78902,-24.3034],[26.78563,-24.30663],[26.78386,-24.30501],[26.78312,-24.30104],[26.77791,-24.30017],[26.77369,-24.30488],[26.76641,-24.30481],[26.76381,-24.30532],[26.76258,-24.30867],[26.76043,-24.31029],[26.75637,-24.31172],[26.7545,-24.31116],[26.75194,-24.31318],[26.74774,-24.31241],[26.74598,-24.31112],[26.74709,-24.30652],[26.74212,-24.30441],[26.733,-24.30454],[26.73077,-24.3087],[26.72768,-24.31277],[26.72149,-24.31646],[26.7202,-24.31845],[26.71642,-24.31891],[26.71344,-24.32082],[26.71046,-24.31833],[26.70952,-24.32003],[26.70588,-24.32052],[26.70399,-24.32182],[26.70515,-24.32458],[26.70211,-24.32553],[26.70226,-24.33148],[26.70015,-24.33467],[26.69713,-24.33554],[26.69663,-24.33926],[26.6943,-24.33791],[26.68864,-24.33691],[26.68521,-24.33812],[26.68438,-24.34178],[26.67557,-24.3442],[26.67721,-24.34538],[26.67671,-24.34838],[26.67276,-24.35117],[26.67088,-24.35466],[26.66767,-24.35765],[26.66583,-24.36214],[26.66616,-24.36381],[26.67005,-24.36784],[26.669,-24.36889],[26.66895,-24.37247],[26.66536,-24.37615],[26.66541,-24.37899],[26.66306,-24.38126],[26.65868,-24.38086],[26.65796,-24.38441],[26.65511,-24.38592],[26.64705,-24.38183],[26.64441,-24.38451],[26.63866,-24.38606],[26.63556,-24.38754],[26.63543,-24.39075],[26.6326,-24.3956],[26.6297,-24.39399],[26.62525,-24.39384],[26.6188,-24.39947],[26.61709,-24.39841],[26.61391,-24.40246],[26.6133,-24.40644],[26.60863,-24.40706],[26.6053,-24.40961],[26.59917,-24.40998],[26.59595,-24.40855],[26.59459,-24.41016],[26.59024,-24.40922],[26.58774,-24.41129],[26.58799,-24.41603],[26.58529,-24.42232],[26.58217,-24.42221],[26.58136,-24.429],[26.57889,-24.42855],[26.56774,-24.43637],[26.56815,-24.43811],[26.56581,-24.44261],[26.56596,-24.44455],[26.56303,-24.44692],[26.55965,-24.45361],[26.55498,-24.45153],[26.55265,-24.45183],[26.55089,-24.4547],[26.55162,-24.45598],[26.55005,-24.4613],[26.54502,-24.46543],[26.54309,-24.46365],[26.54036,-24.46346],[26.53791,-24.46646],[26.53862,-24.46922],[26.53602,-24.47303],[26.53608,-24.47522],[26.53307,-24.47661],[26.52822,-24.47631],[26.52675,-24.47843],[26.52131,-24.48196],[26.51905,-24.48437],[26.51578,-24.48469],[26.51352,-24.48688],[26.51052,-24.48791],[26.51168,-24.49524],[26.50948,-24.49507],[26.50973,-24.49844],[26.51098,-24.49948],[26.51022,-24.50275],[26.50619,-24.50665],[26.50213,-24.50707],[26.50262,-24.51006],[26.5013,-24.51328],[26.50033,-24.52244],[26.4976,-24.52584],[26.49655,-24.53003],[26.49308,-24.53373],[26.49271,-24.53605],[26.48972,-24.53858],[26.49006,-24.54186],[26.48801,-24.54572],[26.48852,-24.5488],[26.48766,-24.55114],[26.48122,-24.55705],[26.48064,-24.56206],[26.48205,-24.56691],[26.4785,-24.57374],[26.47716,-24.57789],[26.47466,-24.58105],[26.47158,-24.58824],[26.46955,-24.59086],[26.46123,-24.59668],[26.45841,-24.60068],[26.45795,-24.60288],[26.45532,-24.60699],[26.45184,-24.61056],[26.44821,-24.61286],[26.44392,-24.61175],[26.441,-24.61219],[26.43796,-24.61616],[26.43275,-24.61861],[26.42824,-24.61954],[26.42565,-24.61858],[26.4242,-24.62243],[26.42206,-24.62569],[26.42168,-24.63345],[26.41528,-24.64077],[26.4105,-24.64335],[26.40878,-24.64613],[26.40765,-24.64894],[26.41138,-24.652],[26.41533,-24.65313],[26.42731,-24.65752],[26.42753,-24.66323],[26.42659,-24.66576],[26.42203,-24.66989],[26.42171,-24.67399],[26.42281,-24.68136],[26.4226,-24.68543],[26.42138,-24.69203],[26.42585,-24.69435],[26.42701,-24.6979],[26.42341,-24.70446],[26.42297,-24.70995],[26.41971,-24.71665],[26.42262,-24.7206],[26.4209,-24.72501],[26.4182,-24.72901],[26.41999,-24.73521],[26.42213,-24.7397],[26.426,-24.7461],[26.42816,-24.75383],[26.42694,-24.7565],[26.42891,-24.76157],[26.42948,-24.76605],[26.42601,-24.7702],[26.42632,-24.77197],[26.43,-24.77513],[26.43018,-24.77651],[26.43539,-24.78288],[26.43741,-24.78353],[26.44464,-24.79079],[26.44832,-24.79209],[26.4523,-24.78907],[26.45701,-24.78915],[26.45949,-24.79049],[26.4616,-24.79529],[26.46123,-24.80095],[26.45924,-24.80553],[26.45828,-24.80947],[26.45845,-24.81346],[26.46001,-24.81612],[26.46624,-24.82041],[26.47253,-24.8222],[26.4751,-24.82214],[26.47792,-24.82365],[26.47923,-24.82581],[26.48005,-24.82976],[26.48648,-24.8375],[26.48832,-24.84052],[26.48495,-24.84745],[26.48211,-24.84791],[26.47404,-24.84492],[26.47253,-24.85023],[26.46732,-24.85742],[26.46382,-24.8572],[26.45643,-24.85415],[26.45388,-24.85532],[26.45418,-24.85867],[26.45007,-24.86282],[26.45336,-24.86508],[26.45327,-24.86984],[26.45397,-24.87972],[26.45076,-24.89462],[26.44951,-24.89847],[26.44982,-24.90822],[26.4513,-24.91176],[26.45076,-24.91481],[26.44577,-24.92853],[26.44305,-24.93258],[26.44213,-24.93547],[26.44284,-24.93957],[26.44222,-24.94124],[26.44317,-24.94639],[26.44514,-24.94921],[26.4487,-24.95015],[26.45174,-24.9492],[26.45511,-24.95285],[26.455,-24.95505],[26.45216,-24.9592],[26.44731,-24.96288],[26.44455,-24.96761],[26.44863,-24.97443],[26.45078,-24.97909],[26.44613,-24.98789],[26.43909,-24.9918],[26.43467,-24.98908],[26.43162,-24.9893],[26.42984,-24.99349],[26.43215,-24.99764],[26.43169,-25.00149],[26.42693,-25.0056],[26.423585,-25.00777],[26.42438,-25.01125],[26.42376,-25.0132],[26.4249,-25.01943],[26.4227,-25.02257],[26.42231,-25.02989],[26.42577,-25.03598],[26.42064,-25.04005],[26.41981,-25.04203],[26.41695,-25.04297],[26.41811,-25.0468],[26.38498,-25.05934],[26.39226,-25.0726],[26.40583,-25.08801],[26.411299,-25.084588],[26.41394,-25.09614],[26.42268,-25.132545],[26.41878,-25.17959],[26.418492,-25.184371],[26.42001,-25.19362],[26.41657,-25.19444],[26.41405,-25.19816],[26.41047,-25.19986],[26.41085,-25.20245],[26.41392,-25.20298],[26.41317,-25.20896],[26.41017,-25.20814],[26.40649,-25.21092],[26.40719,-25.21384],[26.40287,-25.2169],[26.40236,-25.21959],[26.40619,-25.22333],[26.40701,-25.2259],[26.40905,-25.22762],[26.40983,-25.23033],[26.41172,-25.23205],[26.41653,-25.23353],[26.41663,-25.23678],[26.41371,-25.23903],[26.4094,-25.24079],[26.41004,-25.24574],[26.40816,-25.24675],[26.40786,-25.24918],[26.40527,-25.25054],[26.40987,-25.25301],[26.40924,-25.25486],[26.41223,-25.25668],[26.41097,-25.26715],[26.40715,-25.26716],[26.40524,-25.27123],[26.40723,-25.27506],[26.40468,-25.27864],[26.40643,-25.28091],[26.40462,-25.28228],[26.40502,-25.28593],[26.46604,-25.29067],[26.46308,-25.33537],[26.44441,-25.33611],[26.44556,-25.37241],[26.43943,-25.38437],[26.42664,-25.41869],[26.42687,-25.44738],[26.41704,-25.45443],[26.4193,-25.47764],[26.42497,-25.49169],[26.4355,-25.5112],[26.44053,-25.51076],[26.46208,-25.48783],[26.49965,-25.4997],[26.506016,-25.501891],[26.51018,-25.53592],[26.50948,-25.57802],[26.49778,-25.56429],[26.47762,-25.60055],[26.49388,-25.59549],[26.51312,-25.60042],[26.51123,-25.65522],[26.50336,-25.68411],[26.48469,-25.67749],[26.482,-25.69355],[26.47976,-25.7051],[26.47654,-25.72433],[26.46237,-25.74537],[26.48584,-25.75029],[26.49085,-25.75175],[26.50953,-25.75607],[26.52036,-25.755341],[26.54477,-25.77161],[26.55527,-25.77832],[26.57143,-25.7892],[26.58003,-25.78268],[26.60492,-25.80426],[26.615574,-25.813847],[26.64368,-25.837985],[26.64353,-25.868],[26.66333,-25.87154],[26.66445,-25.87887],[26.67933,-25.89804],[26.70306,-25.92829],[26.70748,-25.92244],[26.74092,-25.92547],[26.74935,-25.92607],[26.75147,-25.93076],[26.76062,-25.93544],[26.77055,-25.95233],[26.76841,-25.96489],[26.76632,-25.97527],[26.76358,-25.99109],[26.77181,-26.00863],[26.78142,-26.02776],[26.78746,-26.0412],[26.80708,-26.08403],[26.84793,-26.0597],[26.85504,-26.05901],[26.85622,-26.06757],[26.86544,-26.06885],[26.86669,-26.06132],[26.88059,-26.06409],[26.89755,-26.06706],[26.9053,-26.06897],[26.91743,-26.07113],[26.9321,-26.03163],[26.95056,-26.04114],[26.97836,-26.055095],[26.9748,-26.06505],[27.01314,-26.08079],[27.0265,-26.08664],[27.02625,-26.08792],[27.05378,-26.10069],[27.04446,-26.13168],[27.07149,-26.09962],[27.08088,-26.0982],[27.06525,-26.12909],[27.05972,-26.14059],[27.08671,-26.14289],[27.08837,-26.11403],[27.09266,-26.0961],[27.1223,-26.09905],[27.14203,-26.10069],[27.15803,-26.09769],[27.17092,-26.09486],[27.17018,-26.089],[27.16985,-26.08023],[27.20945,-26.0824],[27.21313,-26.08324],[27.24107,-26.092],[27.26994,-26.094949],[27.29244,-26.09537],[27.32624,-26.10072],[27.34977,-26.11053],[27.36172,-26.11567],[27.41944,-26.1175],[27.42236,-26.08917],[27.42522,-26.08939],[27.43135,-26.05226],[27.43393,-26.0329],[27.43521,-26.02695],[27.4338,-26.02486],[27.43569,-26.02257],[27.43886,-26.01426],[27.44981,-26.01625],[27.45701,-25.98185],[27.453566,-25.92016],[27.4633,-25.92147],[27.45704,-25.88829],[27.47,-25.8881],[27.461947,-25.867606],[27.48436,-25.86352],[27.49754,-25.85959],[27.50019,-25.86132],[27.51327,-25.86033],[27.53229,-25.84996],[27.53358,-25.85215],[27.54248,-25.85258],[27.5474,-25.8514],[27.54598,-25.84616],[27.55985,-25.84284],[27.57457,-25.83599],[27.59829,-25.81957],[27.5993,-25.81271],[27.60555,-25.80823],[27.64032,-25.79633],[27.64355,-25.79592],[27.6466,-25.81414],[27.64176,-25.81145],[27.6411,-25.8128],[27.64548,-25.81983],[27.64885,-25.83502],[27.64714,-25.84057],[27.65091,-25.84381],[27.65417,-25.84529],[27.65643,-25.84508],[27.66222,-25.84104],[27.66456,-25.84193],[27.68493,-25.8754],[27.70456,-25.8683],[27.7303,-25.85521],[27.7358,-25.85531],[27.7427,-25.85024],[27.74286,-25.8642],[27.74455,-25.89462],[27.79103,-25.87468],[27.83147,-25.860173],[27.84396,-25.8489],[27.8518,-25.84641],[27.84824,-25.83929],[27.85393,-25.82772],[27.8566,-25.8238],[27.85874,-25.81882],[27.86568,-25.81917],[27.87726,-25.82149],[27.88865,-25.82309],[27.89168,-25.82291],[27.89008,-25.82985],[27.88527,-25.83537],[27.88384,-25.84125],[27.88349,-25.8457],[27.88474,-25.85175],[27.8826,-25.86187],[27.88853,-25.86077],[27.8982,-25.85974],[27.90054,-25.84083],[27.93953,-25.83678],[27.92583,-25.82411],[27.94013,-25.81967],[27.96017,-25.81599],[27.9572,-25.80053],[27.96365,-25.79912],[27.96225,-25.79186],[27.96319,-25.78709],[27.95958,-25.78605],[27.95457,-25.78694],[27.949326,-25.75978],[27.952688,-25.759572],[27.9558,-25.75659],[27.96457,-25.75765],[27.97315,-25.75681],[27.97947,-25.75145],[27.97046,-25.73546],[27.95559,-25.70841],[27.94819,-25.69521],[27.95749,-25.69369],[27.95375,-25.67384],[27.95186,-25.6713],[27.95278,-25.66694],[27.95188,-25.66424],[27.95313,-25.6557],[27.95234,-25.65333],[27.95394,-25.65043],[27.95727,-25.64761],[27.95708,-25.64366],[27.95931,-25.64359],[27.96225,-25.64517],[27.96517,-25.645415],[27.96563,-25.64174],[27.96486,-25.63484],[27.98056,-25.6328],[27.97216,-25.59791],[27.95763,-25.59262],[27.96456,-25.58025],[27.96834,-25.571],[27.98146,-25.54275],[28.03065,-25.55836],[28.04951,-25.55956],[28.0524,-25.5358],[28.024422,-25.5307],[27.99244,-25.51803],[28.00751,-25.48409],[28.01193,-25.48046],[28.03595,-25.47059],[28.01357,-25.44721],[27.991657,-25.424517],[27.96972,-25.43911],[27.96041,-25.42731],[27.95817,-25.42635],[27.94564,-25.4067],[27.97076,-25.36295],[28.00041,-25.35942],[28.01128,-25.36932],[28.04473,-25.40174],[28.05553,-25.40005],[28.08338,-25.38485],[28.083028,-25.384516],[28.10802,-25.367007],[28.11073,-25.3789],[28.14345,-25.37252],[28.17667,-25.36587],[28.17675,-25.32859],[28.20148,-25.32371],[28.22833,-25.35419],[28.282642,-25.342644],[28.2834,-25.33808],[28.289505,-25.338291],[28.289627,-25.341152],[28.29806,-25.33934],[28.29816,-25.31037],[28.3183,-25.30564],[28.33525,-25.3022],[28.3777,-25.29231],[28.379161,-25.292056],[28.38178,-25.31634],[28.3826,-25.32115],[28.4337,-25.32243],[28.43929,-25.31018],[28.46787,-25.30967],[28.50359,-25.30884],[28.50086,-25.26761],[28.50116,-25.26545],[28.51328,-25.25615],[28.56434,-25.25215],[28.56373,-25.24936],[28.59481,-25.24943],[28.60292,-25.25421],[28.6044,-25.25209],[28.63132,-25.28024],[28.63263,-25.27997],[28.65931,-25.23478],[28.66434,-25.25179],[28.67122,-25.24773],[28.66997,-25.24579],[28.66992,-25.24261],[28.6714,-25.23908],[28.67289,-25.23852],[28.67554,-25.23496],[28.67604,-25.23251],[28.67563,-25.22702],[28.67988,-25.2199],[28.67681,-25.21607],[28.67891,-25.21286],[28.67855,-25.21076],[28.65533,-25.21353],[28.63811,-25.18658],[28.63811,-25.18389],[28.61587,-25.15163],[28.63343,-25.14723],[28.65157,-25.1429]]]},"properties":{"code":"014"}},{"type":"Feature","geometry":{"type":"MultiPolygon","coordinates":[[[[19.486805,-32.56544],[19.49497,-32.49894],[19.51617,-32.4861],[19.51313,-32.48073],[19.51021,-32.47828],[19.5071,-32.47314],[19.50366,-32.47294],[19.49877,-32.4752],[19.49637,-32.47482],[19.48919,-32.46353],[19.48537,-32.45251],[19.48251,-32.4476],[19.47978,-32.44134],[19.47748,-32.43885],[19.47288,-32.43632],[19.47143,-32.43179],[19.47192,-32.42792],[19.46986,-32.42416],[19.46715,-32.42161],[19.46511,-32.41595],[19.4599,-32.41061],[19.45649,-32.40295],[19.45227,-32.3968],[19.44436,-32.38995],[19.43931,-32.38016],[19.43466,-32.37323],[19.43528,-32.36826],[19.4302,-32.36571],[19.40908,-32.29008],[19.4915,-32.25237],[19.49509,-32.24501],[19.48941,-32.24352],[19.48682,-32.24129],[19.48571,-32.23764],[19.48624,-32.23389],[19.48839,-32.23057],[19.49376,-32.22552],[19.49584,-32.22165],[19.49724,-32.21591],[19.49703,-32.21415],[19.49424,-32.20868],[19.50225,-32.2054],[19.49271,-32.19857],[19.50139,-32.17987],[19.48732,-32.16372],[19.47926,-32.16768],[19.48404,-32.16159],[19.47522,-32.14629],[19.49109,-32.13007],[19.50834,-32.1259],[19.51519,-32.1152],[19.5075,-32.08609],[19.48853,-32.1212],[19.48336,-32.11367],[19.48796,-32.09154],[19.48708,-32.08806],[19.48769,-32.08146],[19.48613,-32.07618],[19.48213,-32.07357],[19.4774,-32.07273],[19.46671,-32.07181],[19.44306,-32.04718],[19.42591,-32.0313],[19.39585,-32.01511],[19.39301,-32.0179],[19.38044,-32.03756],[19.36297,-32.04284],[19.35305,-32.027925],[19.32978,-32.01258],[19.32335,-31.9848],[19.28987,-31.965105],[19.27751,-31.97971],[19.26484,-31.96574],[19.27984,-31.922],[19.28968,-31.86304],[19.24407,-31.91386],[19.21071,-31.94804],[19.19968,-31.90477],[19.17232,-31.90977],[19.16432,-31.9048],[19.1588,-31.8995],[19.15605,-31.89967],[19.15045,-31.90287],[19.1467,-31.90835],[19.14245,-31.91208],[19.14006,-31.91058],[19.1308,-31.90657],[19.12745,-31.90622],[19.12076,-31.90768],[19.11812,-31.90714],[19.11488,-31.90424],[19.11322,-31.90117],[19.10935,-31.89813],[19.10128,-31.8963],[19.08989,-31.89513],[19.0849,-31.89359],[19.0832,-31.8905],[19.06883,-31.88395],[19.0535,-31.87903],[19.04489,-31.87837],[19.03458,-31.8762],[19.02622,-31.87664],[19.01803,-31.87733],[19.01073,-31.87728],[19.00557,-31.87857],[18.99637,-31.87933],[18.9878,-31.87932],[18.9839,-31.87655],[18.98333,-31.87358],[18.98502,-31.86915],[18.98366,-31.85984],[18.98195,-31.8557],[18.97302,-31.85703],[18.97061,-31.858],[18.95993,-31.85909],[18.9514,-31.85785],[18.94087,-31.85479],[18.93653,-31.85397],[18.92907,-31.85558],[18.9206,-31.85612],[18.91743,-31.85675],[18.91221,-31.85653],[18.90831,-31.85808],[18.90411,-31.8583],[18.89587,-31.85483],[18.89132,-31.85247],[18.88238,-31.85173],[18.87551,-31.85242],[18.86964,-31.8556],[18.86525,-31.85873],[18.86345,-31.85917],[18.85676,-31.85791],[18.8467,-31.85903],[18.83727,-31.86286],[18.83087,-31.86482],[18.82657,-31.86776],[18.82357,-31.8686],[18.82046,-31.86776],[18.81946,-31.86515],[18.81517,-31.86273],[18.80934,-31.8628],[18.8036,-31.86198],[18.79972,-31.86343],[18.79596,-31.86325],[18.79025,-31.86547],[18.78789,-31.86764],[18.78526,-31.87295],[18.78131,-31.87522],[18.77811,-31.87556],[18.76684,-31.87457],[18.75818,-31.87325],[18.75389,-31.87453],[18.74785,-31.87791],[18.7409,-31.87889],[18.73503,-31.87413],[18.73186,-31.87248],[18.72637,-31.8682],[18.71806,-31.86322],[18.71533,-31.85903],[18.71104,-31.85464],[18.70382,-31.85221],[18.70074,-31.85259],[18.68901,-31.86614],[18.70725,-31.89667],[18.68718,-31.91002],[18.65571,-31.93125],[18.6647,-31.95573],[18.62286,-31.95634],[18.60893,-31.9391],[18.6048,-31.93367],[18.56124,-31.87886],[18.5454,-31.88443],[18.51088,-31.88369],[18.49922,-31.88901],[18.48374,-31.88455],[18.49026,-31.87837],[18.49324,-31.87277],[18.49451,-31.86811],[18.45986,-31.85777],[18.4516,-31.84382],[18.39569,-31.87397],[18.40142,-31.87843],[18.43603,-31.90406],[18.4361,-31.9111],[18.40204,-31.91208],[18.41192,-31.94559],[18.40116,-31.95153],[18.39251,-31.95422],[18.39506,-31.96246],[18.36094,-31.97187],[18.34427,-31.97658],[18.32543,-31.98071],[18.31179,-31.99808],[18.290267,-32.006653],[18.29493,-32.01718],[18.29503,-32.01943],[18.29323,-32.0221],[18.29704,-32.02873],[18.29921,-32.03394],[18.30199,-32.03881],[18.30796,-32.052],[18.31111,-32.06038],[18.31474,-32.07401],[18.31495,-32.07911],[18.31393,-32.08357],[18.31122,-32.08784],[18.30869,-32.0899],[18.3021,-32.0922],[18.3004,-32.09601],[18.30285,-32.0985],[18.30187,-32.1003],[18.30373,-32.10396],[18.30308,-32.10903],[18.30141,-32.11234],[18.30259,-32.12041],[18.30395,-32.12259],[18.30365,-32.12816],[18.30532,-32.13387],[18.30434,-32.13541],[18.30546,-32.13935],[18.30554,-32.14486],[18.30684,-32.15087],[18.31125,-32.15986],[18.31121,-32.16621],[18.30953,-32.16731],[18.31201,-32.1704],[18.31031,-32.17262],[18.32203,-32.19422],[18.32533,-32.20322],[18.32606,-32.20634],[18.32406,-32.20955],[18.32586,-32.21511],[18.32779,-32.21787],[18.32977,-32.22516],[18.3341,-32.23592],[18.33812,-32.24952],[18.33806,-32.25137],[18.34005,-32.25725],[18.3406,-32.26131],[18.34222,-32.2657],[18.34288,-32.27327],[18.34381,-32.27538],[18.34471,-32.28228],[18.34465,-32.29039],[18.34249,-32.29944],[18.3416,-32.3063],[18.33749,-32.314],[18.3348,-32.31606],[18.33165,-32.31539],[18.32756,-32.31578],[18.32365,-32.31781],[18.32094,-32.31738],[18.31683,-32.31467],[18.31423,-32.31652],[18.31547,-32.32135],[18.31514,-32.32511],[18.31686,-32.33368],[18.31542,-32.33653],[18.31807,-32.343],[18.32198,-32.35801],[18.323,-32.36006],[18.32573,-32.37129],[18.32821,-32.38632],[18.33088,-32.40071],[18.33242,-32.41299],[18.33382,-32.42983],[18.33449,-32.44295],[18.33481,-32.44958],[18.3348,-32.46428],[18.33392,-32.4713],[18.33419,-32.47397],[18.33238,-32.49335],[18.3303,-32.50315],[18.32728,-32.51997],[18.32515,-32.52785],[18.32409,-32.53484],[18.32032,-32.54778],[18.31643,-32.55735],[18.31309,-32.5669],[18.30904,-32.57682],[18.3047,-32.58615],[18.29987,-32.59488],[18.29712,-32.60162],[18.29452,-32.606],[18.28866,-32.61751],[18.28422,-32.62548],[18.27943,-32.63323],[18.27359,-32.64157],[18.26984,-32.64607],[18.26472,-32.65352],[18.2598,-32.66184],[18.25168,-32.67171],[18.24652,-32.67844],[18.23655,-32.68786],[18.23272,-32.69185],[18.22665,-32.69651],[18.22326,-32.69841],[18.21634,-32.70365],[18.20264,-32.71211],[18.19782,-32.71609],[18.19332,-32.72306],[18.18757,-32.73008],[18.18074,-32.73647],[18.17567,-32.74425],[18.16702,-32.75423],[18.1615,-32.75868],[18.15181,-32.76509],[18.14524,-32.76892],[18.13891,-32.77326],[18.13451,-32.7745],[18.1284,-32.77744],[18.124805,-32.777785],[18.12023,-32.77779],[18.11766,-32.77945],[18.11263,-32.78032],[18.10425,-32.78002],[18.09973,-32.78095],[18.09549,-32.77775],[18.09263,-32.78055],[18.09012,-32.78037],[18.08773,-32.77742],[18.08449,-32.77667],[18.08146,-32.77804],[18.07881,-32.77665],[18.07672,-32.77846],[18.06604,-32.78191],[18.06331,-32.78184],[18.06035,-32.78354],[18.05515,-32.78371],[18.05176,-32.77717],[18.04494,-32.76943],[18.04163,-32.76644],[18.03766,-32.76484],[18.03281,-32.76048],[18.03083,-32.76033],[18.02757,-32.75571],[18.02157,-32.75398],[18.02008,-32.75219],[18.01408,-32.74993],[18.01071,-32.74285],[18.01375,-32.74249],[18.01527,-32.74042],[18.00665,-32.737],[18.00376,-32.73505],[17.99683,-32.73333],[17.99184,-32.73017],[17.98473,-32.72934],[17.97857,-32.72543],[17.97512,-32.72135],[17.97478,-32.71842],[17.97941,-32.71504],[17.97755,-32.7125],[17.97749,-32.71032],[17.97984,-32.7072],[17.97931,-32.70489],[17.97325,-32.705],[17.97147,-32.70258],[17.96739,-32.70041],[17.96812,-32.70428],[17.96511,-32.71012],[17.95765,-32.71809],[17.95154,-32.72139],[17.94856,-32.72233],[17.94378,-32.72233],[17.93985,-32.72002],[17.94157,-32.71737],[17.93971,-32.71554],[17.93723,-32.71738],[17.93048,-32.71982],[17.92564,-32.71616],[17.92065,-32.71391],[17.92007,-32.71601],[17.92283,-32.71749],[17.92357,-32.72118],[17.92199,-32.72319],[17.92186,-32.7259],[17.91855,-32.72826],[17.91342,-32.7339],[17.90976,-32.73616],[17.90249,-32.73624],[17.89699,-32.74065],[17.89594,-32.7426],[17.89663,-32.74599],[17.89508,-32.74827],[17.89739,-32.75013],[17.89874,-32.75304],[17.90176,-32.75463],[17.90323,-32.75728],[17.9069,-32.7679],[17.90803,-32.78276],[17.90772,-32.78737],[17.90528,-32.79648],[17.90262,-32.80086],[17.89866,-32.80293],[17.8938,-32.80677],[17.88984,-32.8079],[17.8823,-32.80665],[17.88325,-32.80937],[17.88101,-32.81244],[17.8794,-32.81248],[17.87239,-32.81539],[17.86737,-32.81336],[17.86403,-32.81801],[17.85783,-32.81785],[17.85221,-32.81909],[17.85125,-32.82232],[17.84544,-32.8265],[17.8483,-32.82792],[17.84763,-32.8311],[17.85049,-32.83386],[17.85332,-32.83383],[17.85992,-32.83999],[17.85946,-32.84335],[17.86597,-32.84194],[17.87027,-32.84539],[17.87339,-32.84576],[17.87923,-32.85099],[17.88055,-32.85367],[17.87994,-32.85969],[17.88177,-32.86066],[17.8829,-32.86505],[17.88112,-32.86573],[17.88233,-32.86881],[17.88466,-32.87091],[17.8841,-32.87714],[17.88168,-32.88208],[17.87873,-32.88541],[17.87326,-32.88685],[17.87076,-32.88573],[17.865985,-32.88713],[17.86417,-32.88937],[17.8659,-32.89126],[17.86326,-32.89295],[17.8684,-32.89446],[17.86581,-32.89897],[17.86263,-32.89967],[17.86332,-32.90157],[17.85796,-32.90552],[17.85924,-32.90728],[17.85841,-32.9097],[17.86012,-32.9111],[17.86392,-32.91142],[17.86578,-32.91007],[17.86983,-32.91175],[17.87156,-32.91635],[17.87878,-32.91899],[17.88169,-32.92344],[17.88394,-32.92955],[17.88684,-32.94218],[17.88526,-32.94511],[17.88654,-32.94787],[17.88533,-32.95104],[17.88188,-32.95488],[17.88158,-32.95709],[17.8837,-32.95887],[17.88385,-32.9639],[17.88757,-32.96516],[17.88519,-32.96701],[17.8856,-32.97224],[17.88329,-32.97655],[17.88589,-32.97931],[17.87679,-32.98433],[17.87616,-32.98944],[17.87226,-32.99071],[17.87149,-32.99276],[17.87412,-32.99548],[17.87253,-32.99902],[17.87727,-33.00133],[17.8764,-33.00397],[17.87996,-33.00635],[17.88413,-33.00163],[17.88938,-33.00176],[17.89525,-33.00452],[17.90013,-33.00899],[17.90324,-33.0152],[17.9035,-33.02074],[17.9021,-33.02452],[17.89985,-33.02737],[17.89657,-33.02917],[17.89259,-33.02637],[17.89144,-33.02864],[17.89593,-33.03504],[17.89515,-33.04169],[17.89906,-33.03997],[17.90174,-33.04022],[17.90381,-33.04364],[17.90329,-33.04632],[17.90546,-33.04805],[17.90905,-33.04862],[17.91109,-33.05176],[17.92061,-33.04483],[17.92394,-33.04372],[17.92558,-33.04176],[17.93119,-33.04087],[17.93867,-33.0377],[17.93676,-33.03405],[17.93419,-33.03297],[17.93475,-33.02919],[17.93783,-33.02703],[17.9416,-33.02683],[17.94287,-33.02559],[17.94763,-33.02557],[17.95233,-33.02632],[17.9537,-33.02868],[17.95623,-33.02989],[17.95939,-33.02884],[17.9658,-33.03175],[17.96871,-33.03383],[17.97146,-33.03751],[17.97024,-33.04138],[17.96517,-33.04329],[17.96822,-33.04529],[17.97185,-33.04378],[17.97172,-33.04186],[17.97369,-33.03945],[17.97303,-33.0352],[17.96784,-33.03094],[17.96488,-33.0294],[17.96471,-33.02712],[17.96202,-33.02459],[17.95866,-33.02675],[17.95575,-33.02414],[17.948,-33.02112],[17.94712,-33.01749],[17.95021,-33.01399],[17.95109,-33.01122],[17.94614,-33.00603],[17.94972,-33.00259],[17.95638,-32.99906],[17.96818,-32.99621],[17.97453,-32.99558],[17.98587,-32.99575],[17.99275,-32.99716],[17.99644,-32.99991],[17.99462,-33.00255],[17.99487,-33.00876],[17.99816,-33.00776],[18.00453,-33.0097],[18.00877,-33.00787],[18.01852,-33.01317],[18.02344,-33.01692],[18.0301,-33.02386],[18.03456,-33.03124],[18.03759,-33.04052],[18.03604,-33.04225],[18.03696,-33.04525],[18.04094,-33.04623],[18.04268,-33.04868],[18.04235,-33.06033],[18.04024,-33.06892],[18.039,-33.07008],[18.03219,-33.07988],[18.02791,-33.08428],[18.02959,-33.08648],[18.03046,-33.09266],[18.02905,-33.09824],[18.03231,-33.10259],[18.03485,-33.10749],[18.04114,-33.11141],[18.04761,-33.11461],[18.05169,-33.12077],[18.05702,-33.12271],[18.06008,-33.12906],[18.06381,-33.13086],[18.07336,-33.13439],[18.07488,-33.13676],[18.08153,-33.1384],[18.0901,-33.14255],[18.09261,-33.1464],[18.09329,-33.15135],[18.09523,-33.15317],[18.09481,-33.1564],[18.09205,-33.15822],[18.08957,-33.16414],[18.09608,-33.16769],[18.09509,-33.16901],[18.08883,-33.16688],[18.08698,-33.16502],[18.08272,-33.1655],[18.08141,-33.16792],[18.0847,-33.1738],[18.08748,-33.1752],[18.09397,-33.1768],[18.099,-33.17659],[18.10453,-33.18041],[18.10326,-33.1817],[18.10597,-33.18423],[18.11025,-33.17971],[18.11149,-33.18069],[18.11724,-33.17967],[18.12392,-33.18045],[18.12552,-33.18632],[18.123,-33.19221],[18.11927,-33.19576],[18.1133,-33.19841],[18.10816,-33.19998],[18.10787,-33.20212],[18.1021,-33.20386],[18.09658,-33.20469],[18.09205,-33.20171],[18.08974,-33.19876],[18.08934,-33.19614],[18.09145,-33.19363],[18.09039,-33.19014],[18.0868,-33.18662],[18.08358,-33.18583],[18.08134,-33.18274],[18.07838,-33.18134],[18.07285,-33.18082],[18.06896,-33.17713],[18.06536,-33.17618],[18.06054,-33.17095],[18.05911,-33.16772],[18.05121,-33.16309],[18.04938,-33.16139],[18.04862,-33.15631],[18.04999,-33.15451],[18.04057,-33.15323],[18.03878,-33.15117],[18.03461,-33.15019],[18.03138,-33.14704],[18.02607,-33.14533],[18.02327,-33.14235],[18.02553,-33.13747],[18.02745,-33.13692],[18.02845,-33.13347],[18.03115,-33.13097],[18.03069,-33.12828],[18.02511,-33.12483],[18.01566,-33.12284],[18.01334,-33.12085],[18.01447,-33.11696],[18.0134,-33.10666],[18.0101,-33.1012],[18.01096,-33.09838],[18.01316,-33.09555],[18.00752,-33.09315],[17.99105,-33.09246],[17.98593,-33.09467],[17.982,-33.09268],[17.9851,-33.08952],[17.99137,-33.08992],[17.99724,-33.08796],[18.00055,-33.08831],[18.00445,-33.0868],[18.00203,-33.08281],[18.00462,-33.07864],[18.0035,-33.07775],[17.99738,-33.07846],[17.99504,-33.07718],[17.99669,-33.0721],[17.99524,-33.07009],[17.99235,-33.07024],[17.98425,-33.06892],[17.9778,-33.06658],[17.97222,-33.06774],[17.97501,-33.07044],[17.97597,-33.07323],[17.97358,-33.07481],[17.97562,-33.08168],[17.97888,-33.08216],[17.97981,-33.08424],[17.97997,-33.08875],[17.97853,-33.09249],[17.97625,-33.09553],[17.9704,-33.095015],[17.97055,-33.09712],[17.96627,-33.0995],[17.96229,-33.0968],[17.95825,-33.09575],[17.95657,-33.09885],[17.95791,-33.10267],[17.95484,-33.10296],[17.95251,-33.10462],[17.9522,-33.10696],[17.95527,-33.11057],[17.96015,-33.11179],[17.961,-33.11325],[17.96637,-33.11338],[17.97172,-33.11637],[17.97527,-33.1224],[17.97642,-33.12821],[17.97496,-33.1298],[17.97058,-33.13142],[17.97067,-33.13752],[17.97386,-33.13886],[17.97633,-33.14145],[17.98655,-33.14334],[17.99111,-33.14503],[17.99782,-33.14577],[17.99904,-33.14917],[18.00367,-33.14769],[18.01544,-33.15546],[18.02334,-33.1626],[18.0314,-33.16789],[18.03895,-33.17388],[18.04257,-33.17736],[18.05104,-33.18414],[18.05279,-33.18622],[18.06081,-33.1927],[18.06361,-33.196],[18.07856,-33.21001],[18.09199,-33.22407],[18.09656,-33.22915],[18.09969,-33.2336],[18.10649,-33.2407],[18.11143,-33.24755],[18.1164,-33.25351],[18.12765,-33.26915],[18.13568,-33.28182],[18.14798,-33.30422],[18.15616,-33.32063],[18.15995,-33.3316],[18.16038,-33.33756],[18.16009,-33.34315],[18.15661,-33.34386],[18.15336,-33.34702],[18.15033,-33.34619],[18.14719,-33.34673],[18.14599,-33.34872],[18.1485,-33.35356],[18.15126,-33.3542],[18.15549,-33.35866],[18.15995,-33.3652],[18.16268,-33.36631],[18.1623,-33.36821],[18.16604,-33.36861],[18.17653,-33.37506],[18.18423,-33.37878],[18.1973,-33.38653],[18.2044,-33.38997],[18.21227,-33.39454],[18.21873,-33.39949],[18.22924,-33.4059],[18.23548,-33.41151],[18.23876,-33.4134],[18.24514,-33.41897],[18.25505,-33.42675],[18.26573,-33.43665],[18.26878,-33.44027],[18.2744,-33.44524],[18.28348,-33.4548],[18.28445,-33.45667],[18.28884,-33.46077],[18.29078,-33.46384],[18.29424,-33.46697],[18.29778,-33.47219],[18.3035,-33.4783],[18.30455,-33.48157],[18.3075,-33.48245],[18.30652,-33.48498],[18.3086,-33.49017],[18.31175,-33.49415],[18.31019,-33.49616],[18.31268,-33.49746],[18.31642,-33.49705],[18.31362,-33.50063],[18.31512,-33.50367],[18.31285,-33.5059],[18.31901,-33.51199],[18.32125,-33.51583],[18.32532,-33.51663],[18.32453,-33.51931],[18.32195,-33.52166],[18.31951,-33.52144],[18.3179,-33.52342],[18.31642,-33.52996],[18.31496,-33.5334],[18.31744,-33.53726],[18.31644,-33.53992],[18.31191,-33.54092],[18.3129,-33.5463],[18.31056,-33.54684],[18.30944,-33.55077],[18.30952,-33.55636],[18.31184,-33.56256],[18.30912,-33.56487],[18.31009,-33.56796],[18.31813,-33.57174],[18.31962,-33.5745],[18.32349,-33.57544],[18.32564,-33.57417],[18.32556,-33.57061],[18.32818,-33.57109],[18.33319,-33.5691],[18.338,-33.56954],[18.33922,-33.57137],[18.34304,-33.57063],[18.34132,-33.55859],[18.34363,-33.55667],[18.36039,-33.54888],[18.35936,-33.54227],[18.36915,-33.52529],[18.38369,-33.51167],[18.38882,-33.50891],[18.40246,-33.514305],[18.426163,-33.511183],[18.439898,-33.497908],[18.4476,-33.485015],[18.455458,-33.471276],[18.48485,-33.47772],[18.49575,-33.48113],[18.50943,-33.48955],[18.514,-33.49619],[18.52451,-33.50364],[18.52309,-33.51882],[18.52416,-33.52523],[18.53653,-33.52711],[18.56403,-33.5235],[18.57642,-33.53148],[18.57996,-33.55772],[18.56859,-33.56209],[18.57437,-33.5735],[18.59534,-33.58162],[18.6059,-33.58552],[18.61799,-33.58436],[18.62011,-33.59596],[18.62208,-33.61455],[18.627,-33.62459],[18.64138,-33.63322],[18.64496,-33.63574],[18.65552,-33.63459],[18.66919,-33.64888],[18.67085,-33.64742],[18.68974,-33.66523],[18.69267,-33.68127],[18.7069,-33.68134],[18.71187,-33.67587],[18.73037,-33.68558],[18.73673,-33.68703],[18.74927,-33.67817],[18.752,-33.67683],[18.75415,-33.6649],[18.7598,-33.665575],[18.76322,-33.64892],[18.77815,-33.64911],[18.78444,-33.6406],[18.78754,-33.63763],[18.80162,-33.62042],[18.81591,-33.59936],[18.81825,-33.59519],[18.83631,-33.60441],[18.83831,-33.59593],[18.83831,-33.58973],[18.84187,-33.5887],[18.83931,-33.57763],[18.85588,-33.56915],[18.8623,-33.57541],[18.89278,-33.57152],[18.89564,-33.56554],[18.89833,-33.55366],[18.89972,-33.55107],[18.91347,-33.55143],[18.93809,-33.546],[18.93646,-33.54424],[18.9343,-33.53147],[18.93141,-33.52494],[18.93338,-33.5227],[18.93721,-33.52292],[18.93994,-33.52141],[18.93953,-33.51672],[18.93646,-33.50839],[18.93658,-33.50453],[18.93921,-33.5019],[18.93889,-33.49752],[18.93547,-33.49479],[18.93405,-33.49215],[18.93461,-33.48896],[18.93741,-33.48463],[18.93693,-33.48067],[18.93829,-33.4787],[18.93801,-33.47007],[18.93979,-33.46642],[18.94425,-33.46547],[18.94573,-33.46417],[18.95311,-33.46275],[18.95428,-33.46027],[18.9486,-33.45652],[18.94871,-33.45351],[18.95008,-33.45109],[18.95551,-33.44848],[18.95972,-33.44204],[18.95617,-33.43514],[18.95535,-33.4302],[18.95828,-33.42792],[18.96165,-33.42961],[18.96937,-33.43032],[18.97021,-33.42814],[18.96717,-33.42476],[18.96745,-33.4213],[18.97229,-33.41449],[18.97491,-33.41202],[18.97486,-33.41035],[18.97717,-33.40746],[18.98243,-33.40698],[18.9825,-33.40424],[18.97784,-33.40168],[18.97997,-33.39845],[18.99024,-33.3963],[18.99245,-33.39439],[18.98873,-33.38891],[18.9932,-33.3828],[18.99125,-33.38093],[18.98519,-33.38038],[18.98471,-33.37839],[18.98629,-33.37615],[18.99073,-33.37224],[18.99084,-33.36888],[18.99387,-33.36585],[18.99238,-33.36407],[18.98637,-33.36269],[18.9862,-33.36012],[18.98907,-33.35721],[18.99277,-33.35479],[18.98619,-33.34667],[18.98117,-33.34509],[18.97942,-33.34022],[18.98441,-33.33648],[18.98993,-33.3316],[18.98698,-33.32943],[18.98028,-33.32853],[18.97948,-33.32513],[18.97996,-33.32234],[18.97844,-33.31823],[18.98318,-33.31356],[18.98554,-33.31291],[18.99048,-33.31395],[18.9947,-33.31395],[18.99735,-33.30791],[18.99447,-33.30634],[18.9893,-33.30581],[18.98816,-33.30468],[18.99063,-33.30045],[18.98804,-33.29863],[18.97964,-33.29688],[18.9813,-33.29318],[18.97357,-33.28917],[18.97606,-33.28195],[18.97431,-33.2771],[18.96643,-33.27423],[18.96546,-33.26934],[18.96193,-33.26674],[18.95725,-33.26735],[18.95197,-33.2666],[18.95086,-33.26551],[18.95438,-33.26175],[18.95473,-33.25981],[18.95305,-33.25608],[18.95021,-33.25487],[18.94677,-33.25503],[18.94575,-33.2527],[18.95015,-33.24878],[18.95055,-33.24614],[18.94763,-33.24164],[18.94753,-33.23906],[18.95593,-33.23423],[18.95695,-33.23209],[18.95601,-33.22897],[18.95743,-33.22381],[18.95627,-33.22012],[18.95121,-33.21724],[18.95022,-33.21506],[18.94345,-33.20864],[18.94814,-33.20507],[18.94658,-33.20199],[18.94168,-33.20112],[18.9375,-33.20259],[18.93238,-33.20308],[18.93202,-33.20088],[18.93634,-33.19877],[18.939005,-33.19639],[18.94051,-33.19668],[18.943235,-33.193738],[18.95647,-33.18808],[18.95719,-33.17559],[18.95597,-33.1674],[18.9801,-33.15211],[18.99059,-33.14845],[19.00012,-33.14553],[19.00619,-33.14536],[19.01983,-33.14171],[19.0394,-33.14146],[19.05095,-33.14204],[19.05606,-33.1401],[19.07242,-33.12766],[19.08956,-33.11407],[19.14618,-33.10614],[19.17299,-33.09192],[19.17736,-33.06001],[19.16553,-33.03542],[19.15371,-32.98404],[19.18615,-32.86816],[19.18443,-32.82707],[19.17264,-32.79807],[19.17064,-32.79583],[19.17177,-32.73682],[19.20864,-32.73096],[19.2048,-32.71114],[19.18513,-32.68413],[19.17167,-32.66393],[19.16405,-32.64933],[19.14299,-32.62144],[19.1376,-32.6046],[19.14636,-32.60513],[19.15638,-32.60432],[19.14858,-32.58568],[19.15917,-32.57193],[19.16984,-32.57262],[19.2026,-32.5776],[19.2231,-32.57467],[19.2647,-32.58872],[19.28118,-32.5814],[19.32005,-32.57464],[19.34125,-32.58305],[19.35693,-32.61636],[19.3712,-32.60894],[19.39612,-32.60666],[19.41902,-32.62232],[19.4379,-32.62585],[19.44127,-32.63811],[19.45328,-32.62566],[19.45352,-32.61246],[19.45221,-32.60776],[19.46085,-32.60764],[19.4663,-32.60146],[19.47559,-32.59692],[19.48497,-32.57995],[19.48422,-32.57658],[19.486805,-32.56544]]],[[[17.9859,-33.15075],[17.9804,-33.15073],[17.97999,-33.15274],[17.98522,-33.15439],[17.9859,-33.15075]]],[[[18.02114,-33.08799],[18.01771,-33.0915],[18.01938,-33.09458],[18.02328,-33.0946],[18.02627,-33.09181],[18.02114,-33.08799]]],[[[18.00717,-33.08387],[18.00593,-33.08581],[18.00847,-33.08694],[18.01081,-33.08504],[18.00717,-33.08387]]],[[[17.95346,-33.08014],[17.95064,-33.08166],[17.95273,-33.08524],[17.95534,-33.08753],[17.95879,-33.08603],[17.96009,-33.08369],[17.95681,-33.08099],[17.95346,-33.08014]]],[[[17.92525,-33.05061],[17.92334,-33.05201],[17.92377,-33.05453],[17.92678,-33.05497],[17.92933,-33.05333],[17.92718,-33.05062],[17.92525,-33.05061]]],[[[18.07427,-33.41262],[18.07219,-33.41348],[18.07365,-33.4172],[18.08108,-33.42633],[18.08468,-33.42845],[18.08162,-33.4318],[18.0852,-33.43349],[18.08932,-33.43388],[18.09237,-33.43113],[18.09844,-33.42997],[18.09592,-33.42803],[18.09696,-33.42555],[18.09171,-33.42135],[18.09034,-33.41445],[18.08815,-33.41355],[18.08614,-33.41792],[18.08069,-33.41821],[18.07427,-33.41262]]]]},"properties":{"code":"022"}},{"type":"Feature","geometry":{"type":"Polygon","coordinates":[[[30.99335,-28.85648],[30.99898,-28.85505],[31.00169,-28.85511],[31.00765,-28.85391],[31.01424,-28.85709],[31.02623,-28.86137],[31.03044,-28.86425],[31.0366,-28.87294],[31.03781,-28.87652],[31.03781,-28.88148],[31.03518,-28.88545],[31.03013,-28.88844],[31.02686,-28.89358],[31.02678,-28.89762],[31.029827,-28.901523],[31.03182,-28.90461],[31.03499,-28.90764],[31.03633,-28.91189],[31.03661,-28.917],[31.03546,-28.92094],[31.03384,-28.9225],[31.03195,-28.92974],[31.03189,-28.93401],[31.03287,-28.93539],[31.04191,-28.94192],[31.04492,-28.94608],[31.04918,-28.94912],[31.06108,-28.9491],[31.0659,-28.95071],[31.07307,-28.95871],[31.07616,-28.96408],[31.07611,-28.96917],[31.07434,-28.97846],[31.07438,-28.98392],[31.07578,-28.98927],[31.07862,-28.99146],[31.08298,-28.99334],[31.09073,-28.99497],[31.09536,-28.9929],[31.09845,-28.98958],[31.099,-28.98385],[31.0974,-28.9801],[31.0937,-28.977],[31.08881,-28.97589],[31.08489,-28.97126],[31.07994,-28.9607],[31.08105,-28.95835],[31.08644,-28.95559],[31.09355,-28.95562],[31.1002,-28.95889],[31.10547,-28.95987],[31.11026,-28.95998],[31.11883,-28.95867],[31.12506,-28.95899],[31.12697,-28.9612],[31.12905,-28.97023],[31.12707,-28.97682],[31.12153,-28.98482],[31.11828,-28.99334],[31.11741,-28.99872],[31.11787,-29.00263],[31.12225,-29.00611],[31.12635,-29.01486],[31.12953,-29.02422],[31.13385,-29.03137],[31.13646,-29.03407],[31.14216,-29.03643],[31.1451,-29.03906],[31.14753,-29.04258],[31.15002,-29.04472],[31.15627,-29.04752],[31.16157,-29.04784],[31.16796,-29.04566],[31.17426,-29.04578],[31.17713,-29.04674],[31.18191,-29.05151],[31.18108,-29.05976],[31.17771,-29.06215],[31.17532,-29.06797],[31.17541,-29.07313],[31.18378,-29.07812],[31.18464,-29.07925],[31.19352,-29.08384],[31.19856,-29.08499],[31.20437,-29.08704],[31.20733,-29.0891],[31.21025,-29.09952],[31.21073,-29.10316],[31.21339,-29.10534],[31.21838,-29.10783],[31.22977,-29.10867],[31.23398,-29.10975],[31.23766,-29.11476],[31.24161,-29.11811],[31.24443,-29.11935],[31.24822,-29.12335],[31.24975,-29.12653],[31.24732,-29.13145],[31.24787,-29.13798],[31.24717,-29.14262],[31.24876,-29.14683],[31.25576,-29.14706],[31.2617,-29.14463],[31.26861,-29.1407],[31.26976,-29.13915],[31.27248,-29.13098],[31.2735,-29.12465],[31.27657,-29.12202],[31.27892,-29.11764],[31.28418,-29.11455],[31.28869,-29.11398],[31.29115,-29.11581],[31.29377,-29.12486],[31.29543,-29.12773],[31.29796,-29.13746],[31.29839,-29.14188],[31.2966,-29.14694],[31.29094,-29.15373],[31.28659,-29.15648],[31.28457,-29.15895],[31.28468,-29.1634],[31.28591,-29.16488],[31.288725,-29.16401],[31.29321,-29.16503],[31.29626,-29.1666],[31.30103,-29.1729],[31.30504,-29.17477],[31.30745,-29.17452],[31.30844,-29.17201],[31.3081,-29.16907],[31.30455,-29.1607],[31.30434,-29.15853],[31.30611,-29.15551],[31.31312,-29.15163],[31.318321,-29.15003],[31.31774,-29.14385],[31.32278,-29.14265],[31.32563,-29.13794],[31.32346,-29.13511],[31.31835,-29.13059],[31.31903,-29.12754],[31.32129,-29.12738],[31.32539,-29.13059],[31.32901,-29.13186],[31.33231,-29.13109],[31.33394,-29.12926],[31.33336,-29.12693],[31.32923,-29.12599],[31.32543,-29.12241],[31.32678,-29.12012],[31.33247,-29.12119],[31.33599,-29.1193],[31.33766,-29.11601],[31.33418,-29.11432],[31.3297,-29.11424],[31.32481,-29.11282],[31.32524,-29.10887],[31.33149,-29.11028],[31.3341,-29.10813],[31.32894,-29.10591],[31.32843,-29.1024],[31.33234,-29.10248],[31.33244,-29.09943],[31.33908,-29.10011],[31.34475,-29.10192],[31.34629,-29.09949],[31.3418,-29.09702],[31.34099,-29.09447],[31.34543,-29.09179],[31.3401,-29.08916],[31.34181,-29.08666],[31.34593,-29.08799],[31.35591,-29.08713],[31.35883,-29.09103],[31.36144,-29.09194],[31.36499,-29.08711],[31.37017,-29.08411],[31.37285,-29.07895],[31.37694,-29.07941],[31.38325,-29.07265],[31.3839,-29.06981],[31.38697,-29.0677],[31.38611,-29.06363],[31.38676,-29.06056],[31.38563,-29.05814],[31.37885,-29.06277],[31.37507,-29.06141],[31.3724,-29.05945],[31.36607,-29.05992],[31.36535,-29.05792],[31.37133,-29.05497],[31.37432,-29.05097],[31.37482,-29.04272],[31.37617,-29.03957],[31.37788,-29.03833],[31.37936,-29.03485],[31.37829,-29.03378],[31.38044,-29.02473],[31.38016,-29.0207],[31.37776,-29.01457],[31.37881,-29.01176],[31.37876,-29.0061],[31.38087,-29.00634],[31.38161,-29.003],[31.38815,-29.00147],[31.38786,-28.99688],[31.40047,-28.99577],[31.4023,-28.99915],[31.40432,-28.99733],[31.40704,-28.99956],[31.41143,-28.99706],[31.41332,-28.99276],[31.41599,-28.99261],[31.41977,-28.99433],[31.42312,-28.99896],[31.42753,-28.99431],[31.43127,-28.99614],[31.43288,-28.9957],[31.43647,-28.99209],[31.44202,-28.99671],[31.44557,-28.99002],[31.45031,-28.99047],[31.45658,-28.989],[31.45763,-28.98737],[31.45594,-28.98275],[31.45804,-28.98186],[31.45976,-28.98368],[31.46058,-28.98741],[31.45898,-28.99168],[31.46172,-28.99773],[31.46084,-29.00368],[31.45823,-29.0042],[31.45409,-29.00353],[31.44969,-29.00474],[31.44798,-29.01113],[31.44909,-29.01352],[31.45281,-29.01705],[31.45481,-29.01639],[31.45795,-29.00983],[31.45969,-29.0089],[31.46676,-29.00953],[31.46802,-29.00812],[31.46727,-29.00543],[31.46993,-29.00432],[31.47179,-29.00774],[31.46838,-29.01467],[31.46899,-29.01868],[31.47058,-29.02303],[31.47243,-29.02523],[31.47545,-29.02593],[31.48043,-29.0242],[31.48886,-29.02523],[31.49893,-29.02747],[31.50036,-29.02902],[31.49987,-29.03459],[31.50081,-29.0366],[31.50678,-29.03593],[31.50963,-29.03442],[31.51228,-29.03523],[31.51093,-29.03753],[31.50992,-29.04331],[31.51098,-29.04626],[31.51359,-29.04724],[31.51751,-29.04699],[31.51792,-29.04442],[31.51376,-29.0417],[31.51379,-29.03928],[31.51717,-29.03689],[31.52454,-29.03814],[31.52574,-29.04113],[31.52331,-29.04465],[31.52227,-29.0485],[31.52533,-29.05009],[31.52959,-29.05669],[31.54096,-29.05777],[31.54231,-29.05605],[31.53855,-29.05348],[31.53856,-29.05053],[31.54334,-29.05235],[31.54928,-29.05959],[31.55303,-29.05999],[31.55775,-29.0589],[31.56161,-29.05977],[31.56318,-29.06171],[31.57767,-29.05365],[31.67421,-29.05472],[31.675314,-29.054893],[31.69778,-29.03502],[31.6998,-29.03282],[31.71121,-29.02248],[31.72467,-29.00648],[31.72681,-29.00344],[31.73519,-28.99329],[31.74169,-28.98611],[31.74874,-28.97928],[31.75306,-28.9756],[31.75803,-28.97037],[31.76535,-28.96543],[31.77319,-28.96138],[31.78005,-28.95846],[31.79493,-28.95316],[31.79952,-28.95068],[31.8088,-28.94802],[31.81297,-28.94738],[31.81571,-28.94574],[31.82031,-28.94363],[31.83056,-28.94231],[31.83722,-28.94217],[31.84234,-28.94151],[31.84746,-28.93995],[31.85922,-28.93563],[31.86576,-28.9327],[31.8844,-28.92617],[31.89613,-28.92267],[31.90811,-28.92015],[31.91854,-28.91747],[31.9259,-28.91444],[31.931,-28.91116],[31.93549,-28.90941],[31.93793,-28.90687],[31.94529,-28.9042],[31.96032,-28.90049],[32.00423,-28.88221],[32.01279,-28.87701],[32.02764,-28.86499],[32.02934,-28.8654],[32.04226,-28.85392],[32.05087,-28.84539],[32.05438,-28.84282],[32.06326,-28.83473],[32.06618,-28.83163],[32.0818,-28.81934],[32.08697,-28.81598],[32.09036,-28.81285],[32.09638,-28.80489],[32.09754,-28.80245],[32.10063,-28.79914],[32.10863,-28.79305],[32.12502,-28.78155],[32.13181,-28.77429],[32.13762,-28.76898],[32.147119,-28.758805],[32.15156,-28.75498],[32.15685,-28.74852],[32.16298,-28.74459],[32.16862,-28.73956],[32.17394,-28.73567],[32.18902,-28.72319],[32.19407,-28.71937],[32.2045,-28.70827],[32.20907,-28.70433],[32.21369,-28.69728],[32.21914,-28.6921],[32.22455,-28.68628],[32.23605,-28.67728],[32.24006,-28.67367],[32.24983,-28.66647],[32.25485,-28.66399],[32.26832,-28.65562],[32.27375,-28.65278],[32.27584,-28.6509],[32.28974,-28.64056],[32.2975,-28.6342],[32.2982,-28.63168],[32.30269,-28.62541],[32.31226,-28.61445],[32.32085,-28.60807],[32.3356,-28.59884],[32.33966,-28.59593],[32.34499,-28.59072],[32.35751,-28.58047],[32.36895,-28.5684],[32.37562,-28.55917],[32.3768,-28.5582],[32.38449,-28.54785],[32.38575,-28.54544],[32.39063,-28.53924],[32.39545,-28.53207],[32.40016,-28.52379],[32.40118,-28.51771],[32.40415,-28.51119],[32.40864,-28.50257],[32.41145,-28.49515],[32.413105,-28.485079],[32.414081,-28.482738],[32.414768,-28.476393],[32.470608,-28.485336],[32.472256,-28.47682],[32.47446,-28.462442],[32.475991,-28.454556],[32.478359,-28.445618],[32.481483,-28.436899],[32.483036,-28.430258],[32.483463,-28.426083],[32.48259,-28.419044],[32.480701,-28.413177],[32.479614,-28.406115],[32.480438,-28.396341],[32.482998,-28.388292],[32.490524,-28.373556],[32.494747,-28.366362],[32.503544,-28.354145],[32.508243,-28.34705],[32.519924,-28.327921],[32.527092,-28.316975],[32.531559,-28.309643],[32.542439,-28.290207],[32.549179,-28.278635],[32.555229,-28.267303],[32.566219,-28.24935],[32.589229,-28.206406],[32.593406,-28.197804],[32.600281,-28.182322],[32.606487,-28.166372],[32.611343,-28.150988],[32.614647,-28.141687],[32.615486,-28.135532],[32.614833,-28.133148],[32.61412,-28.12731],[32.61422,-28.112007],[32.61512,-28.099188],[32.616047,-28.092564],[32.621582,-28.069372],[32.624142,-28.057604],[32.632282,-28.018467],[32.637142,-27.999352],[32.640571,-27.987425],[32.642578,-27.977667],[32.644268,-27.966833],[32.649472,-27.942398],[32.651127,-27.927992],[32.648361,-27.923374],[32.646889,-27.914154],[32.645714,-27.901695],[32.646453,-27.894789],[32.648243,-27.883907],[32.650627,-27.866804],[32.651932,-27.855001],[32.654942,-27.84071],[32.655544,-27.831863],[32.659538,-27.812565],[32.662845,-27.794708],[32.667931,-27.775906],[32.674057,-27.757074],[32.678253,-27.739412],[32.680878,-27.730959],[32.688011,-27.712406],[32.694088,-27.69919],[32.695847,-27.693169],[32.697494,-27.683657],[32.702499,-27.670908],[32.702278,-27.665413],[32.704067,-27.65877],[32.707931,-27.647112],[32.710526,-27.635485],[32.711254,-27.626709],[32.713123,-27.617798],[32.713959,-27.609583],[32.716965,-27.599258],[32.720531,-27.59166],[32.727825,-27.573626],[32.732521,-27.555906],[32.73505,-27.55085],[32.736195,-27.541613],[32.732708,-27.5392],[32.730587,-27.534996],[32.729668,-27.527607],[32.730198,-27.52117],[32.734234,-27.506462],[32.738773,-27.496204],[32.747581,-27.477818],[32.753593,-27.465849],[32.75951,-27.45664],[32.766308,-27.447712],[32.766109,-27.446144],[32.770416,-27.434212],[32.773033,-27.424376],[32.781158,-27.407948],[32.784275,-27.403025],[32.784164,-27.399532],[32.788311,-27.385897],[32.792084,-27.375187],[32.795685,-27.366653],[32.797901,-27.362659],[32.80373,-27.35376],[32.804527,-27.350786],[32.803555,-27.345842],[32.804871,-27.340488],[32.810673,-27.328566],[32.818424,-27.315174],[32.818909,-27.312931],[32.823998,-27.301485],[32.826557,-27.294519],[32.825077,-27.289497],[32.826618,-27.282183],[32.828778,-27.277176],[32.83878,-27.259109],[32.846351,-27.246376],[32.847679,-27.242496],[32.846344,-27.237732],[32.846619,-27.234991],[32.851143,-27.224482],[32.857388,-27.213558],[32.861557,-27.20433],[32.858894,-27.202284],[32.858353,-27.195278],[32.860294,-27.187927],[32.865688,-27.178438],[32.870686,-27.170645],[32.877617,-27.160538],[32.881275,-27.153683],[32.884293,-27.151863],[32.880966,-27.149155],[32.882225,-27.144613],[32.886826,-27.13619],[32.891056,-27.127684],[32.896499,-27.120415],[32.89476,-27.117565],[32.89423,-27.112732],[32.895256,-27.10874],[32.900662,-27.098379],[32.903572,-27.089491],[32.902881,-27.08717],[32.904159,-27.079706],[32.903805,-27.075392],[32.905785,-27.068378],[32.911415,-27.057114],[32.915623,-27.045397],[32.915474,-27.040243],[32.917217,-27.033791],[32.921162,-27.025717],[32.92231,-27.021564],[32.919129,-27.018738],[32.919205,-27.011913],[32.922161,-27.002363],[32.926369,-26.99288],[32.927624,-26.988188],[32.928062,-26.982651],[32.930935,-26.974548],[32.93026,-26.966543],[32.928147,-26.961105],[32.927841,-26.956705],[32.931469,-26.944653],[32.933529,-26.934578],[32.932938,-26.931952],[32.933655,-26.925446],[32.936413,-26.906782],[32.936673,-26.895741],[32.93803,-26.890985],[32.940132,-26.886175],[32.944985,-26.871975],[32.891334,-26.857863],[32.885887,-26.858324],[32.859429,-26.863701],[32.85734,-26.86396],[32.82754,-26.86417],[32.80519,-26.86448],[32.79316,-26.86369],[32.7725,-26.86275],[32.75344,-26.86459],[32.72579,-26.8677],[32.71298,-26.86798],[32.68295,-26.86814],[32.64875,-26.8668],[32.61473,-26.86589],[32.60653,-26.86555],[32.57525,-26.86485],[32.56573,-26.86448],[32.51804,-26.86454],[32.49921,-26.86409],[32.47327,-26.86402],[32.41754,-26.86413],[32.34685,-26.86405],[32.34686,-26.85601],[32.34589,-26.8559],[32.34164,-26.85544],[32.33899,-26.85976],[32.33243,-26.86382],[32.32927,-26.86237],[32.32847,-26.86002],[32.32538,-26.85621],[32.32169,-26.85299],[32.31865,-26.85235],[32.31601,-26.85307],[32.31075,-26.85602],[32.30822,-26.85647],[32.30409,-26.85557],[32.299,-26.85341],[32.29414,-26.85254],[32.28843,-26.85308],[32.28358,-26.84995],[32.27945,-26.84869],[32.27526,-26.84963],[32.26431,-26.8474],[32.25832,-26.84862],[32.25529,-26.84768],[32.25274,-26.84273],[32.24857,-26.84041],[32.24254,-26.83919],[32.23827,-26.83919],[32.23295,-26.83771],[32.22737,-26.83524],[32.2203,-26.83285],[32.21443,-26.83507],[32.20807,-26.84006],[32.20765,-26.84475],[32.20563,-26.84767],[32.20535,-26.85387],[32.2037,-26.85538],[32.19957,-26.85598],[32.19545,-26.8577],[32.19058,-26.86129],[32.18633,-26.86299],[32.18165,-26.86311],[32.17547,-26.8616],[32.16884,-26.86056],[32.16243,-26.85883],[32.15474,-26.8559],[32.14539,-26.85011],[32.14351,-26.84808],[32.14215,-26.84261],[32.13895,-26.84051],[32.12451,-26.8402],[32.12024,-26.83882],[32.11302,-26.82717],[32.10839,-26.82102],[32.10655,-26.81225],[32.10521,-26.80929],[32.10068,-26.80533],[32.09702,-26.80442],[32.09256,-26.80487],[32.08511,-26.80737],[32.07123,-26.8098],[32.06527,-26.81192],[32.06138,-26.81622],[32.05866,-26.81768],[32.054,-26.81837],[32.04689,-26.81772],[32.04134,-26.81455],[32.03872,-26.81223],[32.03524,-26.80734],[32.02724,-26.80585],[32.01668,-26.80778],[32.01127,-26.81022],[32.01586,-26.81988],[32.00095,-26.90318],[31.99596,-26.92415],[32.00047,-26.93806],[31.98444,-27.00121],[31.98671,-27.00623],[31.9849,-27.03863],[31.98328,-27.05744],[31.97961,-27.09102],[31.97455,-27.11641],[31.97673,-27.12186],[31.97704,-27.13057],[31.9741,-27.14841],[31.97585,-27.1901],[31.97711,-27.222837],[31.97656,-27.276843],[31.97638,-27.30235],[31.97575,-27.31077],[31.97647,-27.31567],[31.97776,-27.31752],[31.98478,-27.31754],[31.98953,-27.32861],[31.99037,-27.34355],[31.99006,-27.34628],[31.98673,-27.35049],[31.98853,-27.36019],[31.98512,-27.3696],[31.99088,-27.37313],[31.9891,-27.38223],[31.99103,-27.38509],[31.99979,-27.38359],[32.00473,-27.40162],[32.00552,-27.41213],[32.00555,-27.42055],[32.00951,-27.4481],[32.01033,-27.45178],[32.01024,-27.4569],[32.015,-27.46013],[32.0141,-27.46601],[32.01351,-27.47551],[32.01463,-27.4801],[32.0159,-27.49006],[32.01593,-27.49684],[32.01949,-27.50255],[32.01818,-27.50559],[32.0207,-27.51284],[32.0238,-27.51492],[32.02726,-27.52193],[32.02932,-27.52416],[32.02758,-27.52582],[32.02849,-27.52777],[32.02976,-27.53667],[32.03146,-27.54218],[32.0377,-27.54583],[32.04494,-27.55322],[32.04266,-27.55516],[32.04822,-27.57302],[32.05014,-27.5838],[32.04273,-27.59353],[32.03932,-27.58819],[32.03686,-27.58709],[32.02943,-27.59097],[32.01735,-27.59443],[32.00983,-27.59336],[32.00426,-27.59013],[31.99828,-27.58325],[31.99575,-27.58152],[31.98979,-27.57931],[31.98696,-27.57991],[31.9831,-27.59161],[31.98079,-27.59606],[31.97861,-27.59677],[31.96954,-27.5941],[31.96011,-27.59294],[31.95681,-27.59345],[31.95542,-27.59687],[31.95703,-27.6053],[31.95608,-27.61188],[31.95315,-27.61858],[31.95162,-27.61908],[31.94605,-27.61851],[31.94199,-27.61495],[31.94072,-27.60879],[31.93795,-27.60427],[31.93415,-27.60246],[31.93051,-27.60335],[31.92582,-27.60712],[31.9175,-27.61678],[31.91801,-27.62081],[31.91589,-27.62751],[31.91185,-27.63076],[31.90862,-27.62963],[31.90609,-27.62706],[31.90574,-27.62391],[31.90703,-27.61952],[31.90594,-27.61528],[31.90369,-27.61429],[31.90089,-27.61583],[31.89823,-27.61939],[31.89577,-27.62027],[31.89261,-27.61963],[31.88629,-27.61015],[31.88329,-27.6103],[31.87891,-27.61439],[31.87778,-27.6222],[31.87374,-27.6249],[31.86703,-27.62389],[31.8594,-27.61847],[31.85619,-27.61714],[31.85013,-27.62245],[31.84603,-27.62479],[31.83917,-27.62678],[31.83417,-27.62763],[31.83429,-27.63294],[31.83844,-27.63842],[31.83823,-27.64069],[31.83365,-27.64306],[31.82594,-27.64478],[31.8205,-27.64396],[31.81576,-27.64115],[31.81425,-27.63898],[31.81342,-27.63255],[31.81479,-27.62438],[31.81671,-27.62032],[31.8183,-27.61902],[31.82861,-27.61718],[31.83259,-27.61467],[31.8358,-27.60842],[31.83672,-27.59696],[31.83565,-27.59397],[31.83054,-27.58592],[31.82414,-27.58068],[31.81932,-27.58016],[31.8178,-27.58318],[31.81684,-27.59024],[31.82137,-27.59634],[31.82343,-27.60107],[31.82358,-27.60581],[31.82214,-27.60862],[31.81822,-27.61116],[31.81453,-27.61105],[31.81277,-27.60916],[31.81128,-27.60459],[31.80931,-27.60092],[31.8025,-27.5939],[31.80106,-27.59386],[31.79604,-27.59664],[31.7942,-27.59844],[31.79074,-27.60614],[31.78412,-27.60844],[31.77981,-27.6114],[31.77954,-27.61494],[31.78217,-27.6184],[31.78538,-27.61962],[31.79024,-27.61792],[31.78969,-27.61366],[31.79207,-27.6115],[31.79548,-27.61243],[31.80285,-27.61725],[31.80526,-27.61967],[31.80633,-27.62266],[31.80552,-27.62408],[31.79671,-27.62823],[31.79438,-27.63146],[31.7877,-27.63159],[31.78521,-27.63052],[31.78198,-27.6273],[31.77914,-27.62665],[31.77491,-27.62858],[31.7762,-27.634],[31.7759,-27.63603],[31.76532,-27.65137],[31.76661,-27.65485],[31.76964,-27.65834],[31.77666,-27.66284],[31.77826,-27.66585],[31.76833,-27.67333],[31.76905,-27.67467],[31.7759,-27.6781],[31.77469,-27.67981],[31.76819,-27.68144],[31.76684,-27.68323],[31.77067,-27.68643],[31.77059,-27.68748],[31.76536,-27.69074],[31.76493,-27.6923],[31.76879,-27.69556],[31.76978,-27.69747],[31.76972,-27.7033],[31.76443,-27.70526],[31.76006,-27.70544],[31.75975,-27.70697],[31.76487,-27.71008],[31.76512,-27.71302],[31.76402,-27.71763],[31.76511,-27.72007],[31.764,-27.72219],[31.75715,-27.72027],[31.75751,-27.71607],[31.75671,-27.71467],[31.75175,-27.71148],[31.74774,-27.71192],[31.74514,-27.70648],[31.74832,-27.70387],[31.74596,-27.70231],[31.74102,-27.70229],[31.73535,-27.7062],[31.73374,-27.70851],[31.73639,-27.70965],[31.73471,-27.71889],[31.73256,-27.72179],[31.72783,-27.72182],[31.72802,-27.72669],[31.72705,-27.72995],[31.72376,-27.73373],[31.72059,-27.73579],[31.715842,-27.737156],[31.712415,-27.737339],[31.70838,-27.73629],[31.70564,-27.73655],[31.70212,-27.73883],[31.69775,-27.74033],[31.69574,-27.7427],[31.69664,-27.74612],[31.69017,-27.74691],[31.68079,-27.74608],[31.67609,-27.74613],[31.67324,-27.74811],[31.66878,-27.753],[31.66744,-27.75615],[31.6585,-27.76138],[31.65465,-27.75619],[31.65222,-27.74844],[31.64984,-27.75332],[31.6442,-27.75755],[31.63812,-27.76428],[31.63327,-27.7674],[31.63227,-27.76951],[31.63324,-27.77348],[31.628,-27.77846],[31.62427,-27.77734],[31.6234,-27.77374],[31.62509,-27.77137],[31.62231,-27.76957],[31.61654,-27.7695],[31.60967,-27.77342],[31.59851,-27.77436],[31.58837,-27.77412],[31.58651,-27.77688],[31.58775,-27.77861],[31.59145,-27.78048],[31.59157,-27.78249],[31.58812,-27.78409],[31.58891,-27.78675],[31.58642,-27.7872],[31.58324,-27.78632],[31.58103,-27.78334],[31.57654,-27.786],[31.57477,-27.7893],[31.57053,-27.79096],[31.57009,-27.79284],[31.5665,-27.79572],[31.56092,-27.79694],[31.55673,-27.7938],[31.55177,-27.79604],[31.5498,-27.79939],[31.54619,-27.79947],[31.5453,-27.80203],[31.54528,-27.81018],[31.54608,-27.81354],[31.54186,-27.81834],[31.54269,-27.81966],[31.54121,-27.82329],[31.53912,-27.82462],[31.53864,-27.83024],[31.53503,-27.83287],[31.52725,-27.83342],[31.52214,-27.83453],[31.5168,-27.83386],[31.51511,-27.83608],[31.511413,-27.838234],[31.51178,-27.83973],[31.48884,-27.85771],[31.4068,-27.92189],[31.3451,-27.97009],[31.3377,-27.99986],[31.33181,-28.0214],[31.32853,-28.01454],[31.32647,-28.01361],[31.3204,-28.0161],[31.30769,-28.03733],[31.26489,-28.04222],[31.26711,-28.0333],[31.21802,-28.02174],[31.18118,-28.02219],[31.17631,-28.04428],[31.16944,-28.04065],[31.17204,-28.02869],[31.159,-28.0272],[31.15822,-28.03063],[31.15676,-28.03216],[31.15177,-28.03045],[31.15093,-28.02527],[31.15516,-28.00037],[31.15167,-28.0042],[31.14513,-28.00732],[31.14209,-28.03313],[31.10099,-28.02637],[31.100119,-28.03423],[31.066,-28.02404],[31.06627,-28.02],[31.02857,-28.0096],[31.02751,-28.01309],[30.99419,-27.99661],[30.990931,-28.028483],[30.98691,-28.05689],[30.96782,-28.08859],[30.96525,-28.09089],[30.98147,-28.09851],[31.00336,-28.10832],[30.99776,-28.1121],[30.97132,-28.13196],[30.95036,-28.14359],[30.950565,-28.143642],[30.97171,-28.168589],[30.99411,-28.154076],[31.011625,-28.191166],[31.017736,-28.184008],[31.047565,-28.200092],[31.02679,-28.23062],[31.00152,-28.26016],[30.97043,-28.28886],[30.9422,-28.31233],[30.92873,-28.33848],[30.92073,-28.359173],[30.96096,-28.340944],[30.96354,-28.37744],[30.96542,-28.40632],[30.94635,-28.41466],[30.89602,-28.43636],[30.83266,-28.46373],[30.803962,-28.517826],[30.78483,-28.52014],[30.77142,-28.5175],[30.76987,-28.52451],[30.77031,-28.53132],[30.76902,-28.53369],[30.76599,-28.53565],[30.76314,-28.53906],[30.75921,-28.54213],[30.76089,-28.54349],[30.7662,-28.54514],[30.76972,-28.5477],[30.77372,-28.54858],[30.77613,-28.5518],[30.78177,-28.55446],[30.78476,-28.55752],[30.78852,-28.558],[30.79507,-28.56115],[30.79735,-28.5629],[30.8002,-28.56695],[30.80324,-28.56836],[30.80551,-28.57121],[30.80251,-28.572005],[30.81072,-28.57686],[30.81762,-28.57901],[30.82136,-28.58163],[30.82638,-28.58063],[30.8383,-28.5749],[30.81105,-28.60309],[30.81126,-28.60425],[30.78852,-28.62888],[30.78144,-28.62692],[30.7533,-28.62878],[30.73393,-28.64202],[30.73781,-28.65889],[30.73244,-28.6652],[30.725,-28.66114],[30.72054,-28.65949],[30.71587,-28.6561],[30.71177,-28.6543],[30.70839,-28.65395],[30.70421,-28.65215],[30.70227,-28.65007],[30.69832,-28.64814],[30.6943,-28.64716],[30.6903,-28.64502],[30.68267,-28.64329],[30.67993,-28.64137],[30.67622,-28.6413],[30.67236,-28.64312],[30.670316,-28.642552],[30.67145,-28.64636],[30.67146,-28.65029],[30.67593,-28.65486],[30.67847,-28.65834],[30.68408,-28.66076],[30.68449,-28.66356],[30.682,-28.66869],[30.67922,-28.6726],[30.67442,-28.67686],[30.67057,-28.68406],[30.66772,-28.68584],[30.65751,-28.6882],[30.65169,-28.68911],[30.64182,-28.69399],[30.63618,-28.6986],[30.63424,-28.69905],[30.62934,-28.69833],[30.62493,-28.699],[30.62063,-28.70462],[30.62093,-28.71047],[30.62674,-28.71191],[30.63374,-28.71224],[30.6378,-28.7161],[30.64459,-28.7174],[30.65011,-28.72073],[30.6526,-28.72498],[30.65389,-28.73026],[30.65404,-28.74078],[30.66486,-28.74669],[30.66733,-28.74716],[30.67274,-28.74461],[30.67856,-28.73895],[30.68778,-28.7334],[30.6926,-28.7324],[30.70151,-28.73425],[30.70393,-28.73562],[30.71478,-28.73848],[30.71758,-28.74523],[30.71834,-28.74943],[30.72013,-28.75191],[30.72414,-28.75335],[30.72875,-28.75632],[30.72992,-28.75852],[30.72907,-28.76217],[30.72655,-28.76509],[30.72131,-28.7683],[30.71607,-28.76975],[30.70654,-28.76973],[30.70012,-28.77068],[30.699074,-28.771936],[30.6964,-28.77599],[30.69638,-28.77897],[30.69971,-28.78353],[30.70586,-28.78495],[30.71137,-28.78732],[30.71501,-28.78963],[30.72404,-28.79384],[30.72834,-28.79539],[30.73384,-28.8001],[30.73561,-28.80238],[30.73941,-28.80416],[30.7432,-28.80399],[30.74723,-28.80164],[30.74811,-28.79826],[30.74408,-28.78558],[30.74009,-28.77812],[30.7397,-28.77517],[30.74158,-28.77089],[30.74571,-28.76577],[30.760081,-28.761181],[30.76165,-28.75743],[30.76677,-28.75382],[30.76773,-28.74888],[30.76419,-28.74242],[30.75993,-28.73763],[30.75367,-28.73205],[30.75368,-28.72707],[30.75452,-28.72429],[30.75901,-28.72206],[30.76415,-28.72181],[30.77086,-28.72268],[30.77346,-28.72415],[30.77848,-28.72958],[30.78331,-28.73252],[30.79481,-28.72958],[30.79982,-28.73243],[30.80722,-28.73354],[30.81062,-28.73554],[30.81806,-28.73466],[30.82094,-28.73334],[30.8227,-28.73408],[30.82317,-28.74282],[30.82021,-28.75027],[30.81658,-28.75742],[30.81365,-28.76106],[30.80783,-28.76459],[30.80318,-28.76624],[30.79923,-28.76966],[30.79838,-28.77222],[30.80396,-28.77642],[30.81108,-28.7774],[30.81787,-28.77697],[30.81863,-28.77586],[30.82921,-28.77233],[30.83311,-28.7717],[30.83889,-28.77295],[30.8442,-28.77268],[30.85039,-28.7747],[30.85984,-28.78102],[30.86543,-28.78],[30.86684,-28.77709],[30.87246,-28.77038],[30.87703,-28.7641],[30.88112,-28.76154],[30.88588,-28.76114],[30.89055,-28.76376],[30.89121,-28.76531],[30.89699,-28.77055],[30.89954,-28.77465],[30.90279,-28.77769],[30.90834,-28.78628],[30.90817,-28.79283],[30.90874,-28.79534],[30.91331,-28.80268],[30.91418,-28.80716],[30.914,-28.81252],[30.91091,-28.81797],[30.90421,-28.82638],[30.90002,-28.83467],[30.89996,-28.8404],[30.90372,-28.84413],[30.9074,-28.84568],[30.91755,-28.84791],[30.92324,-28.84786],[30.93178,-28.84692],[30.93717,-28.84542],[30.94007,-28.84303],[30.94168,-28.83731],[30.94004,-28.83398],[30.93583,-28.83057],[30.93124,-28.8278],[30.92676,-28.81999],[30.92611,-28.81513],[30.92815,-28.81129],[30.93178,-28.80644],[30.93868,-28.79838],[30.94302,-28.79438],[30.94791,-28.7914],[30.95145,-28.78845],[30.95588,-28.78882],[30.95788,-28.79214],[30.96306,-28.79656],[30.97104,-28.79863],[30.97686,-28.79862],[30.98187,-28.80108],[30.9868,-28.80512],[30.98718,-28.81097],[30.98489,-28.81527],[30.98075,-28.81974],[30.97262,-28.82407],[30.96801,-28.82723],[30.96683,-28.82927],[30.96787,-28.83393],[30.97278,-28.83816],[30.97446,-28.84259],[30.97783,-28.84692],[30.98172,-28.85072],[30.98456,-28.85557],[30.98833,-28.85732],[30.99335,-28.85648]]]},"properties":{"code":"035"}},{"type":"Feature","geometry":{"type":"Polygon","coordinates":[[[20.503259,-33.637],[20.56912,-33.62474],[20.58159,-33.62212],[20.58618,-33.66724],[20.64545,-33.6362],[20.66602,-33.62197],[20.69959,-33.63275],[20.71892,-33.64062],[20.73783,-33.65917],[20.75191,-33.67152],[20.77558,-33.69165],[20.8072,-33.68975],[20.8095,-33.69854],[20.80026,-33.71501],[20.82885,-33.7164],[20.88502,-33.71738],[20.87993,-33.69261],[20.9388,-33.69983],[20.93412,-33.72464],[20.96568,-33.74263],[20.98063,-33.73961],[21.01034,-33.75656],[21.00284,-33.76389],[20.98642,-33.7808],[20.96559,-33.80428],[20.95676,-33.80627],[20.94338,-33.85187],[20.93671,-33.8752],[20.93606,-33.87915],[20.92384,-33.88926],[20.95235,-33.90178],[20.93875,-33.92497],[20.93404,-33.94762],[20.93638,-33.96122],[20.92151,-33.9528],[20.87818,-33.964],[20.86777,-33.95499],[20.86282,-33.95871],[20.85387,-33.96316],[20.84564,-33.96283],[20.84153,-33.96535],[20.84045,-33.96997],[20.84112,-33.97312],[20.83379,-33.97133],[20.83319,-33.96762],[20.82932,-33.96516],[20.82709,-33.96593],[20.82713,-33.96145],[20.82502,-33.95854],[20.82339,-33.95328],[20.8195,-33.94687],[20.81907,-33.94047],[20.81642,-33.94023],[20.80658,-33.94642],[20.76854,-33.94965],[20.72741,-33.95281],[20.70727,-33.95512],[20.70698,-33.95909],[20.70213,-33.96089],[20.70242,-33.96755],[20.69777,-33.97298],[20.69538,-33.97468],[20.69597,-33.97662],[20.69946,-33.97629],[20.70134,-33.97846],[20.70461,-33.97879],[20.70729,-33.98023],[20.70657,-33.98302],[20.70821,-33.98555],[20.705228,-33.99018],[20.71016,-33.98848],[20.71569,-33.9882],[20.71894,-33.98646],[20.72895,-33.98836],[20.73123,-33.99845],[20.73028,-34.00262],[20.72808,-34.0066],[20.72962,-34.01812],[20.71278,-34.0179],[20.71,-34.01646],[20.71189,-34.01233],[20.71073,-34.01019],[20.69997,-34.00887],[20.69401,-34.00678],[20.69988,-34.03973],[20.71006,-34.04017],[20.72273,-34.03677],[20.72342,-34.04072],[20.725,-34.04182],[20.7286,-34.05751],[20.7476,-34.0667],[20.74036,-34.0713],[20.74449,-34.07709],[20.7543,-34.09725],[20.73351,-34.09328],[20.72087,-34.09251],[20.70318,-34.08806],[20.70427,-34.09092],[20.69303,-34.10076],[20.69099,-34.0891],[20.68725,-34.08743],[20.68042,-34.08741],[20.66052,-34.08901],[20.6401,-34.08596],[20.63934,-34.09765],[20.64736,-34.10924],[20.64872,-34.11936],[20.64749,-34.12601],[20.64206,-34.13528],[20.65623,-34.14481],[20.64967,-34.14906],[20.6453,-34.17547],[20.65427,-34.17138],[20.66495,-34.18848],[20.6865,-34.18739],[20.69693,-34.18435],[20.71893,-34.19549],[20.70753,-34.20539],[20.69957,-34.21318],[20.69277,-34.20244],[20.65282,-34.22356],[20.64123,-34.23301],[20.63924,-34.23428],[20.63771,-34.24291],[20.59938,-34.27291],[20.57467,-34.28342],[20.5726,-34.28301],[20.56886,-34.29011],[20.56556,-34.29932],[20.56536,-34.30205],[20.56815,-34.30424],[20.5736,-34.30116],[20.57881,-34.29519],[20.58278,-34.29465],[20.58707,-34.29639],[20.58962,-34.29907],[20.5913,-34.30425],[20.59958,-34.3051],[20.60504,-34.3048],[20.61364,-34.30163],[20.61776,-34.30268],[20.62234,-34.31325],[20.62197,-34.31674],[20.61916,-34.3186],[20.61181,-34.31982],[20.60719,-34.32174],[20.60395,-34.32598],[20.60448,-34.3331],[20.60392,-34.33551],[20.60127,-34.34014],[20.59748,-34.34522],[20.59629,-34.34797],[20.59657,-34.35125],[20.60072,-34.35236],[20.60381,-34.3516],[20.60769,-34.34708],[20.62244,-34.34359],[20.62927,-34.34483],[20.63246,-34.3473],[20.6353,-34.35262],[20.63859,-34.35495],[20.64154,-34.35549],[20.64771,-34.35489],[20.65237,-34.35012],[20.65748,-34.3484],[20.66883,-34.34977],[20.67638,-34.34893],[20.68338,-34.34667],[20.6875,-34.34747],[20.68742,-34.35376],[20.69071,-34.3587],[20.69844,-34.3617],[20.70664,-34.36401],[20.71038,-34.36676],[20.7174,-34.37476],[20.72162,-34.37897],[20.73505,-34.38768],[20.75267,-34.39249],[20.7593,-34.39295],[20.76958,-34.39562],[20.79084,-34.40544],[20.79827,-34.408],[20.80132,-34.40816],[20.81101,-34.40264],[20.819995,-34.4013],[20.827199,-34.401415],[20.831447,-34.402142],[20.84441,-34.402103],[20.849963,-34.403406],[20.85463,-34.39783],[20.86063,-34.3944],[20.86743,-34.39116],[20.88081,-34.38209],[20.89261,-34.37625],[20.90408,-34.37255],[20.9128,-34.37088],[20.91401,-34.37019],[20.92686,-34.36777],[20.93344,-34.366],[20.93885,-34.36662],[20.94233,-34.36566],[20.95104,-34.36626],[20.95709,-34.36525],[20.97089,-34.36511],[20.9785,-34.36541],[20.98346,-34.3649],[21.00118,-34.36495],[21.00158,-34.3663],[21.01803,-34.36721],[21.01955,-34.36817],[21.02619,-34.36879],[21.03268,-34.37029],[21.03763,-34.37076],[21.0471,-34.36971],[21.0513,-34.3709],[21.05883,-34.37115],[21.068,-34.37273],[21.08508,-34.37458],[21.09953,-34.37698],[21.10208,-34.37686],[21.11056,-34.37876],[21.11605,-34.38067],[21.12153,-34.38081],[21.13432,-34.38355],[21.14507,-34.387],[21.15641,-34.38978],[21.16375,-34.39252],[21.16688,-34.3929],[21.18251,-34.39755],[21.20141,-34.40419],[21.20709,-34.40674],[21.20842,-34.41049],[21.21457,-34.41146],[21.21743,-34.41335],[21.21989,-34.41635],[21.22279,-34.41539],[21.22594,-34.41781],[21.23186,-34.41622],[21.23266,-34.41804],[21.23617,-34.41987],[21.24242,-34.41921],[21.24579,-34.41953],[21.25185,-34.42217],[21.25714,-34.42318],[21.2632,-34.42548],[21.26335,-34.42688],[21.26757,-34.42772],[21.27415,-34.43014],[21.27703,-34.42967],[21.28336,-34.43334],[21.29071,-34.43677],[21.29778,-34.43679],[21.299,-34.43857],[21.31105,-34.43786],[21.31381,-34.43434],[21.31876,-34.43336],[21.32009,-34.43123],[21.32715,-34.43353],[21.33288,-34.43464],[21.33651,-34.43343],[21.33592,-34.43025],[21.33866,-34.42656],[21.34269,-34.4274],[21.34747,-34.42467],[21.35098,-34.42079],[21.35425,-34.41939],[21.36107,-34.41976],[21.36851,-34.42136],[21.36901,-34.42275],[21.37353,-34.42231],[21.37788,-34.41528],[21.3798,-34.41487],[21.38236,-34.41115],[21.38779,-34.4085],[21.39049,-34.40852],[21.39335,-34.41026],[21.39668,-34.41],[21.39896,-34.40613],[21.40424,-34.40352],[21.40632,-34.40355],[21.41313,-34.40136],[21.4144,-34.39931],[21.41243,-34.39764],[21.41744,-34.39151],[21.42121,-34.39202],[21.42426,-34.39058],[21.42806,-34.39393],[21.4304,-34.39121],[21.42741,-34.38653],[21.42334,-34.38482],[21.42257,-34.37956],[21.4283,-34.37428],[21.43197,-34.3726],[21.44341,-34.36912],[21.45009,-34.36754],[21.45812,-34.36776],[21.45927,-34.36687],[21.46455,-34.36646],[21.47282,-34.36688],[21.47528,-34.36591],[21.48123,-34.36757],[21.48671,-34.36615],[21.49339,-34.36599],[21.49643,-34.36427],[21.49948,-34.36387],[21.50339,-34.36171],[21.51159,-34.35957],[21.5166,-34.3611],[21.52,-34.35805],[21.5226,-34.3571],[21.52707,-34.3576],[21.52984,-34.35659],[21.5357,-34.35637],[21.54268,-34.35909],[21.55227,-34.36122],[21.5637,-34.36039],[21.56675,-34.36168],[21.57608,-34.36424],[21.57857,-34.36281],[21.58285,-34.36365],[21.58536,-34.36569],[21.59279,-34.36724],[21.612,-34.37281],[21.6214,-34.37705],[21.63067,-34.38015],[21.63492,-34.38107],[21.64275,-34.38135],[21.64907,-34.38313],[21.65217,-34.38506],[21.65516,-34.38514],[21.66247,-34.38721],[21.66587,-34.38633],[21.66995,-34.38857],[21.67608,-34.38869],[21.68722,-34.39271],[21.69236,-34.39162],[21.69625,-34.39499],[21.69938,-34.39433],[21.70394,-34.39506],[21.70798,-34.39482],[21.71403,-34.39309],[21.71944,-34.39548],[21.72244,-34.39321],[21.72624,-34.39546],[21.72927,-34.39584],[21.7313,-34.39387],[21.73504,-34.39421],[21.73797,-34.38812],[21.742,-34.38659],[21.75527,-34.38682],[21.76133,-34.38413],[21.76492,-34.38529],[21.77297,-34.38349],[21.78097,-34.38266],[21.78554,-34.38312],[21.78861,-34.38161],[21.79423,-34.38125],[21.79783,-34.38332],[21.80142,-34.38122],[21.80421,-34.38119],[21.80557,-34.3795],[21.81227,-34.38055],[21.8168,-34.37789],[21.8279,-34.37585],[21.83023,-34.37631],[21.83354,-34.37446],[21.8355,-34.37524],[21.85044,-34.36954],[21.8572,-34.36336],[21.86048,-34.3628],[21.86691,-34.36332],[21.87099,-34.36287],[21.87197,-34.36073],[21.87732,-34.35693],[21.88409,-34.35326],[21.88381,-34.34763],[21.88697,-34.34358],[21.89001,-34.34446],[21.89602,-34.34384],[21.89885,-34.34461],[21.90414,-34.34435],[21.90878,-34.34203],[21.91449,-34.33829],[21.90983,-34.33711],[21.90622,-34.3351],[21.90406,-34.33256],[21.90374,-34.32995],[21.90485,-34.32488],[21.90728,-34.32024],[21.91155,-34.31575],[21.91996,-34.30981],[21.93093,-34.30417],[21.93641,-34.30517],[21.93896,-34.30384],[21.94038,-34.30114],[21.94274,-34.2999],[21.93765,-34.29721],[21.93629,-34.29443],[21.93222,-34.29343],[21.92923,-34.2937],[21.92645,-34.29236],[21.92189,-34.29247],[21.91499,-34.29108],[21.91364,-34.28938],[21.91201,-34.28448],[21.9117,-34.2784],[21.91224,-34.27368],[21.91475,-34.26608],[21.91773,-34.26064],[21.92729,-34.2495],[21.93225,-34.24513],[21.9483,-34.2341],[21.95715,-34.22872],[21.96467,-34.2248],[21.97666,-34.22003],[21.98758,-34.21635],[21.9975,-34.21386],[21.9996,-34.21397],[22.01034,-34.21106],[22.017,-34.2104],[22.0257,-34.2085],[22.02986,-34.20863],[22.03284,-34.20782],[22.04815,-34.20591],[22.06118,-34.20559],[22.06422,-34.20499],[22.07346,-34.20561],[22.08093,-34.20863],[22.08458,-34.20846],[22.08939,-34.20928],[22.09255,-34.2069],[22.0946,-34.20346],[22.09893,-34.20418],[22.10305,-34.20339],[22.10535,-34.20425],[22.11219,-34.20381],[22.11431,-34.20237],[22.12096,-34.20131],[22.13006,-34.19904],[22.13144,-34.1978],[22.13576,-34.19765],[22.1404,-34.19428],[22.14256,-34.19615],[22.15177,-34.19146],[22.15228,-34.18815],[22.154,-34.18712],[22.16076,-34.1873],[22.16047,-34.18476],[22.15626,-34.18096],[22.14914,-34.1787],[22.14648,-34.18081],[22.14428,-34.1789],[22.14014,-34.17934],[22.13775,-34.1773],[22.13599,-34.17389],[22.13316,-34.17235],[22.12921,-34.17204],[22.12635,-34.16986],[22.12328,-34.16954],[22.12237,-34.16742],[22.11272,-34.16474],[22.11132,-34.1578],[22.11139,-34.14742],[22.11265,-34.14136],[22.11538,-34.13475],[22.11724,-34.13256],[22.12087,-34.12426],[22.12595,-34.11493],[22.13799,-34.10323],[22.14051,-34.10135],[22.14728,-34.09481],[22.15122,-34.09005],[22.15953,-34.08414],[22.16061,-34.08411],[22.17145,-34.07977],[22.18501,-34.07395],[22.19353,-34.07078],[22.19812,-34.06856],[22.20216,-34.06751],[22.21795,-34.06235],[22.23447,-34.05817],[22.24407,-34.05663],[22.25136,-34.05585],[22.26207,-34.05389],[22.27087,-34.05268],[22.28121,-34.0519],[22.29815,-34.05119],[22.31128,-34.05116],[22.33111,-34.05213],[22.339244,-34.053158],[22.33956,-34.05342],[22.340251,-34.053286],[22.34677,-34.05411],[22.35457,-34.05443],[22.35891,-34.05561],[22.36435,-34.05844],[22.36846,-34.05922],[22.37236,-34.05879],[22.38063,-34.06172],[22.38564,-34.06045],[22.38737,-34.05613],[22.39359,-34.05482],[22.39449,-34.05722],[22.40352,-34.05587],[22.40885,-34.05723],[22.42015,-34.05806],[22.42451,-34.06005],[22.42821,-34.05655],[22.43271,-34.05897],[22.4357,-34.05611],[22.44002,-34.05858],[22.446617,-34.056243],[22.45036,-34.05629],[22.45639,-34.0538],[22.45834,-34.05147],[22.46258,-34.04927],[22.46797,-34.04817],[22.47049,-34.05041],[22.47326,-34.04842],[22.478,-34.04911],[22.48051,-34.05057],[22.48464,-34.05126],[22.48844,-34.04558],[22.49311,-34.04446],[22.49748,-34.04154],[22.49864,-34.03656],[22.50067,-34.03716],[22.5041,-34.03516],[22.50835,-34.03477],[22.51067,-34.03172],[22.51214,-34.02805],[22.51796,-34.0273],[22.52177,-34.02446],[22.52442,-34.02461],[22.52611,-34.02232],[22.53396,-34.01928],[22.53858,-34.01886],[22.54173,-34.01691],[22.54381,-34.01313],[22.54848,-34.00945],[22.54877,-34.00491],[22.55284,-34.00486],[22.5568,-34.0022],[22.55649,-33.99806],[22.56102,-33.99843],[22.56365,-33.99611],[22.57931,-33.99575],[22.58884,-33.99703],[22.59177,-33.99687],[22.59776,-33.99804],[22.61153,-33.9998],[22.61811,-34.00131],[22.62604,-34.00251],[22.6394,-34.00382],[22.65218,-34.00585],[22.66472,-34.00825],[22.67879,-34.01131],[22.68787,-34.01398],[22.72411,-34.02222],[22.72784,-34.02381],[22.7374,-34.0265],[22.74402,-34.02898],[22.75505,-34.03204],[22.76448,-34.03552],[22.76486,-34.03182],[22.770545,-34.02745],[22.77297,-34.0269],[22.78012,-34.02772],[22.79632,-34.03119],[22.79911,-34.03349],[22.80646,-34.03635],[22.81224,-34.0376],[22.82851,-34.04328],[22.83306,-34.0456],[22.83835,-34.04734],[22.84265,-34.04773],[22.85322,-34.05007],[22.8654,-34.05188],[22.87435,-34.05471],[22.88574,-34.05675],[22.89891,-34.06088],[22.90544,-34.06222],[22.90886,-34.06371],[22.91428,-34.06458],[22.92024,-34.06699],[22.93185,-34.07028],[22.94425,-34.0749],[22.95351,-34.07914],[22.95804,-34.08265],[22.9586,-34.08614],[22.96543,-34.08482],[22.97026,-34.08607],[22.97419,-34.09095],[22.9782,-34.09066],[22.97536,-34.08678],[22.97513,-34.08443],[22.97667,-34.08099],[22.98106,-34.07718],[22.98829,-34.07425],[23.00361,-34.07179],[23.00856,-34.07197],[23.02315,-34.07449],[23.02505,-34.07558],[23.03175,-34.076],[23.03619,-34.07869],[23.04122,-34.07928],[23.04181,-34.08375],[23.0532,-34.08478],[23.05655,-34.08431],[23.05751,-34.08277],[23.06425,-34.08204],[23.06625,-34.08339],[23.07243,-34.08239],[23.07742,-34.08234],[23.08048,-34.08407],[23.08569,-34.08406],[23.08766,-34.08265],[23.09509,-34.08186],[23.09555,-34.08085],[23.10951,-34.08186],[23.11812,-34.08024],[23.12038,-34.08191],[23.12595,-34.08012],[23.13031,-34.08043],[23.13839,-34.08697],[23.13951,-34.08564],[23.14433,-34.0857],[23.14594,-34.08484],[23.15397,-34.0854],[23.16412,-34.08305],[23.16696,-34.0826],[23.16844,-34.08586],[23.1718,-34.08638],[23.17379,-34.08514],[23.18199,-34.08456],[23.18632,-34.08543],[23.1887,-34.08422],[23.19036,-34.08604],[23.19322,-34.08501],[23.19655,-34.08599],[23.19821,-34.08459],[23.20549,-34.08709],[23.20887,-34.08641],[23.21052,-34.08883],[23.21531,-34.08998],[23.21976,-34.08778],[23.22479,-34.08689],[23.22889,-34.08915],[23.23539,-34.08936],[23.23606,-34.09077],[23.23986,-34.09124],[23.24333,-34.09357],[23.24602,-34.09169],[23.24923,-34.0945],[23.25359,-34.0926],[23.25758,-34.0921],[23.25854,-34.09322],[23.26286,-34.0937],[23.2677,-34.09655],[23.26764,-34.09855],[23.27049,-34.09981],[23.27438,-34.09996],[23.27902,-34.09841],[23.27991,-34.10005],[23.28639,-34.10172],[23.29129,-34.09958],[23.29341,-34.10177],[23.29819,-34.10091],[23.29991,-34.10219],[23.3056,-34.10161],[23.30634,-34.10318],[23.31439,-34.10297],[23.32179,-34.09934],[23.32522,-34.10023],[23.32709,-34.10201],[23.33399,-34.10208],[23.33649,-34.10059],[23.34102,-34.10197],[23.34532,-34.10068],[23.35029,-34.10314],[23.35199,-34.10482],[23.35595,-34.10481],[23.35836,-34.1065],[23.36584,-34.10472],[23.36984,-34.10127],[23.38006,-34.10225],[23.38301,-34.10192],[23.38681,-34.10421],[23.38843,-34.10735],[23.3921,-34.10617],[23.39942,-34.10816],[23.40057,-34.10974],[23.40683,-34.11143],[23.40773,-34.10963],[23.41188,-34.10913],[23.41252,-34.10707],[23.40787,-34.10631],[23.40564,-34.10452],[23.3978,-34.10083],[23.38281,-34.1005],[23.37952,-34.09886],[23.37552,-34.09816],[23.37368,-34.09371],[23.37151,-34.08608],[23.37151,-34.07872],[23.3735,-34.07306],[23.37854,-34.06338],[23.38104,-34.06055],[23.37849,-34.05982],[23.37879,-34.04926],[23.38422,-34.04148],[23.38446,-34.04006],[23.38974,-34.03631],[23.39657,-34.02979],[23.40376,-34.02462],[23.41508,-34.01789],[23.42265,-34.01421],[23.43788,-34.00864],[23.45233,-34.00498],[23.46256,-34.00427],[23.47041,-34.00205],[23.47719,-34.00364],[23.47896,-34.00253],[23.49089,-34.00283],[23.49289,-34.004],[23.49693,-34.00051],[23.50208,-34.00017],[23.50822,-34.0007],[23.51239,-34.00183],[23.51694,-34.00059],[23.51896,-34.00156],[23.5237,-34],[23.52937,-33.99974],[23.53619,-33.98971],[23.54102,-33.9905],[23.54735,-33.98883],[23.54887,-33.98543],[23.55649,-33.98273],[23.5619,-33.98187],[23.5751,-33.98171],[23.57643,-33.98423],[23.57986,-33.98462],[23.5866,-33.98306],[23.59164,-33.98318],[23.59359,-33.98158],[23.59877,-33.9811],[23.59906,-33.98005],[23.60685,-33.98084],[23.61191,-33.98057],[23.61668,-33.97904],[23.61845,-33.98082],[23.62342,-33.98058],[23.62464,-33.98162],[23.63613,-33.98254],[23.64148,-33.9819],[23.64417,-33.98],[23.64702,-33.98056],[23.64747,-33.9772],[23.64539,-33.97589],[23.64739,-33.97399],[23.64675,-33.97025],[23.64516,-33.96772],[23.64459,-33.96349],[23.6459,-33.96245],[23.64258,-33.95644],[23.64031,-33.95466],[23.63831,-33.95546],[23.63459,-33.95205],[23.63599,-33.94334],[23.63516,-33.94098],[23.63624,-33.93821],[23.63846,-33.93736],[23.63697,-33.93465],[23.63986,-33.93172],[23.64372,-33.93178],[23.64471,-33.92868],[23.6401,-33.92378],[23.64334,-33.92148],[23.63748,-33.91421],[23.63901,-33.9105],[23.64056,-33.90963],[23.64898,-33.90982],[23.65362,-33.90921],[23.65672,-33.90713],[23.65663,-33.90202],[23.65021,-33.89926],[23.64778,-33.89267],[23.65185,-33.89253],[23.6526,-33.88991],[23.65523,-33.88739],[23.66108,-33.88717],[23.66685,-33.88462],[23.67552,-33.88316],[23.68305,-33.88394],[23.68584,-33.88157],[23.68943,-33.87686],[23.69031,-33.87419],[23.69576,-33.86746],[23.7006,-33.86738],[23.7033,-33.86406],[23.62027,-33.84324],[23.60806,-33.83293],[23.56195,-33.82894],[23.554015,-33.796355],[23.55735,-33.79341],[23.51882,-33.78212],[23.51792,-33.78562],[23.48799,-33.79149],[23.48906,-33.80753],[23.46805,-33.80748],[23.45421,-33.80322],[23.42772,-33.79906],[23.417,-33.79466],[23.39504,-33.79264],[23.41494,-33.77619],[23.43007,-33.76176],[23.43211,-33.7532],[23.43994,-33.71739],[23.47536,-33.71766],[23.54127,-33.69954],[23.54167,-33.68301],[23.55553,-33.67296],[23.55652,-33.65154],[23.5859,-33.67275],[23.62878,-33.66933],[23.67044,-33.67256],[23.67157,-33.65456],[23.67498,-33.62587],[23.619889,-33.591483],[23.61687,-33.57024],[23.61677,-33.56958],[23.5962,-33.57252],[23.60012,-33.5275],[23.60614,-33.50335],[23.604,-33.4964],[23.57862,-33.48568],[23.57903,-33.48468],[23.5464,-33.47347],[23.51417,-33.46274],[23.50987,-33.45954],[23.49562,-33.44344],[23.46761,-33.44814],[23.423254,-33.441971],[23.39337,-33.44569],[23.37378,-33.4454],[23.35488,-33.44117],[23.36398,-33.46164],[23.3405,-33.43335],[23.31803,-33.4065],[23.297125,-33.38864],[23.24835,-33.38742],[23.19533,-33.38615],[23.1348,-33.38762],[23.11289,-33.40081],[23.06638,-33.40034],[23.01539,-33.41238],[22.97244,-33.42145],[22.93478,-33.42914],[22.83025,-33.41908],[22.78575,-33.41954],[22.77443,-33.41974],[22.71448,-33.41491],[22.66434,-33.41571],[22.58182,-33.40468],[22.51566,-33.40967],[22.46474,-33.40452],[22.39129,-33.36409],[22.2887,-33.33397],[22.21399,-33.31496],[22.18217,-33.32172],[22.14525,-33.33541],[22.10868,-33.34106],[22.05092,-33.35145],[22.00576,-33.35552],[21.96288,-33.3662],[21.90208,-33.36496],[21.85693,-33.38239],[21.82724,-33.39104],[21.79261,-33.38994],[21.74715,-33.39714],[21.70793,-33.39641],[21.67999,-33.40479],[21.61195,-33.3968],[21.58149,-33.40457],[21.55335,-33.41052],[21.52182,-33.41441],[21.50467,-33.4107],[21.48849,-33.40935],[21.4331,-33.39417],[21.36773,-33.39823],[21.30248,-33.4071],[21.262,-33.41428],[21.25277,-33.41564],[21.20642,-33.4217],[21.16572,-33.415],[21.1383,-33.42284],[21.11385,-33.43074],[21.08389,-33.43213],[21.04928,-33.4339],[21.00971,-33.43927],[20.97264,-33.42252],[20.9218,-33.43065],[20.85791,-33.45475],[20.762,-33.49084],[20.72358,-33.49718],[20.65662,-33.50458],[20.6203,-33.51014],[20.56098,-33.51688],[20.5476,-33.51952],[20.54937,-33.5287],[20.57713,-33.5281],[20.57435,-33.53876],[20.53247,-33.59753],[20.503259,-33.637]]]},"properties":{"code":"044"}},{"type":"Feature","geometry":{"type":"Polygon","coordinates":[[[25.88731,-32.4868],[25.88708,-32.48712],[25.85837,-32.49195],[25.83395,-32.4905],[25.79739,-32.47722],[25.7943,-32.49385],[25.78931,-32.51862],[25.78743,-32.52704],[25.78556,-32.5379],[25.78358,-32.53775],[25.75491,-32.53271],[25.73403,-32.52953],[25.71268,-32.52507],[25.69897,-32.52197],[25.68992,-32.49912],[25.655082,-32.506907],[25.65079,-32.49579],[25.64493,-32.47969],[25.63734,-32.47544],[25.62172,-32.45679],[25.60465,-32.45184],[25.59197,-32.45861],[25.57437,-32.4578],[25.57115,-32.45216],[25.54808,-32.41044],[25.54132,-32.40405],[25.53406,-32.39447],[25.51271,-32.39839],[25.4946,-32.41271],[25.49311,-32.41049],[25.46752,-32.4141],[25.45451,-32.41579],[25.428675,-32.41871],[25.42027,-32.42342],[25.39873,-32.41303],[25.40853,-32.39341],[25.41743,-32.37451],[25.40771,-32.37401],[25.38292,-32.3467],[25.36024,-32.34078],[25.35832,-32.32353],[25.3634,-32.30667],[25.335385,-32.311755],[25.30955,-32.31333],[25.30699,-32.31612],[25.27863,-32.34556],[25.2658,-32.34318],[25.25301,-32.34111],[25.23277,-32.33857],[25.21739,-32.34707],[25.21448,-32.34679],[25.21352,-32.33668],[25.20392,-32.33462],[25.18605,-32.32378],[25.16756,-32.32871],[25.1553,-32.31424],[25.13979,-32.30067],[25.12831,-32.2911],[25.10401,-32.28313],[25.091,-32.27845],[25.07808,-32.27349],[25.05505,-32.28005],[25.04598,-32.26661],[25.02412,-32.2642],[25.0185,-32.25462],[25.003315,-32.25036],[24.98025,-32.25886],[24.96262,-32.24759],[24.94961,-32.24118],[24.92242,-32.23977],[24.90402,-32.22194],[24.90673,-32.21462],[24.90948,-32.1891],[24.91554,-32.17212],[24.92458,-32.16753],[24.93829,-32.17359],[24.93763,-32.15796],[24.95399,-32.14025],[24.95107,-32.1227],[24.96712,-32.10751],[24.96183,-32.08387],[24.9557,-32.07197],[24.95494,-32.06974],[24.94788,-32.07181],[24.93805,-32.05326],[24.95069,-32.00727],[24.9437,-31.97995],[24.93443,-31.97132],[24.92545,-31.95449],[24.92317,-31.94373],[24.92449,-31.94159],[24.94389,-31.92825],[24.9405,-31.92269],[24.94067,-31.91783],[24.93929,-31.91302],[24.93912,-31.90505],[24.93234,-31.89174],[24.91991,-31.88458],[24.92463,-31.88006],[24.9184,-31.87186],[24.91673,-31.86439],[24.90997,-31.86659],[24.90476,-31.86926],[24.901,-31.85708],[24.90121,-31.84838],[24.89794,-31.84509],[24.89925,-31.83727],[24.89586,-31.83344],[24.87403,-31.84031],[24.86889,-31.83956],[24.85563,-31.834885],[24.85033,-31.82685],[24.84834,-31.81749],[24.83857,-31.81457],[24.83165,-31.80603],[24.80193,-31.78497],[24.79223,-31.7888],[24.762913,-31.805683],[24.77187,-31.79281],[24.7538,-31.79165],[24.75332,-31.781955],[24.74071,-31.77922],[24.73347,-31.78729],[24.72763,-31.78424],[24.72084,-31.77756],[24.71892,-31.77508],[24.715,-31.77301],[24.69944,-31.76635],[24.69749,-31.75859],[24.7044,-31.74428],[24.67639,-31.73354],[24.64205,-31.72821],[24.65588,-31.71618],[24.65145,-31.71606],[24.636,-31.71851],[24.62785,-31.71226],[24.64159,-31.69041],[24.62233,-31.70629],[24.61646,-31.72617],[24.57723,-31.73056],[24.57762,-31.73847],[24.56148,-31.75178],[24.55071,-31.76117],[24.53961,-31.75938],[24.5182,-31.75382],[24.51042,-31.75417],[24.50828,-31.73854],[24.50853,-31.71851],[24.50627,-31.70683],[24.46994,-31.70648],[24.44125,-31.71261],[24.41262,-31.68851],[24.42329,-31.71164],[24.34599,-31.71448],[24.34069,-31.71383],[24.32469,-31.72406],[24.32237,-31.74178],[24.31403,-31.7513],[24.30157,-31.75833],[24.28502,-31.76518],[24.27633,-31.76053],[24.26882,-31.75591],[24.26825,-31.76667],[24.25721,-31.76404],[24.2542,-31.76178],[24.24841,-31.76036],[24.24018,-31.75204],[24.23525,-31.75023],[24.2258,-31.74755],[24.20562,-31.74508],[24.16159,-31.74015],[24.14741,-31.76728],[24.15246,-31.78861],[24.15424,-31.79476],[24.15433,-31.79831],[24.1837,-31.81328],[24.17975,-31.81939],[24.15977,-31.82314],[24.15483,-31.82248],[24.15332,-31.85491],[24.14533,-31.85265],[24.12377,-31.84722],[24.12242,-31.85006],[24.1083,-31.88614],[24.10475,-31.88681],[24.10538,-31.90685],[24.11817,-31.90598],[24.13865,-31.90544],[24.14681,-31.90269],[24.14724,-31.89695],[24.1642,-31.90241],[24.19192,-31.91996],[24.1972,-31.92349],[24.19115,-31.92677],[24.18804,-31.93363],[24.19981,-31.94257],[24.20543,-31.94169],[24.21207,-31.94745],[24.22241,-31.95564],[24.20188,-31.9768],[24.18303,-31.99594],[24.1885,-32.00013],[24.19374,-32.00483],[24.1878,-32.00818],[24.1894,-32.01225],[24.17485,-32.01256],[24.17448,-32.01994],[24.14087,-32.01171],[24.13525,-32.02695],[24.12861,-32.04125],[24.14107,-32.05136],[24.134805,-32.0602],[24.12329,-32.05593],[24.11185,-32.06164],[24.11256,-32.07003],[24.11047,-32.06877],[24.10443,-32.06764],[24.10285,-32.06989],[24.09788,-32.08517],[24.09878,-32.09155],[24.09788,-32.110775],[24.109675,-32.08429],[24.13544,-32.09786],[24.13553,-32.12314],[24.13036,-32.13196],[24.11757,-32.13522],[24.102235,-32.14883],[24.11293,-32.15093],[24.10013,-32.164],[24.0882,-32.16383],[24.06921,-32.1601],[24.04244,-32.15825],[24.03803,-32.15813],[24.04171,-32.17523],[24.04393,-32.18195],[24.03053,-32.19348],[23.98583,-32.19783],[23.9847,-32.1984],[23.96115,-32.20652],[23.953,-32.21647],[23.9446,-32.22474],[23.93524,-32.23196],[23.92096,-32.23342],[23.91628,-32.23764],[23.8923,-32.25495],[23.88148,-32.25239],[23.86445,-32.249],[23.85108,-32.24252],[23.83931,-32.23233],[23.81606,-32.211],[23.79785,-32.19407],[23.76623,-32.17873],[23.74707,-32.20068],[23.72608,-32.20845],[23.70817,-32.21915],[23.69241,-32.23346],[23.67045,-32.23767],[23.66616,-32.24975],[23.66159,-32.26373],[23.64887,-32.29802],[23.65697,-32.30395],[23.67837,-32.32911],[23.66515,-32.34423],[23.59178,-32.34077],[23.55546,-32.33538],[23.52359,-32.32876],[23.50469,-32.32754],[23.44896,-32.32327],[23.44851,-32.32371],[23.42465,-32.35624],[23.41872,-32.36999],[23.40985,-32.3892],[23.38921,-32.3806],[23.36637,-32.37145],[23.34926,-32.36441],[23.33305,-32.35114],[23.31551,-32.38236],[23.31092,-32.38926],[23.30733,-32.39592],[23.287215,-32.404175],[23.27214,-32.40066],[23.22161,-32.42504],[23.24754,-32.46533],[23.24686,-32.47869],[23.24447,-32.51323],[23.288155,-32.55121],[23.29701,-32.57866],[23.30729,-32.61165],[23.30131,-32.65179],[23.28979,-32.65919],[23.26957,-32.67148],[23.27631,-32.67503],[23.33286,-32.70361],[23.33631,-32.70814],[23.3535,-32.72944],[23.35268,-32.73369],[23.35208,-32.75422],[23.3516,-32.76379],[23.397737,-32.76348],[23.37862,-32.82502],[23.30517,-32.8095],[23.25041,-32.78858],[23.2011,-32.785355],[23.18747,-32.76743],[23.14933,-32.76674],[23.08935,-32.79918],[23.11642,-32.85799],[23.09801,-32.87369],[23.00744,-32.87282],[23.00368,-32.89828],[22.94875,-32.95004],[22.96925,-32.99337],[22.93521,-33.01304],[22.93409,-33.02166],[22.95785,-33.04506],[22.95531,-33.07314],[22.92307,-33.10907],[22.89227,-33.14163],[22.877208,-33.186904],[22.86381,-33.19886],[22.85068,-33.21134],[22.84022,-33.22021],[22.82578,-33.24482],[22.81442,-33.26503],[22.79026,-33.30731],[22.77393,-33.30903],[22.77339,-33.32626],[22.73927,-33.32398],[22.73753,-33.37902],[22.73574,-33.39477],[22.7845,-33.41553],[22.77443,-33.41974],[22.78575,-33.41954],[22.83025,-33.41908],[22.93478,-33.42914],[22.97244,-33.42145],[23.01539,-33.41238],[23.06638,-33.40034],[23.11289,-33.40081],[23.1348,-33.38762],[23.19533,-33.38615],[23.24835,-33.38742],[23.297125,-33.38864],[23.31803,-33.4065],[23.3405,-33.43335],[23.36398,-33.46164],[23.35488,-33.44117],[23.37378,-33.4454],[23.39337,-33.44569],[23.423254,-33.441971],[23.46761,-33.44814],[23.49562,-33.44344],[23.50987,-33.45954],[23.51417,-33.46274],[23.5464,-33.47347],[23.57903,-33.48468],[23.57862,-33.48568],[23.604,-33.4964],[23.60614,-33.50335],[23.60012,-33.5275],[23.5962,-33.57252],[23.61677,-33.56958],[23.61687,-33.57024],[23.64687,-33.57832],[23.67857,-33.59709],[23.69764,-33.60707],[23.7116,-33.61416],[23.72229,-33.61749],[23.73238,-33.61683],[23.74291,-33.61439],[23.74958,-33.61396],[23.75471,-33.61111],[23.76049,-33.60932],[23.76711,-33.60922],[23.77489,-33.61248],[23.78061,-33.6185],[23.78559,-33.62251],[23.80471,-33.63462],[23.82263,-33.64328],[23.84281,-33.65045],[23.86436,-33.65577],[23.8878,-33.66047],[23.90596,-33.66352],[23.92359,-33.66553],[23.94046,-33.66708],[23.96204,-33.67049],[23.97736,-33.67467],[23.98803,-33.67852],[23.99976,-33.68433],[24.00688,-33.68716],[24.01631,-33.68923],[24.03139,-33.69184],[24.03596,-33.69317],[24.06074,-33.69839],[24.06085,-33.70033],[24.05716,-33.72594],[24.077,-33.73193],[24.12824,-33.74707],[24.15348,-33.75465],[24.18769,-33.76476],[24.21241,-33.75486],[24.24132,-33.74288],[24.26292,-33.744315],[24.26468,-33.74131],[24.29098,-33.7119],[24.32281,-33.7203],[24.370555,-33.70399],[24.35523,-33.73348],[24.38442,-33.74283],[24.40684,-33.75179],[24.422865,-33.75869],[24.44953,-33.76228],[24.47343,-33.76521],[24.49233,-33.77458],[24.499621,-33.778455],[24.50526,-33.74406],[24.52531,-33.72622],[24.5367,-33.7265],[24.53802,-33.69612],[24.54622,-33.68942],[24.53532,-33.66286],[24.56325,-33.63434],[24.59844,-33.65717],[24.62888,-33.64812],[24.67058,-33.63558],[24.6711,-33.63075],[24.71392,-33.6343],[24.73074,-33.62038],[24.72931,-33.61089],[24.7588,-33.61638],[24.80006,-33.62363],[24.83013,-33.62872],[24.82946,-33.64257],[24.86796,-33.66733],[24.89088,-33.67443],[24.90865,-33.68904],[24.94222,-33.69964],[24.97553,-33.71649],[24.99407,-33.73439],[25.007,-33.74013],[25.02504,-33.74886],[25.02606,-33.7505],[25.0335,-33.75495],[25.03603,-33.76534],[25.05299,-33.7755],[25.08142,-33.78668],[25.08797,-33.79789],[25.11299,-33.79799],[25.15259,-33.80781],[25.18121,-33.81878],[25.20308,-33.8216],[25.23503,-33.8369],[25.24566,-33.82327],[25.25352,-33.81231],[25.26156,-33.80206],[25.26818,-33.77925],[25.27327,-33.77338],[25.29974,-33.77085],[25.305035,-33.762005],[25.28498,-33.75335],[25.28704,-33.74968],[25.301654,-33.726312],[25.291555,-33.722163],[25.282939,-33.710999],[25.268209,-33.705669],[25.266236,-33.699408],[25.263244,-33.700869],[25.26075,-33.696025],[25.253186,-33.69099],[25.24513,-33.692252],[25.241912,-33.694488],[25.240432,-33.693126],[25.247212,-33.688646],[25.249073,-33.683672],[25.273742,-33.689346],[25.266535,-33.697112],[25.300802,-33.703858],[25.301723,-33.712299],[25.292057,-33.714314],[25.307228,-33.717358],[25.327329,-33.726396],[25.337227,-33.710457],[25.350329,-33.716023],[25.351292,-33.713319],[25.352082,-33.703063],[25.33062,-33.68902],[25.34784,-33.67091],[25.32064,-33.64886],[25.30806,-33.63785],[25.33623,-33.63667],[25.33954,-33.62878],[25.32134,-33.62164],[25.32271,-33.61702],[25.33916,-33.57326],[25.3463,-33.55707],[25.35826,-33.55669],[25.39184,-33.56128],[25.40446,-33.56172],[25.42635,-33.55899],[25.43771,-33.55308],[25.47915,-33.56425],[25.507624,-33.571773],[25.49382,-33.6116],[25.55581,-33.62811],[25.5544,-33.61632],[25.55341,-33.60511],[25.55801,-33.59616],[25.57082,-33.59544],[25.63166,-33.59162],[25.62707,-33.60889],[25.6419,-33.61171],[25.65507,-33.61451],[25.6638,-33.6155],[25.6681,-33.61437],[25.66863,-33.61847],[25.67126,-33.62155],[25.67934,-33.62844],[25.68351,-33.62524],[25.67904,-33.62257],[25.68228,-33.61854],[25.67519,-33.61792],[25.67858,-33.60607],[25.68808,-33.60159],[25.69361,-33.60952],[25.69139,-33.61516],[25.69927,-33.62568],[25.70169,-33.62776],[25.70467,-33.62236],[25.70775,-33.62058],[25.71316,-33.62327],[25.72582,-33.62435],[25.73163,-33.62563],[25.73679,-33.62993],[25.73711,-33.63436],[25.73853,-33.63732],[25.73915,-33.64539],[25.73769,-33.65126],[25.73793,-33.65568],[25.7413,-33.65981],[25.745,-33.66176],[25.75848,-33.67112],[25.76851,-33.67908],[25.77054,-33.68397],[25.77578,-33.68973],[25.78006,-33.69231],[25.78721,-33.69432],[25.79246,-33.69442],[25.79164,-33.68366],[25.81814,-33.67526],[25.8498,-33.66541],[25.85805,-33.68205],[25.86185,-33.68407],[25.868165,-33.69945],[25.84901,-33.72246],[25.85385,-33.72207],[25.86703,-33.71988],[25.87257,-33.7181],[25.9056,-33.71316],[25.91966,-33.71159],[25.93713,-33.71007],[25.94336,-33.70976],[25.96056,-33.70826],[25.98538,-33.70718],[25.98812,-33.70668],[25.99636,-33.7066],[26.01586,-33.70531],[26.03487,-33.70532],[26.04052,-33.70509],[26.0589,-33.70566],[26.06443,-33.7062],[26.07876,-33.70675],[26.0991,-33.70883],[26.11764,-33.71143],[26.12828,-33.71331],[26.13874,-33.71477],[26.15218,-33.71743],[26.16726,-33.72166],[26.17527,-33.72318],[26.177,-33.72402],[26.18834,-33.72619],[26.19901,-33.72941],[26.20435,-33.73057],[26.20794,-33.73211],[26.21758,-33.73485],[26.2351,-33.74114],[26.24975,-33.74558],[26.25436,-33.74775],[26.25962,-33.7492],[26.26718,-33.75256],[26.27378,-33.75495],[26.27788,-33.75735],[26.28069,-33.75806],[26.28614,-33.76173],[26.29426,-33.76348],[26.30439,-33.76451],[26.32188,-33.76777],[26.32674,-33.76763],[26.33675,-33.76545],[26.34115,-33.765],[26.35214,-33.76125],[26.37234,-33.75942],[26.38019,-33.7594],[26.38757,-33.76025],[26.39937,-33.76098],[26.41107,-33.76243],[26.41385,-33.76244],[26.42827,-33.76459],[26.43348,-33.76573],[26.43759,-33.7677],[26.44819,-33.77038],[26.45584,-33.77134],[26.45897,-33.77122],[26.46839,-33.77338],[26.47184,-33.7708],[26.47726,-33.76991],[26.48205,-33.76658],[26.48842,-33.765],[26.49724,-33.76569],[26.49881,-33.7639],[26.51114,-33.75922],[26.5176,-33.75823],[26.52485,-33.75526],[26.53005,-33.75415],[26.52808,-33.75033],[26.50918,-33.7519],[26.49085,-33.75403],[26.46287,-33.75659],[26.46488,-33.75419],[26.46556,-33.74433],[26.46352,-33.74388],[26.46402,-33.73154],[26.45933,-33.71548],[26.46152,-33.7052],[26.44022,-33.6991],[26.43997,-33.69994],[26.38825,-33.70709],[26.34776,-33.68984],[26.35011,-33.68388],[26.34595,-33.684755],[26.35974,-33.64327],[26.35559,-33.6439],[26.3511,-33.64307],[26.34497,-33.64393],[26.33941,-33.63851],[26.33943,-33.6365],[26.33516,-33.63351],[26.33185,-33.63316],[26.35207,-33.61102],[26.34399,-33.61026],[26.34858,-33.60388],[26.3497,-33.60501],[26.3755,-33.60232],[26.37669,-33.59182],[26.38072,-33.56256],[26.36925,-33.55944],[26.37274,-33.55522],[26.34115,-33.53761],[26.329531,-33.527569],[26.30129,-33.51728],[26.30132,-33.5185],[26.2785,-33.51976],[26.2635,-33.52024],[26.25798,-33.51195],[26.2451,-33.5028],[26.23068,-33.5175],[26.21926,-33.522],[26.23168,-33.52874],[26.23108,-33.5294],[26.213115,-33.52382],[26.21231,-33.52724],[26.2034,-33.52432],[26.16666,-33.51307],[26.15996,-33.52957],[26.138397,-33.531493],[26.1335,-33.53223],[26.13178,-33.53523],[26.12827,-33.53728],[26.1245,-33.53701],[26.12316,-33.54027],[26.11954,-33.5422],[26.11688,-33.54242],[26.10928,-33.5413],[26.1082,-33.54017],[26.10818,-33.53609],[26.109715,-33.53468],[26.12029,-33.50742],[26.12555,-33.49275],[26.12923,-33.48819],[26.13205,-33.48162],[26.12366,-33.47932],[26.09542,-33.48407],[26.09109,-33.48689],[26.08423,-33.4755],[26.0628,-33.48106],[26.06015,-33.4767],[26.05774,-33.47712],[26.05586,-33.47537],[26.05127,-33.47476],[26.05398,-33.45996],[26.05242,-33.46],[26.05313,-33.45279],[26.04951,-33.45209],[26.05268,-33.44565],[26.04847,-33.44426],[26.04996,-33.44197],[26.05438,-33.43866],[26.05921,-33.43594],[26.06179,-33.43279],[26.05936,-33.42949],[26.0468,-33.42612],[26.04249,-33.42452],[26.03744,-33.42363],[26.03672,-33.42128],[26.04201,-33.41862],[26.043,-33.41706],[26.04171,-33.41426],[26.03834,-33.41087],[26.04006,-33.40395],[26.0423,-33.40251],[26.03665,-33.39487],[26.0474,-33.38124],[26.05081,-33.37062],[26.06136,-33.33912],[26.06319,-33.3331],[26.05053,-33.33573],[26.03886,-33.33244],[26.03837,-33.32787],[26.01738,-33.3242],[25.99991,-33.31395],[25.98794,-33.30661],[25.99573,-33.29593],[26.00831,-33.27797],[26.01649,-33.25041],[25.97084,-33.23293],[25.98338,-33.20446],[25.96878,-33.20043],[25.98195,-33.17964],[25.94819,-33.17266],[25.95075,-33.1619],[25.96258,-33.10997],[25.9652,-33.10729],[25.96725,-33.10684],[25.97066,-33.10265],[25.9729,-33.09735],[25.97526,-33.0966],[25.98892,-33.10006],[25.99186,-33.09901],[25.99581,-33.09213],[25.99965,-33.09022],[26.00563,-33.09045],[26.00902,-33.08775],[26.01044,-33.08466],[26.01072,-33.08139],[26.01267,-33.07758],[26.01528,-33.07573],[26.01857,-33.07709],[26.02153,-33.08193],[26.02907,-33.06888],[26.03532,-33.05869],[26.02434,-33.05273],[26.053565,-33.030655],[26.07124,-33.00973],[26.0935,-32.99376],[26.09613,-32.98309],[26.11103,-32.97584],[26.12148,-32.97115],[26.13401,-32.96595],[26.13567,-32.96017],[26.19587,-32.952175],[26.20639,-32.9504],[26.2418,-32.94493],[26.24991,-32.94383],[26.27494,-32.93698],[26.2801,-32.91634],[26.28508,-32.89919],[26.28438,-32.89632],[26.28188,-32.89332],[26.27894,-32.88788],[26.27884,-32.88604],[26.27551,-32.88142],[26.27094,-32.87812],[26.26528,-32.87828],[26.26255,-32.88034],[26.26324,-32.88884],[26.26079,-32.89084],[26.25525,-32.88758],[26.25278,-32.8854],[26.2503,-32.88572],[26.2467,-32.88458],[26.24265,-32.88162],[26.24101,-32.87924],[26.24126,-32.87642],[26.23614,-32.8712],[26.2348,-32.87112],[26.22957,-32.87544],[26.22457,-32.87784],[26.2194,-32.87816],[26.2186,-32.87608],[26.22253,-32.86988],[26.22588,-32.86559],[26.22649,-32.85993],[26.2236,-32.85713],[26.21629,-32.85951],[26.21248,-32.86267],[26.20864,-32.86199],[26.20714,-32.85873],[26.2004,-32.85061],[26.19674,-32.85159],[26.19553,-32.86013],[26.19438,-32.86509],[26.1892,-32.8685],[26.18323,-32.86932],[26.18207,-32.8673],[26.18585,-32.86447],[26.18688,-32.86261],[26.18665,-32.85829],[26.18422,-32.85127],[26.18043,-32.84463],[26.17795,-32.84535],[26.17647,-32.84827],[26.17637,-32.85429],[26.17426,-32.85591],[26.17036,-32.85631],[26.16832,-32.85503],[26.16882,-32.85121],[26.16775,-32.84715],[26.16564,-32.8444],[26.17941,-32.82574],[26.19005,-32.81223],[26.20906,-32.81279],[26.22648,-32.81382],[26.24574,-32.81524],[26.24733,-32.81023],[26.24041,-32.79296],[26.20812,-32.76958],[26.20567,-32.75154],[26.20515,-32.74946],[26.17951,-32.76344],[26.12681,-32.7678],[26.10911,-32.76949],[26.10937,-32.76503],[26.09513,-32.76434],[26.06596,-32.78693],[26.04901,-32.78082],[26.04619,-32.77832],[26.03204,-32.76401],[26.04229,-32.73923],[26.04759,-32.72567],[26.05835,-32.69902],[26.06398,-32.6856],[26.02676,-32.67012],[26.03756,-32.65852],[26.04722,-32.65427],[26.04434,-32.64426],[26.04762,-32.6328],[26.07408,-32.63827],[26.0803,-32.62967],[26.09407,-32.62462],[26.09721,-32.6169],[26.10527,-32.61209],[26.1139,-32.60541],[26.1189,-32.5982],[26.12138,-32.5968],[26.127175,-32.59544],[26.12127,-32.58024],[26.11114,-32.57112],[26.09414,-32.56491],[26.09536,-32.55859],[26.08961,-32.55864],[26.08084,-32.54658],[26.0467,-32.5426],[26.0283,-32.54003],[26.02662,-32.54662],[26.01488,-32.54629],[25.97663,-32.54587],[25.95945,-32.55181],[25.95475,-32.54891],[25.93983,-32.53872],[25.93595,-32.5209],[25.92999,-32.49462],[25.93427,-32.47606],[25.88731,-32.4868]]]},"properties":{"code":"049"}},{"type":"Feature","geometry":{"type":"Polygon","coordinates":[[[27.49183,-33.28204],[27.49885,-33.28032],[27.50004,-33.27851],[27.50728,-33.27539],[27.51753,-33.26855],[27.52215,-33.26066],[27.52947,-33.25548],[27.53658,-33.25237],[27.54595,-33.2493],[27.55066,-33.24677],[27.5566,-33.24479],[27.57667,-33.23432],[27.5821,-33.2285],[27.58283,-33.22642],[27.59417,-33.22218],[27.59862,-33.22154],[27.60291,-33.2221],[27.60446,-33.21919],[27.6086,-33.21819],[27.61126,-33.21551],[27.61106,-33.21281],[27.61493,-33.20778],[27.61897,-33.20599],[27.62578,-33.20457],[27.6341,-33.20079],[27.6343,-33.19672],[27.64415,-33.19279],[27.64592,-33.18847],[27.6523,-33.18618],[27.65501,-33.1831],[27.6593,-33.18038],[27.65928,-33.17791],[27.66315,-33.17467],[27.66407,-33.1727],[27.66956,-33.1706],[27.6728,-33.16858],[27.67802,-33.16693],[27.67776,-33.16518],[27.68139,-33.16144],[27.68613,-33.1584],[27.69388,-33.15667],[27.70075,-33.15247],[27.70347,-33.14815],[27.70278,-33.14586],[27.70424,-33.14336],[27.71506,-33.13751],[27.71543,-33.13545],[27.7223,-33.13058],[27.72518,-33.12671],[27.72797,-33.12144],[27.73679,-33.11721],[27.74073,-33.11703],[27.74553,-33.11459],[27.74941,-33.11163],[27.76179,-33.1058],[27.77377,-33.10243],[27.78212,-33.10262],[27.78899,-33.09944],[27.79074,-33.0977],[27.80541,-33.08923],[27.81657,-33.08653],[27.8216,-33.08711],[27.82561,-33.08468],[27.82505,-33.08076],[27.82856,-33.07601],[27.8306,-33.07458],[27.83554,-33.07337],[27.84691,-33.06793],[27.85016,-33.06692],[27.8543,-33.06342],[27.86311,-33.06004],[27.86345,-33.05725],[27.86992,-33.05603],[27.88828,-33.04513],[27.89435,-33.04409],[27.89906,-33.04451],[27.9037,-33.04242],[27.90868,-33.03894],[27.91044,-33.03538],[27.91342,-33.03291],[27.91966,-33.02961],[27.9255,-33.02838],[27.92121,-33.02599],[27.91645,-33.02665],[27.91636,-33.02402],[27.92024,-33.02057],[27.92139,-33.0186],[27.92261,-33.0116],[27.92833,-33.00766],[27.93187,-33.00644],[27.93714,-33.00338],[27.94237,-33.00241],[27.94784,-32.99852],[27.95168,-32.9981],[27.95217,-32.99547],[27.9492,-32.99262],[27.94914,-32.99095],[27.95194,-32.98668],[27.95779,-32.98282],[27.96077,-32.97879],[27.96912,-32.97365],[27.98264,-32.97058],[27.98653,-32.9694],[27.99211,-32.96232],[27.9997,-32.95877],[28.00283,-32.95587],[28.00914,-32.95507],[28.01317,-32.9535],[28.01378,-32.95225],[28.02209,-32.94986],[28.027,-32.94397],[28.03008,-32.94299],[28.03451,-32.94278],[28.03492,-32.94046],[28.03222,-32.93752],[28.03236,-32.93471],[28.03684,-32.93396],[28.03848,-32.93112],[28.04578,-32.92767],[28.05668,-32.91923],[28.06022,-32.91894],[28.06562,-32.91741],[28.07118,-32.91438],[28.07825,-32.91357],[28.08097,-32.91206],[28.07867,-32.90865],[28.07553,-32.907795],[28.07179,-32.90627],[28.06785,-32.9061],[28.06556,-32.90454],[28.06457,-32.89856],[28.06743,-32.89391],[28.06497,-32.8917],[28.05581,-32.8926],[28.05208,-32.89082],[28.0506,-32.88404],[28.0457,-32.88196],[28.04198,-32.88311],[28.04115,-32.88686],[28.03688,-32.88727],[28.03483,-32.88505],[28.03483,-32.88051],[28.02289,-32.88242],[28.01824,-32.87689],[28.01347,-32.87319],[28.00718,-32.86943],[28.00751,-32.8644],[27.99791,-32.86218],[27.99787,-32.85837],[27.99146,-32.855562],[27.996651,-32.849064],[28.003251,-32.843501],[28.010031,-32.840144],[28.007574,-32.837957],[28.009162,-32.835999],[28.009625,-32.829943],[28.01141,-32.825001],[28.007424,-32.817555],[28.000253,-32.815299],[27.996648,-32.81499],[27.986425,-32.815706],[27.981285,-32.815025],[27.979001,-32.812303],[27.981613,-32.808777],[27.986063,-32.806522],[27.992827,-32.801242],[27.995648,-32.794675],[27.999327,-32.791125],[27.997459,-32.787538],[27.991462,-32.783075],[27.990351,-32.781527],[27.990524,-32.775997],[27.987411,-32.773427],[27.98565,-32.777196],[27.984871,-32.782729],[27.985105,-32.78737],[27.987653,-32.793039],[27.98485,-32.794351],[27.982641,-32.78855],[27.98108,-32.787358],[27.97235,-32.788782],[27.969761,-32.787754],[27.966484,-32.78109],[27.966342,-32.777095],[27.968627,-32.775213],[27.96498,-32.771677],[27.964649,-32.769352],[27.960036,-32.763072],[27.960257,-32.760414],[27.957178,-32.758339],[27.958814,-32.755959],[27.955894,-32.754445],[27.954522,-32.750924],[27.95037,-32.750669],[27.947166,-32.752056],[27.9498,-32.74002],[27.93212,-32.74442],[27.91564,-32.75324],[27.90543,-32.75826],[27.89989,-32.75653],[27.89686,-32.76575],[27.89371,-32.76964],[27.8904,-32.7723],[27.88594,-32.77416],[27.88291,-32.7855],[27.87717,-32.78711],[27.86444,-32.78628],[27.86453,-32.79424],[27.86036,-32.79741],[27.85839,-32.79743],[27.85706,-32.80257],[27.85526,-32.80237],[27.85547,-32.79561],[27.85041,-32.79153],[27.84463,-32.79427],[27.84549,-32.79807],[27.84766,-32.80197],[27.84174,-32.8077],[27.832,-32.81262],[27.82863,-32.81536],[27.82506,-32.81398],[27.82541,-32.80916],[27.8228,-32.80442],[27.82311,-32.79755],[27.82414,-32.79328],[27.82802,-32.78963],[27.83291,-32.78657],[27.83365,-32.78416],[27.83274,-32.78186],[27.82998,-32.78029],[27.82519,-32.782],[27.82009,-32.78247],[27.81149,-32.78148],[27.80886,-32.77872],[27.81064,-32.7728],[27.81497,-32.76856],[27.81644,-32.76527],[27.81491,-32.761],[27.80513,-32.76439],[27.80377,-32.76405],[27.80289,-32.75721],[27.79577,-32.7541],[27.79521,-32.7475],[27.79158,-32.74692],[27.79074,-32.75209],[27.78856,-32.75244],[27.78723,-32.74906],[27.78269,-32.74894],[27.78216,-32.75247],[27.78453,-32.75362],[27.78741,-32.75922],[27.78178,-32.75777],[27.77721,-32.76604],[27.763038,-32.77835],[27.75277,-32.77874],[27.742375,-32.77768],[27.72733,-32.78393],[27.70775,-32.77829],[27.71577,-32.797345],[27.72047,-32.79988],[27.71589,-32.80857],[27.7043,-32.81553],[27.6928,-32.81742],[27.68828,-32.82094],[27.67417,-32.83435],[27.66828,-32.828545],[27.66605,-32.83063],[27.66265,-32.83116],[27.66164,-32.83348],[27.66552,-32.83576],[27.66446,-32.83693],[27.65696,-32.83744],[27.65878,-32.83988],[27.65618,-32.84111],[27.65214,-32.84002],[27.65191,-32.83709],[27.65445,-32.8334],[27.65524,-32.82795],[27.65251,-32.82665],[27.64726,-32.82573],[27.64559,-32.82444],[27.64711,-32.82188],[27.6508,-32.82163],[27.65135,-32.81902],[27.64903,-32.81609],[27.64776,-32.81188],[27.63962,-32.81353],[27.63438,-32.81727],[27.62697,-32.81278],[27.62593,-32.81531],[27.62914,-32.81935],[27.629505,-32.8231],[27.62553,-32.82061],[27.62121,-32.81968],[27.62141,-32.81775],[27.61638,-32.81535],[27.61336,-32.8172],[27.6136,-32.81997],[27.61142,-32.82077],[27.60779,-32.81896],[27.60425,-32.81894],[27.60442,-32.81629],[27.60826,-32.81278],[27.60759,-32.81],[27.59995,-32.80786],[27.59557,-32.80727],[27.59222,-32.80778],[27.58964,-32.81192],[27.58742,-32.81307],[27.58384,-32.81026],[27.57939,-32.80842],[27.58039,-32.80542],[27.5769,-32.80434],[27.57472,-32.8016],[27.57466,-32.79894],[27.56988,-32.79637],[27.56702,-32.79615],[27.56496,-32.79813],[27.55898,-32.80154],[27.55679,-32.80144],[27.55343,-32.79892],[27.54564,-32.79475],[27.54405,-32.79613],[27.53644,-32.79262],[27.52555,-32.76656],[27.5192,-32.74656],[27.53177,-32.74144],[27.53564,-32.73944],[27.55382,-32.72517],[27.53821,-32.72125],[27.51528,-32.71594],[27.50397,-32.72657],[27.50002,-32.73429],[27.49333,-32.74356],[27.49238,-32.74725],[27.49269,-32.75157],[27.49156,-32.75637],[27.48989,-32.75949],[27.48488,-32.75801],[27.48167,-32.75859],[27.47674,-32.76105],[27.4751,-32.77273],[27.46697,-32.77224],[27.46386,-32.7756],[27.46216,-32.77961],[27.4561,-32.78163],[27.45602,-32.79738],[27.45012,-32.81356],[27.42436,-32.80339],[27.421271,-32.796033],[27.41792,-32.80032],[27.41331,-32.80107],[27.39541,-32.80253],[27.39286,-32.80055],[27.38541,-32.8014],[27.38488,-32.81021],[27.38622,-32.81367],[27.38801,-32.81309],[27.39319,-32.81367],[27.3945,-32.81908],[27.39322,-32.82257],[27.38575,-32.82548],[27.383317,-32.822116],[27.379204,-32.824542],[27.375879,-32.82428],[27.373503,-32.821987],[27.370063,-32.804342],[27.371836,-32.79602],[27.374126,-32.792022],[27.379748,-32.785889],[27.378939,-32.776472],[27.381289,-32.770988],[27.381648,-32.764339],[27.386602,-32.749558],[27.39123,-32.739487],[27.397006,-32.736619],[27.401902,-32.737928],[27.403662,-32.7354],[27.398886,-32.732289],[27.395745,-32.732271],[27.388095,-32.726733],[27.386185,-32.724877],[27.382539,-32.725263],[27.37129,-32.69976],[27.38731,-32.67978],[27.37057,-32.67561],[27.35458,-32.67444],[27.33907,-32.674],[27.32246,-32.67522],[27.31404,-32.675],[27.29744,-32.67668],[27.29325,-32.67573],[27.29297,-32.68103],[27.2872,-32.68488],[27.28251,-32.68499],[27.27503,-32.68432],[27.26672,-32.68767],[27.25958,-32.68957],[27.24953,-32.69988],[27.23245,-32.71442],[27.23062,-32.71739],[27.23424,-32.72948],[27.23825,-32.74051],[27.24137,-32.74496],[27.24068,-32.75364],[27.23442,-32.7599],[27.21272,-32.76535],[27.21897,-32.78342],[27.21542,-32.79262],[27.19114,-32.79685],[27.19016,-32.79805],[27.18514,-32.79971],[27.18195,-32.80797],[27.177,-32.8124],[27.1735,-32.81204],[27.16951,-32.80921],[27.16818,-32.81167],[27.16992,-32.81284],[27.1771,-32.8154],[27.17732,-32.81741],[27.17485,-32.82029],[27.16531,-32.82626],[27.16248,-32.82849],[27.16179,-32.83233],[27.15878,-32.83195],[27.15761,-32.83846],[27.16721,-32.84082],[27.17724,-32.84254],[27.20245,-32.84467],[27.204126,-32.84931],[27.216207,-32.854893],[27.223442,-32.854915],[27.226728,-32.852782],[27.226927,-32.851272],[27.23288,-32.85235],[27.23376,-32.85411],[27.23186,-32.85674],[27.23024,-32.86262],[27.22724,-32.86321],[27.22592,-32.86836],[27.2204,-32.87907],[27.22341,-32.88346],[27.22344,-32.88558],[27.21791,-32.89013],[27.22011,-32.89652],[27.22208,-32.89847],[27.22567,-32.89859],[27.22897,-32.89639],[27.23128,-32.89606],[27.23117,-32.90036],[27.23264,-32.90365],[27.23178,-32.90842],[27.2375,-32.91545],[27.235,-32.91842],[27.2368,-32.91996],[27.24473,-32.91803],[27.24944,-32.91821],[27.25206,-32.91975],[27.2559,-32.91948],[27.259,-32.92083],[27.26054,-32.9228],[27.2651,-32.92071],[27.26936,-32.92186],[27.26908,-32.92405],[27.27067,-32.92764],[27.27596,-32.92722],[27.27872,-32.92515],[27.28255,-32.92834],[27.275478,-32.930874],[27.272654,-32.929827],[27.260608,-32.932314],[27.258776,-32.931993],[27.255831,-32.93549],[27.256533,-32.94041],[27.255786,-32.943458],[27.247599,-32.951086],[27.245571,-32.951818],[27.239753,-32.95669],[27.240978,-32.963132],[27.240264,-32.965208],[27.23456,-32.964988],[27.230907,-32.965678],[27.229176,-32.967469],[27.231151,-32.970419],[27.242168,-32.976368],[27.242341,-32.981615],[27.243548,-32.986171],[27.240896,-32.98734],[27.244357,-32.990176],[27.25344,-32.994138],[27.25598,-32.994186],[27.262622,-32.991568],[27.267762,-32.995196],[27.274877,-32.995327],[27.271272,-32.997957],[27.273906,-33.001896],[27.274668,-33.004518],[27.276888,-33.006065],[27.277871,-33.010054],[27.281278,-33.011743],[27.282515,-33.013934],[27.285972,-33.013364],[27.286616,-33.015533],[27.289864,-33.015928],[27.290824,-33.02012],[27.290248,-33.022877],[27.295864,-33.024173],[27.297459,-33.022216],[27.299676,-33.02234],[27.302043,-33.019269],[27.313278,-33.0166],[27.314825,-33.013685],[27.313582,-33.010145],[27.309923,-33.006076],[27.316401,-33.004917],[27.317817,-33.002888],[27.321531,-33.001483],[27.320323,-32.997384],[27.323149,-32.994987],[27.324854,-32.990277],[27.324991,-32.98691],[27.323766,-32.984644],[27.321999,-32.976958],[27.31984,-32.975066],[27.31795,-32.971264],[27.326207,-32.97033],[27.330192,-32.969176],[27.335267,-32.965756],[27.343075,-32.962954],[27.355603,-32.963406],[27.363592,-32.966279],[27.371379,-32.971324],[27.373725,-32.968449],[27.38592,-32.97304],[27.39273,-32.97425],[27.40139,-32.97746],[27.41794,-33.00583],[27.43974,-32.98983],[27.45488,-32.99089],[27.456,-32.99191],[27.47302,-32.99517],[27.47846,-32.99475],[27.48708,-32.99283],[27.49202,-32.99422],[27.50042,-32.99434],[27.50391,-32.99522],[27.50343,-32.99831],[27.49966,-33.00781],[27.48563,-33.02116],[27.47884,-33.025959],[27.48364,-33.03071],[27.45884,-33.04518],[27.447368,-33.048972],[27.4374,-33.05872],[27.438749,-33.067781],[27.44218,-33.06755],[27.44509,-33.07092],[27.44295,-33.0724],[27.44417,-33.07976],[27.44057,-33.08493],[27.441359,-33.088674],[27.437004,-33.089816],[27.426026,-33.090288],[27.421159,-33.095509],[27.418035,-33.096828],[27.416059,-33.095957],[27.412399,-33.098247],[27.411371,-33.100326],[27.407778,-33.103252],[27.401677,-33.104624],[27.400969,-33.106534],[27.397953,-33.107432],[27.395169,-33.110977],[27.39066,-33.108638],[27.386686,-33.109929],[27.379607,-33.110369],[27.374158,-33.116068],[27.37483,-33.118876],[27.371217,-33.12039],[27.369848,-33.122185],[27.373214,-33.124169],[27.373961,-33.127274],[27.368221,-33.128244],[27.363123,-33.127082],[27.360133,-33.129947],[27.359497,-33.132726],[27.360689,-33.134337],[27.3611,-33.138398],[27.367071,-33.143814],[27.367564,-33.148284],[27.369287,-33.151172],[27.37313,-33.1537],[27.37978,-33.15203],[27.38749,-33.15203],[27.39006,-33.15442],[27.39108,-33.1569],[27.38955,-33.16116],[27.38811,-33.16238],[27.37955,-33.16396],[27.37836,-33.16542],[27.37706,-33.17554],[27.37489,-33.18009],[27.37725,-33.18434],[27.38025,-33.18603],[27.38622,-33.18644],[27.39439,-33.18469],[27.39756,-33.18742],[27.39782,-33.18896],[27.40579,-33.19302],[27.41252,-33.1935],[27.41776,-33.1927],[27.42473,-33.19302],[27.42789,-33.1945],[27.43227,-33.19988],[27.43372,-33.20516],[27.43353,-33.20993],[27.42807,-33.21457],[27.42327,-33.21735],[27.41944,-33.22072],[27.41618,-33.22195],[27.41321,-33.23011],[27.41266,-33.23306],[27.41408,-33.23491],[27.42071,-33.23698],[27.42796,-33.23676],[27.43502,-33.23921],[27.43946,-33.24458],[27.44029,-33.24642],[27.44016,-33.25395],[27.44295,-33.25838],[27.45065,-33.25973],[27.45427,-33.26264],[27.456553,-33.266244],[27.45869,-33.27266],[27.45756,-33.27743],[27.45766,-33.28072],[27.4596,-33.2822],[27.46837,-33.28507],[27.46995,-33.2849],[27.47459,-33.28169],[27.47565,-33.27953],[27.47473,-33.27653],[27.47594,-33.27415],[27.47874,-33.2722],[27.48265,-33.27321],[27.48421,-33.27646],[27.49183,-33.28204]]]},"properties":{"code":"043"}},{"type":"Feature","geometry":{"type":"MultiPolygon","coordinates":[[[[18.987131,-34.03527],[19.005338,-34.074275],[19.004824,-34.075567],[18.966837,-34.102374],[18.954673,-34.119972],[18.9439,-34.13824],[18.961675,-34.13961],[18.966055,-34.140715],[18.96382,-34.15294],[18.98027,-34.15499],[18.96248,-34.17772],[18.95426,-34.17363],[18.95443,-34.18381],[18.94185,-34.18889],[18.9344,-34.19665],[18.931005,-34.195861],[18.929615,-34.197653],[18.92907,-34.201645],[18.930709,-34.203528],[18.92822,-34.20673],[18.92025,-34.21219],[18.9139,-34.21087],[18.91078,-34.21326],[18.90837,-34.21704],[18.89944,-34.21686],[18.89857,-34.22078],[18.90045,-34.22747],[18.89293,-34.23428],[18.88818,-34.23245],[18.87534,-34.2294],[18.88023,-34.24818],[18.86768,-34.25738],[18.86543,-34.26411],[18.85018,-34.27033],[18.845815,-34.26959],[18.84072,-34.27197],[18.83171,-34.27405],[18.8285,-34.27655],[18.82576,-34.28228],[18.82363,-34.28523],[18.82393,-34.28701],[18.82053,-34.28968],[18.82082,-34.29542],[18.82273,-34.29883],[18.81523,-34.29765],[18.81191,-34.29877],[18.81329,-34.30536],[18.81273,-34.30794],[18.81071,-34.30854],[18.81316,-34.3118],[18.81716,-34.31061],[18.81917,-34.31317],[18.8159,-34.31479],[18.81563,-34.3178],[18.81798,-34.32101],[18.81799,-34.3231],[18.82064,-34.32743],[18.82032,-34.33106],[18.82493,-34.33697],[18.82938,-34.33741],[18.83179,-34.33913],[18.83091,-34.34327],[18.82901,-34.34555],[18.82499,-34.3455],[18.81932,-34.34759],[18.81279,-34.34698],[18.80954,-34.34867],[18.8159,-34.35514],[18.81635,-34.35991],[18.81513,-34.36428],[18.81712,-34.36555],[18.81767,-34.3683],[18.81954,-34.37025],[18.81906,-34.37318],[18.82456,-34.37344],[18.82715,-34.3761],[18.82647,-34.38057],[18.82303,-34.38049],[18.82198,-34.38278],[18.82681,-34.38438],[18.82657,-34.38831],[18.83256,-34.38726],[18.83576,-34.38823],[18.8371,-34.38661],[18.83176,-34.38173],[18.83198,-34.38052],[18.83594,-34.37827],[18.84015,-34.37971],[18.84356,-34.37811],[18.84845,-34.38095],[18.84996,-34.38391],[18.85495,-34.38463],[18.8525,-34.38864],[18.85567,-34.391],[18.85637,-34.38849],[18.86006,-34.38875],[18.86068,-34.38634],[18.85712,-34.38112],[18.85715,-34.3765],[18.85884,-34.37472],[18.86545,-34.37106],[18.87441,-34.36913],[18.878,-34.37013],[18.88166,-34.37323],[18.88759,-34.37247],[18.89234,-34.37521],[18.89727,-34.37421],[18.89515,-34.37073],[18.90295,-34.36395],[18.90567,-34.36352],[18.90512,-34.36087],[18.90775,-34.35887],[18.91129,-34.35768],[18.92042,-34.35705],[18.92274,-34.3591],[18.92745,-34.35796],[18.93184,-34.35868],[18.934,-34.35591],[18.93867,-34.35662],[18.94399,-34.3589],[18.95011,-34.3588],[18.95008,-34.36015],[18.95565,-34.36141],[18.96118,-34.36148],[18.96462,-34.36297],[18.96721,-34.36063],[18.97104,-34.35959],[18.97476,-34.35988],[18.97881,-34.35703],[18.97962,-34.35398],[18.9862,-34.35075],[18.98664,-34.3488],[18.99384,-34.34646],[18.9946,-34.34483],[18.99937,-34.34364],[19.00456,-34.34632],[19.00793,-34.34606],[19.01544,-34.34747],[19.02091,-34.34539],[19.02621,-34.34481],[19.0347,-34.34486],[19.0387,-34.34132],[19.04213,-34.34107],[19.04708,-34.34219],[19.06907,-34.35119],[19.07728,-34.35622],[19.08372,-34.35921],[19.09057,-34.36329],[19.10259,-34.37213],[19.10472,-34.37435],[19.11392,-34.3822],[19.11743,-34.38569],[19.12339,-34.39303],[19.12519,-34.39744],[19.12519,-34.3998],[19.11967,-34.40243],[19.1184,-34.40426],[19.11759,-34.40906],[19.12223,-34.41207],[19.12132,-34.41513],[19.12602,-34.41723],[19.13344,-34.41859],[19.13491,-34.4201],[19.13933,-34.42033],[19.14121,-34.42317],[19.14762,-34.42156],[19.15533,-34.42184],[19.15844,-34.41939],[19.16563,-34.4184],[19.17019,-34.41601],[19.17218,-34.41689],[19.17239,-34.42047],[19.18157,-34.41991],[19.18321,-34.422],[19.18791,-34.42296],[19.18979,-34.42674],[19.19358,-34.42955],[19.20379,-34.42833],[19.20442,-34.43051],[19.20331,-34.43546],[19.2065,-34.4352],[19.20754,-34.43675],[19.21848,-34.43812],[19.2237,-34.43561],[19.22785,-34.42973],[19.23028,-34.42981],[19.23835,-34.42183],[19.24177,-34.42282],[19.24545,-34.41855],[19.24991,-34.41654],[19.25203,-34.41357],[19.25455,-34.41414],[19.26483,-34.41135],[19.26901,-34.40981],[19.27538,-34.40905],[19.28199,-34.41189],[19.28201,-34.41271],[19.28858,-34.4146],[19.30293,-34.4238],[19.31255,-34.43138],[19.32165,-34.43959],[19.33292,-34.45162],[19.34598,-34.46777],[19.35774,-34.48548],[19.36167,-34.49231],[19.3665,-34.50242],[19.37139,-34.51458],[19.37218,-34.51942],[19.37456,-34.52563],[19.37593,-34.53119],[19.37515,-34.53282],[19.37812,-34.54039],[19.37896,-34.54396],[19.3782,-34.54561],[19.37256,-34.5466],[19.36891,-34.5509],[19.36414,-34.55389],[19.36365,-34.55604],[19.35956,-34.55686],[19.35793,-34.55847],[19.35415,-34.55884],[19.35139,-34.56204],[19.35118,-34.56563],[19.35225,-34.5669],[19.34689,-34.57209],[19.3422,-34.57913],[19.34618,-34.58262],[19.34393,-34.58736],[19.33892,-34.58795],[19.33079,-34.60331],[19.33007,-34.60606],[19.32616,-34.61019],[19.31993,-34.61019],[19.3105,-34.6125],[19.30147,-34.61698],[19.30252,-34.61929],[19.30041,-34.6225],[19.29742,-34.62389],[19.29352,-34.62783],[19.29669,-34.62953],[19.29857,-34.63285],[19.30136,-34.6343],[19.303,-34.63247],[19.30597,-34.63326],[19.30924,-34.62943],[19.31342,-34.62838],[19.31633,-34.62322],[19.31912,-34.62391],[19.32065,-34.62601],[19.3284,-34.6255],[19.33082,-34.62439],[19.34021,-34.62767],[19.34531,-34.62579],[19.348,-34.62626],[19.35177,-34.62367],[19.35357,-34.62118],[19.35333,-34.61923],[19.3557,-34.61599],[19.36045,-34.61508],[19.36382,-34.61655],[19.36695,-34.61639],[19.37004,-34.61376],[19.37344,-34.61536],[19.37789,-34.61356],[19.38286,-34.61482],[19.3859,-34.61463],[19.38735,-34.61152],[19.39337,-34.61012],[19.3951,-34.60885],[19.40223,-34.60642],[19.40848,-34.60649],[19.41803,-34.61001],[19.42105,-34.6117],[19.42759,-34.61778],[19.43236,-34.62298],[19.43872,-34.63096],[19.44136,-34.64002],[19.446,-34.64865],[19.44639,-34.65117],[19.44915,-34.65463],[19.45258,-34.65645],[19.46008,-34.65802],[19.4673,-34.66038],[19.47312,-34.66117],[19.47446,-34.66475],[19.47652,-34.66571],[19.47805,-34.66302],[19.48235,-34.6628],[19.48859,-34.66364],[19.49055,-34.6651],[19.49038,-34.6678],[19.49413,-34.66999],[19.49486,-34.67207],[19.49853,-34.67225],[19.50284,-34.6709],[19.50365,-34.67197],[19.50833,-34.67242],[19.51582,-34.66974],[19.52048,-34.6713],[19.5297,-34.67707],[19.5325,-34.68075],[19.53237,-34.68283],[19.5296,-34.68488],[19.52919,-34.68797],[19.53204,-34.6906],[19.53674,-34.69012],[19.5398,-34.69193],[19.54007,-34.69508],[19.54388,-34.6958],[19.54568,-34.69778],[19.54468,-34.70342],[19.54957,-34.71157],[19.55287,-34.71313],[19.55619,-34.71216],[19.55911,-34.71277],[19.5644,-34.7152],[19.5686,-34.72034],[19.57279,-34.72002],[19.57467,-34.72143],[19.56947,-34.72469],[19.57322,-34.72826],[19.58589,-34.72863],[19.58734,-34.72744],[19.58751,-34.72425],[19.59137,-34.72618],[19.594,-34.72943],[19.59341,-34.73579],[19.59744,-34.73438],[19.59937,-34.73907],[19.59794,-34.74103],[19.59605,-34.74667],[19.59952,-34.74842],[19.60026,-34.7508],[19.60592,-34.75125],[19.60713,-34.75436],[19.60924,-34.75663],[19.61525,-34.75764],[19.62029,-34.75598],[19.62351,-34.75383],[19.62943,-34.75347],[19.63392,-34.75665],[19.63658,-34.7619],[19.64081,-34.76822],[19.64204,-34.77329],[19.64153,-34.77655],[19.63592,-34.781],[19.64152,-34.78339],[19.64438,-34.78129],[19.64662,-34.78148],[19.64951,-34.78594],[19.65591,-34.78594],[19.65767,-34.78443],[19.66166,-34.78444],[19.66108,-34.78767],[19.66583,-34.78489],[19.67523,-34.78314],[19.67772,-34.78159],[19.67386,-34.78005],[19.67242,-34.77755],[19.67402,-34.77516],[19.67669,-34.77476],[19.67968,-34.77231],[19.68247,-34.77169],[19.68502,-34.7653],[19.69135,-34.76316],[19.69994,-34.76261],[19.70368,-34.76409],[19.7103,-34.76359],[19.72036,-34.76564],[19.724737,-34.767249],[19.72679,-34.76807],[19.74104,-34.76884],[19.7474,-34.77053],[19.74956,-34.76982],[19.75376,-34.7709],[19.759,-34.76853],[19.76262,-34.76586],[19.76813,-34.76471],[19.77614,-34.76436],[19.78077,-34.76555],[19.7855,-34.76523],[19.78821,-34.7664],[19.79183,-34.76603],[19.79835,-34.76785],[19.80534,-34.76608],[19.80739,-34.76634],[19.8088,-34.76399],[19.81644,-34.76255],[19.81877,-34.7633],[19.82321,-34.76245],[19.82611,-34.76509],[19.83184,-34.76476],[19.83826,-34.76655],[19.84699,-34.76786],[19.85051,-34.76887],[19.85853,-34.76626],[19.86393,-34.76773],[19.86986,-34.76714],[19.87223,-34.7659],[19.87747,-34.76784],[19.8815,-34.7701],[19.88255,-34.77216],[19.88527,-34.77246],[19.88668,-34.77436],[19.89006,-34.78217],[19.90124,-34.78367],[19.90388,-34.78438],[19.90625,-34.78681],[19.90977,-34.78841],[19.92106,-34.79516],[19.92766,-34.80029],[19.93322,-34.80627],[19.9359,-34.80811],[19.93699,-34.81087],[19.93993,-34.81191],[19.94084,-34.81423],[19.95621,-34.81529],[19.95708,-34.81899],[19.96076,-34.82119],[19.96573,-34.82156],[19.96969,-34.82439],[19.97372,-34.82456],[19.97748,-34.82792],[19.98275,-34.82877],[19.98327,-34.83002],[19.98918,-34.83337],[19.99434,-34.83242],[19.99843,-34.83413],[20.00067,-34.83309],[20.00502,-34.83316],[20.00812,-34.83204],[20.01428,-34.83173],[20.01266,-34.82906],[20.01637,-34.82712],[20.01718,-34.8242],[20.02261,-34.82484],[20.02793,-34.82431],[20.02908,-34.82024],[20.02831,-34.81726],[20.0307,-34.81428],[20.03426,-34.81488],[20.04557,-34.81379],[20.04933,-34.81449],[20.05369,-34.81423],[20.05653,-34.81218],[20.05748,-34.80955],[20.06377,-34.806],[20.06483,-34.80312],[20.06252,-34.80084],[20.05844,-34.80057],[20.05632,-34.79838],[20.05235,-34.79835],[20.05044,-34.79605],[20.04668,-34.78831],[20.04708,-34.77945],[20.04816,-34.7736],[20.05181,-34.76582],[20.05753,-34.75724],[20.06523,-34.74929],[20.07978,-34.73651],[20.09732,-34.72523],[20.12275,-34.71294],[20.14391,-34.70469],[20.16294,-34.6975],[20.17063,-34.69522],[20.18557,-34.69186],[20.20245,-34.68927],[20.20701,-34.68967],[20.21064,-34.68872],[20.21457,-34.6892],[20.21663,-34.68804],[20.22494,-34.68824],[20.22648,-34.68906],[20.23259,-34.68962],[20.23599,-34.69164],[20.23564,-34.6878],[20.23364,-34.68623],[20.23302,-34.68201],[20.2347,-34.68006],[20.23199,-34.67625],[20.23304,-34.67202],[20.23547,-34.67009],[20.23267,-34.66758],[20.23284,-34.66178],[20.23938,-34.65219],[20.24882,-34.64413],[20.25884,-34.63829],[20.27182,-34.63236],[20.28354,-34.62816],[20.28643,-34.62678],[20.29528,-34.6254],[20.3002,-34.6228],[20.30274,-34.62223],[20.3135,-34.61797],[20.31933,-34.61378],[20.32426,-34.61149],[20.32756,-34.6109],[20.33101,-34.60851],[20.33129,-34.60679],[20.33812,-34.59929],[20.33921,-34.59669],[20.34239,-34.59318],[20.34767,-34.59011],[20.36421,-34.58356],[20.36805,-34.58237],[20.37878,-34.57721],[20.38969,-34.5731],[20.39698,-34.57235],[20.40188,-34.5673],[20.40363,-34.56686],[20.40724,-34.56343],[20.40838,-34.55904],[20.41411,-34.55301],[20.41317,-34.55135],[20.41621,-34.54551],[20.41829,-34.54318],[20.42211,-34.53361],[20.42772,-34.52644],[20.43487,-34.51996],[20.4385,-34.51594],[20.44494,-34.51076],[20.46185,-34.49998],[20.46921,-34.49638],[20.47609,-34.49233],[20.49766,-34.48271],[20.50006,-34.48224],[20.51279,-34.47781],[20.52196,-34.47538],[20.52681,-34.47259],[20.53341,-34.47],[20.54289,-34.4676],[20.55676,-34.46525],[20.55899,-34.46356],[20.5629,-34.46364],[20.56654,-34.46152],[20.57158,-34.46159],[20.57325,-34.46036],[20.58115,-34.45815],[20.58601,-34.45792],[20.59025,-34.45657],[20.59785,-34.45527],[20.60131,-34.45557],[20.60593,-34.45451],[20.60863,-34.45489],[20.61468,-34.4531],[20.62125,-34.45193],[20.625,-34.45226],[20.62775,-34.45138],[20.64397,-34.45043],[20.64672,-34.44995],[20.67666,-34.45051],[20.67893,-34.45245],[20.68295,-34.45312],[20.68839,-34.45227],[20.69112,-34.45027],[20.69591,-34.45053],[20.69787,-34.45174],[20.70711,-34.45207],[20.71407,-34.4536],[20.71728,-34.4529],[20.72526,-34.45498],[20.73083,-34.45239],[20.73673,-34.45559],[20.74297,-34.45564],[20.75295,-34.45634],[20.75918,-34.45877],[20.76638,-34.45924],[20.77331,-34.46148],[20.77622,-34.4607],[20.78122,-34.46092],[20.78495,-34.46248],[20.79444,-34.46405],[20.79655,-34.46627],[20.80174,-34.46651],[20.80643,-34.46813],[20.80864,-34.4675],[20.81273,-34.46899],[20.81566,-34.46896],[20.82041,-34.47189],[20.82446,-34.47091],[20.82974,-34.47158],[20.83494,-34.46993],[20.83888,-34.47026],[20.84368,-34.47197],[20.84618,-34.47438],[20.84838,-34.47235],[20.85361,-34.47087],[20.8521,-34.46757],[20.85611,-34.46494],[20.85874,-34.46454],[20.86233,-34.46554],[20.86879,-34.46617],[20.86998,-34.4646],[20.86565,-34.46054],[20.86548,-34.45842],[20.87139,-34.45244],[20.87154,-34.44782],[20.87038,-34.44593],[20.87042,-34.43752],[20.86807,-34.43518],[20.86813,-34.43083],[20.86957,-34.42923],[20.86644,-34.42554],[20.8614,-34.42477],[20.85658,-34.42197],[20.85583,-34.41845],[20.85337,-34.41488],[20.85264,-34.41159],[20.84872,-34.40885],[20.849963,-34.403406],[20.84441,-34.402103],[20.831447,-34.402142],[20.827199,-34.401415],[20.819995,-34.4013],[20.81101,-34.40264],[20.80132,-34.40816],[20.79827,-34.408],[20.79084,-34.40544],[20.76958,-34.39562],[20.7593,-34.39295],[20.75267,-34.39249],[20.73505,-34.38768],[20.72162,-34.37897],[20.7174,-34.37476],[20.71038,-34.36676],[20.70664,-34.36401],[20.69844,-34.3617],[20.69071,-34.3587],[20.68742,-34.35376],[20.6875,-34.34747],[20.68338,-34.34667],[20.67638,-34.34893],[20.66883,-34.34977],[20.65748,-34.3484],[20.65237,-34.35012],[20.64771,-34.35489],[20.64154,-34.35549],[20.63859,-34.35495],[20.6353,-34.35262],[20.63246,-34.3473],[20.62927,-34.34483],[20.62244,-34.34359],[20.60769,-34.34708],[20.60381,-34.3516],[20.60072,-34.35236],[20.59657,-34.35125],[20.59629,-34.34797],[20.59748,-34.34522],[20.60127,-34.34014],[20.60392,-34.33551],[20.60448,-34.3331],[20.60395,-34.32598],[20.60719,-34.32174],[20.61181,-34.31982],[20.61916,-34.3186],[20.62197,-34.31674],[20.62234,-34.31325],[20.61776,-34.30268],[20.61364,-34.30163],[20.60504,-34.3048],[20.59958,-34.3051],[20.5913,-34.30425],[20.58962,-34.29907],[20.58707,-34.29639],[20.58278,-34.29465],[20.57881,-34.29519],[20.5736,-34.30116],[20.56815,-34.30424],[20.56536,-34.30205],[20.56556,-34.29932],[20.56886,-34.29011],[20.5726,-34.28301],[20.57467,-34.28342],[20.59938,-34.27291],[20.63771,-34.24291],[20.63924,-34.23428],[20.64123,-34.23301],[20.65282,-34.22356],[20.69277,-34.20244],[20.69957,-34.21318],[20.70753,-34.20539],[20.71893,-34.19549],[20.69693,-34.18435],[20.6865,-34.18739],[20.66495,-34.18848],[20.65427,-34.17138],[20.6453,-34.17547],[20.64967,-34.14906],[20.65623,-34.14481],[20.64206,-34.13528],[20.64749,-34.12601],[20.64872,-34.11936],[20.64736,-34.10924],[20.63934,-34.09765],[20.6401,-34.08596],[20.66052,-34.08901],[20.68042,-34.08741],[20.68725,-34.08743],[20.69099,-34.0891],[20.69303,-34.10076],[20.70427,-34.09092],[20.70318,-34.08806],[20.72087,-34.09251],[20.73351,-34.09328],[20.7543,-34.09725],[20.74449,-34.07709],[20.74036,-34.0713],[20.7476,-34.0667],[20.7286,-34.05751],[20.725,-34.04182],[20.72342,-34.04072],[20.72273,-34.03677],[20.71006,-34.04017],[20.69988,-34.03973],[20.69401,-34.00678],[20.69997,-34.00887],[20.71073,-34.01019],[20.71189,-34.01233],[20.71,-34.01646],[20.71278,-34.0179],[20.72962,-34.01812],[20.72808,-34.0066],[20.73028,-34.00262],[20.73123,-33.99845],[20.72895,-33.98836],[20.71894,-33.98646],[20.71569,-33.9882],[20.71016,-33.98848],[20.705228,-33.99018],[20.70821,-33.98555],[20.70657,-33.98302],[20.70729,-33.98023],[20.70461,-33.97879],[20.70134,-33.97846],[20.69946,-33.97629],[20.69597,-33.97662],[20.69538,-33.97468],[20.69777,-33.97298],[20.70242,-33.96755],[20.70213,-33.96089],[20.70698,-33.95909],[20.70727,-33.95512],[20.72741,-33.95281],[20.76854,-33.94965],[20.80658,-33.94642],[20.81642,-33.94023],[20.81907,-33.94047],[20.8195,-33.94687],[20.82339,-33.95328],[20.82502,-33.95854],[20.82713,-33.96145],[20.82709,-33.96593],[20.82932,-33.96516],[20.83319,-33.96762],[20.83379,-33.97133],[20.84112,-33.97312],[20.84045,-33.96997],[20.84153,-33.96535],[20.84564,-33.96283],[20.85387,-33.96316],[20.86282,-33.95871],[20.86777,-33.95499],[20.87818,-33.964],[20.92151,-33.9528],[20.93638,-33.96122],[20.93404,-33.94762],[20.93875,-33.92497],[20.95235,-33.90178],[20.92384,-33.88926],[20.93606,-33.87915],[20.93671,-33.8752],[20.94338,-33.85187],[20.95676,-33.80627],[20.96559,-33.80428],[20.98642,-33.7808],[21.00284,-33.76389],[21.01034,-33.75656],[20.98063,-33.73961],[20.96568,-33.74263],[20.93412,-33.72464],[20.9388,-33.69983],[20.87993,-33.69261],[20.88502,-33.71738],[20.82885,-33.7164],[20.80026,-33.71501],[20.8095,-33.69854],[20.8072,-33.68975],[20.77558,-33.69165],[20.75191,-33.67152],[20.73783,-33.65917],[20.71892,-33.64062],[20.69959,-33.63275],[20.66602,-33.62197],[20.64545,-33.6362],[20.58618,-33.66724],[20.58159,-33.62212],[20.56912,-33.62474],[20.503259,-33.637],[20.535172,-33.660713],[20.503943,-33.682042],[20.469152,-33.681952],[20.472821,-33.729169],[20.456525,-33.758611],[20.44789,-33.77397],[20.4976,-33.79518],[20.51447,-33.80262],[20.4805,-33.82276],[20.46843,-33.81828],[20.4682,-33.81343],[20.45018,-33.80682],[20.44369,-33.81007],[20.42663,-33.81095],[20.44146,-33.81977],[20.43535,-33.8264],[20.44175,-33.83713],[20.44248,-33.85787],[20.46075,-33.87642],[20.46825,-33.88029],[20.46991,-33.8897],[20.46951,-33.89567],[20.46019,-33.90635],[20.44312,-33.94324],[20.43604,-33.95774],[20.32443,-33.94957],[20.23785,-33.90044],[20.23437,-33.89786],[20.22246,-33.91282],[20.2269,-33.9139],[20.22833,-33.91602],[20.25839,-33.94173],[20.28321,-33.9574],[20.28035,-33.95375],[20.2843,-33.9544],[20.29094,-33.96091],[20.29686,-33.96398],[20.32802,-33.97305],[20.31781,-33.99365],[20.32102,-33.99658],[20.32415,-34.0018],[20.32089,-34.00256],[20.3138,-34.00172],[20.30711,-34.00563],[20.30405,-34.01405],[20.30461,-34.02277],[20.30714,-34.02937],[20.29585,-34.03633],[20.29076,-34.04194],[20.2834,-34.04019],[20.28468,-34.04301],[20.28647,-34.05107],[20.29454,-34.0504],[20.29888,-34.06033],[20.28578,-34.06503],[20.28556,-34.06996],[20.28728,-34.07189],[20.28604,-34.07529],[20.28615,-34.0789],[20.28937,-34.08013],[20.29764,-34.07815],[20.30122,-34.07642],[20.30566,-34.07728],[20.29134,-34.0913],[20.27013,-34.09016],[20.27266,-34.10616],[20.25011,-34.10599],[20.24676,-34.11726],[20.2218,-34.1111],[20.22445,-34.10227],[20.22907,-34.10065],[20.22997,-34.0952],[20.20314,-34.08843],[20.197402,-34.100475],[20.18728,-34.102],[20.18778,-34.0974],[20.14055,-34.08539],[20.14125,-34.084],[20.13761,-34.08236],[20.14499,-34.07982],[20.14926,-34.07665],[20.15,-34.07841],[20.20217,-34.07856],[20.2049,-34.06547],[20.20381,-34.06052],[20.20029,-34.05295],[20.192543,-34.04621],[20.19609,-34.04],[20.18594,-34.03595],[20.17781,-34.02983],[20.1724,-34.03977],[20.16153,-34.0409],[20.15168,-34.04464],[20.14253,-34.05589],[20.14169,-34.05921],[20.12245,-34.06067],[20.11166,-34.0609],[20.08081,-34.06459],[20.03283,-34.05965],[20.0085,-34.0639],[20.01081,-34.09155],[20.00746,-34.09392],[19.98927,-34.0855],[19.98654,-34.07817],[19.93577,-34.07593],[19.90622,-34.07616],[19.8855,-34.06616],[19.85358,-34.06331],[19.81032,-34.05543],[19.75522,-34.05441],[19.73498,-34.04116],[19.71478,-34.04898],[19.70014,-34.0464],[19.68066,-34.00914],[19.668894,-34.008417],[19.640619,-34.002785],[19.608311,-34.007484],[19.58983,-34.01236],[19.58212,-34.00984],[19.56624,-34.00198],[19.5333,-33.96953],[19.50689,-33.9717],[19.48655,-33.98281],[19.4558,-33.99988],[19.42674,-33.99318],[19.400505,-33.985455],[19.36178,-33.97154],[19.34856,-33.9552],[19.33587,-33.95824],[19.32505,-33.95208],[19.31886,-33.94719],[19.312799,-33.934978],[19.31055,-33.91373],[19.2974,-33.88968],[19.27819,-33.879455],[19.25839,-33.88311],[19.26525,-33.90029],[19.2438,-33.89745],[19.20658,-33.95041],[19.191,-33.94722],[19.16459,-33.97142],[19.14555,-33.95595],[19.12606,-33.96172],[19.09866,-33.97595],[19.07311,-33.99081],[19.04242,-34.0083],[19.02639,-34.02059],[18.987131,-34.03527]]],[[[19.4188,-34.67816],[19.41739,-34.68073],[19.41244,-34.68286],[19.41149,-34.68495],[19.41486,-34.68648],[19.41616,-34.68442],[19.42342,-34.68014],[19.42176,-34.67854],[19.4188,-34.67816]]]]},"properties":{"code":"028"}},{"type":"Feature","geometry":{"type":"MultiPolygon","coordinates":[[[[18.36898,-33.78984],[18.36598,-33.78957],[18.36243,-33.7906],[18.36175,-33.7932],[18.35784,-33.79734],[18.3567,-33.80176],[18.35901,-33.8045],[18.36128,-33.81141],[18.36071,-33.8144],[18.3639,-33.81702],[18.37075,-33.82018],[18.37386,-33.81864],[18.3794,-33.81827],[18.38242,-33.81426],[18.3811,-33.81216],[18.38157,-33.80956],[18.38004,-33.80695],[18.37553,-33.80173],[18.37502,-33.79651],[18.37358,-33.79599],[18.37383,-33.79221],[18.36898,-33.78984]]],[[[18.78754,-33.63763],[18.78444,-33.6406],[18.77815,-33.64911],[18.76322,-33.64892],[18.7598,-33.665575],[18.75415,-33.6649],[18.752,-33.67683],[18.74927,-33.67817],[18.73673,-33.68703],[18.73037,-33.68558],[18.71187,-33.67587],[18.7069,-33.68134],[18.69267,-33.68127],[18.68974,-33.66523],[18.67085,-33.64742],[18.66919,-33.64888],[18.65552,-33.63459],[18.64496,-33.63574],[18.64138,-33.63322],[18.627,-33.62459],[18.62208,-33.61455],[18.62011,-33.59596],[18.61799,-33.58436],[18.6059,-33.58552],[18.59534,-33.58162],[18.57437,-33.5735],[18.56859,-33.56209],[18.57996,-33.55772],[18.57642,-33.53148],[18.56403,-33.5235],[18.53653,-33.52711],[18.52416,-33.52523],[18.52309,-33.51882],[18.52451,-33.50364],[18.514,-33.49619],[18.50943,-33.48955],[18.49575,-33.48113],[18.48485,-33.47772],[18.455458,-33.471276],[18.4476,-33.485015],[18.439898,-33.497908],[18.426163,-33.511183],[18.40246,-33.514305],[18.38882,-33.50891],[18.38369,-33.51167],[18.36915,-33.52529],[18.35936,-33.54227],[18.36039,-33.54888],[18.34363,-33.55667],[18.34132,-33.55859],[18.34304,-33.57063],[18.34522,-33.5713],[18.35502,-33.57856],[18.35808,-33.58224],[18.36048,-33.58706],[18.36162,-33.59447],[18.35703,-33.59888],[18.36072,-33.59969],[18.36223,-33.59863],[18.36789,-33.59958],[18.37056,-33.6027],[18.37393,-33.60804],[18.37192,-33.61149],[18.37399,-33.6129],[18.37661,-33.61773],[18.38102,-33.61954],[18.38361,-33.61891],[18.38591,-33.62134],[18.39154,-33.62121],[18.39556,-33.62336],[18.39975,-33.62908],[18.40335,-33.63261],[18.40525,-33.63566],[18.40685,-33.64058],[18.41243,-33.64641],[18.42024,-33.6576],[18.42729,-33.67219],[18.43213,-33.68096],[18.43533,-33.68826],[18.43796,-33.69256],[18.44133,-33.70245],[18.44398,-33.71331],[18.44334,-33.71588],[18.4442,-33.71997],[18.44307,-33.72372],[18.44015,-33.72774],[18.43632,-33.72978],[18.435244,-33.731644],[18.4355,-33.73601],[18.43899,-33.7406],[18.44148,-33.74713],[18.44176,-33.75617],[18.44322,-33.7629],[18.44597,-33.77201],[18.44977,-33.78182],[18.4534,-33.78693],[18.45883,-33.79771],[18.45754,-33.80018],[18.46242,-33.80467],[18.46558,-33.80644],[18.46847,-33.8102],[18.47575,-33.82117],[18.48214,-33.83367],[18.48589,-33.84277],[18.4887,-33.85191],[18.48913,-33.85708],[18.48938,-33.87027],[18.48774,-33.87916],[18.48423,-33.88852],[18.48026,-33.89638],[18.47503,-33.90428],[18.47219,-33.90771],[18.46797,-33.91112],[18.46522,-33.9121],[18.45566,-33.91237],[18.45381,-33.91188],[18.44597,-33.90557],[18.44462,-33.90669],[18.45499,-33.91546],[18.45006,-33.91959],[18.44635,-33.91588],[18.44006,-33.92038],[18.42558,-33.90969],[18.4306,-33.90569],[18.42871,-33.90452],[18.424,-33.90827],[18.4201,-33.90748],[18.42045,-33.90488],[18.42504,-33.90141],[18.42074,-33.90124],[18.41859,-33.90252],[18.41273,-33.89912],[18.41067,-33.89878],[18.40332,-33.89954],[18.39826,-33.90088],[18.39751,-33.90504],[18.39374,-33.90862],[18.3907,-33.90932],[18.38851,-33.91119],[18.38595,-33.91722],[18.37731,-33.9221],[18.37837,-33.9266],[18.37532,-33.92803],[18.37566,-33.93227],[18.37746,-33.93344],[18.37753,-33.93789],[18.37547,-33.94087],[18.37184,-33.94094],[18.37258,-33.94458],[18.37802,-33.94662],[18.37865,-33.94972],[18.37604,-33.95348],[18.37601,-33.95938],[18.37248,-33.95958],[18.37192,-33.9632],[18.37294,-33.96689],[18.37072,-33.96859],[18.37134,-33.97222],[18.3698,-33.9746],[18.36183,-33.98204],[18.35943,-33.98216],[18.35363,-33.9871],[18.34857,-33.98686],[18.34806,-33.98895],[18.34555,-33.99023],[18.34399,-33.99336],[18.34466,-33.9975],[18.34227,-33.99948],[18.34294,-34.00414],[18.34136,-34.00598],[18.34159,-34.00831],[18.33991,-34.00985],[18.33555,-34.01093],[18.33417,-34.01245],[18.33454,-34.01691],[18.33181,-34.02067],[18.33216,-34.02321],[18.3293,-34.02518],[18.31521,-34.02879],[18.31743,-34.03003],[18.31323,-34.03674],[18.30851,-34.03758],[18.30722,-34.03951],[18.31063,-34.04329],[18.32013,-34.04585],[18.32404,-34.05032],[18.32573,-34.05454],[18.33662,-34.06066],[18.34074,-34.06154],[18.34331,-34.06049],[18.34699,-34.05746],[18.34808,-34.05425],[18.34601,-34.0535],[18.3453,-34.05065],[18.34969,-34.04648],[18.35324,-34.04563],[18.35734,-34.04575],[18.362,-34.04913],[18.36521,-34.0597],[18.36877,-34.06271],[18.36499,-34.07087],[18.36245,-34.07395],[18.35523,-34.07676],[18.35583,-34.08058],[18.35507,-34.08354],[18.35318,-34.08541],[18.35522,-34.08716],[18.34972,-34.09076],[18.35377,-34.09709],[18.35639,-34.09922],[18.35695,-34.11038],[18.35528,-34.11425],[18.35312,-34.11617],[18.35369,-34.11821],[18.35115,-34.12578],[18.34873,-34.1292],[18.34627,-34.13011],[18.34252,-34.12788],[18.33911,-34.12733],[18.33529,-34.13212],[18.33404,-34.13491],[18.32964,-34.13718],[18.32523,-34.13676],[18.3227,-34.13813],[18.32189,-34.14024],[18.323,-34.14258],[18.31833,-34.14591],[18.32275,-34.15587],[18.32726,-34.15798],[18.32867,-34.16143],[18.33158,-34.16488],[18.33346,-34.16976],[18.33616,-34.17226],[18.3393,-34.17781],[18.34379,-34.17962],[18.34715,-34.1763],[18.35207,-34.17668],[18.35783,-34.18048],[18.35918,-34.18247],[18.36284,-34.18437],[18.36781,-34.19226],[18.36895,-34.19315],[18.37088,-34.19821],[18.37238,-34.20014],[18.37182,-34.20251],[18.3695,-34.20368],[18.37012,-34.20865],[18.37284,-34.21494],[18.37246,-34.21608],[18.37771,-34.22582],[18.37866,-34.23031],[18.37822,-34.23587],[18.37652,-34.24006],[18.37717,-34.24249],[18.38022,-34.24647],[18.38049,-34.25227],[18.38202,-34.25485],[18.38211,-34.25832],[18.38046,-34.25873],[18.3812,-34.26338],[18.38411,-34.26583],[18.38327,-34.26836],[18.37971,-34.27045],[18.37946,-34.27298],[18.38374,-34.27569],[18.3876,-34.27613],[18.39027,-34.27947],[18.38984,-34.28227],[18.39203,-34.28337],[18.39681,-34.28843],[18.39694,-34.29013],[18.40052,-34.29491],[18.40488,-34.30341],[18.4047,-34.30592],[18.4022,-34.30965],[18.40599,-34.31106],[18.40824,-34.31373],[18.41464,-34.31656],[18.41525,-34.32131],[18.42017,-34.32285],[18.4211,-34.3261],[18.42867,-34.33141],[18.43729,-34.33384],[18.44355,-34.33741],[18.44796,-34.33627],[18.45322,-34.33667],[18.45718,-34.33861],[18.45967,-34.34195],[18.45922,-34.34436],[18.46465,-34.34781],[18.4664,-34.34785],[18.47254,-34.35455],[18.47282,-34.35738],[18.4758,-34.35834],[18.47981,-34.35636],[18.48152,-34.35401],[18.4844,-34.35504],[18.49128,-34.35503],[18.49611,-34.35706],[18.49705,-34.35558],[18.49246,-34.35274],[18.48688,-34.34754],[18.48273,-34.34761],[18.47695,-34.34371],[18.4698,-34.33808],[18.46987,-34.3362],[18.46748,-34.33242],[18.46756,-34.32806],[18.46512,-34.32362],[18.46209,-34.32188],[18.46078,-34.31945],[18.46116,-34.31702],[18.46516,-34.31539],[18.46182,-34.31288],[18.46069,-34.31052],[18.46289,-34.30839],[18.46293,-34.30625],[18.4672,-34.29632],[18.46634,-34.29277],[18.46824,-34.29088],[18.47404,-34.27919],[18.47485,-34.27576],[18.468225,-34.27136],[18.46664,-34.26807],[18.46672,-34.26564],[18.47061,-34.26018],[18.47267,-34.26],[18.4764,-34.2564],[18.47661,-34.24801],[18.47481,-34.24519],[18.47566,-34.23833],[18.47477,-34.23385],[18.47667,-34.23278],[18.47543,-34.23045],[18.47206,-34.23011],[18.46973,-34.22659],[18.46571,-34.22251],[18.4649,-34.2161],[18.46143,-34.20826],[18.45963,-34.20783],[18.457,-34.204125],[18.45619,-34.2001],[18.45313,-34.19724],[18.44664,-34.19426],[18.44581,-34.1924],[18.4415,-34.19124],[18.43498,-34.19084],[18.43452,-34.19211],[18.42842,-34.1915],[18.42516,-34.18467],[18.42641,-34.17719],[18.42799,-34.17557],[18.42875,-34.17201],[18.43322,-34.16602],[18.43101,-34.16148],[18.43274,-34.15835],[18.43529,-34.15787],[18.44001,-34.14978],[18.43753,-34.14414],[18.43215,-34.14078],[18.43422,-34.13691],[18.43931,-34.13216],[18.44543,-34.13289],[18.44942,-34.13061],[18.44813,-34.12897],[18.45419,-34.12255],[18.46667,-34.11351],[18.46909,-34.10914],[18.48125,-34.10429],[18.49032,-34.10118],[18.50307,-34.09734],[18.51314,-34.09598],[18.51583,-34.095],[18.53761,-34.09025],[18.55028,-34.08864],[18.55364,-34.08886],[18.5575,-34.08704],[18.57216,-34.08327],[18.58012,-34.08169],[18.59744,-34.07761],[18.61189,-34.07531],[18.62144,-34.07559],[18.62229,-34.07483],[18.63079,-34.07329],[18.63972,-34.073],[18.65328,-34.07306],[18.66218,-34.07266],[18.6766,-34.07347],[18.68775,-34.07475],[18.68926,-34.07255],[18.69466,-34.07211],[18.71418,-34.07293],[18.72307,-34.07415],[18.73895,-34.07533],[18.75009,-34.0776],[18.75451,-34.07815],[18.7626,-34.08072],[18.77345,-34.08302],[18.78045,-34.08536],[18.79305,-34.09109],[18.80347,-34.09518],[18.80872,-34.0986],[18.81295,-34.10015],[18.81338,-34.10133],[18.82109,-34.10959],[18.82322,-34.11591],[18.83041,-34.12082],[18.83104,-34.12379],[18.83792,-34.12955],[18.84168,-34.13481],[18.84491,-34.13771],[18.84749,-34.14167],[18.85099,-34.14428],[18.85515,-34.14864],[18.85585,-34.15101],[18.85868,-34.15074],[18.86243,-34.15461],[18.86595,-34.15531],[18.86812,-34.16048],[18.86391,-34.16302],[18.86067,-34.1636],[18.85866,-34.16603],[18.84937,-34.16878],[18.84224,-34.17168],[18.83782,-34.1723],[18.82436,-34.18044],[18.81973,-34.18533],[18.81835,-34.19],[18.81861,-34.1931],[18.82259,-34.19905],[18.82978,-34.20476],[18.83182,-34.20752],[18.83264,-34.21495],[18.83037,-34.21643],[18.83666,-34.22353],[18.84046,-34.2252],[18.84171,-34.22732],[18.84862,-34.23323],[18.85277,-34.2381],[18.85362,-34.24182],[18.85248,-34.24448],[18.85495,-34.24698],[18.85395,-34.24895],[18.85593,-34.25235],[18.85443,-34.25759],[18.85236,-34.26153],[18.85103,-34.26595],[18.845815,-34.26959],[18.85018,-34.27033],[18.86543,-34.26411],[18.86768,-34.25738],[18.88023,-34.24818],[18.87534,-34.2294],[18.88818,-34.23245],[18.89293,-34.23428],[18.90045,-34.22747],[18.89857,-34.22078],[18.89944,-34.21686],[18.90837,-34.21704],[18.91078,-34.21326],[18.9139,-34.21087],[18.92025,-34.21219],[18.92822,-34.20673],[18.930709,-34.203528],[18.92907,-34.201645],[18.929615,-34.197653],[18.931005,-34.195861],[18.9344,-34.19665],[18.94185,-34.18889],[18.95443,-34.18381],[18.95426,-34.17363],[18.96248,-34.17772],[18.98027,-34.15499],[18.96382,-34.15294],[18.966055,-34.140715],[18.961675,-34.13961],[18.9439,-34.13824],[18.954673,-34.119972],[18.966837,-34.102374],[19.004824,-34.075567],[19.005338,-34.074275],[18.987131,-34.03527],[18.984605,-34.0359],[18.96994,-34.02145],[18.96949,-34.0199],[18.9656,-34.01856],[18.9621,-34.01621],[18.9553,-34.01011],[18.94438,-34.00508],[18.94371,-34.00372],[18.93157,-34.00257],[18.9274,-33.99994],[18.92217,-34.0028],[18.91968,-34.0054],[18.9176,-34.01128],[18.92273,-34.01386],[18.91093,-34.01874],[18.9098,-34.02077],[18.90597,-34.02171],[18.89955,-34.02435],[18.89716,-34.02642],[18.89257,-34.02553],[18.88811,-34.03042],[18.885175,-34.03032],[18.88479,-34.03419],[18.88101,-34.03251],[18.87833,-34.03395],[18.87219,-34.03404],[18.86919,-34.03052],[18.86632,-34.03205],[18.85526,-34.03093],[18.85923,-34.03365],[18.86191,-34.03827],[18.84184,-34.04711],[18.8358,-34.04664],[18.83302,-34.04294],[18.83077,-34.04209],[18.82455,-34.04276],[18.81895,-34.03971],[18.81317,-34.04534],[18.80519,-34.05121],[18.805049,-34.052173],[18.81479,-34.052034],[18.81548,-34.05411],[18.81381,-34.05835],[18.80922,-34.06339],[18.80604,-34.05401],[18.79859,-34.05346],[18.79492,-34.05375],[18.79021,-34.05288],[18.784652,-34.050637],[18.773,-34.04666],[18.76625,-34.04371],[18.76767,-34.04043],[18.76368,-34.03868],[18.75901,-34.03334],[18.75478,-34.03465],[18.75102,-34.02821],[18.74443,-34.02482],[18.74206,-34.02129],[18.74479,-34.01929],[18.74195,-34.0135],[18.74739,-34.0104],[18.74587,-34.00639],[18.75177,-34.00532],[18.74637,-33.99844],[18.73773,-33.9893],[18.74542,-33.98736],[18.740685,-33.984127],[18.729171,-33.967475],[18.7335,-33.96592],[18.73081,-33.96277],[18.73785,-33.94221],[18.736919,-33.940552],[18.74234,-33.936501],[18.743959,-33.932209],[18.73958,-33.932751],[18.733271,-33.92965],[18.72737,-33.924709],[18.724779,-33.925819],[18.71987,-33.92374],[18.71081,-33.921169],[18.708341,-33.92266],[18.71514,-33.904201],[18.71716,-33.90559],[18.719311,-33.903462],[18.71657,-33.90197],[18.717251,-33.898472],[18.723441,-33.895439],[18.73562,-33.89103],[18.73707,-33.89349],[18.745939,-33.88744],[18.751381,-33.893539],[18.75291,-33.884522],[18.74572,-33.87395],[18.745795,-33.86028],[18.753115,-33.849985],[18.75287,-33.83442],[18.75661,-33.83348],[18.76839,-33.83269],[18.76777,-33.82622],[18.79257,-33.81921],[18.788574,-33.816481],[18.78695,-33.813435],[18.784428,-33.803787],[18.79624,-33.79816],[18.80977,-33.78133],[18.787651,-33.766683],[18.80495,-33.76164],[18.81099,-33.75879],[18.8101,-33.75776],[18.80946,-33.74078],[18.833,-33.73817],[18.82562,-33.73128],[18.82061,-33.72589],[18.8182,-33.72231],[18.82108,-33.7166],[18.82199,-33.7083],[18.8188,-33.70699],[18.813215,-33.70645],[18.81261,-33.7084],[18.8134,-33.71311],[18.81019,-33.71368],[18.80925,-33.70897],[18.80616,-33.71017],[18.80399,-33.7059],[18.80193,-33.70505],[18.79802,-33.70788],[18.79459,-33.70683],[18.79614,-33.69527],[18.79565,-33.69045],[18.79371,-33.67943],[18.80215,-33.673725],[18.81387,-33.65595],[18.8219,-33.64179],[18.80117,-33.639045],[18.78754,-33.63763]]]]},"properties":{"code":"021"}},{"type":"Feature","geometry":{"type":"Polygon","coordinates":[[[27.5796,-26.60753],[27.58272,-26.59578],[27.54569,-26.57443],[27.55728,-26.57782],[27.60437,-26.59196],[27.60499,-26.55699],[27.61247,-26.53296],[27.60311,-26.53065],[27.60715,-26.4916],[27.62633,-26.4938],[27.62938,-26.46011],[27.629908,-26.452737],[27.62436,-26.4449],[27.61357,-26.44298],[27.61559,-26.44972],[27.61195,-26.45089],[27.58615,-26.45316],[27.58093,-26.45452],[27.55709,-26.45638],[27.55146,-26.44156],[27.54914,-26.44474],[27.54283,-26.4317],[27.53532,-26.43308],[27.53853,-26.42958],[27.54514,-26.42677],[27.54264,-26.42058],[27.53728,-26.40586],[27.5369,-26.40192],[27.540118,-26.387581],[27.55011,-26.38675],[27.5498,-26.38014],[27.55111,-26.37452],[27.54946,-26.36176],[27.55119,-26.35468],[27.54785,-26.34328],[27.52521,-26.34732],[27.52606,-26.30257],[27.48191,-26.28444],[27.47694,-26.26523],[27.47151,-26.244955],[27.46863,-26.21737],[27.46589,-26.20051],[27.47405,-26.20183],[27.47875,-26.17845],[27.489957,-26.127971],[27.46915,-26.0925],[27.46734,-26.09227],[27.42522,-26.08939],[27.42236,-26.08917],[27.41944,-26.1175],[27.36172,-26.11567],[27.34977,-26.11053],[27.32624,-26.10072],[27.29244,-26.09537],[27.26994,-26.094949],[27.24107,-26.092],[27.21313,-26.08324],[27.20945,-26.0824],[27.16985,-26.08023],[27.17018,-26.089],[27.17092,-26.09486],[27.15803,-26.09769],[27.14203,-26.10069],[27.1223,-26.09905],[27.09266,-26.0961],[27.08837,-26.11403],[27.08671,-26.14289],[27.05972,-26.14059],[27.06525,-26.12909],[27.08088,-26.0982],[27.07149,-26.09962],[27.04446,-26.13168],[27.05378,-26.10069],[27.02625,-26.08792],[27.0265,-26.08664],[27.01314,-26.08079],[26.9748,-26.06505],[26.97836,-26.055095],[26.95056,-26.04114],[26.9321,-26.03163],[26.91743,-26.07113],[26.9053,-26.06897],[26.89755,-26.06706],[26.88059,-26.06409],[26.86669,-26.06132],[26.86544,-26.06885],[26.85622,-26.06757],[26.85504,-26.05901],[26.84793,-26.0597],[26.80708,-26.08403],[26.78746,-26.0412],[26.78142,-26.02776],[26.77181,-26.00863],[26.76358,-25.99109],[26.76632,-25.97527],[26.76841,-25.96489],[26.77055,-25.95233],[26.76062,-25.93544],[26.75147,-25.93076],[26.74935,-25.92607],[26.74092,-25.92547],[26.70748,-25.92244],[26.70306,-25.92829],[26.67933,-25.89804],[26.66445,-25.87887],[26.66333,-25.87154],[26.64353,-25.868],[26.64368,-25.837985],[26.615574,-25.813847],[26.60492,-25.80426],[26.58003,-25.78268],[26.57143,-25.7892],[26.55527,-25.77832],[26.54477,-25.77161],[26.52036,-25.755341],[26.50953,-25.75607],[26.49085,-25.75175],[26.48584,-25.75029],[26.46237,-25.74537],[26.47654,-25.72433],[26.47976,-25.7051],[26.482,-25.69355],[26.48469,-25.67749],[26.50336,-25.68411],[26.51123,-25.65522],[26.51312,-25.60042],[26.49388,-25.59549],[26.47762,-25.60055],[26.49778,-25.56429],[26.50948,-25.57802],[26.51018,-25.53592],[26.506016,-25.501891],[26.49965,-25.4997],[26.46208,-25.48783],[26.44053,-25.51076],[26.4355,-25.5112],[26.42497,-25.49169],[26.4193,-25.47764],[26.41704,-25.45443],[26.42687,-25.44738],[26.42664,-25.41869],[26.43943,-25.38437],[26.44556,-25.37241],[26.44441,-25.33611],[26.46308,-25.33537],[26.46604,-25.29067],[26.40502,-25.28593],[26.40462,-25.28228],[26.40643,-25.28091],[26.40468,-25.27864],[26.40723,-25.27506],[26.40524,-25.27123],[26.40715,-25.26716],[26.41097,-25.26715],[26.41223,-25.25668],[26.40924,-25.25486],[26.40987,-25.25301],[26.40527,-25.25054],[26.40786,-25.24918],[26.40816,-25.24675],[26.41004,-25.24574],[26.4094,-25.24079],[26.41371,-25.23903],[26.41663,-25.23678],[26.41653,-25.23353],[26.41172,-25.23205],[26.40983,-25.23033],[26.40905,-25.22762],[26.40701,-25.2259],[26.40619,-25.22333],[26.40236,-25.21959],[26.40287,-25.2169],[26.40719,-25.21384],[26.40649,-25.21092],[26.41017,-25.20814],[26.41317,-25.20896],[26.41392,-25.20298],[26.41085,-25.20245],[26.41047,-25.19986],[26.41405,-25.19816],[26.41657,-25.19444],[26.42001,-25.19362],[26.418492,-25.184371],[26.41878,-25.17959],[26.42268,-25.132545],[26.41394,-25.09614],[26.411299,-25.084588],[26.40583,-25.08801],[26.39226,-25.0726],[26.38498,-25.05934],[26.41811,-25.0468],[26.41695,-25.04297],[26.41981,-25.04203],[26.42064,-25.04005],[26.42577,-25.03598],[26.42231,-25.02989],[26.4227,-25.02257],[26.4249,-25.01943],[26.42376,-25.0132],[26.42438,-25.01125],[26.423585,-25.00777],[26.42693,-25.0056],[26.43169,-25.00149],[26.43215,-24.99764],[26.42984,-24.99349],[26.43162,-24.9893],[26.43467,-24.98908],[26.43909,-24.9918],[26.44613,-24.98789],[26.45078,-24.97909],[26.44863,-24.97443],[26.44455,-24.96761],[26.44731,-24.96288],[26.45216,-24.9592],[26.455,-24.95505],[26.45511,-24.95285],[26.45174,-24.9492],[26.4487,-24.95015],[26.44514,-24.94921],[26.44317,-24.94639],[26.44222,-24.94124],[26.44284,-24.93957],[26.44213,-24.93547],[26.44305,-24.93258],[26.44577,-24.92853],[26.45076,-24.91481],[26.4513,-24.91176],[26.44982,-24.90822],[26.44951,-24.89847],[26.45076,-24.89462],[26.45397,-24.87972],[26.45327,-24.86984],[26.45336,-24.86508],[26.45007,-24.86282],[26.45418,-24.85867],[26.45388,-24.85532],[26.45643,-24.85415],[26.46382,-24.8572],[26.46732,-24.85742],[26.47253,-24.85023],[26.47404,-24.84492],[26.48211,-24.84791],[26.48495,-24.84745],[26.48832,-24.84052],[26.48648,-24.8375],[26.48005,-24.82976],[26.47923,-24.82581],[26.47792,-24.82365],[26.4751,-24.82214],[26.47253,-24.8222],[26.46624,-24.82041],[26.46001,-24.81612],[26.45845,-24.81346],[26.45828,-24.80947],[26.45924,-24.80553],[26.46123,-24.80095],[26.4616,-24.79529],[26.45949,-24.79049],[26.45701,-24.78915],[26.4523,-24.78907],[26.44832,-24.79209],[26.44464,-24.79079],[26.43741,-24.78353],[26.43539,-24.78288],[26.43018,-24.77651],[26.43,-24.77513],[26.42632,-24.77197],[26.42601,-24.7702],[26.42948,-24.76605],[26.42891,-24.76157],[26.42694,-24.7565],[26.42816,-24.75383],[26.426,-24.7461],[26.42213,-24.7397],[26.41999,-24.73521],[26.4182,-24.72901],[26.4209,-24.72501],[26.42262,-24.7206],[26.41971,-24.71665],[26.42297,-24.70995],[26.42341,-24.70446],[26.42701,-24.6979],[26.42585,-24.69435],[26.42138,-24.69203],[26.4226,-24.68543],[26.42281,-24.68136],[26.42171,-24.67399],[26.42203,-24.66989],[26.42659,-24.66576],[26.42753,-24.66323],[26.42731,-24.65752],[26.41533,-24.65313],[26.41138,-24.652],[26.40765,-24.64894],[26.40878,-24.64613],[26.39328,-24.63663],[26.34166,-24.64942],[26.28489,-24.66293],[26.24027,-24.67452],[26.187,-24.6875],[26.09648,-24.70619],[26.06402,-24.71309],[26.00741,-24.72428],[25.96441,-24.74944],[25.92824,-24.74662],[25.91706,-24.74551],[25.91138,-24.75371],[25.85831,-24.75718],[25.84828,-24.75502],[25.85084,-24.76084],[25.85162,-24.76864],[25.85119,-24.77543],[25.85016,-24.77676],[25.84495,-24.7794],[25.84333,-24.78297],[25.84372,-24.78759],[25.84234,-24.78984],[25.84768,-24.79606],[25.855,-24.80169],[25.85841,-24.8054],[25.86318,-24.80848],[25.86096,-24.81712],[25.85841,-24.82215],[25.85973,-24.82685],[25.86228,-24.82695],[25.86548,-24.82364],[25.86735,-24.82349],[25.86946,-24.82699],[25.87254,-24.8279],[25.87494,-24.839],[25.87505,-24.84269],[25.87395,-24.84643],[25.87682,-24.85243],[25.87625,-24.85607],[25.88059,-24.85836],[25.88173,-24.85977],[25.88152,-24.86331],[25.88306,-24.86945],[25.8819,-24.87228],[25.88293,-24.8759],[25.88549,-24.881],[25.88864,-24.88224],[25.8885,-24.88429],[25.88437,-24.88773],[25.88003,-24.88663],[25.87657,-24.8883],[25.87585,-24.89209],[25.87638,-24.89768],[25.88043,-24.90081],[25.87993,-24.90328],[25.874,-24.90352],[25.87275,-24.90658],[25.87657,-24.91011],[25.88166,-24.91309],[25.88097,-24.91557],[25.87815,-24.9174],[25.87248,-24.91891],[25.87068,-24.92133],[25.86218,-24.92298],[25.86179,-24.926055],[25.84334,-24.97365],[25.84087,-24.9803],[25.801178,-25.078513],[25.756665,-25.188666],[25.7291,-25.25688],[25.70685,-25.28331],[25.70187,-25.28938],[25.69982,-25.291],[25.69591,-25.31794],[25.69385,-25.33509],[25.69194,-25.34782],[25.68996,-25.36455],[25.68823,-25.376],[25.68076,-25.40396],[25.67201,-25.4333],[25.66237,-25.46655],[25.65976,-25.47439],[25.65371,-25.48609],[25.63075,-25.53336],[25.62979,-25.53782],[25.58088,-25.6388],[25.57748,-25.63874],[25.57375,-25.64224],[25.57103,-25.64311],[25.56732,-25.64683],[25.5637,-25.64874],[25.55933,-25.64875],[25.55173,-25.65482],[25.54426,-25.65912],[25.53805,-25.66384],[25.53523,-25.66498],[25.53106,-25.67003],[25.52751,-25.67097],[25.52389,-25.67447],[25.52074,-25.67653],[25.51992,-25.67875],[25.51366,-25.68434],[25.50706,-25.686],[25.50473,-25.68861],[25.5027,-25.6886],[25.50006,-25.69065],[25.49797,-25.68951],[25.49345,-25.69054],[25.48915,-25.68887],[25.48497,-25.69425],[25.48002,-25.69603],[25.47395,-25.69636],[25.46992,-25.69568],[25.46815,-25.69668],[25.46533,-25.70123],[25.45861,-25.70515],[25.45487,-25.71022],[25.45031,-25.71104],[25.44806,-25.71339],[25.446,-25.71377],[25.43756,-25.72099],[25.43395,-25.72243],[25.43134,-25.72458],[25.42755,-25.72902],[25.4209,-25.73292],[25.41514,-25.7346],[25.40733,-25.73854],[25.39635,-25.74161],[25.39348,-25.74193],[25.38573,-25.74481],[25.37815,-25.75029],[25.37284,-25.75198],[25.37023,-25.75377],[25.36682,-25.75786],[25.35404,-25.76155],[25.35164,-25.76174],[25.3487,-25.76399],[25.34752,-25.76614],[25.34092,-25.7693],[25.339327,-25.769284],[25.33413,-25.77102],[25.32918,-25.76974],[25.32481,-25.77149],[25.31947,-25.77278],[25.31511,-25.77218],[25.31108,-25.76889],[25.30615,-25.7681],[25.30167,-25.76591],[25.28844,-25.76621],[25.2852,-25.76536],[25.27964,-25.7675],[25.27337,-25.76794],[25.27044,-25.76671],[25.2644,-25.76659],[25.2599,-25.76856],[25.25611,-25.76748],[25.25229,-25.7675],[25.2485,-25.76557],[25.24081,-25.76557],[25.23671,-25.76449],[25.23058,-25.76481],[25.22394,-25.76354],[25.219828,-25.765889],[25.21768,-25.76418],[25.21337,-25.76263],[25.20993,-25.76294],[25.20685,-25.75962],[25.2035,-25.75841],[25.19972,-25.75921],[25.19215,-25.76251],[25.18362,-25.7628],[25.17556,-25.76631],[25.17012,-25.76591],[25.16771,-25.7647],[25.1656,-25.7619],[25.16022,-25.75934],[25.15408,-25.75873],[25.15018,-25.75955],[25.1474,-25.75919],[25.1455,-25.7572],[25.14218,-25.75638],[25.13552,-25.75752],[25.13262,-25.75977],[25.1271,-25.76274],[25.12383,-25.76369],[25.11977,-25.76317],[25.11612,-25.7607],[25.11282,-25.75623],[25.11032,-25.75577],[25.10867,-25.7534],[25.11033,-25.75021],[25.10904,-25.74836],[25.10472,-25.74895],[25.10224,-25.74804],[25.10211,-25.7461],[25.10525,-25.7425],[25.10302,-25.74099],[25.10022,-25.74233],[25.09047,-25.74169],[25.08505,-25.73952],[25.0809,-25.73039],[25.07796,-25.73069],[25.07108,-25.73633],[25.06731,-25.73505],[25.06171,-25.73552],[25.05462,-25.73188],[25.05277,-25.73001],[25.05203,-25.72668],[25.04996,-25.7254],[25.04276,-25.72438],[25.03793,-25.7223],[25.03573,-25.72275],[25.02743,-25.72777],[25.02294,-25.731],[25.01813,-25.73005],[25.01765,-25.72788],[25.01527,-25.72557],[25.01312,-25.72557],[25.00355,-25.72831],[25.00057,-25.72956],[24.9998,-25.73123],[25.00379,-25.73575],[25.00362,-25.73866],[24.99732,-25.74147],[24.99336,-25.74434],[24.9894,-25.74567],[24.9873,-25.74843],[24.986,-25.75248],[24.98275,-25.75469],[24.97631,-25.75345],[24.97277,-25.75595],[24.97048,-25.76007],[24.96888,-25.76446],[24.96674,-25.76606],[24.96151,-25.76608],[24.95499,-25.76012],[24.95224,-25.76161],[24.95174,-25.76357],[24.9536,-25.76861],[24.95114,-25.76913],[24.95138,-25.77167],[24.94989,-25.77311],[24.94103,-25.77582],[24.93382,-25.77664],[24.93167,-25.77912],[24.9312,-25.78279],[24.92895,-25.78681],[24.92586,-25.78866],[24.92029,-25.79],[24.91534,-25.78419],[24.91249,-25.78532],[24.91349,-25.79206],[24.91261,-25.7978],[24.90777,-25.79841],[24.90522,-25.80236],[24.89791,-25.80236],[24.89624,-25.80539],[24.89858,-25.80831],[24.89693,-25.81077],[24.89349,-25.81005],[24.88726,-25.80742],[24.88115,-25.80718],[24.87645,-25.80916],[24.87397,-25.80867],[24.86959,-25.80539],[24.8614,-25.8076],[24.85754,-25.80643],[24.85018,-25.8089],[24.84616,-25.80885],[24.84216,-25.81133],[24.83429,-25.81518],[24.83004,-25.81455],[24.8281,-25.81272],[24.82465,-25.81174],[24.82031,-25.81595],[24.8162,-25.81606],[24.81562,-25.81165],[24.81229,-25.81084],[24.81112,-25.81285],[24.81111,-25.8166],[24.80901,-25.81884],[24.80331,-25.81854],[24.79854,-25.82106],[24.79632,-25.82463],[24.79303,-25.82466],[24.79192,-25.82162],[24.7875,-25.81749],[24.78272,-25.81753],[24.77836,-25.81975],[24.77473,-25.81824],[24.76703,-25.81259],[24.76171,-25.81098],[24.75592,-25.81141],[24.75199,-25.81449],[24.74225,-25.81262],[24.7376,-25.80853],[24.72967,-25.80409],[24.7116,-25.80579],[24.70738,-25.8082],[24.69477,-25.81234],[24.69064,-25.81892],[24.68843,-25.8201],[24.68587,-25.82333],[24.68185,-25.82366],[24.67903,-25.8192],[24.67335,-25.81769],[24.66609,-25.8185],[24.66324,-25.81791],[24.65966,-25.81522],[24.65547,-25.81467],[24.65012,-25.81194],[24.6453,-25.8109],[24.64085,-25.80782],[24.63626,-25.8074],[24.62294,-25.80351],[24.61641,-25.80203],[24.61374,-25.80205],[24.6089,-25.80065],[24.60266,-25.79581],[24.59654,-25.79325],[24.59557,-25.79216],[24.58937,-25.7898],[24.57949,-25.77881],[24.57693,-25.77645],[24.57164,-25.77362],[24.56511,-25.77127],[24.56148,-25.77094],[24.54883,-25.77277],[24.54435,-25.77204],[24.53342,-25.76806],[24.52009,-25.76269],[24.49951,-25.75485],[24.49084,-25.75116],[24.485275,-25.74939],[24.48446,-25.75046],[24.46507,-25.79017],[24.51631,-25.82416],[24.54493,-25.84298],[24.57314,-25.86131],[24.62734,-25.89625],[24.65068,-25.91113],[24.66703,-25.92125],[24.63916,-25.93426],[24.65388,-25.95932],[24.668186,-25.97291],[24.68494,-25.9884],[24.71006,-26.01199],[24.73385,-26.03957],[24.74516,-26.06297],[24.75285,-26.07668],[24.76247,-26.0933],[24.78241,-26.1238],[24.80408,-26.15825],[24.81708,-26.19879],[24.76418,-26.20525],[24.78916,-26.24372],[24.80475,-26.2769],[24.82095,-26.30615],[24.83174,-26.32695],[24.84762,-26.36811],[24.83583,-26.37071],[24.83356,-26.38295],[24.85234,-26.38127],[24.85785,-26.395],[24.90073,-26.36345],[24.93021,-26.42063],[24.96614,-26.40435],[24.96643,-26.40393],[24.9912,-26.39094],[25.00239,-26.40926],[25.02519,-26.44549],[25.02595,-26.44783],[25.04551,-26.43638],[25.0701,-26.48623],[25.040688,-26.501393],[25.0662,-26.55029],[25.09574,-26.53561],[25.15431,-26.52355],[25.16959,-26.51993],[25.176919,-26.558329],[25.177438,-26.558632],[25.189088,-26.572549],[25.226705,-26.614766],[25.207566,-26.622869],[25.175061,-26.636299],[25.171189,-26.638518],[25.17263,-26.64631],[25.17432,-26.65288],[25.1787,-26.66246],[25.17401,-26.6709],[25.16882,-26.67658],[25.1659,-26.68394],[25.16236,-26.6885],[25.15779,-26.69734],[25.15595,-26.69979],[25.15537,-26.7027],[25.15258,-26.70769],[25.14765,-26.71402],[25.14593,-26.72322],[25.14383,-26.72884],[25.14367,-26.73195],[25.14222,-26.73638],[25.14184,-26.74264],[25.13737,-26.75442],[25.13434,-26.76065],[25.13392,-26.76914],[25.1308,-26.77565],[25.13054,-26.7775],[25.12619,-26.78495],[25.12373,-26.79269],[25.120012,-26.797248],[25.126963,-26.812112],[25.148325,-26.80058],[25.194198,-26.857582],[25.225465,-26.832415],[25.25749,-26.80225],[25.28722,-26.843],[25.32078,-26.88626],[25.32758,-26.88272],[25.34722,-26.87539],[25.38268,-26.86166],[25.39852,-26.85529],[25.42365,-26.87235],[25.49261,-26.91787],[25.48894,-26.91792],[25.48344,-26.92035],[25.56926,-26.93633],[25.60455,-26.90651],[25.6305,-26.85855],[25.62635,-26.87204],[25.61089,-26.92311],[25.66581,-26.899134],[25.66563,-26.96272],[25.64605,-26.96137],[25.63713,-26.97123],[25.64455,-26.98454],[25.63219,-26.98857],[25.64832,-27.01881],[25.65708,-27.0335],[25.67438,-27.06027],[25.6831,-27.07347],[25.68711,-27.09797],[25.66159,-27.10952],[25.65095,-27.11758],[25.63064,-27.13232],[25.62374,-27.13783],[25.61633,-27.1429],[25.61015,-27.17625],[25.62856,-27.17597],[25.64136,-27.19984],[25.64336,-27.20323],[25.65371,-27.22284],[25.674387,-27.222106],[25.680168,-27.211997],[25.70162,-27.22324],[25.7496,-27.21373],[25.75233,-27.21291],[25.7723,-27.209252],[25.77364,-27.22001],[25.77763,-27.25495],[25.78094,-27.25926],[25.80604,-27.29061],[25.80852,-27.30067],[25.81349,-27.31931],[25.824802,-27.363042],[25.76099,-27.36746],[25.75964,-27.36328],[25.7539,-27.36455],[25.70226,-27.37498],[25.72136,-27.37929],[25.74132,-27.38603],[25.74974,-27.38838],[25.76811,-27.39408],[25.79703,-27.39065],[25.80089,-27.41704],[25.80498,-27.44636],[25.75422,-27.46358],[25.73867,-27.46916],[25.73833,-27.48417],[25.74296,-27.48609],[25.74714,-27.50464],[25.75384,-27.53223],[25.75372,-27.53449],[25.7782,-27.52779],[25.83482,-27.51179],[25.83024,-27.56619],[25.83319,-27.56807],[25.8348,-27.57807],[25.84388,-27.58815],[25.84617,-27.59231],[25.84636,-27.59653],[25.84371,-27.60051],[25.84351,-27.6043],[25.84577,-27.61002],[25.84957,-27.6149],[25.85261,-27.62098],[25.85807,-27.62378],[25.87243,-27.62797],[25.87552,-27.62817],[25.89131,-27.62606],[25.89833,-27.62253],[25.89787,-27.62033],[25.89509,-27.61468],[25.89531,-27.61037],[25.9006,-27.60913],[25.9095,-27.61041],[25.91568,-27.60574],[25.92265,-27.60353],[25.92688,-27.60387],[25.93199,-27.60642],[25.9356,-27.60938],[25.94027,-27.6149],[25.94255,-27.6186],[25.94557,-27.62783],[25.94595,-27.63174],[25.94852,-27.63301],[25.95542,-27.62987],[25.96544,-27.62665],[25.96841,-27.62496],[25.98104,-27.62672],[25.98221,-27.62942],[25.98021,-27.63305],[25.98028,-27.63666],[25.98235,-27.63896],[25.98956,-27.64016],[25.99307,-27.64174],[26.00229,-27.64889],[26.00489,-27.65216],[26.00797,-27.6604],[26.00879,-27.66631],[26.0077,-27.67247],[26.00759,-27.6763],[26.00961,-27.68306],[26.01071,-27.68977],[26.00655,-27.69745],[26.00388,-27.70061],[26.00259,-27.70505],[26.00318,-27.70805],[26.00865,-27.71706],[26.01298,-27.72257],[26.02163,-27.72912],[26.02416,-27.7331],[26.02619,-27.7347],[26.03291,-27.73668],[26.03674,-27.73573],[26.04316,-27.7287],[26.04769,-27.72546],[26.06038,-27.72166],[26.06647,-27.71833],[26.07584,-27.71065],[26.08665,-27.70043],[26.09264,-27.69605],[26.09463,-27.69137],[26.09479,-27.6846],[26.0912,-27.68177],[26.08167,-27.68232],[26.06918,-27.68117],[26.06627,-27.6801],[26.06193,-27.67678],[26.05506,-27.67006],[26.05471,-27.66835],[26.05667,-27.66589],[26.06369,-27.66021],[26.07227,-27.65598],[26.07991,-27.65338],[26.08553,-27.64921],[26.0865,-27.64674],[26.08581,-27.64284],[26.08105,-27.63262],[26.07496,-27.62103],[26.07491,-27.6194],[26.07724,-27.61303],[26.08196,-27.60342],[26.08448,-27.59509],[26.08985,-27.59392],[26.10096,-27.59539],[26.10615,-27.59555],[26.11269,-27.59365],[26.11694,-27.5906],[26.11989,-27.58719],[26.1245,-27.58057],[26.12476,-27.57927],[26.12227,-27.57442],[26.12209,-27.57244],[26.12379,-27.56687],[26.12551,-27.56478],[26.12937,-27.56233],[26.13401,-27.55847],[26.13932,-27.55744],[26.1416,-27.55837],[26.14553,-27.56279],[26.15119,-27.56439],[26.15516,-27.56257],[26.15858,-27.55726],[26.16272,-27.55225],[26.16459,-27.54866],[26.1678,-27.53856],[26.17011,-27.53611],[26.17583,-27.53398],[26.18605,-27.53154],[26.19507,-27.52321],[26.19899,-27.51857],[26.20328,-27.51623],[26.20717,-27.51555],[26.21361,-27.51571],[26.22724,-27.51341],[26.22975,-27.51022],[26.23108,-27.49492],[26.22078,-27.48333],[26.21986,-27.47636],[26.22041,-27.473],[26.22451,-27.46849],[26.23114,-27.45798],[26.23358,-27.45485],[26.23634,-27.44702],[26.23885,-27.43785],[26.24163,-27.43202],[26.24501,-27.42986],[26.25005,-27.43004],[26.25328,-27.42926],[26.26016,-27.41992],[26.26352,-27.4169],[26.26775,-27.41631],[26.27115,-27.41774],[26.27608,-27.42113],[26.2828,-27.42142],[26.28623,-27.42219],[26.28927,-27.4195],[26.29104,-27.41668],[26.29558,-27.41579],[26.30468,-27.41805],[26.3084,-27.41776],[26.31186,-27.41988],[26.31399,-27.4232],[26.31556,-27.42999],[26.31798,-27.43218],[26.32114,-27.4334],[26.32447,-27.43274],[26.32631,-27.42999],[26.32787,-27.41995],[26.32659,-27.40878],[26.32724,-27.4058],[26.33445,-27.3996],[26.33617,-27.39716],[26.33747,-27.393],[26.33957,-27.3894],[26.34516,-27.38543],[26.35048,-27.3859],[26.35813,-27.38901],[26.36156,-27.38926],[26.36509,-27.38773],[26.368,-27.38497],[26.37242,-27.38376],[26.37655,-27.38679],[26.38098,-27.38864],[26.38854,-27.3898],[26.39383,-27.39369],[26.4075,-27.39985],[26.41649,-27.40274],[26.42309,-27.40687],[26.42701,-27.40511],[26.44043,-27.39391],[26.44522,-27.38812],[26.44924,-27.38622],[26.45543,-27.38575],[26.46008,-27.38699],[26.46826,-27.39122],[26.49758,-27.39566],[26.50637,-27.39848],[26.5084,-27.39792],[26.51258,-27.3933],[26.51424,-27.38744],[26.51354,-27.38531],[26.50668,-27.38184],[26.49719,-27.37931],[26.49109,-27.37945],[26.48567,-27.38026],[26.48316,-27.37872],[26.4781,-27.37331],[26.47481,-27.37096],[26.46821,-27.36918],[26.46201,-27.36571],[26.45923,-27.3635],[26.447,-27.35089],[26.44606,-27.34853],[26.44749,-27.34371],[26.45311,-27.34029],[26.45538,-27.33768],[26.457,-27.32852],[26.45823,-27.32623],[26.46315,-27.32202],[26.46962,-27.315],[26.4735,-27.31252],[26.47533,-27.30848],[26.47965,-27.30665],[26.48323,-27.3071],[26.48525,-27.31044],[26.48487,-27.31353],[26.47925,-27.31865],[26.47911,-27.32142],[26.4822,-27.32383],[26.48491,-27.32395],[26.49229,-27.32008],[26.49383,-27.31775],[26.49396,-27.30882],[26.49323,-27.30614],[26.48829,-27.2963],[26.48868,-27.28395],[26.49241,-27.27992],[26.49621,-27.27378],[26.49736,-27.2689],[26.49677,-27.26496],[26.49336,-27.25675],[26.48885,-27.25057],[26.48763,-27.25054],[26.4768,-27.24465],[26.47166,-27.23992],[26.466,-27.23176],[26.46138,-27.22764],[26.45469,-27.22279],[26.44874,-27.22032],[26.44328,-27.21702],[26.43906,-27.21171],[26.4358,-27.20513],[26.43452,-27.2004],[26.4345,-27.1941],[26.43222,-27.18907],[26.42725,-27.18524],[26.42426,-27.17753],[26.42061,-27.17343],[26.4199,-27.17136],[26.42087,-27.16624],[26.42377,-27.16043],[26.42488,-27.15507],[26.42705,-27.15125],[26.42934,-27.15014],[26.43489,-27.14961],[26.44151,-27.15021],[26.44761,-27.15238],[26.45404,-27.15532],[26.45819,-27.15782],[26.46374,-27.15741],[26.47363,-27.15376],[26.47539,-27.15114],[26.47677,-27.14556],[26.47734,-27.13942],[26.47891,-27.13601],[26.48399,-27.13071],[26.4885,-27.13024],[26.49716,-27.1329],[26.50292,-27.13074],[26.50697,-27.12722],[26.51417,-27.11885],[26.51738,-27.1129],[26.51828,-27.10992],[26.52162,-27.10439],[26.52281,-27.09871],[26.52526,-27.09391],[26.52865,-27.091],[26.53164,-27.09031],[26.53802,-27.09017],[26.54479,-27.09422],[26.54859,-27.09847],[26.56169,-27.10086],[26.57533,-27.10474],[26.58177,-27.10831],[26.58562,-27.10603],[26.58697,-27.10318],[26.58811,-27.09535],[26.59299,-27.083],[26.59373,-27.08011],[26.5924,-27.07087],[26.59016,-27.06717],[26.58357,-27.06344],[26.58113,-27.059],[26.58087,-27.05616],[26.58182,-27.05312],[26.58521,-27.04857],[26.58862,-27.04207],[26.59262,-27.03785],[26.60295,-27.03208],[26.6121,-27.02826],[26.6144,-27.02574],[26.61597,-27.0138],[26.61841,-27.00639],[26.61846,-27.00414],[26.62107,-27.00272],[26.62495,-27.00266],[26.62913,-27.00377],[26.63608,-27.00342],[26.64568,-27.00048],[26.65324,-26.99622],[26.65889,-26.99377],[26.66252,-26.99345],[26.67182,-26.99573],[26.67635,-27.00078],[26.67644,-27.00969],[26.67952,-27.01518],[26.68417,-27.01757],[26.68872,-27.018],[26.69588,-27.01446],[26.7006,-27.0086],[26.70247,-27.00007],[26.70635,-26.988],[26.71057,-26.97864],[26.71285,-26.97568],[26.71548,-26.97392],[26.72074,-26.97181],[26.72896,-26.96942],[26.7316,-26.96796],[26.74326,-26.96457],[26.74959,-26.96509],[26.75516,-26.96191],[26.75925,-26.95695],[26.76104,-26.95318],[26.76669,-26.94806],[26.77341,-26.94666],[26.78016,-26.94596],[26.7901,-26.94265],[26.79682,-26.93824],[26.80053,-26.93483],[26.80502,-26.93198],[26.8102,-26.93194],[26.81173,-26.93416],[26.81126,-26.94077],[26.8094,-26.94722],[26.81058,-26.9505],[26.8157,-26.95319],[26.81884,-26.95306],[26.82246,-26.95118],[26.83148,-26.94891],[26.84066,-26.94308],[26.8485,-26.94018],[26.85038,-26.93774],[26.85127,-26.93449],[26.85499,-26.92854],[26.85803,-26.92203],[26.86121,-26.91961],[26.86644,-26.91906],[26.87374,-26.92338],[26.87534,-26.92509],[26.87481,-26.93006],[26.87656,-26.93215],[26.88085,-26.93511],[26.88372,-26.93583],[26.89407,-26.93469],[26.89716,-26.93561],[26.90307,-26.94139],[26.90868,-26.94571],[26.90984,-26.95426],[26.90863,-26.95875],[26.91039,-26.96367],[26.91488,-26.96792],[26.9167,-26.97222],[26.92043,-26.97332],[26.92315,-26.96905],[26.925,-26.95698],[26.92363,-26.94674],[26.92334,-26.94195],[26.92459,-26.93143],[26.92424,-26.92777],[26.91992,-26.90976],[26.9209,-26.90307],[26.92374,-26.89703],[26.92462,-26.89294],[26.92721,-26.88707],[26.93306,-26.87884],[26.93902,-26.87204],[26.94273,-26.87179],[26.94921,-26.87365],[26.95123,-26.87553],[26.95114,-26.87883],[26.94913,-26.88213],[26.94845,-26.88891],[26.94722,-26.89201],[26.94996,-26.89564],[26.96039,-26.90325],[26.96809,-26.90734],[26.97482,-26.91211],[26.98104,-26.91407],[26.98766,-26.9168],[26.99466,-26.92172],[27.00519,-26.92536],[27.01032,-26.92875],[27.01393,-26.93205],[27.01677,-26.93192],[27.02072,-26.93404],[27.02381,-26.93405],[27.02819,-26.93592],[27.03185,-26.93608],[27.03457,-26.93725],[27.03999,-26.93822],[27.04412,-26.93703],[27.05057,-26.93674],[27.05473,-26.93736],[27.05966,-26.93687],[27.06458,-26.9373],[27.0701,-26.93509],[27.07622,-26.93499],[27.07994,-26.93577],[27.08352,-26.93802],[27.08726,-26.93841],[27.0936,-26.93169],[27.10118,-26.92937],[27.10598,-26.92716],[27.11343,-26.92636],[27.11772,-26.92766],[27.12086,-26.93079],[27.12595,-26.93362],[27.13189,-26.93553],[27.13315,-26.93718],[27.14225,-26.94183],[27.14716,-26.94093],[27.15369,-26.93704],[27.15515,-26.9337],[27.1618,-26.92586],[27.16555,-26.92373],[27.17012,-26.92302],[27.17879,-26.92592],[27.18223,-26.92854],[27.18302,-26.93142],[27.18177,-26.94068],[27.18321,-26.95029],[27.18249,-26.95541],[27.18082,-26.95866],[27.17518,-26.96361],[27.17366,-26.96759],[27.17716,-26.97082],[27.18312,-26.97318],[27.19005,-26.97749],[27.19837,-26.97874],[27.2033,-26.98049],[27.20649,-26.98035],[27.21178,-26.97675],[27.21198,-26.97337],[27.21102,-26.96952],[27.21109,-26.96238],[27.21322,-26.95804],[27.2142,-26.95323],[27.21752,-26.94606],[27.21916,-26.94436],[27.22891,-26.93957],[27.23487,-26.92659],[27.24157,-26.91871],[27.24689,-26.91443],[27.25274,-26.91342],[27.2601,-26.91013],[27.26441,-26.90524],[27.26631,-26.89902],[27.26913,-26.89304],[27.27322,-26.88938],[27.27818,-26.88808],[27.28171,-26.88394],[27.28982,-26.87936],[27.2913,-26.87733],[27.29161,-26.87175],[27.29243,-26.86892],[27.29615,-26.86488],[27.29914,-26.86343],[27.30099,-26.8605],[27.30024,-26.85718],[27.30216,-26.8547],[27.30605,-26.85334],[27.31305,-26.85272],[27.33002,-26.85322],[27.3389,-26.85855],[27.34036,-26.86125],[27.34056,-26.86434],[27.33951,-26.86849],[27.34,-26.87119],[27.35634,-26.88291],[27.36143,-26.88493],[27.36501,-26.89077],[27.36775,-26.8913],[27.36771,-26.89505],[27.36887,-26.9006],[27.37045,-26.90374],[27.37345,-26.90486],[27.37693,-26.90467],[27.38024,-26.90124],[27.38421,-26.90037],[27.38834,-26.90287],[27.389485,-26.906385],[27.3902,-26.91144],[27.39299,-26.91492],[27.39649,-26.91487],[27.3989,-26.91668],[27.40033,-26.92222],[27.40753,-26.92578],[27.41429,-26.92566],[27.41859,-26.92386],[27.42379,-26.91922],[27.42838,-26.91417],[27.432,-26.9087],[27.43778,-26.90144],[27.44002,-26.89949],[27.44246,-26.90055],[27.4467,-26.89779],[27.44947,-26.89475],[27.45522,-26.89058],[27.47131,-26.88681],[27.47604,-26.88349],[27.4767,-26.87967],[27.478877,-26.873881],[27.47957,-26.86772],[27.48319,-26.85822],[27.48746,-26.84937],[27.48994,-26.84704],[27.49477,-26.84561],[27.49969,-26.84502],[27.50414,-26.84193],[27.50831,-26.83999],[27.51175,-26.83651],[27.51191,-26.82983],[27.51076,-26.82623],[27.51138,-26.8235],[27.5164,-26.81338],[27.51764,-26.81231],[27.51794,-26.80887],[27.51529,-26.80403],[27.51289,-26.80151],[27.50833,-26.79844],[27.5059,-26.79482],[27.5056,-26.79197],[27.50939,-26.78578],[27.51736,-26.78197],[27.52411,-26.7823],[27.52877,-26.78461],[27.53657,-26.78535],[27.53975,-26.78427],[27.54611,-26.77807],[27.55135,-26.77437],[27.557,-26.77357],[27.56073,-26.77694],[27.56868,-26.78092],[27.57032,-26.78117],[27.57531,-26.77883],[27.57993,-26.77567],[27.58255,-26.77183],[27.58259,-26.7689],[27.57658,-26.76057],[27.56978,-26.7542],[27.57016,-26.74696],[27.5795,-26.74485],[27.58625,-26.74034],[27.59043,-26.73836],[27.58881,-26.7357],[27.58141,-26.731],[27.58691,-26.72729],[27.58912,-26.72409],[27.60224,-26.72285],[27.60166,-26.71486],[27.60284,-26.69244],[27.57531,-26.71569],[27.57416,-26.71584],[27.57423,-26.68408],[27.57024,-26.68365],[27.56957,-26.67197],[27.56909,-26.64716],[27.5796,-26.60753]]]},"properties":{"code":"018"}},{"type":"Feature","geometry":{"type":"Polygon","coordinates":[[[21.79287,-26.76963],[21.7918,-26.77568],[21.784,-26.78457],[21.78204,-26.79221],[21.78171,-26.79925],[21.78019,-26.80253],[21.77601,-26.80181],[21.77178,-26.80286],[21.76384,-26.81214],[21.75404,-26.81838],[21.74205,-26.82503],[21.73321,-26.83147],[21.72203,-26.84122],[21.70784,-26.85244],[21.70331,-26.85738],[21.69484,-26.86124],[21.69179,-26.8604],[21.68518,-26.8558],[21.67794,-26.85396],[21.67471,-26.8549],[21.66882,-26.86155],[21.66333,-26.86443],[21.65812,-26.86505],[21.64961,-26.86358],[21.64223,-26.86366],[21.63495,-26.86568],[21.62707,-26.86666],[21.62408,-26.86524],[21.61813,-26.86098],[21.61553,-26.85754],[21.60963,-26.85213],[21.60448,-26.84588],[21.59668,-26.84191],[21.59427,-26.84119],[21.5867,-26.84043],[21.5753,-26.83991],[21.56448,-26.8483],[21.56183,-26.84996],[21.55664,-26.84925],[21.5495,-26.84433],[21.54569,-26.84326],[21.54092,-26.84312],[21.53832,-26.84665],[21.53368,-26.85555],[21.52877,-26.86081],[21.525089,-26.86179],[21.51724,-26.85916],[21.50775,-26.85532],[21.49829,-26.85079],[21.49402,-26.84809],[21.49053,-26.84451],[21.48586,-26.84155],[21.48152,-26.84049],[21.474199,-26.84029],[21.46849,-26.84097],[21.46189,-26.84074],[21.45584,-26.83814],[21.45015,-26.83153],[21.44562,-26.82902],[21.44009,-26.82715],[21.43203,-26.82663],[21.41721,-26.82326],[21.40543,-26.8221],[21.39729,-26.82278],[21.38857,-26.82476],[21.38219,-26.82815],[21.37612,-26.83058],[21.37202,-26.82976],[21.36522,-26.83022],[21.3578,-26.8293],[21.34488,-26.82556],[21.33659,-26.82507],[21.3323,-26.82568],[21.3288,-26.82801],[21.32043,-26.83853],[21.31719,-26.84121],[21.3103,-26.84543],[21.3031,-26.84861],[21.29554,-26.84964],[21.28848,-26.84899],[21.28656,-26.84804],[21.2747,-26.83915],[21.26859,-26.83754],[21.26456,-26.83754],[21.25603,-26.84025],[21.2488,-26.84558],[21.2411,-26.84604],[21.23264,-26.84397],[21.22637,-26.84332],[21.22167,-26.8438],[21.20924,-26.84765],[21.19934,-26.84992],[21.19194,-26.85347],[21.18819,-26.85647],[21.18191,-26.86284],[21.17734,-26.86644],[21.16888,-26.8687],[21.1621,-26.86744],[21.1554,-26.86723],[21.13896,-26.87271],[21.13417,-26.87376],[21.12862,-26.87209],[21.1237,-26.86866],[21.11583,-26.85961],[21.10993,-26.8575],[21.09849,-26.85668],[21.09113,-26.85427],[21.08365,-26.84997],[21.07888,-26.84851],[21.07119,-26.84842],[21.06623,-26.85027],[21.06066,-26.85161],[21.04147,-26.84671],[21.03265,-26.8466],[21.02646,-26.84774],[21.01644,-26.84773],[21.01093,-26.84666],[21.00663,-26.84431],[20.98599,-26.82521],[20.97783,-26.81151],[20.97179,-26.80724],[20.96852,-26.80634],[20.96203,-26.80685],[20.95374,-26.8119],[20.94618,-26.81382],[20.93763,-26.81104],[20.92815,-26.80612],[20.92483,-26.80522],[20.91873,-26.80156],[20.90972,-26.79768],[20.90447,-26.79676],[20.89812,-26.7963],[20.89279,-26.79711],[20.88523,-26.79727],[20.87137,-26.80378],[20.86702,-26.80679],[20.85562,-26.81313],[20.85151,-26.81594],[20.84409,-26.81868],[20.82889,-26.81785],[20.82463,-26.81808],[20.82083,-26.81921],[20.81779,-26.82299],[20.81777,-26.8268],[20.81883,-26.83133],[20.81885,-26.83777],[20.8174,-26.8407],[20.81335,-26.8434],[20.80525,-26.84292],[20.79424,-26.8403],[20.78945,-26.84072],[20.7862,-26.84199],[20.77975,-26.85058],[20.77565,-26.85501],[20.77293,-26.85978],[20.76914,-26.86287],[20.76311,-26.86647],[20.757,-26.86728],[20.74797,-26.86678],[20.74025,-26.86582],[20.72859,-26.86637],[20.72013,-26.86823],[20.71444,-26.87044],[20.70913,-26.87432],[20.70666,-26.87923],[20.70434,-26.88646],[20.70035,-26.89545],[20.69736,-26.89964],[20.69073,-26.90448],[20.68565,-26.90733],[20.68709,-26.9024],[20.68472,-26.89367],[20.68143,-26.88638],[20.6795,-26.88015],[20.68008,-26.87617],[20.67953,-26.86822],[20.67615,-26.86125],[20.67709,-26.85739],[20.68054,-26.85149],[20.68513,-26.848],[20.6833,-26.84418],[20.68225,-26.8401],[20.66709,-26.83688],[20.66294,-26.83562],[20.65554,-26.83453],[20.65142,-26.83259],[20.64846,-26.83015],[20.64484,-26.8284],[20.64264,-26.82364],[20.64486,-26.81812],[20.64903,-26.81323],[20.6505,-26.80973],[20.64495,-26.80187],[20.63651,-26.79415],[20.62634,-26.7906],[20.62381,-26.78937],[20.62243,-26.78625],[20.63507,-26.77476],[20.63714,-26.7701],[20.63753,-26.76508],[20.63333,-26.75846],[20.62888,-26.75404],[20.62579,-26.74902],[20.62927,-26.74091],[20.63248,-26.73514],[20.63313,-26.73243],[20.63265,-26.72865],[20.63447,-26.72627],[20.63349,-26.72496],[20.62606,-26.71979],[20.62093,-26.71351],[20.61949,-26.70966],[20.61905,-26.70545],[20.61664,-26.70224],[20.61593,-26.69349],[20.61448,-26.6871],[20.61689,-26.67731],[20.62157,-26.6744],[20.6279,-26.67201],[20.63381,-26.66872],[20.63524,-26.66437],[20.63415,-26.66022],[20.63173,-26.65583],[20.630415,-26.650555],[20.62915,-26.64281],[20.62962,-26.63069],[20.63078,-26.62483],[20.63301,-26.62157],[20.63366,-26.61794],[20.63354,-26.60922],[20.63189,-26.60452],[20.63252,-26.59985],[20.63157,-26.59544],[20.6326,-26.59178],[20.63146,-26.58405],[20.62637,-26.57765],[20.61848,-26.56848],[20.61397,-26.5658],[20.61003,-26.55994],[20.60856,-26.55406],[20.60972,-26.54648],[20.60995,-26.53439],[20.60458,-26.5214],[20.60483,-26.51467],[20.60723,-26.50818],[20.60982,-26.50426],[20.61177,-26.49919],[20.61163,-26.48793],[20.61482,-26.47279],[20.61652,-26.46819],[20.61715,-26.45401],[20.6173,-26.44399],[20.625605,-26.435155],[20.63614,-26.43458],[20.64615,-26.43508],[20.65142,-26.43163],[20.65565,-26.42546],[20.66048,-26.41599],[20.67086,-26.40538],[20.67459,-26.39992],[20.67853,-26.39703],[20.6875,-26.39918],[20.69333,-26.39776],[20.69755,-26.39025],[20.6986,-26.38318],[20.69736,-26.3741],[20.69726,-26.36909],[20.70023,-26.36382],[20.70759,-26.35641],[20.71223,-26.35093],[20.71483,-26.34594],[20.71676,-26.33895],[20.71987,-26.33376],[20.72667,-26.32896],[20.73725,-26.32405],[20.74403,-26.31781],[20.74846,-26.31185],[20.75627,-26.29682],[20.75678,-26.29178],[20.75892,-26.28699],[20.76328,-26.28415],[20.77271,-26.28213],[20.7795,-26.2774],[20.7845,-26.27526],[20.79029,-26.27141],[20.79216,-26.26699],[20.79229,-26.26013],[20.79534,-26.2548],[20.80406,-26.2472],[20.80616,-26.2433],[20.80777,-26.22929],[20.81185,-26.22264],[20.81605,-26.21488],[20.81642,-26.21307],[20.8147,-26.19919],[20.81518,-26.19237],[20.81932,-26.18232],[20.82278,-26.1765],[20.82693,-26.17294],[20.83534,-26.16961],[20.84383,-26.16214],[20.84878,-26.15618],[20.85387,-26.14902],[20.85627,-26.14121],[20.86084,-26.13685],[20.86328,-26.13268],[20.86202,-26.12769],[20.85769,-26.12384],[20.8524,-26.12222],[20.8436,-26.12554],[20.84036,-26.12347],[20.83818,-26.11845],[20.82883,-26.11294],[20.82091,-26.10548],[20.8207,-26.10111],[20.82571,-26.09802],[20.8339,-26.09445],[20.83901,-26.08924],[20.84092,-26.08498],[20.84175,-26.0801],[20.83934,-26.0766],[20.82832,-26.07288],[20.82438,-26.06964],[20.82105,-26.06229],[20.81865,-26.0583],[20.82059,-26.0547],[20.82613,-26.05033],[20.83279,-26.04704],[20.83607,-26.0415],[20.83607,-26.03613],[20.83269,-26.02404],[20.82857,-26.01877],[20.81658,-26.01024],[20.81535,-26.0059],[20.81875,-26.00062],[20.82405,-25.99486],[20.82852,-25.98845],[20.83073,-25.98251],[20.83134,-25.97218],[20.84016,-25.96162],[20.84038,-25.95588],[20.83743,-25.95075],[20.82885,-25.94443],[20.82417,-25.94018],[20.81723,-25.93463],[20.81136,-25.93089],[20.80507,-25.92529],[20.80286,-25.92097],[20.80175,-25.90971],[20.79831,-25.90303],[20.79808,-25.89956],[20.80446,-25.89533],[20.80956,-25.89324],[20.81215,-25.89026],[20.81325,-25.88405],[20.81356,-25.87576],[20.81313,-25.86975],[20.80899,-25.86443],[20.80422,-25.86208],[20.79896,-25.86157],[20.79081,-25.86181],[20.78674,-25.8606],[20.78273,-25.85497],[20.78145,-25.84883],[20.78341,-25.84408],[20.78739,-25.83886],[20.7894,-25.83351],[20.78855,-25.82964],[20.78602,-25.82317],[20.78583,-25.81852],[20.78865,-25.81275],[20.79008,-25.80829],[20.78823,-25.80311],[20.78286,-25.8007],[20.77754,-25.80197],[20.77287,-25.80484],[20.76648,-25.80968],[20.76204,-25.81556],[20.75929,-25.82221],[20.75348,-25.82621],[20.74798,-25.82706],[20.74357,-25.82578],[20.73916,-25.82237],[20.73909,-25.81564],[20.74228,-25.81059],[20.74458,-25.80436],[20.74959,-25.79913],[20.76218,-25.79095],[20.76454,-25.78736],[20.76346,-25.78044],[20.76064,-25.77665],[20.75408,-25.7725],[20.74829,-25.77162],[20.7422,-25.77336],[20.73642,-25.77361],[20.73174,-25.77165],[20.72979,-25.76845],[20.73124,-25.75321],[20.73075,-25.74794],[20.72778,-25.74168],[20.72432,-25.73058],[20.72206,-25.72496],[20.71703,-25.71713],[20.71334,-25.71249],[20.70855,-25.70813],[20.70269,-25.70419],[20.69349,-25.69929],[20.68256,-25.69452],[20.67794,-25.69045],[20.67655,-25.68699],[20.67468,-25.67176],[20.67699,-25.66552],[20.68185,-25.65983],[20.6872,-25.65202],[20.68885,-25.64671],[20.68897,-25.64018],[20.68788,-25.63546],[20.68233,-25.63175],[20.67704,-25.63019],[20.67244,-25.6298],[20.66692,-25.63394],[20.66304,-25.63807],[20.65746,-25.63983],[20.65177,-25.63746],[20.65037,-25.63245],[20.65287,-25.62525],[20.65692,-25.62034],[20.65957,-25.6149],[20.66108,-25.60853],[20.66537,-25.60402],[20.68241,-25.60464],[20.6908,-25.60302],[20.69599,-25.5996],[20.69819,-25.59511],[20.69686,-25.58957],[20.69345,-25.58543],[20.68743,-25.57928],[20.67972,-25.56787],[20.67457,-25.55948],[20.6729,-25.55427],[20.66996,-25.54979],[20.66393,-25.54514],[20.65424,-25.53568],[20.6476,-25.53164],[20.63895,-25.53133],[20.63236,-25.52965],[20.62918,-25.52501],[20.62817,-25.51716],[20.62883,-25.51276],[20.63298,-25.50894],[20.64018,-25.50413],[20.64292,-25.50055],[20.64346,-25.49756],[20.64122,-25.49166],[20.63651,-25.48412],[20.63446,-25.47831],[20.63624,-25.4735],[20.64096,-25.47039],[20.64834,-25.4704],[20.65547,-25.47198],[20.66271,-25.47189],[20.66779,-25.46954],[20.67283,-25.46353],[20.67442,-25.45805],[20.67438,-25.45324],[20.67142,-25.44851],[20.66613,-25.44565],[20.6597,-25.44607],[20.65386,-25.44951],[20.64843,-25.45951],[20.64412,-25.46267],[20.63741,-25.46451],[20.63105,-25.46361],[20.62234,-25.46163],[20.61864,-25.45354],[20.61597,-25.44561],[20.61981,-25.44074],[20.62981,-25.43552],[20.63373,-25.43104],[20.63112,-25.42549],[20.6253,-25.42162],[20.61796,-25.42589],[20.61144,-25.42885],[20.60818,-25.42969],[20.60122,-25.4274],[20.59828,-25.42174],[20.60076,-25.41387],[20.60364,-25.40991],[20.60533,-25.4045],[20.60456,-25.39868],[20.60184,-25.39491],[20.59664,-25.3907],[20.59195,-25.38998],[20.58434,-25.39423],[20.5786,-25.39652],[20.56654,-25.39491],[20.56141,-25.38928],[20.56011,-25.38468],[20.55112,-25.37133],[20.54771,-25.36315],[20.54551,-25.35607],[20.54214,-25.34903],[20.53923,-25.34453],[20.54189,-25.33622],[20.54809,-25.32875],[20.54879,-25.32449],[20.54649,-25.31999],[20.54189,-25.31813],[20.53656,-25.31899],[20.53204,-25.32283],[20.52173,-25.32472],[20.51687,-25.32326],[20.51392,-25.31724],[20.51403,-25.31153],[20.51733,-25.30649],[20.52566,-25.30442],[20.53115,-25.29868],[20.53818,-25.29422],[20.54289,-25.29258],[20.54571,-25.28616],[20.53906,-25.28709],[20.52787,-25.28769],[20.5235,-25.28419],[20.52334,-25.27808],[20.51852,-25.27486],[20.51178,-25.2745],[20.50589,-25.27548],[20.50174,-25.27399],[20.49644,-25.26898],[20.49304,-25.26239],[20.48845,-25.25611],[20.4874,-25.25279],[20.49166,-25.24827],[20.49465,-25.24177],[20.49892,-25.22836],[20.49579,-25.2247],[20.48888,-25.22261],[20.48008,-25.22465],[20.47595,-25.2252],[20.47152,-25.22834],[20.46609,-25.22406],[20.46358,-25.21949],[20.4619,-25.21157],[20.4504,-25.20177],[20.44638,-25.19897],[20.44417,-25.19402],[20.44755,-25.18856],[20.45375,-25.18591],[20.46183,-25.18377],[20.46744,-25.17606],[20.46884,-25.17158],[20.46966,-25.1618],[20.46899,-25.15689],[20.46529,-25.15221],[20.45923,-25.14996],[20.45346,-25.15316],[20.44913,-25.15656],[20.44482,-25.15819],[20.43737,-25.15794],[20.43491,-25.15724],[20.43089,-25.15429],[20.4276,-25.14935],[20.42784,-25.14411],[20.43135,-25.14147],[20.43129,-25.13564],[20.42599,-25.13281],[20.42396,-25.12821],[20.42538,-25.12408],[20.42946,-25.12089],[20.42906,-25.11605],[20.42461,-25.11198],[20.42294,-25.10812],[20.41929,-25.10443],[20.41478,-25.10536],[20.41066,-25.10343],[20.40997,-25.0991],[20.41274,-25.0935],[20.4157,-25.08884],[20.41255,-25.08272],[20.40777,-25.08068],[20.40002,-25.07944],[20.39215,-25.07662],[20.38733,-25.06969],[20.38156,-25.06656],[20.37888,-25.06151],[20.38559,-25.05002],[20.38566,-25.04366],[20.38668,-25.03888],[20.38417,-25.0343],[20.38021,-25.03213],[20.37343,-25.03019],[20.36894,-25.02775],[20.36184,-25.02623],[20.35661,-25.02441],[20.35377,-25.01835],[20.35117,-25.0141],[20.3495,-25.00983],[20.34252,-25.00822],[20.33567,-25.00797],[20.32817,-25.00549],[20.32677,-24.99885],[20.32266,-24.99145],[20.31744,-24.98671],[20.31141,-24.98452],[20.29651,-24.98062],[20.28608,-24.96957],[20.28807,-24.96014],[20.28715,-24.95515],[20.28428,-24.95142],[20.27582,-24.95039],[20.2722,-24.94694],[20.27068,-24.93862],[20.26571,-24.92852],[20.25912,-24.9236],[20.25426,-24.92313],[20.24826,-24.91822],[20.23817,-24.91501],[20.23271,-24.91386],[20.22247,-24.91988],[20.21653,-24.91583],[20.21368,-24.90782],[20.20774,-24.9],[20.20373,-24.89648],[20.1973,-24.89729],[20.19453,-24.9039],[20.18948,-24.91043],[20.18194,-24.91182],[20.17979,-24.90989],[20.17031,-24.89822],[20.16406,-24.89172],[20.16046,-24.88896],[20.15787,-24.88341],[20.14981,-24.87944],[20.13898,-24.87987],[20.13052,-24.88082],[20.12175,-24.88491],[20.11583,-24.88089],[20.11313,-24.8746],[20.11199,-24.86816],[20.10919,-24.86239],[20.09942,-24.85952],[20.0881,-24.85265],[20.08647,-24.84501],[20.08973,-24.84016],[20.09024,-24.83282],[20.08509,-24.82991],[20.07849,-24.83117],[20.07112,-24.83068],[20.06678,-24.82852],[20.06683,-24.82016],[20.06498,-24.81402],[20.05632,-24.81243],[20.04355,-24.81078],[20.03829,-24.80955],[20.03432,-24.80184],[20.031,-24.79329],[20.02968,-24.78846],[20.00784,-24.77434],[20.00116,-24.76919],[19.99887,-24.76586],[19.99891,-24.78427],[19.99879,-24.836],[19.99887,-24.90998],[19.99894,-24.97769],[19.99893,-25.04842],[19.99891,-25.10355],[19.99911,-25.17255],[19.99941,-25.27606],[19.99968,-25.33447],[20.00007,-25.41879],[20.00019,-25.53156],[19.99932,-25.62419],[19.99939,-25.71337],[19.99946,-25.78033],[19.99914,-25.92252],[19.99894,-25.9988],[19.99912,-26.09567],[19.99906,-26.11511],[19.99942,-26.14263],[19.9994,-26.24408],[19.99945,-26.278],[19.99918,-26.34723],[19.99917,-26.39843],[19.99929,-26.45686],[19.99906,-26.53828],[19.99884,-26.61871],[19.99906,-26.67354],[19.99965,-26.82082],[20.00001,-26.91151],[20.00021,-26.96101],[20.00016,-27.04418],[20.00007,-27.19085],[20.00002,-27.27114],[19.99996,-27.34761],[19.99992,-27.40546],[19.99986,-27.48932],[19.99993,-27.54713],[20.00003,-27.62695],[20.00012,-27.70003],[20.00021,-27.77402],[20.00034,-27.8883],[20.00045,-27.98409],[20.00017,-28.05319],[19.99984,-28.13299],[19.99935,-28.249635],[19.9993,-28.29874],[19.99916,-28.42768],[19.98923,-28.42559],[19.98294,-28.42591],[19.97766,-28.4254],[19.97237,-28.42585],[19.95876,-28.43073],[19.95117,-28.43533],[19.94756,-28.43655],[19.93293,-28.4392],[19.9147,-28.44535],[19.90464,-28.44511],[19.89569,-28.44162],[19.88869,-28.44081],[19.88398,-28.44234],[19.87803,-28.44235],[19.87383,-28.44452],[19.8688,-28.45017],[19.86495,-28.45627],[19.85965,-28.45769],[19.85483,-28.45689],[19.84973,-28.45791],[19.84723,-28.46005],[19.84206,-28.46722],[19.84004,-28.4708],[19.83999,-28.47475],[19.84098,-28.48055],[19.83761,-28.48483],[19.83472,-28.48733],[19.82902,-28.49717],[19.82428,-28.503],[19.82154,-28.50506],[19.81299,-28.50834],[19.80812,-28.5084],[19.79943,-28.50668],[19.79486,-28.50356],[19.78988,-28.50176],[19.78551,-28.50118],[19.78088,-28.50171],[19.77744,-28.50008],[19.77372,-28.4959],[19.76904,-28.49264],[19.76551,-28.49164],[19.7617,-28.48933],[19.75422,-28.48775],[19.7503,-28.48754],[19.74198,-28.48567],[19.73863,-28.48574],[19.73005,-28.48791],[19.72227,-28.49288],[19.71582,-28.4981],[19.71053,-28.5068],[19.70121,-28.51451],[19.69677,-28.51759],[19.69264,-28.51883],[19.68601,-28.51884],[19.68087,-28.52043],[19.67345,-28.52184],[19.67233,-28.52294],[19.67085,-28.52937],[19.66834,-28.53109],[19.66469,-28.53081],[19.66032,-28.52591],[19.65445,-28.524],[19.65004,-28.52178],[19.64476,-28.52008],[19.63933,-28.51629],[19.63318,-28.51264],[19.62698,-28.51111],[19.6219,-28.51101],[19.61425,-28.51306],[19.61048,-28.51632],[19.60644,-28.5184],[19.59719,-28.52071],[19.58938,-28.52526],[19.58632,-28.52892],[19.5818,-28.52971],[19.57781,-28.52877],[19.57218,-28.52622],[19.56761,-28.52671],[19.56305,-28.52948],[19.55905,-28.53293],[19.55738,-28.5353],[19.55377,-28.5371],[19.54848,-28.54084],[19.54603,-28.54396],[19.54563,-28.54851],[19.54771,-28.55334],[19.54743,-28.5559],[19.544,-28.56621],[19.54396,-28.57013],[19.54193,-28.57837],[19.53605,-28.58713],[19.52731,-28.59015],[19.52342,-28.5904],[19.51425,-28.59524],[19.50929,-28.59654],[19.56079,-28.64068],[19.61911,-28.69056],[19.65198,-28.78771],[19.66623,-28.82979],[19.72237,-28.8529],[19.77951,-28.87642],[19.74854,-28.91298],[19.68105,-28.9926],[19.60961,-29.06245],[19.57669,-29.094682],[19.58414,-29.16505],[19.59115,-29.21021],[19.60132,-29.27185],[19.65699,-29.32103],[19.70532,-29.40093],[19.70265,-29.42299],[19.74025,-29.42861],[19.74995,-29.46934],[19.76699,-29.53997],[19.76582,-29.56114],[19.76217,-29.58204],[19.68536,-29.59202],[19.58597,-29.60992],[19.60992,-29.67731],[19.6109,-29.68086],[19.57482,-29.72529],[19.62501,-29.76561],[19.65908,-29.79302],[19.74002,-29.78729],[19.75994,-29.78605],[19.78632,-29.78405],[19.79277,-29.78372],[19.82568,-29.78119],[19.881416,-29.77703],[19.88304,-29.77691],[19.91213,-29.80206],[19.94792,-29.83328],[19.94961,-29.83429],[19.99564,-29.86673],[20.00357,-29.86653],[20.03096,-29.86357],[20.04614,-29.86177],[20.07629,-29.84531],[20.10463,-29.82885],[20.10457,-29.82794],[20.11047,-29.82219],[20.14754,-29.78668],[20.17521,-29.76438],[20.16971,-29.73264],[20.15671,-29.65251],[20.27338,-29.64355],[20.38583,-29.60377],[20.43684,-29.61585],[20.472,-29.65951],[20.49472,-29.68791],[20.51984,-29.71902],[20.59447,-29.63484],[20.62563,-29.62033],[20.66141,-29.64307],[20.64491,-29.71781],[20.63685,-29.75214],[20.6315,-29.8043],[20.62964,-29.82434],[20.62639,-29.86317],[20.67086,-29.92697],[20.70814,-29.98563],[20.72612,-29.99113],[20.75481,-29.98265],[20.8237,-29.9521],[20.80375,-29.9423],[20.80443,-29.94058],[20.83203,-29.88386],[20.8316,-29.88283],[20.85758,-29.85856],[20.89856,-29.85032],[20.96152,-29.79623],[20.98838,-29.77967],[21.03712,-29.74878],[21.11361,-29.69728],[21.15299,-29.66878],[21.17543,-29.65265],[21.1954,-29.63725],[21.23028,-29.65479],[21.2756,-29.68716],[21.27204,-29.73628],[21.21548,-29.80184],[21.15413,-29.87262],[21.188,-29.89452],[21.20702,-29.90657],[21.24489,-29.93094],[21.30526,-29.98041],[21.24298,-30.03909],[21.25009,-30.03805],[21.29017,-30.03128],[21.31922,-30.02624],[21.37134,-30.01746],[21.40832,-29.99644],[21.42567,-29.98638],[21.45945,-30.00523],[21.48269,-30.01803],[21.50741,-30.0313],[21.57528,-30.04441],[21.59218,-30.01156],[21.61342,-30.01299],[21.64355,-30.00658],[21.69475,-29.99544],[21.71451,-30.00015],[21.80165,-30.02055],[21.83267,-30.02787],[21.86335,-30.01412],[21.89937,-29.99821],[21.91456,-29.99111],[21.91628,-29.9937],[21.938355,-30.02428],[21.99953,-30.00963],[22.01421,-30.00578],[22.01241,-30.00025],[21.9996,-29.96679],[21.99436,-29.95381],[21.9995,-29.93654],[22.01035,-29.90244],[21.99628,-29.89879],[21.92824,-29.8801],[21.90543,-29.87277],[21.86066,-29.85803],[21.81142,-29.84196],[21.80107,-29.83441],[21.77812,-29.8172],[21.74955,-29.79603],[21.74135,-29.78957],[21.72161,-29.77482],[21.73476,-29.75044],[21.73707,-29.74532],[21.749,-29.72224],[21.76086,-29.7008],[21.7676,-29.68744],[21.77892,-29.66596],[21.80126,-29.64733],[21.82997,-29.62319],[21.79651,-29.5739],[21.78493,-29.55661],[21.79672,-29.54568],[21.81709,-29.52649],[21.84153,-29.50374],[21.86209,-29.48433],[21.88466,-29.46345],[21.89982,-29.44913],[21.8825,-29.43227],[21.86863,-29.41841],[21.84567,-29.39589],[21.87317,-29.37804],[21.91098,-29.35385],[21.92433,-29.33888],[21.96622,-29.29222],[21.97931,-29.27776],[21.96027,-29.25053],[21.95529,-29.24406],[21.94161,-29.22444],[21.89905,-29.16487],[21.883154,-29.146889],[21.838108,-29.097364],[21.893697,-29.059691],[21.894203,-29.059627],[21.91812,-29.04322],[21.95862,-29.01571],[21.96579,-29.00068],[21.96795,-28.9953],[21.97625,-28.97739],[21.99096,-28.94607],[22.07385,-28.94998],[22.08631,-28.95062],[22.1101,-28.99881],[22.117,-29.01205],[22.18125,-29.06241],[22.204653,-29.109103],[22.217939,-29.09879],[22.21254,-29.09071],[22.20686,-29.08604],[22.20418,-29.08184],[22.20427,-29.07661],[22.20667,-29.07278],[22.21092,-29.06121],[22.21188,-29.05727],[22.21207,-29.0499],[22.20803,-29.04542],[22.19948,-29.04096],[22.19637,-29.03669],[22.19273,-29.02982],[22.18605,-29.02668],[22.18373,-29.02654],[22.17601,-29.02162],[22.16955,-29.01849],[22.16695,-29.01569],[22.16513,-29.00995],[22.16138,-29.00231],[22.16205,-28.99771],[22.16754,-28.99283],[22.1723,-28.98968],[22.17745,-28.98544],[22.17938,-28.98296],[22.18027,-28.97864],[22.17998,-28.97465],[22.17792,-28.97019],[22.17439,-28.96604],[22.16762,-28.96077],[22.16021,-28.95221],[22.15736,-28.94739],[22.15467,-28.94075],[22.15017,-28.93172],[22.14744,-28.924],[22.14256,-28.91455],[22.13943,-28.91103],[22.12957,-28.90542],[22.12224,-28.90353],[22.11076,-28.89818],[22.10867,-28.89687],[22.09713,-28.88708],[22.09212,-28.87984],[22.08893,-28.87601],[22.08742,-28.87282],[22.08657,-28.86555],[22.08354,-28.85973],[22.08309,-28.85085],[22.0805,-28.84605],[22.07532,-28.84291],[22.07081,-28.84185],[22.06196,-28.84267],[22.05413,-28.84596],[22.04924,-28.85151],[22.04615,-28.84717],[22.04187,-28.83991],[22.09675,-28.78824],[22.11085,-28.77511],[22.12333,-28.7632],[22.1174,-28.74999],[22.09886,-28.70975],[22.09853,-28.70949],[22.06883,-28.70298],[22.04595,-28.68165],[22.02601,-28.6587],[22.00914,-28.63622],[21.99974,-28.62057],[21.99223,-28.60873],[21.97939,-28.5939],[21.97096,-28.58389],[21.95285,-28.54652],[21.9435,-28.53751],[21.93862,-28.53233],[21.92663,-28.52052],[21.92151,-28.50042],[21.91431,-28.47301],[21.90531,-28.44171],[21.90071,-28.42521],[21.87887,-28.41059],[21.84625,-28.38849],[21.83761,-28.38274],[21.81682,-28.34794],[21.79696,-28.34366],[21.77418,-28.353029],[21.75045,-28.30854],[21.74647,-28.30083],[21.714661,-28.292259],[21.68956,-28.275181],[21.74794,-28.236259],[21.681259,-28.2096],[21.7365,-28.156601],[21.755699,-28.14163],[21.788521,-28.103939],[21.808981,-28.08005],[21.82037,-28.051559],[21.826059,-28.03886],[21.83289,-28.010639],[21.78854,-27.968241],[21.88842,-27.88673],[21.921583,-27.859956],[21.987247,-27.806892],[21.98703,-27.76103],[21.999701,-27.76104],[22.006195,-27.76042],[21.999724,-27.745253],[21.976775,-27.692654],[21.943734,-27.616819],[21.916321,-27.55381],[21.999411,-27.524799],[21.999571,-27.38196],[21.999548,-27.307036],[21.999519,-27.21419],[21.99949,-27.11025],[21.99946,-27.02479],[21.98524,-27.01821],[21.95163,-26.94881],[21.91714,-26.95869],[21.90754,-26.93228],[21.87235,-26.86015],[21.83104,-26.79778],[21.81028,-26.77419],[21.79424,-26.77088],[21.79287,-26.76963]]]},"properties":{"code":"054"}},{"type":"Feature","geometry":{"type":"Polygon","coordinates":[[[29.75868,-27.44257],[29.75284,-27.43904],[29.74962,-27.43605],[29.74685,-27.43531],[29.74521,-27.43287],[29.73324,-27.43096],[29.73109,-27.43184],[29.72747,-27.43152],[29.72117,-27.4329],[29.72037,-27.43648],[29.71722,-27.44033],[29.70365,-27.44645],[29.69929,-27.45034],[29.69951,-27.45952],[29.70212,-27.46365],[29.70193,-27.46768],[29.69949,-27.47019],[29.69773,-27.47541],[29.69923,-27.47776],[29.70465,-27.4812],[29.706,-27.48342],[29.70494,-27.48533],[29.70642,-27.48804],[29.70427,-27.4894],[29.70118,-27.4941],[29.6991,-27.4947],[29.69355,-27.49225],[29.6876,-27.49386],[29.6859,-27.49761],[29.6814,-27.5001],[29.67963,-27.49693],[29.67436,-27.49799],[29.67102,-27.49651],[29.66686,-27.4959],[29.66412,-27.4968],[29.65963,-27.49576],[29.65475,-27.4964],[29.65053,-27.49975],[29.65059,-27.5029],[29.64941,-27.50423],[29.64477,-27.50367],[29.63953,-27.5047],[29.63423,-27.50429],[29.63057,-27.50245],[29.6271,-27.50379],[29.62535,-27.50578],[29.61891,-27.50602],[29.61557,-27.50286],[29.61478,-27.50097],[29.60932,-27.49644],[29.60684,-27.49659],[29.60398,-27.4942],[29.60514,-27.49159],[29.60379,-27.48881],[29.60488,-27.48541],[29.60239,-27.48278],[29.60283,-27.47941],[29.60096,-27.47684],[29.60295,-27.47413],[29.60071,-27.47006],[29.59793,-27.4701],[29.59615,-27.46835],[29.58966,-27.46634],[29.58896,-27.46325],[29.5843,-27.46416],[29.58257,-27.46033],[29.57688,-27.45669],[29.57731,-27.45188],[29.57183,-27.4469],[29.57115,-27.44456],[29.56753,-27.44128],[29.56378,-27.44265],[29.56129,-27.44133],[29.56054,-27.43931],[29.5608,-27.43419],[29.55994,-27.43218],[29.55615,-27.43096],[29.55473,-27.43186],[29.54646,-27.43112],[29.54631,-27.42922],[29.55009,-27.42437],[29.54263,-27.42024],[29.54402,-27.41763],[29.54714,-27.41432],[29.55176,-27.41393],[29.55199,-27.4126],[29.54909,-27.40884],[29.54891,-27.40418],[29.54966,-27.40178],[29.55177,-27.39985],[29.5502,-27.39783],[29.54392,-27.3992],[29.54157,-27.39148],[29.53712,-27.38698],[29.53061,-27.39086],[29.52807,-27.39436],[29.52687,-27.39378],[29.52571,-27.38626],[29.52938,-27.38651],[29.53044,-27.38277],[29.52715,-27.37828],[29.52392,-27.37718],[29.51919,-27.37731],[29.51848,-27.37924],[29.52131,-27.38117],[29.52209,-27.38344],[29.5192,-27.38426],[29.51673,-27.383],[29.50943,-27.37731],[29.50869,-27.37565],[29.50948,-27.36922],[29.51176,-27.36683],[29.5054,-27.36522],[29.50303,-27.36137],[29.5022,-27.35813],[29.49844,-27.35893],[29.49596,-27.36104],[29.49125,-27.36099],[29.48629,-27.36279],[29.48232,-27.35893],[29.4843,-27.35433],[29.48713,-27.35063],[29.48517,-27.34832],[29.48577,-27.34646],[29.48893,-27.34605],[29.4899,-27.34432],[29.4901,-27.33687],[29.4878,-27.33755],[29.4869,-27.34049],[29.48476,-27.34061],[29.48376,-27.33768],[29.48524,-27.33458],[29.48632,-27.32731],[29.48258,-27.32937],[29.48263,-27.33223],[29.47968,-27.33241],[29.47385,-27.32842],[29.46899,-27.3242],[29.47034,-27.32122],[29.46762,-27.31561],[29.4702,-27.31121],[29.47223,-27.30951],[29.4702,-27.30579],[29.46981,-27.29944],[29.46677,-27.29864],[29.46558,-27.29651],[29.46537,-27.29241],[29.46338,-27.29023],[29.46295,-27.28714],[29.45649,-27.28421],[29.45622,-27.28154],[29.4532,-27.27676],[29.44642,-27.27191],[29.44343,-27.26693],[29.43946,-27.26765],[29.43894,-27.26451],[29.4368,-27.26137],[29.4352,-27.2627],[29.43174,-27.26188],[29.42818,-27.25387],[29.42465,-27.25499],[29.42364,-27.25743],[29.41886,-27.25452],[29.4151,-27.25048],[29.41069,-27.25234],[29.40836,-27.25145],[29.4041,-27.2522],[29.40146,-27.24956],[29.39975,-27.24434],[29.4003,-27.24304],[29.3913,-27.24269],[29.38693,-27.24402],[29.38923,-27.24556],[29.39005,-27.24857],[29.38375,-27.24897],[29.38175,-27.24737],[29.37787,-27.24865],[29.37603,-27.25051],[29.37287,-27.25025],[29.36815,-27.25127],[29.36368,-27.24774],[29.36053,-27.24731],[29.35893,-27.24881],[29.35174,-27.24871],[29.34817,-27.24932],[29.34327,-27.24837],[29.34063,-27.25023],[29.33958,-27.25273],[29.34074,-27.26106],[29.33834,-27.26451],[29.33405,-27.26428],[29.33073,-27.26294],[29.3283,-27.25995],[29.32869,-27.25717],[29.32625,-27.25514],[29.32533,-27.25239],[29.3286,-27.24613],[29.33236,-27.24443],[29.3328,-27.24206],[29.33505,-27.24005],[29.33441,-27.23642],[29.3364,-27.23508],[29.33596,-27.23189],[29.33214,-27.23047],[29.33572,-27.22587],[29.3334,-27.2243],[29.33556,-27.22186],[29.3371,-27.21832],[29.33626,-27.21486],[29.33311,-27.21844],[29.33164,-27.21659],[29.33352,-27.21363],[29.33113,-27.21304],[29.33147,-27.2101],[29.33317,-27.20841],[29.32846,-27.20599],[29.32592,-27.2083],[29.31997,-27.20941],[29.31775,-27.21044],[29.31402,-27.20981],[29.31192,-27.21361],[29.30862,-27.21612],[29.3046,-27.2151],[29.30054,-27.21194],[29.30186,-27.20974],[29.29881,-27.20919],[29.29587,-27.20341],[29.29575,-27.20104],[29.29223,-27.20013],[29.28866,-27.19653],[29.28828,-27.19347],[29.28523,-27.19003],[29.28408,-27.19071],[29.28368,-27.19615],[29.28159,-27.19479],[29.27668,-27.19433],[29.27193,-27.19163],[29.26894,-27.18906],[29.26658,-27.19141],[29.26578,-27.18675],[29.26325,-27.18738],[29.25912,-27.18212],[29.2577,-27.18674],[29.25803,-27.18905],[29.25652,-27.1943],[29.25423,-27.19477],[29.25368,-27.18959],[29.25123,-27.18965],[29.24794,-27.192],[29.24445,-27.18636],[29.24001,-27.18717],[29.24125,-27.18226],[29.23607,-27.18363],[29.23447,-27.18257],[29.23649,-27.17759],[29.23504,-27.17185],[29.23174,-27.16794],[29.22981,-27.16723],[29.23077,-27.16077],[29.22825,-27.16123],[29.22698,-27.15486],[29.2291,-27.15208],[29.22724,-27.15019],[29.22789,-27.1473],[29.22387,-27.1447],[29.21866,-27.1471],[29.21376,-27.14694],[29.20971,-27.14238],[29.20759,-27.14242],[29.20424,-27.14487],[29.19792,-27.14062],[29.19272,-27.13959],[29.18965,-27.14123],[29.19039,-27.14306],[29.18305,-27.14543],[29.17955,-27.14423],[29.17723,-27.14651],[29.17093,-27.14162],[29.16855,-27.14141],[29.16142,-27.14343],[29.15879,-27.14607],[29.15688,-27.1451],[29.15333,-27.1455],[29.15213,-27.1472],[29.15102,-27.1519],[29.14812,-27.14919],[29.14668,-27.1522],[29.14167,-27.15381],[29.13852,-27.15208],[29.13637,-27.15422],[29.13795,-27.15841],[29.13597,-27.16202],[29.12958,-27.16282],[29.13038,-27.1662],[29.12957,-27.16836],[29.1265,-27.1671],[29.12406,-27.1674],[29.12101,-27.17157],[29.11714,-27.17253],[29.1147,-27.16885],[29.11375,-27.16373],[29.11406,-27.15872],[29.11277,-27.15625],[29.11216,-27.15185],[29.1134,-27.14995],[29.11087,-27.14797],[29.10745,-27.14189],[29.10135,-27.13724],[29.10228,-27.13396],[29.10494,-27.13439],[29.10351,-27.12983],[29.09865,-27.12612],[29.09703,-27.12273],[29.09272,-27.12213],[29.08601,-27.11526],[29.0883,-27.11341],[29.08581,-27.11046],[29.08647,-27.10713],[29.08291,-27.10467],[29.08224,-27.10199],[29.08005,-27.09998],[29.07785,-27.09521],[29.07773,-27.09258],[29.07488,-27.09193],[29.072,-27.08805],[29.07183,-27.08573],[29.06733,-27.0855],[29.06512,-27.08378],[29.06296,-27.08522],[29.05626,-27.08224],[29.05542,-27.07923],[29.06059,-27.07898],[29.06213,-27.07554],[29.06103,-27.07175],[29.06522,-27.0653],[29.06739,-27.06474],[29.06843,-27.06763],[29.07007,-27.06776],[29.07423,-27.06318],[29.07108,-27.06071],[29.07211,-27.05698],[29.06423,-27.05201],[29.06164,-27.04833],[29.06145,-27.04626],[29.06426,-27.04469],[29.06486,-27.04283],[29.05421,-27.03499],[29.05346,-27.0304],[29.05606,-27.0264],[29.05966,-27.01796],[29.0596,-27.01514],[29.05723,-27.0093],[29.05045,-27.00571],[29.04446,-27.00395],[29.03965,-27.00432],[29.03838,-27.00551],[29.03978,-27.01637],[29.03884,-27.02213],[29.03524,-27.02729],[29.03124,-27.02896],[29.02941,-27.02526],[29.02627,-27.02124],[29.02791,-27.01924],[29.02702,-27.01643],[29.02268,-27.01528],[29.015141,-27.009958],[29.001684,-27.050587],[28.996519,-27.07966],[29.003389,-27.10931],[29.005529,-27.109699],[28.997959,-27.146601],[29.005649,-27.166901],[29.002399,-27.16703],[29.004049,-27.180241],[28.99728,-27.18228],[28.978741,-27.20631],[28.982,-27.21549],[28.994249,-27.217649],[28.98192,-27.235746],[29.00629,-27.248791],[29.003019,-27.2533],[29.002689,-27.261061],[28.97945,-27.25605],[28.97884,-27.25411],[28.96739,-27.257311],[28.9643,-27.26194],[28.96703,-27.28001],[28.956961,-27.284679],[28.953869,-27.284807],[28.937363,-27.287685],[28.916882,-27.345795],[28.923587,-27.379842],[28.927361,-27.402475],[28.925165,-27.407948],[28.922813,-27.419922],[28.912846,-27.41313],[28.900141,-27.407419],[28.891167,-27.407541],[28.880751,-27.443501],[28.867661,-27.43482],[28.864372,-27.446814],[28.830236,-27.452314],[28.835623,-27.47991],[28.817272,-27.465458],[28.785536,-27.462494],[28.771614,-27.483759],[28.771929,-27.502626],[28.772655,-27.503645],[28.77392,-27.53146],[28.77104,-27.53366],[28.75384,-27.53289],[28.74562,-27.5337],[28.74351,-27.54031],[28.74093,-27.54174],[28.73776,-27.54523],[28.73735,-27.54834],[28.74086,-27.54956],[28.74319,-27.55371],[28.74368,-27.5618],[28.74554,-27.56349],[28.74361,-27.57263],[28.74364,-27.57685],[28.74131,-27.58307],[28.74285,-27.58566],[28.73596,-27.59334],[28.73646,-27.59585],[28.7397,-27.59815],[28.74292,-27.599049],[28.67497,-27.59048],[28.67562,-27.58092],[28.625509,-27.611429],[28.61974,-27.60603],[28.61719,-27.60753],[28.60279,-27.60254],[28.62009,-27.58961],[28.59755,-27.56244],[28.59149,-27.57209],[28.57754,-27.564539],[28.56696,-27.53754],[28.5558,-27.54335],[28.54972,-27.55515],[28.55171,-27.57952],[28.5411,-27.58151],[28.52662,-27.58539],[28.52452,-27.5826],[28.51115,-27.59689],[28.48557,-27.57216],[28.48566,-27.57164],[28.46713,-27.56275],[28.46674,-27.56031],[28.46997,-27.55745],[28.46773,-27.54095],[28.474754,-27.532773],[28.45434,-27.51832],[28.4474,-27.51316],[28.427,-27.5064],[28.41265,-27.51039],[28.39959,-27.52342],[28.39221,-27.5238],[28.38512,-27.52097],[28.38299,-27.51805],[28.37456,-27.51534],[28.36435,-27.52938],[28.35121,-27.52954],[28.346934,-27.536453],[28.33226,-27.54277],[28.31909,-27.549],[28.30731,-27.55411],[28.29443,-27.542685],[28.29416,-27.549229],[28.28474,-27.55624],[28.28418,-27.56695],[28.25804,-27.57218],[28.25628,-27.54131],[28.25413,-27.52654],[28.25113,-27.50861],[28.25089,-27.49779],[28.22819,-27.49009],[28.22741,-27.49779],[28.2225,-27.49736],[28.21619,-27.49028],[28.21023,-27.49819],[28.20744,-27.49694],[28.19463,-27.49538],[28.18869,-27.48178],[28.17397,-27.49288],[28.16566,-27.49945],[28.15504,-27.49889],[28.13775,-27.52075],[28.13165,-27.52042],[28.104837,-27.533283],[28.06145,-27.57524],[28.05687,-27.56422],[28.007782,-27.563804],[28.01428,-27.58251],[28.01273,-27.58324],[28.00582,-27.58117],[27.99939,-27.59324],[27.99461,-27.59802],[27.9869,-27.60423],[27.98556,-27.60973],[27.98253,-27.61207],[27.99121,-27.62195],[27.9886,-27.63221],[27.96602,-27.63507],[27.94902,-27.63783],[27.94811,-27.63551],[27.91977,-27.64261],[27.90473,-27.64111],[27.88192,-27.6385],[27.88282,-27.65695],[27.86227,-27.66328],[27.85027,-27.67005],[27.8426,-27.66932],[27.83809,-27.672622],[27.84028,-27.70613],[27.84147,-27.72054],[27.86284,-27.78952],[27.86336,-27.82257],[27.86364,-27.82571],[27.8639,-27.84793],[27.86551,-27.8724],[27.86699,-27.8904],[27.86898,-27.90702],[27.8726,-27.93378],[27.82298,-27.93369],[27.8112,-27.95025],[27.80476,-27.94608],[27.80174,-27.94477],[27.8,-27.94148],[27.80092,-27.94031],[27.79788,-27.93682],[27.79673,-27.93382],[27.79364,-27.93241],[27.79055,-27.93235],[27.78917,-27.92559],[27.79164,-27.91878],[27.78737,-27.91589],[27.78624,-27.91319],[27.78048,-27.91191],[27.77831,-27.91037],[27.77243,-27.91147],[27.7663,-27.91495],[27.76507,-27.91364],[27.7643,-27.90839],[27.76078,-27.90722],[27.75847,-27.90483],[27.75528,-27.9084],[27.75428,-27.91129],[27.75413,-27.91833],[27.75084,-27.91991],[27.73772,-27.92817],[27.72726,-27.9591],[27.71806,-27.95621],[27.70474,-27.98361],[27.71934,-27.98289],[27.7187,-27.98483],[27.6954,-28.00262],[27.69834,-28.01538],[27.70346,-28.04039],[27.73722,-28.02925],[27.74208,-28.04088],[27.75994,-28.06191],[27.81814,-28.06367],[27.809,-28.0664],[27.80739,-28.06788],[27.7993,-28.08231],[27.79762,-28.09403],[27.78581,-28.09366],[27.77427,-28.09572],[27.76618,-28.09884],[27.77099,-28.12499],[27.75962,-28.12765],[27.75918,-28.12981],[27.7621,-28.15085],[27.77089,-28.15043],[27.77433,-28.15237],[27.80058,-28.15684],[27.79653,-28.1992],[27.80903,-28.20358],[27.80439,-28.21417],[27.7921,-28.21647],[27.79017,-28.21591],[27.78315,-28.22125],[27.7811,-28.22366],[27.78319,-28.2258],[27.78261,-28.22785],[27.78564,-28.23149],[27.78569,-28.23545],[27.78456,-28.24016],[27.78765,-28.24152],[27.78656,-28.24448],[27.78706,-28.24755],[27.78866,-28.247981],[27.7888,-28.25119],[27.79002,-28.25377],[27.79539,-28.25906],[27.83058,-28.28312],[27.82723,-28.32343],[27.86576,-28.31448],[27.86299,-28.31906],[27.86543,-28.33076],[27.85437,-28.33584],[27.84389,-28.34584],[27.86051,-28.36119],[27.83603,-28.41457],[27.82877,-28.41519],[27.81718,-28.43959],[27.80852,-28.45824],[27.84604,-28.47622],[27.83988,-28.50893],[27.83674,-28.52435],[27.833886,-28.550837],[27.84507,-28.5565],[27.865845,-28.56336],[27.86759,-28.56661],[27.87289,-28.57032],[27.87738,-28.56459],[27.90135,-28.55585],[27.91136,-28.56449],[27.93003,-28.55792],[27.93158,-28.57586],[27.95302,-28.58046],[27.95932,-28.57699],[27.96154,-28.57792],[27.96224,-28.58058],[27.96414,-28.58266],[27.96893,-28.58197],[27.97318,-28.5798],[27.97507,-28.57624],[27.97842,-28.57648],[27.97688,-28.58123],[27.97209,-28.58607],[27.97095,-28.58888],[27.97408,-28.58888],[27.98087,-28.59532],[27.98811,-28.59759],[27.98922,-28.59917],[27.99234,-28.59849],[27.99537,-28.60174],[28.0016,-28.60662],[28.00846,-28.60514],[28.01356,-28.59777],[28.014664,-28.597501],[28.02162,-28.59958],[28.02985,-28.60369],[28.02948,-28.60822],[28.03178,-28.61205],[28.02992,-28.61643],[28.03381,-28.61995],[28.0373,-28.62175],[28.04,-28.62486],[28.04069,-28.63199],[28.0418,-28.63373],[28.04026,-28.63943],[28.04189,-28.64383],[28.04519,-28.64824],[28.04615,-28.6506],[28.04651,-28.65698],[28.04501,-28.66025],[28.04125,-28.66236],[28.04096,-28.66364],[28.0367,-28.66634],[28.03389,-28.66896],[28.03442,-28.67115],[28.03796,-28.67612],[28.04273,-28.67699],[28.04493,-28.68112],[28.04808,-28.68451],[28.05376,-28.68951],[28.05234,-28.69479],[28.05278,-28.69779],[28.05455,-28.69972],[28.05686,-28.70472],[28.05578,-28.70989],[28.05838,-28.71277],[28.05624,-28.71764],[28.05985,-28.72501],[28.0901,-28.74476],[28.09792,-28.7495],[28.10166,-28.76715],[28.10272,-28.76589],[28.10792,-28.76527],[28.11445,-28.75749],[28.11884,-28.75826],[28.1202,-28.75699],[28.12017,-28.75244],[28.11932,-28.74998],[28.12006,-28.74554],[28.11908,-28.74159],[28.12236,-28.74071],[28.12468,-28.7449],[28.12795,-28.74673],[28.1315,-28.7443],[28.13003,-28.74113],[28.133,-28.73874],[28.13503,-28.73883],[28.13796,-28.73467],[28.14247,-28.73824],[28.14246,-28.7327],[28.14348,-28.72908],[28.14671,-28.72761],[28.14896,-28.72361],[28.15173,-28.7235],[28.15169,-28.72658],[28.15442,-28.72856],[28.15496,-28.73103],[28.15769,-28.7308],[28.15577,-28.72672],[28.16026,-28.7252],[28.16071,-28.7225],[28.15948,-28.72081],[28.16237,-28.7179],[28.16,-28.71608],[28.16065,-28.71444],[28.16601,-28.71286],[28.16809,-28.70903],[28.16673,-28.70586],[28.16851,-28.70526],[28.17531,-28.70824],[28.17885,-28.70886],[28.18406,-28.70815],[28.18341,-28.70419],[28.18168,-28.70036],[28.18612,-28.695],[28.19041,-28.69719],[28.18991,-28.69903],[28.19132,-28.70259],[28.1903,-28.7039],[28.1913,-28.70678],[28.19541,-28.71075],[28.20137,-28.70909],[28.20602,-28.70854],[28.21227,-28.70614],[28.21383,-28.70241],[28.2182,-28.70206],[28.21985,-28.70419],[28.22342,-28.70425],[28.22918,-28.70214],[28.22957,-28.69829],[28.23177,-28.69579],[28.23459,-28.69525],[28.24138,-28.69674],[28.24272,-28.70219],[28.24851,-28.70257],[28.24927,-28.70086],[28.25302,-28.7016],[28.2568,-28.70024],[28.2588,-28.70353],[28.25801,-28.70566],[28.2602,-28.70902],[28.26655,-28.70804],[28.26829,-28.70608],[28.27542,-28.71238],[28.27736,-28.71249],[28.28073,-28.71481],[28.28588,-28.71325],[28.28639,-28.71092],[28.29066,-28.711],[28.29187,-28.70784],[28.2952,-28.70736],[28.29435,-28.70511],[28.2978,-28.70456],[28.29813,-28.70787],[28.30191,-28.7049],[28.30009,-28.70364],[28.30325,-28.7004],[28.3035,-28.69698],[28.30493,-28.69238],[28.31028,-28.69688],[28.31052,-28.70055],[28.31704,-28.70105],[28.32063,-28.70378],[28.32435,-28.70407],[28.32836,-28.70574],[28.32657,-28.69993],[28.33162,-28.69902],[28.33252,-28.69627],[28.33526,-28.69849],[28.33768,-28.69633],[28.34251,-28.69391],[28.34399,-28.69498],[28.34364,-28.69858],[28.34512,-28.69946],[28.34941,-28.69906],[28.34994,-28.70144],[28.35282,-28.70025],[28.35663,-28.69338],[28.35992,-28.69231],[28.36162,-28.68854],[28.36627,-28.68647],[28.36831,-28.68411],[28.37153,-28.68425],[28.37297,-28.6796],[28.36881,-28.6752],[28.37036,-28.67414],[28.37027,-28.67041],[28.36845,-28.6673],[28.37572,-28.66057],[28.3796,-28.65934],[28.38155,-28.65725],[28.38437,-28.65693],[28.38749,-28.65169],[28.38722,-28.64938],[28.38994,-28.64822],[28.39063,-28.64415],[28.39301,-28.6439],[28.39546,-28.64539],[28.3987,-28.64397],[28.40199,-28.64462],[28.40349,-28.64155],[28.40322,-28.63873],[28.40424,-28.63588],[28.40095,-28.63213],[28.40295,-28.62761],[28.40187,-28.6243],[28.40405,-28.62429],[28.40806,-28.62214],[28.41026,-28.62223],[28.41128,-28.62592],[28.41324,-28.62742],[28.41744,-28.62635],[28.41949,-28.62771],[28.42142,-28.62554],[28.42681,-28.62433],[28.42843,-28.62107],[28.43125,-28.61988],[28.43673,-28.62037],[28.44048,-28.61834],[28.44737,-28.61945],[28.44932,-28.6165],[28.45363,-28.61929],[28.45625,-28.61632],[28.45647,-28.61176],[28.45961,-28.61273],[28.4628,-28.60892],[28.46795,-28.60986],[28.47025,-28.60936],[28.47209,-28.60537],[28.47675,-28.60627],[28.47838,-28.60928],[28.48086,-28.60716],[28.48613,-28.61248],[28.48791,-28.61133],[28.48962,-28.60615],[28.49432,-28.6079],[28.49677,-28.60604],[28.50137,-28.61173],[28.50274,-28.61548],[28.50601,-28.61527],[28.50918,-28.61216],[28.51418,-28.61118],[28.51622,-28.60884],[28.51962,-28.60921],[28.52045,-28.60718],[28.51745,-28.60654],[28.5186,-28.60267],[28.52188,-28.6033],[28.5241,-28.60116],[28.52854,-28.6063],[28.52821,-28.60905],[28.53174,-28.61009],[28.5318,-28.60721],[28.5367,-28.606],[28.54059,-28.60255],[28.54329,-28.607],[28.54593,-28.60696],[28.54768,-28.60937],[28.54962,-28.60904],[28.55225,-28.6056],[28.55611,-28.60247],[28.55826,-28.60405],[28.56339,-28.60479],[28.56842,-28.60829],[28.57347,-28.60752],[28.57666,-28.60811],[28.57835,-28.60378],[28.58057,-28.60453],[28.58393,-28.60395],[28.58707,-28.60508],[28.58942,-28.60804],[28.59327,-28.60564],[28.59393,-28.60239],[28.59713,-28.60106],[28.59858,-28.60217],[28.60401,-28.60065],[28.60386,-28.59853],[28.60818,-28.59538],[28.61217,-28.59741],[28.61351,-28.59386],[28.61685,-28.59074],[28.61942,-28.58651],[28.62024,-28.58303],[28.62316,-28.58001],[28.63148,-28.58251],[28.63258,-28.57891],[28.63509,-28.5788],[28.63664,-28.57559],[28.63863,-28.57642],[28.64149,-28.57497],[28.64474,-28.57527],[28.64814,-28.57139],[28.65022,-28.57128],[28.65191,-28.5733],[28.65789,-28.57546],[28.66078,-28.57784],[28.66395,-28.57707],[28.66925,-28.58087],[28.6703,-28.58301],[28.67323,-28.58543],[28.68236,-28.59041],[28.68258,-28.59387],[28.68588,-28.5991],[28.69205,-28.60397],[28.6943,-28.60769],[28.69706,-28.60855],[28.69895,-28.61342],[28.70118,-28.61525],[28.7031,-28.6194],[28.70087,-28.62127],[28.69769,-28.6262],[28.69812,-28.63098],[28.70093,-28.63623],[28.69688,-28.63781],[28.69609,-28.64257],[28.69767,-28.64489],[28.70554,-28.65072],[28.70624,-28.6533],[28.70471,-28.65631],[28.70541,-28.65925],[28.70728,-28.66094],[28.70805,-28.66407],[28.70461,-28.67131],[28.70826,-28.67389],[28.71393,-28.67555],[28.71915,-28.67952],[28.72421,-28.68163],[28.72649,-28.68435],[28.7267,-28.68768],[28.73018,-28.68884],[28.73452,-28.68643],[28.73757,-28.68737],[28.74338,-28.68772],[28.74724,-28.68609],[28.75477,-28.68537],[28.75879,-28.68614],[28.76582,-28.69007],[28.77783,-28.70081],[28.78466,-28.70116],[28.79125,-28.69862],[28.79496,-28.69975],[28.79878,-28.70693],[28.80619,-28.70988],[28.80785,-28.71845],[28.81146,-28.71999],[28.80787,-28.72547],[28.80332,-28.73004],[28.80109,-28.73828],[28.80094,-28.74537],[28.80388,-28.74687],[28.80467,-28.75474],[28.80391,-28.75924],[28.80721,-28.76353],[28.80778,-28.77087],[28.81238,-28.7741],[28.81826,-28.77558],[28.82334,-28.7716],[28.82346,-28.76844],[28.82634,-28.76584],[28.82903,-28.76582],[28.8307,-28.76319],[28.83491,-28.76134],[28.84037,-28.76028],[28.8422,-28.75865],[28.84663,-28.75994],[28.85236,-28.75956],[28.85819,-28.75607],[28.86353,-28.75889],[28.86821,-28.76027],[28.87046,-28.76354],[28.87106,-28.76684],[28.873627,-28.770712],[28.87576,-28.76465],[28.88301,-28.74866],[28.89134,-28.74649],[28.89355,-28.73859],[28.89681,-28.71906],[28.89999,-28.70323],[28.89737,-28.69618],[28.89623,-28.69474],[28.8972,-28.69087],[28.89906,-28.68735],[28.9034,-28.68715],[28.90889,-28.68142],[28.91066,-28.67757],[28.91481,-28.67176],[28.922,-28.66369],[28.92604,-28.66381],[28.92837,-28.66007],[28.93464,-28.65695],[28.9357,-28.65383],[28.94277,-28.6509],[28.94277,-28.64565],[28.94465,-28.63871],[28.94353,-28.63467],[28.94089,-28.63139],[28.9443,-28.6226],[28.94664,-28.62084],[28.94857,-28.61329],[28.95594,-28.60752],[28.96596,-28.60531],[28.96128,-28.59717],[28.973991,-28.57456],[29.09632,-28.54509],[29.135,-28.5663],[29.16152,-28.54212],[29.17098,-28.53003],[29.17871,-28.54271],[29.19641,-28.54504],[29.21625,-28.51905],[29.1915,-28.49378],[29.229012,-28.456286],[29.24875,-28.4249],[29.26151,-28.4337],[29.26854,-28.43185],[29.2901,-28.43789],[29.32263,-28.42396],[29.32287,-28.42103],[29.32011,-28.40679],[29.32861,-28.40386],[29.33876,-28.39879],[29.357451,-28.387969],[29.37341,-28.3719],[29.37556,-28.37211],[29.41431,-28.37591],[29.4277,-28.33931],[29.43806,-28.33214],[29.43758,-28.32113],[29.45875,-28.31043],[29.47926,-28.29073],[29.48293,-28.2722],[29.50992,-28.26544],[29.55059,-28.2472],[29.55868,-28.25834],[29.619765,-28.24122],[29.62442,-28.22495],[29.60956,-28.21503],[29.62634,-28.18574],[29.66285,-28.17725],[29.663281,-28.142023],[29.65413,-28.13833],[29.66062,-28.12606],[29.65259,-28.09881],[29.65548,-28.09002],[29.63182,-28.06902],[29.616862,-28.046838],[29.63939,-28.01554],[29.63588,-27.99453],[29.64241,-27.98318],[29.6507,-27.96712],[29.65806,-27.9619],[29.66356,-27.95731],[29.66678,-27.95838],[29.67373,-27.95762],[29.67685,-27.95951],[29.67975,-27.95743],[29.67723,-27.95401],[29.67324,-27.94316],[29.66463,-27.94182],[29.66004,-27.93817],[29.65765,-27.9374],[29.66322,-27.93],[29.657767,-27.924467],[29.6538,-27.92328],[29.65672,-27.91894],[29.66407,-27.92127],[29.67171,-27.91699],[29.67799,-27.90877],[29.68198,-27.90681],[29.68651,-27.90016],[29.69035,-27.89573],[29.68692,-27.89068],[29.68272,-27.88801],[29.68299,-27.88358],[29.68547,-27.88321],[29.68724,-27.87799],[29.68669,-27.8728],[29.68503,-27.86753],[29.68961,-27.86439],[29.6884,-27.86313],[29.6871,-27.85852],[29.69569,-27.85862],[29.69897,-27.85977],[29.7028,-27.85656],[29.70074,-27.85437],[29.6969,-27.84375],[29.69315,-27.83932],[29.69383,-27.83231],[29.69633,-27.82915],[29.69703,-27.82448],[29.70225,-27.82216],[29.70384,-27.81894],[29.7095,-27.81574],[29.7134,-27.81813],[29.71599,-27.81467],[29.72171,-27.81176],[29.72293,-27.81281],[29.72926,-27.81198],[29.73126,-27.80808],[29.728301,-27.801036],[29.724,-27.79678],[29.71783,-27.7968],[29.71085,-27.79562],[29.71152,-27.79266],[29.71748,-27.78755],[29.71269,-27.7805],[29.70901,-27.77991],[29.7078,-27.77524],[29.71082,-27.77165],[29.7058,-27.76719],[29.7035,-27.76671],[29.70304,-27.76145],[29.70835,-27.75715],[29.70673,-27.7547],[29.70655,-27.75186],[29.7047,-27.74685],[29.70601,-27.74366],[29.70759,-27.74266],[29.7091,-27.73894],[29.71034,-27.7302],[29.7086,-27.72618],[29.70997,-27.72225],[29.71232,-27.72087],[29.70864,-27.71651],[29.70954,-27.70981],[29.70899,-27.6985],[29.70515,-27.69913],[29.69966,-27.69798],[29.69387,-27.69526],[29.69028,-27.69069],[29.68536,-27.68624],[29.68541,-27.68138],[29.68176,-27.67808],[29.6779,-27.67709],[29.67012,-27.67013],[29.66981,-27.66719],[29.67427,-27.66005],[29.67152,-27.6531],[29.67117,-27.65054],[29.67407,-27.64752],[29.6768,-27.63969],[29.678,-27.63888],[29.68437,-27.63767],[29.69786,-27.64084],[29.70083,-27.63832],[29.70843,-27.63443],[29.70722,-27.63355],[29.71208,-27.63059],[29.71478,-27.63186],[29.72009,-27.62803],[29.7215,-27.62093],[29.72287,-27.61883],[29.7281,-27.61672],[29.73123,-27.61767],[29.7315,-27.61303],[29.73481,-27.6071],[29.74017,-27.60559],[29.74891,-27.61369],[29.7504,-27.61102],[29.75221,-27.60509],[29.75695,-27.60401],[29.76078,-27.60114],[29.77074,-27.59557],[29.77401,-27.59505],[29.78078,-27.59936],[29.78513,-27.59674],[29.77956,-27.5873],[29.78081,-27.58399],[29.78076,-27.5791],[29.78379,-27.57354],[29.78385,-27.57117],[29.78042,-27.55953],[29.77612,-27.55751],[29.77212,-27.55343],[29.77113,-27.54645],[29.76601,-27.54128],[29.76552,-27.53666],[29.75851,-27.52949],[29.75836,-27.52711],[29.74801,-27.52496],[29.74485,-27.52547],[29.74342,-27.5231],[29.74044,-27.52227],[29.736,-27.51957],[29.72456,-27.52426],[29.712365,-27.51844],[29.70925,-27.51358],[29.71088,-27.51011],[29.71052,-27.49866],[29.72162,-27.48835],[29.72505,-27.48937],[29.73193,-27.48793],[29.71663,-27.48078],[29.71433,-27.4804],[29.70724,-27.47462],[29.70317,-27.472],[29.70837,-27.46177],[29.71692,-27.4649],[29.73518,-27.45075],[29.75868,-27.44257]]]},"properties":{"code":"058"}},{"type":"Feature","geometry":{"type":"Polygon","coordinates":[[[24.15246,-31.78861],[24.14741,-31.76728],[24.16159,-31.74015],[24.20562,-31.74508],[24.2258,-31.74755],[24.23525,-31.75023],[24.24018,-31.75204],[24.24841,-31.76036],[24.2542,-31.76178],[24.25721,-31.76404],[24.26825,-31.76667],[24.26882,-31.75591],[24.27633,-31.76053],[24.28502,-31.76518],[24.30157,-31.75833],[24.31403,-31.7513],[24.32237,-31.74178],[24.32469,-31.72406],[24.34069,-31.71383],[24.34599,-31.71448],[24.42329,-31.71164],[24.41262,-31.68851],[24.44125,-31.71261],[24.46994,-31.70648],[24.50627,-31.70683],[24.51413,-31.70497],[24.51454,-31.69449],[24.51597,-31.67195],[24.51733,-31.64458],[24.52296,-31.60369],[24.50391,-31.56842],[24.52455,-31.54543],[24.53303,-31.50978],[24.51944,-31.4979],[24.5413,-31.48684],[24.55885,-31.48184],[24.56763,-31.42715],[24.56719,-31.41864],[24.5961,-31.39918],[24.64528,-31.38802],[24.66499,-31.38366],[24.67167,-31.38674],[24.70481,-31.40059],[24.71061,-31.40951],[24.7243,-31.39986],[24.74699,-31.39592],[24.75421,-31.39514],[24.7743,-31.39198],[24.78868,-31.38946],[24.82344,-31.35854],[24.8255,-31.35651],[24.84613,-31.36556],[24.86023,-31.373975],[24.86286,-31.37361],[24.86135,-31.35631],[24.85397,-31.33225],[24.85299,-31.32821],[24.88503,-31.31727],[24.89885,-31.3137],[24.90025,-31.31672],[24.92338,-31.31349],[24.93359,-31.32038],[24.94197,-31.31507],[24.94873,-31.29835],[24.95286,-31.29441],[24.96047,-31.28551],[24.98162,-31.27429],[25.00562,-31.2631],[25.04447,-31.26614],[25.05847,-31.26938],[25.07346,-31.25327],[25.0844,-31.26233],[25.09995,-31.25931],[25.10079,-31.25945],[25.1152,-31.24627],[25.13068,-31.2394],[25.1527,-31.24312],[25.1552,-31.23115],[25.17048,-31.23918],[25.17709,-31.23453],[25.17913,-31.22223],[25.19236,-31.21336],[25.19835,-31.21546],[25.20482,-31.2151],[25.20941,-31.20692],[25.20964,-31.20475],[25.20435,-31.20174],[25.21097,-31.19211],[25.21975,-31.19041],[25.22376,-31.19229],[25.22504,-31.1952],[25.26933,-31.2144],[25.26855,-31.22055],[25.28494,-31.22341],[25.29058,-31.21348],[25.35442,-31.236],[25.36876,-31.22601],[25.38621,-31.21784],[25.38248,-31.20447],[25.37782,-31.19887],[25.38456,-31.15097],[25.39186,-31.13844],[25.39816,-31.13068],[25.4156,-31.1344],[25.42258,-31.12642],[25.44639,-31.1002],[25.45429,-31.0793],[25.43884,-31.06149],[25.4532,-31.05421],[25.46378,-31.05474],[25.47554,-31.04605],[25.48675,-31.03691],[25.5016,-31.00739],[25.48484,-31.00633],[25.47577,-30.9912],[25.47502,-30.98388],[25.48188,-30.97885],[25.48463,-30.9748],[25.4931,-30.9677],[25.51095,-30.95572],[25.50642,-30.95034],[25.50832,-30.94216],[25.50462,-30.93298],[25.51043,-30.92841],[25.51404,-30.92146],[25.51501,-30.91163],[25.51759,-30.90339],[25.50843,-30.8982],[25.50064,-30.88801],[25.49959,-30.88723],[25.47129,-30.86984],[25.48517,-30.8498],[25.52163,-30.83318],[25.54933,-30.79098],[25.54793,-30.7898],[25.52485,-30.7964],[25.50844,-30.78877],[25.50498,-30.78363],[25.48644,-30.78455],[25.4802,-30.77891],[25.47969,-30.76867],[25.4799,-30.75977],[25.47388,-30.74371],[25.47716,-30.73852],[25.47638,-30.72818],[25.47393,-30.72312],[25.46235,-30.72213],[25.46251,-30.71555],[25.46653,-30.70978],[25.46453,-30.70175],[25.46467,-30.69667],[25.4638,-30.68944],[25.46023,-30.68328],[25.46326,-30.67771],[25.47187,-30.67292],[25.46975,-30.6688],[25.47131,-30.66669],[25.46038,-30.66077],[25.4585,-30.65745],[25.45648,-30.637],[25.46251,-30.6281],[25.4671,-30.62421],[25.4673,-30.63073],[25.46823,-30.63263],[25.47114,-30.63451],[25.47679,-30.63464],[25.48454,-30.63169],[25.48777,-30.62917],[25.49806,-30.627],[25.50369,-30.62497],[25.50915,-30.62218],[25.51178,-30.61991],[25.52008,-30.61546],[25.52988,-30.61302],[25.53846,-30.61338],[25.55628,-30.61663],[25.56234,-30.61633],[25.56608,-30.61489],[25.57132,-30.61161],[25.57461,-30.60876],[25.58583,-30.59622],[25.5887,-30.5923],[25.59087,-30.59074],[25.59669,-30.59037],[25.60035,-30.59197],[25.60309,-30.59439],[25.60644,-30.60026],[25.60863,-30.60639],[25.61297,-30.61348],[25.61698,-30.61887],[25.61948,-30.62119],[25.6248,-30.6243],[25.62497,-30.62677],[25.6232,-30.63197],[25.61723,-30.64035],[25.61048,-30.64724],[25.60931,-30.65152],[25.6109,-30.65416],[25.61523,-30.65677],[25.62415,-30.65896],[25.63086,-30.65935],[25.64167,-30.65772],[25.65404,-30.65242],[25.6608,-30.64696],[25.67156,-30.64088],[25.67681,-30.64045],[25.68097,-30.64295],[25.68519,-30.64658],[25.68544,-30.65064],[25.68026,-30.65939],[25.67952,-30.66574],[25.68184,-30.66888],[25.69323,-30.67611],[25.70014,-30.67951],[25.70682,-30.68109],[25.71663,-30.68247],[25.73005,-30.68321],[25.74291,-30.68176],[25.74975,-30.68246],[25.75529,-30.68671],[25.7584,-30.68807],[25.7642,-30.68851],[25.77058,-30.68648],[25.77518,-30.68358],[25.77772,-30.68005],[25.7789,-30.67588],[25.77921,-30.66855],[25.77903,-30.65744],[25.77959,-30.65292],[25.78203,-30.64633],[25.79143,-30.63819],[25.79532,-30.63602],[25.79983,-30.63479],[25.81213,-30.63418],[25.819,-30.63498],[25.82603,-30.63345],[25.83443,-30.63233],[25.84314,-30.63409],[25.84727,-30.63334],[25.85123,-30.62933],[25.85459,-30.62302],[25.85561,-30.61895],[25.85929,-30.61372],[25.86413,-30.61157],[25.87314,-30.61069],[25.88801,-30.61208],[25.89227,-30.60828],[25.89317,-30.60446],[25.89252,-30.59823],[25.89018,-30.59321],[25.8837,-30.58674],[25.87485,-30.57279],[25.87456,-30.56869],[25.87176,-30.5622],[25.87258,-30.55808],[25.8792,-30.54903],[25.88488,-30.5442],[25.89176,-30.54131],[25.89679,-30.54063],[25.90271,-30.5428],[25.91004,-30.55118],[25.9167,-30.55828],[25.92208,-30.56211],[25.92538,-30.56687],[25.92681,-30.57027],[25.92551,-30.57476],[25.92289,-30.57852],[25.92297,-30.5813],[25.92638,-30.58394],[25.93097,-30.58504],[25.93462,-30.58471],[25.93976,-30.58222],[25.94167,-30.5773],[25.94047,-30.56621],[25.94202,-30.55922],[25.95028,-30.55057],[25.95517,-30.54708],[25.96404,-30.54354],[25.97309,-30.53939],[25.98105,-30.53759],[26.00056,-30.53651],[26.019,-30.53323],[26.02666,-30.53249],[26.03284,-30.5313],[26.04097,-30.52798],[26.05199,-30.52273],[26.05589,-30.52228],[26.06386,-30.52355],[26.06958,-30.52348],[26.08744,-30.51973],[26.09407,-30.51704],[26.098,-30.5165],[26.10439,-30.51872],[26.10951,-30.52246],[26.11413,-30.53017],[26.11764,-30.535],[26.11979,-30.53609],[26.13115,-30.53989],[26.1393,-30.5408],[26.14561,-30.53924],[26.14798,-30.53772],[26.14958,-30.53504],[26.14983,-30.53189],[26.14846,-30.52625],[26.14937,-30.51996],[26.14724,-30.51456],[26.14289,-30.51009],[26.13673,-30.5098],[26.13188,-30.50736],[26.13007,-30.5049],[26.13009,-30.50008],[26.13299,-30.49522],[26.14009,-30.4887],[26.14419,-30.48598],[26.14918,-30.48397],[26.15402,-30.48338],[26.16256,-30.48349],[26.17326,-30.48767],[26.17878,-30.49081],[26.19107,-30.50051],[26.19411,-30.50376],[26.19598,-30.50944],[26.19597,-30.51855],[26.19409,-30.52488],[26.19383,-30.52798],[26.19734,-30.53157],[26.20232,-30.53344],[26.2063,-30.53362],[26.21707,-30.53156],[26.22412,-30.53314],[26.22942,-30.53534],[26.2449,-30.53717],[26.25339,-30.53868],[26.25965,-30.54072],[26.26307,-30.54303],[26.2646,-30.54582],[26.26518,-30.55235],[26.26433,-30.55616],[26.26457,-30.56383],[26.26611,-30.56786],[26.26999,-30.57183],[26.28061,-30.57836],[26.28447,-30.55181],[26.28573,-30.55024],[26.30018,-30.53968],[26.32357,-30.50243],[26.31032,-30.48923],[26.29475,-30.47516],[26.28701,-30.45638],[26.28524,-30.45396],[26.27909,-30.45349],[26.27774,-30.45229],[26.2789,-30.4446],[26.27711,-30.43961],[26.277,-30.4373],[26.27139,-30.43676],[26.26693,-30.43421],[26.26032,-30.42849],[26.25903,-30.42642],[26.25872,-30.4209],[26.25497,-30.38723],[26.24058,-30.3711],[26.22324,-30.36549],[26.21442,-30.34338],[26.20216,-30.33488],[26.18156,-30.33382],[26.18304,-30.32956],[26.16497,-30.3261],[26.15335,-30.32],[26.14299,-30.30785],[26.14436,-30.30651],[26.14445,-30.30183],[26.1518,-30.2963],[26.15375,-30.28757],[26.15799,-30.27911],[26.15388,-30.27571],[26.16712,-30.27232],[26.16676,-30.25859],[26.1661,-30.24502],[26.15947,-30.21188],[26.14799,-30.17926],[26.141251,-30.175237],[26.1448,-30.16632],[26.15257,-30.16005],[26.15813,-30.15342],[26.14459,-30.15031],[26.14653,-30.14845],[26.14939,-30.14774],[26.14948,-30.14442],[26.15067,-30.14167],[26.15516,-30.13639],[26.15869,-30.13364],[26.16513,-30.12694],[26.17836,-30.11467],[26.18605,-30.1085],[26.18714,-30.10089],[26.19386,-30.09567],[26.19573,-30.09476],[26.19705,-30.09172],[26.20072,-30.09028],[26.20313,-30.0863],[26.21279,-30.09007],[26.21767,-30.08709],[26.22504,-30.08041],[26.22906,-30.0864],[26.23286,-30.08293],[26.23742,-30.08202],[26.24219,-30.07864],[26.24208,-30.07591],[26.24596,-30.07451],[26.25661,-30.0581],[26.25487,-30.05754],[26.25914,-30.04469],[26.25554,-30.04453],[26.2602,-30.03568],[26.25414,-30.02574],[26.25267,-30.0162],[26.2439,-30.00254],[26.23599,-29.98361],[26.22995,-29.97129],[26.21931,-29.97131],[26.21221,-29.96263],[26.20827,-29.9603],[26.20902,-29.95492],[26.20346,-29.95009],[26.19141,-29.93884],[26.19882,-29.92801],[26.20186,-29.92953],[26.20354,-29.92699],[26.20778,-29.92524],[26.21197,-29.92446],[26.21531,-29.91986],[26.22231,-29.91827],[26.23024,-29.91451],[26.23391,-29.90874],[26.23702,-29.90802],[26.23875,-29.90009],[26.23886,-29.89408],[26.24222,-29.89188],[26.24266,-29.8892],[26.24446,-29.8881],[26.24974,-29.88723],[26.24739,-29.88554],[26.24944,-29.88133],[26.25246,-29.87957],[26.23682,-29.8723],[26.22384,-29.86652],[26.19764,-29.85753],[26.18715,-29.85954],[26.18656,-29.85442],[26.1855,-29.85309],[26.19647,-29.84719],[26.195589,-29.839425],[26.22614,-29.82044],[26.22945,-29.82146],[26.24183,-29.82219],[26.25032,-29.83437],[26.29259,-29.81701],[26.31565,-29.80071],[26.31622,-29.79323],[26.31353,-29.79071],[26.30949,-29.79027],[26.30647,-29.78566],[26.3106,-29.7807],[26.31071,-29.77843],[26.32905,-29.77542],[26.3378,-29.77591],[26.34906,-29.76051],[26.35778,-29.75806],[26.36036,-29.75639],[26.36425,-29.75572],[26.36695,-29.74977],[26.37044,-29.74708],[26.37521,-29.74639],[26.38137,-29.74144],[26.38283,-29.74209],[26.38681,-29.74059],[26.39397,-29.7227],[26.39222,-29.72266],[26.39857,-29.70099],[26.411084,-29.694213],[26.423635,-29.694227],[26.42431,-29.66122],[26.41178,-29.6503],[26.38106,-29.62064],[26.38226,-29.61614],[26.36415,-29.61259],[26.35996,-29.61413],[26.34015,-29.6089],[26.33752,-29.60963],[26.28531,-29.59819],[26.28464,-29.5721],[26.28262,-29.53853],[26.27249,-29.54098],[26.2841,-29.52507],[26.27527,-29.52268],[26.25536,-29.51374],[26.25902,-29.50892],[26.24368,-29.50167],[26.25022,-29.49369],[26.24758,-29.49262],[26.22419,-29.47958],[26.17842,-29.47062],[26.16344,-29.46778],[26.14224,-29.4565],[26.13538,-29.47727],[26.13036,-29.47408],[26.10746,-29.4755],[26.10697,-29.47039],[26.09187,-29.46453],[26.09358,-29.47856],[26.09088,-29.47668],[26.07777,-29.47969],[26.05999,-29.44218],[26.05561,-29.44168],[26.04091,-29.437495],[26.04023,-29.4418],[26.04106,-29.44441],[26.03481,-29.44467],[26.032305,-29.417095],[25.97942,-29.40164],[25.9724,-29.39017],[25.966,-29.39112],[25.95942,-29.36546],[25.99883,-29.35821],[26.01412,-29.34674],[26.02351,-29.33932],[26.0112,-29.31085],[26.0045,-29.31026],[25.99264,-29.27311],[25.97981,-29.2847],[25.97838,-29.28388],[25.96623,-29.29273],[25.94341,-29.29677],[25.91485,-29.30608],[25.91175,-29.29988],[25.91319,-29.28584],[25.90554,-29.25431],[25.86359,-29.25209],[25.85993,-29.26027],[25.84557,-29.2355],[25.8415,-29.23228],[25.80762,-29.26014],[25.79173,-29.25671],[25.80122,-29.23287],[25.78235,-29.22421],[25.75983,-29.22641],[25.74124,-29.22604],[25.74115,-29.19347],[25.74327,-29.19211],[25.7397,-29.1881],[25.74431,-29.17692],[25.77162,-29.16916],[25.73466,-29.14123],[25.75518,-29.13421],[25.76237,-29.11673],[25.73436,-29.11387],[25.73423,-29.10983],[25.73256,-29.10208],[25.73389,-29.09342],[25.73943,-29.08072],[25.73134,-29.07702],[25.76092,-29.0258],[25.71936,-29.00629],[25.7472,-28.97794],[25.73745,-28.96081],[25.74526,-28.9064],[25.7485,-28.90752],[25.75161,-28.9048],[25.75078,-28.90253],[25.75194,-28.89898],[25.75694,-28.89937],[25.76321,-28.90431],[25.76587,-28.90301],[25.76813,-28.89494],[25.77285,-28.89387],[25.78036,-28.89526],[25.78599,-28.89406],[25.79489,-28.88709],[25.79784,-28.88728],[25.80315,-28.89374],[25.80473,-28.89298],[25.80887,-28.85352],[25.83988,-28.86273],[25.84449,-28.86445],[25.85631,-28.86763],[25.85413,-28.81567],[25.86442,-28.78118],[25.87028,-28.78415],[25.87452,-28.7663],[25.87867,-28.76006],[25.87853,-28.75999],[25.91181,-28.70991],[25.93136,-28.68311],[25.94963,-28.65128],[25.95613,-28.64323],[25.97695,-28.61544],[25.97817,-28.60459],[26.0079,-28.5842],[26.03357,-28.58627],[26.06932,-28.58118],[26.08128,-28.58895],[26.08733,-28.57875],[26.1479,-28.5579],[26.15322,-28.53987],[26.16634,-28.54654],[26.18351,-28.52319],[26.20107,-28.53089],[26.21855,-28.50773],[26.21184,-28.50631],[26.219069,-28.468847],[26.24569,-28.48971],[26.2551,-28.48624],[26.28804,-28.46859],[26.32017,-28.41967],[26.35474,-28.40514],[26.38555,-28.3946],[26.4224,-28.42678],[26.42957,-28.43555],[26.43581,-28.43567],[26.43409,-28.42785],[26.43011,-28.40344],[26.42353,-28.40425],[26.40254,-28.38757],[26.42633,-28.37793],[26.43299,-28.37686],[26.40978,-28.37419],[26.4128,-28.36129],[26.42164,-28.362845],[26.42633,-28.36328],[26.43486,-28.36892],[26.44221,-28.33757],[26.41849,-28.3339],[26.41676,-28.34175],[26.40566,-28.3361],[26.40807,-28.32542],[26.420035,-28.32686],[26.42315,-28.3127],[26.40714,-28.31253],[26.40544,-28.29205],[26.39595,-28.29173],[26.40622,-28.27405],[26.40859,-28.25954],[26.42499,-28.26135],[26.42704,-28.26735],[26.4455,-28.26242],[26.44152,-28.25077],[26.42307,-28.25574],[26.42026,-28.24751],[26.41103,-28.24538],[26.41698,-28.22982],[26.43635,-28.23564],[26.44358,-28.23141],[26.44308,-28.23007],[26.44378,-28.22442],[26.45591,-28.21849],[26.45658,-28.2238],[26.4654,-28.21867],[26.46795,-28.21492],[26.46708,-28.21218],[26.46109,-28.2115],[26.46303,-28.20994],[26.46194,-28.20725],[26.45759,-28.20501],[26.45545,-28.20181],[26.4568,-28.19964],[26.4568,-28.19503],[26.45401,-28.19205],[26.44995,-28.19171],[26.44893,-28.1871],[26.4423,-28.18359],[26.44422,-28.18077],[26.44595,-28.1757],[26.44505,-28.17322],[26.43945,-28.16924],[26.44609,-28.16639],[26.43323,-28.15931],[26.43036,-28.15715],[26.42532,-28.15576],[26.42179,-28.15237],[26.42167,-28.1488],[26.41934,-28.14637],[26.41611,-28.14119],[26.4141,-28.13589],[26.41232,-28.13308],[26.41217,-28.13053],[26.41559,-28.12832],[26.41879,-28.1281],[26.42178,-28.12594],[26.4083,-28.12392],[26.41761,-28.11787],[26.41673,-28.1134],[26.41928,-28.11116],[26.41942,-28.10918],[26.41643,-28.10723],[26.4118,-28.1079],[26.40943,-28.10553],[26.41299,-28.10173],[26.41715,-28.10106],[26.41661,-28.09683],[26.41378,-28.09776],[26.4104,-28.09722],[26.40998,-28.09509],[26.41464,-28.09213],[26.41216,-28.09085],[26.41077,-28.09236],[26.406,-28.09084],[26.40642,-28.08795],[26.41008,-28.08557],[26.41011,-28.07936],[26.40895,-28.07553],[26.40559,-28.07554],[26.38475,-28.07784],[26.38166,-28.0866],[26.376,-28.09049],[26.37386,-28.08841],[26.36802,-28.08702],[26.36669,-28.08905],[26.36094,-28.08907],[26.36468,-28.08174],[26.36535,-28.07924],[26.36239,-28.07904],[26.35841,-28.08677],[26.35467,-28.08602],[26.35904,-28.07881],[26.34764,-28.07509],[26.33393,-28.0958],[26.34333,-28.06218],[26.3415,-28.06234],[26.33697,-28.06027],[26.33621,-28.055],[26.33501,-28.05272],[26.32627,-28.04916],[26.32487,-28.05528],[26.32062,-28.05366],[26.31869,-28.04931],[26.30977,-28.04542],[26.30612,-28.04467],[26.29776,-28.04478],[26.29531,-28.0429],[26.29697,-28.03873],[26.29928,-28.03053],[26.2843,-28.03267],[26.27628,-28.0278],[26.27693,-28.02472],[26.27299,-28.02428],[26.27102,-28.02865],[26.26839,-28.02945],[26.26634,-28.02615],[26.25778,-28.02425],[26.25538,-28.02212],[26.24028,-28.02477],[26.24027,-28.01933],[26.2376,-28.0206],[26.22919,-28.02038],[26.2265,-28.01845],[26.22609,-28.01582],[26.22268,-28.0143],[26.21975,-28.01546],[26.21575,-28.01132],[26.20759,-28.01236],[26.20529,-28.01155],[26.19989,-28.00492],[26.19763,-28.00381],[26.1948,-28.0071],[26.19121,-28.00489],[26.188231,-28.001318],[26.20071,-27.95974],[26.18316,-27.94185],[26.21218,-27.90835],[26.20677,-27.90211],[26.22157,-27.88788],[26.2174,-27.88308],[26.16294,-27.86025],[26.14094,-27.88667],[26.12284,-27.87528],[26.131,-27.85749],[26.14552,-27.84087],[26.125476,-27.818567],[26.1202,-27.80256],[26.10695,-27.76336],[26.10756,-27.76263],[26.09971,-27.74771],[26.09012,-27.72805],[26.07584,-27.71065],[26.06647,-27.71833],[26.06038,-27.72166],[26.04769,-27.72546],[26.04316,-27.7287],[26.03674,-27.73573],[26.03291,-27.73668],[26.02619,-27.7347],[26.02416,-27.7331],[26.02163,-27.72912],[26.01298,-27.72257],[26.00865,-27.71706],[26.00318,-27.70805],[26.00259,-27.70505],[26.00388,-27.70061],[26.00655,-27.69745],[26.01071,-27.68977],[26.00961,-27.68306],[26.00759,-27.6763],[26.0077,-27.67247],[26.00879,-27.66631],[26.00797,-27.6604],[26.00489,-27.65216],[26.00229,-27.64889],[25.99307,-27.64174],[25.98956,-27.64016],[25.98235,-27.63896],[25.98028,-27.63666],[25.98021,-27.63305],[25.98221,-27.62942],[25.98104,-27.62672],[25.96841,-27.62496],[25.96544,-27.62665],[25.95542,-27.62987],[25.94852,-27.63301],[25.94595,-27.63174],[25.94557,-27.62783],[25.94255,-27.6186],[25.94027,-27.6149],[25.9356,-27.60938],[25.93199,-27.60642],[25.92688,-27.60387],[25.92265,-27.60353],[25.91568,-27.60574],[25.9095,-27.61041],[25.9006,-27.60913],[25.89531,-27.61037],[25.89509,-27.61468],[25.89787,-27.62033],[25.89833,-27.62253],[25.89131,-27.62606],[25.87552,-27.62817],[25.87243,-27.62797],[25.85807,-27.62378],[25.85261,-27.62098],[25.84957,-27.6149],[25.84577,-27.61002],[25.84351,-27.6043],[25.84371,-27.60051],[25.84636,-27.59653],[25.84617,-27.59231],[25.84388,-27.58815],[25.8348,-27.57807],[25.83319,-27.56807],[25.83024,-27.56619],[25.83482,-27.51179],[25.7782,-27.52779],[25.75372,-27.53449],[25.75384,-27.53223],[25.74714,-27.50464],[25.74296,-27.48609],[25.73833,-27.48417],[25.73867,-27.46916],[25.75422,-27.46358],[25.80498,-27.44636],[25.80089,-27.41704],[25.79703,-27.39065],[25.76811,-27.39408],[25.74974,-27.38838],[25.74132,-27.38603],[25.72136,-27.37929],[25.70226,-27.37498],[25.7539,-27.36455],[25.75964,-27.36328],[25.76099,-27.36746],[25.824802,-27.363042],[25.81349,-27.31931],[25.80852,-27.30067],[25.80604,-27.29061],[25.78094,-27.25926],[25.77763,-27.25495],[25.77364,-27.22001],[25.7723,-27.209252],[25.75233,-27.21291],[25.7496,-27.21373],[25.70162,-27.22324],[25.680168,-27.211997],[25.674387,-27.222106],[25.65371,-27.22284],[25.64336,-27.20323],[25.64136,-27.19984],[25.62856,-27.17597],[25.61015,-27.17625],[25.61633,-27.1429],[25.62374,-27.13783],[25.63064,-27.13232],[25.65095,-27.11758],[25.66159,-27.10952],[25.68711,-27.09797],[25.6831,-27.07347],[25.67438,-27.06027],[25.65708,-27.0335],[25.64832,-27.01881],[25.63219,-26.98857],[25.64455,-26.98454],[25.63713,-26.97123],[25.64605,-26.96137],[25.66563,-26.96272],[25.66581,-26.899134],[25.61089,-26.92311],[25.62635,-26.87204],[25.6305,-26.85855],[25.60455,-26.90651],[25.56926,-26.93633],[25.48344,-26.92035],[25.48894,-26.91792],[25.49261,-26.91787],[25.42365,-26.87235],[25.39852,-26.85529],[25.38268,-26.86166],[25.34722,-26.87539],[25.32758,-26.88272],[25.32078,-26.88626],[25.28722,-26.843],[25.25749,-26.80225],[25.225465,-26.832415],[25.194198,-26.857582],[25.148325,-26.80058],[25.126963,-26.812112],[25.120012,-26.797248],[25.12373,-26.79269],[25.12619,-26.78495],[25.13054,-26.7775],[25.1308,-26.77565],[25.13392,-26.76914],[25.13434,-26.76065],[25.13737,-26.75442],[25.14184,-26.74264],[25.14222,-26.73638],[25.14367,-26.73195],[25.14383,-26.72884],[25.14593,-26.72322],[25.14765,-26.71402],[25.15258,-26.70769],[25.15537,-26.7027],[25.15595,-26.69979],[25.15779,-26.69734],[25.16236,-26.6885],[25.1659,-26.68394],[25.16882,-26.67658],[25.17401,-26.6709],[25.1787,-26.66246],[25.17432,-26.65288],[25.17263,-26.64631],[25.171189,-26.638518],[25.175061,-26.636299],[25.207566,-26.622869],[25.226705,-26.614766],[25.189088,-26.572549],[25.177438,-26.558632],[25.176919,-26.558329],[25.16959,-26.51993],[25.15431,-26.52355],[25.09574,-26.53561],[25.0662,-26.55029],[25.040688,-26.501393],[25.0701,-26.48623],[25.04551,-26.43638],[25.02595,-26.44783],[25.02519,-26.44549],[25.00239,-26.40926],[24.9912,-26.39094],[24.96643,-26.40393],[24.96614,-26.40435],[24.93021,-26.42063],[24.90073,-26.36345],[24.85785,-26.395],[24.85234,-26.38127],[24.83356,-26.38295],[24.83583,-26.37071],[24.84762,-26.36811],[24.83174,-26.32695],[24.82095,-26.30615],[24.80475,-26.2769],[24.78916,-26.24372],[24.76418,-26.20525],[24.81708,-26.19879],[24.80408,-26.15825],[24.78241,-26.1238],[24.76247,-26.0933],[24.75285,-26.07668],[24.74516,-26.06297],[24.73385,-26.03957],[24.71006,-26.01199],[24.68494,-25.9884],[24.668186,-25.97291],[24.65388,-25.95932],[24.63916,-25.93426],[24.66703,-25.92125],[24.65068,-25.91113],[24.62734,-25.89625],[24.57314,-25.86131],[24.54493,-25.84298],[24.51631,-25.82416],[24.46507,-25.79017],[24.48446,-25.75046],[24.485275,-25.74939],[24.48124,-25.74834],[24.47188,-25.7472],[24.47058,-25.7451],[24.47053,-25.73973],[24.46737,-25.73753],[24.46467,-25.73815],[24.46332,-25.74213],[24.46195,-25.74314],[24.45669,-25.7423],[24.45232,-25.73873],[24.44847,-25.73412],[24.44538,-25.73357],[24.44391,-25.73504],[24.44388,-25.73929],[24.44189,-25.74081],[24.43934,-25.73997],[24.43457,-25.7338],[24.43229,-25.73477],[24.43276,-25.74423],[24.43221,-25.74624],[24.42957,-25.74952],[24.42599,-25.75148],[24.42363,-25.75147],[24.41886,-25.74967],[24.41193,-25.7461],[24.40819,-25.74564],[24.40492,-25.74759],[24.40389,-25.75115],[24.40353,-25.76098],[24.39928,-25.76267],[24.39661,-25.76129],[24.39422,-25.75634],[24.39065,-25.75508],[24.38724,-25.75717],[24.38406,-25.7605],[24.38281,-25.7635],[24.38081,-25.76486],[24.37448,-25.76395],[24.36447,-25.75923],[24.35921,-25.75885],[24.35391,-25.75632],[24.3502,-25.74999],[24.34497,-25.74745],[24.33916,-25.74546],[24.33426,-25.73866],[24.33249,-25.73696],[24.32567,-25.73313],[24.323,-25.72956],[24.32237,-25.72469],[24.32374,-25.71971],[24.32761,-25.71535],[24.32787,-25.71318],[24.32491,-25.71013],[24.32241,-25.71057],[24.31951,-25.71268],[24.31486,-25.71398],[24.30549,-25.71351],[24.30079,-25.71424],[24.29607,-25.71783],[24.28836,-25.72619],[24.28569,-25.72666],[24.28364,-25.72483],[24.27857,-25.71724],[24.27847,-25.71325],[24.28318,-25.70939],[24.28884,-25.70822],[24.29161,-25.7053],[24.29009,-25.6968],[24.28841,-25.69426],[24.28617,-25.69298],[24.28323,-25.69384],[24.27866,-25.6967],[24.27451,-25.70135],[24.27307,-25.70523],[24.26591,-25.70822],[24.26279,-25.70794],[24.25953,-25.7062],[24.25894,-25.70267],[24.25976,-25.69751],[24.26123,-25.69469],[24.26072,-25.6919],[24.25457,-25.68757],[24.24799,-25.6855],[24.24722,-25.68338],[24.25141,-25.6767],[24.25161,-25.67458],[24.24743,-25.67212],[24.24197,-25.67315],[24.23661,-25.66995],[24.23406,-25.66514],[24.23376,-25.66257],[24.22777,-25.65793],[24.22617,-25.65488],[24.22772,-25.6456],[24.22596,-25.64334],[24.22319,-25.64325],[24.2197,-25.64487],[24.21507,-25.64424],[24.21188,-25.64076],[24.20989,-25.63496],[24.20736,-25.63219],[24.20184,-25.63043],[24.19912,-25.62838],[24.19407,-25.62107],[24.18757,-25.62043],[24.18446,-25.62123],[24.17988,-25.62639],[24.17079,-25.63108],[24.16775,-25.63182],[24.15945,-25.63012],[24.15684,-25.62695],[24.15795,-25.62268],[24.16234,-25.61833],[24.16308,-25.61516],[24.16061,-25.61064],[24.15773,-25.60836],[24.15268,-25.60848],[24.14958,-25.61083],[24.14086,-25.61391],[24.13905,-25.6164],[24.1405,-25.62082],[24.14052,-25.6259],[24.13861,-25.62806],[24.13542,-25.62832],[24.13147,-25.62738],[24.12515,-25.6281],[24.115,-25.63167],[24.11066,-25.6314],[24.10753,-25.63018],[24.10434,-25.63036],[24.09813,-25.63256],[24.09288,-25.6352],[24.08934,-25.6389],[24.08743,-25.64244],[24.08429,-25.64342],[24.08084,-25.64099],[24.07966,-25.63849],[24.07841,-25.63149],[24.07377,-25.62967],[24.06688,-25.63137],[24.06451,-25.63415],[24.06451,-25.63844],[24.0677,-25.64428],[24.06626,-25.65004],[24.05859,-25.65187],[24.05145,-25.65095],[24.04306,-25.64567],[24.03574,-25.6369],[24.02994,-25.63427],[24.02657,-25.63705],[24.02739,-25.64228],[24.02418,-25.64548],[24.0171,-25.64574],[24.01344,-25.64759],[24.00896,-25.65084],[24.00647,-25.65154],[24.00353,-25.65019],[24.00282,-25.6474],[24.00368,-25.64192],[24.00288,-25.635],[24.00419,-25.63266],[24.01227,-25.62867],[24.01201,-25.62449],[24.00485,-25.62042],[23.99571,-25.62163],[23.98989,-25.62127],[23.98526,-25.62176],[23.98224,-25.62104],[23.97744,-25.61612],[23.97259,-25.61485],[23.96656,-25.61502],[23.96349,-25.6192],[23.96218,-25.6228],[23.95878,-25.62344],[23.95452,-25.62166],[23.95081,-25.62283],[23.95019,-25.62557],[23.95236,-25.6317],[23.9515,-25.63496],[23.94849,-25.63766],[23.94619,-25.63841],[23.94211,-25.63755],[23.93495,-25.63689],[23.92855,-25.6382],[23.92548,-25.63669],[23.92148,-25.6315],[23.91852,-25.62953],[23.91363,-25.62848],[23.90812,-25.62858],[23.90338,-25.62681],[23.90171,-25.62214],[23.90364,-25.6155],[23.90721,-25.60613],[23.90411,-25.60275],[23.89799,-25.60065],[23.88821,-25.59859],[23.88283,-25.59495],[23.88072,-25.59144],[23.88071,-25.58734],[23.88223,-25.58257],[23.88024,-25.57745],[23.87655,-25.57526],[23.86936,-25.57244],[23.86563,-25.57165],[23.8577,-25.57273],[23.84452,-25.57078],[23.83969,-25.56789],[23.83763,-25.56433],[23.83849,-25.56087],[23.84171,-25.55803],[23.84354,-25.55354],[23.843,-25.55027],[23.83726,-25.54278],[23.83516,-25.54108],[23.83181,-25.54084],[23.82834,-25.54296],[23.82447,-25.5484],[23.82049,-25.55064],[23.81609,-25.55018],[23.81103,-25.54736],[23.80852,-25.54516],[23.80551,-25.53999],[23.80489,-25.53318],[23.80789,-25.52775],[23.81463,-25.52388],[23.8212,-25.51714],[23.82182,-25.5138],[23.81664,-25.50985],[23.81195,-25.50868],[23.80437,-25.50842],[23.79945,-25.50922],[23.79205,-25.51234],[23.78553,-25.51247],[23.78307,-25.51118],[23.77636,-25.50367],[23.7728,-25.50276],[23.76528,-25.50364],[23.76293,-25.50321],[23.76114,-25.50035],[23.76176,-25.49691],[23.76345,-25.49313],[23.76354,-25.48994],[23.75907,-25.48583],[23.75461,-25.48442],[23.75155,-25.48214],[23.75142,-25.47994],[23.75286,-25.47593],[23.75751,-25.47207],[23.75826,-25.46926],[23.75624,-25.46654],[23.75371,-25.46493],[23.74484,-25.4612],[23.73744,-25.46019],[23.73386,-25.45854],[23.73113,-25.45325],[23.73095,-25.44914],[23.72897,-25.44636],[23.72482,-25.44531],[23.72094,-25.44707],[23.71716,-25.45284],[23.7093,-25.45988],[23.704,-25.46258],[23.70113,-25.46008],[23.70204,-25.45198],[23.69984,-25.44791],[23.69378,-25.44433],[23.68955,-25.44369],[23.68475,-25.44466],[23.68033,-25.44729],[23.67313,-25.44622],[23.66925,-25.44428],[23.6667,-25.442],[23.66625,-25.43927],[23.66719,-25.4363],[23.67045,-25.43239],[23.67519,-25.42946],[23.67649,-25.42648],[23.67279,-25.42106],[23.66837,-25.41609],[23.66261,-25.41468],[23.66029,-25.41498],[23.65798,-25.41715],[23.65736,-25.42159],[23.65741,-25.42706],[23.65589,-25.42933],[23.65303,-25.4311],[23.64442,-25.43289],[23.64081,-25.43299],[23.63746,-25.43158],[23.63525,-25.4287],[23.63404,-25.42542],[23.63326,-25.41922],[23.63402,-25.41469],[23.63321,-25.41158],[23.62974,-25.40798],[23.6259,-25.40673],[23.61892,-25.40644],[23.61255,-25.40449],[23.61069,-25.40046],[23.61275,-25.39762],[23.61825,-25.39371],[23.62024,-25.38857],[23.61801,-25.38506],[23.61484,-25.38334],[23.60761,-25.38133],[23.60444,-25.38281],[23.60184,-25.38581],[23.59957,-25.39396],[23.59731,-25.39623],[23.59438,-25.39701],[23.58931,-25.39646],[23.58607,-25.39482],[23.58428,-25.39075],[23.58458,-25.38409],[23.5853,-25.37998],[23.5844,-25.37562],[23.57544,-25.3729],[23.56924,-25.37023],[23.56552,-25.37006],[23.55878,-25.37227],[23.55612,-25.36928],[23.55674,-25.36536],[23.56145,-25.35768],[23.55959,-25.35466],[23.54838,-25.35208],[23.53699,-25.353],[23.53366,-25.35208],[23.53063,-25.34587],[23.52689,-25.34103],[23.52166,-25.34051],[23.51137,-25.34651],[23.50587,-25.34916],[23.50159,-25.35199],[23.49831,-25.35274],[23.49618,-25.35157],[23.49582,-25.34724],[23.49746,-25.34008],[23.49976,-25.33534],[23.50044,-25.33185],[23.4995,-25.3282],[23.49504,-25.31911],[23.4932,-25.31662],[23.48437,-25.31168],[23.48214,-25.30949],[23.48036,-25.30127],[23.47837,-25.29846],[23.47231,-25.29822],[23.46455,-25.30104],[23.45959,-25.29973],[23.45814,-25.29774],[23.45791,-25.29427],[23.45998,-25.29086],[23.46411,-25.28653],[23.46729,-25.28202],[23.46827,-25.27947],[23.46579,-25.27675],[23.45858,-25.27644],[23.44919,-25.27492],[23.44482,-25.27552],[23.4415,-25.27771],[23.43864,-25.28535],[23.43284,-25.29574],[23.42836,-25.30153],[23.42347,-25.30918],[23.41986,-25.31374],[23.41634,-25.31581],[23.41292,-25.31568],[23.41005,-25.314],[23.40513,-25.30832],[23.40354,-25.30724],[23.38834,-25.30406],[23.37808,-25.3031],[23.37409,-25.30376],[23.36841,-25.30343],[23.36639,-25.30059],[23.3627,-25.28875],[23.3605,-25.28623],[23.35555,-25.28514],[23.34842,-25.28506],[23.33858,-25.28687],[23.3341,-25.28817],[23.32743,-25.29179],[23.32408,-25.29242],[23.31931,-25.28913],[23.31554,-25.28266],[23.31125,-25.28183],[23.30889,-25.28283],[23.30396,-25.29112],[23.29836,-25.29352],[23.29403,-25.29399],[23.28914,-25.29032],[23.28755,-25.28459],[23.28488,-25.27959],[23.27958,-25.27454],[23.2738,-25.2746],[23.26884,-25.27716],[23.26099,-25.27953],[23.25296,-25.2782],[23.24979,-25.27586],[23.24585,-25.27584],[23.24294,-25.27811],[23.23812,-25.28029],[23.23456,-25.28079],[23.22956,-25.27954],[23.21865,-25.2743],[23.21498,-25.27325],[23.21202,-25.27342],[23.20555,-25.27635],[23.19687,-25.27659],[23.19225,-25.27731],[23.18663,-25.27955],[23.18097,-25.28408],[23.17546,-25.28755],[23.17101,-25.29294],[23.17027,-25.29813],[23.16883,-25.30075],[23.16555,-25.30393],[23.15977,-25.30461],[23.15369,-25.30269],[23.14796,-25.30325],[23.14256,-25.30821],[23.13878,-25.31475],[23.13652,-25.31679],[23.13172,-25.31773],[23.12849,-25.3164],[23.12237,-25.30995],[23.11865,-25.30684],[23.1136,-25.30356],[23.10848,-25.30379],[23.10419,-25.30587],[23.09914,-25.31042],[23.09527,-25.31232],[23.08998,-25.31242],[23.08763,-25.31461],[23.08832,-25.32309],[23.08572,-25.32832],[23.08241,-25.33073],[23.07935,-25.33184],[23.07507,-25.33176],[23.06644,-25.32957],[23.06248,-25.32676],[23.05975,-25.32597],[23.05632,-25.32195],[23.05421,-25.31794],[23.05609,-25.31189],[23.06101,-25.30565],[23.06203,-25.30338],[23.0613,-25.29374],[23.05842,-25.28994],[23.05438,-25.28949],[23.05156,-25.29082],[23.04888,-25.29411],[23.04475,-25.30144],[23.04161,-25.30445],[23.03619,-25.30854],[23.03256,-25.31258],[23.02822,-25.31252],[23.02784,-25.3102],[23.02388,-25.3066],[23.02059,-25.30261],[23.01413,-25.29822],[23.01103,-25.29719],[23.00783,-25.29821],[23.00629,-25.30147],[23.00659,-25.30809],[23.01048,-25.31828],[23.01337,-25.32957],[23.01287,-25.33302],[23.00904,-25.33786],[23.00333,-25.33993],[22.99817,-25.33973],[22.98812,-25.33812],[22.98252,-25.33849],[22.97794,-25.33986],[22.9728,-25.34672],[22.97324,-25.35019],[22.97461,-25.35239],[22.97372,-25.35873],[22.97544,-25.36136],[22.97639,-25.36553],[22.97645,-25.37067],[22.97,-25.38114],[22.96761,-25.38343],[22.95704,-25.38947],[22.95134,-25.39354],[22.9492,-25.39399],[22.93581,-25.40319],[22.92847,-25.40774],[22.91907,-25.41224],[22.91474,-25.41623],[22.90995,-25.42231],[22.90662,-25.43134],[22.9066,-25.43429],[22.90343,-25.443],[22.9006,-25.44904],[22.89857,-25.45514],[22.88845,-25.46491],[22.88574,-25.46839],[22.88668,-25.47482],[22.88921,-25.47793],[22.89622,-25.48034],[22.90075,-25.48128],[22.90044,-25.48685],[22.89686,-25.48885],[22.89194,-25.48796],[22.88468,-25.48454],[22.87058,-25.48091],[22.86375,-25.47962],[22.85831,-25.481],[22.85155,-25.48414],[22.84637,-25.49017],[22.84664,-25.49475],[22.84832,-25.49735],[22.85728,-25.50282],[22.86038,-25.50762],[22.85843,-25.51177],[22.85406,-25.51681],[22.85202,-25.52104],[22.8521,-25.52766],[22.8536,-25.53004],[22.85265,-25.53552],[22.84475,-25.54035],[22.84014,-25.54467],[22.8378,-25.54925],[22.83429,-25.55794],[22.8297,-25.56789],[22.82668,-25.57231],[22.82348,-25.57507],[22.81808,-25.57656],[22.81482,-25.57882],[22.81407,-25.58242],[22.81818,-25.58625],[22.8264,-25.58952],[22.8354,-25.59691],[22.83691,-25.59873],[22.84227,-25.60271],[22.84738,-25.60562],[22.84889,-25.60796],[22.85346,-25.61163],[22.85371,-25.61357],[22.85155,-25.61845],[22.84777,-25.62141],[22.84395,-25.62212],[22.83581,-25.62081],[22.83191,-25.62063],[22.81984,-25.62408],[22.81043,-25.62815],[22.80512,-25.62963],[22.80042,-25.63277],[22.79953,-25.63522],[22.80184,-25.64137],[22.80827,-25.6509],[22.81607,-25.65522],[22.82771,-25.65505],[22.83021,-25.65777],[22.83028,-25.66239],[22.82471,-25.67003],[22.82151,-25.67744],[22.8212,-25.68365],[22.82203,-25.68783],[22.82148,-25.69047],[22.81314,-25.70285],[22.80861,-25.71164],[22.79992,-25.72312],[22.79428,-25.72673],[22.78868,-25.7285],[22.78424,-25.7288],[22.77134,-25.73104],[22.76746,-25.73617],[22.76618,-25.74029],[22.76509,-25.74793],[22.76378,-25.76152],[22.76372,-25.77873],[22.76262,-25.78319],[22.76011,-25.78764],[22.75728,-25.79002],[22.75193,-25.7898],[22.74258,-25.78785],[22.73854,-25.78779],[22.73677,-25.78892],[22.73458,-25.79366],[22.73594,-25.79651],[22.73893,-25.79881],[22.74718,-25.80305],[22.75034,-25.80572],[22.7551,-25.80712],[22.7614,-25.81046],[22.76908,-25.81168],[22.77757,-25.81523],[22.78011,-25.81868],[22.78173,-25.82394],[22.78141,-25.8288],[22.77891,-25.83335],[22.77333,-25.83987],[22.77094,-25.84183],[22.76576,-25.84438],[22.75872,-25.84941],[22.74976,-25.85253],[22.74494,-25.85324],[22.73807,-25.85504],[22.73553,-25.85737],[22.73475,-25.86127],[22.73635,-25.8662],[22.74018,-25.87269],[22.74122,-25.87613],[22.74017,-25.87936],[22.73738,-25.88242],[22.73302,-25.88418],[22.72387,-25.88681],[22.71819,-25.88721],[22.71338,-25.88988],[22.71188,-25.89348],[22.71259,-25.89928],[22.71591,-25.90374],[22.72287,-25.90836],[22.72776,-25.90899],[22.73573,-25.91171],[22.7449,-25.91342],[22.74899,-25.91728],[22.74839,-25.92272],[22.74321,-25.92586],[22.74213,-25.92722],[22.73707,-25.92988],[22.72856,-25.93895],[22.72612,-25.94248],[22.72488,-25.94842],[22.7239,-25.95009],[22.72299,-25.95654],[22.72476,-25.96148],[22.72882,-25.97009],[22.72931,-25.9787],[22.72754,-25.9828],[22.72589,-25.98853],[22.72452,-26.00054],[22.72457,-26.00685],[22.7257,-26.01287],[22.72415,-26.01602],[22.72105,-26.01856],[22.71406,-26.0199],[22.70843,-26.02025],[22.6995,-26.01916],[22.69214,-26.01733],[22.67877,-26.01309],[22.67263,-26.01319],[22.66918,-26.01391],[22.66571,-26.0179],[22.66447,-26.02099],[22.66384,-26.02537],[22.66791,-26.03209],[22.66853,-26.03512],[22.67174,-26.04322],[22.67175,-26.04958],[22.67025,-26.05465],[22.67061,-26.06068],[22.67281,-26.06852],[22.67308,-26.07367],[22.66874,-26.07686],[22.65807,-26.0817],[22.64959,-26.08684],[22.6363,-26.09142],[22.63242,-26.09425],[22.62936,-26.09773],[22.62913,-26.10264],[22.6317,-26.10727],[22.63701,-26.11313],[22.63685,-26.11633],[22.63217,-26.12128],[22.62812,-26.12347],[22.61791,-26.12408],[22.60969,-26.12722],[22.60705,-26.12996],[22.60501,-26.13546],[22.60643,-26.14335],[22.605,-26.14922],[22.59954,-26.15201],[22.59506,-26.14997],[22.592,-26.1475],[22.58755,-26.14156],[22.58146,-26.14044],[22.57856,-26.14204],[22.57621,-26.14729],[22.57687,-26.15073],[22.57958,-26.15837],[22.57863,-26.17283],[22.5787,-26.18622],[22.57774,-26.19162],[22.57449,-26.19657],[22.56341,-26.20599],[22.56058,-26.21174],[22.55937,-26.2178],[22.55741,-26.22176],[22.55274,-26.22502],[22.54971,-26.22615],[22.53855,-26.22744],[22.53363,-26.22749],[22.52882,-26.22667],[22.52525,-26.22505],[22.5165,-26.21756],[22.51215,-26.21538],[22.4991,-26.21119],[22.49561,-26.21065],[22.48517,-26.20523],[22.47972,-26.2015],[22.47424,-26.19971],[22.47005,-26.2014],[22.46787,-26.20325],[22.46559,-26.20683],[22.46388,-26.21153],[22.461,-26.22167],[22.45354,-26.22809],[22.44287,-26.22915],[22.4332,-26.22693],[22.42677,-26.22359],[22.42221,-26.22324],[22.42045,-26.2241],[22.4183,-26.22762],[22.41599,-26.23674],[22.41298,-26.23997],[22.40964,-26.24166],[22.40278,-26.24383],[22.3988,-26.24813],[22.3985,-26.25112],[22.39964,-26.25527],[22.40456,-26.26155],[22.40597,-26.2644],[22.40594,-26.26822],[22.40291,-26.2727],[22.39593,-26.27806],[22.38619,-26.28503],[22.38009,-26.28621],[22.36858,-26.28419],[22.36311,-26.28578],[22.36244,-26.29074],[22.36644,-26.30159],[22.36719,-26.31465],[22.36678,-26.31917],[22.36338,-26.3251],[22.35886,-26.32757],[22.35184,-26.32739],[22.3395,-26.3204],[22.33669,-26.32048],[22.32593,-26.32226],[22.32133,-26.32412],[22.31786,-26.32838],[22.31378,-26.33952],[22.31128,-26.34228],[22.30689,-26.34408],[22.30321,-26.34439],[22.29133,-26.34115],[22.28885,-26.3399],[22.28531,-26.33997],[22.27896,-26.34116],[22.27264,-26.34324],[22.2692,-26.34496],[22.25944,-26.34641],[22.24725,-26.34704],[22.24233,-26.34994],[22.23849,-26.35526],[22.23766,-26.36242],[22.23948,-26.36926],[22.23787,-26.37129],[22.23129,-26.375],[22.22633,-26.37666],[22.22088,-26.3812],[22.21616,-26.38408],[22.21401,-26.38613],[22.19924,-26.39152],[22.19279,-26.39585],[22.19024,-26.40082],[22.19154,-26.40576],[22.19842,-26.41339],[22.20086,-26.4208],[22.20024,-26.42478],[22.19563,-26.43039],[22.18352,-26.43598],[22.18153,-26.4392],[22.1813,-26.44907],[22.18408,-26.45461],[22.18545,-26.46148],[22.18423,-26.46579],[22.17996,-26.47173],[22.1708,-26.47524],[22.16736,-26.47716],[22.16014,-26.48333],[22.15833,-26.48844],[22.15967,-26.49265],[22.16509,-26.49868],[22.16572,-26.50355],[22.16348,-26.50833],[22.15802,-26.51244],[22.1544,-26.51357],[22.14162,-26.51916],[22.13643,-26.52238],[22.13314,-26.52606],[22.132,-26.53354],[22.13354,-26.53957],[22.13348,-26.54361],[22.12884,-26.54706],[22.12354,-26.54741],[22.11795,-26.54609],[22.11275,-26.54651],[22.10696,-26.55008],[22.10352,-26.5548],[22.10166,-26.56532],[22.09846,-26.5706],[22.09485,-26.57287],[22.08668,-26.57443],[22.08167,-26.57661],[22.07702,-26.58176],[22.07539,-26.58691],[22.07324,-26.59696],[22.07037,-26.60594],[22.06388,-26.61742],[22.05216,-26.63286],[22.04823,-26.63505],[22.04426,-26.63511],[22.03841,-26.63399],[22.03049,-26.63399],[22.02194,-26.63518],[22.01406,-26.63786],[22.01094,-26.63959],[22.005,-26.64526],[22.00036,-26.64816],[21.99773,-26.64787],[21.99236,-26.6493],[21.98606,-26.64992],[21.97983,-26.65245],[21.97045,-26.65881],[21.95313,-26.66871],[21.94929,-26.66994],[21.94377,-26.67004],[21.93995,-26.66889],[21.93593,-26.66659],[21.93199,-26.6662],[21.92876,-26.66484],[21.92292,-26.66587],[21.90274,-26.67014],[21.89446,-26.66897],[21.88315,-26.67071],[21.87613,-26.66964],[21.86868,-26.66923],[21.85671,-26.66655],[21.85372,-26.66553],[21.84545,-26.66403],[21.83872,-26.6647],[21.83499,-26.66216],[21.82991,-26.65973],[21.82331,-26.65984],[21.81884,-26.66273],[21.80834,-26.67036],[21.79376,-26.67315],[21.78739,-26.67606],[21.77164,-26.68951],[21.7692,-26.69569],[21.77077,-26.70468],[21.78374,-26.71624],[21.78744,-26.72289],[21.78613,-26.73925],[21.78498,-26.74623],[21.78476,-26.75085],[21.78716,-26.75758],[21.79021,-26.76309],[21.79287,-26.76963],[21.79424,-26.77088],[21.81028,-26.77419],[21.83104,-26.79778],[21.87235,-26.86015],[21.90754,-26.93228],[21.91714,-26.95869],[21.95163,-26.94881],[21.98524,-27.01821],[21.99946,-27.02479],[21.99949,-27.11025],[21.999519,-27.21419],[21.999548,-27.307036],[21.999571,-27.38196],[21.999411,-27.524799],[21.916321,-27.55381],[21.943734,-27.616819],[21.976775,-27.692654],[21.999724,-27.745253],[22.006195,-27.76042],[21.999701,-27.76104],[21.98703,-27.76103],[21.987247,-27.806892],[21.921583,-27.859956],[21.88842,-27.88673],[21.78854,-27.968241],[21.83289,-28.010639],[21.826059,-28.03886],[21.82037,-28.051559],[21.808981,-28.08005],[21.788521,-28.103939],[21.755699,-28.14163],[21.7365,-28.156601],[21.681259,-28.2096],[21.74794,-28.236259],[21.68956,-28.275181],[21.714661,-28.292259],[21.74647,-28.30083],[21.75045,-28.30854],[21.77418,-28.353029],[21.79696,-28.34366],[21.81682,-28.34794],[21.83761,-28.38274],[21.84625,-28.38849],[21.87887,-28.41059],[21.90071,-28.42521],[21.90531,-28.44171],[21.91431,-28.47301],[21.92151,-28.50042],[21.92663,-28.52052],[21.93862,-28.53233],[21.9435,-28.53751],[21.95285,-28.54652],[21.97096,-28.58389],[21.97939,-28.5939],[21.99223,-28.60873],[21.99974,-28.62057],[22.00914,-28.63622],[22.02601,-28.6587],[22.04595,-28.68165],[22.06883,-28.70298],[22.09853,-28.70949],[22.09886,-28.70975],[22.1174,-28.74999],[22.12333,-28.7632],[22.11085,-28.77511],[22.09675,-28.78824],[22.04187,-28.83991],[22.04615,-28.84717],[22.04924,-28.85151],[22.05413,-28.84596],[22.06196,-28.84267],[22.07081,-28.84185],[22.07532,-28.84291],[22.0805,-28.84605],[22.08309,-28.85085],[22.08354,-28.85973],[22.08657,-28.86555],[22.08742,-28.87282],[22.08893,-28.87601],[22.09212,-28.87984],[22.09713,-28.88708],[22.10867,-28.89687],[22.11076,-28.89818],[22.12224,-28.90353],[22.12957,-28.90542],[22.13943,-28.91103],[22.14256,-28.91455],[22.14744,-28.924],[22.15017,-28.93172],[22.15467,-28.94075],[22.15736,-28.94739],[22.16021,-28.95221],[22.16762,-28.96077],[22.17439,-28.96604],[22.17792,-28.97019],[22.17998,-28.97465],[22.18027,-28.97864],[22.17938,-28.98296],[22.17745,-28.98544],[22.1723,-28.98968],[22.16754,-28.99283],[22.16205,-28.99771],[22.16138,-29.00231],[22.16513,-29.00995],[22.16695,-29.01569],[22.16955,-29.01849],[22.17601,-29.02162],[22.18373,-29.02654],[22.18605,-29.02668],[22.19273,-29.02982],[22.19637,-29.03669],[22.19948,-29.04096],[22.20803,-29.04542],[22.21207,-29.0499],[22.21188,-29.05727],[22.21092,-29.06121],[22.20667,-29.07278],[22.20427,-29.07661],[22.20418,-29.08184],[22.20686,-29.08604],[22.21254,-29.09071],[22.217939,-29.09879],[22.204653,-29.109103],[22.18125,-29.06241],[22.117,-29.01205],[22.1101,-28.99881],[22.08631,-28.95062],[22.07385,-28.94998],[21.99096,-28.94607],[21.97625,-28.97739],[21.96795,-28.9953],[21.96579,-29.00068],[21.95862,-29.01571],[21.91812,-29.04322],[21.894203,-29.059627],[21.893697,-29.059691],[21.838108,-29.097364],[21.883154,-29.146889],[21.89905,-29.16487],[21.94161,-29.22444],[21.95529,-29.24406],[21.96027,-29.25053],[21.97931,-29.27776],[21.96622,-29.29222],[21.92433,-29.33888],[21.91098,-29.35385],[21.87317,-29.37804],[21.84567,-29.39589],[21.86863,-29.41841],[21.8825,-29.43227],[21.89982,-29.44913],[21.88466,-29.46345],[21.86209,-29.48433],[21.84153,-29.50374],[21.81709,-29.52649],[21.79672,-29.54568],[21.78493,-29.55661],[21.79651,-29.5739],[21.82997,-29.62319],[21.80126,-29.64733],[21.77892,-29.66596],[21.7676,-29.68744],[21.76086,-29.7008],[21.749,-29.72224],[21.73707,-29.74532],[21.73476,-29.75044],[21.72161,-29.77482],[21.74135,-29.78957],[21.74955,-29.79603],[21.77812,-29.8172],[21.80107,-29.83441],[21.81142,-29.84196],[21.86066,-29.85803],[21.90543,-29.87277],[21.92824,-29.8801],[21.99628,-29.89879],[22.01035,-29.90244],[21.9995,-29.93654],[21.99436,-29.95381],[21.9996,-29.96679],[22.01241,-30.00025],[22.01421,-30.00578],[21.99953,-30.00963],[21.938355,-30.02428],[21.91628,-29.9937],[21.91456,-29.99111],[21.89937,-29.99821],[21.86335,-30.01412],[21.83267,-30.02787],[21.80165,-30.02055],[21.71451,-30.00015],[21.69475,-29.99544],[21.64355,-30.00658],[21.61342,-30.01299],[21.59218,-30.01156],[21.57528,-30.04441],[21.50741,-30.0313],[21.48269,-30.01803],[21.45945,-30.00523],[21.42567,-29.98638],[21.40832,-29.99644],[21.37134,-30.01746],[21.31922,-30.02624],[21.29017,-30.03128],[21.25009,-30.03805],[21.24298,-30.03909],[21.16524,-30.08565],[21.1602,-30.12619],[21.15224,-30.19177],[21.1622,-30.18952],[21.21069,-30.1793],[21.22034,-30.18411],[21.25976,-30.20414],[21.14918,-30.20767],[21.1449,-30.24092],[21.14306,-30.25623],[21.12766,-30.26654],[21.09893,-30.28623],[21.07488,-30.30257],[21.07291,-30.33225],[21.0743,-30.33252],[21.10849,-30.33558],[21.16596,-30.33756],[21.19436,-30.33836],[21.21981,-30.33293],[21.251486,-30.397023],[21.25437,-30.41233],[21.26515,-30.47343],[21.26522,-30.47444],[21.30811,-30.54356],[21.270915,-30.58947],[21.33642,-30.63832],[21.37533,-30.68894],[21.38152,-30.69924],[21.42092,-30.72859],[21.43379,-30.73234],[21.48344,-30.74608],[21.47361,-30.75641],[21.44769,-30.7842],[21.46509,-30.82044],[21.49331,-30.82814],[21.46961,-30.87524],[21.48421,-30.89063],[21.50341,-30.88805],[21.50198,-30.91481],[21.4831,-30.94476],[21.48583,-30.95738],[21.48303,-30.99386],[21.52555,-31.00348],[21.50982,-31.05722],[21.56725,-31.09692],[21.58809,-31.06192],[21.63774,-31.08326],[21.67069,-31.0976],[21.68805,-31.12702],[21.702215,-31.164755],[21.69379,-31.17011],[21.62186,-31.15136],[21.61455,-31.17507],[21.60824,-31.19731],[21.614755,-31.249901],[21.63603,-31.25478],[21.64612,-31.25678],[21.66425,-31.26099],[21.66924,-31.26185],[21.71482,-31.26315],[21.72614,-31.26384],[21.7624,-31.2714],[21.74727,-31.31582],[21.79602,-31.31629],[21.8137,-31.33343],[21.82283,-31.35351],[21.81449,-31.39777],[21.88016,-31.39952],[21.90072,-31.40697],[21.92983,-31.41806],[21.9378,-31.42588],[21.93278,-31.43424],[21.90022,-31.44315],[21.84988,-31.45644],[21.86548,-31.49732],[21.91989,-31.49116],[21.94484,-31.47259],[21.95326,-31.47073],[21.96195,-31.5122],[21.98789,-31.5581],[22.00053,-31.5662],[22.01166,-31.59045],[21.94971,-31.60098],[21.93398,-31.62178],[21.93227,-31.624325],[21.92868,-31.62127],[21.92162,-31.63473],[21.915515,-31.645715],[21.94406,-31.68224],[21.97297,-31.69225],[21.98541,-31.69585],[21.98676,-31.71991],[22.04958,-31.76998],[22.11614,-31.75842],[22.17973,-31.78169],[22.1879,-31.78137],[22.20401,-31.76403],[22.22079,-31.73264],[22.23738,-31.70298],[22.24988,-31.66466],[22.2601,-31.66247],[22.27292,-31.59254],[22.309,-31.58471],[22.31229,-31.58346],[22.34714,-31.60159],[22.35514,-31.60541],[22.43325,-31.63818],[22.49576,-31.67034],[22.50208,-31.67081],[22.54309,-31.67556],[22.564815,-31.67792],[22.56614,-31.71317],[22.61907,-31.72465],[22.6094,-31.73982],[22.595,-31.76993],[22.57834,-31.80551],[22.61492,-31.82287],[22.63176,-31.8234],[22.63117,-31.81991],[22.63276,-31.81621],[22.63527,-31.81491],[22.64212,-31.81619],[22.64413,-31.81437],[22.64632,-31.81546],[22.64754,-31.8196],[22.65153,-31.82167],[22.67705,-31.81551],[22.7351,-31.79938],[22.7575,-31.82754],[22.77688,-31.85691],[22.82529,-31.83766],[22.85897,-31.81829],[22.87472,-31.86164],[22.90195,-31.87577],[22.95382,-31.86297],[22.97583,-31.86083],[23.00675,-31.86887],[23.03871,-31.87745],[23.06739,-31.89074],[23.05226,-31.91029],[23.05259,-31.93978],[23.05867,-31.95484],[23.07089,-31.95381],[23.08762,-31.97229],[23.09849,-31.9777],[23.10435,-31.96061],[23.11884,-31.96007],[23.13945,-31.95154],[23.14478,-31.94311],[23.15191,-31.93977],[23.17116,-31.91814],[23.19151,-31.90458],[23.23037,-31.87569],[23.22503,-31.85404],[23.23084,-31.84831],[23.26236,-31.81539],[23.26344,-31.77834],[23.26614,-31.7732],[23.30242,-31.73015],[23.34511,-31.71089],[23.3871,-31.7148],[23.40709,-31.7138],[23.40173,-31.69957],[23.41645,-31.67222],[23.42314,-31.68214],[23.49611,-31.70269],[23.52389,-31.70533],[23.53547,-31.69177],[23.57453,-31.68917],[23.59449,-31.66225],[23.61914,-31.64943],[23.63948,-31.6601],[23.6607,-31.65614],[23.68875,-31.6496],[23.71513,-31.64704],[23.73449,-31.65457],[23.75649,-31.69571],[23.77747,-31.69706],[23.79741,-31.70576],[23.81566,-31.71416],[23.84155,-31.71506],[23.84762,-31.72922],[23.80852,-31.76366],[23.83715,-31.76791],[23.82935,-31.78027],[23.83785,-31.78334],[23.87863,-31.83368],[23.89404,-31.83678],[23.91587,-31.822],[23.91786,-31.79536],[23.94866,-31.77333],[23.95206,-31.75059],[23.95148,-31.74897],[23.96646,-31.71542],[23.96248,-31.70774],[23.96306,-31.70667],[23.99312,-31.70606],[24.04672,-31.70668],[24.02909,-31.72197],[24.02852,-31.73017],[24.04312,-31.76733],[24.05608,-31.77596],[24.07094,-31.80709],[24.07269,-31.80593],[24.09303,-31.79619],[24.10224,-31.79258],[24.12439,-31.79091],[24.15246,-31.78861]]]},"properties":{"code":"053"}},{"type":"Feature","geometry":{"type":"Polygon","coordinates":[[[29.299846,-29.498936],[29.30194,-29.50227],[29.30414,-29.50342],[29.30514,-29.50988],[29.30622,-29.51128],[29.30572,-29.51622],[29.29966,-29.5192],[29.29509,-29.51842],[29.29451,-29.51983],[29.29722,-29.52234],[29.30313,-29.52618],[29.3062,-29.53245],[29.30986,-29.53569],[29.31301,-29.53691],[29.31284,-29.54517],[29.30879,-29.54729],[29.30678,-29.54963],[29.30564,-29.55425],[29.30765,-29.55446],[29.31511,-29.55883],[29.3173,-29.56295],[29.32052,-29.56313],[29.32124,-29.56606],[29.32433,-29.56731],[29.32513,-29.5698],[29.31974,-29.5814],[29.31606,-29.58322],[29.30947,-29.58452],[29.30446,-29.58333],[29.30292,-29.5845],[29.29658,-29.58531],[29.2941,-29.58449],[29.28651,-29.58402],[29.2848,-29.58644],[29.28563,-29.59001],[29.28808,-29.59238],[29.28972,-29.59758],[29.29235,-29.60048],[29.29314,-29.60882],[29.29109,-29.61304],[29.29221,-29.61647],[29.28402,-29.62028],[29.28276,-29.62232],[29.2868,-29.62646],[29.28708,-29.62826],[29.28457,-29.63372],[29.28308,-29.64114],[29.27919,-29.64474],[29.27678,-29.64465],[29.27194,-29.64292],[29.26929,-29.64301],[29.26521,-29.63916],[29.25946,-29.63995],[29.25523,-29.64211],[29.2477,-29.64158],[29.23922,-29.64243],[29.23588,-29.63978],[29.23353,-29.64031],[29.23031,-29.64293],[29.23019,-29.64581],[29.22443,-29.64584],[29.22166,-29.64802],[29.2174,-29.64828],[29.21578,-29.65308],[29.21145,-29.65644],[29.20884,-29.65958],[29.20015,-29.65986],[29.19521,-29.66679],[29.19108,-29.67072],[29.18766,-29.67139],[29.18343,-29.66822],[29.18158,-29.66945],[29.17949,-29.67506],[29.17617,-29.6772],[29.17182,-29.67893],[29.16264,-29.67701],[29.15967,-29.68299],[29.16344,-29.68821],[29.16154,-29.69461],[29.16223,-29.69735],[29.16003,-29.69959],[29.15898,-29.70393],[29.1606,-29.70697],[29.15203,-29.70779],[29.14979,-29.70943],[29.14993,-29.71146],[29.14685,-29.71321],[29.14524,-29.71641],[29.14682,-29.72238],[29.15171,-29.73316],[29.1486,-29.73533],[29.14604,-29.74099],[29.14184,-29.74039],[29.13835,-29.73882],[29.13557,-29.74018],[29.13582,-29.74392],[29.13771,-29.74805],[29.14063,-29.7501],[29.13996,-29.75909],[29.13434,-29.76094],[29.13443,-29.7652],[29.12851,-29.76432],[29.12362,-29.76731],[29.13016,-29.77195],[29.131,-29.77405],[29.12938,-29.77723],[29.12995,-29.78257],[29.12936,-29.78928],[29.12636,-29.79205],[29.12494,-29.79519],[29.12483,-29.799],[29.12366,-29.80733],[29.12576,-29.80913],[29.12716,-29.81228],[29.13179,-29.81394],[29.13254,-29.81539],[29.12969,-29.81842],[29.12953,-29.82074],[29.13166,-29.82563],[29.13023,-29.82961],[29.12747,-29.8324],[29.12283,-29.83342],[29.11799,-29.83365],[29.11407,-29.84104],[29.11058,-29.84266],[29.10959,-29.84421],[29.10573,-29.84437],[29.10154,-29.84593],[29.10264,-29.85014],[29.10831,-29.85144],[29.11215,-29.85422],[29.11589,-29.85353],[29.11914,-29.85533],[29.12246,-29.85582],[29.12477,-29.85735],[29.13179,-29.85986],[29.13679,-29.8599],[29.13907,-29.86139],[29.13958,-29.86457],[29.14398,-29.86652],[29.14524,-29.87002],[29.14107,-29.87549],[29.14141,-29.87714],[29.14665,-29.87983],[29.14888,-29.88393],[29.15475,-29.8849],[29.15999,-29.88289],[29.16317,-29.88439],[29.16212,-29.88778],[29.16357,-29.89245],[29.16105,-29.89524],[29.16158,-29.90307],[29.15822,-29.90516],[29.16117,-29.90834],[29.16446,-29.90874],[29.16509,-29.9102],[29.168825,-29.912705],[29.16942,-29.91632],[29.16212,-29.92136],[29.15802,-29.92192],[29.15479,-29.92588],[29.15101,-29.92481],[29.14695,-29.92541],[29.14417,-29.92706],[29.13641,-29.92957],[29.13347,-29.92898],[29.12512,-29.93029],[29.12219,-29.93304],[29.11826,-29.93334],[29.11496,-29.93692],[29.11098,-29.93575],[29.10899,-29.93697],[29.10908,-29.94229],[29.10645,-29.94432],[29.10438,-29.95118],[29.10447,-29.95476],[29.10258,-29.95757],[29.10393,-29.95872],[29.10336,-29.96178],[29.10372,-29.96698],[29.08381,-29.95307],[29.0683,-29.97047],[29.06709,-29.97236],[29.05955,-29.97766],[29.05093,-29.98219],[29.0446,-29.98215],[29.04208,-29.98488],[29.03924,-29.9841],[29.0327,-29.98695],[29.03344,-29.99226],[29.02996,-29.99721],[29.02432,-29.99924],[29.01983,-29.99691],[29.01474,-30.0018],[29.01102,-30.00455],[29.00589,-30.00443],[29.00284,-30.00639],[29.00183,-30.00848],[28.99728,-30.01166],[28.99625,-30.01456],[28.99076,-30.02017],[28.99018,-30.02729],[28.98533,-30.03137],[28.97791,-30.02978],[28.97595,-30.03234],[28.97194,-30.03237],[28.96794,-30.03412],[28.96479,-30.0331],[28.96023,-30.03807],[28.95785,-30.03914],[28.95433,-30.03915],[28.95222,-30.03667],[28.9475,-30.03699],[28.94079,-30.03652],[28.93574,-30.04945],[28.92344,-30.05399],[28.92173,-30.05307],[28.91888,-30.05805],[28.91063,-30.05919],[28.90398,-30.0645],[28.90307,-30.06591],[28.89826,-30.06454],[28.89546,-30.06519],[28.89351,-30.06871],[28.88999,-30.06816],[28.88244,-30.07051],[28.87894,-30.06982],[28.87523,-30.07346],[28.87063,-30.07453],[28.86981,-30.07772],[28.85753,-30.07756],[28.85748,-30.08349],[28.85941,-30.08558],[28.85879,-30.08823],[28.85446,-30.09049],[28.85148,-30.09007],[28.8459,-30.09202],[28.83895,-30.09209],[28.83129,-30.09761],[28.82622,-30.09555],[28.81951,-30.09763],[28.8076,-30.09734],[28.80073,-30.10037],[28.79498,-30.10083],[28.79567,-30.1035],[28.79167,-30.1079],[28.79117,-30.1094],[28.78559,-30.10861],[28.77712,-30.10819],[28.77102,-30.10722],[28.76958,-30.10761],[28.7618,-30.10549],[28.75618,-30.10559],[28.7473,-30.10738],[28.74605,-30.10916],[28.74172,-30.11217],[28.74185,-30.11428],[28.7392,-30.11587],[28.73612,-30.1123],[28.73178,-30.11342],[28.7275,-30.11345],[28.72416,-30.11553],[28.7218,-30.11506],[28.71819,-30.11789],[28.70902,-30.1196],[28.70502,-30.12241],[28.70204,-30.12629],[28.69892,-30.12683],[28.69541,-30.1244],[28.68989,-30.12429],[28.68851,-30.12831],[28.68507,-30.12874],[28.67825,-30.13395],[28.67164,-30.13613],[28.66945,-30.13749],[28.66761,-30.14071],[28.66497,-30.14043],[28.65838,-30.1375],[28.65363,-30.13758],[28.65017,-30.1337],[28.64307,-30.13397],[28.63836,-30.13155],[28.63432,-30.13107],[28.62995,-30.1322],[28.62694,-30.13173],[28.62272,-30.13321],[28.61933,-30.1355],[28.61026,-30.13247],[28.60468,-30.13136],[28.59739,-30.13069],[28.58995,-30.12679],[28.58461,-30.1276],[28.57986,-30.12591],[28.57585,-30.12739],[28.56825,-30.12286],[28.5642,-30.12389],[28.55372,-30.12396],[28.55129,-30.1209],[28.54693,-30.1231],[28.5443,-30.12299],[28.53667,-30.12485],[28.53349,-30.12676],[28.53255,-30.13191],[28.52383,-30.13638],[28.51668,-30.13878],[28.51254,-30.14284],[28.50695,-30.14461],[28.49983,-30.15099],[28.48893,-30.14985],[28.4879,-30.14926],[28.48064,-30.14895],[28.47364,-30.15279],[28.47291,-30.15492],[28.46728,-30.15422],[28.46498,-30.1549],[28.46074,-30.15452],[28.45709,-30.15742],[28.45147,-30.15784],[28.44553,-30.15569],[28.44117,-30.15589],[28.43764,-30.15432],[28.43404,-30.15402],[28.4228,-30.15043],[28.41927,-30.14855],[28.41749,-30.14884],[28.40944,-30.14552],[28.40354,-30.14477],[28.3998,-30.14368],[28.39745,-30.14466],[28.39595,-30.14834],[28.39585,-30.15142],[28.39267,-30.15587],[28.39229,-30.15905],[28.39045,-30.15939],[28.39017,-30.16282],[28.38484,-30.16473],[28.38169,-30.1694],[28.37485,-30.16911],[28.37029,-30.16965],[28.3651,-30.16862],[28.3598,-30.17803],[28.35821,-30.18481],[28.35546,-30.19058],[28.35631,-30.19224],[28.35204,-30.19668],[28.34896,-30.20488],[28.3491,-30.20697],[28.34515,-30.21276],[28.34537,-30.21527],[28.34773,-30.21692],[28.34512,-30.21882],[28.34339,-30.22383],[28.34777,-30.22886],[28.34585,-30.23207],[28.34029,-30.23461],[28.33803,-30.23373],[28.33308,-30.23387],[28.3307,-30.22994],[28.32881,-30.23387],[28.32521,-30.23715],[28.32117,-30.23811],[28.31938,-30.24042],[28.31349,-30.24067],[28.31123,-30.24539],[28.31088,-30.25039],[28.30571,-30.25508],[28.30167,-30.25636],[28.29622,-30.25535],[28.28981,-30.25735],[28.2863,-30.25744],[28.28269,-30.25556],[28.27249,-30.25583],[28.26913,-30.25295],[28.26288,-30.25226],[28.26018,-30.25627],[28.25532,-30.25686],[28.25271,-30.25794],[28.24786,-30.25814],[28.24461,-30.25749],[28.24052,-30.25953],[28.23643,-30.25994],[28.23588,-30.266],[28.22897,-30.27116],[28.22355,-30.273],[28.22313,-30.27545],[28.21979,-30.27816],[28.21777,-30.28243],[28.21459,-30.2864],[28.20969,-30.28832],[28.20691,-30.29067],[28.21184,-30.29638],[28.2123,-30.29912],[28.21463,-30.30237],[28.21536,-30.30681],[28.22051,-30.30897],[28.22861,-30.30886],[28.22977,-30.31185],[28.23295,-30.31501],[28.23665,-30.31651],[28.24207,-30.3177],[28.24788,-30.32329],[28.25278,-30.32332],[28.25655,-30.32494],[28.2528,-30.32758],[28.25682,-30.3298],[28.25554,-30.33145],[28.25239,-30.33219],[28.25146,-30.33623],[28.25286,-30.34207],[28.25692,-30.34656],[28.26164,-30.34644],[28.26497,-30.34831],[28.26879,-30.35176],[28.27103,-30.35645],[28.26779,-30.36038],[28.26847,-30.36411],[28.27007,-30.36684],[28.27078,-30.37082],[28.26877,-30.37373],[28.26684,-30.37803],[28.26685,-30.38472],[28.26394,-30.3863],[28.26268,-30.39142],[28.26053,-30.3952],[28.25865,-30.40229],[28.25406,-30.40357],[28.25293,-30.40517],[28.25561,-30.41244],[28.25765,-30.41638],[28.25731,-30.41832],[28.25056,-30.41951],[28.24829,-30.41849],[28.24707,-30.41607],[28.24444,-30.41436],[28.23953,-30.41307],[28.23731,-30.41818],[28.23224,-30.42075],[28.23211,-30.42362],[28.22996,-30.42649],[28.22896,-30.43008],[28.22687,-30.43084],[28.21697,-30.43106],[28.20972,-30.43473],[28.20627,-30.43722],[28.20276,-30.43514],[28.19723,-30.4331],[28.1943,-30.43457],[28.19027,-30.4352],[28.18773,-30.43459],[28.17956,-30.43892],[28.17701,-30.44244],[28.17732,-30.4446],[28.17253,-30.45063],[28.16654,-30.45388],[28.16496,-30.45602],[28.16461,-30.45975],[28.16248,-30.46202],[28.15864,-30.463485],[28.15635,-30.46554],[28.15518,-30.46914],[28.15559,-30.47183],[28.1646,-30.47616],[28.16536,-30.48016],[28.16708,-30.48333],[28.17456,-30.48643],[28.17886,-30.48946],[28.18049,-30.49359],[28.18067,-30.50143],[28.17533,-30.50321],[28.17473,-30.50555],[28.17243,-30.50827],[28.17487,-30.51417],[28.17491,-30.51756],[28.17735,-30.52241],[28.17651,-30.52703],[28.1695,-30.52752],[28.16674,-30.52972],[28.16611,-30.53225],[28.16351,-30.53548],[28.16299,-30.53895],[28.15875,-30.54176],[28.15696,-30.54421],[28.15809,-30.54867],[28.15968,-30.55177],[28.16355,-30.55593],[28.16069,-30.56003],[28.16259,-30.56284],[28.15934,-30.56834],[28.16044,-30.57249],[28.15357,-30.57584],[28.15074,-30.5843],[28.14559,-30.58556],[28.14193,-30.58835],[28.14109,-30.59046],[28.13776,-30.59224],[28.13081,-30.59163],[28.12273,-30.59587],[28.12193,-30.59868],[28.11413,-30.59903],[28.11301,-30.60022],[28.11057,-30.60868],[28.11277,-30.61186],[28.11221,-30.6147],[28.11881,-30.62266],[28.11706,-30.6262],[28.11767,-30.63332],[28.11633,-30.6348],[28.1175,-30.64018],[28.12102,-30.64295],[28.12357,-30.64932],[28.12322,-30.65201],[28.1238,-30.65941],[28.1232,-30.66339],[28.11768,-30.66867],[28.14122,-30.65979],[28.14572,-30.67067],[28.16229,-30.69279],[28.14797,-30.70003],[28.15143,-30.71776],[28.1315,-30.74264],[28.1286,-30.75148],[28.12413,-30.76678],[28.12042,-30.77817],[28.13816,-30.78216],[28.13031,-30.78741],[28.12553,-30.79121],[28.13002,-30.81828],[28.13213,-30.8353],[28.12143,-30.84004],[28.11774,-30.86133],[28.10302,-30.87495],[28.09568,-30.89174],[28.07862,-30.91306],[28.07579,-30.92378],[28.08075,-30.93946],[28.0596,-30.9495],[28.06589,-30.96544],[28.05114,-30.97433],[28.05517,-30.98494],[28.05836,-30.99465],[28.06305,-31.00758],[28.06394,-31.01257],[28.04167,-31.02732],[28.02368,-31.03895],[27.981575,-31.076515],[27.98291,-31.10979],[27.98498,-31.14937],[27.98549,-31.15199],[27.97729,-31.17394],[27.96848,-31.19853],[27.94946,-31.20385],[27.94109,-31.21386],[27.931252,-31.234014],[27.98852,-31.24041],[27.99652,-31.25631],[28.01637,-31.25887],[28.03844,-31.28116],[28.05063,-31.28729],[28.05585,-31.29594],[28.06442,-31.30888],[28.08077,-31.32375],[28.10139,-31.31396],[28.11106,-31.29264],[28.12122,-31.30012],[28.14656,-31.3004],[28.14281,-31.31244],[28.1516,-31.31143],[28.16681,-31.31027],[28.17304,-31.30408],[28.18983,-31.31199],[28.19763,-31.31594],[28.20573,-31.31487],[28.21616,-31.3128],[28.22194,-31.32438],[28.22954,-31.33011],[28.24015,-31.33113],[28.25382,-31.33399],[28.25284,-31.34589],[28.25136,-31.35653],[28.2607,-31.37044],[28.280983,-31.390176],[28.29377,-31.4167],[28.3107,-31.42241],[28.3222,-31.42847],[28.32792,-31.43783],[28.32838,-31.4431],[28.33122,-31.44748],[28.33702,-31.44766],[28.35288,-31.4614],[28.365595,-31.4639],[28.381265,-31.48],[28.37595,-31.48006],[28.37317,-31.49033],[28.36341,-31.50223],[28.37334,-31.52389],[28.36916,-31.53804],[28.37416,-31.53771],[28.38245,-31.55298],[28.3811,-31.55801],[28.36436,-31.57323],[28.36325,-31.57773],[28.35431,-31.5732],[28.35132,-31.57648],[28.34364,-31.57742],[28.33936,-31.57856],[28.33928,-31.58065],[28.33665,-31.58188],[28.3353,-31.58576],[28.33327,-31.58718],[28.32555,-31.58645],[28.32206,-31.5893],[28.3195,-31.5948],[28.32042,-31.59622],[28.31761,-31.60088],[28.31512,-31.60351],[28.3156,-31.60582],[28.31346,-31.60791],[28.31345,-31.61007],[28.31139,-31.613],[28.30901,-31.61832],[28.31006,-31.62002],[28.30941,-31.6257],[28.31159,-31.62637],[28.31237,-31.63051],[28.3175,-31.62872],[28.32197,-31.63283],[28.32285,-31.63544],[28.32103,-31.63774],[28.31364,-31.64126],[28.31667,-31.64311],[28.31665,-31.64575],[28.31291,-31.65025],[28.31037,-31.6512],[28.30382,-31.65115],[28.30247,-31.65282],[28.30766,-31.65624],[28.31359,-31.65727],[28.31868,-31.65357],[28.32062,-31.65591],[28.32101,-31.66],[28.31954,-31.66218],[28.31546,-31.66346],[28.31039,-31.66333],[28.30999,-31.66623],[28.310713,-31.67028],[28.31332,-31.67172],[28.30471,-31.676],[28.30889,-31.67904],[28.31064,-31.68263],[28.31075,-31.68716],[28.31209,-31.68865],[28.31556,-31.68869],[28.31909,-31.6898],[28.32282,-31.69319],[28.32701,-31.6928],[28.329505,-31.694625],[28.33186,-31.702],[28.32876,-31.70574],[28.3297,-31.7074],[28.33617,-31.70958],[28.34253,-31.71236],[28.34414,-31.71696],[28.34188,-31.71941],[28.34044,-31.7247],[28.33517,-31.72875],[28.33605,-31.73109],[28.34073,-31.73373],[28.34444,-31.73459],[28.34562,-31.73727],[28.3445,-31.74252],[28.34782,-31.74436],[28.35366,-31.74339],[28.3568,-31.74482],[28.35667,-31.74811],[28.35144,-31.74925],[28.34133,-31.7504],[28.33782,-31.75553],[28.33862,-31.7597],[28.34551,-31.76322],[28.34912,-31.76381],[28.35058,-31.76649],[28.35033,-31.77263],[28.34731,-31.77808],[28.34814,-31.7799],[28.35282,-31.78162],[28.35289,-31.78379],[28.34549,-31.78534],[28.34071,-31.78807],[28.33497,-31.78931],[28.33248,-31.78808],[28.32937,-31.78498],[28.32503,-31.78548],[28.32386,-31.79076],[28.32652,-31.79447],[28.33782,-31.80447],[28.34611,-31.80768],[28.35129,-31.81098],[28.34679,-31.81208],[28.34219,-31.81456],[28.33943,-31.81851],[28.3409,-31.82143],[28.3441,-31.82312],[28.34994,-31.82418],[28.35197,-31.82865],[28.35669,-31.8324],[28.36096,-31.84238],[28.36299,-31.84541],[28.36609,-31.84724],[28.36871,-31.8446],[28.36686,-31.83982],[28.36754,-31.83672],[28.37007,-31.8349],[28.38254,-31.83568],[28.38561,-31.8379],[28.38653,-31.84002],[28.38527,-31.84497],[28.37892,-31.85188],[28.37861,-31.8552],[28.38011,-31.85734],[28.38441,-31.85969],[28.38759,-31.85822],[28.39199,-31.85206],[28.39513,-31.85044],[28.40115,-31.84995],[28.40385,-31.85124],[28.40975,-31.85628],[28.41477,-31.85922],[28.41779,-31.86206],[28.41801,-31.86509],[28.41522,-31.86902],[28.40764,-31.87146],[28.406,-31.8734],[28.40542,-31.87706],[28.40816,-31.87923],[28.41429,-31.87659],[28.4199,-31.87079],[28.4242,-31.86892],[28.42745,-31.87023],[28.42961,-31.87546],[28.4294,-31.87971],[28.42609,-31.88741],[28.42628,-31.88899],[28.42946,-31.89203],[28.43558,-31.89373],[28.44148,-31.89629],[28.44258,-31.89771],[28.44025,-31.90818],[28.44205,-31.91426],[28.44423,-31.91771],[28.44729,-31.91954],[28.45582,-31.92276],[28.45835,-31.92481],[28.46056,-31.92495],[28.464,-31.92143],[28.46663,-31.91406],[28.46917,-31.91081],[28.47533,-31.90974],[28.47801,-31.91351],[28.47837,-31.91691],[28.47724,-31.91877],[28.46895,-31.92297],[28.46757,-31.92482],[28.46783,-31.92922],[28.47131,-31.93365],[28.47675,-31.93496],[28.48284,-31.93428],[28.48984,-31.93511],[28.49403,-31.93486],[28.49927,-31.9314],[28.50409,-31.92999],[28.50733,-31.93009],[28.51151,-31.93145],[28.51546,-31.93414],[28.51303,-31.93948],[28.511535,-31.947582],[28.51025,-31.95204],[28.50856,-31.95399],[28.50417,-31.95505],[28.49822,-31.95288],[28.48756,-31.95106],[28.48065,-31.95201],[28.47719,-31.95351],[28.47309,-31.95715],[28.47267,-31.95893],[28.46962,-31.96106],[28.46519,-31.96782],[28.46652,-31.9721],[28.4695,-31.97424],[28.47331,-31.97454],[28.4822,-31.97404],[28.48619,-31.97263],[28.48997,-31.96908],[28.49353,-31.96909],[28.50784,-31.97218],[28.51307,-31.97282],[28.52258,-31.9733],[28.52876,-31.97181],[28.53098,-31.96834],[28.52901,-31.96512],[28.52493,-31.96448],[28.52108,-31.96135],[28.52141,-31.95725],[28.5232,-31.95574],[28.52675,-31.95557],[28.53166,-31.95764],[28.53613,-31.96399],[28.53777,-31.96917],[28.5413,-31.97613],[28.54462,-31.98105],[28.54648,-31.98489],[28.5451,-31.98827],[28.54207,-31.98853],[28.53509,-31.98209],[28.52925,-31.97975],[28.52266,-31.9799],[28.51919,-31.98328],[28.51885,-31.98836],[28.51957,-31.99005],[28.52375,-31.99367],[28.53105,-31.99547],[28.53789,-31.99454],[28.54439,-31.99429],[28.54942,-31.99143],[28.55175,-31.98799],[28.55493,-31.97991],[28.55838,-31.97929],[28.56478,-31.98232],[28.57047,-31.98772],[28.57513,-31.99471],[28.57844,-31.998],[28.58205,-32.00022],[28.58652,-32.00096],[28.58893,-32.00018],[28.5913,-31.99731],[28.59152,-31.99182],[28.59046,-31.98809],[28.58568,-31.98132],[28.58055,-31.97542],[28.57901,-31.97092],[28.58118,-31.96831],[28.586,-31.96736],[28.59395,-31.96983],[28.59782,-31.97173],[28.6061,-31.97813],[28.61195,-31.98426],[28.61304,-31.9873],[28.61114,-31.9924],[28.60948,-31.99333],[28.60472,-31.99198],[28.60159,-31.99295],[28.60161,-31.9964],[28.60405,-31.99865],[28.60823,-31.99939],[28.61341,-31.99701],[28.61733,-31.99408],[28.62244,-31.99322],[28.62636,-31.99512],[28.62798,-31.99845],[28.62792,-32.00191],[28.62628,-32.00375],[28.62235,-32.0049],[28.61837,-32.00456],[28.61288,-32.00219],[28.60777,-32.00143],[28.60219,-32.00316],[28.59885,-32.00673],[28.59894,-32.01087],[28.6042,-32.01532],[28.61322,-32.01936],[28.62095,-32.02005],[28.62569,-32.01855],[28.63023,-32.01811],[28.63521,-32.01952],[28.64371,-32.024355],[28.64773,-32.01879],[28.65248,-32.01722],[28.65339,-32.01477],[28.6576,-32.01279],[28.6611,-32.00916],[28.66468,-32.00727],[28.66785,-32.0033],[28.66958,-32.00344],[28.67763,-32.00002],[28.67835,-31.99805],[28.67407,-31.9969],[28.67133,-31.99494],[28.66458,-31.99547],[28.66291,-31.99716],[28.65794,-31.99375],[28.66139,-31.98989],[28.66496,-31.98784],[28.66876,-31.98734],[28.67116,-31.98475],[28.6765,-31.98071],[28.67765,-31.97869],[28.67431,-31.9781],[28.66287,-31.97872],[28.661,-31.97015],[28.66292,-31.96579],[28.66605,-31.96381],[28.66794,-31.96098],[28.67353,-31.95821],[28.67816,-31.95748],[28.6795,-31.95633],[28.68541,-31.95704],[28.69186,-31.96013],[28.69509,-31.95878],[28.69842,-31.95906],[28.69996,-31.96193],[28.69506,-31.96439],[28.69721,-31.9678],[28.69788,-31.97544],[28.69579,-31.98102],[28.69229,-31.98627],[28.69894,-31.98362],[28.70275,-31.98143],[28.70494,-31.98298],[28.70631,-31.98647],[28.70489,-31.99012],[28.69838,-31.99503],[28.70367,-31.9968],[28.70912,-31.99728],[28.70963,-32.00408],[28.71277,-32.00766],[28.71746,-32.00632],[28.72022,-32.00989],[28.72924,-32.01138],[28.73356,-32.00895],[28.73709,-32.0143],[28.73719,-32.01645],[28.74244,-32.01997],[28.74618,-32.02173],[28.74551,-32.02949],[28.74489,-32.03062],[28.74966,-32.03549],[28.75321,-32.03567],[28.75541,-32.03686],[28.75986,-32.04167],[28.76415,-32.04291],[28.77402,-32.0427],[28.78022,-32.04583],[28.7822,-32.046],[28.79013,-32.04342],[28.7879,-32.04019],[28.78787,-32.03643],[28.79096,-32.03242],[28.79664,-32.02795],[28.80004,-32.0237],[28.80145,-32.02001],[28.79723,-32.01896],[28.7946,-32.01598],[28.78627,-32.01397],[28.78626,-32.01186],[28.78886,-32.01031],[28.79294,-32.01135],[28.79572,-32.01097],[28.80252,-32.01401],[28.80705,-32.01512],[28.8086,-32.01351],[28.80368,-32.00654],[28.80296,-32.00316],[28.80528,-32.00011],[28.80873,-31.99942],[28.80951,-32.00429],[28.81178,-32.00438],[28.81455,-32.00119],[28.81931,-32.00586],[28.82066,-32.00254],[28.82458,-32.00016],[28.82712,-32.00643],[28.829,-31.99965],[28.83095,-31.99737],[28.83695,-32.00114],[28.84083,-32.00148],[28.83948,-31.99746],[28.83011,-31.99663],[28.82831,-31.99486],[28.83324,-31.99345],[28.83297,-31.98977],[28.83374,-31.98655],[28.83785,-31.98472],[28.83871,-31.9896],[28.84264,-31.9889],[28.84265,-31.98307],[28.84549,-31.98359],[28.84754,-31.98539],[28.85047,-31.98574],[28.85334,-31.98348],[28.85369,-31.98179],[28.84761,-31.98027],[28.84825,-31.97634],[28.85415,-31.97616],[28.85563,-31.97041],[28.8608,-31.9659],[28.86341,-31.96557],[28.86449,-31.96317],[28.86752,-31.96029],[28.87469,-31.962935],[28.87641,-31.96575],[28.88107,-31.9661],[28.8824,-31.96406],[28.88533,-31.96261],[28.88559,-31.957],[28.88735,-31.95367],[28.89006,-31.95416],[28.89248,-31.95296],[28.89929,-31.95159],[28.90337,-31.95135],[28.90561,-31.95332],[28.90982,-31.95315],[28.91276,-31.95048],[28.9175,-31.95181],[28.91957,-31.94725],[28.92194,-31.945],[28.92587,-31.94462],[28.9264,-31.94793],[28.92838,-31.94762],[28.93137,-31.94941],[28.93329,-31.94803],[28.93521,-31.95202],[28.9418,-31.95387],[28.94048,-31.95599],[28.94226,-31.96007],[28.94377,-31.96062],[28.94799,-31.95858],[28.95044,-31.9603],[28.94941,-31.96478],[28.95496,-31.96448],[28.95613,-31.96516],[28.95971,-31.97207],[28.95925,-31.97864],[28.96376,-31.97841],[28.96915,-31.98786],[28.97392,-31.9859],[28.98124,-31.98449],[28.98157,-31.98667],[28.98527,-31.99024],[28.991,-31.99071],[28.99159,-31.99367],[28.99363,-31.9959],[28.99677,-31.99645],[28.99921,-32.00019],[29.00223,-32.00063],[29.01111,-32.00744],[29.01203,-32.01196],[29.01543,-32.01534],[29.01989,-32.01419],[29.02466,-32.01495],[29.0252,-32.01717],[29.03049,-32.02136],[29.03301,-32.0295],[29.03938,-32.03394],[29.0396,-32.03567],[29.03727,-32.04056],[29.042438,-32.042055],[29.04321,-32.03947],[29.04832,-32.03953],[29.05279,-32.03731],[29.05642,-32.03712],[29.06399,-32.0349],[29.06575,-32.03526],[29.0683,-32.03811],[29.07284,-32.04058],[29.07348,-32.04304],[29.067701,-32.04876],[29.07434,-32.04976],[29.0778,-32.04701],[29.08365,-32.04578],[29.08629,-32.047425],[29.08569,-32.05203],[29.089,-32.05136],[29.09248,-32.05192],[29.09481,-32.05508],[29.09213,-32.05628],[29.09341,-32.05935],[29.09954,-32.05509],[29.10087,-32.05317],[29.10242,-32.04679],[29.10717,-32.04428],[29.10666,-32.04044],[29.11137,-32.03933],[29.11297,-32.03713],[29.1113,-32.03259],[29.1148,-32.03256],[29.11515,-32.03068],[29.1193,-32.02782],[29.12412,-32.02768],[29.12272,-32.02447],[29.12535,-32.02189],[29.13017,-32.0191],[29.12971,-32.0139],[29.13217,-32.01275],[29.13116,-32.00846],[29.13304,-32.00403],[29.13714,-32.0032],[29.13575,-32.00002],[29.13582,-31.99591],[29.14253,-31.99172],[29.14734,-31.99008],[29.1535,-31.98628],[29.15081,-31.9837],[29.15392,-31.97969],[29.1602,-31.97795],[29.16297,-31.97226],[29.16747,-31.97122],[29.16738,-31.96714],[29.1685,-31.96539],[29.17578,-31.96055],[29.17819,-31.9595],[29.18191,-31.95559],[29.18323,-31.9528],[29.1863,-31.94963],[29.19134,-31.94806],[29.19647,-31.94743],[29.19866,-31.94806],[29.20156,-31.94614],[29.20534,-31.94639],[29.20771,-31.94482],[29.21235,-31.9451],[29.2168,-31.93952],[29.21645,-31.93697],[29.21383,-31.93645],[29.2145,-31.93111],[29.22261,-31.92735],[29.22533,-31.92445],[29.22587,-31.91901],[29.23207,-31.91504],[29.23412,-31.91141],[29.23415,-31.90911],[29.24175,-31.90419],[29.24212,-31.9021],[29.24467,-31.90011],[29.24487,-31.89795],[29.24184,-31.89523],[29.24608,-31.89219],[29.24744,-31.88947],[29.25595,-31.88543],[29.25832,-31.88543],[29.26176,-31.88124],[29.26046,-31.87807],[29.26217,-31.87566],[29.26048,-31.86977],[29.26289,-31.86827],[29.26388,-31.86307],[29.26817,-31.85931],[29.27285,-31.85878],[29.27928,-31.85132],[29.27973,-31.84811],[29.2835,-31.84693],[29.28453,-31.84393],[29.28648,-31.84382],[29.29032,-31.8402],[29.29185,-31.83768],[29.29205,-31.83482],[29.29721,-31.83137],[29.29951,-31.83116],[29.3016,-31.82921],[29.30113,-31.82632],[29.30629,-31.82523],[29.3088,-31.82136],[29.3128,-31.81829],[29.31475,-31.81533],[29.31995,-31.81289],[29.3204,-31.81048],[29.32796,-31.80776],[29.33099,-31.80693],[29.33594,-31.80815],[29.34025,-31.8055],[29.34631,-31.80494],[29.34858,-31.80222],[29.34903,-31.79957],[29.34497,-31.79423],[29.34713,-31.79176],[29.34978,-31.79273],[29.35271,-31.78876],[29.35537,-31.78706],[29.3564,-31.78409],[29.35646,-31.78017],[29.35772,-31.77567],[29.35691,-31.77198],[29.35678,-31.76505],[29.35612,-31.7625],[29.35672,-31.75852],[29.36188,-31.75738],[29.36978,-31.75121],[29.37276,-31.74836],[29.38156,-31.7478],[29.38455,-31.7462],[29.38746,-31.74157],[29.39443,-31.73716],[29.39992,-31.73596],[29.40277,-31.7342],[29.40253,-31.72967],[29.40587,-31.72775],[29.4042,-31.72545],[29.4035,-31.71909],[29.40526,-31.71689],[29.41151,-31.71407],[29.41239,-31.70676],[29.41748,-31.70217],[29.41719,-31.7002],[29.42164,-31.69542],[29.42519,-31.69414],[29.42226,-31.69169],[29.42833,-31.68775],[29.43746,-31.68468],[29.44037,-31.68539],[29.44527,-31.68121],[29.44979,-31.67919],[29.45931,-31.67627],[29.46914,-31.67764],[29.47386,-31.67739],[29.47701,-31.67506],[29.48426,-31.67361],[29.49063,-31.6707],[29.49216,-31.66835],[29.49665,-31.66507],[29.50187,-31.66471],[29.50228,-31.66195],[29.50475,-31.65749],[29.50796,-31.65509],[29.51116,-31.65585],[29.51532,-31.65493],[29.51803,-31.65171],[29.51778,-31.65006],[29.52036,-31.64837],[29.52857,-31.64842],[29.53302,-31.6478],[29.5386,-31.64596],[29.54044,-31.6432],[29.54481,-31.64257],[29.54739,-31.63848],[29.55159,-31.63702],[29.55339,-31.63472],[29.54856,-31.63139],[29.549103,-31.628038],[29.55315,-31.62572],[29.55688,-31.62255],[29.56029,-31.62131],[29.57235,-31.61435],[29.5827,-31.60882],[29.58959,-31.60824],[29.59202,-31.60701],[29.59533,-31.6037],[29.59714,-31.60384],[29.60109,-31.60014],[29.60285,-31.59987],[29.60395,-31.59681],[29.6086,-31.59574],[29.60756,-31.59314],[29.61285,-31.59029],[29.62391,-31.58601],[29.62679,-31.5833],[29.62609,-31.58163],[29.62946,-31.57703],[29.63018,-31.57288],[29.63367,-31.57059],[29.63384,-31.5668],[29.63688,-31.56383],[29.64123,-31.56135],[29.64484,-31.56018],[29.65182,-31.55691],[29.65741,-31.55335],[29.65886,-31.55114],[29.66167,-31.54958],[29.66548,-31.55188],[29.67025,-31.54918],[29.67657,-31.543],[29.6799,-31.53832],[29.68465,-31.53522],[29.68451,-31.52999],[29.68725,-31.52734],[29.69098,-31.5282],[29.69513,-31.52646],[29.69882,-31.52074],[29.7045,-31.51538],[29.71173,-31.50676],[29.71533,-31.49851],[29.71874,-31.49584],[29.72099,-31.49636],[29.72271,-31.49201],[29.72071,-31.48583],[29.72106,-31.4825],[29.72421,-31.48203],[29.72683,-31.48329],[29.73052,-31.48257],[29.7343,-31.47908],[29.73335,-31.47543],[29.73427,-31.47337],[29.73483,-31.46745],[29.73827,-31.4644],[29.74008,-31.46683],[29.74959,-31.46067],[29.75919,-31.45239],[29.76501,-31.45276],[29.76679,-31.44985],[29.77025,-31.44844],[29.77124,-31.44612],[29.77632,-31.44824],[29.78081,-31.44583],[29.78329,-31.44352],[29.78758,-31.44446],[29.79278,-31.44283],[29.80614,-31.44239],[29.81073,-31.44412],[29.8176,-31.44378],[29.82336,-31.4426],[29.82997,-31.44238],[29.83446,-31.44325],[29.83641,-31.44125],[29.84307,-31.43729],[29.84646,-31.43427],[29.85366,-31.43035],[29.85863,-31.4296],[29.86085,-31.42765],[29.86352,-31.42356],[29.86595,-31.42361],[29.86857,-31.4217],[29.87006,-31.41851],[29.87374,-31.41422],[29.87344,-31.41009],[29.87467,-31.40724],[29.87861,-31.40605],[29.88659,-31.40153],[29.89086,-31.40022],[29.89888,-31.39674],[29.9051,-31.39348],[29.90728,-31.39084],[29.90679,-31.38694],[29.90451,-31.38504],[29.90536,-31.38158],[29.9114,-31.38085],[29.91436,-31.37905],[29.91925,-31.37484],[29.92145,-31.37087],[29.92868,-31.36787],[29.93346,-31.36424],[29.93772,-31.36299],[29.94014,-31.36103],[29.94058,-31.35688],[29.94191,-31.35489],[29.94811,-31.35151],[29.95427,-31.34698],[29.95796,-31.34499],[29.96024,-31.33964],[29.96458,-31.33528],[29.9646,-31.32941],[29.96778,-31.32844],[29.96877,-31.3255],[29.9666,-31.32461],[29.96603,-31.32046],[29.9708,-31.31864],[29.97412,-31.31895],[29.98205,-31.31608],[29.98901,-31.311],[29.99101,-31.31106],[29.99506,-31.30867],[30.00439,-31.30034],[30.00787,-31.29804],[30.01354,-31.29102],[30.01347,-31.28906],[30.01077,-31.28792],[30.01752,-31.28393],[30.02681,-31.27536],[30.03032,-31.27374],[30.03599,-31.26881],[30.0394,-31.26483],[30.03946,-31.26253],[30.04399,-31.25922],[30.04568,-31.25612],[30.04554,-31.25193],[30.04764,-31.24756],[30.05061,-31.24605],[30.05519,-31.24554],[30.05845,-31.24412],[30.06872,-31.23766],[30.06961,-31.23433],[30.06861,-31.22811],[30.06987,-31.2215],[30.0728,-31.21898],[30.07853,-31.21618],[30.0852,-31.21109],[30.08816,-31.20621],[30.09742,-31.19308],[30.1024,-31.19206],[30.1021,-31.1893],[30.10331,-31.18649],[30.1093,-31.18404],[30.11308,-31.18337],[30.11587,-31.18165],[30.11955,-31.17798],[30.12317,-31.17328],[30.12681,-31.16645],[30.12689,-31.1642],[30.12313,-31.16292],[30.13353,-31.15439],[30.13932,-31.152],[30.14752,-31.14507],[30.15304,-31.14158],[30.15518,-31.13929],[30.15701,-31.1351],[30.15846,-31.12733],[30.16146,-31.12522],[30.16355,-31.12027],[30.17039,-31.11766],[30.17414,-31.11324],[30.17467,-31.10506],[30.17959,-31.10328],[30.18162,-31.10097],[30.18931,-31.08727],[30.19386,-31.08126],[30.19629,-31.08218],[30.19752,-31.08029],[30.20339,-31.07661],[30.20893,-31.07514],[30.21472,-31.06893],[30.2186,-31.06685],[30.22748,-31.05829],[30.23026,-31.05034],[30.22992,-31.04701],[30.22836,-31.0449],[30.233,-31.03804],[30.23588,-31.03681],[30.23699,-31.03331],[30.2413,-31.03007],[30.24441,-31.02997],[30.24531,-31.02591],[30.24712,-31.02228],[30.2543,-31.01926],[30.25908,-31.01268],[30.25835,-31.01049],[30.26154,-31.00904],[30.26409,-31.00503],[30.2677,-31.00314],[30.26968,-30.99475],[30.27481,-30.99205],[30.27797,-30.98608],[30.2775,-30.98346],[30.28082,-30.97928],[30.28365,-30.97412],[30.28597,-30.97141],[30.29015,-30.96846],[30.29203,-30.96825],[30.296,-30.96533],[30.29941,-30.96116],[30.30168,-30.95709],[30.30258,-30.95372],[30.30097,-30.95157],[30.30161,-30.94766],[30.30409,-30.94386],[30.30447,-30.94133],[30.31108,-30.93356],[30.31313,-30.93315],[30.31627,-30.92955],[30.31709,-30.92671],[30.32802,-30.91859],[30.33143,-30.91455],[30.33448,-30.91207],[30.33371,-30.91021],[30.33594,-30.90717],[30.34146,-30.90426],[30.34306,-30.90113],[30.34695,-30.89863],[30.34629,-30.89655],[30.3474,-30.89343],[30.34968,-30.89177],[30.34917,-30.88984],[30.35189,-30.88864],[30.35645,-30.88401],[30.35808,-30.87877],[30.36399,-30.87443],[30.36679,-30.87348],[30.3703,-30.87035],[30.37198,-30.86782],[30.37203,-30.86194],[30.3796,-30.85589],[30.38346,-30.85506],[30.38955,-30.84913],[30.39337,-30.84415],[30.39631,-30.83814],[30.39512,-30.83595],[30.39912,-30.83338],[30.40044,-30.8312],[30.40451,-30.8283],[30.40674,-30.82139],[30.40589,-30.81809],[30.41047,-30.81533],[30.41282,-30.80847],[30.41284,-30.80558],[30.41646,-30.80213],[30.41834,-30.79802],[30.42399,-30.78967],[30.42363,-30.78808],[30.42912,-30.78204],[30.43122,-30.78103],[30.43553,-30.77356],[30.44179,-30.76901],[30.44606,-30.76327],[30.44831,-30.75815],[30.44775,-30.75659],[30.45155,-30.75288],[30.45721,-30.74616],[30.46004,-30.74175],[30.45853,-30.73983],[30.46338,-30.73207],[30.46635,-30.7296],[30.46802,-30.72663],[30.47345,-30.72248],[30.47834,-30.71665],[30.48066,-30.7152],[30.48042,-30.71185],[30.48395,-30.70695],[30.49028,-30.70227],[30.49517,-30.69571],[30.49564,-30.69376],[30.49872,-30.69],[30.49876,-30.68806],[30.50318,-30.68431],[30.51016,-30.677],[30.51153,-30.671],[30.51358,-30.66835],[30.51365,-30.66634],[30.51859,-30.66076],[30.5191,-30.65731],[30.52475,-30.65194],[30.53277,-30.64289],[30.5349,-30.64227],[30.53739,-30.63844],[30.53714,-30.63547],[30.54247,-30.6302],[30.54733,-30.62733],[30.54476,-30.62493],[30.54825,-30.61347],[30.55383,-30.60703],[30.55653,-30.60504],[30.55968,-30.60019],[30.56397,-30.59496],[30.56911,-30.59147],[30.56899,-30.59035],[30.57174,-30.58361],[30.57808,-30.57353],[30.57773,-30.57153],[30.58067,-30.56786],[30.58355,-30.56071],[30.59119,-30.55281],[30.59355,-30.5485],[30.59988,-30.54331],[30.6051,-30.54054],[30.60688,-30.53838],[30.60863,-30.53386],[30.60749,-30.53164],[30.61087,-30.52659],[30.61055,-30.52511],[30.61321,-30.52165],[30.62491,-30.51226],[30.62498,-30.5077],[30.6293,-30.503],[30.63014,-30.50002],[30.63279,-30.49752],[30.6343,-30.4915],[30.63432,-30.48745],[30.63905,-30.48124],[30.64263,-30.47484],[30.64814,-30.46914],[30.65103,-30.46725],[30.6537,-30.46377],[30.65401,-30.4563],[30.65782,-30.44979],[30.66068,-30.44696],[30.66114,-30.44368],[30.66435,-30.43986],[30.66816,-30.43721],[30.66804,-30.43521],[30.67374,-30.42886],[30.67194,-30.42474],[30.67369,-30.42027],[30.67565,-30.4175],[30.68196,-30.41046],[30.68366,-30.40483],[30.68687,-30.40065],[30.69302,-30.39583],[30.6958,-30.38815],[30.7001,-30.38485],[30.70238,-30.37605],[30.70734,-30.36987],[30.71206,-30.36522],[30.71795,-30.36072],[30.71963,-30.35436],[30.72341,-30.35024],[30.7256,-30.34881],[30.73002,-30.34422],[30.73249,-30.34253],[30.73568,-30.33881],[30.73463,-30.33465],[30.7377,-30.32746],[30.74123,-30.32244],[30.74425,-30.3118],[30.746931,-30.305196],[30.75175,-30.2975],[30.75988,-30.28879],[30.75998,-30.2842],[30.76108,-30.28048],[30.75962,-30.27755],[30.76145,-30.27364],[30.764868,-30.268784],[30.758836,-30.265147],[30.75615,-30.2677],[30.74699,-30.24383],[30.735363,-30.229413],[30.692432,-30.198548],[30.70301,-30.18779],[30.69631,-30.18212],[30.694482,-30.166879],[30.692108,-30.164127],[30.6919,-30.158909],[30.694811,-30.15444],[30.694125,-30.15095],[30.691451,-30.149607],[30.68363,-30.149308],[30.677438,-30.140767],[30.67407,-30.137198],[30.673213,-30.131736],[30.66761,-30.129883],[30.659109,-30.134019],[30.656843,-30.138821],[30.653506,-30.140277],[30.647599,-30.139497],[30.639161,-30.136126],[30.629298,-30.134443],[30.624256,-30.131763],[30.60786,-30.130164],[30.603417,-30.131576],[30.596204,-30.132769],[30.596525,-30.134658],[30.59121,-30.136914],[30.589677,-30.134588],[30.592169,-30.128837],[30.59611,-30.1239],[30.5954,-30.12025],[30.59135,-30.118],[30.58895,-30.11849],[30.58776,-30.12426],[30.5824,-30.12941],[30.5795,-30.13392],[30.57927,-30.14106],[30.57728,-30.14354],[30.57403,-30.1444],[30.57252,-30.14069],[30.56934,-30.1384],[30.56106,-30.13464],[30.55578,-30.13473],[30.55224,-30.13364],[30.53848,-30.12526],[30.53441,-30.12166],[30.53404,-30.11806],[30.53622,-30.11549],[30.5404,-30.1174],[30.5445,-30.11664],[30.54949,-30.11445],[30.55218,-30.11814],[30.55142,-30.12315],[30.55322,-30.12426],[30.56075,-30.12267],[30.56191,-30.12051],[30.55968,-30.11492],[30.55876,-30.10993],[30.55514,-30.10609],[30.54893,-30.1053],[30.54482,-30.10572],[30.54213,-30.09818],[30.53993,-30.09517],[30.53617,-30.09341],[30.53113,-30.09254],[30.52706,-30.09356],[30.52252,-30.09283],[30.51849,-30.09005],[30.5163,-30.08763],[30.51378,-30.08714],[30.51071,-30.0891],[30.50565,-30.09731],[30.50557,-30.10019],[30.50818,-30.10344],[30.50872,-30.10738],[30.50783,-30.11119],[30.50532,-30.11342],[30.49905,-30.11239],[30.49521,-30.11014],[30.49116,-30.10671],[30.49149,-30.10253],[30.4964,-30.09878],[30.49379,-30.09612],[30.48924,-30.09367],[30.48301,-30.08798],[30.47792,-30.08757],[30.4759,-30.0899],[30.47654,-30.09438],[30.48207,-30.09784],[30.48246,-30.1006],[30.47994,-30.10519],[30.47506,-30.10492],[30.47219,-30.10186],[30.46821,-30.10017],[30.46239,-30.10169],[30.45761,-30.09928],[30.45592,-30.09357],[30.45672,-30.09074],[30.45411,-30.088],[30.44549,-30.08437],[30.4416,-30.08221],[30.43877,-30.08388],[30.43856,-30.08696],[30.4367,-30.09154],[30.43201,-30.09299],[30.43032,-30.09206],[30.42958,-30.08534],[30.42804,-30.07927],[30.42657,-30.07701],[30.42449,-30.07653],[30.42215,-30.07878],[30.4222,-30.08636],[30.42438,-30.09156],[30.42199,-30.09662],[30.41873,-30.09567],[30.41607,-30.09321],[30.41073,-30.09156],[30.40739,-30.09181],[30.4035,-30.09352],[30.39938,-30.09779],[30.39913,-30.10084],[30.39664,-30.1023],[30.38878,-30.0975],[30.38571,-30.09421],[30.37953,-30.09426],[30.37352,-30.09237],[30.37404,-30.0874],[30.37837,-30.08695],[30.38235,-30.08484],[30.38252,-30.0782],[30.3766,-30.07526],[30.37294,-30.07438],[30.3701,-30.07115],[30.3657,-30.07229],[30.35999,-30.072],[30.35775,-30.07017],[30.35919,-30.06763],[30.36502,-30.0634],[30.36526,-30.06047],[30.36173,-30.0604],[30.35542,-30.06198],[30.35203,-30.05859],[30.35172,-30.05616],[30.35375,-30.05346],[30.356,-30.04828],[30.3565,-30.04279],[30.35605,-30.0396],[30.35434,-30.0379],[30.35023,-30.03621],[30.34718,-30.03771],[30.34883,-30.04389],[30.34759,-30.04804],[30.34422,-30.04913],[30.34093,-30.04867],[30.33833,-30.04719],[30.33389,-30.03982],[30.33285,-30.03473],[30.33101,-30.03281],[30.32767,-30.03221],[30.32265,-30.0348],[30.32216,-30.04159],[30.31991,-30.0451],[30.31683,-30.04548],[30.31499,-30.04158],[30.31666,-30.03591],[30.31498,-30.03356],[30.31017,-30.03085],[30.31064,-30.02767],[30.31344,-30.02345],[30.3133,-30.02047],[30.3105,-30.01761],[30.30453,-30.01433],[30.30147,-30.01383],[30.2975,-30.01473],[30.29437,-30.01725],[30.29016,-30.0187],[30.28651,-30.01684],[30.28409,-30.01343],[30.28405,-30.00754],[30.28183,-30.00442],[30.27607,-30.00421],[30.27348,-30.00656],[30.27274,-30.00973],[30.277,-30.01539],[30.27644,-30.01946],[30.27252,-30.02167],[30.26903,-30.01753],[30.26156,-30.01132],[30.25746,-30.0111],[30.25305,-30.01408],[30.2507,-30.01398],[30.24903,-30.01071],[30.24256,-30.00782],[30.23761,-30.00868],[30.23493,-30.01229],[30.22562,-30.01188],[30.22092,-30.01104],[30.21532,-30.01655],[30.21243,-30.01734],[30.20761,-30.0158],[30.20209,-30.01486],[30.19621,-30.012],[30.19583,-30.00913],[30.19173,-30.00437],[30.18589,-30.00181],[30.17697,-30.00125],[30.17284,-30.00162],[30.16407,-29.9983],[30.16399,-29.99407],[30.16199,-29.98944],[30.1545,-29.98561],[30.15032,-29.98217],[30.14568,-29.98194],[30.13474,-29.97976],[30.1278,-29.98179],[30.12507,-29.98201],[30.11891,-29.98016],[30.11473,-29.9777],[30.10922,-29.97708],[30.10576,-29.97465],[30.10276,-29.97169],[30.10594,-29.96859],[30.11022,-29.969],[30.1136,-29.96658],[30.11415,-29.96139],[30.11115,-29.95849],[30.11294,-29.95583],[30.11859,-29.95076],[30.11766,-29.94805],[30.11246,-29.94786],[30.10488,-29.94597],[30.10601,-29.94251],[30.10347,-29.94034],[30.10099,-29.94201],[30.09837,-29.9467],[30.09609,-29.94935],[30.09379,-29.94994],[30.0878,-29.94761],[30.08607,-29.94483],[30.08788,-29.93846],[30.09087,-29.93617],[30.08901,-29.93182],[30.0839,-29.92783],[30.08325,-29.92476],[30.08527,-29.92136],[30.09229,-29.91689],[30.09948,-29.91544],[30.10139,-29.91268],[30.10053,-29.91098],[30.09586,-29.90902],[30.09197,-29.90493],[30.08782,-29.90393],[30.08467,-29.90574],[30.08109,-29.90547],[30.07809,-29.90787],[30.07006,-29.90264],[30.06764,-29.89652],[30.06398,-29.89788],[30.06105,-29.89741],[30.06068,-29.89024],[30.06253,-29.88768],[30.06619,-29.88544],[30.0642,-29.87951],[30.06361,-29.87248],[30.06669,-29.86846],[30.06804,-29.86489],[30.06818,-29.86159],[30.0669,-29.85974],[30.06421,-29.85922],[30.06243,-29.8616],[30.06177,-29.86618],[30.05527,-29.87019],[30.04827,-29.86989],[30.04332,-29.86908],[30.04073,-29.86724],[30.03705,-29.86708],[30.03606,-29.86259],[30.03732,-29.85887],[30.03802,-29.8528],[30.03622,-29.84744],[30.03958,-29.84567],[30.04903,-29.83506],[30.04536,-29.82996],[30.010146,-29.8055],[30.007959,-29.811349],[30.003985,-29.812569],[29.997097,-29.810213],[29.993983,-29.806167],[29.991788,-29.811287],[29.991901,-29.815373],[29.990094,-29.816309],[29.986097,-29.815612],[29.984134,-29.812159],[29.982355,-29.812796],[29.982355,-29.815623],[29.976751,-29.817155],[29.973033,-29.815228],[29.972018,-29.813197],[29.969078,-29.813764],[29.96687,-29.810043],[29.962406,-29.811078],[29.960317,-29.809852],[29.959744,-29.805609],[29.9581,-29.801918],[29.952809,-29.796246],[29.955897,-29.791806],[29.95614,-29.78872],[29.958666,-29.782317],[29.957625,-29.78094],[29.955135,-29.780738],[29.953367,-29.784414],[29.94832,-29.790423],[29.948885,-29.793048],[29.947548,-29.796162],[29.944991,-29.798286],[29.945034,-29.800049],[29.940829,-29.80247],[29.937982,-29.801256],[29.933538,-29.802296],[29.929984,-29.805107],[29.927722,-29.805172],[29.926125,-29.802657],[29.920555,-29.800887],[29.91674,-29.798077],[29.914406,-29.798929],[29.908004,-29.796747],[29.906696,-29.794977],[29.902787,-29.792556],[29.90429,-29.788163],[29.903777,-29.785468],[29.905887,-29.781531],[29.907701,-29.781848],[29.911595,-29.780244],[29.908662,-29.774125],[29.911219,-29.772195],[29.912831,-29.774088],[29.915475,-29.774746],[29.918577,-29.770685],[29.918523,-29.767481],[29.913358,-29.766574],[29.903685,-29.758527],[29.903931,-29.754893],[29.910772,-29.752739],[29.911883,-29.751797],[29.912037,-29.746322],[29.910806,-29.740757],[29.908318,-29.740383],[29.9048,-29.745069],[29.89891,-29.747505],[29.893494,-29.75093],[29.891322,-29.750762],[29.889382,-29.747232],[29.888247,-29.74016],[29.884121,-29.734987],[29.878886,-29.734529],[29.877221,-29.737413],[29.878996,-29.741402],[29.877864,-29.745289],[29.873713,-29.744779],[29.872366,-29.742619],[29.873002,-29.739984],[29.866822,-29.736965],[29.865067,-29.734652],[29.858315,-29.737595],[29.849179,-29.737789],[29.844768,-29.737291],[29.841572,-29.735514],[29.839414,-29.737027],[29.836705,-29.736655],[29.836773,-29.732791],[29.840594,-29.732317],[29.841723,-29.729841],[29.841275,-29.726295],[29.839376,-29.720155],[29.837997,-29.718399],[29.833258,-29.71715],[29.829666,-29.71336],[29.827654,-29.713709],[29.823486,-29.710336],[29.82372,-29.707851],[29.825714,-29.707418],[29.827874,-29.704372],[29.82527,-29.703432],[29.823665,-29.704624],[29.817099,-29.706578],[29.809648,-29.707804],[29.802822,-29.705199],[29.797423,-29.705121],[29.795375,-29.708409],[29.79218,-29.707842],[29.790553,-29.709996],[29.789316,-29.713889],[29.786792,-29.714405],[29.785808,-29.709863],[29.786958,-29.704451],[29.783688,-29.699654],[29.778789,-29.698603],[29.772929,-29.695845],[29.771901,-29.693239],[29.773495,-29.690614],[29.777896,-29.687101],[29.778559,-29.68481],[29.776467,-29.681543],[29.774231,-29.68202],[29.765575,-29.67845],[29.763082,-29.676291],[29.763425,-29.674182],[29.727924,-29.676934],[29.727249,-29.677589],[29.687241,-29.67556],[29.696165,-29.662305],[29.698825,-29.658947],[29.700027,-29.652397],[29.702123,-29.651733],[29.701968,-29.648114],[29.702967,-29.643145],[29.70282,-29.635743],[29.668204,-29.632958],[29.636202,-29.631669],[29.647791,-29.609997],[29.644588,-29.605737],[29.641825,-29.606312],[29.635392,-29.605414],[29.633702,-29.610109],[29.630579,-29.610457],[29.628874,-29.605889],[29.625242,-29.608966],[29.624142,-29.61197],[29.616541,-29.612016],[29.619445,-29.605427],[29.622606,-29.604487],[29.623986,-29.599309],[29.625532,-29.597538],[29.618047,-29.591172],[29.608546,-29.584616],[29.601982,-29.582876],[29.605474,-29.574464],[29.59286,-29.57736],[29.57688,-29.58374],[29.57324,-29.57553],[29.56358,-29.57443],[29.55656,-29.56162],[29.54477,-29.5719],[29.53481,-29.56333],[29.52903,-29.56368],[29.52304,-29.56657],[29.51645,-29.56576],[29.51963,-29.5696],[29.52511,-29.57113],[29.52622,-29.57217],[29.52418,-29.57501],[29.5199,-29.57548],[29.5172,-29.57814],[29.493709,-29.58686],[29.47496,-29.577749],[29.47728,-29.571951],[29.46191,-29.56472],[29.449711,-29.560049],[29.45331,-29.54636],[29.454691,-29.54307],[29.44066,-29.54488],[29.436991,-29.54764],[29.43281,-29.5422],[29.4303,-29.53322],[29.42695,-29.532869],[29.42407,-29.534531],[29.42098,-29.53466],[29.409691,-29.530451],[29.404854,-29.529787],[29.399521,-29.524939],[29.384007,-29.525665],[29.369946,-29.51597],[29.363886,-29.517181],[29.356129,-29.513546],[29.333342,-29.506758],[29.310072,-29.496576],[29.299846,-29.498936]]]},"properties":{"code":"039"}},{"type":"Feature","geometry":{"type":"Polygon","coordinates":[[[28.35197,-31.82865],[28.34994,-31.82418],[28.3441,-31.82312],[28.3409,-31.82143],[28.33943,-31.81851],[28.34219,-31.81456],[28.34679,-31.81208],[28.35129,-31.81098],[28.34611,-31.80768],[28.33782,-31.80447],[28.32652,-31.79447],[28.32386,-31.79076],[28.32503,-31.78548],[28.32937,-31.78498],[28.33248,-31.78808],[28.33497,-31.78931],[28.34071,-31.78807],[28.34549,-31.78534],[28.35289,-31.78379],[28.35282,-31.78162],[28.34814,-31.7799],[28.34731,-31.77808],[28.35033,-31.77263],[28.35058,-31.76649],[28.34912,-31.76381],[28.34551,-31.76322],[28.33862,-31.7597],[28.33782,-31.75553],[28.34133,-31.7504],[28.35144,-31.74925],[28.35667,-31.74811],[28.3568,-31.74482],[28.35366,-31.74339],[28.34782,-31.74436],[28.3445,-31.74252],[28.34562,-31.73727],[28.34444,-31.73459],[28.34073,-31.73373],[28.33605,-31.73109],[28.33517,-31.72875],[28.34044,-31.7247],[28.34188,-31.71941],[28.34414,-31.71696],[28.34253,-31.71236],[28.33617,-31.70958],[28.3297,-31.7074],[28.32876,-31.70574],[28.33186,-31.702],[28.329505,-31.694625],[28.32701,-31.6928],[28.32282,-31.69319],[28.31909,-31.6898],[28.31556,-31.68869],[28.31209,-31.68865],[28.31075,-31.68716],[28.31064,-31.68263],[28.30889,-31.67904],[28.30471,-31.676],[28.31332,-31.67172],[28.310713,-31.67028],[28.30999,-31.66623],[28.31039,-31.66333],[28.31546,-31.66346],[28.31954,-31.66218],[28.32101,-31.66],[28.32062,-31.65591],[28.31868,-31.65357],[28.31359,-31.65727],[28.30766,-31.65624],[28.30247,-31.65282],[28.30382,-31.65115],[28.31037,-31.6512],[28.31291,-31.65025],[28.31665,-31.64575],[28.31667,-31.64311],[28.31364,-31.64126],[28.32103,-31.63774],[28.32285,-31.63544],[28.32197,-31.63283],[28.3175,-31.62872],[28.31237,-31.63051],[28.31159,-31.62637],[28.30941,-31.6257],[28.31006,-31.62002],[28.30901,-31.61832],[28.31139,-31.613],[28.31345,-31.61007],[28.31346,-31.60791],[28.3156,-31.60582],[28.31512,-31.60351],[28.31761,-31.60088],[28.32042,-31.59622],[28.3195,-31.5948],[28.32206,-31.5893],[28.32555,-31.58645],[28.33327,-31.58718],[28.3353,-31.58576],[28.33665,-31.58188],[28.33928,-31.58065],[28.33936,-31.57856],[28.34364,-31.57742],[28.35132,-31.57648],[28.35431,-31.5732],[28.36325,-31.57773],[28.36436,-31.57323],[28.3811,-31.55801],[28.38245,-31.55298],[28.37416,-31.53771],[28.36916,-31.53804],[28.37334,-31.52389],[28.36341,-31.50223],[28.37317,-31.49033],[28.37595,-31.48006],[28.381265,-31.48],[28.365595,-31.4639],[28.35288,-31.4614],[28.33702,-31.44766],[28.33122,-31.44748],[28.32838,-31.4431],[28.32792,-31.43783],[28.3222,-31.42847],[28.3107,-31.42241],[28.29377,-31.4167],[28.280983,-31.390176],[28.2607,-31.37044],[28.25136,-31.35653],[28.25284,-31.34589],[28.25382,-31.33399],[28.24015,-31.33113],[28.22954,-31.33011],[28.22194,-31.32438],[28.21616,-31.3128],[28.20573,-31.31487],[28.19763,-31.31594],[28.18983,-31.31199],[28.17304,-31.30408],[28.16681,-31.31027],[28.1516,-31.31143],[28.14281,-31.31244],[28.14656,-31.3004],[28.12122,-31.30012],[28.11106,-31.29264],[28.10139,-31.31396],[28.08077,-31.32375],[28.06442,-31.30888],[28.05585,-31.29594],[28.05063,-31.28729],[28.03844,-31.28116],[28.01637,-31.25887],[27.99652,-31.25631],[27.98852,-31.24041],[27.931252,-31.234014],[27.94109,-31.21386],[27.94946,-31.20385],[27.96848,-31.19853],[27.97729,-31.17394],[27.98549,-31.15199],[27.98498,-31.14937],[27.98291,-31.10979],[27.981575,-31.076515],[28.02368,-31.03895],[28.04167,-31.02732],[28.06394,-31.01257],[28.06305,-31.00758],[28.05836,-30.99465],[28.05517,-30.98494],[28.05114,-30.97433],[28.06589,-30.96544],[28.0596,-30.9495],[28.08075,-30.93946],[28.07579,-30.92378],[28.07862,-30.91306],[28.09568,-30.89174],[28.10302,-30.87495],[28.11774,-30.86133],[28.12143,-30.84004],[28.13213,-30.8353],[28.13002,-30.81828],[28.12553,-30.79121],[28.13031,-30.78741],[28.13816,-30.78216],[28.12042,-30.77817],[28.12413,-30.76678],[28.1286,-30.75148],[28.1315,-30.74264],[28.15143,-30.71776],[28.14797,-30.70003],[28.16229,-30.69279],[28.14572,-30.67067],[28.14122,-30.65979],[28.11768,-30.66867],[28.1135,-30.675505],[28.08457,-30.65398],[28.05744,-30.65763],[28.05244,-30.65805],[28.00375,-30.65899],[27.99165,-30.65092],[27.97752,-30.65503],[27.95434,-30.64869],[27.94052,-30.64411],[27.94091,-30.64073],[27.93679,-30.63496],[27.93354,-30.63323],[27.93304,-30.62749],[27.92664,-30.62312],[27.92054,-30.62262],[27.92136,-30.61897],[27.92089,-30.61492],[27.9224,-30.60921],[27.91835,-30.60259],[27.91549,-30.6013],[27.9119,-30.60186],[27.91071,-30.60375],[27.90604,-30.60428],[27.90244,-30.60324],[27.89921,-30.60704],[27.8952,-30.60674],[27.88963,-30.60524],[27.88651,-30.60724],[27.8857,-30.60909],[27.88271,-30.61101],[27.88113,-30.61367],[27.87865,-30.61312],[27.87102,-30.61429],[27.85801,-30.61449],[27.85533,-30.61583],[27.84961,-30.61554],[27.84673,-30.61436],[27.84422,-30.61497],[27.83036,-30.61372],[27.82825,-30.61468],[27.82068,-30.61522],[27.8165,-30.6149],[27.80851,-30.61634],[27.80581,-30.61553],[27.79547,-30.61911],[27.79218,-30.61758],[27.78758,-30.61886],[27.78552,-30.6173],[27.78167,-30.6173],[27.7734,-30.61352],[27.76992,-30.61109],[27.7688,-30.61196],[27.76156,-30.60903],[27.75892,-30.6068],[27.75388,-30.60557],[27.74709,-30.60597],[27.74191,-30.6039],[27.73988,-30.60133],[27.74016,-30.5988],[27.73592,-30.59324],[27.73444,-30.59014],[27.73023,-30.58961],[27.72809,-30.58648],[27.72542,-30.58508],[27.72307,-30.58101],[27.7207,-30.57905],[27.71992,-30.57539],[27.71643,-30.56858],[27.71355,-30.56826],[27.70831,-30.56589],[27.70211,-30.56452],[27.69957,-30.56083],[27.6943,-30.55872],[27.6944,-30.55485],[27.6973,-30.55337],[27.69601,-30.5509],[27.69188,-30.54879],[27.69341,-30.54481],[27.69095,-30.54141],[27.68677,-30.54001],[27.68365,-30.53667],[27.68046,-30.53479],[27.67554,-30.5344],[27.67261,-30.53544],[27.66912,-30.52924],[27.66475,-30.52523],[27.66187,-30.5236],[27.65813,-30.52278],[27.65729,-30.51925],[27.65306,-30.51739],[27.64649,-30.51972],[27.64527,-30.51701],[27.63915,-30.51574],[27.63721,-30.51332],[27.62968,-30.51004],[27.6236,-30.5062],[27.62084,-30.5013],[27.62183,-30.49966],[27.62079,-30.49617],[27.61887,-30.49406],[27.61671,-30.496],[27.61177,-30.49679],[27.60698,-30.49246],[27.61182,-30.49116],[27.61497,-30.48838],[27.61407,-30.48445],[27.61504,-30.47766],[27.61071,-30.47336],[27.60855,-30.46996],[27.6079,-30.46648],[27.60471,-30.46269],[27.60391,-30.4586],[27.59756,-30.45695],[27.60076,-30.45398],[27.6044,-30.44946],[27.60339,-30.44757],[27.59971,-30.44694],[27.59748,-30.44895],[27.59285,-30.45034],[27.58741,-30.44991],[27.58517,-30.44852],[27.57252,-30.44812],[27.56731,-30.4448],[27.56719,-30.44113],[27.56455,-30.43577],[27.56487,-30.43345],[27.57146,-30.43018],[27.57022,-30.42595],[27.56709,-30.42293],[27.56476,-30.41944],[27.5601,-30.4155],[27.55913,-30.4117],[27.55731,-30.40897],[27.55571,-30.40461],[27.55311,-30.40116],[27.54739,-30.39695],[27.538,-30.39216],[27.53402,-30.38436],[27.52907,-30.38336],[27.5201,-30.38336],[27.51781,-30.38497],[27.51202,-30.38712],[27.50689,-30.38759],[27.5035,-30.38344],[27.50057,-30.37709],[27.50264,-30.37297],[27.50063,-30.37158],[27.49403,-30.37458],[27.48958,-30.37352],[27.48979,-30.36535],[27.48689,-30.36189],[27.48151,-30.36053],[27.47496,-30.35648],[27.47436,-30.35336],[27.47687,-30.34926],[27.4768,-30.3449],[27.47498,-30.33882],[27.47443,-30.33055],[27.47585,-30.32467],[27.47529,-30.3218],[27.46881,-30.31647],[27.46459,-30.31403],[27.45974,-30.31326],[27.45361,-30.31359],[27.4502,-30.31473],[27.44464,-30.31943],[27.44,-30.32248],[27.43125,-30.32436],[27.42667,-30.3237],[27.41978,-30.32437],[27.41548,-30.329],[27.41116,-30.33172],[27.39301,-30.33976],[27.3895,-30.33954],[27.38321,-30.337],[27.38145,-30.33489],[27.38076,-30.32919],[27.37735,-30.32712],[27.37137,-30.32604],[27.36266,-30.3237],[27.35112,-30.32897],[27.34894,-30.33244],[27.35216,-30.33524],[27.35462,-30.33625],[27.35831,-30.33585],[27.36578,-30.33831],[27.36684,-30.33955],[27.36704,-30.34518],[27.36487,-30.35135],[27.3629,-30.35428],[27.36333,-30.35691],[27.3669,-30.36419],[27.3688,-30.37162],[27.3721,-30.37455],[27.37738,-30.37481],[27.3791,-30.37362],[27.37988,-30.36822],[27.37988,-30.36186],[27.38384,-30.35805],[27.3914,-30.35747],[27.39674,-30.36106],[27.39706,-30.363],[27.39586,-30.37032],[27.39845,-30.37462],[27.40294,-30.38042],[27.40185,-30.38501],[27.40399,-30.39089],[27.40301,-30.39297],[27.38698,-30.40022],[27.38315,-30.40129],[27.38134,-30.40559],[27.37689,-30.40884],[27.37409,-30.40579],[27.36914,-30.40476],[27.36484,-30.40268],[27.3572,-30.40153],[27.35396,-30.40158],[27.34877,-30.39977],[27.34459,-30.39733],[27.3389,-30.39829],[27.33909,-30.40353],[27.33623,-30.40773],[27.33523,-30.41104],[27.33257,-30.41511],[27.32756,-30.41614],[27.32364,-30.41771],[27.32295,-30.42035],[27.32531,-30.42427],[27.33379,-30.42939],[27.34073,-30.43101],[27.34625,-30.43044],[27.36081,-30.42526],[27.36352,-30.42666],[27.36606,-30.43179],[27.36868,-30.43404],[27.36806,-30.43813],[27.36102,-30.44016],[27.35563,-30.44311],[27.34787,-30.44921],[27.33962,-30.45065],[27.33647,-30.45037],[27.32926,-30.4475],[27.32346,-30.44675],[27.31315,-30.44148],[27.30489,-30.44127],[27.30058,-30.44366],[27.29496,-30.45208],[27.29354,-30.45675],[27.29679,-30.46247],[27.29905,-30.46392],[27.30601,-30.46657],[27.3136,-30.46833],[27.31801,-30.47201],[27.32109,-30.47557],[27.32612,-30.47828],[27.32836,-30.48187],[27.32786,-30.4847],[27.32477,-30.48736],[27.32108,-30.48788],[27.31529,-30.48982],[27.30641,-30.49063],[27.29969,-30.49351],[27.2981,-30.49523],[27.30118,-30.50161],[27.30067,-30.5088],[27.29752,-30.5122],[27.29022,-30.51032],[27.28449,-30.5034],[27.27782,-30.50219],[27.2747,-30.50225],[27.27041,-30.50537],[27.26654,-30.50631],[27.26215,-30.50371],[27.25671,-30.5026],[27.25302,-30.50315],[27.25034,-30.50155],[27.25,-30.49883],[27.24825,-30.49535],[27.24814,-30.48683],[27.24479,-30.48071],[27.23945,-30.48062],[27.23528,-30.48233],[27.23258,-30.48662],[27.23365,-30.49264],[27.23293,-30.49493],[27.22946,-30.49919],[27.22908,-30.50244],[27.23002,-30.50884],[27.22826,-30.51069],[27.22147,-30.51039],[27.21969,-30.50857],[27.21827,-30.50377],[27.21954,-30.49497],[27.21773,-30.4898],[27.21535,-30.48762],[27.21277,-30.487],[27.20938,-30.49033],[27.20954,-30.49354],[27.20568,-30.50058],[27.20599,-30.50736],[27.1988,-30.51404],[27.19421,-30.5168],[27.19136,-30.51938],[27.18845,-30.52379],[27.18638,-30.52463],[27.18272,-30.5237],[27.18001,-30.52139],[27.17634,-30.51995],[27.17372,-30.51748],[27.17297,-30.51501],[27.16972,-30.51231],[27.1649,-30.51398],[27.15916,-30.51402],[27.14981,-30.51226],[27.13947,-30.50969],[27.13241,-30.50928],[27.12821,-30.51181],[27.1272,-30.51527],[27.12877,-30.51783],[27.13348,-30.52157],[27.13743,-30.52864],[27.13802,-30.53222],[27.13507,-30.53646],[27.12985,-30.53933],[27.122,-30.54056],[27.1195,-30.543],[27.11813,-30.54623],[27.11547,-30.54952],[27.11348,-30.55344],[27.10674,-30.55815],[27.10535,-30.55833],[27.09633,-30.55365],[27.09134,-30.54774],[27.08861,-30.54344],[27.08693,-30.53801],[27.08843,-30.5349],[27.08869,-30.52985],[27.08525,-30.52805],[27.07642,-30.52931],[27.06933,-30.52925],[27.06095,-30.53077],[27.04488,-30.5366],[27.03494,-30.53744],[27.03167,-30.5365],[27.0288,-30.53455],[27.02482,-30.53491],[27.02382,-30.53696],[27.02119,-30.53741],[27.01292,-30.53634],[27.00705,-30.53691],[27.00365,-30.53831],[27.00131,-30.5415],[26.99809,-30.54872],[26.99827,-30.5505],[27.00194,-30.55515],[27.00486,-30.55765],[27.00838,-30.55896],[27.0151,-30.55973],[27.01842,-30.56198],[27.02269,-30.56905],[27.02431,-30.57475],[27.02726,-30.579],[27.04007,-30.57944],[27.04151,-30.58147],[27.04273,-30.58636],[27.04226,-30.58836],[27.03953,-30.59169],[27.03728,-30.59647],[27.03431,-30.59986],[27.03555,-30.60192],[27.0404,-30.60084],[27.0427,-30.60379],[27.03571,-30.6079],[27.03926,-30.60944],[27.04418,-30.61382],[27.04481,-30.61647],[27.04732,-30.61963],[27.05167,-30.6218],[27.05332,-30.62126],[27.05692,-30.61691],[27.05977,-30.61447],[27.06503,-30.61613],[27.06962,-30.61859],[27.06777,-30.62058],[27.06876,-30.62333],[27.07269,-30.62245],[27.07283,-30.62503],[27.07472,-30.62734],[27.07721,-30.62828],[27.07951,-30.63131],[27.08492,-30.63095],[27.08902,-30.63278],[27.09212,-30.6298],[27.09667,-30.63075],[27.1003,-30.63269],[27.10391,-30.63162],[27.10712,-30.63177],[27.1078,-30.63412],[27.11115,-30.63666],[27.11102,-30.63899],[27.11366,-30.64472],[27.11356,-30.65142],[27.11105,-30.65471],[27.10885,-30.65591],[27.10883,-30.65823],[27.11122,-30.65979],[27.11039,-30.66238],[27.12725,-30.66068],[27.1295,-30.665805],[27.11819,-30.67571],[27.10465,-30.68791],[27.10791,-30.69284],[27.10961,-30.70202],[27.11636,-30.7086],[27.11571,-30.730755],[27.13761,-30.73586],[27.14,-30.74906],[27.13453,-30.75755],[27.1191,-30.78281],[27.1217,-30.78411],[27.16827,-30.79904],[27.1798,-30.80264],[27.17078,-30.83435],[27.16791,-30.83686],[27.14886,-30.85208],[27.14127,-30.87508],[27.13111,-30.905225],[27.13446,-30.90786],[27.13881,-30.90902],[27.14509,-30.91457],[27.14982,-30.91633],[27.1505,-30.91777],[27.14891,-30.92103],[27.14321,-30.9236],[27.13989,-30.92754],[27.1409,-30.93137],[27.14262,-30.93262],[27.14782,-30.93856],[27.14685,-30.94766],[27.1479,-30.95036],[27.15059,-30.95196],[27.15302,-30.95147],[27.15847,-30.94765],[27.16148,-30.94874],[27.16223,-30.95173],[27.16166,-30.95664],[27.16314,-30.95843],[27.1661,-30.95876],[27.16919,-30.95554],[27.16955,-30.95023],[27.17106,-30.94775],[27.174769,-30.95086],[27.17345,-30.97531],[27.16831,-30.98513],[27.15381,-30.98976],[27.14693,-30.99462],[27.14118,-31.00189],[27.15873,-31.05197],[27.129794,-31.062155],[27.16421,-31.08779],[27.172515,-31.082615],[27.18947,-31.10322],[27.20162,-31.09936],[27.21783,-31.14599],[27.18431,-31.154245],[27.17447,-31.1499],[27.17214,-31.15572],[27.16875,-31.16015],[27.16945,-31.16689],[27.16763,-31.16863],[27.1705,-31.17627],[27.164865,-31.18272],[27.17352,-31.21662],[27.16739,-31.21803],[27.16521,-31.23458],[27.16463,-31.242225],[27.16513,-31.25978],[27.1953,-31.28343],[27.24218,-31.25994],[27.24582,-31.26201],[27.25563,-31.26645],[27.27257,-31.26444],[27.29657,-31.29158],[27.29731,-31.31496],[27.29755,-31.32959],[27.29684,-31.33999],[27.276,-31.33976],[27.2562,-31.34454],[27.23099,-31.35154],[27.17518,-31.36778],[27.16716,-31.37876],[27.141006,-31.413065],[27.13079,-31.4266],[27.11675,-31.421],[27.099635,-31.39387],[27.08656,-31.39746],[27.07207,-31.37943],[27.06729,-31.37387],[27.06354,-31.372645],[27.06759,-31.3614],[27.04747,-31.34455],[27.01714,-31.361025],[27.01134,-31.35618],[26.97779,-31.34083],[26.96125,-31.36108],[26.934645,-31.34397],[26.88228,-31.37802],[26.88448,-31.39814],[26.85578,-31.41214],[26.84687,-31.43585],[26.80516,-31.4331],[26.78067,-31.42455],[26.75703,-31.42021],[26.74323,-31.41726],[26.73018,-31.44625],[26.69914,-31.4517],[26.67978,-31.43864],[26.65389,-31.44807],[26.63332,-31.45525],[26.63286,-31.44624],[26.62959,-31.40562],[26.61266,-31.37198],[26.62335,-31.3719],[26.63483,-31.37279],[26.66367,-31.37256],[26.67136,-31.35344],[26.66639,-31.33978],[26.66668,-31.32136],[26.6982,-31.29193],[26.7087,-31.2771],[26.70904,-31.25185],[26.707,-31.23766],[26.70392,-31.21223],[26.68937,-31.19714],[26.68918,-31.19171],[26.68738,-31.19259],[26.64405,-31.21658],[26.62874,-31.22939],[26.60203,-31.2266],[26.57726,-31.21971],[26.558,-31.23848],[26.55378,-31.23264],[26.52868,-31.22632],[26.53199,-31.20777],[26.52103,-31.20728],[26.4936,-31.21183],[26.42713,-31.223],[26.4231,-31.21873],[26.42032,-31.21302],[26.41688,-31.20958],[26.41265,-31.20657],[26.4263,-31.18474],[26.39297,-31.18635],[26.37934,-31.18833],[26.37098,-31.18367],[26.36886,-31.18536],[26.36803,-31.19203],[26.36117,-31.19458],[26.35865,-31.1965],[26.35857,-31.19958],[26.35615,-31.20814],[26.35788,-31.21217],[26.36186,-31.21333],[26.36217,-31.21575],[26.35815,-31.22232],[26.3479,-31.21645],[26.33972,-31.23227],[26.3408,-31.24276],[26.33736,-31.24646],[26.33613,-31.24941],[26.31672,-31.24435],[26.30086,-31.23504],[26.30284,-31.23278],[26.29746,-31.2332],[26.29886,-31.21685],[26.23701,-31.22432],[26.22062,-31.2503],[26.20342,-31.27724],[26.16151,-31.26632],[26.13459,-31.25153],[26.13023,-31.26556],[26.12183,-31.29367],[26.03319,-31.33218],[26.01419,-31.32671],[25.99923,-31.33487],[26.00429,-31.37094],[26.00553,-31.38194],[26.0015,-31.41045],[25.98788,-31.42363],[25.99135,-31.43542],[25.98001,-31.4537],[25.97289,-31.46473],[25.96589,-31.47677],[25.95143,-31.47357],[25.93503,-31.4702],[25.92308,-31.46749],[25.92051,-31.47218],[25.88701,-31.4637],[25.8742,-31.45795],[25.85657,-31.45366],[25.84262,-31.46056],[25.82303,-31.46588],[25.79348,-31.45386],[25.76926,-31.44414],[25.76874,-31.44624],[25.74538,-31.4518],[25.73317,-31.45508],[25.72342,-31.47313],[25.70609,-31.47512],[25.69153,-31.4581],[25.66567,-31.461],[25.65246,-31.44914],[25.65124,-31.45386],[25.6485,-31.4584],[25.64941,-31.46246],[25.64658,-31.46677],[25.64299,-31.46802],[25.64065,-31.47049],[25.63602,-31.47317],[25.63245,-31.47438],[25.63312,-31.47968],[25.61703,-31.47393],[25.60413,-31.479],[25.58933,-31.48531],[25.57854,-31.49116],[25.58657,-31.51142],[25.57965,-31.51409],[25.5756,-31.5129],[25.57113,-31.51703],[25.56691,-31.51854],[25.56544,-31.52181],[25.56558,-31.52412],[25.56411,-31.52684],[25.60559,-31.54007],[25.61548,-31.54339],[25.62287,-31.55036],[25.63384,-31.56385],[25.64226,-31.57648],[25.62877,-31.5797],[25.6169,-31.58014],[25.61736,-31.57726],[25.59655,-31.57056],[25.55618,-31.55698],[25.54795,-31.55434],[25.53448,-31.53455],[25.50582,-31.54887],[25.50631,-31.5561],[25.50695,-31.57428],[25.50739,-31.57599],[25.51611,-31.58835],[25.52676,-31.61288],[25.52833,-31.61375],[25.50988,-31.63208],[25.49993,-31.64224],[25.49656,-31.64298],[25.47947,-31.66897],[25.45449,-31.6846],[25.41488,-31.67425],[25.39951,-31.67669],[25.39199,-31.69074],[25.37214,-31.70102],[25.3604,-31.71449],[25.38101,-31.72705],[25.40457,-31.73093],[25.42717,-31.7411],[25.43025,-31.74359],[25.44161,-31.75815],[25.45774,-31.74994],[25.47794,-31.73934],[25.48954,-31.75386],[25.50863,-31.76123],[25.52742,-31.76167],[25.54142,-31.76743],[25.54922,-31.76089],[25.56104,-31.76421],[25.56109,-31.77515],[25.56229,-31.78991],[25.56368,-31.80291],[25.58887,-31.81127],[25.59149,-31.81229],[25.59051,-31.82006],[25.60703,-31.81918],[25.61595,-31.83306],[25.61656,-31.83922],[25.6341,-31.83961],[25.63755,-31.85472],[25.64165,-31.87401],[25.64026,-31.8936],[25.64009,-31.90137],[25.64057,-31.90269],[25.64483,-31.90391],[25.66401,-31.90313],[25.67393,-31.89907],[25.69926,-31.8829],[25.70017,-31.87577],[25.70149,-31.8741],[25.706915,-31.86233],[25.72282,-31.85485],[25.73392,-31.857825],[25.72318,-31.86365],[25.73748,-31.88324],[25.74803,-31.88134],[25.76526,-31.87884],[25.76217,-31.8979],[25.7932,-31.90835],[25.83006,-31.92101],[25.84498,-31.91016],[25.85016,-31.90889],[25.88361,-31.93103],[25.90551,-31.94505],[25.94841,-31.98111],[25.9577,-31.98537],[25.9781,-31.99519],[25.99953,-32.005],[26.03391,-32.00158],[26.03374,-32.00191],[26.01058,-32.02327],[26.002614,-32.031736],[26.00293,-32.03395],[26.0004,-32.03789],[26.01132,-32.04204],[26.01196,-32.04035],[26.01537,-32.0411],[26.0178,-32.04334],[26.02197,-32.0449],[26.01933,-32.05133],[26.01974,-32.05412],[26.02391,-32.05519],[25.99966,-32.07065],[26.00957,-32.07642],[26.01245,-32.07243],[26.02182,-32.076625],[26.032,-32.07335],[26.03486,-32.07705],[26.06415,-32.08014],[26.06088,-32.08869],[26.05534,-32.09964],[26.07353,-32.10341],[26.076,-32.11262],[26.10104,-32.11345],[26.13919,-32.11915],[26.14159,-32.13953],[26.14085,-32.14683],[26.15078,-32.14961],[26.19286,-32.16087],[26.20689,-32.16447],[26.200775,-32.18028],[26.19903,-32.18757],[26.19285,-32.21687],[26.19911,-32.2689],[26.19133,-32.28523],[26.18928,-32.28968],[26.19455,-32.30365],[26.19556,-32.31208],[26.20252,-32.33127],[26.18653,-32.36878],[26.23512,-32.35396],[26.28929,-32.37008],[26.30962,-32.37601],[26.34672,-32.36785],[26.37092,-32.35696],[26.40447,-32.36395],[26.40457,-32.36331],[26.42411,-32.35565],[26.42531,-32.35415],[26.43079,-32.35468],[26.45821,-32.36079],[26.47408,-32.35708],[26.49801,-32.35951],[26.51556,-32.35456],[26.53369,-32.36018],[26.53797,-32.3756],[26.53929,-32.376395],[26.53924,-32.385965],[26.56675,-32.40188],[26.58039,-32.38711],[26.58771,-32.39651],[26.601105,-32.39726],[26.60825,-32.40425],[26.62814,-32.41193],[26.63809,-32.4191],[26.64863,-32.42354],[26.65311,-32.42173],[26.66245,-32.42793],[26.67188,-32.41554],[26.704505,-32.418045],[26.722107,-32.405307],[26.726058,-32.39868],[26.732325,-32.397147],[26.735073,-32.390806],[26.731978,-32.375986],[26.72876,-32.362634],[26.72085,-32.35963],[26.71514,-32.34941],[26.71106,-32.34448],[26.71176,-32.34002],[26.73626,-32.32739],[26.74297,-32.33703],[26.75401,-32.33603],[26.75866,-32.33621],[26.77151,-32.33833],[26.77333,-32.33453],[26.77578,-32.33328],[26.78198,-32.33549],[26.78542,-32.33499],[26.78627,-32.33646],[26.79344,-32.34001],[26.79643,-32.33862],[26.80188,-32.33755],[26.80248,-32.33588],[26.80552,-32.33406],[26.80872,-32.33383],[26.81175,-32.33581],[26.8136,-32.33082],[26.817,-32.32896],[26.81937,-32.32922],[26.82428,-32.32572],[26.82987,-32.32448],[26.82819,-32.32278],[26.82826,-32.32038],[26.81198,-32.30913],[26.81215,-32.29584],[26.8299,-32.28856],[26.83274,-32.27151],[26.83972,-32.27184],[26.84175,-32.27034],[26.84493,-32.27039],[26.84805,-32.2668],[26.85112,-32.26648],[26.8506,-32.26279],[26.84815,-32.26165],[26.84607,-32.26498],[26.84368,-32.26331],[26.84394,-32.25738],[26.84232,-32.25218],[26.84321,-32.24822],[26.84654,-32.24635],[26.85112,-32.24687],[26.85408,-32.25098],[26.85658,-32.25951],[26.86941,-32.26959],[26.89296,-32.27161],[26.90021,-32.25145],[26.9251,-32.23879],[26.93364,-32.22662],[26.95102,-32.21201],[26.95949,-32.20521],[26.95814,-32.2039],[26.9627,-32.19936],[26.96341,-32.19403],[26.96625,-32.19231],[26.97018,-32.19384],[26.97945,-32.20638],[27.01092,-32.2225],[27.04933,-32.21971],[27.05126,-32.23544],[27.05405,-32.23248],[27.05723,-32.23307],[27.0612,-32.22957],[27.06754,-32.22751],[27.07215,-32.22814],[27.07951,-32.22597],[27.08206,-32.22454],[27.08985,-32.22258],[27.09159,-32.22093],[27.12435,-32.22875],[27.12329,-32.23172],[27.11952,-32.23752],[27.11989,-32.23869],[27.16073,-32.2385],[27.16431,-32.23084],[27.18063,-32.23314],[27.1851,-32.25114],[27.18438,-32.25275],[27.19837,-32.24938],[27.20503,-32.26502],[27.20586,-32.26613],[27.2131,-32.26895],[27.24362,-32.28194],[27.26095,-32.27619],[27.27417,-32.26983],[27.27737,-32.27435],[27.28581,-32.28111],[27.28849,-32.2852],[27.29247,-32.28934],[27.30253,-32.28846],[27.30491,-32.29216],[27.30419,-32.29531],[27.31967,-32.30059],[27.32485,-32.30983],[27.32273,-32.31232],[27.32317,-32.31473],[27.32645,-32.31604],[27.32936,-32.31598],[27.33268,-32.3143],[27.33652,-32.32058],[27.34778,-32.31173],[27.36558,-32.33053],[27.3706,-32.34012],[27.36625,-32.35105],[27.38688,-32.35883],[27.411,-32.35494],[27.41379,-32.33848],[27.43155,-32.35627],[27.44113,-32.35877],[27.44634,-32.35634],[27.45135,-32.35221],[27.45185,-32.34826],[27.45125,-32.34531],[27.44903,-32.34064],[27.44541,-32.33749],[27.4422,-32.33602],[27.44131,-32.33438],[27.46076,-32.33411],[27.47474,-32.326315],[27.47827,-32.32164],[27.49212,-32.30663],[27.49013,-32.29027],[27.48555,-32.27929],[27.49249,-32.26477],[27.48576,-32.25258],[27.50635,-32.23463],[27.50788,-32.23075],[27.50957,-32.23535],[27.512,-32.23699],[27.51868,-32.23826],[27.52433,-32.23711],[27.52677,-32.23548],[27.52842,-32.2326],[27.52872,-32.22835],[27.52763,-32.22277],[27.52461,-32.21818],[27.51986,-32.21283],[27.51924,-32.20634],[27.52115,-32.20232],[27.5247,-32.20042],[27.5331,-32.1986],[27.53509,-32.19748],[27.54231,-32.19743],[27.54884,-32.19896],[27.5523,-32.20074],[27.55985,-32.20768],[27.56419,-32.2062],[27.5631,-32.1995],[27.563711,-32.193027],[27.565478,-32.191248],[27.57217,-32.190504],[27.579433,-32.197601],[27.590617,-32.203425],[27.597588,-32.208725],[27.600688,-32.213454],[27.60105,-32.217214],[27.600194,-32.223525],[27.59904,-32.225393],[27.598171,-32.230099],[27.593603,-32.238349],[27.595822,-32.245428],[27.599034,-32.249902],[27.605661,-32.252329],[27.611122,-32.249586],[27.614262,-32.249426],[27.625696,-32.250693],[27.631044,-32.250324],[27.631983,-32.249349],[27.634756,-32.236601],[27.63864,-32.236089],[27.641852,-32.237885],[27.64507,-32.243787],[27.646564,-32.250342],[27.646314,-32.254494],[27.64786,-32.261448],[27.647527,-32.26836],[27.643708,-32.278592],[27.645189,-32.282804],[27.647527,-32.284303],[27.661846,-32.279252],[27.665849,-32.276058],[27.671673,-32.273131],[27.67385,-32.270091],[27.678026,-32.266719],[27.680941,-32.265493],[27.685176,-32.267367],[27.686634,-32.270597],[27.685611,-32.276397],[27.683433,-32.277426],[27.677586,-32.283631],[27.674213,-32.288788],[27.67363,-32.293101],[27.674576,-32.300198],[27.677764,-32.302375],[27.683136,-32.30438],[27.685771,-32.304487],[27.69072,-32.301655],[27.693504,-32.294261],[27.692761,-32.287735],[27.69423,-32.282381],[27.693808,-32.279942],[27.695616,-32.275981],[27.696044,-32.266903],[27.697835,-32.264333],[27.703082,-32.265731],[27.706008,-32.269485],[27.707692,-32.270026],[27.712403,-32.274577],[27.715604,-32.276106],[27.716734,-32.279413],[27.715848,-32.283048],[27.705925,-32.289698],[27.701737,-32.290805],[27.702606,-32.295831],[27.706169,-32.298681],[27.707502,-32.303481],[27.707252,-32.308764],[27.70608,-32.311042],[27.705318,-32.324403],[27.709548,-32.329406],[27.714176,-32.330435],[27.723379,-32.331482],[27.727287,-32.330684],[27.731891,-32.327633],[27.7369,-32.326241],[27.741522,-32.322535],[27.742331,-32.317478],[27.741046,-32.314397],[27.742212,-32.311881],[27.747774,-32.310477],[27.751783,-32.31338],[27.7543,-32.318954],[27.75468,-32.32288],[27.756959,-32.326812],[27.75883,-32.33197],[27.76554,-32.32754],[27.76923,-32.32825],[27.76773,-32.32439],[27.76808,-32.31879],[27.77085,-32.31807],[27.77828,-32.31751],[27.78138,-32.31494],[27.78264,-32.31237],[27.78147,-32.30823],[27.77378,-32.30583],[27.76923,-32.30886],[27.76616,-32.30926],[27.76508,-32.30699],[27.76763,-32.30171],[27.7682,-32.29858],[27.76598,-32.294],[27.76335,-32.28673],[27.76417,-32.27964],[27.76715,-32.2763],[27.76968,-32.27556],[27.7818,-32.27553],[27.78599,-32.27389],[27.78414,-32.2711],[27.78082,-32.2704],[27.77455,-32.27114],[27.76793,-32.26987],[27.76452,-32.26604],[27.76396,-32.26071],[27.76502,-32.25881],[27.77214,-32.25596],[27.77997,-32.25388],[27.78412,-32.25106],[27.78579,-32.24763],[27.78417,-32.24176],[27.78121,-32.23976],[27.77372,-32.23801],[27.7716,-32.2366],[27.76833,-32.22751],[27.76338,-32.22451],[27.75895,-32.22268],[27.758,-32.22062],[27.758,-32.21609],[27.75891,-32.21234],[27.76037,-32.21125],[27.77103,-32.2152],[27.77231,-32.21435],[27.78039,-32.21703],[27.78353,-32.22378],[27.78693,-32.22615],[27.79643,-32.22738],[27.79522,-32.2243],[27.78875,-32.22088],[27.78767,-32.21706],[27.79197,-32.2119],[27.79424,-32.21038],[27.79491,-32.20694],[27.79292,-32.20575],[27.79467,-32.20034],[27.8028,-32.19124],[27.80327,-32.19],[27.80809,-32.1875],[27.81277,-32.18324],[27.81239,-32.18022],[27.80983,-32.17689],[27.80714,-32.17024],[27.80048,-32.16338],[27.80439,-32.16141],[27.80821,-32.16194],[27.81409,-32.16372],[27.81936,-32.16303],[27.82269,-32.15947],[27.82627,-32.15684],[27.82874,-32.15199],[27.82897,-32.1493],[27.82752,-32.14455],[27.82815,-32.14343],[27.82584,-32.14022],[27.8229,-32.13999],[27.82032,-32.14474],[27.81654,-32.14717],[27.81193,-32.14584],[27.79663,-32.13661],[27.79277,-32.133],[27.78725,-32.13266],[27.78251,-32.13532],[27.77879,-32.13343],[27.78021,-32.12862],[27.78482,-32.1214],[27.78193,-32.11485],[27.77519,-32.10948],[27.77464,-32.10566],[27.77689,-32.10306],[27.779,-32.10252],[27.78475,-32.10345],[27.78756,-32.1046],[27.79213,-32.10244],[27.79222,-32.09991],[27.78834,-32.09621],[27.78913,-32.09267],[27.79234,-32.08942],[27.78684,-32.08676],[27.78472,-32.08649],[27.78188,-32.08365],[27.78477,-32.08077],[27.7918,-32.07959],[27.79682,-32.07945],[27.80276,-32.08077],[27.809527,-32.079522],[27.81531,-32.08936],[27.83082,-32.09306],[27.83314,-32.09321],[27.83707,-32.10134],[27.83915,-32.10865],[27.84127,-32.11138],[27.83505,-32.11581],[27.82886,-32.11822],[27.84972,-32.12676],[27.854428,-32.130767],[27.860878,-32.132523],[27.86457,-32.13062],[27.87144,-32.12958],[27.87599,-32.1282],[27.87969,-32.12894],[27.88409,-32.12753],[27.88662,-32.12801],[27.88907,-32.12583],[27.89546,-32.12283],[27.89372,-32.12153],[27.89026,-32.11645],[27.8857,-32.11143],[27.88632,-32.10929],[27.88495,-32.10413],[27.87108,-32.08424],[27.864881,-32.081358],[27.86382,-32.07719],[27.86557,-32.07559],[27.86888,-32.07581],[27.87344,-32.07387],[27.87692,-32.07357],[27.87806,-32.07128],[27.88103,-32.07152],[27.88139,-32.06752],[27.88449,-32.06147],[27.886889,-32.058363],[27.87663,-32.05617],[27.88109,-32.05359],[27.88309,-32.05029],[27.88632,-32.04912],[27.88911,-32.04975],[27.89342,-32.05557],[27.89623,-32.05836],[27.90204,-32.05911],[27.9046,-32.06072],[27.905869,-32.064217],[27.90803,-32.06601],[27.91345,-32.06653],[27.9242,-32.07119],[27.92871,-32.07475],[27.93425,-32.07353],[27.9502,-32.08189],[27.95432,-32.07683],[27.96029,-32.07058],[27.96648,-32.06274],[27.99967,-32.04053],[28.0071,-32.03887],[28.010034,-32.036392],[28.01475,-32.03791],[28.01674,-32.0424],[28.018849,-32.043181],[28.020113,-32.042],[28.024765,-32.041302],[28.026451,-32.039803],[28.030704,-32.040421],[28.032524,-32.042213],[28.035681,-32.042988],[28.044806,-32.040314],[28.046383,-32.040821],[28.053099,-32.033115],[28.055561,-32.025143],[28.057434,-32.023003],[28.062998,-32.018776],[28.063988,-32.017303],[28.070303,-32.014038],[28.079292,-32.010666],[28.103666,-32.004086],[28.108109,-31.999456],[28.120512,-31.996262],[28.125137,-31.996937],[28.128437,-31.995106],[28.13208,-31.990437],[28.13212,-31.989111],[28.141396,-31.982635],[28.146437,-31.981417],[28.151335,-31.9792],[28.157853,-31.97413],[28.166569,-31.970042],[28.167984,-31.970347],[28.178862,-31.967477],[28.179589,-31.96039],[28.179199,-31.958605],[28.17246,-31.955595],[28.16899,-31.952282],[28.169879,-31.948014],[28.17325,-31.94956],[28.18507,-31.95644],[28.1831,-31.96068],[28.1832,-31.96624],[28.18732,-31.96509],[28.19222,-31.96055],[28.1933,-31.96465],[28.19468,-31.96641],[28.20888,-31.94565],[28.2096,-31.92832],[28.21267,-31.92034],[28.22022,-31.91332],[28.22108,-31.91048],[28.21735,-31.90937],[28.22155,-31.90061],[28.22214,-31.89595],[28.23618,-31.86935],[28.23313,-31.86767],[28.22907,-31.86835],[28.22583,-31.86577],[28.22446,-31.86093],[28.22579,-31.85721],[28.22942,-31.85534],[28.23154,-31.85772],[28.23749,-31.86153],[28.24047,-31.86124],[28.23572,-31.85485],[28.23935,-31.85429],[28.23553,-31.8478],[28.23497,-31.83717],[28.24236,-31.82111],[28.248895,-31.80773],[28.24997,-31.79799],[28.25194,-31.79561],[28.26333,-31.79132],[28.270746,-31.787112],[28.27013,-31.7912],[28.26625,-31.79612],[28.26655,-31.80059],[28.26809,-31.80217],[28.27375,-31.80206],[28.27844,-31.80028],[28.28064,-31.81076],[28.27793,-31.81516],[28.28081,-31.8176],[28.28288,-31.8169],[28.28393,-31.80992],[28.28518,-31.80669],[28.28686,-31.80542],[28.28992,-31.80653],[28.29356,-31.81078],[28.29508,-31.81959],[28.3013,-31.82528],[28.30535,-31.82825],[28.30722,-31.83126],[28.30619,-31.83506],[28.30186,-31.84031],[28.30422,-31.8448],[28.31127,-31.84826],[28.31424,-31.84642],[28.31414,-31.84461],[28.31645,-31.84034],[28.32524,-31.83892],[28.32764,-31.83774],[28.32633,-31.83402],[28.32738,-31.82823],[28.3341,-31.8305],[28.33908,-31.82805],[28.34705,-31.82747],[28.35197,-31.82865]]]},"properties":{"code":"045"}},{"type":"Feature","geometry":{"type":"Polygon","coordinates":[[[30.59611,-30.1239],[30.592169,-30.128837],[30.589677,-30.134588],[30.59121,-30.136914],[30.596525,-30.134658],[30.596204,-30.132769],[30.603417,-30.131576],[30.60786,-30.130164],[30.624256,-30.131763],[30.629298,-30.134443],[30.639161,-30.136126],[30.647599,-30.139497],[30.653506,-30.140277],[30.656843,-30.138821],[30.659109,-30.134019],[30.66761,-30.129883],[30.673213,-30.131736],[30.67407,-30.137198],[30.677438,-30.140767],[30.68363,-30.149308],[30.691451,-30.149607],[30.694125,-30.15095],[30.694811,-30.15444],[30.6919,-30.158909],[30.692108,-30.164127],[30.694482,-30.166879],[30.69631,-30.18212],[30.70301,-30.18779],[30.692432,-30.198548],[30.735363,-30.229413],[30.74699,-30.24383],[30.75615,-30.2677],[30.758836,-30.265147],[30.764868,-30.268784],[30.77071,-30.26118],[30.77424,-30.25806],[30.77643,-30.25471],[30.78178,-30.25061],[30.78125,-30.24628],[30.78334,-30.24238],[30.7878,-30.23726],[30.78932,-30.23209],[30.79205,-30.22759],[30.79847,-30.22114],[30.79818,-30.21646],[30.79942,-30.21236],[30.80456,-30.20113],[30.8052,-30.19824],[30.81089,-30.19058],[30.81113,-30.18782],[30.81463,-30.1816],[30.81944,-30.17155],[30.82209,-30.16726],[30.82832,-30.15866],[30.83223,-30.15039],[30.83657,-30.14396],[30.84091,-30.13858],[30.84533,-30.13419],[30.85021,-30.12533],[30.85292,-30.11735],[30.85631,-30.111395],[30.85931,-30.10274],[30.86263,-30.09719],[30.863247,-30.09353],[30.86715,-30.08666],[30.87313,-30.07874],[30.8759,-30.07229],[30.88167,-30.06541],[30.88392,-30.05996],[30.88743,-30.05531],[30.89161,-30.05149],[30.891715,-30.049555],[30.89868,-30.04172],[30.91045,-30.031755],[30.91735,-30.02526],[30.93189,-30.01316],[30.93595,-30.01093],[30.94037,-30.00679],[30.94315,-30.00537],[30.95084,-29.9974],[30.95359,-29.99305],[30.96126,-29.98755],[30.96377,-29.98672],[30.96509,-29.98474],[30.96852,-29.98233],[30.9751,-29.97331],[30.99734,-29.94878],[31.00746,-29.93945],[31.01053,-29.93539],[31.01338,-29.93344],[31.0144,-29.93058],[31.02128,-29.92237],[31.0315,-29.91325],[31.03997,-29.90369],[31.04432,-29.8971],[31.05325,-29.88718],[31.05969,-29.87908],[31.06142,-29.87598],[31.06045,-29.86879],[31.05913,-29.86641],[31.055505,-29.870125],[31.04922,-29.86742],[31.04669,-29.86541],[31.04324,-29.85993],[31.03865,-29.84827],[31.03689,-29.83351],[31.03841,-29.82323],[31.04316,-29.80717],[31.04705,-29.79626],[31.04871,-29.79252],[31.05992,-29.771],[31.06652,-29.76085],[31.07399,-29.75079],[31.07853,-29.74417],[31.08881,-29.72806],[31.09203,-29.72025],[31.09604,-29.71164],[31.10309,-29.7],[31.10569,-29.69681],[31.10834,-29.6902],[31.11289,-29.68381],[31.11597,-29.67755],[31.11746,-29.67296],[31.12392,-29.66431],[31.12473,-29.66053],[31.12802,-29.65358],[31.13419,-29.64403],[31.13706,-29.64092],[31.14264,-29.63254],[31.1481,-29.62538],[31.15378,-29.61927],[31.159,-29.61297],[31.16152,-29.60807],[31.16569,-29.60294],[31.17129,-29.59336],[31.17192,-29.59125],[31.18032,-29.58064],[31.18398,-29.57689],[31.185755,-29.571785],[31.18017,-29.57001],[31.17487,-29.56925],[31.17282,-29.56691],[31.17235,-29.56194],[31.17436,-29.55807],[31.17065,-29.55719],[31.17379,-29.55237],[31.16817,-29.54732],[31.17084,-29.53526],[31.17708,-29.53333],[31.18313,-29.52802],[31.13584,-29.50113],[31.1243,-29.50739],[31.11423,-29.50936],[31.10938,-29.52481],[31.109705,-29.538945],[31.10835,-29.54318],[31.10286,-29.54278],[31.09566,-29.53959],[31.09441,-29.53809],[31.068314,-29.548766],[31.040713,-29.546951],[31.034863,-29.549062],[31.02067,-29.55599],[31.01298,-29.56273],[31.00607,-29.59143],[31.000693,-29.594735],[31.00147,-29.59016],[30.9998,-29.58763],[30.99531,-29.58787],[30.99254,-29.59087],[30.98963,-29.59168],[30.98635,-29.59062],[30.98791,-29.58458],[30.98092,-29.58241],[30.97683,-29.58208],[30.97592,-29.58341],[30.97735,-29.58693],[30.98295,-29.58983],[30.98254,-29.5918],[30.9777,-29.59021],[30.97227,-29.59024],[30.96928,-29.5865],[30.96153,-29.58644],[30.95889,-29.58461],[30.95478,-29.58368],[30.95055,-29.58616],[30.95083,-29.58918],[30.94528,-29.59041],[30.93896,-29.59269],[30.93437,-29.59314],[30.93123,-29.59513],[30.92674,-29.59451],[30.92214,-29.58866],[30.91847,-29.59167],[30.91669,-29.59428],[30.92279,-29.59696],[30.92407,-29.59864],[30.92266,-29.60167],[30.9191,-29.60261],[30.90523,-29.60296],[30.9007,-29.5998],[30.89957,-29.59749],[30.90413,-29.59325],[30.90821,-29.5885],[30.90748,-29.58681],[30.89728,-29.58793],[30.89265,-29.58793],[30.8914,-29.58957],[30.89393,-29.59345],[30.88993,-29.59423],[30.88647,-29.59612],[30.8825,-29.5948],[30.88018,-29.59821],[30.87751,-29.59929],[30.87807,-29.6029],[30.87504,-29.6075],[30.87517,-29.61398],[30.87266,-29.61704],[30.86679,-29.616581],[30.86392,-29.61696],[30.85831,-29.61899],[30.85733,-29.62003],[30.8503,-29.62232],[30.84782,-29.62382],[30.84687,-29.62624],[30.84427,-29.62455],[30.84251,-29.62562],[30.83951,-29.62292],[30.83891,-29.62082],[30.83621,-29.61753],[30.83142,-29.61543],[30.82932,-29.61573],[30.82542,-29.61813],[30.82782,-29.62592],[30.82918,-29.62759],[30.81435,-29.62344],[30.81435,-29.62228],[30.81078,-29.6179],[30.81194,-29.61403],[30.80959,-29.60878],[30.8086,-29.6024],[30.80852,-29.59812],[30.80518,-29.59695],[30.80256,-29.59176],[30.80323,-29.58889],[30.80258,-29.58491],[30.79653,-29.57762],[30.79322,-29.5755],[30.79206,-29.5732],[30.7921,-29.56937],[30.78952,-29.56859],[30.78845,-29.57243],[30.78466,-29.57499],[30.78243,-29.57447],[30.77814,-29.57513],[30.77474,-29.57127],[30.76939,-29.56798],[30.76326,-29.56772],[30.76103,-29.56625],[30.7554,-29.56698],[30.7512,-29.56577],[30.74653,-29.56775],[30.74532,-29.56693],[30.73674,-29.56844],[30.73278,-29.56652],[30.7301,-29.56766],[30.72571,-29.56632],[30.72718,-29.57094],[30.72418,-29.57473],[30.72504,-29.57884],[30.72373,-29.58025],[30.72443,-29.58338],[30.72616,-29.58476],[30.72472,-29.58845],[30.72576,-29.59145],[30.72854,-29.59587],[30.72868,-29.59774],[30.72471,-29.60032],[30.72881,-29.60215],[30.72862,-29.60418],[30.72609,-29.60604],[30.71722,-29.60699],[30.71421,-29.60509],[30.70437,-29.60421],[30.69852,-29.6029],[30.69209,-29.60292],[30.68396,-29.60042],[30.67413,-29.60466],[30.67346,-29.60664],[30.67536,-29.6103],[30.67345,-29.61569],[30.673753,-29.619902],[30.67357,-29.62224],[30.66999,-29.62918],[30.66296,-29.63264],[30.65843,-29.63362],[30.65478,-29.63172],[30.6507,-29.63292],[30.64425,-29.63255],[30.64701,-29.63818],[30.64805,-29.63894],[30.66077,-29.63849],[30.66339,-29.63612],[30.66813,-29.63946],[30.66724,-29.64462],[30.67054,-29.64681],[30.67052,-29.64828],[30.66536,-29.64727],[30.65846,-29.64197],[30.65461,-29.64169],[30.65136,-29.64255],[30.64917,-29.64599],[30.64587,-29.64933],[30.64467,-29.65453],[30.65222,-29.65976],[30.64716,-29.66089],[30.64742,-29.66386],[30.64547,-29.66467],[30.64091,-29.66152],[30.635,-29.66128],[30.63692,-29.65183],[30.6363,-29.64988],[30.63709,-29.64523],[30.636257,-29.643367],[30.62217,-29.66835],[30.585306,-29.6544],[30.583751,-29.654323],[30.576445,-29.690214],[30.5724,-29.70661],[30.56,-29.72829],[30.5639,-29.73041],[30.56939,-29.73165],[30.56572,-29.74602],[30.57601,-29.74613],[30.57617,-29.75107],[30.58061,-29.75062],[30.58197,-29.75954],[30.58446,-29.7592],[30.58647,-29.78073],[30.585689,-29.784152],[30.576,-29.8315],[30.574878,-29.847235],[30.59452,-29.835715],[30.60192,-29.83693],[30.60382,-29.83421],[30.60778,-29.83412],[30.60912,-29.83592],[30.60857,-29.83864],[30.6119,-29.84012],[30.6141,-29.8437],[30.61391,-29.84968],[30.61602,-29.85354],[30.62063,-29.85282],[30.62183,-29.85506],[30.62155,-29.86079],[30.62458,-29.8667],[30.62495,-29.86932],[30.61945,-29.87697],[30.62138,-29.88514],[30.63635,-29.90088],[30.64607,-29.90443],[30.65013,-29.89316],[30.65794,-29.8951],[30.65661,-29.90378],[30.65661,-29.90828],[30.66412,-29.91102],[30.65855,-29.92172],[30.66619,-29.92474],[30.67525,-29.922221],[30.65328,-29.97334],[30.65369,-29.97907],[30.65652,-29.98466],[30.654788,-29.991584],[30.639769,-30.021367],[30.61812,-30.033908],[30.61156,-30.03396],[30.611549,-30.03716],[30.60808,-30.040208],[30.608901,-30.041814],[30.607545,-30.04594],[30.607638,-30.048332],[30.611614,-30.047461],[30.617003,-30.052037],[30.620268,-30.051213],[30.624451,-30.052777],[30.624544,-30.055054],[30.62106,-30.061826],[30.620753,-30.066231],[30.615628,-30.068037],[30.619147,-30.073569],[30.629148,-30.075946],[30.63608,-30.07385],[30.63577,-30.07764],[30.6375,-30.07929],[30.63682,-30.08232],[30.63744,-30.08764],[30.6254,-30.09778],[30.61855,-30.09711],[30.60377,-30.10598],[30.60566,-30.10919],[30.6016,-30.11129],[30.60028,-30.116],[30.59866,-30.11702],[30.60044,-30.11999],[30.59793,-30.1214],[30.59611,-30.1239]]]},"properties":{"code":"031"}},{"type":"Feature","geometry":{"type":"Polygon","coordinates":[[[22.20401,-31.76403],[22.1879,-31.78137],[22.17973,-31.78169],[22.11614,-31.75842],[22.04958,-31.76998],[21.98676,-31.71991],[21.98541,-31.69585],[21.97297,-31.69225],[21.94406,-31.68224],[21.915515,-31.645715],[21.92162,-31.63473],[21.92868,-31.62127],[21.93227,-31.624325],[21.93398,-31.62178],[21.94971,-31.60098],[22.01166,-31.59045],[22.00053,-31.5662],[21.98789,-31.5581],[21.96195,-31.5122],[21.95326,-31.47073],[21.94484,-31.47259],[21.91989,-31.49116],[21.86548,-31.49732],[21.84988,-31.45644],[21.90022,-31.44315],[21.93278,-31.43424],[21.9378,-31.42588],[21.92983,-31.41806],[21.90072,-31.40697],[21.88016,-31.39952],[21.81449,-31.39777],[21.82283,-31.35351],[21.8137,-31.33343],[21.79602,-31.31629],[21.74727,-31.31582],[21.7624,-31.2714],[21.72614,-31.26384],[21.71482,-31.26315],[21.66924,-31.26185],[21.66425,-31.26099],[21.64612,-31.25678],[21.63603,-31.25478],[21.614755,-31.249901],[21.60824,-31.19731],[21.61455,-31.17507],[21.62186,-31.15136],[21.69379,-31.17011],[21.702215,-31.164755],[21.68805,-31.12702],[21.67069,-31.0976],[21.63774,-31.08326],[21.58809,-31.06192],[21.56725,-31.09692],[21.50982,-31.05722],[21.52555,-31.00348],[21.48303,-30.99386],[21.48583,-30.95738],[21.4831,-30.94476],[21.50198,-30.91481],[21.50341,-30.88805],[21.48421,-30.89063],[21.46961,-30.87524],[21.49331,-30.82814],[21.46509,-30.82044],[21.44769,-30.7842],[21.47361,-30.75641],[21.48344,-30.74608],[21.43379,-30.73234],[21.42092,-30.72859],[21.38152,-30.69924],[21.37533,-30.68894],[21.33642,-30.63832],[21.270915,-30.58947],[21.30811,-30.54356],[21.26522,-30.47444],[21.26515,-30.47343],[21.25437,-30.41233],[21.251486,-30.397023],[21.21981,-30.33293],[21.19436,-30.33836],[21.16596,-30.33756],[21.10849,-30.33558],[21.0743,-30.33252],[21.07291,-30.33225],[21.07488,-30.30257],[21.09893,-30.28623],[21.12766,-30.26654],[21.14306,-30.25623],[21.1449,-30.24092],[21.14918,-30.20767],[21.25976,-30.20414],[21.22034,-30.18411],[21.21069,-30.1793],[21.1622,-30.18952],[21.15224,-30.19177],[21.1602,-30.12619],[21.16524,-30.08565],[21.24298,-30.03909],[21.30526,-29.98041],[21.24489,-29.93094],[21.20702,-29.90657],[21.188,-29.89452],[21.15413,-29.87262],[21.21548,-29.80184],[21.27204,-29.73628],[21.2756,-29.68716],[21.23028,-29.65479],[21.1954,-29.63725],[21.17543,-29.65265],[21.15299,-29.66878],[21.11361,-29.69728],[21.03712,-29.74878],[20.98838,-29.77967],[20.96152,-29.79623],[20.89856,-29.85032],[20.85758,-29.85856],[20.8316,-29.88283],[20.83203,-29.88386],[20.80443,-29.94058],[20.80375,-29.9423],[20.8237,-29.9521],[20.75481,-29.98265],[20.72612,-29.99113],[20.70814,-29.98563],[20.67086,-29.92697],[20.62639,-29.86317],[20.62964,-29.82434],[20.6315,-29.8043],[20.63685,-29.75214],[20.64491,-29.71781],[20.66141,-29.64307],[20.62563,-29.62033],[20.59447,-29.63484],[20.51984,-29.71902],[20.49472,-29.68791],[20.472,-29.65951],[20.43684,-29.61585],[20.38583,-29.60377],[20.27338,-29.64355],[20.15671,-29.65251],[20.16971,-29.73264],[20.17521,-29.76438],[20.14754,-29.78668],[20.11047,-29.82219],[20.10457,-29.82794],[20.10463,-29.82885],[20.07629,-29.84531],[20.04614,-29.86177],[20.03096,-29.86357],[20.00357,-29.86653],[19.99564,-29.86673],[19.94961,-29.83429],[19.94792,-29.83328],[19.91213,-29.80206],[19.88304,-29.77691],[19.881416,-29.77703],[19.82568,-29.78119],[19.79277,-29.78372],[19.78632,-29.78405],[19.75994,-29.78605],[19.74002,-29.78729],[19.65908,-29.79302],[19.62501,-29.76561],[19.57482,-29.72529],[19.6109,-29.68086],[19.60992,-29.67731],[19.58597,-29.60992],[19.68536,-29.59202],[19.76217,-29.58204],[19.76582,-29.56114],[19.76699,-29.53997],[19.74995,-29.46934],[19.74025,-29.42861],[19.70265,-29.42299],[19.70532,-29.40093],[19.65699,-29.32103],[19.60132,-29.27185],[19.59115,-29.21021],[19.58414,-29.16505],[19.57669,-29.094682],[19.60961,-29.06245],[19.68105,-28.9926],[19.74854,-28.91298],[19.77951,-28.87642],[19.72237,-28.8529],[19.66623,-28.82979],[19.65198,-28.78771],[19.61911,-28.69056],[19.56079,-28.64068],[19.50929,-28.59654],[19.50678,-28.59779],[19.50395,-28.60086],[19.50342,-28.60327],[19.50113,-28.60662],[19.50221,-28.61915],[19.5022,-28.62429],[19.50122,-28.62497],[19.50202,-28.62933],[19.4967,-28.63637],[19.4951,-28.64242],[19.4948,-28.64749],[19.49531,-28.65224],[19.49474,-28.65995],[19.49347,-28.66228],[19.49182,-28.66914],[19.49171,-28.67827],[19.48968,-28.68199],[19.48377,-28.68464],[19.47997,-28.68758],[19.47744,-28.69156],[19.46976,-28.70148],[19.4666,-28.70621],[19.46155,-28.70893],[19.45151,-28.71293],[19.44676,-28.71634],[19.4385,-28.71985],[19.43111,-28.72029],[19.42694,-28.72371],[19.41642,-28.73051],[19.41125,-28.73261],[19.4054,-28.73626],[19.40051,-28.73667],[19.39072,-28.73402],[19.38704,-28.73377],[19.38227,-28.73647],[19.37867,-28.73758],[19.37496,-28.73727],[19.36395,-28.74016],[19.35837,-28.74063],[19.35225,-28.7429],[19.34605,-28.7417],[19.33907,-28.73812],[19.33374,-28.73607],[19.32887,-28.73562],[19.32297,-28.73743],[19.31867,-28.73737],[19.31349,-28.73619],[19.30423,-28.73255],[19.30369,-28.73194],[19.29631,-28.73251],[19.289,-28.73541],[19.27579,-28.73949],[19.26979,-28.74203],[19.2677,-28.74393],[19.26319,-28.75045],[19.25971,-28.75731],[19.25818,-28.75912],[19.25513,-28.77008],[19.2546,-28.77366],[19.24936,-28.7822],[19.24574,-28.789],[19.24518,-28.79293],[19.24198,-28.79992],[19.23982,-28.8058],[19.23933,-28.81338],[19.24053,-28.81549],[19.24078,-28.8208],[19.24196,-28.82707],[19.24482,-28.83318],[19.24873,-28.83636],[19.25016,-28.83952],[19.25021,-28.84393],[19.25487,-28.85251],[19.25553,-28.85582],[19.25972,-28.86253],[19.26503,-28.86964],[19.2682,-28.8718],[19.27235,-28.8726],[19.28144,-28.87197],[19.28375,-28.87262],[19.29086,-28.87746],[19.29629,-28.88523],[19.29694,-28.88919],[19.29644,-28.89317],[19.29278,-28.89962],[19.28692,-28.90577],[19.28487,-28.90856],[19.28117,-28.90924],[19.27161,-28.90623],[19.26411,-28.90478],[19.25459,-28.9019],[19.24933,-28.90157],[19.24499,-28.9026],[19.2378,-28.90801],[19.23341,-28.90944],[19.22988,-28.91228],[19.22586,-28.91839],[19.22342,-28.92396],[19.2182,-28.92894],[19.21211,-28.93262],[19.20519,-28.93964],[19.19666,-28.94702],[19.19038,-28.95044],[19.1762,-28.95449],[19.17389,-28.9563],[19.16966,-28.95765],[19.16029,-28.95925],[19.15506,-28.9619],[19.14846,-28.96305],[19.14304,-28.96299],[19.13589,-28.96073],[19.12952,-28.96364],[19.12594,-28.96715],[19.11829,-28.96944],[19.11289,-28.96896],[19.10913,-28.96779],[19.09732,-28.96564],[19.08582,-28.96082],[19.07955,-28.95912],[19.07545,-28.95919],[19.07192,-28.95767],[19.06674,-28.94988],[19.0594,-28.94535],[19.05651,-28.94084],[19.04965,-28.93566],[19.04199,-28.93139],[19.03653,-28.92979],[19.03263,-28.9298],[19.02863,-28.92865],[19.02109,-28.93065],[19.01504,-28.93123],[19.00912,-28.92925],[19.00593,-28.92427],[19.00387,-28.91484],[19.00399,-28.91053],[19.00051,-28.90288],[18.99716,-28.89797],[18.99653,-28.89218],[18.99305,-28.88717],[18.98903,-28.88584],[18.98361,-28.87884],[18.97529,-28.87234],[18.96929,-28.86982],[18.961,-28.86951],[18.95644,-28.86699],[18.94718,-28.86373],[18.93564,-28.85724],[18.9264,-28.85535],[18.91467,-28.85565],[18.90519,-28.85558],[18.90107,-28.85466],[18.89673,-28.85202],[18.88516,-28.85091],[18.87767,-28.84805],[18.87246,-28.84707],[18.86939,-28.84805],[18.85907,-28.84526],[18.85427,-28.84444],[18.85017,-28.84622],[18.84724,-28.84885],[18.83791,-28.84868],[18.83394,-28.84751],[18.8309,-28.84497],[18.82315,-28.84312],[18.8193,-28.84346],[18.81535,-28.84627],[18.81286,-28.84658],[18.80353,-28.84494],[18.79923,-28.84353],[18.79438,-28.84337],[18.79219,-28.84124],[18.78584,-28.84106],[18.78042,-28.84434],[18.77802,-28.84398],[18.77074,-28.83966],[18.76417,-28.8409],[18.75516,-28.83588],[18.74723,-28.83353],[18.7352,-28.83199],[18.72867,-28.8317],[18.72184,-28.83275],[18.71636,-28.83423],[18.70846,-28.83869],[18.70561,-28.83886],[18.69927,-28.84051],[18.69083,-28.84147],[18.68812,-28.84224],[18.68041,-28.84222],[18.67005,-28.84163],[18.66657,-28.84306],[18.65965,-28.84416],[18.65047,-28.84147],[18.64258,-28.84002],[18.63584,-28.84004],[18.62545,-28.84181],[18.62082,-28.84508],[18.61893,-28.84765],[18.60792,-28.85337],[18.6006,-28.85558],[18.5891,-28.85781],[18.57471,-28.85644],[18.56579,-28.85753],[18.56296,-28.85955],[18.55626,-28.86095],[18.53814,-28.866],[18.53278,-28.86825],[18.53075,-28.87172],[18.52522,-28.87794],[18.51208,-28.88948],[18.5056,-28.8906],[18.49801,-28.88919],[18.4937,-28.88723],[18.49068,-28.88725],[18.48585,-28.8854],[18.48363,-28.88375],[18.47684,-28.88319],[18.47107,-28.88326],[18.46362,-28.88503],[18.45952,-28.88697],[18.45395,-28.89177],[18.44161,-28.89639],[18.43107,-28.8984],[18.42347,-28.90082],[18.41845,-28.90068],[18.40554,-28.89649],[18.3946,-28.89721],[18.38295,-28.89522],[18.36701,-28.89336],[18.36298,-28.89189],[18.36024,-28.88956],[18.35594,-28.88408],[18.35082,-28.88075],[18.34569,-28.88111],[18.33898,-28.88254],[18.33628,-28.88382],[18.32957,-28.88235],[18.32562,-28.88302],[18.31509,-28.88299],[18.30322,-28.88457],[18.29495,-28.88426],[18.28599,-28.88237],[18.27945,-28.88185],[18.27208,-28.87984],[18.26349,-28.87939],[18.26062,-28.88043],[18.25883,-28.88303],[18.25689,-28.8908],[18.25414,-28.89521],[18.24784,-28.89751],[18.23202,-28.89563],[18.22681,-28.89401],[18.22074,-28.89396],[18.21688,-28.89552],[18.21305,-28.90015],[18.2083,-28.90481],[18.20069,-28.91075],[18.19383,-28.91527],[18.18844,-28.91615],[18.185,-28.91483],[18.18098,-28.91159],[18.17769,-28.90655],[18.17384,-28.90306],[18.16984,-28.90206],[18.1657,-28.89904],[18.16205,-28.89739],[18.15514,-28.89548],[18.15028,-28.89328],[18.14492,-28.8927],[18.14006,-28.89439],[18.13407,-28.89564],[18.12983,-28.89565],[18.12126,-28.89232],[18.10914,-28.88458],[18.10073,-28.8773],[18.09367,-28.87423],[18.08982,-28.87362],[18.08598,-28.87167],[18.07924,-28.86993],[18.0658,-28.87495],[18.05953,-28.87683],[18.05399,-28.87693],[18.04607,-28.87427],[18.04053,-28.86787],[18.03564,-28.86331],[18.03394,-28.86068],[18.03126,-28.85434],[18.02664,-28.84669],[18.02399,-28.84421],[18.01931,-28.84315],[18.01467,-28.83914],[18.01169,-28.83454],[18.01244,-28.82803],[18.00657,-28.82273],[18.00325,-28.81878],[17.99961,-28.81753],[17.9944,-28.8103],[17.99061,-28.80737],[17.98772,-28.80621],[17.98505,-28.80745],[17.98209,-28.80647],[17.97829,-28.80143],[17.97588,-28.79574],[17.97224,-28.79162],[17.96339,-28.78532],[17.95656,-28.78459],[17.94973,-28.78774],[17.94544,-28.78904],[17.93806,-28.78879],[17.9353,-28.78747],[17.93229,-28.78463],[17.93196,-28.78074],[17.92784,-28.77205],[17.92565,-28.76884],[17.92132,-28.76528],[17.91734,-28.76404],[17.91254,-28.76504],[17.90805,-28.77187],[17.90667,-28.77234],[17.89842,-28.76812],[17.89085,-28.76609],[17.88032,-28.76389],[17.86655,-28.76325],[17.86188,-28.76234],[17.8535,-28.76315],[17.84134,-28.76114],[17.82787,-28.76075],[17.82131,-28.75537],[17.80718,-28.75444],[17.79857,-28.75542],[17.79191,-28.7557],[17.78141,-28.75791],[17.7728,-28.75523],[17.76359,-28.74928],[17.76084,-28.74604],[17.75151,-28.74021],[17.74613,-28.74059],[17.74228,-28.74271],[17.73911,-28.74833],[17.73577,-28.7567],[17.73177,-28.75987],[17.72753,-28.76099],[17.72313,-28.76017],[17.72018,-28.75684],[17.71447,-28.74822],[17.71066,-28.74561],[17.70678,-28.74457],[17.69845,-28.74623],[17.69263,-28.75029],[17.68862,-28.75486],[17.68529,-28.76134],[17.67906,-28.76653],[17.67045,-28.77075],[17.66287,-28.77262],[17.65711,-28.77249],[17.65107,-28.77392],[17.64745,-28.77376],[17.64253,-28.77139],[17.63327,-28.76809],[17.62897,-28.76503],[17.62501,-28.7632],[17.62234,-28.76483],[17.61868,-28.76416],[17.61578,-28.76011],[17.61319,-28.75506],[17.60969,-28.75001],[17.60879,-28.74479],[17.61199,-28.73242],[17.61243,-28.72393],[17.6095,-28.7204],[17.61032,-28.7166],[17.61003,-28.71295],[17.60597,-28.70785],[17.60513,-28.70401],[17.59886,-28.69465],[17.59518,-28.69181],[17.58979,-28.68881],[17.58507,-28.68845],[17.58223,-28.68909],[17.57718,-28.68827],[17.57203,-28.6863],[17.56774,-28.68557],[17.56052,-28.68668],[17.5556,-28.68863],[17.55369,-28.69012],[17.55363,-28.69476],[17.54769,-28.69928],[17.54389,-28.70084],[17.53921,-28.70113],[17.53219,-28.70009],[17.5243,-28.69943],[17.5165,-28.69765],[17.50968,-28.69661],[17.50584,-28.69541],[17.49989,-28.69448],[17.49367,-28.69279],[17.48422,-28.69544],[17.47951,-28.69859],[17.47385,-28.70462],[17.47161,-28.70519],[17.46458,-28.70208],[17.46181,-28.70237],[17.45923,-28.70473],[17.45391,-28.70798],[17.44192,-28.71251],[17.43017,-28.72162],[17.42688,-28.72265],[17.4215,-28.72318],[17.418709,-28.721981],[17.41508,-28.71738],[17.41098,-28.71526],[17.41055,-28.71348],[17.41341,-28.7062],[17.41509,-28.70372],[17.41727,-28.69608],[17.417,-28.69247],[17.41513,-28.6849],[17.41488,-28.68043],[17.41374,-28.67396],[17.41534,-28.66793],[17.42209,-28.66019],[17.42661,-28.65594],[17.42816,-28.64936],[17.42799,-28.64622],[17.42603,-28.64039],[17.42539,-28.63668],[17.42592,-28.63176],[17.4298,-28.62441],[17.43117,-28.61928],[17.43109,-28.61198],[17.42982,-28.60872],[17.42618,-28.60411],[17.42479,-28.60097],[17.42577,-28.59634],[17.42703,-28.59466],[17.43215,-28.58319],[17.43265,-28.57797],[17.43177,-28.57422],[17.42966,-28.56987],[17.42665,-28.56728],[17.42214,-28.56459],[17.41281,-28.56258],[17.40181,-28.56413],[17.39726,-28.56585],[17.39239,-28.56983],[17.38913,-28.57118],[17.38452,-28.57106],[17.38022,-28.56894],[17.37665,-28.56384],[17.37604,-28.55778],[17.37701,-28.54872],[17.37768,-28.53863],[17.37531,-28.53565],[17.37511,-28.53184],[17.37253,-28.52703],[17.37148,-28.52086],[17.36955,-28.51709],[17.3673,-28.51486],[17.36573,-28.50901],[17.35827,-28.50367],[17.3453,-28.49997],[17.34024,-28.4955],[17.33937,-28.49089],[17.3363,-28.48329],[17.33412,-28.48037],[17.33308,-28.47491],[17.33547,-28.46443],[17.33932,-28.45589],[17.3391,-28.45251],[17.34443,-28.44807],[17.34736,-28.44398],[17.3489,-28.43881],[17.3553,-28.43684],[17.36829,-28.43728],[17.38045,-28.43685],[17.38437,-28.43714],[17.39214,-28.43196],[17.39652,-28.42738],[17.39809,-28.42225],[17.40661,-28.4083],[17.40881,-28.40326],[17.41054,-28.39717],[17.41102,-28.38944],[17.41358,-28.37959],[17.41404,-28.37604],[17.41016,-28.37092],[17.40783,-28.3631],[17.40522,-28.35596],[17.39434,-28.34172],[17.38768,-28.33609],[17.38485,-28.3325],[17.38169,-28.33073],[17.37577,-28.32116],[17.3764,-28.31561],[17.37799,-28.31072],[17.38275,-28.30167],[17.38226,-28.2959],[17.37912,-28.29126],[17.37768,-28.28757],[17.37084,-28.27846],[17.3623,-28.27451],[17.35889,-28.26684],[17.35747,-28.26151],[17.35621,-28.25345],[17.35514,-28.25135],[17.3521,-28.24871],[17.3501,-28.24498],[17.33937,-28.2328],[17.33704,-28.22876],[17.334,-28.22609],[17.32897,-28.22517],[17.31752,-28.22479],[17.3088,-28.22383],[17.30383,-28.22573],[17.2984,-28.23124],[17.29033,-28.23699],[17.28925,-28.23879],[17.28187,-28.24416],[17.27806,-28.24538],[17.27347,-28.245],[17.26769,-28.24185],[17.26141,-28.23907],[17.25598,-28.23782],[17.25038,-28.23903],[17.2472,-28.24127],[17.24078,-28.24732],[17.23258,-28.25031],[17.22874,-28.25094],[17.22323,-28.25044],[17.21498,-28.24808],[17.21231,-28.24479],[17.20522,-28.23879],[17.20389,-28.23624],[17.20128,-28.23417],[17.19531,-28.22766],[17.19098,-28.21972],[17.1882,-28.21682],[17.18415,-28.20882],[17.18247,-28.20351],[17.18215,-28.19993],[17.18387,-28.19259],[17.18317,-28.1831],[17.18563,-28.17232],[17.18769,-28.16939],[17.18996,-28.16372],[17.19111,-28.15734],[17.19322,-28.15153],[17.19436,-28.14576],[17.19478,-28.13813],[17.19619,-28.13143],[17.19626,-28.12779],[17.19447,-28.12485],[17.19454,-28.11442],[17.19193,-28.10823],[17.18954,-28.10477],[17.18331,-28.10048],[17.17821,-28.09857],[17.16635,-28.1003],[17.15968,-28.09778],[17.14446,-28.09565],[17.13937,-28.09368],[17.13547,-28.09069],[17.13136,-28.08553],[17.12903,-28.0791],[17.1276,-28.07282],[17.12566,-28.06744],[17.12282,-28.066],[17.11934,-28.06235],[17.11678,-28.0585],[17.10691,-28.05045],[17.1027,-28.04647],[17.09514,-28.04075],[17.09116,-28.03827],[17.08911,-28.03844],[17.0825,-28.03307],[17.07882,-28.03279],[17.07275,-28.0346],[17.07031,-28.03904],[17.0661,-28.04298],[17.0601,-28.04453],[17.0568,-28.04696],[17.05081,-28.04919],[17.04634,-28.04934],[17.0384,-28.05055],[17.02603,-28.05047],[17.02115,-28.05231],[17.01698,-28.05756],[17.01537,-28.06217],[17.0122,-28.06766],[17.0082,-28.07242],[17.0048,-28.07461],[17.00095,-28.07551],[16.99506,-28.07323],[16.99048,-28.07019],[16.98855,-28.06577],[16.98455,-28.06208],[16.98091,-28.06007],[16.97337,-28.05877],[16.97126,-28.06016],[16.96458,-28.06852],[16.95984,-28.07324],[16.95393,-28.07604],[16.94786,-28.07635],[16.94178,-28.0747],[16.93244,-28.07085],[16.92844,-28.06964],[16.92319,-28.06928],[16.91722,-28.06995],[16.91523,-28.07083],[16.90706,-28.07038],[16.90076,-28.07268],[16.89826,-28.07488],[16.89647,-28.07975],[16.8882,-28.08545],[16.88459,-28.08994],[16.88201,-28.09568],[16.88147,-28.10043],[16.88293,-28.10709],[16.88461,-28.11197],[16.88801,-28.11431],[16.88963,-28.11931],[16.88972,-28.12554],[16.89036,-28.13129],[16.8895,-28.13866],[16.88791,-28.14574],[16.88425,-28.14974],[16.88436,-28.15378],[16.88535,-28.15868],[16.88509,-28.1629],[16.88594,-28.16746],[16.88793,-28.17288],[16.88475,-28.17681],[16.87773,-28.18049],[16.87073,-28.182],[16.86947,-28.18137],[16.86657,-28.17606],[16.86364,-28.17333],[16.8559,-28.16942],[16.84285,-28.16446],[16.83951,-28.16427],[16.83464,-28.16535],[16.83048,-28.16716],[16.82847,-28.16908],[16.82685,-28.17552],[16.83011,-28.18322],[16.83687,-28.19061],[16.84393,-28.19316],[16.85079,-28.19785],[16.85489,-28.20246],[16.85697,-28.20693],[16.85553,-28.21246],[16.85026,-28.21535],[16.84556,-28.21648],[16.8365,-28.21656],[16.83257,-28.21761],[16.8199,-28.21714],[16.81592,-28.21485],[16.81153,-28.21372],[16.80718,-28.21648],[16.80306,-28.22202],[16.80335,-28.22724],[16.80668,-28.23347],[16.81953,-28.23979],[16.82474,-28.24332],[16.82598,-28.2451],[16.82743,-28.25239],[16.82675,-28.26305],[16.82582,-28.26706],[16.82151,-28.27292],[16.81932,-28.27456],[16.81334,-28.27658],[16.80721,-28.27629],[16.79997,-28.27486],[16.79315,-28.27103],[16.78639,-28.26519],[16.78175,-28.26049],[16.77735,-28.25913],[16.76917,-28.26003],[16.7626,-28.26146],[16.75812,-28.26439],[16.75705,-28.26844],[16.75458,-28.27256],[16.75341,-28.28057],[16.75257,-28.28197],[16.75196,-28.28744],[16.75214,-28.29368],[16.75502,-28.302],[16.75943,-28.30804],[16.76624,-28.3142],[16.7742,-28.31817],[16.77919,-28.3211],[16.78194,-28.32509],[16.78486,-28.33667],[16.78781,-28.34448],[16.79261,-28.34955],[16.80089,-28.35425],[16.80816,-28.36084],[16.80795,-28.36291],[16.80288,-28.36497],[16.79738,-28.37083],[16.79576,-28.37348],[16.78856,-28.38162],[16.77971,-28.38881],[16.77318,-28.39267],[16.76937,-28.39612],[16.7671,-28.40495],[16.76707,-28.40864],[16.76923,-28.41843],[16.77541,-28.43346],[16.77683,-28.44006],[16.77517,-28.44482],[16.76893,-28.45302],[16.76559,-28.45479],[16.76119,-28.45574],[16.7554,-28.45911],[16.74781,-28.46692],[16.74551,-28.47289],[16.74016,-28.4842],[16.73445,-28.49254],[16.73399,-28.49426],[16.72409,-28.49966],[16.71933,-28.50094],[16.70632,-28.49894],[16.70092,-28.49684],[16.69774,-28.49175],[16.69751,-28.47978],[16.69544,-28.47527],[16.68847,-28.47047],[16.68098,-28.47013],[16.67853,-28.47119],[16.67266,-28.47229],[16.66951,-28.47444],[16.66588,-28.47548],[16.66181,-28.47894],[16.65869,-28.48064],[16.6488,-28.48427],[16.64374,-28.48781],[16.64021,-28.48892],[16.6341,-28.49267],[16.62939,-28.49473],[16.62113,-28.50013],[16.61744,-28.50492],[16.61671,-28.50855],[16.61454,-28.51448],[16.61446,-28.51745],[16.61266,-28.52031],[16.60237,-28.53045],[16.59766,-28.53233],[16.59246,-28.53542],[16.57555,-28.5383],[16.57419,-28.53927],[16.56943,-28.53989],[16.5656,-28.54112],[16.56002,-28.54382],[16.55442,-28.54558],[16.54982,-28.5461],[16.54146,-28.54925],[16.53922,-28.55112],[16.5302,-28.55446],[16.52521,-28.55463],[16.52226,-28.55591],[16.51808,-28.55616],[16.51429,-28.55833],[16.50215,-28.55891],[16.50035,-28.56187],[16.49697,-28.56184],[16.4884,-28.56288],[16.48021,-28.5655],[16.47882,-28.56755],[16.47614,-28.56841],[16.47179,-28.57157],[16.46825,-28.57288],[16.46605,-28.57874],[16.46638,-28.58144],[16.46441,-28.58414],[16.46175,-28.58556],[16.45667,-28.59046],[16.45428,-28.60324],[16.45217,-28.61225],[16.45343,-28.62145],[16.45201,-28.62602],[16.45189,-28.6321],[16.45641,-28.63441],[16.46206,-28.63867],[16.46754,-28.64184],[16.47776,-28.64696],[16.48689,-28.65371],[16.48853,-28.65618],[16.49171,-28.65788],[16.49761,-28.66319],[16.50415,-28.66536],[16.50554,-28.66674],[16.50612,-28.67132],[16.51027,-28.67024],[16.50957,-28.67333],[16.5103,-28.67628],[16.51535,-28.67936],[16.51586,-28.68426],[16.51837,-28.68694],[16.52019,-28.68683],[16.52366,-28.68975],[16.5241,-28.69161],[16.53101,-28.69549],[16.53189,-28.70136],[16.53444,-28.70326],[16.53515,-28.70609],[16.5416,-28.70907],[16.54584,-28.70732],[16.54866,-28.70933],[16.55155,-28.71002],[16.55462,-28.71277],[16.55377,-28.71493],[16.55531,-28.71688],[16.55899,-28.71627],[16.56231,-28.71905],[16.56325,-28.72222],[16.56607,-28.72533],[16.57044,-28.72771],[16.56927,-28.73037],[16.5707,-28.73635],[16.57237,-28.73962],[16.57061,-28.7422],[16.57017,-28.74736],[16.56915,-28.75097],[16.56451,-28.7547],[16.56191,-28.75895],[16.56161,-28.762],[16.56305,-28.76538],[16.56753,-28.76556],[16.56743,-28.76908],[16.57082,-28.76901],[16.57323,-28.77206],[16.57247,-28.77604],[16.57418,-28.77998],[16.57266,-28.78342],[16.57257,-28.78601],[16.57523,-28.78972],[16.57442,-28.79427],[16.57818,-28.79392],[16.58122,-28.79635],[16.58103,-28.79828],[16.58307,-28.80027],[16.58314,-28.80771],[16.5846,-28.8113],[16.58226,-28.81609],[16.58209,-28.82327],[16.58503,-28.82673],[16.58494,-28.82958],[16.58837,-28.83118],[16.58839,-28.8332],[16.59259,-28.83495],[16.59587,-28.83724],[16.59744,-28.84021],[16.5966,-28.84455],[16.59957,-28.85442],[16.60078,-28.8559],[16.60015,-28.86283],[16.60297,-28.86903],[16.60258,-28.87476],[16.60475,-28.87675],[16.61314,-28.87635],[16.61784,-28.87855],[16.62319,-28.88289],[16.62525,-28.88547],[16.63003,-28.88947],[16.63686,-28.89069],[16.64859,-28.89569],[16.65331,-28.899],[16.658,-28.90113],[16.66143,-28.90356],[16.66543,-28.90788],[16.66993,-28.91011],[16.67895,-28.91666],[16.68108,-28.92052],[16.68709,-28.92406],[16.68982,-28.92697],[16.6897,-28.92957],[16.69143,-28.93453],[16.69363,-28.93553],[16.69557,-28.93913],[16.69778,-28.94749],[16.69675,-28.95289],[16.70101,-28.95545],[16.70213,-28.95733],[16.70302,-28.9654],[16.70916,-28.96602],[16.71156,-28.97313],[16.71414,-28.9768],[16.71728,-28.97641],[16.72103,-28.97824],[16.72091,-28.98285],[16.72233,-28.98385],[16.72143,-28.9916],[16.71925,-28.99381],[16.71805,-28.99944],[16.71858,-29.00346],[16.72496,-29.00707],[16.72502,-29.01016],[16.7263,-29.01344],[16.73097,-29.02004],[16.73521,-29.02299],[16.73877,-29.02859],[16.7423,-29.03144],[16.7429,-29.03557],[16.74545,-29.03816],[16.74793,-29.04254],[16.75505,-29.04539],[16.75785,-29.04802],[16.7614,-29.04777],[16.77675,-29.05636],[16.78407,-29.06177],[16.78831,-29.06657],[16.79381,-29.07138],[16.79531,-29.07381],[16.79871,-29.07446],[16.79959,-29.07696],[16.80385,-29.07952],[16.80483,-29.08258],[16.80672,-29.08256],[16.80877,-29.08512],[16.8115,-29.0866],[16.81221,-29.08863],[16.81511,-29.09025],[16.8174,-29.0933],[16.81862,-29.09853],[16.81574,-29.10128],[16.8165,-29.10563],[16.81367,-29.11041],[16.8164,-29.11282],[16.81515,-29.11527],[16.81972,-29.1182],[16.8219,-29.12113],[16.82353,-29.12495],[16.82337,-29.13401],[16.82556,-29.13659],[16.82614,-29.13982],[16.82841,-29.14409],[16.83224,-29.15322],[16.83197,-29.15523],[16.83646,-29.16062],[16.83642,-29.16246],[16.83294,-29.16244],[16.83273,-29.16929],[16.83672,-29.17284],[16.83684,-29.17847],[16.8402,-29.17929],[16.84321,-29.18603],[16.84213,-29.19087],[16.84365,-29.19445],[16.8446,-29.19958],[16.8426,-29.20504],[16.83966,-29.2065],[16.83804,-29.21098],[16.84057,-29.21585],[16.84586,-29.22196],[16.84858,-29.22319],[16.84686,-29.22733],[16.8486,-29.22837],[16.85033,-29.232],[16.85342,-29.23351],[16.85496,-29.23619],[16.85403,-29.24115],[16.85734,-29.24052],[16.86088,-29.24324],[16.86674,-29.24594],[16.86771,-29.24761],[16.86799,-29.25719],[16.86965,-29.26006],[16.86945,-29.26695],[16.87238,-29.26672],[16.87431,-29.27225],[16.87723,-29.27282],[16.8799,-29.27747],[16.88042,-29.28047],[16.87922,-29.28701],[16.87737,-29.29254],[16.8798,-29.29692],[16.8846,-29.30024],[16.88759,-29.30526],[16.89211,-29.30711],[16.897,-29.31308],[16.89714,-29.31676],[16.89867,-29.3201],[16.90197,-29.32406],[16.90586,-29.32498],[16.90959,-29.32922],[16.90867,-29.33357],[16.9116,-29.33831],[16.91596,-29.34248],[16.92086,-29.34533],[16.92748,-29.35081],[16.92664,-29.35447],[16.92972,-29.35721],[16.93514,-29.35957],[16.93632,-29.36416],[16.93957,-29.37013],[16.94188,-29.37189],[16.94078,-29.37459],[16.9414,-29.38327],[16.94095,-29.38563],[16.94297,-29.38732],[16.94392,-29.39338],[16.9436,-29.39972],[16.94663,-29.40385],[16.94618,-29.40799],[16.95118,-29.40998],[16.95239,-29.41327],[16.9548,-29.41547],[16.95527,-29.41896],[16.95777,-29.41935],[16.96249,-29.42599],[16.96711,-29.4296],[16.96833,-29.4354],[16.97128,-29.43818],[16.96929,-29.4441],[16.96982,-29.45002],[16.97115,-29.45199],[16.9719,-29.45587],[16.97343,-29.45591],[16.97492,-29.46329],[16.97826,-29.4642],[16.97915,-29.4715],[16.9779,-29.47647],[16.98125,-29.482],[16.98125,-29.48515],[16.98573,-29.48965],[16.98458,-29.49244],[16.98434,-29.50297],[16.98846,-29.50723],[16.99244,-29.50838],[16.99469,-29.51242],[16.99461,-29.515005],[16.99257,-29.51662],[16.99563,-29.51879],[16.99937,-29.52376],[16.99742,-29.52676],[16.99745,-29.53532],[16.99856,-29.5366],[16.99797,-29.5396],[17.00079,-29.54202],[17.00118,-29.54485],[17.00382,-29.54765],[17.00358,-29.55093],[17.00629,-29.55437],[17.00698,-29.56341],[17.00364,-29.56498],[17.00313,-29.56701],[16.9984,-29.56905],[16.99895,-29.57246],[17.00073,-29.57596],[17.00464,-29.5799],[17.00628,-29.58285],[17.01166,-29.58697],[17.01539,-29.5917],[17.01838,-29.59825],[17.0217,-29.60316],[17.02559,-29.60545],[17.02852,-29.60818],[17.03404,-29.61653],[17.03495,-29.62497],[17.0326,-29.62628],[17.03499,-29.63154],[17.03377,-29.63388],[17.03429,-29.63785],[17.03648,-29.64326],[17.0365,-29.64996],[17.03756,-29.65048],[17.03969,-29.65661],[17.04118,-29.65902],[17.04281,-29.66628],[17.04513,-29.67235],[17.05157,-29.678],[17.05333,-29.68181],[17.05325,-29.68502],[17.05531,-29.68839],[17.05617,-29.69207],[17.05608,-29.69635],[17.05714,-29.69799],[17.0552,-29.69971],[17.05328,-29.70626],[17.05327,-29.70926],[17.0584,-29.71119],[17.0594,-29.7133],[17.05939,-29.71722],[17.05825,-29.72091],[17.06024,-29.724],[17.06041,-29.72853],[17.05897,-29.73135],[17.05723,-29.73725],[17.05798,-29.73815],[17.05762,-29.7444],[17.05962,-29.74553],[17.06079,-29.74902],[17.05933,-29.7527],[17.05939,-29.75527],[17.06296,-29.76527],[17.06456,-29.76777],[17.06679,-29.76868],[17.069,-29.77129],[17.06904,-29.77735],[17.07161,-29.78148],[17.0738,-29.78318],[17.07313,-29.78618],[17.07701,-29.79175],[17.07439,-29.79857],[17.07767,-29.80097],[17.07759,-29.80272],[17.08061,-29.80512],[17.08016,-29.80756],[17.08124,-29.81066],[17.07965,-29.81241],[17.0765,-29.81185],[17.07439,-29.81281],[17.07666,-29.8154],[17.07714,-29.81949],[17.07945,-29.82069],[17.07976,-29.82547],[17.08201,-29.82786],[17.08346,-29.83292],[17.08892,-29.84014],[17.08981,-29.84489],[17.0895,-29.84922],[17.09087,-29.85315],[17.09516,-29.85593],[17.09963,-29.85995],[17.10155,-29.86752],[17.10442,-29.86752],[17.10517,-29.87076],[17.10326,-29.87274],[17.10296,-29.87506],[17.10434,-29.87924],[17.10136,-29.8843],[17.10703,-29.8881],[17.10629,-29.89178],[17.10765,-29.8946],[17.11017,-29.8957],[17.11183,-29.8982],[17.11067,-29.90137],[17.11211,-29.90681],[17.11148,-29.90793],[17.11255,-29.91451],[17.11733,-29.91588],[17.11604,-29.91979],[17.11852,-29.92361],[17.11957,-29.92713],[17.11942,-29.9304],[17.11793,-29.93213],[17.12011,-29.93447],[17.12377,-29.93439],[17.12799,-29.9386],[17.12747,-29.94203],[17.13469,-29.9462],[17.13671,-29.94965],[17.1423,-29.95618],[17.14243,-29.95888],[17.14475,-29.96289],[17.14692,-29.96364],[17.14688,-29.96605],[17.14873,-29.97016],[17.15139,-29.97124],[17.15254,-29.97369],[17.15512,-29.9758],[17.15643,-29.98039],[17.15864,-29.98239],[17.16008,-29.98984],[17.15797,-29.99122],[17.15726,-29.99435],[17.1611,-29.99992],[17.16235,-30.0027],[17.16071,-30.00897],[17.15919,-30.01157],[17.16244,-30.01478],[17.16357,-30.01728],[17.16399,-30.02251],[17.16712,-30.02615],[17.16559,-30.029],[17.16538,-30.03233],[17.16976,-30.03557],[17.17187,-30.03856],[17.17376,-30.04536],[17.17761,-30.04655],[17.17697,-30.05149],[17.17914,-30.05796],[17.181,-30.06173],[17.17985,-30.06919],[17.18123,-30.07853],[17.18381,-30.08121],[17.18564,-30.08717],[17.18282,-30.08952],[17.18232,-30.09236],[17.18503,-30.09526],[17.18525,-30.09884],[17.1843,-30.10089],[17.18628,-30.10228],[17.18864,-30.10099],[17.1922,-30.10593],[17.19185,-30.10904],[17.18934,-30.11165],[17.19022,-30.11535],[17.19237,-30.11827],[17.19302,-30.12142],[17.19195,-30.12289],[17.19374,-30.12575],[17.19565,-30.12594],[17.19609,-30.12917],[17.19476,-30.13038],[17.19407,-30.13592],[17.19818,-30.13405],[17.20093,-30.13917],[17.20121,-30.14217],[17.20326,-30.1426],[17.20499,-30.14777],[17.21021,-30.15161],[17.21185,-30.15469],[17.21654,-30.15594],[17.22035,-30.16016],[17.22342,-30.16509],[17.22229,-30.16968],[17.22185,-30.17775],[17.22297,-30.18046],[17.22402,-30.18923],[17.22917,-30.19199],[17.23213,-30.19976],[17.23309,-30.20522],[17.23117,-30.20908],[17.23227,-30.21636],[17.23472,-30.21683],[17.23672,-30.21923],[17.2352,-30.22457],[17.23824,-30.22638],[17.24031,-30.23188],[17.24404,-30.23519],[17.24372,-30.23775],[17.2454,-30.24164],[17.24769,-30.24208],[17.25031,-30.24777],[17.25279,-30.24873],[17.25831,-30.25646],[17.25983,-30.26],[17.25942,-30.26281],[17.25674,-30.26391],[17.25753,-30.26838],[17.25976,-30.27387],[17.26385,-30.27512],[17.26504,-30.2788],[17.26624,-30.2864],[17.26863,-30.28696],[17.27013,-30.29304],[17.26819,-30.29747],[17.27116,-30.29753],[17.27209,-30.30507],[17.27035,-30.30742],[17.26815,-30.30797],[17.26964,-30.31187],[17.27364,-30.31343],[17.27474,-30.31674],[17.27127,-30.31734],[17.27167,-30.32123],[17.27045,-30.32296],[17.27478,-30.32605],[17.2724,-30.32909],[17.27212,-30.3345],[17.27379,-30.3346],[17.27797,-30.34124],[17.27829,-30.34592],[17.28273,-30.34725],[17.28663,-30.353],[17.29011,-30.36277],[17.2945,-30.36662],[17.29564,-30.36974],[17.30025,-30.37155],[17.30251,-30.37394],[17.30535,-30.37486],[17.30773,-30.37759],[17.30824,-30.38067],[17.30669,-30.38239],[17.30856,-30.38698],[17.30799,-30.39118],[17.31121,-30.39308],[17.31235,-30.3954],[17.31802,-30.40168],[17.32165,-30.40668],[17.32394,-30.4118],[17.32563,-30.41348],[17.3283,-30.41957],[17.33058,-30.42244],[17.33073,-30.42562],[17.33439,-30.42891],[17.33694,-30.43394],[17.34262,-30.43845],[17.34138,-30.44305],[17.3427,-30.44553],[17.34279,-30.44862],[17.34615,-30.4531],[17.35018,-30.45202],[17.35353,-30.45431],[17.35346,-30.45656],[17.34998,-30.45866],[17.34978,-30.46229],[17.35396,-30.46632],[17.35607,-30.46595],[17.35845,-30.47022],[17.35892,-30.47425],[17.35578,-30.47586],[17.35875,-30.47785],[17.35888,-30.48114],[17.36068,-30.48394],[17.3634,-30.48374],[17.3665,-30.48648],[17.3646,-30.48802],[17.36511,-30.49006],[17.36855,-30.49243],[17.36867,-30.49444],[17.37075,-30.49934],[17.37649,-30.50197],[17.37846,-30.50651],[17.3823,-30.50986],[17.38243,-30.5115],[17.38669,-30.5146],[17.38973,-30.51939],[17.39297,-30.52138],[17.39457,-30.52619],[17.40008,-30.52884],[17.4005,-30.53395],[17.40498,-30.53603],[17.40584,-30.53839],[17.40355,-30.5403],[17.4055,-30.54611],[17.40817,-30.54827],[17.40939,-30.55144],[17.41248,-30.55343],[17.41348,-30.556],[17.41249,-30.55954],[17.41075,-30.56188],[17.41336,-30.56546],[17.42161,-30.57156],[17.42936,-30.58182],[17.43523,-30.58706],[17.44235,-30.5963],[17.4421,-30.59929],[17.43924,-30.60763],[17.43948,-30.60981],[17.4355,-30.61279],[17.43547,-30.61658],[17.43314,-30.61849],[17.43396,-30.62078],[17.43686,-30.62397],[17.44002,-30.62613],[17.4426,-30.62637],[17.44507,-30.62818],[17.44435,-30.62974],[17.44848,-30.63383],[17.44947,-30.64085],[17.45167,-30.64151],[17.45364,-30.64383],[17.45611,-30.64479],[17.46104,-30.64962],[17.46331,-30.65349],[17.46145,-30.65558],[17.46351,-30.66232],[17.46958,-30.66931],[17.4708,-30.67198],[17.47153,-30.67776],[17.47,-30.67948],[17.47023,-30.68283],[17.47401,-30.68412],[17.47827,-30.68668],[17.47983,-30.6906],[17.48388,-30.69535],[17.48615,-30.69662],[17.48805,-30.69944],[17.49095,-30.7005],[17.49305,-30.7029],[17.49556,-30.70398],[17.49962,-30.70856],[17.50237,-30.7127],[17.50621,-30.71527],[17.51418,-30.72332],[17.51838,-30.72829],[17.51837,-30.72995],[17.52098,-30.73168],[17.52359,-30.73555],[17.52481,-30.74021],[17.52684,-30.7426],[17.52804,-30.74758],[17.52936,-30.74966],[17.53149,-30.76138],[17.53453,-30.76882],[17.5334,-30.77495],[17.53538,-30.77765],[17.53744,-30.783],[17.54023,-30.78842],[17.54599,-30.79474],[17.54936,-30.80209],[17.55233,-30.80583],[17.55481,-30.81133],[17.55486,-30.81747],[17.55904,-30.82293],[17.56353,-30.82631],[17.56628,-30.83326],[17.56962,-30.83599],[17.56954,-30.84031],[17.57336,-30.84534],[17.57581,-30.84538],[17.57723,-30.84798],[17.57565,-30.85061],[17.57471,-30.85751],[17.57852,-30.86259],[17.57837,-30.86538],[17.58055,-30.8662],[17.58128,-30.87013],[17.58429,-30.87265],[17.58439,-30.87759],[17.58806,-30.88061],[17.58756,-30.88275],[17.5902,-30.88458],[17.59145,-30.88928],[17.59553,-30.89067],[17.59607,-30.89356],[17.59508,-30.89558],[17.59533,-30.90001],[17.59907,-30.90146],[17.60002,-30.90607],[17.60239,-30.90701],[17.60367,-30.91621],[17.61059,-30.91816],[17.61747,-30.92485],[17.62033,-30.9269],[17.6208,-30.92923],[17.62467,-30.93188],[17.6259,-30.93439],[17.6293,-30.93622],[17.62981,-30.93927],[17.63222,-30.94414],[17.63556,-30.94618],[17.6372,-30.9496],[17.64003,-30.95038],[17.64108,-30.95221],[17.64474,-30.95467],[17.64661,-30.95705],[17.64662,-30.95948],[17.64935,-30.96146],[17.65233,-30.96209],[17.65566,-30.96568],[17.65551,-30.96764],[17.65839,-30.9703],[17.65988,-30.97504],[17.66306,-30.97945],[17.66225,-30.9829],[17.66608,-30.98356],[17.67156,-30.99007],[17.67219,-30.9923],[17.67548,-30.99427],[17.67942,-30.9991],[17.68201,-31.00795],[17.68556,-31.01354],[17.68827,-31.01553],[17.68916,-31.01866],[17.68688,-31.02163],[17.68747,-31.02635],[17.6925,-31.02933],[17.69354,-31.03708],[17.69817,-31.04175],[17.69949,-31.04616],[17.70149,-31.04876],[17.70161,-31.05245],[17.70616,-31.05683],[17.70645,-31.05925],[17.70354,-31.0645],[17.704,-31.06645],[17.707135,-31.068985],[17.71044,-31.06974],[17.71425,-31.078],[17.71648,-31.07959],[17.72131,-31.08501],[17.72101,-31.08731],[17.72344,-31.09071],[17.72302,-31.0948],[17.72643,-31.09651],[17.73206,-31.1053],[17.73658,-31.10984],[17.7379,-31.1141],[17.73587,-31.12124],[17.73624,-31.12332],[17.73882,-31.12526],[17.74564,-31.12779],[17.74624,-31.12926],[17.74285,-31.13387],[17.74364,-31.13612],[17.7474,-31.13634],[17.74694,-31.13856],[17.74997,-31.14481],[17.75315,-31.14627],[17.75641,-31.15153],[17.75758,-31.15197],[17.76139,-31.15643],[17.76267,-31.16],[17.76851,-31.16459],[17.76915,-31.16693],[17.77159,-31.16831],[17.77327,-31.17251],[17.77725,-31.17515],[17.77896,-31.17725],[17.78371,-31.1806],[17.78627,-31.18488],[17.7939,-31.19461],[17.79365,-31.19743],[17.79729,-31.20209],[17.80104,-31.20267],[17.80155,-31.20412],[17.80847,-31.21229],[17.81174,-31.21344],[17.81256,-31.21568],[17.81692,-31.21811],[17.81782,-31.22277],[17.82245,-31.22306],[17.8261,-31.22612],[17.83307,-31.23024],[17.83879,-31.23454],[17.8477,-31.24445],[17.85065,-31.24685],[17.85716,-31.25092],[17.86339,-31.25764],[17.86628,-31.26388],[17.86886,-31.26717],[17.86919,-31.27062],[17.87146,-31.27133],[17.87465,-31.27466],[17.87732,-31.27877],[17.8771,-31.28174],[17.88011,-31.28348],[17.88181,-31.28861],[17.87969,-31.29199],[17.88183,-31.29292],[17.88108,-31.29634],[17.88242,-31.30204],[17.87711,-31.30743],[17.87709,-31.3097],[17.88009,-31.31034],[17.87824,-31.31434],[17.87845,-31.31939],[17.8819,-31.32283],[17.8851,-31.32495],[17.88637,-31.32878],[17.88939,-31.33055],[17.89307,-31.33731],[17.8967,-31.34176],[17.89965,-31.34379],[17.90062,-31.34851],[17.90044,-31.35206],[17.90671,-31.35543],[17.90872,-31.36002],[17.91212,-31.36137],[17.91193,-31.36297],[17.91591,-31.36704],[17.91927,-31.36761],[17.92401,-31.37112],[17.9284,-31.3757],[17.93127,-31.37955],[17.93157,-31.38203],[17.93477,-31.38353],[17.9346,-31.38523],[17.93869,-31.38857],[17.938,-31.39069],[17.9406,-31.39269],[17.94484,-31.39785],[17.94589,-31.40224],[17.94904,-31.40643],[17.95285,-31.41008],[17.9561,-31.41159],[17.95783,-31.41506],[17.96083,-31.41752],[17.96594,-31.41971],[17.97098,-31.42461],[17.97223,-31.42823],[17.97598,-31.43065],[17.98206,-31.43711],[17.98813,-31.44531],[17.98998,-31.44997],[17.99507,-31.45664],[18.00026,-31.45906],[18.00233,-31.46179],[18.00657,-31.4704],[18.01191,-31.47583],[18.01629,-31.47824],[18.02043,-31.48274],[18.02095,-31.48442],[18.02683,-31.48849],[18.02886,-31.4912],[18.03256,-31.49279],[18.03265,-31.4961],[18.03686,-31.49949],[18.03844,-31.50314],[18.04071,-31.50339],[18.04249,-31.5098],[18.04613,-31.51129],[18.04725,-31.51326],[18.05021,-31.51408],[18.05012,-31.51625],[18.05426,-31.51793],[18.05581,-31.52146],[18.06147,-31.52384],[18.0662,-31.5274],[18.08434,-31.54544],[18.08609,-31.54845],[18.09783,-31.55938],[18.10559,-31.56798],[18.10777,-31.57153],[18.11072,-31.57447],[18.11267,-31.57889],[18.11471,-31.58014],[18.11787,-31.58626],[18.1177,-31.59246],[18.1155,-31.59776],[18.11961,-31.60128],[18.11828,-31.60308],[18.12744,-31.60806],[18.12956,-31.61082],[18.12973,-31.6131],[18.13266,-31.61629],[18.13182,-31.62153],[18.13452,-31.62379],[18.13525,-31.62717],[18.13745,-31.6269],[18.13976,-31.63172],[18.14284,-31.63578],[18.14533,-31.63707],[18.14721,-31.64013],[18.14644,-31.64258],[18.15029,-31.64925],[18.1494,-31.65113],[18.15204,-31.65409],[18.15211,-31.65583],[18.15599,-31.65732],[18.16047,-31.66319],[18.16266,-31.66742],[18.16727,-31.67264],[18.16824,-31.67493],[18.17353,-31.67986],[18.17984,-31.68711],[18.18159,-31.69151],[18.1841,-31.69327],[18.18394,-31.69601],[18.18607,-31.70136],[18.18929,-31.70062],[18.19034,-31.70294],[18.19361,-31.706],[18.2029,-31.71743],[18.20472,-31.72173],[18.21438,-31.7338],[18.21746,-31.73891],[18.22279,-31.74432],[18.22238,-31.74766],[18.22423,-31.74843],[18.22531,-31.75396],[18.22163,-31.75713],[18.22284,-31.75965],[18.22176,-31.76249],[18.22453,-31.76358],[18.22355,-31.76599],[18.22435,-31.77121],[18.22545,-31.77296],[18.22559,-31.77856],[18.22826,-31.78586],[18.23069,-31.78724],[18.23071,-31.79094],[18.23276,-31.79506],[18.23256,-31.7969],[18.22892,-31.79937],[18.23148,-31.80349],[18.23177,-31.80673],[18.23536,-31.81321],[18.23344,-31.81766],[18.23359,-31.82071],[18.23762,-31.82572],[18.24561,-31.83709],[18.25887,-31.85447],[18.26603,-31.86525],[18.27222,-31.87787],[18.27434,-31.88107],[18.27642,-31.88833],[18.27882,-31.89338],[18.28008,-31.89817],[18.28003,-31.90838],[18.27777,-31.91219],[18.27263,-31.91287],[18.27532,-31.91773],[18.27595,-31.92398],[18.27491,-31.92979],[18.27292,-31.9325],[18.27014,-31.93388],[18.26546,-31.93404],[18.26542,-31.93958],[18.26629,-31.94365],[18.26809,-31.9465],[18.26784,-31.9484],[18.27515,-31.95895],[18.27729,-31.96492],[18.27846,-31.96589],[18.28134,-31.97522],[18.28537,-31.98243],[18.28676,-31.9866],[18.28443,-31.99094],[18.28235,-31.99142],[18.28237,-31.99548],[18.28513,-31.99955],[18.28662,-32.00039],[18.290267,-32.006653],[18.31179,-31.99808],[18.32543,-31.98071],[18.34427,-31.97658],[18.36094,-31.97187],[18.39506,-31.96246],[18.39251,-31.95422],[18.40116,-31.95153],[18.41192,-31.94559],[18.40204,-31.91208],[18.4361,-31.9111],[18.43603,-31.90406],[18.40142,-31.87843],[18.39569,-31.87397],[18.4516,-31.84382],[18.45986,-31.85777],[18.49451,-31.86811],[18.49324,-31.87277],[18.49026,-31.87837],[18.48374,-31.88455],[18.49922,-31.88901],[18.51088,-31.88369],[18.5454,-31.88443],[18.56124,-31.87886],[18.6048,-31.93367],[18.60893,-31.9391],[18.62286,-31.95634],[18.6647,-31.95573],[18.65571,-31.93125],[18.68718,-31.91002],[18.70725,-31.89667],[18.68901,-31.86614],[18.70074,-31.85259],[18.70382,-31.85221],[18.71104,-31.85464],[18.71533,-31.85903],[18.71806,-31.86322],[18.72637,-31.8682],[18.73186,-31.87248],[18.73503,-31.87413],[18.7409,-31.87889],[18.74785,-31.87791],[18.75389,-31.87453],[18.75818,-31.87325],[18.76684,-31.87457],[18.77811,-31.87556],[18.78131,-31.87522],[18.78526,-31.87295],[18.78789,-31.86764],[18.79025,-31.86547],[18.79596,-31.86325],[18.79972,-31.86343],[18.8036,-31.86198],[18.80934,-31.8628],[18.81517,-31.86273],[18.81946,-31.86515],[18.82046,-31.86776],[18.82357,-31.8686],[18.82657,-31.86776],[18.83087,-31.86482],[18.83727,-31.86286],[18.8467,-31.85903],[18.85676,-31.85791],[18.86345,-31.85917],[18.86525,-31.85873],[18.86964,-31.8556],[18.87551,-31.85242],[18.88238,-31.85173],[18.89132,-31.85247],[18.89587,-31.85483],[18.90411,-31.8583],[18.90831,-31.85808],[18.91221,-31.85653],[18.91743,-31.85675],[18.9206,-31.85612],[18.92907,-31.85558],[18.93653,-31.85397],[18.94087,-31.85479],[18.9514,-31.85785],[18.95993,-31.85909],[18.97061,-31.858],[18.97302,-31.85703],[18.98195,-31.8557],[18.98366,-31.85984],[18.98502,-31.86915],[18.98333,-31.87358],[18.9839,-31.87655],[18.9878,-31.87932],[18.99637,-31.87933],[19.00557,-31.87857],[19.01073,-31.87728],[19.01803,-31.87733],[19.02622,-31.87664],[19.03458,-31.8762],[19.04489,-31.87837],[19.0535,-31.87903],[19.06883,-31.88395],[19.0832,-31.8905],[19.0849,-31.89359],[19.08989,-31.89513],[19.10128,-31.8963],[19.10935,-31.89813],[19.11322,-31.90117],[19.11488,-31.90424],[19.11812,-31.90714],[19.12076,-31.90768],[19.12745,-31.90622],[19.1308,-31.90657],[19.14006,-31.91058],[19.14245,-31.91208],[19.1467,-31.90835],[19.15045,-31.90287],[19.15605,-31.89967],[19.1588,-31.8995],[19.16432,-31.9048],[19.17232,-31.90977],[19.19968,-31.90477],[19.21071,-31.94804],[19.24407,-31.91386],[19.28968,-31.86304],[19.27984,-31.922],[19.26484,-31.96574],[19.27751,-31.97971],[19.28987,-31.965105],[19.32335,-31.9848],[19.32978,-32.01258],[19.35305,-32.027925],[19.36297,-32.04284],[19.38044,-32.03756],[19.39301,-32.0179],[19.39585,-32.01511],[19.42591,-32.0313],[19.44306,-32.04718],[19.46671,-32.07181],[19.4774,-32.07273],[19.48213,-32.07357],[19.48613,-32.07618],[19.48769,-32.08146],[19.48708,-32.08806],[19.48796,-32.09154],[19.48336,-32.11367],[19.48853,-32.1212],[19.5075,-32.08609],[19.51519,-32.1152],[19.50834,-32.1259],[19.49109,-32.13007],[19.47522,-32.14629],[19.48404,-32.16159],[19.47926,-32.16768],[19.48732,-32.16372],[19.50139,-32.17987],[19.49271,-32.19857],[19.50225,-32.2054],[19.49424,-32.20868],[19.49703,-32.21415],[19.49724,-32.21591],[19.49584,-32.22165],[19.49376,-32.22552],[19.48839,-32.23057],[19.48624,-32.23389],[19.48571,-32.23764],[19.48682,-32.24129],[19.48941,-32.24352],[19.49509,-32.24501],[19.4915,-32.25237],[19.40908,-32.29008],[19.4302,-32.36571],[19.43528,-32.36826],[19.43466,-32.37323],[19.43931,-32.38016],[19.44436,-32.38995],[19.45227,-32.3968],[19.45649,-32.40295],[19.4599,-32.41061],[19.46511,-32.41595],[19.46715,-32.42161],[19.46986,-32.42416],[19.47192,-32.42792],[19.47143,-32.43179],[19.47288,-32.43632],[19.47748,-32.43885],[19.47978,-32.44134],[19.48251,-32.4476],[19.48537,-32.45251],[19.48919,-32.46353],[19.49637,-32.47482],[19.49877,-32.4752],[19.50366,-32.47294],[19.5071,-32.47314],[19.51021,-32.47828],[19.51313,-32.48073],[19.51617,-32.4861],[19.49497,-32.49894],[19.486805,-32.56544],[19.49917,-32.61209],[19.51426,-32.64314],[19.52825,-32.67324],[19.58724,-32.64778],[19.59194,-32.6427],[19.60495,-32.62946],[19.612,-32.56655],[19.60958,-32.55945],[19.60712,-32.54538],[19.615,-32.52896],[19.62647,-32.50204],[19.625,-32.49297],[19.62185,-32.47062],[19.65487,-32.43878],[19.66806,-32.45477],[19.67974,-32.46351],[19.69957,-32.45403],[19.72557,-32.44394],[19.73024,-32.44236],[19.70739,-32.42031],[19.73131,-32.41013],[19.73408,-32.39813],[19.73662,-32.38552],[19.76413,-32.41112],[19.8027,-32.3937],[19.8178,-32.36072],[19.84949,-32.36623],[19.87389,-32.3832],[19.88086,-32.3824],[19.93749,-32.37728],[19.96698,-32.35171],[19.96817,-32.3505],[19.99098,-32.33771],[20.00445,-32.32993],[20.0147,-32.32004],[20.03862,-32.29644],[20.05361,-32.25231],[20.08501,-32.24826],[20.09696,-32.25024],[20.10014,-32.24272],[20.10392,-32.23684],[20.10744,-32.23331],[20.10927,-32.23014],[20.11411,-32.21403],[20.11899,-32.20697],[20.12339,-32.20286],[20.12908,-32.19853],[20.13591,-32.19232],[20.14034,-32.19031],[20.15105,-32.18735],[20.15183,-32.18652],[20.18092,-32.18455],[20.16636,-32.22749],[20.24084,-32.22419],[20.24625,-32.25257],[20.24927,-32.27528],[20.2496,-32.27923],[20.25417,-32.31085],[20.21603,-32.30316],[20.16352,-32.35102],[20.17045,-32.38087],[20.16379,-32.38738],[20.15259,-32.39953],[20.13202,-32.42112],[20.12629,-32.4184],[20.08176,-32.398],[20.07969,-32.3975],[20.09221,-32.45887],[20.09641,-32.47668],[20.09681,-32.50296],[20.09783,-32.50527],[20.12279,-32.55698],[20.114723,-32.570225],[20.136895,-32.61098],[20.14119,-32.64374],[20.18141,-32.6681],[20.19172,-32.68576],[20.18761,-32.75267],[20.21904,-32.78474],[20.25729,-32.79966],[20.2999,-32.80496],[20.33198,-32.84506],[20.34165,-32.85781],[20.35717,-32.86408],[20.36386,-32.88595],[20.36388,-32.91081],[20.38005,-32.90185],[20.4386,-32.94006],[20.4993,-32.94163],[20.56123,-32.88097],[20.5921,-32.92647],[20.59007,-32.94298],[20.6219,-32.94315],[20.64962,-32.93365],[20.65034,-32.93227],[20.68873,-32.93831],[20.71924,-32.94322],[20.73117,-32.944995],[20.74421,-32.91289],[20.74555,-32.91257],[20.79856,-32.89475],[20.83086,-32.82114],[20.83243,-32.81737],[20.83034,-32.78457],[20.80615,-32.75269],[20.7922,-32.73503],[20.78984,-32.71123],[20.82285,-32.69454],[20.8441,-32.66244],[20.96278,-32.6393],[21.03731,-32.6491],[21.06029,-32.6555],[21.09447,-32.65303],[21.11268,-32.64582],[21.15698,-32.62894],[21.14011,-32.58977],[21.18208,-32.50868],[21.18831,-32.50305],[21.19749,-32.4998],[21.23109,-32.46315],[21.26948,-32.45029],[21.28152,-32.43968],[21.30197,-32.40442],[21.30301,-32.40244],[21.3015,-32.37727],[21.35284,-32.39154],[21.4084,-32.36877],[21.42988,-32.37518],[21.44365,-32.35484],[21.47564,-32.33145],[21.49863,-32.33458],[21.51908,-32.33703],[21.55037,-32.32686],[21.56181,-32.31473],[21.549005,-32.290775],[21.54008,-32.25088],[21.53601,-32.22922],[21.54891,-32.22844],[21.5786,-32.22149],[21.59443,-32.21693],[21.60651,-32.20966],[21.64458,-32.20871],[21.66546,-32.23142],[21.67377,-32.24329],[21.69165,-32.24857],[21.7042,-32.23312],[21.71137,-32.22481],[21.72337,-32.21493],[21.73589,-32.20502],[21.74605,-32.22523],[21.74949,-32.22564],[21.773,-32.22679],[21.77025,-32.23841],[21.78062,-32.25093],[21.79508,-32.25616],[21.85511,-32.27551],[21.87417,-32.27657],[21.90165,-32.27091],[21.90457,-32.25641],[21.90744,-32.2528],[21.9246,-32.26196],[21.936205,-32.22288],[21.97124,-32.21643],[21.99592,-32.20298],[21.99952,-32.20595],[22.0035,-32.17424],[22.01644,-32.11426],[22.06956,-32.08145],[22.08965,-32.14638],[22.11995,-32.07697],[22.13396,-32.06439],[22.09359,-32.04592],[22.074125,-32.017915],[22.09498,-32.00106],[22.08923,-31.97435],[22.07133,-31.9393],[22.1004,-31.92434],[22.10144,-31.89872],[22.10019,-31.89564],[22.10063,-31.89351],[22.09727,-31.88874],[22.09168,-31.88539],[22.08852,-31.88043],[22.08605,-31.87916],[22.08354,-31.87353],[22.08429,-31.86878],[22.07996,-31.86366],[22.07887,-31.85901],[22.07886,-31.85489],[22.11587,-31.86263],[22.1315,-31.88426],[22.1666,-31.89309],[22.17688,-31.82072],[22.15986,-31.80974],[22.20628,-31.79225],[22.20401,-31.76403]]]},"properties":{"code":"027"}},{"type":"Feature","geometry":{"type":"Polygon","coordinates":[[[26.19133,-32.28523],[26.19911,-32.2689],[26.19285,-32.21687],[26.19903,-32.18757],[26.200775,-32.18028],[26.20689,-32.16447],[26.19286,-32.16087],[26.15078,-32.14961],[26.14085,-32.14683],[26.14159,-32.13953],[26.13919,-32.11915],[26.10104,-32.11345],[26.076,-32.11262],[26.07353,-32.10341],[26.05534,-32.09964],[26.06088,-32.08869],[26.06415,-32.08014],[26.03486,-32.07705],[26.032,-32.07335],[26.02182,-32.076625],[26.01245,-32.07243],[26.00957,-32.07642],[25.99966,-32.07065],[26.02391,-32.05519],[26.01974,-32.05412],[26.01933,-32.05133],[26.02197,-32.0449],[26.0178,-32.04334],[26.01537,-32.0411],[26.01196,-32.04035],[26.01132,-32.04204],[26.0004,-32.03789],[26.00293,-32.03395],[26.002614,-32.031736],[26.01058,-32.02327],[26.03374,-32.00191],[26.03391,-32.00158],[25.99953,-32.005],[25.9781,-31.99519],[25.9577,-31.98537],[25.94841,-31.98111],[25.90551,-31.94505],[25.88361,-31.93103],[25.85016,-31.90889],[25.84498,-31.91016],[25.83006,-31.92101],[25.7932,-31.90835],[25.76217,-31.8979],[25.76526,-31.87884],[25.74803,-31.88134],[25.73748,-31.88324],[25.72318,-31.86365],[25.73392,-31.857825],[25.72282,-31.85485],[25.706915,-31.86233],[25.70149,-31.8741],[25.70017,-31.87577],[25.69926,-31.8829],[25.67393,-31.89907],[25.66401,-31.90313],[25.64483,-31.90391],[25.64057,-31.90269],[25.64009,-31.90137],[25.64026,-31.8936],[25.64165,-31.87401],[25.63755,-31.85472],[25.6341,-31.83961],[25.61656,-31.83922],[25.61595,-31.83306],[25.60703,-31.81918],[25.59051,-31.82006],[25.59149,-31.81229],[25.58887,-31.81127],[25.56368,-31.80291],[25.56229,-31.78991],[25.56109,-31.77515],[25.56104,-31.76421],[25.54922,-31.76089],[25.54142,-31.76743],[25.52742,-31.76167],[25.50863,-31.76123],[25.48954,-31.75386],[25.47794,-31.73934],[25.45774,-31.74994],[25.44161,-31.75815],[25.43025,-31.74359],[25.42717,-31.7411],[25.40457,-31.73093],[25.38101,-31.72705],[25.3604,-31.71449],[25.37214,-31.70102],[25.39199,-31.69074],[25.39951,-31.67669],[25.41488,-31.67425],[25.45449,-31.6846],[25.47947,-31.66897],[25.49656,-31.64298],[25.49993,-31.64224],[25.50988,-31.63208],[25.52833,-31.61375],[25.52676,-31.61288],[25.51611,-31.58835],[25.50739,-31.57599],[25.50695,-31.57428],[25.50631,-31.5561],[25.50582,-31.54887],[25.53448,-31.53455],[25.54795,-31.55434],[25.55618,-31.55698],[25.59655,-31.57056],[25.61736,-31.57726],[25.6169,-31.58014],[25.62877,-31.5797],[25.64226,-31.57648],[25.63384,-31.56385],[25.62287,-31.55036],[25.61548,-31.54339],[25.60559,-31.54007],[25.56411,-31.52684],[25.56558,-31.52412],[25.56544,-31.52181],[25.56691,-31.51854],[25.57113,-31.51703],[25.5756,-31.5129],[25.57965,-31.51409],[25.58657,-31.51142],[25.57854,-31.49116],[25.58933,-31.48531],[25.60413,-31.479],[25.61703,-31.47393],[25.63312,-31.47968],[25.63245,-31.47438],[25.63602,-31.47317],[25.64065,-31.47049],[25.64299,-31.46802],[25.64658,-31.46677],[25.64941,-31.46246],[25.6485,-31.4584],[25.65124,-31.45386],[25.65246,-31.44914],[25.66567,-31.461],[25.69153,-31.4581],[25.70609,-31.47512],[25.72342,-31.47313],[25.73317,-31.45508],[25.74538,-31.4518],[25.76874,-31.44624],[25.76926,-31.44414],[25.79348,-31.45386],[25.82303,-31.46588],[25.84262,-31.46056],[25.85657,-31.45366],[25.8742,-31.45795],[25.88701,-31.4637],[25.92051,-31.47218],[25.92308,-31.46749],[25.93503,-31.4702],[25.95143,-31.47357],[25.96589,-31.47677],[25.97289,-31.46473],[25.98001,-31.4537],[25.99135,-31.43542],[25.98788,-31.42363],[26.0015,-31.41045],[26.00553,-31.38194],[26.00429,-31.37094],[25.99923,-31.33487],[26.01419,-31.32671],[26.03319,-31.33218],[26.12183,-31.29367],[26.13023,-31.26556],[26.13459,-31.25153],[26.16151,-31.26632],[26.20342,-31.27724],[26.22062,-31.2503],[26.23701,-31.22432],[26.29886,-31.21685],[26.29746,-31.2332],[26.30284,-31.23278],[26.30086,-31.23504],[26.31672,-31.24435],[26.33613,-31.24941],[26.33736,-31.24646],[26.3408,-31.24276],[26.33972,-31.23227],[26.3479,-31.21645],[26.35815,-31.22232],[26.36217,-31.21575],[26.36186,-31.21333],[26.35788,-31.21217],[26.35615,-31.20814],[26.35857,-31.19958],[26.35865,-31.1965],[26.36117,-31.19458],[26.36803,-31.19203],[26.36886,-31.18536],[26.37098,-31.18367],[26.37934,-31.18833],[26.39297,-31.18635],[26.4263,-31.18474],[26.41265,-31.20657],[26.41688,-31.20958],[26.42032,-31.21302],[26.4231,-31.21873],[26.42713,-31.223],[26.4936,-31.21183],[26.52103,-31.20728],[26.53199,-31.20777],[26.52868,-31.22632],[26.55378,-31.23264],[26.558,-31.23848],[26.57726,-31.21971],[26.60203,-31.2266],[26.62874,-31.22939],[26.64405,-31.21658],[26.68738,-31.19259],[26.68918,-31.19171],[26.68937,-31.19714],[26.70392,-31.21223],[26.707,-31.23766],[26.70904,-31.25185],[26.7087,-31.2771],[26.6982,-31.29193],[26.66668,-31.32136],[26.66639,-31.33978],[26.67136,-31.35344],[26.66367,-31.37256],[26.63483,-31.37279],[26.62335,-31.3719],[26.61266,-31.37198],[26.62959,-31.40562],[26.63286,-31.44624],[26.63332,-31.45525],[26.65389,-31.44807],[26.67978,-31.43864],[26.69914,-31.4517],[26.73018,-31.44625],[26.74323,-31.41726],[26.75703,-31.42021],[26.78067,-31.42455],[26.80516,-31.4331],[26.84687,-31.43585],[26.85578,-31.41214],[26.88448,-31.39814],[26.88228,-31.37802],[26.934645,-31.34397],[26.96125,-31.36108],[26.97779,-31.34083],[27.01134,-31.35618],[27.01714,-31.361025],[27.04747,-31.34455],[27.06759,-31.3614],[27.06354,-31.372645],[27.06729,-31.37387],[27.07207,-31.37943],[27.08656,-31.39746],[27.099635,-31.39387],[27.11675,-31.421],[27.13079,-31.4266],[27.141006,-31.413065],[27.16716,-31.37876],[27.17518,-31.36778],[27.23099,-31.35154],[27.2562,-31.34454],[27.276,-31.33976],[27.29684,-31.33999],[27.29755,-31.32959],[27.29731,-31.31496],[27.29657,-31.29158],[27.27257,-31.26444],[27.25563,-31.26645],[27.24582,-31.26201],[27.24218,-31.25994],[27.1953,-31.28343],[27.16513,-31.25978],[27.16463,-31.242225],[27.16521,-31.23458],[27.16739,-31.21803],[27.17352,-31.21662],[27.164865,-31.18272],[27.1705,-31.17627],[27.16763,-31.16863],[27.16945,-31.16689],[27.16875,-31.16015],[27.17214,-31.15572],[27.17447,-31.1499],[27.18431,-31.154245],[27.21783,-31.14599],[27.20162,-31.09936],[27.18947,-31.10322],[27.172515,-31.082615],[27.16421,-31.08779],[27.129794,-31.062155],[27.15873,-31.05197],[27.14118,-31.00189],[27.14693,-30.99462],[27.15381,-30.98976],[27.16831,-30.98513],[27.17345,-30.97531],[27.174769,-30.95086],[27.17106,-30.94775],[27.16955,-30.95023],[27.16919,-30.95554],[27.1661,-30.95876],[27.16314,-30.95843],[27.16166,-30.95664],[27.16223,-30.95173],[27.16148,-30.94874],[27.15847,-30.94765],[27.15302,-30.95147],[27.15059,-30.95196],[27.1479,-30.95036],[27.14685,-30.94766],[27.14782,-30.93856],[27.14262,-30.93262],[27.1409,-30.93137],[27.13989,-30.92754],[27.14321,-30.9236],[27.14891,-30.92103],[27.1505,-30.91777],[27.14982,-30.91633],[27.14509,-30.91457],[27.13881,-30.90902],[27.13446,-30.90786],[27.13111,-30.905225],[27.14127,-30.87508],[27.14886,-30.85208],[27.16791,-30.83686],[27.17078,-30.83435],[27.1798,-30.80264],[27.16827,-30.79904],[27.1217,-30.78411],[27.1191,-30.78281],[27.13453,-30.75755],[27.14,-30.74906],[27.13761,-30.73586],[27.11571,-30.730755],[27.11636,-30.7086],[27.10961,-30.70202],[27.10791,-30.69284],[27.10465,-30.68791],[27.11819,-30.67571],[27.1295,-30.665805],[27.12725,-30.66068],[27.11039,-30.66238],[27.11122,-30.65979],[27.10883,-30.65823],[27.10885,-30.65591],[27.11105,-30.65471],[27.11356,-30.65142],[27.11366,-30.64472],[27.11102,-30.63899],[27.11115,-30.63666],[27.1078,-30.63412],[27.10712,-30.63177],[27.10391,-30.63162],[27.1003,-30.63269],[27.09667,-30.63075],[27.09212,-30.6298],[27.08902,-30.63278],[27.08492,-30.63095],[27.07951,-30.63131],[27.07721,-30.62828],[27.07472,-30.62734],[27.07283,-30.62503],[27.07269,-30.62245],[27.06876,-30.62333],[27.06777,-30.62058],[27.06962,-30.61859],[27.06503,-30.61613],[27.05977,-30.61447],[27.05692,-30.61691],[27.05332,-30.62126],[27.05167,-30.6218],[27.04732,-30.61963],[27.04481,-30.61647],[27.04418,-30.61382],[27.03926,-30.60944],[27.03571,-30.6079],[27.0427,-30.60379],[27.0404,-30.60084],[27.03555,-30.60192],[27.03431,-30.59986],[27.02794,-30.60462],[27.01938,-30.60527],[27.0138,-30.60639],[27.01063,-30.60454],[27.00691,-30.59753],[27.00294,-30.59461],[26.99821,-30.59483],[26.98779,-30.59687],[26.98219,-30.59723],[26.97099,-30.60017],[26.95806,-30.60467],[26.95191,-30.606],[26.9479,-30.60764],[26.9398,-30.61739],[26.93811,-30.61861],[26.93298,-30.61901],[26.9297,-30.62287],[26.9299,-30.62718],[26.93411,-30.6316],[26.93817,-30.63768],[26.9451,-30.64681],[26.94927,-30.65292],[26.95,-30.65499],[26.94912,-30.65832],[26.94301,-30.66215],[26.93456,-30.66507],[26.92826,-30.66599],[26.92207,-30.66495],[26.91206,-30.66596],[26.90764,-30.66806],[26.90334,-30.6689],[26.89681,-30.66739],[26.89192,-30.66399],[26.88763,-30.66011],[26.88429,-30.65906],[26.87874,-30.65961],[26.87666,-30.66151],[26.87575,-30.66669],[26.87729,-30.67368],[26.87677,-30.67685],[26.87347,-30.68085],[26.86693,-30.68338],[26.86356,-30.68413],[26.85431,-30.68476],[26.84768,-30.68387],[26.84426,-30.68259],[26.84288,-30.68073],[26.8411,-30.67369],[26.83831,-30.66895],[26.83622,-30.66784],[26.82828,-30.65961],[26.82537,-30.65508],[26.82016,-30.64889],[26.81414,-30.64267],[26.81015,-30.64045],[26.80527,-30.63937],[26.79896,-30.64049],[26.79234,-30.64304],[26.78556,-30.64505],[26.77508,-30.64896],[26.76847,-30.65571],[26.76266,-30.65765],[26.75279,-30.66565],[26.74974,-30.66647],[26.74664,-30.66563],[26.73851,-30.66465],[26.73291,-30.66493],[26.7257,-30.66639],[26.72282,-30.66816],[26.7203,-30.67212],[26.71594,-30.6772],[26.70914,-30.68396],[26.70656,-30.68568],[26.69966,-30.68789],[26.69293,-30.68792],[26.6863,-30.68634],[26.68425,-30.68477],[26.68067,-30.67845],[26.67722,-30.66809],[26.67532,-30.66752],[26.67029,-30.66999],[26.66443,-30.67812],[26.66112,-30.68497],[26.65346,-30.69011],[26.65072,-30.69147],[26.63798,-30.69383],[26.62945,-30.69388],[26.62612,-30.69242],[26.62506,-30.69003],[26.6249,-30.68317],[26.62654,-30.67945],[26.62855,-30.67767],[26.63284,-30.67599],[26.63641,-30.67354],[26.63304,-30.66622],[26.63095,-30.66307],[26.62612,-30.66144],[26.62096,-30.6628],[26.60803,-30.66403],[26.59984,-30.6638],[26.59586,-30.66283],[26.59093,-30.66264],[26.58239,-30.66562],[26.57521,-30.66676],[26.56892,-30.66609],[26.55788,-30.66407],[26.55116,-30.66181],[26.5478,-30.65863],[26.54047,-30.65292],[26.52827,-30.64521],[26.52169,-30.6402],[26.50896,-30.63515],[26.50482,-30.63205],[26.50078,-30.63079],[26.49048,-30.62982],[26.48669,-30.63061],[26.48336,-30.62964],[26.48123,-30.62763],[26.48055,-30.62451],[26.48154,-30.61873],[26.48569,-30.61308],[26.48696,-30.60651],[26.49004,-30.59998],[26.49023,-30.59601],[26.48899,-30.59313],[26.48645,-30.59123],[26.48156,-30.59056],[26.47886,-30.58928],[26.46934,-30.58279],[26.4606,-30.57827],[26.45274,-30.57124],[26.4469,-30.56876],[26.44242,-30.56851],[26.43658,-30.5667],[26.42518,-30.56524],[26.41793,-30.56635],[26.41178,-30.56838],[26.40501,-30.56996],[26.39973,-30.57308],[26.39634,-30.57717],[26.39206,-30.58046],[26.38736,-30.5819],[26.37783,-30.5809],[26.37226,-30.58162],[26.36784,-30.58496],[26.36164,-30.59283],[26.35682,-30.59484],[26.34891,-30.59497],[26.34404,-30.59365],[26.33088,-30.58851],[26.32015,-30.58327],[26.31381,-30.58263],[26.30399,-30.58625],[26.29915,-30.58906],[26.29423,-30.591],[26.28908,-30.59188],[26.28054,-30.58978],[26.27678,-30.58662],[26.27765,-30.58368],[26.28044,-30.58138],[26.28061,-30.57836],[26.26999,-30.57183],[26.26611,-30.56786],[26.26457,-30.56383],[26.26433,-30.55616],[26.26518,-30.55235],[26.2646,-30.54582],[26.26307,-30.54303],[26.25965,-30.54072],[26.25339,-30.53868],[26.2449,-30.53717],[26.22942,-30.53534],[26.22412,-30.53314],[26.21707,-30.53156],[26.2063,-30.53362],[26.20232,-30.53344],[26.19734,-30.53157],[26.19383,-30.52798],[26.19409,-30.52488],[26.19597,-30.51855],[26.19598,-30.50944],[26.19411,-30.50376],[26.19107,-30.50051],[26.17878,-30.49081],[26.17326,-30.48767],[26.16256,-30.48349],[26.15402,-30.48338],[26.14918,-30.48397],[26.14419,-30.48598],[26.14009,-30.4887],[26.13299,-30.49522],[26.13009,-30.50008],[26.13007,-30.5049],[26.13188,-30.50736],[26.13673,-30.5098],[26.14289,-30.51009],[26.14724,-30.51456],[26.14937,-30.51996],[26.14846,-30.52625],[26.14983,-30.53189],[26.14958,-30.53504],[26.14798,-30.53772],[26.14561,-30.53924],[26.1393,-30.5408],[26.13115,-30.53989],[26.11979,-30.53609],[26.11764,-30.535],[26.11413,-30.53017],[26.10951,-30.52246],[26.10439,-30.51872],[26.098,-30.5165],[26.09407,-30.51704],[26.08744,-30.51973],[26.06958,-30.52348],[26.06386,-30.52355],[26.05589,-30.52228],[26.05199,-30.52273],[26.04097,-30.52798],[26.03284,-30.5313],[26.02666,-30.53249],[26.019,-30.53323],[26.00056,-30.53651],[25.98105,-30.53759],[25.97309,-30.53939],[25.96404,-30.54354],[25.95517,-30.54708],[25.95028,-30.55057],[25.94202,-30.55922],[25.94047,-30.56621],[25.94167,-30.5773],[25.93976,-30.58222],[25.93462,-30.58471],[25.93097,-30.58504],[25.92638,-30.58394],[25.92297,-30.5813],[25.92289,-30.57852],[25.92551,-30.57476],[25.92681,-30.57027],[25.92538,-30.56687],[25.92208,-30.56211],[25.9167,-30.55828],[25.91004,-30.55118],[25.90271,-30.5428],[25.89679,-30.54063],[25.89176,-30.54131],[25.88488,-30.5442],[25.8792,-30.54903],[25.87258,-30.55808],[25.87176,-30.5622],[25.87456,-30.56869],[25.87485,-30.57279],[25.8837,-30.58674],[25.89018,-30.59321],[25.89252,-30.59823],[25.89317,-30.60446],[25.89227,-30.60828],[25.88801,-30.61208],[25.87314,-30.61069],[25.86413,-30.61157],[25.85929,-30.61372],[25.85561,-30.61895],[25.85459,-30.62302],[25.85123,-30.62933],[25.84727,-30.63334],[25.84314,-30.63409],[25.83443,-30.63233],[25.82603,-30.63345],[25.819,-30.63498],[25.81213,-30.63418],[25.79983,-30.63479],[25.79532,-30.63602],[25.79143,-30.63819],[25.78203,-30.64633],[25.77959,-30.65292],[25.77903,-30.65744],[25.77921,-30.66855],[25.7789,-30.67588],[25.77772,-30.68005],[25.77518,-30.68358],[25.77058,-30.68648],[25.7642,-30.68851],[25.7584,-30.68807],[25.75529,-30.68671],[25.74975,-30.68246],[25.74291,-30.68176],[25.73005,-30.68321],[25.71663,-30.68247],[25.70682,-30.68109],[25.70014,-30.67951],[25.69323,-30.67611],[25.68184,-30.66888],[25.67952,-30.66574],[25.68026,-30.65939],[25.68544,-30.65064],[25.68519,-30.64658],[25.68097,-30.64295],[25.67681,-30.64045],[25.67156,-30.64088],[25.6608,-30.64696],[25.65404,-30.65242],[25.64167,-30.65772],[25.63086,-30.65935],[25.62415,-30.65896],[25.61523,-30.65677],[25.6109,-30.65416],[25.60931,-30.65152],[25.61048,-30.64724],[25.61723,-30.64035],[25.6232,-30.63197],[25.62497,-30.62677],[25.6248,-30.6243],[25.61948,-30.62119],[25.61698,-30.61887],[25.61297,-30.61348],[25.60863,-30.60639],[25.60644,-30.60026],[25.60309,-30.59439],[25.60035,-30.59197],[25.59669,-30.59037],[25.59087,-30.59074],[25.5887,-30.5923],[25.58583,-30.59622],[25.57461,-30.60876],[25.57132,-30.61161],[25.56608,-30.61489],[25.56234,-30.61633],[25.55628,-30.61663],[25.53846,-30.61338],[25.52988,-30.61302],[25.52008,-30.61546],[25.51178,-30.61991],[25.50915,-30.62218],[25.50369,-30.62497],[25.49806,-30.627],[25.48777,-30.62917],[25.48454,-30.63169],[25.47679,-30.63464],[25.47114,-30.63451],[25.46823,-30.63263],[25.4673,-30.63073],[25.4671,-30.62421],[25.46251,-30.6281],[25.45648,-30.637],[25.4585,-30.65745],[25.46038,-30.66077],[25.47131,-30.66669],[25.46975,-30.6688],[25.47187,-30.67292],[25.46326,-30.67771],[25.46023,-30.68328],[25.4638,-30.68944],[25.46467,-30.69667],[25.46453,-30.70175],[25.46653,-30.70978],[25.46251,-30.71555],[25.46235,-30.72213],[25.47393,-30.72312],[25.47638,-30.72818],[25.47716,-30.73852],[25.47388,-30.74371],[25.4799,-30.75977],[25.47969,-30.76867],[25.4802,-30.77891],[25.48644,-30.78455],[25.50498,-30.78363],[25.50844,-30.78877],[25.52485,-30.7964],[25.54793,-30.7898],[25.54933,-30.79098],[25.52163,-30.83318],[25.48517,-30.8498],[25.47129,-30.86984],[25.49959,-30.88723],[25.50064,-30.88801],[25.50843,-30.8982],[25.51759,-30.90339],[25.51501,-30.91163],[25.51404,-30.92146],[25.51043,-30.92841],[25.50462,-30.93298],[25.50832,-30.94216],[25.50642,-30.95034],[25.51095,-30.95572],[25.4931,-30.9677],[25.48463,-30.9748],[25.48188,-30.97885],[25.47502,-30.98388],[25.47577,-30.9912],[25.48484,-31.00633],[25.5016,-31.00739],[25.48675,-31.03691],[25.47554,-31.04605],[25.46378,-31.05474],[25.4532,-31.05421],[25.43884,-31.06149],[25.45429,-31.0793],[25.44639,-31.1002],[25.42258,-31.12642],[25.4156,-31.1344],[25.39816,-31.13068],[25.39186,-31.13844],[25.38456,-31.15097],[25.37782,-31.19887],[25.38248,-31.20447],[25.38621,-31.21784],[25.36876,-31.22601],[25.35442,-31.236],[25.29058,-31.21348],[25.28494,-31.22341],[25.26855,-31.22055],[25.26933,-31.2144],[25.22504,-31.1952],[25.22376,-31.19229],[25.21975,-31.19041],[25.21097,-31.19211],[25.20435,-31.20174],[25.20964,-31.20475],[25.20941,-31.20692],[25.20482,-31.2151],[25.19835,-31.21546],[25.19236,-31.21336],[25.17913,-31.22223],[25.17709,-31.23453],[25.17048,-31.23918],[25.1552,-31.23115],[25.1527,-31.24312],[25.13068,-31.2394],[25.1152,-31.24627],[25.10079,-31.25945],[25.09995,-31.25931],[25.0844,-31.26233],[25.07346,-31.25327],[25.05847,-31.26938],[25.04447,-31.26614],[25.00562,-31.2631],[24.98162,-31.27429],[24.96047,-31.28551],[24.95286,-31.29441],[24.94873,-31.29835],[24.94197,-31.31507],[24.93359,-31.32038],[24.92338,-31.31349],[24.90025,-31.31672],[24.89885,-31.3137],[24.88503,-31.31727],[24.85299,-31.32821],[24.85397,-31.33225],[24.86135,-31.35631],[24.86286,-31.37361],[24.86023,-31.373975],[24.84613,-31.36556],[24.8255,-31.35651],[24.82344,-31.35854],[24.78868,-31.38946],[24.7743,-31.39198],[24.75421,-31.39514],[24.74699,-31.39592],[24.7243,-31.39986],[24.71061,-31.40951],[24.70481,-31.40059],[24.67167,-31.38674],[24.66499,-31.38366],[24.64528,-31.38802],[24.5961,-31.39918],[24.56719,-31.41864],[24.56763,-31.42715],[24.55885,-31.48184],[24.5413,-31.48684],[24.51944,-31.4979],[24.53303,-31.50978],[24.52455,-31.54543],[24.50391,-31.56842],[24.52296,-31.60369],[24.51733,-31.64458],[24.51597,-31.67195],[24.51454,-31.69449],[24.51413,-31.70497],[24.50627,-31.70683],[24.50853,-31.71851],[24.50828,-31.73854],[24.51042,-31.75417],[24.5182,-31.75382],[24.53961,-31.75938],[24.55071,-31.76117],[24.56148,-31.75178],[24.57762,-31.73847],[24.57723,-31.73056],[24.61646,-31.72617],[24.62233,-31.70629],[24.64159,-31.69041],[24.62785,-31.71226],[24.636,-31.71851],[24.65145,-31.71606],[24.65588,-31.71618],[24.64205,-31.72821],[24.67639,-31.73354],[24.7044,-31.74428],[24.69749,-31.75859],[24.69944,-31.76635],[24.715,-31.77301],[24.71892,-31.77508],[24.72084,-31.77756],[24.72763,-31.78424],[24.73347,-31.78729],[24.74071,-31.77922],[24.75332,-31.781955],[24.7538,-31.79165],[24.77187,-31.79281],[24.762913,-31.805683],[24.79223,-31.7888],[24.80193,-31.78497],[24.83165,-31.80603],[24.83857,-31.81457],[24.84834,-31.81749],[24.85033,-31.82685],[24.85563,-31.834885],[24.86889,-31.83956],[24.87403,-31.84031],[24.89586,-31.83344],[24.89925,-31.83727],[24.89794,-31.84509],[24.90121,-31.84838],[24.901,-31.85708],[24.90476,-31.86926],[24.90997,-31.86659],[24.91673,-31.86439],[24.9184,-31.87186],[24.92463,-31.88006],[24.91991,-31.88458],[24.93234,-31.89174],[24.93912,-31.90505],[24.93929,-31.91302],[24.94067,-31.91783],[24.9405,-31.92269],[24.94389,-31.92825],[24.92449,-31.94159],[24.92317,-31.94373],[24.92545,-31.95449],[24.93443,-31.97132],[24.9437,-31.97995],[24.95069,-32.00727],[24.93805,-32.05326],[24.94788,-32.07181],[24.95494,-32.06974],[24.9557,-32.07197],[24.96183,-32.08387],[24.96712,-32.10751],[24.95107,-32.1227],[24.95399,-32.14025],[24.93763,-32.15796],[24.93829,-32.17359],[24.92458,-32.16753],[24.91554,-32.17212],[24.90948,-32.1891],[24.90673,-32.21462],[24.90402,-32.22194],[24.92242,-32.23977],[24.94961,-32.24118],[24.96262,-32.24759],[24.98025,-32.25886],[25.003315,-32.25036],[25.0185,-32.25462],[25.02412,-32.2642],[25.04598,-32.26661],[25.05505,-32.28005],[25.07808,-32.27349],[25.091,-32.27845],[25.10401,-32.28313],[25.12831,-32.2911],[25.13979,-32.30067],[25.1553,-32.31424],[25.16756,-32.32871],[25.18605,-32.32378],[25.20392,-32.33462],[25.21352,-32.33668],[25.21448,-32.34679],[25.21739,-32.34707],[25.23277,-32.33857],[25.25301,-32.34111],[25.2658,-32.34318],[25.27863,-32.34556],[25.30699,-32.31612],[25.30955,-32.31333],[25.335385,-32.311755],[25.3634,-32.30667],[25.35832,-32.32353],[25.36024,-32.34078],[25.38292,-32.3467],[25.40771,-32.37401],[25.41743,-32.37451],[25.40853,-32.39341],[25.39873,-32.41303],[25.42027,-32.42342],[25.428675,-32.41871],[25.45451,-32.41579],[25.46752,-32.4141],[25.49311,-32.41049],[25.4946,-32.41271],[25.51271,-32.39839],[25.53406,-32.39447],[25.54132,-32.40405],[25.54808,-32.41044],[25.57115,-32.45216],[25.57437,-32.4578],[25.59197,-32.45861],[25.60465,-32.45184],[25.62172,-32.45679],[25.63734,-32.47544],[25.64493,-32.47969],[25.65079,-32.49579],[25.655082,-32.506907],[25.68992,-32.49912],[25.69897,-32.52197],[25.71268,-32.52507],[25.73403,-32.52953],[25.75491,-32.53271],[25.78358,-32.53775],[25.78556,-32.5379],[25.78743,-32.52704],[25.78931,-32.51862],[25.7943,-32.49385],[25.79739,-32.47722],[25.83395,-32.4905],[25.85837,-32.49195],[25.88708,-32.48712],[25.88731,-32.4868],[25.89398,-32.47769],[25.9078,-32.45735],[25.90512,-32.44888],[25.89936,-32.43293],[25.93927,-32.40606],[25.94054,-32.383268],[25.949199,-32.376566],[25.95107,-32.364047],[25.971228,-32.354801],[25.996228,-32.354471],[26.032643,-32.326566],[26.047475,-32.322866],[26.047102,-32.316807],[26.05204,-32.31229],[26.07437,-32.31567],[26.08164,-32.31788],[26.08589,-32.31446],[26.11945,-32.29844],[26.13048,-32.28224],[26.12974,-32.27499],[26.141285,-32.271745],[26.15539,-32.27544],[26.19133,-32.28523]]]},"properties":{"code":"048"}},{"type":"Feature","geometry":{"type":"Polygon","coordinates":[[[23.64702,-33.98056],[23.64488,-33.98956],[23.65294,-33.9896],[23.66284,-33.99119],[23.68876,-33.99618],[23.69384,-33.9974],[23.69983,-33.99782],[23.7208,-34.00296],[23.7315,-34.00358],[23.73851,-34.00555],[23.74762,-34.00671],[23.75066,-34.00511],[23.75726,-34.00726],[23.76434,-34.01202],[23.76749,-34.01092],[23.76994,-34.01281],[23.77715,-34.01477],[23.78549,-34.01448],[23.79602,-34.01774],[23.80074,-34.01845],[23.80353,-34.01653],[23.80845,-34.01807],[23.82143,-34.02009],[23.82675,-34.02293],[23.84008,-34.02515],[23.84652,-34.02709],[23.86402,-34.02864],[23.87023,-34.02802],[23.87701,-34.02847],[23.89157,-34.03289],[23.89824,-34.03134],[23.90299,-34.02688],[23.90333,-34.02912],[23.91149,-34.03082],[23.92382,-34.03267],[23.9321,-34.033],[23.94258,-34.03575],[23.94823,-34.03627],[23.96249,-34.03946],[23.98471,-34.04238],[23.99351,-34.04421],[24.00172,-34.04368],[24.00611,-34.04408],[24.01189,-34.04562],[24.01533,-34.04512],[24.01967,-34.04643],[24.02365,-34.04569],[24.03242,-34.04818],[24.03787,-34.04881],[24.0429,-34.04803],[24.04811,-34.05012],[24.06279,-34.05269],[24.06875,-34.05317],[24.07401,-34.05445],[24.07639,-34.05275],[24.08272,-34.05533],[24.08715,-34.05598],[24.09604,-34.05629],[24.10914,-34.05912],[24.11327,-34.05915],[24.11874,-34.06081],[24.11996,-34.06247],[24.12656,-34.06074],[24.12874,-34.05822],[24.13432,-34.05969],[24.14173,-34.06027],[24.14738,-34.05943],[24.15439,-34.06208],[24.15961,-34.06278],[24.16173,-34.06389],[24.16545,-34.06253],[24.16885,-34.06477],[24.17781,-34.06595],[24.18284,-34.06455],[24.18965,-34.06705],[24.19361,-34.06603],[24.1938,-34.05998],[24.20047,-34.06507],[24.20548,-34.06716],[24.20874,-34.06994],[24.21456,-34.07072],[24.21629,-34.07334],[24.22065,-34.07279],[24.22486,-34.07328],[24.23046,-34.07664],[24.2353,-34.07789],[24.24407,-34.07824],[24.24687,-34.08152],[24.24978,-34.08296],[24.2594,-34.0841],[24.26475,-34.08531],[24.26813,-34.08728],[24.27441,-34.08723],[24.27481,-34.08873],[24.28013,-34.08985],[24.28396,-34.09213],[24.28814,-34.09176],[24.29485,-34.09337],[24.30432,-34.09978],[24.30891,-34.10044],[24.31009,-34.10173],[24.31811,-34.10132],[24.32392,-34.10338],[24.33032,-34.10315],[24.33535,-34.10232],[24.34438,-34.10256],[24.34614,-34.10336],[24.35115,-34.10193],[24.35434,-34.104],[24.35589,-34.10329],[24.36135,-34.10374],[24.36336,-34.10475],[24.36888,-34.10304],[24.38195,-34.10308],[24.38792,-34.108],[24.39239,-34.11063],[24.3961,-34.11121],[24.39666,-34.11306],[24.40024,-34.11458],[24.40173,-34.11719],[24.40826,-34.11776],[24.41797,-34.12187],[24.4269,-34.12695],[24.43176,-34.1302],[24.43652,-34.13474],[24.44114,-34.13826],[24.44495,-34.14359],[24.45495,-34.14959],[24.4595,-34.1513],[24.46054,-34.15279],[24.47004,-34.15895],[24.47538,-34.16192],[24.47802,-34.16221],[24.48187,-34.16431],[24.48511,-34.16506],[24.49125,-34.16764],[24.49878,-34.16728],[24.5054,-34.17008],[24.50748,-34.16999],[24.51136,-34.17234],[24.51577,-34.17142],[24.51695,-34.16943],[24.52412,-34.17085],[24.53214,-34.17334],[24.53633,-34.17371],[24.54618,-34.17355],[24.54846,-34.17528],[24.55184,-34.17611],[24.55731,-34.17618],[24.56398,-34.17904],[24.56669,-34.18131],[24.57634,-34.18346],[24.57933,-34.18545],[24.58374,-34.18484],[24.59065,-34.18765],[24.59906,-34.18793],[24.60178,-34.18973],[24.60866,-34.19138],[24.6062,-34.18477],[24.6091,-34.18039],[24.61369,-34.17664],[24.62008,-34.17425],[24.62933,-34.17271],[24.63655,-34.17233],[24.64758,-34.17318],[24.65895,-34.17491],[24.66556,-34.17746],[24.67009,-34.18011],[24.67172,-34.17981],[24.67583,-34.18259],[24.68095,-34.1845],[24.68513,-34.18382],[24.68482,-34.18586],[24.6873,-34.18765],[24.69278,-34.18837],[24.6939,-34.19024],[24.7016,-34.18933],[24.70907,-34.19225],[24.71488,-34.19368],[24.71642,-34.19085],[24.7232,-34.18749],[24.73013,-34.1863],[24.7345,-34.18689],[24.73925,-34.18846],[24.74128,-34.18822],[24.74683,-34.19107],[24.75275,-34.19207],[24.75587,-34.19396],[24.76465,-34.19737],[24.76899,-34.19847],[24.7727,-34.19839],[24.77662,-34.19711],[24.77763,-34.19908],[24.78647,-34.20032],[24.7922,-34.19728],[24.79593,-34.19772],[24.80037,-34.20043],[24.80265,-34.20008],[24.80623,-34.2022],[24.81978,-34.20826],[24.82423,-34.20857],[24.82728,-34.21115],[24.83683,-34.21365],[24.83788,-34.20909],[24.83391,-34.20508],[24.83586,-34.20076],[24.83949,-34.19763],[24.84641,-34.19471],[24.85035,-34.19404],[24.85698,-34.19468],[24.86172,-34.19457],[24.86416,-34.19578],[24.8692,-34.19618],[24.86694,-34.19354],[24.85989,-34.18911],[24.85889,-34.18664],[24.85494,-34.18441],[24.85226,-34.18386],[24.84674,-34.17925],[24.84398,-34.1781],[24.84048,-34.17427],[24.83447,-34.17072],[24.83218,-34.16754],[24.83388,-34.16135],[24.8397,-34.15148],[24.84294,-34.14158],[24.84887,-34.13895],[24.85151,-34.13599],[24.8572,-34.13101],[24.85892,-34.12837],[24.86596,-34.1228],[24.86964,-34.12125],[24.87323,-34.11759],[24.8804,-34.11304],[24.88518,-34.11098],[24.89112,-34.10476],[24.89219,-34.10282],[24.89912,-34.09535],[24.90634,-34.08933],[24.90747,-34.08706],[24.91276,-34.08592],[24.91562,-34.08326],[24.91871,-34.0822],[24.92154,-34.07884],[24.92195,-34.07207],[24.92318,-34.06708],[24.92583,-34.06412],[24.92724,-34.06021],[24.92553,-34.05749],[24.92509,-34.05347],[24.92731,-34.04923],[24.92919,-34.04248],[24.93181,-34.0394],[24.93182,-34.03623],[24.93392,-34.03414],[24.93136,-34.02713],[24.92902,-34.02403],[24.92932,-34.02071],[24.92806,-34.0155],[24.9368,-34.00554],[24.94962,-33.99742],[24.95534,-33.99481],[24.96278,-33.99058],[24.97515,-33.98512],[24.98877,-33.98021],[24.99158,-33.97992],[24.99973,-33.97709],[25.00389,-33.97708],[25.00878,-33.97513],[25.01745,-33.973],[25.02284,-33.97332],[25.02462,-33.97226],[25.03209,-33.97031],[25.03754,-33.97047],[25.04602,-33.96936],[25.05291,-33.9679],[25.05794,-33.96759],[25.07785,-33.96475],[25.08222,-33.96527],[25.08811,-33.96411],[25.10257,-33.96334],[25.10584,-33.9627],[25.1122,-33.96297],[25.11806,-33.96258],[25.13609,-33.96255],[25.15372,-33.9628],[25.16326,-33.96351],[25.16596,-33.96413],[25.17394,-33.96458],[25.18597,-33.96608],[25.19754,-33.96682],[25.21101,-33.96863],[25.22149,-33.97077],[25.220637,-33.965619],[25.224324,-33.963021],[25.22083,-33.96114],[25.22779,-33.95362],[25.22823,-33.95128],[25.2269,-33.94692],[25.22501,-33.94662],[25.22436,-33.93942],[25.21566,-33.93449],[25.208685,-33.9217],[25.2058,-33.92136],[25.19593,-33.92511],[25.19221,-33.92177],[25.19283,-33.91788],[25.19515,-33.91445],[25.19588,-33.91049],[25.19944,-33.90736],[25.19867,-33.90503],[25.2005,-33.90208],[25.20082,-33.89921],[25.20314,-33.89522],[25.20609,-33.89177],[25.20947,-33.886],[25.2134,-33.88398],[25.26375,-33.8868],[25.25421,-33.88432],[25.23896,-33.88078],[25.2187,-33.87636],[25.24692,-33.86311],[25.22591,-33.85203],[25.22786,-33.8502],[25.2261,-33.84841],[25.23503,-33.8369],[25.20308,-33.8216],[25.18121,-33.81878],[25.15259,-33.80781],[25.11299,-33.79799],[25.08797,-33.79789],[25.08142,-33.78668],[25.05299,-33.7755],[25.03603,-33.76534],[25.0335,-33.75495],[25.02606,-33.7505],[25.02504,-33.74886],[25.007,-33.74013],[24.99407,-33.73439],[24.97553,-33.71649],[24.94222,-33.69964],[24.90865,-33.68904],[24.89088,-33.67443],[24.86796,-33.66733],[24.82946,-33.64257],[24.83013,-33.62872],[24.80006,-33.62363],[24.7588,-33.61638],[24.72931,-33.61089],[24.73074,-33.62038],[24.71392,-33.6343],[24.6711,-33.63075],[24.67058,-33.63558],[24.62888,-33.64812],[24.59844,-33.65717],[24.56325,-33.63434],[24.53532,-33.66286],[24.54622,-33.68942],[24.53802,-33.69612],[24.5367,-33.7265],[24.52531,-33.72622],[24.50526,-33.74406],[24.499621,-33.778455],[24.49233,-33.77458],[24.47343,-33.76521],[24.44953,-33.76228],[24.422865,-33.75869],[24.40684,-33.75179],[24.38442,-33.74283],[24.35523,-33.73348],[24.370555,-33.70399],[24.32281,-33.7203],[24.29098,-33.7119],[24.26468,-33.74131],[24.26292,-33.744315],[24.24132,-33.74288],[24.21241,-33.75486],[24.18769,-33.76476],[24.15348,-33.75465],[24.12824,-33.74707],[24.077,-33.73193],[24.05716,-33.72594],[24.06085,-33.70033],[24.06074,-33.69839],[24.03596,-33.69317],[24.03139,-33.69184],[24.01631,-33.68923],[24.00688,-33.68716],[23.99976,-33.68433],[23.98803,-33.67852],[23.97736,-33.67467],[23.96204,-33.67049],[23.94046,-33.66708],[23.92359,-33.66553],[23.90596,-33.66352],[23.8878,-33.66047],[23.86436,-33.65577],[23.84281,-33.65045],[23.82263,-33.64328],[23.80471,-33.63462],[23.78559,-33.62251],[23.78061,-33.6185],[23.77489,-33.61248],[23.76711,-33.60922],[23.76049,-33.60932],[23.75471,-33.61111],[23.74958,-33.61396],[23.74291,-33.61439],[23.73238,-33.61683],[23.72229,-33.61749],[23.7116,-33.61416],[23.69764,-33.60707],[23.67857,-33.59709],[23.64687,-33.57832],[23.61687,-33.57024],[23.619889,-33.591483],[23.67498,-33.62587],[23.67157,-33.65456],[23.67044,-33.67256],[23.62878,-33.66933],[23.5859,-33.67275],[23.55652,-33.65154],[23.55553,-33.67296],[23.54167,-33.68301],[23.54127,-33.69954],[23.47536,-33.71766],[23.43994,-33.71739],[23.43211,-33.7532],[23.43007,-33.76176],[23.41494,-33.77619],[23.39504,-33.79264],[23.417,-33.79466],[23.42772,-33.79906],[23.45421,-33.80322],[23.46805,-33.80748],[23.48906,-33.80753],[23.48799,-33.79149],[23.51792,-33.78562],[23.51882,-33.78212],[23.55735,-33.79341],[23.554015,-33.796355],[23.56195,-33.82894],[23.60806,-33.83293],[23.62027,-33.84324],[23.7033,-33.86406],[23.7006,-33.86738],[23.69576,-33.86746],[23.69031,-33.87419],[23.68943,-33.87686],[23.68584,-33.88157],[23.68305,-33.88394],[23.67552,-33.88316],[23.66685,-33.88462],[23.66108,-33.88717],[23.65523,-33.88739],[23.6526,-33.88991],[23.65185,-33.89253],[23.64778,-33.89267],[23.65021,-33.89926],[23.65663,-33.90202],[23.65672,-33.90713],[23.65362,-33.90921],[23.64898,-33.90982],[23.64056,-33.90963],[23.63901,-33.9105],[23.63748,-33.91421],[23.64334,-33.92148],[23.6401,-33.92378],[23.64471,-33.92868],[23.64372,-33.93178],[23.63986,-33.93172],[23.63697,-33.93465],[23.63846,-33.93736],[23.63624,-33.93821],[23.63516,-33.94098],[23.63599,-33.94334],[23.63459,-33.95205],[23.63831,-33.95546],[23.64031,-33.95466],[23.64258,-33.95644],[23.6459,-33.96245],[23.64459,-33.96349],[23.64516,-33.96772],[23.64675,-33.97025],[23.64739,-33.97399],[23.64539,-33.97589],[23.64747,-33.9772],[23.64702,-33.98056]]]},"properties":{"code":"042"}},{"type":"Feature","geometry":{"type":"Polygon","coordinates":[[[30.72718,-29.57094],[30.72571,-29.56632],[30.7301,-29.56766],[30.73278,-29.56652],[30.73674,-29.56844],[30.74532,-29.56693],[30.74653,-29.56775],[30.7512,-29.56577],[30.7554,-29.56698],[30.76103,-29.56625],[30.76326,-29.56772],[30.76939,-29.56798],[30.77474,-29.57127],[30.77814,-29.57513],[30.78243,-29.57447],[30.78466,-29.57499],[30.78845,-29.57243],[30.78952,-29.56859],[30.7921,-29.56937],[30.79206,-29.5732],[30.79322,-29.5755],[30.79653,-29.57762],[30.80258,-29.58491],[30.80323,-29.58889],[30.80256,-29.59176],[30.80518,-29.59695],[30.80852,-29.59812],[30.8086,-29.6024],[30.80959,-29.60878],[30.81194,-29.61403],[30.81078,-29.6179],[30.81435,-29.62228],[30.81435,-29.62344],[30.82918,-29.62759],[30.82782,-29.62592],[30.82542,-29.61813],[30.82932,-29.61573],[30.83142,-29.61543],[30.83621,-29.61753],[30.83891,-29.62082],[30.83951,-29.62292],[30.84251,-29.62562],[30.84427,-29.62455],[30.84687,-29.62624],[30.84782,-29.62382],[30.8503,-29.62232],[30.85733,-29.62003],[30.85831,-29.61899],[30.86392,-29.61696],[30.86679,-29.616581],[30.87266,-29.61704],[30.87517,-29.61398],[30.87504,-29.6075],[30.87807,-29.6029],[30.87751,-29.59929],[30.88018,-29.59821],[30.8825,-29.5948],[30.88647,-29.59612],[30.88993,-29.59423],[30.89393,-29.59345],[30.8914,-29.58957],[30.89265,-29.58793],[30.89728,-29.58793],[30.90748,-29.58681],[30.90821,-29.5885],[30.90413,-29.59325],[30.89957,-29.59749],[30.9007,-29.5998],[30.90523,-29.60296],[30.9191,-29.60261],[30.92266,-29.60167],[30.92407,-29.59864],[30.92279,-29.59696],[30.91669,-29.59428],[30.91847,-29.59167],[30.92214,-29.58866],[30.92674,-29.59451],[30.93123,-29.59513],[30.93437,-29.59314],[30.93896,-29.59269],[30.94528,-29.59041],[30.95083,-29.58918],[30.95055,-29.58616],[30.95478,-29.58368],[30.95889,-29.58461],[30.96153,-29.58644],[30.96928,-29.5865],[30.97227,-29.59024],[30.9777,-29.59021],[30.98254,-29.5918],[30.98295,-29.58983],[30.97735,-29.58693],[30.97592,-29.58341],[30.97683,-29.58208],[30.98092,-29.58241],[30.98791,-29.58458],[30.98635,-29.59062],[30.98963,-29.59168],[30.99254,-29.59087],[30.99531,-29.58787],[30.9998,-29.58763],[31.00147,-29.59016],[31.000693,-29.594735],[31.00607,-29.59143],[31.01298,-29.56273],[31.02067,-29.55599],[31.034863,-29.549062],[31.040713,-29.546951],[31.068314,-29.548766],[31.09441,-29.53809],[31.09566,-29.53959],[31.10286,-29.54278],[31.10835,-29.54318],[31.109705,-29.538945],[31.10938,-29.52481],[31.11423,-29.50936],[31.1243,-29.50739],[31.13584,-29.50113],[31.18313,-29.52802],[31.17708,-29.53333],[31.17084,-29.53526],[31.16817,-29.54732],[31.17379,-29.55237],[31.17065,-29.55719],[31.17436,-29.55807],[31.17235,-29.56194],[31.17282,-29.56691],[31.17487,-29.56925],[31.18017,-29.57001],[31.185755,-29.571785],[31.18893,-29.56823],[31.19848,-29.55967],[31.20008,-29.55768],[31.21373,-29.54613],[31.21642,-29.54487],[31.2183,-29.54163],[31.22352,-29.53658],[31.22307,-29.53399],[31.22827,-29.524],[31.22774,-29.52216],[31.22967,-29.52017],[31.23344,-29.51102],[31.244,-29.49782],[31.25009,-29.49225],[31.25108,-29.49036],[31.25851,-29.485],[31.26525,-29.47635],[31.27162,-29.46966],[31.27822,-29.46058],[31.28513,-29.45516],[31.28784,-29.44848],[31.29019,-29.44721],[31.29323,-29.44386],[31.29282,-29.44207],[31.29481,-29.43855],[31.3095,-29.42236],[31.31111,-29.42156],[31.314655,-29.413945],[31.31857,-29.40925],[31.32235,-29.40583],[31.33154,-29.39916],[31.33576,-29.39429],[31.33521,-29.39034],[31.33696,-29.38683],[31.34082,-29.38205],[31.34874,-29.37584],[31.35703,-29.36657],[31.36738,-29.35893],[31.37513,-29.3512],[31.39269,-29.33695],[31.39492,-29.33164],[31.39836,-29.32755],[31.40522,-29.32163],[31.40866,-29.31709],[31.41447,-29.31218],[31.4254,-29.30529],[31.42577,-29.3025],[31.4293,-29.29851],[31.43776,-29.29274],[31.43816,-29.29062],[31.44088,-29.28622],[31.44372,-29.28298],[31.44316,-29.27956],[31.44604,-29.27561],[31.45351,-29.2676],[31.46105,-29.26226],[31.46763,-29.2556],[31.47477,-29.25055],[31.48264,-29.24708],[31.48259,-29.24442],[31.48591,-29.24088],[31.48912,-29.23511],[31.50025,-29.23014],[31.50534,-29.22408],[31.52291,-29.21054],[31.52819,-29.20455],[31.53252,-29.20094],[31.54056,-29.19336],[31.55482,-29.18264],[31.55765,-29.18086],[31.56378,-29.17529],[31.57353,-29.16579],[31.57905,-29.15864],[31.58056,-29.15766],[31.59402,-29.14162],[31.6034,-29.13259],[31.611345,-29.12241],[31.61336,-29.12044],[31.62003,-29.11126],[31.62847,-29.10239],[31.63031,-29.09855],[31.63505,-29.09361],[31.63849,-29.08912],[31.64496,-29.08306],[31.6554,-29.07482],[31.65789,-29.07343],[31.6638,-29.06642],[31.66972,-29.06138],[31.675314,-29.054893],[31.67421,-29.05472],[31.57767,-29.05365],[31.56318,-29.06171],[31.56161,-29.05977],[31.55775,-29.0589],[31.55303,-29.05999],[31.54928,-29.05959],[31.54334,-29.05235],[31.53856,-29.05053],[31.53855,-29.05348],[31.54231,-29.05605],[31.54096,-29.05777],[31.52959,-29.05669],[31.52533,-29.05009],[31.52227,-29.0485],[31.52331,-29.04465],[31.52574,-29.04113],[31.52454,-29.03814],[31.51717,-29.03689],[31.51379,-29.03928],[31.51376,-29.0417],[31.51792,-29.04442],[31.51751,-29.04699],[31.51359,-29.04724],[31.51098,-29.04626],[31.50992,-29.04331],[31.51093,-29.03753],[31.51228,-29.03523],[31.50963,-29.03442],[31.50678,-29.03593],[31.50081,-29.0366],[31.49987,-29.03459],[31.50036,-29.02902],[31.49893,-29.02747],[31.48886,-29.02523],[31.48043,-29.0242],[31.47545,-29.02593],[31.47243,-29.02523],[31.47058,-29.02303],[31.46899,-29.01868],[31.46838,-29.01467],[31.47179,-29.00774],[31.46993,-29.00432],[31.46727,-29.00543],[31.46802,-29.00812],[31.46676,-29.00953],[31.45969,-29.0089],[31.45795,-29.00983],[31.45481,-29.01639],[31.45281,-29.01705],[31.44909,-29.01352],[31.44798,-29.01113],[31.44969,-29.00474],[31.45409,-29.00353],[31.45823,-29.0042],[31.46084,-29.00368],[31.46172,-28.99773],[31.45898,-28.99168],[31.46058,-28.98741],[31.45976,-28.98368],[31.45804,-28.98186],[31.45594,-28.98275],[31.45763,-28.98737],[31.45658,-28.989],[31.45031,-28.99047],[31.44557,-28.99002],[31.44202,-28.99671],[31.43647,-28.99209],[31.43288,-28.9957],[31.43127,-28.99614],[31.42753,-28.99431],[31.42312,-28.99896],[31.41977,-28.99433],[31.41599,-28.99261],[31.41332,-28.99276],[31.41143,-28.99706],[31.40704,-28.99956],[31.40432,-28.99733],[31.4023,-28.99915],[31.40047,-28.99577],[31.38786,-28.99688],[31.38815,-29.00147],[31.38161,-29.003],[31.38087,-29.00634],[31.37876,-29.0061],[31.37881,-29.01176],[31.37776,-29.01457],[31.38016,-29.0207],[31.38044,-29.02473],[31.37829,-29.03378],[31.37936,-29.03485],[31.37788,-29.03833],[31.37617,-29.03957],[31.37482,-29.04272],[31.37432,-29.05097],[31.37133,-29.05497],[31.36535,-29.05792],[31.36607,-29.05992],[31.3724,-29.05945],[31.37507,-29.06141],[31.37885,-29.06277],[31.38563,-29.05814],[31.38676,-29.06056],[31.38611,-29.06363],[31.38697,-29.0677],[31.3839,-29.06981],[31.38325,-29.07265],[31.37694,-29.07941],[31.37285,-29.07895],[31.37017,-29.08411],[31.36499,-29.08711],[31.36144,-29.09194],[31.35883,-29.09103],[31.35591,-29.08713],[31.34593,-29.08799],[31.34181,-29.08666],[31.3401,-29.08916],[31.34543,-29.09179],[31.34099,-29.09447],[31.3418,-29.09702],[31.34629,-29.09949],[31.34475,-29.10192],[31.33908,-29.10011],[31.33244,-29.09943],[31.33234,-29.10248],[31.32843,-29.1024],[31.32894,-29.10591],[31.3341,-29.10813],[31.33149,-29.11028],[31.32524,-29.10887],[31.32481,-29.11282],[31.3297,-29.11424],[31.33418,-29.11432],[31.33766,-29.11601],[31.33599,-29.1193],[31.33247,-29.12119],[31.32678,-29.12012],[31.32543,-29.12241],[31.32923,-29.12599],[31.33336,-29.12693],[31.33394,-29.12926],[31.33231,-29.13109],[31.32901,-29.13186],[31.32539,-29.13059],[31.32129,-29.12738],[31.31903,-29.12754],[31.31835,-29.13059],[31.32346,-29.13511],[31.32563,-29.13794],[31.32278,-29.14265],[31.31774,-29.14385],[31.318321,-29.15003],[31.31312,-29.15163],[31.30611,-29.15551],[31.30434,-29.15853],[31.30455,-29.1607],[31.3081,-29.16907],[31.30844,-29.17201],[31.30745,-29.17452],[31.30504,-29.17477],[31.30103,-29.1729],[31.29626,-29.1666],[31.29321,-29.16503],[31.288725,-29.16401],[31.28591,-29.16488],[31.28468,-29.1634],[31.28457,-29.15895],[31.28659,-29.15648],[31.29094,-29.15373],[31.2966,-29.14694],[31.29839,-29.14188],[31.29796,-29.13746],[31.29543,-29.12773],[31.29377,-29.12486],[31.29115,-29.11581],[31.28869,-29.11398],[31.28418,-29.11455],[31.27892,-29.11764],[31.27657,-29.12202],[31.2735,-29.12465],[31.27248,-29.13098],[31.26976,-29.13915],[31.26861,-29.1407],[31.2617,-29.14463],[31.25576,-29.14706],[31.24876,-29.14683],[31.24717,-29.14262],[31.24787,-29.13798],[31.24732,-29.13145],[31.24975,-29.12653],[31.24822,-29.12335],[31.24443,-29.11935],[31.24161,-29.11811],[31.23766,-29.11476],[31.23398,-29.10975],[31.22977,-29.10867],[31.21838,-29.10783],[31.21339,-29.10534],[31.21073,-29.10316],[31.21025,-29.09952],[31.20733,-29.0891],[31.20437,-29.08704],[31.19856,-29.08499],[31.19352,-29.08384],[31.18464,-29.07925],[31.18378,-29.07812],[31.17541,-29.07313],[31.17532,-29.06797],[31.17771,-29.06215],[31.18108,-29.05976],[31.18191,-29.05151],[31.17713,-29.04674],[31.17426,-29.04578],[31.16796,-29.04566],[31.16157,-29.04784],[31.15627,-29.04752],[31.15002,-29.04472],[31.14753,-29.04258],[31.1451,-29.03906],[31.14216,-29.03643],[31.13646,-29.03407],[31.13385,-29.03137],[31.12953,-29.02422],[31.12635,-29.01486],[31.12225,-29.00611],[31.11787,-29.00263],[31.11741,-28.99872],[31.11828,-28.99334],[31.12153,-28.98482],[31.12707,-28.97682],[31.12905,-28.97023],[31.12697,-28.9612],[31.12506,-28.95899],[31.11883,-28.95867],[31.11026,-28.95998],[31.10547,-28.95987],[31.1002,-28.95889],[31.09355,-28.95562],[31.08644,-28.95559],[31.08105,-28.95835],[31.07994,-28.9607],[31.08489,-28.97126],[31.08881,-28.97589],[31.0937,-28.977],[31.0974,-28.9801],[31.099,-28.98385],[31.09845,-28.98958],[31.09536,-28.9929],[31.09073,-28.99497],[31.08298,-28.99334],[31.07862,-28.99146],[31.07578,-28.98927],[31.07438,-28.98392],[31.07434,-28.97846],[31.07611,-28.96917],[31.07616,-28.96408],[31.07307,-28.95871],[31.0659,-28.95071],[31.06108,-28.9491],[31.04918,-28.94912],[31.04492,-28.94608],[31.04191,-28.94192],[31.03287,-28.93539],[31.03189,-28.93401],[31.03195,-28.92974],[31.03384,-28.9225],[31.03546,-28.92094],[31.03661,-28.917],[31.03633,-28.91189],[31.03499,-28.90764],[31.03182,-28.90461],[31.029827,-28.901523],[31.02678,-28.89762],[31.02686,-28.89358],[31.03013,-28.88844],[31.03518,-28.88545],[31.03781,-28.88148],[31.03781,-28.87652],[31.0366,-28.87294],[31.03044,-28.86425],[31.02623,-28.86137],[31.01424,-28.85709],[31.00765,-28.85391],[31.00169,-28.85511],[30.99898,-28.85505],[30.99335,-28.85648],[30.99359,-28.85916],[30.9913,-28.86152],[30.99233,-28.864],[30.99051,-28.86626],[30.99021,-28.86918],[30.98821,-28.87578],[30.9856,-28.87609],[30.98188,-28.88045],[30.97826,-28.87825],[30.97388,-28.87374],[30.96911,-28.87504],[30.96708,-28.87662],[30.96376,-28.88258],[30.9594,-28.88449],[30.95615,-28.88433],[30.9525,-28.88628],[30.94418,-28.88911],[30.94073,-28.8896],[30.93739,-28.89219],[30.93605,-28.89518],[30.93189,-28.89623],[30.92997,-28.89857],[30.92688,-28.89879],[30.91922,-28.90849],[30.929,-28.92595],[30.93278,-28.92748],[30.93357,-28.93043],[30.93793,-28.93347],[30.93243,-28.93528],[30.92958,-28.93541],[30.92302,-28.94119],[30.92208,-28.94842],[30.9441,-28.95178],[30.94577,-28.95059],[30.94706,-28.95696],[30.9451,-28.95942],[30.96029,-28.95339],[30.96641,-28.95945],[30.96243,-28.96356],[30.9471,-28.96981],[30.96817,-28.97189],[30.98018,-28.96989],[30.98928,-29.00393],[31.00122,-29.04331],[31.02378,-29.07883],[31.00421,-29.0839],[30.97405,-29.08059],[30.97246,-29.08121],[30.95108,-29.09211],[30.94275,-29.08785],[30.93672,-29.0802],[30.906737,-29.099887],[30.90609,-29.10346],[30.91179,-29.10741],[30.91061,-29.11576],[30.9067,-29.11785],[30.90099,-29.11878],[30.89856,-29.12031],[30.89528,-29.12089],[30.89571,-29.12295],[30.89067,-29.125185],[30.88803,-29.12312],[30.88088,-29.12415],[30.8795,-29.12626],[30.87659,-29.12462],[30.87395,-29.12595],[30.87175,-29.12934],[30.86727,-29.13252],[30.86685,-29.13413],[30.85248,-29.13982],[30.85278,-29.142],[30.85745,-29.14361],[30.86272,-29.14751],[30.86338,-29.15198],[30.86836,-29.15119],[30.868759,-29.152719],[30.86595,-29.15661],[30.867905,-29.16126],[30.87076,-29.16373],[30.87483,-29.16236],[30.87566,-29.16052],[30.88111,-29.16009],[30.88678,-29.16307],[30.8895,-29.16188],[30.89038,-29.16552],[30.89249,-29.1672],[30.89778,-29.16694],[30.89745,-29.16939],[30.90247,-29.16973],[30.90246,-29.17249],[30.89809,-29.1744],[30.89692,-29.17671],[30.8944,-29.17621],[30.89475,-29.18034],[30.89866,-29.1798],[30.9028,-29.17826],[30.90479,-29.17874],[30.90835,-29.17694],[30.91474,-29.17597],[30.91756,-29.17946],[30.91845,-29.17671],[30.92781,-29.17946],[30.93287,-29.18302],[30.93909,-29.17835],[30.9435,-29.18183],[30.94756,-29.18237],[30.9473,-29.18427],[30.9416,-29.18253],[30.9382,-29.18429],[30.94034,-29.18805],[30.95025,-29.19184],[30.94929,-29.19548],[30.94654,-29.19712],[30.94857,-29.19976],[30.95277,-29.20245],[30.95519,-29.20599],[30.959021,-29.205081],[30.96634,-29.20988],[30.96895,-29.21416],[30.9769,-29.21871],[30.98043,-29.22202],[30.98563,-29.22257],[30.98473,-29.22411],[30.98591,-29.22883],[30.98341,-29.23309],[30.98558,-29.23399],[30.98448,-29.23997],[30.98275,-29.24003],[30.98062,-29.24274],[30.98299,-29.25475],[30.98477,-29.25724],[30.98225,-29.26039],[30.98383,-29.26589],[30.98119,-29.26926],[30.97429,-29.27131],[30.97254,-29.27368],[30.9694,-29.27243],[30.96281,-29.27135],[30.95374,-29.27117],[30.95115,-29.26998],[30.93604,-29.27086],[30.93126,-29.27375],[30.93001,-29.27223],[30.92651,-29.27156],[30.92128,-29.27751],[30.91735,-29.2808],[30.916038,-29.280623],[30.90499,-29.27036],[30.90431,-29.27095],[30.89778,-29.28531],[30.89769,-29.28752],[30.89474,-29.2875],[30.88618,-29.2822],[30.87719,-29.27559],[30.87749,-29.2789],[30.87957,-29.28244],[30.87925,-29.28412],[30.87575,-29.28416],[30.86958,-29.28305],[30.86789,-29.28478],[30.8722,-29.28759],[30.86755,-29.29455],[30.86406,-29.29447],[30.86513,-29.29765],[30.86456,-29.30096],[30.85979,-29.30103],[30.85752,-29.3024],[30.86026,-29.30728],[30.85744,-29.30812],[30.85623,-29.31003],[30.85881,-29.31155],[30.85497,-29.3136],[30.85465,-29.32222],[30.85725,-29.32341],[30.85732,-29.32664],[30.86119,-29.32584],[30.86656,-29.32686],[30.87241,-29.33213],[30.87574,-29.33837],[30.87912,-29.33979],[30.8825,-29.34265],[30.88464,-29.34575],[30.88171,-29.35036],[30.88126,-29.35656],[30.88243,-29.36051],[30.8804,-29.36484],[30.88039,-29.36767],[30.88304,-29.37082],[30.88372,-29.37323],[30.88854,-29.37628],[30.89526,-29.37624],[30.90148,-29.38144],[30.90911,-29.38362],[30.91546,-29.38284],[30.919276,-29.384419],[30.91657,-29.38618],[30.91504,-29.39037],[30.91233,-29.39213],[30.90911,-29.39673],[30.90776,-29.3967],[30.90356,-29.39949],[30.90324,-29.40104],[30.89788,-29.40474],[30.8967,-29.40769],[30.89406,-29.40722],[30.89067,-29.40857],[30.89078,-29.41273],[30.888392,-29.415613],[30.850066,-29.403697],[30.83344,-29.41714],[30.80227,-29.44262],[30.79355,-29.44955],[30.79031,-29.47628],[30.76618,-29.48799],[30.76813,-29.45504],[30.74809,-29.453431],[30.7491,-29.45767],[30.74903,-29.461],[30.74775,-29.46707],[30.7443,-29.47051],[30.74335,-29.47337],[30.74385,-29.47607],[30.74273,-29.4804],[30.73727,-29.48564],[30.73535,-29.48928],[30.73465,-29.49531],[30.73143,-29.49837],[30.72846,-29.49836],[30.72636,-29.4997],[30.72437,-29.50272],[30.72436,-29.50628],[30.72268,-29.51015],[30.72265,-29.51773],[30.72398,-29.52021],[30.72417,-29.52372],[30.7219,-29.52579],[30.72261,-29.52769],[30.7202,-29.52969],[30.71669,-29.52759],[30.70974,-29.52723],[30.70942,-29.52949],[30.70707,-29.53279],[30.70563,-29.53686],[30.70524,-29.54185],[30.7037,-29.54997],[30.70517,-29.55201],[30.70664,-29.55661],[30.70401,-29.55835],[30.70252,-29.56113],[30.70362,-29.56679],[30.70546,-29.56898],[30.70809,-29.56944],[30.70895,-29.57147],[30.71869,-29.57118],[30.72427,-29.56922],[30.72718,-29.57094]]]},"properties":{"code":"032"}},{"type":"Feature","geometry":{"type":"Polygon","coordinates":[[[27.59043,-26.73836],[27.58625,-26.74034],[27.5795,-26.74485],[27.57016,-26.74696],[27.56978,-26.7542],[27.57658,-26.76057],[27.58259,-26.7689],[27.58255,-26.77183],[27.57993,-26.77567],[27.57531,-26.77883],[27.57032,-26.78117],[27.56868,-26.78092],[27.56073,-26.77694],[27.557,-26.77357],[27.55135,-26.77437],[27.54611,-26.77807],[27.53975,-26.78427],[27.53657,-26.78535],[27.52877,-26.78461],[27.52411,-26.7823],[27.51736,-26.78197],[27.50939,-26.78578],[27.5056,-26.79197],[27.5059,-26.79482],[27.50833,-26.79844],[27.51289,-26.80151],[27.51529,-26.80403],[27.51794,-26.80887],[27.51764,-26.81231],[27.5164,-26.81338],[27.51138,-26.8235],[27.51076,-26.82623],[27.51191,-26.82983],[27.51175,-26.83651],[27.50831,-26.83999],[27.50414,-26.84193],[27.49969,-26.84502],[27.49477,-26.84561],[27.48994,-26.84704],[27.48746,-26.84937],[27.48319,-26.85822],[27.47957,-26.86772],[27.478877,-26.873881],[27.4767,-26.87967],[27.47604,-26.88349],[27.47131,-26.88681],[27.45522,-26.89058],[27.44947,-26.89475],[27.4467,-26.89779],[27.44246,-26.90055],[27.44002,-26.89949],[27.43778,-26.90144],[27.432,-26.9087],[27.42838,-26.91417],[27.42379,-26.91922],[27.41859,-26.92386],[27.41429,-26.92566],[27.40753,-26.92578],[27.40033,-26.92222],[27.3989,-26.91668],[27.39649,-26.91487],[27.39299,-26.91492],[27.3902,-26.91144],[27.389485,-26.906385],[27.38834,-26.90287],[27.38421,-26.90037],[27.38024,-26.90124],[27.37693,-26.90467],[27.37345,-26.90486],[27.37045,-26.90374],[27.36887,-26.9006],[27.36771,-26.89505],[27.36775,-26.8913],[27.36501,-26.89077],[27.36143,-26.88493],[27.35634,-26.88291],[27.34,-26.87119],[27.33951,-26.86849],[27.34056,-26.86434],[27.34036,-26.86125],[27.3389,-26.85855],[27.33002,-26.85322],[27.31305,-26.85272],[27.30605,-26.85334],[27.30216,-26.8547],[27.30024,-26.85718],[27.30099,-26.8605],[27.29914,-26.86343],[27.29615,-26.86488],[27.29243,-26.86892],[27.29161,-26.87175],[27.2913,-26.87733],[27.28982,-26.87936],[27.28171,-26.88394],[27.27818,-26.88808],[27.27322,-26.88938],[27.26913,-26.89304],[27.26631,-26.89902],[27.26441,-26.90524],[27.2601,-26.91013],[27.25274,-26.91342],[27.24689,-26.91443],[27.24157,-26.91871],[27.23487,-26.92659],[27.22891,-26.93957],[27.21916,-26.94436],[27.21752,-26.94606],[27.2142,-26.95323],[27.21322,-26.95804],[27.21109,-26.96238],[27.21102,-26.96952],[27.21198,-26.97337],[27.21178,-26.97675],[27.20649,-26.98035],[27.2033,-26.98049],[27.19837,-26.97874],[27.19005,-26.97749],[27.18312,-26.97318],[27.17716,-26.97082],[27.17366,-26.96759],[27.17518,-26.96361],[27.18082,-26.95866],[27.18249,-26.95541],[27.18321,-26.95029],[27.18177,-26.94068],[27.18302,-26.93142],[27.18223,-26.92854],[27.17879,-26.92592],[27.17012,-26.92302],[27.16555,-26.92373],[27.1618,-26.92586],[27.15515,-26.9337],[27.15369,-26.93704],[27.14716,-26.94093],[27.14225,-26.94183],[27.13315,-26.93718],[27.13189,-26.93553],[27.12595,-26.93362],[27.12086,-26.93079],[27.11772,-26.92766],[27.11343,-26.92636],[27.10598,-26.92716],[27.10118,-26.92937],[27.0936,-26.93169],[27.08726,-26.93841],[27.08352,-26.93802],[27.07994,-26.93577],[27.07622,-26.93499],[27.0701,-26.93509],[27.06458,-26.9373],[27.05966,-26.93687],[27.05473,-26.93736],[27.05057,-26.93674],[27.04412,-26.93703],[27.03999,-26.93822],[27.03457,-26.93725],[27.03185,-26.93608],[27.02819,-26.93592],[27.02381,-26.93405],[27.02072,-26.93404],[27.01677,-26.93192],[27.01393,-26.93205],[27.01032,-26.92875],[27.00519,-26.92536],[26.99466,-26.92172],[26.98766,-26.9168],[26.98104,-26.91407],[26.97482,-26.91211],[26.96809,-26.90734],[26.96039,-26.90325],[26.94996,-26.89564],[26.94722,-26.89201],[26.94845,-26.88891],[26.94913,-26.88213],[26.95114,-26.87883],[26.95123,-26.87553],[26.94921,-26.87365],[26.94273,-26.87179],[26.93902,-26.87204],[26.93306,-26.87884],[26.92721,-26.88707],[26.92462,-26.89294],[26.92374,-26.89703],[26.9209,-26.90307],[26.91992,-26.90976],[26.92424,-26.92777],[26.92459,-26.93143],[26.92334,-26.94195],[26.92363,-26.94674],[26.925,-26.95698],[26.92315,-26.96905],[26.92043,-26.97332],[26.9167,-26.97222],[26.91488,-26.96792],[26.91039,-26.96367],[26.90863,-26.95875],[26.90984,-26.95426],[26.90868,-26.94571],[26.90307,-26.94139],[26.89716,-26.93561],[26.89407,-26.93469],[26.88372,-26.93583],[26.88085,-26.93511],[26.87656,-26.93215],[26.87481,-26.93006],[26.87534,-26.92509],[26.87374,-26.92338],[26.86644,-26.91906],[26.86121,-26.91961],[26.85803,-26.92203],[26.85499,-26.92854],[26.85127,-26.93449],[26.85038,-26.93774],[26.8485,-26.94018],[26.84066,-26.94308],[26.83148,-26.94891],[26.82246,-26.95118],[26.81884,-26.95306],[26.8157,-26.95319],[26.81058,-26.9505],[26.8094,-26.94722],[26.81126,-26.94077],[26.81173,-26.93416],[26.8102,-26.93194],[26.80502,-26.93198],[26.80053,-26.93483],[26.79682,-26.93824],[26.7901,-26.94265],[26.78016,-26.94596],[26.77341,-26.94666],[26.76669,-26.94806],[26.76104,-26.95318],[26.75925,-26.95695],[26.75516,-26.96191],[26.74959,-26.96509],[26.74326,-26.96457],[26.7316,-26.96796],[26.72896,-26.96942],[26.72074,-26.97181],[26.71548,-26.97392],[26.71285,-26.97568],[26.71057,-26.97864],[26.70635,-26.988],[26.70247,-27.00007],[26.7006,-27.0086],[26.69588,-27.01446],[26.68872,-27.018],[26.68417,-27.01757],[26.67952,-27.01518],[26.67644,-27.00969],[26.67635,-27.00078],[26.67182,-26.99573],[26.66252,-26.99345],[26.65889,-26.99377],[26.65324,-26.99622],[26.64568,-27.00048],[26.63608,-27.00342],[26.62913,-27.00377],[26.62495,-27.00266],[26.62107,-27.00272],[26.61846,-27.00414],[26.61841,-27.00639],[26.61597,-27.0138],[26.6144,-27.02574],[26.6121,-27.02826],[26.60295,-27.03208],[26.59262,-27.03785],[26.58862,-27.04207],[26.58521,-27.04857],[26.58182,-27.05312],[26.58087,-27.05616],[26.58113,-27.059],[26.58357,-27.06344],[26.59016,-27.06717],[26.5924,-27.07087],[26.59373,-27.08011],[26.59299,-27.083],[26.58811,-27.09535],[26.58697,-27.10318],[26.58562,-27.10603],[26.58177,-27.10831],[26.57533,-27.10474],[26.56169,-27.10086],[26.54859,-27.09847],[26.54479,-27.09422],[26.53802,-27.09017],[26.53164,-27.09031],[26.52865,-27.091],[26.52526,-27.09391],[26.52281,-27.09871],[26.52162,-27.10439],[26.51828,-27.10992],[26.51738,-27.1129],[26.51417,-27.11885],[26.50697,-27.12722],[26.50292,-27.13074],[26.49716,-27.1329],[26.4885,-27.13024],[26.48399,-27.13071],[26.47891,-27.13601],[26.47734,-27.13942],[26.47677,-27.14556],[26.47539,-27.15114],[26.47363,-27.15376],[26.46374,-27.15741],[26.45819,-27.15782],[26.45404,-27.15532],[26.44761,-27.15238],[26.44151,-27.15021],[26.43489,-27.14961],[26.42934,-27.15014],[26.42705,-27.15125],[26.42488,-27.15507],[26.42377,-27.16043],[26.42087,-27.16624],[26.4199,-27.17136],[26.42061,-27.17343],[26.42426,-27.17753],[26.42725,-27.18524],[26.43222,-27.18907],[26.4345,-27.1941],[26.43452,-27.2004],[26.4358,-27.20513],[26.43906,-27.21171],[26.44328,-27.21702],[26.44874,-27.22032],[26.45469,-27.22279],[26.46138,-27.22764],[26.466,-27.23176],[26.47166,-27.23992],[26.4768,-27.24465],[26.48763,-27.25054],[26.48885,-27.25057],[26.49336,-27.25675],[26.49677,-27.26496],[26.49736,-27.2689],[26.49621,-27.27378],[26.49241,-27.27992],[26.48868,-27.28395],[26.48829,-27.2963],[26.49323,-27.30614],[26.49396,-27.30882],[26.49383,-27.31775],[26.49229,-27.32008],[26.48491,-27.32395],[26.4822,-27.32383],[26.47911,-27.32142],[26.47925,-27.31865],[26.48487,-27.31353],[26.48525,-27.31044],[26.48323,-27.3071],[26.47965,-27.30665],[26.47533,-27.30848],[26.4735,-27.31252],[26.46962,-27.315],[26.46315,-27.32202],[26.45823,-27.32623],[26.457,-27.32852],[26.45538,-27.33768],[26.45311,-27.34029],[26.44749,-27.34371],[26.44606,-27.34853],[26.447,-27.35089],[26.45923,-27.3635],[26.46201,-27.36571],[26.46821,-27.36918],[26.47481,-27.37096],[26.4781,-27.37331],[26.48316,-27.37872],[26.48567,-27.38026],[26.49109,-27.37945],[26.49719,-27.37931],[26.50668,-27.38184],[26.51354,-27.38531],[26.51424,-27.38744],[26.51258,-27.3933],[26.5084,-27.39792],[26.50637,-27.39848],[26.49758,-27.39566],[26.46826,-27.39122],[26.46008,-27.38699],[26.45543,-27.38575],[26.44924,-27.38622],[26.44522,-27.38812],[26.44043,-27.39391],[26.42701,-27.40511],[26.42309,-27.40687],[26.41649,-27.40274],[26.4075,-27.39985],[26.39383,-27.39369],[26.38854,-27.3898],[26.38098,-27.38864],[26.37655,-27.38679],[26.37242,-27.38376],[26.368,-27.38497],[26.36509,-27.38773],[26.36156,-27.38926],[26.35813,-27.38901],[26.35048,-27.3859],[26.34516,-27.38543],[26.33957,-27.3894],[26.33747,-27.393],[26.33617,-27.39716],[26.33445,-27.3996],[26.32724,-27.4058],[26.32659,-27.40878],[26.32787,-27.41995],[26.32631,-27.42999],[26.32447,-27.43274],[26.32114,-27.4334],[26.31798,-27.43218],[26.31556,-27.42999],[26.31399,-27.4232],[26.31186,-27.41988],[26.3084,-27.41776],[26.30468,-27.41805],[26.29558,-27.41579],[26.29104,-27.41668],[26.28927,-27.4195],[26.28623,-27.42219],[26.2828,-27.42142],[26.27608,-27.42113],[26.27115,-27.41774],[26.26775,-27.41631],[26.26352,-27.4169],[26.26016,-27.41992],[26.25328,-27.42926],[26.25005,-27.43004],[26.24501,-27.42986],[26.24163,-27.43202],[26.23885,-27.43785],[26.23634,-27.44702],[26.23358,-27.45485],[26.23114,-27.45798],[26.22451,-27.46849],[26.22041,-27.473],[26.21986,-27.47636],[26.22078,-27.48333],[26.23108,-27.49492],[26.22975,-27.51022],[26.22724,-27.51341],[26.21361,-27.51571],[26.20717,-27.51555],[26.20328,-27.51623],[26.19899,-27.51857],[26.19507,-27.52321],[26.18605,-27.53154],[26.17583,-27.53398],[26.17011,-27.53611],[26.1678,-27.53856],[26.16459,-27.54866],[26.16272,-27.55225],[26.15858,-27.55726],[26.15516,-27.56257],[26.15119,-27.56439],[26.14553,-27.56279],[26.1416,-27.55837],[26.13932,-27.55744],[26.13401,-27.55847],[26.12937,-27.56233],[26.12551,-27.56478],[26.12379,-27.56687],[26.12209,-27.57244],[26.12227,-27.57442],[26.12476,-27.57927],[26.1245,-27.58057],[26.11989,-27.58719],[26.11694,-27.5906],[26.11269,-27.59365],[26.10615,-27.59555],[26.10096,-27.59539],[26.08985,-27.59392],[26.08448,-27.59509],[26.08196,-27.60342],[26.07724,-27.61303],[26.07491,-27.6194],[26.07496,-27.62103],[26.08105,-27.63262],[26.08581,-27.64284],[26.0865,-27.64674],[26.08553,-27.64921],[26.07991,-27.65338],[26.07227,-27.65598],[26.06369,-27.66021],[26.05667,-27.66589],[26.05471,-27.66835],[26.05506,-27.67006],[26.06193,-27.67678],[26.06627,-27.6801],[26.06918,-27.68117],[26.08167,-27.68232],[26.0912,-27.68177],[26.09479,-27.6846],[26.09463,-27.69137],[26.09264,-27.69605],[26.08665,-27.70043],[26.07584,-27.71065],[26.09012,-27.72805],[26.09971,-27.74771],[26.10756,-27.76263],[26.10695,-27.76336],[26.1202,-27.80256],[26.125476,-27.818567],[26.14552,-27.84087],[26.131,-27.85749],[26.12284,-27.87528],[26.14094,-27.88667],[26.16294,-27.86025],[26.2174,-27.88308],[26.22157,-27.88788],[26.20677,-27.90211],[26.21218,-27.90835],[26.18316,-27.94185],[26.20071,-27.95974],[26.188231,-28.001318],[26.19121,-28.00489],[26.1948,-28.0071],[26.19763,-28.00381],[26.19989,-28.00492],[26.20529,-28.01155],[26.20759,-28.01236],[26.21575,-28.01132],[26.21975,-28.01546],[26.22268,-28.0143],[26.22609,-28.01582],[26.2265,-28.01845],[26.22919,-28.02038],[26.2376,-28.0206],[26.24027,-28.01933],[26.24028,-28.02477],[26.25538,-28.02212],[26.25778,-28.02425],[26.26634,-28.02615],[26.26839,-28.02945],[26.27102,-28.02865],[26.27299,-28.02428],[26.27693,-28.02472],[26.27628,-28.0278],[26.2843,-28.03267],[26.29928,-28.03053],[26.29697,-28.03873],[26.29531,-28.0429],[26.29776,-28.04478],[26.30612,-28.04467],[26.30977,-28.04542],[26.31869,-28.04931],[26.32062,-28.05366],[26.32487,-28.05528],[26.32627,-28.04916],[26.33501,-28.05272],[26.33621,-28.055],[26.33697,-28.06027],[26.3415,-28.06234],[26.34333,-28.06218],[26.33393,-28.0958],[26.34764,-28.07509],[26.35904,-28.07881],[26.35467,-28.08602],[26.35841,-28.08677],[26.36239,-28.07904],[26.36535,-28.07924],[26.36468,-28.08174],[26.36094,-28.08907],[26.36669,-28.08905],[26.36802,-28.08702],[26.37386,-28.08841],[26.376,-28.09049],[26.38166,-28.0866],[26.38475,-28.07784],[26.40559,-28.07554],[26.40895,-28.07553],[26.41011,-28.07936],[26.41008,-28.08557],[26.40642,-28.08795],[26.406,-28.09084],[26.41077,-28.09236],[26.41216,-28.09085],[26.41464,-28.09213],[26.41786,-28.09219],[26.42081,-28.09443],[26.42944,-28.08722],[26.42955,-28.08457],[26.4332,-28.08403],[26.43816,-28.08229],[26.43816,-28.07967],[26.44065,-28.07977],[26.44074,-28.08308],[26.44499,-28.08166],[26.44348,-28.07936],[26.44414,-28.07608],[26.44561,-28.039458],[26.45636,-28.04589],[26.45704,-28.07838],[26.46278,-28.08112],[26.46315,-28.08334],[26.46802,-28.0819],[26.46675,-28.07921],[26.47038,-28.07794],[26.47263,-28.07829],[26.48112,-28.0861],[26.48239,-28.09499],[26.48692,-28.09802],[26.49123,-28.09808],[26.49587,-28.05257],[26.49869,-28.05302],[26.50648,-28.04136],[26.49121,-28.03657],[26.50968,-27.99322],[26.50677,-27.96196],[26.50666,-27.95604],[26.50548,-27.95209],[26.55977,-27.93917],[26.52809,-27.91971],[26.52078,-27.91823],[26.51622,-27.91778],[26.49106,-27.91284],[26.49706,-27.90336],[26.51475,-27.89536],[26.49258,-27.86426],[26.54876,-27.87396],[26.55763,-27.8341],[26.55191,-27.83311],[26.55938,-27.79716],[26.55571,-27.79053],[26.51522,-27.78697],[26.54446,-27.7464],[26.52288,-27.73277],[26.56088,-27.72408],[26.597981,-27.699806],[26.6363,-27.65908],[26.68458,-27.68256],[26.69201,-27.67705],[26.74193,-27.69363],[26.78958,-27.66529],[26.7988,-27.652],[26.81915,-27.63848],[26.83663,-27.62296],[26.84658,-27.62357],[26.84911,-27.61989],[26.85771,-27.586],[26.87391,-27.58962],[26.8854,-27.57587],[26.87036,-27.53379],[26.88942,-27.52265],[26.92286,-27.52278],[26.922734,-27.516071],[26.95005,-27.5225],[26.94906,-27.53026],[26.93353,-27.55779],[26.94527,-27.55949],[26.96326,-27.54925],[26.96631,-27.56254],[26.97674,-27.57057],[27.01633,-27.59824],[26.98295,-27.63458],[26.97449,-27.64291],[26.99409,-27.65522],[27.00624,-27.66547],[26.96994,-27.69445],[26.989239,-27.706227],[27.0015,-27.71571],[27.02015,-27.70697],[27.03078,-27.71677],[27.01683,-27.72708],[27.04491,-27.74898],[27.04477,-27.7491],[27.07715,-27.78915],[27.04087,-27.80906],[27.0525,-27.85931],[27.05656,-27.85737],[27.07572,-27.89049],[27.09281,-27.88576],[27.13241,-27.91536],[27.14087,-27.92272],[27.14749,-27.91895],[27.15131,-27.91853],[27.15303,-27.91685],[27.15943,-27.91507],[27.15966,-27.91793],[27.15779,-27.93334],[27.17283,-27.93474],[27.17161,-27.91104],[27.17864,-27.90846],[27.17956,-27.92216],[27.18734,-27.90606],[27.1922,-27.90544],[27.19376,-27.90447],[27.19278,-27.89975],[27.21523,-27.91507],[27.238638,-27.908552],[27.29221,-27.92298],[27.29261,-27.9381],[27.30077,-27.96066],[27.3351,-27.94539],[27.358982,-27.932453],[27.36582,-27.94516],[27.36345,-28.00146],[27.37788,-28.00577],[27.37365,-28.01958],[27.40226,-28.0136],[27.40556,-28.02608],[27.42631,-28.02314],[27.42302,-28.03698],[27.43449,-28.04015],[27.43377,-28.04976],[27.45419,-28.08004],[27.4718,-28.10709],[27.42754,-28.1077],[27.40679,-28.10499],[27.38665,-28.15879],[27.37005,-28.17027],[27.37501,-28.17656],[27.3833,-28.19014],[27.38787,-28.21408],[27.39081,-28.23949],[27.44519,-28.2387],[27.44969,-28.24781],[27.45643,-28.24801],[27.46157,-28.26054],[27.46078,-28.26473],[27.46948,-28.26347],[27.47085,-28.26664],[27.47008,-28.27321],[27.48115,-28.27178],[27.48323,-28.24877],[27.50309,-28.24909],[27.50476,-28.27081],[27.51074,-28.27435],[27.52717,-28.26697],[27.54057,-28.27224],[27.54416,-28.27307],[27.56962,-28.28253],[27.56951,-28.28424],[27.58902,-28.26566],[27.59578,-28.25949],[27.60501,-28.26637],[27.61689,-28.25115],[27.61116,-28.24146],[27.6105,-28.23866],[27.6053,-28.20545],[27.59855,-28.18288],[27.59629,-28.17599],[27.60981,-28.17317],[27.62768,-28.17113],[27.64576,-28.19215],[27.65985,-28.18412],[27.66167,-28.18618],[27.65642,-28.16161],[27.65848,-28.16095],[27.66223,-28.1617],[27.66109,-28.14748],[27.65376,-28.12659],[27.69322,-28.12399],[27.68901,-28.09616],[27.65497,-28.05993],[27.6851,-28.04637],[27.70346,-28.04039],[27.69834,-28.01538],[27.6954,-28.00262],[27.7187,-27.98483],[27.71934,-27.98289],[27.70474,-27.98361],[27.71806,-27.95621],[27.72726,-27.9591],[27.73772,-27.92817],[27.75084,-27.91991],[27.75413,-27.91833],[27.75428,-27.91129],[27.75528,-27.9084],[27.75847,-27.90483],[27.76078,-27.90722],[27.7643,-27.90839],[27.76507,-27.91364],[27.7663,-27.91495],[27.77243,-27.91147],[27.77831,-27.91037],[27.78048,-27.91191],[27.78624,-27.91319],[27.78737,-27.91589],[27.79164,-27.91878],[27.78917,-27.92559],[27.79055,-27.93235],[27.79364,-27.93241],[27.79673,-27.93382],[27.79788,-27.93682],[27.80092,-27.94031],[27.8,-27.94148],[27.80174,-27.94477],[27.80476,-27.94608],[27.8112,-27.95025],[27.82298,-27.93369],[27.8726,-27.93378],[27.86898,-27.90702],[27.86699,-27.8904],[27.86551,-27.8724],[27.8639,-27.84793],[27.86364,-27.82571],[27.86336,-27.82257],[27.86284,-27.78952],[27.84147,-27.72054],[27.84028,-27.70613],[27.83809,-27.672622],[27.8426,-27.66932],[27.85027,-27.67005],[27.86227,-27.66328],[27.88282,-27.65695],[27.88192,-27.6385],[27.90473,-27.64111],[27.91977,-27.64261],[27.94811,-27.63551],[27.94902,-27.63783],[27.96602,-27.63507],[27.9886,-27.63221],[27.99121,-27.62195],[27.98253,-27.61207],[27.98556,-27.60973],[27.9869,-27.60423],[27.99461,-27.59802],[27.99939,-27.59324],[28.00582,-27.58117],[28.01273,-27.58324],[28.01428,-27.58251],[28.007782,-27.563804],[28.05687,-27.56422],[28.06145,-27.57524],[28.104837,-27.533283],[28.13165,-27.52042],[28.13775,-27.52075],[28.15504,-27.49889],[28.16566,-27.49945],[28.17397,-27.49288],[28.18869,-27.48178],[28.19463,-27.49538],[28.20744,-27.49694],[28.21023,-27.49819],[28.21619,-27.49028],[28.2225,-27.49736],[28.22741,-27.49779],[28.22819,-27.49009],[28.25089,-27.49779],[28.25113,-27.50861],[28.25413,-27.52654],[28.25628,-27.54131],[28.25804,-27.57218],[28.28418,-27.56695],[28.28474,-27.55624],[28.29416,-27.549229],[28.29443,-27.542685],[28.30731,-27.55411],[28.31909,-27.549],[28.33226,-27.54277],[28.346934,-27.536453],[28.35121,-27.52954],[28.36435,-27.52938],[28.37456,-27.51534],[28.38299,-27.51805],[28.38512,-27.52097],[28.39221,-27.5238],[28.39959,-27.52342],[28.41265,-27.51039],[28.427,-27.5064],[28.4474,-27.51316],[28.45434,-27.51832],[28.474754,-27.532773],[28.46773,-27.54095],[28.46997,-27.55745],[28.46674,-27.56031],[28.46713,-27.56275],[28.48566,-27.57164],[28.48557,-27.57216],[28.51115,-27.59689],[28.52452,-27.5826],[28.52662,-27.58539],[28.5411,-27.58151],[28.55171,-27.57952],[28.54972,-27.55515],[28.5558,-27.54335],[28.56696,-27.53754],[28.57754,-27.564539],[28.59149,-27.57209],[28.59755,-27.56244],[28.62009,-27.58961],[28.60279,-27.60254],[28.61719,-27.60753],[28.61974,-27.60603],[28.625509,-27.611429],[28.67562,-27.58092],[28.67497,-27.59048],[28.74292,-27.599049],[28.7397,-27.59815],[28.73646,-27.59585],[28.73596,-27.59334],[28.74285,-27.58566],[28.74131,-27.58307],[28.74364,-27.57685],[28.74361,-27.57263],[28.74554,-27.56349],[28.74368,-27.5618],[28.74319,-27.55371],[28.74086,-27.54956],[28.73735,-27.54834],[28.73776,-27.54523],[28.74093,-27.54174],[28.74351,-27.54031],[28.74562,-27.5337],[28.75384,-27.53289],[28.77104,-27.53366],[28.77392,-27.53146],[28.772655,-27.503645],[28.771929,-27.502626],[28.771614,-27.483759],[28.785536,-27.462494],[28.817272,-27.465458],[28.835623,-27.47991],[28.830236,-27.452314],[28.864372,-27.446814],[28.867661,-27.43482],[28.880751,-27.443501],[28.891167,-27.407541],[28.900141,-27.407419],[28.912846,-27.41313],[28.922813,-27.419922],[28.925165,-27.407948],[28.927361,-27.402475],[28.923587,-27.379842],[28.916882,-27.345795],[28.937363,-27.287685],[28.953869,-27.284807],[28.956961,-27.284679],[28.96703,-27.28001],[28.9643,-27.26194],[28.96739,-27.257311],[28.97884,-27.25411],[28.97945,-27.25605],[29.002689,-27.261061],[29.003019,-27.2533],[29.00629,-27.248791],[28.98192,-27.235746],[28.994249,-27.217649],[28.982,-27.21549],[28.978741,-27.20631],[28.99728,-27.18228],[29.004049,-27.180241],[29.002399,-27.16703],[29.005649,-27.166901],[28.997959,-27.146601],[29.005529,-27.109699],[29.003389,-27.10931],[28.996519,-27.07966],[29.001684,-27.050587],[29.015141,-27.009958],[29.0101,-27.0066],[28.99613,-27.00398],[28.99349,-27.0032],[28.98705,-26.99971],[28.98381,-26.99876],[28.97698,-26.9955],[28.97447,-26.99312],[28.96753,-26.99146],[28.96608,-26.99488],[28.96172,-26.99861],[28.96006,-27.0026],[28.95725,-27.00608],[28.95477,-27.01146],[28.94563,-27.01373],[28.94118,-27.01548],[28.92885,-27.01475],[28.92375,-27.01155],[28.92039,-27.01108],[28.91809,-27.01241],[28.91318,-27.0176],[28.9111,-27.01854],[28.90754,-27.02014],[28.90416,-27.01983],[28.89769,-27.01599],[28.89452,-27.01337],[28.89218,-27.01476],[28.88884,-27.02014],[28.88541,-27.02403],[28.88922,-27.02617],[28.89309,-27.02629],[28.89734,-27.02862],[28.89882,-27.03147],[28.89914,-27.03466],[28.89657,-27.03972],[28.89689,-27.044],[28.89912,-27.04541],[28.90038,-27.04834],[28.89627,-27.05395],[28.89013,-27.05895],[28.8812,-27.05637],[28.87989,-27.05523],[28.87797,-27.0493],[28.87457,-27.04315],[28.87302,-27.03794],[28.86995,-27.03168],[28.86556,-27.03098],[28.86202,-27.029],[28.85787,-27.02492],[28.85267,-27.02704],[28.85053,-27.03093],[28.84362,-27.03912],[28.83724,-27.04195],[28.83439,-27.04166],[28.82692,-27.03727],[28.82521,-27.03711],[28.8162,-27.04229],[28.81357,-27.04237],[28.81086,-27.03861],[28.81171,-27.03407],[28.80977,-27.01928],[28.80742,-27.01466],[28.80489,-27.01153],[28.80309,-27.01135],[28.80105,-27.0141],[28.80196,-27.0172],[28.79781,-27.02636],[28.79624,-27.02883],[28.79143,-27.02502],[28.78635,-27.02359],[28.77905,-27.02039],[28.77476,-27.01952],[28.77357,-27.01737],[28.77621,-27.01186],[28.77668,-27.00857],[28.77443,-27.00545],[28.77023,-27.00283],[28.76782,-27.00309],[28.7627,-27.00134],[28.75629,-26.9976],[28.75297,-26.99792],[28.7452,-27.00301],[28.74247,-27.00337],[28.73726,-27.00208],[28.73526,-27.00074],[28.73112,-26.99548],[28.72905,-26.99048],[28.72537,-26.9846],[28.71668,-26.97992],[28.71469,-26.97713],[28.71381,-26.97161],[28.71141,-26.96951],[28.70732,-26.96836],[28.70139,-26.97496],[28.6987,-26.97584],[28.68626,-26.9757],[28.67969,-26.97361],[28.66407,-26.96239],[28.66018,-26.96038],[28.65446,-26.96019],[28.65142,-26.95793],[28.64692,-26.95304],[28.64401,-26.95402],[28.63686,-26.95505],[28.63592,-26.95619],[28.63479,-26.96175],[28.62738,-26.96601],[28.62122,-26.96909],[28.61016,-26.98695],[28.60716,-26.98968],[28.60504,-26.99321],[28.60617,-26.99438],[28.60971,-26.99379],[28.61559,-26.99974],[28.61803,-26.99982],[28.62088,-26.99653],[28.62425,-26.99451],[28.63218,-26.99115],[28.64582,-26.99237],[28.6525,-26.99463],[28.65552,-26.99693],[28.65455,-27.00065],[28.65132,-27.00943],[28.64875,-27.01131],[28.64733,-27.01662],[28.64443,-27.02031],[28.64232,-27.02105],[28.63936,-27.01987],[28.63024,-27.01284],[28.62553,-27.01074],[28.62069,-27.00956],[28.60949,-27.00804],[28.6078,-27.00904],[28.6093,-27.01704],[28.60833,-27.02099],[28.59482,-27.02296],[28.59137,-27.02567],[28.58547,-27.03586],[28.58327,-27.03784],[28.57993,-27.039],[28.57623,-27.03917],[28.57081,-27.03542],[28.56826,-27.03514],[28.5593,-27.04066],[28.56052,-27.04615],[28.55989,-27.05423],[28.55716,-27.05631],[28.55464,-27.06043],[28.5485,-27.06327],[28.54403,-27.06388],[28.53835,-27.06623],[28.533449,-27.066719],[28.53289,-27.06301],[28.53712,-27.05537],[28.54509,-27.05361],[28.54666,-27.05138],[28.55001,-27.04392],[28.54969,-27.0416],[28.54213,-27.03425],[28.53849,-27.03366],[28.53082,-27.0271],[28.53015,-27.02251],[28.52829,-27.01851],[28.52289,-27.01681],[28.51719,-27.0137],[28.51145,-27.01197],[28.50851,-27.00951],[28.5034,-27.00773],[28.50298,-27.00552],[28.50574,-27.00033],[28.51088,-26.99277],[28.51092,-26.99049],[28.50924,-26.9859],[28.50045,-26.97776],[28.49243,-26.97556],[28.48585,-26.97111],[28.48361,-26.96711],[28.48219,-26.95932],[28.47909,-26.95171],[28.47543,-26.95051],[28.47141,-26.95468],[28.4712,-26.95843],[28.47533,-26.95989],[28.47584,-26.96328],[28.47145,-26.96968],[28.47016,-26.9728],[28.47032,-26.975189],[28.47254,-26.979509],[28.47044,-26.98157],[28.46651,-26.98309],[28.46453,-26.98286],[28.46154,-26.97694],[28.4615,-26.97258],[28.45709,-26.96804],[28.45272,-26.96459],[28.44336,-26.96036],[28.43664,-26.96455],[28.43647,-26.96689],[28.44235,-26.97068],[28.45017,-26.97757],[28.45174,-26.97974],[28.4506,-26.98239],[28.44761,-26.98529],[28.44122,-26.99373],[28.43759,-26.99782],[28.43457,-27.00247],[28.43003,-27.007],[28.42344,-27.00984],[28.41899,-27.01306],[28.41482,-27.0104],[28.41332,-27.00686],[28.41554,-27.00316],[28.41974,-26.99903],[28.42611,-26.99401],[28.42869,-26.99035],[28.4213,-26.97889],[28.4149,-26.97296],[28.40843,-26.96272],[28.40501,-26.95511],[28.40035,-26.95087],[28.39987,-26.94917],[28.40128,-26.94462],[28.40135,-26.93895],[28.39956,-26.93569],[28.39215,-26.93142],[28.38897,-26.9307],[28.38345,-26.93143],[28.37261,-26.93474],[28.36917,-26.93441],[28.36392,-26.93226],[28.35826,-26.93123],[28.35428,-26.93138],[28.3476,-26.93396],[28.33427,-26.94401],[28.3284,-26.94791],[28.32524,-26.94906],[28.32333,-26.94779],[28.31998,-26.94007],[28.31969,-26.93652],[28.32276,-26.93306],[28.32941,-26.92916],[28.33119,-26.92527],[28.32654,-26.92254],[28.32191,-26.92257],[28.3143,-26.92492],[28.31249,-26.92786],[28.31131,-26.93562],[28.30866,-26.93891],[28.30384,-26.94117],[28.30043,-26.94016],[28.29036,-26.93051],[28.28136,-26.91477],[28.28232,-26.9078],[28.2815,-26.90607],[28.27889,-26.90577],[28.27649,-26.90705],[28.26824,-26.9137],[28.26538,-26.91491],[28.26228,-26.9146],[28.26084,-26.91111],[28.26215,-26.90373],[28.26137,-26.902],[28.25413,-26.89555],[28.25139,-26.8926],[28.2516,-26.88946],[28.25011,-26.88795],[28.24428,-26.88478],[28.23879,-26.88165],[28.23471,-26.88205],[28.23307,-26.88583],[28.2283,-26.89181],[28.22731,-26.89723],[28.22834,-26.90338],[28.22981,-26.90659],[28.23217,-26.90929],[28.23702,-26.91186],[28.23945,-26.91391],[28.24026,-26.91636],[28.23742,-26.91798],[28.23266,-26.92191],[28.22943,-26.92347],[28.22586,-26.92369],[28.22361,-26.92201],[28.21917,-26.915],[28.21693,-26.9126],[28.21342,-26.91121],[28.2057,-26.91216],[28.20155,-26.91009],[28.19339,-26.89651],[28.19077,-26.8938],[28.18585,-26.89174],[28.1842,-26.88824],[28.18538,-26.88281],[28.18565,-26.87405],[28.18504,-26.87153],[28.17993,-26.86182],[28.17994,-26.85757],[28.17855,-26.85316],[28.17345,-26.84674],[28.16739,-26.84541],[28.16012,-26.84541],[28.15622,-26.84701],[28.15392,-26.84993],[28.15544,-26.85364],[28.15845,-26.85617],[28.16282,-26.86178],[28.16652,-26.86558],[28.16844,-26.86984],[28.17032,-26.87717],[28.17133,-26.88371],[28.17108,-26.8873],[28.16871,-26.89002],[28.16382,-26.89037],[28.15771,-26.88471],[28.15388,-26.88408],[28.15012,-26.88464],[28.14434,-26.88921],[28.13976,-26.88976],[28.13438,-26.88775],[28.13071,-26.88809],[28.12586,-26.89075],[28.12355,-26.89085],[28.11913,-26.88928],[28.11607,-26.88327],[28.11562,-26.87642],[28.11692,-26.87271],[28.12081,-26.86939],[28.12153,-26.86446],[28.12153,-26.85836],[28.12049,-26.85261],[28.11481,-26.84438],[28.11217,-26.84301],[28.10419,-26.84119],[28.09559,-26.84023],[28.08798,-26.83785],[28.08016,-26.83469],[28.07412,-26.83047],[28.07097,-26.82655],[28.06574,-26.82351],[28.06578,-26.82118],[28.05787,-26.81743],[28.05482,-26.81511],[28.0507,-26.81352],[28.04891,-26.80663],[28.04922,-26.80405],[28.04761,-26.80119],[28.04048,-26.7976],[28.03719,-26.79698],[28.03496,-26.79479],[28.02685,-26.79584],[28.02021,-26.79575],[28.01571,-26.79471],[28.01439,-26.79099],[28.01712,-26.78852],[28.02128,-26.78764],[28.02717,-26.78396],[28.02833,-26.78015],[28.02398,-26.77913],[28.0201,-26.7754],[28.00818,-26.77015],[28.00655,-26.76803],[28.00715,-26.76559],[28.00567,-26.75942],[28.00253,-26.75334],[28.00087,-26.74631],[27.99771,-26.7428],[27.99266,-26.73344],[27.99218,-26.72588],[27.99479,-26.71827],[27.9975,-26.7131],[28.00036,-26.70578],[28.00049,-26.70332],[27.99956,-26.69602],[27.99653,-26.69207],[27.9919,-26.68812],[27.98688,-26.68273],[27.98274,-26.68013],[27.9812,-26.67676],[27.97823,-26.67263],[27.97287,-26.66918],[27.96911,-26.66879],[27.96198,-26.67138],[27.95217,-26.67184],[27.9442,-26.67381],[27.94096,-26.6759],[27.93875,-26.67974],[27.93574,-26.68763],[27.93516,-26.69268],[27.92976,-26.69977],[27.92712,-26.70252],[27.92283,-26.70515],[27.91345,-26.70654],[27.90904,-26.70573],[27.90202,-26.70821],[27.89518,-26.70969],[27.89195,-26.71294],[27.89243,-26.7155],[27.89441,-26.71663],[27.89558,-26.71933],[27.89276,-26.72586],[27.88947,-26.72854],[27.88468,-26.73433],[27.88393,-26.73658],[27.88304,-26.74396],[27.88002,-26.74619],[27.87364,-26.74763],[27.87075,-26.74762],[27.867,-26.74634],[27.85965,-26.747],[27.85111,-26.7456],[27.84582,-26.74625],[27.83385,-26.75068],[27.82946,-26.75113],[27.82285,-26.74961],[27.80978,-26.7509],[27.7982,-26.74987],[27.79021,-26.74956],[27.7828,-26.75061],[27.77857,-26.7538],[27.7708,-26.75866],[27.76979,-26.75989],[27.76791,-26.76673],[27.76866,-26.77032],[27.76852,-26.77528],[27.76693,-26.78179],[27.76796,-26.78651],[27.77244,-26.79283],[27.77189,-26.79736],[27.76821,-26.79929],[27.76024,-26.79721],[27.75447,-26.791],[27.7498,-26.78804],[27.74766,-26.78589],[27.74731,-26.78215],[27.74329,-26.77295],[27.74149,-26.76997],[27.73785,-26.76809],[27.73522,-26.76477],[27.73204,-26.76236],[27.72521,-26.76027],[27.71905,-26.76179],[27.716306,-26.761677],[27.70606,-26.76366],[27.70169,-26.76398],[27.69289,-26.76325],[27.68903,-26.76181],[27.68672,-26.76232],[27.68412,-26.76512],[27.67733,-26.7704],[27.67296,-26.77261],[27.66621,-26.77356],[27.66137,-26.77319],[27.65721,-26.77081],[27.64308,-26.76848],[27.63903,-26.77097],[27.63277,-26.77205],[27.62973,-26.76972],[27.62846,-26.76685],[27.62868,-26.76396],[27.63186,-26.75914],[27.63579,-26.75131],[27.6324,-26.74596],[27.6324,-26.74397],[27.63461,-26.73903],[27.63341,-26.7337],[27.62952,-26.73235],[27.61622,-26.73279],[27.61049,-26.7326],[27.60946,-26.73344],[27.60897,-26.73857],[27.60672,-26.74127],[27.60263,-26.74102],[27.59968,-26.73999],[27.59668,-26.7373],[27.59418,-26.73704],[27.59043,-26.73836]]]},"properties":{"code":"056"}},{"type":"Feature","geometry":{"type":"Polygon","coordinates":[[[26.27494,-32.93698],[26.24991,-32.94383],[26.2418,-32.94493],[26.20639,-32.9504],[26.19587,-32.952175],[26.13567,-32.96017],[26.13401,-32.96595],[26.12148,-32.97115],[26.11103,-32.97584],[26.09613,-32.98309],[26.0935,-32.99376],[26.07124,-33.00973],[26.053565,-33.030655],[26.02434,-33.05273],[26.03532,-33.05869],[26.02907,-33.06888],[26.02153,-33.08193],[26.01857,-33.07709],[26.01528,-33.07573],[26.01267,-33.07758],[26.01072,-33.08139],[26.01044,-33.08466],[26.00902,-33.08775],[26.00563,-33.09045],[25.99965,-33.09022],[25.99581,-33.09213],[25.99186,-33.09901],[25.98892,-33.10006],[25.97526,-33.0966],[25.9729,-33.09735],[25.97066,-33.10265],[25.96725,-33.10684],[25.9652,-33.10729],[25.96258,-33.10997],[25.95075,-33.1619],[25.94819,-33.17266],[25.98195,-33.17964],[25.96878,-33.20043],[25.98338,-33.20446],[25.97084,-33.23293],[26.01649,-33.25041],[26.00831,-33.27797],[25.99573,-33.29593],[25.98794,-33.30661],[25.99991,-33.31395],[26.01738,-33.3242],[26.03837,-33.32787],[26.03886,-33.33244],[26.05053,-33.33573],[26.06319,-33.3331],[26.06136,-33.33912],[26.05081,-33.37062],[26.0474,-33.38124],[26.03665,-33.39487],[26.0423,-33.40251],[26.04006,-33.40395],[26.03834,-33.41087],[26.04171,-33.41426],[26.043,-33.41706],[26.04201,-33.41862],[26.03672,-33.42128],[26.03744,-33.42363],[26.04249,-33.42452],[26.0468,-33.42612],[26.05936,-33.42949],[26.06179,-33.43279],[26.05921,-33.43594],[26.05438,-33.43866],[26.04996,-33.44197],[26.04847,-33.44426],[26.05268,-33.44565],[26.04951,-33.45209],[26.05313,-33.45279],[26.05242,-33.46],[26.05398,-33.45996],[26.05127,-33.47476],[26.05586,-33.47537],[26.05774,-33.47712],[26.06015,-33.4767],[26.0628,-33.48106],[26.08423,-33.4755],[26.09109,-33.48689],[26.09542,-33.48407],[26.12366,-33.47932],[26.13205,-33.48162],[26.12923,-33.48819],[26.12555,-33.49275],[26.12029,-33.50742],[26.109715,-33.53468],[26.10818,-33.53609],[26.1082,-33.54017],[26.10928,-33.5413],[26.11688,-33.54242],[26.11954,-33.5422],[26.12316,-33.54027],[26.1245,-33.53701],[26.12827,-33.53728],[26.13178,-33.53523],[26.1335,-33.53223],[26.138397,-33.531493],[26.15996,-33.52957],[26.16666,-33.51307],[26.2034,-33.52432],[26.21231,-33.52724],[26.213115,-33.52382],[26.23108,-33.5294],[26.23168,-33.52874],[26.21926,-33.522],[26.23068,-33.5175],[26.2451,-33.5028],[26.25798,-33.51195],[26.2635,-33.52024],[26.2785,-33.51976],[26.30132,-33.5185],[26.30129,-33.51728],[26.329531,-33.527569],[26.34115,-33.53761],[26.37274,-33.55522],[26.36925,-33.55944],[26.38072,-33.56256],[26.37669,-33.59182],[26.3755,-33.60232],[26.3497,-33.60501],[26.34858,-33.60388],[26.34399,-33.61026],[26.35207,-33.61102],[26.33185,-33.63316],[26.33516,-33.63351],[26.33943,-33.6365],[26.33941,-33.63851],[26.34497,-33.64393],[26.3511,-33.64307],[26.35559,-33.6439],[26.35974,-33.64327],[26.34595,-33.684755],[26.35011,-33.68388],[26.34776,-33.68984],[26.38825,-33.70709],[26.43997,-33.69994],[26.44022,-33.6991],[26.46152,-33.7052],[26.45933,-33.71548],[26.46402,-33.73154],[26.46352,-33.74388],[26.46556,-33.74433],[26.46488,-33.75419],[26.46287,-33.75659],[26.49085,-33.75403],[26.50918,-33.7519],[26.52808,-33.75033],[26.53005,-33.75415],[26.5376,-33.75269],[26.54014,-33.75313],[26.55102,-33.74994],[26.5586,-33.74819],[26.55964,-33.7462],[26.56791,-33.74236],[26.57267,-33.73941],[26.57829,-33.73322],[26.58624,-33.72798],[26.58968,-33.72482],[26.60001,-33.72098],[26.6096,-33.72008],[26.62061,-33.71826],[26.6218,-33.71984],[26.62592,-33.71908],[26.62819,-33.71677],[26.62925,-33.71307],[26.63178,-33.71013],[26.63637,-33.70943],[26.63971,-33.70807],[26.64132,-33.70512],[26.64921,-33.69915],[26.65466,-33.6971],[26.65993,-33.69626],[26.66263,-33.69455],[26.66658,-33.69662],[26.67319,-33.69268],[26.68452,-33.68302],[26.69023,-33.68239],[26.6933,-33.68113],[26.69581,-33.68226],[26.70016,-33.67947],[26.69991,-33.67726],[26.70458,-33.67189],[26.71144,-33.66886],[26.72226,-33.66603],[26.73232,-33.66034],[26.73552,-33.65593],[26.74188,-33.65313],[26.75173,-33.65001],[26.75976,-33.64866],[26.76661,-33.64627],[26.77764,-33.64459],[26.78121,-33.64492],[26.78587,-33.64244],[26.79514,-33.64079],[26.80701,-33.63699],[26.81067,-33.63627],[26.82557,-33.63218],[26.84298,-33.63105],[26.85094,-33.62932],[26.85579,-33.62723],[26.86671,-33.62633],[26.87303,-33.62212],[26.87502,-33.62215],[26.87925,-33.6195],[26.88003,-33.6172],[26.88407,-33.61495],[26.8895,-33.61425],[26.8913,-33.6094],[26.89881,-33.60603],[26.90252,-33.60291],[26.9045,-33.59925],[26.91045,-33.59777],[26.91601,-33.59576],[26.91877,-33.59552],[26.9292,-33.58553],[26.93412,-33.58383],[26.93632,-33.582],[26.94847,-33.57812],[26.95629,-33.5777],[26.95968,-33.57558],[26.96629,-33.57466],[26.96907,-33.5734],[26.97249,-33.5733],[26.9819,-33.57149],[26.98609,-33.57109],[27.00183,-33.57114],[27.0084,-33.57059],[27.00891,-33.56739],[27.01052,-33.56527],[27.01541,-33.5619],[27.02306,-33.55929],[27.03064,-33.55763],[27.03299,-33.55624],[27.04323,-33.55355],[27.04167,-33.55102],[27.04182,-33.54767],[27.04521,-33.54359],[27.04922,-33.54077],[27.05855,-33.53628],[27.06791,-33.53294],[27.07737,-33.53208],[27.08113,-33.53018],[27.08852,-33.52929],[27.09152,-33.52744],[27.09431,-33.52766],[27.10008,-33.52638],[27.11097,-33.52534],[27.11473,-33.5227],[27.11602,-33.51824],[27.12023,-33.51593],[27.12428,-33.50903],[27.13012,-33.5049],[27.13314,-33.5053],[27.13556,-33.50376],[27.13273,-33.50096],[27.1356,-33.49633],[27.1346,-33.49351],[27.11641,-33.48439],[27.10746,-33.48075],[27.09826,-33.47629],[27.09191,-33.47547],[27.08246,-33.47096],[27.07905,-33.47047],[27.07661,-33.46859],[27.07269,-33.46363],[27.06946,-33.4574],[27.07009,-33.45319],[27.06954,-33.44553],[27.0688,-33.444],[27.05576,-33.43732],[27.0543,-33.43169],[27.05018,-33.42757],[27.04963,-33.42199],[27.04611,-33.41882],[27.0434,-33.41187],[27.03997,-33.40953],[27.03717,-33.40648],[27.03551,-33.40282],[27.02662,-33.40116],[27.02069,-33.3955],[27.01986,-33.3903],[27.01691,-33.38039],[27.01567,-33.37839],[27.00898,-33.3732],[27.00605,-33.3684],[27.00178,-33.36511],[26.99406,-33.36072],[26.99205,-33.36063],[26.98526,-33.3562],[26.98243,-33.35038],[26.98364,-33.34274],[26.98831,-33.33829],[26.99252,-33.33723],[26.99622,-33.33252],[26.99856,-33.33072],[26.99931,-33.32692],[27.00101,-33.32525],[27.00289,-33.31799],[26.99869,-33.31654],[27.0014,-33.3076],[27.00376,-33.30203],[27.00264,-33.29685],[27.00333,-33.29512],[27.00071,-33.28659],[26.99754,-33.28083],[26.98906,-33.27212],[26.98316,-33.26849],[26.97894,-33.26791],[26.96895,-33.26766],[26.96909,-33.26448],[26.97117,-33.25852],[26.97349,-33.25613],[26.98143,-33.25383],[26.98682,-33.25447],[26.98988,-33.25932],[26.99397,-33.26212],[26.99758,-33.26322],[27.00332,-33.26361],[27.00557,-33.26261],[27.00845,-33.25684],[27.00898,-33.25347],[27.00824,-33.25049],[27.00588,-33.24763],[26.99957,-33.24162],[26.99408,-33.23717],[26.99052,-33.23498],[26.98466,-33.23299],[26.98007,-33.23331],[26.97496,-33.23641],[26.96689,-33.23807],[26.96221,-33.23774],[26.95906,-33.23522],[26.96012,-33.23027],[26.96592,-33.22579],[26.97701,-33.22276],[26.97906,-33.22022],[26.97686,-33.21535],[26.97383,-33.21071],[26.96256,-33.20239],[26.96106,-33.19973],[26.96138,-33.19479],[26.95814,-33.19297],[26.95689,-33.19099],[26.95703,-33.18758],[26.95586,-33.18354],[26.95297,-33.17851],[26.95596,-33.17461],[26.95996,-33.17288],[26.95512,-33.16901],[26.95205,-33.16843],[26.94427,-33.16548],[26.93904,-33.1648],[26.92718,-33.16466],[26.92464,-33.16505],[26.92154,-33.16935],[26.92339,-33.17549],[26.92337,-33.18145],[26.92557,-33.18689],[26.92128,-33.18996],[26.92469,-33.1914],[26.92787,-33.19496],[26.92527,-33.19807],[26.91753,-33.20154],[26.91244,-33.201],[26.91042,-33.20238],[26.90396,-33.20187],[26.8986,-33.19808],[26.8958,-33.19173],[26.89894,-33.18864],[26.89908,-33.18207],[26.89689,-33.18127],[26.89085,-33.1771],[26.89306,-33.17365],[26.89592,-33.17249],[26.89371,-33.17019],[26.88516,-33.16926],[26.87816,-33.17091],[26.87677,-33.17301],[26.8796,-33.17457],[26.88027,-33.17718],[26.87813,-33.18086],[26.87945,-33.18678],[26.87925,-33.19068],[26.87696,-33.19232],[26.8728,-33.19313],[26.87059,-33.19832],[26.87376,-33.19989],[26.87258,-33.20318],[26.86419,-33.20695],[26.86197,-33.20661],[26.85569,-33.20766],[26.84331,-33.20504],[26.84269,-33.20206],[26.83983,-33.19933],[26.83997,-33.1949],[26.84415,-33.19436],[26.84955,-33.19228],[26.85455,-33.19272],[26.86122,-33.18849],[26.86145,-33.18659],[26.86584,-33.18324],[26.86387,-33.17853],[26.86184,-33.17768],[26.8577,-33.17925],[26.85315,-33.17784],[26.84953,-33.17864],[26.84481,-33.17813],[26.83956,-33.1761],[26.83746,-33.17422],[26.83935,-33.17028],[26.83955,-33.16619],[26.8376,-33.15508],[26.83371,-33.15578],[26.82863,-33.14935],[26.82697,-33.14354],[26.82344,-33.13806],[26.82358,-33.13462],[26.82051,-33.12918],[26.82346,-33.12674],[26.82436,-33.12387],[26.82734,-33.12295],[26.83251,-33.12304],[26.83472,-33.1214],[26.83768,-33.12199],[26.8408,-33.12573],[26.83975,-33.1286],[26.84356,-33.13169],[26.84718,-33.13184],[26.85264,-33.12624],[26.85274,-33.12129],[26.85623,-33.11492],[26.85804,-33.10197],[26.8616,-33.09565],[26.86632,-33.0898],[26.86885,-33.08914],[26.87529,-33.08151],[26.87726,-33.07513],[26.87692,-33.06556],[26.87371,-33.05367],[26.86973,-33.04876],[26.86634,-33.04563],[26.86206,-33.04444],[26.85886,-33.04624],[26.85671,-33.04959],[26.85536,-33.05873],[26.85523,-33.06378],[26.85641,-33.06655],[26.85677,-33.07127],[26.85461,-33.07636],[26.85221,-33.07845],[26.84479,-33.081],[26.8391,-33.08118],[26.83722,-33.07975],[26.83246,-33.07375],[26.83046,-33.06997],[26.82881,-33.06948],[26.82743,-33.06513],[26.8256,-33.05497],[26.82648,-33.04663],[26.8255,-33.03947],[26.82066,-33.03656],[26.81303,-33.03597],[26.80945,-33.0408],[26.80801,-33.04598],[26.80441,-33.05334],[26.79733,-33.06281],[26.79486,-33.06738],[26.79076,-33.07328],[26.78747,-33.0816],[26.78374,-33.0865],[26.77914,-33.08887],[26.77547,-33.08845],[26.77155,-33.08411],[26.77189,-33.07832],[26.78002,-33.06874],[26.7857,-33.06305],[26.79329,-33.05356],[26.79313,-33.05145],[26.79573,-33.04663],[26.79691,-33.04019],[26.79522,-33.03279],[26.79487,-33.0263],[26.79871,-33.01845],[26.80168,-33.00771],[26.80248,-33.00092],[26.80115,-32.99429],[26.79839,-32.99118],[26.79322,-32.99011],[26.78968,-32.99072],[26.78581,-32.99292],[26.78478,-32.9967],[26.78407,-33.00282],[26.784,-33.01036],[26.78285,-33.01568],[26.78427,-33.01794],[26.78427,-33.02661],[26.78255,-33.03075],[26.77941,-33.03456],[26.77553,-33.03626],[26.77163,-33.03606],[26.76517,-33.03297],[26.75827,-33.03026],[26.75383,-33.02952],[26.7482,-33.03094],[26.74709,-33.03358],[26.74714,-33.03801],[26.74546,-33.04121],[26.74489,-33.04577],[26.74165,-33.05122],[26.73649,-33.05559],[26.73213,-33.05673],[26.72778,-33.05552],[26.7236,-33.05281],[26.72327,-33.05028],[26.72041,-33.04451],[26.71766,-33.0412],[26.71394,-33.04041],[26.70896,-33.04278],[26.70312,-33.05082],[26.69999,-33.05359],[26.6969,-33.05499],[26.69057,-33.05643],[26.68471,-33.0526],[26.68032,-33.04737],[26.67806,-33.043],[26.67685,-33.03835],[26.67114,-33.03173],[26.667,-33.02966],[26.66276,-33.02936],[26.66111,-33.03109],[26.65951,-33.03641],[26.65826,-33.04322],[26.6553,-33.04636],[26.65205,-33.04846],[26.64193,-33.05029],[26.63688,-33.0491],[26.63512,-33.04577],[26.63922,-33.03621],[26.64097,-33.03307],[26.64019,-33.03069],[26.63017,-33.02596],[26.62781,-33.02367],[26.62668,-33.01959],[26.62868,-33.01515],[26.62984,-33.01039],[26.63011,-33.00433],[26.62676,-32.99885],[26.62288,-32.997],[26.61526,-32.9982],[26.61132,-33.00501],[26.60806,-33.00922],[26.60229,-33.01214],[26.60019,-33.01252],[26.59441,-33.01585],[26.58764,-33.01755],[26.58572,-33.01668],[26.58277,-33.01187],[26.58304,-33.00966],[26.58687,-33.00508],[26.59057,-33.0021],[26.59309,-32.99898],[26.59557,-32.99306],[26.59572,-32.98756],[26.59474,-32.97858],[26.59196,-32.97001],[26.5921,-32.96428],[26.59118,-32.96092],[26.58849,-32.95814],[26.58546,-32.95791],[26.58006,-32.96211],[26.57828,-32.96837],[26.57912,-32.97458],[26.57869,-32.9799],[26.57729,-32.98438],[26.57401,-32.9887],[26.5676,-32.99144],[26.56416,-32.99104],[26.55781,-32.98713],[26.55661,-32.98523],[26.55198,-32.98096],[26.54686,-32.9791],[26.5415,-32.97905],[26.53614,-32.981],[26.53134,-32.98566],[26.5289,-32.98935],[26.52488,-32.99142],[26.52069,-32.99226],[26.51606,-32.9886],[26.51583,-32.98588],[26.51693,-32.9802],[26.52325,-32.97068],[26.52339,-32.96087],[26.52175,-32.96005],[26.52033,-32.95656],[26.52013,-32.9533],[26.51841,-32.94677],[26.5128,-32.94262],[26.5055,-32.94371],[26.50211,-32.94636],[26.49746,-32.9488],[26.4943,-32.95402],[26.49434,-32.96008],[26.49352,-32.96469],[26.49542,-32.96774],[26.4964,-32.97237],[26.49467,-32.97859],[26.4913,-32.98115],[26.485,-32.98182],[26.48066,-32.97952],[26.47732,-32.97654],[26.47518,-32.97617],[26.47223,-32.97248],[26.46997,-32.96771],[26.4699,-32.96192],[26.47063,-32.96005],[26.47047,-32.95509],[26.46819,-32.95115],[26.46491,-32.95013],[26.46289,-32.95239],[26.46238,-32.95701],[26.46336,-32.95956],[26.46224,-32.9622],[26.45892,-32.96407],[26.455,-32.96444],[26.45134,-32.96168],[26.44691,-32.94832],[26.44465,-32.94605],[26.43955,-32.9444],[26.43634,-32.94746],[26.41722,-32.95758],[26.388072,-32.973389],[26.36266,-32.96354],[26.35863,-32.93447],[26.32161,-32.93522],[26.29896,-32.93213],[26.27494,-32.93698]]]},"properties":{"code":"046"}},{"type":"Feature","geometry":{"type":"Polygon","coordinates":[[[27.70346,-28.04039],[27.6851,-28.04637],[27.65497,-28.05993],[27.68901,-28.09616],[27.69322,-28.12399],[27.65376,-28.12659],[27.66109,-28.14748],[27.66223,-28.1617],[27.65848,-28.16095],[27.65642,-28.16161],[27.66167,-28.18618],[27.65985,-28.18412],[27.64576,-28.19215],[27.62768,-28.17113],[27.60981,-28.17317],[27.59629,-28.17599],[27.59855,-28.18288],[27.6053,-28.20545],[27.6105,-28.23866],[27.61116,-28.24146],[27.61689,-28.25115],[27.60501,-28.26637],[27.59578,-28.25949],[27.58902,-28.26566],[27.56951,-28.28424],[27.56962,-28.28253],[27.54416,-28.27307],[27.54057,-28.27224],[27.52717,-28.26697],[27.51074,-28.27435],[27.50476,-28.27081],[27.50309,-28.24909],[27.48323,-28.24877],[27.48115,-28.27178],[27.47008,-28.27321],[27.47085,-28.26664],[27.46948,-28.26347],[27.46078,-28.26473],[27.46157,-28.26054],[27.45643,-28.24801],[27.44969,-28.24781],[27.44519,-28.2387],[27.39081,-28.23949],[27.38787,-28.21408],[27.34387,-28.22674],[27.32624,-28.22646],[27.32453,-28.23631],[27.31965,-28.26848],[27.30577,-28.26271],[27.27683,-28.28278],[27.275418,-28.306154],[27.276147,-28.307538],[27.27348,-28.322436],[27.265909,-28.377005],[27.278497,-28.420727],[27.283705,-28.439596],[27.28897,-28.457538],[27.263399,-28.473008],[27.262157,-28.479834],[27.246306,-28.491172],[27.25055,-28.493655],[27.271187,-28.509725],[27.258751,-28.520653],[27.254788,-28.531962],[27.23178,-28.572429],[27.224766,-28.572065],[27.212928,-28.574166],[27.212212,-28.577988],[27.20874,-28.59692],[27.21895,-28.59924],[27.21402,-28.61577],[27.1929,-28.62471],[27.21271,-28.62649],[27.19008,-28.66764],[27.20261,-28.67623],[27.19257,-28.69769],[27.20869,-28.70562],[27.19664,-28.73352],[27.198455,-28.734205],[27.17024,-28.75973],[27.1768,-28.76574],[27.1749,-28.76732],[27.17822,-28.77372],[27.1805,-28.77518],[27.18632,-28.77537],[27.1917,-28.77961],[27.19897,-28.77942],[27.20065,-28.78171],[27.20991,-28.77186],[27.21457,-28.77423],[27.186305,-28.805263],[27.18642,-28.80193],[27.18375,-28.80116],[27.1831,-28.79926],[27.17958,-28.79749],[27.1786,-28.7924],[27.17489,-28.79044],[27.17451,-28.78786],[27.17196,-28.78709],[27.17001,-28.78185],[27.16664,-28.78124],[27.16477,-28.77904],[27.16046,-28.77962],[27.15859,-28.77317],[27.15697,-28.77179],[27.1581,-28.76919],[27.1557,-28.76731],[27.15619,-28.76508],[27.15281,-28.76324],[27.15174,-28.76021],[27.15217,-28.7566],[27.15495,-28.75229],[27.15389,-28.74758],[27.15655,-28.74659],[27.15712,-28.74319],[27.15452,-28.74203],[27.15662,-28.73417],[27.15112,-28.73112],[27.15045,-28.72765],[27.14883,-28.72591],[27.1314,-28.74363],[27.10744,-28.7683],[27.09991,-28.75674],[27.07764,-28.76773],[27.06179,-28.76151],[27.04627,-28.76991],[27.04193,-28.76265],[27.0333,-28.76067],[27.03024,-28.75618],[27.02968,-28.74389],[27.00905,-28.74608],[26.99774,-28.74816],[26.97538,-28.75182],[26.9728,-28.74599],[26.96503,-28.74629],[26.96346,-28.74802],[26.94699,-28.75026],[26.94702,-28.74819],[26.93049,-28.75642],[26.92371,-28.75911],[26.91065,-28.7622],[26.91109,-28.76833],[26.89683,-28.79823],[26.88036,-28.82848],[26.85373,-28.88628],[26.81813,-28.92714],[26.79471,-28.9544],[26.75269,-29.00305],[26.75673,-29.00614],[26.77762,-29.01342],[26.77902,-29.01582],[26.7512,-29.03869],[26.75136,-29.05322],[26.74261,-29.05527],[26.73706,-29.05847],[26.73922,-29.0619],[26.7272,-29.07381],[26.72767,-29.07881],[26.72525,-29.0809],[26.72179,-29.08197],[26.71796,-29.09024],[26.70788,-29.08723],[26.71639,-29.07238],[26.69336,-29.06565],[26.6665,-29.08928],[26.66066,-29.07669],[26.64258,-29.068525],[26.63726,-29.05845],[26.63434,-29.05965],[26.61761,-29.00624],[26.60502,-29.00781],[26.58806,-28.9893],[26.5843,-28.98835],[26.57988,-28.98417],[26.57508,-28.98595],[26.56513,-28.98524],[26.56695,-28.96808],[26.54792,-28.97552],[26.54691,-28.98273],[26.52492,-29.00125],[26.51735,-28.98312],[26.51442,-28.98181],[26.51408,-28.97901],[26.51127,-28.98039],[26.50906,-28.97926],[26.50579,-28.97961],[26.50307,-28.97643],[26.50036,-28.97542],[26.49627,-28.97245],[26.48605,-28.96163],[26.47193,-28.94803],[26.43464,-28.96328],[26.43091,-28.99098],[26.40306,-28.989195],[26.4015,-28.98578],[26.39806,-28.98605],[26.39638,-28.98414],[26.39711,-28.98106],[26.3961,-28.97958],[26.39262,-28.97946],[26.38999,-28.97811],[26.38336,-28.97746],[26.37913,-28.97323],[26.37836,-28.9705],[26.37539,-28.96824],[26.36618,-28.9625],[26.36168,-28.96385],[26.35611,-28.96011],[26.35324,-28.95966],[26.35715,-28.95442],[26.36573,-28.94191],[26.36199,-28.941],[26.36203,-28.9194],[26.33498,-28.90117],[26.30323,-28.94191],[26.29744,-28.94183],[26.29416,-28.93994],[26.29189,-28.93715],[26.28955,-28.93871],[26.28446,-28.94024],[26.28067,-28.94037],[26.27055,-28.93488],[26.26281,-28.92954],[26.26164,-28.92638],[26.26377,-28.92393],[26.26723,-28.91719],[26.26768,-28.9145],[26.26374,-28.91393],[26.26167,-28.91241],[26.25788,-28.90762],[26.25469,-28.90673],[26.25527,-28.90181],[26.25021,-28.89869],[26.24967,-28.89702],[26.24103,-28.88718],[26.23382,-28.8809],[26.23007,-28.88257],[26.2257,-28.8803],[26.22505,-28.8789],[26.22572,-28.87242],[26.2227,-28.87155],[26.21793,-28.87316],[26.21427,-28.87122],[26.20954,-28.86976],[26.20679,-28.86765],[26.20748,-28.86244],[26.20002,-28.86251],[26.19888,-28.86082],[26.2015,-28.8585],[26.20133,-28.85631],[26.19465,-28.8541],[26.19195,-28.85159],[26.192,-28.84988],[26.19452,-28.84743],[26.19557,-28.84417],[26.19318,-28.84295],[26.18774,-28.84613],[26.18566,-28.85227],[26.18206,-28.85244],[26.17854,-28.85368],[26.17642,-28.84572],[26.17428,-28.8448],[26.17291,-28.85297],[26.16765,-28.85455],[26.16528,-28.85457],[26.16362,-28.85262],[26.16389,-28.84807],[26.16184,-28.84597],[26.15891,-28.84583],[26.15805,-28.84893],[26.15535,-28.84988],[26.15518,-28.8399],[26.15296,-28.83307],[26.15262,-28.82818],[26.14792,-28.82444],[26.1413,-28.82424],[26.14071,-28.8228],[26.14977,-28.81594],[26.14964,-28.8115],[26.14699,-28.80978],[26.14398,-28.81075],[26.13934,-28.81057],[26.13399,-28.81434],[26.12802,-28.81586],[26.12692,-28.81403],[26.12824,-28.8111],[26.12604,-28.80619],[26.12356,-28.80532],[26.1126,-28.80714],[26.1073,-28.80687],[26.10648,-28.80522],[26.10332,-28.80386],[26.09883,-28.80398],[26.09554,-28.80538],[26.09566,-28.8091],[26.092669,-28.813734],[26.087641,-28.799324],[26.079612,-28.782251],[26.098313,-28.77762],[26.099927,-28.768368],[26.14888,-28.760731],[26.114473,-28.712649],[26.098376,-28.665059],[26.077066,-28.66565],[26.075764,-28.650978],[26.038738,-28.651184],[26.043889,-28.666579],[26.04254,-28.666616],[26.028825,-28.688896],[26.013066,-28.715056],[26.033054,-28.740775],[26.031402,-28.741436],[26.039083,-28.752859],[26.039659,-28.756324],[26.033832,-28.755468],[26.034425,-28.765375],[26.031121,-28.764375],[26.029542,-28.772901],[26.026299,-28.77246],[26.025937,-28.777296],[26.024931,-28.779686],[26.019114,-28.779861],[26.020259,-28.783002],[26.019551,-28.788707],[26.020033,-28.799857],[25.979625,-28.803649],[25.97688,-28.804929],[25.92654,-28.82653],[25.92096,-28.80993],[25.9322,-28.7885],[25.9463,-28.76196],[25.94268,-28.76013],[25.93078,-28.77113],[25.912,-28.7615],[25.90793,-28.77402],[25.87867,-28.76006],[25.87452,-28.7663],[25.87028,-28.78415],[25.86442,-28.78118],[25.85413,-28.81567],[25.85631,-28.86763],[25.84449,-28.86445],[25.83988,-28.86273],[25.80887,-28.85352],[25.80473,-28.89298],[25.80315,-28.89374],[25.79784,-28.88728],[25.79489,-28.88709],[25.78599,-28.89406],[25.78036,-28.89526],[25.77285,-28.89387],[25.76813,-28.89494],[25.76587,-28.90301],[25.76321,-28.90431],[25.75694,-28.89937],[25.75194,-28.89898],[25.75078,-28.90253],[25.75161,-28.9048],[25.7485,-28.90752],[25.74526,-28.9064],[25.73745,-28.96081],[25.7472,-28.97794],[25.71936,-29.00629],[25.76092,-29.0258],[25.73134,-29.07702],[25.73943,-29.08072],[25.73389,-29.09342],[25.73256,-29.10208],[25.73423,-29.10983],[25.73436,-29.11387],[25.76237,-29.11673],[25.75518,-29.13421],[25.73466,-29.14123],[25.77162,-29.16916],[25.74431,-29.17692],[25.7397,-29.1881],[25.74327,-29.19211],[25.74115,-29.19347],[25.74124,-29.22604],[25.75983,-29.22641],[25.78235,-29.22421],[25.80122,-29.23287],[25.79173,-29.25671],[25.80762,-29.26014],[25.8415,-29.23228],[25.84557,-29.2355],[25.85993,-29.26027],[25.86359,-29.25209],[25.90554,-29.25431],[25.91319,-29.28584],[25.91175,-29.29988],[25.91485,-29.30608],[25.94341,-29.29677],[25.96623,-29.29273],[25.97838,-29.28388],[25.97981,-29.2847],[25.99264,-29.27311],[26.0045,-29.31026],[26.0112,-29.31085],[26.02351,-29.33932],[26.01412,-29.34674],[25.99883,-29.35821],[25.95942,-29.36546],[25.966,-29.39112],[25.9724,-29.39017],[25.97942,-29.40164],[26.032305,-29.417095],[26.03481,-29.44467],[26.04106,-29.44441],[26.04023,-29.4418],[26.04091,-29.437495],[26.05561,-29.44168],[26.05999,-29.44218],[26.07777,-29.47969],[26.09088,-29.47668],[26.09358,-29.47856],[26.09187,-29.46453],[26.10697,-29.47039],[26.10746,-29.4755],[26.13036,-29.47408],[26.13538,-29.47727],[26.14224,-29.4565],[26.16344,-29.46778],[26.17842,-29.47062],[26.22419,-29.47958],[26.24758,-29.49262],[26.25022,-29.49369],[26.24368,-29.50167],[26.25902,-29.50892],[26.25536,-29.51374],[26.27527,-29.52268],[26.2841,-29.52507],[26.27249,-29.54098],[26.28262,-29.53853],[26.28464,-29.5721],[26.28531,-29.59819],[26.33752,-29.60963],[26.34015,-29.6089],[26.35996,-29.61413],[26.36415,-29.61259],[26.38226,-29.61614],[26.38106,-29.62064],[26.41178,-29.6503],[26.42431,-29.66122],[26.423635,-29.694227],[26.411084,-29.694213],[26.39857,-29.70099],[26.39222,-29.72266],[26.39397,-29.7227],[26.38681,-29.74059],[26.38283,-29.74209],[26.38137,-29.74144],[26.37521,-29.74639],[26.37044,-29.74708],[26.36695,-29.74977],[26.36425,-29.75572],[26.36036,-29.75639],[26.35778,-29.75806],[26.34906,-29.76051],[26.3378,-29.77591],[26.32905,-29.77542],[26.31071,-29.77843],[26.3106,-29.7807],[26.30647,-29.78566],[26.30949,-29.79027],[26.31353,-29.79071],[26.31622,-29.79323],[26.31565,-29.80071],[26.29259,-29.81701],[26.25032,-29.83437],[26.24183,-29.82219],[26.22945,-29.82146],[26.22614,-29.82044],[26.195589,-29.839425],[26.19647,-29.84719],[26.1855,-29.85309],[26.18656,-29.85442],[26.18715,-29.85954],[26.19764,-29.85753],[26.22384,-29.86652],[26.23682,-29.8723],[26.25246,-29.87957],[26.24944,-29.88133],[26.24739,-29.88554],[26.24974,-29.88723],[26.24446,-29.8881],[26.24266,-29.8892],[26.24222,-29.89188],[26.23886,-29.89408],[26.23875,-29.90009],[26.23702,-29.90802],[26.23391,-29.90874],[26.23024,-29.91451],[26.22231,-29.91827],[26.21531,-29.91986],[26.21197,-29.92446],[26.20778,-29.92524],[26.20354,-29.92699],[26.20186,-29.92953],[26.19882,-29.92801],[26.19141,-29.93884],[26.20346,-29.95009],[26.20902,-29.95492],[26.20827,-29.9603],[26.21221,-29.96263],[26.21931,-29.97131],[26.22995,-29.97129],[26.23599,-29.98361],[26.2439,-30.00254],[26.25267,-30.0162],[26.25414,-30.02574],[26.2602,-30.03568],[26.25554,-30.04453],[26.25914,-30.04469],[26.25487,-30.05754],[26.25661,-30.0581],[26.24596,-30.07451],[26.24208,-30.07591],[26.24219,-30.07864],[26.23742,-30.08202],[26.23286,-30.08293],[26.22906,-30.0864],[26.22504,-30.08041],[26.21767,-30.08709],[26.21279,-30.09007],[26.20313,-30.0863],[26.20072,-30.09028],[26.19705,-30.09172],[26.19573,-30.09476],[26.19386,-30.09567],[26.18714,-30.10089],[26.18605,-30.1085],[26.17836,-30.11467],[26.16513,-30.12694],[26.15869,-30.13364],[26.15516,-30.13639],[26.15067,-30.14167],[26.14948,-30.14442],[26.14939,-30.14774],[26.14653,-30.14845],[26.14459,-30.15031],[26.15813,-30.15342],[26.15257,-30.16005],[26.1448,-30.16632],[26.141251,-30.175237],[26.14799,-30.17926],[26.15947,-30.21188],[26.1661,-30.24502],[26.16676,-30.25859],[26.16712,-30.27232],[26.15388,-30.27571],[26.15799,-30.27911],[26.15375,-30.28757],[26.1518,-30.2963],[26.14445,-30.30183],[26.14436,-30.30651],[26.14299,-30.30785],[26.15335,-30.32],[26.16497,-30.3261],[26.18304,-30.32956],[26.18156,-30.33382],[26.20216,-30.33488],[26.21442,-30.34338],[26.22324,-30.36549],[26.24058,-30.3711],[26.25497,-30.38723],[26.25872,-30.4209],[26.25903,-30.42642],[26.26032,-30.42849],[26.26693,-30.43421],[26.27139,-30.43676],[26.277,-30.4373],[26.27711,-30.43961],[26.2789,-30.4446],[26.27774,-30.45229],[26.27909,-30.45349],[26.28524,-30.45396],[26.28701,-30.45638],[26.29475,-30.47516],[26.31032,-30.48923],[26.32357,-30.50243],[26.30018,-30.53968],[26.28573,-30.55024],[26.28447,-30.55181],[26.28061,-30.57836],[26.28044,-30.58138],[26.27765,-30.58368],[26.27678,-30.58662],[26.28054,-30.58978],[26.28908,-30.59188],[26.29423,-30.591],[26.29915,-30.58906],[26.30399,-30.58625],[26.31381,-30.58263],[26.32015,-30.58327],[26.33088,-30.58851],[26.34404,-30.59365],[26.34891,-30.59497],[26.35682,-30.59484],[26.36164,-30.59283],[26.36784,-30.58496],[26.37226,-30.58162],[26.37783,-30.5809],[26.38736,-30.5819],[26.39206,-30.58046],[26.39634,-30.57717],[26.39973,-30.57308],[26.40501,-30.56996],[26.41178,-30.56838],[26.41793,-30.56635],[26.42518,-30.56524],[26.43658,-30.5667],[26.44242,-30.56851],[26.4469,-30.56876],[26.45274,-30.57124],[26.4606,-30.57827],[26.46934,-30.58279],[26.47886,-30.58928],[26.48156,-30.59056],[26.48645,-30.59123],[26.48899,-30.59313],[26.49023,-30.59601],[26.49004,-30.59998],[26.48696,-30.60651],[26.48569,-30.61308],[26.48154,-30.61873],[26.48055,-30.62451],[26.48123,-30.62763],[26.48336,-30.62964],[26.48669,-30.63061],[26.49048,-30.62982],[26.50078,-30.63079],[26.50482,-30.63205],[26.50896,-30.63515],[26.52169,-30.6402],[26.52827,-30.64521],[26.54047,-30.65292],[26.5478,-30.65863],[26.55116,-30.66181],[26.55788,-30.66407],[26.56892,-30.66609],[26.57521,-30.66676],[26.58239,-30.66562],[26.59093,-30.66264],[26.59586,-30.66283],[26.59984,-30.6638],[26.60803,-30.66403],[26.62096,-30.6628],[26.62612,-30.66144],[26.63095,-30.66307],[26.63304,-30.66622],[26.63641,-30.67354],[26.63284,-30.67599],[26.62855,-30.67767],[26.62654,-30.67945],[26.6249,-30.68317],[26.62506,-30.69003],[26.62612,-30.69242],[26.62945,-30.69388],[26.63798,-30.69383],[26.65072,-30.69147],[26.65346,-30.69011],[26.66112,-30.68497],[26.66443,-30.67812],[26.67029,-30.66999],[26.67532,-30.66752],[26.67722,-30.66809],[26.68067,-30.67845],[26.68425,-30.68477],[26.6863,-30.68634],[26.69293,-30.68792],[26.69966,-30.68789],[26.70656,-30.68568],[26.70914,-30.68396],[26.71594,-30.6772],[26.7203,-30.67212],[26.72282,-30.66816],[26.7257,-30.66639],[26.73291,-30.66493],[26.73851,-30.66465],[26.74664,-30.66563],[26.74974,-30.66647],[26.75279,-30.66565],[26.76266,-30.65765],[26.76847,-30.65571],[26.77508,-30.64896],[26.78556,-30.64505],[26.79234,-30.64304],[26.79896,-30.64049],[26.80527,-30.63937],[26.81015,-30.64045],[26.81414,-30.64267],[26.82016,-30.64889],[26.82537,-30.65508],[26.82828,-30.65961],[26.83622,-30.66784],[26.83831,-30.66895],[26.8411,-30.67369],[26.84288,-30.68073],[26.84426,-30.68259],[26.84768,-30.68387],[26.85431,-30.68476],[26.86356,-30.68413],[26.86693,-30.68338],[26.87347,-30.68085],[26.87677,-30.67685],[26.87729,-30.67368],[26.87575,-30.66669],[26.87666,-30.66151],[26.87874,-30.65961],[26.88429,-30.65906],[26.88763,-30.66011],[26.89192,-30.66399],[26.89681,-30.66739],[26.90334,-30.6689],[26.90764,-30.66806],[26.91206,-30.66596],[26.92207,-30.66495],[26.92826,-30.66599],[26.93456,-30.66507],[26.94301,-30.66215],[26.94912,-30.65832],[26.95,-30.65499],[26.94927,-30.65292],[26.9451,-30.64681],[26.93817,-30.63768],[26.93411,-30.6316],[26.9299,-30.62718],[26.9297,-30.62287],[26.93298,-30.61901],[26.93811,-30.61861],[26.9398,-30.61739],[26.9479,-30.60764],[26.95191,-30.606],[26.95806,-30.60467],[26.97099,-30.60017],[26.98219,-30.59723],[26.98779,-30.59687],[26.99821,-30.59483],[27.00294,-30.59461],[27.00691,-30.59753],[27.01063,-30.60454],[27.0138,-30.60639],[27.01938,-30.60527],[27.02794,-30.60462],[27.03431,-30.59986],[27.03728,-30.59647],[27.03953,-30.59169],[27.04226,-30.58836],[27.04273,-30.58636],[27.04151,-30.58147],[27.04007,-30.57944],[27.02726,-30.579],[27.02431,-30.57475],[27.02269,-30.56905],[27.01842,-30.56198],[27.0151,-30.55973],[27.00838,-30.55896],[27.00486,-30.55765],[27.00194,-30.55515],[26.99827,-30.5505],[26.99809,-30.54872],[27.00131,-30.5415],[27.00365,-30.53831],[27.00705,-30.53691],[27.01292,-30.53634],[27.02119,-30.53741],[27.02382,-30.53696],[27.02482,-30.53491],[27.0288,-30.53455],[27.03167,-30.5365],[27.03494,-30.53744],[27.04488,-30.5366],[27.06095,-30.53077],[27.06933,-30.52925],[27.07642,-30.52931],[27.08525,-30.52805],[27.08869,-30.52985],[27.08843,-30.5349],[27.08693,-30.53801],[27.08861,-30.54344],[27.09134,-30.54774],[27.09633,-30.55365],[27.10535,-30.55833],[27.10674,-30.55815],[27.11348,-30.55344],[27.11547,-30.54952],[27.11813,-30.54623],[27.1195,-30.543],[27.122,-30.54056],[27.12985,-30.53933],[27.13507,-30.53646],[27.13802,-30.53222],[27.13743,-30.52864],[27.13348,-30.52157],[27.12877,-30.51783],[27.1272,-30.51527],[27.12821,-30.51181],[27.13241,-30.50928],[27.13947,-30.50969],[27.14981,-30.51226],[27.15916,-30.51402],[27.1649,-30.51398],[27.16972,-30.51231],[27.17297,-30.51501],[27.17372,-30.51748],[27.17634,-30.51995],[27.18001,-30.52139],[27.18272,-30.5237],[27.18638,-30.52463],[27.18845,-30.52379],[27.19136,-30.51938],[27.19421,-30.5168],[27.1988,-30.51404],[27.20599,-30.50736],[27.20568,-30.50058],[27.20954,-30.49354],[27.20938,-30.49033],[27.21277,-30.487],[27.21535,-30.48762],[27.21773,-30.4898],[27.21954,-30.49497],[27.21827,-30.50377],[27.21969,-30.50857],[27.22147,-30.51039],[27.22826,-30.51069],[27.23002,-30.50884],[27.22908,-30.50244],[27.22946,-30.49919],[27.23293,-30.49493],[27.23365,-30.49264],[27.23258,-30.48662],[27.23528,-30.48233],[27.23945,-30.48062],[27.24479,-30.48071],[27.24814,-30.48683],[27.24825,-30.49535],[27.25,-30.49883],[27.25034,-30.50155],[27.25302,-30.50315],[27.25671,-30.5026],[27.26215,-30.50371],[27.26654,-30.50631],[27.27041,-30.50537],[27.2747,-30.50225],[27.27782,-30.50219],[27.28449,-30.5034],[27.29022,-30.51032],[27.29752,-30.5122],[27.30067,-30.5088],[27.30118,-30.50161],[27.2981,-30.49523],[27.29969,-30.49351],[27.30641,-30.49063],[27.31529,-30.48982],[27.32108,-30.48788],[27.32477,-30.48736],[27.32786,-30.4847],[27.32836,-30.48187],[27.32612,-30.47828],[27.32109,-30.47557],[27.31801,-30.47201],[27.3136,-30.46833],[27.30601,-30.46657],[27.29905,-30.46392],[27.29679,-30.46247],[27.29354,-30.45675],[27.29496,-30.45208],[27.30058,-30.44366],[27.30489,-30.44127],[27.31315,-30.44148],[27.32346,-30.44675],[27.32926,-30.4475],[27.33647,-30.45037],[27.33962,-30.45065],[27.34787,-30.44921],[27.35563,-30.44311],[27.36102,-30.44016],[27.36806,-30.43813],[27.36868,-30.43404],[27.36606,-30.43179],[27.36352,-30.42666],[27.36081,-30.42526],[27.34625,-30.43044],[27.34073,-30.43101],[27.33379,-30.42939],[27.32531,-30.42427],[27.32295,-30.42035],[27.32364,-30.41771],[27.32756,-30.41614],[27.33257,-30.41511],[27.33523,-30.41104],[27.33623,-30.40773],[27.33909,-30.40353],[27.3389,-30.39829],[27.34459,-30.39733],[27.34877,-30.39977],[27.35396,-30.40158],[27.3572,-30.40153],[27.36484,-30.40268],[27.36914,-30.40476],[27.37409,-30.40579],[27.37689,-30.40884],[27.38134,-30.40559],[27.38315,-30.40129],[27.38698,-30.40022],[27.40301,-30.39297],[27.40399,-30.39089],[27.40185,-30.38501],[27.40294,-30.38042],[27.39845,-30.37462],[27.39586,-30.37032],[27.39706,-30.363],[27.39674,-30.36106],[27.3914,-30.35747],[27.38384,-30.35805],[27.37988,-30.36186],[27.37988,-30.36822],[27.3791,-30.37362],[27.37738,-30.37481],[27.3721,-30.37455],[27.3688,-30.37162],[27.3669,-30.36419],[27.36333,-30.35691],[27.3629,-30.35428],[27.36487,-30.35135],[27.36704,-30.34518],[27.36684,-30.33955],[27.36578,-30.33831],[27.35831,-30.33585],[27.35462,-30.33625],[27.35216,-30.33524],[27.34894,-30.33244],[27.35112,-30.32897],[27.36266,-30.3237],[27.37137,-30.32604],[27.37735,-30.32712],[27.37722,-30.32491],[27.38225,-30.32096],[27.38533,-30.32033],[27.38653,-30.32387],[27.39059,-30.32256],[27.39166,-30.31857],[27.3856,-30.31235],[27.38574,-30.30992],[27.38771,-30.30821],[27.39219,-30.31019],[27.39518,-30.30979],[27.39509,-30.30667],[27.39351,-30.3037],[27.38764,-30.30341],[27.3835,-30.30429],[27.37994,-30.29972],[27.38193,-30.29767],[27.38545,-30.29648],[27.38905,-30.29355],[27.38555,-30.29073],[27.38501,-30.28922],[27.38983,-30.28449],[27.38769,-30.28189],[27.38272,-30.28229],[27.3822,-30.2781],[27.37993,-30.27429],[27.37701,-30.27661],[27.37699,-30.27873],[27.37349,-30.28058],[27.36912,-30.27883],[27.36689,-30.27366],[27.36998,-30.27056],[27.37082,-30.26683],[27.36808,-30.26418],[27.36599,-30.26059],[27.36586,-30.25794],[27.36794,-30.25344],[27.37006,-30.25091],[27.37057,-30.24809],[27.36823,-30.23925],[27.36657,-30.23725],[27.36912,-30.23186],[27.37008,-30.22843],[27.36987,-30.22513],[27.36546,-30.2188],[27.36777,-30.21327],[27.37142,-30.21029],[27.37377,-30.20709],[27.37481,-30.20308],[27.37489,-30.19811],[27.37152,-30.19798],[27.36834,-30.19381],[27.36957,-30.19018],[27.37259,-30.19024],[27.38149,-30.19464],[27.38492,-30.1943],[27.38662,-30.19213],[27.38619,-30.18265],[27.3816,-30.18111],[27.38058,-30.1794],[27.38232,-30.177],[27.38858,-30.17855],[27.39161,-30.17606],[27.39208,-30.17204],[27.39146,-30.16924],[27.39306,-30.16636],[27.40204,-30.16315],[27.40124,-30.15912],[27.4091,-30.15552],[27.41007,-30.1521],[27.40502,-30.15046],[27.40514,-30.14824],[27.40744,-30.14488],[27.4021,-30.13909],[27.39415,-30.14247],[27.38438,-30.14389],[27.38036,-30.14328],[27.3652,-30.14421],[27.35813,-30.14541],[27.34762,-30.14599],[27.34111,-30.146],[27.33604,-30.14781],[27.32689,-30.14812],[27.32295,-30.13991],[27.311575,-30.103647],[27.29654,-30.05611],[27.29089,-30.05028],[27.28725,-30.04935],[27.28317,-30.04705],[27.27803,-30.04672],[27.27139,-30.04465],[27.26847,-30.04301],[27.26542,-30.03322],[27.26948,-30.02603],[27.25386,-30.02606],[27.23467,-30.00827],[27.21887,-30.01003],[27.21937,-30.00888],[27.22408,-30.00576],[27.22294,-29.99677],[27.21636,-29.98297],[27.19838,-29.94521],[27.19444,-29.9373],[27.180945,-29.908341],[27.16619,-29.87713],[27.15912,-29.86255],[27.14093,-29.8238],[27.13463,-29.81007],[27.10765,-29.75301],[27.09658,-29.72993],[27.08334,-29.72299],[27.088,-29.71947],[27.07831,-29.71443],[27.06438,-29.7051],[27.04857,-29.68814],[27.0385,-29.67696],[27.02838,-29.67107],[27.02475,-29.66641],[27.0218,-29.66684],[27.01965,-29.66419],[27.01391,-29.66175],[27.01308,-29.6603],[27.01349,-29.65619],[27.01125,-29.65058],[27.0125,-29.64768],[27.01773,-29.64477],[27.02602,-29.64198],[27.02744,-29.64055],[27.02784,-29.63742],[27.02568,-29.63265],[27.02498,-29.62823],[27.02302,-29.62546],[27.01816,-29.62059],[27.01744,-29.61817],[27.02032,-29.61577],[27.02899,-29.61559],[27.03285,-29.61323],[27.0349,-29.61446],[27.03718,-29.62204],[27.04328,-29.62948],[27.04785,-29.63376],[27.05604,-29.63706],[27.05921,-29.63515],[27.06103,-29.62993],[27.06438,-29.62396],[27.06603,-29.61764],[27.06405,-29.61107],[27.06622,-29.60747],[27.06642,-29.60289],[27.06511,-29.59844],[27.06712,-29.59706],[27.07104,-29.59872],[27.07578,-29.60251],[27.0773,-29.60477],[27.07839,-29.61072],[27.08273,-29.61512],[27.08594,-29.61457],[27.08891,-29.60899],[27.09541,-29.60424],[27.1026,-29.60402],[27.10565,-29.60343],[27.10653,-29.60046],[27.10392,-29.59368],[27.10446,-29.58973],[27.10951,-29.58712],[27.11408,-29.58553],[27.11971,-29.57753],[27.12431,-29.57667],[27.12743,-29.57467],[27.1289,-29.57392],[27.13512,-29.57342],[27.14128,-29.57505],[27.14632,-29.5683],[27.15091,-29.56513],[27.15217,-29.56221],[27.15792,-29.55969],[27.16461,-29.56237],[27.17501,-29.56365],[27.18555,-29.56614],[27.19128,-29.56984],[27.19487,-29.56758],[27.20208,-29.56876],[27.20715,-29.56713],[27.20877,-29.5646],[27.20634,-29.56119],[27.20727,-29.55732],[27.21772,-29.55247],[27.2217,-29.54951],[27.2206,-29.54583],[27.22547,-29.54352],[27.22763,-29.54487],[27.23031,-29.55222],[27.23165,-29.55433],[27.2345,-29.55435],[27.23873,-29.55311],[27.24389,-29.55453],[27.25594,-29.54754],[27.25601,-29.54352],[27.25503,-29.53581],[27.2573,-29.53328],[27.26237,-29.53342],[27.27073,-29.52989],[27.27577,-29.52676],[27.27787,-29.52626],[27.28313,-29.52801],[27.28635,-29.53174],[27.2891,-29.5334],[27.29318,-29.53392],[27.29792,-29.53272],[27.30626,-29.53316],[27.30609,-29.52958],[27.30467,-29.5272],[27.30398,-29.52068],[27.30172,-29.51822],[27.30021,-29.51271],[27.30062,-29.51124],[27.3043,-29.508],[27.30534,-29.50514],[27.30434,-29.50029],[27.30764,-29.49575],[27.31255,-29.49297],[27.3156,-29.4905],[27.32478,-29.48484],[27.3282,-29.4813],[27.33043,-29.48062],[27.33493,-29.48142],[27.34008,-29.48599],[27.3427,-29.48711],[27.34865,-29.48821],[27.35279,-29.48778],[27.35705,-29.48625],[27.3613,-29.48557],[27.36337,-29.48182],[27.36275,-29.47554],[27.35898,-29.46896],[27.35663,-29.46634],[27.35802,-29.46109],[27.35656,-29.45748],[27.35665,-29.45267],[27.3634,-29.44972],[27.37047,-29.44875],[27.37219,-29.44744],[27.37492,-29.44314],[27.379,-29.44168],[27.381,-29.43946],[27.38149,-29.43403],[27.38314,-29.43181],[27.38946,-29.42723],[27.39249,-29.422],[27.39217,-29.41533],[27.39608,-29.41108],[27.39831,-29.41132],[27.40278,-29.414],[27.40665,-29.41365],[27.41187,-29.41131],[27.41825,-29.41096],[27.42151,-29.40876],[27.42461,-29.40412],[27.42393,-29.40105],[27.42164,-29.39622],[27.42184,-29.38852],[27.42036,-29.38598],[27.41497,-29.38272],[27.40975,-29.3783],[27.40656,-29.37364],[27.4054,-29.37036],[27.40548,-29.36637],[27.40734,-29.3639],[27.41026,-29.36388],[27.41775,-29.3675],[27.42298,-29.372],[27.42639,-29.37374],[27.43036,-29.37415],[27.43531,-29.37021],[27.43728,-29.36625],[27.4377,-29.3627],[27.43646,-29.35767],[27.43402,-29.35364],[27.43385,-29.35123],[27.43517,-29.34371],[27.43451,-29.34058],[27.43628,-29.33415],[27.44051,-29.33185],[27.44416,-29.32886],[27.44993,-29.32838],[27.45424,-29.32687],[27.462,-29.32611],[27.46449,-29.32391],[27.47045,-29.32171],[27.47229,-29.31846],[27.46524,-29.31405],[27.46412,-29.31206],[27.46365,-29.3076],[27.45698,-29.30536],[27.45535,-29.2972],[27.46192,-29.29633],[27.46519,-29.29426],[27.47253,-29.29526],[27.48074,-29.29364],[27.484,-29.29586],[27.48421,-29.30089],[27.48707,-29.30236],[27.4913,-29.30086],[27.49164,-29.29839],[27.49017,-29.29445],[27.49429,-29.28916],[27.49488,-29.28401],[27.49923,-29.28447],[27.50506,-29.28217],[27.51108,-29.28314],[27.5145,-29.28189],[27.51921,-29.27756],[27.52071,-29.27543],[27.52463,-29.26646],[27.54089,-29.25988],[27.54585,-29.25306],[27.54763,-29.24636],[27.54463,-29.24448],[27.54252,-29.24183],[27.53774,-29.24033],[27.53385,-29.24018],[27.53088,-29.23718],[27.52752,-29.23796],[27.52471,-29.24101],[27.5226,-29.24091],[27.52091,-29.23786],[27.52394,-29.23504],[27.52429,-29.23099],[27.51996,-29.22689],[27.51498,-29.22561],[27.51494,-29.22442],[27.52082,-29.21959],[27.52589,-29.21706],[27.52894,-29.21925],[27.53184,-29.21912],[27.53551,-29.21717],[27.54057,-29.20595],[27.54563,-29.20375],[27.54833,-29.19931],[27.5514,-29.19616],[27.5559,-29.19387],[27.56451,-29.19264],[27.56649,-29.18835],[27.57482,-29.18481],[27.57669,-29.1823],[27.57769,-29.17769],[27.57771,-29.17386],[27.5806,-29.16632],[27.58321,-29.16588],[27.59059,-29.16612],[27.59292,-29.16951],[27.59558,-29.17105],[27.60052,-29.16841],[27.60628,-29.16771],[27.61417,-29.16418],[27.61713,-29.15754],[27.61688,-29.15232],[27.61271,-29.14754],[27.60964,-29.14614],[27.60258,-29.14007],[27.60136,-29.13707],[27.60303,-29.13599],[27.61093,-29.13346],[27.61828,-29.13531],[27.62674,-29.13291],[27.63199,-29.13203],[27.63441,-29.13017],[27.63584,-29.12338],[27.63471,-29.12158],[27.63073,-29.11909],[27.63122,-29.11669],[27.63366,-29.11502],[27.63786,-29.11514],[27.64113,-29.11749],[27.64585,-29.11819],[27.65025,-29.10998],[27.6504,-29.10393],[27.65227,-29.10031],[27.64924,-29.09734],[27.64857,-29.09436],[27.65116,-29.09151],[27.65076,-29.08987],[27.64621,-29.08539],[27.64049,-29.08566],[27.63954,-29.08353],[27.64175,-29.08044],[27.64624,-29.07856],[27.64995,-29.07834],[27.65542,-29.08173],[27.65717,-29.08495],[27.66128,-29.08614],[27.66363,-29.08099],[27.6659,-29.07784],[27.66895,-29.07899],[27.67308,-29.07928],[27.67549,-29.07728],[27.67686,-29.07287],[27.67485,-29.0708],[27.67616,-29.06635],[27.67268,-29.06376],[27.6674,-29.06357],[27.66588,-29.0624],[27.66187,-29.05685],[27.65986,-29.05572],[27.65781,-29.05684],[27.65519,-29.06108],[27.65212,-29.06141],[27.65263,-29.05629],[27.64434,-29.05589],[27.64394,-29.05277],[27.64136,-29.0461],[27.64727,-29.04425],[27.64805,-29.04254],[27.65119,-29.04152],[27.65692,-29.04823],[27.65879,-29.0487],[27.66134,-29.04652],[27.67257,-29.04441],[27.67552,-29.03946],[27.67501,-29.03328],[27.67303,-29.03092],[27.66956,-29.02925],[27.67049,-29.02692],[27.67484,-29.02598],[27.67813,-29.02818],[27.68117,-29.02842],[27.68112,-29.02518],[27.68295,-29.02391],[27.68525,-29.02501],[27.68796,-29.02236],[27.68146,-29.01714],[27.68087,-29.01535],[27.68244,-29.00656],[27.6851,-29.00361],[27.68785,-29.00355],[27.69215,-29.00488],[27.69581,-29.00723],[27.70144,-29.00892],[27.7056,-29.01159],[27.71248,-29.01129],[27.71477,-29.00819],[27.71623,-29.00444],[27.71694,-28.99939],[27.71448,-28.99745],[27.71608,-28.99347],[27.71612,-28.99101],[27.71173,-28.9915],[27.70941,-28.99021],[27.70738,-28.98283],[27.70843,-28.98133],[27.71423,-28.9829],[27.7168,-28.98242],[27.71884,-28.97947],[27.7226,-28.97615],[27.72376,-28.97287],[27.72352,-28.97016],[27.72502,-28.96738],[27.72038,-28.9639],[27.72078,-28.9582],[27.72554,-28.95638],[27.7257,-28.95292],[27.72282,-28.95103],[27.72426,-28.94909],[27.72771,-28.95076],[27.73077,-28.94571],[27.73481,-28.94467],[27.73712,-28.94019],[27.73927,-28.93771],[27.7426,-28.9422],[27.74608,-28.94058],[27.74289,-28.9377],[27.74482,-28.93624],[27.74749,-28.93904],[27.74825,-28.94166],[27.75751,-28.94177],[27.75996,-28.94141],[27.76181,-28.93708],[27.75698,-28.93482],[27.76159,-28.9303],[27.76572,-28.92366],[27.76655,-28.91663],[27.76358,-28.91335],[27.76028,-28.91222],[27.75748,-28.91312],[27.75487,-28.90842],[27.75359,-28.898],[27.75547,-28.89695],[27.76276,-28.8975],[27.77352,-28.90394],[27.77733,-28.90692],[27.78467,-28.90816],[27.78678,-28.90953],[27.79345,-28.90922],[27.79377,-28.91075],[27.79182,-28.91457],[27.79826,-28.91841],[27.80311,-28.91852],[27.80839,-28.91707],[27.81345,-28.92037],[27.81761,-28.92093],[27.82782,-28.91239],[27.83146,-28.91273],[27.82942,-28.90868],[27.83017,-28.90366],[27.83294,-28.90633],[27.83798,-28.91448],[27.84112,-28.91492],[27.84329,-28.91243],[27.84827,-28.90924],[27.84737,-28.90435],[27.85154,-28.90301],[27.85362,-28.90578],[27.85386,-28.9093],[27.85876,-28.91082],[27.8594,-28.91402],[27.86397,-28.91356],[27.86459,-28.91576],[27.86885,-28.91977],[27.87134,-28.91974],[27.87698,-28.91744],[27.88063,-28.91676],[27.88346,-28.91485],[27.88607,-28.91638],[27.88892,-28.91648],[27.89102,-28.91386],[27.89116,-28.91056],[27.8957,-28.90934],[27.89817,-28.9024],[27.89793,-28.89714],[27.90002,-28.89289],[27.89782,-28.89031],[27.89304,-28.89091],[27.8898,-28.88984],[27.88783,-28.88726],[27.89041,-28.88353],[27.8927,-28.88158],[27.89406,-28.87877],[27.89947,-28.87849],[27.90648,-28.88135],[27.91164,-28.88113],[27.92075,-28.87681],[27.92009,-28.87193],[27.91626,-28.86732],[27.91596,-28.86515],[27.91872,-28.86028],[27.92108,-28.85902],[27.92809,-28.86047],[27.92667,-28.85683],[27.93097,-28.85247],[27.93348,-28.85346],[27.93865,-28.85213],[27.93836,-28.84829],[27.94872,-28.85272],[27.95605,-28.85844],[27.96136,-28.85934],[27.96286,-28.86163],[27.96246,-28.86564],[27.96452,-28.86732],[27.96577,-28.87099],[27.97094,-28.8747],[27.9758,-28.87478],[27.98068,-28.87685],[27.98396,-28.87694],[27.98952,-28.88238],[27.9923,-28.8809],[27.99118,-28.87922],[27.98763,-28.87823],[27.98907,-28.87648],[27.99359,-28.87591],[27.99405,-28.87268],[27.9969,-28.87274],[27.99932,-28.87681],[28.00176,-28.87694],[28.00394,-28.87405],[28.00427,-28.87162],[28.00742,-28.87255],[28.01262,-28.87978],[28.01887,-28.87549],[28.02582,-28.87473],[28.02772,-28.87905],[28.03028,-28.8766],[28.02843,-28.87395],[28.03103,-28.87142],[28.03251,-28.86759],[28.02926,-28.86721],[28.0305,-28.86152],[28.02466,-28.8617],[28.02579,-28.85868],[28.02852,-28.85561],[28.03085,-28.85612],[28.0329,-28.85256],[28.03535,-28.85236],[28.03595,-28.8501],[28.03914,-28.85093],[28.04111,-28.84995],[28.04155,-28.84604],[28.04365,-28.84614],[28.04679,-28.84384],[28.04779,-28.8417],[28.05207,-28.84388],[28.05458,-28.84106],[28.05447,-28.83562],[28.0503,-28.8306],[28.0519,-28.82715],[28.0506,-28.8198],[28.05127,-28.81759],[28.05384,-28.81743],[28.05766,-28.81473],[28.06204,-28.81417],[28.07317,-28.81585],[28.07505,-28.81458],[28.07517,-28.8116],[28.07818,-28.81058],[28.0773,-28.80732],[28.0806,-28.80624],[28.08574,-28.80012],[28.08561,-28.79411],[28.08927,-28.79299],[28.09273,-28.78962],[28.09317,-28.78702],[28.09537,-28.78531],[28.09533,-28.78302],[28.09772,-28.78116],[28.09614,-28.77872],[28.09755,-28.77278],[28.10166,-28.76715],[28.09792,-28.7495],[28.0901,-28.74476],[28.05985,-28.72501],[28.05624,-28.71764],[28.05838,-28.71277],[28.05578,-28.70989],[28.05686,-28.70472],[28.05455,-28.69972],[28.05278,-28.69779],[28.05234,-28.69479],[28.05376,-28.68951],[28.04808,-28.68451],[28.04493,-28.68112],[28.04273,-28.67699],[28.03796,-28.67612],[28.03442,-28.67115],[28.03389,-28.66896],[28.0367,-28.66634],[28.04096,-28.66364],[28.04125,-28.66236],[28.04501,-28.66025],[28.04651,-28.65698],[28.04615,-28.6506],[28.04519,-28.64824],[28.04189,-28.64383],[28.04026,-28.63943],[28.0418,-28.63373],[28.04069,-28.63199],[28.04,-28.62486],[28.0373,-28.62175],[28.03381,-28.61995],[28.02992,-28.61643],[28.03178,-28.61205],[28.02948,-28.60822],[28.02985,-28.60369],[28.02162,-28.59958],[28.014664,-28.597501],[28.01356,-28.59777],[28.00846,-28.60514],[28.0016,-28.60662],[27.99537,-28.60174],[27.99234,-28.59849],[27.98922,-28.59917],[27.98811,-28.59759],[27.98087,-28.59532],[27.97408,-28.58888],[27.97095,-28.58888],[27.97209,-28.58607],[27.97688,-28.58123],[27.97842,-28.57648],[27.97507,-28.57624],[27.97318,-28.5798],[27.96893,-28.58197],[27.96414,-28.58266],[27.96224,-28.58058],[27.96154,-28.57792],[27.95932,-28.57699],[27.95302,-28.58046],[27.93158,-28.57586],[27.93003,-28.55792],[27.91136,-28.56449],[27.90135,-28.55585],[27.87738,-28.56459],[27.87289,-28.57032],[27.86759,-28.56661],[27.865845,-28.56336],[27.84507,-28.5565],[27.833886,-28.550837],[27.83674,-28.52435],[27.83988,-28.50893],[27.84604,-28.47622],[27.80852,-28.45824],[27.81718,-28.43959],[27.82877,-28.41519],[27.83603,-28.41457],[27.86051,-28.36119],[27.84389,-28.34584],[27.85437,-28.33584],[27.86543,-28.33076],[27.86299,-28.31906],[27.86576,-28.31448],[27.82723,-28.32343],[27.83058,-28.28312],[27.79539,-28.25906],[27.79002,-28.25377],[27.7888,-28.25119],[27.78866,-28.247981],[27.78706,-28.24755],[27.78656,-28.24448],[27.78765,-28.24152],[27.78456,-28.24016],[27.78569,-28.23545],[27.78564,-28.23149],[27.78261,-28.22785],[27.78319,-28.2258],[27.7811,-28.22366],[27.78315,-28.22125],[27.79017,-28.21591],[27.7921,-28.21647],[27.80439,-28.21417],[27.80903,-28.20358],[27.79653,-28.1992],[27.80058,-28.15684],[27.77433,-28.15237],[27.77089,-28.15043],[27.7621,-28.15085],[27.75918,-28.12981],[27.75962,-28.12765],[27.77099,-28.12499],[27.76618,-28.09884],[27.77427,-28.09572],[27.78581,-28.09366],[27.79762,-28.09403],[27.7993,-28.08231],[27.80739,-28.06788],[27.809,-28.0664],[27.81814,-28.06367],[27.75994,-28.06191],[27.74208,-28.04088],[27.73722,-28.02925],[27.70346,-28.04039]]]},"properties":{"code":"051"}},{"type":"Feature","geometry":{"type":"Polygon","coordinates":[[[25.87867,-28.76006],[25.90793,-28.77402],[25.912,-28.7615],[25.93078,-28.77113],[25.94268,-28.76013],[25.9463,-28.76196],[25.9322,-28.7885],[25.92096,-28.80993],[25.92654,-28.82653],[25.97688,-28.804929],[25.979625,-28.803649],[26.020033,-28.799857],[26.019551,-28.788707],[26.020259,-28.783002],[26.019114,-28.779861],[26.024931,-28.779686],[26.025937,-28.777296],[26.026299,-28.77246],[26.029542,-28.772901],[26.031121,-28.764375],[26.034425,-28.765375],[26.033832,-28.755468],[26.039659,-28.756324],[26.039083,-28.752859],[26.031402,-28.741436],[26.033054,-28.740775],[26.013066,-28.715056],[26.028825,-28.688896],[26.04254,-28.666616],[26.043889,-28.666579],[26.038738,-28.651184],[26.075764,-28.650978],[26.077066,-28.66565],[26.098376,-28.665059],[26.114473,-28.712649],[26.14888,-28.760731],[26.099927,-28.768368],[26.098313,-28.77762],[26.079612,-28.782251],[26.087641,-28.799324],[26.092669,-28.813734],[26.09566,-28.8091],[26.09554,-28.80538],[26.09883,-28.80398],[26.10332,-28.80386],[26.10648,-28.80522],[26.1073,-28.80687],[26.1126,-28.80714],[26.12356,-28.80532],[26.12604,-28.80619],[26.12824,-28.8111],[26.12692,-28.81403],[26.12802,-28.81586],[26.13399,-28.81434],[26.13934,-28.81057],[26.14398,-28.81075],[26.14699,-28.80978],[26.14964,-28.8115],[26.14977,-28.81594],[26.14071,-28.8228],[26.1413,-28.82424],[26.14792,-28.82444],[26.15262,-28.82818],[26.15296,-28.83307],[26.15518,-28.8399],[26.15535,-28.84988],[26.15805,-28.84893],[26.15891,-28.84583],[26.16184,-28.84597],[26.16389,-28.84807],[26.16362,-28.85262],[26.16528,-28.85457],[26.16765,-28.85455],[26.17291,-28.85297],[26.17428,-28.8448],[26.17642,-28.84572],[26.17854,-28.85368],[26.18206,-28.85244],[26.18566,-28.85227],[26.18774,-28.84613],[26.19318,-28.84295],[26.19557,-28.84417],[26.19452,-28.84743],[26.192,-28.84988],[26.19195,-28.85159],[26.19465,-28.8541],[26.20133,-28.85631],[26.2015,-28.8585],[26.19888,-28.86082],[26.20002,-28.86251],[26.20748,-28.86244],[26.20679,-28.86765],[26.20954,-28.86976],[26.21427,-28.87122],[26.21793,-28.87316],[26.2227,-28.87155],[26.22572,-28.87242],[26.22505,-28.8789],[26.2257,-28.8803],[26.23007,-28.88257],[26.23382,-28.8809],[26.24103,-28.88718],[26.24967,-28.89702],[26.25021,-28.89869],[26.25527,-28.90181],[26.25469,-28.90673],[26.25788,-28.90762],[26.26167,-28.91241],[26.26374,-28.91393],[26.26768,-28.9145],[26.26723,-28.91719],[26.26377,-28.92393],[26.26164,-28.92638],[26.26281,-28.92954],[26.27055,-28.93488],[26.28067,-28.94037],[26.28446,-28.94024],[26.28955,-28.93871],[26.29189,-28.93715],[26.29416,-28.93994],[26.29744,-28.94183],[26.30323,-28.94191],[26.33498,-28.90117],[26.36203,-28.9194],[26.36199,-28.941],[26.36573,-28.94191],[26.35715,-28.95442],[26.35324,-28.95966],[26.35611,-28.96011],[26.36168,-28.96385],[26.36618,-28.9625],[26.37539,-28.96824],[26.37836,-28.9705],[26.37913,-28.97323],[26.38336,-28.97746],[26.38999,-28.97811],[26.39262,-28.97946],[26.3961,-28.97958],[26.39711,-28.98106],[26.39638,-28.98414],[26.39806,-28.98605],[26.4015,-28.98578],[26.40306,-28.989195],[26.43091,-28.99098],[26.43464,-28.96328],[26.47193,-28.94803],[26.48605,-28.96163],[26.49627,-28.97245],[26.50036,-28.97542],[26.50307,-28.97643],[26.50579,-28.97961],[26.50906,-28.97926],[26.51127,-28.98039],[26.51408,-28.97901],[26.51442,-28.98181],[26.51735,-28.98312],[26.52492,-29.00125],[26.54691,-28.98273],[26.54792,-28.97552],[26.56695,-28.96808],[26.56513,-28.98524],[26.57508,-28.98595],[26.57988,-28.98417],[26.5843,-28.98835],[26.58806,-28.9893],[26.60502,-29.00781],[26.61761,-29.00624],[26.63434,-29.05965],[26.63726,-29.05845],[26.64258,-29.068525],[26.66066,-29.07669],[26.6665,-29.08928],[26.69336,-29.06565],[26.71639,-29.07238],[26.70788,-29.08723],[26.71796,-29.09024],[26.72179,-29.08197],[26.72525,-29.0809],[26.72767,-29.07881],[26.7272,-29.07381],[26.73922,-29.0619],[26.73706,-29.05847],[26.74261,-29.05527],[26.75136,-29.05322],[26.7512,-29.03869],[26.77902,-29.01582],[26.77762,-29.01342],[26.75673,-29.00614],[26.75269,-29.00305],[26.79471,-28.9544],[26.81813,-28.92714],[26.85373,-28.88628],[26.88036,-28.82848],[26.89683,-28.79823],[26.91109,-28.76833],[26.91065,-28.7622],[26.92371,-28.75911],[26.93049,-28.75642],[26.94702,-28.74819],[26.94699,-28.75026],[26.96346,-28.74802],[26.96503,-28.74629],[26.9728,-28.74599],[26.97538,-28.75182],[26.99774,-28.74816],[27.00905,-28.74608],[27.02968,-28.74389],[27.03024,-28.75618],[27.0333,-28.76067],[27.04193,-28.76265],[27.04627,-28.76991],[27.06179,-28.76151],[27.07764,-28.76773],[27.09991,-28.75674],[27.10744,-28.7683],[27.1314,-28.74363],[27.14883,-28.72591],[27.15045,-28.72765],[27.15112,-28.73112],[27.15662,-28.73417],[27.15452,-28.74203],[27.15712,-28.74319],[27.15655,-28.74659],[27.15389,-28.74758],[27.15495,-28.75229],[27.15217,-28.7566],[27.15174,-28.76021],[27.15281,-28.76324],[27.15619,-28.76508],[27.1557,-28.76731],[27.1581,-28.76919],[27.15697,-28.77179],[27.15859,-28.77317],[27.16046,-28.77962],[27.16477,-28.77904],[27.16664,-28.78124],[27.17001,-28.78185],[27.17196,-28.78709],[27.17451,-28.78786],[27.17489,-28.79044],[27.1786,-28.7924],[27.17958,-28.79749],[27.1831,-28.79926],[27.18375,-28.80116],[27.18642,-28.80193],[27.186305,-28.805263],[27.21457,-28.77423],[27.20991,-28.77186],[27.20065,-28.78171],[27.19897,-28.77942],[27.1917,-28.77961],[27.18632,-28.77537],[27.1805,-28.77518],[27.17822,-28.77372],[27.1749,-28.76732],[27.1768,-28.76574],[27.17024,-28.75973],[27.198455,-28.734205],[27.19664,-28.73352],[27.20869,-28.70562],[27.19257,-28.69769],[27.20261,-28.67623],[27.19008,-28.66764],[27.21271,-28.62649],[27.1929,-28.62471],[27.21402,-28.61577],[27.21895,-28.59924],[27.20874,-28.59692],[27.212212,-28.577988],[27.212928,-28.574166],[27.224766,-28.572065],[27.23178,-28.572429],[27.254788,-28.531962],[27.258751,-28.520653],[27.271187,-28.509725],[27.25055,-28.493655],[27.246306,-28.491172],[27.262157,-28.479834],[27.263399,-28.473008],[27.28897,-28.457538],[27.283705,-28.439596],[27.278497,-28.420727],[27.265909,-28.377005],[27.27348,-28.322436],[27.276147,-28.307538],[27.275418,-28.306154],[27.27683,-28.28278],[27.30577,-28.26271],[27.31965,-28.26848],[27.32453,-28.23631],[27.32624,-28.22646],[27.34387,-28.22674],[27.38787,-28.21408],[27.3833,-28.19014],[27.37501,-28.17656],[27.37005,-28.17027],[27.38665,-28.15879],[27.40679,-28.10499],[27.42754,-28.1077],[27.4718,-28.10709],[27.45419,-28.08004],[27.43377,-28.04976],[27.43449,-28.04015],[27.42302,-28.03698],[27.42631,-28.02314],[27.40556,-28.02608],[27.40226,-28.0136],[27.37365,-28.01958],[27.37788,-28.00577],[27.36345,-28.00146],[27.36582,-27.94516],[27.358982,-27.932453],[27.3351,-27.94539],[27.30077,-27.96066],[27.29261,-27.9381],[27.29221,-27.92298],[27.238638,-27.908552],[27.21523,-27.91507],[27.19278,-27.89975],[27.19376,-27.90447],[27.1922,-27.90544],[27.18734,-27.90606],[27.17956,-27.92216],[27.17864,-27.90846],[27.17161,-27.91104],[27.17283,-27.93474],[27.15779,-27.93334],[27.15966,-27.91793],[27.15943,-27.91507],[27.15303,-27.91685],[27.15131,-27.91853],[27.14749,-27.91895],[27.14087,-27.92272],[27.13241,-27.91536],[27.09281,-27.88576],[27.07572,-27.89049],[27.05656,-27.85737],[27.0525,-27.85931],[27.04087,-27.80906],[27.07715,-27.78915],[27.04477,-27.7491],[27.04491,-27.74898],[27.01683,-27.72708],[27.03078,-27.71677],[27.02015,-27.70697],[27.0015,-27.71571],[26.989239,-27.706227],[26.96994,-27.69445],[27.00624,-27.66547],[26.99409,-27.65522],[26.97449,-27.64291],[26.98295,-27.63458],[27.01633,-27.59824],[26.97674,-27.57057],[26.96631,-27.56254],[26.96326,-27.54925],[26.94527,-27.55949],[26.93353,-27.55779],[26.94906,-27.53026],[26.95005,-27.5225],[26.922734,-27.516071],[26.92286,-27.52278],[26.88942,-27.52265],[26.87036,-27.53379],[26.8854,-27.57587],[26.87391,-27.58962],[26.85771,-27.586],[26.84911,-27.61989],[26.84658,-27.62357],[26.83663,-27.62296],[26.81915,-27.63848],[26.7988,-27.652],[26.78958,-27.66529],[26.74193,-27.69363],[26.69201,-27.67705],[26.68458,-27.68256],[26.6363,-27.65908],[26.597981,-27.699806],[26.56088,-27.72408],[26.52288,-27.73277],[26.54446,-27.7464],[26.51522,-27.78697],[26.55571,-27.79053],[26.55938,-27.79716],[26.55191,-27.83311],[26.55763,-27.8341],[26.54876,-27.87396],[26.49258,-27.86426],[26.51475,-27.89536],[26.49706,-27.90336],[26.49106,-27.91284],[26.51622,-27.91778],[26.52078,-27.91823],[26.52809,-27.91971],[26.55977,-27.93917],[26.50548,-27.95209],[26.50666,-27.95604],[26.50677,-27.96196],[26.50968,-27.99322],[26.49121,-28.03657],[26.50648,-28.04136],[26.49869,-28.05302],[26.49587,-28.05257],[26.49123,-28.09808],[26.48692,-28.09802],[26.48239,-28.09499],[26.48112,-28.0861],[26.47263,-28.07829],[26.47038,-28.07794],[26.46675,-28.07921],[26.46802,-28.0819],[26.46315,-28.08334],[26.46278,-28.08112],[26.45704,-28.07838],[26.45636,-28.04589],[26.44561,-28.039458],[26.44414,-28.07608],[26.44348,-28.07936],[26.44499,-28.08166],[26.44074,-28.08308],[26.44065,-28.07977],[26.43816,-28.07967],[26.43816,-28.08229],[26.4332,-28.08403],[26.42955,-28.08457],[26.42944,-28.08722],[26.42081,-28.09443],[26.41786,-28.09219],[26.41464,-28.09213],[26.40998,-28.09509],[26.4104,-28.09722],[26.41378,-28.09776],[26.41661,-28.09683],[26.41715,-28.10106],[26.41299,-28.10173],[26.40943,-28.10553],[26.4118,-28.1079],[26.41643,-28.10723],[26.41942,-28.10918],[26.41928,-28.11116],[26.41673,-28.1134],[26.41761,-28.11787],[26.4083,-28.12392],[26.42178,-28.12594],[26.41879,-28.1281],[26.41559,-28.12832],[26.41217,-28.13053],[26.41232,-28.13308],[26.4141,-28.13589],[26.41611,-28.14119],[26.41934,-28.14637],[26.42167,-28.1488],[26.42179,-28.15237],[26.42532,-28.15576],[26.43036,-28.15715],[26.43323,-28.15931],[26.44609,-28.16639],[26.43945,-28.16924],[26.44505,-28.17322],[26.44595,-28.1757],[26.44422,-28.18077],[26.4423,-28.18359],[26.44893,-28.1871],[26.44995,-28.19171],[26.45401,-28.19205],[26.4568,-28.19503],[26.4568,-28.19964],[26.45545,-28.20181],[26.45759,-28.20501],[26.46194,-28.20725],[26.46303,-28.20994],[26.46109,-28.2115],[26.46708,-28.21218],[26.46795,-28.21492],[26.4654,-28.21867],[26.45658,-28.2238],[26.45591,-28.21849],[26.44378,-28.22442],[26.44308,-28.23007],[26.44358,-28.23141],[26.43635,-28.23564],[26.41698,-28.22982],[26.41103,-28.24538],[26.42026,-28.24751],[26.42307,-28.25574],[26.44152,-28.25077],[26.4455,-28.26242],[26.42704,-28.26735],[26.42499,-28.26135],[26.40859,-28.25954],[26.40622,-28.27405],[26.39595,-28.29173],[26.40544,-28.29205],[26.40714,-28.31253],[26.42315,-28.3127],[26.420035,-28.32686],[26.40807,-28.32542],[26.40566,-28.3361],[26.41676,-28.34175],[26.41849,-28.3339],[26.44221,-28.33757],[26.43486,-28.36892],[26.42633,-28.36328],[26.42164,-28.362845],[26.4128,-28.36129],[26.40978,-28.37419],[26.43299,-28.37686],[26.42633,-28.37793],[26.40254,-28.38757],[26.42353,-28.40425],[26.43011,-28.40344],[26.43409,-28.42785],[26.43581,-28.43567],[26.42957,-28.43555],[26.4224,-28.42678],[26.38555,-28.3946],[26.35474,-28.40514],[26.32017,-28.41967],[26.28804,-28.46859],[26.2551,-28.48624],[26.24569,-28.48971],[26.219069,-28.468847],[26.21184,-28.50631],[26.21855,-28.50773],[26.20107,-28.53089],[26.18351,-28.52319],[26.16634,-28.54654],[26.15322,-28.53987],[26.1479,-28.5579],[26.08733,-28.57875],[26.08128,-28.58895],[26.06932,-28.58118],[26.03357,-28.58627],[26.0079,-28.5842],[25.97817,-28.60459],[25.97695,-28.61544],[25.95613,-28.64323],[25.94963,-28.65128],[25.93136,-28.68311],[25.91181,-28.70991],[25.87853,-28.75999],[25.87867,-28.76006]]]},"properties":{"code":"057"}},{"type":"Feature","geometry":{"type":"Polygon","coordinates":[[[25.23503,-33.8369],[25.2261,-33.84841],[25.22786,-33.8502],[25.22591,-33.85203],[25.24692,-33.86311],[25.2187,-33.87636],[25.23896,-33.88078],[25.25421,-33.88432],[25.26375,-33.8868],[25.2134,-33.88398],[25.20947,-33.886],[25.20609,-33.89177],[25.20314,-33.89522],[25.20082,-33.89921],[25.2005,-33.90208],[25.19867,-33.90503],[25.19944,-33.90736],[25.19588,-33.91049],[25.19515,-33.91445],[25.19283,-33.91788],[25.19221,-33.92177],[25.19593,-33.92511],[25.2058,-33.92136],[25.208685,-33.9217],[25.21566,-33.93449],[25.22436,-33.93942],[25.22501,-33.94662],[25.2269,-33.94692],[25.22823,-33.95128],[25.22779,-33.95362],[25.22083,-33.96114],[25.224324,-33.963021],[25.220637,-33.965619],[25.22149,-33.97077],[25.22782,-33.97195],[25.2334,-33.97376],[25.23852,-33.97412],[25.23994,-33.97513],[25.24467,-33.97575],[25.24881,-33.97736],[25.25476,-33.97811],[25.26395,-33.98095],[25.27094,-33.98224],[25.27494,-33.98394],[25.28707,-33.98702],[25.29856,-33.99166],[25.30554,-33.99302],[25.3113,-33.9968],[25.31899,-33.99991],[25.32862,-34.00532],[25.33676,-34.00796],[25.3402,-34.01036],[25.34696,-34.01252],[25.35069,-34.01529],[25.35524,-34.01607],[25.36181,-34.01936],[25.36345,-34.01912],[25.37162,-34.02115],[25.38196,-34.02303],[25.3843,-34.02506],[25.39265,-34.02851],[25.39494,-34.03137],[25.40014,-34.03361],[25.40315,-34.03329],[25.408,-34.03578],[25.4121,-34.03371],[25.41496,-34.03485],[25.41826,-34.03345],[25.42195,-34.03453],[25.42848,-34.0336],[25.43351,-34.03397],[25.43498,-34.03503],[25.44017,-34.03543],[25.44336,-34.03365],[25.4477,-34.03336],[25.45222,-34.03093],[25.4615,-34.02952],[25.46752,-34.02938],[25.47331,-34.03014],[25.48361,-34.03385],[25.48812,-34.03445],[25.49103,-34.03383],[25.49793,-34.03597],[25.50413,-34.03472],[25.51086,-34.03698],[25.51206,-34.03814],[25.51671,-34.03661],[25.52605,-34.03809],[25.5326,-34.04159],[25.53696,-34.0425],[25.54225,-34.04176],[25.54767,-34.04385],[25.55603,-34.04444],[25.56086,-34.04425],[25.5638,-34.04587],[25.56692,-34.04516],[25.57191,-34.0464],[25.57714,-34.04972],[25.58925,-34.05061],[25.592,-34.05022],[25.59533,-34.04753],[25.59996,-34.04764],[25.6053,-34.04696],[25.60849,-34.04511],[25.61164,-34.04522],[25.61855,-34.04667],[25.62097,-34.04664],[25.62592,-34.04817],[25.62964,-34.04614],[25.63424,-34.04654],[25.63865,-34.04228],[25.63861,-34.04058],[25.64502,-34.03826],[25.64613,-34.03357],[25.64853,-34.03255],[25.64939,-34.03017],[25.65292,-34.02804],[25.65941,-34.02659],[25.66391,-34.02683],[25.66935,-34.02589],[25.67848,-34.02687],[25.68089,-34.02812],[25.68577,-34.02799],[25.68761,-34.03011],[25.69518,-34.03105],[25.69714,-34.03208],[25.70434,-34.03155],[25.70297,-34.02834],[25.70019,-34.02578],[25.69657,-34.02107],[25.69328,-34.01473],[25.68807,-34.00188],[25.68177,-33.99431],[25.67408,-33.98794],[25.6714,-33.98313],[25.66079,-33.98109],[25.65442,-33.97867],[25.65278,-33.97716],[25.6474,-33.97506],[25.64643,-33.9709],[25.644,-33.96484],[25.64121,-33.96485],[25.63567,-33.96831],[25.63032,-33.96366],[25.63697,-33.96298],[25.63684,-33.96164],[25.63096,-33.96206],[25.62873,-33.9598],[25.64086,-33.95858],[25.63933,-33.95509],[25.62468,-33.95611],[25.61578,-33.95191],[25.61252,-33.94827],[25.61171,-33.94403],[25.61125,-33.9308],[25.61335,-33.91891],[25.61684,-33.91024],[25.6218,-33.89429],[25.62451,-33.88686],[25.63018,-33.87417],[25.63257,-33.87036],[25.63329,-33.86609],[25.63697,-33.86082],[25.6374,-33.85841],[25.64149,-33.85165],[25.64481,-33.84808],[25.65045,-33.8396],[25.66532,-33.8219],[25.6676,-33.82026],[25.67583,-33.81176],[25.68643,-33.80296],[25.69306,-33.7989],[25.69974,-33.79408],[25.70396,-33.79046],[25.70662,-33.78948],[25.72158,-33.77996],[25.73028,-33.77559],[25.73879,-33.77069],[25.75055,-33.76554],[25.7528,-33.76496],[25.75819,-33.76156],[25.76292,-33.75933],[25.76707,-33.75526],[25.77625,-33.75004],[25.78412,-33.74685],[25.78605,-33.74508],[25.79116,-33.74258],[25.79495,-33.74178],[25.80125,-33.73882],[25.81257,-33.73519],[25.81922,-33.73161],[25.836,-33.72563],[25.84901,-33.72246],[25.868165,-33.69945],[25.86185,-33.68407],[25.85805,-33.68205],[25.8498,-33.66541],[25.81814,-33.67526],[25.79164,-33.68366],[25.79246,-33.69442],[25.78721,-33.69432],[25.78006,-33.69231],[25.77578,-33.68973],[25.77054,-33.68397],[25.76851,-33.67908],[25.75848,-33.67112],[25.745,-33.66176],[25.7413,-33.65981],[25.73793,-33.65568],[25.73769,-33.65126],[25.73915,-33.64539],[25.73853,-33.63732],[25.73711,-33.63436],[25.73679,-33.62993],[25.73163,-33.62563],[25.72582,-33.62435],[25.71316,-33.62327],[25.70775,-33.62058],[25.70467,-33.62236],[25.70169,-33.62776],[25.69927,-33.62568],[25.69139,-33.61516],[25.69361,-33.60952],[25.68808,-33.60159],[25.67858,-33.60607],[25.67519,-33.61792],[25.68228,-33.61854],[25.67904,-33.62257],[25.68351,-33.62524],[25.67934,-33.62844],[25.67126,-33.62155],[25.66863,-33.61847],[25.6681,-33.61437],[25.6638,-33.6155],[25.65507,-33.61451],[25.6419,-33.61171],[25.62707,-33.60889],[25.63166,-33.59162],[25.57082,-33.59544],[25.55801,-33.59616],[25.55341,-33.60511],[25.5544,-33.61632],[25.55581,-33.62811],[25.49382,-33.6116],[25.507624,-33.571773],[25.47915,-33.56425],[25.43771,-33.55308],[25.42635,-33.55899],[25.40446,-33.56172],[25.39184,-33.56128],[25.35826,-33.55669],[25.3463,-33.55707],[25.33916,-33.57326],[25.32271,-33.61702],[25.32134,-33.62164],[25.33954,-33.62878],[25.33623,-33.63667],[25.30806,-33.63785],[25.32064,-33.64886],[25.34784,-33.67091],[25.33062,-33.68902],[25.352082,-33.703063],[25.351292,-33.713319],[25.350329,-33.716023],[25.337227,-33.710457],[25.327329,-33.726396],[25.307228,-33.717358],[25.292057,-33.714314],[25.301723,-33.712299],[25.300802,-33.703858],[25.266535,-33.697112],[25.273742,-33.689346],[25.249073,-33.683672],[25.247212,-33.688646],[25.240432,-33.693126],[25.241912,-33.694488],[25.24513,-33.692252],[25.253186,-33.69099],[25.26075,-33.696025],[25.263244,-33.700869],[25.266236,-33.699408],[25.268209,-33.705669],[25.282939,-33.710999],[25.291555,-33.722163],[25.301654,-33.726312],[25.28704,-33.74968],[25.28498,-33.75335],[25.305035,-33.762005],[25.29974,-33.77085],[25.27327,-33.77338],[25.26818,-33.77925],[25.26156,-33.80206],[25.25352,-33.81231],[25.24566,-33.82327],[25.23503,-33.8369]]]},"properties":{"code":"041"}}]}