{"type":"FeatureCollection","features":[{"type":"Feature","geometry":{"type":"Polygon","coordinates":[[[36.05061,4.456218],[35.943947,4.548029],[35.938854,4.584363],[35.949348,4.628556],[35.812145,4.782411],[35.811848,5.092334],[35.811844,5.095733],[35.821194,5.106873],[35.826809,5.112346],[35.827808,5.116295],[35.833805,5.121911],[35.83614,5.122387],[35.837898,5.123339],[35.839661,5.125766],[35.845131,5.136378],[35.846512,5.139614],[35.850414,5.143945],[35.850842,5.14642],[35.851795,5.147752],[35.856934,5.149132],[35.858032,5.150368],[35.858505,5.153082],[35.85955,5.155033],[35.861645,5.156746],[35.861408,5.162362],[35.863358,5.16674],[35.864929,5.171737],[35.864643,5.174497],[35.863884,5.177067],[35.86412,5.182539],[35.861549,5.185823],[35.859219,5.191677],[35.857079,5.196388],[35.856125,5.199767],[35.853745,5.203098],[35.851273,5.20405],[35.848511,5.204145],[35.845371,5.204812],[35.842941,5.206429],[35.838661,5.211331],[35.836952,5.214931],[35.834568,5.223228],[35.833473,5.228463],[35.829762,5.232746],[35.82819,5.236791],[35.827713,5.242217],[35.828667,5.254257],[35.829617,5.260586],[35.830902,5.263156],[35.834553,5.266394],[35.836613,5.269866],[35.842087,5.271912],[35.842991,5.273054],[35.8428,5.276195],[35.846561,5.278622],[35.847988,5.279907],[35.848843,5.282858],[35.851841,5.285237],[35.852413,5.288568],[35.853413,5.289806],[35.85527,5.290472],[35.859123,5.290479],[35.860165,5.291852],[35.859219,5.293803],[35.860645,5.295992],[35.862026,5.299466],[35.863789,5.300609],[35.864166,5.307747],[35.863834,5.309984],[35.862263,5.312601],[35.862217,5.315313],[35.863312,5.318359],[35.863216,5.32012],[35.861885,5.321119],[35.859837,5.320881],[35.855839,5.318264],[35.854221,5.321167],[35.852509,5.32269],[35.849369,5.324546],[35.844753,5.326211],[35.842323,5.327687],[35.840946,5.329448],[35.841419,5.333017],[35.839993,5.334301],[35.837044,5.334159],[35.833328,5.335539],[35.830425,5.336015],[35.826572,5.335729],[35.823624,5.335111],[35.821529,5.335634],[35.819481,5.338346],[35.81953,5.341012],[35.818161,5.342112],[35.814056,5.34301],[35.808727,5.34301],[35.807442,5.34401],[35.805965,5.346865],[35.804966,5.347008],[35.802826,5.345104],[35.801632,5.344853],[35.79821,5.345295],[35.795021,5.344724],[35.793831,5.346199],[35.792152,5.346219],[35.790546,5.34539],[35.788502,5.347198],[35.785217,5.353052],[35.783504,5.354527],[35.780315,5.355336],[35.77903,5.355098],[35.777557,5.35348],[35.776463,5.353528],[35.775272,5.355812],[35.773033,5.356193],[35.77232,5.353765],[35.773369,5.351148],[35.774937,5.349054],[35.775082,5.347389],[35.77301,5.347675],[35.77037,5.350149],[35.768513,5.351196],[35.762897,5.352671],[35.760612,5.353718],[35.759045,5.356098],[35.754902,5.356906],[35.753902,5.358239],[35.754093,5.359952],[35.755283,5.361618],[35.754711,5.362808],[35.751858,5.365187],[35.752762,5.3669],[35.755142,5.366948],[35.755333,5.368185],[35.752712,5.370612],[35.751431,5.373087],[35.750191,5.37323],[35.74905,5.371992],[35.748051,5.369184],[35.746098,5.370374],[35.746193,5.373087],[35.744957,5.373801],[35.742962,5.373761],[35.740578,5.375419],[35.738628,5.375085],[35.738865,5.372468],[35.737339,5.372637],[35.736248,5.377275],[35.734299,5.377703],[35.730679,5.373991],[35.728302,5.373658],[35.727825,5.377465],[35.726826,5.37718],[35.725494,5.373705],[35.724323,5.372363],[35.72216,5.37185],[35.721401,5.373658],[35.723064,5.37599],[35.723732,5.378988],[35.72216,5.383224],[35.722401,5.386269],[35.721733,5.387411],[35.72002,5.387459],[35.717785,5.384936],[35.715595,5.385222],[35.71526,5.386935],[35.717022,5.390314],[35.716072,5.391028],[35.713261,5.389458],[35.711216,5.389267],[35.70755,5.390124],[35.702839,5.388982],[35.701317,5.38941],[35.700603,5.391599],[35.696938,5.390885],[35.694988,5.3896],[35.690086,5.38527],[35.688183,5.385698],[35.687653,5.387493],[35.68642,5.387506],[35.683708,5.385746],[35.682045,5.385983],[35.680187,5.389124],[35.678562,5.389001],[35.676998,5.385746],[35.674381,5.384698],[35.671383,5.384366],[35.668434,5.385412],[35.666721,5.386983],[35.66515,5.387411],[35.660202,5.386602],[35.656677,5.386983],[35.654537,5.38803],[35.655396,5.390933],[35.653728,5.39336],[35.650921,5.393455],[35.648968,5.389838],[35.64735,5.388791],[35.643497,5.388934],[35.64164,5.388315],[35.639786,5.386602],[35.635643,5.38565],[35.632172,5.382319],[35.628651,5.382319],[35.625126,5.383224],[35.622845,5.383176],[35.619797,5.380558],[35.617321,5.380891],[35.61718,5.384128],[35.619701,5.389934],[35.619892,5.393788],[35.616657,5.394692],[35.615894,5.39593],[35.617607,5.399404],[35.617989,5.402307],[35.616657,5.403924],[35.614323,5.404876],[35.612801,5.404591],[35.609947,5.402544],[35.606281,5.40383],[35.604954,5.403504],[35.604664,5.401736],[35.605236,5.399261],[35.602901,5.397928],[35.60062,5.398357],[35.597954,5.399927],[35.59586,5.403258],[35.594101,5.404829],[35.590912,5.406161],[35.589958,5.40797],[35.592361,5.409945],[35.591736,5.412122],[35.588818,5.414585],[35.586342,5.416203],[35.55983,5.422922],[35.484962,5.429679],[35.291786,5.430648],[35.194614,5.276679],[34.365765,4.57663],[33.992813,4.222473],[34.039013,4.187451],[34.048569,4.178339],[34.067017,4.142168],[34.050846,4.120776],[34.064014,4.093217],[34.081795,4.084994],[34.093128,4.068714],[34.093128,4.047045],[34.090351,4.037599],[34.059792,4.027931],[34.061958,4.009374],[34.081463,4.003484],[34.095585,3.986524],[34.105949,3.976926],[34.134388,3.961648],[34.133747,3.956112],[34.134113,3.955768],[34.121712,3.908793],[34.120144,3.903669],[34.119083,3.90137],[34.115227,3.897391],[34.091244,3.885571],[34.088455,3.86161],[34.092632,3.860228],[34.108887,3.868729],[34.127838,3.872226],[34.149471,3.868942],[34.167206,3.870301],[34.16954,3.875564],[34.175377,3.879982],[34.193256,3.881789],[34.204445,3.882288],[34.215557,3.881546],[34.225391,3.851372],[34.225391,3.830832],[34.224625,3.831071],[34.213192,3.831967],[34.179516,3.83165],[34.170441,3.821014],[34.162819,3.810413],[34.157585,3.807922],[34.153168,3.807225],[34.153584,3.800336],[34.159222,3.801735],[34.162468,3.797779],[34.170738,3.800517],[34.175224,3.799423],[34.188637,3.795387],[34.188084,3.791872],[34.190369,3.783368],[34.170238,3.775136],[34.165321,3.773943],[34.171799,3.767685],[34.18848,3.771947],[34.221157,3.784497],[34.225845,3.783117],[34.226276,3.781751],[34.227077,3.774195],[34.228989,3.774576],[34.233044,3.78114],[34.235512,3.78133],[34.239796,3.783318],[34.245544,3.784256],[34.25,3.777804],[34.259018,3.765067],[34.264526,3.752343],[34.267242,3.747371],[34.283039,3.731448],[34.297127,3.72163],[34.307751,3.712412],[34.306015,3.697041],[34.303879,3.687423],[34.306396,3.688883],[34.306286,3.690322],[34.307858,3.690575],[34.308155,3.692002],[34.309734,3.694156],[34.310143,3.696989],[34.308983,3.698321],[34.31245,3.701055],[34.311684,3.703904],[34.312847,3.70541],[34.312122,3.70744],[34.313084,3.70873],[34.314415,3.713282],[34.31778,3.716392],[34.317135,3.719709],[34.324215,3.727408],[34.335976,3.731602],[34.35371,3.735324],[34.369923,3.735067],[34.37775,3.730672],[34.399776,3.706177],[34.403126,3.692868],[34.416553,3.690377],[34.424877,3.687974],[34.454784,3.676873],[34.463028,3.669586],[34.458458,3.638206],[34.453144,3.611759],[34.456253,3.581636],[34.45649,3.578743],[34.450989,3.518797],[34.445366,3.510849],[34.435009,3.5002],[34.431705,3.497205],[34.428562,3.495335],[34.4235,3.491519],[34.398022,3.488642],[34.395931,3.488854],[34.390728,3.492744],[34.388767,3.491923],[34.390396,3.484358],[34.39109,3.482856],[34.393764,3.479774],[34.398682,3.475297],[34.405697,3.467439],[34.407974,3.463737],[34.411964,3.457959],[34.413754,3.454679],[34.416512,3.45107],[34.417385,3.444756],[34.418594,3.437661],[34.418976,3.433688],[34.409992,3.418374],[34.409218,3.417636],[34.401573,3.414777],[34.401264,3.409021],[34.400627,3.402369],[34.400734,3.398729],[34.400009,3.383795],[34.400154,3.376226],[34.400631,3.371312],[34.402054,3.369479],[34.409149,3.363826],[34.416756,3.356464],[34.429241,3.34312],[34.432983,3.329648],[34.435513,3.319663],[34.437046,3.312592],[34.438286,3.307921],[34.441982,3.296952],[34.445454,3.288383],[34.447433,3.283886],[34.448288,3.279146],[34.448376,3.276274],[34.449043,3.270201],[34.450161,3.256915],[34.450756,3.253126],[34.451698,3.240975],[34.451653,3.227499],[34.455193,3.20074],[34.455437,3.18276],[34.460701,3.174294],[34.470558,3.173035],[34.482746,3.164781],[34.489227,3.154794],[34.494736,3.141456],[34.500122,3.144376],[34.513283,3.151082],[34.547592,3.138806],[34.559273,3.112994],[34.575466,3.099249],[34.57753,3.080118],[34.57795,3.069906],[34.577145,3.052733],[34.577389,3.023319],[34.582916,3.012617],[34.588268,3.004118],[34.58942,2.981979],[34.599075,2.92609],[34.632965,2.911155],[34.640137,2.907623],[34.653461,2.867507],[34.669411,2.86359],[34.685184,2.864114],[34.692669,2.862925],[34.702286,2.878069],[34.708931,2.873942],[34.710365,2.86964],[34.712322,2.865373],[34.721138,2.862226],[34.726803,2.860407],[34.732121,2.858239],[34.73698,2.855196],[34.741528,2.844214],[34.749325,2.825782],[34.759888,2.82879],[34.766605,2.822564],[34.767197,2.818682],[34.774052,2.798677],[34.781223,2.768144],[34.783848,2.749922],[34.783775,2.742857],[34.781433,2.73261],[34.774891,2.69781],[34.789478,2.683995],[34.794865,2.668046],[34.798534,2.6557],[34.830189,2.620691],[34.837639,2.604497],[34.85194,2.583547],[34.867332,2.570817],[34.878139,2.57274],[34.879398,2.589598],[34.893036,2.593235],[34.896988,2.588094],[34.904301,2.549167],[34.912659,2.516746],[34.931824,2.516606],[34.936966,2.498944],[34.947285,2.472677],[34.952686,2.472454],[34.952957,2.470187],[34.952503,2.467005],[34.951454,2.463921],[34.951431,2.459106],[34.949875,2.456969],[34.94677,2.456824],[34.944942,2.455447],[34.942776,2.455469],[34.940819,2.453111],[34.971176,2.436491],[35.009968,2.403471],[35.012363,2.404294],[35.013424,2.406949],[35.012901,2.409351],[35.009956,2.416367],[35.008541,2.421269],[35.008705,2.424727],[35.009869,2.42649],[35.011864,2.427963],[35.014362,2.428234],[35.016106,2.429455],[35.017551,2.431634],[35.020435,2.432797],[35.021404,2.433785],[35.021309,2.435742],[35.020195,2.43796],[35.019886,2.440189],[35.021763,2.441603],[35.022133,2.443327],[35.020359,2.44572],[35.016861,2.45346],[35.015659,2.454972],[35.013996,2.455631],[35.009537,2.459331],[35.008152,2.460116],[35.005615,2.462635],[35.003036,2.46618],[35.000973,2.468418],[34.998341,2.47239],[34.997322,2.475093],[34.997051,2.479433],[34.997795,2.482388],[34.997894,2.487348],[34.998466,2.489469],[35.000751,2.495069],[35.00264,2.50029],[35.004257,2.505957],[35.004684,2.508418],[35.006138,2.525061],[35.007126,2.539147],[35.007988,2.54679],[35.009605,2.554027],[35.012424,2.561806],[35.016136,2.567648],[35.018169,2.568539],[35.020485,2.56851],[35.024399,2.56665],[35.026375,2.56479],[35.028049,2.559704],[35.02874,2.553649],[35.029602,2.542983],[35.031605,2.537238],[35.035374,2.530661],[35.040886,2.521893],[35.044308,2.516885],[35.048965,2.506994],[35.054344,2.496599],[35.057781,2.489421],[35.06004,2.484083],[35.062431,2.475878],[35.063313,2.473601],[35.064972,2.466539],[35.066151,2.463691],[35.067856,2.46247],[35.072216,2.464156],[35.079742,2.468157],[35.086205,2.472448],[35.090401,2.475752],[35.093346,2.478561],[35.100983,2.488297],[35.101212,2.491253],[35.103794,2.496467],[35.104816,2.497917],[35.105919,2.502089],[35.107491,2.505147],[35.107254,2.509429],[35.107651,2.511628],[35.10947,2.51535],[35.110523,2.520583],[35.110462,2.522154],[35.109226,2.526096],[35.110218,2.529623],[35.108829,2.531864],[35.107666,2.536695],[35.10759,2.541866],[35.106838,2.543785],[35.104519,2.547531],[35.104755,2.554177],[35.105309,2.556084],[35.107632,2.560195],[35.107113,2.564672],[35.107349,2.568943],[35.109623,2.576563],[35.110443,2.58154],[35.112011,2.585408],[35.112103,2.587071],[35.11401,2.594618],[35.115658,2.598023],[35.116116,2.601879],[35.116982,2.603682],[35.119484,2.606344],[35.122402,2.610188],[35.124992,2.615359],[35.125168,2.61863],[35.125679,2.620409],[35.127708,2.6234],[35.128208,2.62714],[35.12812,2.634352],[35.129269,2.636155],[35.130508,2.644939],[35.132355,2.648917],[35.134403,2.651553],[35.135689,2.64825],[35.137054,2.646024],[35.143364,2.647928],[35.151691,2.649147],[35.154129,2.649147],[35.160538,2.64824],[35.16692,2.643486],[35.174385,2.636812],[35.177475,2.630432],[35.182194,2.6215],[35.186996,2.611442],[35.198215,2.591848],[35.201694,2.58249],[35.207432,2.568283],[35.209984,2.559644],[35.21286,2.550738],[35.217419,2.543338],[35.219151,2.539855],[35.224926,2.529918],[35.221992,2.516698],[35.220509,2.500572],[35.220127,2.493775],[35.220272,2.487492],[35.220676,2.479418],[35.221523,2.473929],[35.22179,2.468333],[35.222569,2.462265],[35.224659,2.455608],[35.227913,2.449971],[35.230442,2.446134],[35.231697,2.441386],[35.229191,2.438479],[35.226643,2.432751],[35.223515,2.418211],[35.223316,2.412046],[35.228176,2.397971],[35.236641,2.378593],[35.236042,2.372782],[35.234432,2.368246],[35.233036,2.358639],[35.232132,2.351218],[35.235111,2.346738],[35.238972,2.343514],[35.245434,2.341524],[35.247936,2.33982],[35.257847,2.333919],[35.261261,2.331681],[35.264305,2.327608],[35.266045,2.324757],[35.271145,2.319732],[35.274166,2.314032],[35.280685,2.305289],[35.285557,2.297561],[35.294449,2.279105],[35.298042,2.270693],[35.301605,2.259984],[35.308823,2.234173],[35.314396,2.211845],[35.315689,2.201972],[35.318344,2.189421],[35.321636,2.178767],[35.324863,2.166794],[35.329475,2.155831],[35.333397,2.143657],[35.337524,2.132288],[35.340317,2.125034],[35.342537,2.116705],[35.345425,2.104606],[35.350006,2.090019],[35.353844,2.078451],[35.356224,2.067646],[35.35965,2.057399],[35.361977,2.044225],[35.365795,2.036211],[35.368076,2.026309],[35.369877,2.019654],[35.371651,2.012185],[35.374939,1.992176],[35.374821,1.986671],[35.375191,1.981979],[35.374199,1.974397],[35.373367,1.96619],[35.374008,1.962845],[35.375748,1.958223],[35.379173,1.948011],[35.375431,1.947206],[35.373482,1.945745],[35.370354,1.941621],[35.369587,1.93986],[35.369232,1.934903],[35.368263,1.933101],[35.365028,1.928944],[35.365406,1.928468],[35.441658,1.8519],[35.443558,1.853369],[35.445137,1.851642],[35.445557,1.849298],[35.448223,1.850334],[35.449654,1.849323],[35.448765,1.848237],[35.449577,1.845178],[35.451996,1.84577],[35.453377,1.844413],[35.455032,1.845252],[35.457077,1.845104],[35.459385,1.845659],[35.459927,1.843636],[35.461411,1.842501],[35.463654,1.842328],[35.465382,1.840158],[35.466011,1.834619],[35.466652,1.832769],[35.468552,1.830474],[35.467171,1.828624],[35.46838,1.826946],[35.468414,1.825552],[35.464344,1.821383],[35.465206,1.818719],[35.466393,1.817855],[35.468761,1.818274],[35.468945,1.816091],[35.466995,1.813698],[35.466526,1.810688],[35.463913,1.810269],[35.463543,1.808172],[35.465984,1.808641],[35.466923,1.807678],[35.468193,1.804681],[35.471695,1.803423],[35.474262,1.804114],[35.476593,1.803731],[35.477482,1.802695],[35.477234,1.800302],[35.477951,1.798156],[35.477409,1.79633],[35.478542,1.795614],[35.480171,1.797366],[35.48138,1.797045],[35.48138,1.79522],[35.480453,1.793431],[35.481739,1.79089],[35.48275,1.79052],[35.484844,1.791285],[35.486202,1.790619],[35.488571,1.7883],[35.490704,1.788978],[35.491493,1.787892],[35.491371,1.785351],[35.492851,1.783871],[35.49485,1.782909],[35.498589,1.778949],[35.502213,1.776433],[35.504387,1.776013],[35.506187,1.773349],[35.507702,1.767342],[35.509922,1.763888],[35.511848,1.763888],[35.514339,1.765911],[35.517979,1.766343],[35.519337,1.767231],[35.5219,1.767231],[35.524948,1.768131],[35.529736,1.766799],[35.532547,1.767416],[35.536209,1.766861],[35.538506,1.767083],[35.540825,1.766195],[35.542179,1.766466],[35.545204,1.764973],[35.548164,1.764233],[35.550484,1.762136],[35.552147,1.761951],[35.554886,1.762543],[35.556416,1.761778],[35.560448,1.758707],[35.563732,1.758559],[35.570404,1.754377],[35.573586,1.753538],[35.575832,1.755315],[35.579346,1.753748],[35.581963,1.751725],[35.584675,1.752293],[35.587872,1.751713],[35.589695,1.752774],[35.592632,1.752305],[35.596912,1.753995],[35.600021,1.756807],[35.602093,1.75809],[35.604992,1.756129],[35.6063,1.753859],[35.607929,1.752404],[35.608521,1.750035],[35.610172,1.748851],[35.614082,1.748222],[35.617268,1.745039],[35.618549,1.744817],[35.621349,1.745422],[35.623989,1.743917],[35.626556,1.743375],[35.626122,1.74573],[35.626591,1.747062],[35.630836,1.74615],[35.633919,1.744275],[35.641605,1.741499],[35.64661,1.74071],[35.654224,1.738896],[35.656815,1.738033],[35.660797,1.73585],[35.663364,1.733703],[35.668114,1.727301],[35.669418,1.724686],[35.670506,1.723847],[35.678932,1.720159],[35.682137,1.71895],[35.693413,1.710957],[35.698692,1.707922],[35.702431,1.707836],[35.70512,1.707244],[35.708771,1.70569],[35.712605,1.70585],[35.71616,1.707602],[35.717613,1.707774],[35.720039,1.7071],[35.723179,1.703776],[35.728054,1.699359],[35.73156,1.697492],[35.735657,1.692893],[35.743969,1.686222],[35.748703,1.681987],[35.753349,1.677388],[35.755329,1.675908],[35.762955,1.672106],[35.762409,1.670922],[35.765915,1.66992],[35.768555,1.668509],[35.774067,1.66819],[35.778255,1.665686],[35.785702,1.663705],[35.788933,1.664206],[35.791943,1.663619],[36.096592,1.169408],[36.173958,1.170862],[36.316883,0.991261],[36.340366,0.993125],[36.341267,0.988962],[36.342335,0.987382],[36.34515,0.986454],[36.344646,0.983355],[36.346016,0.977409],[36.346077,0.974482],[36.34798,0.971854],[36.348122,0.969919],[36.349655,0.968304],[36.349934,0.966285],[36.35223,0.966269],[36.354351,0.963799],[36.358269,0.96468],[36.360016,0.963634],[36.362778,0.963163],[36.364044,0.958537],[36.366825,0.955891],[36.369537,0.955545],[36.372807,0.956414],[36.374676,0.955909],[36.376911,0.954072],[36.379597,0.954903],[36.382168,0.954266],[36.38306,0.951261],[36.387428,0.948611],[36.388329,0.947199],[36.387684,0.94461],[36.388763,0.943103],[36.389076,0.940672],[36.386871,0.940287],[36.386787,0.936927],[36.387493,0.934145],[36.38678,0.930039],[36.385899,0.927256],[36.388004,0.925265],[36.38929,0.923103],[36.392052,0.919958],[36.392063,0.918774],[36.405014,0.926038],[36.417824,0.936909],[36.436459,0.960591],[36.442669,0.971073],[36.445389,0.984273],[36.442284,0.996697],[36.439564,1.00252],[36.441116,1.002908],[36.445778,0.999802],[36.44733,0.994367],[36.44733,0.983108],[36.448494,0.980391],[36.450825,0.979226],[36.454704,0.978838],[36.458199,0.977285],[36.459366,0.97845],[36.458588,0.982332],[36.457035,0.986214],[36.457035,0.992038],[36.458588,0.996697],[36.455872,0.996697],[36.453152,0.997473],[36.453018,1.008982],[36.453514,1.014712],[36.450275,1.023183],[36.445293,1.035391],[36.441555,1.042866],[36.441307,1.048098],[36.443798,1.055323],[36.441555,1.060555],[36.440559,1.067282],[36.44405,1.073261],[36.44305,1.076251],[36.441307,1.079241],[36.438816,1.080735],[36.437321,1.086466],[36.437321,1.091947],[36.439064,1.097179],[36.438816,1.101913],[36.441059,1.103906],[36.44305,1.109138],[36.444546,1.110134],[36.444798,1.113373],[36.442055,1.11736],[36.442802,1.119851],[36.440559,1.123837],[36.439064,1.127325],[36.438816,1.132308],[36.436573,1.13455],[36.434082,1.138537],[36.433334,1.141526],[36.435577,1.143021],[36.435825,1.146011],[36.435078,1.150247],[36.435078,1.156226],[36.440063,1.161458],[36.440559,1.166939],[36.442055,1.170676],[36.442303,1.172919],[36.440559,1.176407],[36.438568,1.177652],[36.431591,1.177902],[36.430344,1.178649],[36.428852,1.181639],[36.426109,1.183133],[36.423866,1.182635],[36.422123,1.184628],[36.418636,1.186621],[36.415646,1.184628],[36.41465,1.181639],[36.407921,1.179645],[36.403934,1.177154],[36.401695,1.175161],[36.398952,1.173666],[36.392227,1.173168],[36.390232,1.175659],[36.389984,1.178898],[36.391727,1.181389],[36.391479,1.184379],[36.386993,1.186621],[36.391479,1.189362],[36.394718,1.190109],[36.396412,1.193984],[36.394966,1.198082],[36.396214,1.202317],[36.397957,1.206802],[36.39397,1.213778],[36.39397,1.220007],[36.397957,1.223993],[36.398705,1.226734],[36.403439,1.227232],[36.406178,1.229972],[36.407921,1.228976],[36.409416,1.228976],[36.412407,1.232464],[36.412907,1.228976],[36.41415,1.226484],[36.418137,1.226983],[36.419384,1.231966],[36.421627,1.236699],[36.417141,1.24243],[36.413403,1.246665],[36.413902,1.253392],[36.413403,1.259621],[36.409668,1.260119],[36.407173,1.25688],[36.406178,1.252395],[36.403934,1.251399],[36.400696,1.254887],[36.396461,1.255385],[36.392975,1.25987],[36.391727,1.26261],[36.387741,1.263358],[36.387741,1.2656],[36.39098,1.269586],[36.39447,1.269088],[36.395962,1.269586],[36.395714,1.273074],[36.394966,1.276811],[36.397457,1.27731],[36.4002,1.274818],[36.404186,1.272576],[36.407173,1.276313],[36.408173,1.279054],[36.413654,1.275815],[36.415894,1.274818],[36.417889,1.27133],[36.42038,1.269835],[36.422871,1.267095],[36.425362,1.266846],[36.426609,1.267344],[36.430096,1.267344],[36.431839,1.264853],[36.438568,1.261364],[36.440811,1.256631],[36.442802,1.255136],[36.44405,1.252645],[36.446289,1.25115],[36.448284,1.25115],[36.451023,1.253143],[36.453514,1.254388],[36.452766,1.259621],[36.453514,1.261614],[36.452766,1.263108],[36.450027,1.266098],[36.449528,1.26859],[36.450775,1.272576],[36.44878,1.274818],[36.446541,1.275815],[36.44405,1.277808],[36.44305,1.281296],[36.441307,1.28304],[36.438068,1.28877],[36.435577,1.289518],[36.434582,1.293006],[36.437569,1.29749],[36.43782,1.302722],[36.435825,1.304217],[36.432587,1.304217],[36.430595,1.301227],[36.425861,1.300231],[36.420879,1.295497],[36.419384,1.294501],[36.417641,1.295746],[36.415894,1.298487],[36.410664,1.299733],[36.407673,1.301227],[36.404682,1.299733],[36.403439,1.30048],[36.401943,1.308203],[36.399452,1.307705],[36.395714,1.307954],[36.393223,1.311193],[36.390484,1.312937],[36.392227,1.315678],[36.39447,1.316923],[36.401695,1.316923],[36.403934,1.317173],[36.405682,1.318917],[36.406178,1.322405],[36.409916,1.324149],[36.410164,1.328633],[36.413403,1.330876],[36.416145,1.331374],[36.417389,1.334114],[36.419632,1.334613],[36.421127,1.336855],[36.421127,1.340592],[36.420628,1.345824],[36.422371,1.347817],[36.426109,1.347817],[36.428852,1.350558],[36.432091,1.350807],[36.435078,1.352053],[36.435825,1.355541],[36.437569,1.360025],[36.441307,1.362268],[36.444546,1.363762],[36.44878,1.365008],[36.451275,1.367998],[36.453266,1.369244],[36.455757,1.367749],[36.458248,1.368745],[36.462234,1.378462],[36.462734,1.382199],[36.465725,1.387431],[36.46423,1.391168],[36.46423,1.39366],[36.466473,1.396649],[36.466473,1.398643],[36.464478,1.400636],[36.462982,1.402878],[36.460991,1.403376],[36.458996,1.400636],[36.455009,1.398144],[36.454014,1.398892],[36.453514,1.401881],[36.451023,1.404871],[36.44928,1.406117],[36.44878,1.409854],[36.447289,1.412096],[36.445045,1.412096],[36.443302,1.410103],[36.441059,1.409605],[36.440063,1.411598],[36.438316,1.412096],[36.436825,1.410103],[36.431591,1.410103],[36.429348,1.408608],[36.427605,1.40811],[36.426609,1.409854],[36.428104,1.413591],[36.426857,1.415086],[36.423618,1.417328],[36.421127,1.415584],[36.418385,1.417578],[36.417141,1.417578],[36.415646,1.418823],[36.415398,1.421564],[36.412159,1.422062],[36.410164,1.425052],[36.40892,1.428291],[36.406925,1.42854],[36.40543,1.430284],[36.402939,1.432028],[36.401196,1.432526],[36.3997,1.434021],[36.397709,1.437509],[36.392227,1.443239],[36.389484,1.444983],[36.385002,1.444236],[36.382511,1.442492],[36.380268,1.441495],[36.375286,1.441495],[36.372295,1.440997],[36.368809,1.439004],[36.362827,1.438007],[36.358341,1.439502],[36.35585,1.436014],[36.353859,1.436761],[36.351116,1.438755],[36.347878,1.438755],[36.342148,1.445232],[36.337166,1.451212],[36.333179,1.455447],[36.325706,1.464666],[36.322716,1.467904],[36.31823,1.469898],[36.310509,1.469898],[36.305275,1.468901],[36.299297,1.465413],[36.294064,1.46342],[36.288582,1.463918],[36.286339,1.466908],[36.286591,1.469898],[36.289829,1.473635],[36.291573,1.47787],[36.291573,1.481607],[36.29755,1.488334],[36.297802,1.491075],[36.296803,1.493566],[36.296307,1.497054],[36.293816,1.502037],[36.296059,1.506023],[36.295059,1.508266],[36.294811,1.51275],[36.295559,1.514993],[36.295559,1.517235],[36.294811,1.519726],[36.294811,1.522467],[36.295311,1.525457],[36.296555,1.529941],[36.296059,1.53318],[36.29805,1.534675],[36.299046,1.537166],[36.299793,1.542149],[36.302784,1.545139],[36.306271,1.54763],[36.309013,1.548129],[36.312,1.55062],[36.320972,1.559589],[36.325455,1.566565],[36.329193,1.569057],[36.331184,1.57105],[36.333927,1.570801],[36.336918,1.571548],[36.338661,1.576531],[36.339905,1.578026],[36.340904,1.575534],[36.340904,1.570801],[36.342648,1.570552],[36.346882,1.57105],[36.351116,1.572296],[36.352116,1.571299],[36.357845,1.570801],[36.360088,1.572046],[36.361832,1.575285],[36.359837,1.578275],[36.360584,1.583507],[36.357845,1.587742],[36.359589,1.590234],[36.363327,1.591231],[36.364323,1.592227],[36.364822,1.59422],[36.366814,1.595715],[36.369305,1.595217],[36.372295,1.592227],[36.373043,1.589237],[36.374786,1.584753],[36.374786,1.581514],[36.374039,1.578026],[36.372295,1.574289],[36.371548,1.569057],[36.369305,1.563576],[36.369553,1.55934],[36.372047,1.553859],[36.372047,1.547879],[36.373539,1.544392],[36.377525,1.540405],[36.377525,1.537166],[36.379272,1.53318],[36.383507,1.531187],[36.38475,1.528695],[36.384254,1.525207],[36.385002,1.522716],[36.393471,1.522716],[36.395466,1.524211],[36.398205,1.531187],[36.398457,1.534675],[36.400448,1.538163],[36.402443,1.540654],[36.402691,1.542897],[36.405682,1.545388],[36.405682,1.548129],[36.407425,1.550122],[36.407673,1.552862],[36.409916,1.561084],[36.412159,1.563077],[36.413155,1.566067],[36.417641,1.566316],[36.417889,1.56806],[36.41988,1.571548],[36.422371,1.571548],[36.424366,1.573541],[36.425114,1.576282],[36.425114,1.580517],[36.426357,1.583258],[36.429848,1.583507],[36.431343,1.584504],[36.430843,1.590234],[36.431091,1.597957],[36.435329,1.600698],[36.436825,1.60294],[36.436825,1.609418],[36.438068,1.612408],[36.440311,1.615646],[36.442554,1.618138],[36.446789,1.618387],[36.44878,1.617889],[36.450027,1.615148],[36.452271,1.612906],[36.453514,1.612408],[36.455509,1.613903],[36.459248,1.613404],[36.463978,1.613155],[36.465473,1.61465],[36.465725,1.616892],[36.461987,1.619135],[36.461987,1.622373],[36.464478,1.623868],[36.465725,1.62636],[36.465473,1.6291],[36.467716,1.631343],[36.465973,1.635578],[36.468964,1.638319],[36.470459,1.643301],[36.469212,1.648035],[36.468464,1.65252],[36.469959,1.65825],[36.471951,1.663233],[36.475441,1.663233],[36.477184,1.667468],[36.478928,1.668465],[36.477932,1.671455],[36.477932,1.673448],[36.476936,1.675441],[36.477932,1.677434],[36.480423,1.678431],[36.483414,1.680424],[36.485405,1.682915],[36.485157,1.685158],[36.483662,1.688646],[36.483662,1.692134],[36.485657,1.694625],[36.485657,1.697116],[36.484161,1.700355],[36.484161,1.702847],[36.486404,1.704342],[36.490139,1.705089],[36.494873,1.70484],[36.498859,1.706086],[36.500854,1.708577],[36.501602,1.71057],[36.501102,1.713062],[36.499607,1.715304],[36.499359,1.717546],[36.500854,1.719539],[36.503841,1.720536],[36.505089,1.722529],[36.504841,1.725768],[36.506332,1.727761],[36.505589,1.731249],[36.507828,1.732744],[36.511566,1.737976],[36.513557,1.739969],[36.5158,1.741215],[36.518543,1.740966],[36.519039,1.74271],[36.519039,1.745949],[36.516052,1.748938],[36.520535,1.750433],[36.523773,1.752925],[36.525269,1.754918],[36.524273,1.762143],[36.524025,1.765631],[36.52153,1.766627],[36.519291,1.766627],[36.518791,1.763139],[36.518791,1.759402],[36.516548,1.758157],[36.514557,1.757658],[36.513062,1.758406],[36.515053,1.760648],[36.513809,1.763139],[36.510319,1.763638],[36.508827,1.765631],[36.50758,1.771361],[36.511066,1.766627],[36.513557,1.765133],[36.516548,1.765133],[36.517544,1.769866],[36.517796,1.773354],[36.513557,1.776842],[36.514305,1.778586],[36.519539,1.778586],[36.520039,1.782573],[36.520786,1.785064],[36.522278,1.786061],[36.519039,1.789798],[36.518543,1.791293],[36.522278,1.791791],[36.523525,1.791293],[36.525517,1.791791],[36.524521,1.795279],[36.524769,1.797272],[36.527264,1.798269],[36.529255,1.799764],[36.529007,1.802255],[36.529503,1.805245],[36.528755,1.807238],[36.527264,1.807736],[36.523277,1.806989],[36.521782,1.805992],[36.519291,1.805992],[36.5163,1.809978],[36.516052,1.812968],[36.513557,1.815958],[36.514557,1.818948],[36.514057,1.822436],[36.511318,1.825924],[36.511814,1.82692],[36.515305,1.824429],[36.518044,1.823432],[36.519291,1.824927],[36.518791,1.827917],[36.52153,1.829412],[36.52153,1.831903],[36.518543,1.834145],[36.517544,1.835391],[36.518791,1.836388],[36.518791,1.838381],[36.520535,1.839876],[36.520535,1.842367],[36.522778,1.844609],[36.523026,1.846353],[36.521034,1.848346],[36.520039,1.85034],[36.520039,1.852084],[36.518044,1.85308],[36.515053,1.852084],[36.513309,1.849343],[36.512066,1.849592],[36.512814,1.852831],[36.512814,1.855821],[36.510818,1.857814],[36.509823,1.859558],[36.510818,1.863793],[36.512314,1.868527],[36.511566,1.8765],[36.512066,1.879489],[36.517544,1.87924],[36.519539,1.880735],[36.519291,1.88223],[36.523277,1.883227],[36.524521,1.886715],[36.524025,1.892196],[36.526516,1.89095],[36.528011,1.893691],[36.535236,1.894936],[36.53648,1.898674],[36.535236,1.900418],[36.535984,1.901663],[36.535984,1.904653],[36.533989,1.906646],[36.537476,1.913373],[36.53648,1.91711],[36.538223,1.918605],[36.539471,1.92309],[36.539471,1.926578],[36.538723,1.928322],[36.535984,1.93156],[36.536232,1.934301],[36.537975,1.936792],[36.538223,1.942772],[36.534985,1.94626],[36.535484,1.950994],[36.537228,1.953983],[36.538475,1.956973],[36.536728,1.959714],[36.537476,1.961956],[36.536232,1.9637],[36.534489,1.963451],[36.529503,1.953236],[36.528755,1.952239],[36.526516,1.953485],[36.529503,1.963949],[36.532246,1.966939],[36.534985,1.968434],[36.535236,1.970178],[36.537727,1.971174],[36.537975,1.974164],[36.537727,1.977901],[36.539223,1.981638],[36.540966,1.984877],[36.541962,1.988863],[36.541214,1.992351],[36.540966,1.996089],[36.539375,2.000535],[36.539356,2.003921],[36.540192,2.00674],[36.541344,2.007499],[36.546116,2.007101],[36.546558,2.014985],[36.546478,2.01719],[36.543781,2.021108],[36.543457,2.022659],[36.544682,2.024863],[36.547161,2.025051],[36.544518,2.029272],[36.544846,2.030497],[36.546886,2.032619],[36.549252,2.031476],[36.55505,2.042988],[36.555458,2.044294],[36.555214,2.048131],[36.558071,2.050743],[36.559948,2.049845],[36.561745,2.052458],[36.56411,2.054744],[36.567703,2.056866],[36.568356,2.060295],[36.566433,2.066744],[36.566479,2.068867],[36.565418,2.074908],[36.56509,2.079072],[36.565212,2.082019],[36.566807,2.089604],[36.565536,2.09513],[36.563541,2.098584],[36.563168,2.101924],[36.564518,2.105932],[36.56945,2.110466],[36.576603,2.117687],[36.579109,2.120795],[36.580276,2.123157],[36.581173,2.127239],[36.58305,2.138016],[36.58395,2.14071],[36.585869,2.14425],[36.587868,2.146506],[36.589203,2.146896],[36.593502,2.146016],[36.596207,2.148623],[36.597748,2.152221],[36.600277,2.15516],[36.60289,2.156793],[36.604034,2.158262],[36.606728,2.159079],[36.609665,2.162589],[36.612114,2.163161],[36.612442,2.162181],[36.609341,2.156793],[36.611134,2.156221],[36.619381,2.161283],[36.623791,2.161528],[36.633095,2.162997],[36.6362,2.163895],[36.649506,2.169528],[36.656281,2.173366],[36.663467,2.179488],[36.668121,2.184632],[36.670353,2.18644],[36.67506,2.18904],[36.681755,2.193367],[36.686569,2.195735],[36.691322,2.196755],[36.699223,2.197939],[36.701511,2.199735],[36.702408,2.20349],[36.701153,2.206265],[36.700531,2.208797],[36.699551,2.216798],[36.699879,2.218267],[36.701672,2.220145],[36.705429,2.221781],[36.710655,2.223247],[36.711552,2.225778],[36.71196,2.230758],[36.711632,2.232391],[36.709511,2.236228],[36.709347,2.239493],[36.71204,2.242596],[36.713428,2.245535],[36.713757,2.247821],[36.713757,2.252311],[36.713348,2.254025],[36.71138,2.256872],[36.707306,2.25974],[36.706573,2.261944],[36.707634,2.263904],[36.710655,2.266271],[36.714489,2.266516],[36.716778,2.269863],[36.72094,2.272721],[36.722816,2.275007],[36.722622,2.280603],[36.721268,2.284558],[36.721592,2.287742],[36.723415,2.292132],[36.722164,2.296396],[36.722408,2.298029],[36.723713,2.300974],[36.600964,2.360014],[36.600895,2.405736],[36.592407,2.412012],[36.590725,2.414103],[36.587448,2.409532],[36.585793,2.407969],[36.583805,2.407078],[36.577499,2.407146],[36.57589,2.406152],[36.574482,2.404371],[36.569241,2.405296],[36.566463,2.404885],[36.565815,2.404062],[36.565197,2.401047],[36.563622,2.399676],[36.561668,2.398888],[36.560432,2.397448],[36.559097,2.397071],[36.554642,2.397962],[36.550461,2.399779],[36.546726,2.403103],[36.542271,2.403719],[36.540352,2.404576],[36.538193,2.406804],[36.537201,2.408825],[36.535351,2.416433],[36.532883,2.42243],[36.532059,2.425171],[36.531067,2.43038],[36.529556,2.434081],[36.524487,2.442614],[36.52356,2.444773],[36.522705,2.448371],[36.522533,2.450667],[36.523113,2.457383],[36.524616,2.465378],[36.526798,2.470078],[36.527641,2.474387],[36.526905,2.478669],[36.525513,2.484435],[36.526764,2.494585],[36.528896,2.49831],[36.529266,2.500156],[36.528049,2.506474],[36.527843,2.509185],[36.528469,2.51506],[36.528469,2.522221],[36.527493,2.523489],[36.52314,2.526075],[36.522472,2.528584],[36.52248,2.532025],[36.521931,2.534318],[36.520752,2.536717],[36.517895,2.544164],[36.517143,2.547508],[36.516224,2.549461],[36.513927,2.558855],[36.512978,2.560694],[36.508869,2.564314],[36.503872,2.567215],[36.500023,2.57026],[36.493069,2.574311],[36.491634,2.576035],[36.489422,2.580143],[36.482147,2.588753],[36.479164,2.593185],[36.476437,2.596202],[36.473045,2.600511],[36.472095,2.603384],[36.472042,2.607406],[36.471638,2.608641],[36.469818,2.609998],[36.464314,2.609302],[36.461384,2.609445],[36.45808,2.610537],[36.453625,2.611025],[36.451042,2.612749],[36.44952,2.614501],[36.4459,2.620936],[36.441849,2.624298],[36.441158,2.625504],[36.440411,2.629411],[36.436764,2.633548],[36.436447,2.635013],[36.436855,2.638116],[36.436188,2.643861],[36.433918,2.648716],[36.433231,2.653313],[36.433575,2.657909],[36.434753,2.666643],[36.434753,2.669918],[36.434269,2.672304],[36.432541,2.676123],[36.432396,2.677904],[36.434761,2.686454],[36.437008,2.691074],[36.438492,2.693303],[36.444389,2.700621],[36.445683,2.702786],[36.445747,2.705596],[36.445198,2.706372],[36.441803,2.707761],[36.436619,2.711509],[36.430771,2.714045],[36.429527,2.715499],[36.427055,2.719667],[36.42601,2.722056],[36.423882,2.728636],[36.420692,2.733672],[36.41972,2.737436],[36.420208,2.741798],[36.419868,2.747161],[36.418331,2.75212],[36.41835,2.758243],[36.417542,2.761991],[36.414261,2.765803],[36.41153,2.769486],[36.409737,2.774898],[36.406006,2.779437],[36.403324,2.786012],[36.398445,2.792538],[36.394539,2.799743],[36.392387,2.80614],[36.388416,2.813135],[36.386429,2.817157],[36.38578,2.819257],[36.385571,2.823812],[36.385056,2.827189],[36.383133,2.830026],[36.381809,2.83386],[36.378899,2.838319],[36.375168,2.842487],[36.37154,2.845947],[36.365685,2.850984],[36.362537,2.856557],[36.358772,2.860773],[36.353378,2.86213],[36.351276,2.861839],[36.344574,2.862792],[36.337353,2.866007],[36.333763,2.86857],[36.323959,2.872372],[36.31905,2.874763],[36.314606,2.878139],[36.311779,2.878931],[36.309761,2.880384],[36.304455,2.883315],[36.299953,2.886135],[36.297256,2.887379],[36.294624,2.886894],[36.28981,2.887621],[36.28632,2.888736],[36.282993,2.89019],[36.281635,2.891208],[36.277081,2.896506],[36.274513,2.900141],[36.270149,2.905536],[36.268963,2.907795],[36.268116,2.910706],[36.266953,2.918379],[36.265125,2.92434],[36.262009,2.929913],[36.260895,2.932611],[36.26017,2.936036],[36.259907,2.944258],[36.259209,2.949682],[36.257759,2.954613],[36.257374,2.95857],[36.2565,2.961624],[36.25386,2.965071],[36.252785,2.964386],[36.253914,2.962011],[36.254528,2.958861],[36.254208,2.956034],[36.252235,2.952062],[36.246273,2.949201],[36.243721,2.950526],[36.241379,2.952367],[36.23579,2.95605],[36.23217,2.957213],[36.230396,2.956438],[36.225712,2.958538],[36.223919,2.958473],[36.224094,2.955953],[36.222206,2.954871],[36.218975,2.957375],[36.216663,2.958667],[36.210735,2.960267],[36.205135,2.960692],[36.200443,2.961995],[36.198215,2.963384],[36.192585,2.967775],[36.191334,2.968344],[36.189316,2.967617],[36.186359,2.967584],[36.183918,2.966841],[36.182159,2.967051],[36.179478,2.966244],[36.177425,2.966357],[36.172066,2.968096],[36.168201,2.968085],[36.163727,2.966696],[36.159706,2.967988],[36.155697,2.968134],[36.152126,2.969006],[36.148705,2.968683],[36.143307,2.968893],[36.138397,2.969345],[36.136501,2.96911],[36.134422,2.967116],[36.133064,2.967261],[36.133003,2.969378],[36.134972,2.972043],[36.135685,2.976082],[36.136944,2.978456],[36.135555,2.979538],[36.131306,2.976744],[36.129642,2.974191],[36.128429,2.974401],[36.129673,2.980282],[36.128155,2.981154],[36.125717,2.979312],[36.124165,2.979328],[36.12344,2.981299],[36.124214,2.988213],[36.125942,2.993173],[36.127186,3.00083],[36.127995,3.003931],[36.13208,3.010587],[36.133099,3.011831],[36.135715,3.01322],[36.137047,3.015049],[36.136944,3.021184],[36.138027,3.024415],[36.137184,3.027839],[36.137897,3.03107],[36.140358,3.03448],[36.141144,3.036239],[36.141571,3.040789],[36.142479,3.046449],[36.142841,3.056047],[36.142033,3.060773],[36.139828,3.063042],[36.140781,3.067728],[36.1413,3.07298],[36.143475,3.074791],[36.145737,3.074406],[36.148365,3.075289],[36.149879,3.078368],[36.151577,3.080337],[36.152733,3.082533],[36.153233,3.085838],[36.153526,3.090705],[36.153187,3.092041],[36.15099,3.09469],[36.150604,3.098085],[36.152348,3.110196],[36.152935,3.115856],[36.153095,3.124119],[36.152416,3.131589],[36.150967,3.137656],[36.147118,3.144674],[36.143406,3.148962],[36.141823,3.148409],[36.141121,3.150378],[36.140869,3.154928],[36.141346,3.157396],[36.143883,3.164731],[36.146984,3.172722],[36.149902,3.181211],[36.152576,3.189881],[36.153297,3.194069],[36.153683,3.199208],[36.153751,3.207289],[36.154377,3.211206],[36.15416,3.214601],[36.152122,3.220532],[36.150356,3.222751],[36.148071,3.224064],[36.146996,3.223732],[36.14325,3.218744],[36.14225,3.215099],[36.144108,3.214262],[36.144741,3.2127],[36.14397,3.21064],[36.142342,3.209463],[36.139061,3.209757],[36.131702,3.211115],[36.127266,3.212858],[36.122852,3.21399],[36.11882,3.218246],[36.116737,3.219831],[36.11425,3.221053],[36.110016,3.221687],[36.10585,3.221234],[36.102749,3.221506],[36.093765,3.224594],[36.090183,3.224815],[36.088646,3.226011],[36.086994,3.22635],[36.083736,3.225972],[36.079952,3.226079],[36.074951,3.227256],[36.071941,3.228673],[36.064651,3.233979],[36.059155,3.23749],[36.052086,3.240567],[36.049816,4.05662],[36.05061,4.456218]]]},"properties":{"code":305}},{"type":"Feature","geometry":{"type":"Polygon","coordinates":[[[36.600895,2.405736],[36.603542,2.403274],[36.604538,2.401698],[36.605049,2.398134],[36.607174,2.396797],[36.608887,2.396557],[36.612556,2.397722],[36.617626,2.398922],[36.618999,2.399813],[36.619991,2.402863],[36.621189,2.405193],[36.621361,2.408551],[36.620506,2.412389],[36.621464,2.414994],[36.623245,2.415816],[36.629688,2.41328],[36.631218,2.411721],[36.631298,2.409169],[36.632717,2.408594],[36.63356,2.405501],[36.634933,2.405262],[36.63723,2.406804],[36.638084,2.410607],[36.639832,2.410162],[36.639706,2.408094],[36.638672,2.403883],[36.638634,2.396352],[36.637604,2.392822],[36.637913,2.391828],[36.640793,2.396489],[36.64254,2.403377],[36.643364,2.405776],[36.643703,2.409031],[36.643021,2.415611],[36.643192,2.417735],[36.644871,2.418249],[36.646206,2.413726],[36.647816,2.414103],[36.649052,2.417495],[36.650112,2.418935],[36.652065,2.419791],[36.654327,2.419003],[36.656246,2.419826],[36.657993,2.422738],[36.661079,2.430311],[36.663101,2.433121],[36.664402,2.435794],[36.667076,2.438433],[36.668377,2.441449],[36.67112,2.445458],[36.67421,2.448812],[36.677563,2.451147],[36.680336,2.454676],[36.683491,2.457281],[36.685787,2.458754],[36.687981,2.458891],[36.691578,2.45639],[36.696751,2.454299],[36.698601,2.455122],[36.69939,2.458617],[36.697403,2.46386],[36.697472,2.466225],[36.698193,2.468349],[36.70042,2.471433],[36.702953,2.47743],[36.703091,2.480763],[36.701859,2.483941],[36.701344,2.486443],[36.702168,2.494701],[36.702202,2.497546],[36.701206,2.503714],[36.700897,2.508374],[36.699718,2.512368],[36.701733,2.513294],[36.705513,2.51273],[36.706879,2.511652],[36.707737,2.508504],[36.70871,2.508224],[36.710983,2.509226],[36.714966,2.508677],[36.72467,2.512031],[36.727013,2.512571],[36.732159,2.512715],[36.736034,2.51365],[36.739929,2.515011],[36.741489,2.514681],[36.743801,2.515067],[36.746258,2.514122],[36.747868,2.514248],[36.752445,2.516504],[36.756699,2.516061],[36.772362,2.472309],[36.798141,2.401521],[36.843517,2.274762],[36.844913,2.274217],[36.865791,2.253846],[36.889996,2.20394],[36.892853,2.197492],[36.89476,2.194223],[36.896667,2.192452],[36.897213,2.188228],[36.899937,2.173788],[36.90239,2.161936],[36.90271,2.158167],[36.903526,2.155261],[36.915287,2.125653],[36.912746,2.10003],[36.919994,2.099529],[36.920063,2.094473],[36.918568,2.088063],[36.918247,2.08347],[36.91946,2.074248],[36.919781,2.067162],[36.920635,2.063601],[36.920925,2.057415],[36.918995,2.051601],[36.919601,2.048218],[36.919315,2.043304],[36.918499,2.038497],[36.918888,2.033797],[36.917965,2.028563],[36.916042,2.021583],[36.915756,2.018023],[36.917751,2.016634],[36.919964,2.016406],[36.925343,2.016906],[36.927078,2.017631],[36.931496,2.020729],[36.935875,2.023293],[36.940968,2.025073],[36.944492,2.0255],[36.950012,2.025109],[36.960651,2.016663],[36.966213,2.013073],[36.971375,2.010225],[36.978462,2.005595],[36.996639,1.992483],[37.001675,1.988264],[37.005894,1.985491],[37.008999,1.984677],[37.012917,1.984255],[37.019035,1.984255],[37.027172,1.983019],[37.03281,1.982597],[37.042091,1.982507],[37.047878,1.982778],[37.063854,1.983011],[37.081364,1.983019],[37.090771,1.983411],[37.09668,1.983248],[37.099903,1.982597],[37.103397,1.981301],[37.107376,1.979342],[37.110962,1.978258],[37.120941,1.976087],[37.123531,1.974942],[37.126755,1.97238],[37.131065,1.970722],[37.137756,1.97036],[37.149452,1.968311],[37.154514,1.966502],[37.158615,1.965598],[37.165909,1.961378],[37.168171,1.960444],[37.171967,1.959871],[37.174919,1.958214],[37.176819,1.958003],[37.179531,1.959178],[37.180767,1.949714],[37.185139,1.939316],[37.186916,1.935548],[37.189899,1.931449],[37.193336,1.928405],[37.196682,1.926295],[37.203342,1.919996],[37.206192,1.918148],[37.210667,1.91439],[37.214283,1.912943],[37.216995,1.911105],[37.21986,1.907036],[37.224743,1.905046],[37.227001,1.903811],[37.232098,1.900224],[37.233723,1.898506],[37.23645,1.894697],[37.238125,1.893292],[37.239994,1.890217],[37.240959,1.885847],[37.244484,1.882682],[37.246834,1.881266],[37.248917,1.880783],[37.252594,1.880813],[37.259312,1.879397],[37.263653,1.879367],[37.265491,1.879035],[37.266697,1.877649],[37.268627,1.871922],[37.277,1.8482],[37.282852,1.832438],[37.306107,1.765452],[37.350548,1.742138],[37.430843,1.608104],[37.442989,1.587368],[37.469196,1.554285],[37.499874,1.501168],[37.557804,1.396207],[37.561176,1.393956],[37.562061,1.39125],[37.56358,1.39034],[37.566208,1.390163],[37.568989,1.389278],[37.569798,1.388469],[37.570911,1.384777],[37.573017,1.380993],[37.573997,1.380428],[37.576778,1.380377],[37.578724,1.376382],[37.581604,1.3723],[37.582138,1.370844],[37.581635,1.369099],[37.579231,1.36647],[37.580215,1.365155],[37.58239,1.366672],[37.584061,1.366798],[37.587448,1.36824],[37.588181,1.373373],[37.588917,1.375244],[37.589371,1.379087],[37.59544,1.384145],[37.595894,1.385232],[37.595921,1.388823],[37.597565,1.391427],[37.599335,1.390618],[37.600708,1.387242],[37.600975,1.384119],[37.603504,1.379138],[37.606014,1.376645],[37.608715,1.37532],[37.610989,1.375598],[37.616653,1.377874],[37.619358,1.377823],[37.62146,1.376938],[37.622395,1.378936],[37.62151,1.382324],[37.623859,1.384195],[37.628464,1.383437],[37.629738,1.383728],[37.631802,1.386345],[37.632938,1.388696],[37.634407,1.389758],[37.639362,1.391098],[37.644569,1.396055],[37.646744,1.399165],[37.648617,1.399822],[37.6539,1.400935],[37.655167,1.399696],[37.655949,1.396636],[37.65686,1.395422],[37.658325,1.3957],[37.660423,1.398128],[37.662327,1.398367],[37.66394,1.397648],[37.667759,1.399165],[37.67054,1.399544],[37.671551,1.401592],[37.674637,1.403236],[37.677292,1.402503],[37.681641,1.399544],[37.683636,1.398962],[37.686443,1.399974],[37.690853,1.40208],[37.693981,1.403033],[37.699516,1.403691],[37.706169,1.40622],[37.709988,1.407231],[37.716965,1.40761],[37.720581,1.406928],[37.724903,1.405638],[37.72971,1.407004],[37.734539,1.406981],[37.7374,1.407616],[37.74157,1.41005],[37.744705,1.411306],[37.746567,1.41295],[37.74794,1.413364],[37.751266,1.412238],[37.755295,1.411849],[37.756977,1.412186],[37.760296,1.413759],[37.761921,1.414011],[37.766129,1.413571],[37.76807,1.413998],[37.770855,1.412846],[37.772408,1.40983],[37.774429,1.411798],[37.777458,1.411422],[37.778599,1.412056],[37.780022,1.416665],[37.781506,1.419217],[37.783081,1.419413],[37.784378,1.41837],[37.78653,1.415429],[37.793579,1.414132],[37.796741,1.41584],[37.798561,1.417785],[37.800472,1.418401],[37.804554,1.417548],[37.809422,1.418054],[37.811573,1.418812],[37.815147,1.422038],[37.81834,1.42305],[37.822926,1.421437],[37.825867,1.420836],[37.827637,1.421659],[37.830738,1.424821],[37.836113,1.42558],[37.838737,1.425232],[37.84174,1.425485],[37.843418,1.426181],[37.844334,1.427983],[37.843132,1.429659],[37.843323,1.431999],[37.845695,1.434402],[37.846485,1.437059],[37.845978,1.442213],[37.846546,1.44351],[37.848919,1.446008],[37.849583,1.447779],[37.848824,1.452712],[37.849838,1.455399],[37.852123,1.459064],[37.950619,1.386963],[37.945293,1.26288],[38.339664,1.577416],[38.383167,1.761283],[38.962555,2.097388],[38.961239,2.098876],[38.956375,2.102721],[38.954185,2.106224],[38.951233,2.114371],[38.9501,2.119682],[38.948826,2.123946],[38.946228,2.129733],[38.944225,2.136203],[38.942402,2.141097],[38.941193,2.146485],[38.939213,2.151396],[38.936977,2.156136],[38.935844,2.161199],[38.936245,2.165577],[38.937225,2.168338],[38.937717,2.171383],[38.938015,2.176789],[38.938042,2.184708],[38.937862,2.189848],[38.937092,2.195882],[38.937225,2.198833],[38.937977,2.203173],[38.93848,2.210882],[38.938328,2.214823],[38.937557,2.218687],[38.937252,2.223046],[38.934311,2.2437],[38.932911,2.249924],[38.929276,2.260642],[38.928989,2.262564],[38.929077,2.268941],[38.928932,2.274233],[38.927162,2.279125],[38.926125,2.282932],[38.926594,2.28712],[38.928574,2.290432],[38.929516,2.295896],[38.930485,2.299322],[38.933777,2.309259],[38.935566,2.313618],[38.93615,2.315845],[38.936054,2.317901],[38.934444,2.324944],[38.933311,2.330959],[38.93256,2.339221],[38.93158,2.343961],[38.931484,2.346435],[38.932064,2.349005],[38.932549,2.355801],[38.93417,2.360046],[38.934853,2.37004],[38.934265,2.374342],[38.932217,2.377007],[38.930866,2.380566],[38.930676,2.393587],[38.929733,2.399374],[38.928162,2.411956],[38.927391,2.414164],[38.924137,2.418733],[38.92152,2.424977],[38.921127,2.42827],[38.915943,2.437597],[38.914467,2.440833],[38.913952,2.443574],[38.914066,2.446982],[38.913525,2.449875],[38.908707,2.461944],[38.905567,2.469292],[38.904663,2.472851],[38.901989,2.4794],[38.901665,2.481417],[38.901409,2.487147],[38.90041,2.489774],[38.899399,2.495371],[38.89785,2.500567],[38.895966,2.504089],[38.893719,2.513835],[38.892784,2.527712],[38.892281,2.532338],[38.891308,2.536678],[38.890034,2.53999],[38.888611,2.542645],[38.9627,2.561916],[38.968033,2.563249],[38.9767,2.566915],[38.981697,2.571247],[39.043419,2.676023],[39.040791,2.68173],[39.03772,2.684602],[39.036213,2.686868],[39.035934,2.689858],[39.036774,2.692007],[39.039204,2.694436],[39.043034,2.697052],[39.046024,2.700136],[39.048267,2.704153],[39.048454,2.712095],[39.050602,2.721438],[39.052471,2.726484],[39.055271,2.730595],[39.058449,2.733584],[39.063026,2.736294],[39.065987,2.737581],[39.065071,2.882312],[39.068592,2.882365],[39.07851,2.882122],[39.098843,2.882407],[39.10297,2.882805],[39.105217,2.88353],[39.111816,2.883346],[39.112537,2.892791],[39.113522,2.898468],[39.116058,2.911502],[39.117229,2.916055],[39.120743,2.923167],[39.123562,2.931319],[39.124817,2.933444],[39.127419,2.935179],[39.133797,2.93622],[39.137524,2.938605],[39.139606,2.941033],[39.142998,2.947272],[39.147411,2.952828],[39.149757,2.954177],[39.153282,2.954746],[39.202168,2.956906],[39.248104,2.989059],[39.248367,2.99439],[39.249424,2.995868],[39.261353,3.006109],[39.268742,3.013868],[39.28236,3.026695],[39.2869,3.031815],[39.289326,3.035298],[39.311974,3.046225],[39.324005,3.052823],[39.330921,3.058101],[39.33736,3.062271],[39.346756,3.070083],[39.34565,3.098693],[39.345913,3.113314],[39.345703,3.124293],[39.34528,3.138175],[39.344486,3.155436],[39.342361,3.248431],[39.341743,3.255357],[39.339157,3.274043],[39.33831,3.277368],[39.336781,3.279849],[39.333035,3.283069],[39.330528,3.284595],[39.328968,3.28613],[39.328178,3.288664],[39.327492,3.298851],[39.326225,3.307508],[39.325855,3.314634],[39.324589,3.324874],[39.323586,3.330258],[39.316936,3.381386],[39.313522,3.406771],[39.310322,3.412936],[39.306404,3.416984],[39.301735,3.426584],[39.301823,3.429677],[39.301388,3.432421],[39.300358,3.435639],[39.299751,3.440707],[39.300129,3.443887],[39.302784,3.450628],[39.304127,3.454888],[39.305176,3.456784],[39.307774,3.45979],[39.310165,3.462037],[39.31221,3.465742],[39.316677,3.470206],[39.318115,3.47197],[39.305302,3.474106],[39.300354,3.475658],[39.298126,3.476918],[39.295116,3.47944],[39.292114,3.48037],[39.287067,3.480216],[39.28125,3.478955],[39.274075,3.475852],[39.271164,3.474203],[39.269417,3.472748],[39.266315,3.472748],[39.261852,3.475173],[39.259624,3.474882],[39.257393,3.477113],[39.255161,3.477597],[39.249538,3.476918],[39.232662,3.47944],[39.228104,3.482834],[39.22723,3.483125],[39.20919,3.481186],[39.201199,3.479816],[39.196999,3.479592],[39.193092,3.480022],[39.191563,3.481889],[39.190388,3.489284],[39.190273,3.494102],[39.179741,3.490573],[39.174568,3.491951],[39.169041,3.494472],[39.162823,3.497688],[39.157951,3.500993],[39.155174,3.503201],[39.153038,3.502134],[39.151585,3.502619],[39.15078,3.505475],[39.151173,3.50738],[39.152748,3.509795],[39.152748,3.51125],[39.146446,3.51319],[39.143341,3.512123],[39.141262,3.512442],[39.137524,3.513966],[39.13345,3.512705],[39.131786,3.512758],[39.124138,3.515905],[39.117352,3.519397],[39.106228,3.524244],[39.101002,3.529123],[39.089802,3.540531],[39.087189,3.541355],[39.084373,3.540531],[39.080177,3.541631],[39.079155,3.539699],[39.079632,3.537361],[39.079414,3.533497],[39.078773,3.532805],[39.074432,3.53271],[39.073215,3.530444],[39.071495,3.529895],[39.069736,3.530772],[39.067329,3.530566],[39.063389,3.528607],[39.061073,3.528106],[39.059547,3.526938],[39.057804,3.524385],[39.055729,3.52305],[39.054253,3.52301],[39.050777,3.524691],[39.047474,3.525195],[39.043663,3.5285],[39.037991,3.530055],[39.032795,3.525419],[39.022713,3.525471],[39.02243,3.518472],[39.022095,3.516007],[39.020863,3.51427],[39.018524,3.514204],[39.017109,3.515055],[39.015564,3.517432],[39.012878,3.519329],[39.010834,3.518416],[39.00935,3.519193],[39.007305,3.524803],[39.005402,3.526259],[39.003777,3.526371],[39.002598,3.525419],[39.000862,3.521889],[39.000076,3.521105],[38.980343,3.517178],[38.978832,3.521264],[38.974991,3.52265],[38.967087,3.523866],[38.964046,3.523623],[38.958088,3.519001],[38.957359,3.51438],[38.958576,3.508908],[38.927444,3.507327],[38.904339,3.505868],[38.889744,3.511462],[38.867249,3.518394],[38.847668,3.525447],[38.840858,3.528244],[38.838062,3.527393],[38.719128,3.563753],[38.713779,3.565578],[38.711468,3.571171],[38.711712,3.575428],[38.706238,3.584062],[38.692619,3.6051],[38.688969,3.612518],[38.687874,3.617382],[38.682281,3.620179],[38.672188,3.615437],[38.676323,3.604249],[38.668663,3.595979],[38.665379,3.587224],[38.65723,3.590993],[38.61134,3.607574],[38.599232,3.599916],[38.576092,3.60113],[38.557144,3.615034],[38.546787,3.639577],[38.534283,3.649189],[38.522339,3.648349],[38.515713,3.644617],[38.518604,3.639111],[38.522087,3.635378],[38.522339,3.62222],[38.504513,3.617834],[38.44759,3.597583],[38.304527,3.607848],[38.181068,3.615781],[38.14719,3.607102],[38.135342,3.606262],[38.128155,3.600756],[38.112755,3.618207],[38.056763,3.6644],[38.033779,3.684154],[37.989582,3.729182],[37.976727,3.736312],[37.918369,3.768545],[37.907639,3.777784],[37.841942,3.820525],[37.799015,3.849547],[37.766541,3.869518],[37.738918,3.888741],[37.651848,3.950333],[37.646343,3.957798],[37.619656,3.975343],[37.585125,3.998672],[37.493397,4.064671],[37.455013,4.090188],[37.427742,4.107661],[37.423416,4.11305],[37.420334,4.111252],[37.407875,4.119601],[37.355469,4.153767],[37.286495,4.198979],[37.207504,4.249843],[37.138016,4.295441],[37.131977,4.293771],[37.113609,4.307257],[37.090488,4.343093],[37.077774,4.348873],[37.071865,4.349515],[37.06493,4.347203],[37.063774,4.352598],[37.054398,4.362488],[37.055298,4.365699],[37.048874,4.370195],[37.047718,4.376232],[37.04348,4.374947],[37.037571,4.380342],[37.032177,4.385736],[37.031151,4.382268],[37.020458,4.371915],[37.01458,4.377516],[37.009056,4.380466],[37.004307,4.378091],[36.987091,4.392544],[36.985165,4.395627],[36.979515,4.395884],[36.974377,4.398518],[36.958321,4.398196],[36.95858,4.40359],[36.908344,4.425121],[36.8783,4.431848],[36.842594,4.449958],[36.678955,4.441353],[36.660332,4.441866],[36.643261,4.453625],[36.62521,4.4541],[36.545876,4.444599],[36.377628,4.44816],[36.262669,4.450858],[36.245846,4.457537],[36.231842,4.451243],[36.05061,4.456218],[36.049816,4.05662],[36.052086,3.240567],[36.059155,3.23749],[36.064651,3.233979],[36.071941,3.228673],[36.074951,3.227256],[36.079952,3.226079],[36.083736,3.225972],[36.086994,3.22635],[36.088646,3.226011],[36.090183,3.224815],[36.093765,3.224594],[36.102749,3.221506],[36.10585,3.221234],[36.110016,3.221687],[36.11425,3.221053],[36.116737,3.219831],[36.11882,3.218246],[36.122852,3.21399],[36.127266,3.212858],[36.131702,3.211115],[36.139061,3.209757],[36.142342,3.209463],[36.14397,3.21064],[36.144741,3.2127],[36.144108,3.214262],[36.14225,3.215099],[36.14325,3.218744],[36.146996,3.223732],[36.148071,3.224064],[36.150356,3.222751],[36.152122,3.220532],[36.15416,3.214601],[36.154377,3.211206],[36.153751,3.207289],[36.153683,3.199208],[36.153297,3.194069],[36.152576,3.189881],[36.149902,3.181211],[36.146984,3.172722],[36.143883,3.164731],[36.141346,3.157396],[36.140869,3.154928],[36.141121,3.150378],[36.141823,3.148409],[36.143406,3.148962],[36.147118,3.144674],[36.150967,3.137656],[36.152416,3.131589],[36.153095,3.124119],[36.152935,3.115856],[36.152348,3.110196],[36.150604,3.098085],[36.15099,3.09469],[36.153187,3.092041],[36.153526,3.090705],[36.153233,3.085838],[36.152733,3.082533],[36.151577,3.080337],[36.149879,3.078368],[36.148365,3.075289],[36.145737,3.074406],[36.143475,3.074791],[36.1413,3.07298],[36.140781,3.067728],[36.139828,3.063042],[36.142033,3.060773],[36.142841,3.056047],[36.142479,3.046449],[36.141571,3.040789],[36.141144,3.036239],[36.140358,3.03448],[36.137897,3.03107],[36.137184,3.027839],[36.138027,3.024415],[36.136944,3.021184],[36.137047,3.015049],[36.135715,3.01322],[36.133099,3.011831],[36.13208,3.010587],[36.127995,3.003931],[36.127186,3.00083],[36.125942,2.993173],[36.124214,2.988213],[36.12344,2.981299],[36.124165,2.979328],[36.125717,2.979312],[36.128155,2.981154],[36.129673,2.980282],[36.128429,2.974401],[36.129642,2.974191],[36.131306,2.976744],[36.135555,2.979538],[36.136944,2.978456],[36.135685,2.976082],[36.134972,2.972043],[36.133003,2.969378],[36.133064,2.967261],[36.134422,2.967116],[36.136501,2.96911],[36.138397,2.969345],[36.143307,2.968893],[36.148705,2.968683],[36.152126,2.969006],[36.155697,2.968134],[36.159706,2.967988],[36.163727,2.966696],[36.168201,2.968085],[36.172066,2.968096],[36.177425,2.966357],[36.179478,2.966244],[36.182159,2.967051],[36.183918,2.966841],[36.186359,2.967584],[36.189316,2.967617],[36.191334,2.968344],[36.192585,2.967775],[36.198215,2.963384],[36.200443,2.961995],[36.205135,2.960692],[36.210735,2.960267],[36.216663,2.958667],[36.218975,2.957375],[36.222206,2.954871],[36.224094,2.955953],[36.223919,2.958473],[36.225712,2.958538],[36.230396,2.956438],[36.23217,2.957213],[36.23579,2.95605],[36.241379,2.952367],[36.243721,2.950526],[36.246273,2.949201],[36.252235,2.952062],[36.254208,2.956034],[36.254528,2.958861],[36.253914,2.962011],[36.252785,2.964386],[36.25386,2.965071],[36.2565,2.961624],[36.257374,2.95857],[36.257759,2.954613],[36.259209,2.949682],[36.259907,2.944258],[36.26017,2.936036],[36.260895,2.932611],[36.262009,2.929913],[36.265125,2.92434],[36.266953,2.918379],[36.268116,2.910706],[36.268963,2.907795],[36.270149,2.905536],[36.274513,2.900141],[36.277081,2.896506],[36.281635,2.891208],[36.282993,2.89019],[36.28632,2.888736],[36.28981,2.887621],[36.294624,2.886894],[36.297256,2.887379],[36.299953,2.886135],[36.304455,2.883315],[36.309761,2.880384],[36.311779,2.878931],[36.314606,2.878139],[36.31905,2.874763],[36.323959,2.872372],[36.333763,2.86857],[36.337353,2.866007],[36.344574,2.862792],[36.351276,2.861839],[36.353378,2.86213],[36.358772,2.860773],[36.362537,2.856557],[36.365685,2.850984],[36.37154,2.845947],[36.375168,2.842487],[36.378899,2.838319],[36.381809,2.83386],[36.383133,2.830026],[36.385056,2.827189],[36.385571,2.823812],[36.38578,2.819257],[36.386429,2.817157],[36.388416,2.813135],[36.392387,2.80614],[36.394539,2.799743],[36.398445,2.792538],[36.403324,2.786012],[36.406006,2.779437],[36.409737,2.774898],[36.41153,2.769486],[36.414261,2.765803],[36.417542,2.761991],[36.41835,2.758243],[36.418331,2.75212],[36.419868,2.747161],[36.420208,2.741798],[36.41972,2.737436],[36.420692,2.733672],[36.423882,2.728636],[36.42601,2.722056],[36.427055,2.719667],[36.429527,2.715499],[36.430771,2.714045],[36.436619,2.711509],[36.441803,2.707761],[36.445198,2.706372],[36.445747,2.705596],[36.445683,2.702786],[36.444389,2.700621],[36.438492,2.693303],[36.437008,2.691074],[36.434761,2.686454],[36.432396,2.677904],[36.432541,2.676123],[36.434269,2.672304],[36.434753,2.669918],[36.434753,2.666643],[36.433575,2.657909],[36.433231,2.653313],[36.433918,2.648716],[36.436188,2.643861],[36.436855,2.638116],[36.436447,2.635013],[36.436764,2.633548],[36.440411,2.629411],[36.441158,2.625504],[36.441849,2.624298],[36.4459,2.620936],[36.44952,2.614501],[36.451042,2.612749],[36.453625,2.611025],[36.45808,2.610537],[36.461384,2.609445],[36.464314,2.609302],[36.469818,2.609998],[36.471638,2.608641],[36.472042,2.607406],[36.472095,2.603384],[36.473045,2.600511],[36.476437,2.596202],[36.479164,2.593185],[36.482147,2.588753],[36.489422,2.580143],[36.491634,2.576035],[36.493069,2.574311],[36.500023,2.57026],[36.503872,2.567215],[36.508869,2.564314],[36.512978,2.560694],[36.513927,2.558855],[36.516224,2.549461],[36.517143,2.547508],[36.517895,2.544164],[36.520752,2.536717],[36.521931,2.534318],[36.52248,2.532025],[36.522472,2.528584],[36.52314,2.526075],[36.527493,2.523489],[36.528469,2.522221],[36.528469,2.51506],[36.527843,2.509185],[36.528049,2.506474],[36.529266,2.500156],[36.528896,2.49831],[36.526764,2.494585],[36.525513,2.484435],[36.526905,2.478669],[36.527641,2.474387],[36.526798,2.470078],[36.524616,2.465378],[36.523113,2.457383],[36.522533,2.450667],[36.522705,2.448371],[36.52356,2.444773],[36.524487,2.442614],[36.529556,2.434081],[36.531067,2.43038],[36.532059,2.425171],[36.532883,2.42243],[36.535351,2.416433],[36.537201,2.408825],[36.538193,2.406804],[36.540352,2.404576],[36.542271,2.403719],[36.546726,2.403103],[36.550461,2.399779],[36.554642,2.397962],[36.559097,2.397071],[36.560432,2.397448],[36.561668,2.398888],[36.563622,2.399676],[36.565197,2.401047],[36.565815,2.404062],[36.566463,2.404885],[36.569241,2.405296],[36.574482,2.404371],[36.57589,2.406152],[36.577499,2.407146],[36.583805,2.407078],[36.585793,2.407969],[36.587448,2.409532],[36.590725,2.414103],[36.592407,2.412012],[36.600895,2.405736]]]},"properties":{"code":"605/607"}},{"type":"Feature","geometry":{"type":"Polygon","coordinates":[[[40.991955,2.179186],[40.992451,2.251881],[40.992596,2.523179],[40.992451,2.796167],[40.992523,2.824751],[41.18549,3.014189],[41.328266,3.153733],[41.329292,3.155056],[41.329956,3.158362],[41.333263,3.160567],[41.526314,3.434827],[41.644165,3.601388],[41.799553,3.823255],[41.891415,3.952382],[41.906258,3.976384],[41.904442,3.976838],[41.902515,3.979579],[41.90049,3.981129],[41.898487,3.981129],[41.892609,3.977386],[41.889526,3.976365],[41.883892,3.972659],[41.883247,3.971298],[41.882454,3.966761],[41.881187,3.965985],[41.878201,3.966742],[41.875893,3.966118],[41.874439,3.963244],[41.872265,3.962507],[41.870525,3.963887],[41.869484,3.966439],[41.867687,3.966477],[41.866951,3.965135],[41.866592,3.960484],[41.864323,3.959463],[41.860901,3.960881],[41.855965,3.961089],[41.853489,3.959122],[41.85347,3.956381],[41.854717,3.951469],[41.853718,3.949537],[41.850464,3.947741],[41.84848,3.947722],[41.845116,3.950123],[41.842976,3.95415],[41.842033,3.95449],[41.83963,3.953299],[41.836189,3.954036],[41.8353,3.953072],[41.835548,3.951049],[41.837078,3.948175],[41.835945,3.945245],[41.834564,3.945283],[41.833485,3.946947],[41.832806,3.949423],[41.828987,3.952505],[41.827625,3.952694],[41.826,3.948402],[41.824146,3.948138],[41.820461,3.950577],[41.818569,3.95364],[41.821064,3.956343],[41.820896,3.958669],[41.81477,3.959103],[41.810703,3.957572],[41.80851,3.960748],[41.80751,3.960786],[41.803539,3.957572],[41.800457,3.957969],[41.798038,3.95986],[41.797565,3.965399],[41.794937,3.969143],[41.795731,3.970636],[41.79813,3.969729],[41.799286,3.970504],[41.799511,3.972243],[41.797924,3.97334],[41.794559,3.973888],[41.793819,3.975023],[41.793423,3.978879],[41.794708,3.981829],[41.79348,3.983209],[41.792122,3.982563],[41.790646,3.980241],[41.789055,3.978766],[41.786427,3.978464],[41.784279,3.981563],[41.782799,3.983058],[41.781059,3.983171],[41.779621,3.982037],[41.778694,3.977783],[41.77726,3.975646],[41.774235,3.97438],[41.771832,3.974134],[41.76981,3.97455],[41.767445,3.975873],[41.763287,3.976006],[41.758785,3.974742],[41.75531,3.974588],[41.753227,3.975514],[41.752888,3.977329],[41.754791,3.98244],[41.754684,3.984325],[41.753098,3.985289],[41.750202,3.984873],[41.746536,3.98631],[41.743378,3.987066],[41.739899,3.988352],[41.738331,3.988068],[41.734573,3.984775],[41.733376,3.985818],[41.735306,3.990053],[41.735569,3.991679],[41.734737,3.993891],[41.732395,3.994364],[41.730125,3.993343],[41.730221,3.991925],[41.731884,3.990034],[41.731827,3.987425],[41.729691,3.987142],[41.727062,3.989354],[41.724869,3.989713],[41.721748,3.988786],[41.72086,3.99045],[41.721428,3.992152],[41.72084,3.994988],[41.717419,3.994997],[41.715832,3.99357],[41.713242,3.98718],[41.712334,3.98648],[41.707798,3.987671],[41.705643,3.987671],[41.702976,3.986385],[41.700859,3.984627],[41.695564,3.981942],[41.693165,3.981659],[41.691669,3.980695],[41.690857,3.976422],[41.688038,3.972546],[41.686073,3.973245],[41.684883,3.976422],[41.682934,3.977991],[41.681763,3.976951],[41.681534,3.974777],[41.682369,3.972073],[41.681969,3.97075],[41.680023,3.968916],[41.679436,3.965418],[41.678341,3.961694],[41.67717,3.960314],[41.675373,3.960673],[41.672668,3.966647],[41.670647,3.968802],[41.669418,3.96867],[41.667885,3.966496],[41.665653,3.966394],[41.662704,3.969048],[41.661648,3.968992],[41.657356,3.966647],[41.655289,3.966711],[41.654049,3.968697],[41.653305,3.971782],[41.650879,3.972941],[41.648186,3.972889],[41.646057,3.973537],[41.644718,3.974775],[41.643318,3.979168],[41.641186,3.979988],[41.638615,3.979594],[41.637611,3.978254],[41.635845,3.977761],[41.635422,3.978901],[41.638103,3.982398],[41.638298,3.984238],[41.635796,3.986544],[41.634212,3.98548],[41.631863,3.979579],[41.629406,3.979244],[41.629272,3.983261],[41.628624,3.984282],[41.626278,3.984351],[41.624538,3.982423],[41.622723,3.978599],[41.621326,3.976735],[41.619461,3.975435],[41.617355,3.974821],[41.611397,3.974993],[41.609558,3.975417],[41.605724,3.975343],[41.600735,3.975878],[41.595894,3.971479],[41.591476,3.971853],[41.584923,3.973449],[41.579708,3.973808],[41.575623,3.971777],[41.568169,3.969451],[41.565529,3.969802],[41.564335,3.972363],[41.563232,3.976188],[41.561363,3.978219],[41.557247,3.980895],[41.552601,3.98448],[41.551037,3.985368],[41.548973,3.985558],[41.545582,3.983368],[41.541031,3.981845],[41.539845,3.980904],[41.537273,3.977582],[41.533924,3.976082],[41.528625,3.974832],[41.526691,3.974105],[41.525127,3.972066],[41.523598,3.968189],[41.521732,3.96092],[41.518044,3.959241],[41.51619,3.957253],[41.512737,3.955235],[41.511192,3.955205],[41.507282,3.956048],[41.505661,3.956993],[41.505753,3.958258],[41.507687,3.962027],[41.506668,3.964418],[41.50341,3.967169],[41.501072,3.969707],[41.497566,3.964415],[41.495815,3.963118],[41.49284,3.963176],[41.489185,3.962588],[41.484474,3.963416],[41.482845,3.961892],[41.482319,3.959413],[41.482414,3.957291],[41.481247,3.955431],[41.479588,3.955514],[41.476543,3.959072],[41.474499,3.958171],[41.47105,3.955923],[41.469048,3.95577],[41.466854,3.956761],[41.46439,3.960043],[41.463295,3.960481],[41.456909,3.95898],[41.451633,3.956525],[41.449177,3.956248],[41.445385,3.957036],[41.441402,3.958624],[41.439743,3.958649],[41.438675,3.957653],[41.438084,3.955574],[41.439468,3.951984],[41.438576,3.950761],[41.4356,3.950704],[41.43124,3.951194],[41.425304,3.950218],[41.419411,3.950047],[41.415428,3.954965],[41.413754,3.955564],[41.410545,3.955789],[41.408989,3.956391],[41.405834,3.959717],[41.399521,3.963672],[41.397366,3.965582],[41.394215,3.965751],[41.391731,3.963809],[41.388481,3.960072],[41.385849,3.960078],[41.382851,3.961283],[41.381149,3.960332],[41.382175,3.957539],[41.381824,3.955006],[41.380817,3.953666],[41.379227,3.953119],[41.377045,3.953363],[41.36977,3.956725],[41.365135,3.956578],[41.364044,3.956844],[41.362614,3.959745],[41.361092,3.961495],[41.356682,3.961697],[41.355202,3.961152],[41.35416,3.958893],[41.354774,3.956551],[41.353642,3.952855],[41.352531,3.951111],[41.350552,3.949867],[41.347328,3.950666],[41.344925,3.950734],[41.342674,3.948682],[41.339001,3.946027],[41.33741,3.945537],[41.333405,3.94546],[41.330132,3.942871],[41.327629,3.941961],[41.324986,3.942657],[41.320244,3.945091],[41.317848,3.944643],[41.315193,3.945683],[41.312061,3.947976],[41.310627,3.948063],[41.307735,3.946687],[41.306187,3.946772],[41.304451,3.947772],[41.300953,3.951035],[41.297371,3.955845],[41.295483,3.955866],[41.293964,3.954402],[41.295868,3.950592],[41.295803,3.94795],[41.292534,3.948288],[41.290401,3.948994],[41.287369,3.949107],[41.280979,3.947951],[41.28056,3.948919],[41.282223,3.951707],[41.282536,3.953263],[41.280331,3.955],[41.278282,3.954386],[41.27726,3.95075],[41.273685,3.952116],[41.270351,3.952913],[41.267342,3.954577],[41.264057,3.955719],[41.260166,3.955759],[41.2561,3.952753],[41.253242,3.952525],[41.249416,3.95515],[41.24815,3.955527],[41.247147,3.954073],[41.246227,3.951184],[41.245213,3.950361],[41.243031,3.950721],[41.242146,3.952082],[41.242207,3.957881],[41.240791,3.960093],[41.238155,3.960272],[41.234241,3.955431],[41.232323,3.953959],[41.230606,3.950826],[41.228989,3.951541],[41.228325,3.953308],[41.227047,3.954317],[41.218407,3.954265],[41.215218,3.953399],[41.216068,3.950717],[41.215981,3.949338],[41.211815,3.948569],[41.208862,3.947248],[41.20718,3.945436],[41.206806,3.944051],[41.20776,3.938903],[41.206905,3.935729],[41.204273,3.935735],[41.195721,3.936776],[41.193176,3.93822],[41.189636,3.94085],[41.188194,3.941338],[41.184933,3.941333],[41.183147,3.941758],[41.180183,3.944112],[41.177532,3.945152],[41.17453,3.943429],[41.172306,3.943041],[41.170197,3.945642],[41.167992,3.947206],[41.16684,3.950514],[41.164406,3.95219],[41.160194,3.953888],[41.158913,3.955184],[41.154964,3.958093],[41.153404,3.958809],[41.146439,3.960914],[41.138912,3.962434],[41.136375,3.966404],[41.134705,3.967003],[41.130634,3.967154],[41.129803,3.968803],[41.130684,3.9706],[41.135315,3.970919],[41.13615,3.972255],[41.135212,3.973328],[41.13176,3.97441],[41.12558,3.974233],[41.124172,3.975986],[41.126415,3.978555],[41.126232,3.979183],[41.122231,3.981747],[41.119499,3.984048],[41.115345,3.988791],[41.113968,3.989051],[41.112034,3.988267],[41.109894,3.986504],[41.108303,3.985842],[41.105877,3.986886],[41.101322,3.991792],[41.100296,3.994586],[41.099655,3.998248],[41.099934,4.002256],[41.101543,4.004082],[41.10453,4.005889],[41.105392,4.007751],[41.098118,4.009845],[41.09288,4.012685],[41.087517,4.016039],[41.084553,4.017507],[41.083416,4.019313],[41.083344,4.023849],[41.080948,4.025506],[41.07864,4.02613],[41.073826,4.026225],[41.071316,4.027878],[41.070332,4.034342],[41.068943,4.038841],[41.065857,4.044672],[41.061737,4.05053],[41.059517,4.052134],[41.052933,4.056028],[41.049328,4.059948],[41.045731,4.065592],[41.04398,4.072781],[41.042374,4.074861],[41.039734,4.077085],[41.037605,4.077427],[41.032459,4.0751],[41.030975,4.074944],[41.030144,4.076012],[41.029922,4.079682],[41.028839,4.081604],[41.027039,4.082473],[41.023094,4.082248],[41.019958,4.083653],[41.018894,4.08483],[41.016384,4.090562],[41.014832,4.092759],[41.013077,4.096098],[41.010281,4.099754],[41.005493,4.103009],[41.002399,4.109127],[40.999561,4.112264],[40.992359,4.11367],[40.989117,4.112947],[40.98534,4.112784],[40.981876,4.113836],[40.980789,4.115758],[40.980919,4.119209],[40.979267,4.122954],[40.977798,4.124234],[40.975639,4.12762],[40.972935,4.130129],[40.971306,4.13106],[40.966557,4.13288],[40.961525,4.136588],[40.958206,4.142584],[40.955643,4.144063],[40.95219,4.144656],[40.94957,4.146248],[40.945583,4.1474],[40.943523,4.149296],[40.941959,4.149999],[40.937634,4.148958],[40.933979,4.148626],[40.931492,4.149533],[40.923588,4.151552],[40.917892,4.15639],[40.914051,4.156627],[40.912262,4.157094],[40.91119,4.156489],[40.907341,4.156841],[40.906288,4.157616],[40.904903,4.159989],[40.903908,4.162776],[40.903114,4.166545],[40.90358,4.170292],[40.902054,4.173639],[40.902031,4.176453],[40.900791,4.17975],[40.900684,4.181585],[40.89959,4.183795],[40.897881,4.185528],[40.894138,4.188123],[40.888897,4.191193],[40.887005,4.193323],[40.886711,4.195612],[40.887341,4.199708],[40.885769,4.204547],[40.886997,4.211762],[40.885605,4.214423],[40.881691,4.219139],[40.877739,4.221153],[40.874294,4.223469],[40.870884,4.226591],[40.867908,4.228403],[40.864449,4.229225],[40.856789,4.228723],[40.855347,4.229142],[40.854218,4.230489],[40.852982,4.233729],[40.851307,4.236267],[40.850964,4.238268],[40.851101,4.243442],[40.849621,4.247249],[40.847965,4.249041],[40.839741,4.252315],[40.835629,4.251855],[40.835037,4.248449],[40.830875,4.251894],[40.827919,4.253075],[40.824062,4.253714],[40.822014,4.255265],[40.818527,4.257062],[40.815414,4.259847],[40.813732,4.260604],[40.809868,4.261473],[40.807312,4.26278],[40.805054,4.265646],[40.800541,4.267301],[40.793579,4.268369],[40.790035,4.270165],[40.787479,4.273426],[40.786858,4.275074],[40.784138,4.28011],[40.78223,4.282757],[40.778873,4.281973],[40.778061,4.280285],[40.776127,4.279886],[40.76963,4.280738],[40.769073,4.282158],[40.765915,4.282529],[40.764095,4.282019],[40.761776,4.283045],[40.757919,4.281731],[40.751183,4.27281],[40.745934,4.264104],[40.742126,4.263078],[40.740749,4.261086],[40.735725,4.260486],[40.727318,4.252036],[40.719967,4.250795],[40.715042,4.250715],[40.710812,4.252492],[40.704609,4.248986],[40.701176,4.24889],[40.70047,4.245538],[40.698372,4.24278],[40.693203,4.241313],[40.65617,4.226374],[40.634262,4.217315],[40.600163,4.203951],[40.563313,4.188614],[40.535683,4.177385],[40.498993,4.162397],[40.460896,4.146623],[40.429134,4.133669],[40.401669,4.122732],[40.394989,4.113871],[40.387428,4.115956],[40.369255,4.108438],[40.336632,4.095518],[40.303226,4.081944],[40.261112,4.064449],[40.221355,4.048686],[40.205959,4.042223],[40.195957,4.047572],[40.190063,4.045396],[40.183617,4.03229],[40.162174,4.021061],[40.156197,4.013656],[40.148975,4.013913],[40.135818,4.007283],[40.120716,4.000011],[40.1175,3.997092],[39.961124,3.915707],[39.867729,3.867498],[39.775261,3.668096],[39.786839,3.333455],[40.03511,3.229587],[40.044193,3.224247],[40.064983,3.200947],[40.140369,3.119873],[40.182693,3.072917],[40.269741,2.970617],[40.491493,2.868129],[40.492947,2.868098],[40.491707,2.865269],[40.491982,2.863595],[40.494743,2.857555],[40.493176,2.855914],[40.493126,2.854271],[40.495487,2.853258],[40.496304,2.852325],[40.496296,2.849948],[40.494823,2.846929],[40.493519,2.845403],[40.493816,2.838399],[40.494156,2.836868],[40.495659,2.835676],[40.497486,2.835402],[40.498455,2.833938],[40.498222,2.832317],[40.496201,2.829372],[40.495522,2.826055],[40.496094,2.822808],[40.495842,2.821192],[40.497429,2.820985],[40.496834,2.819073],[40.495087,2.819518],[40.494408,2.818268],[40.49511,2.817007],[40.499443,2.815047],[40.501942,2.814464],[40.504261,2.812133],[40.503735,2.809664],[40.502312,2.808615],[40.496475,2.805511],[40.493614,2.802681],[40.493214,2.800109],[40.494556,2.797988],[40.496284,2.797087],[40.502403,2.796052],[40.504345,2.795157],[40.504951,2.793006],[40.503601,2.78741],[40.504734,2.784544],[40.507721,2.782888],[40.510063,2.78384],[40.511425,2.783679],[40.514015,2.780366],[40.515015,2.77792],[40.519142,2.777654],[40.520668,2.777083],[40.522133,2.775217],[40.520046,2.772961],[40.519382,2.770867],[40.520096,2.766917],[40.521103,2.764234],[40.519459,2.760741],[40.519619,2.754678],[40.520428,2.750271],[40.519371,2.744513],[40.520294,2.742276],[40.521343,2.741286],[40.520504,2.739668],[40.517506,2.739506],[40.51429,2.738783],[40.512711,2.736422],[40.512508,2.733519],[40.511826,2.731844],[40.508827,2.727628],[40.506191,2.724877],[40.503162,2.724649],[40.501335,2.723621],[40.500935,2.722269],[40.502525,2.716854],[40.503468,2.715017],[40.505753,2.712637],[40.507038,2.710477],[40.51133,2.706146],[40.514034,2.701996],[40.518326,2.700369],[40.519314,2.699341],[40.521179,2.695838],[40.523026,2.68929],[40.524921,2.67784],[40.52813,2.671301],[40.528461,2.66954],[40.527996,2.664239],[40.531193,2.661612],[40.532631,2.659414],[40.534771,2.653807],[40.536297,2.652075],[40.537312,2.64961],[40.537666,2.645279],[40.538349,2.643395],[40.541653,2.640492],[40.543453,2.634905],[40.546337,2.631907],[40.546299,2.630099],[40.545147,2.627138],[40.545853,2.624949],[40.54763,2.621628],[40.548069,2.619553],[40.549622,2.615964],[40.552086,2.608417],[40.550667,2.604067],[40.550732,2.602211],[40.55294,2.598861],[40.553921,2.593274],[40.555283,2.59157],[40.561119,2.58783],[40.562374,2.586364],[40.562222,2.584613],[40.559395,2.580453],[40.559364,2.578559],[40.560604,2.57677],[40.561756,2.573563],[40.564323,2.571088],[40.565552,2.567424],[40.567379,2.564682],[40.570148,2.563664],[40.571617,2.560675],[40.572731,2.559467],[40.575737,2.557563],[40.577259,2.556002],[40.581364,2.549844],[40.581295,2.544428],[40.580154,2.536833],[40.580059,2.53472],[40.581295,2.528667],[40.582474,2.526801],[40.586273,2.524051],[40.590576,2.51992],[40.592583,2.517417],[40.595829,2.514419],[40.597389,2.512268],[40.59721,2.509327],[40.592487,2.506319],[40.591431,2.503245],[40.591984,2.501303],[40.594296,2.498476],[40.597572,2.496649],[40.599892,2.494783],[40.603214,2.492832],[40.604359,2.491024],[40.6049,2.488349],[40.603519,2.484476],[40.604889,2.48202],[40.607033,2.476871],[40.608383,2.47472],[40.61039,2.472521],[40.612087,2.469894],[40.613255,2.46701],[40.615532,2.462946],[40.617683,2.46049],[40.620777,2.458768],[40.623203,2.454494],[40.626114,2.453124],[40.630768,2.448926],[40.632263,2.443987],[40.633644,2.442055],[40.634975,2.44135],[40.638783,2.441712],[40.640495,2.44135],[40.640278,2.436829],[40.6418,2.435535],[40.648453,2.434212],[40.652679,2.433926],[40.655155,2.433127],[40.659637,2.430471],[40.661579,2.428225],[40.662197,2.425988],[40.664177,2.424104],[40.664909,2.421696],[40.664928,2.412502],[40.665386,2.410979],[40.667355,2.407409],[40.667469,2.404573],[40.665634,2.398434],[40.665604,2.396331],[40.666679,2.392819],[40.668106,2.390515],[40.670212,2.389154],[40.67181,2.387384],[40.675827,2.384357],[40.676712,2.382273],[40.677074,2.37917],[40.676662,2.376838],[40.677692,2.37482],[40.679852,2.373022],[40.68166,2.370337],[40.684811,2.369738],[40.687572,2.368748],[40.692856,2.365693],[40.696766,2.360677],[40.698803,2.359211],[40.70023,2.35727],[40.700676,2.354595],[40.701687,2.3537],[40.704666,2.352453],[40.706779,2.34996],[40.709671,2.348989],[40.713375,2.343231],[40.713364,2.341489],[40.716259,2.338767],[40.716686,2.333389],[40.717552,2.331438],[40.720467,2.327231],[40.723652,2.325204],[40.724949,2.323662],[40.73262,2.317818],[40.737835,2.314734],[40.740376,2.313906],[40.743973,2.313773],[40.752304,2.314753],[40.755093,2.314744],[40.75713,2.314249],[40.763554,2.311403],[40.770416,2.309071],[40.772339,2.307777],[40.779087,2.305121],[40.781162,2.303865],[40.785416,2.30022],[40.790249,2.295423],[40.792049,2.292729],[40.795921,2.289388],[40.798359,2.286799],[40.805183,2.281879],[40.809208,2.280499],[40.811855,2.278538],[40.816025,2.276996],[40.822086,2.276263],[40.828682,2.276787],[40.831394,2.276568],[40.837688,2.275264],[40.839706,2.273341],[40.840191,2.269353],[40.841587,2.265414],[40.84317,2.262959],[40.846596,2.259342],[40.855389,2.249348],[40.861813,2.243704],[40.864964,2.240021],[40.86607,2.237793],[40.874168,2.227003],[40.876282,2.224623],[40.886559,2.215067],[40.89193,2.210274],[40.898975,2.204392],[40.913601,2.192914],[40.920498,2.18862],[40.927914,2.18504],[40.937534,2.179994],[40.943199,2.177743],[40.947414,2.176821],[40.953884,2.176486],[40.962479,2.176254],[40.967831,2.176687],[40.974365,2.178028],[40.977753,2.178497],[40.985764,2.1791],[40.991955,2.179186]]]},"properties":{"code":703}},{"type":"Feature","geometry":{"type":"Polygon","coordinates":[[[38.962555,2.097388],[38.965038,2.09462],[38.966789,2.091587],[38.970222,2.088933],[38.97213,2.085281],[38.974594,2.083711],[38.977394,2.079606],[38.980255,2.077084],[38.981293,2.073764],[38.983582,2.071801],[38.985306,2.069636],[38.98542,2.06728],[38.984764,2.057929],[38.984272,2.054705],[38.984722,2.052278],[38.989517,2.047555],[38.991798,2.044093],[38.992947,2.040202],[38.992748,2.038632],[38.991333,2.036038],[38.990303,2.033147],[38.989609,2.027174],[38.991005,2.022023],[38.992798,2.017383],[38.99361,2.011042],[38.995598,2.007758],[39.000065,2.004141],[39.003803,2.000547],[39.007805,1.994629],[39.011105,1.990313],[39.013157,1.986643],[39.015381,1.984296],[39.018177,1.979418],[39.019714,1.977415],[39.023193,1.975405],[39.026672,1.974322],[39.029297,1.970884],[39.032375,1.969677],[39.035053,1.967103],[39.037277,1.962002],[39.038475,1.958273],[39.039787,1.955983],[39.042015,1.95369],[39.043781,1.950139],[39.048855,1.944921],[39.051311,1.940224],[39.054165,1.933629],[39.055645,1.931914],[39.063343,1.928189],[39.064259,1.926701],[39.066196,1.920792],[39.067284,1.916668],[39.070076,1.912943],[39.076462,1.908017],[39.077606,1.906187],[39.081768,1.901827],[39.08382,1.899139],[39.089462,1.896618],[39.093918,1.890944],[39.096825,1.889107],[39.099674,1.889169],[39.102013,1.88997],[39.103607,1.888022],[39.105831,1.883498],[39.112106,1.87788],[39.122711,1.873939],[39.126129,1.869123],[39.131092,1.8662],[39.131832,1.865109],[39.133659,1.860075],[39.137196,1.853307],[39.138222,1.852683],[39.139309,1.848442],[39.141304,1.846663],[39.143074,1.845919],[39.14473,1.841911],[39.145756,1.836582],[39.145473,1.833372],[39.143993,1.830445],[39.146389,1.827126],[39.149811,1.82357],[39.153061,1.817092],[39.154034,1.813086],[39.157055,1.810332],[39.159393,1.808732],[39.162132,1.805412],[39.163563,1.800541],[39.1651,1.797676],[39.165733,1.794696],[39.17012,1.791147],[39.171204,1.786906],[39.172733,1.782521],[39.173035,1.780541],[39.174747,1.776245],[39.177315,1.770687],[39.177719,1.76742],[39.179714,1.761981],[39.179489,1.75699],[39.180347,1.75338],[39.181946,1.750865],[39.183262,1.747713],[39.186283,1.742154],[39.190849,1.737003],[39.19239,1.732644],[39.194447,1.728752],[39.19838,1.725834],[39.198326,1.721877],[39.201466,1.716722],[39.204372,1.712656],[39.20483,1.710595],[39.207172,1.707898],[39.208828,1.703773],[39.213848,1.697362],[39.21772,1.697881],[39.222054,1.695537],[39.229061,1.694507],[39.230488,1.694736],[39.231861,1.693823],[39.233398,1.690617],[39.236362,1.688782],[39.242577,1.688851],[39.245941,1.687078],[39.249817,1.685527],[39.255802,1.68227],[39.259109,1.679984],[39.262646,1.675459],[39.265896,1.673568],[39.267151,1.673915],[39.273304,1.674147],[39.28146,1.669454],[39.28545,1.667516],[39.285507,1.66436],[39.286877,1.662476],[39.290638,1.660467],[39.294056,1.659269],[39.300499,1.65469],[39.302441,1.653775],[39.308308,1.65453],[39.311161,1.649656],[39.313446,1.643246],[39.314587,1.642559],[39.319031,1.64428],[39.321823,1.642626],[39.322109,1.641132],[39.323708,1.637755],[39.32616,1.635068],[39.328613,1.633864],[39.333515,1.633525],[39.336876,1.631239],[39.33802,1.627855],[39.339958,1.625628],[39.341381,1.625165],[39.34531,1.62597],[39.34663,1.62156],[39.348396,1.617958],[39.351418,1.61767],[39.35239,1.615212],[39.353703,1.613374],[39.356327,1.61172],[39.357979,1.61006],[39.359234,1.607764],[39.360603,1.603704],[39.366478,1.59821],[39.367794,1.59603],[39.370079,1.590188],[39.371674,1.588699],[39.373444,1.585268],[39.376125,1.581951],[39.377323,1.581201],[39.379089,1.57857],[39.384277,1.576172],[39.386673,1.573368],[39.386391,1.571472],[39.386681,1.567407],[39.388447,1.564659],[39.389702,1.564206],[39.392948,1.56541],[39.394772,1.565242],[39.396084,1.560428],[39.398258,1.556133],[39.398884,1.554243],[39.401566,1.551843],[39.406696,1.549958],[39.410965,1.551275],[39.414932,1.550923],[39.415867,1.550424],[39.419289,1.546934],[39.421516,1.546437],[39.422592,1.545567],[39.426128,1.540262],[39.431396,1.536274],[39.438507,1.529489],[39.44241,1.528779],[39.447166,1.527207],[39.358669,1.497253],[39.358208,1.497425],[39.32851,1.48673],[39.274258,1.467804],[39.342373,1.289485],[39.397755,1.146268],[39.460762,1.000289],[39.462246,0.997088],[39.46069,0.994681],[39.463539,0.989878],[39.466167,0.987346],[39.470089,0.98529],[39.475655,0.982901],[39.478912,0.980922],[39.480377,0.979361],[39.484898,0.971927],[39.487991,0.967844],[39.491455,0.963999],[39.493294,0.959992],[39.494415,0.955766],[39.496422,0.940166],[39.497936,0.933913],[39.500565,0.927517],[39.502762,0.923167],[39.505054,0.91956],[39.507683,0.914782],[39.514481,0.900182],[39.521191,0.884696],[39.525311,0.874236],[39.527908,0.868516],[39.5322,0.857275],[39.538322,0.839429],[39.540329,0.832396],[39.541691,0.828731],[39.543537,0.822297],[39.545677,0.81572],[39.547592,0.808687],[39.551437,0.792982],[39.552761,0.786996],[39.554985,0.780314],[39.557308,0.77645],[39.559052,0.772062],[39.560173,0.770482],[39.561592,0.767141],[39.561497,0.763296],[39.562611,0.759213],[39.56461,0.755672],[39.567055,0.753512],[39.568882,0.748639],[39.571995,0.746307],[39.575268,0.742214],[39.577145,0.738969],[39.578228,0.736075],[39.583035,0.72847],[39.584511,0.724311],[39.588547,0.719019],[39.59082,0.717296],[39.597,0.71327],[39.597912,0.709654],[39.600681,0.703286],[39.603596,0.699974],[39.606232,0.695567],[39.607601,0.694063],[39.610077,0.692959],[39.610943,0.691903],[39.613113,0.686839],[39.615005,0.684089],[39.617252,0.682737],[39.620148,0.680205],[39.622211,0.679263],[39.624783,0.677302],[39.626617,0.67518],[39.627075,0.672153],[39.628502,0.669755],[39.630493,0.66946],[39.632832,0.667804],[39.635422,0.667632],[39.639484,0.66313],[39.644417,0.659456],[39.646652,0.65701],[39.647587,0.652784],[39.64925,0.649901],[39.650631,0.644275],[39.653801,0.637832],[39.654411,0.632559],[39.658226,0.626458],[39.662033,0.622213],[39.664661,0.615132],[39.665745,0.613552],[39.669868,0.610192],[39.674809,0.603425],[39.676083,0.600684],[39.676624,0.597686],[39.680088,0.594868],[39.68066,0.592127],[39.681545,0.59088],[39.684818,0.588482],[39.687969,0.584227],[39.688866,0.580687],[39.69096,0.57846],[39.693958,0.577156],[39.698277,0.573063],[39.699429,0.569075],[39.702782,0.565077],[39.706253,0.56265],[39.709301,0.559129],[39.711773,0.557873],[39.712715,0.555655],[39.716999,0.550401],[39.717144,0.547536],[39.718285,0.546051],[39.720455,0.54687],[39.724327,0.543605],[39.728527,0.53463],[39.731552,0.531698],[39.732056,0.526987],[39.737499,0.523066],[39.740234,0.52378],[39.741776,0.522999],[39.746429,0.518021],[39.749111,0.517641],[39.750179,0.516575],[39.753273,0.515194],[39.755726,0.514757],[39.757423,0.513196],[39.759365,0.512225],[39.761276,0.512425],[39.762684,0.511473],[39.763618,0.508294],[39.766998,0.504097],[39.770023,0.503564],[39.7742,0.49851],[39.77441,0.496073],[39.775875,0.495121],[39.777039,0.49554],[39.780407,0.493237],[39.783691,0.490505],[39.786621,0.490144],[39.789562,0.488992],[39.793503,0.488116],[39.795914,0.48567],[39.799187,0.483043],[39.801868,0.482434],[39.805744,0.482367],[39.808807,0.48351],[39.810722,0.483481],[39.814911,0.482624],[39.816669,0.48271],[39.820667,0.482139],[39.823563,0.480749],[39.827415,0.477923],[39.830879,0.479617],[39.835629,0.480045],[39.837437,0.479626],[39.839294,0.477961],[39.842415,0.477218],[39.848557,0.477532],[39.852573,0.475857],[39.854446,0.473754],[39.856579,0.469204],[39.858997,0.468824],[39.861824,0.466511],[39.864811,0.465863],[39.866486,0.464493],[39.869884,0.4606],[39.873093,0.458782],[39.87608,0.458211],[39.878593,0.458573],[39.881039,0.459458],[39.882999,0.461095],[39.887825,0.462875],[39.889996,0.462951],[39.893173,0.461599],[39.896267,0.461133],[39.899921,0.462161],[39.902485,0.462513],[39.905491,0.461866],[39.908272,0.459296],[39.91106,0.458164],[39.919083,0.449854],[39.931007,0.43968],[39.940052,0.432523],[39.943916,0.429705],[39.95406,0.423081],[39.958534,0.420777],[39.9618,0.418617],[39.969936,0.414115],[39.979084,0.409708],[39.985451,0.407034],[39.991226,0.404835],[39.998184,0.402675],[40.007122,0.400267],[40.012959,0.398944],[40.019855,0.397811],[40.025501,0.397192],[40.030785,0.396916],[40.039837,0.396926],[40.048355,0.396345],[40.051876,0.395546],[40.056873,0.393899],[40.059624,0.392595],[40.065144,0.389016],[40.075687,0.381859],[40.081448,0.377738],[40.094353,0.36822],[40.101196,0.363299],[40.111389,0.355314],[40.128227,0.342607],[40.136726,0.337363],[40.144066,0.333775],[40.153107,0.330748],[40.157505,0.328369],[40.16328,0.323924],[40.16922,0.318518],[40.178055,0.309914],[40.180279,0.307153],[40.196079,0.289641],[40.204762,0.278943],[40.211128,0.271966],[40.216354,0.266817],[40.223747,0.260088],[40.231373,0.254082],[40.236797,0.25018],[40.242764,0.246382],[40.245327,0.24504],[40.252151,0.240919],[40.25885,0.237264],[40.268692,0.233114],[40.27483,0.231239],[40.282551,0.227955],[40.299397,0.219865],[40.303127,0.217981],[40.307133,0.215573],[40.315273,0.209814],[40.320801,0.205408],[40.325588,0.202257],[40.329922,0.200021],[40.33226,0.199183],[40.335079,0.198821],[40.341465,0.198869],[40.345795,0.199278],[40.358349,0.198755],[40.365963,0.198165],[40.375111,0.196842],[40.378025,0.196004],[40.383152,0.193786],[40.385513,0.192359],[40.391006,0.188257],[40.395432,0.185944],[40.399868,0.184288],[40.404121,0.183764],[40.406464,0.183954],[40.40926,0.18483],[40.419445,0.189151],[40.423729,0.190141],[40.429695,0.190189],[40.435436,0.189132],[40.442051,0.187448],[40.448399,0.186182],[40.455376,0.185658],[40.460361,0.186229],[40.465569,0.186429],[40.471516,0.186324],[40.475227,0.186667],[40.481655,0.188199],[40.485966,0.190798],[40.492046,0.196347],[40.494312,0.197736],[40.496597,0.197965],[40.499596,0.196756],[40.502563,0.19333],[40.504219,0.192302],[40.506573,0.192425],[40.509216,0.195128],[40.512493,0.201601],[40.512756,0.20556],[40.513977,0.208187],[40.518536,0.211109],[40.520535,0.212879],[40.521877,0.214792],[40.522923,0.218542],[40.523895,0.220674],[40.526207,0.22293],[40.530888,0.225462],[40.535954,0.226909],[40.540749,0.226775],[40.55085,0.221721],[40.556129,0.220436],[40.557522,0.21977],[40.561699,0.216715],[40.565048,0.21582],[40.570503,0.215487],[40.578754,0.217019],[40.584541,0.215478],[40.587349,0.215773],[40.59066,0.219675],[40.592918,0.223511],[40.595013,0.225624],[40.596935,0.226499],[40.599827,0.226461],[40.603928,0.225233],[40.606327,0.226737],[40.60828,0.230211],[40.609974,0.231886],[40.612144,0.232762],[40.616093,0.232505],[40.619518,0.23142],[40.624649,0.232248],[40.631207,0.232676],[40.6367,0.232343],[40.642609,0.231477],[40.645237,0.231458],[40.648426,0.232553],[40.655849,0.23872],[40.662998,0.24406],[40.671886,0.24977],[40.679016,0.255643],[40.682919,0.260021],[40.683472,0.262058],[40.682888,0.267036],[40.682995,0.269844],[40.684021,0.271823],[40.687523,0.274469],[40.692978,0.276744],[40.6945,0.278095],[40.697727,0.284006],[40.702286,0.291478],[40.704437,0.296046],[40.705074,0.29853],[40.708969,0.310114],[40.710918,0.314235],[40.713509,0.317947],[40.715744,0.320088],[40.718582,0.321725],[40.722511,0.322744],[40.728157,0.3234],[40.730518,0.323914],[40.735172,0.325561],[40.737267,0.327293],[40.743996,0.336307],[40.748688,0.340999],[40.7551,0.345929],[40.759014,0.347652],[40.765018,0.350669],[40.774536,0.354552],[40.779865,0.355694],[40.787148,0.35755],[40.795151,0.359901],[40.802414,0.361776],[40.809696,0.363252],[40.814751,0.365108],[40.81926,0.366345],[40.827312,0.367449],[40.843266,0.370914],[40.850887,0.373436],[40.859901,0.377538],[40.867508,0.381678],[40.874332,0.385933],[40.881424,0.389197],[40.88599,0.392395],[40.894424,0.400447],[40.89703,0.402656],[40.909584,0.414943],[40.915848,0.42172],[40.920158,0.424965],[40.928345,0.429667],[40.933304,0.432094],[40.939137,0.433741],[40.945564,0.436853],[40.949921,0.439956],[40.952881,0.442669],[40.961227,0.447646],[40.967236,0.449293],[40.969749,0.450473],[40.975544,0.452006],[40.978344,0.453528],[40.984406,0.457707],[40.991783,0.464416],[40.99234,0.603289],[40.99234,0.857994],[40.992455,0.951686],[40.992569,1.017965],[40.99234,1.170533],[40.992222,1.44282],[40.992107,1.710132],[40.990372,1.947255],[40.991955,2.179186],[40.985764,2.1791],[40.977753,2.178497],[40.974365,2.178028],[40.967831,2.176687],[40.962479,2.176254],[40.953884,2.176486],[40.947414,2.176821],[40.943199,2.177743],[40.937534,2.179994],[40.927914,2.18504],[40.920498,2.18862],[40.913601,2.192914],[40.898975,2.204392],[40.89193,2.210274],[40.886559,2.215067],[40.876282,2.224623],[40.874168,2.227003],[40.86607,2.237793],[40.864964,2.240021],[40.861813,2.243704],[40.855389,2.249348],[40.846596,2.259342],[40.84317,2.262959],[40.841587,2.265414],[40.840191,2.269353],[40.839706,2.273341],[40.837688,2.275264],[40.831394,2.276568],[40.828682,2.276787],[40.822086,2.276263],[40.816025,2.276996],[40.811855,2.278538],[40.809208,2.280499],[40.805183,2.281879],[40.798359,2.286799],[40.795921,2.289388],[40.792049,2.292729],[40.790249,2.295423],[40.785416,2.30022],[40.781162,2.303865],[40.779087,2.305121],[40.772339,2.307777],[40.770416,2.309071],[40.763554,2.311403],[40.75713,2.314249],[40.755093,2.314744],[40.752304,2.314753],[40.743973,2.313773],[40.740376,2.313906],[40.737835,2.314734],[40.73262,2.317818],[40.724949,2.323662],[40.723652,2.325204],[40.720467,2.327231],[40.717552,2.331438],[40.716686,2.333389],[40.716259,2.338767],[40.713364,2.341489],[40.713375,2.343231],[40.709671,2.348989],[40.706779,2.34996],[40.704666,2.352453],[40.701687,2.3537],[40.700676,2.354595],[40.70023,2.35727],[40.698803,2.359211],[40.696766,2.360677],[40.692856,2.365693],[40.687572,2.368748],[40.684811,2.369738],[40.68166,2.370337],[40.679852,2.373022],[40.677692,2.37482],[40.676662,2.376838],[40.677074,2.37917],[40.676712,2.382273],[40.675827,2.384357],[40.67181,2.387384],[40.670212,2.389154],[40.668106,2.390515],[40.666679,2.392819],[40.665604,2.396331],[40.665634,2.398434],[40.667469,2.404573],[40.667355,2.407409],[40.665386,2.410979],[40.664928,2.412502],[40.664909,2.421696],[40.664177,2.424104],[40.662197,2.425988],[40.661579,2.428225],[40.659637,2.430471],[40.655155,2.433127],[40.652679,2.433926],[40.648453,2.434212],[40.6418,2.435535],[40.640278,2.436829],[40.640495,2.44135],[40.638783,2.441712],[40.634975,2.44135],[40.633644,2.442055],[40.632263,2.443987],[40.630768,2.448926],[40.626114,2.453124],[40.623203,2.454494],[40.620777,2.458768],[40.617683,2.46049],[40.615532,2.462946],[40.613255,2.46701],[40.612087,2.469894],[40.61039,2.472521],[40.608383,2.47472],[40.607033,2.476871],[40.604889,2.48202],[40.603519,2.484476],[40.6049,2.488349],[40.604359,2.491024],[40.603214,2.492832],[40.599892,2.494783],[40.597572,2.496649],[40.594296,2.498476],[40.591984,2.501303],[40.591431,2.503245],[40.592487,2.506319],[40.59721,2.509327],[40.597389,2.512268],[40.595829,2.514419],[40.592583,2.517417],[40.590576,2.51992],[40.586273,2.524051],[40.582474,2.526801],[40.581295,2.528667],[40.580059,2.53472],[40.580154,2.536833],[40.581295,2.544428],[40.581364,2.549844],[40.577259,2.556002],[40.575737,2.557563],[40.572731,2.559467],[40.571617,2.560675],[40.570148,2.563664],[40.567379,2.564682],[40.565552,2.567424],[40.564323,2.571088],[40.561756,2.573563],[40.560604,2.57677],[40.559364,2.578559],[40.559395,2.580453],[40.562222,2.584613],[40.562374,2.586364],[40.561119,2.58783],[40.555283,2.59157],[40.553921,2.593274],[40.55294,2.598861],[40.550732,2.602211],[40.550667,2.604067],[40.552086,2.608417],[40.549622,2.615964],[40.548069,2.619553],[40.54763,2.621628],[40.545853,2.624949],[40.545147,2.627138],[40.546299,2.630099],[40.546337,2.631907],[40.543453,2.634905],[40.541653,2.640492],[40.538349,2.643395],[40.537666,2.645279],[40.537312,2.64961],[40.536297,2.652075],[40.534771,2.653807],[40.532631,2.659414],[40.531193,2.661612],[40.527996,2.664239],[40.528461,2.66954],[40.52813,2.671301],[40.524921,2.67784],[40.523026,2.68929],[40.521179,2.695838],[40.519314,2.699341],[40.518326,2.700369],[40.514034,2.701996],[40.51133,2.706146],[40.507038,2.710477],[40.505753,2.712637],[40.503468,2.715017],[40.502525,2.716854],[40.500935,2.722269],[40.501335,2.723621],[40.503162,2.724649],[40.506191,2.724877],[40.508827,2.727628],[40.511826,2.731844],[40.512508,2.733519],[40.512711,2.736422],[40.51429,2.738783],[40.517506,2.739506],[40.520504,2.739668],[40.521343,2.741286],[40.520294,2.742276],[40.519371,2.744513],[40.520428,2.750271],[40.519619,2.754678],[40.519459,2.760741],[40.521103,2.764234],[40.520096,2.766917],[40.519382,2.770867],[40.520046,2.772961],[40.522133,2.775217],[40.520668,2.777083],[40.519142,2.777654],[40.515015,2.77792],[40.514015,2.780366],[40.511425,2.783679],[40.510063,2.78384],[40.507721,2.782888],[40.504734,2.784544],[40.503601,2.78741],[40.504951,2.793006],[40.504345,2.795157],[40.502403,2.796052],[40.496284,2.797087],[40.494556,2.797988],[40.493214,2.800109],[40.493614,2.802681],[40.496475,2.805511],[40.502312,2.808615],[40.503735,2.809664],[40.504261,2.812133],[40.501942,2.814464],[40.499443,2.815047],[40.49511,2.817007],[40.494408,2.818268],[40.495087,2.819518],[40.496834,2.819073],[40.497429,2.820985],[40.495842,2.821192],[40.496094,2.822808],[40.495522,2.826055],[40.496201,2.829372],[40.498222,2.832317],[40.498455,2.833938],[40.497486,2.835402],[40.495659,2.835676],[40.494156,2.836868],[40.493816,2.838399],[40.493519,2.845403],[40.494823,2.846929],[40.496296,2.849948],[40.496304,2.852325],[40.495487,2.853258],[40.493126,2.854271],[40.493176,2.855914],[40.494743,2.857555],[40.491982,2.863595],[40.491707,2.865269],[40.492947,2.868098],[40.491493,2.868129],[40.269741,2.970617],[40.182693,3.072917],[40.140369,3.119873],[40.064983,3.200947],[40.044193,3.224247],[40.03511,3.229587],[39.786839,3.333455],[39.775261,3.668096],[39.768112,3.658074],[39.765869,3.661098],[39.609406,3.501093],[39.55489,3.467139],[39.552986,3.466103],[39.548149,3.471113],[39.546421,3.471805],[39.540287,3.472755],[39.537697,3.472064],[39.53355,3.469645],[39.532082,3.468262],[39.529659,3.468781],[39.52776,3.468262],[39.525341,3.466621],[39.522575,3.468608],[39.517826,3.468262],[39.501495,3.470077],[39.499855,3.464893],[39.49519,3.467398],[39.493202,3.467489],[39.491734,3.466707],[39.489487,3.463511],[39.486656,3.460529],[39.484428,3.45985],[39.481274,3.460576],[39.47644,3.460314],[39.474438,3.461789],[39.472595,3.461401],[39.471897,3.45982],[39.470268,3.459268],[39.466484,3.460335],[39.462219,3.457328],[39.460182,3.458007],[39.458534,3.456164],[39.456593,3.455971],[39.448448,3.459074],[39.445633,3.460722],[39.444279,3.45985],[39.442432,3.456164],[39.438068,3.456455],[39.436615,3.460626],[39.431282,3.457619],[39.428955,3.46625],[39.427887,3.466154],[39.423523,3.462371],[39.42168,3.461207],[39.417896,3.460626],[39.417122,3.461014],[39.413437,3.466735],[39.407715,3.464408],[39.406647,3.465669],[39.403446,3.463244],[39.397045,3.464893],[39.387543,3.466832],[39.376293,3.46819],[39.366982,3.468287],[39.362038,3.46819],[39.352531,3.46722],[39.347198,3.467123],[39.335949,3.46625],[39.332554,3.466832],[39.326832,3.46916],[39.318115,3.47197],[39.316677,3.470206],[39.31221,3.465742],[39.310165,3.462037],[39.307774,3.45979],[39.305176,3.456784],[39.304127,3.454888],[39.302784,3.450628],[39.300129,3.443887],[39.299751,3.440707],[39.300358,3.435639],[39.301388,3.432421],[39.301823,3.429677],[39.301735,3.426584],[39.306404,3.416984],[39.310322,3.412936],[39.313522,3.406771],[39.316936,3.381386],[39.323586,3.330258],[39.324589,3.324874],[39.325855,3.314634],[39.326225,3.307508],[39.327492,3.298851],[39.328178,3.288664],[39.328968,3.28613],[39.330528,3.284595],[39.333035,3.283069],[39.336781,3.279849],[39.33831,3.277368],[39.339157,3.274043],[39.341743,3.255357],[39.342361,3.248431],[39.344486,3.155436],[39.34528,3.138175],[39.345703,3.124293],[39.345913,3.113314],[39.34565,3.098693],[39.346756,3.070083],[39.33736,3.062271],[39.330921,3.058101],[39.324005,3.052823],[39.311974,3.046225],[39.289326,3.035298],[39.2869,3.031815],[39.28236,3.026695],[39.268742,3.013868],[39.261353,3.006109],[39.249424,2.995868],[39.248367,2.99439],[39.248104,2.989059],[39.202168,2.956906],[39.153282,2.954746],[39.149757,2.954177],[39.147411,2.952828],[39.142998,2.947272],[39.139606,2.941033],[39.137524,2.938605],[39.133797,2.93622],[39.127419,2.935179],[39.124817,2.933444],[39.123562,2.931319],[39.120743,2.923167],[39.117229,2.916055],[39.116058,2.911502],[39.113522,2.898468],[39.112537,2.892791],[39.111816,2.883346],[39.105217,2.88353],[39.10297,2.882805],[39.098843,2.882407],[39.07851,2.882122],[39.068592,2.882365],[39.065071,2.882312],[39.065987,2.737581],[39.063026,2.736294],[39.058449,2.733584],[39.055271,2.730595],[39.052471,2.726484],[39.050602,2.721438],[39.048454,2.712095],[39.048267,2.704153],[39.046024,2.700136],[39.043034,2.697052],[39.039204,2.694436],[39.036774,2.692007],[39.035934,2.689858],[39.036213,2.686868],[39.03772,2.684602],[39.040791,2.68173],[39.043419,2.676023],[38.981697,2.571247],[38.9767,2.566915],[38.968033,2.563249],[38.9627,2.561916],[38.888611,2.542645],[38.890034,2.53999],[38.891308,2.536678],[38.892281,2.532338],[38.892784,2.527712],[38.893719,2.513835],[38.895966,2.504089],[38.89785,2.500567],[38.899399,2.495371],[38.90041,2.489774],[38.901409,2.487147],[38.901665,2.481417],[38.901989,2.4794],[38.904663,2.472851],[38.905567,2.469292],[38.908707,2.461944],[38.913525,2.449875],[38.914066,2.446982],[38.913952,2.443574],[38.914467,2.440833],[38.915943,2.437597],[38.921127,2.42827],[38.92152,2.424977],[38.924137,2.418733],[38.927391,2.414164],[38.928162,2.411956],[38.929733,2.399374],[38.930676,2.393587],[38.930866,2.380566],[38.932217,2.377007],[38.934265,2.374342],[38.934853,2.37004],[38.93417,2.360046],[38.932549,2.355801],[38.932064,2.349005],[38.931484,2.346435],[38.93158,2.343961],[38.93256,2.339221],[38.933311,2.330959],[38.934444,2.324944],[38.936054,2.317901],[38.93615,2.315845],[38.935566,2.313618],[38.933777,2.309259],[38.930485,2.299322],[38.929516,2.295896],[38.928574,2.290432],[38.926594,2.28712],[38.926125,2.282932],[38.927162,2.279125],[38.928932,2.274233],[38.929077,2.268941],[38.928989,2.262564],[38.929276,2.260642],[38.932911,2.249924],[38.934311,2.2437],[38.937252,2.223046],[38.937557,2.218687],[38.938328,2.214823],[38.93848,2.210882],[38.937977,2.203173],[38.937225,2.198833],[38.937092,2.195882],[38.937862,2.189848],[38.938042,2.184708],[38.938015,2.176789],[38.937717,2.171383],[38.937225,2.168338],[38.936245,2.165577],[38.935844,2.161199],[38.936977,2.156136],[38.939213,2.151396],[38.941193,2.146485],[38.942402,2.141097],[38.944225,2.136203],[38.946228,2.129733],[38.948826,2.123946],[38.9501,2.119682],[38.951233,2.114371],[38.954185,2.106224],[38.956375,2.102721],[38.961239,2.098876],[38.962555,2.097388]]]},"properties":{"code":702}},{"type":"Feature","geometry":{"type":"Polygon","coordinates":[[[34.942776,2.455469],[34.934467,2.455412],[34.927586,2.454288],[34.922546,2.452669],[34.916428,2.449745],[34.900372,2.439895],[34.893116,2.433059],[34.886845,2.424742],[34.882889,2.418742],[34.880032,2.410903],[34.87907,2.404152],[34.87907,2.397879],[34.882206,2.386016],[34.897614,2.340882],[34.90416,2.320428],[34.919159,2.285248],[34.92366,2.274339],[34.928158,2.261112],[34.933887,2.248022],[34.941795,2.234523],[34.961044,2.198125],[34.966305,2.186921],[34.975098,2.162942],[34.976547,2.156453],[34.992348,2.092885],[34.963753,2.063667],[34.983131,1.999306],[34.983418,1.983833],[34.983856,1.980616],[34.988758,1.972897],[34.992138,1.967139],[35.025848,1.924175],[35.000488,1.838327],[34.987816,1.665249],[34.942215,1.576222],[34.920319,1.563333],[34.910046,1.564168],[34.902275,1.552404],[34.886806,1.555817],[34.885754,1.54881],[34.883286,1.540967],[34.880527,1.53603],[34.877842,1.53298],[34.870834,1.529167],[34.863571,1.526626],[34.860302,1.514717],[34.860413,1.457169],[34.860085,1.455681],[34.858418,1.452631],[34.857327,1.451542],[34.854496,1.45038],[34.85043,1.45067],[34.842369,1.45343],[34.840481,1.452776],[34.828461,1.444389],[34.819748,1.438943],[34.797272,1.425327],[34.791172,1.420244],[34.788559,1.416323],[34.788525,1.411204],[34.788887,1.409534],[34.80352,1.37682],[34.803989,1.373371],[34.803555,1.3725],[34.795204,1.365674],[34.793388,1.363278],[34.793243,1.360809],[34.829224,1.311321],[34.831371,1.303213],[34.83065,1.299672],[34.829735,1.298473],[34.82925,1.296027],[34.829536,1.286528],[34.829933,1.28411],[34.830334,1.276077],[34.832211,1.271594],[34.831333,1.269253],[34.829525,1.268187],[34.828487,1.266407],[34.826946,1.266084],[34.822292,1.26259],[34.834888,1.265848],[34.910656,1.284199],[34.906067,1.252085],[34.941868,1.250764],[34.971966,1.246246],[34.993095,1.257646],[35.012074,1.25424],[35.015587,1.246909],[35.019642,1.239863],[35.023914,1.234169],[35.044449,1.215413],[35.035252,1.203788],[35.040543,1.197272],[35.041588,1.194644],[35.046844,1.192699],[35.051163,1.187478],[35.053146,1.18557],[35.057575,1.182185],[35.06076,1.180871],[35.061409,1.180043],[35.074856,1.17628],[35.077595,1.174768],[35.080364,1.172536],[35.083084,1.169205],[35.087044,1.18332],[35.117004,1.188037],[35.118229,1.187713],[35.121647,1.185084],[35.124249,1.183784],[35.152142,1.199373],[35.324539,1.116447],[35.355614,1.132036],[35.543861,1.285141],[35.557468,1.284985],[35.563179,1.289391],[35.566513,1.290434],[35.575794,1.291476],[35.577908,1.291189],[35.585312,1.28316],[35.597744,1.280266],[35.602646,1.279328],[35.604366,1.280058],[35.608017,1.280058],[35.611301,1.281049],[35.613438,1.282665],[35.615108,1.287514],[35.617325,1.289795],[35.624817,1.294943],[35.628143,1.295856],[35.62912,1.297355],[35.631142,1.297681],[35.632835,1.299375],[35.639191,1.303188],[35.650627,1.307066],[35.657993,1.309738],[35.671452,1.314854],[35.675426,1.315962],[35.687874,1.317591],[35.688984,1.318652],[35.695953,1.319007],[35.696796,1.320418],[35.696083,1.323352],[35.698708,1.325042],[35.699108,1.327398],[35.698395,1.328198],[35.696217,1.328153],[35.697174,1.331065],[35.696728,1.332088],[35.694103,1.334889],[35.694771,1.337334],[35.694283,1.339201],[35.692905,1.339512],[35.690193,1.338934],[35.687794,1.340801],[35.688549,1.342135],[35.691216,1.341957],[35.690594,1.343958],[35.687614,1.344491],[35.68697,1.346825],[35.689415,1.35176],[35.689503,1.352738],[35.687191,1.355227],[35.687016,1.357228],[35.687637,1.359629],[35.689949,1.360651],[35.690704,1.363318],[35.69006,1.366586],[35.690815,1.368231],[35.69384,1.367653],[35.693527,1.370632],[35.692551,1.372943],[35.694683,1.374366],[35.69566,1.377833],[35.697884,1.379656],[35.700085,1.382212],[35.701683,1.385191],[35.701061,1.38728],[35.699062,1.387058],[35.698261,1.388125],[35.698708,1.390881],[35.70142,1.394393],[35.701775,1.396305],[35.701328,1.398706],[35.702995,1.40144],[35.704865,1.401973],[35.710064,1.40064],[35.710911,1.400773],[35.710464,1.403574],[35.708641,1.404552],[35.706776,1.404596],[35.705753,1.405708],[35.706596,1.409442],[35.709354,1.410153],[35.710289,1.411443],[35.710064,1.413576],[35.707085,1.414243],[35.706287,1.41531],[35.705643,1.420312],[35.707066,1.420934],[35.706932,1.422534],[35.704529,1.42778],[35.705196,1.428936],[35.70742,1.430403],[35.707729,1.43147],[35.707287,1.435338],[35.705929,1.436738],[35.706242,1.439139],[35.710419,1.441051],[35.711266,1.442251],[35.711887,1.447097],[35.713089,1.448608],[35.718643,1.450164],[35.720024,1.451542],[35.719734,1.455877],[35.72031,1.456944],[35.72258,1.458544],[35.722446,1.462012],[35.721378,1.464901],[35.719154,1.467658],[35.718513,1.470747],[35.719624,1.473281],[35.723579,1.474748],[35.724335,1.475949],[35.725758,1.479994],[35.728916,1.481061],[35.729313,1.483373],[35.728279,1.486896],[35.730724,1.487396],[35.732197,1.490036],[35.734089,1.490647],[35.735146,1.493703],[35.737534,1.496704],[35.740589,1.497649],[35.742146,1.499594],[35.74559,1.500872],[35.747368,1.501039],[35.748924,1.502539],[35.751842,1.503456],[35.755287,1.506124],[35.7589,1.507346],[35.759846,1.511292],[35.761402,1.51357],[35.761623,1.515459],[35.760845,1.516849],[35.761955,1.518849],[35.765236,1.520016],[35.767124,1.522906],[35.766762,1.527602],[35.76804,1.532825],[35.772041,1.536771],[35.773045,1.540105],[35.774986,1.543106],[35.774849,1.548302],[35.775349,1.550858],[35.778683,1.554192],[35.781296,1.557471],[35.782742,1.559805],[35.783989,1.569224],[35.783325,1.574281],[35.784546,1.579893],[35.784657,1.584228],[35.785267,1.586784],[35.784935,1.589229],[35.785267,1.591619],[35.786465,1.593758],[35.787354,1.596815],[35.786854,1.601705],[35.787407,1.604706],[35.789268,1.60979],[35.789547,1.611846],[35.789883,1.620015],[35.790604,1.621071],[35.793049,1.622405],[35.792992,1.624239],[35.790936,1.625739],[35.785934,1.626962],[35.783852,1.628434],[35.779739,1.630101],[35.776794,1.63488],[35.77607,1.63677],[35.776348,1.643549],[35.777351,1.647106],[35.779572,1.649884],[35.784184,1.654052],[35.789074,1.659387],[35.791943,1.663619],[35.788933,1.664206],[35.785702,1.663705],[35.778255,1.665686],[35.774067,1.66819],[35.768555,1.668509],[35.765915,1.66992],[35.762409,1.670922],[35.762955,1.672106],[35.755329,1.675908],[35.753349,1.677388],[35.748703,1.681987],[35.743969,1.686222],[35.735657,1.692893],[35.73156,1.697492],[35.728054,1.699359],[35.723179,1.703776],[35.720039,1.7071],[35.717613,1.707774],[35.71616,1.707602],[35.712605,1.70585],[35.708771,1.70569],[35.70512,1.707244],[35.702431,1.707836],[35.698692,1.707922],[35.693413,1.710957],[35.682137,1.71895],[35.678932,1.720159],[35.670506,1.723847],[35.669418,1.724686],[35.668114,1.727301],[35.663364,1.733703],[35.660797,1.73585],[35.656815,1.738033],[35.654224,1.738896],[35.64661,1.74071],[35.641605,1.741499],[35.633919,1.744275],[35.630836,1.74615],[35.626591,1.747062],[35.626122,1.74573],[35.626556,1.743375],[35.623989,1.743917],[35.621349,1.745422],[35.618549,1.744817],[35.617268,1.745039],[35.614082,1.748222],[35.610172,1.748851],[35.608521,1.750035],[35.607929,1.752404],[35.6063,1.753859],[35.604992,1.756129],[35.602093,1.75809],[35.600021,1.756807],[35.596912,1.753995],[35.592632,1.752305],[35.589695,1.752774],[35.587872,1.751713],[35.584675,1.752293],[35.581963,1.751725],[35.579346,1.753748],[35.575832,1.755315],[35.573586,1.753538],[35.570404,1.754377],[35.563732,1.758559],[35.560448,1.758707],[35.556416,1.761778],[35.554886,1.762543],[35.552147,1.761951],[35.550484,1.762136],[35.548164,1.764233],[35.545204,1.764973],[35.542179,1.766466],[35.540825,1.766195],[35.538506,1.767083],[35.536209,1.766861],[35.532547,1.767416],[35.529736,1.766799],[35.524948,1.768131],[35.5219,1.767231],[35.519337,1.767231],[35.517979,1.766343],[35.514339,1.765911],[35.511848,1.763888],[35.509922,1.763888],[35.507702,1.767342],[35.506187,1.773349],[35.504387,1.776013],[35.502213,1.776433],[35.498589,1.778949],[35.49485,1.782909],[35.492851,1.783871],[35.491371,1.785351],[35.491493,1.787892],[35.490704,1.788978],[35.488571,1.7883],[35.486202,1.790619],[35.484844,1.791285],[35.48275,1.79052],[35.481739,1.79089],[35.480453,1.793431],[35.48138,1.79522],[35.48138,1.797045],[35.480171,1.797366],[35.478542,1.795614],[35.477409,1.79633],[35.477951,1.798156],[35.477234,1.800302],[35.477482,1.802695],[35.476593,1.803731],[35.474262,1.804114],[35.471695,1.803423],[35.468193,1.804681],[35.466923,1.807678],[35.465984,1.808641],[35.463543,1.808172],[35.463913,1.810269],[35.466526,1.810688],[35.466995,1.813698],[35.468945,1.816091],[35.468761,1.818274],[35.466393,1.817855],[35.465206,1.818719],[35.464344,1.821383],[35.468414,1.825552],[35.46838,1.826946],[35.467171,1.828624],[35.468552,1.830474],[35.466652,1.832769],[35.466011,1.834619],[35.465382,1.840158],[35.463654,1.842328],[35.461411,1.842501],[35.459927,1.843636],[35.459385,1.845659],[35.457077,1.845104],[35.455032,1.845252],[35.453377,1.844413],[35.451996,1.84577],[35.449577,1.845178],[35.448765,1.848237],[35.449654,1.849323],[35.448223,1.850334],[35.445557,1.849298],[35.445137,1.851642],[35.443558,1.853369],[35.441658,1.8519],[35.365406,1.928468],[35.365028,1.928944],[35.368263,1.933101],[35.369232,1.934903],[35.369587,1.93986],[35.370354,1.941621],[35.373482,1.945745],[35.375431,1.947206],[35.379173,1.948011],[35.375748,1.958223],[35.374008,1.962845],[35.373367,1.96619],[35.374199,1.974397],[35.375191,1.981979],[35.374821,1.986671],[35.374939,1.992176],[35.371651,2.012185],[35.369877,2.019654],[35.368076,2.026309],[35.365795,2.036211],[35.361977,2.044225],[35.35965,2.057399],[35.356224,2.067646],[35.353844,2.078451],[35.350006,2.090019],[35.345425,2.104606],[35.342537,2.116705],[35.340317,2.125034],[35.337524,2.132288],[35.333397,2.143657],[35.329475,2.155831],[35.324863,2.166794],[35.321636,2.178767],[35.318344,2.189421],[35.315689,2.201972],[35.314396,2.211845],[35.308823,2.234173],[35.301605,2.259984],[35.298042,2.270693],[35.294449,2.279105],[35.285557,2.297561],[35.280685,2.305289],[35.274166,2.314032],[35.271145,2.319732],[35.266045,2.324757],[35.264305,2.327608],[35.261261,2.331681],[35.257847,2.333919],[35.247936,2.33982],[35.245434,2.341524],[35.238972,2.343514],[35.235111,2.346738],[35.232132,2.351218],[35.233036,2.358639],[35.234432,2.368246],[35.236042,2.372782],[35.236641,2.378593],[35.228176,2.397971],[35.223316,2.412046],[35.223515,2.418211],[35.226643,2.432751],[35.229191,2.438479],[35.231697,2.441386],[35.230442,2.446134],[35.227913,2.449971],[35.224659,2.455608],[35.222569,2.462265],[35.22179,2.468333],[35.221523,2.473929],[35.220676,2.479418],[35.220272,2.487492],[35.220127,2.493775],[35.220509,2.500572],[35.221992,2.516698],[35.224926,2.529918],[35.219151,2.539855],[35.217419,2.543338],[35.21286,2.550738],[35.209984,2.559644],[35.207432,2.568283],[35.201694,2.58249],[35.198215,2.591848],[35.186996,2.611442],[35.182194,2.6215],[35.177475,2.630432],[35.174385,2.636812],[35.16692,2.643486],[35.160538,2.64824],[35.154129,2.649147],[35.151691,2.649147],[35.143364,2.647928],[35.137054,2.646024],[35.135689,2.64825],[35.134403,2.651553],[35.132355,2.648917],[35.130508,2.644939],[35.129269,2.636155],[35.12812,2.634352],[35.128208,2.62714],[35.127708,2.6234],[35.125679,2.620409],[35.125168,2.61863],[35.124992,2.615359],[35.122402,2.610188],[35.119484,2.606344],[35.116982,2.603682],[35.116116,2.601879],[35.115658,2.598023],[35.11401,2.594618],[35.112103,2.587071],[35.112011,2.585408],[35.110443,2.58154],[35.109623,2.576563],[35.107349,2.568943],[35.107113,2.564672],[35.107632,2.560195],[35.105309,2.556084],[35.104755,2.554177],[35.104519,2.547531],[35.106838,2.543785],[35.10759,2.541866],[35.107666,2.536695],[35.108829,2.531864],[35.110218,2.529623],[35.109226,2.526096],[35.110462,2.522154],[35.110523,2.520583],[35.10947,2.51535],[35.107651,2.511628],[35.107254,2.509429],[35.107491,2.505147],[35.105919,2.502089],[35.104816,2.497917],[35.103794,2.496467],[35.101212,2.491253],[35.100983,2.488297],[35.093346,2.478561],[35.090401,2.475752],[35.086205,2.472448],[35.079742,2.468157],[35.072216,2.464156],[35.067856,2.46247],[35.066151,2.463691],[35.064972,2.466539],[35.063313,2.473601],[35.062431,2.475878],[35.06004,2.484083],[35.057781,2.489421],[35.054344,2.496599],[35.048965,2.506994],[35.044308,2.516885],[35.040886,2.521893],[35.035374,2.530661],[35.031605,2.537238],[35.029602,2.542983],[35.02874,2.553649],[35.028049,2.559704],[35.026375,2.56479],[35.024399,2.56665],[35.020485,2.56851],[35.018169,2.568539],[35.016136,2.567648],[35.012424,2.561806],[35.009605,2.554027],[35.007988,2.54679],[35.007126,2.539147],[35.006138,2.525061],[35.004684,2.508418],[35.004257,2.505957],[35.00264,2.50029],[35.000751,2.495069],[34.998466,2.489469],[34.997894,2.487348],[34.997795,2.482388],[34.997051,2.479433],[34.997322,2.475093],[34.998341,2.47239],[35.000973,2.468418],[35.003036,2.46618],[35.005615,2.462635],[35.008152,2.460116],[35.009537,2.459331],[35.013996,2.455631],[35.015659,2.454972],[35.016861,2.45346],[35.020359,2.44572],[35.022133,2.443327],[35.021763,2.441603],[35.019886,2.440189],[35.020195,2.43796],[35.021309,2.435742],[35.021404,2.433785],[35.020435,2.432797],[35.017551,2.431634],[35.016106,2.429455],[35.014362,2.428234],[35.011864,2.427963],[35.009869,2.42649],[35.008705,2.424727],[35.008541,2.421269],[35.009956,2.416367],[35.012901,2.409351],[35.013424,2.406949],[35.012363,2.404294],[35.009968,2.403471],[34.971176,2.436491],[34.940819,2.453111],[34.942776,2.455469]]]},"properties":{"code":306}},{"type":"Feature","geometry":{"type":"Polygon","coordinates":[[[36.392063,0.918774],[36.391472,0.916405],[36.391453,0.912725],[36.39312,0.911976],[36.392628,0.909579],[36.394962,0.908659],[36.394875,0.905663],[36.398857,0.902753],[36.400505,0.902517],[36.402386,0.900484],[36.404613,0.900912],[36.406986,0.900013],[36.409706,0.899735],[36.411694,0.900805],[36.414562,0.901126],[36.416874,0.902496],[36.423466,0.897424],[36.422821,0.895627],[36.423637,0.894664],[36.422672,0.892802],[36.424149,0.891539],[36.425606,0.889014],[36.429626,0.883857],[36.431789,0.882894],[36.434849,0.879213],[36.436348,0.878742],[36.437031,0.877459],[36.440434,0.87611],[36.441013,0.875062],[36.444157,0.87335],[36.445465,0.871552],[36.447605,0.872965],[36.449085,0.872491],[36.454128,0.872644],[36.457447,0.870525],[36.461235,0.869241],[36.461597,0.86785],[36.463867,0.86556],[36.466286,0.865453],[36.469601,0.863442],[36.470352,0.860874],[36.476128,0.857493],[36.478226,0.854518],[36.481159,0.852828],[36.483105,0.85347],[36.484539,0.852678],[36.48719,0.849982],[36.488716,0.846797],[36.488827,0.84497],[36.487736,0.843293],[36.48737,0.839284],[36.486538,0.836898],[36.485401,0.835494],[36.484821,0.833235],[36.483871,0.826893],[36.48278,0.825144],[36.483288,0.821426],[36.483036,0.819526],[36.481541,0.816834],[36.482559,0.815377],[36.48241,0.813495],[36.669514,0.813306],[36.673019,0.816653],[36.676125,0.817274],[36.681198,0.816815],[36.687237,0.817456],[36.705006,0.815897],[36.708412,0.814359],[36.721825,0.819302],[36.734676,0.825044],[36.756142,0.858403],[36.773094,0.865649],[36.780396,0.86737],[36.793354,0.8694],[36.799263,0.865412],[36.806747,0.86138],[36.815613,0.855942],[36.817574,0.844942],[36.818615,0.842824],[36.820076,0.838225],[36.82254,0.833508],[36.823475,0.830277],[36.82476,0.829027],[36.828457,0.821964],[36.82943,0.818615],[36.830868,0.81674],[36.831997,0.813478],[36.832638,0.806171],[36.833576,0.801694],[36.834534,0.799836],[36.840443,0.796206],[36.843849,0.794856],[36.840878,0.790008],[36.847332,0.780473],[36.852497,0.771443],[36.856689,0.763484],[36.863018,0.749567],[36.865677,0.740919],[36.86581,0.737651],[36.870735,0.738202],[36.877674,0.738051],[36.879086,0.737176],[36.881073,0.733222],[36.886547,0.733368],[36.887745,0.736639],[36.889008,0.737428],[36.896866,0.74027],[36.903656,0.740017],[36.904823,0.738249],[36.907852,0.738186],[36.908737,0.736829],[36.908455,0.73244],[36.910229,0.728703],[36.91193,0.729455],[36.913422,0.728756],[36.916718,0.729306],[36.917736,0.732945],[36.919155,0.735597],[36.919884,0.738091],[36.922123,0.739512],[36.925186,0.740649],[36.928036,0.74055],[36.929134,0.741911],[36.931602,0.74342],[36.93166,0.745732],[36.93248,0.749015],[36.933678,0.750972],[36.934647,0.754198],[36.936836,0.753561],[36.93911,0.751509],[36.941067,0.748099],[36.94236,0.746868],[36.947254,0.744311],[36.948612,0.7439],[36.951771,0.744469],[36.955589,0.743808],[36.960114,0.744067],[36.964745,0.742353],[36.966293,0.742132],[36.969131,0.744027],[36.971546,0.744425],[36.973579,0.746826],[36.975479,0.746584],[36.977848,0.744721],[36.980595,0.744532],[36.986149,0.746552],[36.991455,0.747563],[36.993317,0.748636],[36.99559,0.75072],[36.997894,0.751004],[37.001366,0.750057],[37.003071,0.750152],[37.008724,0.751635],[37.013931,0.754066],[37.016586,0.75574],[37.01944,0.756368],[37.026764,0.759199],[37.041969,0.764295],[37.046577,0.76619],[37.0569,0.771841],[37.058693,0.772372],[37.060757,0.770665],[37.061951,0.767831],[37.063148,0.766771],[37.068707,0.765653],[37.070667,0.766853],[37.071171,0.770894],[37.07196,0.77364],[37.070793,0.775787],[37.07095,0.777492],[37.073162,0.779638],[37.075222,0.780291],[37.079758,0.780744],[37.08746,0.782796],[37.092072,0.782575],[37.093304,0.782922],[37.095798,0.785296],[37.099285,0.786224],[37.101479,0.787279],[37.103813,0.787532],[37.107761,0.785921],[37.108929,0.781628],[37.111298,0.780523],[37.113285,0.781281],[37.116142,0.783152],[37.118122,0.783085],[37.121693,0.77933],[37.124367,0.77806],[37.126011,0.774051],[37.127621,0.771178],[37.128124,0.7672],[37.128773,0.766094],[37.131474,0.764839],[37.133366,0.763317],[37.136585,0.759465],[37.138638,0.759244],[37.141781,0.760562],[37.145237,0.760633],[37.147732,0.759749],[37.150784,0.760904],[37.152435,0.759465],[37.152184,0.754098],[37.153793,0.752393],[37.159492,0.752533],[37.161938,0.751635],[37.162758,0.750688],[37.163105,0.746331],[37.16481,0.744153],[37.166767,0.74308],[37.169895,0.742701],[37.171471,0.743237],[37.174217,0.745353],[37.176304,0.745416],[37.180973,0.742701],[37.182697,0.74264],[37.189793,0.744721],[37.194675,0.745069],[37.200546,0.746438],[37.203484,0.74611],[37.204716,0.744658],[37.2062,0.741533],[37.209389,0.741533],[37.212105,0.74027],[37.218353,0.739323],[37.21994,0.739438],[37.223972,0.743427],[37.226723,0.745132],[37.229908,0.749362],[37.231171,0.750246],[37.235435,0.751257],[37.237579,0.755045],[37.239414,0.756592],[37.241875,0.757508],[37.243992,0.759339],[37.245663,0.761864],[37.247967,0.763411],[37.252892,0.764422],[37.255547,0.764453],[37.257408,0.763632],[37.261559,0.759938],[37.26519,0.757352],[37.266373,0.753624],[37.27029,0.752267],[37.27153,0.750396],[37.273129,0.745841],[37.276699,0.742448],[37.280815,0.739809],[37.282696,0.738944],[37.287048,0.737686],[37.288696,0.736892],[37.289864,0.735345],[37.290558,0.731967],[37.291946,0.730325],[37.293903,0.729252],[37.298923,0.722879],[37.300819,0.719683],[37.301235,0.717399],[37.302799,0.711992],[37.30455,0.708109],[37.305195,0.703159],[37.307755,0.701573],[37.308712,0.700163],[37.309383,0.6976],[37.311058,0.694859],[37.313698,0.686373],[37.315247,0.683893],[37.320122,0.678525],[37.321606,0.675707],[37.32629,0.668397],[37.326748,0.665731],[37.326565,0.661565],[37.327011,0.659716],[37.330784,0.654233],[37.331696,0.650311],[37.333141,0.648979],[37.33746,0.64759],[37.341747,0.646732],[37.342663,0.64578],[37.343193,0.643534],[37.342892,0.640488],[37.343346,0.638051],[37.346432,0.634624],[37.34803,0.63154],[37.349514,0.62621],[37.352638,0.622326],[37.352867,0.620803],[37.351761,0.615739],[37.352219,0.613417],[37.354046,0.608924],[37.354206,0.606283],[37.353779,0.601347],[37.354656,0.599786],[37.357044,0.599266],[37.362461,0.5999],[37.363487,0.599329],[37.36425,0.596854],[37.36364,0.592628],[37.363747,0.590031],[37.364479,0.587412],[37.365471,0.586707],[37.367676,0.586612],[37.373085,0.587945],[37.376167,0.586231],[37.377575,0.584252],[37.379025,0.583414],[37.382603,0.582652],[37.385353,0.580995],[37.389683,0.576941],[37.392063,0.576673],[37.399391,0.578807],[37.401562,0.57835],[37.403515,0.578581],[37.406101,0.579722],[37.410587,0.579087],[37.414356,0.58004],[37.420551,0.579801],[37.42329,0.579444],[37.425037,0.58004],[37.426662,0.58258],[37.429123,0.583096],[37.435516,0.580278],[37.438015,0.580516],[37.439129,0.582064],[37.440716,0.582421],[37.443214,0.582024],[37.445717,0.580397],[37.447025,0.580397],[37.450996,0.582342],[37.453377,0.583017],[37.458736,0.585359],[37.462387,0.586391],[37.465881,0.590995],[37.468384,0.592821],[37.470287,0.593337],[37.472195,0.592504],[37.476124,0.588653],[37.477829,0.588098],[37.48053,0.588018],[37.48946,0.589328],[37.492359,0.588296],[37.492836,0.58647],[37.492634,0.584117],[37.49054,0.580051],[37.490692,0.577936],[37.492279,0.576189],[37.494606,0.575677],[37.502357,0.575571],[37.503674,0.574716],[37.506927,0.570347],[37.508213,0.569387],[37.511143,0.569255],[37.515186,0.567972],[37.517048,0.568381],[37.519268,0.569814],[37.521141,0.570374],[37.524101,0.570341],[37.526157,0.56941],[37.531109,0.565407],[37.532722,0.565374],[37.534431,0.567084],[37.537075,0.571221],[37.539989,0.574353],[37.542591,0.575834],[37.544529,0.577709],[37.547054,0.577921],[37.548969,0.574716],[37.550812,0.573564],[37.555485,0.571426],[37.557392,0.570999],[37.564003,0.572018],[37.565948,0.570877],[37.567707,0.570826],[37.570618,0.572018],[37.574497,0.574157],[37.576504,0.574617],[37.580082,0.572876],[37.581982,0.573237],[37.583233,0.574569],[37.583447,0.576788],[37.582523,0.581722],[37.58226,0.584979],[37.582531,0.587363],[37.583542,0.588433],[37.585289,0.588613],[37.590286,0.588236],[37.59227,0.588698],[37.595566,0.590944],[37.597473,0.591657],[37.602161,0.591788],[37.604488,0.591253],[37.607327,0.592216],[37.610878,0.595768],[37.612484,0.596819],[37.615543,0.59732],[37.618095,0.599842],[37.620346,0.599798],[37.622013,0.598591],[37.623386,0.598558],[37.627155,0.600077],[37.628662,0.599408],[37.629948,0.597084],[37.632839,0.597184],[37.635101,0.599728],[37.636032,0.602637],[37.636208,0.606543],[37.63776,0.609088],[37.641544,0.612207],[37.641319,0.614625],[37.638996,0.614297],[37.637432,0.614767],[37.637444,0.617501],[37.638313,0.621074],[37.640289,0.622339],[37.643402,0.622067],[37.644611,0.623436],[37.645477,0.627959],[37.646091,0.628856],[37.65044,0.63219],[37.652176,0.632647],[37.656067,0.63125],[37.658058,0.631712],[37.661438,0.633428],[37.663998,0.63273],[37.666008,0.633212],[37.669666,0.637518],[37.673573,0.641276],[37.67577,0.640095],[37.677204,0.640166],[37.678665,0.642527],[37.68116,0.642581],[37.682335,0.645648],[37.68232,0.649506],[37.682983,0.651418],[37.686176,0.656489],[37.690598,0.659664],[37.691132,0.661892],[37.690666,0.663089],[37.697884,0.665001],[37.702808,0.667238],[37.709068,0.667238],[37.713989,0.66008],[37.718464,0.657843],[37.723831,0.654711],[37.728752,0.656501],[37.729202,0.661869],[37.734123,0.662316],[37.739937,0.667238],[37.743519,0.671711],[37.746651,0.676185],[37.752911,0.67529],[37.757832,0.672606],[37.76857,0.673501],[37.773937,0.677974],[37.778412,0.67708],[37.78244,0.67529],[37.785568,0.674395],[37.789597,0.672159],[37.797649,0.673948],[37.803467,0.675738],[37.811069,0.674395],[37.81823,0.677527],[37.82494,0.679764],[37.832096,0.679764],[37.837463,0.683343],[37.844624,0.689606],[37.843727,0.695869],[37.842384,0.703475],[37.846413,0.711527],[37.85849,0.718238],[37.866993,0.726738],[37.875046,0.730317],[37.87236,0.735685],[37.876835,0.744185],[37.883991,0.740159],[37.888466,0.738817],[37.892044,0.735238],[37.896519,0.727633],[37.8992,0.728975],[37.902332,0.72629],[37.902332,0.720922],[37.90815,0.71958],[37.910835,0.715554],[37.912624,0.711975],[37.922466,0.718238],[37.927387,0.721817],[37.936333,0.730317],[37.940361,0.738817],[37.947517,0.743291],[37.953781,0.74687],[37.958256,0.751343],[37.96452,0.751791],[37.971676,0.754475],[37.972122,0.759843],[37.980175,0.769685],[37.988228,0.777291],[37.994938,0.77908],[37.999413,0.786686],[38.004333,0.788028],[38.009705,0.792501],[38.007465,0.800107],[38.011494,0.803686],[38.015965,0.802344],[38.015518,0.796975],[38.024017,0.796975],[38.030281,0.790712],[38.03878,0.788028],[38.046833,0.784449],[38.049965,0.778633],[38.06115,0.778633],[38.064728,0.78087],[38.073231,0.781317],[38.080387,0.780422],[38.080925,0.781438],[38.047512,0.804963],[38.030838,1.085136],[37.957787,1.18199],[37.948162,1.194319],[37.945293,1.26288],[37.950619,1.386963],[37.852123,1.459064],[37.849838,1.455399],[37.848824,1.452712],[37.849583,1.447779],[37.848919,1.446008],[37.846546,1.44351],[37.845978,1.442213],[37.846485,1.437059],[37.845695,1.434402],[37.843323,1.431999],[37.843132,1.429659],[37.844334,1.427983],[37.843418,1.426181],[37.84174,1.425485],[37.838737,1.425232],[37.836113,1.42558],[37.830738,1.424821],[37.827637,1.421659],[37.825867,1.420836],[37.822926,1.421437],[37.81834,1.42305],[37.815147,1.422038],[37.811573,1.418812],[37.809422,1.418054],[37.804554,1.417548],[37.800472,1.418401],[37.798561,1.417785],[37.796741,1.41584],[37.793579,1.414132],[37.78653,1.415429],[37.784378,1.41837],[37.783081,1.419413],[37.781506,1.419217],[37.780022,1.416665],[37.778599,1.412056],[37.777458,1.411422],[37.774429,1.411798],[37.772408,1.40983],[37.770855,1.412846],[37.76807,1.413998],[37.766129,1.413571],[37.761921,1.414011],[37.760296,1.413759],[37.756977,1.412186],[37.755295,1.411849],[37.751266,1.412238],[37.74794,1.413364],[37.746567,1.41295],[37.744705,1.411306],[37.74157,1.41005],[37.7374,1.407616],[37.734539,1.406981],[37.72971,1.407004],[37.724903,1.405638],[37.720581,1.406928],[37.716965,1.40761],[37.709988,1.407231],[37.706169,1.40622],[37.699516,1.403691],[37.693981,1.403033],[37.690853,1.40208],[37.686443,1.399974],[37.683636,1.398962],[37.681641,1.399544],[37.677292,1.402503],[37.674637,1.403236],[37.671551,1.401592],[37.67054,1.399544],[37.667759,1.399165],[37.66394,1.397648],[37.662327,1.398367],[37.660423,1.398128],[37.658325,1.3957],[37.65686,1.395422],[37.655949,1.396636],[37.655167,1.399696],[37.6539,1.400935],[37.648617,1.399822],[37.646744,1.399165],[37.644569,1.396055],[37.639362,1.391098],[37.634407,1.389758],[37.632938,1.388696],[37.631802,1.386345],[37.629738,1.383728],[37.628464,1.383437],[37.623859,1.384195],[37.62151,1.382324],[37.622395,1.378936],[37.62146,1.376938],[37.619358,1.377823],[37.616653,1.377874],[37.610989,1.375598],[37.608715,1.37532],[37.606014,1.376645],[37.603504,1.379138],[37.600975,1.384119],[37.600708,1.387242],[37.599335,1.390618],[37.597565,1.391427],[37.595921,1.388823],[37.595894,1.385232],[37.59544,1.384145],[37.589371,1.379087],[37.588917,1.375244],[37.588181,1.373373],[37.587448,1.36824],[37.584061,1.366798],[37.58239,1.366672],[37.580215,1.365155],[37.579231,1.36647],[37.581635,1.369099],[37.582138,1.370844],[37.581604,1.3723],[37.578724,1.376382],[37.576778,1.380377],[37.573997,1.380428],[37.573017,1.380993],[37.570911,1.384777],[37.569798,1.388469],[37.568989,1.389278],[37.566208,1.390163],[37.56358,1.39034],[37.562061,1.39125],[37.561176,1.393956],[37.557804,1.396207],[37.499874,1.501168],[37.469196,1.554285],[37.442989,1.587368],[37.430843,1.608104],[37.350548,1.742138],[37.306107,1.765452],[37.282852,1.832438],[37.277,1.8482],[37.268627,1.871922],[37.266697,1.877649],[37.265491,1.879035],[37.263653,1.879367],[37.259312,1.879397],[37.252594,1.880813],[37.248917,1.880783],[37.246834,1.881266],[37.244484,1.882682],[37.240959,1.885847],[37.239994,1.890217],[37.238125,1.893292],[37.23645,1.894697],[37.233723,1.898506],[37.232098,1.900224],[37.227001,1.903811],[37.224743,1.905046],[37.21986,1.907036],[37.216995,1.911105],[37.214283,1.912943],[37.210667,1.91439],[37.206192,1.918148],[37.203342,1.919996],[37.196682,1.926295],[37.193336,1.928405],[37.189899,1.931449],[37.186916,1.935548],[37.185139,1.939316],[37.180767,1.949714],[37.179531,1.959178],[37.176819,1.958003],[37.174919,1.958214],[37.171967,1.959871],[37.168171,1.960444],[37.165909,1.961378],[37.158615,1.965598],[37.154514,1.966502],[37.149452,1.968311],[37.137756,1.97036],[37.131065,1.970722],[37.126755,1.97238],[37.123531,1.974942],[37.120941,1.976087],[37.110962,1.978258],[37.107376,1.979342],[37.103397,1.981301],[37.099903,1.982597],[37.09668,1.983248],[37.090771,1.983411],[37.081364,1.983019],[37.063854,1.983011],[37.047878,1.982778],[37.042091,1.982507],[37.03281,1.982597],[37.027172,1.983019],[37.019035,1.984255],[37.012917,1.984255],[37.008999,1.984677],[37.005894,1.985491],[37.001675,1.988264],[36.996639,1.992483],[36.978462,2.005595],[36.971375,2.010225],[36.966213,2.013073],[36.960651,2.016663],[36.950012,2.025109],[36.944492,2.0255],[36.940968,2.025073],[36.935875,2.023293],[36.931496,2.020729],[36.927078,2.017631],[36.925343,2.016906],[36.919964,2.016406],[36.917751,2.016634],[36.915756,2.018023],[36.916042,2.021583],[36.917965,2.028563],[36.918888,2.033797],[36.918499,2.038497],[36.919315,2.043304],[36.919601,2.048218],[36.918995,2.051601],[36.920925,2.057415],[36.920635,2.063601],[36.919781,2.067162],[36.91946,2.074248],[36.918247,2.08347],[36.918568,2.088063],[36.920063,2.094473],[36.919994,2.099529],[36.912746,2.10003],[36.915287,2.125653],[36.903526,2.155261],[36.90271,2.158167],[36.90239,2.161936],[36.899937,2.173788],[36.897213,2.188228],[36.896667,2.192452],[36.89476,2.194223],[36.892853,2.197492],[36.889996,2.20394],[36.865791,2.253846],[36.844913,2.274217],[36.843517,2.274762],[36.798141,2.401521],[36.772362,2.472309],[36.756699,2.516061],[36.752445,2.516504],[36.747868,2.514248],[36.746258,2.514122],[36.743801,2.515067],[36.741489,2.514681],[36.739929,2.515011],[36.736034,2.51365],[36.732159,2.512715],[36.727013,2.512571],[36.72467,2.512031],[36.714966,2.508677],[36.710983,2.509226],[36.70871,2.508224],[36.707737,2.508504],[36.706879,2.511652],[36.705513,2.51273],[36.701733,2.513294],[36.699718,2.512368],[36.700897,2.508374],[36.701206,2.503714],[36.702202,2.497546],[36.702168,2.494701],[36.701344,2.486443],[36.701859,2.483941],[36.703091,2.480763],[36.702953,2.47743],[36.70042,2.471433],[36.698193,2.468349],[36.697472,2.466225],[36.697403,2.46386],[36.69939,2.458617],[36.698601,2.455122],[36.696751,2.454299],[36.691578,2.45639],[36.687981,2.458891],[36.685787,2.458754],[36.683491,2.457281],[36.680336,2.454676],[36.677563,2.451147],[36.67421,2.448812],[36.67112,2.445458],[36.668377,2.441449],[36.667076,2.438433],[36.664402,2.435794],[36.663101,2.433121],[36.661079,2.430311],[36.657993,2.422738],[36.656246,2.419826],[36.654327,2.419003],[36.652065,2.419791],[36.650112,2.418935],[36.649052,2.417495],[36.647816,2.414103],[36.646206,2.413726],[36.644871,2.418249],[36.643192,2.417735],[36.643021,2.415611],[36.643703,2.409031],[36.643364,2.405776],[36.64254,2.403377],[36.640793,2.396489],[36.637913,2.391828],[36.637604,2.392822],[36.638634,2.396352],[36.638672,2.403883],[36.639706,2.408094],[36.639832,2.410162],[36.638084,2.410607],[36.63723,2.406804],[36.634933,2.405262],[36.63356,2.405501],[36.632717,2.408594],[36.631298,2.409169],[36.631218,2.411721],[36.629688,2.41328],[36.623245,2.415816],[36.621464,2.414994],[36.620506,2.412389],[36.621361,2.408551],[36.621189,2.405193],[36.619991,2.402863],[36.618999,2.399813],[36.617626,2.398922],[36.612556,2.397722],[36.608887,2.396557],[36.607174,2.396797],[36.605049,2.398134],[36.604538,2.401698],[36.603542,2.403274],[36.600895,2.405736],[36.600964,2.360014],[36.723713,2.300974],[36.722408,2.298029],[36.722164,2.296396],[36.723415,2.292132],[36.721592,2.287742],[36.721268,2.284558],[36.722622,2.280603],[36.722816,2.275007],[36.72094,2.272721],[36.716778,2.269863],[36.714489,2.266516],[36.710655,2.266271],[36.707634,2.263904],[36.706573,2.261944],[36.707306,2.25974],[36.71138,2.256872],[36.713348,2.254025],[36.713757,2.252311],[36.713757,2.247821],[36.713428,2.245535],[36.71204,2.242596],[36.709347,2.239493],[36.709511,2.236228],[36.711632,2.232391],[36.71196,2.230758],[36.711552,2.225778],[36.710655,2.223247],[36.705429,2.221781],[36.701672,2.220145],[36.699879,2.218267],[36.699551,2.216798],[36.700531,2.208797],[36.701153,2.206265],[36.702408,2.20349],[36.701511,2.199735],[36.699223,2.197939],[36.691322,2.196755],[36.686569,2.195735],[36.681755,2.193367],[36.67506,2.18904],[36.670353,2.18644],[36.668121,2.184632],[36.663467,2.179488],[36.656281,2.173366],[36.649506,2.169528],[36.6362,2.163895],[36.633095,2.162997],[36.623791,2.161528],[36.619381,2.161283],[36.611134,2.156221],[36.609341,2.156793],[36.612442,2.162181],[36.612114,2.163161],[36.609665,2.162589],[36.606728,2.159079],[36.604034,2.158262],[36.60289,2.156793],[36.600277,2.15516],[36.597748,2.152221],[36.596207,2.148623],[36.593502,2.146016],[36.589203,2.146896],[36.587868,2.146506],[36.585869,2.14425],[36.58395,2.14071],[36.58305,2.138016],[36.581173,2.127239],[36.580276,2.123157],[36.579109,2.120795],[36.576603,2.117687],[36.56945,2.110466],[36.564518,2.105932],[36.563168,2.101924],[36.563541,2.098584],[36.565536,2.09513],[36.566807,2.089604],[36.565212,2.082019],[36.56509,2.079072],[36.565418,2.074908],[36.566479,2.068867],[36.566433,2.066744],[36.568356,2.060295],[36.567703,2.056866],[36.56411,2.054744],[36.561745,2.052458],[36.559948,2.049845],[36.558071,2.050743],[36.555214,2.048131],[36.555458,2.044294],[36.55505,2.042988],[36.549252,2.031476],[36.546886,2.032619],[36.544846,2.030497],[36.544518,2.029272],[36.547161,2.025051],[36.544682,2.024863],[36.543457,2.022659],[36.543781,2.021108],[36.546478,2.01719],[36.546558,2.014985],[36.546116,2.007101],[36.541344,2.007499],[36.540192,2.00674],[36.539356,2.003921],[36.539375,2.000535],[36.540966,1.996089],[36.541214,1.992351],[36.541962,1.988863],[36.540966,1.984877],[36.539223,1.981638],[36.537727,1.977901],[36.537975,1.974164],[36.537727,1.971174],[36.535236,1.970178],[36.534985,1.968434],[36.532246,1.966939],[36.529503,1.963949],[36.526516,1.953485],[36.528755,1.952239],[36.529503,1.953236],[36.534489,1.963451],[36.536232,1.9637],[36.537476,1.961956],[36.536728,1.959714],[36.538475,1.956973],[36.537228,1.953983],[36.535484,1.950994],[36.534985,1.94626],[36.538223,1.942772],[36.537975,1.936792],[36.536232,1.934301],[36.535984,1.93156],[36.538723,1.928322],[36.539471,1.926578],[36.539471,1.92309],[36.538223,1.918605],[36.53648,1.91711],[36.537476,1.913373],[36.533989,1.906646],[36.535984,1.904653],[36.535984,1.901663],[36.535236,1.900418],[36.53648,1.898674],[36.535236,1.894936],[36.528011,1.893691],[36.526516,1.89095],[36.524025,1.892196],[36.524521,1.886715],[36.523277,1.883227],[36.519291,1.88223],[36.519539,1.880735],[36.517544,1.87924],[36.512066,1.879489],[36.511566,1.8765],[36.512314,1.868527],[36.510818,1.863793],[36.509823,1.859558],[36.510818,1.857814],[36.512814,1.855821],[36.512814,1.852831],[36.512066,1.849592],[36.513309,1.849343],[36.515053,1.852084],[36.518044,1.85308],[36.520039,1.852084],[36.520039,1.85034],[36.521034,1.848346],[36.523026,1.846353],[36.522778,1.844609],[36.520535,1.842367],[36.520535,1.839876],[36.518791,1.838381],[36.518791,1.836388],[36.517544,1.835391],[36.518543,1.834145],[36.52153,1.831903],[36.52153,1.829412],[36.518791,1.827917],[36.519291,1.824927],[36.518044,1.823432],[36.515305,1.824429],[36.511814,1.82692],[36.511318,1.825924],[36.514057,1.822436],[36.514557,1.818948],[36.513557,1.815958],[36.516052,1.812968],[36.5163,1.809978],[36.519291,1.805992],[36.521782,1.805992],[36.523277,1.806989],[36.527264,1.807736],[36.528755,1.807238],[36.529503,1.805245],[36.529007,1.802255],[36.529255,1.799764],[36.527264,1.798269],[36.524769,1.797272],[36.524521,1.795279],[36.525517,1.791791],[36.523525,1.791293],[36.522278,1.791791],[36.518543,1.791293],[36.519039,1.789798],[36.522278,1.786061],[36.520786,1.785064],[36.520039,1.782573],[36.519539,1.778586],[36.514305,1.778586],[36.513557,1.776842],[36.517796,1.773354],[36.517544,1.769866],[36.516548,1.765133],[36.513557,1.765133],[36.511066,1.766627],[36.50758,1.771361],[36.508827,1.765631],[36.510319,1.763638],[36.513809,1.763139],[36.515053,1.760648],[36.513062,1.758406],[36.514557,1.757658],[36.516548,1.758157],[36.518791,1.759402],[36.518791,1.763139],[36.519291,1.766627],[36.52153,1.766627],[36.524025,1.765631],[36.524273,1.762143],[36.525269,1.754918],[36.523773,1.752925],[36.520535,1.750433],[36.516052,1.748938],[36.519039,1.745949],[36.519039,1.74271],[36.518543,1.740966],[36.5158,1.741215],[36.513557,1.739969],[36.511566,1.737976],[36.507828,1.732744],[36.505589,1.731249],[36.506332,1.727761],[36.504841,1.725768],[36.505089,1.722529],[36.503841,1.720536],[36.500854,1.719539],[36.499359,1.717546],[36.499607,1.715304],[36.501102,1.713062],[36.501602,1.71057],[36.500854,1.708577],[36.498859,1.706086],[36.494873,1.70484],[36.490139,1.705089],[36.486404,1.704342],[36.484161,1.702847],[36.484161,1.700355],[36.485657,1.697116],[36.485657,1.694625],[36.483662,1.692134],[36.483662,1.688646],[36.485157,1.685158],[36.485405,1.682915],[36.483414,1.680424],[36.480423,1.678431],[36.477932,1.677434],[36.476936,1.675441],[36.477932,1.673448],[36.477932,1.671455],[36.478928,1.668465],[36.477184,1.667468],[36.475441,1.663233],[36.471951,1.663233],[36.469959,1.65825],[36.468464,1.65252],[36.469212,1.648035],[36.470459,1.643301],[36.468964,1.638319],[36.465973,1.635578],[36.467716,1.631343],[36.465473,1.6291],[36.465725,1.62636],[36.464478,1.623868],[36.461987,1.622373],[36.461987,1.619135],[36.465725,1.616892],[36.465473,1.61465],[36.463978,1.613155],[36.459248,1.613404],[36.455509,1.613903],[36.453514,1.612408],[36.452271,1.612906],[36.450027,1.615148],[36.44878,1.617889],[36.446789,1.618387],[36.442554,1.618138],[36.440311,1.615646],[36.438068,1.612408],[36.436825,1.609418],[36.436825,1.60294],[36.435329,1.600698],[36.431091,1.597957],[36.430843,1.590234],[36.431343,1.584504],[36.429848,1.583507],[36.426357,1.583258],[36.425114,1.580517],[36.425114,1.576282],[36.424366,1.573541],[36.422371,1.571548],[36.41988,1.571548],[36.417889,1.56806],[36.417641,1.566316],[36.413155,1.566067],[36.412159,1.563077],[36.409916,1.561084],[36.407673,1.552862],[36.407425,1.550122],[36.405682,1.548129],[36.405682,1.545388],[36.402691,1.542897],[36.402443,1.540654],[36.400448,1.538163],[36.398457,1.534675],[36.398205,1.531187],[36.395466,1.524211],[36.393471,1.522716],[36.385002,1.522716],[36.384254,1.525207],[36.38475,1.528695],[36.383507,1.531187],[36.379272,1.53318],[36.377525,1.537166],[36.377525,1.540405],[36.373539,1.544392],[36.372047,1.547879],[36.372047,1.553859],[36.369553,1.55934],[36.369305,1.563576],[36.371548,1.569057],[36.372295,1.574289],[36.374039,1.578026],[36.374786,1.581514],[36.374786,1.584753],[36.373043,1.589237],[36.372295,1.592227],[36.369305,1.595217],[36.366814,1.595715],[36.364822,1.59422],[36.364323,1.592227],[36.363327,1.591231],[36.359589,1.590234],[36.357845,1.587742],[36.360584,1.583507],[36.359837,1.578275],[36.361832,1.575285],[36.360088,1.572046],[36.357845,1.570801],[36.352116,1.571299],[36.351116,1.572296],[36.346882,1.57105],[36.342648,1.570552],[36.340904,1.570801],[36.340904,1.575534],[36.339905,1.578026],[36.338661,1.576531],[36.336918,1.571548],[36.333927,1.570801],[36.331184,1.57105],[36.329193,1.569057],[36.325455,1.566565],[36.320972,1.559589],[36.312,1.55062],[36.309013,1.548129],[36.306271,1.54763],[36.302784,1.545139],[36.299793,1.542149],[36.299046,1.537166],[36.29805,1.534675],[36.296059,1.53318],[36.296555,1.529941],[36.295311,1.525457],[36.294811,1.522467],[36.294811,1.519726],[36.295559,1.517235],[36.295559,1.514993],[36.294811,1.51275],[36.295059,1.508266],[36.296059,1.506023],[36.293816,1.502037],[36.296307,1.497054],[36.296803,1.493566],[36.297802,1.491075],[36.29755,1.488334],[36.291573,1.481607],[36.291573,1.47787],[36.289829,1.473635],[36.286591,1.469898],[36.286339,1.466908],[36.288582,1.463918],[36.294064,1.46342],[36.299297,1.465413],[36.305275,1.468901],[36.310509,1.469898],[36.31823,1.469898],[36.322716,1.467904],[36.325706,1.464666],[36.333179,1.455447],[36.337166,1.451212],[36.342148,1.445232],[36.347878,1.438755],[36.351116,1.438755],[36.353859,1.436761],[36.35585,1.436014],[36.358341,1.439502],[36.362827,1.438007],[36.368809,1.439004],[36.372295,1.440997],[36.375286,1.441495],[36.380268,1.441495],[36.382511,1.442492],[36.385002,1.444236],[36.389484,1.444983],[36.392227,1.443239],[36.397709,1.437509],[36.3997,1.434021],[36.401196,1.432526],[36.402939,1.432028],[36.40543,1.430284],[36.406925,1.42854],[36.40892,1.428291],[36.410164,1.425052],[36.412159,1.422062],[36.415398,1.421564],[36.415646,1.418823],[36.417141,1.417578],[36.418385,1.417578],[36.421127,1.415584],[36.423618,1.417328],[36.426857,1.415086],[36.428104,1.413591],[36.426609,1.409854],[36.427605,1.40811],[36.429348,1.408608],[36.431591,1.410103],[36.436825,1.410103],[36.438316,1.412096],[36.440063,1.411598],[36.441059,1.409605],[36.443302,1.410103],[36.445045,1.412096],[36.447289,1.412096],[36.44878,1.409854],[36.44928,1.406117],[36.451023,1.404871],[36.453514,1.401881],[36.454014,1.398892],[36.455009,1.398144],[36.458996,1.400636],[36.460991,1.403376],[36.462982,1.402878],[36.464478,1.400636],[36.466473,1.398643],[36.466473,1.396649],[36.46423,1.39366],[36.46423,1.391168],[36.465725,1.387431],[36.462734,1.382199],[36.462234,1.378462],[36.458248,1.368745],[36.455757,1.367749],[36.453266,1.369244],[36.451275,1.367998],[36.44878,1.365008],[36.444546,1.363762],[36.441307,1.362268],[36.437569,1.360025],[36.435825,1.355541],[36.435078,1.352053],[36.432091,1.350807],[36.428852,1.350558],[36.426109,1.347817],[36.422371,1.347817],[36.420628,1.345824],[36.421127,1.340592],[36.421127,1.336855],[36.419632,1.334613],[36.417389,1.334114],[36.416145,1.331374],[36.413403,1.330876],[36.410164,1.328633],[36.409916,1.324149],[36.406178,1.322405],[36.405682,1.318917],[36.403934,1.317173],[36.401695,1.316923],[36.39447,1.316923],[36.392227,1.315678],[36.390484,1.312937],[36.393223,1.311193],[36.395714,1.307954],[36.399452,1.307705],[36.401943,1.308203],[36.403439,1.30048],[36.404682,1.299733],[36.407673,1.301227],[36.410664,1.299733],[36.415894,1.298487],[36.417641,1.295746],[36.419384,1.294501],[36.420879,1.295497],[36.425861,1.300231],[36.430595,1.301227],[36.432587,1.304217],[36.435825,1.304217],[36.43782,1.302722],[36.437569,1.29749],[36.434582,1.293006],[36.435577,1.289518],[36.438068,1.28877],[36.441307,1.28304],[36.44305,1.281296],[36.44405,1.277808],[36.446541,1.275815],[36.44878,1.274818],[36.450775,1.272576],[36.449528,1.26859],[36.450027,1.266098],[36.452766,1.263108],[36.453514,1.261614],[36.452766,1.259621],[36.453514,1.254388],[36.451023,1.253143],[36.448284,1.25115],[36.446289,1.25115],[36.44405,1.252645],[36.442802,1.255136],[36.440811,1.256631],[36.438568,1.261364],[36.431839,1.264853],[36.430096,1.267344],[36.426609,1.267344],[36.425362,1.266846],[36.422871,1.267095],[36.42038,1.269835],[36.417889,1.27133],[36.415894,1.274818],[36.413654,1.275815],[36.408173,1.279054],[36.407173,1.276313],[36.404186,1.272576],[36.4002,1.274818],[36.397457,1.27731],[36.394966,1.276811],[36.395714,1.273074],[36.395962,1.269586],[36.39447,1.269088],[36.39098,1.269586],[36.387741,1.2656],[36.387741,1.263358],[36.391727,1.26261],[36.392975,1.25987],[36.396461,1.255385],[36.400696,1.254887],[36.403934,1.251399],[36.406178,1.252395],[36.407173,1.25688],[36.409668,1.260119],[36.413403,1.259621],[36.413902,1.253392],[36.413403,1.246665],[36.417141,1.24243],[36.421627,1.236699],[36.419384,1.231966],[36.418137,1.226983],[36.41415,1.226484],[36.412907,1.228976],[36.412407,1.232464],[36.409416,1.228976],[36.407921,1.228976],[36.406178,1.229972],[36.403439,1.227232],[36.398705,1.226734],[36.397957,1.223993],[36.39397,1.220007],[36.39397,1.213778],[36.397957,1.206802],[36.396214,1.202317],[36.394966,1.198082],[36.396412,1.193984],[36.394718,1.190109],[36.391479,1.189362],[36.386993,1.186621],[36.391479,1.184379],[36.391727,1.181389],[36.389984,1.178898],[36.390232,1.175659],[36.392227,1.173168],[36.398952,1.173666],[36.401695,1.175161],[36.403934,1.177154],[36.407921,1.179645],[36.41465,1.181639],[36.415646,1.184628],[36.418636,1.186621],[36.422123,1.184628],[36.423866,1.182635],[36.426109,1.183133],[36.428852,1.181639],[36.430344,1.178649],[36.431591,1.177902],[36.438568,1.177652],[36.440559,1.176407],[36.442303,1.172919],[36.442055,1.170676],[36.440559,1.166939],[36.440063,1.161458],[36.435078,1.156226],[36.435078,1.150247],[36.435825,1.146011],[36.435577,1.143021],[36.433334,1.141526],[36.434082,1.138537],[36.436573,1.13455],[36.438816,1.132308],[36.439064,1.127325],[36.440559,1.123837],[36.442802,1.119851],[36.442055,1.11736],[36.444798,1.113373],[36.444546,1.110134],[36.44305,1.109138],[36.441059,1.103906],[36.438816,1.101913],[36.439064,1.097179],[36.437321,1.091947],[36.437321,1.086466],[36.438816,1.080735],[36.441307,1.079241],[36.44305,1.076251],[36.44405,1.073261],[36.440559,1.067282],[36.441555,1.060555],[36.443798,1.055323],[36.441307,1.048098],[36.441555,1.042866],[36.445293,1.035391],[36.450275,1.023183],[36.453514,1.014712],[36.453018,1.008982],[36.453152,0.997473],[36.455872,0.996697],[36.458588,0.996697],[36.457035,0.992038],[36.457035,0.986214],[36.458588,0.982332],[36.459366,0.97845],[36.458199,0.977285],[36.454704,0.978838],[36.450825,0.979226],[36.448494,0.980391],[36.44733,0.983108],[36.44733,0.994367],[36.445778,0.999802],[36.441116,1.002908],[36.439564,1.00252],[36.442284,0.996697],[36.445389,0.984273],[36.442669,0.971073],[36.436459,0.960591],[36.417824,0.936909],[36.405014,0.926038],[36.392063,0.918774]]]},"properties":{"code":206}},{"type":"Feature","geometry":{"type":"Polygon","coordinates":[[[37.945293,1.26288],[37.948162,1.194319],[37.957787,1.18199],[38.030838,1.085136],[38.047512,0.804963],[38.080925,0.781438],[38.080387,0.780422],[38.073231,0.781317],[38.064728,0.78087],[38.06115,0.778633],[38.049965,0.778633],[38.046833,0.784449],[38.03878,0.788028],[38.030281,0.790712],[38.024017,0.796975],[38.015518,0.796975],[38.015965,0.802344],[38.011494,0.803686],[38.007465,0.800107],[38.009705,0.792501],[38.004333,0.788028],[37.999413,0.786686],[37.994938,0.77908],[37.988228,0.777291],[37.980175,0.769685],[37.972122,0.759843],[37.971676,0.754475],[37.96452,0.751791],[37.958256,0.751343],[37.953781,0.74687],[37.947517,0.743291],[37.940361,0.738817],[37.936333,0.730317],[37.927387,0.721817],[37.922466,0.718238],[37.912624,0.711975],[37.910835,0.715554],[37.90815,0.71958],[37.902332,0.720922],[37.902332,0.72629],[37.8992,0.728975],[37.896519,0.727633],[37.892044,0.735238],[37.888466,0.738817],[37.883991,0.740159],[37.876835,0.744185],[37.87236,0.735685],[37.875046,0.730317],[37.866993,0.726738],[37.85849,0.718238],[37.846413,0.711527],[37.842384,0.703475],[37.843727,0.695869],[37.844624,0.689606],[37.837463,0.683343],[37.832096,0.679764],[37.82494,0.679764],[37.81823,0.677527],[37.811069,0.674395],[37.803467,0.675738],[37.797649,0.673948],[37.789597,0.672159],[37.785568,0.674395],[37.78244,0.67529],[37.778412,0.67708],[37.773937,0.677974],[37.76857,0.673501],[37.757832,0.672606],[37.752911,0.67529],[37.746651,0.676185],[37.743519,0.671711],[37.739937,0.667238],[37.734123,0.662316],[37.729202,0.661869],[37.728752,0.656501],[37.723831,0.654711],[37.718464,0.657843],[37.713989,0.66008],[37.709068,0.667238],[37.702808,0.667238],[37.697884,0.665001],[37.690666,0.663089],[37.691132,0.661892],[37.690598,0.659664],[37.686176,0.656489],[37.682983,0.651418],[37.68232,0.649506],[37.682335,0.645648],[37.68116,0.642581],[37.678665,0.642527],[37.677204,0.640166],[37.67577,0.640095],[37.673573,0.641276],[37.669666,0.637518],[37.666008,0.633212],[37.663998,0.63273],[37.661438,0.633428],[37.658058,0.631712],[37.656067,0.63125],[37.652176,0.632647],[37.65044,0.63219],[37.646091,0.628856],[37.645477,0.627959],[37.644611,0.623436],[37.643402,0.622067],[37.640289,0.622339],[37.638313,0.621074],[37.637444,0.617501],[37.637432,0.614767],[37.638996,0.614297],[37.641319,0.614625],[37.641544,0.612207],[37.63776,0.609088],[37.636208,0.606543],[37.636032,0.602637],[37.635101,0.599728],[37.632839,0.597184],[37.629948,0.597084],[37.628662,0.599408],[37.627155,0.600077],[37.623386,0.598558],[37.622013,0.598591],[37.620346,0.599798],[37.618095,0.599842],[37.615543,0.59732],[37.612484,0.596819],[37.610878,0.595768],[37.607327,0.592216],[37.604488,0.591253],[37.602161,0.591788],[37.597473,0.591657],[37.595566,0.590944],[37.59227,0.588698],[37.590286,0.588236],[37.585289,0.588613],[37.583542,0.588433],[37.582531,0.587363],[37.58226,0.584979],[37.582523,0.581722],[37.583447,0.576788],[37.583233,0.574569],[37.581982,0.573237],[37.580082,0.572876],[37.576504,0.574617],[37.574497,0.574157],[37.570618,0.572018],[37.567707,0.570826],[37.565948,0.570877],[37.564003,0.572018],[37.557392,0.570999],[37.555485,0.571426],[37.550812,0.573564],[37.548969,0.574716],[37.547054,0.577921],[37.544529,0.577709],[37.542591,0.575834],[37.539989,0.574353],[37.537075,0.571221],[37.534431,0.567084],[37.532722,0.565374],[37.531109,0.565407],[37.526157,0.56941],[37.524101,0.570341],[37.521141,0.570374],[37.519268,0.569814],[37.517048,0.568381],[37.515186,0.567972],[37.511143,0.569255],[37.508213,0.569387],[37.506927,0.570347],[37.503674,0.574716],[37.502357,0.575571],[37.494606,0.575677],[37.492279,0.576189],[37.490692,0.577936],[37.49054,0.580051],[37.492634,0.584117],[37.492836,0.58647],[37.492359,0.588296],[37.48946,0.589328],[37.48053,0.588018],[37.477829,0.588098],[37.476124,0.588653],[37.472195,0.592504],[37.470287,0.593337],[37.468384,0.592821],[37.465881,0.590995],[37.462387,0.586391],[37.458736,0.585359],[37.453377,0.583017],[37.450996,0.582342],[37.447025,0.580397],[37.445717,0.580397],[37.443214,0.582024],[37.440716,0.582421],[37.439129,0.582064],[37.438015,0.580516],[37.435516,0.580278],[37.429123,0.583096],[37.426662,0.58258],[37.425037,0.58004],[37.42329,0.579444],[37.420551,0.579801],[37.414356,0.58004],[37.410587,0.579087],[37.406101,0.579722],[37.403515,0.578581],[37.401562,0.57835],[37.399391,0.578807],[37.392063,0.576673],[37.389683,0.576941],[37.385353,0.580995],[37.382603,0.582652],[37.379025,0.583414],[37.377575,0.584252],[37.376167,0.586231],[37.373085,0.587945],[37.367676,0.586612],[37.365471,0.586707],[37.364479,0.587412],[37.363747,0.590031],[37.36364,0.592628],[37.36425,0.596854],[37.363487,0.599329],[37.362461,0.5999],[37.357044,0.599266],[37.354656,0.599786],[37.353779,0.601347],[37.354206,0.606283],[37.354046,0.608924],[37.352219,0.613417],[37.351761,0.615739],[37.352867,0.620803],[37.352638,0.622326],[37.349514,0.62621],[37.34803,0.63154],[37.346432,0.634624],[37.343346,0.638051],[37.342892,0.640488],[37.343193,0.643534],[37.342663,0.64578],[37.341747,0.646732],[37.33746,0.64759],[37.333141,0.648979],[37.331696,0.650311],[37.330784,0.654233],[37.327011,0.659716],[37.326565,0.661565],[37.326748,0.665731],[37.32629,0.668397],[37.321606,0.675707],[37.320122,0.678525],[37.315247,0.683893],[37.313698,0.686373],[37.311058,0.694859],[37.309383,0.6976],[37.308712,0.700163],[37.307755,0.701573],[37.305195,0.703159],[37.30455,0.708109],[37.302799,0.711992],[37.301235,0.717399],[37.300819,0.719683],[37.298923,0.722879],[37.293903,0.729252],[37.291946,0.730325],[37.290558,0.731967],[37.289864,0.735345],[37.288696,0.736892],[37.287048,0.737686],[37.282696,0.738944],[37.280815,0.739809],[37.276699,0.742448],[37.273129,0.745841],[37.27153,0.750396],[37.27029,0.752267],[37.266373,0.753624],[37.26519,0.757352],[37.261559,0.759938],[37.257408,0.763632],[37.255547,0.764453],[37.252892,0.764422],[37.247967,0.763411],[37.245663,0.761864],[37.243992,0.759339],[37.241875,0.757508],[37.239414,0.756592],[37.237579,0.755045],[37.235435,0.751257],[37.231171,0.750246],[37.229908,0.749362],[37.226723,0.745132],[37.223972,0.743427],[37.21994,0.739438],[37.218353,0.739323],[37.212105,0.74027],[37.209389,0.741533],[37.2062,0.741533],[37.204716,0.744658],[37.203484,0.74611],[37.200546,0.746438],[37.194675,0.745069],[37.189793,0.744721],[37.182697,0.74264],[37.180973,0.742701],[37.176304,0.745416],[37.174217,0.745353],[37.171471,0.743237],[37.169895,0.742701],[37.166767,0.74308],[37.16481,0.744153],[37.163105,0.746331],[37.162758,0.750688],[37.161938,0.751635],[37.159492,0.752533],[37.153793,0.752393],[37.152184,0.754098],[37.152435,0.759465],[37.150784,0.760904],[37.147732,0.759749],[37.145237,0.760633],[37.141781,0.760562],[37.138638,0.759244],[37.136585,0.759465],[37.133366,0.763317],[37.131474,0.764839],[37.128773,0.766094],[37.128124,0.7672],[37.127621,0.771178],[37.126011,0.774051],[37.124367,0.77806],[37.121693,0.77933],[37.118122,0.783085],[37.116142,0.783152],[37.113285,0.781281],[37.111298,0.780523],[37.108929,0.781628],[37.107761,0.785921],[37.103813,0.787532],[37.101479,0.787279],[37.099285,0.786224],[37.095798,0.785296],[37.093304,0.782922],[37.092072,0.782575],[37.08746,0.782796],[37.079758,0.780744],[37.075222,0.780291],[37.073162,0.779638],[37.07095,0.777492],[37.070793,0.775787],[37.07196,0.77364],[37.071171,0.770894],[37.070667,0.766853],[37.068707,0.765653],[37.063148,0.766771],[37.061951,0.767831],[37.060757,0.770665],[37.058693,0.772372],[37.0569,0.771841],[37.046577,0.76619],[37.041969,0.764295],[37.026764,0.759199],[37.01944,0.756368],[37.016586,0.75574],[37.013931,0.754066],[37.008724,0.751635],[37.003071,0.750152],[37.001366,0.750057],[36.997894,0.751004],[36.99559,0.75072],[36.993317,0.748636],[36.991455,0.747563],[36.986149,0.746552],[36.980595,0.744532],[36.977848,0.744721],[36.975479,0.746584],[36.973579,0.746826],[36.971546,0.744425],[36.969131,0.744027],[36.966293,0.742132],[36.964745,0.742353],[36.960114,0.744067],[36.955589,0.743808],[36.951771,0.744469],[36.948612,0.7439],[36.947254,0.744311],[36.94236,0.746868],[36.941067,0.748099],[36.93911,0.751509],[36.936836,0.753561],[36.934647,0.754198],[36.933678,0.750972],[36.93248,0.749015],[36.93166,0.745732],[36.931602,0.74342],[36.931915,0.74125],[36.931072,0.738026],[36.9314,0.73377],[36.930405,0.73148],[36.928097,0.730374],[36.927258,0.728904],[36.926495,0.719745],[36.926533,0.716405],[36.925808,0.707341],[36.926151,0.700548],[36.925655,0.687095],[36.926075,0.682019],[36.927029,0.677344],[36.926495,0.674443],[36.92495,0.673184],[36.92411,0.671581],[36.923958,0.665933],[36.921894,0.660971],[36.920444,0.660628],[36.918308,0.661238],[36.916553,0.660933],[36.914242,0.661983],[36.913307,0.660933],[36.913841,0.658681],[36.911819,0.657231],[36.912582,0.653491],[36.912582,0.650629],[36.911705,0.648873],[36.909473,0.647785],[36.908195,0.643606],[36.909336,0.639466],[36.908882,0.636107],[36.909607,0.63271],[36.906174,0.631427],[36.898926,0.631427],[36.897625,0.63073],[36.894882,0.626315],[36.893959,0.622621],[36.89262,0.622006],[36.891212,0.623388],[36.890099,0.622766],[36.890003,0.619252],[36.888332,0.610377],[36.887402,0.609354],[36.885914,0.610423],[36.884476,0.612979],[36.882984,0.612579],[36.882664,0.609447],[36.880199,0.607774],[36.879177,0.605358],[36.876762,0.605219],[36.875179,0.604568],[36.873878,0.601734],[36.87072,0.598156],[36.86742,0.597273],[36.866909,0.594717],[36.865608,0.591975],[36.867306,0.589673],[36.868057,0.587413],[36.868118,0.584633],[36.867306,0.582215],[36.867653,0.578732],[36.867153,0.576716],[36.864365,0.573175],[36.863914,0.571292],[36.864368,0.565754],[37.071926,0.544331],[37.213192,0.529722],[37.258373,0.524843],[37.369049,0.511553],[37.367489,0.508046],[37.364029,0.505853],[37.361107,0.503466],[37.359985,0.501469],[37.359257,0.498887],[37.359013,0.495331],[37.358379,0.491969],[37.359306,0.488608],[37.360889,0.48649],[37.360931,0.483708],[37.359501,0.48208],[37.358971,0.480082],[37.359802,0.474407],[37.359539,0.473103],[37.35754,0.471842],[37.356934,0.465453],[37.355343,0.464752],[37.35463,0.462889],[37.352699,0.461818],[37.349648,0.457714],[37.348877,0.455824],[37.349697,0.452392],[37.34798,0.449209],[37.34803,0.445628],[37.348999,0.442793],[37.348255,0.440182],[37.348427,0.43864],[37.34967,0.436078],[37.351337,0.431452],[37.351936,0.42056],[37.352657,0.418844],[37.353748,0.411831],[37.355137,0.41008],[37.359318,0.407824],[37.362206,0.407628],[37.363724,0.405315],[37.365746,0.40031],[37.368671,0.395691],[37.369438,0.389812],[37.370461,0.387732],[37.36964,0.383306],[37.370041,0.381963],[37.372078,0.380495],[37.37392,0.38052],[37.376705,0.379774],[37.379341,0.376889],[37.379292,0.374452],[37.378021,0.372289],[37.3778,0.369851],[37.376926,0.367762],[37.37812,0.363684],[37.379311,0.36226],[37.381828,0.360426],[37.383144,0.356397],[37.38483,0.355467],[37.386005,0.355701],[37.390308,0.354855],[37.392048,0.352443],[37.392246,0.348439],[37.391403,0.3463],[37.391827,0.34344],[37.392597,0.342321],[37.391926,0.33976],[37.392143,0.337832],[37.391651,0.335786],[37.392818,0.333642],[37.392422,0.330011],[37.391102,0.324639],[37.391998,0.320585],[37.393665,0.316706],[37.393566,0.315811],[37.391285,0.312786],[37.391403,0.311309],[37.39365,0.308505],[37.394012,0.306211],[37.392868,0.304445],[37.393219,0.302729],[37.395184,0.300864],[37.395107,0.298825],[37.392422,0.297034],[37.39262,0.294498],[37.394188,0.293379],[37.394039,0.289449],[37.390728,0.286729],[37.388443,0.286017],[37.387672,0.283132],[37.386501,0.281317],[37.386528,0.279949],[37.388443,0.27883],[37.386776,0.277039],[37.385826,0.274424],[37.399548,0.283995],[37.399509,0.296196],[37.427788,0.2978],[37.46418,0.282957],[37.537052,0.263981],[37.537357,0.265994],[37.538589,0.269405],[37.542572,0.271418],[37.544701,0.273834],[37.54483,0.276913],[37.547665,0.279069],[37.548115,0.285299],[37.546646,0.286389],[37.547474,0.290913],[37.550056,0.295722],[37.549461,0.301008],[37.550079,0.306665],[37.548824,0.3074],[37.547546,0.310692],[37.547333,0.314766],[37.548965,0.315183],[37.550102,0.318746],[37.551121,0.319741],[37.552685,0.324028],[37.553799,0.324739],[37.555462,0.327821],[37.580826,0.327519],[37.592171,0.340099],[37.603241,0.360731],[37.598759,0.401492],[37.585629,0.401721],[37.584007,0.406577],[37.583809,0.40849],[37.582699,0.412316],[37.58144,0.420017],[37.582096,0.423138],[37.581593,0.424899],[37.58094,0.433507],[37.581291,0.436476],[37.58099,0.442366],[37.582058,0.445035],[37.5816,0.446618],[37.582363,0.450058],[37.58099,0.451763],[37.581341,0.453741],[37.582363,0.455507],[37.58099,0.457718],[37.581593,0.463003],[37.584492,0.465523],[37.586594,0.468628],[37.585922,0.472214],[37.586727,0.473271],[37.584461,0.474899],[37.586575,0.478959],[37.58646,0.481161],[37.825977,0.561775],[38.061295,0.667437],[38.062702,0.66549],[38.094578,0.563133],[38.176544,0.330056],[38.1959,0.322502],[38.19651,0.228681],[38.19796,0.225921],[38.198853,0.225172],[38.200336,0.22629],[38.201836,0.226349],[38.203537,0.225148],[38.213783,0.221507],[38.217102,0.219532],[38.217838,0.218533],[38.222134,0.216177],[38.226131,0.216201],[38.228462,0.216629],[38.230915,0.214631],[38.233711,0.213417],[38.234806,0.21237],[38.235806,0.210014],[38.23798,0.207326],[38.240219,0.206017],[38.243313,0.20748],[38.244701,0.206576],[38.245621,0.203911],[38.249035,0.202567],[38.250484,0.200616],[38.254314,0.199628],[38.256363,0.197855],[38.258812,0.19412],[38.262417,0.192549],[38.263157,0.190848],[38.262501,0.189063],[38.264011,0.185042],[38.266117,0.183662],[38.267677,0.181758],[38.271912,0.179343],[38.276089,0.178736],[38.279942,0.17625],[38.280598,0.175072],[38.283573,0.173763],[38.284641,0.172014],[38.286179,0.171039],[38.287796,0.167137],[38.290863,0.165471],[38.292519,0.163889],[38.297836,0.161093],[38.298885,0.159713],[38.300381,0.155144],[38.300739,0.151266],[38.301369,0.14941],[38.303192,0.146542],[38.303692,0.143568],[38.305176,0.139856],[38.305664,0.134348],[38.306927,0.132004],[38.306152,0.129041],[38.305344,0.123319],[38.305809,0.120285],[38.30714,0.117549],[38.308472,0.113135],[38.310413,0.110767],[38.312244,0.109554],[38.314316,0.109173],[38.316753,0.109458],[38.318516,0.109042],[38.320229,0.107245],[38.320824,0.103319],[38.32169,0.100559],[38.322987,0.099239],[38.32663,0.097942],[38.329315,0.097442],[38.329887,0.096383],[38.329865,0.093754],[38.327545,0.090304],[38.327736,0.08821],[38.326534,0.084534],[38.324547,0.081999],[38.32439,0.079001],[38.325428,0.077145],[38.328922,0.073993],[38.33128,0.072648],[38.334148,0.072838],[38.336788,0.072184],[38.338619,0.070542],[38.341034,0.069222],[38.341347,0.068317],[38.339977,0.065688],[38.340073,0.06357],[38.341927,0.061976],[38.348663,0.063225],[38.350006,0.061453],[38.348259,0.059906],[38.347996,0.057907],[38.34827,0.054529],[38.346889,0.050579],[38.345272,0.048175],[38.345402,0.045439],[38.347603,0.044416],[38.349316,0.04482],[38.351089,0.044059],[38.352364,0.042358],[38.353767,0.042084],[38.357643,0.039978],[38.357857,0.03861],[38.356895,0.035207],[38.355301,0.033351],[38.355419,0.027867],[38.358059,0.021811],[38.360046,0.020931],[38.363567,0.017421],[38.366592,0.016469],[38.367733,0.014066],[38.369671,0.012483],[38.370541,0.009771],[38.372005,0.007118],[38.373051,0.006689],[38.376324,0.006689],[38.377666,0.005916],[38.378502,0.004251],[38.379513,-0.001139],[38.380821,-0.002198],[38.383068,-0.002174],[38.386082,-0.00297],[38.390163,-0.005804],[38.395054,-0.007783],[38.393356,-0.010472],[38.396446,-0.011642],[38.39925,-0.01419],[38.40107,-0.013798],[38.402306,-0.017153],[38.400509,-0.018747],[38.400131,-0.020103],[38.401333,-0.023143],[38.402782,-0.024505],[38.404934,-0.025303],[38.407307,-0.02694],[38.407146,-0.02779],[38.40477,-0.028146],[38.405315,-0.030668],[38.404972,-0.033274],[38.407139,-0.037414],[38.406582,-0.040865],[38.407413,-0.042446],[38.409706,-0.043838],[38.411194,-0.047241],[38.410431,-0.048954],[38.411148,-0.050164],[38.412762,-0.04999],[38.413425,-0.051523],[38.412399,-0.052373],[38.411987,-0.054246],[38.410576,-0.055661],[38.41243,-0.057562],[38.412827,-0.060321],[38.411549,-0.062341],[38.413536,-0.064493],[38.416237,-0.065527],[38.41901,-0.065694],[38.419735,-0.066277],[38.420704,-0.069285],[38.423153,-0.07053],[38.427273,-0.073689],[38.429783,-0.074414],[38.434151,-0.074823],[38.435085,-0.074147],[38.437027,-0.070405],[38.438221,-0.070238],[38.444443,-0.076104],[38.454018,-0.084194],[38.457439,-0.084819],[38.460396,-0.084491],[38.464001,-0.083195],[38.470104,-0.07821],[38.475929,-0.077454],[38.481087,-0.075485],[38.484749,-0.072118],[38.487087,-0.067508],[38.488064,-0.061262],[38.489075,-0.059489],[38.490902,-0.058722],[38.494858,-0.059751],[38.498718,-0.061482],[38.500774,-0.061803],[38.506374,-0.061536],[38.509628,-0.05934],[38.512489,-0.059001],[38.516327,-0.061482],[38.519905,-0.062672],[38.521957,-0.061571],[38.525036,-0.057354],[38.527695,-0.05473],[38.531376,-0.054284],[38.532043,-0.05263],[38.53064,-0.045242],[38.530571,-0.043023],[38.531204,-0.042],[38.533947,-0.042244],[38.537056,-0.041274],[38.540531,-0.042464],[38.541859,-0.040614],[38.542149,-0.036147],[38.542789,-0.03084],[38.545628,-0.027432],[38.547859,-0.022976],[38.54871,-0.019592],[38.55019,-0.017373],[38.552132,-0.016195],[38.554874,-0.015475],[38.557323,-0.015951],[38.560017,-0.017634],[38.561684,-0.018098],[38.566395,-0.017051],[38.569939,-0.017432],[38.575371,-0.020234],[38.578148,-0.022001],[38.58408,-0.024113],[38.589321,-0.024654],[38.594582,-0.03021],[38.596863,-0.031233],[38.600094,-0.031881],[38.602413,-0.03294],[38.604099,-0.032744],[38.609207,-0.028039],[38.610878,-0.027985],[38.615597,-0.030168],[38.622787,-0.035635],[38.627338,-0.039674],[38.633125,-0.046247],[38.638405,-0.051524],[38.640079,-0.05219],[38.649193,-0.051988],[38.65065,-0.051137],[38.653904,-0.046563],[38.656994,-0.045058],[38.65873,-0.045236],[38.66378,-0.0473],[38.66782,-0.048318],[38.67065,-0.048591],[38.673618,-0.05056],[38.678825,-0.053196],[38.682732,-0.053796],[38.685677,-0.052494],[38.686493,-0.050156],[38.686432,-0.043755],[38.688183,-0.040483],[38.689281,-0.039716],[38.691257,-0.039859],[38.693058,-0.041816],[38.696449,-0.047134],[38.698402,-0.049109],[38.707348,-0.054379],[38.711624,-0.058585],[38.717224,-0.060923],[38.723469,-0.062113],[38.729244,-0.06282],[38.731178,-0.063969],[38.733116,-0.065896],[38.735439,-0.067252],[38.740078,-0.069358],[38.742313,-0.069477],[38.745461,-0.068888],[38.747723,-0.069542],[38.752094,-0.07169],[38.759434,-0.07213],[38.766174,-0.069126],[38.768684,-0.068745],[38.765694,-0.0659],[38.761406,-0.063614],[38.761406,-0.061184],[38.762405,-0.058898],[38.764835,-0.057469],[38.766693,-0.05504],[38.766121,-0.053753],[38.763409,-0.050467],[38.759407,-0.048037],[38.753403,-0.04718],[38.753117,-0.045465],[38.755119,-0.038177],[38.754974,-0.037034],[38.752262,-0.034319],[38.751259,-0.032033],[38.750832,-0.02946],[38.751976,-0.026888],[38.751976,-0.024316],[38.750118,-0.022172],[38.749687,-0.018028],[38.747974,-0.015742],[38.744686,-0.012312],[38.744114,-0.011026],[38.743828,-0.002595],[38.739117,0.006177],[38.740108,0.014619],[38.73996,0.016771],[38.738312,0.025698],[38.736584,0.027281],[38.736084,0.031159],[38.734451,0.033992],[38.734028,0.038065],[38.732803,0.040281],[38.732677,0.041821],[38.733608,0.044501],[38.733036,0.04676],[38.731602,0.048406],[38.731075,0.051001],[38.73175,0.061089],[38.73135,0.063178],[38.730042,0.065415],[38.729366,0.068222],[38.730782,0.07316],[38.731476,0.07698],[38.731052,0.079555],[38.729683,0.081855],[38.729176,0.083818],[38.729237,0.086709],[38.729786,0.088692],[38.731644,0.092217],[38.7323,0.095256],[38.732258,0.100996],[38.731506,0.106968],[38.731853,0.113721],[38.731411,0.121361],[38.731853,0.12345],[38.733669,0.128431],[38.733627,0.131892],[38.733185,0.136323],[38.733418,0.13875],[38.734962,0.14335],[38.735592,0.147044],[38.737617,0.150336],[38.749626,0.164349],[38.754131,0.169],[38.756039,0.171672],[38.757137,0.17469],[38.756802,0.184039],[38.755554,0.192354],[38.754036,0.198157],[38.753506,0.202715],[38.752346,0.208435],[38.750977,0.211769],[38.74931,0.217551],[38.744537,0.235743],[38.742451,0.243023],[38.738293,0.258746],[38.73637,0.264929],[38.732151,0.280609],[38.726158,0.303739],[38.724743,0.309964],[38.722824,0.317034],[38.71986,0.328765],[38.716408,0.341946],[38.713032,0.354345],[38.70594,0.381759],[38.704494,0.386852],[38.702984,0.393661],[38.697247,0.414849],[38.695175,0.423037],[38.693066,0.433399],[38.690239,0.44545],[38.689293,0.450652],[38.688129,0.45444],[38.682678,0.466507],[38.680298,0.47147],[38.678272,0.477189],[38.677387,0.482001],[38.676647,0.493587],[38.675823,0.496204],[38.673737,0.499095],[38.671795,0.500235],[38.668289,0.500192],[38.665367,0.501959],[38.661621,0.505658],[38.661701,0.509064],[38.664616,0.509152],[38.669144,0.507936],[38.674095,0.508864],[38.676228,0.508086],[38.680187,0.507638],[38.683918,0.508295],[38.686085,0.509361],[38.688999,0.509247],[38.691814,0.510142],[38.695225,0.510046],[38.697052,0.509437],[38.700993,0.506677],[38.703388,0.506125],[38.706703,0.507365],[38.708054,0.509285],[38.709007,0.512045],[38.71114,0.51259],[38.712814,0.511524],[38.718555,0.510487],[38.721436,0.510522],[38.722988,0.512447],[38.721199,0.515008],[38.721359,0.517337],[38.720734,0.5199],[38.721035,0.521582],[38.722767,0.523904],[38.72438,0.524468],[38.728539,0.522584],[38.73082,0.520402],[38.73278,0.519203],[38.735958,0.518079],[38.740509,0.520307],[38.74255,0.522272],[38.743958,0.522907],[38.748199,0.52379],[38.752941,0.522496],[38.75499,0.520014],[38.754864,0.517489],[38.755299,0.515395],[38.756367,0.514482],[38.758575,0.513903],[38.763008,0.511588],[38.765522,0.510865],[38.766853,0.511398],[38.768188,0.515719],[38.769196,0.516366],[38.773975,0.516423],[38.778332,0.519697],[38.779877,0.522077],[38.783836,0.524951],[38.78574,0.526779],[38.790306,0.53525],[38.791164,0.538809],[38.792915,0.540161],[38.799007,0.541874],[38.801216,0.54511],[38.801575,0.548232],[38.80426,0.549926],[38.806755,0.550954],[38.807838,0.551944],[38.808601,0.557198],[38.809361,0.558892],[38.812901,0.563575],[38.814842,0.564393],[38.815872,0.569419],[38.821278,0.573454],[38.822704,0.575301],[38.824474,0.578994],[38.826244,0.580231],[38.828625,0.58084],[38.833366,0.584438],[38.837231,0.584514],[38.838772,0.585256],[38.841267,0.588131],[38.84433,0.589539],[38.848289,0.591957],[38.849297,0.592985],[38.851982,0.593994],[38.856781,0.597515],[38.859806,0.599324],[38.864697,0.599609],[38.866222,0.599286],[38.869781,0.600009],[38.871227,0.599781],[38.872047,0.596849],[38.874653,0.594641],[38.881184,0.594908],[38.884552,0.596145],[38.887619,0.595897],[38.889805,0.594755],[38.891918,0.594375],[38.892815,0.594965],[38.893631,0.597192],[38.894794,0.598086],[38.898983,0.597458],[38.902313,0.596335],[38.906578,0.599533],[38.907661,0.599876],[38.910519,0.598962],[38.915333,0.602484],[38.920509,0.603531],[38.924984,0.60551],[38.926315,0.606653],[38.92767,0.611659],[38.930809,0.614191],[38.931324,0.617255],[38.932446,0.618588],[38.934864,0.623632],[38.935246,0.625327],[38.937206,0.627249],[38.939831,0.628448],[38.942039,0.628182],[38.945503,0.626012],[38.948589,0.626297],[38.951347,0.628582],[38.952339,0.628696],[38.954395,0.625936],[38.957211,0.626164],[38.958981,0.624508],[38.961075,0.62428],[38.964218,0.623176],[38.969318,0.622776],[38.97126,0.623747],[38.972801,0.623728],[38.97543,0.6219],[38.978054,0.62131],[38.980225,0.622148],[38.983673,0.625136],[38.985992,0.626088],[38.992008,0.625974],[38.99791,0.62506],[39.003025,0.624826],[39.006008,0.625076],[39.008282,0.624231],[39.009674,0.624433],[39.011555,0.626159],[39.012745,0.629264],[39.012733,0.631055],[39.011444,0.634807],[39.012806,0.639358],[39.013756,0.640565],[39.015862,0.641221],[39.020138,0.640756],[39.022903,0.64435],[39.023605,0.64636],[39.023773,0.648942],[39.022141,0.65338],[39.021954,0.655105],[39.024517,0.659352],[39.025543,0.663219],[39.026272,0.664206],[39.02837,0.665015],[39.031612,0.664408],[39.033375,0.664837],[39.035503,0.667633],[39.038246,0.669262],[39.040989,0.672415],[39.042736,0.675318],[39.046051,0.676603],[39.047691,0.679197],[39.048447,0.683289],[39.053104,0.685705],[39.05724,0.685835],[39.058716,0.685014],[39.059933,0.683075],[39.061375,0.68273],[39.064091,0.683194],[39.065804,0.682944],[39.069225,0.679982],[39.071476,0.678542],[39.073605,0.678257],[39.076859,0.679042],[39.078781,0.678352],[39.083878,0.67533],[39.086704,0.67608],[39.089237,0.678471],[39.094807,0.678923],[39.097286,0.680386],[39.098358,0.683254],[39.097672,0.686395],[39.100479,0.688869],[39.102985,0.689381],[39.106049,0.689274],[39.110794,0.69082],[39.113464,0.691035],[39.121426,0.690654],[39.124603,0.688239],[39.126087,0.687953],[39.131287,0.688025],[39.134472,0.690773],[39.136078,0.691023],[39.140129,0.690178],[39.141613,0.690904],[39.142303,0.69245],[39.142876,0.697411],[39.144222,0.701409],[39.145866,0.702801],[39.146461,0.704788],[39.147606,0.706323],[39.149323,0.707262],[39.152191,0.70706],[39.153065,0.707607],[39.155933,0.711177],[39.159603,0.712521],[39.16169,0.712819],[39.16412,0.714651],[39.167301,0.719029],[39.168896,0.719564],[39.173256,0.719398],[39.17485,0.720433],[39.177208,0.72541],[39.174747,0.726914],[39.175549,0.737802],[39.176365,0.742903],[39.177185,0.746311],[39.180038,0.752764],[39.182514,0.756438],[39.188244,0.767383],[39.193573,0.780061],[39.195278,0.78331],[39.201416,0.793005],[39.203701,0.796203],[39.207413,0.799915],[39.213142,0.80437],[39.215504,0.807054],[39.220776,0.814116],[39.22382,0.818685],[39.228504,0.826699],[39.229,0.829459],[39.230331,0.833551],[39.235092,0.843374],[39.236595,0.845411],[39.242817,0.852283],[39.248074,0.859383],[39.251228,0.86253],[39.265926,0.875202],[39.277443,0.886985],[39.281006,0.891629],[39.287094,0.897702],[39.293892,0.904174],[39.297298,0.907829],[39.303715,0.915462],[39.310299,0.922753],[39.312889,0.924983],[39.32671,0.932765],[39.33263,0.935925],[39.335491,0.93773],[39.344997,0.944985],[39.351341,0.949269],[39.35825,0.953438],[39.360268,0.95439],[39.384064,0.964155],[39.394665,0.968438],[39.406013,0.972245],[39.414177,0.975615],[39.418308,0.976814],[39.426495,0.980355],[39.435249,0.983667],[39.448158,0.987227],[39.454762,0.989492],[39.458111,0.991491],[39.46069,0.994681],[39.462246,0.997088],[39.460762,1.000289],[39.397755,1.146268],[39.342373,1.289485],[39.274258,1.467804],[39.32851,1.48673],[39.358208,1.497425],[39.358669,1.497253],[39.447166,1.527207],[39.44241,1.528779],[39.438507,1.529489],[39.431396,1.536274],[39.426128,1.540262],[39.422592,1.545567],[39.421516,1.546437],[39.419289,1.546934],[39.415867,1.550424],[39.414932,1.550923],[39.410965,1.551275],[39.406696,1.549958],[39.401566,1.551843],[39.398884,1.554243],[39.398258,1.556133],[39.396084,1.560428],[39.394772,1.565242],[39.392948,1.56541],[39.389702,1.564206],[39.388447,1.564659],[39.386681,1.567407],[39.386391,1.571472],[39.386673,1.573368],[39.384277,1.576172],[39.379089,1.57857],[39.377323,1.581201],[39.376125,1.581951],[39.373444,1.585268],[39.371674,1.588699],[39.370079,1.590188],[39.367794,1.59603],[39.366478,1.59821],[39.360603,1.603704],[39.359234,1.607764],[39.357979,1.61006],[39.356327,1.61172],[39.353703,1.613374],[39.35239,1.615212],[39.351418,1.61767],[39.348396,1.617958],[39.34663,1.62156],[39.34531,1.62597],[39.341381,1.625165],[39.339958,1.625628],[39.33802,1.627855],[39.336876,1.631239],[39.333515,1.633525],[39.328613,1.633864],[39.32616,1.635068],[39.323708,1.637755],[39.322109,1.641132],[39.321823,1.642626],[39.319031,1.64428],[39.314587,1.642559],[39.313446,1.643246],[39.311161,1.649656],[39.308308,1.65453],[39.302441,1.653775],[39.300499,1.65469],[39.294056,1.659269],[39.290638,1.660467],[39.286877,1.662476],[39.285507,1.66436],[39.28545,1.667516],[39.28146,1.669454],[39.273304,1.674147],[39.267151,1.673915],[39.265896,1.673568],[39.262646,1.675459],[39.259109,1.679984],[39.255802,1.68227],[39.249817,1.685527],[39.245941,1.687078],[39.242577,1.688851],[39.236362,1.688782],[39.233398,1.690617],[39.231861,1.693823],[39.230488,1.694736],[39.229061,1.694507],[39.222054,1.695537],[39.21772,1.697881],[39.213848,1.697362],[39.208828,1.703773],[39.207172,1.707898],[39.20483,1.710595],[39.204372,1.712656],[39.201466,1.716722],[39.198326,1.721877],[39.19838,1.725834],[39.194447,1.728752],[39.19239,1.732644],[39.190849,1.737003],[39.186283,1.742154],[39.183262,1.747713],[39.181946,1.750865],[39.180347,1.75338],[39.179489,1.75699],[39.179714,1.761981],[39.177719,1.76742],[39.177315,1.770687],[39.174747,1.776245],[39.173035,1.780541],[39.172733,1.782521],[39.171204,1.786906],[39.17012,1.791147],[39.165733,1.794696],[39.1651,1.797676],[39.163563,1.800541],[39.162132,1.805412],[39.159393,1.808732],[39.157055,1.810332],[39.154034,1.813086],[39.153061,1.817092],[39.149811,1.82357],[39.146389,1.827126],[39.143993,1.830445],[39.145473,1.833372],[39.145756,1.836582],[39.14473,1.841911],[39.143074,1.845919],[39.141304,1.846663],[39.139309,1.848442],[39.138222,1.852683],[39.137196,1.853307],[39.133659,1.860075],[39.131832,1.865109],[39.131092,1.8662],[39.126129,1.869123],[39.122711,1.873939],[39.112106,1.87788],[39.105831,1.883498],[39.103607,1.888022],[39.102013,1.88997],[39.099674,1.889169],[39.096825,1.889107],[39.093918,1.890944],[39.089462,1.896618],[39.08382,1.899139],[39.081768,1.901827],[39.077606,1.906187],[39.076462,1.908017],[39.070076,1.912943],[39.067284,1.916668],[39.066196,1.920792],[39.064259,1.926701],[39.063343,1.928189],[39.055645,1.931914],[39.054165,1.933629],[39.051311,1.940224],[39.048855,1.944921],[39.043781,1.950139],[39.042015,1.95369],[39.039787,1.955983],[39.038475,1.958273],[39.037277,1.962002],[39.035053,1.967103],[39.032375,1.969677],[39.029297,1.970884],[39.026672,1.974322],[39.023193,1.975405],[39.019714,1.977415],[39.018177,1.979418],[39.015381,1.984296],[39.013157,1.986643],[39.011105,1.990313],[39.007805,1.994629],[39.003803,2.000547],[39.000065,2.004141],[38.995598,2.007758],[38.99361,2.011042],[38.992798,2.017383],[38.991005,2.022023],[38.989609,2.027174],[38.990303,2.033147],[38.991333,2.036038],[38.992748,2.038632],[38.992947,2.040202],[38.991798,2.044093],[38.989517,2.047555],[38.984722,2.052278],[38.984272,2.054705],[38.984764,2.057929],[38.98542,2.06728],[38.985306,2.069636],[38.983582,2.071801],[38.981293,2.073764],[38.980255,2.077084],[38.977394,2.079606],[38.974594,2.083711],[38.97213,2.085281],[38.970222,2.088933],[38.966789,2.091587],[38.965038,2.09462],[38.962555,2.097388],[38.383167,1.761283],[38.339664,1.577416],[37.945293,1.26288]]]},"properties":{"code":603}},{"type":"Feature","geometry":{"type":"Polygon","coordinates":[[[35.791943,1.663619],[35.789074,1.659387],[35.784184,1.654052],[35.779572,1.649884],[35.777351,1.647106],[35.776348,1.643549],[35.77607,1.63677],[35.776794,1.63488],[35.779739,1.630101],[35.783852,1.628434],[35.785934,1.626962],[35.790936,1.625739],[35.792992,1.624239],[35.793049,1.622405],[35.790604,1.621071],[35.789883,1.620015],[35.789547,1.611846],[35.789268,1.60979],[35.787407,1.604706],[35.786854,1.601705],[35.787354,1.596815],[35.786465,1.593758],[35.785267,1.591619],[35.784935,1.589229],[35.785267,1.586784],[35.784657,1.584228],[35.784546,1.579893],[35.783325,1.574281],[35.783989,1.569224],[35.782742,1.559805],[35.781296,1.557471],[35.778683,1.554192],[35.775349,1.550858],[35.774849,1.548302],[35.774986,1.543106],[35.773045,1.540105],[35.772041,1.536771],[35.76804,1.532825],[35.766762,1.527602],[35.767124,1.522906],[35.765236,1.520016],[35.761955,1.518849],[35.760845,1.516849],[35.761623,1.515459],[35.761402,1.51357],[35.759846,1.511292],[35.7589,1.507346],[35.755287,1.506124],[35.751842,1.503456],[35.748924,1.502539],[35.747368,1.501039],[35.74559,1.500872],[35.742146,1.499594],[35.740589,1.497649],[35.737534,1.496704],[35.735146,1.493703],[35.734089,1.490647],[35.732197,1.490036],[35.730724,1.487396],[35.728279,1.486896],[35.729313,1.483373],[35.728916,1.481061],[35.725758,1.479994],[35.724335,1.475949],[35.723579,1.474748],[35.719624,1.473281],[35.718513,1.470747],[35.719154,1.467658],[35.721378,1.464901],[35.722446,1.462012],[35.72258,1.458544],[35.72031,1.456944],[35.719734,1.455877],[35.720024,1.451542],[35.718643,1.450164],[35.713089,1.448608],[35.711887,1.447097],[35.711266,1.442251],[35.710419,1.441051],[35.706242,1.439139],[35.705929,1.436738],[35.707287,1.435338],[35.707729,1.43147],[35.70742,1.430403],[35.705196,1.428936],[35.704529,1.42778],[35.706932,1.422534],[35.707066,1.420934],[35.705643,1.420312],[35.706287,1.41531],[35.707085,1.414243],[35.710064,1.413576],[35.710289,1.411443],[35.709354,1.410153],[35.706596,1.409442],[35.705753,1.405708],[35.706776,1.404596],[35.708641,1.404552],[35.710464,1.403574],[35.710911,1.400773],[35.710064,1.40064],[35.704865,1.401973],[35.702995,1.40144],[35.701328,1.398706],[35.701775,1.396305],[35.70142,1.394393],[35.698708,1.390881],[35.698261,1.388125],[35.699062,1.387058],[35.701061,1.38728],[35.701683,1.385191],[35.700085,1.382212],[35.697884,1.379656],[35.69566,1.377833],[35.694683,1.374366],[35.692551,1.372943],[35.693527,1.370632],[35.69384,1.367653],[35.690815,1.368231],[35.69006,1.366586],[35.690704,1.363318],[35.689949,1.360651],[35.687637,1.359629],[35.687016,1.357228],[35.687191,1.355227],[35.689503,1.352738],[35.689415,1.35176],[35.68697,1.346825],[35.687614,1.344491],[35.690594,1.343958],[35.691216,1.341957],[35.688549,1.342135],[35.687794,1.340801],[35.690193,1.338934],[35.692905,1.339512],[35.694283,1.339201],[35.694771,1.337334],[35.694103,1.334889],[35.696728,1.332088],[35.697174,1.331065],[35.696217,1.328153],[35.698395,1.328198],[35.699108,1.327398],[35.698708,1.325042],[35.696083,1.323352],[35.696796,1.320418],[35.695953,1.319007],[35.696705,1.317439],[35.697105,1.313394],[35.696663,1.311927],[35.696548,1.307014],[35.695885,1.305992],[35.693661,1.304747],[35.69495,1.303547],[35.696861,1.304969],[35.697308,1.303369],[35.695526,1.301502],[35.695084,1.299235],[35.693661,1.298168],[35.693661,1.296034],[35.696018,1.295411],[35.695328,1.292811],[35.695461,1.29081],[35.693905,1.288143],[35.694706,1.286053],[35.694351,1.283341],[35.69706,1.28383],[35.697418,1.280541],[35.696438,1.278451],[35.697395,1.277451],[35.69944,1.277095],[35.701664,1.27425],[35.701439,1.272116],[35.702728,1.271538],[35.703751,1.272605],[35.706062,1.271849],[35.706242,1.268826],[35.704998,1.26607],[35.704773,1.264292],[35.702953,1.262869],[35.702106,1.261447],[35.702396,1.259557],[35.69973,1.259335],[35.699417,1.256134],[35.700264,1.254889],[35.700706,1.252311],[35.700085,1.250844],[35.700085,1.247332],[35.702217,1.247554],[35.702442,1.245642],[35.701508,1.244086],[35.701664,1.241041],[35.69833,1.238952],[35.698906,1.237218],[35.700863,1.236151],[35.69886,1.23455],[35.700016,1.232594],[35.702194,1.231972],[35.703129,1.226593],[35.700573,1.222703],[35.69915,1.221414],[35.698708,1.218568],[35.697151,1.217235],[35.696751,1.215545],[35.696838,1.210255],[35.696285,1.208099],[35.696815,1.205031],[35.695751,1.203475],[35.696949,1.200897],[35.699085,1.201786],[35.700375,1.200319],[35.702019,1.199608],[35.701683,1.196607],[35.702839,1.194918],[35.703465,1.191094],[35.701908,1.188872],[35.702576,1.186916],[35.702309,1.184026],[35.703499,1.182025],[35.702904,1.180098],[35.703594,1.178646],[35.705498,1.178051],[35.705284,1.1761],[35.703331,1.174815],[35.704475,1.167439],[35.703426,1.165393],[35.704487,1.16224],[35.70425,1.159361],[35.703083,1.159075],[35.702869,1.157053],[35.704521,1.155803],[35.703072,1.154566],[35.702881,1.152876],[35.705261,1.150925],[35.707424,1.151139],[35.708664,1.149426],[35.707474,1.14788],[35.705368,1.147487],[35.704617,1.146476],[35.704762,1.142526],[35.705402,1.140051],[35.704296,1.13783],[35.70491,1.13515],[35.70219,1.130153],[35.699913,1.12854],[35.701,1.126742],[35.701328,1.123846],[35.700508,1.122498],[35.700878,1.121017],[35.699532,1.119483],[35.699345,1.117897],[35.696991,1.114909],[35.697006,1.10892],[35.698143,1.106593],[35.697483,1.104345],[35.694824,1.103433],[35.693211,1.104887],[35.691967,1.104676],[35.69091,1.100418],[35.687817,1.098197],[35.686321,1.098713],[35.684868,1.097867],[35.685608,1.096042],[35.683125,1.095672],[35.683918,1.09398],[35.683388,1.08996],[35.682278,1.088136],[35.680637,1.089537],[35.678509,1.088889],[35.678589,1.086774],[35.677216,1.087118],[35.676289,1.085954],[35.676922,1.082543],[35.67564,1.078405],[35.67556,1.076263],[35.673973,1.075734],[35.6735,1.074571],[35.671516,1.07428],[35.67207,1.071927],[35.671078,1.070988],[35.673935,1.06965],[35.674168,1.067788],[35.673492,1.066139],[35.675014,1.065335],[35.673809,1.063135],[35.674538,1.060036],[35.673035,1.059359],[35.670837,1.055995],[35.671333,1.053827],[35.669281,1.05224],[35.668011,1.049892],[35.670826,1.046931],[35.670898,1.045334],[35.669674,1.044213],[35.666054,1.044466],[35.665611,1.043684],[35.667027,1.040786],[35.666142,1.038988],[35.664268,1.037792],[35.664352,1.035867],[35.661919,1.035317],[35.660122,1.036269],[35.65847,1.034619],[35.657963,1.032927],[35.655499,1.033128],[35.654633,1.028432],[35.65144,1.030209],[35.649841,1.029183],[35.647705,1.029542],[35.64616,1.027194],[35.642521,1.024444],[35.643749,1.022942],[35.64217,1.020589],[35.643864,1.019105],[35.644436,1.017049],[35.642914,1.015507],[35.640732,1.007864],[35.639172,1.006988],[35.638981,1.004685],[35.636261,1.005389],[35.636242,1.002648],[35.637012,1.000564],[35.633366,0.993797],[35.635098,0.989076],[35.63681,0.989038],[35.63802,0.986382],[35.638153,0.984441],[35.639488,0.983032],[35.639526,0.980481],[35.638527,0.979387],[35.636509,0.979558],[35.635632,0.978473],[35.636089,0.975199],[35.635223,0.972106],[35.637905,0.969193],[35.637829,0.966319],[35.635727,0.965643],[35.635307,0.964653],[35.636772,0.963054],[35.636395,0.959932],[35.635078,0.959],[35.630558,0.954326],[35.630138,0.951985],[35.631615,0.947102],[35.631519,0.943371],[35.632061,0.941211],[35.631569,0.93807],[35.633415,0.936909],[35.633785,0.933168],[35.635536,0.93056],[35.63448,0.927924],[35.634956,0.925658],[35.634899,0.923108],[35.635963,0.921947],[35.636395,0.918111],[35.634243,0.918244],[35.63369,0.916302],[35.634613,0.9134],[35.633301,0.912276],[35.632881,0.910754],[35.631416,0.910639],[35.630043,0.909059],[35.627712,0.91004],[35.626057,0.909221],[35.625847,0.907774],[35.627048,0.904005],[35.626541,0.901293],[35.627419,0.898],[35.625599,0.895059],[35.627579,0.893764],[35.625011,0.889767],[35.622486,0.887435],[35.622318,0.886274],[35.624859,0.881543],[35.626038,0.880896],[35.625847,0.87667],[35.62439,0.874224],[35.62384,0.872054],[35.624485,0.870341],[35.62302,0.869199],[35.624325,0.864525],[35.623619,0.861879],[35.625515,0.854903],[35.628151,0.852857],[35.629597,0.852419],[35.631653,0.850553],[35.635471,0.849535],[35.636364,0.848183],[35.635147,0.846775],[35.635414,0.844928],[35.638866,0.843795],[35.640884,0.841302],[35.64296,0.840122],[35.639305,0.836543],[35.63686,0.836686],[35.636478,0.835296],[35.638477,0.835163],[35.638287,0.832517],[35.639126,0.829452],[35.638752,0.827292],[35.636963,0.827482],[35.636585,0.826054],[35.638355,0.825426],[35.642597,0.822323],[35.641941,0.816489],[35.640057,0.815575],[35.636669,0.812804],[35.63633,0.811471],[35.634121,0.809815],[35.635452,0.807778],[35.63488,0.805989],[35.632996,0.804847],[35.63446,0.802125],[35.634453,0.800687],[35.636013,0.797337],[35.634109,0.794634],[35.634235,0.792626],[35.635719,0.792969],[35.636879,0.791484],[35.637394,0.78859],[35.635147,0.787658],[35.633785,0.786277],[35.634853,0.784031],[35.635025,0.781328],[35.633518,0.779596],[35.634407,0.777036],[35.633759,0.775322],[35.630939,0.773781],[35.63195,0.772029],[35.631485,0.770478],[35.629162,0.768898],[35.629238,0.764996],[35.627846,0.764329],[35.62738,0.762435],[35.628239,0.761483],[35.627991,0.759827],[35.626808,0.758419],[35.625847,0.75544],[35.626305,0.752775],[35.625885,0.750852],[35.626125,0.748615],[35.625687,0.746217],[35.622383,0.741372],[35.62109,0.741429],[35.620117,0.739602],[35.620193,0.736575],[35.620995,0.735528],[35.623394,0.735604],[35.622623,0.734034],[35.622738,0.72958],[35.62645,0.728723],[35.627895,0.727143],[35.626278,0.725373],[35.627876,0.724497],[35.628582,0.72286],[35.630749,0.722175],[35.631207,0.718863],[35.629475,0.717321],[35.631493,0.716102],[35.633728,0.712457],[35.632187,0.711753],[35.633785,0.708688],[35.633186,0.704414],[35.633911,0.70114],[35.633919,0.699189],[35.63213,0.698047],[35.630856,0.695572],[35.631531,0.692194],[35.627552,0.690918],[35.62738,0.68989],[35.629265,0.688177],[35.625153,0.688139],[35.623814,0.686626],[35.623814,0.684113],[35.624828,0.679383],[35.620815,0.679497],[35.620319,0.678012],[35.618721,0.67765],[35.615742,0.678992],[35.614445,0.677127],[35.612297,0.676556],[35.610363,0.675328],[35.608498,0.673082],[35.605907,0.674547],[35.604225,0.670464],[35.604965,0.667971],[35.604435,0.666886],[35.606022,0.660861],[35.60585,0.657453],[35.607994,0.655902],[35.608223,0.652399],[35.60767,0.650267],[35.608479,0.649078],[35.608345,0.647479],[35.609127,0.645918],[35.607014,0.64291],[35.607174,0.64193],[35.60548,0.639855],[35.602169,0.637323],[35.601768,0.635686],[35.600231,0.632983],[35.600231,0.629481],[35.598328,0.628358],[35.598064,0.626854],[35.596825,0.625921],[35.596531,0.620201],[35.5975,0.617935],[35.597332,0.615994],[35.59613,0.61455],[35.596004,0.612983],[35.597603,0.610718],[35.598309,0.607691],[35.597565,0.60613],[35.597908,0.604341],[35.600574,0.602856],[35.601238,0.60061],[35.604065,0.599858],[35.606274,0.597193],[35.608788,0.596488],[35.610577,0.594947],[35.610928,0.593662],[35.612679,0.59252],[35.611252,0.588941],[35.613258,0.583658],[35.613449,0.579242],[35.612091,0.574055],[35.61068,0.571828],[35.610443,0.569896],[35.608788,0.568106],[35.608654,0.566926],[35.605721,0.563709],[35.604351,0.560949],[35.603569,0.558398],[35.601971,0.556742],[35.602276,0.551678],[35.603809,0.546415],[35.604683,0.544759],[35.604866,0.542713],[35.603817,0.541761],[35.604008,0.540257],[35.603077,0.538734],[35.60223,0.534975],[35.603561,0.532976],[35.603409,0.5317],[35.605103,0.531282],[35.608635,0.528474],[35.611908,0.524191],[35.612328,0.521983],[35.61327,0.520336],[35.613289,0.518642],[35.611824,0.517576],[35.613346,0.515539],[35.613659,0.512198],[35.612862,0.511075],[35.615314,0.50881],[35.618362,0.507744],[35.62075,0.505888],[35.622616,0.50604],[35.62429,0.503223],[35.630924,0.501862],[35.630337,0.499882],[35.62981,0.492259],[35.632114,0.49382],[35.633125,0.492563],[35.632477,0.491116],[35.632542,0.488766],[35.631535,0.487604],[35.631878,0.485168],[35.631439,0.482845],[35.631962,0.481522],[35.633884,0.480076],[35.634113,0.477658],[35.638309,0.474241],[35.638309,0.472871],[35.639568,0.471234],[35.638996,0.469654],[35.639473,0.468169],[35.641224,0.467845],[35.642776,0.466713],[35.642242,0.463819],[35.644165,0.462753],[35.64603,0.460317],[35.644573,0.456062],[35.645267,0.454435],[35.64468,0.45236],[35.645115,0.450685],[35.647896,0.448591],[35.650959,0.446897],[35.652409,0.441281],[35.65197,0.439054],[35.653633,0.434895],[35.653576,0.43301],[35.651768,0.430307],[35.65213,0.428993],[35.653595,0.428023],[35.652538,0.426662],[35.653244,0.425158],[35.655014,0.423901],[35.655624,0.421141],[35.656891,0.419133],[35.659477,0.416125],[35.657745,0.414222],[35.660061,0.411814],[35.660175,0.410386],[35.658382,0.407207],[35.656651,0.405418],[35.656128,0.403619],[35.654167,0.399717],[35.654148,0.39808],[35.656536,0.3951],[35.658535,0.394567],[35.658478,0.391826],[35.659439,0.38938],[35.659592,0.386201],[35.660431,0.386011],[35.662086,0.387686],[35.66317,0.387362],[35.663589,0.385611],[35.666245,0.385354],[35.665543,0.383203],[35.666054,0.381642],[35.667969,0.37853],[35.670712,0.378492],[35.672386,0.376246],[35.675003,0.376084],[35.678677,0.372943],[35.679722,0.370221],[35.682018,0.371049],[35.684929,0.370878],[35.686165,0.370021],[35.688442,0.370678],[35.689087,0.368755],[35.694981,0.363853],[35.696732,0.364101],[35.695057,0.366575],[35.694942,0.36768],[35.697552,0.368993],[35.697739,0.366804],[35.699284,0.364577],[35.703156,0.363216],[35.705212,0.364529],[35.707146,0.36136],[35.707581,0.358828],[35.708782,0.357267],[35.710457,0.356582],[35.713665,0.357029],[35.716404,0.355601],[35.7187,0.355306],[35.719402,0.351575],[35.721306,0.35129],[35.721478,0.35011],[35.718403,0.347816],[35.717758,0.344427],[35.719032,0.342181],[35.720791,0.340211],[35.720982,0.338498],[35.719097,0.338041],[35.718414,0.3349],[35.71846,0.332816],[35.717243,0.330132],[35.715511,0.33036],[35.715927,0.327866],[35.714985,0.324221],[35.716091,0.322584],[35.711819,0.318063],[35.711132,0.315398],[35.711666,0.314046],[35.710629,0.310401],[35.71236,0.309221],[35.711349,0.305585],[35.712139,0.30312],[35.714119,0.30234],[35.713589,0.298342],[35.712246,0.296905],[35.712265,0.293574],[35.71331,0.290128],[35.713322,0.286273],[35.712864,0.282714],[35.711578,0.280953],[35.712437,0.27804],[35.712227,0.276575],[35.710655,0.272834],[35.712009,0.270797],[35.710674,0.269389],[35.708427,0.268513],[35.708164,0.267314],[35.709675,0.265667],[35.707848,0.262507],[35.708145,0.260499],[35.707497,0.259224],[35.708599,0.257986],[35.708275,0.25654],[35.710369,0.254465],[35.711418,0.252295],[35.713055,0.251705],[35.71315,0.249059],[35.714939,0.246698],[35.714996,0.244281],[35.716927,0.239322],[35.718433,0.237799],[35.719452,0.234553],[35.719212,0.226853],[35.719364,0.223427],[35.72047,0.221276],[35.720955,0.216717],[35.72065,0.211966],[35.716736,0.210855],[35.716202,0.20781],[35.715137,0.206447],[35.712055,0.206471],[35.710323,0.205359],[35.707611,0.204728],[35.704712,0.202866],[35.703793,0.200564],[35.702366,0.199993],[35.701027,0.198107],[35.699623,0.19821],[35.691326,0.189576],[35.693714,0.177932],[35.694675,0.170013],[35.58744,0.169497],[35.589626,0.149074],[35.573875,0.113934],[35.572742,0.067274],[35.540714,0.089909],[35.539433,0.087665],[35.539604,0.083858],[35.539242,0.081459],[35.539757,0.079118],[35.543861,0.074073],[35.54464,0.072722],[35.544315,0.070856],[35.540939,0.067335],[35.538872,0.064175],[35.53896,0.061964],[35.537941,0.058845],[35.53812,0.053915],[35.538452,0.05262],[35.541233,0.047606],[35.535973,0.048273],[35.53257,0.046609],[35.526447,0.046836],[35.5228,0.015414],[35.543449,-0.008509],[35.568188,-0.00791],[35.569908,-0.010006],[35.572227,-0.010866],[35.582474,-0.007767],[35.610161,-0.032494],[35.63216,-0.036095],[35.638382,-0.050278],[35.634567,-0.054218],[35.640152,-0.06097],[35.641033,-0.065763],[35.64238,-0.068685],[35.648022,-0.079031],[35.649326,-0.081101],[35.654305,-0.079091],[35.656456,-0.077367],[35.659233,-0.076091],[35.668297,-0.073841],[35.670738,-0.073905],[35.676029,-0.075086],[35.684238,-0.075038],[35.688728,-0.075963],[35.690018,-0.086063],[35.687824,-0.096041],[35.692287,-0.109648],[35.697075,-0.113321],[35.705681,-0.122755],[35.704891,-0.124916],[35.712883,-0.132837],[35.728909,-0.160239],[35.72221,-0.172086],[35.722065,-0.172914],[35.721859,-0.192515],[35.721996,-0.19807],[35.722675,-0.202437],[35.724628,-0.209793],[35.724716,-0.212375],[35.726448,-0.214516],[35.729599,-0.217387],[35.733166,-0.220004],[35.735538,-0.22053],[35.73811,-0.220377],[35.74202,-0.219239],[35.744007,-0.219171],[35.746681,-0.220208],[35.750591,-0.223843],[35.75462,-0.226277],[35.756359,-0.226239],[35.759415,-0.225321],[35.763214,-0.224892],[35.780083,-0.194816],[35.7719,-0.192288],[35.789742,-0.16208],[35.789242,-0.111632],[35.796158,-0.109679],[35.796772,-0.107726],[35.798676,-0.10595],[35.79985,-0.103232],[35.805798,-0.100088],[35.808365,-0.104478],[35.809341,-0.105241],[35.811264,-0.108249],[35.812515,-0.109486],[35.814972,-0.113935],[35.816284,-0.115227],[35.816643,-0.117501],[35.820465,-0.119498],[35.850388,-0.075755],[35.875469,-0.036026],[35.877876,-0.038668],[35.889744,-0.048919],[35.893017,-0.051535],[35.899143,-0.048034],[35.916374,-0.081864],[35.918308,-0.08144],[35.921974,-0.078708],[35.924793,-0.078118],[35.926754,-0.077224],[35.927036,-0.075948],[35.925583,-0.074168],[35.925827,-0.072341],[35.927544,-0.07038],[35.930199,-0.068524],[35.932522,-0.068125],[35.935764,-0.064708],[35.935272,-0.061967],[35.935726,-0.061072],[35.939754,-0.057427],[35.942379,-0.055942],[35.945217,-0.053829],[35.947701,-0.05085],[35.94875,-0.04788],[35.950203,-0.045377],[35.950603,-0.042921],[35.952801,-0.038496],[35.954117,-0.037715],[35.955315,-0.035507],[35.95858,-0.031995],[35.958961,-0.026455],[35.960865,-0.023505],[35.964554,-0.020574],[35.968216,-0.014904],[35.970753,-0.009172],[35.971088,-0.005589],[35.971931,-0.004248],[35.972195,-0.001788],[35.971214,0.000288],[35.972832,0.004713],[35.974014,0.005975],[35.975391,0.009096],[35.976532,0.013391],[35.976078,0.016285],[35.974411,0.018438],[35.973999,0.021026],[35.972321,0.022096],[35.970966,0.024072],[35.968212,0.024747],[35.928139,0.069766],[35.938892,0.095461],[35.954609,0.090213],[35.955128,0.089146],[35.958729,0.08846],[35.959515,0.087146],[35.958996,0.085657],[35.959839,0.083145],[35.960873,0.082567],[35.961079,0.080741],[35.963821,0.077904],[35.961761,0.076461],[35.962456,0.074878],[35.961891,0.072189],[35.963829,0.069882],[35.963982,0.068815],[35.96225,0.067126],[35.961823,0.063742],[35.962311,0.060524],[35.963669,0.057213],[35.996086,0.059931],[36.005272,0.031258],[36.033867,0.021259],[36.039452,0.021147],[36.048752,0.008315],[36.050358,0.004586],[36.092644,-0.013667],[36.111233,0.006122],[36.104267,0.061437],[36.126423,0.059371],[36.128609,0.079136],[36.129574,0.085233],[36.130611,0.09021],[36.133793,0.111909],[36.13501,0.11699],[36.139229,0.129642],[36.147053,0.185686],[36.196667,0.199257],[36.196896,0.201553],[36.196278,0.202988],[36.196491,0.20596],[36.194611,0.216427],[36.191666,0.218764],[36.190193,0.219222],[36.18557,0.219222],[36.18362,0.219871],[36.181808,0.222372],[36.179726,0.223286],[36.178047,0.224811],[36.17754,0.228368],[36.201851,0.234663],[36.214989,0.252225],[36.210392,0.264787],[36.197472,0.285618],[36.193275,0.300646],[36.183838,0.314393],[36.229389,0.426579],[36.294044,0.565327],[36.288151,0.579964],[36.275681,0.631669],[36.288593,0.644648],[36.344585,0.659284],[36.404453,0.71719],[36.468597,0.827502],[36.473312,0.838504],[36.488716,0.846797],[36.48719,0.849982],[36.484539,0.852678],[36.483105,0.85347],[36.481159,0.852828],[36.478226,0.854518],[36.476128,0.857493],[36.470352,0.860874],[36.469601,0.863442],[36.466286,0.865453],[36.463867,0.86556],[36.461597,0.86785],[36.461235,0.869241],[36.457447,0.870525],[36.454128,0.872644],[36.449085,0.872491],[36.447605,0.872965],[36.445465,0.871552],[36.444157,0.87335],[36.441013,0.875062],[36.440434,0.87611],[36.437031,0.877459],[36.436348,0.878742],[36.434849,0.879213],[36.431789,0.882894],[36.429626,0.883857],[36.425606,0.889014],[36.424149,0.891539],[36.422672,0.892802],[36.423637,0.894664],[36.422821,0.895627],[36.423466,0.897424],[36.416874,0.902496],[36.414562,0.901126],[36.411694,0.900805],[36.409706,0.899735],[36.406986,0.900013],[36.404613,0.900912],[36.402386,0.900484],[36.400505,0.902517],[36.398857,0.902753],[36.394875,0.905663],[36.394962,0.908659],[36.392628,0.909579],[36.39312,0.911976],[36.391453,0.912725],[36.391472,0.916405],[36.392063,0.918774],[36.392052,0.919958],[36.38929,0.923103],[36.388004,0.925265],[36.385899,0.927256],[36.38678,0.930039],[36.387493,0.934145],[36.386787,0.936927],[36.386871,0.940287],[36.389076,0.940672],[36.388763,0.943103],[36.387684,0.94461],[36.388329,0.947199],[36.387428,0.948611],[36.38306,0.951261],[36.382168,0.954266],[36.379597,0.954903],[36.376911,0.954072],[36.374676,0.955909],[36.372807,0.956414],[36.369537,0.955545],[36.366825,0.955891],[36.364044,0.958537],[36.362778,0.963163],[36.360016,0.963634],[36.358269,0.96468],[36.354351,0.963799],[36.35223,0.966269],[36.349934,0.966285],[36.349655,0.968304],[36.348122,0.969919],[36.34798,0.971854],[36.346077,0.974482],[36.346016,0.977409],[36.344646,0.983355],[36.34515,0.986454],[36.342335,0.987382],[36.341267,0.988962],[36.340366,0.993125],[36.316883,0.991261],[36.173958,1.170862],[36.096592,1.169408],[35.791943,1.663619]]]},"properties":{"code":304}},{"type":"Feature","geometry":{"type":"Polygon","coordinates":[[[34.822292,1.26259],[34.820923,1.262236],[34.820293,1.260782],[34.820076,1.257803],[34.819027,1.254986],[34.819454,1.251645],[34.818264,1.247828],[34.81625,1.245944],[34.814533,1.245373],[34.812222,1.241975],[34.811501,1.240014],[34.811565,1.237435],[34.807987,1.23378],[34.80592,1.229259],[34.804199,1.22746],[34.802124,1.226527],[34.799324,1.224529],[34.795624,1.220522],[34.793873,1.219418],[34.791767,1.219598],[34.787579,1.219275],[34.784676,1.221588],[34.783134,1.221359],[34.779861,1.219817],[34.775398,1.220836],[34.774349,1.220607],[34.7714,1.2172],[34.768345,1.216524],[34.766499,1.217305],[34.761864,1.217866],[34.758987,1.219065],[34.756855,1.219294],[34.754391,1.218428],[34.750183,1.218447],[34.744999,1.220436],[34.740021,1.218656],[34.735744,1.218456],[34.731445,1.217847],[34.727684,1.217933],[34.723534,1.216905],[34.72065,1.217124],[34.718861,1.216362],[34.710896,1.215058],[34.705822,1.214897],[34.703156,1.215392],[34.698124,1.213155],[34.694485,1.212565],[34.686539,1.210804],[34.681599,1.210338],[34.678162,1.209034],[34.674576,1.208129],[34.671246,1.207996],[34.669037,1.205788],[34.66655,1.198735],[34.665382,1.194138],[34.663601,1.191635],[34.658661,1.188523],[34.656956,1.184706],[34.654255,1.183393],[34.650894,1.180432],[34.648724,1.179081],[34.643726,1.176844],[34.638447,1.172019],[34.635818,1.171657],[34.630573,1.169668],[34.625893,1.169306],[34.621162,1.167203],[34.619354,1.164652],[34.615822,1.160987],[34.612213,1.159151],[34.607742,1.158066],[34.604134,1.156876],[34.597862,1.15561],[34.596321,1.154373],[34.593521,1.153763],[34.589134,1.151793],[34.585499,1.151888],[34.580769,1.150327],[34.61261,1.109707],[34.61396,1.108393],[34.619194,1.104453],[34.622726,1.101455],[34.624935,1.100065],[34.632309,1.094573],[34.639133,1.091271],[34.643314,1.090861],[34.6469,1.08813],[34.649128,1.087407],[34.65324,1.08497],[34.657543,1.085312],[34.661503,1.084075],[34.663906,1.083847],[34.653538,1.058371],[34.659641,1.052696],[34.691097,1.004179],[34.69281,1.000752],[34.693653,0.99779],[34.738586,0.937281],[34.767769,0.920259],[34.769814,0.921184],[34.772831,0.921591],[34.776882,0.923685],[34.779533,0.922801],[34.783882,0.923454],[34.784943,0.923127],[34.788857,0.919186],[34.790283,0.918628],[34.791996,0.915992],[34.795761,0.912988],[34.797962,0.910025],[34.799526,0.905309],[34.799171,0.903678],[34.79776,0.902183],[34.794716,0.899926],[34.791492,0.898472],[34.790813,0.895373],[34.788258,0.893606],[34.786152,0.89082],[34.78558,0.888972],[34.786724,0.887042],[34.789211,0.884473],[34.789562,0.882951],[34.788967,0.881129],[34.79068,0.877623],[34.792595,0.871466],[34.79435,0.86887],[34.795597,0.865499],[34.794632,0.86119],[34.79488,0.858064],[34.796062,0.855305],[34.797718,0.850222],[34.799717,0.847871],[34.800369,0.846104],[34.801727,0.844935],[34.803928,0.844255],[34.804527,0.842679],[34.804649,0.839213],[34.805439,0.836304],[34.807327,0.832567],[34.808006,0.826831],[34.809734,0.824398],[34.809868,0.821761],[34.811012,0.820756],[34.81097,0.813946],[34.810036,0.809501],[34.809189,0.80836],[34.808323,0.804289],[34.868862,0.825641],[34.912125,0.845864],[34.911991,0.846576],[34.918362,0.848103],[34.922749,0.850995],[34.924549,0.852958],[34.927326,0.854427],[34.928749,0.854175],[34.930336,0.852568],[34.932148,0.852522],[34.932365,0.854209],[34.933903,0.855105],[34.936108,0.858892],[34.936531,0.861613],[34.941593,0.869866],[34.944992,0.870325],[34.947586,0.869475],[34.949478,0.870451],[34.951317,0.870267],[34.953106,0.8713],[34.955956,0.872012],[34.958397,0.872115],[34.959831,0.873694],[34.962914,0.875379],[34.964745,0.879289],[34.98555,0.886463],[34.984974,0.881621],[35.017712,0.887544],[35.017769,0.888772],[35.021858,0.893136],[35.024715,0.894778],[35.026592,0.894355],[35.027596,0.892803],[35.030151,0.892411],[35.031269,0.89429],[35.037479,0.896337],[35.037754,0.899609],[35.03904,0.900632],[35.045177,0.900084],[35.046036,0.897657],[35.048164,0.899811],[35.049618,0.900525],[35.051876,0.900548],[35.053757,0.89855],[35.059097,0.89661],[35.062881,0.89592],[35.06551,0.896503],[35.068581,0.895766],[35.070221,0.897336],[35.072826,0.897229],[35.078255,0.894754],[35.080322,0.893041],[35.08062,0.891221],[35.079739,0.889817],[35.07962,0.8867],[35.082394,0.884047],[35.082657,0.882572],[35.085533,0.881715],[35.085747,0.879716],[35.090446,0.879276],[35.09235,0.87792],[35.097218,0.877384],[35.098099,0.875267],[35.101894,0.873113],[35.104607,0.874517],[35.107246,0.877301],[35.107796,0.878515],[35.10952,0.879669],[35.111996,0.879812],[35.114254,0.88162],[35.116085,0.883976],[35.116207,0.885141],[35.114254,0.887069],[35.113815,0.889746],[35.111958,0.892244],[35.113411,0.894528],[35.11573,0.899394],[35.115944,0.902511],[35.115326,0.905248],[35.116074,0.906592],[35.119072,0.908401],[35.120167,0.910709],[35.122406,0.910471],[35.125603,0.911316],[35.126629,0.912791],[35.126865,0.917669],[35.128532,0.918716],[35.131626,0.918026],[35.135063,0.917847],[35.138821,0.918846],[35.140762,0.91893],[35.143856,0.917098],[35.146114,0.916907],[35.151505,0.917347],[35.154526,0.91661],[35.156467,0.918597],[35.15913,0.918573],[35.162224,0.919834],[35.164688,0.921702],[35.167377,0.921654],[35.169518,0.92006],[35.171635,0.919322],[35.174099,0.919882],[35.176548,0.921619],[35.178951,0.92188],[35.180595,0.921309],[35.18232,0.922535],[35.185364,0.923463],[35.190277,0.924117],[35.194515,0.923736],[35.19656,0.921619],[35.198559,0.92119],[35.200024,0.921892],[35.20121,0.920917],[35.203545,0.921393],[35.207195,0.921262],[35.212597,0.920167],[35.215797,0.919965],[35.218201,0.918632],[35.221508,0.918561],[35.227852,0.920167],[35.229397,0.92238],[35.230991,0.923046],[35.233524,0.926651],[35.234383,0.928555],[35.236046,0.930553],[35.240391,0.931351],[35.242485,0.932231],[35.243267,0.934063],[35.245029,0.934825],[35.246292,0.937156],[35.2491,0.938013],[35.251198,0.939904],[35.254478,0.939484],[35.258869,0.93769],[35.260853,0.935438],[35.263985,0.934407],[35.268757,0.934102],[35.271255,0.931259],[35.272705,0.927442],[35.275299,0.923472],[35.27721,0.922747],[35.277351,0.920688],[35.280258,0.919417],[35.285095,0.919027],[35.287132,0.918111],[35.288795,0.916425],[35.292362,0.914227],[35.29285,0.913543],[35.292774,0.910221],[35.294792,0.90652],[35.295864,0.903149],[35.298759,0.898398],[35.301472,0.897127],[35.302547,0.895833],[35.303719,0.892657],[35.30508,0.890322],[35.329437,0.931553],[35.330956,0.930915],[35.331654,0.929073],[35.33432,0.927178],[35.346516,0.920504],[35.348885,0.91976],[35.359627,0.944354],[35.343449,0.946383],[35.339699,0.962559],[35.342712,0.96457],[35.342712,0.965611],[35.336018,0.967209],[35.3386,0.972882],[35.351257,0.978753],[35.343899,0.997927],[35.343971,1.001267],[35.341599,1.005863],[35.358891,1.00861],[35.359409,1.018394],[35.316429,1.033332],[35.275135,1.060478],[35.242516,1.074535],[35.2188,1.116098],[35.202423,1.11739],[35.181671,1.150963],[35.160179,1.180461],[35.152142,1.199373],[35.124249,1.183784],[35.121647,1.185084],[35.118229,1.187713],[35.117004,1.188037],[35.087044,1.18332],[35.083084,1.169205],[35.080364,1.172536],[35.077595,1.174768],[35.074856,1.17628],[35.061409,1.180043],[35.06076,1.180871],[35.057575,1.182185],[35.053146,1.18557],[35.051163,1.187478],[35.046844,1.192699],[35.041588,1.194644],[35.040543,1.197272],[35.035252,1.203788],[35.044449,1.215413],[35.023914,1.234169],[35.019642,1.239863],[35.015587,1.246909],[35.012074,1.25424],[34.993095,1.257646],[34.971966,1.246246],[34.941868,1.250764],[34.906067,1.252085],[34.910656,1.284199],[34.834888,1.265848],[34.822292,1.26259]]]},"properties":{"code":302}},{"type":"Feature","geometry":{"type":"Polygon","coordinates":[[[34.580769,1.150327],[34.580311,1.150268],[34.577454,1.100134],[34.527744,1.121569],[34.528061,1.111609],[34.528328,1.108811],[34.527355,1.105441],[34.526443,1.103728],[34.522083,1.099084],[34.520245,1.095343],[34.51936,1.092307],[34.518867,1.088976],[34.515156,1.082332],[34.512775,1.079591],[34.510536,1.078439],[34.508064,1.075146],[34.504951,1.072034],[34.503494,1.069816],[34.503342,1.066923],[34.499538,1.060562],[34.499638,1.057278],[34.497128,1.054462],[34.496151,1.049709],[34.495174,1.048518],[34.495239,1.046899],[34.493999,1.045337],[34.492359,1.0388],[34.492477,1.036318],[34.491184,1.031968],[34.491314,1.029561],[34.490166,1.024924],[34.490089,1.020307],[34.488632,1.017869],[34.488873,1.015655],[34.488518,1.01223],[34.487957,1.010932],[34.487667,1.006597],[34.487999,1.003626],[34.487347,1.00175],[34.486561,0.993402],[34.487076,0.988243],[34.488094,0.985511],[34.488132,0.983722],[34.486675,0.976136],[34.484894,0.97173],[34.483467,0.96737],[34.481686,0.960527],[34.481392,0.956596],[34.479946,0.952256],[34.479877,0.948801],[34.479042,0.94488],[34.479355,0.941672],[34.478165,0.937246],[34.47493,0.932316],[34.469276,0.920819],[34.468258,0.919248],[34.465118,0.916145],[34.464489,0.913214],[34.462669,0.911358],[34.459721,0.909892],[34.45871,0.908826],[34.455845,0.903715],[34.454933,0.902992],[34.451622,0.90244],[34.450363,0.90164],[34.449707,0.898889],[34.451096,0.894435],[34.451126,0.890447],[34.449497,0.885793],[34.447193,0.881415],[34.446404,0.878398],[34.446384,0.874629],[34.446968,0.870983],[34.446682,0.866643],[34.445549,0.863645],[34.441132,0.858524],[34.439285,0.857515],[34.435524,0.85684],[34.43288,0.855964],[34.430054,0.854508],[34.426769,0.854118],[34.423306,0.852899],[34.420162,0.850063],[34.419842,0.848559],[34.417477,0.843696],[34.414696,0.843848],[34.413612,0.842973],[34.41407,0.840745],[34.413479,0.838138],[34.414318,0.836025],[34.413574,0.835073],[34.411251,0.834045],[34.408634,0.832113],[34.407948,0.830761],[34.405952,0.829276],[34.407379,0.827582],[34.408588,0.824432],[34.411232,0.822414],[34.412212,0.818731],[34.410442,0.815704],[34.412338,0.812877],[34.411156,0.811012],[34.405884,0.80888],[34.401325,0.807709],[34.396004,0.803911],[34.394024,0.804273],[34.392311,0.806005],[34.386932,0.805215],[34.384766,0.80434],[34.383156,0.801399],[34.383118,0.797116],[34.381737,0.794746],[34.380596,0.797829],[34.379719,0.798934],[34.378338,0.798715],[34.375237,0.796849],[34.374855,0.793632],[34.372143,0.790291],[34.37178,0.787189],[34.370346,0.78499],[34.367584,0.783048],[34.365452,0.782515],[34.364044,0.781487],[34.362186,0.779155],[34.360527,0.778413],[34.366959,0.77342],[34.369259,0.772189],[34.370712,0.772391],[34.373249,0.774562],[34.376617,0.773349],[34.379372,0.774497],[34.382275,0.774069],[34.386147,0.767769],[34.389431,0.764949],[34.390495,0.763004],[34.393745,0.759387],[34.396778,0.757615],[34.399483,0.756597],[34.402393,0.756389],[34.406021,0.757067],[34.407284,0.759518],[34.410229,0.762153],[34.41151,0.767329],[34.416801,0.768096],[34.421638,0.767079],[34.424099,0.767079],[34.424065,0.76141],[34.424461,0.759704],[34.427475,0.754193],[34.429379,0.752042],[34.429676,0.749719],[34.432983,0.744285],[34.433701,0.739397],[34.433014,0.734461],[34.432652,0.729573],[34.431503,0.72641],[34.425365,0.730231],[34.422466,0.7316],[34.420662,0.731474],[34.417088,0.730164],[34.413536,0.730122],[34.410698,0.729283],[34.40892,0.727755],[34.40662,0.729333],[34.404537,0.729535],[34.402542,0.727168],[34.404118,0.72517],[34.406281,0.718188],[34.407928,0.715713],[34.409302,0.709788],[34.41571,0.68998],[34.409489,0.682255],[34.409256,0.68133],[34.417103,0.659623],[34.41497,0.657517],[34.411724,0.657065],[34.406265,0.654936],[34.400681,0.652369],[34.396881,0.649819],[34.393471,0.64927],[34.393318,0.647826],[34.391972,0.646304],[34.387733,0.645643],[34.38636,0.645108],[34.385471,0.643108],[34.383137,0.643918],[34.383846,0.634763],[34.383739,0.633362],[34.379322,0.625177],[34.378677,0.622322],[34.378891,0.613006],[34.375576,0.60668],[34.370712,0.607715],[34.369884,0.606581],[34.369583,0.603973],[34.370819,0.596777],[34.370075,0.592913],[34.370125,0.590153],[34.37278,0.585204],[34.377033,0.578808],[34.374958,0.576066],[34.372646,0.568566],[34.371487,0.566206],[34.368999,0.563217],[34.368309,0.561788],[34.371082,0.557214],[34.373154,0.554896],[34.376133,0.552743],[34.378036,0.550839],[34.380772,0.545291],[34.382591,0.542724],[34.383915,0.541813],[34.388969,0.539909],[34.391205,0.537342],[34.393192,0.533947],[34.39526,0.528648],[34.396336,0.527572],[34.400063,0.519871],[34.403458,0.515152],[34.405029,0.51391],[34.407433,0.510515],[34.408344,0.507948],[34.408646,0.504611],[34.406036,0.50155],[34.403522,0.500046],[34.400707,0.499494],[34.393806,0.499418],[34.390015,0.499174],[34.387959,0.498078],[34.385876,0.495413],[34.385151,0.490663],[34.388737,0.473553],[34.388737,0.471857],[34.390091,0.468949],[34.392059,0.467942],[34.392662,0.468925],[34.396076,0.470269],[34.399399,0.472631],[34.401215,0.47316],[34.404499,0.475207],[34.409012,0.476224],[34.417377,0.475593],[34.420155,0.474778],[34.422905,0.47291],[34.425003,0.470454],[34.428173,0.468508],[34.430183,0.466605],[34.434116,0.464077],[34.436192,0.463309],[34.440178,0.463464],[34.44323,0.466052],[34.445793,0.467699],[34.450272,0.468812],[34.459564,0.468907],[34.46167,0.469978],[34.463581,0.472791],[34.466679,0.475391],[34.470207,0.479192],[34.472294,0.48034],[34.47876,0.482678],[34.480968,0.484076],[34.483433,0.484171],[34.484764,0.483267],[34.486794,0.480644],[34.48819,0.477354],[34.491615,0.473725],[34.493389,0.470834],[34.494579,0.467515],[34.494678,0.461893],[34.495144,0.460383],[34.497761,0.457804],[34.501675,0.455671],[34.507793,0.454109],[34.514736,0.449572],[34.518227,0.448232],[34.523125,0.447615],[34.5257,0.446452],[34.529541,0.44402],[34.532333,0.442807],[34.534538,0.448375],[34.536167,0.449898],[34.537479,0.453553],[34.536987,0.454792],[34.536995,0.457812],[34.538006,0.46106],[34.539803,0.462222],[34.541782,0.462671],[34.544395,0.465605],[34.547558,0.467585],[34.549416,0.467925],[34.551266,0.469856],[34.559158,0.46087],[34.562679,0.457796],[34.566067,0.457586],[34.568409,0.456825],[34.573406,0.456853],[34.575672,0.455768],[34.577099,0.456111],[34.580021,0.453669],[34.580925,0.45209],[34.581043,0.449673],[34.580326,0.446664],[34.581276,0.445293],[34.580307,0.44002],[34.581268,0.438983],[34.580772,0.433995],[34.581409,0.430103],[34.582287,0.428903],[34.584076,0.428123],[34.587051,0.425672],[34.588081,0.423659],[34.587982,0.42086],[34.589954,0.419531],[34.590603,0.422539],[34.590286,0.425346],[34.5924,0.42784],[34.592636,0.431771],[34.590431,0.435045],[34.590904,0.436682],[34.590534,0.439528],[34.591545,0.441451],[34.592075,0.445029],[34.594017,0.445067],[34.595551,0.44403],[34.598442,0.445343],[34.599415,0.447019],[34.601681,0.447761],[34.604069,0.449979],[34.605972,0.449921],[34.607075,0.448456],[34.61356,0.44264],[34.616051,0.442831],[34.615578,0.445381],[34.615662,0.449217],[34.617432,0.455518],[34.618088,0.45646],[34.623627,0.459392],[34.626301,0.459611],[34.626358,0.462352],[34.628319,0.462561],[34.631481,0.459496],[34.630386,0.454519],[34.631336,0.452977],[34.632984,0.452015],[34.638123,0.451787],[34.639465,0.450997],[34.643654,0.450255],[34.645443,0.450807],[34.649166,0.4543],[34.650974,0.454947],[34.653343,0.453529],[34.655037,0.453338],[34.656826,0.453967],[34.657967,0.455508],[34.659645,0.459601],[34.661194,0.459896],[34.662453,0.458488],[34.664734,0.458449],[34.667732,0.46061],[34.669125,0.464055],[34.671162,0.465693],[34.672844,0.469814],[34.675129,0.470651],[34.677643,0.470861],[34.678135,0.472479],[34.677174,0.476257],[34.67691,0.479512],[34.675213,0.481721],[34.675365,0.482844],[34.678776,0.484271],[34.682144,0.482387],[34.68359,0.485014],[34.687016,0.484443],[34.688732,0.485105],[34.688824,0.4884],[34.69125,0.493193],[34.693588,0.494338],[34.693226,0.496461],[34.694118,0.497364],[34.696156,0.501571],[34.698109,0.502818],[34.698715,0.504455],[34.70142,0.506587],[34.703068,0.506578],[34.704926,0.505718],[34.706997,0.503488],[34.710026,0.503903],[34.712574,0.506416],[34.714306,0.508795],[34.717476,0.510002],[34.719845,0.508538],[34.721291,0.506951],[34.723057,0.508578],[34.724308,0.508673],[34.727383,0.511746],[34.72916,0.5157],[34.731651,0.516274],[34.734123,0.518069],[34.734619,0.522653],[34.738091,0.531438],[34.740948,0.533209],[34.742603,0.535931],[34.745716,0.53653],[34.746609,0.53516],[34.748741,0.535579],[34.749695,0.53832],[34.751286,0.539719],[34.753281,0.539814],[34.754349,0.542879],[34.756386,0.54522],[34.759678,0.546933],[34.75943,0.549998],[34.764595,0.555862],[34.763424,0.560859],[34.764034,0.562858],[34.770142,0.563543],[34.772514,0.566275],[34.772911,0.568159],[34.77615,0.57052],[34.776901,0.5723],[34.778099,0.573194],[34.781185,0.573689],[34.782898,0.576469],[34.785496,0.575507],[34.787762,0.575602],[34.789532,0.578344],[34.79451,0.581437],[34.796413,0.583702],[34.800457,0.585653],[34.804104,0.586691],[34.806065,0.586538],[34.807873,0.585606],[34.809795,0.585853],[34.809757,0.587566],[34.807777,0.590403],[34.803482,0.593268],[34.799648,0.596608],[34.79847,0.598893],[34.80159,0.599921],[34.802467,0.604185],[34.804428,0.606088],[34.808533,0.605995],[34.810013,0.608058],[34.812183,0.612698],[34.813381,0.613426],[34.815567,0.616067],[34.818985,0.617845],[34.822563,0.617795],[34.825115,0.619465],[34.827751,0.622171],[34.829636,0.622913],[34.831398,0.624905],[34.832191,0.627624],[34.832085,0.632229],[34.83456,0.635919],[34.834156,0.639238],[34.832798,0.640966],[34.832962,0.643257],[34.832161,0.645527],[34.834576,0.645956],[34.836369,0.648561],[34.837696,0.649189],[34.837246,0.651138],[34.8386,0.653737],[34.837196,0.65657],[34.8391,0.658262],[34.840458,0.658048],[34.841145,0.659362],[34.841194,0.662253],[34.84404,0.668127],[34.846588,0.669862],[34.849045,0.669477],[34.851223,0.669955],[34.852592,0.671297],[34.854279,0.67164],[34.855125,0.673003],[34.857197,0.674445],[34.857697,0.676401],[34.856861,0.678707],[34.857048,0.679934],[34.858959,0.681034],[34.860058,0.683204],[34.862499,0.683888],[34.864597,0.681747],[34.866024,0.681675],[34.867096,0.682903],[34.86903,0.682867],[34.871399,0.684067],[34.873283,0.683981],[34.87682,0.682703],[34.878117,0.681804],[34.881065,0.682396],[34.88398,0.685337],[34.887028,0.686444],[34.888611,0.688585],[34.890404,0.688849],[34.891846,0.690477],[34.893414,0.688107],[34.894691,0.687814],[34.896351,0.68613],[34.898834,0.685444],[34.903137,0.685551],[34.904808,0.684652],[34.90937,0.685787],[34.910576,0.688707],[34.912148,0.690948],[34.917049,0.692897],[34.918514,0.698258],[34.919727,0.699314],[34.923004,0.699293],[34.925575,0.701034],[34.926765,0.702741],[34.927338,0.705824],[34.928299,0.706645],[34.928772,0.70893],[34.928066,0.711592],[34.926159,0.714355],[34.925831,0.716211],[34.923225,0.719816],[34.921783,0.721158],[34.921349,0.724834],[34.92226,0.728803],[34.923191,0.729631],[34.924538,0.732436],[34.924446,0.7339],[34.926144,0.735456],[34.927452,0.737719],[34.927723,0.739289],[34.930313,0.74071],[34.932369,0.73854],[34.934097,0.739082],[34.935688,0.741702],[34.937603,0.741102],[34.938301,0.739575],[34.939857,0.73996],[34.941662,0.743836],[34.944084,0.746056],[34.945339,0.748026],[34.947018,0.749418],[34.947689,0.75116],[34.948772,0.751788],[34.951786,0.750018],[34.953964,0.751567],[34.955292,0.748897],[34.957245,0.747712],[34.961407,0.75186],[34.965771,0.751353],[34.969933,0.751489],[34.972401,0.753844],[34.976379,0.755408],[34.978161,0.754422],[34.979725,0.752431],[34.98074,0.752102],[34.983723,0.753116],[34.985516,0.753038],[34.987827,0.751353],[34.990261,0.747363],[34.991375,0.74632],[34.993904,0.745621],[34.995323,0.744257],[34.999477,0.743729],[35.00098,0.745062],[35.00293,0.744602],[35.005146,0.746233],[35.008724,0.75064],[35.010174,0.752846],[35.011162,0.752711],[35.013172,0.750646],[35.016041,0.750416],[35.017239,0.749151],[35.016781,0.746646],[35.01936,0.742795],[35.023102,0.742828],[35.027409,0.743979],[35.026684,0.748507],[35.027061,0.749225],[35.029491,0.749678],[35.030235,0.751723],[35.031292,0.751641],[35.034851,0.748447],[35.038555,0.748203],[35.039326,0.748888],[35.038071,0.753916],[35.036972,0.754841],[35.037907,0.756497],[35.040367,0.75724],[35.043011,0.760395],[35.045551,0.761309],[35.049091,0.761166],[35.051861,0.762194],[35.055389,0.762808],[35.059013,0.76178],[35.061413,0.761894],[35.062469,0.762751],[35.065296,0.766348],[35.063869,0.767148],[35.063427,0.76899],[35.06514,0.771616],[35.064255,0.77293],[35.06361,0.7758],[35.065781,0.77777],[35.065868,0.778969],[35.064297,0.780768],[35.065983,0.781853],[35.063938,0.784951],[35.062256,0.786264],[35.063454,0.789777],[35.062641,0.794416],[35.05883,0.798628],[35.056629,0.799713],[35.051575,0.800398],[35.05032,0.801598],[35.045681,0.808779],[35.044796,0.811006],[35.043453,0.812091],[35.041611,0.814989],[35.040585,0.817502],[35.038925,0.81893],[35.033501,0.820671],[35.03159,0.819643],[35.030205,0.8204],[35.026321,0.825226],[35.025593,0.828152],[35.023422,0.830094],[35.023338,0.831722],[35.024178,0.836733],[35.02578,0.83876],[35.024921,0.84033],[35.024921,0.842729],[35.024307,0.84557],[35.023678,0.850653],[35.019955,0.85475],[35.016499,0.857748],[35.0131,0.858462],[35.012028,0.860075],[35.012001,0.86176],[35.013859,0.865872],[35.014984,0.872567],[35.016483,0.874666],[35.016514,0.877493],[35.017712,0.879777],[35.017139,0.88249],[35.018112,0.885488],[35.017712,0.887544],[34.984974,0.881621],[34.98555,0.886463],[34.964745,0.879289],[34.962914,0.875379],[34.959831,0.873694],[34.958397,0.872115],[34.955956,0.872012],[34.953106,0.8713],[34.951317,0.870267],[34.949478,0.870451],[34.947586,0.869475],[34.944992,0.870325],[34.941593,0.869866],[34.936531,0.861613],[34.936108,0.858892],[34.933903,0.855105],[34.932365,0.854209],[34.932148,0.852522],[34.930336,0.852568],[34.928749,0.854175],[34.927326,0.854427],[34.924549,0.852958],[34.922749,0.850995],[34.918362,0.848103],[34.911991,0.846576],[34.912125,0.845864],[34.868862,0.825641],[34.808323,0.804289],[34.809189,0.80836],[34.810036,0.809501],[34.81097,0.813946],[34.811012,0.820756],[34.809868,0.821761],[34.809734,0.824398],[34.808006,0.826831],[34.807327,0.832567],[34.805439,0.836304],[34.804649,0.839213],[34.804527,0.842679],[34.803928,0.844255],[34.801727,0.844935],[34.800369,0.846104],[34.799717,0.847871],[34.797718,0.850222],[34.796062,0.855305],[34.79488,0.858064],[34.794632,0.86119],[34.795597,0.865499],[34.79435,0.86887],[34.792595,0.871466],[34.79068,0.877623],[34.788967,0.881129],[34.789562,0.882951],[34.789211,0.884473],[34.786724,0.887042],[34.78558,0.888972],[34.786152,0.89082],[34.788258,0.893606],[34.790813,0.895373],[34.791492,0.898472],[34.794716,0.899926],[34.79776,0.902183],[34.799171,0.903678],[34.799526,0.905309],[34.797962,0.910025],[34.795761,0.912988],[34.791996,0.915992],[34.790283,0.918628],[34.788857,0.919186],[34.784943,0.923127],[34.783882,0.923454],[34.779533,0.922801],[34.776882,0.923685],[34.772831,0.921591],[34.769814,0.921184],[34.767769,0.920259],[34.738586,0.937281],[34.693653,0.99779],[34.69281,1.000752],[34.691097,1.004179],[34.659641,1.052696],[34.653538,1.058371],[34.663906,1.083847],[34.661503,1.084075],[34.657543,1.085312],[34.65324,1.08497],[34.649128,1.087407],[34.6469,1.08813],[34.643314,1.090861],[34.639133,1.091271],[34.632309,1.094573],[34.624935,1.100065],[34.622726,1.101455],[34.619194,1.104453],[34.61396,1.108393],[34.61261,1.109707],[34.580769,1.150327]]]},"properties":{"code":502}},{"type":"Feature","geometry":{"type":"Polygon","coordinates":[[[39.46069,0.994681],[39.458111,0.991491],[39.454762,0.989492],[39.448158,0.987227],[39.435249,0.983667],[39.426495,0.980355],[39.418308,0.976814],[39.414177,0.975615],[39.406013,0.972245],[39.394665,0.968438],[39.384064,0.964155],[39.360268,0.95439],[39.35825,0.953438],[39.351341,0.949269],[39.344997,0.944985],[39.335491,0.93773],[39.33263,0.935925],[39.32671,0.932765],[39.312889,0.924983],[39.310299,0.922753],[39.303715,0.915462],[39.297298,0.907829],[39.293892,0.904174],[39.287094,0.897702],[39.281006,0.891629],[39.277443,0.886985],[39.265926,0.875202],[39.251228,0.86253],[39.248074,0.859383],[39.242817,0.852283],[39.236595,0.845411],[39.235092,0.843374],[39.230331,0.833551],[39.229,0.829459],[39.228504,0.826699],[39.22382,0.818685],[39.220776,0.814116],[39.215504,0.807054],[39.213142,0.80437],[39.207413,0.799915],[39.203701,0.796203],[39.201416,0.793005],[39.195278,0.78331],[39.193573,0.780061],[39.188244,0.767383],[39.182514,0.756438],[39.180038,0.752764],[39.177185,0.746311],[39.176365,0.742903],[39.175549,0.737802],[39.174747,0.726914],[39.177208,0.72541],[39.17485,0.720433],[39.173256,0.719398],[39.168896,0.719564],[39.167301,0.719029],[39.16412,0.714651],[39.16169,0.712819],[39.159603,0.712521],[39.155933,0.711177],[39.153065,0.707607],[39.152191,0.70706],[39.149323,0.707262],[39.147606,0.706323],[39.146461,0.704788],[39.145866,0.702801],[39.144222,0.701409],[39.142876,0.697411],[39.142303,0.69245],[39.141613,0.690904],[39.140129,0.690178],[39.136078,0.691023],[39.134472,0.690773],[39.131287,0.688025],[39.126087,0.687953],[39.124603,0.688239],[39.121426,0.690654],[39.113464,0.691035],[39.110794,0.69082],[39.106049,0.689274],[39.102985,0.689381],[39.100479,0.688869],[39.097672,0.686395],[39.098358,0.683254],[39.097286,0.680386],[39.094807,0.678923],[39.089237,0.678471],[39.086704,0.67608],[39.083878,0.67533],[39.078781,0.678352],[39.076859,0.679042],[39.073605,0.678257],[39.071476,0.678542],[39.069225,0.679982],[39.065804,0.682944],[39.064091,0.683194],[39.061375,0.68273],[39.059933,0.683075],[39.058716,0.685014],[39.05724,0.685835],[39.053104,0.685705],[39.048447,0.683289],[39.047691,0.679197],[39.046051,0.676603],[39.042736,0.675318],[39.040989,0.672415],[39.038246,0.669262],[39.035503,0.667633],[39.033375,0.664837],[39.031612,0.664408],[39.02837,0.665015],[39.026272,0.664206],[39.025543,0.663219],[39.024517,0.659352],[39.021954,0.655105],[39.022141,0.65338],[39.023773,0.648942],[39.023605,0.64636],[39.022903,0.64435],[39.020138,0.640756],[39.015862,0.641221],[39.013756,0.640565],[39.012806,0.639358],[39.011444,0.634807],[39.012733,0.631055],[39.012745,0.629264],[39.011555,0.626159],[39.009674,0.624433],[39.008282,0.624231],[39.006008,0.625076],[39.003025,0.624826],[38.99791,0.62506],[38.992008,0.625974],[38.985992,0.626088],[38.983673,0.625136],[38.980225,0.622148],[38.978054,0.62131],[38.97543,0.6219],[38.972801,0.623728],[38.97126,0.623747],[38.969318,0.622776],[38.964218,0.623176],[38.961075,0.62428],[38.958981,0.624508],[38.957211,0.626164],[38.954395,0.625936],[38.952339,0.628696],[38.951347,0.628582],[38.948589,0.626297],[38.945503,0.626012],[38.942039,0.628182],[38.939831,0.628448],[38.937206,0.627249],[38.935246,0.625327],[38.934864,0.623632],[38.932446,0.618588],[38.931324,0.617255],[38.930809,0.614191],[38.92767,0.611659],[38.926315,0.606653],[38.924984,0.60551],[38.920509,0.603531],[38.915333,0.602484],[38.910519,0.598962],[38.907661,0.599876],[38.906578,0.599533],[38.902313,0.596335],[38.898983,0.597458],[38.894794,0.598086],[38.893631,0.597192],[38.892815,0.594965],[38.891918,0.594375],[38.889805,0.594755],[38.887619,0.595897],[38.884552,0.596145],[38.881184,0.594908],[38.874653,0.594641],[38.872047,0.596849],[38.871227,0.599781],[38.869781,0.600009],[38.866222,0.599286],[38.864697,0.599609],[38.859806,0.599324],[38.856781,0.597515],[38.851982,0.593994],[38.849297,0.592985],[38.848289,0.591957],[38.84433,0.589539],[38.841267,0.588131],[38.838772,0.585256],[38.837231,0.584514],[38.833366,0.584438],[38.828625,0.58084],[38.826244,0.580231],[38.824474,0.578994],[38.822704,0.575301],[38.821278,0.573454],[38.815872,0.569419],[38.814842,0.564393],[38.812901,0.563575],[38.809361,0.558892],[38.808601,0.557198],[38.807838,0.551944],[38.806755,0.550954],[38.80426,0.549926],[38.801575,0.548232],[38.801216,0.54511],[38.799007,0.541874],[38.792915,0.540161],[38.791164,0.538809],[38.790306,0.53525],[38.78574,0.526779],[38.783836,0.524951],[38.779877,0.522077],[38.778332,0.519697],[38.773975,0.516423],[38.769196,0.516366],[38.768188,0.515719],[38.766853,0.511398],[38.765522,0.510865],[38.763008,0.511588],[38.758575,0.513903],[38.756367,0.514482],[38.755299,0.515395],[38.754864,0.517489],[38.75499,0.520014],[38.752941,0.522496],[38.748199,0.52379],[38.743958,0.522907],[38.74255,0.522272],[38.740509,0.520307],[38.735958,0.518079],[38.73278,0.519203],[38.73082,0.520402],[38.728539,0.522584],[38.72438,0.524468],[38.722767,0.523904],[38.721035,0.521582],[38.720734,0.5199],[38.721359,0.517337],[38.721199,0.515008],[38.722988,0.512447],[38.721436,0.510522],[38.718555,0.510487],[38.712814,0.511524],[38.71114,0.51259],[38.709007,0.512045],[38.708054,0.509285],[38.706703,0.507365],[38.703388,0.506125],[38.700993,0.506677],[38.697052,0.509437],[38.695225,0.510046],[38.691814,0.510142],[38.688999,0.509247],[38.686085,0.509361],[38.683918,0.508295],[38.680187,0.507638],[38.676228,0.508086],[38.674095,0.508864],[38.669144,0.507936],[38.664616,0.509152],[38.661701,0.509064],[38.661621,0.505658],[38.665367,0.501959],[38.668289,0.500192],[38.671795,0.500235],[38.673737,0.499095],[38.675823,0.496204],[38.676647,0.493587],[38.677387,0.482001],[38.678272,0.477189],[38.680298,0.47147],[38.682678,0.466507],[38.688129,0.45444],[38.689293,0.450652],[38.690239,0.44545],[38.693066,0.433399],[38.695175,0.423037],[38.697247,0.414849],[38.702984,0.393661],[38.704494,0.386852],[38.70594,0.381759],[38.713032,0.354345],[38.716408,0.341946],[38.71986,0.328765],[38.722824,0.317034],[38.724743,0.309964],[38.726158,0.303739],[38.732151,0.280609],[38.73637,0.264929],[38.738293,0.258746],[38.742451,0.243023],[38.744537,0.235743],[38.74931,0.217551],[38.750977,0.211769],[38.752346,0.208435],[38.753506,0.202715],[38.754036,0.198157],[38.755554,0.192354],[38.756802,0.184039],[38.757137,0.17469],[38.756039,0.171672],[38.754131,0.169],[38.749626,0.164349],[38.737617,0.150336],[38.735592,0.147044],[38.734962,0.14335],[38.733418,0.13875],[38.733185,0.136323],[38.733627,0.131892],[38.733669,0.128431],[38.731853,0.12345],[38.731411,0.121361],[38.731853,0.113721],[38.731506,0.106968],[38.732258,0.100996],[38.7323,0.095256],[38.731644,0.092217],[38.729786,0.088692],[38.729237,0.086709],[38.729176,0.083818],[38.729683,0.081855],[38.731052,0.079555],[38.731476,0.07698],[38.730782,0.07316],[38.729366,0.068222],[38.730042,0.065415],[38.73135,0.063178],[38.73175,0.061089],[38.731075,0.051001],[38.731602,0.048406],[38.733036,0.04676],[38.733608,0.044501],[38.732677,0.041821],[38.732803,0.040281],[38.734028,0.038065],[38.734451,0.033992],[38.736084,0.031159],[38.736584,0.027281],[38.738312,0.025698],[38.73996,0.016771],[38.740108,0.014619],[38.739117,0.006177],[38.743828,-0.002595],[38.744114,-0.011026],[38.744686,-0.012312],[38.747974,-0.015742],[38.749687,-0.018028],[38.750118,-0.022172],[38.751976,-0.024316],[38.751976,-0.026888],[38.750832,-0.02946],[38.751259,-0.032033],[38.752262,-0.034319],[38.754974,-0.037034],[38.755119,-0.038177],[38.753117,-0.045465],[38.753403,-0.04718],[38.759407,-0.048037],[38.763409,-0.050467],[38.766121,-0.053753],[38.766693,-0.05504],[38.764835,-0.057469],[38.762405,-0.058898],[38.761406,-0.061184],[38.761406,-0.063614],[38.765694,-0.0659],[38.768684,-0.068745],[38.771847,-0.069402],[38.773689,-0.070368],[38.780014,-0.075198],[38.783611,-0.077306],[38.788441,-0.079413],[38.792744,-0.079677],[38.797749,-0.08073],[38.803459,-0.083101],[38.807056,-0.083935],[38.81057,-0.084199],[38.813644,-0.086043],[38.823215,-0.089994],[38.825851,-0.090697],[38.828835,-0.09219],[38.834808,-0.093595],[38.838581,-0.093024],[38.845608,-0.094165],[38.848858,-0.093814],[38.853512,-0.092321],[38.859131,-0.092058],[38.860447,-0.091707],[38.866508,-0.092673],[38.870899,-0.094605],[38.874847,-0.094912],[38.880119,-0.095966],[38.88319,-0.096317],[38.891533,-0.094385],[38.89452,-0.094561],[38.899525,-0.095527],[38.900665,-0.095351],[38.908482,-0.091531],[38.914101,-0.089511],[38.917965,-0.086175],[38.920071,-0.085823],[38.922092,-0.087141],[38.928764,-0.095834],[38.932365,-0.098907],[38.938335,-0.099215],[38.939831,-0.098951],[38.943081,-0.096844],[38.947029,-0.093331],[38.952564,-0.087711],[38.954758,-0.085955],[38.959236,-0.08455],[38.963802,-0.084199],[38.966965,-0.082267],[38.968662,-0.078949],[38.969086,-0.076403],[38.968288,-0.071681],[38.969353,-0.066535],[38.96999,-0.06123],[38.970997,-0.059638],[38.974125,-0.058259],[38.97662,-0.058365],[38.980598,-0.060115],[38.98304,-0.060328],[38.986912,-0.059426],[38.991367,-0.056614],[38.995293,-0.050248],[38.997681,-0.048974],[38.999485,-0.049452],[39.000706,-0.053696],[39.001606,-0.055235],[39.006119,-0.055526],[39.008503,-0.054837],[39.010628,-0.052555],[39.013809,-0.047674],[39.016464,-0.044438],[39.018692,-0.043218],[39.023201,-0.042847],[39.02681,-0.045048],[39.029724,-0.048285],[39.032642,-0.052211],[39.03466,-0.053431],[39.037048,-0.05359],[39.03986,-0.052476],[39.042671,-0.052157],[39.047657,-0.052715],[39.049301,-0.052608],[39.054714,-0.050805],[39.059647,-0.047303],[39.062355,-0.046401],[39.065323,-0.046322],[39.066757,-0.047277],[39.068615,-0.051627],[39.070419,-0.057357],[39.073387,-0.061336],[39.074078,-0.064837],[39.079647,-0.06863],[39.081772,-0.0707],[39.08437,-0.074148],[39.086014,-0.07574],[39.086918,-0.077437],[39.087234,-0.079559],[39.092808,-0.084228],[39.095989,-0.086297],[39.0979,-0.088048],[39.100605,-0.092425],[39.101189,-0.097093],[39.101665,-0.098155],[39.107025,-0.099163],[39.108139,-0.100383],[39.109676,-0.104733],[39.113708,-0.107333],[39.120075,-0.110118],[39.119175,-0.114309],[39.120659,-0.116537],[39.120499,-0.119986],[39.120975,-0.121047],[39.123154,-0.120994],[39.126019,-0.119827],[39.131641,-0.118766],[39.133232,-0.11919],[39.133762,-0.120729],[39.132225,-0.12492],[39.132542,-0.126936],[39.134083,-0.129721],[39.135674,-0.130464],[39.138485,-0.130464],[39.147026,-0.128713],[39.151588,-0.127015],[39.153179,-0.12675],[39.158592,-0.127095],[39.163368,-0.126564],[39.165806,-0.127148],[39.169308,-0.130225],[39.169682,-0.132135],[39.169415,-0.134522],[39.170635,-0.136804],[39.17281,-0.137281],[39.177372,-0.135981],[39.181351,-0.135239],[39.183422,-0.135292],[39.185173,-0.136141],[39.187717,-0.138369],[39.190372,-0.140173],[39.192757,-0.141048],[39.198063,-0.14126],[39.201351,-0.142746],[39.203953,-0.142586],[39.20512,-0.141525],[39.206497,-0.136698],[39.207985,-0.135424],[39.211594,-0.135292],[39.213024,-0.132957],[39.215145,-0.132002],[39.21833,-0.132268],[39.223103,-0.130305],[39.225704,-0.129986],[39.227718,-0.130623],[39.227825,-0.132162],[39.226604,-0.135398],[39.226925,-0.137891],[39.228199,-0.138581],[39.230583,-0.138554],[39.234352,-0.137759],[39.23801,-0.137865],[39.239338,-0.138395],[39.243637,-0.141207],[39.248039,-0.141578],[39.253662,-0.138793],[39.255413,-0.139005],[39.255836,-0.140226],[39.25568,-0.145213],[39.257324,-0.146539],[39.259552,-0.145213],[39.26263,-0.141605],[39.264328,-0.140544],[39.266079,-0.14065],[39.270004,-0.141685],[39.271648,-0.141207],[39.274193,-0.137971],[39.275841,-0.137069],[39.278278,-0.13813],[39.28035,-0.140517],[39.283638,-0.141207],[39.293797,-0.136428],[39.297531,-0.136226],[39.299854,-0.136731],[39.304092,-0.139456],[39.306213,-0.139254],[39.308636,-0.134712],[39.311844,-0.132975],[39.31435,-0.133541],[39.317417,-0.139194],[39.319679,-0.141374],[39.326706,-0.144363],[39.327835,-0.145493],[39.327755,-0.147431],[39.325413,-0.151469],[39.324284,-0.154942],[39.324688,-0.157849],[39.325573,-0.158415],[39.328079,-0.158253],[39.331875,-0.156638],[39.333973,-0.156961],[39.335186,-0.158495],[39.33559,-0.164149],[39.336235,-0.165804],[39.338013,-0.166935],[39.340355,-0.166854],[39.347298,-0.163947],[39.349098,-0.162713],[39.351902,-0.159909],[39.353436,-0.159909],[39.354324,-0.161201],[39.3536,-0.167662],[39.354397,-0.168529],[39.356842,-0.168082],[39.35796,-0.166693],[39.359665,-0.163057],[39.361214,-0.162368],[39.364098,-0.164108],[39.367489,-0.169479],[39.37104,-0.173759],[39.373432,-0.177512],[39.374516,-0.178524],[39.379845,-0.181027],[39.381863,-0.183693],[39.382511,-0.188457],[39.384102,-0.190522],[39.389057,-0.191761],[39.391396,-0.191203],[39.395027,-0.188861],[39.39687,-0.188388],[39.398029,-0.188919],[39.399319,-0.190854],[39.399899,-0.194787],[39.400993,-0.195367],[39.403961,-0.193046],[39.405056,-0.191305],[39.407444,-0.190467],[39.410858,-0.191369],[39.414921,-0.191112],[39.419434,-0.189048],[39.422531,-0.188533],[39.427299,-0.189758],[39.428589,-0.190983],[39.431232,-0.195045],[39.434586,-0.19685],[39.436005,-0.198204],[39.438133,-0.202653],[39.440712,-0.205748],[39.444904,-0.209842],[39.446449,-0.210487],[39.450962,-0.210164],[39.45322,-0.21068],[39.454445,-0.211712],[39.457348,-0.216161],[39.461472,-0.217386],[39.464439,-0.218675],[39.467342,-0.221125],[39.469017,-0.224123],[39.47121,-0.226702],[39.471146,-0.229539],[39.469791,-0.232312],[39.470177,-0.233795],[39.473274,-0.234762],[39.474304,-0.236245],[39.474884,-0.239211],[39.477077,-0.241467],[39.482235,-0.241725],[39.486168,-0.243627],[39.488426,-0.244143],[39.489391,-0.245497],[39.489586,-0.248463],[39.491714,-0.249559],[39.495323,-0.248012],[39.497902,-0.248334],[39.499641,-0.252332],[39.50145,-0.254395],[39.502674,-0.256974],[39.504478,-0.264131],[39.505573,-0.265872],[39.507896,-0.26787],[39.509636,-0.271191],[39.509701,-0.276542],[39.510025,-0.277316],[39.513378,-0.277252],[39.515053,-0.277703],[39.516731,-0.280411],[39.517632,-0.284022],[39.517117,-0.285634],[39.514088,-0.290598],[39.512215,-0.294467],[39.511959,-0.296562],[39.512604,-0.298174],[39.514538,-0.299141],[39.51918,-0.297465],[39.521694,-0.295208],[39.522598,-0.29379],[39.523369,-0.29005],[39.524532,-0.287794],[39.525822,-0.286762],[39.528591,-0.287278],[39.53059,-0.288567],[39.534203,-0.294048],[39.536587,-0.294306],[39.54007,-0.290147],[39.541744,-0.289889],[39.543488,-0.290727],[39.545357,-0.2935],[39.547741,-0.295434],[39.549614,-0.298851],[39.551159,-0.303365],[39.551159,-0.307298],[39.551868,-0.308394],[39.556061,-0.311231],[39.556252,-0.313165],[39.553867,-0.316711],[39.554771,-0.317743],[39.556835,-0.318259],[39.55864,-0.319806],[39.560123,-0.32332],[39.560574,-0.326673],[39.561733,-0.328736],[39.562767,-0.329187],[39.56786,-0.32951],[39.570374,-0.330606],[39.573597,-0.333765],[39.577919,-0.336731],[39.578949,-0.338859],[39.580048,-0.343502],[39.581017,-0.344266],[39.582481,-0.343398],[39.584724,-0.340488],[39.587074,-0.340954],[39.587841,-0.342759],[39.58688,-0.346306],[39.587719,-0.347982],[39.591393,-0.351012],[39.591587,-0.353623],[39.589741,-0.356187],[39.590462,-0.357267],[39.594734,-0.356502],[39.596558,-0.357987],[39.596645,-0.360483],[39.594276,-0.363234],[39.594601,-0.364622],[39.59721,-0.366219],[39.598114,-0.367353],[39.597725,-0.36991],[39.594395,-0.372595],[39.593163,-0.374849],[39.593216,-0.376943],[39.59676,-0.378339],[39.597832,-0.379735],[39.597725,-0.381882],[39.596489,-0.384406],[39.597187,-0.386553],[39.600086,-0.388808],[39.600193,-0.390096],[39.598152,-0.393103],[39.598099,-0.394337],[39.60186,-0.395465],[39.603523,-0.396807],[39.604866,-0.402175],[39.604813,-0.40443],[39.60202,-0.408376],[39.60218,-0.409557],[39.603844,-0.409826],[39.609268,-0.408215],[39.613293,-0.408806],[39.614315,-0.410363],[39.613239,-0.413798],[39.613186,-0.416644],[39.612434,-0.423032],[39.613026,-0.427971],[39.612701,-0.430092],[39.611038,-0.434011],[39.61034,-0.437286],[39.610931,-0.439809],[39.613724,-0.442386],[39.615707,-0.44201],[39.617104,-0.439165],[39.619305,-0.438306],[39.619629,-0.439541],[39.618984,-0.442064],[39.619091,-0.444963],[39.62022,-0.446573],[39.624084,-0.447916],[39.625854,-0.449258],[39.628273,-0.452291],[39.630848,-0.454385],[39.63493,-0.456693],[39.63541,-0.458035],[39.634712,-0.459646],[39.632244,-0.461954],[39.629078,-0.469846],[39.628914,-0.471403],[39.630203,-0.475778],[39.630257,-0.480234],[39.629776,-0.48367],[39.630634,-0.489898],[39.631226,-0.490864],[39.634823,-0.492958],[39.637989,-0.493629],[39.64003,-0.495454],[39.640457,-0.499105],[39.639652,-0.504259],[39.640888,-0.508231],[39.645397,-0.513385],[39.647491,-0.516526],[39.65329,-0.521411],[39.656082,-0.522378],[39.660645,-0.524954],[39.668644,-0.531585],[39.669018,-0.534215],[39.668697,-0.535665],[39.667034,-0.537222],[39.66177,-0.537383],[39.661343,-0.539369],[39.662415,-0.542429],[39.663006,-0.545865],[39.663006,-0.548173],[39.663864,-0.549301],[39.66526,-0.549247],[39.666763,-0.547637],[39.669395,-0.54667],[39.672348,-0.547368],[39.673637,-0.548925],[39.673367,-0.554857],[39.67514,-0.557166],[39.676804,-0.557381],[39.67868,-0.556361],[39.680454,-0.553784],[39.6833,-0.550938],[39.685715,-0.551099],[39.686844,-0.55228],[39.686146,-0.560709],[39.687649,-0.565111],[39.687378,-0.567366],[39.686359,-0.569836],[39.685608,-0.574426],[39.686737,-0.575875],[39.69017,-0.576842],[39.692696,-0.578506],[39.693016,-0.579902],[39.692104,-0.583176],[39.69323,-0.585753],[39.696022,-0.584626],[39.697796,-0.582103],[39.69978,-0.581781],[39.700317,-0.582801],[39.700264,-0.585324],[39.698547,-0.587686],[39.696613,-0.58876],[39.696075,-0.589941],[39.696934,-0.591551],[39.702034,-0.593135],[39.70472,-0.59437],[39.705956,-0.594209],[39.707779,-0.592384],[39.709553,-0.591364],[39.713902,-0.59088],[39.716908,-0.591471],[39.720127,-0.593404],[39.721901,-0.594048],[39.726517,-0.593484],[39.730865,-0.593592],[39.733013,-0.592196],[39.734783,-0.589028],[39.736504,-0.587793],[39.738705,-0.587579],[39.739777,-0.588438],[39.738972,-0.591229],[39.738918,-0.594021],[39.739777,-0.595954],[39.741493,-0.597779],[39.745144,-0.599309],[39.74654,-0.600759],[39.747883,-0.603658],[39.749439,-0.605053],[39.751534,-0.603872],[39.752876,-0.600973],[39.755989,-0.601027],[39.756901,-0.602369],[39.757545,-0.605483],[39.758835,-0.606503],[39.761681,-0.607469],[39.764366,-0.610234],[39.766243,-0.6112],[39.770645,-0.611522],[39.775372,-0.612274],[39.776604,-0.613133],[39.776875,-0.614636],[39.774887,-0.61775],[39.774887,-0.620971],[39.773544,-0.623119],[39.769466,-0.626554],[39.768551,-0.628809],[39.768929,-0.632004],[39.769627,-0.633936],[39.773705,-0.639788],[39.781704,-0.652055],[39.781544,-0.654525],[39.77972,-0.658122],[39.779343,-0.660752],[39.77972,-0.662255],[39.781864,-0.662792],[39.786644,-0.660323],[39.789005,-0.66043],[39.790188,-0.661504],[39.790833,-0.663866],[39.790028,-0.670308],[39.790455,-0.671865],[39.792229,-0.672697],[39.796631,-0.670389],[39.798347,-0.67012],[39.799957,-0.671677],[39.799206,-0.67361],[39.797058,-0.676563],[39.795933,-0.678817],[39.795662,-0.682522],[39.796738,-0.684938],[39.797649,-0.690306],[39.799744,-0.693527],[39.801804,-0.697451],[39.802841,-0.697947],[39.804779,-0.69533],[39.806854,-0.69427],[39.808029,-0.695939],[39.807621,-0.698466],[39.804958,-0.70194],[39.80505,-0.704647],[39.806087,-0.705008],[39.810059,-0.70388],[39.812313,-0.705188],[39.812267,-0.707219],[39.809834,-0.709655],[39.809834,-0.711099],[39.812313,-0.712091],[39.813171,-0.713783],[39.811909,-0.716671],[39.812359,-0.720009],[39.811413,-0.723077],[39.811546,-0.727679],[39.809517,-0.728627],[39.808117,-0.726416],[39.806946,-0.725875],[39.805321,-0.727003],[39.8069,-0.730657],[39.808525,-0.736725],[39.811367,-0.737131],[39.814796,-0.739568],[39.817547,-0.739884],[39.819893,-0.738801],[39.821201,-0.738981],[39.82373,-0.741395],[39.823772,-0.744192],[39.821743,-0.746042],[39.817097,-0.745817],[39.815472,-0.747035],[39.815292,-0.748794],[39.815922,-0.750825],[39.817547,-0.753893],[39.81678,-0.755742],[39.812496,-0.755472],[39.810825,-0.756329],[39.808479,-0.759555],[39.808525,-0.761044],[39.80965,-0.762127],[39.814255,-0.764157],[39.815472,-0.765149],[39.816059,-0.767721],[39.814842,-0.769616],[39.809742,-0.769797],[39.808659,-0.77124],[39.811413,-0.774805],[39.812042,-0.776339],[39.813847,-0.776948],[39.817772,-0.776136],[39.82066,-0.778121],[39.825127,-0.779474],[39.827473,-0.781189],[39.827293,-0.782948],[39.824497,-0.786964],[39.824089,-0.788678],[39.824272,-0.791521],[39.825081,-0.792603],[39.827293,-0.792874],[39.830315,-0.791092],[39.832436,-0.791137],[39.834152,-0.792942],[39.834602,-0.795965],[39.83334,-0.797002],[39.827473,-0.798762],[39.825848,-0.7998],[39.824856,-0.802642],[39.826797,-0.804717],[39.830631,-0.804853],[39.832706,-0.803048],[39.838165,-0.802146],[39.841236,-0.803364],[39.842182,-0.804357],[39.842182,-0.806116],[39.840965,-0.807334],[39.836361,-0.810154],[39.835911,-0.812139],[39.836723,-0.813312],[39.839611,-0.814666],[39.844799,-0.818456],[39.845432,-0.819584],[39.845295,-0.821704],[39.844032,-0.824998],[39.843941,-0.82775],[39.844528,-0.832104],[39.847324,-0.836164],[39.84737,-0.839007],[39.846378,-0.84027],[39.844753,-0.84018],[39.841236,-0.836074],[39.839928,-0.835623],[39.837715,-0.836119],[39.836815,-0.838691],[39.838348,-0.842616],[39.842587,-0.845278],[39.84322,-0.84688],[39.84137,-0.85067],[39.84119,-0.851933],[39.84277,-0.853151],[39.844707,-0.853512],[39.846378,-0.852474],[39.848454,-0.848369],[39.848228,-0.844353],[39.848724,-0.842864],[39.8508,-0.843541],[39.853054,-0.84715],[39.854633,-0.847647],[39.857342,-0.847511],[39.858742,-0.848459],[39.858513,-0.85067],[39.856709,-0.854189],[39.857388,-0.858565],[39.856846,-0.86055],[39.855087,-0.863708],[39.851929,-0.868423],[39.85125,-0.87113],[39.852062,-0.872303],[39.855175,-0.873115],[39.856667,-0.874289],[39.858696,-0.876951],[39.859596,-0.881327],[39.858604,-0.884011],[39.857117,-0.885365],[39.855221,-0.885681],[39.852242,-0.884959],[39.850933,-0.88541],[39.849895,-0.887846],[39.850483,-0.888839],[39.854996,-0.89132],[39.855808,-0.892403],[39.854904,-0.894704],[39.852154,-0.895561],[39.851746,-0.897501],[39.852966,-0.899126],[39.853462,-0.901043],[39.858242,-0.905826],[39.859734,-0.910202],[39.860092,-0.91345],[39.860996,-0.914533],[39.86298,-0.914849],[39.864513,-0.915932],[39.864559,-0.917286],[39.861176,-0.920331],[39.860184,-0.922587],[39.860725,-0.926061],[39.862576,-0.927505],[39.865463,-0.927911],[39.871464,-0.927459],[39.873901,-0.929264],[39.874035,-0.932919],[39.876698,-0.934362],[39.878456,-0.936686],[39.878139,-0.940025],[39.87648,-0.942797],[39.873978,-0.94235],[39.87228,-0.942663],[39.870808,-0.943825],[39.868931,-0.946595],[39.868797,-0.947534],[39.870628,-0.949858],[39.870762,-0.953209],[39.869331,-0.955577],[39.869198,-0.957499],[39.870895,-0.959465],[39.873398,-0.958706],[39.875992,-0.955801],[39.878357,-0.951556],[39.880058,-0.950662],[39.882156,-0.951377],[39.881889,-0.953164],[39.880234,-0.955175],[39.878716,-0.958169],[39.878494,-0.959599],[39.879295,-0.96304],[39.87952,-0.967017],[39.880325,-0.969341],[39.882156,-0.969386],[39.885239,-0.967866],[39.888859,-0.970056],[39.892078,-0.971397],[39.893551,-0.973609],[39.892437,-0.97562],[39.890469,-0.974592],[39.887253,-0.974637],[39.885017,-0.976826],[39.885509,-0.979329],[39.888817,-0.98125],[39.889397,-0.982814],[39.887699,-0.985093],[39.887878,-0.986077],[39.890022,-0.987328],[39.891499,-0.989071],[39.891499,-0.990679],[39.886848,-0.993919],[39.885731,-0.995126],[39.885551,-0.99879],[39.88583,-1.000584],[39.887337,-1.003754],[39.889477,-1.005734],[39.893204,-1.006388],[39.89711,-1.006157],[39.898457,-1.006791],[39.89867,-1.009922],[39.896202,-1.014993],[39.896587,-1.017506],[39.897747,-1.020503],[39.898426,-1.023404],[39.899044,-1.028126],[39.903141,-1.032298],[39.907932,-1.035817],[39.910198,-1.039485],[39.912689,-1.042452],[39.912476,-1.044294],[39.91151,-1.045859],[39.908104,-1.049737],[39.908344,-1.05129],[39.912731,-1.054595],[39.91613,-1.056635],[39.917179,-1.058348],[39.91708,-1.060422],[39.914524,-1.063149],[39.913563,-1.064768],[39.914093,-1.066545],[39.916695,-1.069341],[39.918587,-1.076001],[39.920845,-1.078681],[39.922508,-1.078722],[39.925941,-1.077717],[39.929512,-1.105244],[39.931702,-1.108562],[39.932354,-1.110859],[39.932388,-1.12909],[39.933613,-1.131556],[39.936436,-1.132852],[39.940319,-1.130921],[39.94376,-1.131119],[39.944637,-1.133362],[39.944386,-1.137269],[39.946186,-1.139959],[39.953487,-1.142258],[39.955799,-1.144542],[39.95726,-1.147861],[39.960804,-1.153124],[39.962322,-1.156793],[39.963268,-1.160239],[39.962288,-1.166168],[39.963745,-1.169209],[39.966068,-1.172462],[39.968323,-1.174917],[39.97036,-1.178468],[39.971439,-1.184096],[39.97266,-1.186329],[39.975204,-1.18872],[39.981033,-1.193159],[39.981392,-1.195116],[39.979893,-1.200705],[39.979847,-1.202375],[39.980892,-1.203746],[39.983131,-1.204019],[39.98925,-1.202468],[39.99081,-1.203487],[39.991226,-1.20521],[39.989197,-1.209885],[39.991058,-1.212753],[39.99284,-1.213368],[39.997658,-1.213149],[39.99921,-1.213603],[40.000423,-1.215198],[39.99971,-1.218891],[39.996189,-1.223408],[39.995644,-1.226803],[39.996002,-1.228293],[39.999817,-1.232],[40.000004,-1.233616],[39.996193,-1.236805],[39.995346,-1.238423],[39.996731,-1.239506],[39.998562,-1.239376],[40.004745,-1.237886],[40.007969,-1.240105],[40.008446,-1.241998],[40.007442,-1.245224],[40.005692,-1.248524],[40.002342,-1.252807],[40.001328,-1.25466],[40.00214,-1.256032],[40.003693,-1.25671],[40.007191,-1.256503],[40.00869,-1.257181],[40.008644,-1.259076],[40.009579,-1.260564],[40.012119,-1.263134],[40.011845,-1.264688],[40.005798,-1.268368],[40.004719,-1.269871],[40.00491,-1.271657],[40.006081,-1.275039],[40.00634,-1.278603],[40.005726,-1.280329],[40.004013,-1.281608],[40.000759,-1.283252],[39.999336,-1.284414],[39.99918,-1.285914],[39.999996,-1.287627],[40.003525,-1.291738],[40.004292,-1.293577],[40.003613,-1.294962],[39.997391,-1.298463],[39.997234,-1.299963],[39.998863,-1.303344],[39.999367,-1.308918],[40.003311,-1.314008],[40.004723,-1.317847],[40.003845,-1.322743],[40.004314,-1.324636],[40.005703,-1.325835],[40.010597,-1.327806],[40.011753,-1.329347],[40.011192,-1.331028],[40.007038,-1.334568],[40.006149,-1.337741],[40.004345,-1.34167],[40.001572,-1.34641],[40.000957,-1.348082],[40.001656,-1.34957],[40.004028,-1.352257],[40.00433,-1.354151],[40.002586,-1.357622],[40.00227,-1.361358],[40.00309,-1.362847],[40.004692,-1.36312],[40.007542,-1.360795],[40.009373,-1.360323],[40.009644,-1.36544],[40.011467,-1.370373],[40.014767,-1.374539],[40.01461,-1.376326],[40.01318,-1.377148],[40.009865,-1.378091],[40.009075,-1.379539],[40.010403,-1.380846],[40.012531,-1.381639],[40.014278,-1.384785],[40.016205,-1.389143],[40.018826,-1.394011],[40.02198,-1.400996],[40.024509,-1.422089],[40.02618,-1.423107],[40.031178,-1.424331],[40.032162,-1.425477],[40.030624,-1.42647],[40.030117,-1.427908],[40.032032,-1.430658],[40.034286,-1.432645],[40.033215,-1.448478],[40.030537,-1.450515],[40.029579,-1.452475],[40.030506,-1.453739],[40.034012,-1.454679],[40.035282,-1.455591],[40.035236,-1.457144],[40.03297,-1.460617],[40.032013,-1.462695],[40.033539,-1.466766],[40.036316,-1.469792],[40.036274,-1.471696],[40.035324,-1.474805],[40.038181,-1.480246],[40.037849,-1.481917],[40.03648,-1.482559],[40.032867,-1.482822],[40.031441,-1.482297],[40.032562,-1.487366],[40.035046,-1.489477],[40.038784,-1.490767],[40.070904,-1.470876],[40.075508,-1.473078],[40.079128,-1.474081],[40.084526,-1.474728],[40.087276,-1.474342],[40.088451,-1.479294],[40.089325,-1.481679],[40.092838,-1.488446],[40.095322,-1.492666],[40.09919,-1.498561],[40.101318,-1.499721],[40.103344,-1.503404],[40.105141,-1.507941],[40.105797,-1.51117],[40.105694,-1.515345],[40.106319,-1.516959],[40.106621,-1.521734],[40.108414,-1.529763],[40.10981,-1.534722],[40.111122,-1.541208],[40.11438,-1.549968],[40.114887,-1.552902],[40.116814,-1.55654],[40.12088,-1.56342],[40.126099,-1.570153],[40.129173,-1.573213],[40.133263,-1.576071],[40.136665,-1.579282],[40.143253,-1.586386],[40.148029,-1.593299],[40.150402,-1.598102],[40.15033,-1.598991],[40.152195,-1.603042],[40.153996,-1.607811],[40.157028,-1.620969],[40.159214,-1.634174],[40.159302,-1.638931],[40.159908,-1.644566],[40.160107,-1.653568],[40.159389,-1.667466],[40.158821,-1.675726],[40.157711,-1.681305],[40.157997,-1.684481],[40.157639,-1.688351],[40.157829,-1.69414],[40.158234,-1.697334],[40.159302,-1.701836],[40.16235,-1.707992],[40.165833,-1.713858],[40.168396,-1.717501],[40.170753,-1.723865],[40.170391,-1.730689],[40.169147,-1.735496],[40.167198,-1.739874],[40.164143,-1.745577],[40.16037,-1.753706],[40.158646,-1.758255],[40.157883,-1.761705],[40.157906,-1.765636],[40.158913,-1.783001],[40.162163,-1.799953],[40.162621,-1.804134],[40.162186,-1.812583],[40.162586,-1.819663],[40.163021,-1.823378],[40.163868,-1.826579],[40.165543,-1.831024],[40.167263,-1.833953],[40.170959,-1.838444],[40.173916,-1.840819],[40.17627,-1.843457],[40.182407,-1.852731],[40.185894,-1.859045],[40.187515,-1.862907],[40.188671,-1.869338],[40.188679,-1.876985],[40.187099,-1.88736],[40.186535,-1.894173],[40.186962,-1.902752],[40.188114,-1.916319],[40.188419,-1.922923],[40.189323,-1.931473],[40.189411,-1.936284],[40.189022,-1.941097],[40.188194,-1.946925],[40.186546,-1.952776],[40.185959,-1.955739],[40.185986,-1.95979],[40.190262,-1.970235],[40.195744,-1.977724],[40.19688,-1.980528],[40.197586,-1.983801],[40.197605,-1.988271],[40.196819,-1.993148],[40.196438,-1.997817],[40.196854,-2.000801],[40.198147,-2.004175],[40.204552,-2.015267],[40.207935,-2.032893],[40.902905,-1.714484],[41.561981,-1.658653],[41.562031,-1.658573],[41.562145,-1.65842],[41.562241,-1.597498],[40.992401,-0.829094],[40.990955,-0.002042],[40.990833,0.047381],[40.991299,0.196017],[40.991299,0.344074],[40.991783,0.464416],[40.984406,0.457707],[40.978344,0.453528],[40.975544,0.452006],[40.969749,0.450473],[40.967236,0.449293],[40.961227,0.447646],[40.952881,0.442669],[40.949921,0.439956],[40.945564,0.436853],[40.939137,0.433741],[40.933304,0.432094],[40.928345,0.429667],[40.920158,0.424965],[40.915848,0.42172],[40.909584,0.414943],[40.89703,0.402656],[40.894424,0.400447],[40.88599,0.392395],[40.881424,0.389197],[40.874332,0.385933],[40.867508,0.381678],[40.859901,0.377538],[40.850887,0.373436],[40.843266,0.370914],[40.827312,0.367449],[40.81926,0.366345],[40.814751,0.365108],[40.809696,0.363252],[40.802414,0.361776],[40.795151,0.359901],[40.787148,0.35755],[40.779865,0.355694],[40.774536,0.354552],[40.765018,0.350669],[40.759014,0.347652],[40.7551,0.345929],[40.748688,0.340999],[40.743996,0.336307],[40.737267,0.327293],[40.735172,0.325561],[40.730518,0.323914],[40.728157,0.3234],[40.722511,0.322744],[40.718582,0.321725],[40.715744,0.320088],[40.713509,0.317947],[40.710918,0.314235],[40.708969,0.310114],[40.705074,0.29853],[40.704437,0.296046],[40.702286,0.291478],[40.697727,0.284006],[40.6945,0.278095],[40.692978,0.276744],[40.687523,0.274469],[40.684021,0.271823],[40.682995,0.269844],[40.682888,0.267036],[40.683472,0.262058],[40.682919,0.260021],[40.679016,0.255643],[40.671886,0.24977],[40.662998,0.24406],[40.655849,0.23872],[40.648426,0.232553],[40.645237,0.231458],[40.642609,0.231477],[40.6367,0.232343],[40.631207,0.232676],[40.624649,0.232248],[40.619518,0.23142],[40.616093,0.232505],[40.612144,0.232762],[40.609974,0.231886],[40.60828,0.230211],[40.606327,0.226737],[40.603928,0.225233],[40.599827,0.226461],[40.596935,0.226499],[40.595013,0.225624],[40.592918,0.223511],[40.59066,0.219675],[40.587349,0.215773],[40.584541,0.215478],[40.578754,0.217019],[40.570503,0.215487],[40.565048,0.21582],[40.561699,0.216715],[40.557522,0.21977],[40.556129,0.220436],[40.55085,0.221721],[40.540749,0.226775],[40.535954,0.226909],[40.530888,0.225462],[40.526207,0.22293],[40.523895,0.220674],[40.522923,0.218542],[40.521877,0.214792],[40.520535,0.212879],[40.518536,0.211109],[40.513977,0.208187],[40.512756,0.20556],[40.512493,0.201601],[40.509216,0.195128],[40.506573,0.192425],[40.504219,0.192302],[40.502563,0.19333],[40.499596,0.196756],[40.496597,0.197965],[40.494312,0.197736],[40.492046,0.196347],[40.485966,0.190798],[40.481655,0.188199],[40.475227,0.186667],[40.471516,0.186324],[40.465569,0.186429],[40.460361,0.186229],[40.455376,0.185658],[40.448399,0.186182],[40.442051,0.187448],[40.435436,0.189132],[40.429695,0.190189],[40.423729,0.190141],[40.419445,0.189151],[40.40926,0.18483],[40.406464,0.183954],[40.404121,0.183764],[40.399868,0.184288],[40.395432,0.185944],[40.391006,0.188257],[40.385513,0.192359],[40.383152,0.193786],[40.378025,0.196004],[40.375111,0.196842],[40.365963,0.198165],[40.358349,0.198755],[40.345795,0.199278],[40.341465,0.198869],[40.335079,0.198821],[40.33226,0.199183],[40.329922,0.200021],[40.325588,0.202257],[40.320801,0.205408],[40.315273,0.209814],[40.307133,0.215573],[40.303127,0.217981],[40.299397,0.219865],[40.282551,0.227955],[40.27483,0.231239],[40.268692,0.233114],[40.25885,0.237264],[40.252151,0.240919],[40.245327,0.24504],[40.242764,0.246382],[40.236797,0.25018],[40.231373,0.254082],[40.223747,0.260088],[40.216354,0.266817],[40.211128,0.271966],[40.204762,0.278943],[40.196079,0.289641],[40.180279,0.307153],[40.178055,0.309914],[40.16922,0.318518],[40.16328,0.323924],[40.157505,0.328369],[40.153107,0.330748],[40.144066,0.333775],[40.136726,0.337363],[40.128227,0.342607],[40.111389,0.355314],[40.101196,0.363299],[40.094353,0.36822],[40.081448,0.377738],[40.075687,0.381859],[40.065144,0.389016],[40.059624,0.392595],[40.056873,0.393899],[40.051876,0.395546],[40.048355,0.396345],[40.039837,0.396926],[40.030785,0.396916],[40.025501,0.397192],[40.019855,0.397811],[40.012959,0.398944],[40.007122,0.400267],[39.998184,0.402675],[39.991226,0.404835],[39.985451,0.407034],[39.979084,0.409708],[39.969936,0.414115],[39.9618,0.418617],[39.958534,0.420777],[39.95406,0.423081],[39.943916,0.429705],[39.940052,0.432523],[39.931007,0.43968],[39.919083,0.449854],[39.91106,0.458164],[39.908272,0.459296],[39.905491,0.461866],[39.902485,0.462513],[39.899921,0.462161],[39.896267,0.461133],[39.893173,0.461599],[39.889996,0.462951],[39.887825,0.462875],[39.882999,0.461095],[39.881039,0.459458],[39.878593,0.458573],[39.87608,0.458211],[39.873093,0.458782],[39.869884,0.4606],[39.866486,0.464493],[39.864811,0.465863],[39.861824,0.466511],[39.858997,0.468824],[39.856579,0.469204],[39.854446,0.473754],[39.852573,0.475857],[39.848557,0.477532],[39.842415,0.477218],[39.839294,0.477961],[39.837437,0.479626],[39.835629,0.480045],[39.830879,0.479617],[39.827415,0.477923],[39.823563,0.480749],[39.820667,0.482139],[39.816669,0.48271],[39.814911,0.482624],[39.810722,0.483481],[39.808807,0.48351],[39.805744,0.482367],[39.801868,0.482434],[39.799187,0.483043],[39.795914,0.48567],[39.793503,0.488116],[39.789562,0.488992],[39.786621,0.490144],[39.783691,0.490505],[39.780407,0.493237],[39.777039,0.49554],[39.775875,0.495121],[39.77441,0.496073],[39.7742,0.49851],[39.770023,0.503564],[39.766998,0.504097],[39.763618,0.508294],[39.762684,0.511473],[39.761276,0.512425],[39.759365,0.512225],[39.757423,0.513196],[39.755726,0.514757],[39.753273,0.515194],[39.750179,0.516575],[39.749111,0.517641],[39.746429,0.518021],[39.741776,0.522999],[39.740234,0.52378],[39.737499,0.523066],[39.732056,0.526987],[39.731552,0.531698],[39.728527,0.53463],[39.724327,0.543605],[39.720455,0.54687],[39.718285,0.546051],[39.717144,0.547536],[39.716999,0.550401],[39.712715,0.555655],[39.711773,0.557873],[39.709301,0.559129],[39.706253,0.56265],[39.702782,0.565077],[39.699429,0.569075],[39.698277,0.573063],[39.693958,0.577156],[39.69096,0.57846],[39.688866,0.580687],[39.687969,0.584227],[39.684818,0.588482],[39.681545,0.59088],[39.68066,0.592127],[39.680088,0.594868],[39.676624,0.597686],[39.676083,0.600684],[39.674809,0.603425],[39.669868,0.610192],[39.665745,0.613552],[39.664661,0.615132],[39.662033,0.622213],[39.658226,0.626458],[39.654411,0.632559],[39.653801,0.637832],[39.650631,0.644275],[39.64925,0.649901],[39.647587,0.652784],[39.646652,0.65701],[39.644417,0.659456],[39.639484,0.66313],[39.635422,0.667632],[39.632832,0.667804],[39.630493,0.66946],[39.628502,0.669755],[39.627075,0.672153],[39.626617,0.67518],[39.624783,0.677302],[39.622211,0.679263],[39.620148,0.680205],[39.617252,0.682737],[39.615005,0.684089],[39.613113,0.686839],[39.610943,0.691903],[39.610077,0.692959],[39.607601,0.694063],[39.606232,0.695567],[39.603596,0.699974],[39.600681,0.703286],[39.597912,0.709654],[39.597,0.71327],[39.59082,0.717296],[39.588547,0.719019],[39.584511,0.724311],[39.583035,0.72847],[39.578228,0.736075],[39.577145,0.738969],[39.575268,0.742214],[39.571995,0.746307],[39.568882,0.748639],[39.567055,0.753512],[39.56461,0.755672],[39.562611,0.759213],[39.561497,0.763296],[39.561592,0.767141],[39.560173,0.770482],[39.559052,0.772062],[39.557308,0.77645],[39.554985,0.780314],[39.552761,0.786996],[39.551437,0.792982],[39.547592,0.808687],[39.545677,0.81572],[39.543537,0.822297],[39.541691,0.828731],[39.540329,0.832396],[39.538322,0.839429],[39.5322,0.857275],[39.527908,0.868516],[39.525311,0.874236],[39.521191,0.884696],[39.514481,0.900182],[39.507683,0.914782],[39.505054,0.91956],[39.502762,0.923167],[39.500565,0.927517],[39.497936,0.933913],[39.496422,0.940166],[39.494415,0.955766],[39.493294,0.959992],[39.491455,0.963999],[39.487991,0.967844],[39.484898,0.971927],[39.480377,0.979361],[39.478912,0.980922],[39.475655,0.982901],[39.470089,0.98529],[39.466167,0.987346],[39.463539,0.989878],[39.46069,0.994681]]]},"properties":{"code":701}},{"type":"Feature","geometry":{"type":"Polygon","coordinates":[[[35.017712,0.887544],[35.018112,0.885488],[35.017139,0.88249],[35.017712,0.879777],[35.016514,0.877493],[35.016483,0.874666],[35.014984,0.872567],[35.013859,0.865872],[35.012001,0.86176],[35.012028,0.860075],[35.0131,0.858462],[35.016499,0.857748],[35.019955,0.85475],[35.023678,0.850653],[35.024307,0.84557],[35.024921,0.842729],[35.024921,0.84033],[35.02578,0.83876],[35.024178,0.836733],[35.023338,0.831722],[35.023422,0.830094],[35.025593,0.828152],[35.026321,0.825226],[35.030205,0.8204],[35.03159,0.819643],[35.033501,0.820671],[35.038925,0.81893],[35.040585,0.817502],[35.041611,0.814989],[35.043453,0.812091],[35.044796,0.811006],[35.045681,0.808779],[35.05032,0.801598],[35.051575,0.800398],[35.056629,0.799713],[35.05883,0.798628],[35.062641,0.794416],[35.063454,0.789777],[35.062256,0.786264],[35.063938,0.784951],[35.065983,0.781853],[35.064297,0.780768],[35.065868,0.778969],[35.065781,0.77777],[35.06361,0.7758],[35.064255,0.77293],[35.06514,0.771616],[35.063427,0.76899],[35.063869,0.767148],[35.065296,0.766348],[35.062469,0.762751],[35.061413,0.761894],[35.059013,0.76178],[35.055389,0.762808],[35.051861,0.762194],[35.049091,0.761166],[35.045551,0.761309],[35.043011,0.760395],[35.040367,0.75724],[35.037907,0.756497],[35.036972,0.754841],[35.038071,0.753916],[35.039326,0.748888],[35.038555,0.748203],[35.034851,0.748447],[35.031292,0.751641],[35.030235,0.751723],[35.029491,0.749678],[35.027061,0.749225],[35.026684,0.748507],[35.027409,0.743979],[35.023102,0.742828],[35.01936,0.742795],[35.016781,0.746646],[35.017239,0.749151],[35.016041,0.750416],[35.013172,0.750646],[35.011162,0.752711],[35.010174,0.752846],[35.008724,0.75064],[35.005146,0.746233],[35.00293,0.744602],[35.00098,0.745062],[34.999477,0.743729],[34.995323,0.744257],[34.993904,0.745621],[34.991375,0.74632],[34.990261,0.747363],[34.987827,0.751353],[34.985516,0.753038],[34.983723,0.753116],[34.98074,0.752102],[34.979725,0.752431],[34.978161,0.754422],[34.976379,0.755408],[34.972401,0.753844],[34.969933,0.751489],[34.965771,0.751353],[34.961407,0.75186],[34.957245,0.747712],[34.955292,0.748897],[34.953964,0.751567],[34.951786,0.750018],[34.948772,0.751788],[34.947689,0.75116],[34.947018,0.749418],[34.945339,0.748026],[34.944084,0.746056],[34.941662,0.743836],[34.939857,0.73996],[34.938301,0.739575],[34.937603,0.741102],[34.935688,0.741702],[34.934097,0.739082],[34.932369,0.73854],[34.930313,0.74071],[34.927723,0.739289],[34.927452,0.737719],[34.926144,0.735456],[34.924446,0.7339],[34.924538,0.732436],[34.923191,0.729631],[34.92226,0.728803],[34.921349,0.724834],[34.921783,0.721158],[34.923225,0.719816],[34.925831,0.716211],[34.926159,0.714355],[34.928066,0.711592],[34.928772,0.70893],[34.928299,0.706645],[34.927338,0.705824],[34.926765,0.702741],[34.925575,0.701034],[34.923004,0.699293],[34.919727,0.699314],[34.918514,0.698258],[34.917049,0.692897],[34.912148,0.690948],[34.910576,0.688707],[34.90937,0.685787],[34.904808,0.684652],[34.903137,0.685551],[34.898834,0.685444],[34.896351,0.68613],[34.894691,0.687814],[34.893414,0.688107],[34.891846,0.690477],[34.890404,0.688849],[34.888611,0.688585],[34.887028,0.686444],[34.88398,0.685337],[34.881065,0.682396],[34.878117,0.681804],[34.87682,0.682703],[34.873283,0.683981],[34.871399,0.684067],[34.86903,0.682867],[34.867096,0.682903],[34.866024,0.681675],[34.864597,0.681747],[34.862499,0.683888],[34.860058,0.683204],[34.858959,0.681034],[34.857048,0.679934],[34.856861,0.678707],[34.857697,0.676401],[34.857197,0.674445],[34.855125,0.673003],[34.854279,0.67164],[34.852592,0.671297],[34.851223,0.669955],[34.849045,0.669477],[34.846588,0.669862],[34.84404,0.668127],[34.841194,0.662253],[34.841145,0.659362],[34.840458,0.658048],[34.8391,0.658262],[34.837196,0.65657],[34.8386,0.653737],[34.837246,0.651138],[34.837696,0.649189],[34.836369,0.648561],[34.834576,0.645956],[34.832161,0.645527],[34.832962,0.643257],[34.832798,0.640966],[34.834156,0.639238],[34.83456,0.635919],[34.832085,0.632229],[34.832191,0.627624],[34.831398,0.624905],[34.829636,0.622913],[34.827751,0.622171],[34.825115,0.619465],[34.822563,0.617795],[34.818985,0.617845],[34.815567,0.616067],[34.813381,0.613426],[34.812183,0.612698],[34.810013,0.608058],[34.808533,0.605995],[34.804428,0.606088],[34.802467,0.604185],[34.80159,0.599921],[34.79847,0.598893],[34.799648,0.596608],[34.803482,0.593268],[34.807777,0.590403],[34.809757,0.587566],[34.809795,0.585853],[34.807873,0.585606],[34.806065,0.586538],[34.804104,0.586691],[34.800457,0.585653],[34.796413,0.583702],[34.79451,0.581437],[34.789532,0.578344],[34.787762,0.575602],[34.785496,0.575507],[34.782898,0.576469],[34.781185,0.573689],[34.778099,0.573194],[34.776901,0.5723],[34.77615,0.57052],[34.772911,0.568159],[34.772514,0.566275],[34.770142,0.563543],[34.764034,0.562858],[34.763424,0.560859],[34.764595,0.555862],[34.75943,0.549998],[34.759678,0.546933],[34.756386,0.54522],[34.754349,0.542879],[34.753281,0.539814],[34.751286,0.539719],[34.749695,0.53832],[34.748741,0.535579],[34.746609,0.53516],[34.745716,0.53653],[34.742603,0.535931],[34.740948,0.533209],[34.738091,0.531438],[34.734619,0.522653],[34.734123,0.518069],[34.731651,0.516274],[34.72916,0.5157],[34.727383,0.511746],[34.724308,0.508673],[34.723057,0.508578],[34.721291,0.506951],[34.719845,0.508538],[34.717476,0.510002],[34.714306,0.508795],[34.712574,0.506416],[34.710026,0.503903],[34.706997,0.503488],[34.704926,0.505718],[34.703068,0.506578],[34.70142,0.506587],[34.698715,0.504455],[34.698109,0.502818],[34.696156,0.501571],[34.694118,0.497364],[34.693226,0.496461],[34.693588,0.494338],[34.69125,0.493193],[34.688824,0.4884],[34.688732,0.485105],[34.687016,0.484443],[34.68359,0.485014],[34.682144,0.482387],[34.678776,0.484271],[34.675365,0.482844],[34.675213,0.481721],[34.67691,0.479512],[34.677174,0.476257],[34.678135,0.472479],[34.677643,0.470861],[34.675129,0.470651],[34.672844,0.469814],[34.671162,0.465693],[34.669125,0.464055],[34.667732,0.46061],[34.664734,0.458449],[34.662453,0.458488],[34.661194,0.459896],[34.659645,0.459601],[34.657967,0.455508],[34.656826,0.453967],[34.655037,0.453338],[34.653343,0.453529],[34.650974,0.454947],[34.649166,0.4543],[34.645443,0.450807],[34.643654,0.450255],[34.639465,0.450997],[34.638123,0.451787],[34.632984,0.452015],[34.631336,0.452977],[34.630386,0.454519],[34.631481,0.459496],[34.628319,0.462561],[34.626358,0.462352],[34.626301,0.459611],[34.623627,0.459392],[34.618088,0.45646],[34.617432,0.455518],[34.615662,0.449217],[34.615578,0.445381],[34.616051,0.442831],[34.61356,0.44264],[34.607075,0.448456],[34.605972,0.449921],[34.604069,0.449979],[34.601681,0.447761],[34.599415,0.447019],[34.598442,0.445343],[34.595551,0.44403],[34.594017,0.445067],[34.592075,0.445029],[34.591545,0.441451],[34.590534,0.439528],[34.590904,0.436682],[34.590431,0.435045],[34.592636,0.431771],[34.5924,0.42784],[34.590286,0.425346],[34.590603,0.422539],[34.589954,0.419531],[34.587982,0.42086],[34.588081,0.423659],[34.587051,0.425672],[34.584076,0.428123],[34.582287,0.428903],[34.581409,0.430103],[34.580772,0.433995],[34.581268,0.438983],[34.580307,0.44002],[34.581276,0.445293],[34.580326,0.446664],[34.581043,0.449673],[34.580925,0.45209],[34.580021,0.453669],[34.577099,0.456111],[34.575672,0.455768],[34.573406,0.456853],[34.568409,0.456825],[34.566067,0.457586],[34.562679,0.457796],[34.559158,0.46087],[34.551266,0.469856],[34.549416,0.467925],[34.547558,0.467585],[34.544395,0.465605],[34.541782,0.462671],[34.539803,0.462222],[34.538006,0.46106],[34.536995,0.457812],[34.536987,0.454792],[34.537479,0.453553],[34.536167,0.449898],[34.534538,0.448375],[34.532333,0.442807],[34.529541,0.44402],[34.5257,0.446452],[34.523125,0.447615],[34.518227,0.448232],[34.514736,0.449572],[34.507793,0.454109],[34.501675,0.455671],[34.497761,0.457804],[34.495144,0.460383],[34.494678,0.461893],[34.494579,0.467515],[34.493389,0.470834],[34.491615,0.473725],[34.48819,0.477354],[34.486794,0.480644],[34.484764,0.483267],[34.483433,0.484171],[34.480968,0.484076],[34.47876,0.482678],[34.472294,0.48034],[34.470207,0.479192],[34.466679,0.475391],[34.463581,0.472791],[34.46167,0.469978],[34.459564,0.468907],[34.450272,0.468812],[34.445793,0.467699],[34.44323,0.466052],[34.440178,0.463464],[34.436192,0.463309],[34.434116,0.464077],[34.430183,0.466605],[34.428173,0.468508],[34.425003,0.470454],[34.422905,0.47291],[34.420155,0.474778],[34.417377,0.475593],[34.409012,0.476224],[34.404499,0.475207],[34.401215,0.47316],[34.399399,0.472631],[34.396076,0.470269],[34.392662,0.468925],[34.392059,0.467942],[34.391136,0.463773],[34.38995,0.462286],[34.386208,0.461197],[34.383518,0.459282],[34.380539,0.458503],[34.37619,0.461483],[34.374882,0.461614],[34.372101,0.46062],[34.370045,0.459002],[34.36824,0.458295],[34.362274,0.457718],[34.36121,0.437107],[34.356297,0.431238],[34.353592,0.431316],[34.349998,0.430798],[34.346245,0.429117],[34.344002,0.42691],[34.343315,0.425475],[34.344982,0.424596],[34.349323,0.420884],[34.354156,0.414831],[34.355595,0.412356],[34.358128,0.410282],[34.36005,0.407084],[34.362495,0.405466],[34.365654,0.404552],[34.368683,0.40459],[34.373203,0.405085],[34.37645,0.404571],[34.378624,0.405262],[34.382141,0.401487],[34.384178,0.398841],[34.386234,0.397775],[34.389297,0.39749],[34.39439,0.3953],[34.397835,0.392959],[34.406258,0.388314],[34.409065,0.386278],[34.412495,0.381595],[34.414864,0.379291],[34.417736,0.378359],[34.420773,0.37655],[34.423382,0.374494],[34.422268,0.37301],[34.419033,0.370059],[34.414768,0.367718],[34.408802,0.365152],[34.405064,0.363266],[34.402103,0.362787],[34.400852,0.360606],[34.398132,0.348111],[34.397419,0.344151],[34.393154,0.34042],[34.391136,0.339259],[34.386177,0.337622],[34.384998,0.334653],[34.384056,0.330769],[34.38398,0.328999],[34.384758,0.324507],[34.383827,0.31968],[34.383018,0.317919],[34.380154,0.314494],[34.374165,0.30983],[34.370659,0.306559],[34.389847,0.289602],[34.391624,0.287777],[34.396915,0.285389],[34.397263,0.282418],[34.393608,0.280001],[34.392017,0.277879],[34.389515,0.276003],[34.389912,0.273976],[34.391796,0.270225],[34.397133,0.265261],[34.399822,0.26439],[34.401413,0.261567],[34.40073,0.258933],[34.398827,0.254443],[34.398571,0.250086],[34.398998,0.238169],[34.398098,0.234077],[34.394382,0.233224],[34.390453,0.233376],[34.3885,0.232523],[34.383793,0.229094],[34.386883,0.222368],[34.390224,0.216003],[34.39069,0.211702],[34.391521,0.209277],[34.391666,0.20617],[34.389904,0.202892],[34.389206,0.200121],[34.389542,0.196349],[34.388496,0.192477],[34.385635,0.187021],[34.384659,0.183485],[34.385094,0.180597],[34.387726,0.180042],[34.390381,0.18116],[34.39304,0.182909],[34.394932,0.183444],[34.400433,0.185824],[34.401974,0.187347],[34.404533,0.188893],[34.407738,0.19201],[34.409622,0.195401],[34.410992,0.198613],[34.412025,0.199744],[34.415806,0.202254],[34.419926,0.203741],[34.421539,0.205157],[34.426731,0.211463],[34.430462,0.21389],[34.433048,0.214354],[34.444817,0.218601],[34.447571,0.211879],[34.449017,0.209381],[34.451408,0.206835],[34.446976,0.20386],[34.443222,0.203349],[34.439648,0.203456],[34.436275,0.202159],[34.432751,0.198102],[34.430206,0.191951],[34.426666,0.187156],[34.426571,0.185562],[34.42947,0.183147],[34.430607,0.177974],[34.432545,0.176306],[34.436115,0.17421],[34.439957,0.170252],[34.441734,0.168022],[34.440781,0.16732],[34.440697,0.165309],[34.43927,0.163881],[34.437344,0.159634],[34.435825,0.157873],[34.43161,0.15453],[34.425392,0.153007],[34.42979,0.147939],[34.434471,0.146273],[34.438129,0.146166],[34.439831,0.147201],[34.442501,0.147713],[34.444595,0.149866],[34.447742,0.150842],[34.450924,0.152995],[34.455379,0.154173],[34.457855,0.15403],[34.461369,0.154816],[34.466862,0.157647],[34.472126,0.156898],[34.477356,0.155446],[34.479988,0.152793],[34.481903,0.151627],[34.481461,0.149516],[34.482376,0.145046],[34.483845,0.143055],[34.484009,0.140478],[34.481724,0.138357],[34.476471,0.136464],[34.474316,0.133201],[34.471573,0.131175],[34.469563,0.130711],[34.461372,0.13045],[34.456726,0.130688],[34.457729,0.12744],[34.458206,0.123978],[34.460266,0.122776],[34.462673,0.123157],[34.464363,0.1228],[34.469639,0.120004],[34.473869,0.119314],[34.477768,0.117184],[34.48008,0.115281],[34.478508,0.113008],[34.473866,0.112758],[34.473568,0.102598],[34.477295,0.104966],[34.479248,0.105656],[34.483463,0.104395],[34.487743,0.104642],[34.491165,0.10271],[34.493164,0.102199],[34.495441,0.104382],[34.495998,0.10912],[34.495113,0.111164],[34.501709,0.11395],[34.503288,0.115762],[34.50185,0.117573],[34.495579,0.121846],[34.500271,0.127559],[34.502499,0.128488],[34.503986,0.126677],[34.504913,0.124494],[34.503616,0.122264],[34.505196,0.119756],[34.507099,0.118363],[34.509514,0.118641],[34.51165,0.121568],[34.512531,0.126305],[34.513824,0.130498],[34.516182,0.12816],[34.520084,0.125804],[34.5229,0.124483],[34.524742,0.124269],[34.528332,0.126637],[34.530109,0.128481],[34.531536,0.130801],[34.532463,0.133799],[34.537235,0.137202],[34.539352,0.138189],[34.541649,0.13857],[34.545837,0.13762],[34.546291,0.136371],[34.549496,0.13135],[34.552139,0.129685],[34.554546,0.128816],[34.555428,0.126794],[34.55423,0.123736],[34.552517,0.122368],[34.552418,0.120143],[34.55331,0.118323],[34.552395,0.117502],[34.548153,0.11724],[34.547295,0.115384],[34.545105,0.114123],[34.5457,0.112933],[34.547974,0.112993],[34.548241,0.111946],[34.554092,0.112063],[34.557495,0.111007],[34.560753,0.106928],[34.560753,0.103906],[34.559254,0.101324],[34.555119,0.0993],[34.560349,0.093926],[34.56221,0.095936],[34.566547,0.097543],[34.571136,0.096864],[34.572002,0.095794],[34.574051,0.096507],[34.57486,0.098387],[34.576267,0.09853],[34.577793,0.101005],[34.584614,0.104348],[34.586853,0.104338],[34.58503,0.108373],[34.585426,0.112763],[34.586266,0.115482],[34.594135,0.116867],[34.595562,0.1175],[34.599495,0.120387],[34.601177,0.121],[34.603519,0.120832],[34.606369,0.119546],[34.610245,0.121386],[34.613338,0.124362],[34.620232,0.126745],[34.625286,0.126953],[34.632614,0.129039],[34.637695,0.129375],[34.640205,0.127954],[34.64967,0.127906],[34.663574,0.126625],[34.665176,0.128028],[34.66851,0.127909],[34.67313,0.128914],[34.675694,0.129789],[34.677074,0.129408],[34.678783,0.126285],[34.681137,0.122882],[34.682545,0.12155],[34.687183,0.124479],[34.691742,0.129105],[34.692268,0.13025],[34.695873,0.1342],[34.697174,0.131911],[34.699791,0.132099],[34.703632,0.13075],[34.704983,0.132406],[34.704281,0.13367],[34.706005,0.135258],[34.704502,0.138143],[34.704365,0.139598],[34.706505,0.139752],[34.710457,0.139146],[34.713779,0.140615],[34.716774,0.139728],[34.71896,0.142163],[34.720459,0.14163],[34.72596,0.143996],[34.729393,0.143963],[34.731762,0.147163],[34.734196,0.146963],[34.738316,0.149083],[34.738361,0.145216],[34.737274,0.143386],[34.738186,0.141685],[34.742599,0.140938],[34.745296,0.138813],[34.747341,0.136001],[34.755131,0.140005],[34.757072,0.141944],[34.760666,0.142512],[34.766293,0.144734],[34.766861,0.145633],[34.765915,0.149369],[34.770737,0.15249],[34.774284,0.150409],[34.77599,0.150267],[34.78067,0.153956],[34.781521,0.155233],[34.781349,0.157151],[34.78334,0.158608],[34.786903,0.159656],[34.787514,0.157782],[34.790134,0.157446],[34.793709,0.159465],[34.795246,0.16212],[34.796692,0.162748],[34.799774,0.161688],[34.801727,0.161653],[34.804432,0.164013],[34.805561,0.16411],[34.807617,0.163022],[34.811676,0.161796],[34.813427,0.162519],[34.815083,0.162196],[34.816051,0.163328],[34.81609,0.165366],[34.814587,0.171121],[34.815411,0.174517],[34.815266,0.177449],[34.81398,0.180773],[34.811123,0.184083],[34.813942,0.18435],[34.816128,0.185949],[34.8232,0.187348],[34.824665,0.187127],[34.826511,0.185616],[34.828575,0.185671],[34.830112,0.184636],[34.833164,0.184178],[34.836906,0.184873],[34.840359,0.184865],[34.842255,0.184416],[34.843594,0.183088],[34.846058,0.183235],[34.847118,0.184846],[34.850956,0.184929],[34.851677,0.186543],[34.850857,0.18791],[34.851711,0.190375],[34.855377,0.192869],[34.85685,0.192462],[34.858238,0.195579],[34.858681,0.197695],[34.860466,0.19894],[34.861378,0.1974],[34.864883,0.196914],[34.866684,0.195096],[34.868931,0.195591],[34.869766,0.196505],[34.869881,0.198922],[34.871918,0.199646],[34.874821,0.199808],[34.876724,0.197599],[34.878136,0.19878],[34.881721,0.198599],[34.883778,0.197647],[34.885349,0.199065],[34.884453,0.201521],[34.886585,0.204605],[34.888203,0.205233],[34.889858,0.204643],[34.891716,0.206708],[34.895638,0.206499],[34.89539,0.204424],[34.897408,0.203129],[34.898113,0.201397],[34.900215,0.199636],[34.902309,0.195924],[34.90366,0.195563],[34.904938,0.196476],[34.907154,0.194906],[34.909992,0.195534],[34.911648,0.197742],[34.916756,0.199903],[34.919384,0.20036],[34.922318,0.199198],[34.925144,0.199192],[34.927864,0.207297],[34.941463,0.207024],[34.955151,0.241048],[34.961277,0.239902],[34.977219,0.24043],[34.975788,0.247302],[34.949696,0.300105],[34.944096,0.315535],[34.941154,0.324397],[34.935287,0.357144],[34.947056,0.354218],[34.954033,0.366773],[34.956039,0.415017],[34.923309,0.474896],[34.906467,0.49286],[34.906265,0.502557],[34.885883,0.520452],[34.873108,0.524926],[34.870625,0.528057],[34.870216,0.530166],[34.850304,0.54573],[34.896034,0.599154],[34.888885,0.605554],[34.896389,0.603936],[34.898201,0.602741],[34.900829,0.600231],[34.903835,0.596798],[34.906452,0.595129],[34.909599,0.593827],[34.913448,0.591684],[34.9165,0.590785],[34.920929,0.591779],[34.925297,0.595034],[34.934353,0.602196],[34.935631,0.603001],[34.943951,0.606896],[34.946106,0.607132],[34.950191,0.606505],[34.952961,0.60712],[34.955589,0.608801],[34.957611,0.608884],[34.958775,0.608198],[34.961636,0.608198],[34.9645,0.609523],[34.967567,0.61311],[34.968563,0.615336],[34.971615,0.616874],[34.972328,0.619052],[34.971848,0.620215],[34.974716,0.621611],[34.976555,0.624453],[34.978584,0.624843],[34.980221,0.626613],[34.984219,0.627223],[34.987064,0.628279],[34.988281,0.629326],[34.991138,0.62984],[34.994335,0.629802],[34.997829,0.635907],[35.027042,0.613827],[35.027946,0.615264],[35.030548,0.616092],[35.03146,0.619918],[35.03381,0.622478],[35.033524,0.624991],[35.034286,0.627656],[35.037163,0.629236],[35.038845,0.630767],[35.037224,0.641452],[35.042755,0.642124],[35.047611,0.638655],[35.053452,0.63703],[35.052662,0.629952],[35.05616,0.629625],[35.056274,0.630634],[35.062244,0.632737],[35.063805,0.632851],[35.06739,0.631585],[35.067829,0.629511],[35.070198,0.628644],[35.071629,0.628892],[35.072998,0.630186],[35.076645,0.629853],[35.077652,0.629111],[35.082001,0.630415],[35.085503,0.62952],[35.088379,0.63169],[35.088959,0.633261],[35.091206,0.635221],[35.093491,0.635031],[35.095833,0.637182],[35.095745,0.638296],[35.098373,0.640713],[35.099247,0.642407],[35.10318,0.646871],[35.104683,0.646795],[35.107407,0.643844],[35.112099,0.640732],[35.113869,0.642521],[35.115715,0.642369],[35.115704,0.646605],[35.117264,0.649251],[35.11898,0.648584],[35.119968,0.650583],[35.121845,0.652648],[35.125137,0.654171],[35.129105,0.654086],[35.130703,0.654847],[35.13179,0.654238],[35.134209,0.655742],[35.13512,0.657188],[35.138138,0.659025],[35.140099,0.659406],[35.141182,0.660777],[35.143974,0.659206],[35.149799,0.658978],[35.150654,0.660843],[35.152023,0.660196],[35.154022,0.661129],[35.154053,0.662338],[35.149326,0.666346],[35.152924,0.673759],[35.15168,0.695118],[35.153912,0.739737],[35.149315,0.738661],[35.14687,0.739438],[35.14843,0.752978],[35.145393,0.826461],[35.142204,0.827514],[35.137413,0.828366],[35.133495,0.828617],[35.130966,0.829286],[35.129124,0.828845],[35.124126,0.825917],[35.124283,0.822783],[35.123955,0.819514],[35.111359,0.854587],[35.111996,0.879812],[35.10952,0.879669],[35.107796,0.878515],[35.107246,0.877301],[35.104607,0.874517],[35.101894,0.873113],[35.098099,0.875267],[35.097218,0.877384],[35.09235,0.87792],[35.090446,0.879276],[35.085747,0.879716],[35.085533,0.881715],[35.082657,0.882572],[35.082394,0.884047],[35.07962,0.8867],[35.079739,0.889817],[35.08062,0.891221],[35.080322,0.893041],[35.078255,0.894754],[35.072826,0.897229],[35.070221,0.897336],[35.068581,0.895766],[35.06551,0.896503],[35.062881,0.89592],[35.059097,0.89661],[35.053757,0.89855],[35.051876,0.900548],[35.049618,0.900525],[35.048164,0.899811],[35.046036,0.897657],[35.045177,0.900084],[35.03904,0.900632],[35.037754,0.899609],[35.037479,0.896337],[35.031269,0.89429],[35.030151,0.892411],[35.027596,0.892803],[35.026592,0.894355],[35.024715,0.894778],[35.021858,0.893136],[35.017769,0.888772],[35.017712,0.887544]]]},"properties":{"code":501}},{"type":"Feature","geometry":{"type":"Polygon","coordinates":[[[36.488716,0.846797],[36.473312,0.838504],[36.468597,0.827502],[36.404453,0.71719],[36.344585,0.659284],[36.288593,0.644648],[36.275681,0.631669],[36.288151,0.579964],[36.294044,0.565327],[36.229389,0.426579],[36.183838,0.314393],[36.193275,0.300646],[36.197472,0.285618],[36.210392,0.264787],[36.214989,0.252225],[36.201851,0.234663],[36.235653,0.209102],[36.237812,0.203936],[36.25338,0.180609],[36.260052,0.173938],[36.260387,0.172927],[36.276012,0.148125],[36.283707,0.127468],[36.286938,0.111475],[36.269405,0.088243],[36.259579,0.062016],[36.255135,0.056153],[36.260254,0.038027],[36.265034,0.026317],[36.255486,-0.021959],[36.267273,-0.021581],[36.271255,-0.001097],[36.29269,0.011928],[36.293518,0.004763],[36.298576,0.005241],[36.302544,0.016119],[36.330627,0.02294],[36.329739,0.028557],[36.345608,0.031009],[36.336426,0.062841],[36.348774,0.070509],[36.354393,0.068637],[36.363441,0.04853],[36.366295,0.047104],[36.371243,0.040996],[36.374027,0.039307],[36.375702,0.037251],[36.379448,0.036136],[36.381409,0.035914],[36.384174,0.033506],[36.385464,0.031723],[36.385376,0.037251],[36.386669,0.036493],[36.389568,0.032392],[36.39249,0.030502],[36.39933,0.032882],[36.398884,0.040104],[36.403835,0.040595],[36.413509,0.039614],[36.415291,0.040951],[36.419037,0.042913],[36.423939,0.045989],[36.41275,0.051205],[36.40073,0.059643],[36.423126,0.085417],[36.441078,0.091524],[36.462452,0.140295],[36.510445,0.085129],[36.521347,0.048695],[36.539577,0.056047],[36.573845,0.070777],[36.588245,0.044062],[36.589104,0.027822],[36.591194,0.023189],[36.59919,0.003372],[36.607056,0.003323],[36.623322,0.010348],[36.632385,0.013848],[36.63464,0.016176],[36.649494,-0.016922],[36.589539,-0.020834],[36.586582,-0.022132],[36.583187,-0.020866],[36.58139,-0.021336],[36.579411,-0.022651],[36.578976,-0.025619],[36.57806,-0.027529],[36.575134,-0.030843],[36.574524,-0.03267],[36.572983,-0.034504],[36.57135,-0.034988],[36.567455,-0.038911],[36.565445,-0.039755],[36.558685,-0.045159],[36.557987,-0.048432],[36.55661,-0.052992],[36.554035,-0.054473],[36.552895,-0.056375],[36.552773,-0.059669],[36.551914,-0.060818],[36.54987,-0.061752],[36.54916,-0.065883],[36.544579,-0.068374],[36.557411,-0.08073],[36.552158,-0.091465],[36.559345,-0.092866],[36.568668,-0.103662],[36.573166,-0.105176],[36.596443,-0.104068],[36.632908,-0.108736],[36.653797,-0.154186],[36.657471,-0.153077],[36.7108,-0.136741],[36.713776,-0.131898],[36.715935,-0.129565],[36.752186,-0.120836],[36.763191,-0.109319],[36.764942,-0.114745],[36.790672,-0.106752],[36.829063,-0.103601],[36.829006,-0.135691],[36.843651,-0.137383],[36.852867,-0.143042],[36.859566,-0.143487],[36.860229,-0.145705],[36.859699,-0.146991],[36.857361,-0.149418],[36.856689,-0.151502],[36.856594,-0.154936],[36.857697,-0.156364],[36.861355,-0.158512],[36.862507,-0.159797],[36.864738,-0.169076],[36.867756,-0.172303],[36.868244,-0.175295],[36.869118,-0.177765],[36.868965,-0.179999],[36.864784,-0.181312],[36.864258,-0.182096],[36.862957,-0.187052],[36.860699,-0.18925],[36.855904,-0.190157],[36.853603,-0.192905],[36.852406,-0.194947],[36.849762,-0.19784],[36.848076,-0.197858],[36.844608,-0.196613],[36.837585,-0.197745],[36.841488,-0.207687],[36.841,-0.216029],[36.854736,-0.254302],[36.868839,-0.249043],[36.877781,-0.260293],[36.961216,-0.284725],[36.985413,-0.296194],[36.993111,-0.278346],[36.9958,-0.271313],[36.988132,-0.255677],[36.991302,-0.254398],[36.99279,-0.252807],[36.996624,-0.252037],[36.998466,-0.251044],[37.001167,-0.248763],[37.002369,-0.245042],[37.003895,-0.244639],[37.005489,-0.242092],[37.007713,-0.240706],[37.009205,-0.234623],[37.01086,-0.233528],[37.011604,-0.231802],[37.008167,-0.226892],[37.007423,-0.225359],[37.007027,-0.221204],[37.016804,-0.180796],[37.004429,-0.176792],[37.006126,-0.156331],[37.005569,-0.154231],[37.006836,-0.151616],[37.006062,-0.149923],[37.002365,-0.149934],[36.999989,-0.147555],[36.997952,-0.14659],[36.993824,-0.145701],[36.989433,-0.140879],[36.98774,-0.139872],[36.984909,-0.137128],[36.983387,-0.134342],[36.982986,-0.132085],[36.98143,-0.108322],[36.980415,-0.097118],[36.976521,-0.079854],[36.977909,-0.076842],[36.977772,-0.075014],[36.976555,-0.073288],[36.976994,-0.070816],[36.977909,-0.070072],[36.980244,-0.069835],[36.983459,-0.070106],[36.985016,-0.069429],[36.987083,-0.067093],[36.989487,-0.066077],[36.994629,-0.065502],[36.997814,-0.064283],[37.024357,-0.049103],[37.026318,-0.044436],[37.049656,-0.01505],[37.051502,-0.00994],[37.063229,0.001883],[37.064899,0.001092],[37.068321,0.001731],[37.071144,0.0009],[37.076862,0.009813],[37.077507,0.006366],[37.079269,0.003404],[37.078773,0.001121],[37.076519,-0.000522],[37.076096,-0.001814],[37.081642,-0.008765],[37.082569,-0.010693],[37.086262,-0.014655],[37.087803,-0.016776],[37.090763,-0.017055],[37.093018,-0.01881],[37.094677,-0.021374],[37.096836,-0.023283],[37.099873,-0.0279],[37.102688,-0.0295],[37.107998,-0.034176],[37.112095,-0.038196],[37.114429,-0.040953],[37.117023,-0.045397],[37.120735,-0.051113],[37.123703,-0.054468],[37.130466,-0.036871],[37.1315,-0.029827],[37.12875,-0.029105],[37.1278,-0.026915],[37.12471,-0.026076],[37.122471,-0.02449],[37.121616,-0.023113],[37.117798,-0.019664],[37.114723,-0.017935],[37.113331,-0.014763],[37.110989,-0.013613],[37.109898,-0.012371],[37.108524,-0.009535],[37.106686,-0.004726],[37.105534,0.00161],[37.103245,0.004207],[37.103245,0.006506],[37.100246,0.010809],[37.097469,0.01275],[37.0961,0.014723],[37.093964,0.016423],[37.091579,0.01929],[37.089577,0.020672],[37.0881,0.022645],[37.089912,0.023921],[37.09763,0.030728],[37.108383,0.038012],[37.110638,0.039139],[37.118183,0.039226],[37.125206,0.03979],[37.131882,0.039486],[37.13522,0.03979],[37.139721,0.040716],[37.143879,0.044158],[37.149376,0.047123],[37.150867,0.049],[37.153683,0.05125],[37.156364,0.052069],[37.164383,0.053395],[37.168957,0.054811],[37.173664,0.056673],[37.18074,0.057508],[37.187534,0.058625],[37.192707,0.060979],[37.198425,0.064481],[37.200089,0.06579],[37.201408,0.067779],[37.205574,0.069404],[37.211151,0.07267],[37.215523,0.074178],[37.220211,0.07534],[37.22448,0.07782],[37.23354,0.083672],[37.235046,0.102457],[37.248028,0.105087],[37.250431,0.097646],[37.253399,0.098093],[37.26236,0.11218],[37.274635,0.123385],[37.279003,0.128244],[37.281689,0.134063],[37.280792,0.144359],[37.280792,0.152416],[37.291088,0.160921],[37.30228,0.171664],[37.307201,0.179722],[37.321976,0.183303],[37.329136,0.182408],[37.338089,0.184198],[37.333614,0.192256],[37.348572,0.196299],[37.348801,0.200019],[37.34798,0.204297],[37.348377,0.207953],[37.350693,0.209122],[37.351536,0.210539],[37.351585,0.213424],[37.354645,0.216781],[37.355564,0.221308],[37.35487,0.223969],[37.357307,0.226804],[37.358749,0.230584],[37.359024,0.232573],[37.363773,0.237473],[37.363014,0.241276],[37.363697,0.242994],[37.366325,0.24439],[37.366955,0.2465],[37.366035,0.247694],[37.36412,0.247346],[37.36208,0.248141],[37.361237,0.250479],[37.359818,0.251101],[37.360065,0.254035],[37.362518,0.254577],[37.363476,0.255975],[37.36364,0.258036],[37.372459,0.262712],[37.373619,0.266371],[37.373646,0.269753],[37.374615,0.271195],[37.378792,0.273508],[37.382648,0.272712],[37.385826,0.274424],[37.386776,0.277039],[37.388443,0.27883],[37.386528,0.279949],[37.386501,0.281317],[37.387672,0.283132],[37.388443,0.286017],[37.390728,0.286729],[37.394039,0.289449],[37.394188,0.293379],[37.39262,0.294498],[37.392422,0.297034],[37.395107,0.298825],[37.395184,0.300864],[37.393219,0.302729],[37.392868,0.304445],[37.394012,0.306211],[37.39365,0.308505],[37.391403,0.311309],[37.391285,0.312786],[37.393566,0.315811],[37.393665,0.316706],[37.391998,0.320585],[37.391102,0.324639],[37.392422,0.330011],[37.392818,0.333642],[37.391651,0.335786],[37.392143,0.337832],[37.391926,0.33976],[37.392597,0.342321],[37.391827,0.34344],[37.391403,0.3463],[37.392246,0.348439],[37.392048,0.352443],[37.390308,0.354855],[37.386005,0.355701],[37.38483,0.355467],[37.383144,0.356397],[37.381828,0.360426],[37.379311,0.36226],[37.37812,0.363684],[37.376926,0.367762],[37.3778,0.369851],[37.378021,0.372289],[37.379292,0.374452],[37.379341,0.376889],[37.376705,0.379774],[37.37392,0.38052],[37.372078,0.380495],[37.370041,0.381963],[37.36964,0.383306],[37.370461,0.387732],[37.369438,0.389812],[37.368671,0.395691],[37.365746,0.40031],[37.363724,0.405315],[37.362206,0.407628],[37.359318,0.407824],[37.355137,0.41008],[37.353748,0.411831],[37.352657,0.418844],[37.351936,0.42056],[37.351337,0.431452],[37.34967,0.436078],[37.348427,0.43864],[37.348255,0.440182],[37.348999,0.442793],[37.34803,0.445628],[37.34798,0.449209],[37.349697,0.452392],[37.348877,0.455824],[37.349648,0.457714],[37.352699,0.461818],[37.35463,0.462889],[37.355343,0.464752],[37.356934,0.465453],[37.35754,0.471842],[37.359539,0.473103],[37.359802,0.474407],[37.358971,0.480082],[37.359501,0.48208],[37.360931,0.483708],[37.360889,0.48649],[37.359306,0.488608],[37.358379,0.491969],[37.359013,0.495331],[37.359257,0.498887],[37.359985,0.501469],[37.361107,0.503466],[37.364029,0.505853],[37.367489,0.508046],[37.369049,0.511553],[37.258373,0.524843],[37.213192,0.529722],[37.071926,0.544331],[36.864368,0.565754],[36.863914,0.571292],[36.864365,0.573175],[36.867153,0.576716],[36.867653,0.578732],[36.867306,0.582215],[36.868118,0.584633],[36.868057,0.587413],[36.867306,0.589673],[36.865608,0.591975],[36.866909,0.594717],[36.86742,0.597273],[36.87072,0.598156],[36.873878,0.601734],[36.875179,0.604568],[36.876762,0.605219],[36.879177,0.605358],[36.880199,0.607774],[36.882664,0.609447],[36.882984,0.612579],[36.884476,0.612979],[36.885914,0.610423],[36.887402,0.609354],[36.888332,0.610377],[36.890003,0.619252],[36.890099,0.622766],[36.891212,0.623388],[36.89262,0.622006],[36.893959,0.622621],[36.894882,0.626315],[36.897625,0.63073],[36.898926,0.631427],[36.906174,0.631427],[36.909607,0.63271],[36.908882,0.636107],[36.909336,0.639466],[36.908195,0.643606],[36.909473,0.647785],[36.911705,0.648873],[36.912582,0.650629],[36.912582,0.653491],[36.911819,0.657231],[36.913841,0.658681],[36.913307,0.660933],[36.914242,0.661983],[36.916553,0.660933],[36.918308,0.661238],[36.920444,0.660628],[36.921894,0.660971],[36.923958,0.665933],[36.92411,0.671581],[36.92495,0.673184],[36.926495,0.674443],[36.927029,0.677344],[36.926075,0.682019],[36.925655,0.687095],[36.926151,0.700548],[36.925808,0.707341],[36.926533,0.716405],[36.926495,0.719745],[36.927258,0.728904],[36.928097,0.730374],[36.930405,0.73148],[36.9314,0.73377],[36.931072,0.738026],[36.931915,0.74125],[36.931602,0.74342],[36.929134,0.741911],[36.928036,0.74055],[36.925186,0.740649],[36.922123,0.739512],[36.919884,0.738091],[36.919155,0.735597],[36.917736,0.732945],[36.916718,0.729306],[36.913422,0.728756],[36.91193,0.729455],[36.910229,0.728703],[36.908455,0.73244],[36.908737,0.736829],[36.907852,0.738186],[36.904823,0.738249],[36.903656,0.740017],[36.896866,0.74027],[36.889008,0.737428],[36.887745,0.736639],[36.886547,0.733368],[36.881073,0.733222],[36.879086,0.737176],[36.877674,0.738051],[36.870735,0.738202],[36.86581,0.737651],[36.865677,0.740919],[36.863018,0.749567],[36.856689,0.763484],[36.852497,0.771443],[36.847332,0.780473],[36.840878,0.790008],[36.843849,0.794856],[36.840443,0.796206],[36.834534,0.799836],[36.833576,0.801694],[36.832638,0.806171],[36.831997,0.813478],[36.830868,0.81674],[36.82943,0.818615],[36.828457,0.821964],[36.82476,0.829027],[36.823475,0.830277],[36.82254,0.833508],[36.820076,0.838225],[36.818615,0.842824],[36.817574,0.844942],[36.815613,0.855942],[36.806747,0.86138],[36.799263,0.865412],[36.793354,0.8694],[36.780396,0.86737],[36.773094,0.865649],[36.756142,0.858403],[36.734676,0.825044],[36.721825,0.819302],[36.708412,0.814359],[36.705006,0.815897],[36.687237,0.817456],[36.681198,0.816815],[36.676125,0.817274],[36.673019,0.816653],[36.669514,0.813306],[36.48241,0.813495],[36.482559,0.815377],[36.481541,0.816834],[36.483036,0.819526],[36.483288,0.821426],[36.48278,0.825144],[36.483871,0.826893],[36.484821,0.833235],[36.485401,0.835494],[36.486538,0.836898],[36.48737,0.839284],[36.487736,0.843293],[36.488827,0.84497],[36.488716,0.846797]]]},"properties":{"code":104}},{"type":"Feature","geometry":{"type":"Polygon","coordinates":[[[34.360527,0.778413],[34.358303,0.778508],[34.355114,0.777014],[34.353325,0.775758],[34.351479,0.775282],[34.346035,0.774895],[34.341431,0.772059],[34.336708,0.771393],[34.3335,0.769613],[34.32766,0.769327],[34.326717,0.76888],[34.320797,0.767928],[34.319225,0.766834],[34.315037,0.765558],[34.313171,0.763959],[34.31282,0.762865],[34.313484,0.759781],[34.312828,0.757354],[34.311592,0.755926],[34.309917,0.750044],[34.309975,0.746218],[34.309433,0.742554],[34.309402,0.739308],[34.308517,0.735168],[34.30764,0.73296],[34.307461,0.730913],[34.308964,0.727811],[34.308842,0.72605],[34.307659,0.724241],[34.306995,0.721767],[34.307404,0.717094],[34.309185,0.713639],[34.309021,0.710488],[34.309803,0.707214],[34.311317,0.704844],[34.312885,0.699733],[34.312809,0.697315],[34.310135,0.695859],[34.307907,0.696602],[34.30492,0.695707],[34.301922,0.693356],[34.299007,0.693032],[34.29504,0.689673],[34.291996,0.685808],[34.288979,0.684428],[34.28698,0.68302],[34.285484,0.682744],[34.282269,0.683277],[34.278519,0.681183],[34.278042,0.680364],[34.27787,0.676881],[34.280106,0.667487],[34.279011,0.662623],[34.279755,0.65933],[34.277596,0.657893],[34.278202,0.655075],[34.278538,0.649622],[34.278088,0.647042],[34.276546,0.643254],[34.274654,0.641855],[34.272541,0.642064],[34.270447,0.641341],[34.266926,0.640884],[34.263195,0.639456],[34.259102,0.636925],[34.256836,0.636506],[34.253132,0.632918],[34.251152,0.632271],[34.24765,0.632918],[34.241436,0.635611],[34.239285,0.634222],[34.23777,0.631185],[34.236229,0.629586],[34.232136,0.630424],[34.230396,0.629272],[34.227844,0.629672],[34.225006,0.63169],[34.220753,0.632613],[34.218639,0.631414],[34.215149,0.625484],[34.212025,0.62596],[34.208229,0.628254],[34.207333,0.628235],[34.204746,0.625475],[34.203583,0.625684],[34.200565,0.628244],[34.196701,0.625675],[34.196018,0.62301],[34.195133,0.621611],[34.193531,0.622524],[34.191666,0.621572],[34.190926,0.618013],[34.191105,0.616005],[34.189602,0.614824],[34.186783,0.613511],[34.185719,0.612445],[34.18668,0.608381],[34.185802,0.606877],[34.183083,0.607695],[34.178921,0.608333],[34.176048,0.607686],[34.172935,0.604383],[34.171337,0.603393],[34.166958,0.602194],[34.162533,0.599272],[34.159515,0.595874],[34.151932,0.588003],[34.148724,0.588203],[34.144726,0.584872],[34.143848,0.584586],[34.137642,0.585842],[34.13258,0.572594],[34.128201,0.561972],[34.126907,0.556832],[34.126945,0.551921],[34.12648,0.538967],[34.125671,0.536445],[34.117107,0.5233],[34.122425,0.519967],[34.123119,0.518867],[34.123062,0.51605],[34.118732,0.512328],[34.117287,0.510386],[34.118179,0.506427],[34.118435,0.498518],[34.118851,0.495313],[34.118126,0.490107],[34.119984,0.486042],[34.120808,0.480405],[34.111301,0.475307],[34.101311,0.465567],[34.095406,0.462489],[34.093018,0.459922],[34.091217,0.458599],[34.089855,0.456532],[34.089813,0.454217],[34.091106,0.450755],[34.091633,0.442291],[34.091385,0.440017],[34.090321,0.436183],[34.090527,0.433702],[34.089905,0.430436],[34.089813,0.426354],[34.090328,0.424887],[34.092262,0.422168],[34.099705,0.413508],[34.100426,0.411854],[34.101398,0.404186],[34.101967,0.402253],[34.104252,0.397881],[34.105595,0.394347],[34.106968,0.386296],[34.108799,0.379113],[34.109016,0.373687],[34.1082,0.36946],[34.106358,0.365036],[34.104607,0.362134],[34.103062,0.360934],[34.101082,0.356366],[34.100578,0.351293],[34.099915,0.349142],[34.095772,0.346296],[34.091633,0.342936],[34.084312,0.336226],[34.082523,0.335217],[34.081276,0.331895],[34.076431,0.32924],[34.072395,0.325814],[34.069435,0.325328],[34.063946,0.325871],[34.058949,0.324681],[34.058662,0.322606],[34.059433,0.317343],[34.060261,0.313754],[34.059822,0.31187],[34.057899,0.310556],[34.054409,0.309176],[34.050228,0.304865],[34.04924,0.302047],[34.049419,0.299544],[34.050381,0.297764],[34.050041,0.295023],[34.047344,0.293053],[34.044872,0.292311],[34.042702,0.292825],[34.040722,0.289075],[34.041836,0.287752],[34.040901,0.285467],[34.041065,0.282488],[34.040245,0.280661],[34.043198,0.278738],[34.042046,0.276368],[34.039417,0.274655],[34.036839,0.271333],[34.034801,0.270724],[34.03186,0.268849],[34.028549,0.269972],[34.02676,0.269706],[34.025578,0.267955],[34.025463,0.265271],[34.022446,0.261378],[34.023239,0.258075],[34.022839,0.255943],[34.021706,0.254315],[34.018982,0.252736],[34.013416,0.248024],[34.012787,0.245797],[34.007584,0.242027],[34.00523,0.24088],[34.004086,0.237183],[34.005363,0.235782],[33.913918,0.111395],[33.911819,0.100251],[33.94212,0.001406],[33.950516,-0.025979],[34.011101,-0.025908],[34.015831,-0.026694],[34.019398,-0.026972],[34.030155,-0.01737],[34.042133,-0.000138],[34.066147,0.087499],[34.065998,0.090508],[34.068001,0.09425],[34.069515,0.097858],[34.071522,0.099507],[34.072723,0.101779],[34.073971,0.106323],[34.073483,0.113584],[34.071835,0.119647],[34.074615,0.119866],[34.077766,0.120719],[34.080776,0.122098],[34.084133,0.122645],[34.086868,0.12632],[34.089622,0.125751],[34.090145,0.123468],[34.092472,0.125461],[34.093014,0.129277],[34.093746,0.130664],[34.097485,0.134519],[34.100876,0.136009],[34.105133,0.135736],[34.102894,0.131152],[34.102295,0.126895],[34.102676,0.125476],[34.106224,0.128095],[34.109116,0.131861],[34.110916,0.135463],[34.114208,0.145162],[34.112705,0.153824],[34.11319,0.158611],[34.112705,0.165854],[34.111725,0.170299],[34.112267,0.174097],[34.111553,0.177456],[34.109859,0.180331],[34.108269,0.182168],[34.10553,0.186165],[34.105728,0.188726],[34.108192,0.195321],[34.109955,0.198034],[34.110771,0.200128],[34.110508,0.202869],[34.109455,0.20598],[34.110634,0.206843],[34.112541,0.209531],[34.112926,0.211143],[34.114666,0.214462],[34.116211,0.221204],[34.115772,0.223287],[34.116032,0.233699],[34.115692,0.239037],[34.116085,0.241969],[34.116894,0.243234],[34.126255,0.247982],[34.131832,0.251321],[34.133732,0.252959],[34.138638,0.258285],[34.141762,0.2631],[34.145988,0.268812],[34.148491,0.274843],[34.15097,0.278554],[34.153763,0.283908],[34.15749,0.289202],[34.15815,0.290682],[34.159195,0.298163],[34.15876,0.30052],[34.167091,0.297747],[34.174324,0.295558],[34.176628,0.293749],[34.179188,0.289],[34.18428,0.286116],[34.185722,0.282172],[34.186787,0.278193],[34.188053,0.276318],[34.191006,0.273615],[34.193451,0.272159],[34.202541,0.268152],[34.20496,0.264592],[34.205853,0.261109],[34.206825,0.26267],[34.206203,0.268847],[34.206367,0.270684],[34.20768,0.274453],[34.207661,0.279612],[34.206348,0.281763],[34.206234,0.283305],[34.207489,0.286483],[34.207645,0.288327],[34.237377,0.289652],[34.238506,0.291797],[34.241753,0.296471],[34.244656,0.30163],[34.249344,0.311518],[34.249916,0.313378],[34.256897,0.315074],[34.263565,0.315219],[34.270573,0.312721],[34.273926,0.31198],[34.280441,0.310964],[34.285164,0.309818],[34.286953,0.307322],[34.28957,0.30874],[34.293766,0.309757],[34.298725,0.309917],[34.299839,0.310742],[34.301441,0.310192],[34.309586,0.309871],[34.312489,0.309291],[34.321857,0.309504],[34.326828,0.310291],[34.32975,0.31104],[34.333012,0.311384],[34.33593,0.310941],[34.346104,0.307457],[34.356586,0.305792],[34.358902,0.303492],[34.361118,0.298888],[34.362309,0.298256],[34.366135,0.300093],[34.370659,0.306559],[34.374165,0.30983],[34.380154,0.314494],[34.383018,0.317919],[34.383827,0.31968],[34.384758,0.324507],[34.38398,0.328999],[34.384056,0.330769],[34.384998,0.334653],[34.386177,0.337622],[34.391136,0.339259],[34.393154,0.34042],[34.397419,0.344151],[34.398132,0.348111],[34.400852,0.360606],[34.402103,0.362787],[34.405064,0.363266],[34.408802,0.365152],[34.414768,0.367718],[34.419033,0.370059],[34.422268,0.37301],[34.423382,0.374494],[34.420773,0.37655],[34.417736,0.378359],[34.414864,0.379291],[34.412495,0.381595],[34.409065,0.386278],[34.406258,0.388314],[34.397835,0.392959],[34.39439,0.3953],[34.389297,0.39749],[34.386234,0.397775],[34.384178,0.398841],[34.382141,0.401487],[34.378624,0.405262],[34.37645,0.404571],[34.373203,0.405085],[34.368683,0.40459],[34.365654,0.404552],[34.362495,0.405466],[34.36005,0.407084],[34.358128,0.410282],[34.355595,0.412356],[34.354156,0.414831],[34.349323,0.420884],[34.344982,0.424596],[34.343315,0.425475],[34.344002,0.42691],[34.346245,0.429117],[34.349998,0.430798],[34.353592,0.431316],[34.356297,0.431238],[34.36121,0.437107],[34.362274,0.457718],[34.36824,0.458295],[34.370045,0.459002],[34.372101,0.46062],[34.374882,0.461614],[34.37619,0.461483],[34.380539,0.458503],[34.383518,0.459282],[34.386208,0.461197],[34.38995,0.462286],[34.391136,0.463773],[34.392059,0.467942],[34.390091,0.468949],[34.388737,0.471857],[34.388737,0.473553],[34.385151,0.490663],[34.385876,0.495413],[34.387959,0.498078],[34.390015,0.499174],[34.393806,0.499418],[34.400707,0.499494],[34.403522,0.500046],[34.406036,0.50155],[34.408646,0.504611],[34.408344,0.507948],[34.407433,0.510515],[34.405029,0.51391],[34.403458,0.515152],[34.400063,0.519871],[34.396336,0.527572],[34.39526,0.528648],[34.393192,0.533947],[34.391205,0.537342],[34.388969,0.539909],[34.383915,0.541813],[34.382591,0.542724],[34.380772,0.545291],[34.378036,0.550839],[34.376133,0.552743],[34.373154,0.554896],[34.371082,0.557214],[34.368309,0.561788],[34.368999,0.563217],[34.371487,0.566206],[34.372646,0.568566],[34.374958,0.576066],[34.377033,0.578808],[34.37278,0.585204],[34.370125,0.590153],[34.370075,0.592913],[34.370819,0.596777],[34.369583,0.603973],[34.369884,0.606581],[34.370712,0.607715],[34.375576,0.60668],[34.378891,0.613006],[34.378677,0.622322],[34.379322,0.625177],[34.383739,0.633362],[34.383846,0.634763],[34.383137,0.643918],[34.385471,0.643108],[34.38636,0.645108],[34.387733,0.645643],[34.391972,0.646304],[34.393318,0.647826],[34.393471,0.64927],[34.396881,0.649819],[34.400681,0.652369],[34.406265,0.654936],[34.411724,0.657065],[34.41497,0.657517],[34.417103,0.659623],[34.409256,0.68133],[34.409489,0.682255],[34.41571,0.68998],[34.409302,0.709788],[34.407928,0.715713],[34.406281,0.718188],[34.404118,0.72517],[34.402542,0.727168],[34.404537,0.729535],[34.40662,0.729333],[34.40892,0.727755],[34.410698,0.729283],[34.413536,0.730122],[34.417088,0.730164],[34.420662,0.731474],[34.422466,0.7316],[34.425365,0.730231],[34.431503,0.72641],[34.432652,0.729573],[34.433014,0.734461],[34.433701,0.739397],[34.432983,0.744285],[34.429676,0.749719],[34.429379,0.752042],[34.427475,0.754193],[34.424461,0.759704],[34.424065,0.76141],[34.424099,0.767079],[34.421638,0.767079],[34.416801,0.768096],[34.41151,0.767329],[34.410229,0.762153],[34.407284,0.759518],[34.406021,0.757067],[34.402393,0.756389],[34.399483,0.756597],[34.396778,0.757615],[34.393745,0.759387],[34.390495,0.763004],[34.389431,0.764949],[34.386147,0.767769],[34.382275,0.774069],[34.379372,0.774497],[34.376617,0.773349],[34.373249,0.774562],[34.370712,0.772391],[34.369259,0.772189],[34.366959,0.77342],[34.360527,0.778413]]]},"properties":{"code":504}},{"type":"Feature","geometry":{"type":"Polygon","coordinates":[[[37.385826,0.274424],[37.382648,0.272712],[37.378792,0.273508],[37.374615,0.271195],[37.373646,0.269753],[37.373619,0.266371],[37.372459,0.262712],[37.36364,0.258036],[37.363476,0.255975],[37.362518,0.254577],[37.360065,0.254035],[37.359818,0.251101],[37.361237,0.250479],[37.36208,0.248141],[37.36412,0.247346],[37.366035,0.247694],[37.366955,0.2465],[37.366325,0.24439],[37.363697,0.242994],[37.363014,0.241276],[37.363773,0.237473],[37.359024,0.232573],[37.358749,0.230584],[37.357307,0.226804],[37.35487,0.223969],[37.355564,0.221308],[37.354645,0.216781],[37.351585,0.213424],[37.351536,0.210539],[37.350693,0.209122],[37.348377,0.207953],[37.34798,0.204297],[37.348801,0.200019],[37.348572,0.196299],[37.333614,0.192256],[37.338089,0.184198],[37.329136,0.182408],[37.321976,0.183303],[37.307201,0.179722],[37.30228,0.171664],[37.291088,0.160921],[37.280792,0.152416],[37.280792,0.144359],[37.281689,0.134063],[37.279003,0.128244],[37.274635,0.123385],[37.26236,0.11218],[37.253399,0.098093],[37.250431,0.097646],[37.248028,0.105087],[37.235046,0.102457],[37.23354,0.083672],[37.22448,0.07782],[37.220211,0.07534],[37.215523,0.074178],[37.211151,0.07267],[37.205574,0.069404],[37.201408,0.067779],[37.200089,0.06579],[37.198425,0.064481],[37.192707,0.060979],[37.187534,0.058625],[37.18074,0.057508],[37.173664,0.056673],[37.168957,0.054811],[37.164383,0.053395],[37.156364,0.052069],[37.153683,0.05125],[37.150867,0.049],[37.149376,0.047123],[37.143879,0.044158],[37.139721,0.040716],[37.13522,0.03979],[37.131882,0.039486],[37.125206,0.03979],[37.118183,0.039226],[37.110638,0.039139],[37.108383,0.038012],[37.09763,0.030728],[37.089912,0.023921],[37.0881,0.022645],[37.089577,0.020672],[37.091579,0.01929],[37.093964,0.016423],[37.0961,0.014723],[37.097469,0.01275],[37.100246,0.010809],[37.103245,0.006506],[37.103245,0.004207],[37.105534,0.00161],[37.106686,-0.004726],[37.108524,-0.009535],[37.109898,-0.012371],[37.110989,-0.013613],[37.113331,-0.014763],[37.114723,-0.017935],[37.117798,-0.019664],[37.121616,-0.023113],[37.122471,-0.02449],[37.12471,-0.026076],[37.1278,-0.026915],[37.12875,-0.029105],[37.1315,-0.029827],[37.130466,-0.036871],[37.13541,-0.041344],[37.307785,-0.151074],[37.527546,-0.18145],[37.590759,-0.183264],[37.591953,-0.186409],[37.593445,-0.188255],[37.596012,-0.189707],[37.597687,-0.189694],[37.600918,-0.192174],[37.602867,-0.194517],[37.605995,-0.194824],[37.608494,-0.194314],[37.61343,-0.194281],[37.617252,-0.196905],[37.61805,-0.199117],[37.620861,-0.199987],[37.622982,-0.20161],[37.623112,-0.204888],[37.624355,-0.205778],[37.626034,-0.204875],[37.628284,-0.205405],[37.629265,-0.206387],[37.631752,-0.207107],[37.633453,-0.206694],[37.6362,-0.208644],[37.638504,-0.207002],[37.640469,-0.207421],[37.642559,-0.211622],[37.646069,-0.213303],[37.64917,-0.213349],[37.654129,-0.212361],[37.65617,-0.212741],[37.658382,-0.213853],[37.660191,-0.21594],[37.661667,-0.216473],[37.665512,-0.204214],[37.668011,-0.206387],[37.670055,-0.20695],[37.675499,-0.20655],[37.680851,-0.207368],[37.683964,-0.207296],[37.689175,-0.203992],[37.695274,-0.20464],[37.696739,-0.203436],[37.698936,-0.202906],[37.700912,-0.203468],[37.70327,-0.202343],[37.706448,-0.20269],[37.709656,-0.201558],[37.712574,-0.202736],[37.716488,-0.201695],[37.717598,-0.202415],[37.720032,-0.2025],[37.722416,-0.203298],[37.724602,-0.201211],[37.726536,-0.200727],[37.728329,-0.199431],[37.732388,-0.19915],[37.73473,-0.195688],[37.738068,-0.192207],[37.739639,-0.191016],[37.742424,-0.190853],[37.744335,-0.18762],[37.745983,-0.189092],[37.747253,-0.189367],[37.748146,-0.188],[37.749939,-0.187555],[37.749256,-0.185906],[37.751194,-0.185133],[37.753456,-0.182745],[37.754005,-0.179931],[37.755867,-0.177059],[37.75605,-0.173296],[37.758678,-0.171386],[37.759686,-0.168304],[37.761742,-0.164966],[37.764671,-0.159031],[37.766464,-0.158109],[37.768116,-0.156303],[37.770012,-0.15591],[37.77166,-0.15771],[37.774582,-0.15873],[37.777874,-0.158898],[37.784454,-0.15455],[37.787323,-0.155662],[37.788578,-0.156997],[37.791668,-0.157762],[37.793957,-0.159896],[37.795803,-0.16074],[37.796627,-0.161981],[37.857208,-0.121045],[37.857792,-0.120084],[37.857361,-0.117576],[37.853497,-0.115582],[37.851727,-0.112765],[37.854385,-0.11098],[37.855106,-0.109566],[37.853355,-0.106177],[37.852608,-0.10557],[37.849499,-0.105016],[37.86237,-0.068873],[37.848343,-0.030365],[37.850132,-0.018676],[37.854073,-0.011837],[37.855526,-0.012857],[37.857201,-0.011366],[37.858391,-0.011326],[37.859898,-0.012759],[37.862709,-0.012956],[37.86385,-0.011856],[37.866154,-0.01253],[37.868233,-0.010894],[37.874043,-0.010521],[37.876163,-0.011588],[37.877289,-0.010292],[37.8792,-0.011915],[37.879135,-0.013355],[37.877209,-0.014624],[37.879108,-0.015789],[37.882,-0.016555],[37.884121,-0.018465],[37.886097,-0.017634],[37.887783,-0.018276],[37.88916,-0.017935],[37.891712,-0.01857],[37.894211,-0.003019],[37.897797,0.003636],[37.899971,0.010245],[37.900715,0.00949],[37.904259,0.008593],[37.907284,0.006945],[37.91066,0.006598],[37.913944,0.006761],[37.916706,0.00578],[37.91872,0.007553],[37.921692,0.007828],[37.92609,0.006787],[37.92881,0.008476],[37.9305,0.008443],[37.934948,0.006905],[37.937595,0.008384],[37.938789,0.019202],[37.94202,0.019824],[37.941395,0.021073],[37.941536,0.023619],[37.940216,0.025202],[37.939915,0.027427],[37.944088,0.027578],[37.947819,0.028507],[37.949127,0.030169],[37.949364,0.033159],[37.951405,0.035463],[37.954494,0.037543],[37.956661,0.039581],[37.952072,0.041555],[37.9464,0.046335],[37.96019,0.067077],[37.963955,0.068413],[37.972095,0.067806],[37.976383,0.068275],[37.979992,0.066628],[37.983303,0.067348],[37.986141,0.066399],[37.990253,0.06759],[37.993118,0.068919],[37.995434,0.067872],[37.997517,0.06793],[37.99876,0.067119],[37.99987,0.06407],[38.00127,0.064031],[38.003574,0.065346],[38.005302,0.065437],[38.007175,0.064423],[38.011414,0.063239],[38.012749,0.061943],[38.015381,0.061446],[38.017174,0.060347],[38.018692,0.058344],[38.020901,0.053633],[38.021832,0.052821],[38.02644,0.052449],[38.028309,0.051375],[38.029106,0.047881],[38.029945,0.046317],[38.032982,0.044001],[38.034161,0.041429],[38.033062,0.039244],[38.034958,0.037268],[38.03653,0.034774],[38.03891,0.034316],[38.039524,0.030842],[38.041515,0.028839],[38.04269,0.026373],[38.045284,0.027341],[38.046852,0.028768],[38.048882,0.027884],[38.049747,0.02579],[38.051174,0.026235],[38.052376,0.028381],[38.053791,0.028938],[38.055897,0.026412],[38.058788,0.024783],[38.059849,0.024756],[38.062233,0.027511],[38.063839,0.02742],[38.066025,0.026216],[38.068001,0.026876],[38.068878,0.025162],[38.070137,0.026405],[38.07214,0.026464],[38.074062,0.029343],[38.074402,0.031797],[38.077595,0.032622],[38.07885,0.031306],[38.080318,0.031555],[38.081654,0.029618],[38.083473,0.029945],[38.084045,0.031771],[38.083603,0.034532],[38.085278,0.035972],[38.085945,0.037942],[38.087868,0.040402],[38.088573,0.042987],[38.093182,0.044668],[38.094059,0.046069],[38.094322,0.048149],[38.095222,0.049118],[38.098232,0.050603],[38.101425,0.049733],[38.104343,0.047704],[38.105377,0.048529],[38.105366,0.050708],[38.108257,0.051258],[38.113625,0.057402],[38.115299,0.056447],[38.115509,0.054876],[38.117081,0.054176],[38.11713,0.051886],[38.117981,0.050603],[38.119736,0.050642],[38.121017,0.052481],[38.122051,0.052821],[38.123859,0.05078],[38.125885,0.051604],[38.12751,0.051506],[38.129471,0.052933],[38.133675,0.050152],[38.136986,0.049857],[38.138294,0.048535],[38.140152,0.048012],[38.144234,0.04455],[38.147964,0.040225],[38.150528,0.038315],[38.151497,0.037012],[38.154572,0.034617],[38.156902,0.034205],[38.16032,0.029455],[38.162319,0.028597],[38.16431,0.028624],[38.168591,0.027688],[38.171219,0.026543],[38.172176,0.027616],[38.176273,0.026497],[38.180275,0.023742],[38.180866,0.021818],[38.182133,0.020313],[38.184189,0.020863],[38.185604,0.019214],[38.189816,0.01767],[38.191532,0.015425],[38.192852,0.01498],[38.195835,0.017264],[38.198074,0.016898],[38.200157,0.017879],[38.205639,0.01962],[38.208912,0.018939],[38.209984,0.017055],[38.212875,0.014719],[38.214054,0.014247],[38.217602,0.015366],[38.221958,0.013227],[38.224014,0.011839],[38.223164,0.009746],[38.220978,0.008404],[38.221581,0.006389],[38.225651,0.005132],[38.228043,0.005492],[38.229744,0.002541],[38.2304,-0.005907],[38.231956,-0.008148],[38.237621,-0.008919],[38.238003,-0.012199],[38.239853,-0.01484],[38.242378,-0.015231],[38.246536,-0.018964],[38.248764,-0.017913],[38.250572,-0.012834],[38.251194,-0.012074],[38.256985,-0.012235],[38.258785,-0.013157],[38.261581,-0.013579],[38.264812,-0.013109],[38.268265,-0.016026],[38.271877,-0.015988],[38.2761,-0.016941],[38.277367,-0.01955],[38.28001,-0.018851],[38.282867,-0.019275],[38.285038,-0.021416],[38.286686,-0.022241],[38.288376,-0.022162],[38.289619,-0.023602],[38.290169,-0.027986],[38.291359,-0.030597],[38.293755,-0.033738],[38.296291,-0.033993],[38.297314,-0.034805],[38.298176,-0.038561],[38.302498,-0.041276],[38.303398,-0.042284],[38.303425,-0.043992],[38.30061,-0.046779],[38.301109,-0.048127],[38.304852,-0.049469],[38.308189,-0.050208],[38.309132,-0.051476],[38.310627,-0.051185],[38.314945,-0.052458],[38.31974,-0.055206],[38.323215,-0.058633],[38.32679,-0.063314],[38.330067,-0.065569],[38.332977,-0.064908],[38.339573,-0.06037],[38.344261,-0.060381],[38.346901,-0.061357],[38.354366,-0.066372],[38.361435,-0.071833],[38.364571,-0.075289],[38.366806,-0.076919],[38.369728,-0.077972],[38.375195,-0.078834],[38.377247,-0.080732],[38.379047,-0.083772],[38.381489,-0.085509],[38.383991,-0.085027],[38.38802,-0.082094],[38.389977,-0.078626],[38.391563,-0.073469],[38.393654,-0.072094],[38.396835,-0.072279],[38.39962,-0.0731],[38.401661,-0.074545],[38.403469,-0.074938],[38.409897,-0.073933],[38.413616,-0.071964],[38.415562,-0.072041],[38.419479,-0.069132],[38.420704,-0.069285],[38.419735,-0.066277],[38.41901,-0.065694],[38.416237,-0.065527],[38.413536,-0.064493],[38.411549,-0.062341],[38.412827,-0.060321],[38.41243,-0.057562],[38.410576,-0.055661],[38.411987,-0.054246],[38.412399,-0.052373],[38.413425,-0.051523],[38.412762,-0.04999],[38.411148,-0.050164],[38.410431,-0.048954],[38.411194,-0.047241],[38.409706,-0.043838],[38.407413,-0.042446],[38.406582,-0.040865],[38.407139,-0.037414],[38.404972,-0.033274],[38.405315,-0.030668],[38.40477,-0.028146],[38.407146,-0.02779],[38.407307,-0.02694],[38.404934,-0.025303],[38.402782,-0.024505],[38.401333,-0.023143],[38.400131,-0.020103],[38.400509,-0.018747],[38.402306,-0.017153],[38.40107,-0.013798],[38.39925,-0.01419],[38.396446,-0.011642],[38.393356,-0.010472],[38.395054,-0.007783],[38.390163,-0.005804],[38.386082,-0.00297],[38.383068,-0.002174],[38.380821,-0.002198],[38.379513,-0.001139],[38.378502,0.004251],[38.377666,0.005916],[38.376324,0.006689],[38.373051,0.006689],[38.372005,0.007118],[38.370541,0.009771],[38.369671,0.012483],[38.367733,0.014066],[38.366592,0.016469],[38.363567,0.017421],[38.360046,0.020931],[38.358059,0.021811],[38.355419,0.027867],[38.355301,0.033351],[38.356895,0.035207],[38.357857,0.03861],[38.357643,0.039978],[38.353767,0.042084],[38.352364,0.042358],[38.351089,0.044059],[38.349316,0.04482],[38.347603,0.044416],[38.345402,0.045439],[38.345272,0.048175],[38.346889,0.050579],[38.34827,0.054529],[38.347996,0.057907],[38.348259,0.059906],[38.350006,0.061453],[38.348663,0.063225],[38.341927,0.061976],[38.340073,0.06357],[38.339977,0.065688],[38.341347,0.068317],[38.341034,0.069222],[38.338619,0.070542],[38.336788,0.072184],[38.334148,0.072838],[38.33128,0.072648],[38.328922,0.073993],[38.325428,0.077145],[38.32439,0.079001],[38.324547,0.081999],[38.326534,0.084534],[38.327736,0.08821],[38.327545,0.090304],[38.329865,0.093754],[38.329887,0.096383],[38.329315,0.097442],[38.32663,0.097942],[38.322987,0.099239],[38.32169,0.100559],[38.320824,0.103319],[38.320229,0.107245],[38.318516,0.109042],[38.316753,0.109458],[38.314316,0.109173],[38.312244,0.109554],[38.310413,0.110767],[38.308472,0.113135],[38.30714,0.117549],[38.305809,0.120285],[38.305344,0.123319],[38.306152,0.129041],[38.306927,0.132004],[38.305664,0.134348],[38.305176,0.139856],[38.303692,0.143568],[38.303192,0.146542],[38.301369,0.14941],[38.300739,0.151266],[38.300381,0.155144],[38.298885,0.159713],[38.297836,0.161093],[38.292519,0.163889],[38.290863,0.165471],[38.287796,0.167137],[38.286179,0.171039],[38.284641,0.172014],[38.283573,0.173763],[38.280598,0.175072],[38.279942,0.17625],[38.276089,0.178736],[38.271912,0.179343],[38.267677,0.181758],[38.266117,0.183662],[38.264011,0.185042],[38.262501,0.189063],[38.263157,0.190848],[38.262417,0.192549],[38.258812,0.19412],[38.256363,0.197855],[38.254314,0.199628],[38.250484,0.200616],[38.249035,0.202567],[38.245621,0.203911],[38.244701,0.206576],[38.243313,0.20748],[38.240219,0.206017],[38.23798,0.207326],[38.235806,0.210014],[38.234806,0.21237],[38.233711,0.213417],[38.230915,0.214631],[38.228462,0.216629],[38.226131,0.216201],[38.222134,0.216177],[38.217838,0.218533],[38.217102,0.219532],[38.213783,0.221507],[38.203537,0.225148],[38.201836,0.226349],[38.200336,0.22629],[38.198853,0.225172],[38.19796,0.225921],[38.19651,0.228681],[38.1959,0.322502],[38.176544,0.330056],[38.094578,0.563133],[38.062702,0.66549],[38.061295,0.667437],[37.825977,0.561775],[37.58646,0.481161],[37.586575,0.478959],[37.584461,0.474899],[37.586727,0.473271],[37.585922,0.472214],[37.586594,0.468628],[37.584492,0.465523],[37.581593,0.463003],[37.58099,0.457718],[37.582363,0.455507],[37.581341,0.453741],[37.58099,0.451763],[37.582363,0.450058],[37.5816,0.446618],[37.582058,0.445035],[37.58099,0.442366],[37.581291,0.436476],[37.58094,0.433507],[37.581593,0.424899],[37.582096,0.423138],[37.58144,0.420017],[37.582699,0.412316],[37.583809,0.40849],[37.584007,0.406577],[37.585629,0.401721],[37.598759,0.401492],[37.603241,0.360731],[37.592171,0.340099],[37.580826,0.327519],[37.555462,0.327821],[37.553799,0.324739],[37.552685,0.324028],[37.551121,0.319741],[37.550102,0.318746],[37.548965,0.315183],[37.547333,0.314766],[37.547546,0.310692],[37.548824,0.3074],[37.550079,0.306665],[37.549461,0.301008],[37.550056,0.295722],[37.547474,0.290913],[37.546646,0.286389],[37.548115,0.285299],[37.547665,0.279069],[37.54483,0.276913],[37.544701,0.273834],[37.542572,0.271418],[37.538589,0.269405],[37.537357,0.265994],[37.537052,0.263981],[37.46418,0.282957],[37.427788,0.2978],[37.399509,0.296196],[37.399548,0.283995],[37.385826,0.274424]]]},"properties":{"code":602}},{"type":"Feature","geometry":{"type":"Polygon","coordinates":[[[34.850304,0.54573],[34.870216,0.530166],[34.870625,0.528057],[34.873108,0.524926],[34.885883,0.520452],[34.906265,0.502557],[34.906467,0.49286],[34.923309,0.474896],[34.956039,0.415017],[34.954033,0.366773],[34.947056,0.354218],[34.935287,0.357144],[34.941154,0.324397],[34.944096,0.315535],[34.949696,0.300105],[34.975788,0.247302],[34.977219,0.24043],[34.961277,0.239902],[34.955151,0.241048],[34.941463,0.207024],[34.927864,0.207297],[34.925144,0.199192],[34.915943,0.171753],[34.917458,0.169567],[34.919922,0.168082],[34.920383,0.166015],[34.917988,0.161672],[34.915619,0.155974],[34.914207,0.154379],[34.910767,0.152905],[34.903645,0.152804],[34.900074,0.15138],[34.897835,0.149705],[34.89323,0.147929],[34.885365,0.143895],[34.883671,0.142772],[34.882759,0.137956],[34.880779,0.136109],[34.876667,0.134967],[34.87381,0.133787],[34.869747,0.130028],[34.865437,0.124288],[34.862144,0.122787],[34.859283,0.12106],[34.857437,0.117227],[34.856659,0.1111],[34.856789,0.107019],[34.858067,0.104818],[34.85817,0.100525],[34.857224,0.09681],[34.856976,0.093321],[34.857594,0.088069],[34.859165,0.084981],[34.859165,0.083254],[34.85725,0.080723],[34.854279,0.079836],[34.852116,0.073223],[34.849041,0.070242],[34.847977,0.068515],[34.846638,0.064079],[34.849098,0.060389],[34.838856,0.04643],[34.837505,0.036281],[34.825924,0.034424],[34.822128,0.036305],[34.810429,0.036855],[34.808182,0.034932],[34.806564,0.031049],[34.804764,0.02984],[34.800388,0.025291],[34.798523,0.024434],[34.797638,0.02294],[34.793583,0.021017],[34.791134,0.019199],[34.789803,0.018781],[34.789005,0.016116],[34.786549,0.013089],[34.784008,0.013232],[34.78056,0.011157],[34.779182,0.007226],[34.777279,0.005932],[34.772964,0.00537],[34.771004,0.004266],[34.769176,0.002477],[34.766533,0.002267],[34.765324,-0.001721],[34.761993,-0.003641],[34.760532,-0.000963],[34.760532,0.002073],[34.759846,0.004541],[34.759525,0.007937],[34.756817,0.009565],[34.75462,0.009785],[34.751205,0.009106],[34.74374,0.008017],[34.740154,0.00509],[34.739388,0.002852],[34.739101,-0.002262],[34.739483,-0.003381],[34.744297,-0.010525],[34.744984,-0.012587],[34.744926,-0.01691],[34.746628,-0.023871],[34.747074,-0.024732],[34.749451,-0.028226],[34.750568,-0.033053],[34.754612,-0.033421],[34.755138,-0.032989],[34.757195,-0.026348],[34.760414,-0.023383],[34.762714,-0.017949],[34.763882,-0.01747],[34.767216,-0.018613],[34.769245,-0.018469],[34.771866,-0.017174],[34.774712,-0.017238],[34.779442,-0.01946],[34.780975,-0.021394],[34.781776,-0.017408],[34.783401,-0.013362],[34.787651,-0.006649],[34.789791,-0.004864],[34.803448,0.010103],[34.806225,0.010824],[34.808685,0.010617],[34.809784,0.011176],[34.812469,0.014727],[34.814236,0.015664],[34.817013,0.018728],[34.818691,0.021943],[34.830669,0.023905],[34.812546,-0.001782],[34.812069,-0.003852],[34.810108,-0.006311],[34.80608,-0.009262],[34.803692,-0.012852],[34.803162,-0.014978],[34.803421,-0.017748],[34.805035,-0.019677],[34.806824,-0.020226],[34.809048,-0.022839],[34.82666,-0.028452],[34.879978,-0.027387],[34.89159,-0.025645],[34.906105,-0.029322],[34.9212,-0.026806],[34.919846,-0.033387],[34.923717,-0.036677],[34.934166,-0.035903],[34.955166,-0.030967],[34.952843,-0.026903],[34.957874,-0.026516],[34.964649,-0.032322],[34.978775,-0.024581],[34.989807,-0.024774],[34.989422,-0.02013],[35.00684,-0.029613],[35.032578,-0.035225],[35.042255,-0.036193],[35.049995,-0.035612],[35.065613,-0.068771],[35.067181,-0.067859],[35.069969,-0.064461],[35.069588,-0.062558],[35.070206,-0.059674],[35.071541,-0.057485],[35.074223,-0.055296],[35.077442,-0.054097],[35.07962,-0.052774],[35.080666,-0.053345],[35.082191,-0.050242],[35.085606,-0.050404],[35.088997,-0.045987],[35.091652,-0.044626],[35.093155,-0.038554],[35.094059,-0.036983],[35.094116,-0.033957],[35.094898,-0.031768],[35.098541,-0.02915],[35.100311,-0.028465],[35.102215,-0.024334],[35.10133,-0.022802],[35.101559,-0.018062],[35.10059,-0.016825],[35.10178,-0.015178],[35.101929,-0.013351],[35.100559,-0.012475],[35.100292,-0.011124],[35.101303,-0.006231],[35.102726,-0.005338],[35.143826,-0.032152],[35.152439,-0.036573],[35.151844,-0.039246],[35.154568,-0.037048],[35.157928,-0.037115],[35.161274,-0.033331],[35.16103,-0.031556],[35.163826,-0.031052],[35.165424,-0.03254],[35.168926,-0.031625],[35.169682,-0.030554],[35.171654,-0.030224],[35.177101,-0.028472],[35.177944,-0.029986],[35.17923,-0.030324],[35.180988,-0.028577],[35.18375,-0.030195],[35.185112,-0.028872],[35.187195,-0.029967],[35.189705,-0.028677],[35.191677,-0.028472],[35.191677,-0.027045],[35.193741,-0.026377],[35.195515,-0.028063],[35.199406,-0.027425],[35.20232,-0.030328],[35.206429,-0.0294],[35.207623,-0.03095],[35.210457,-0.033336],[35.212326,-0.032649],[35.213348,-0.033802],[35.214836,-0.033959],[35.215816,-0.036715],[35.218208,-0.038027],[35.22068,-0.037044],[35.221241,-0.039052],[35.226482,-0.067726],[35.226482,-0.106569],[35.280075,-0.099358],[35.307938,-0.086738],[35.325882,-0.101816],[35.340961,-0.109519],[35.371609,-0.110339],[35.390865,-0.097063],[35.397423,-0.090671],[35.402176,-0.08723],[35.424004,-0.078204],[35.403687,-0.024469],[35.413513,0.005165],[35.437477,0.018775],[35.43483,0.025467],[35.403801,0.105291],[35.401318,0.107963],[35.39922,0.108822],[35.396259,0.109013],[35.393398,0.107486],[35.390152,0.103191],[35.387955,0.102141],[35.385998,0.101855],[35.380653,0.114167],[35.377125,0.115981],[35.374546,0.11789],[35.372158,0.121421],[35.370823,0.127243],[35.335892,0.143088],[35.335892,0.160502],[35.340282,0.168102],[35.34,0.193822],[35.303192,0.211268],[35.223389,0.327543],[35.220348,0.333059],[35.193222,0.377632],[35.175549,0.419167],[35.171047,0.421531],[35.139248,0.471676],[35.159847,0.504206],[35.16523,0.546167],[35.163773,0.545204],[35.16209,0.545143],[35.162178,0.543372],[35.159622,0.540767],[35.158157,0.540631],[35.155792,0.538152],[35.153103,0.53797],[35.151737,0.53735],[35.146969,0.53777],[35.143925,0.537548],[35.142284,0.535793],[35.13932,0.534742],[35.134789,0.537376],[35.132534,0.539267],[35.131474,0.541373],[35.12973,0.540835],[35.127811,0.541575],[35.12767,0.543215],[35.126057,0.544054],[35.123409,0.543923],[35.122162,0.543335],[35.118721,0.543934],[35.115154,0.545225],[35.113735,0.547815],[35.111382,0.547965],[35.108818,0.549022],[35.10738,0.550272],[35.106949,0.551996],[35.1054,0.554568],[35.098667,0.539091],[35.071728,0.55106],[35.044395,0.56148],[34.850304,0.54573]]]},"properties":{"code":303}},{"type":"Feature","geometry":{"type":"Polygon","coordinates":[[[34.370659,0.306559],[34.366135,0.300093],[34.362309,0.298256],[34.361118,0.298888],[34.358902,0.303492],[34.356586,0.305792],[34.346104,0.307457],[34.33593,0.310941],[34.333012,0.311384],[34.32975,0.31104],[34.326828,0.310291],[34.321857,0.309504],[34.312489,0.309291],[34.309586,0.309871],[34.301441,0.310192],[34.299839,0.310742],[34.298725,0.309917],[34.293766,0.309757],[34.28957,0.30874],[34.286953,0.307322],[34.285164,0.309818],[34.280441,0.310964],[34.273926,0.31198],[34.270573,0.312721],[34.263565,0.315219],[34.256897,0.315074],[34.249916,0.313378],[34.249344,0.311518],[34.244656,0.30163],[34.241753,0.296471],[34.238506,0.291797],[34.237377,0.289652],[34.207645,0.288327],[34.207489,0.286483],[34.206234,0.283305],[34.206348,0.281763],[34.207661,0.279612],[34.20768,0.274453],[34.206367,0.270684],[34.206203,0.268847],[34.206825,0.26267],[34.205853,0.261109],[34.20496,0.264592],[34.202541,0.268152],[34.193451,0.272159],[34.191006,0.273615],[34.188053,0.276318],[34.186787,0.278193],[34.185722,0.282172],[34.18428,0.286116],[34.179188,0.289],[34.176628,0.293749],[34.174324,0.295558],[34.167091,0.297747],[34.15876,0.30052],[34.159195,0.298163],[34.15815,0.290682],[34.15749,0.289202],[34.153763,0.283908],[34.15097,0.278554],[34.148491,0.274843],[34.145988,0.268812],[34.141762,0.2631],[34.138638,0.258285],[34.133732,0.252959],[34.131832,0.251321],[34.126255,0.247982],[34.116894,0.243234],[34.116085,0.241969],[34.115692,0.239037],[34.116032,0.233699],[34.115772,0.223287],[34.116211,0.221204],[34.114666,0.214462],[34.112926,0.211143],[34.112541,0.209531],[34.110634,0.206843],[34.109455,0.20598],[34.110508,0.202869],[34.110771,0.200128],[34.109955,0.198034],[34.108192,0.195321],[34.105728,0.188726],[34.10553,0.186165],[34.108269,0.182168],[34.109859,0.180331],[34.111553,0.177456],[34.112267,0.174097],[34.111725,0.170299],[34.112705,0.165854],[34.11319,0.158611],[34.112705,0.153824],[34.114208,0.145162],[34.110916,0.135463],[34.109116,0.131861],[34.106224,0.128095],[34.102676,0.125476],[34.102295,0.126895],[34.102894,0.131152],[34.105133,0.135736],[34.100876,0.136009],[34.097485,0.134519],[34.093746,0.130664],[34.093014,0.129277],[34.092472,0.125461],[34.090145,0.123468],[34.089622,0.125751],[34.086868,0.12632],[34.084133,0.122645],[34.080776,0.122098],[34.077766,0.120719],[34.074615,0.119866],[34.071835,0.119647],[34.073483,0.113584],[34.073971,0.106323],[34.072723,0.101779],[34.071522,0.099507],[34.069515,0.097858],[34.068001,0.09425],[34.065998,0.090508],[34.066147,0.087499],[34.042133,-0.000138],[34.030155,-0.01737],[34.019398,-0.026972],[34.015831,-0.026694],[34.011101,-0.025908],[33.950516,-0.025979],[33.98222,-0.129406],[33.947662,-0.337183],[34.239792,-0.337478],[34.279259,-0.408697],[34.282169,-0.413098],[34.284573,-0.416188],[34.289349,-0.420748],[34.293949,-0.423456],[34.299313,-0.425161],[34.301937,-0.425419],[34.307556,-0.425351],[34.31311,-0.424268],[34.316631,-0.422914],[34.320488,-0.420477],[34.324009,-0.417701],[34.370544,-0.37795],[34.422443,-0.333619],[34.425354,-0.331926],[34.483418,-0.299272],[34.425995,-0.130514],[34.424244,-0.125153],[34.42429,-0.121959],[34.411427,-0.082996],[34.41161,-0.078401],[34.416504,-0.075425],[34.43755,-0.061302],[34.43771,-0.059066],[34.446281,-0.05581],[34.455967,-0.048254],[34.46048,-0.042378],[34.485775,-0.02987],[34.529133,-0.020848],[34.529724,-0.019713],[34.534115,-0.015367],[34.534756,-0.013185],[34.537239,-0.01051],[34.541962,-0.006542],[34.543491,-0.00439],[34.537292,0.005366],[34.541092,0.006624],[34.54303,0.008125],[34.551216,0.018251],[34.552094,0.021876],[34.553295,0.040625],[34.5541,0.043558],[34.556747,0.047934],[34.560184,0.046871],[34.559772,0.050035],[34.557865,0.054942],[34.559402,0.06315],[34.56028,0.071648],[34.559158,0.077917],[34.55497,0.08867],[34.559387,0.091879],[34.560349,0.093926],[34.555119,0.0993],[34.559254,0.101324],[34.560753,0.103906],[34.560753,0.106928],[34.557495,0.111007],[34.554092,0.112063],[34.548241,0.111946],[34.547974,0.112993],[34.5457,0.112933],[34.545105,0.114123],[34.547295,0.115384],[34.548153,0.11724],[34.552395,0.117502],[34.55331,0.118323],[34.552418,0.120143],[34.552517,0.122368],[34.55423,0.123736],[34.555428,0.126794],[34.554546,0.128816],[34.552139,0.129685],[34.549496,0.13135],[34.546291,0.136371],[34.545837,0.13762],[34.541649,0.13857],[34.539352,0.138189],[34.537235,0.137202],[34.532463,0.133799],[34.531536,0.130801],[34.530109,0.128481],[34.528332,0.126637],[34.524742,0.124269],[34.5229,0.124483],[34.520084,0.125804],[34.516182,0.12816],[34.513824,0.130498],[34.512531,0.126305],[34.51165,0.121568],[34.509514,0.118641],[34.507099,0.118363],[34.505196,0.119756],[34.503616,0.122264],[34.504913,0.124494],[34.503986,0.126677],[34.502499,0.128488],[34.500271,0.127559],[34.495579,0.121846],[34.50185,0.117573],[34.503288,0.115762],[34.501709,0.11395],[34.495113,0.111164],[34.495998,0.10912],[34.495441,0.104382],[34.493164,0.102199],[34.491165,0.10271],[34.487743,0.104642],[34.483463,0.104395],[34.479248,0.105656],[34.477295,0.104966],[34.473568,0.102598],[34.473866,0.112758],[34.478508,0.113008],[34.48008,0.115281],[34.477768,0.117184],[34.473869,0.119314],[34.469639,0.120004],[34.464363,0.1228],[34.462673,0.123157],[34.460266,0.122776],[34.458206,0.123978],[34.457729,0.12744],[34.456726,0.130688],[34.461372,0.13045],[34.469563,0.130711],[34.471573,0.131175],[34.474316,0.133201],[34.476471,0.136464],[34.481724,0.138357],[34.484009,0.140478],[34.483845,0.143055],[34.482376,0.145046],[34.481461,0.149516],[34.481903,0.151627],[34.479988,0.152793],[34.477356,0.155446],[34.472126,0.156898],[34.466862,0.157647],[34.461369,0.154816],[34.457855,0.15403],[34.455379,0.154173],[34.450924,0.152995],[34.447742,0.150842],[34.444595,0.149866],[34.442501,0.147713],[34.439831,0.147201],[34.438129,0.146166],[34.434471,0.146273],[34.42979,0.147939],[34.425392,0.153007],[34.43161,0.15453],[34.435825,0.157873],[34.437344,0.159634],[34.43927,0.163881],[34.440697,0.165309],[34.440781,0.16732],[34.441734,0.168022],[34.439957,0.170252],[34.436115,0.17421],[34.432545,0.176306],[34.430607,0.177974],[34.42947,0.183147],[34.426571,0.185562],[34.426666,0.187156],[34.430206,0.191951],[34.432751,0.198102],[34.436275,0.202159],[34.439648,0.203456],[34.443222,0.203349],[34.446976,0.20386],[34.451408,0.206835],[34.449017,0.209381],[34.447571,0.211879],[34.444817,0.218601],[34.433048,0.214354],[34.430462,0.21389],[34.426731,0.211463],[34.421539,0.205157],[34.419926,0.203741],[34.415806,0.202254],[34.412025,0.199744],[34.410992,0.198613],[34.409622,0.195401],[34.407738,0.19201],[34.404533,0.188893],[34.401974,0.187347],[34.400433,0.185824],[34.394932,0.183444],[34.39304,0.182909],[34.390381,0.18116],[34.387726,0.180042],[34.385094,0.180597],[34.384659,0.183485],[34.385635,0.187021],[34.388496,0.192477],[34.389542,0.196349],[34.389206,0.200121],[34.389904,0.202892],[34.391666,0.20617],[34.391521,0.209277],[34.39069,0.211702],[34.390224,0.216003],[34.386883,0.222368],[34.383793,0.229094],[34.3885,0.232523],[34.390453,0.233376],[34.394382,0.233224],[34.398098,0.234077],[34.398998,0.238169],[34.398571,0.250086],[34.398827,0.254443],[34.40073,0.258933],[34.401413,0.261567],[34.399822,0.26439],[34.397133,0.265261],[34.391796,0.270225],[34.389912,0.273976],[34.389515,0.276003],[34.392017,0.277879],[34.393608,0.280001],[34.397263,0.282418],[34.396915,0.285389],[34.391624,0.287777],[34.389847,0.289602],[34.370659,0.306559]]]},"properties":{"code":406}},{"type":"Feature","geometry":{"type":"Polygon","coordinates":[[[35.640152,-0.06097],[35.635998,-0.064238],[35.633053,-0.06811],[35.629128,-0.071715],[35.62735,-0.074218],[35.625389,-0.078594],[35.623356,-0.081349],[35.619843,-0.081761],[35.614975,-0.084387],[35.616459,-0.088194],[35.61441,-0.09143],[35.621086,-0.096705],[35.622921,-0.103006],[35.622349,-0.103997],[35.612736,-0.110628],[35.611858,-0.112348],[35.611835,-0.114331],[35.603722,-0.12299],[35.601807,-0.123173],[35.59861,-0.122634],[35.596893,-0.128975],[35.597172,-0.130664],[35.59967,-0.134388],[35.600628,-0.136625],[35.600891,-0.139004],[35.60067,-0.142443],[35.599712,-0.147109],[35.601875,-0.147902],[35.602749,-0.15396],[35.607327,-0.154699],[35.609432,-0.158773],[35.61198,-0.158572],[35.614346,-0.15518],[35.61573,-0.153937],[35.621807,-0.152134],[35.624592,-0.150511],[35.626064,-0.150778],[35.628979,-0.153385],[35.634045,-0.152624],[35.637516,-0.150892],[35.639381,-0.150644],[35.641926,-0.151694],[35.645531,-0.151242],[35.646816,-0.151558],[35.649063,-0.154832],[35.651299,-0.157021],[35.651585,-0.161361],[35.652851,-0.164312],[35.654106,-0.165073],[35.656467,-0.164978],[35.659172,-0.163436],[35.662071,-0.163703],[35.666756,-0.162523],[35.669537,-0.163189],[35.668041,-0.168674],[35.6646,-0.185656],[35.672508,-0.188918],[35.662769,-0.194191],[35.6604,-0.204961],[35.657986,-0.204469],[35.656109,-0.204826],[35.654724,-0.206614],[35.654099,-0.213809],[35.656155,-0.217786],[35.654232,-0.220959],[35.654144,-0.223282],[35.655796,-0.234499],[35.656555,-0.236108],[35.652401,-0.251659],[35.65173,-0.257692],[35.648556,-0.266584],[35.645428,-0.271321],[35.643063,-0.2715],[35.641319,-0.271008],[35.639084,-0.271634],[35.631172,-0.275611],[35.630371,-0.279142],[35.630234,-0.287766],[35.619556,-0.293888],[35.61866,-0.293844],[35.617142,-0.290135],[35.610527,-0.288749],[35.603691,-0.293576],[35.602039,-0.289107],[35.600742,-0.283208],[35.593456,-0.276818],[35.591312,-0.277533],[35.591404,-0.284906],[35.583984,-0.292011],[35.580097,-0.30801],[35.568211,-0.303407],[35.571472,-0.282225],[35.558647,-0.273466],[35.528126,-0.259613],[35.524593,-0.270115],[35.510563,-0.270606],[35.502743,-0.269087],[35.501492,-0.270472],[35.489067,-0.273913],[35.469288,-0.277746],[35.454643,-0.287038],[35.412468,-0.302437],[35.451088,-0.365402],[35.586651,-0.588108],[35.586853,-0.588442],[35.6008,-0.671552],[35.610767,-0.673878],[35.62672,-0.68418],[35.642136,-0.702227],[35.645069,-0.702586],[35.646034,-0.701195],[35.645802,-0.699355],[35.646915,-0.696857],[35.648842,-0.69625],[35.649757,-0.694563],[35.650761,-0.689502],[35.652164,-0.686033],[35.659096,-0.682104],[35.663216,-0.680787],[35.663513,-0.679801],[35.662991,-0.676041],[35.66457,-0.67408],[35.665359,-0.671273],[35.665493,-0.668684],[35.666901,-0.667199],[35.668053,-0.663478],[35.669556,-0.662107],[35.670994,-0.659661],[35.672955,-0.658785],[35.675392,-0.659509],[35.676003,-0.658728],[35.676132,-0.655416],[35.678352,-0.652684],[35.67997,-0.652494],[35.680447,-0.651295],[35.68018,-0.647792],[35.68158,-0.643804],[35.684158,-0.640159],[35.683777,-0.634296],[35.684433,-0.632078],[35.684528,-0.627605],[35.683388,-0.626329],[35.683083,-0.624559],[35.684464,-0.621352],[35.686813,-0.618258],[35.686966,-0.61586],[35.688004,-0.613242],[35.688831,-0.60697],[35.690048,-0.605276],[35.690495,-0.601688],[35.691257,-0.599613],[35.693047,-0.597405],[35.695133,-0.596957],[35.697395,-0.593893],[35.699139,-0.593331],[35.700054,-0.591504],[35.701385,-0.591275],[35.702965,-0.589562],[35.703793,-0.586431],[35.70623,-0.585117],[35.706791,-0.582919],[35.708332,-0.58111],[35.709515,-0.577037],[35.709389,-0.5748],[35.710514,-0.571564],[35.709808,-0.569527],[35.709686,-0.563807],[35.710579,-0.561503],[35.709274,-0.559076],[35.709694,-0.556982],[35.708458,-0.555555],[35.70916,-0.553518],[35.711597,-0.553956],[35.715416,-0.553585],[35.717583,-0.551224],[35.722752,-0.547769],[35.724712,-0.545371],[35.72578,-0.54261],[35.72773,-0.540545],[35.729252,-0.537614],[35.730415,-0.53689],[35.7323,-0.534378],[35.734222,-0.533692],[35.737152,-0.531122],[35.73843,-0.530818],[35.771175,-0.536852],[35.774464,-0.521151],[35.794617,-0.471511],[35.79277,-0.467228],[35.793892,-0.464753],[35.79538,-0.459366],[35.799236,-0.456004],[35.81073,-0.457531],[35.814445,-0.466015],[35.812786,-0.475697],[35.813709,-0.476579],[35.827927,-0.472526],[35.83028,-0.466687],[35.835152,-0.466582],[35.838074,-0.472567],[35.83033,-0.494507],[35.888145,-0.526906],[35.903049,-0.547387],[35.910381,-0.549713],[35.931606,-0.551125],[35.933117,-0.554183],[35.935123,-0.556398],[35.937828,-0.556257],[35.943489,-0.555202],[35.946018,-0.558375],[35.946896,-0.565738],[35.947697,-0.567585],[35.949284,-0.568507],[35.951195,-0.570519],[35.981434,-0.630345],[35.949322,-0.665667],[35.914822,-0.635194],[35.87558,-0.637092],[35.878811,-0.642514],[35.878307,-0.64684],[35.876114,-0.650485],[35.891285,-0.649626],[35.929405,-0.696556],[35.928833,-0.705564],[35.945877,-0.714307],[36.011097,-0.663475],[36.016438,-0.668275],[36.021065,-0.670557],[36.028622,-0.678866],[36.062038,-0.656901],[36.097485,-0.639592],[36.100258,-0.675938],[36.141857,-0.712118],[36.145153,-0.711678],[36.147213,-0.712276],[36.149452,-0.713988],[36.153004,-0.714522],[36.153431,-0.715581],[36.152802,-0.718238],[36.151344,-0.719249],[36.153923,-0.72776],[36.156754,-0.730145],[36.158165,-0.73252],[36.158863,-0.73719],[36.158798,-0.741467],[36.161114,-0.745137],[36.16246,-0.745146],[36.164719,-0.746557],[36.166931,-0.746375],[36.169823,-0.750242],[36.169689,-0.752419],[36.172318,-0.754503],[36.174774,-0.754813],[36.178635,-0.757079],[36.180756,-0.758709],[36.182869,-0.758909],[36.183834,-0.761521],[36.18779,-0.764824],[36.190231,-0.763506],[36.19178,-0.766375],[36.181786,-0.778905],[36.189846,-0.7853],[36.187107,-0.804685],[36.157063,-0.836989],[36.16877,-0.872308],[36.188938,-0.908291],[36.184227,-0.912612],[36.184605,-0.915495],[36.193188,-0.915627],[36.203495,-0.933484],[36.262524,-0.91319],[36.333923,-1.049367],[36.489265,-1.122533],[36.53373,-1.155907],[36.541656,-1.127002],[36.563854,-1.10011],[36.566952,-1.101497],[36.588272,-1.063382],[36.586849,-1.05274],[36.584251,-1.044381],[36.595409,-0.991701],[36.594028,-0.983415],[36.588505,-0.982034],[36.584915,-0.979272],[36.584362,-0.972643],[36.584915,-0.961872],[36.579945,-0.948062],[36.572487,-0.942262],[36.576077,-0.938119],[36.578011,-0.929281],[36.574696,-0.924309],[36.568344,-0.921547],[36.561161,-0.924309],[36.552849,-0.919996],[36.542923,-0.908223],[36.54464,-0.894769],[36.550365,-0.868721],[36.546928,-0.85813],[36.548363,-0.850115],[36.558094,-0.837806],[36.55294,-0.828932],[36.531414,-0.745882],[36.526649,-0.731469],[36.516968,-0.711319],[36.5397,-0.696453],[36.517902,-0.653057],[36.524925,-0.649036],[36.523632,-0.647242],[36.523849,-0.644707],[36.522953,-0.642784],[36.522259,-0.639634],[36.522469,-0.637863],[36.520725,-0.635474],[36.518463,-0.635258],[36.517159,-0.633561],[36.514301,-0.631734],[36.513805,-0.63063],[36.517025,-0.62483],[36.515633,-0.623301],[36.513256,-0.623682],[36.510391,-0.619996],[36.509438,-0.616401],[36.509914,-0.609582],[36.500923,-0.623761],[36.488014,-0.625494],[36.464771,-0.630726],[36.449772,-0.613061],[36.447754,-0.590728],[36.446373,-0.571198],[36.437241,-0.575464],[36.408039,-0.579212],[36.402878,-0.574677],[36.402195,-0.573455],[36.400002,-0.572327],[36.401653,-0.570159],[36.400906,-0.568199],[36.402069,-0.565225],[36.401192,-0.559735],[36.401535,-0.557356],[36.403828,-0.554034],[36.403984,-0.551795],[36.40065,-0.54829],[36.400734,-0.545524],[36.402344,-0.542289],[36.401142,-0.538783],[36.399071,-0.537777],[36.39748,-0.535845],[36.397327,-0.530953],[36.398396,-0.528974],[36.400986,-0.527195],[36.401421,-0.52568],[36.402878,-0.523958],[36.401745,-0.521834],[36.401592,-0.51997],[36.398613,-0.517143],[36.398212,-0.515791],[36.400528,-0.511956],[36.399994,-0.510033],[36.399586,-0.505817],[36.396957,-0.504218],[36.396435,-0.502476],[36.394588,-0.501562],[36.393303,-0.498754],[36.393627,-0.495842],[36.395416,-0.492282],[36.395912,-0.490417],[36.394283,-0.485877],[36.39352,-0.485134],[36.393303,-0.482783],[36.391857,-0.480842],[36.391865,-0.4787],[36.390896,-0.475883],[36.392704,-0.473142],[36.390038,-0.470743],[36.388802,-0.467812],[36.388618,-0.465271],[36.387859,-0.463919],[36.386108,-0.463976],[36.384602,-0.463234],[36.384613,-0.461092],[36.385773,-0.458637],[36.384052,-0.456229],[36.38546,-0.453564],[36.386211,-0.451118],[36.386192,-0.448281],[36.387096,-0.445816],[36.38662,-0.445188],[36.387012,-0.442038],[36.385376,-0.438935],[36.385288,-0.436698],[36.384548,-0.433957],[36.383537,-0.427352],[36.382111,-0.426343],[36.380054,-0.426114],[36.378075,-0.423963],[36.377743,-0.42205],[36.37812,-0.420051],[36.377769,-0.417263],[36.377705,-0.410743],[36.376801,-0.405594],[36.37537,-0.4039],[36.371651,-0.401834],[36.369061,-0.401149],[36.367641,-0.399464],[36.364712,-0.397161],[36.363529,-0.394648],[36.36058,-0.390441],[36.359467,-0.384359],[36.358837,-0.379715],[36.331821,-0.392802],[36.318405,-0.391571],[36.310154,-0.390709],[36.307446,-0.371873],[36.290058,-0.378429],[36.273163,-0.394888],[36.261311,-0.344083],[36.252533,-0.343754],[36.247684,-0.347116],[36.245659,-0.346457],[36.242001,-0.346177],[36.240376,-0.344966],[36.23774,-0.344636],[36.23555,-0.343384],[36.232754,-0.342848],[36.228668,-0.344002],[36.228989,-0.347158],[36.228058,-0.351071],[36.223576,-0.356196],[36.222473,-0.356575],[36.208641,-0.274295],[36.243973,-0.257835],[36.232891,-0.232158],[36.221149,-0.212955],[36.21632,-0.214492],[36.209957,-0.205274],[36.208752,-0.191997],[36.207542,-0.185742],[36.198437,-0.140095],[36.210068,-0.124952],[36.218079,-0.114089],[36.219719,-0.109017],[36.226093,-0.111346],[36.226093,-0.118948],[36.244465,-0.12117],[36.250004,-0.089644],[36.249641,-0.061516],[36.246399,-0.060156],[36.246399,-0.054405],[36.250736,-0.050432],[36.253197,-0.036733],[36.252411,-0.034956],[36.255486,-0.021959],[36.265034,0.026317],[36.260254,0.038027],[36.255135,0.056153],[36.259579,0.062016],[36.269405,0.088243],[36.286938,0.111475],[36.283707,0.127468],[36.276012,0.148125],[36.260387,0.172927],[36.260052,0.173938],[36.25338,0.180609],[36.237812,0.203936],[36.235653,0.209102],[36.201851,0.234663],[36.17754,0.228368],[36.178047,0.224811],[36.179726,0.223286],[36.181808,0.222372],[36.18362,0.219871],[36.18557,0.219222],[36.190193,0.219222],[36.191666,0.218764],[36.194611,0.216427],[36.196491,0.20596],[36.196278,0.202988],[36.196896,0.201553],[36.196667,0.199257],[36.147053,0.185686],[36.139229,0.129642],[36.13501,0.11699],[36.133793,0.111909],[36.130611,0.09021],[36.129574,0.085233],[36.128609,0.079136],[36.126423,0.059371],[36.104267,0.061437],[36.111233,0.006122],[36.092644,-0.013667],[36.050358,0.004586],[36.048752,0.008315],[36.039452,0.021147],[36.033867,0.021259],[36.005272,0.031258],[35.996086,0.059931],[35.963669,0.057213],[35.962311,0.060524],[35.961823,0.063742],[35.96225,0.067126],[35.963982,0.068815],[35.963829,0.069882],[35.961891,0.072189],[35.962456,0.074878],[35.961761,0.076461],[35.963821,0.077904],[35.961079,0.080741],[35.960873,0.082567],[35.959839,0.083145],[35.958996,0.085657],[35.959515,0.087146],[35.958729,0.08846],[35.955128,0.089146],[35.954609,0.090213],[35.938892,0.095461],[35.928139,0.069766],[35.968212,0.024747],[35.970966,0.024072],[35.972321,0.022096],[35.973999,0.021026],[35.974411,0.018438],[35.976078,0.016285],[35.976532,0.013391],[35.975391,0.009096],[35.974014,0.005975],[35.972832,0.004713],[35.971214,0.000288],[35.972195,-0.001788],[35.971931,-0.004248],[35.971088,-0.005589],[35.970753,-0.009172],[35.968216,-0.014904],[35.964554,-0.020574],[35.960865,-0.023505],[35.958961,-0.026455],[35.95858,-0.031995],[35.955315,-0.035507],[35.954117,-0.037715],[35.952801,-0.038496],[35.950603,-0.042921],[35.950203,-0.045377],[35.94875,-0.04788],[35.947701,-0.05085],[35.945217,-0.053829],[35.942379,-0.055942],[35.939754,-0.057427],[35.935726,-0.061072],[35.935272,-0.061967],[35.935764,-0.064708],[35.932522,-0.068125],[35.930199,-0.068524],[35.927544,-0.07038],[35.925827,-0.072341],[35.925583,-0.074168],[35.927036,-0.075948],[35.926754,-0.077224],[35.924793,-0.078118],[35.921974,-0.078708],[35.918308,-0.08144],[35.916374,-0.081864],[35.899143,-0.048034],[35.893017,-0.051535],[35.889744,-0.048919],[35.877876,-0.038668],[35.875469,-0.036026],[35.850388,-0.075755],[35.820465,-0.119498],[35.816643,-0.117501],[35.816284,-0.115227],[35.814972,-0.113935],[35.812515,-0.109486],[35.811264,-0.108249],[35.809341,-0.105241],[35.808365,-0.104478],[35.805798,-0.100088],[35.79985,-0.103232],[35.798676,-0.10595],[35.796772,-0.107726],[35.796158,-0.109679],[35.789242,-0.111632],[35.789742,-0.16208],[35.7719,-0.192288],[35.780083,-0.194816],[35.763214,-0.224892],[35.759415,-0.225321],[35.756359,-0.226239],[35.75462,-0.226277],[35.750591,-0.223843],[35.746681,-0.220208],[35.744007,-0.219171],[35.74202,-0.219239],[35.73811,-0.220377],[35.735538,-0.22053],[35.733166,-0.220004],[35.729599,-0.217387],[35.726448,-0.214516],[35.724716,-0.212375],[35.724628,-0.209793],[35.722675,-0.202437],[35.721996,-0.19807],[35.721859,-0.192515],[35.722065,-0.172914],[35.72221,-0.172086],[35.728909,-0.160239],[35.712883,-0.132837],[35.704891,-0.124916],[35.705681,-0.122755],[35.697075,-0.113321],[35.692287,-0.109648],[35.687824,-0.096041],[35.690018,-0.086063],[35.688728,-0.075963],[35.684238,-0.075038],[35.676029,-0.075086],[35.670738,-0.073905],[35.668297,-0.073841],[35.659233,-0.076091],[35.656456,-0.077367],[35.654305,-0.079091],[35.649326,-0.081101],[35.648022,-0.079031],[35.64238,-0.068685],[35.641033,-0.065763],[35.640152,-0.06097]]]},"properties":{"code":201}},{"type":"Feature","geometry":{"type":"Polygon","coordinates":[[[34.560349,0.093926],[34.559387,0.091879],[34.55497,0.08867],[34.559158,0.077917],[34.56028,0.071648],[34.559402,0.06315],[34.557865,0.054942],[34.559772,0.050035],[34.560184,0.046871],[34.556747,0.047934],[34.5541,0.043558],[34.553295,0.040625],[34.552094,0.021876],[34.551216,0.018251],[34.54303,0.008125],[34.541092,0.006624],[34.537292,0.005366],[34.543491,-0.00439],[34.541962,-0.006542],[34.537239,-0.01051],[34.534756,-0.013185],[34.534115,-0.015367],[34.5401,-0.015747],[34.542599,-0.016918],[34.545177,-0.021291],[34.547596,-0.021916],[34.550407,-0.021603],[34.554783,-0.015512],[34.562824,-0.015825],[34.563606,-0.016293],[34.560951,-0.020822],[34.563683,-0.023555],[34.56337,-0.026601],[34.560013,-0.029256],[34.561264,-0.031677],[34.560558,-0.034019],[34.562592,-0.036752],[34.564232,-0.039798],[34.568447,-0.038158],[34.570633,-0.03605],[34.572899,-0.036596],[34.575787,-0.035893],[34.582504,-0.031208],[34.582737,-0.02418],[34.585705,-0.020979],[34.585625,-0.016293],[34.587818,-0.010586],[34.592083,-0.007321],[34.588898,0.001211],[34.603844,0.012375],[34.608467,0.006059],[34.610626,0.005369],[34.613853,-0.000697],[34.637535,-0.000658],[34.648491,-0.005726],[34.65324,-0.006173],[34.654167,-0.006612],[34.658546,-0.011927],[34.660336,-0.013492],[34.665585,-0.015112],[34.671955,-0.015838],[34.683407,-0.012039],[34.686928,-0.011089],[34.690575,-0.010595],[34.692158,-0.01288],[34.692513,-0.014795],[34.691284,-0.018372],[34.687469,-0.023725],[34.686207,-0.026295],[34.687714,-0.026557],[34.688915,-0.025772],[34.690712,-0.023154],[34.694241,-0.020846],[34.698399,-0.02162],[34.701866,-0.02175],[34.704376,-0.022333],[34.708557,-0.021512],[34.710537,-0.018157],[34.710941,-0.016444],[34.71294,-0.014386],[34.714947,-0.0104],[34.717415,-0.008842],[34.719807,-0.009258],[34.722713,-0.007343],[34.72757,-0.006548],[34.731087,-0.010588],[34.739937,-0.025768],[34.742985,-0.024618],[34.747074,-0.024732],[34.746628,-0.023871],[34.744926,-0.01691],[34.744984,-0.012587],[34.744297,-0.010525],[34.739483,-0.003381],[34.739101,-0.002262],[34.739388,0.002852],[34.740154,0.00509],[34.74374,0.008017],[34.751205,0.009106],[34.75462,0.009785],[34.756817,0.009565],[34.759525,0.007937],[34.759846,0.004541],[34.760532,0.002073],[34.760532,-0.000963],[34.761993,-0.003641],[34.765324,-0.001721],[34.766533,0.002267],[34.769176,0.002477],[34.771004,0.004266],[34.772964,0.00537],[34.777279,0.005932],[34.779182,0.007226],[34.78056,0.011157],[34.784008,0.013232],[34.786549,0.013089],[34.789005,0.016116],[34.789803,0.018781],[34.791134,0.019199],[34.793583,0.021017],[34.797638,0.02294],[34.798523,0.024434],[34.800388,0.025291],[34.804764,0.02984],[34.806564,0.031049],[34.808182,0.034932],[34.810429,0.036855],[34.822128,0.036305],[34.825924,0.034424],[34.837505,0.036281],[34.838856,0.04643],[34.849098,0.060389],[34.846638,0.064079],[34.847977,0.068515],[34.849041,0.070242],[34.852116,0.073223],[34.854279,0.079836],[34.85725,0.080723],[34.859165,0.083254],[34.859165,0.084981],[34.857594,0.088069],[34.856976,0.093321],[34.857224,0.09681],[34.85817,0.100525],[34.858067,0.104818],[34.856789,0.107019],[34.856659,0.1111],[34.857437,0.117227],[34.859283,0.12106],[34.862144,0.122787],[34.865437,0.124288],[34.869747,0.130028],[34.87381,0.133787],[34.876667,0.134967],[34.880779,0.136109],[34.882759,0.137956],[34.883671,0.142772],[34.885365,0.143895],[34.89323,0.147929],[34.897835,0.149705],[34.900074,0.15138],[34.903645,0.152804],[34.910767,0.152905],[34.914207,0.154379],[34.915619,0.155974],[34.917988,0.161672],[34.920383,0.166015],[34.919922,0.168082],[34.917458,0.169567],[34.915943,0.171753],[34.925144,0.199192],[34.922318,0.199198],[34.919384,0.20036],[34.916756,0.199903],[34.911648,0.197742],[34.909992,0.195534],[34.907154,0.194906],[34.904938,0.196476],[34.90366,0.195563],[34.902309,0.195924],[34.900215,0.199636],[34.898113,0.201397],[34.897408,0.203129],[34.89539,0.204424],[34.895638,0.206499],[34.891716,0.206708],[34.889858,0.204643],[34.888203,0.205233],[34.886585,0.204605],[34.884453,0.201521],[34.885349,0.199065],[34.883778,0.197647],[34.881721,0.198599],[34.878136,0.19878],[34.876724,0.197599],[34.874821,0.199808],[34.871918,0.199646],[34.869881,0.198922],[34.869766,0.196505],[34.868931,0.195591],[34.866684,0.195096],[34.864883,0.196914],[34.861378,0.1974],[34.860466,0.19894],[34.858681,0.197695],[34.858238,0.195579],[34.85685,0.192462],[34.855377,0.192869],[34.851711,0.190375],[34.850857,0.18791],[34.851677,0.186543],[34.850956,0.184929],[34.847118,0.184846],[34.846058,0.183235],[34.843594,0.183088],[34.842255,0.184416],[34.840359,0.184865],[34.836906,0.184873],[34.833164,0.184178],[34.830112,0.184636],[34.828575,0.185671],[34.826511,0.185616],[34.824665,0.187127],[34.8232,0.187348],[34.816128,0.185949],[34.813942,0.18435],[34.811123,0.184083],[34.81398,0.180773],[34.815266,0.177449],[34.815411,0.174517],[34.814587,0.171121],[34.81609,0.165366],[34.816051,0.163328],[34.815083,0.162196],[34.813427,0.162519],[34.811676,0.161796],[34.807617,0.163022],[34.805561,0.16411],[34.804432,0.164013],[34.801727,0.161653],[34.799774,0.161688],[34.796692,0.162748],[34.795246,0.16212],[34.793709,0.159465],[34.790134,0.157446],[34.787514,0.157782],[34.786903,0.159656],[34.78334,0.158608],[34.781349,0.157151],[34.781521,0.155233],[34.78067,0.153956],[34.77599,0.150267],[34.774284,0.150409],[34.770737,0.15249],[34.765915,0.149369],[34.766861,0.145633],[34.766293,0.144734],[34.760666,0.142512],[34.757072,0.141944],[34.755131,0.140005],[34.747341,0.136001],[34.745296,0.138813],[34.742599,0.140938],[34.738186,0.141685],[34.737274,0.143386],[34.738361,0.145216],[34.738316,0.149083],[34.734196,0.146963],[34.731762,0.147163],[34.729393,0.143963],[34.72596,0.143996],[34.720459,0.14163],[34.71896,0.142163],[34.716774,0.139728],[34.713779,0.140615],[34.710457,0.139146],[34.706505,0.139752],[34.704365,0.139598],[34.704502,0.138143],[34.706005,0.135258],[34.704281,0.13367],[34.704983,0.132406],[34.703632,0.13075],[34.699791,0.132099],[34.697174,0.131911],[34.695873,0.1342],[34.692268,0.13025],[34.691742,0.129105],[34.687183,0.124479],[34.682545,0.12155],[34.681137,0.122882],[34.678783,0.126285],[34.677074,0.129408],[34.675694,0.129789],[34.67313,0.128914],[34.66851,0.127909],[34.665176,0.128028],[34.663574,0.126625],[34.64967,0.127906],[34.640205,0.127954],[34.637695,0.129375],[34.632614,0.129039],[34.625286,0.126953],[34.620232,0.126745],[34.613338,0.124362],[34.610245,0.121386],[34.606369,0.119546],[34.603519,0.120832],[34.601177,0.121],[34.599495,0.120387],[34.595562,0.1175],[34.594135,0.116867],[34.586266,0.115482],[34.585426,0.112763],[34.58503,0.108373],[34.586853,0.104338],[34.584614,0.104348],[34.577793,0.101005],[34.576267,0.09853],[34.57486,0.098387],[34.574051,0.096507],[34.572002,0.095794],[34.571136,0.096864],[34.566547,0.097543],[34.56221,0.095936],[34.560349,0.093926]]]},"properties":{"code":503}},{"type":"Feature","geometry":{"type":"Polygon","coordinates":[[[36.255486,-0.021959],[36.252411,-0.034956],[36.253197,-0.036733],[36.250736,-0.050432],[36.246399,-0.054405],[36.246399,-0.060156],[36.249641,-0.061516],[36.250004,-0.089644],[36.244465,-0.12117],[36.226093,-0.118948],[36.226093,-0.111346],[36.219719,-0.109017],[36.218079,-0.114089],[36.210068,-0.124952],[36.198437,-0.140095],[36.207542,-0.185742],[36.208752,-0.191997],[36.209957,-0.205274],[36.21632,-0.214492],[36.221149,-0.212955],[36.232891,-0.232158],[36.243973,-0.257835],[36.208641,-0.274295],[36.222473,-0.356575],[36.223576,-0.356196],[36.228058,-0.351071],[36.228989,-0.347158],[36.228668,-0.344002],[36.232754,-0.342848],[36.23555,-0.343384],[36.23774,-0.344636],[36.240376,-0.344966],[36.242001,-0.346177],[36.245659,-0.346457],[36.247684,-0.347116],[36.252533,-0.343754],[36.261311,-0.344083],[36.273163,-0.394888],[36.290058,-0.378429],[36.307446,-0.371873],[36.310154,-0.390709],[36.318405,-0.391571],[36.331821,-0.392802],[36.358837,-0.379715],[36.359467,-0.384359],[36.36058,-0.390441],[36.363529,-0.394648],[36.364712,-0.397161],[36.367641,-0.399464],[36.369061,-0.401149],[36.371651,-0.401834],[36.37537,-0.4039],[36.376801,-0.405594],[36.377705,-0.410743],[36.377769,-0.417263],[36.37812,-0.420051],[36.377743,-0.42205],[36.378075,-0.423963],[36.380054,-0.426114],[36.382111,-0.426343],[36.383537,-0.427352],[36.384548,-0.433957],[36.385288,-0.436698],[36.385376,-0.438935],[36.387012,-0.442038],[36.38662,-0.445188],[36.387096,-0.445816],[36.386192,-0.448281],[36.386211,-0.451118],[36.38546,-0.453564],[36.384052,-0.456229],[36.385773,-0.458637],[36.384613,-0.461092],[36.384602,-0.463234],[36.386108,-0.463976],[36.387859,-0.463919],[36.388618,-0.465271],[36.388802,-0.467812],[36.390038,-0.470743],[36.392704,-0.473142],[36.390896,-0.475883],[36.391865,-0.4787],[36.391857,-0.480842],[36.393303,-0.482783],[36.39352,-0.485134],[36.394283,-0.485877],[36.395912,-0.490417],[36.395416,-0.492282],[36.393627,-0.495842],[36.393303,-0.498754],[36.394588,-0.501562],[36.396435,-0.502476],[36.396957,-0.504218],[36.399586,-0.505817],[36.399994,-0.510033],[36.400528,-0.511956],[36.398212,-0.515791],[36.398613,-0.517143],[36.401592,-0.51997],[36.401745,-0.521834],[36.402878,-0.523958],[36.401421,-0.52568],[36.400986,-0.527195],[36.398396,-0.528974],[36.397327,-0.530953],[36.39748,-0.535845],[36.399071,-0.537777],[36.401142,-0.538783],[36.402344,-0.542289],[36.400734,-0.545524],[36.40065,-0.54829],[36.403984,-0.551795],[36.403828,-0.554034],[36.401535,-0.557356],[36.401192,-0.559735],[36.402069,-0.565225],[36.400906,-0.568199],[36.401653,-0.570159],[36.400002,-0.572327],[36.402195,-0.573455],[36.402878,-0.574677],[36.408039,-0.579212],[36.437241,-0.575464],[36.446373,-0.571198],[36.447754,-0.590728],[36.449772,-0.613061],[36.464771,-0.630726],[36.488014,-0.625494],[36.500923,-0.623761],[36.509914,-0.609582],[36.509438,-0.616401],[36.510391,-0.619996],[36.513256,-0.623682],[36.515633,-0.623301],[36.517025,-0.62483],[36.513805,-0.63063],[36.514301,-0.631734],[36.517159,-0.633561],[36.518463,-0.635258],[36.520725,-0.635474],[36.522469,-0.637863],[36.522259,-0.639634],[36.522953,-0.642784],[36.523849,-0.644707],[36.523632,-0.647242],[36.524925,-0.649036],[36.517902,-0.653057],[36.5397,-0.696453],[36.516968,-0.711319],[36.526649,-0.731469],[36.531414,-0.745882],[36.55294,-0.828932],[36.558094,-0.837806],[36.548363,-0.850115],[36.546928,-0.85813],[36.550365,-0.868721],[36.54464,-0.894769],[36.542923,-0.908223],[36.552849,-0.919996],[36.568638,-0.911074],[36.570091,-0.90889],[36.563248,-0.908509],[36.561813,-0.903929],[36.576984,-0.891907],[36.587006,-0.886754],[36.597965,-0.861846],[36.589813,-0.84894],[36.585983,-0.826525],[36.618565,-0.829798],[36.608292,-0.805621],[36.65028,-0.764625],[36.656784,-0.76797],[36.658459,-0.767784],[36.660038,-0.76639],[36.664497,-0.761279],[36.666912,-0.759421],[36.671558,-0.758492],[36.679462,-0.762236],[36.683102,-0.76345],[36.685593,-0.764811],[36.690052,-0.769829],[36.692654,-0.772152],[36.700924,-0.781352],[36.705013,-0.784325],[36.707336,-0.787392],[36.70808,-0.789529],[36.711983,-0.794268],[36.717533,-0.802311],[36.718021,-0.80384],[36.720039,-0.806371],[36.71925,-0.798876],[36.721828,-0.790289],[36.721832,-0.787704],[36.717655,-0.780123],[36.718353,-0.779647],[36.72216,-0.781661],[36.727756,-0.78015],[36.731682,-0.780636],[36.732635,-0.779427],[36.718105,-0.762523],[36.715416,-0.754737],[36.7145,-0.750832],[36.714268,-0.746928],[36.714844,-0.737511],[36.714462,-0.735525],[36.712547,-0.731309],[36.711628,-0.725337],[36.711052,-0.719825],[36.710007,-0.715766],[36.70623,-0.709369],[36.70359,-0.699268],[36.703472,-0.691918],[36.705017,-0.667314],[36.702297,-0.655514],[36.701691,-0.649161],[36.704105,-0.628668],[36.696812,-0.622439],[36.690151,-0.613366],[36.688431,-0.608084],[36.687283,-0.605442],[36.680046,-0.596714],[36.679356,-0.595106],[36.679012,-0.591661],[36.679012,-0.580866],[36.673615,-0.578799],[36.670513,-0.577306],[36.669022,-0.575583],[36.66753,-0.571564],[36.66634,-0.562323],[36.66634,-0.550147],[36.66592,-0.545265],[36.661442,-0.538259],[36.660408,-0.53447],[36.661213,-0.525053],[36.656158,-0.519196],[36.654552,-0.516669],[36.654896,-0.51242],[36.657768,-0.501625],[36.659031,-0.491634],[36.66328,-0.484513],[36.664082,-0.480264],[36.663395,-0.469239],[36.662361,-0.465335],[36.660866,-0.463382],[36.658569,-0.462234],[36.648579,-0.46143],[36.647774,-0.460052],[36.650303,-0.435935],[36.645035,-0.429401],[36.635601,-0.419742],[36.632156,-0.412737],[36.630436,-0.410555],[36.626072,-0.407799],[36.622509,-0.403779],[36.621937,-0.401597],[36.630436,-0.389539],[36.625153,-0.383223],[36.618259,-0.382304],[36.613667,-0.380237],[36.608269,-0.379203],[36.603905,-0.37748],[36.601845,-0.375557],[36.601151,-0.373002],[36.601265,-0.369786],[36.602413,-0.367374],[36.612061,-0.358646],[36.613552,-0.356579],[36.613323,-0.354512],[36.611141,-0.351411],[36.60804,-0.346243],[36.606777,-0.341765],[36.606316,-0.334759],[36.607121,-0.330625],[36.608719,-0.326343],[36.611355,-0.322116],[36.61227,-0.319289],[36.612518,-0.311534],[36.682011,-0.185512],[36.678658,-0.174405],[36.68586,-0.174455],[36.657471,-0.153077],[36.653797,-0.154186],[36.632908,-0.108736],[36.596443,-0.104068],[36.573166,-0.105176],[36.568668,-0.103662],[36.559345,-0.092866],[36.552158,-0.091465],[36.557411,-0.08073],[36.544579,-0.068374],[36.54916,-0.065883],[36.54987,-0.061752],[36.551914,-0.060818],[36.552773,-0.059669],[36.552895,-0.056375],[36.554035,-0.054473],[36.55661,-0.052992],[36.557987,-0.048432],[36.558685,-0.045159],[36.565445,-0.039755],[36.567455,-0.038911],[36.57135,-0.034988],[36.572983,-0.034504],[36.574524,-0.03267],[36.575134,-0.030843],[36.57806,-0.027529],[36.578976,-0.025619],[36.579411,-0.022651],[36.58139,-0.021336],[36.583187,-0.020866],[36.586582,-0.022132],[36.589539,-0.020834],[36.649494,-0.016922],[36.63464,0.016176],[36.632385,0.013848],[36.623322,0.010348],[36.607056,0.003323],[36.59919,0.003372],[36.591194,0.023189],[36.589104,0.027822],[36.588245,0.044062],[36.573845,0.070777],[36.539577,0.056047],[36.521347,0.048695],[36.510445,0.085129],[36.462452,0.140295],[36.441078,0.091524],[36.423126,0.085417],[36.40073,0.059643],[36.41275,0.051205],[36.423939,0.045989],[36.419037,0.042913],[36.415291,0.040951],[36.413509,0.039614],[36.403835,0.040595],[36.398884,0.040104],[36.39933,0.032882],[36.39249,0.030502],[36.389568,0.032392],[36.386669,0.036493],[36.385376,0.037251],[36.385464,0.031723],[36.384174,0.033506],[36.381409,0.035914],[36.379448,0.036136],[36.375702,0.037251],[36.374027,0.039307],[36.371243,0.040996],[36.366295,0.047104],[36.363441,0.04853],[36.354393,0.068637],[36.348774,0.070509],[36.336426,0.062841],[36.345608,0.031009],[36.329739,0.028557],[36.330627,0.02294],[36.302544,0.016119],[36.298576,0.005241],[36.293518,0.004763],[36.29269,0.011928],[36.271255,-0.001097],[36.267273,-0.021581],[36.255486,-0.021959]]]},"properties":{"code":203}},{"type":"Feature","geometry":{"type":"Polygon","coordinates":[[[37.307785,-0.151074],[37.553806,-0.359886],[37.557247,-0.361054],[37.562595,-0.365176],[37.565529,-0.365004],[37.568554,-0.362596],[37.571239,-0.36311],[37.574589,-0.366251],[37.576263,-0.366718],[37.579956,-0.37022],[37.582642,-0.368811],[37.584755,-0.368745],[37.586048,-0.369735],[37.586735,-0.371619],[37.588848,-0.374227],[37.591454,-0.376102],[37.597031,-0.378938],[37.601772,-0.383098],[37.606682,-0.383279],[37.609692,-0.38385],[37.613117,-0.383478],[37.614773,-0.3866],[37.620998,-0.388171],[37.625053,-0.389541],[37.628098,-0.389265],[37.629887,-0.388504],[37.630974,-0.389056],[37.633827,-0.392263],[37.637005,-0.392758],[37.637997,-0.394243],[37.637558,-0.39767],[37.639137,-0.40002],[37.64188,-0.402533],[37.64365,-0.40476],[37.644413,-0.406978],[37.648087,-0.408349],[37.650845,-0.410899],[37.654976,-0.413041],[37.657032,-0.415097],[37.661999,-0.42116],[37.665844,-0.421607],[37.67009,-0.424367],[37.674088,-0.424776],[37.678104,-0.425747],[37.680084,-0.425528],[37.68277,-0.426309],[37.68528,-0.429031],[37.688404,-0.430087],[37.690041,-0.43142],[37.690365,-0.4334],[37.692287,-0.435227],[37.694,-0.437578],[37.695557,-0.43777],[37.698227,-0.437181],[37.700256,-0.437705],[37.703346,-0.441179],[37.707714,-0.442082],[37.712048,-0.442272],[37.715477,-0.444032],[37.717701,-0.446113],[37.718616,-0.448528],[37.720856,-0.44998],[37.723656,-0.448835],[37.727543,-0.450471],[37.729923,-0.449705],[37.732044,-0.450203],[37.733444,-0.448371],[37.734585,-0.448024],[37.73597,-0.445982],[37.737568,-0.44627],[37.740105,-0.445099],[37.74453,-0.445485],[37.747646,-0.444817],[37.752724,-0.44663],[37.754749,-0.446558],[37.758244,-0.448416],[37.760143,-0.448711],[37.763599,-0.44824],[37.768833,-0.448331],[37.772587,-0.447415],[37.774185,-0.446447],[37.776173,-0.446349],[37.77832,-0.445289],[37.781528,-0.445151],[37.78336,-0.446146],[37.785023,-0.446277],[37.787182,-0.44504],[37.78841,-0.442894],[37.790924,-0.442547],[37.793644,-0.44027],[37.796066,-0.439661],[37.79837,-0.438261],[37.800346,-0.436455],[37.802032,-0.436121],[37.806313,-0.431783],[37.808289,-0.429309],[37.810291,-0.429401],[37.814636,-0.427163],[37.816235,-0.425134],[37.816299,-0.42166],[37.817123,-0.420246],[37.819046,-0.419396],[37.820435,-0.416863],[37.822464,-0.416419],[37.825592,-0.412761],[37.826965,-0.413402],[37.828953,-0.411164],[37.826912,-0.409692],[37.827267,-0.408252],[37.830917,-0.407886],[37.83017,-0.406472],[37.832016,-0.404189],[37.834332,-0.403757],[37.835327,-0.404686],[37.840378,-0.404378],[37.842003,-0.403076],[37.845524,-0.403233],[37.845741,-0.400572],[37.847424,-0.399299],[37.847958,-0.396361],[37.850327,-0.392376],[37.851768,-0.391015],[37.852135,-0.38896],[37.855183,-0.387226],[37.8564,-0.388169],[37.857605,-0.386605],[37.860313,-0.384727],[37.866085,-0.381946],[37.866295,-0.380715],[37.865116,-0.377817],[37.865601,-0.374388],[37.865128,-0.372065],[37.865299,-0.369147],[37.869972,-0.365894],[37.87077,-0.364703],[37.87014,-0.362459],[37.87133,-0.358723],[37.872341,-0.35744],[37.873165,-0.354875],[37.872524,-0.352513],[37.873516,-0.351139],[37.873543,-0.349267],[37.877785,-0.347455],[37.879723,-0.347546],[37.883621,-0.345538],[37.885818,-0.342416],[37.887875,-0.342743],[37.888893,-0.34451],[37.890163,-0.344628],[37.891159,-0.345924],[37.891106,-0.348161],[37.894794,-0.351529],[37.894741,-0.353939],[37.892975,-0.358938],[37.889679,-0.36414],[37.889912,-0.365455],[37.891457,-0.36734],[37.895737,-0.368498],[37.896667,-0.370749],[37.895004,-0.372856],[37.894886,-0.374367],[37.896626,-0.37654],[37.896561,-0.377613],[37.894993,-0.379046],[37.892075,-0.380774],[37.890633,-0.382658],[37.891026,-0.387186],[37.889637,-0.388658],[37.889324,-0.390386],[37.8913,-0.393324],[37.8941,-0.393965],[37.896286,-0.394993],[37.900463,-0.395883],[37.901665,-0.397302],[37.901665,-0.399553],[37.900486,-0.40202],[37.900696,-0.404468],[37.905815,-0.407196],[37.908287,-0.409748],[37.907959,-0.412922],[37.908901,-0.413668],[37.913994,-0.413452],[37.91563,-0.412798],[37.921101,-0.414401],[37.922146,-0.416678],[37.920536,-0.419132],[37.920235,-0.421317],[37.920853,-0.423032],[37.922291,-0.424648],[37.925404,-0.427069],[37.927631,-0.427036],[37.930183,-0.424785],[37.931229,-0.425047],[37.933113,-0.426938],[37.936466,-0.427311],[37.939503,-0.4253],[37.942017,-0.425383],[37.945324,-0.427059],[37.947334,-0.423896],[37.951206,-0.425615],[37.952953,-0.424473],[37.954811,-0.422141],[37.960052,-0.41696],[37.960937,-0.413897],[37.961834,-0.41257],[37.964584,-0.411559],[37.965065,-0.410601],[37.965714,-0.406336],[37.964947,-0.403356],[37.964905,-0.401006],[37.966145,-0.399197],[37.96817,-0.398168],[37.969559,-0.396199],[37.969128,-0.392666],[37.969559,-0.389882],[37.969585,-0.38388],[37.970177,-0.380554],[37.974072,-0.377693],[37.974472,-0.376295],[37.974068,-0.370596],[37.972626,-0.367789],[37.968128,-0.364743],[37.967655,-0.36322],[37.969849,-0.360585],[37.977821,-0.354803],[37.97773,-0.352572],[37.974529,-0.349193],[37.972393,-0.346082],[37.971966,-0.344726],[37.972637,-0.341948],[37.974178,-0.339562],[37.977676,-0.333054],[37.978813,-0.329943],[37.97958,-0.32657],[37.981026,-0.324851],[37.984856,-0.324316],[37.985863,-0.323346],[37.986439,-0.319961],[37.985691,-0.317439],[37.984524,-0.316083],[37.980591,-0.313043],[37.979832,-0.311651],[37.980389,-0.309391],[37.982845,-0.305494],[37.984001,-0.299641],[37.985161,-0.29653],[37.987583,-0.292514],[37.99221,-0.287541],[37.993149,-0.28534],[37.993031,-0.282616],[37.993484,-0.277429],[37.993382,-0.275352],[37.994022,-0.273021],[37.997272,-0.26681],[37.998318,-0.265704],[38.000271,-0.265002],[38.004951,-0.265388],[38.00663,-0.266435],[38.011189,-0.266091],[38.015175,-0.267351],[38.0177,-0.266988],[38.020927,-0.268043],[38.023121,-0.267649],[38.026993,-0.26863],[38.029537,-0.270745],[38.031498,-0.273049],[38.041157,-0.274751],[38.045685,-0.275269],[38.054226,-0.275186],[38.061817,-0.273841],[38.069305,-0.273859],[38.073673,-0.273336],[38.078884,-0.274383],[38.081852,-0.274531],[38.084393,-0.273978],[38.087891,-0.273788],[38.090454,-0.274377],[38.093201,-0.275757],[38.096455,-0.276465],[38.100441,-0.278285],[38.10247,-0.278386],[38.103569,-0.275441],[38.105183,-0.275055],[38.109818,-0.275394],[38.113316,-0.275299],[38.114449,-0.273032],[38.11784,-0.270915],[38.120144,-0.270004],[38.123955,-0.266751],[38.127045,-0.262473],[38.130981,-0.258952],[38.135426,-0.25621],[38.137096,-0.252313],[38.138096,-0.2474],[38.139832,-0.24364],[38.142105,-0.240559],[38.144306,-0.238691],[38.145378,-0.238417],[38.148952,-0.239708],[38.150497,-0.239482],[38.151623,-0.238334],[38.154549,-0.237537],[38.158897,-0.237447],[38.162212,-0.235264],[38.162918,-0.233938],[38.163914,-0.229542],[38.162491,-0.226966],[38.162373,-0.224729],[38.163471,-0.221844],[38.16724,-0.215759],[38.170029,-0.212029],[38.176376,-0.200173],[38.181873,-0.189347],[38.183239,-0.182696],[38.184277,-0.175808],[38.184811,-0.170228],[38.183674,-0.165272],[38.183704,-0.163446],[38.185425,-0.153435],[38.187084,-0.150347],[38.188927,-0.149622],[38.193607,-0.149818],[38.194347,-0.149068],[38.195518,-0.14566],[38.197048,-0.143251],[38.199036,-0.142858],[38.200912,-0.144202],[38.204132,-0.144327],[38.205601,-0.143822],[38.206932,-0.142215],[38.207321,-0.140258],[38.206303,-0.136338],[38.206543,-0.131329],[38.207001,-0.127957],[38.207878,-0.125732],[38.211254,-0.124834],[38.212914,-0.122389],[38.213161,-0.116654],[38.213684,-0.113727],[38.215309,-0.111175],[38.218403,-0.107511],[38.220379,-0.103573],[38.222393,-0.101687],[38.225983,-0.100301],[38.228355,-0.098511],[38.233559,-0.093389],[38.236801,-0.091337],[38.242268,-0.089855],[38.246857,-0.086328],[38.250286,-0.084073],[38.254147,-0.084805],[38.257496,-0.086096],[38.26012,-0.089171],[38.263927,-0.09117],[38.267109,-0.091331],[38.269821,-0.092711],[38.271435,-0.09299],[38.273018,-0.092288],[38.27404,-0.088362],[38.276337,-0.084793],[38.279865,-0.082432],[38.28159,-0.082515],[38.286537,-0.084264],[38.288212,-0.082842],[38.288609,-0.079207],[38.290398,-0.075406],[38.292614,-0.074109],[38.297607,-0.070219],[38.300594,-0.067471],[38.301456,-0.066085],[38.302433,-0.060731],[38.305611,-0.054925],[38.309132,-0.051476],[38.308189,-0.050208],[38.304852,-0.049469],[38.301109,-0.048127],[38.30061,-0.046779],[38.303425,-0.043992],[38.303398,-0.042284],[38.302498,-0.041276],[38.298176,-0.038561],[38.297314,-0.034805],[38.296291,-0.033993],[38.293755,-0.033738],[38.291359,-0.030597],[38.290169,-0.027986],[38.289619,-0.023602],[38.288376,-0.022162],[38.286686,-0.022241],[38.285038,-0.021416],[38.282867,-0.019275],[38.28001,-0.018851],[38.277367,-0.01955],[38.2761,-0.016941],[38.271877,-0.015988],[38.268265,-0.016026],[38.264812,-0.013109],[38.261581,-0.013579],[38.258785,-0.013157],[38.256985,-0.012235],[38.251194,-0.012074],[38.250572,-0.012834],[38.248764,-0.017913],[38.246536,-0.018964],[38.242378,-0.015231],[38.239853,-0.01484],[38.238003,-0.012199],[38.237621,-0.008919],[38.231956,-0.008148],[38.2304,-0.005907],[38.229744,0.002541],[38.228043,0.005492],[38.225651,0.005132],[38.221581,0.006389],[38.220978,0.008404],[38.223164,0.009746],[38.224014,0.011839],[38.221958,0.013227],[38.217602,0.015366],[38.214054,0.014247],[38.212875,0.014719],[38.209984,0.017055],[38.208912,0.018939],[38.205639,0.01962],[38.200157,0.017879],[38.198074,0.016898],[38.195835,0.017264],[38.192852,0.01498],[38.191532,0.015425],[38.189816,0.01767],[38.185604,0.019214],[38.184189,0.020863],[38.182133,0.020313],[38.180866,0.021818],[38.180275,0.023742],[38.176273,0.026497],[38.172176,0.027616],[38.171219,0.026543],[38.168591,0.027688],[38.16431,0.028624],[38.162319,0.028597],[38.16032,0.029455],[38.156902,0.034205],[38.154572,0.034617],[38.151497,0.037012],[38.150528,0.038315],[38.147964,0.040225],[38.144234,0.04455],[38.140152,0.048012],[38.138294,0.048535],[38.136986,0.049857],[38.133675,0.050152],[38.129471,0.052933],[38.12751,0.051506],[38.125885,0.051604],[38.123859,0.05078],[38.122051,0.052821],[38.121017,0.052481],[38.119736,0.050642],[38.117981,0.050603],[38.11713,0.051886],[38.117081,0.054176],[38.115509,0.054876],[38.115299,0.056447],[38.113625,0.057402],[38.108257,0.051258],[38.105366,0.050708],[38.105377,0.048529],[38.104343,0.047704],[38.101425,0.049733],[38.098232,0.050603],[38.095222,0.049118],[38.094322,0.048149],[38.094059,0.046069],[38.093182,0.044668],[38.088573,0.042987],[38.087868,0.040402],[38.085945,0.037942],[38.085278,0.035972],[38.083603,0.034532],[38.084045,0.031771],[38.083473,0.029945],[38.081654,0.029618],[38.080318,0.031555],[38.07885,0.031306],[38.077595,0.032622],[38.074402,0.031797],[38.074062,0.029343],[38.07214,0.026464],[38.070137,0.026405],[38.068878,0.025162],[38.068001,0.026876],[38.066025,0.026216],[38.063839,0.02742],[38.062233,0.027511],[38.059849,0.024756],[38.058788,0.024783],[38.055897,0.026412],[38.053791,0.028938],[38.052376,0.028381],[38.051174,0.026235],[38.049747,0.02579],[38.048882,0.027884],[38.046852,0.028768],[38.045284,0.027341],[38.04269,0.026373],[38.041515,0.028839],[38.039524,0.030842],[38.03891,0.034316],[38.03653,0.034774],[38.034958,0.037268],[38.033062,0.039244],[38.034161,0.041429],[38.032982,0.044001],[38.029945,0.046317],[38.029106,0.047881],[38.028309,0.051375],[38.02644,0.052449],[38.021832,0.052821],[38.020901,0.053633],[38.018692,0.058344],[38.017174,0.060347],[38.015381,0.061446],[38.012749,0.061943],[38.011414,0.063239],[38.007175,0.064423],[38.005302,0.065437],[38.003574,0.065346],[38.00127,0.064031],[37.99987,0.06407],[37.99876,0.067119],[37.997517,0.06793],[37.995434,0.067872],[37.993118,0.068919],[37.990253,0.06759],[37.986141,0.066399],[37.983303,0.067348],[37.979992,0.066628],[37.976383,0.068275],[37.972095,0.067806],[37.963955,0.068413],[37.96019,0.067077],[37.9464,0.046335],[37.952072,0.041555],[37.956661,0.039581],[37.954494,0.037543],[37.951405,0.035463],[37.949364,0.033159],[37.949127,0.030169],[37.947819,0.028507],[37.944088,0.027578],[37.939915,0.027427],[37.940216,0.025202],[37.941536,0.023619],[37.941395,0.021073],[37.94202,0.019824],[37.938789,0.019202],[37.937595,0.008384],[37.934948,0.006905],[37.9305,0.008443],[37.92881,0.008476],[37.92609,0.006787],[37.921692,0.007828],[37.91872,0.007553],[37.916706,0.00578],[37.913944,0.006761],[37.91066,0.006598],[37.907284,0.006945],[37.904259,0.008593],[37.900715,0.00949],[37.899971,0.010245],[37.897797,0.003636],[37.894211,-0.003019],[37.891712,-0.01857],[37.88916,-0.017935],[37.887783,-0.018276],[37.886097,-0.017634],[37.884121,-0.018465],[37.882,-0.016555],[37.879108,-0.015789],[37.877209,-0.014624],[37.879135,-0.013355],[37.8792,-0.011915],[37.877289,-0.010292],[37.876163,-0.011588],[37.874043,-0.010521],[37.868233,-0.010894],[37.866154,-0.01253],[37.86385,-0.011856],[37.862709,-0.012956],[37.859898,-0.012759],[37.858391,-0.011326],[37.857201,-0.011366],[37.855526,-0.012857],[37.854073,-0.011837],[37.850132,-0.018676],[37.848343,-0.030365],[37.86237,-0.068873],[37.849499,-0.105016],[37.852608,-0.10557],[37.853355,-0.106177],[37.855106,-0.109566],[37.854385,-0.11098],[37.851727,-0.112765],[37.853497,-0.115582],[37.857361,-0.117576],[37.857792,-0.120084],[37.857208,-0.121045],[37.796627,-0.161981],[37.795803,-0.16074],[37.793957,-0.159896],[37.791668,-0.157762],[37.788578,-0.156997],[37.787323,-0.155662],[37.784454,-0.15455],[37.777874,-0.158898],[37.774582,-0.15873],[37.77166,-0.15771],[37.770012,-0.15591],[37.768116,-0.156303],[37.766464,-0.158109],[37.764671,-0.159031],[37.761742,-0.164966],[37.759686,-0.168304],[37.758678,-0.171386],[37.75605,-0.173296],[37.755867,-0.177059],[37.754005,-0.179931],[37.753456,-0.182745],[37.751194,-0.185133],[37.749256,-0.185906],[37.749939,-0.187555],[37.748146,-0.188],[37.747253,-0.189367],[37.745983,-0.189092],[37.744335,-0.18762],[37.742424,-0.190853],[37.739639,-0.191016],[37.738068,-0.192207],[37.73473,-0.195688],[37.732388,-0.19915],[37.728329,-0.199431],[37.726536,-0.200727],[37.724602,-0.201211],[37.722416,-0.203298],[37.720032,-0.2025],[37.717598,-0.202415],[37.716488,-0.201695],[37.712574,-0.202736],[37.709656,-0.201558],[37.706448,-0.20269],[37.70327,-0.202343],[37.700912,-0.203468],[37.698936,-0.202906],[37.696739,-0.203436],[37.695274,-0.20464],[37.689175,-0.203992],[37.683964,-0.207296],[37.680851,-0.207368],[37.675499,-0.20655],[37.670055,-0.20695],[37.668011,-0.206387],[37.665512,-0.204214],[37.661667,-0.216473],[37.660191,-0.21594],[37.658382,-0.213853],[37.65617,-0.212741],[37.654129,-0.212361],[37.64917,-0.213349],[37.646069,-0.213303],[37.642559,-0.211622],[37.640469,-0.207421],[37.638504,-0.207002],[37.6362,-0.208644],[37.633453,-0.206694],[37.631752,-0.207107],[37.629265,-0.206387],[37.628284,-0.205405],[37.626034,-0.204875],[37.624355,-0.205778],[37.623112,-0.204888],[37.622982,-0.20161],[37.620861,-0.199987],[37.61805,-0.199117],[37.617252,-0.196905],[37.61343,-0.194281],[37.608494,-0.194314],[37.605995,-0.194824],[37.602867,-0.194517],[37.600918,-0.192174],[37.597687,-0.189694],[37.596012,-0.189707],[37.593445,-0.188255],[37.591953,-0.186409],[37.590759,-0.183264],[37.527546,-0.18145],[37.307785,-0.151074]]]},"properties":{"code":604}},{"type":"Feature","geometry":{"type":"Polygon","coordinates":[[[35.5228,0.015414],[35.516045,0.015864],[35.513569,0.008547],[35.500343,0.009954],[35.497528,0.011193],[35.497753,0.013106],[35.493702,0.014682],[35.478733,0.015357],[35.459145,0.01063],[35.457684,0.012206],[35.458469,0.012994],[35.457909,0.01502],[35.470627,0.01986],[35.465168,0.027345],[35.435116,0.025432],[35.43483,0.025467],[35.437477,0.018775],[35.413513,0.005165],[35.403687,-0.024469],[35.424004,-0.078204],[35.402176,-0.08723],[35.397423,-0.090671],[35.390865,-0.097063],[35.371609,-0.110339],[35.340961,-0.109519],[35.325882,-0.101816],[35.307938,-0.086738],[35.280075,-0.099358],[35.226482,-0.106569],[35.236477,-0.119591],[35.249073,-0.119707],[35.253315,-0.120542],[35.270317,-0.152595],[35.277367,-0.144802],[35.284561,-0.157059],[35.282585,-0.158323],[35.280533,-0.161367],[35.279663,-0.163376],[35.280273,-0.165962],[35.282158,-0.165533],[35.28479,-0.165903],[35.289402,-0.16513],[35.295738,-0.176043],[35.330318,-0.176251],[35.330433,-0.192185],[35.335514,-0.20784],[35.342213,-0.236476],[35.340744,-0.237968],[35.339676,-0.240176],[35.336678,-0.240547],[35.335022,-0.242013],[35.330463,-0.24286],[35.32835,-0.243983],[35.322498,-0.246048],[35.319469,-0.247666],[35.315426,-0.248571],[35.311989,-0.248485],[35.306316,-0.242679],[35.304573,-0.24029],[35.30267,-0.239985],[35.300484,-0.240366],[35.298321,-0.23832],[35.294456,-0.238301],[35.293392,-0.237406],[35.29184,-0.237511],[35.289062,-0.236597],[35.287785,-0.237054],[35.284462,-0.235997],[35.283245,-0.237025],[35.281265,-0.237006],[35.278667,-0.237663],[35.273964,-0.237625],[35.272423,-0.23713],[35.270264,-0.237692],[35.267921,-0.236245],[35.267254,-0.23497],[35.265095,-0.234541],[35.263439,-0.232771],[35.261555,-0.233361],[35.260658,-0.230372],[35.259308,-0.229668],[35.260078,-0.228155],[35.259945,-0.226461],[35.261242,-0.2245],[35.260632,-0.223301],[35.256691,-0.222006],[35.254513,-0.219046],[35.253311,-0.218665],[35.251942,-0.216229],[35.249733,-0.214782],[35.249817,-0.213288],[35.247593,-0.212945],[35.248009,-0.211232],[35.246811,-0.209367],[35.248219,-0.207672],[35.247124,-0.20673],[35.245506,-0.20397],[35.242233,-0.203799],[35.240585,-0.200686],[35.238834,-0.199773],[35.236683,-0.201105],[35.234951,-0.195965],[35.232124,-0.194071],[35.230812,-0.193976],[35.229839,-0.195175],[35.228489,-0.195004],[35.226528,-0.196337],[35.221855,-0.194309],[35.220734,-0.195033],[35.218658,-0.19429],[35.219875,-0.192406],[35.21764,-0.18739],[35.218761,-0.186248],[35.2178,-0.182945],[35.217667,-0.181079],[35.215611,-0.180394],[35.216068,-0.177672],[35.21524,-0.175321],[35.213089,-0.174274],[35.212612,-0.173037],[35.210499,-0.17357],[35.20932,-0.171742],[35.206512,-0.171105],[35.203316,-0.16804],[35.203545,-0.165813],[35.201164,-0.166346],[35.200745,-0.165261],[35.19804,-0.163129],[35.196251,-0.162805],[35.193481,-0.163828],[35.190239,-0.163049],[35.186916,-0.160218],[35.184536,-0.160218],[35.184658,-0.163377],[35.184227,-0.165305],[35.182915,-0.166126],[35.18148,-0.165141],[35.177315,-0.164977],[35.174034,-0.163049],[35.171448,-0.163049],[35.168247,-0.163787],[35.167286,-0.165182],[35.166176,-0.163377],[35.164822,-0.163705],[35.163017,-0.162885],[35.161869,-0.164361],[35.159981,-0.165469],[35.154423,-0.166208],[35.15229,-0.164526],[35.150074,-0.164567],[35.14909,-0.163705],[35.146832,-0.163582],[35.145355,-0.162474],[35.14193,-0.162515],[35.139694,-0.161202],[35.137276,-0.163254],[35.13633,-0.162023],[35.136414,-0.160341],[35.131737,-0.155377],[35.130589,-0.157715],[35.128338,-0.156102],[35.121304,-0.171989],[35.103901,-0.201678],[35.07246,-0.208747],[35.070877,-0.212618],[35.063507,-0.215715],[35.057919,-0.234497],[35.056671,-0.257082],[35.055401,-0.263109],[35.055225,-0.266845],[35.053577,-0.271086],[35.053104,-0.273375],[35.052368,-0.28278],[35.052582,-0.293153],[35.052479,-0.294417],[35.049648,-0.296345],[35.04681,-0.300284],[35.044487,-0.301699],[35.042038,-0.304193],[35.036522,-0.308765],[35.031952,-0.312135],[35.029964,-0.314644],[35.026936,-0.319138],[35.023148,-0.323531],[35.019424,-0.327043],[35.015137,-0.330698],[35.012043,-0.332104],[35.010635,-0.334284],[35.010002,-0.336322],[35.008247,-0.338712],[35.008049,-0.348887],[35.007229,-0.351136],[35.008156,-0.354401],[35.007442,-0.355698],[35.007378,-0.35825],[35.009258,-0.362834],[35.008869,-0.367375],[35.0093,-0.370346],[35.012894,-0.378921],[35.01231,-0.384716],[35.012333,-0.391419],[35.014492,-0.393387],[35.015892,-0.395598],[35.017616,-0.39627],[35.01696,-0.399101],[35.017994,-0.400462],[35.01865,-0.402766],[35.021313,-0.404928],[35.021416,-0.405905],[35.019821,-0.410632],[35.019608,-0.412405],[35.020096,-0.413233],[35.023254,-0.413199],[35.025795,-0.413778],[35.028076,-0.415867],[35.029621,-0.418728],[35.031677,-0.418955],[35.032875,-0.420737],[35.034519,-0.424589],[35.036716,-0.426404],[35.03825,-0.43076],[35.038567,-0.433167],[35.03817,-0.436493],[35.038769,-0.438003],[35.041519,-0.44084],[35.044254,-0.445018],[35.044846,-0.446823],[35.043911,-0.45108],[35.045128,-0.454269],[35.044514,-0.45528],[35.04195,-0.455132],[35.041687,-0.45948],[35.042019,-0.464758],[35.041653,-0.469662],[35.040245,-0.476891],[35.040314,-0.47888],[35.038918,-0.483772],[35.037273,-0.484215],[35.035263,-0.483863],[35.033432,-0.485011],[35.034206,-0.489198],[35.032993,-0.495032],[35.032833,-0.49717],[35.035187,-0.498233],[35.03709,-0.4977],[35.040497,-0.499052],[35.04287,-0.499594],[35.044849,-0.499023],[35.047039,-0.499156],[35.048416,-0.497262],[35.050549,-0.498024],[35.051353,-0.499587],[35.052086,-0.496836],[35.054337,-0.49686],[35.055161,-0.495094],[35.056343,-0.494371],[35.057922,-0.491801],[35.058929,-0.491325],[35.062023,-0.491715],[35.065983,-0.49063],[35.069401,-0.491211],[35.073151,-0.489917],[35.072933,-0.488004],[35.074112,-0.486614],[35.076569,-0.484863],[35.076149,-0.482978],[35.07851,-0.48176],[35.079109,-0.480247],[35.079529,-0.476687],[35.082554,-0.475126],[35.083164,-0.473013],[35.084133,-0.472842],[35.085361,-0.475078],[35.088314,-0.475059],[35.090218,-0.471233],[35.092529,-0.470424],[35.094986,-0.471642],[35.095383,-0.473337],[35.097248,-0.472994],[35.097649,-0.471052],[35.098602,-0.470081],[35.09864,-0.467911],[35.100239,-0.466922],[35.101475,-0.468482],[35.103882,-0.468492],[35.107803,-0.46636],[35.110611,-0.465323],[35.111641,-0.462048],[35.116703,-0.46064],[35.118217,-0.459526],[35.120255,-0.459317],[35.123787,-0.459897],[35.127766,-0.459954],[35.129894,-0.461649],[35.132553,-0.461354],[35.134266,-0.465637],[35.135178,-0.465427],[35.135635,-0.46301],[35.137474,-0.461592],[35.137756,-0.460183],[35.140842,-0.456642],[35.141926,-0.456642],[35.143543,-0.460487],[35.145363,-0.46023],[35.147228,-0.462401],[35.149513,-0.463219],[35.149532,-0.465503],[35.151894,-0.465104],[35.15387,-0.465922],[35.154976,-0.464552],[35.158363,-0.464285],[35.161304,-0.467397],[35.164127,-0.467894],[35.16555,-0.468806],[35.166702,-0.471309],[35.167995,-0.471119],[35.168739,-0.469025],[35.170223,-0.468397],[35.172794,-0.469387],[35.173164,-0.473565],[35.174591,-0.476649],[35.176998,-0.479913],[35.177608,-0.481474],[35.179588,-0.482045],[35.17997,-0.480028],[35.181911,-0.481493],[35.181568,-0.484292],[35.183006,-0.48413],[35.184719,-0.4855],[35.186985,-0.485405],[35.187309,-0.48373],[35.190742,-0.483435],[35.193714,-0.481722],[35.196846,-0.483749],[35.199966,-0.48234],[35.201088,-0.482797],[35.202877,-0.482017],[35.204144,-0.480332],[35.206066,-0.479552],[35.209286,-0.480256],[35.212284,-0.479104],[35.217861,-0.479485],[35.217041,-0.476401],[35.220352,-0.473946],[35.220108,-0.470797],[35.20858,-0.466072],[35.209492,-0.463167],[35.212296,-0.46217],[35.214222,-0.459971],[35.214577,-0.458199],[35.215923,-0.456494],[35.217793,-0.455753],[35.216904,-0.454066],[35.217262,-0.451441],[35.218311,-0.449064],[35.220066,-0.448621],[35.220016,-0.446712],[35.223553,-0.441318],[35.224796,-0.438336],[35.226757,-0.437518],[35.228024,-0.434152],[35.228657,-0.431101],[35.22821,-0.428783],[35.229404,-0.428579],[35.229141,-0.42654],[35.231976,-0.422346],[35.233494,-0.422479],[35.234905,-0.423571],[35.237408,-0.423225],[35.244556,-0.423291],[35.246288,-0.422013],[35.2477,-0.42212],[35.249046,-0.420775],[35.250137,-0.420882],[35.254211,-0.424397],[35.259178,-0.42441],[35.263729,-0.423132],[35.265327,-0.421348],[35.268085,-0.420775],[35.270241,-0.419097],[35.274689,-0.417952],[35.275887,-0.418006],[35.277416,-0.419537],[35.280746,-0.418711],[35.284473,-0.418658],[35.286964,-0.422266],[35.289253,-0.423997],[35.290611,-0.424317],[35.29446,-0.42401],[35.297417,-0.425235],[35.301357,-0.425422],[35.306458,-0.42445],[35.309601,-0.422985],[35.310852,-0.421521],[35.314644,-0.420309],[35.316189,-0.419137],[35.32093,-0.416874],[35.324005,-0.412866],[35.32547,-0.412547],[35.328026,-0.409271],[35.327599,-0.407381],[35.328587,-0.406129],[35.330395,-0.405943],[35.331409,-0.404558],[35.334858,-0.406222],[35.336559,-0.406409],[35.341488,-0.405903],[35.347626,-0.407753],[35.349144,-0.407168],[35.351994,-0.406955],[35.353977,-0.406222],[35.358635,-0.406302],[35.361458,-0.404598],[35.366158,-0.404105],[35.368263,-0.402934],[35.370552,-0.404079],[35.375626,-0.404625],[35.377171,-0.402121],[35.379246,-0.401829],[35.380314,-0.400604],[35.383629,-0.402215],[35.385223,-0.402188],[35.387913,-0.403919],[35.390579,-0.403839],[35.392826,-0.402681],[35.397221,-0.401589],[35.39983,-0.399965],[35.401363,-0.40099],[35.40477,-0.401576],[35.406422,-0.403919],[35.408165,-0.405131],[35.409496,-0.405051],[35.413784,-0.402548],[35.4161,-0.399965],[35.418007,-0.394466],[35.418804,-0.393161],[35.424023,-0.388581],[35.427979,-0.385498],[35.429108,-0.383568],[35.43124,-0.382503],[35.434528,-0.378134],[35.43594,-0.377135],[35.439854,-0.375887],[35.444096,-0.374098],[35.445637,-0.370769],[35.448174,-0.368689],[35.451088,-0.365402],[35.412468,-0.302437],[35.454643,-0.287038],[35.469288,-0.277746],[35.489067,-0.273913],[35.501492,-0.270472],[35.502743,-0.269087],[35.510563,-0.270606],[35.524593,-0.270115],[35.528126,-0.259613],[35.558647,-0.273466],[35.571472,-0.282225],[35.568211,-0.303407],[35.580097,-0.30801],[35.583984,-0.292011],[35.591404,-0.284906],[35.591312,-0.277533],[35.593456,-0.276818],[35.600742,-0.283208],[35.602039,-0.289107],[35.603691,-0.293576],[35.610527,-0.288749],[35.617142,-0.290135],[35.61866,-0.293844],[35.619556,-0.293888],[35.630234,-0.287766],[35.630371,-0.279142],[35.631172,-0.275611],[35.639084,-0.271634],[35.641319,-0.271008],[35.643063,-0.2715],[35.645428,-0.271321],[35.648556,-0.266584],[35.65173,-0.257692],[35.652401,-0.251659],[35.656555,-0.236108],[35.655796,-0.234499],[35.654144,-0.223282],[35.654232,-0.220959],[35.656155,-0.217786],[35.654099,-0.213809],[35.654724,-0.206614],[35.656109,-0.204826],[35.657986,-0.204469],[35.6604,-0.204961],[35.662769,-0.194191],[35.672508,-0.188918],[35.6646,-0.185656],[35.668041,-0.168674],[35.669537,-0.163189],[35.666756,-0.162523],[35.662071,-0.163703],[35.659172,-0.163436],[35.656467,-0.164978],[35.654106,-0.165073],[35.652851,-0.164312],[35.651585,-0.161361],[35.651299,-0.157021],[35.649063,-0.154832],[35.646816,-0.151558],[35.645531,-0.151242],[35.641926,-0.151694],[35.639381,-0.150644],[35.637516,-0.150892],[35.634045,-0.152624],[35.628979,-0.153385],[35.626064,-0.150778],[35.624592,-0.150511],[35.621807,-0.152134],[35.61573,-0.153937],[35.614346,-0.15518],[35.61198,-0.158572],[35.609432,-0.158773],[35.607327,-0.154699],[35.602749,-0.15396],[35.601875,-0.147902],[35.599712,-0.147109],[35.60067,-0.142443],[35.600891,-0.139004],[35.600628,-0.136625],[35.59967,-0.134388],[35.597172,-0.130664],[35.596893,-0.128975],[35.59861,-0.122634],[35.601807,-0.123173],[35.603722,-0.12299],[35.611835,-0.114331],[35.611858,-0.112348],[35.612736,-0.110628],[35.622349,-0.103997],[35.622921,-0.103006],[35.621086,-0.096705],[35.61441,-0.09143],[35.616459,-0.088194],[35.614975,-0.084387],[35.619843,-0.081761],[35.623356,-0.081349],[35.625389,-0.078594],[35.62735,-0.074218],[35.629128,-0.071715],[35.633053,-0.06811],[35.635998,-0.064238],[35.640152,-0.06097],[35.634567,-0.054218],[35.638382,-0.050278],[35.63216,-0.036095],[35.610161,-0.032494],[35.582474,-0.007767],[35.572227,-0.010866],[35.569908,-0.010006],[35.568188,-0.00791],[35.543449,-0.008509],[35.5228,0.015414]]]},"properties":{"code":202}},{"type":"Feature","geometry":{"type":"Polygon","coordinates":[[[34.747074,-0.024732],[34.742985,-0.024618],[34.739937,-0.025768],[34.731087,-0.010588],[34.72757,-0.006548],[34.722713,-0.007343],[34.719807,-0.009258],[34.717415,-0.008842],[34.714947,-0.0104],[34.71294,-0.014386],[34.710941,-0.016444],[34.710537,-0.018157],[34.708557,-0.021512],[34.704376,-0.022333],[34.701866,-0.02175],[34.698399,-0.02162],[34.694241,-0.020846],[34.690712,-0.023154],[34.688915,-0.025772],[34.687714,-0.026557],[34.686207,-0.026295],[34.687469,-0.023725],[34.691284,-0.018372],[34.692513,-0.014795],[34.692158,-0.01288],[34.690575,-0.010595],[34.686928,-0.011089],[34.683407,-0.012039],[34.671955,-0.015838],[34.665585,-0.015112],[34.660336,-0.013492],[34.658546,-0.011927],[34.654167,-0.006612],[34.65324,-0.006173],[34.648491,-0.005726],[34.637535,-0.000658],[34.613853,-0.000697],[34.610626,0.005369],[34.608467,0.006059],[34.603844,0.012375],[34.588898,0.001211],[34.592083,-0.007321],[34.587818,-0.010586],[34.585625,-0.016293],[34.585705,-0.020979],[34.582737,-0.02418],[34.582504,-0.031208],[34.575787,-0.035893],[34.572899,-0.036596],[34.570633,-0.03605],[34.568447,-0.038158],[34.564232,-0.039798],[34.562592,-0.036752],[34.560558,-0.034019],[34.561264,-0.031677],[34.560013,-0.029256],[34.56337,-0.026601],[34.563683,-0.023555],[34.560951,-0.020822],[34.563606,-0.016293],[34.562824,-0.015825],[34.554783,-0.015512],[34.550407,-0.021603],[34.547596,-0.021916],[34.545177,-0.021291],[34.542599,-0.016918],[34.5401,-0.015747],[34.534115,-0.015367],[34.529724,-0.019713],[34.529133,-0.020848],[34.485775,-0.02987],[34.46048,-0.042378],[34.455967,-0.048254],[34.446281,-0.05581],[34.43771,-0.059066],[34.43755,-0.061302],[34.416504,-0.075425],[34.41161,-0.078401],[34.411427,-0.082996],[34.42429,-0.121959],[34.424244,-0.125153],[34.425995,-0.130514],[34.483418,-0.299272],[34.532425,-0.271713],[34.706383,-0.258052],[34.754639,-0.289456],[34.755169,-0.292258],[34.754898,-0.295],[34.755371,-0.29624],[34.757553,-0.297075],[34.75824,-0.299224],[34.756989,-0.302232],[34.757145,-0.306014],[34.758492,-0.308006],[34.760094,-0.313562],[34.761665,-0.313194],[34.762455,-0.311743],[34.765289,-0.313427],[34.768257,-0.309766],[34.769226,-0.310172],[34.76955,-0.312344],[34.77206,-0.313329],[34.775459,-0.316825],[34.778988,-0.316434],[34.78001,-0.321065],[34.781158,-0.322757],[34.782219,-0.323013],[34.782791,-0.320389],[34.785603,-0.322404],[34.7854,-0.324276],[34.786896,-0.324306],[34.78833,-0.329629],[34.789932,-0.331095],[34.787308,-0.332132],[34.784424,-0.3312],[34.782932,-0.332117],[34.783092,-0.335192],[34.785439,-0.337508],[34.785221,-0.340514],[34.785797,-0.341681],[34.78764,-0.341846],[34.78936,-0.342906],[34.792152,-0.341026],[34.793091,-0.342117],[34.793083,-0.343868],[34.790218,-0.346628],[34.791264,-0.348688],[34.795189,-0.349898],[34.796158,-0.350785],[34.797497,-0.353612],[34.798462,-0.354153],[34.803902,-0.353507],[34.807354,-0.354213],[34.80806,-0.353777],[34.809006,-0.350936],[34.810947,-0.351935],[34.810398,-0.355228],[34.810772,-0.356168],[34.814766,-0.360836],[34.818699,-0.366604],[34.820892,-0.37016],[34.822601,-0.370716],[34.822426,-0.376347],[34.821907,-0.378407],[34.822548,-0.379746],[34.824406,-0.381084],[34.825119,-0.382971],[34.824924,-0.384602],[34.822636,-0.386001],[34.824703,-0.387918],[34.827396,-0.387677],[34.833721,-0.388053],[34.835239,-0.389429],[34.83812,-0.390925],[34.838696,-0.392041],[34.843403,-0.391617],[34.848408,-0.391808],[34.856861,-0.391857],[34.858055,-0.392143],[34.858372,-0.394737],[34.860485,-0.396639],[34.862679,-0.397323],[34.864891,-0.396008],[34.865696,-0.394181],[34.867485,-0.394181],[34.87067,-0.394962],[34.873581,-0.396113],[34.87553,-0.397925],[34.876816,-0.398248],[34.87849,-0.396105],[34.882385,-0.397225],[34.88409,-0.396789],[34.886032,-0.397188],[34.887203,-0.401097],[34.888836,-0.400706],[34.889332,-0.398293],[34.891541,-0.396549],[34.893829,-0.393872],[34.895008,-0.393594],[34.897091,-0.394692],[34.899693,-0.391737],[34.908302,-0.388955],[34.911331,-0.385888],[34.915234,-0.385249],[34.915871,-0.388113],[34.915615,-0.39103],[34.914684,-0.392143],[34.914593,-0.394714],[34.913109,-0.396374],[34.91391,-0.399368],[34.913773,-0.402719],[34.914623,-0.40324],[34.921978,-0.403676],[34.923096,-0.401879],[34.925629,-0.401526],[34.925667,-0.403248],[34.928524,-0.402593],[34.929474,-0.40328],[34.928616,-0.406187],[34.92923,-0.408668],[34.929218,-0.411465],[34.930847,-0.411999],[34.933651,-0.411352],[34.93475,-0.4106],[34.936382,-0.411006],[34.937862,-0.412871],[34.938946,-0.413209],[34.942448,-0.41266],[34.944443,-0.412946],[34.945637,-0.414157],[34.948368,-0.413989],[34.949135,-0.415591],[34.955479,-0.415126],[34.957291,-0.414329],[34.959095,-0.415976],[34.963257,-0.414325],[34.963306,-0.411614],[34.966003,-0.411612],[34.967915,-0.413277],[34.973053,-0.409906],[34.975109,-0.409495],[34.977165,-0.411074],[34.982353,-0.413462],[34.983681,-0.412653],[34.986427,-0.413237],[34.987408,-0.412162],[34.988285,-0.408832],[34.989471,-0.407754],[34.993034,-0.407213],[34.997524,-0.404345],[34.99894,-0.404466],[35.000172,-0.405655],[35.001465,-0.405534],[35.003624,-0.404012],[35.004772,-0.401896],[35.005196,-0.39951],[35.007362,-0.398101],[35.007015,-0.395985],[35.00766,-0.394059],[35.009937,-0.391468],[35.012333,-0.391419],[35.01231,-0.384716],[35.012894,-0.378921],[35.0093,-0.370346],[35.008869,-0.367375],[35.009258,-0.362834],[35.007378,-0.35825],[35.007442,-0.355698],[35.008156,-0.354401],[35.007229,-0.351136],[35.008049,-0.348887],[35.008247,-0.338712],[35.010002,-0.336322],[35.010635,-0.334284],[35.012043,-0.332104],[35.015137,-0.330698],[35.019424,-0.327043],[35.023148,-0.323531],[35.026936,-0.319138],[35.029964,-0.314644],[35.031952,-0.312135],[35.036522,-0.308765],[35.042038,-0.304193],[35.044487,-0.301699],[35.04681,-0.300284],[35.049648,-0.296345],[35.052479,-0.294417],[35.052582,-0.293153],[35.052368,-0.28278],[35.053104,-0.273375],[35.053577,-0.271086],[35.055225,-0.266845],[35.055401,-0.263109],[35.056671,-0.257082],[35.057919,-0.234497],[35.063507,-0.215715],[35.070877,-0.212618],[35.07246,-0.208747],[35.103901,-0.201678],[35.121304,-0.171989],[35.128338,-0.156102],[35.130589,-0.157715],[35.131737,-0.155377],[35.136414,-0.160341],[35.13633,-0.162023],[35.137276,-0.163254],[35.139694,-0.161202],[35.14193,-0.162515],[35.145355,-0.162474],[35.146832,-0.163582],[35.14909,-0.163705],[35.150074,-0.164567],[35.15229,-0.164526],[35.154423,-0.166208],[35.159981,-0.165469],[35.161869,-0.164361],[35.163017,-0.162885],[35.164822,-0.163705],[35.166176,-0.163377],[35.167286,-0.165182],[35.168247,-0.163787],[35.171448,-0.163049],[35.174034,-0.163049],[35.177315,-0.164977],[35.18148,-0.165141],[35.182915,-0.166126],[35.184227,-0.165305],[35.184658,-0.163377],[35.184536,-0.160218],[35.186916,-0.160218],[35.190239,-0.163049],[35.193481,-0.163828],[35.196251,-0.162805],[35.19804,-0.163129],[35.200745,-0.165261],[35.201164,-0.166346],[35.203545,-0.165813],[35.203316,-0.16804],[35.206512,-0.171105],[35.20932,-0.171742],[35.210499,-0.17357],[35.212612,-0.173037],[35.213089,-0.174274],[35.21524,-0.175321],[35.216068,-0.177672],[35.215611,-0.180394],[35.217667,-0.181079],[35.2178,-0.182945],[35.218761,-0.186248],[35.21764,-0.18739],[35.219875,-0.192406],[35.218658,-0.19429],[35.220734,-0.195033],[35.221855,-0.194309],[35.226528,-0.196337],[35.228489,-0.195004],[35.229839,-0.195175],[35.230812,-0.193976],[35.232124,-0.194071],[35.234951,-0.195965],[35.236683,-0.201105],[35.238834,-0.199773],[35.240585,-0.200686],[35.242233,-0.203799],[35.245506,-0.20397],[35.247124,-0.20673],[35.248219,-0.207672],[35.246811,-0.209367],[35.248009,-0.211232],[35.247593,-0.212945],[35.249817,-0.213288],[35.249733,-0.214782],[35.251942,-0.216229],[35.253311,-0.218665],[35.254513,-0.219046],[35.256691,-0.222006],[35.260632,-0.223301],[35.261242,-0.2245],[35.259945,-0.226461],[35.260078,-0.228155],[35.259308,-0.229668],[35.260658,-0.230372],[35.261555,-0.233361],[35.263439,-0.232771],[35.265095,-0.234541],[35.267254,-0.23497],[35.267921,-0.236245],[35.270264,-0.237692],[35.272423,-0.23713],[35.273964,-0.237625],[35.278667,-0.237663],[35.281265,-0.237006],[35.283245,-0.237025],[35.284462,-0.235997],[35.287785,-0.237054],[35.289062,-0.236597],[35.29184,-0.237511],[35.293392,-0.237406],[35.294456,-0.238301],[35.298321,-0.23832],[35.300484,-0.240366],[35.30267,-0.239985],[35.304573,-0.24029],[35.306316,-0.242679],[35.311989,-0.248485],[35.315426,-0.248571],[35.319469,-0.247666],[35.322498,-0.246048],[35.32835,-0.243983],[35.330463,-0.24286],[35.335022,-0.242013],[35.336678,-0.240547],[35.339676,-0.240176],[35.340744,-0.237968],[35.342213,-0.236476],[35.335514,-0.20784],[35.330433,-0.192185],[35.330318,-0.176251],[35.295738,-0.176043],[35.289402,-0.16513],[35.28479,-0.165903],[35.282158,-0.165533],[35.280273,-0.165962],[35.279663,-0.163376],[35.280533,-0.161367],[35.282585,-0.158323],[35.284561,-0.157059],[35.277367,-0.144802],[35.270317,-0.152595],[35.253315,-0.120542],[35.249073,-0.119707],[35.236477,-0.119591],[35.226482,-0.106569],[35.226482,-0.067726],[35.221241,-0.039052],[35.22068,-0.037044],[35.218208,-0.038027],[35.215816,-0.036715],[35.214836,-0.033959],[35.213348,-0.033802],[35.212326,-0.032649],[35.210457,-0.033336],[35.207623,-0.03095],[35.206429,-0.0294],[35.20232,-0.030328],[35.199406,-0.027425],[35.195515,-0.028063],[35.193741,-0.026377],[35.191677,-0.027045],[35.191677,-0.028472],[35.189705,-0.028677],[35.187195,-0.029967],[35.185112,-0.028872],[35.18375,-0.030195],[35.180988,-0.028577],[35.17923,-0.030324],[35.177944,-0.029986],[35.177101,-0.028472],[35.171654,-0.030224],[35.169682,-0.030554],[35.168926,-0.031625],[35.165424,-0.03254],[35.163826,-0.031052],[35.16103,-0.031556],[35.161274,-0.033331],[35.157928,-0.037115],[35.154568,-0.037048],[35.151844,-0.039246],[35.152439,-0.036573],[35.143826,-0.032152],[35.102726,-0.005338],[35.101303,-0.006231],[35.100292,-0.011124],[35.100559,-0.012475],[35.101929,-0.013351],[35.10178,-0.015178],[35.10059,-0.016825],[35.101559,-0.018062],[35.10133,-0.022802],[35.102215,-0.024334],[35.100311,-0.028465],[35.098541,-0.02915],[35.094898,-0.031768],[35.094116,-0.033957],[35.094059,-0.036983],[35.093155,-0.038554],[35.091652,-0.044626],[35.088997,-0.045987],[35.085606,-0.050404],[35.082191,-0.050242],[35.080666,-0.053345],[35.07962,-0.052774],[35.077442,-0.054097],[35.074223,-0.055296],[35.071541,-0.057485],[35.070206,-0.059674],[35.069588,-0.062558],[35.069969,-0.064461],[35.067181,-0.067859],[35.065613,-0.068771],[35.049995,-0.035612],[35.042255,-0.036193],[35.032578,-0.035225],[35.00684,-0.029613],[34.989422,-0.02013],[34.989807,-0.024774],[34.978775,-0.024581],[34.964649,-0.032322],[34.957874,-0.026516],[34.952843,-0.026903],[34.955166,-0.030967],[34.934166,-0.035903],[34.923717,-0.036677],[34.919846,-0.033387],[34.9212,-0.026806],[34.906105,-0.029322],[34.89159,-0.025645],[34.879978,-0.027387],[34.82666,-0.028452],[34.809048,-0.022839],[34.806824,-0.020226],[34.805035,-0.019677],[34.803421,-0.017748],[34.803162,-0.014978],[34.803692,-0.012852],[34.80608,-0.009262],[34.810108,-0.006311],[34.812069,-0.003852],[34.812546,-0.001782],[34.830669,0.023905],[34.818691,0.021943],[34.817013,0.018728],[34.814236,0.015664],[34.812469,0.014727],[34.809784,0.011176],[34.808685,0.010617],[34.806225,0.010824],[34.803448,0.010103],[34.789791,-0.004864],[34.787651,-0.006649],[34.783401,-0.013362],[34.781776,-0.017408],[34.780975,-0.021394],[34.779442,-0.01946],[34.774712,-0.017238],[34.771866,-0.017174],[34.769245,-0.018469],[34.767216,-0.018613],[34.763882,-0.01747],[34.762714,-0.017949],[34.760414,-0.023383],[34.757195,-0.026348],[34.755138,-0.032989],[34.754612,-0.033421],[34.750568,-0.033053],[34.749451,-0.028226],[34.747074,-0.024732]]]},"properties":{"code":401}},{"type":"Feature","geometry":{"type":"Polygon","coordinates":[[[36.657471,-0.153077],[36.68586,-0.174455],[36.678658,-0.174405],[36.682011,-0.185512],[36.612518,-0.311534],[36.61227,-0.319289],[36.611355,-0.322116],[36.608719,-0.326343],[36.607121,-0.330625],[36.606316,-0.334759],[36.606777,-0.341765],[36.60804,-0.346243],[36.611141,-0.351411],[36.613323,-0.354512],[36.613552,-0.356579],[36.612061,-0.358646],[36.602413,-0.367374],[36.601265,-0.369786],[36.601151,-0.373002],[36.601845,-0.375557],[36.603905,-0.37748],[36.608269,-0.379203],[36.613667,-0.380237],[36.618259,-0.382304],[36.625153,-0.383223],[36.630436,-0.389539],[36.621937,-0.401597],[36.622509,-0.403779],[36.626072,-0.407799],[36.630436,-0.410555],[36.632156,-0.412737],[36.635601,-0.419742],[36.645035,-0.429401],[36.650303,-0.435935],[36.647774,-0.460052],[36.648579,-0.46143],[36.658569,-0.462234],[36.660866,-0.463382],[36.662361,-0.465335],[36.663395,-0.469239],[36.664082,-0.480264],[36.66328,-0.484513],[36.659031,-0.491634],[36.657768,-0.501625],[36.654896,-0.51242],[36.654552,-0.516669],[36.656158,-0.519196],[36.661213,-0.525053],[36.660408,-0.53447],[36.661442,-0.538259],[36.66592,-0.545265],[36.66634,-0.550147],[36.66634,-0.562323],[36.66753,-0.571564],[36.669022,-0.575583],[36.670513,-0.577306],[36.673615,-0.578799],[36.679012,-0.580866],[36.679012,-0.591661],[36.679356,-0.595106],[36.680046,-0.596714],[36.687283,-0.605442],[36.688431,-0.608084],[36.690151,-0.613366],[36.696812,-0.622439],[36.704105,-0.628668],[36.705837,-0.626504],[36.707275,-0.623624],[36.707672,-0.620386],[36.707172,-0.61377],[36.708447,-0.608005],[36.707005,-0.60329],[36.705486,-0.601195],[36.706085,-0.596954],[36.705788,-0.591804],[36.704666,-0.590205],[36.706825,-0.586579],[36.710167,-0.58419],[36.713306,-0.579317],[36.71582,-0.578156],[36.718246,-0.576109],[36.721111,-0.571665],[36.73381,-0.566658],[36.737949,-0.57038],[36.74284,-0.569942],[36.74501,-0.571427],[36.748314,-0.571208],[36.752796,-0.568229],[36.755711,-0.567448],[36.7589,-0.567934],[36.763809,-0.567781],[36.766579,-0.567125],[36.769341,-0.567696],[36.773022,-0.567629],[36.777897,-0.56643],[36.780743,-0.566896],[36.785053,-0.569133],[36.786804,-0.570542],[36.789623,-0.571056],[36.79694,-0.571198],[36.800377,-0.570066],[36.803326,-0.570294],[36.807961,-0.572988],[36.809425,-0.579339],[36.810799,-0.580278],[36.820442,-0.582457],[36.820824,-0.58478],[36.837925,-0.595506],[36.844456,-0.593736],[36.85815,-0.606142],[36.860077,-0.60812],[36.866062,-0.605881],[36.869717,-0.60649],[36.875732,-0.60708],[36.877808,-0.608051],[36.880634,-0.608593],[36.882725,-0.610934],[36.884136,-0.611144],[36.886703,-0.609659],[36.88879,-0.610221],[36.891624,-0.609079],[36.893547,-0.608812],[36.898411,-0.609316],[36.901466,-0.609098],[36.904305,-0.610087],[36.906796,-0.60944],[36.912689,-0.609602],[36.918591,-0.609031],[36.92128,-0.609327],[36.921318,-0.604412],[36.924805,-0.603836],[36.928116,-0.601879],[36.929962,-0.601696],[36.931046,-0.600265],[36.933903,-0.599429],[36.935146,-0.598537],[36.938629,-0.597514],[36.941288,-0.59723],[36.942848,-0.59597],[36.947865,-0.594683],[36.950352,-0.593759],[36.952442,-0.592163],[36.955921,-0.588784],[36.966549,-0.586576],[36.970913,-0.582493],[36.976768,-0.579592],[36.981754,-0.57928],[36.984543,-0.57663],[36.986523,-0.576005],[36.989136,-0.576968],[36.99107,-0.578648],[36.991943,-0.580388],[36.995079,-0.583717],[36.998829,-0.584488],[37.001759,-0.584054],[37.005573,-0.585615],[37.006878,-0.585088],[37.013111,-0.585325],[37.015114,-0.584661],[37.017513,-0.586833],[37.021435,-0.589262],[37.026588,-0.591554],[37.028645,-0.590808],[37.03117,-0.591644],[37.033653,-0.590757],[37.037613,-0.592254],[37.041183,-0.593191],[37.044094,-0.594592],[37.048092,-0.594737],[37.049366,-0.595691],[37.051807,-0.599211],[37.055515,-0.602191],[37.056305,-0.604471],[37.05788,-0.606896],[37.058926,-0.610201],[37.063305,-0.611905],[37.065514,-0.610416],[37.06826,-0.611419],[37.075352,-0.615828],[37.077621,-0.615676],[37.079346,-0.619138],[37.082371,-0.620138],[37.085548,-0.623319],[37.087254,-0.622918],[37.094051,-0.625301],[37.096142,-0.627107],[37.097828,-0.627021],[37.101612,-0.629942],[37.100296,-0.633387],[37.100403,-0.636585],[37.10223,-0.638212],[37.107483,-0.640057],[37.10902,-0.641047],[37.114025,-0.641572],[37.118919,-0.643163],[37.122597,-0.643567],[37.126701,-0.642859],[37.129883,-0.64059],[37.132927,-0.64067],[37.135208,-0.640217],[37.138367,-0.638336],[37.140697,-0.638077],[37.143822,-0.638722],[37.145569,-0.638605],[37.147926,-0.639226],[37.150661,-0.640879],[37.152679,-0.640511],[37.154026,-0.637476],[37.15403,-0.635848],[37.158943,-0.637184],[37.163891,-0.63669],[37.166016,-0.635494],[37.169117,-0.635625],[37.169212,-0.634139],[37.170723,-0.631744],[37.174652,-0.632892],[37.176571,-0.632693],[37.173271,-0.629085],[37.172256,-0.627407],[37.172379,-0.622651],[37.173382,-0.620919],[37.175037,-0.620256],[37.173824,-0.617917],[37.174046,-0.616063],[37.175369,-0.615268],[37.178139,-0.615103],[37.178314,-0.612234],[37.179031,-0.60964],[37.178612,-0.60505],[37.177166,-0.60058],[37.175819,-0.599499],[37.171043,-0.598186],[37.168613,-0.59578],[37.168064,-0.59163],[37.16687,-0.591388],[37.165592,-0.592911],[37.16037,-0.592304],[37.159222,-0.591818],[37.158009,-0.589479],[37.15588,-0.586907],[37.153275,-0.584744],[37.148937,-0.580429],[37.148739,-0.578642],[37.149426,-0.577097],[37.149258,-0.574614],[37.147053,-0.572031],[37.145054,-0.571358],[37.144127,-0.570299],[37.143509,-0.566944],[37.144161,-0.562828],[37.14555,-0.562364],[37.147095,-0.564086],[37.148441,-0.563049],[37.148365,-0.559065],[37.149555,-0.554231],[37.148685,-0.550821],[37.147602,-0.549232],[37.147263,-0.547014],[37.146355,-0.545579],[37.146267,-0.543218],[37.147732,-0.539266],[37.14642,-0.534255],[37.167976,-0.507074],[37.166855,-0.503622],[37.164551,-0.502162],[37.163132,-0.499947],[37.163769,-0.496764],[37.162193,-0.495939],[37.160748,-0.494234],[37.161671,-0.491834],[37.164928,-0.489297],[37.166977,-0.489149],[37.170193,-0.488007],[37.176788,-0.482934],[37.176067,-0.479593],[37.175541,-0.471877],[37.174652,-0.468199],[37.174591,-0.463188],[37.174229,-0.45932],[37.174755,-0.448121],[37.174576,-0.443298],[37.17609,-0.44106],[37.178867,-0.441094],[37.186081,-0.443771],[37.193653,-0.443106],[37.197163,-0.441783],[37.199673,-0.439039],[37.199158,-0.437266],[37.198986,-0.431856],[37.200211,-0.428704],[37.202164,-0.428011],[37.205677,-0.424333],[37.205135,-0.417779],[37.207172,-0.411517],[37.208031,-0.410312],[37.307785,-0.151074],[37.13541,-0.041344],[37.130466,-0.036871],[37.123703,-0.054468],[37.120735,-0.051113],[37.117023,-0.045397],[37.114429,-0.040953],[37.112095,-0.038196],[37.107998,-0.034176],[37.102688,-0.0295],[37.099873,-0.0279],[37.096836,-0.023283],[37.094677,-0.021374],[37.093018,-0.01881],[37.090763,-0.017055],[37.087803,-0.016776],[37.086262,-0.014655],[37.082569,-0.010693],[37.081642,-0.008765],[37.076096,-0.001814],[37.076519,-0.000522],[37.078773,0.001121],[37.079269,0.003404],[37.077507,0.006366],[37.076862,0.009813],[37.071144,0.0009],[37.068321,0.001731],[37.064899,0.001092],[37.063229,0.001883],[37.051502,-0.00994],[37.049656,-0.01505],[37.026318,-0.044436],[37.024357,-0.049103],[36.997814,-0.064283],[36.994629,-0.065502],[36.989487,-0.066077],[36.987083,-0.067093],[36.985016,-0.069429],[36.983459,-0.070106],[36.980244,-0.069835],[36.977909,-0.070072],[36.976994,-0.070816],[36.976555,-0.073288],[36.977772,-0.075014],[36.977909,-0.076842],[36.976521,-0.079854],[36.980415,-0.097118],[36.98143,-0.108322],[36.982986,-0.132085],[36.983387,-0.134342],[36.984909,-0.137128],[36.98774,-0.139872],[36.989433,-0.140879],[36.993824,-0.145701],[36.997952,-0.14659],[36.999989,-0.147555],[37.002365,-0.149934],[37.006062,-0.149923],[37.006836,-0.151616],[37.005569,-0.154231],[37.006126,-0.156331],[37.004429,-0.176792],[37.016804,-0.180796],[37.007027,-0.221204],[37.007423,-0.225359],[37.008167,-0.226892],[37.011604,-0.231802],[37.01086,-0.233528],[37.009205,-0.234623],[37.007713,-0.240706],[37.005489,-0.242092],[37.003895,-0.244639],[37.002369,-0.245042],[37.001167,-0.248763],[36.998466,-0.251044],[36.996624,-0.252037],[36.99279,-0.252807],[36.991302,-0.254398],[36.988132,-0.255677],[36.9958,-0.271313],[36.993111,-0.278346],[36.985413,-0.296194],[36.961216,-0.284725],[36.877781,-0.260293],[36.868839,-0.249043],[36.854736,-0.254302],[36.841,-0.216029],[36.841488,-0.207687],[36.837585,-0.197745],[36.844608,-0.196613],[36.848076,-0.197858],[36.849762,-0.19784],[36.852406,-0.194947],[36.853603,-0.192905],[36.855904,-0.190157],[36.860699,-0.18925],[36.862957,-0.187052],[36.864258,-0.182096],[36.864784,-0.181312],[36.868965,-0.179999],[36.869118,-0.177765],[36.868244,-0.175295],[36.867756,-0.172303],[36.864738,-0.169076],[36.862507,-0.159797],[36.861355,-0.158512],[36.857697,-0.156364],[36.856594,-0.154936],[36.856689,-0.151502],[36.857361,-0.149418],[36.859699,-0.146991],[36.860229,-0.145705],[36.859566,-0.143487],[36.852867,-0.143042],[36.843651,-0.137383],[36.829006,-0.135691],[36.829063,-0.103601],[36.790672,-0.106752],[36.764942,-0.114745],[36.763191,-0.109319],[36.752186,-0.120836],[36.715935,-0.129565],[36.713776,-0.131898],[36.7108,-0.136741],[36.657471,-0.153077]]]},"properties":{"code":101}},{"type":"Feature","geometry":{"type":"Polygon","coordinates":[[[38.420704,-0.069285],[38.419479,-0.069132],[38.415562,-0.072041],[38.413616,-0.071964],[38.409897,-0.073933],[38.403469,-0.074938],[38.401661,-0.074545],[38.39962,-0.0731],[38.396835,-0.072279],[38.393654,-0.072094],[38.391563,-0.073469],[38.389977,-0.078626],[38.38802,-0.082094],[38.383991,-0.085027],[38.381489,-0.085509],[38.379047,-0.083772],[38.377247,-0.080732],[38.375195,-0.078834],[38.369728,-0.077972],[38.366806,-0.076919],[38.364571,-0.075289],[38.361435,-0.071833],[38.354366,-0.066372],[38.346901,-0.061357],[38.344261,-0.060381],[38.339573,-0.06037],[38.332977,-0.064908],[38.330067,-0.065569],[38.32679,-0.063314],[38.323215,-0.058633],[38.31974,-0.055206],[38.314945,-0.052458],[38.310627,-0.051185],[38.309132,-0.051476],[38.305611,-0.054925],[38.302433,-0.060731],[38.301456,-0.066085],[38.300594,-0.067471],[38.297607,-0.070219],[38.292614,-0.074109],[38.290398,-0.075406],[38.288609,-0.079207],[38.288212,-0.082842],[38.286537,-0.084264],[38.28159,-0.082515],[38.279865,-0.082432],[38.276337,-0.084793],[38.27404,-0.088362],[38.273018,-0.092288],[38.271435,-0.09299],[38.269821,-0.092711],[38.267109,-0.091331],[38.263927,-0.09117],[38.26012,-0.089171],[38.257496,-0.086096],[38.254147,-0.084805],[38.250286,-0.084073],[38.246857,-0.086328],[38.242268,-0.089855],[38.236801,-0.091337],[38.233559,-0.093389],[38.228355,-0.098511],[38.225983,-0.100301],[38.222393,-0.101687],[38.220379,-0.103573],[38.218403,-0.107511],[38.215309,-0.111175],[38.213684,-0.113727],[38.213161,-0.116654],[38.212914,-0.122389],[38.211254,-0.124834],[38.207878,-0.125732],[38.207001,-0.127957],[38.206543,-0.131329],[38.206303,-0.136338],[38.207321,-0.140258],[38.206932,-0.142215],[38.205601,-0.143822],[38.204132,-0.144327],[38.200912,-0.144202],[38.199036,-0.142858],[38.197048,-0.143251],[38.195518,-0.14566],[38.194347,-0.149068],[38.193607,-0.149818],[38.188927,-0.149622],[38.187084,-0.150347],[38.185425,-0.153435],[38.183704,-0.163446],[38.183674,-0.165272],[38.184811,-0.170228],[38.184277,-0.175808],[38.183239,-0.182696],[38.181873,-0.189347],[38.176376,-0.200173],[38.170029,-0.212029],[38.16724,-0.215759],[38.163471,-0.221844],[38.162373,-0.224729],[38.162491,-0.226966],[38.163914,-0.229542],[38.162918,-0.233938],[38.162212,-0.235264],[38.158897,-0.237447],[38.154549,-0.237537],[38.151623,-0.238334],[38.150497,-0.239482],[38.148952,-0.239708],[38.145378,-0.238417],[38.144306,-0.238691],[38.142105,-0.240559],[38.139832,-0.24364],[38.138096,-0.2474],[38.137096,-0.252313],[38.135426,-0.25621],[38.130981,-0.258952],[38.127045,-0.262473],[38.123955,-0.266751],[38.120144,-0.270004],[38.11784,-0.270915],[38.114449,-0.273032],[38.113316,-0.275299],[38.109818,-0.275394],[38.105183,-0.275055],[38.103569,-0.275441],[38.10247,-0.278386],[38.100441,-0.278285],[38.096455,-0.276465],[38.093201,-0.275757],[38.090454,-0.274377],[38.087891,-0.273788],[38.084393,-0.273978],[38.081852,-0.274531],[38.078884,-0.274383],[38.073673,-0.273336],[38.069305,-0.273859],[38.061817,-0.273841],[38.054226,-0.275186],[38.045685,-0.275269],[38.041157,-0.274751],[38.031498,-0.273049],[38.029537,-0.270745],[38.026993,-0.26863],[38.023121,-0.267649],[38.020927,-0.268043],[38.0177,-0.266988],[38.015175,-0.267351],[38.011189,-0.266091],[38.00663,-0.266435],[38.004951,-0.265388],[38.000271,-0.265002],[37.998318,-0.265704],[37.997272,-0.26681],[37.994022,-0.273021],[37.993382,-0.275352],[37.993484,-0.277429],[37.993031,-0.282616],[37.993149,-0.28534],[37.99221,-0.287541],[37.987583,-0.292514],[37.985161,-0.29653],[37.984001,-0.299641],[37.982845,-0.305494],[37.980389,-0.309391],[37.979832,-0.311651],[37.980591,-0.313043],[37.984524,-0.316083],[37.985691,-0.317439],[37.986439,-0.319961],[37.985863,-0.323346],[37.984856,-0.324316],[37.981026,-0.324851],[37.97958,-0.32657],[37.978813,-0.329943],[37.977676,-0.333054],[37.974178,-0.339562],[37.972637,-0.341948],[37.971966,-0.344726],[37.972393,-0.346082],[37.974529,-0.349193],[37.97773,-0.352572],[37.977821,-0.354803],[37.969849,-0.360585],[37.967655,-0.36322],[37.968128,-0.364743],[37.972626,-0.367789],[37.974068,-0.370596],[37.974472,-0.376295],[37.974072,-0.377693],[37.970177,-0.380554],[37.969585,-0.38388],[37.969559,-0.389882],[37.969128,-0.392666],[37.969559,-0.396199],[37.96817,-0.398168],[37.966145,-0.399197],[37.964905,-0.401006],[37.964947,-0.403356],[37.965714,-0.406336],[37.965065,-0.410601],[37.964584,-0.411559],[37.961834,-0.41257],[37.960937,-0.413897],[37.960052,-0.41696],[37.954811,-0.422141],[37.952953,-0.424473],[37.951206,-0.425615],[37.947334,-0.423896],[37.945324,-0.427059],[37.942017,-0.425383],[37.939503,-0.4253],[37.936466,-0.427311],[37.934544,-0.429655],[37.935192,-0.432987],[37.93301,-0.439621],[37.928959,-0.448034],[37.924778,-0.452555],[37.921818,-0.456239],[37.918793,-0.460522],[37.915318,-0.46293],[37.913445,-0.466118],[37.91293,-0.469963],[37.911797,-0.473095],[37.907162,-0.48108],[37.906086,-0.483983],[37.904099,-0.48799],[37.903183,-0.490865],[37.900879,-0.496518],[37.898052,-0.501591],[37.894447,-0.507578],[37.892487,-0.509082],[37.891315,-0.513108],[37.888718,-0.520351],[37.887604,-0.522816],[37.885174,-0.526918],[37.882347,-0.533248],[37.882046,-0.535532],[37.883034,-0.54208],[37.884823,-0.544574],[37.887337,-0.553216],[37.887135,-0.556443],[37.887287,-0.560878],[37.886414,-0.567864],[37.884632,-0.57465],[37.88253,-0.580675],[37.88353,-0.582607],[37.886116,-0.584701],[37.890221,-0.587433],[37.894653,-0.591811],[37.897766,-0.593286],[37.901287,-0.596503],[37.900745,-0.599292],[37.901089,-0.600701],[37.909657,-0.609838],[37.915783,-0.61749],[37.921696,-0.622715],[37.921791,-0.623819],[37.919098,-0.627674],[37.9175,-0.629216],[37.912216,-0.63288],[37.909054,-0.635412],[37.906265,-0.638315],[37.89893,-0.642417],[37.894161,-0.643626],[37.893036,-0.644749],[37.892788,-0.654553],[37.893131,-0.657332],[37.894543,-0.664641],[37.896301,-0.668477],[37.895142,-0.672989],[37.895359,-0.675873],[37.894798,-0.680317],[37.897205,-0.683336],[37.900906,-0.683455],[37.903854,-0.68474],[37.902821,-0.687334],[37.901821,-0.691831],[37.900703,-0.694865],[37.898602,-0.703413],[37.899239,-0.707357],[37.900314,-0.709183],[37.904381,-0.708571],[37.907555,-0.710212],[37.90897,-0.707797],[37.910477,-0.706637],[37.91188,-0.707613],[37.912998,-0.716203],[37.913612,-0.724061],[37.915485,-0.727993],[37.914803,-0.730212],[37.912102,-0.734578],[37.911884,-0.73578],[37.912689,-0.738867],[37.911076,-0.741395],[37.909351,-0.746868],[37.905468,-0.751193],[37.904404,-0.7534],[37.903885,-0.755773],[37.901665,-0.758979],[37.899181,-0.761169],[37.890957,-0.766415],[37.890594,-0.767659],[37.892006,-0.77102],[37.892517,-0.777872],[37.884895,-0.780079],[37.883892,-0.781442],[37.883255,-0.786314],[37.882309,-0.788271],[37.88063,-0.78996],[37.879917,-0.794041],[37.880672,-0.797045],[37.883213,-0.799502],[37.883488,-0.802048],[37.881104,-0.803636],[37.87801,-0.803838],[37.877003,-0.804368],[37.875175,-0.807045],[37.872883,-0.808818],[37.870625,-0.80963],[37.866474,-0.807843],[37.863537,-0.809438],[37.859505,-0.810309],[37.854706,-0.808153],[37.852253,-0.809113],[37.845512,-0.809832],[37.846127,-0.812197],[37.843857,-0.815697],[37.84433,-0.817446],[37.846886,-0.818534],[37.847832,-0.820946],[37.8466,-0.826906],[37.847878,-0.827568],[37.84906,-0.831162],[37.842628,-0.833432],[37.841446,-0.834331],[37.842392,-0.836554],[37.84206,-0.838588],[37.844284,-0.839439],[37.844757,-0.84029],[37.8414,-0.843459],[37.838608,-0.843128],[37.837143,-0.844499],[37.838512,-0.848118],[37.836433,-0.850719],[37.834164,-0.850813],[37.832317,-0.851759],[37.83355,-0.853746],[37.833405,-0.855732],[37.830521,-0.856631],[37.829479,-0.859468],[37.831844,-0.861124],[37.831749,-0.863252],[37.827587,-0.864576],[37.826595,-0.866823],[37.827587,-0.868904],[37.827209,-0.8716],[37.825272,-0.870843],[37.824516,-0.872498],[37.826077,-0.874437],[37.824467,-0.875147],[37.823097,-0.877275],[37.823002,-0.880539],[37.820778,-0.88217],[37.822151,-0.884393],[37.822906,-0.888933],[37.825035,-0.890163],[37.822861,-0.893568],[37.820969,-0.893947],[37.819077,-0.895271],[37.81884,-0.897588],[37.820446,-0.898865],[37.825176,-0.899055],[37.829056,-0.90019],[37.83033,-0.901183],[37.831467,-0.903619],[37.833927,-0.905321],[37.83355,-0.90797],[37.835438,-0.911139],[37.838089,-0.908443],[37.839458,-0.909152],[37.83894,-0.912132],[37.83894,-0.916578],[37.838562,-0.918966],[37.83984,-0.919392],[37.842155,-0.918209],[37.843102,-0.919108],[37.841587,-0.922182],[37.843529,-0.922277],[37.844475,-0.924074],[37.842583,-0.925682],[37.843338,-0.926722],[37.846981,-0.927337],[37.848873,-0.928756],[37.85067,-0.931074],[37.850765,-0.932587],[37.84906,-0.933864],[37.849674,-0.935141],[37.851707,-0.935614],[37.852562,-0.936796],[37.851566,-0.939138],[37.850056,-0.939705],[37.847263,-0.938712],[37.846317,-0.94084],[37.847927,-0.942117],[37.846836,-0.945049],[37.847595,-0.946752],[37.850056,-0.947178],[37.851189,-0.949732],[37.849583,-0.951718],[37.850811,-0.953941],[37.854122,-0.958221],[37.854168,-0.961248],[37.852562,-0.961154],[37.852089,-0.958789],[37.85062,-0.960066],[37.848351,-0.960822],[37.845089,-0.963376],[37.846176,-0.964275],[37.847927,-0.963329],[37.849438,-0.964937],[37.850906,-0.964606],[37.853413,-0.965552],[37.856628,-0.964228],[37.85833,-0.96489],[37.859798,-0.967018],[37.862682,-0.967444],[37.86377,-0.969572],[37.862305,-0.971086],[37.862728,-0.972788],[37.865994,-0.971795],[37.868122,-0.973214],[37.868122,-0.975153],[37.867081,-0.97669],[37.863815,-0.976832],[37.862209,-0.977352],[37.862587,-0.978629],[37.864761,-0.979528],[37.865189,-0.981703],[37.86216,-0.981089],[37.86079,-0.981467],[37.858662,-0.984115],[37.854218,-0.985298],[37.851143,-0.988774],[37.849628,-0.990004],[37.849819,-0.992652],[37.847736,-0.992794],[37.846508,-0.995017],[37.847927,-0.999179],[37.847736,-1.001307],[37.849533,-1.004689],[37.848778,-1.007668],[37.847782,-1.017742],[37.848019,-1.020107],[37.847122,-1.026374],[37.845844,-1.028455],[37.845467,-1.030205],[37.846272,-1.032759],[37.846222,-1.035786],[37.846695,-1.041343],[37.845562,-1.043518],[37.844566,-1.047491],[37.843102,-1.048721],[37.84211,-1.050755],[37.838894,-1.052599],[37.837852,-1.054727],[37.835155,-1.058275],[37.833595,-1.062555],[37.831749,-1.064447],[37.830284,-1.067852],[37.827873,-1.069791],[37.823807,-1.070548],[37.821297,-1.069413],[37.819122,-1.070784],[37.818699,-1.075419],[37.817657,-1.077027],[37.817608,-1.07977],[37.812973,-1.085824],[37.810608,-1.087574],[37.807678,-1.09131],[37.806778,-1.093297],[37.806919,-1.097317],[37.805454,-1.101384],[37.805218,-1.103229],[37.803894,-1.107154],[37.80167,-1.110583],[37.800392,-1.11711],[37.7994,-1.118103],[37.799118,-1.122171],[37.797367,-1.124535],[37.796524,-1.127069],[37.738152,-1.077547],[37.593979,-1.085939],[37.596901,-1.147151],[37.600796,-1.146461],[37.603012,-1.145377],[37.606808,-1.144588],[37.609615,-1.14242],[37.611538,-1.142025],[37.617699,-1.142962],[37.622974,-1.147594],[37.624798,-1.149861],[37.625584,-1.152424],[37.627754,-1.154051],[37.629677,-1.157747],[37.631599,-1.160359],[37.633865,-1.162257],[37.634209,-1.163982],[37.638054,-1.169353],[37.639038,-1.172557],[37.640469,-1.175514],[37.642044,-1.180911],[37.643375,-1.184065],[37.646038,-1.188451],[37.649094,-1.197446],[37.65126,-1.199466],[37.654171,-1.200206],[37.654812,-1.201043],[37.655945,-1.206317],[37.657028,-1.207993],[37.660873,-1.211393],[37.661663,-1.214104],[37.663288,-1.216026],[37.665161,-1.21642],[37.664719,-1.219944],[37.665703,-1.221078],[37.670433,-1.224429],[37.672356,-1.22709],[37.674572,-1.231082],[37.675758,-1.232512],[37.677776,-1.233497],[37.684235,-1.234508],[37.686253,-1.238007],[37.688274,-1.240077],[37.688667,-1.241703],[37.686699,-1.244956],[37.688866,-1.249342],[37.691429,-1.249047],[37.69286,-1.252299],[37.693596,-1.25676],[37.694733,-1.25952],[37.694927,-1.261343],[37.696751,-1.263906],[37.696407,-1.267257],[37.696651,-1.268982],[37.698231,-1.270658],[37.701088,-1.271644],[37.701927,-1.272481],[37.702618,-1.276005],[37.705772,-1.280096],[37.706806,-1.283447],[37.707005,-1.285468],[37.708187,-1.288622],[37.711388,-1.289805],[37.712669,-1.290938],[37.712769,-1.293772],[37.713707,-1.296089],[37.71331,-1.299243],[37.716122,-1.299095],[37.716663,-1.300081],[37.716171,-1.302742],[37.718288,-1.305108],[37.719719,-1.309987],[37.72105,-1.312845],[37.723167,-1.315852],[37.723759,-1.318907],[37.723167,-1.321569],[37.723759,-1.322702],[37.72588,-1.324329],[37.728046,-1.328715],[37.729969,-1.333988],[37.731693,-1.336305],[37.731594,-1.34005],[37.732632,-1.34079],[37.73687,-1.34148],[37.736771,-1.343106],[37.738892,-1.345767],[37.740219,-1.3487],[37.743721,-1.349932],[37.745148,-1.352248],[37.744164,-1.355501],[37.747517,-1.357127],[37.7486,-1.357029],[37.752789,-1.354688],[37.75407,-1.355033],[37.755154,-1.357004],[37.756092,-1.357054],[37.759392,-1.354442],[37.764763,-1.354392],[37.766392,-1.357054],[37.768707,-1.357596],[37.770382,-1.359616],[37.774818,-1.360922],[37.778366,-1.367083],[37.779945,-1.37073],[37.78236,-1.370976],[37.783592,-1.372061],[37.783886,-1.374081],[37.784924,-1.375116],[37.788025,-1.375757],[37.789505,-1.379922],[37.791969,-1.382731],[37.793102,-1.384702],[37.795864,-1.387265],[37.797096,-1.390764],[37.79808,-1.39239],[37.797489,-1.395323],[37.799263,-1.395717],[37.800346,-1.394042],[37.802666,-1.393844],[37.803551,-1.394534],[37.804489,-1.398625],[37.804489,-1.403751],[37.806164,-1.406708],[37.806458,-1.411587],[37.807739,-1.414396],[37.807198,-1.418856],[37.809761,-1.420976],[37.809319,-1.424524],[37.811783,-1.426693],[37.811337,-1.429847],[37.81316,-1.434233],[37.812618,-1.438792],[37.813259,-1.440221],[37.814938,-1.441503],[37.816513,-1.441749],[37.817104,-1.443129],[37.81543,-1.444361],[37.816265,-1.445495],[37.818138,-1.44584],[37.819145,-1.447318],[37.810104,-1.447269],[37.79892,-1.45407],[37.794731,-1.458136],[37.791676,-1.4606],[37.788616,-1.464297],[37.785465,-1.466909],[37.782112,-1.46888],[37.78014,-1.470654],[37.779598,-1.472281],[37.779156,-1.476273],[37.777874,-1.479649],[37.774719,-1.484873],[37.773243,-1.485957],[37.770481,-1.486746],[37.762596,-1.487189],[37.759098,-1.487707],[37.755894,-1.488988],[37.750816,-1.489826],[37.748749,-1.490565],[37.743179,-1.493424],[37.739285,-1.494976],[37.734898,-1.496208],[37.730412,-1.495715],[37.726223,-1.493991],[37.723068,-1.493917],[37.717598,-1.49229],[37.713409,-1.489333],[37.709713,-1.488668],[37.706806,-1.489506],[37.701927,-1.490343],[37.700844,-1.491181],[37.694576,-1.498557],[37.698063,-1.504613],[37.702007,-1.508748],[37.703217,-1.508812],[37.704868,-1.507412],[37.708687,-1.507667],[37.710724,-1.508239],[37.714157,-1.511102],[37.715305,-1.514283],[37.718102,-1.518228],[37.719311,-1.521663],[37.720585,-1.523126],[37.723446,-1.524462],[37.724781,-1.529297],[37.728725,-1.536232],[37.732609,-1.542308],[37.739925,-1.550197],[37.74247,-1.553314],[37.748322,-1.553887],[37.749786,-1.55535],[37.749912,-1.559167],[37.750549,-1.561076],[37.752625,-1.564226],[37.753323,-1.566382],[37.755131,-1.568551],[37.757229,-1.570269],[37.758564,-1.574213],[37.760284,-1.577012],[37.764038,-1.58032],[37.767918,-1.582293],[37.77116,-1.582865],[37.771862,-1.584074],[37.771481,-1.586174],[37.774853,-1.590722],[37.775486,-1.592376],[37.775486,-1.595557],[37.778351,-1.599947],[37.781788,-1.604401],[37.782803,-1.609426],[37.784332,-1.611653],[37.787003,-1.613816],[37.788212,-1.617093],[37.791267,-1.620019],[37.79184,-1.622564],[37.792091,-1.626127],[37.795338,-1.627908],[37.796738,-1.631534],[37.800236,-1.635733],[37.802334,-1.640791],[37.803352,-1.642572],[37.803226,-1.644735],[37.800808,-1.647344],[37.801189,-1.648998],[37.80418,-1.648934],[37.805389,-1.651034],[37.803799,-1.652752],[37.804817,-1.654215],[37.806915,-1.654597],[37.808315,-1.655996],[37.809334,-1.658605],[37.813278,-1.662485],[37.815632,-1.664203],[37.81913,-1.664585],[37.820595,-1.666525],[37.821865,-1.669643],[37.821865,-1.671488],[37.819641,-1.675559],[37.819386,-1.678359],[37.819893,-1.680649],[37.82085,-1.681794],[37.823776,-1.683321],[37.825111,-1.683321],[37.8288,-1.681858],[37.830902,-1.682939],[37.830135,-1.68542],[37.832493,-1.689492],[37.835545,-1.68981],[37.836819,-1.690669],[37.835861,-1.694868],[37.837135,-1.699003],[37.83567,-1.705938],[37.834274,-1.709119],[37.835098,-1.710582],[37.839424,-1.710391],[37.842861,-1.711473],[37.844387,-1.713381],[37.844769,-1.715035],[37.844261,-1.723147],[37.844898,-1.724801],[37.848206,-1.7276],[37.84935,-1.730081],[37.850243,-1.737398],[37.851894,-1.740642],[37.852215,-1.743791],[37.85355,-1.7471],[37.853104,-1.750344],[37.85495,-1.754352],[37.85482,-1.755307],[37.852787,-1.757215],[37.852596,-1.761096],[37.853485,-1.763895],[37.851006,-1.764531],[37.851513,-1.767044],[37.850178,-1.769017],[37.84827,-1.768762],[37.845341,-1.766281],[37.844006,-1.766217],[37.840317,-1.767871],[37.838535,-1.771625],[37.839233,-1.775442],[37.837708,-1.779196],[37.840061,-1.782186],[37.844135,-1.791633],[37.84515,-1.795069],[37.847187,-1.797868],[37.851131,-1.801113],[37.855202,-1.805375],[37.862518,-1.813455],[37.866272,-1.816286],[37.869007,-1.820994],[37.873337,-1.824811],[37.878677,-1.831046],[37.882179,-1.833336],[37.886124,-1.833591],[37.890575,-1.838012],[37.891594,-1.839794],[37.891468,-1.841957],[37.889305,-1.843484],[37.885677,-1.844501],[37.884785,-1.846156],[37.883389,-1.851754],[37.88485,-1.854744],[37.886375,-1.85907],[37.887459,-1.859707],[37.890194,-1.858816],[37.89185,-1.859134],[37.897194,-1.861233],[37.90012,-1.863683],[37.897892,-1.867818],[37.897766,-1.869345],[37.898529,-1.871699],[37.900501,-1.875198],[37.901073,-1.879842],[37.902027,-1.883978],[37.905655,-1.891898],[37.90559,-1.895397],[37.904255,-1.899851],[37.904446,-1.90265],[37.90559,-1.90405],[37.906799,-1.904177],[37.911251,-1.902459],[37.914879,-1.901887],[37.916595,-1.902586],[37.917358,-1.905449],[37.917107,-1.908058],[37.916153,-1.909966],[37.912651,-1.912257],[37.911762,-1.913688],[37.911762,-1.915851],[37.91106,-1.918269],[37.909409,-1.920559],[37.909344,-1.92374],[37.910236,-1.927303],[37.90807,-1.930547],[37.907562,-1.932392],[37.909153,-1.9357],[37.911888,-1.938659],[37.91367,-1.941967],[37.915005,-1.947247],[37.915005,-1.948774],[37.91246,-1.954309],[37.914623,-1.958444],[37.916214,-1.964202],[37.919842,-1.974],[37.920731,-1.976035],[37.923912,-1.985578],[37.925056,-1.987805],[37.928303,-1.990127],[37.928749,-1.991527],[37.926903,-1.995026],[37.928303,-1.997189],[37.935051,-2.000537],[37.934994,-2.001984],[37.933624,-2.005182],[37.935081,-2.007552],[37.937347,-2.008504],[37.938526,-2.009988],[37.938393,-2.011759],[37.936672,-2.016717],[37.937126,-2.018868],[37.940231,-2.019782],[37.941277,-2.020867],[37.941021,-2.022742],[37.939896,-2.025426],[37.939404,-2.028567],[37.936424,-2.030537],[37.936405,-2.031813],[37.937641,-2.033221],[37.94141,-2.035654],[37.943359,-2.035572],[37.944881,-2.034378],[37.946735,-2.034342],[37.948627,-2.035225],[37.949287,-2.036955],[37.951187,-2.044252],[37.95293,-2.046835],[37.953117,-2.048815],[37.951973,-2.052384],[37.95171,-2.054729],[37.952042,-2.056898],[37.953911,-2.060108],[37.956352,-2.062624],[37.95715,-2.068003],[37.958263,-2.070116],[37.958351,-2.071724],[37.957619,-2.077767],[37.956425,-2.081812],[37.955517,-2.095658],[37.956608,-2.098125],[37.956985,-2.101195],[37.954105,-2.10555],[37.953758,-2.107177],[37.954533,-2.110765],[37.954311,-2.113286],[37.953247,-2.117057],[37.952507,-2.121193],[37.952526,-2.12405],[37.952057,-2.129355],[37.952393,-2.133102],[37.953281,-2.134515],[37.954853,-2.135246],[37.956722,-2.13859],[37.960354,-2.140503],[37.961361,-2.143554],[37.961315,-2.148056],[37.961933,-2.152046],[37.96328,-2.156608],[37.962444,-2.161305],[37.962803,-2.165331],[37.964397,-2.166525],[37.968803,-2.166251],[37.96973,-2.165703],[37.971886,-2.162889],[37.975155,-2.161153],[37.98156,-2.159879],[37.984646,-2.157754],[37.987259,-2.156383],[37.992153,-2.155],[37.997177,-2.153081],[38.00135,-2.152661],[38.003773,-2.151845],[38.01022,-2.150273],[38.015781,-2.147063],[38.018242,-2.146137],[38.019867,-2.146119],[38.021122,-2.1478],[38.021946,-2.151546],[38.023926,-2.157997],[38.026283,-2.160903],[38.031845,-2.163272],[38.035992,-2.165898],[38.038494,-2.166026],[38.041504,-2.165465],[38.045139,-2.166142],[38.04834,-2.168523],[38.04866,-2.172806],[38.046379,-2.177234],[38.046196,-2.17883],[38.048309,-2.181894],[38.052013,-2.184501],[38.052872,-2.186834],[38.053059,-2.191128],[38.054333,-2.194144],[38.054844,-2.197226],[38.056496,-2.20124],[38.057842,-2.205535],[38.060127,-2.208611],[38.063511,-2.210962],[38.067467,-2.212065],[38.068123,-2.213612],[38.067062,-2.214952],[38.063477,-2.21692],[38.061954,-2.218528],[38.061775,-2.220434],[38.062996,-2.222177],[38.06657,-2.222938],[38.068001,-2.227439],[38.06892,-2.233586],[38.069977,-2.238916],[38.070175,-2.243478],[38.069695,-2.247444],[38.0709,-2.249551],[38.073746,-2.252079],[38.075008,-2.25468],[38.073921,-2.257263],[38.073635,-2.259231],[38.074406,-2.259901],[38.080379,-2.258786],[38.081596,-2.259285],[38.084084,-2.262684],[38.08453,-2.263885],[38.084408,-2.267283],[38.085045,-2.26908],[38.086361,-2.270408],[38.091072,-2.271365],[38.093925,-2.271066],[38.095573,-2.27036],[38.097008,-2.270835],[38.097584,-2.272358],[38.097855,-2.276579],[38.099197,-2.278394],[38.102734,-2.281397],[38.107651,-2.282658],[38.110252,-2.284297],[38.11063,-2.285978],[38.108898,-2.287745],[38.109612,-2.291552],[38.109619,-2.294165],[38.107742,-2.297174],[38.107689,-2.298874],[38.108761,-2.299763],[38.112919,-2.30061],[38.114006,-2.301158],[38.114662,-2.303546],[38.114704,-2.306939],[38.11515,-2.310124],[38.11644,-2.312244],[38.119068,-2.313895],[38.12326,-2.317716],[38.127628,-2.318441],[38.130966,-2.31859],[38.137241,-2.319917],[38.142162,-2.319958],[38.145985,-2.320821],[38.148315,-2.322738],[38.149334,-2.325517],[38.152584,-2.327958],[38.155445,-2.329021],[38.158916,-2.331414],[38.16106,-2.331773],[38.164719,-2.333813],[38.168671,-2.334803],[38.17157,-2.337178],[38.174332,-2.338423],[38.182606,-2.337318],[38.184513,-2.337828],[38.187141,-2.339401],[38.19165,-2.345038],[38.194832,-2.347006],[38.195992,-2.348251],[38.196598,-2.351567],[38.1992,-2.35311],[38.204102,-2.353225],[38.207581,-2.353984],[38.210659,-2.354088],[38.211414,-2.355096],[38.211357,-2.359499],[38.212543,-2.364389],[38.214359,-2.369958],[38.215302,-2.373803],[38.217251,-2.379251],[38.218719,-2.387572],[38.219795,-2.390615],[38.220749,-2.395334],[38.221664,-2.398062],[38.223125,-2.399216],[38.227177,-2.399392],[38.230766,-2.400017],[38.232368,-2.401208],[38.233593,-2.403224],[38.234123,-2.405636],[38.236073,-2.408727],[38.238358,-2.408581],[38.241581,-2.407506],[38.245304,-2.409152],[38.246208,-2.413434],[38.247356,-2.415858],[38.251202,-2.41946],[38.252975,-2.42014],[38.257004,-2.41938],[38.258984,-2.419769],[38.263264,-2.421464],[38.267384,-2.420954],[38.271229,-2.42147],[38.273243,-2.422867],[38.275024,-2.427562],[38.27549,-2.43188],[38.27634,-2.435209],[38.278099,-2.439381],[38.278675,-2.44404],[38.280003,-2.448516],[38.281689,-2.451134],[38.282391,-2.454013],[38.282299,-2.456594],[38.283581,-2.461751],[38.283699,-2.467211],[38.284309,-2.46921],[38.286152,-2.472933],[38.286278,-2.477907],[38.286686,-2.480914],[38.288277,-2.483926],[38.289936,-2.485013],[38.29372,-2.485493],[38.295284,-2.486465],[38.296921,-2.490067],[38.298309,-2.494823],[38.301037,-2.498376],[38.302399,-2.49919],[38.306236,-2.499578],[38.310253,-2.501042],[38.312164,-2.504231],[38.311924,-2.506369],[38.310883,-2.509072],[38.310677,-2.510991],[38.312191,-2.51288],[38.314377,-2.513803],[38.316471,-2.515777],[38.316982,-2.517709],[38.316101,-2.523217],[38.316605,-2.524281],[38.31992,-2.527617],[38.320503,-2.530449],[38.318748,-2.533977],[38.31823,-2.53591],[38.318729,-2.538087],[38.322365,-2.540282],[38.322914,-2.541222],[38.322514,-2.543596],[38.32135,-2.546546],[38.321671,-2.548069],[38.324566,-2.549693],[38.331169,-2.550811],[38.333847,-2.553298],[38.336517,-2.554815],[38.337589,-2.556123],[38.337292,-2.557444],[38.335804,-2.559133],[38.331966,-2.561043],[38.330841,-2.562072],[38.330582,-2.564095],[38.333107,-2.567456],[38.334362,-2.574421],[38.336132,-2.578627],[38.337902,-2.584861],[38.340664,-2.586396],[38.344059,-2.586878],[38.346096,-2.58783],[38.346909,-2.589252],[38.347771,-2.595349],[38.349026,-2.599864],[38.351364,-2.60269],[38.354851,-2.612243],[38.356426,-2.615937],[38.357788,-2.620226],[38.360882,-2.627305],[38.36158,-2.629762],[38.361549,-2.637001],[38.363987,-2.639357],[38.366802,-2.640862],[38.367035,-2.643045],[38.366112,-2.648143],[38.367432,-2.649785],[38.374191,-2.656376],[38.380051,-2.660451],[38.381969,-2.663419],[38.38105,-2.668089],[38.381203,-2.670088],[38.383953,-2.673502],[38.386082,-2.677547],[38.386265,-2.680575],[38.387402,-2.682913],[38.388432,-2.686262],[38.388496,-2.690884],[38.390007,-2.693954],[38.391132,-2.697791],[38.392433,-2.700925],[38.394665,-2.703822],[38.395973,-2.70619],[38.396824,-2.709634],[38.398117,-2.712542],[38.399628,-2.717992],[38.403915,-2.726848],[38.405338,-2.731332],[38.408348,-2.734671],[38.409687,-2.736812],[38.411198,-2.741117],[38.411976,-2.746315],[38.413307,-2.750561],[38.415821,-2.753996],[38.4198,-2.758614],[38.421932,-2.76686],[38.424263,-2.769902],[38.425018,-2.771805],[38.4254,-2.776869],[38.426403,-2.779286],[38.428471,-2.782052],[38.430828,-2.785866],[38.43166,-2.78838],[38.430508,-2.791391],[38.423958,-2.794477],[38.421814,-2.796574],[38.421051,-2.799273],[38.421436,-2.804106],[38.420746,-2.806523],[38.419243,-2.808114],[38.418022,-2.810732],[38.417866,-2.813237],[38.419518,-2.815141],[38.422798,-2.81558],[38.425549,-2.817186],[38.426544,-2.820294],[38.426632,-2.828414],[38.427704,-2.831448],[38.428974,-2.833612],[38.430992,-2.838988],[38.430588,-2.842319],[38.427147,-2.848186],[38.427227,-2.849532],[38.428673,-2.851718],[38.431698,-2.855071],[38.43335,-2.855681],[38.43755,-2.854856],[38.438858,-2.85557],[38.438976,-2.857934],[38.437965,-2.859853],[38.437496,-2.862819],[38.438332,-2.864574],[38.440285,-2.865905],[38.443245,-2.866485],[38.44503,-2.86824],[38.445446,-2.869757],[38.444977,-2.871683],[38.442799,-2.87694],[38.442875,-2.878606],[38.444122,-2.880167],[38.447247,-2.879543],[38.449902,-2.878554],[38.45182,-2.878777],[38.454407,-2.881706],[38.45422,-2.884495],[38.450764,-2.888785],[38.450302,-2.891492],[38.450672,-2.893143],[38.451752,-2.894013],[38.456978,-2.894645],[38.459461,-2.895329],[38.460659,-2.896214],[38.461056,-2.89872],[38.460503,-2.900757],[38.461811,-2.904222],[38.465866,-2.909078],[38.467388,-2.91206],[38.469032,-2.917168],[38.470592,-2.919205],[38.472668,-2.923466],[38.474491,-2.928381],[38.474571,-2.932776],[38.475895,-2.936672],[38.478497,-2.936865],[38.483932,-2.935906],[38.486633,-2.935929],[38.487942,-2.936776],[38.488434,-2.939022],[38.488514,-2.943699],[38.489555,-2.945409],[38.492863,-2.948837],[38.493252,-2.951246],[38.49189,-2.953782],[38.492558,-2.955299],[38.494061,-2.955819],[38.496738,-2.955418],[38.498383,-2.95602],[38.501102,-2.958504],[38.504562,-2.964772],[38.505749,-2.965307],[38.50795,-2.964519],[38.510681,-2.965627],[38.513062,-2.96814],[38.514881,-2.971241],[38.516605,-2.973204],[38.519085,-2.974831],[38.52557,-2.973912],[38.527824,-2.97437],[38.530739,-2.976036],[38.532959,-2.975614],[38.535812,-2.974091],[38.538971,-2.97374],[38.541275,-2.975316],[38.542797,-2.977934],[38.544792,-2.97957],[38.548317,-2.979933],[38.551399,-2.981027],[38.553654,-2.982806],[38.557076,-2.984442],[38.56422,-2.986649],[38.571655,-2.986089],[38.57589,-2.986815],[38.579506,-2.986553],[38.583683,-2.987041],[38.584873,-2.98766],[38.587914,-2.990926],[38.589939,-2.993965],[38.59267,-2.997398],[38.594219,-2.998552],[38.597069,-2.998677],[38.599995,-2.998082],[38.602879,-2.998076],[38.607384,-2.994596],[38.608963,-2.994786],[38.610138,-2.995899],[38.609779,-2.998028],[38.607262,-3.002579],[38.607388,-3.005071],[38.609303,-3.006523],[38.613487,-3.006922],[38.61581,-3.008474],[38.619923,-3.009896],[38.626114,-3.010247],[38.629238,-3.012133],[38.631271,-3.012335],[38.636654,-3.011294],[38.642521,-3.011996],[38.643864,-3.012852],[38.651611,-3.020954],[38.652676,-3.023328],[38.65414,-3.025112],[38.656433,-3.026516],[38.659248,-3.027153],[38.661514,-3.028848],[38.66267,-3.031513],[38.663723,-3.037361],[38.665203,-3.039413],[38.67099,-3.037087],[38.676754,-3.036141],[38.684612,-3.035386],[38.686852,-3.035909],[38.689289,-3.037242],[38.690865,-3.037521],[38.696903,-3.036921],[38.69873,-3.034797],[38.703365,-3.032495],[38.708176,-3.032073],[38.71059,-3.032715],[38.714905,-3.034862],[38.723328,-3.036576],[38.727654,-3.03833],[38.733501,-3.042548],[38.73579,-3.04322],[38.740009,-3.043179],[38.749275,-3.044713],[38.752518,-3.045826],[38.756557,-3.046082],[38.760597,-3.0456],[38.763485,-3.044672],[38.768066,-3.044576],[38.772587,-3.043863],[38.775581,-3.044547],[38.778358,-3.047682],[38.780239,-3.0488],[38.782887,-3.049163],[38.787045,-3.049098],[38.789314,-3.048431],[38.793617,-3.049258],[38.799416,-3.051322],[38.802074,-3.051899],[38.808174,-3.052643],[38.80954,-3.053262],[38.809856,-3.056634],[38.808353,-3.058794],[38.806877,-3.059424],[38.804569,-3.057913],[38.801517,-3.057562],[38.798595,-3.059627],[38.797905,-3.060959],[38.798374,-3.064011],[38.800148,-3.066343],[38.80164,-3.067467],[38.804626,-3.068395],[38.808632,-3.068603],[38.812588,-3.067717],[38.818172,-3.06689],[38.821308,-3.065552],[38.823986,-3.062898],[38.827011,-3.060418],[38.829304,-3.060174],[38.833614,-3.060299],[38.835911,-3.05943],[38.839001,-3.055272],[38.841282,-3.053476],[38.842739,-3.053351],[38.844681,-3.05441],[38.846191,-3.05667],[38.846481,-3.060043],[38.847351,-3.060947],[38.851105,-3.061143],[38.854362,-3.060037],[38.864449,-3.057081],[38.869087,-3.053345],[38.873501,-3.051251],[38.876656,-3.0488],[38.885387,-3.043196],[38.88773,-3.041376],[38.893559,-3.038521],[38.89679,-3.038467],[38.899479,-3.039336],[38.903259,-3.041456],[38.906818,-3.04296],[38.912834,-3.044483],[38.916733,-3.04454],[38.921619,-3.04253],[38.924664,-3.040288],[38.926395,-3.040106],[38.929581,-3.040721],[38.931492,-3.040416],[38.933582,-3.038254],[38.935818,-3.034934],[38.937099,-3.034581],[38.943401,-3.036219],[38.945709,-3.03653],[38.952297,-3.03918],[38.955189,-3.039698],[38.959251,-3.039363],[38.963253,-3.040002],[38.965874,-3.039953],[38.970551,-3.040697],[38.972939,-3.040563],[38.977051,-3.039691],[38.980614,-3.039296],[38.985886,-3.034258],[38.987583,-3.031584],[38.988644,-3.028855],[38.990337,-3.026808],[38.992657,-3.025852],[38.996689,-3.024889],[39.00098,-3.02456],[39.006771,-3.025785],[39.014935,-3.024591],[39.018875,-3.023001],[39.022877,-3.020717],[39.027328,-3.020443],[39.031197,-3.022995],[39.03434,-3.024238],[39.035595,-3.024006],[39.041771,-3.02118],[39.043919,-3.021618],[39.044064,-3.022885],[39.042645,-3.02774],[39.042984,-3.029397],[39.044735,-3.031024],[39.046707,-3.031572],[39.05061,-3.031894],[39.053661,-3.033545],[39.058384,-3.039533],[39.060783,-3.040666],[39.063229,-3.04077],[39.068447,-3.040179],[39.072475,-3.040429],[39.075111,-3.041135],[38.626534,-2.410479],[38.628361,-2.411274],[38.630146,-2.411114],[38.631493,-2.412497],[38.632206,-2.415207],[38.635777,-2.414714],[38.639904,-2.415315],[38.645569,-2.417805],[38.654976,-2.416777],[38.664848,-2.41657],[38.67223,-2.414599],[38.676571,-2.412929],[38.679832,-2.412608],[38.684395,-2.4133],[38.686092,-2.411187],[38.688023,-2.409931],[38.695404,-2.408046],[38.696857,-2.406248],[38.699478,-2.40477],[38.702892,-2.403528],[38.704067,-2.400052],[38.707008,-2.398224],[38.711601,-2.397446],[38.712326,-2.395519],[38.714268,-2.394562],[38.714905,-2.391171],[38.717068,-2.388152],[38.718494,-2.388294],[38.721535,-2.386096],[38.723408,-2.383041],[38.725399,-2.383448],[38.72657,-2.381677],[38.729046,-2.379414],[38.731972,-2.378001],[38.732643,-2.374732],[38.733521,-2.373625],[38.733177,-2.370099],[38.734184,-2.368664],[38.735928,-2.367807],[38.736797,-2.36598],[38.738388,-2.364945],[38.741604,-2.363746],[38.743935,-2.363824],[38.745564,-2.362568],[38.747162,-2.362311],[38.748684,-2.36089],[38.751125,-2.360619],[38.753387,-2.359513],[38.754673,-2.36124],[38.755699,-2.361426],[38.757198,-2.35897],[38.757198,-2.357942],[38.759239,-2.357342],[38.763725,-2.354773],[38.766563,-2.355072],[38.769192,-2.352546],[38.771664,-2.35196],[38.775875,-2.351632],[38.777637,-2.35201],[38.780891,-2.353652],[38.78252,-2.353081],[38.78397,-2.350447],[38.786625,-2.347948],[38.787415,-2.345457],[38.787231,-2.342116],[38.788166,-2.340496],[38.791485,-2.33849],[38.795231,-2.339674],[39.015125,-1.914047],[38.958458,-1.702792],[38.959515,-1.70199],[38.964676,-1.699867],[38.969353,-1.69723],[38.974251,-1.696273],[38.976635,-1.693822],[38.978466,-1.693528],[38.982353,-1.694574],[38.983822,-1.694116],[38.986347,-1.691044],[38.989998,-1.688529],[38.991306,-1.687092],[38.993168,-1.683433],[38.996597,-1.680623],[38.999699,-1.676915],[38.999653,-1.676261],[38.95673,-1.077952],[38.953415,-1.031764],[38.829811,-0.760178],[38.434151,-0.074823],[38.429783,-0.074414],[38.427273,-0.073689],[38.423153,-0.07053],[38.420704,-0.069285]]]},"properties":{"code":"902/904"}},{"type":"Feature","geometry":{"type":"Polygon","coordinates":[[[37.169117,-0.635625],[37.169384,-0.638949],[37.172039,-0.642257],[37.171825,-0.643951],[37.16943,-0.649016],[37.170448,-0.649923],[37.172375,-0.649637],[37.173878,-0.650694],[37.176628,-0.653588],[37.176952,-0.656857],[37.178944,-0.658606],[37.180119,-0.663711],[37.179062,-0.666725],[37.180443,-0.667377],[37.183617,-0.66624],[37.187401,-0.666383],[37.195148,-0.664808],[37.196945,-0.663663],[37.199715,-0.663847],[37.203323,-0.672559],[37.204197,-0.676023],[37.205769,-0.678179],[37.209766,-0.682152],[37.210663,-0.683799],[37.212025,-0.688285],[37.214222,-0.687553],[37.216228,-0.683547],[37.222599,-0.675975],[37.226486,-0.672533],[37.228653,-0.671919],[37.232849,-0.667671],[37.236191,-0.667119],[37.237259,-0.668161],[37.236267,-0.669773],[37.236832,-0.672595],[37.23608,-0.675714],[37.236645,-0.67799],[37.238564,-0.680192],[37.239338,-0.684825],[37.240322,-0.686443],[37.240578,-0.689042],[37.243641,-0.691175],[37.243561,-0.692149],[37.24147,-0.693606],[37.242085,-0.695287],[37.244297,-0.69822],[37.243927,-0.699746],[37.242306,-0.701563],[37.242172,-0.702716],[37.243305,-0.704819],[37.243771,-0.70738],[37.245296,-0.708062],[37.247803,-0.70707],[37.249161,-0.708329],[37.24815,-0.710282],[37.248985,-0.713315],[37.251343,-0.716726],[37.253738,-0.719392],[37.252998,-0.721234],[37.251057,-0.720422],[37.249916,-0.720893],[37.24931,-0.723684],[37.2514,-0.726171],[37.254234,-0.726177],[37.256268,-0.72769],[37.256111,-0.73164],[37.256565,-0.733929],[37.257549,-0.735709],[37.259903,-0.738555],[37.264099,-0.742828],[37.264893,-0.744527],[37.26273,-0.744608],[37.2616,-0.746754],[37.263863,-0.748955],[37.267258,-0.751045],[37.269005,-0.75267],[37.269768,-0.75439],[37.267738,-0.755057],[37.266457,-0.754115],[37.26376,-0.753827],[37.261456,-0.751511],[37.259762,-0.751282],[37.258808,-0.752577],[37.256687,-0.752368],[37.255608,-0.753696],[37.255581,-0.757779],[37.258472,-0.762478],[37.259663,-0.767425],[37.261112,-0.769931],[37.260975,-0.774308],[37.261593,-0.776553],[37.261288,-0.779609],[37.262314,-0.781408],[37.265888,-0.784706],[37.267288,-0.785334],[37.2672,-0.783841],[37.265942,-0.780212],[37.266399,-0.777394],[37.272511,-0.762356],[37.274147,-0.758949],[37.275249,-0.755579],[37.283943,-0.756041],[37.287212,-0.75594],[37.294735,-0.75477],[37.298088,-0.753937],[37.30138,-0.752014],[37.303761,-0.749863],[37.306198,-0.74893],[37.317245,-0.749429],[37.321903,-0.759512],[37.323814,-0.762138],[37.327049,-0.763665],[37.330887,-0.76504],[37.344265,-0.769302],[37.346184,-0.769603],[37.350761,-0.769518],[37.358921,-0.768856],[37.364185,-0.767148],[37.368942,-0.763508],[37.368378,-0.761167],[37.369171,-0.758978],[37.371738,-0.758336],[37.376259,-0.76037],[37.381817,-0.755697],[37.388359,-0.753778],[37.396156,-0.751835],[37.400658,-0.74908],[37.406414,-0.748441],[37.414238,-0.748712],[37.41758,-0.748609],[37.421101,-0.747064],[37.438908,-0.733614],[37.461933,-0.736253],[37.463223,-0.73473],[37.46265,-0.732613],[37.462925,-0.730435],[37.465469,-0.730209],[37.467339,-0.728223],[37.469944,-0.727997],[37.473038,-0.726141],[37.477177,-0.728187],[37.478512,-0.729258],[37.481308,-0.72996],[37.483398,-0.729841],[37.486031,-0.730507],[37.489811,-0.73197],[37.491859,-0.733267],[37.493999,-0.732089],[37.495888,-0.731811],[37.49477,-0.729519],[37.49292,-0.72796],[37.491997,-0.72351],[37.489693,-0.722364],[37.489326,-0.720399],[37.488235,-0.719879],[37.486656,-0.717807],[37.484764,-0.719313],[37.483086,-0.717953],[37.482357,-0.715588],[37.478973,-0.715295],[37.477966,-0.71233],[37.477089,-0.711131],[37.476841,-0.706954],[37.478359,-0.702397],[37.478313,-0.699085],[37.479065,-0.693988],[37.477894,-0.689551],[37.476028,-0.686713],[37.474022,-0.686293],[37.474449,-0.679817],[37.476288,-0.677232],[37.477467,-0.668684],[37.475288,-0.665293],[37.475098,-0.662128],[37.473957,-0.660589],[37.473404,-0.657358],[37.472378,-0.65452],[37.472073,-0.651135],[37.472504,-0.64909],[37.475296,-0.643287],[37.477913,-0.640575],[37.477615,-0.637144],[37.478672,-0.635072],[37.478359,-0.631628],[37.479641,-0.629589],[37.478939,-0.62753],[37.481659,-0.625451],[37.484085,-0.625904],[37.485237,-0.625405],[37.485954,-0.623646],[37.486282,-0.620588],[37.486034,-0.618223],[37.487141,-0.615917],[37.487122,-0.614138],[37.485954,-0.612173],[37.485611,-0.610148],[37.482925,-0.607556],[37.481773,-0.603685],[37.480019,-0.602559],[37.477463,-0.601986],[37.476097,-0.60066],[37.476307,-0.598915],[37.47794,-0.597735],[37.478168,-0.596336],[37.477169,-0.594524],[37.478821,-0.590287],[37.482204,-0.589194],[37.483311,-0.583851],[37.482937,-0.581865],[37.480881,-0.579633],[37.477089,-0.576842],[37.476467,-0.573291],[37.47517,-0.570512],[37.474991,-0.566482],[37.473625,-0.563703],[37.47303,-0.560579],[37.470627,-0.557587],[37.46954,-0.556968],[37.4673,-0.557381],[37.464802,-0.556681],[37.461445,-0.556655],[37.460445,-0.555322],[37.460506,-0.551984],[37.459511,-0.550845],[37.453083,-0.550185],[37.450283,-0.549252],[37.448933,-0.547873],[37.446953,-0.544389],[37.445789,-0.539439],[37.445248,-0.535981],[37.445148,-0.532883],[37.443825,-0.528539],[37.439121,-0.527],[37.436958,-0.523019],[37.435856,-0.522169],[37.432686,-0.520998],[37.431511,-0.519621],[37.428101,-0.51313],[37.426067,-0.510503],[37.424591,-0.503812],[37.425388,-0.499053],[37.428036,-0.495893],[37.422649,-0.485937],[37.422287,-0.481635],[37.424446,-0.47563],[37.426311,-0.466702],[37.425705,-0.463237],[37.426285,-0.460125],[37.4258,-0.456251],[37.426094,-0.45114],[37.425312,-0.448856],[37.422382,-0.446572],[37.420898,-0.443374],[37.421734,-0.44069],[37.423248,-0.4395],[37.423019,-0.437273],[37.424343,-0.435093],[37.42461,-0.432657],[37.423203,-0.424395],[37.422878,-0.417752],[37.423828,-0.416134],[37.423428,-0.413107],[37.423443,-0.408812],[37.421383,-0.408507],[37.420769,-0.407405],[37.421272,-0.404871],[37.420033,-0.401981],[37.417786,-0.399922],[37.41457,-0.394318],[37.307785,-0.151074],[37.208031,-0.410312],[37.207172,-0.411517],[37.205135,-0.417779],[37.205677,-0.424333],[37.202164,-0.428011],[37.200211,-0.428704],[37.198986,-0.431856],[37.199158,-0.437266],[37.199673,-0.439039],[37.197163,-0.441783],[37.193653,-0.443106],[37.186081,-0.443771],[37.178867,-0.441094],[37.17609,-0.44106],[37.174576,-0.443298],[37.174755,-0.448121],[37.174229,-0.45932],[37.174591,-0.463188],[37.174652,-0.468199],[37.175541,-0.471877],[37.176067,-0.479593],[37.176788,-0.482934],[37.170193,-0.488007],[37.166977,-0.489149],[37.164928,-0.489297],[37.161671,-0.491834],[37.160748,-0.494234],[37.162193,-0.495939],[37.163769,-0.496764],[37.163132,-0.499947],[37.164551,-0.502162],[37.166855,-0.503622],[37.167976,-0.507074],[37.14642,-0.534255],[37.147732,-0.539266],[37.146267,-0.543218],[37.146355,-0.545579],[37.147263,-0.547014],[37.147602,-0.549232],[37.148685,-0.550821],[37.149555,-0.554231],[37.148365,-0.559065],[37.148441,-0.563049],[37.147095,-0.564086],[37.14555,-0.562364],[37.144161,-0.562828],[37.143509,-0.566944],[37.144127,-0.570299],[37.145054,-0.571358],[37.147053,-0.572031],[37.149258,-0.574614],[37.149426,-0.577097],[37.148739,-0.578642],[37.148937,-0.580429],[37.153275,-0.584744],[37.15588,-0.586907],[37.158009,-0.589479],[37.159222,-0.591818],[37.16037,-0.592304],[37.165592,-0.592911],[37.16687,-0.591388],[37.168064,-0.59163],[37.168613,-0.59578],[37.171043,-0.598186],[37.175819,-0.599499],[37.177166,-0.60058],[37.178612,-0.60505],[37.179031,-0.60964],[37.178314,-0.612234],[37.178139,-0.615103],[37.175369,-0.615268],[37.174046,-0.616063],[37.173824,-0.617917],[37.175037,-0.620256],[37.173382,-0.620919],[37.172379,-0.622651],[37.172256,-0.627407],[37.173271,-0.629085],[37.176571,-0.632693],[37.174652,-0.632892],[37.170723,-0.631744],[37.169212,-0.634139],[37.169117,-0.635625]]]},"properties":{"code":103}},{"type":"Feature","geometry":{"type":"Polygon","coordinates":[[[37.307785,-0.151074],[37.41457,-0.394318],[37.417786,-0.399922],[37.420033,-0.401981],[37.421272,-0.404871],[37.420769,-0.407405],[37.421383,-0.408507],[37.423443,-0.408812],[37.423428,-0.413107],[37.423828,-0.416134],[37.422878,-0.417752],[37.423203,-0.424395],[37.42461,-0.432657],[37.424343,-0.435093],[37.423019,-0.437273],[37.423248,-0.4395],[37.421734,-0.44069],[37.420898,-0.443374],[37.422382,-0.446572],[37.425312,-0.448856],[37.426094,-0.45114],[37.4258,-0.456251],[37.426285,-0.460125],[37.425705,-0.463237],[37.426311,-0.466702],[37.424446,-0.47563],[37.422287,-0.481635],[37.422649,-0.485937],[37.428036,-0.495893],[37.425388,-0.499053],[37.424591,-0.503812],[37.426067,-0.510503],[37.428101,-0.51313],[37.431511,-0.519621],[37.432686,-0.520998],[37.435856,-0.522169],[37.436958,-0.523019],[37.439121,-0.527],[37.443825,-0.528539],[37.445148,-0.532883],[37.445248,-0.535981],[37.445789,-0.539439],[37.446953,-0.544389],[37.448933,-0.547873],[37.450283,-0.549252],[37.453083,-0.550185],[37.459511,-0.550845],[37.460506,-0.551984],[37.460445,-0.555322],[37.461445,-0.556655],[37.464802,-0.556681],[37.4673,-0.557381],[37.46954,-0.556968],[37.470627,-0.557587],[37.47303,-0.560579],[37.473625,-0.563703],[37.474991,-0.566482],[37.47517,-0.570512],[37.476467,-0.573291],[37.477089,-0.576842],[37.480881,-0.579633],[37.482937,-0.581865],[37.483311,-0.583851],[37.482204,-0.589194],[37.478821,-0.590287],[37.477169,-0.594524],[37.478168,-0.596336],[37.47794,-0.597735],[37.476307,-0.598915],[37.476097,-0.60066],[37.477463,-0.601986],[37.480019,-0.602559],[37.481773,-0.603685],[37.482925,-0.607556],[37.485611,-0.610148],[37.485954,-0.612173],[37.487122,-0.614138],[37.487141,-0.615917],[37.486034,-0.618223],[37.486282,-0.620588],[37.485954,-0.623646],[37.485237,-0.625405],[37.484085,-0.625904],[37.481659,-0.625451],[37.478939,-0.62753],[37.479641,-0.629589],[37.478359,-0.631628],[37.478672,-0.635072],[37.477615,-0.637144],[37.477913,-0.640575],[37.475296,-0.643287],[37.472504,-0.64909],[37.472073,-0.651135],[37.472378,-0.65452],[37.473404,-0.657358],[37.473957,-0.660589],[37.475098,-0.662128],[37.475288,-0.665293],[37.477467,-0.668684],[37.476288,-0.677232],[37.474449,-0.679817],[37.474022,-0.686293],[37.476028,-0.686713],[37.477894,-0.689551],[37.479065,-0.693988],[37.478313,-0.699085],[37.478359,-0.702397],[37.476841,-0.706954],[37.477089,-0.711131],[37.477966,-0.71233],[37.478973,-0.715295],[37.482357,-0.715588],[37.483086,-0.717953],[37.484764,-0.719313],[37.486656,-0.717807],[37.488235,-0.719879],[37.489326,-0.720399],[37.489693,-0.722364],[37.491997,-0.72351],[37.49292,-0.72796],[37.49477,-0.729519],[37.495888,-0.731811],[37.493999,-0.732089],[37.491859,-0.733267],[37.489811,-0.73197],[37.486031,-0.730507],[37.483398,-0.729841],[37.481308,-0.72996],[37.478512,-0.729258],[37.477177,-0.728187],[37.473038,-0.726141],[37.469944,-0.727997],[37.467339,-0.728223],[37.465469,-0.730209],[37.462925,-0.730435],[37.46265,-0.732613],[37.463223,-0.73473],[37.461933,-0.736253],[37.438908,-0.733614],[37.421101,-0.747064],[37.41758,-0.748609],[37.414238,-0.748712],[37.406414,-0.748441],[37.400658,-0.74908],[37.396156,-0.751835],[37.388359,-0.753778],[37.381817,-0.755697],[37.376259,-0.76037],[37.371738,-0.758336],[37.369171,-0.758978],[37.368378,-0.761167],[37.368942,-0.763508],[37.364185,-0.767148],[37.358921,-0.768856],[37.350761,-0.769518],[37.346184,-0.769603],[37.344265,-0.769302],[37.330887,-0.76504],[37.327049,-0.763665],[37.323814,-0.762138],[37.321903,-0.759512],[37.317245,-0.749429],[37.306198,-0.74893],[37.303761,-0.749863],[37.30138,-0.752014],[37.298088,-0.753937],[37.294735,-0.75477],[37.287212,-0.75594],[37.283943,-0.756041],[37.275249,-0.755579],[37.274147,-0.758949],[37.272511,-0.762356],[37.266399,-0.777394],[37.265942,-0.780212],[37.2672,-0.783841],[37.267288,-0.785334],[37.270557,-0.786205],[37.272648,-0.785695],[37.277126,-0.783941],[37.280025,-0.784367],[37.284283,-0.782829],[37.286045,-0.783032],[37.287823,-0.784667],[37.288891,-0.786663],[37.292088,-0.790215],[37.293137,-0.792402],[37.294781,-0.793874],[37.299053,-0.795281],[37.301048,-0.798703],[37.302528,-0.798625],[37.304535,-0.800071],[37.305714,-0.802911],[37.304817,-0.806058],[37.305229,-0.808159],[37.30521,-0.812235],[37.306068,-0.813695],[37.309608,-0.814447],[37.312466,-0.818262],[37.312859,-0.820186],[37.312538,-0.822221],[37.314716,-0.824557],[37.315372,-0.827619],[37.316544,-0.830282],[37.318893,-0.833953],[37.320587,-0.835962],[37.321491,-0.836093],[37.324417,-0.834699],[37.325985,-0.83661],[37.323036,-0.838514],[37.323048,-0.84036],[37.324146,-0.841577],[37.328381,-0.844214],[37.33128,-0.844809],[37.333477,-0.8446],[37.335175,-0.846242],[37.336651,-0.846452],[37.338669,-0.845234],[37.340374,-0.843291],[37.3428,-0.842014],[37.34676,-0.844207],[37.348164,-0.842283],[37.34951,-0.842571],[37.34977,-0.844155],[37.351608,-0.845221],[37.355392,-0.843389],[37.357285,-0.843383],[37.361843,-0.844214],[37.363964,-0.84513],[37.366169,-0.847191],[37.370441,-0.84916],[37.375107,-0.84973],[37.376678,-0.850868],[37.376068,-0.85378],[37.376606,-0.85522],[37.378983,-0.85715],[37.380447,-0.857268],[37.381424,-0.856267],[37.383884,-0.852288],[37.385262,-0.851968],[37.387581,-0.854049],[37.39027,-0.855141],[37.394516,-0.854978],[37.397491,-0.856057],[37.398842,-0.855848],[37.401276,-0.853649],[37.403088,-0.851418],[37.404339,-0.850731],[37.409527,-0.849992],[37.412098,-0.85026],[37.41325,-0.85132],[37.41357,-0.853224],[37.410736,-0.857274],[37.410988,-0.859525],[37.413166,-0.861102],[37.419872,-0.862732],[37.425407,-0.86582],[37.427017,-0.865912],[37.430107,-0.863072],[37.431618,-0.862306],[37.436295,-0.862614],[37.439758,-0.86232],[37.44273,-0.863772],[37.444618,-0.868241],[37.447006,-0.87029],[37.448753,-0.870087],[37.452984,-0.871631],[37.457176,-0.870748],[37.459328,-0.871709],[37.461521,-0.875263],[37.46283,-0.875302],[37.465179,-0.872639],[37.466251,-0.872822],[37.470146,-0.876584],[37.471008,-0.876833],[37.473438,-0.875753],[37.474182,-0.876669],[37.471134,-0.884875],[37.471375,-0.886177],[37.473457,-0.888036],[37.475151,-0.890188],[37.476959,-0.89367],[37.479515,-0.894828],[37.483025,-0.894959],[37.484024,-0.898747],[37.484993,-0.899768],[37.488522,-0.900311],[37.491203,-0.901659],[37.494728,-0.904964],[37.496708,-0.904911],[37.499191,-0.90232],[37.501698,-0.898518],[37.504292,-0.897262],[37.506588,-0.897805],[37.508144,-0.8988],[37.511475,-0.899696],[37.515736,-0.899834],[37.51733,-0.901862],[37.517071,-0.904951],[37.517712,-0.906914],[37.517418,-0.909891],[37.517838,-0.91242],[37.519085,-0.913818],[37.521168,-0.914591],[37.523003,-0.913973],[37.524609,-0.912175],[37.526844,-0.912563],[37.530483,-0.911891],[37.534424,-0.91009],[37.534481,-0.908091],[37.53653,-0.905298],[37.536579,-0.903757],[37.534744,-0.899107],[37.534767,-0.896952],[37.533672,-0.893848],[37.53598,-0.891481],[37.538864,-0.886729],[37.542683,-0.885898],[37.544441,-0.885009],[37.54607,-0.881541],[37.547146,-0.880633],[37.548866,-0.880565],[37.550407,-0.882198],[37.55164,-0.882463],[37.553448,-0.881202],[37.55378,-0.879619],[37.558167,-0.876273],[37.559605,-0.873802],[37.560837,-0.873007],[37.562485,-0.873265],[37.564167,-0.876889],[37.565472,-0.878243],[37.567009,-0.878364],[37.568718,-0.876997],[37.572338,-0.876544],[37.576805,-0.874769],[37.58157,-0.875636],[37.587509,-0.876347],[37.589184,-0.874634],[37.58897,-0.871654],[37.592155,-0.869461],[37.592125,-0.86683],[37.588009,-0.863885],[37.588341,-0.862779],[37.590401,-0.86103],[37.592731,-0.85987],[37.597668,-0.858794],[37.599083,-0.859007],[37.601082,-0.860484],[37.602673,-0.860413],[37.603916,-0.859061],[37.604748,-0.854569],[37.606506,-0.852977],[37.608791,-0.852743],[37.61158,-0.853249],[37.613052,-0.852832],[37.616669,-0.852779],[37.618275,-0.849846],[37.621307,-0.849382],[37.625259,-0.85034],[37.627449,-0.849912],[37.628731,-0.846896],[37.628399,-0.842726],[37.629173,-0.841072],[37.629303,-0.838113],[37.631622,-0.836652],[37.635971,-0.836901],[37.636951,-0.83789],[37.638,-0.840394],[37.639988,-0.842993],[37.641724,-0.843588],[37.645885,-0.840662],[37.647293,-0.840453],[37.650242,-0.84241],[37.652431,-0.842303],[37.657547,-0.845483],[37.659428,-0.845647],[37.661648,-0.844531],[37.664642,-0.844387],[37.66576,-0.843871],[37.665913,-0.84087],[37.666756,-0.839383],[37.668362,-0.838585],[37.671303,-0.835569],[37.671074,-0.830811],[37.67205,-0.827301],[37.675774,-0.823506],[37.678265,-0.822891],[37.681519,-0.821253],[37.681694,-0.820023],[37.680328,-0.816229],[37.680893,-0.812215],[37.682289,-0.807689],[37.682407,-0.805832],[37.681572,-0.800023],[37.681946,-0.794948],[37.683727,-0.792974],[37.68808,-0.792649],[37.689716,-0.795023],[37.690723,-0.794983],[37.69241,-0.793379],[37.692661,-0.790109],[37.693485,-0.789403],[37.698414,-0.788166],[37.699265,-0.786776],[37.698803,-0.783062],[37.702076,-0.782054],[37.708054,-0.779791],[37.710567,-0.779617],[37.713837,-0.778687],[37.716599,-0.7788],[37.721661,-0.7783],[37.723873,-0.779098],[37.72533,-0.778784],[37.731499,-0.773871],[37.734592,-0.77365],[37.741615,-0.776093],[37.743988,-0.778419],[37.744965,-0.780218],[37.745552,-0.782908],[37.746922,-0.785156],[37.747364,-0.786977],[37.747814,-0.791854],[37.749992,-0.802027],[37.753139,-0.807388],[37.755352,-0.811674],[37.754856,-0.81425],[37.756535,-0.815967],[37.757488,-0.818727],[37.757427,-0.820952],[37.758392,-0.821896],[37.761452,-0.821321],[37.765579,-0.821642],[37.76965,-0.819031],[37.771336,-0.818787],[37.775356,-0.820773],[37.777092,-0.822237],[37.781078,-0.823682],[37.784081,-0.820287],[37.787338,-0.820957],[37.789646,-0.819376],[37.791939,-0.817199],[37.795227,-0.81632],[37.7967,-0.814476],[37.79744,-0.811298],[37.799015,-0.808661],[37.801605,-0.807054],[37.802525,-0.805719],[37.804333,-0.800733],[37.806023,-0.799906],[37.807629,-0.801974],[37.807854,-0.804195],[37.807533,-0.808614],[37.806862,-0.811107],[37.807121,-0.813174],[37.809296,-0.813588],[37.812416,-0.811024],[37.813408,-0.807952],[37.815166,-0.806038],[37.817059,-0.805353],[37.819386,-0.803663],[37.822422,-0.80371],[37.825375,-0.804585],[37.828804,-0.804514],[37.829994,-0.805743],[37.830738,-0.808106],[37.83329,-0.811792],[37.835667,-0.812312],[37.837677,-0.810918],[37.83881,-0.808696],[37.842484,-0.809736],[37.845512,-0.809832],[37.852253,-0.809113],[37.854706,-0.808153],[37.859505,-0.810309],[37.863537,-0.809438],[37.866474,-0.807843],[37.870625,-0.80963],[37.872883,-0.808818],[37.875175,-0.807045],[37.877003,-0.804368],[37.87801,-0.803838],[37.881104,-0.803636],[37.883488,-0.802048],[37.883213,-0.799502],[37.880672,-0.797045],[37.879917,-0.794041],[37.88063,-0.78996],[37.882309,-0.788271],[37.883255,-0.786314],[37.883892,-0.781442],[37.884895,-0.780079],[37.892517,-0.777872],[37.892006,-0.77102],[37.890594,-0.767659],[37.890957,-0.766415],[37.899181,-0.761169],[37.901665,-0.758979],[37.903885,-0.755773],[37.904404,-0.7534],[37.905468,-0.751193],[37.909351,-0.746868],[37.911076,-0.741395],[37.912689,-0.738867],[37.911884,-0.73578],[37.912102,-0.734578],[37.914803,-0.730212],[37.915485,-0.727993],[37.913612,-0.724061],[37.912998,-0.716203],[37.91188,-0.707613],[37.910477,-0.706637],[37.90897,-0.707797],[37.907555,-0.710212],[37.904381,-0.708571],[37.900314,-0.709183],[37.899239,-0.707357],[37.898602,-0.703413],[37.900703,-0.694865],[37.901821,-0.691831],[37.902821,-0.687334],[37.903854,-0.68474],[37.900906,-0.683455],[37.897205,-0.683336],[37.894798,-0.680317],[37.895359,-0.675873],[37.895142,-0.672989],[37.896301,-0.668477],[37.894543,-0.664641],[37.893131,-0.657332],[37.892788,-0.654553],[37.893036,-0.644749],[37.894161,-0.643626],[37.89893,-0.642417],[37.906265,-0.638315],[37.909054,-0.635412],[37.912216,-0.63288],[37.9175,-0.629216],[37.919098,-0.627674],[37.921791,-0.623819],[37.921696,-0.622715],[37.915783,-0.61749],[37.909657,-0.609838],[37.901089,-0.600701],[37.900745,-0.599292],[37.901287,-0.596503],[37.897766,-0.593286],[37.894653,-0.591811],[37.890221,-0.587433],[37.886116,-0.584701],[37.88353,-0.582607],[37.88253,-0.580675],[37.884632,-0.57465],[37.886414,-0.567864],[37.887287,-0.560878],[37.887135,-0.556443],[37.887337,-0.553216],[37.884823,-0.544574],[37.883034,-0.54208],[37.882046,-0.535532],[37.882347,-0.533248],[37.885174,-0.526918],[37.887604,-0.522816],[37.888718,-0.520351],[37.891315,-0.513108],[37.892487,-0.509082],[37.894447,-0.507578],[37.898052,-0.501591],[37.900879,-0.496518],[37.903183,-0.490865],[37.904099,-0.48799],[37.906086,-0.483983],[37.907162,-0.48108],[37.911797,-0.473095],[37.91293,-0.469963],[37.913445,-0.466118],[37.915318,-0.46293],[37.918793,-0.460522],[37.921818,-0.456239],[37.924778,-0.452555],[37.928959,-0.448034],[37.93301,-0.439621],[37.935192,-0.432987],[37.934544,-0.429655],[37.936466,-0.427311],[37.933113,-0.426938],[37.931229,-0.425047],[37.930183,-0.424785],[37.927631,-0.427036],[37.925404,-0.427069],[37.922291,-0.424648],[37.920853,-0.423032],[37.920235,-0.421317],[37.920536,-0.419132],[37.922146,-0.416678],[37.921101,-0.414401],[37.91563,-0.412798],[37.913994,-0.413452],[37.908901,-0.413668],[37.907959,-0.412922],[37.908287,-0.409748],[37.905815,-0.407196],[37.900696,-0.404468],[37.900486,-0.40202],[37.901665,-0.399553],[37.901665,-0.397302],[37.900463,-0.395883],[37.896286,-0.394993],[37.8941,-0.393965],[37.8913,-0.393324],[37.889324,-0.390386],[37.889637,-0.388658],[37.891026,-0.387186],[37.890633,-0.382658],[37.892075,-0.380774],[37.894993,-0.379046],[37.896561,-0.377613],[37.896626,-0.37654],[37.894886,-0.374367],[37.895004,-0.372856],[37.896667,-0.370749],[37.895737,-0.368498],[37.891457,-0.36734],[37.889912,-0.365455],[37.889679,-0.36414],[37.892975,-0.358938],[37.894741,-0.353939],[37.894794,-0.351529],[37.891106,-0.348161],[37.891159,-0.345924],[37.890163,-0.344628],[37.888893,-0.34451],[37.887875,-0.342743],[37.885818,-0.342416],[37.883621,-0.345538],[37.879723,-0.347546],[37.877785,-0.347455],[37.873543,-0.349267],[37.873516,-0.351139],[37.872524,-0.352513],[37.873165,-0.354875],[37.872341,-0.35744],[37.87133,-0.358723],[37.87014,-0.362459],[37.87077,-0.364703],[37.869972,-0.365894],[37.865299,-0.369147],[37.865128,-0.372065],[37.865601,-0.374388],[37.865116,-0.377817],[37.866295,-0.380715],[37.866085,-0.381946],[37.860313,-0.384727],[37.857605,-0.386605],[37.8564,-0.388169],[37.855183,-0.387226],[37.852135,-0.38896],[37.851768,-0.391015],[37.850327,-0.392376],[37.847958,-0.396361],[37.847424,-0.399299],[37.845741,-0.400572],[37.845524,-0.403233],[37.842003,-0.403076],[37.840378,-0.404378],[37.835327,-0.404686],[37.834332,-0.403757],[37.832016,-0.404189],[37.83017,-0.406472],[37.830917,-0.407886],[37.827267,-0.408252],[37.826912,-0.409692],[37.828953,-0.411164],[37.826965,-0.413402],[37.825592,-0.412761],[37.822464,-0.416419],[37.820435,-0.416863],[37.819046,-0.419396],[37.817123,-0.420246],[37.816299,-0.42166],[37.816235,-0.425134],[37.814636,-0.427163],[37.810291,-0.429401],[37.808289,-0.429309],[37.806313,-0.431783],[37.802032,-0.436121],[37.800346,-0.436455],[37.79837,-0.438261],[37.796066,-0.439661],[37.793644,-0.44027],[37.790924,-0.442547],[37.78841,-0.442894],[37.787182,-0.44504],[37.785023,-0.446277],[37.78336,-0.446146],[37.781528,-0.445151],[37.77832,-0.445289],[37.776173,-0.446349],[37.774185,-0.446447],[37.772587,-0.447415],[37.768833,-0.448331],[37.763599,-0.44824],[37.760143,-0.448711],[37.758244,-0.448416],[37.754749,-0.446558],[37.752724,-0.44663],[37.747646,-0.444817],[37.74453,-0.445485],[37.740105,-0.445099],[37.737568,-0.44627],[37.73597,-0.445982],[37.734585,-0.448024],[37.733444,-0.448371],[37.732044,-0.450203],[37.729923,-0.449705],[37.727543,-0.450471],[37.723656,-0.448835],[37.720856,-0.44998],[37.718616,-0.448528],[37.717701,-0.446113],[37.715477,-0.444032],[37.712048,-0.442272],[37.707714,-0.442082],[37.703346,-0.441179],[37.700256,-0.437705],[37.698227,-0.437181],[37.695557,-0.43777],[37.694,-0.437578],[37.692287,-0.435227],[37.690365,-0.4334],[37.690041,-0.43142],[37.688404,-0.430087],[37.68528,-0.429031],[37.68277,-0.426309],[37.680084,-0.425528],[37.678104,-0.425747],[37.674088,-0.424776],[37.67009,-0.424367],[37.665844,-0.421607],[37.661999,-0.42116],[37.657032,-0.415097],[37.654976,-0.413041],[37.650845,-0.410899],[37.648087,-0.408349],[37.644413,-0.406978],[37.64365,-0.40476],[37.64188,-0.402533],[37.639137,-0.40002],[37.637558,-0.39767],[37.637997,-0.394243],[37.637005,-0.392758],[37.633827,-0.392263],[37.630974,-0.389056],[37.629887,-0.388504],[37.628098,-0.389265],[37.625053,-0.389541],[37.620998,-0.388171],[37.614773,-0.3866],[37.613117,-0.383478],[37.609692,-0.38385],[37.606682,-0.383279],[37.601772,-0.383098],[37.597031,-0.378938],[37.591454,-0.376102],[37.588848,-0.374227],[37.586735,-0.371619],[37.586048,-0.369735],[37.584755,-0.368745],[37.582642,-0.368811],[37.579956,-0.37022],[37.576263,-0.366718],[37.574589,-0.366251],[37.571239,-0.36311],[37.568554,-0.362596],[37.565529,-0.365004],[37.562595,-0.365176],[37.557247,-0.361054],[37.553806,-0.359886],[37.307785,-0.151074]]]},"properties":{"code":601}},{"type":"Feature","geometry":{"type":"Polygon","coordinates":[[[33.947662,-0.337183],[33.928097,-0.454823],[33.919979,-0.561803],[33.928242,-0.802415],[34.080978,-0.802415],[34.082821,-0.799368],[34.096924,-0.782305],[34.109573,-0.781209],[34.11129,-0.780141],[34.112785,-0.778004],[34.120724,-0.782939],[34.122986,-0.78296],[34.135712,-0.77253],[34.139008,-0.778371],[34.155861,-0.766017],[34.164215,-0.772291],[34.168133,-0.772127],[34.17197,-0.771469],[34.176682,-0.768291],[34.178574,-0.760018],[34.183533,-0.762237],[34.191231,-0.765143],[34.200043,-0.753351],[34.202019,-0.750441],[34.203091,-0.753022],[34.209568,-0.759643],[34.210896,-0.762493],[34.212376,-0.767603],[34.214214,-0.768882],[34.2183,-0.770398],[34.221977,-0.773123],[34.226059,-0.778548],[34.228722,-0.779666],[34.232143,-0.781695],[34.234688,-0.78662],[34.235226,-0.790273],[34.237587,-0.792075],[34.23806,-0.794074],[34.241375,-0.799089],[34.244129,-0.802069],[34.245659,-0.805287],[34.250408,-0.810572],[34.251503,-0.81106],[34.256218,-0.81171],[34.261314,-0.813065],[34.264076,-0.814095],[34.267601,-0.816858],[34.270199,-0.818051],[34.272964,-0.820489],[34.276814,-0.825259],[34.280174,-0.826397],[34.284019,-0.826272],[34.285736,-0.828337],[34.289413,-0.831038],[34.292999,-0.834471],[34.295219,-0.83707],[34.298237,-0.837183],[34.299545,-0.841359],[34.300518,-0.843013],[34.30294,-0.844756],[34.304543,-0.847986],[34.305904,-0.849419],[34.319275,-0.865088],[34.320717,-0.865386],[34.335339,-0.861284],[34.336761,-0.860008],[34.336685,-0.854908],[34.352215,-0.852282],[34.369095,-0.851091],[34.370804,-0.849379],[34.370392,-0.848231],[34.37151,-0.845173],[34.375603,-0.84516],[34.378613,-0.844005],[34.380898,-0.84628],[34.381802,-0.846101],[34.383144,-0.843054],[34.38422,-0.842341],[34.385334,-0.83926],[34.386345,-0.838368],[34.387543,-0.835019],[34.389351,-0.832057],[34.389774,-0.830325],[34.391106,-0.829894],[34.392986,-0.830456],[34.392456,-0.826807],[34.391159,-0.82621],[34.38961,-0.823931],[34.387867,-0.822533],[34.387798,-0.819761],[34.386833,-0.818714],[34.386276,-0.816073],[34.388542,-0.815036],[34.390835,-0.814654],[34.405106,-0.82227],[34.432583,-0.837407],[34.453262,-0.85282],[34.463722,-0.861703],[34.475819,-0.832046],[34.47633,-0.830594],[34.478668,-0.828197],[34.479668,-0.826436],[34.481785,-0.825485],[34.483753,-0.823813],[34.485847,-0.8211],[34.490631,-0.815616],[34.493855,-0.813986],[34.494976,-0.812957],[34.496761,-0.80984],[34.496101,-0.807323],[34.49646,-0.805063],[34.490116,-0.798484],[34.488617,-0.798365],[34.486328,-0.796979],[34.484329,-0.796824],[34.482021,-0.795801],[34.480938,-0.793873],[34.48299,-0.793011],[34.486679,-0.792654],[34.485146,-0.787526],[34.48531,-0.784492],[34.488911,-0.783808],[34.492535,-0.782529],[34.50016,-0.773916],[34.506535,-0.769989],[34.505337,-0.766805],[34.503384,-0.766698],[34.502266,-0.764925],[34.504456,-0.764533],[34.50671,-0.762183],[34.509304,-0.761909],[34.510941,-0.760976],[34.5144,-0.760785],[34.516453,-0.759637],[34.521149,-0.759952],[34.524933,-0.760966],[34.527088,-0.757669],[34.528885,-0.754287],[34.533596,-0.747704],[34.536331,-0.741589],[34.536835,-0.737344],[34.538059,-0.730222],[34.539715,-0.725905],[34.539642,-0.724394],[34.540253,-0.715869],[34.539463,-0.711624],[34.539677,-0.706084],[34.540325,-0.704286],[34.543564,-0.698098],[34.54385,-0.695868],[34.545719,-0.689681],[34.548454,-0.690184],[34.549679,-0.685724],[34.551331,-0.681767],[34.554497,-0.676299],[34.556248,-0.670329],[34.560894,-0.66598],[34.561855,-0.665766],[34.563915,-0.667051],[34.566002,-0.666403],[34.567299,-0.665058],[34.571838,-0.663042],[34.574867,-0.663297],[34.578644,-0.662423],[34.583092,-0.660258],[34.585312,-0.65974],[34.588322,-0.662024],[34.587589,-0.653405],[34.597553,-0.653423],[34.600601,-0.65297],[34.604568,-0.651739],[34.605949,-0.651894],[34.612114,-0.65363],[34.614986,-0.653648],[34.617249,-0.654564],[34.619835,-0.656557],[34.622288,-0.657306],[34.625385,-0.657431],[34.6273,-0.658323],[34.62952,-0.661351],[34.633709,-0.663826],[34.637665,-0.665132],[34.644505,-0.633548],[34.662228,-0.60426],[34.68586,-0.600237],[34.704338,-0.574469],[34.751476,-0.557625],[34.767189,-0.54405],[34.802132,-0.526829],[34.849144,-0.510865],[34.854046,-0.506717],[34.862064,-0.501332],[34.880444,-0.488993],[34.903194,-0.48384],[34.938766,-0.465487],[34.968811,-0.44173],[35.000862,-0.427778],[35.014187,-0.417973],[35.016273,-0.415886],[35.017723,-0.413418],[35.019608,-0.412405],[35.019821,-0.410632],[35.021416,-0.405905],[35.021313,-0.404928],[35.01865,-0.402766],[35.017994,-0.400462],[35.01696,-0.399101],[35.017616,-0.39627],[35.015892,-0.395598],[35.014492,-0.393387],[35.012333,-0.391419],[35.009937,-0.391468],[35.00766,-0.394059],[35.007015,-0.395985],[35.007362,-0.398101],[35.005196,-0.39951],[35.004772,-0.401896],[35.003624,-0.404012],[35.001465,-0.405534],[35.000172,-0.405655],[34.99894,-0.404466],[34.997524,-0.404345],[34.993034,-0.407213],[34.989471,-0.407754],[34.988285,-0.408832],[34.987408,-0.412162],[34.986427,-0.413237],[34.983681,-0.412653],[34.982353,-0.413462],[34.977165,-0.411074],[34.975109,-0.409495],[34.973053,-0.409906],[34.967915,-0.413277],[34.966003,-0.411612],[34.963306,-0.411614],[34.963257,-0.414325],[34.959095,-0.415976],[34.957291,-0.414329],[34.955479,-0.415126],[34.949135,-0.415591],[34.948368,-0.413989],[34.945637,-0.414157],[34.944443,-0.412946],[34.942448,-0.41266],[34.938946,-0.413209],[34.937862,-0.412871],[34.936382,-0.411006],[34.93475,-0.4106],[34.933651,-0.411352],[34.930847,-0.411999],[34.929218,-0.411465],[34.92923,-0.408668],[34.928616,-0.406187],[34.929474,-0.40328],[34.928524,-0.402593],[34.925667,-0.403248],[34.925629,-0.401526],[34.923096,-0.401879],[34.921978,-0.403676],[34.914623,-0.40324],[34.913773,-0.402719],[34.91391,-0.399368],[34.913109,-0.396374],[34.914593,-0.394714],[34.914684,-0.392143],[34.915615,-0.39103],[34.915871,-0.388113],[34.915234,-0.385249],[34.911331,-0.385888],[34.908302,-0.388955],[34.899693,-0.391737],[34.897091,-0.394692],[34.895008,-0.393594],[34.893829,-0.393872],[34.891541,-0.396549],[34.889332,-0.398293],[34.888836,-0.400706],[34.887203,-0.401097],[34.886032,-0.397188],[34.88409,-0.396789],[34.882385,-0.397225],[34.87849,-0.396105],[34.876816,-0.398248],[34.87553,-0.397925],[34.873581,-0.396113],[34.87067,-0.394962],[34.867485,-0.394181],[34.865696,-0.394181],[34.864891,-0.396008],[34.862679,-0.397323],[34.860485,-0.396639],[34.858372,-0.394737],[34.858055,-0.392143],[34.856861,-0.391857],[34.848408,-0.391808],[34.843403,-0.391617],[34.838696,-0.392041],[34.83812,-0.390925],[34.835239,-0.389429],[34.833721,-0.388053],[34.827396,-0.387677],[34.824703,-0.387918],[34.822636,-0.386001],[34.824924,-0.384602],[34.825119,-0.382971],[34.824406,-0.381084],[34.822548,-0.379746],[34.821907,-0.378407],[34.822426,-0.376347],[34.822601,-0.370716],[34.820892,-0.37016],[34.818699,-0.366604],[34.814766,-0.360836],[34.810772,-0.356168],[34.810398,-0.355228],[34.810947,-0.351935],[34.809006,-0.350936],[34.80806,-0.353777],[34.807354,-0.354213],[34.803902,-0.353507],[34.798462,-0.354153],[34.797497,-0.353612],[34.796158,-0.350785],[34.795189,-0.349898],[34.791264,-0.348688],[34.790218,-0.346628],[34.793083,-0.343868],[34.793091,-0.342117],[34.792152,-0.341026],[34.78936,-0.342906],[34.78764,-0.341846],[34.785797,-0.341681],[34.785221,-0.340514],[34.785439,-0.337508],[34.783092,-0.335192],[34.782932,-0.332117],[34.784424,-0.3312],[34.787308,-0.332132],[34.789932,-0.331095],[34.78833,-0.329629],[34.786896,-0.324306],[34.7854,-0.324276],[34.785603,-0.322404],[34.782791,-0.320389],[34.782219,-0.323013],[34.781158,-0.322757],[34.78001,-0.321065],[34.778988,-0.316434],[34.775459,-0.316825],[34.77206,-0.313329],[34.76955,-0.312344],[34.769226,-0.310172],[34.768257,-0.309766],[34.765289,-0.313427],[34.762455,-0.311743],[34.761665,-0.313194],[34.760094,-0.313562],[34.758492,-0.308006],[34.757145,-0.306014],[34.756989,-0.302232],[34.75824,-0.299224],[34.757553,-0.297075],[34.755371,-0.29624],[34.754898,-0.295],[34.755169,-0.292258],[34.754639,-0.289456],[34.706383,-0.258052],[34.532425,-0.271713],[34.483418,-0.299272],[34.425354,-0.331926],[34.422443,-0.333619],[34.370544,-0.37795],[34.324009,-0.417701],[34.320488,-0.420477],[34.316631,-0.422914],[34.31311,-0.424268],[34.307556,-0.425351],[34.301937,-0.425419],[34.299313,-0.425161],[34.293949,-0.423456],[34.289349,-0.420748],[34.284573,-0.416188],[34.282169,-0.413098],[34.279259,-0.408697],[34.239792,-0.337478],[33.947662,-0.337183]]]},"properties":{"code":403}},{"type":"Feature","geometry":{"type":"Polygon","coordinates":[[[35.451088,-0.365402],[35.448174,-0.368689],[35.445637,-0.370769],[35.444096,-0.374098],[35.439854,-0.375887],[35.43594,-0.377135],[35.434528,-0.378134],[35.43124,-0.382503],[35.429108,-0.383568],[35.427979,-0.385498],[35.424023,-0.388581],[35.418804,-0.393161],[35.418007,-0.394466],[35.4161,-0.399965],[35.413784,-0.402548],[35.409496,-0.405051],[35.408165,-0.405131],[35.406422,-0.403919],[35.40477,-0.401576],[35.401363,-0.40099],[35.39983,-0.399965],[35.397221,-0.401589],[35.392826,-0.402681],[35.390579,-0.403839],[35.387913,-0.403919],[35.385223,-0.402188],[35.383629,-0.402215],[35.380314,-0.400604],[35.379246,-0.401829],[35.377171,-0.402121],[35.375626,-0.404625],[35.370552,-0.404079],[35.368263,-0.402934],[35.366158,-0.404105],[35.361458,-0.404598],[35.358635,-0.406302],[35.353977,-0.406222],[35.351994,-0.406955],[35.349144,-0.407168],[35.347626,-0.407753],[35.341488,-0.405903],[35.336559,-0.406409],[35.334858,-0.406222],[35.331409,-0.404558],[35.330395,-0.405943],[35.328587,-0.406129],[35.327599,-0.407381],[35.328026,-0.409271],[35.32547,-0.412547],[35.324005,-0.412866],[35.32093,-0.416874],[35.316189,-0.419137],[35.314644,-0.420309],[35.310852,-0.421521],[35.309601,-0.422985],[35.306458,-0.42445],[35.301357,-0.425422],[35.297417,-0.425235],[35.29446,-0.42401],[35.290611,-0.424317],[35.289253,-0.423997],[35.286964,-0.422266],[35.284473,-0.418658],[35.280746,-0.418711],[35.277416,-0.419537],[35.275887,-0.418006],[35.274689,-0.417952],[35.270241,-0.419097],[35.268085,-0.420775],[35.265327,-0.421348],[35.263729,-0.423132],[35.259178,-0.42441],[35.254211,-0.424397],[35.250137,-0.420882],[35.249046,-0.420775],[35.2477,-0.42212],[35.246288,-0.422013],[35.244556,-0.423291],[35.237408,-0.423225],[35.234905,-0.423571],[35.233494,-0.422479],[35.231976,-0.422346],[35.229141,-0.42654],[35.229404,-0.428579],[35.22821,-0.428783],[35.228657,-0.431101],[35.228024,-0.434152],[35.226757,-0.437518],[35.224796,-0.438336],[35.223553,-0.441318],[35.220016,-0.446712],[35.220066,-0.448621],[35.218311,-0.449064],[35.217262,-0.451441],[35.216904,-0.454066],[35.217793,-0.455753],[35.215923,-0.456494],[35.214577,-0.458199],[35.214222,-0.459971],[35.212296,-0.46217],[35.209492,-0.463167],[35.20858,-0.466072],[35.220108,-0.470797],[35.220352,-0.473946],[35.217041,-0.476401],[35.217861,-0.479485],[35.212284,-0.479104],[35.209286,-0.480256],[35.206066,-0.479552],[35.204144,-0.480332],[35.202877,-0.482017],[35.201088,-0.482797],[35.199966,-0.48234],[35.196846,-0.483749],[35.193714,-0.481722],[35.190742,-0.483435],[35.187309,-0.48373],[35.186985,-0.485405],[35.184719,-0.4855],[35.183006,-0.48413],[35.181568,-0.484292],[35.181911,-0.481493],[35.17997,-0.480028],[35.179588,-0.482045],[35.177608,-0.481474],[35.176998,-0.479913],[35.174591,-0.476649],[35.173164,-0.473565],[35.172794,-0.469387],[35.170223,-0.468397],[35.168739,-0.469025],[35.167995,-0.471119],[35.166702,-0.471309],[35.16555,-0.468806],[35.164127,-0.467894],[35.161304,-0.467397],[35.158363,-0.464285],[35.154976,-0.464552],[35.15387,-0.465922],[35.151894,-0.465104],[35.149532,-0.465503],[35.149513,-0.463219],[35.147228,-0.462401],[35.145363,-0.46023],[35.143543,-0.460487],[35.141926,-0.456642],[35.140842,-0.456642],[35.137756,-0.460183],[35.137474,-0.461592],[35.135635,-0.46301],[35.135178,-0.465427],[35.134266,-0.465637],[35.132553,-0.461354],[35.129894,-0.461649],[35.127766,-0.459954],[35.123787,-0.459897],[35.120255,-0.459317],[35.118217,-0.459526],[35.116703,-0.46064],[35.111641,-0.462048],[35.110611,-0.465323],[35.107803,-0.46636],[35.103882,-0.468492],[35.101475,-0.468482],[35.100239,-0.466922],[35.09864,-0.467911],[35.098602,-0.470081],[35.097649,-0.471052],[35.097248,-0.472994],[35.095383,-0.473337],[35.094986,-0.471642],[35.092529,-0.470424],[35.090218,-0.471233],[35.088314,-0.475059],[35.085361,-0.475078],[35.084133,-0.472842],[35.083164,-0.473013],[35.082554,-0.475126],[35.079529,-0.476687],[35.079109,-0.480247],[35.07851,-0.48176],[35.076149,-0.482978],[35.076569,-0.484863],[35.074112,-0.486614],[35.072933,-0.488004],[35.073151,-0.489917],[35.069401,-0.491211],[35.065983,-0.49063],[35.062023,-0.491715],[35.058929,-0.491325],[35.057922,-0.491801],[35.056343,-0.494371],[35.055161,-0.495094],[35.054337,-0.49686],[35.052086,-0.496836],[35.051353,-0.499587],[35.051693,-0.500841],[35.054031,-0.503335],[35.053577,-0.504629],[35.055241,-0.506066],[35.055832,-0.508293],[35.05265,-0.511805],[35.051773,-0.518308],[35.049358,-0.519706],[35.047802,-0.521643],[35.047707,-0.524501],[35.049858,-0.525794],[35.051189,-0.527872],[35.051563,-0.531388],[35.052311,-0.533359],[35.052097,-0.534851],[35.049538,-0.535437],[35.048687,-0.536503],[35.050018,-0.540392],[35.051456,-0.54135],[35.051296,-0.544174],[35.050072,-0.545026],[35.049591,-0.547797],[35.050606,-0.552964],[35.049324,-0.555122],[35.050232,-0.563646],[35.049591,-0.566283],[35.047092,-0.570718],[35.04874,-0.57093],[35.049393,-0.572066],[35.049511,-0.57526],[35.050125,-0.580089],[35.052029,-0.584861],[35.054626,-0.588806],[35.055859,-0.593885],[35.057278,-0.596557],[35.061111,-0.601197],[35.061958,-0.604891],[35.061073,-0.610086],[35.060036,-0.61228],[35.058323,-0.613588],[35.05788,-0.61607],[35.056686,-0.618283],[35.057007,-0.61965],[35.060822,-0.622882],[35.062618,-0.629167],[35.062767,-0.632522],[35.061279,-0.634583],[35.058571,-0.636062],[35.05735,-0.639375],[35.054955,-0.644721],[35.054726,-0.646087],[35.056034,-0.649608],[35.054802,-0.653649],[35.054935,-0.657997],[35.056763,-0.66425],[35.058167,-0.666579],[35.061562,-0.669684],[35.062748,-0.671254],[35.061958,-0.674949],[35.062397,-0.67628],[35.064518,-0.677565],[35.065422,-0.680606],[35.066498,-0.682626],[35.068615,-0.684665],[35.069538,-0.687936],[35.07056,-0.689149],[35.071533,-0.692212],[35.069077,-0.694921],[35.068272,-0.69521],[35.061901,-0.695691],[35.057629,-0.696845],[35.05201,-0.700713],[35.049088,-0.702406],[35.047573,-0.706252],[35.091137,-0.800501],[35.044312,-0.852585],[35.038948,-0.848872],[35.035854,-0.847222],[35.033379,-0.845159],[35.031609,-0.844559],[35.023067,-0.845572],[35.02121,-0.846809],[35.02121,-0.848666],[35.02306,-0.854267],[35.024483,-0.857384],[35.025337,-0.861042],[35.024837,-0.865934],[35.024921,-0.870531],[35.025543,-0.873419],[35.023861,-0.874128],[35.020386,-0.869087],[35.01894,-0.869912],[35.013577,-0.876925],[35.012459,-0.878759],[35.011929,-0.881154],[35.013371,-0.884454],[35.012959,-0.889457],[35.082222,-0.9055],[35.23946,-1.032521],[35.241245,-1.033291],[35.243656,-1.03273],[35.244587,-1.033748],[35.248199,-1.033715],[35.249687,-1.033095],[35.250271,-1.031397],[35.249897,-1.028745],[35.252697,-1.029018],[35.253716,-1.028125],[35.253765,-1.026514],[35.25721,-1.027629],[35.259232,-1.027394],[35.260372,-1.025485],[35.261761,-1.020701],[35.263321,-1.019337],[35.265476,-1.019288],[35.269184,-1.020788],[35.27211,-1.021457],[35.271687,-1.019201],[35.272209,-1.017937],[35.275181,-1.017813],[35.278492,-1.016462],[35.279804,-1.014751],[35.281368,-1.014305],[35.283649,-1.011826],[35.286064,-1.011566],[35.288593,-1.009781],[35.293503,-1.007005],[35.296661,-1.005852],[35.298523,-1.004563],[35.301025,-1.001588],[35.302265,-1.001241],[35.304287,-1.003063],[35.3055,-1.003162],[35.310905,-0.99994],[35.310955,-0.998502],[35.309689,-0.995527],[35.311871,-0.996147],[35.31295,-0.994622],[35.312874,-0.992689],[35.313816,-0.991127],[35.315701,-0.990829],[35.318428,-0.988326],[35.321426,-0.988673],[35.322109,-0.986925],[35.324738,-0.986925],[35.326893,-0.986008],[35.327885,-0.984099],[35.331059,-0.984917],[35.330811,-0.983132],[35.328529,-0.981818],[35.328381,-0.980554],[35.330452,-0.979104],[35.331394,-0.976575],[35.332607,-0.976303],[35.334145,-0.977964],[35.338135,-0.978757],[35.337517,-0.976104],[35.337875,-0.974828],[35.339859,-0.974208],[35.344147,-0.971828],[35.346924,-0.974159],[35.346104,-0.976018],[35.348671,-0.978782],[35.349514,-0.976724],[35.348175,-0.973477],[35.349884,-0.971841],[35.349415,-0.969758],[35.351967,-0.966337],[35.353531,-0.966065],[35.35487,-0.968891],[35.358376,-0.972398],[35.360012,-0.970267],[35.362911,-0.971085],[35.364079,-0.972349],[35.363754,-0.976043],[35.364723,-0.976166],[35.365749,-0.973997],[35.367065,-0.973997],[35.367859,-0.97251],[35.367908,-0.969486],[35.36937,-0.968866],[35.370686,-0.970081],[35.372223,-0.969312],[35.375011,-0.965681],[35.375011,-0.964243],[35.376102,-0.961367],[35.377911,-0.962111],[35.381332,-0.960822],[35.381977,-0.959111],[35.38459,-0.96009],[35.386204,-0.958405],[35.391407,-0.958132],[35.394024,-0.956731],[35.395733,-0.957946],[35.397099,-0.957847],[35.401039,-0.953087],[35.401127,-0.950249],[35.401722,-0.949307],[35.403728,-0.950423],[35.40638,-0.94839],[35.409988,-0.94803],[35.411724,-0.947237],[35.416828,-0.945998],[35.418541,-0.947212],[35.419804,-0.945849],[35.418827,-0.943159],[35.420063,-0.941647],[35.421303,-0.942093],[35.421974,-0.940308],[35.420189,-0.936714],[35.421253,-0.935797],[35.423138,-0.935995],[35.424168,-0.933529],[35.423401,-0.931868],[35.424217,-0.929711],[35.423374,-0.927306],[35.423943,-0.925447],[35.421402,-0.922138],[35.422024,-0.919461],[35.426537,-0.918122],[35.426338,-0.916312],[35.424366,-0.912879],[35.423721,-0.910846],[35.423843,-0.908937],[35.422878,-0.90683],[35.423782,-0.904835],[35.427849,-0.905529],[35.429436,-0.902976],[35.428196,-0.899926],[35.429409,-0.895911],[35.430725,-0.895514],[35.431084,-0.89798],[35.432594,-0.898327],[35.436066,-0.896072],[35.438374,-0.895873],[35.439735,-0.892948],[35.437393,-0.890358],[35.437641,-0.888424],[35.441856,-0.888548],[35.441879,-0.886887],[35.443985,-0.886515],[35.444904,-0.88364],[35.447495,-0.882586],[35.447941,-0.885462],[35.450272,-0.884693],[35.450195,-0.882561],[35.451511,-0.881743],[35.452503,-0.882636],[35.452255,-0.884495],[35.453991,-0.885139],[35.454906,-0.883255],[35.454163,-0.880157],[35.454571,-0.878037],[35.45591,-0.876823],[35.456532,-0.874939],[35.45829,-0.875335],[35.460274,-0.874071],[35.459404,-0.870799],[35.460808,-0.869745],[35.460659,-0.867936],[35.459518,-0.864886],[35.461056,-0.863944],[35.462914,-0.86449],[35.464848,-0.863597],[35.467052,-0.863895],[35.467152,-0.86206],[35.46817,-0.861168],[35.470039,-0.861379],[35.470535,-0.860139],[35.469742,-0.858379],[35.473587,-0.855504],[35.476162,-0.851884],[35.477985,-0.851698],[35.477737,-0.848823],[35.476078,-0.847013],[35.476227,-0.845104],[35.477814,-0.843196],[35.477776,-0.840357],[35.47961,-0.84001],[35.48003,-0.838101],[35.482708,-0.837035],[35.483326,-0.834829],[35.485657,-0.834557],[35.485088,-0.83178],[35.486935,-0.830603],[35.488819,-0.831098],[35.490406,-0.829661],[35.492451,-0.829623],[35.493542,-0.827219],[35.495277,-0.826326],[35.496639,-0.824789],[35.499466,-0.825459],[35.502354,-0.824157],[35.503891,-0.824678],[35.506443,-0.824356],[35.508327,-0.823191],[35.509888,-0.820365],[35.511215,-0.819237],[35.511192,-0.817477],[35.513348,-0.817154],[35.514412,-0.81822],[35.515652,-0.817799],[35.517513,-0.81589],[35.518059,-0.8118],[35.519966,-0.80942],[35.523262,-0.809147],[35.525047,-0.80947],[35.52676,-0.80652],[35.528545,-0.806123],[35.529846,-0.804881],[35.479004,-0.763772],[35.425648,-0.721243],[35.396084,-0.64488],[35.586651,-0.588108],[35.451088,-0.365402]]]},"properties":{"code":204}},{"type":"Feature","geometry":{"type":"Polygon","coordinates":[[[35.019608,-0.412405],[35.017723,-0.413418],[35.016273,-0.415886],[35.014187,-0.417973],[35.000862,-0.427778],[34.968811,-0.44173],[34.938766,-0.465487],[34.903194,-0.48384],[34.880444,-0.488993],[34.862064,-0.501332],[34.865093,-0.505039],[34.86676,-0.504602],[34.871284,-0.508794],[34.87331,-0.511985],[34.873619,-0.513174],[34.875622,-0.514571],[34.878601,-0.518618],[34.880043,-0.519585],[34.881859,-0.523356],[34.882828,-0.523869],[34.883537,-0.527521],[34.883202,-0.528469],[34.884171,-0.532279],[34.883282,-0.537511],[34.883873,-0.540097],[34.88192,-0.545585],[34.880535,-0.547638],[34.880398,-0.549139],[34.87862,-0.55137],[34.8783,-0.558059],[34.877522,-0.559916],[34.877331,-0.562262],[34.875065,-0.565071],[34.873734,-0.570587],[34.872337,-0.57443],[34.881271,-0.585388],[34.878304,-0.590421],[34.88316,-0.593078],[34.889927,-0.600721],[34.889511,-0.604404],[34.887672,-0.607949],[34.887211,-0.613152],[34.886658,-0.615178],[34.884403,-0.618355],[34.882099,-0.618631],[34.880211,-0.620059],[34.874779,-0.616237],[34.875515,-0.613106],[34.874226,-0.611587],[34.870403,-0.613152],[34.869854,-0.614395],[34.87022,-0.616513],[34.871647,-0.619552],[34.870544,-0.619967],[34.862118,-0.612738],[34.8606,-0.607489],[34.856369,-0.603538],[34.854519,-0.600542],[34.851135,-0.595901],[34.848904,-0.595196],[34.845264,-0.595932],[34.840477,-0.601826],[34.835873,-0.603069],[34.834217,-0.605509],[34.83297,-0.612717],[34.831711,-0.61555],[34.830215,-0.617517],[34.825809,-0.621765],[34.821167,-0.623654],[34.819592,-0.625306],[34.815895,-0.631679],[34.815109,-0.633725],[34.81432,-0.637895],[34.814243,-0.641829],[34.81385,-0.643009],[34.811096,-0.646786],[34.809681,-0.651743],[34.809837,-0.655834],[34.810467,-0.659768],[34.811047,-0.668142],[34.808475,-0.666599],[34.804138,-0.667812],[34.802818,-0.667591],[34.799622,-0.665461],[34.798153,-0.665644],[34.795433,-0.666967],[34.792774,-0.667502],[34.790878,-0.67266],[34.790031,-0.673248],[34.786175,-0.673689],[34.788712,-0.675232],[34.793781,-0.684195],[34.794468,-0.688588],[34.802109,-0.687365],[34.807613,-0.685683],[34.809296,-0.685989],[34.812962,-0.687518],[34.815559,-0.689658],[34.820606,-0.691645],[34.822441,-0.695314],[34.82386,-0.70413],[34.827835,-0.704244],[34.832405,-0.707184],[34.833527,-0.707007],[34.836281,-0.708366],[34.837421,-0.709689],[34.840359,-0.714354],[34.846119,-0.719573],[34.853321,-0.725184],[34.856449,-0.72726],[34.861149,-0.729616],[34.869247,-0.734036],[34.875484,-0.736335],[34.8778,-0.739694],[34.880642,-0.741872],[34.884907,-0.743203],[34.886509,-0.746288],[34.889019,-0.747407],[34.892921,-0.747588],[34.895058,-0.745428],[34.896492,-0.746197],[34.902721,-0.752065],[34.905323,-0.755634],[34.906078,-0.759415],[34.908287,-0.760715],[34.91098,-0.760231],[34.913067,-0.759052],[34.91721,-0.759217],[34.919537,-0.760383],[34.923378,-0.76123],[34.925892,-0.763196],[34.927402,-0.765646],[34.928974,-0.76616],[34.933876,-0.765827],[34.939106,-0.77109],[34.943886,-0.773116],[34.947517,-0.778984],[34.948151,-0.779256],[34.950714,-0.78338],[35.012959,-0.889457],[35.013371,-0.884454],[35.011929,-0.881154],[35.012459,-0.878759],[35.013577,-0.876925],[35.01894,-0.869912],[35.020386,-0.869087],[35.023861,-0.874128],[35.025543,-0.873419],[35.024921,-0.870531],[35.024837,-0.865934],[35.025337,-0.861042],[35.024483,-0.857384],[35.02306,-0.854267],[35.02121,-0.848666],[35.02121,-0.846809],[35.023067,-0.845572],[35.031609,-0.844559],[35.033379,-0.845159],[35.035854,-0.847222],[35.038948,-0.848872],[35.044312,-0.852585],[35.091137,-0.800501],[35.047573,-0.706252],[35.049088,-0.702406],[35.05201,-0.700713],[35.057629,-0.696845],[35.061901,-0.695691],[35.068272,-0.69521],[35.069077,-0.694921],[35.071533,-0.692212],[35.07056,-0.689149],[35.069538,-0.687936],[35.068615,-0.684665],[35.066498,-0.682626],[35.065422,-0.680606],[35.064518,-0.677565],[35.062397,-0.67628],[35.061958,-0.674949],[35.062748,-0.671254],[35.061562,-0.669684],[35.058167,-0.666579],[35.056763,-0.66425],[35.054935,-0.657997],[35.054802,-0.653649],[35.056034,-0.649608],[35.054726,-0.646087],[35.054955,-0.644721],[35.05735,-0.639375],[35.058571,-0.636062],[35.061279,-0.634583],[35.062767,-0.632522],[35.062618,-0.629167],[35.060822,-0.622882],[35.057007,-0.61965],[35.056686,-0.618283],[35.05788,-0.61607],[35.058323,-0.613588],[35.060036,-0.61228],[35.061073,-0.610086],[35.061958,-0.604891],[35.061111,-0.601197],[35.057278,-0.596557],[35.055859,-0.593885],[35.054626,-0.588806],[35.052029,-0.584861],[35.050125,-0.580089],[35.049511,-0.57526],[35.049393,-0.572066],[35.04874,-0.57093],[35.047092,-0.570718],[35.049591,-0.566283],[35.050232,-0.563646],[35.049324,-0.555122],[35.050606,-0.552964],[35.049591,-0.547797],[35.050072,-0.545026],[35.051296,-0.544174],[35.051456,-0.54135],[35.050018,-0.540392],[35.048687,-0.536503],[35.049538,-0.535437],[35.052097,-0.534851],[35.052311,-0.533359],[35.051563,-0.531388],[35.051189,-0.527872],[35.049858,-0.525794],[35.047707,-0.524501],[35.047802,-0.521643],[35.049358,-0.519706],[35.051773,-0.518308],[35.05265,-0.511805],[35.055832,-0.508293],[35.055241,-0.506066],[35.053577,-0.504629],[35.054031,-0.503335],[35.051693,-0.500841],[35.051353,-0.499587],[35.050549,-0.498024],[35.048416,-0.497262],[35.047039,-0.499156],[35.044849,-0.499023],[35.04287,-0.499594],[35.040497,-0.499052],[35.03709,-0.4977],[35.035187,-0.498233],[35.032833,-0.49717],[35.032993,-0.495032],[35.034206,-0.489198],[35.033432,-0.485011],[35.035263,-0.483863],[35.037273,-0.484215],[35.038918,-0.483772],[35.040314,-0.47888],[35.040245,-0.476891],[35.041653,-0.469662],[35.042019,-0.464758],[35.041687,-0.45948],[35.04195,-0.455132],[35.044514,-0.45528],[35.045128,-0.454269],[35.043911,-0.45108],[35.044846,-0.446823],[35.044254,-0.445018],[35.041519,-0.44084],[35.038769,-0.438003],[35.03817,-0.436493],[35.038567,-0.433167],[35.03825,-0.43076],[35.036716,-0.426404],[35.034519,-0.424589],[35.032875,-0.420737],[35.031677,-0.418955],[35.029621,-0.418728],[35.028076,-0.415867],[35.025795,-0.413778],[35.023254,-0.413199],[35.020096,-0.413233],[35.019608,-0.412405]]]},"properties":{"code":405}},{"type":"Feature","geometry":{"type":"Polygon","coordinates":[[[35.586651,-0.588108],[35.396084,-0.64488],[35.425648,-0.721243],[35.479004,-0.763772],[35.529846,-0.804881],[35.528545,-0.806123],[35.52676,-0.80652],[35.525047,-0.80947],[35.523262,-0.809147],[35.519966,-0.80942],[35.518059,-0.8118],[35.517513,-0.81589],[35.515652,-0.817799],[35.514412,-0.81822],[35.513348,-0.817154],[35.511192,-0.817477],[35.511215,-0.819237],[35.509888,-0.820365],[35.508327,-0.823191],[35.506443,-0.824356],[35.503891,-0.824678],[35.502354,-0.824157],[35.499466,-0.825459],[35.496639,-0.824789],[35.495277,-0.826326],[35.493542,-0.827219],[35.492451,-0.829623],[35.490406,-0.829661],[35.488819,-0.831098],[35.486935,-0.830603],[35.485088,-0.83178],[35.485657,-0.834557],[35.483326,-0.834829],[35.482708,-0.837035],[35.48003,-0.838101],[35.47961,-0.84001],[35.477776,-0.840357],[35.477814,-0.843196],[35.476227,-0.845104],[35.476078,-0.847013],[35.477737,-0.848823],[35.477985,-0.851698],[35.476162,-0.851884],[35.473587,-0.855504],[35.469742,-0.858379],[35.470535,-0.860139],[35.470039,-0.861379],[35.46817,-0.861168],[35.467152,-0.86206],[35.467052,-0.863895],[35.464848,-0.863597],[35.462914,-0.86449],[35.461056,-0.863944],[35.459518,-0.864886],[35.460659,-0.867936],[35.460808,-0.869745],[35.459404,-0.870799],[35.460274,-0.874071],[35.45829,-0.875335],[35.456532,-0.874939],[35.45591,-0.876823],[35.454571,-0.878037],[35.454163,-0.880157],[35.454906,-0.883255],[35.453991,-0.885139],[35.452255,-0.884495],[35.452503,-0.882636],[35.451511,-0.881743],[35.450195,-0.882561],[35.450272,-0.884693],[35.447941,-0.885462],[35.447495,-0.882586],[35.444904,-0.88364],[35.443985,-0.886515],[35.441879,-0.886887],[35.441856,-0.888548],[35.437641,-0.888424],[35.437393,-0.890358],[35.439735,-0.892948],[35.438374,-0.895873],[35.436066,-0.896072],[35.432594,-0.898327],[35.431084,-0.89798],[35.430725,-0.895514],[35.429409,-0.895911],[35.428196,-0.899926],[35.429436,-0.902976],[35.427849,-0.905529],[35.423782,-0.904835],[35.422878,-0.90683],[35.423843,-0.908937],[35.423721,-0.910846],[35.424366,-0.912879],[35.426338,-0.916312],[35.426537,-0.918122],[35.422024,-0.919461],[35.421402,-0.922138],[35.423943,-0.925447],[35.423374,-0.927306],[35.424217,-0.929711],[35.423401,-0.931868],[35.424168,-0.933529],[35.423138,-0.935995],[35.421253,-0.935797],[35.420189,-0.936714],[35.421974,-0.940308],[35.421303,-0.942093],[35.420063,-0.941647],[35.418827,-0.943159],[35.419804,-0.945849],[35.418541,-0.947212],[35.416828,-0.945998],[35.411724,-0.947237],[35.409988,-0.94803],[35.40638,-0.94839],[35.403728,-0.950423],[35.401722,-0.949307],[35.401127,-0.950249],[35.401039,-0.953087],[35.397099,-0.957847],[35.395733,-0.957946],[35.394024,-0.956731],[35.391407,-0.958132],[35.386204,-0.958405],[35.38459,-0.96009],[35.381977,-0.959111],[35.381332,-0.960822],[35.377911,-0.962111],[35.376102,-0.961367],[35.375011,-0.964243],[35.375011,-0.965681],[35.372223,-0.969312],[35.370686,-0.970081],[35.36937,-0.968866],[35.367908,-0.969486],[35.367859,-0.97251],[35.367065,-0.973997],[35.365749,-0.973997],[35.364723,-0.976166],[35.363754,-0.976043],[35.364079,-0.972349],[35.362911,-0.971085],[35.360012,-0.970267],[35.358376,-0.972398],[35.35487,-0.968891],[35.353531,-0.966065],[35.351967,-0.966337],[35.349415,-0.969758],[35.349884,-0.971841],[35.348175,-0.973477],[35.349514,-0.976724],[35.348671,-0.978782],[35.346104,-0.976018],[35.346924,-0.974159],[35.344147,-0.971828],[35.339859,-0.974208],[35.337875,-0.974828],[35.337517,-0.976104],[35.338135,-0.978757],[35.334145,-0.977964],[35.332607,-0.976303],[35.331394,-0.976575],[35.330452,-0.979104],[35.328381,-0.980554],[35.328529,-0.981818],[35.330811,-0.983132],[35.331059,-0.984917],[35.327885,-0.984099],[35.326893,-0.986008],[35.324738,-0.986925],[35.322109,-0.986925],[35.321426,-0.988673],[35.318428,-0.988326],[35.315701,-0.990829],[35.313816,-0.991127],[35.312874,-0.992689],[35.31295,-0.994622],[35.311871,-0.996147],[35.309689,-0.995527],[35.310955,-0.998502],[35.310905,-0.99994],[35.3055,-1.003162],[35.304287,-1.003063],[35.302265,-1.001241],[35.301025,-1.001588],[35.298523,-1.004563],[35.296661,-1.005852],[35.293503,-1.007005],[35.288593,-1.009781],[35.286064,-1.011566],[35.283649,-1.011826],[35.281368,-1.014305],[35.279804,-1.014751],[35.278492,-1.016462],[35.275181,-1.017813],[35.272209,-1.017937],[35.271687,-1.019201],[35.27211,-1.021457],[35.269184,-1.020788],[35.265476,-1.019288],[35.263321,-1.019337],[35.261761,-1.020701],[35.260372,-1.025485],[35.259232,-1.027394],[35.25721,-1.027629],[35.253765,-1.026514],[35.253716,-1.028125],[35.252697,-1.029018],[35.249897,-1.028745],[35.250271,-1.031397],[35.249687,-1.033095],[35.248199,-1.033715],[35.244587,-1.033748],[35.243656,-1.03273],[35.241245,-1.033291],[35.23946,-1.032521],[35.082222,-0.9055],[35.012959,-0.889457],[34.915867,-0.913403],[34.67857,-0.971931],[34.67593,-0.973188],[34.67128,-0.971428],[34.666126,-0.971931],[34.661224,-0.970799],[34.650539,-0.965269],[34.647396,-0.965897],[34.644253,-0.967531],[34.641964,-0.96826],[34.590328,-1.017685],[34.593849,-1.04094],[34.59473,-1.045465],[34.596741,-1.050619],[34.599129,-1.054641],[34.605289,-1.061177],[34.611786,-1.067637],[34.616566,-1.072026],[34.616943,-1.073257],[34.615353,-1.075852],[34.614044,-1.080485],[34.613708,-1.083929],[34.61396,-1.085689],[34.615345,-1.089083],[34.617619,-1.092296],[34.61861,-1.094739],[34.620754,-1.102162],[34.620754,-1.108101],[34.621616,-1.110543],[34.628109,-1.118685],[34.628704,-1.120625],[34.629017,-1.126157],[34.631939,-1.134993],[34.63237,-1.139472],[34.633087,-1.143543],[34.634525,-1.147853],[34.63438,-1.150966],[34.632359,-1.15381],[34.631748,-1.156019],[34.631809,-1.158594],[34.633614,-1.160617],[34.634861,-1.161096],[34.637589,-1.161019],[34.639603,-1.161862],[34.643002,-1.16474],[34.644531,-1.167439],[34.647747,-1.169339],[34.650536,-1.172442],[34.654346,-1.174176],[34.653557,-1.178243],[34.652969,-1.1832],[34.653786,-1.184788],[34.660194,-1.186725],[34.662323,-1.188285],[34.665035,-1.192327],[34.667408,-1.19416],[34.670612,-1.195821],[34.671429,-1.196831],[34.671585,-1.202595],[34.671932,-1.20568],[34.672546,-1.207286],[34.674229,-1.208773],[34.676815,-1.209792],[34.68079,-1.210536],[34.685104,-1.208351],[34.686428,-1.208204],[34.688625,-1.210555],[34.730568,-1.38903],[35.016617,-1.550205],[36.000206,-2.104406],[36.000206,-2.083073],[36.028172,-2.082952],[36.028172,-2.039697],[36.030113,-2.037693],[36.030922,-2.035923],[36.029686,-2.031809],[36.030167,-2.028217],[36.030346,-2.022088],[36.033386,-2.015298],[36.037277,-2.008102],[36.037682,-2.006184],[36.035549,-2.002474],[36.036381,-1.996761],[36.035774,-1.992849],[36.037083,-1.991225],[36.037895,-1.985483],[36.038639,-1.981859],[36.039665,-1.979173],[36.040104,-1.975062],[36.039204,-1.973641],[36.037678,-1.973681],[36.037563,-1.971232],[36.039707,-1.969302],[36.041615,-1.960231],[36.041485,-1.958057],[36.039787,-1.952585],[36.037922,-1.949085],[36.040699,-1.947142],[36.042446,-1.942665],[36.043098,-1.939389],[36.042969,-1.937099],[36.041729,-1.933331],[36.040012,-1.931067],[36.037506,-1.929336],[36.037239,-1.928007],[36.037907,-1.924544],[36.038181,-1.920621],[36.037449,-1.919778],[36.03458,-1.918985],[36.034157,-1.915788],[36.03701,-1.913053],[36.042107,-1.91171],[36.043434,-1.910815],[36.043896,-1.908086],[36.04295,-1.906958],[36.040264,-1.907414],[36.03862,-1.906497],[36.03426,-1.902436],[36.031277,-1.898642],[36.028111,-1.894026],[36.026966,-1.891045],[36.028065,-1.888696],[36.031742,-1.888153],[36.033272,-1.888477],[36.034573,-1.891164],[36.036137,-1.891457],[36.03767,-1.890135],[36.038372,-1.884025],[36.037273,-1.880219],[36.037853,-1.877611],[36.039024,-1.876353],[36.04055,-1.876662],[36.042316,-1.878069],[36.044491,-1.877941],[36.045696,-1.875102],[36.046837,-1.873571],[36.04781,-1.869669],[36.048145,-1.862412],[36.048553,-1.860617],[36.050129,-1.858178],[36.05019,-1.855551],[36.048283,-1.849384],[36.048149,-1.846852],[36.049099,-1.843433],[36.048603,-1.841373],[36.042885,-1.835614],[36.042374,-1.83359],[36.044041,-1.8324],[36.04427,-1.830774],[36.040882,-1.829161],[36.040173,-1.827036],[36.041355,-1.82541],[36.039402,-1.821075],[36.037632,-1.820872],[36.032097,-1.824885],[36.029495,-1.82539],[36.028931,-1.823546],[36.030499,-1.82083],[36.030499,-1.819352],[36.029167,-1.812759],[36.029404,-1.809894],[36.0275,-1.809299],[36.024071,-1.806393],[36.020607,-1.806794],[36.0187,-1.807832],[36.016994,-1.807106],[36.01638,-1.804044],[36.017132,-1.803005],[36.02005,-1.800789],[36.021786,-1.798895],[36.023945,-1.798254],[36.026749,-1.795964],[36.026321,-1.794843],[36.023399,-1.793911],[36.022991,-1.792166],[36.024796,-1.790987],[36.028645,-1.789767],[36.029949,-1.788687],[36.031334,-1.786186],[36.032104,-1.781706],[36.031292,-1.78012],[36.025368,-1.779335],[36.022572,-1.777507],[36.021591,-1.776328],[36.022297,-1.774708],[36.025364,-1.77405],[36.026844,-1.772986],[36.031906,-1.767923],[36.032013,-1.764696],[36.031364,-1.762127],[36.03228,-1.760528],[36.034031,-1.761365],[36.035133,-1.756835],[36.033699,-1.754636],[36.034115,-1.75338],[36.03566,-1.752233],[36.036175,-1.749706],[36.0354,-1.745128],[36.035915,-1.743395],[36.037125,-1.74232],[36.039768,-1.741882],[36.041683,-1.73995],[36.042122,-1.737228],[36.040882,-1.734544],[36.041054,-1.732507],[36.043598,-1.7324],[36.046299,-1.734801],[36.047791,-1.734151],[36.048298,-1.732098],[36.049732,-1.729604],[36.048023,-1.724588],[36.047997,-1.720775],[36.046852,-1.718849],[36.044601,-1.718234],[36.042976,-1.715699],[36.040066,-1.714442],[36.038506,-1.71311],[36.037983,-1.710777],[36.039055,-1.709512],[36.041649,-1.709546],[36.044388,-1.710917],[36.045422,-1.71015],[36.046494,-1.706699],[36.047821,-1.705638],[36.053486,-1.709341],[36.055511,-1.711534],[36.056744,-1.710909],[36.055931,-1.708089],[36.05759,-1.706264],[36.057446,-1.703723],[36.058147,-1.702278],[36.060123,-1.700837],[36.064415,-1.699201],[36.064507,-1.697082],[36.063183,-1.694211],[36.06171,-1.689903],[36.061012,-1.689172],[36.058117,-1.68816],[36.057648,-1.686968],[36.057411,-1.683227],[36.05566,-1.68118],[36.055607,-1.679312],[36.058262,-1.675509],[36.058243,-1.672564],[36.055119,-1.669538],[36.054714,-1.667754],[36.052799,-1.666849],[36.051556,-1.664523],[36.052307,-1.660807],[36.050671,-1.657838],[36.049797,-1.65492],[36.047874,-1.654599],[36.047333,-1.653654],[36.047256,-1.649946],[36.048424,-1.6484],[36.051254,-1.647964],[36.052273,-1.646583],[36.051327,-1.643591],[36.052776,-1.636057],[36.055676,-1.63273],[36.056282,-1.631004],[36.057892,-1.623171],[36.056007,-1.620943],[36.055817,-1.618252],[36.060776,-1.61785],[36.063343,-1.61686],[36.063774,-1.615442],[36.062439,-1.611102],[36.06324,-1.609998],[36.065525,-1.609827],[36.067245,-1.607342],[36.068542,-1.603745],[36.068741,-1.600651],[36.070835,-1.595759],[36.07214,-1.59396],[36.074158,-1.592304],[36.075089,-1.592552],[36.077145,-1.595369],[36.078384,-1.59514],[36.079029,-1.593675],[36.079212,-1.588164],[36.079876,-1.585651],[36.081249,-1.582929],[36.083252,-1.58079],[36.084438,-1.578161],[36.085262,-1.573545],[36.084587,-1.564246],[36.084133,-1.561942],[36.082848,-1.558944],[36.080944,-1.555936],[36.077374,-1.549169],[36.073444,-1.542345],[36.071358,-1.535045],[36.069775,-1.531564],[36.06834,-1.526888],[36.065399,-1.520939],[36.064087,-1.51679],[36.060345,-1.510194],[36.059441,-1.507367],[36.059158,-1.504588],[36.059498,-1.501618],[36.059101,-1.500495],[36.052032,-1.490887],[36.346176,-1.175681],[36.333923,-1.049367],[36.262524,-0.91319],[36.203495,-0.933484],[36.193188,-0.915627],[36.184605,-0.915495],[36.184227,-0.912612],[36.188938,-0.908291],[36.16877,-0.872308],[36.157063,-0.836989],[36.187107,-0.804685],[36.189846,-0.7853],[36.181786,-0.778905],[36.19178,-0.766375],[36.190231,-0.763506],[36.18779,-0.764824],[36.183834,-0.761521],[36.182869,-0.758909],[36.180756,-0.758709],[36.178635,-0.757079],[36.174774,-0.754813],[36.172318,-0.754503],[36.169689,-0.752419],[36.169823,-0.750242],[36.166931,-0.746375],[36.164719,-0.746557],[36.16246,-0.745146],[36.161114,-0.745137],[36.158798,-0.741467],[36.158863,-0.73719],[36.158165,-0.73252],[36.156754,-0.730145],[36.153923,-0.72776],[36.151344,-0.719249],[36.152802,-0.718238],[36.153431,-0.715581],[36.153004,-0.714522],[36.149452,-0.713988],[36.147213,-0.712276],[36.145153,-0.711678],[36.141857,-0.712118],[36.100258,-0.675938],[36.097485,-0.639592],[36.062038,-0.656901],[36.028622,-0.678866],[36.021065,-0.670557],[36.016438,-0.668275],[36.011097,-0.663475],[35.945877,-0.714307],[35.928833,-0.705564],[35.929405,-0.696556],[35.891285,-0.649626],[35.876114,-0.650485],[35.878307,-0.64684],[35.878811,-0.642514],[35.87558,-0.637092],[35.914822,-0.635194],[35.949322,-0.665667],[35.981434,-0.630345],[35.951195,-0.570519],[35.949284,-0.568507],[35.947697,-0.567585],[35.946896,-0.565738],[35.946018,-0.558375],[35.943489,-0.555202],[35.937828,-0.556257],[35.935123,-0.556398],[35.933117,-0.554183],[35.931606,-0.551125],[35.910381,-0.549713],[35.903049,-0.547387],[35.888145,-0.526906],[35.83033,-0.494507],[35.838074,-0.472567],[35.835152,-0.466582],[35.83028,-0.466687],[35.827927,-0.472526],[35.813709,-0.476579],[35.812786,-0.475697],[35.814445,-0.466015],[35.81073,-0.457531],[35.799236,-0.456004],[35.79538,-0.459366],[35.793892,-0.464753],[35.79277,-0.467228],[35.794617,-0.471511],[35.774464,-0.521151],[35.771175,-0.536852],[35.73843,-0.530818],[35.737152,-0.531122],[35.734222,-0.533692],[35.7323,-0.534378],[35.730415,-0.53689],[35.729252,-0.537614],[35.72773,-0.540545],[35.72578,-0.54261],[35.724712,-0.545371],[35.722752,-0.547769],[35.717583,-0.551224],[35.715416,-0.553585],[35.711597,-0.553956],[35.70916,-0.553518],[35.708458,-0.555555],[35.709694,-0.556982],[35.709274,-0.559076],[35.710579,-0.561503],[35.709686,-0.563807],[35.709808,-0.569527],[35.710514,-0.571564],[35.709389,-0.5748],[35.709515,-0.577037],[35.708332,-0.58111],[35.706791,-0.582919],[35.70623,-0.585117],[35.703793,-0.586431],[35.702965,-0.589562],[35.701385,-0.591275],[35.700054,-0.591504],[35.699139,-0.593331],[35.697395,-0.593893],[35.695133,-0.596957],[35.693047,-0.597405],[35.691257,-0.599613],[35.690495,-0.601688],[35.690048,-0.605276],[35.688831,-0.60697],[35.688004,-0.613242],[35.686966,-0.61586],[35.686813,-0.618258],[35.684464,-0.621352],[35.683083,-0.624559],[35.683388,-0.626329],[35.684528,-0.627605],[35.684433,-0.632078],[35.683777,-0.634296],[35.684158,-0.640159],[35.68158,-0.643804],[35.68018,-0.647792],[35.680447,-0.651295],[35.67997,-0.652494],[35.678352,-0.652684],[35.676132,-0.655416],[35.676003,-0.658728],[35.675392,-0.659509],[35.672955,-0.658785],[35.670994,-0.659661],[35.669556,-0.662107],[35.668053,-0.663478],[35.666901,-0.667199],[35.665493,-0.668684],[35.665359,-0.671273],[35.66457,-0.67408],[35.662991,-0.676041],[35.663513,-0.679801],[35.663216,-0.680787],[35.659096,-0.682104],[35.652164,-0.686033],[35.650761,-0.689502],[35.649757,-0.694563],[35.648842,-0.69625],[35.646915,-0.696857],[35.645802,-0.699355],[35.646034,-0.701195],[35.645069,-0.702586],[35.642136,-0.702227],[35.62672,-0.68418],[35.610767,-0.673878],[35.6008,-0.671552],[35.586853,-0.588442],[35.586651,-0.588108]]]},"properties":{"code":205}},{"type":"Feature","geometry":{"type":"Polygon","coordinates":[[[34.637665,-0.665132],[34.636585,-0.670126],[34.644005,-0.705196],[34.631306,-0.729833],[34.628601,-0.7531],[34.618484,-0.900785],[34.632725,-0.96554],[34.635708,-0.965646],[34.637718,-0.966526],[34.640106,-0.966903],[34.641964,-0.96826],[34.644253,-0.967531],[34.647396,-0.965897],[34.650539,-0.965269],[34.661224,-0.970799],[34.666126,-0.971931],[34.67128,-0.971428],[34.67593,-0.973188],[34.67857,-0.971931],[34.915867,-0.913403],[35.012959,-0.889457],[34.950714,-0.78338],[34.948151,-0.779256],[34.947517,-0.778984],[34.943886,-0.773116],[34.939106,-0.77109],[34.933876,-0.765827],[34.928974,-0.76616],[34.927402,-0.765646],[34.925892,-0.763196],[34.923378,-0.76123],[34.919537,-0.760383],[34.91721,-0.759217],[34.913067,-0.759052],[34.91098,-0.760231],[34.908287,-0.760715],[34.906078,-0.759415],[34.905323,-0.755634],[34.902721,-0.752065],[34.896492,-0.746197],[34.895058,-0.745428],[34.892921,-0.747588],[34.889019,-0.747407],[34.886509,-0.746288],[34.884907,-0.743203],[34.880642,-0.741872],[34.8778,-0.739694],[34.875484,-0.736335],[34.869247,-0.734036],[34.861149,-0.729616],[34.856449,-0.72726],[34.853321,-0.725184],[34.846119,-0.719573],[34.840359,-0.714354],[34.837421,-0.709689],[34.836281,-0.708366],[34.833527,-0.707007],[34.832405,-0.707184],[34.827835,-0.704244],[34.82386,-0.70413],[34.822441,-0.695314],[34.820606,-0.691645],[34.815559,-0.689658],[34.812962,-0.687518],[34.809296,-0.685989],[34.807613,-0.685683],[34.802109,-0.687365],[34.794468,-0.688588],[34.793781,-0.684195],[34.788712,-0.675232],[34.786175,-0.673689],[34.790031,-0.673248],[34.790878,-0.67266],[34.792774,-0.667502],[34.795433,-0.666967],[34.798153,-0.665644],[34.799622,-0.665461],[34.802818,-0.667591],[34.804138,-0.667812],[34.808475,-0.666599],[34.811047,-0.668142],[34.810467,-0.659768],[34.809837,-0.655834],[34.809681,-0.651743],[34.811096,-0.646786],[34.81385,-0.643009],[34.814243,-0.641829],[34.81432,-0.637895],[34.815109,-0.633725],[34.815895,-0.631679],[34.819592,-0.625306],[34.821167,-0.623654],[34.825809,-0.621765],[34.830215,-0.617517],[34.831711,-0.61555],[34.83297,-0.612717],[34.834217,-0.605509],[34.835873,-0.603069],[34.840477,-0.601826],[34.845264,-0.595932],[34.848904,-0.595196],[34.851135,-0.595901],[34.854519,-0.600542],[34.856369,-0.603538],[34.8606,-0.607489],[34.862118,-0.612738],[34.870544,-0.619967],[34.871647,-0.619552],[34.87022,-0.616513],[34.869854,-0.614395],[34.870403,-0.613152],[34.874226,-0.611587],[34.875515,-0.613106],[34.874779,-0.616237],[34.880211,-0.620059],[34.882099,-0.618631],[34.884403,-0.618355],[34.886658,-0.615178],[34.887211,-0.613152],[34.887672,-0.607949],[34.889511,-0.604404],[34.889927,-0.600721],[34.88316,-0.593078],[34.878304,-0.590421],[34.881271,-0.585388],[34.872337,-0.57443],[34.873734,-0.570587],[34.875065,-0.565071],[34.877331,-0.562262],[34.877522,-0.559916],[34.8783,-0.558059],[34.87862,-0.55137],[34.880398,-0.549139],[34.880535,-0.547638],[34.88192,-0.545585],[34.883873,-0.540097],[34.883282,-0.537511],[34.884171,-0.532279],[34.883202,-0.528469],[34.883537,-0.527521],[34.882828,-0.523869],[34.881859,-0.523356],[34.880043,-0.519585],[34.878601,-0.518618],[34.875622,-0.514571],[34.873619,-0.513174],[34.87331,-0.511985],[34.871284,-0.508794],[34.86676,-0.504602],[34.865093,-0.505039],[34.862064,-0.501332],[34.854046,-0.506717],[34.849144,-0.510865],[34.802132,-0.526829],[34.767189,-0.54405],[34.751476,-0.557625],[34.704338,-0.574469],[34.68586,-0.600237],[34.662228,-0.60426],[34.644505,-0.633548],[34.637665,-0.665132]]]},"properties":{"code":402}},{"type":"Feature","geometry":{"type":"Polygon","coordinates":[[[36.720039,-0.806371],[36.722847,-0.808407],[36.724831,-0.810718],[36.729862,-0.811213],[36.73201,-0.812533],[36.738529,-0.818145],[36.741169,-0.820869],[36.743481,-0.824418],[36.744637,-0.828049],[36.745876,-0.829947],[36.747692,-0.831515],[36.750168,-0.832506],[36.754707,-0.832588],[36.757675,-0.833083],[36.760151,-0.832423],[36.769478,-0.832258],[36.774059,-0.833991],[36.778267,-0.837788],[36.779835,-0.840181],[36.782394,-0.839603],[36.783798,-0.841832],[36.787262,-0.844638],[36.790565,-0.844885],[36.792877,-0.846041],[36.795845,-0.849177],[36.800304,-0.851323],[36.802986,-0.853468],[36.805626,-0.856687],[36.807606,-0.855697],[36.809505,-0.856439],[36.809422,-0.858668],[36.814209,-0.860236],[36.815777,-0.861391],[36.818584,-0.862134],[36.821636,-0.864115],[36.823784,-0.86395],[36.825764,-0.869067],[36.829807,-0.870635],[36.831169,-0.873276],[36.834141,-0.873606],[36.835133,-0.875256],[36.83744,-0.877485],[36.839672,-0.87798],[36.84132,-0.876742],[36.842888,-0.878888],[36.844952,-0.87963],[36.847347,-0.881941],[36.850315,-0.882436],[36.851887,-0.882024],[36.854195,-0.882602],[36.85601,-0.881941],[36.857662,-0.882602],[36.859806,-0.885243],[36.859066,-0.887141],[36.863976,-0.890442],[36.866203,-0.890277],[36.867691,-0.889369],[36.869587,-0.890029],[36.870659,-0.892258],[36.872723,-0.89135],[36.875694,-0.892505],[36.878334,-0.894568],[36.878914,-0.897292],[36.88015,-0.898282],[36.883949,-0.895641],[36.885517,-0.895889],[36.887413,-0.89787],[36.887993,-0.899355],[36.887165,-0.902491],[36.889149,-0.906205],[36.891129,-0.908764],[36.891663,-0.910909],[36.89315,-0.91157],[36.895462,-0.910909],[36.896946,-0.91124],[36.900002,-0.913385],[36.903385,-0.913633],[36.905941,-0.912973],[36.907097,-0.913963],[36.906189,-0.916439],[36.906933,-0.91842],[36.909245,-0.920565],[36.909325,-0.923041],[36.911308,-0.9256],[36.911308,-0.927746],[36.913204,-0.928076],[36.913864,-0.929644],[36.917084,-0.930139],[36.919312,-0.93212],[36.920837,-0.934596],[36.922405,-0.935669],[36.924469,-0.935008],[36.927361,-0.935916],[36.930412,-0.939712],[36.93256,-0.941528],[36.93718,-0.943261],[36.939407,-0.944829],[36.941719,-0.945655],[36.943203,-0.949038],[36.944855,-0.950524],[36.946835,-0.950772],[36.949066,-0.952009],[36.949684,-0.95465],[36.951828,-0.955641],[36.954388,-0.955806],[36.954964,-0.957869],[36.95612,-0.958942],[36.955956,-0.9615],[36.956532,-0.962491],[36.960991,-0.966865],[36.962807,-0.971239],[36.964622,-0.973467],[36.967838,-0.973963],[36.972958,-0.975448],[36.977993,-0.976108],[36.980755,-0.978254],[36.982243,-0.980895],[36.985214,-0.982793],[36.989998,-0.988735],[36.992558,-0.990964],[36.995529,-0.991376],[36.999489,-0.995338],[37.00312,-0.996576],[37.00729,-1.000455],[37.009022,-1.003261],[37.014221,-1.00714],[37.016121,-1.009946],[37.019421,-1.009781],[37.021816,-1.011349],[37.023384,-1.013412],[37.024208,-1.015888],[37.027676,-1.018199],[37.031345,-1.026782],[37.032253,-1.028102],[37.036301,-1.030826],[37.038692,-1.031651],[37.042488,-1.031239],[37.0448,-1.033219],[37.047604,-1.033137],[37.050327,-1.033714],[37.051731,-1.033467],[37.054703,-1.031651],[37.058582,-1.032064],[37.061596,-1.030413],[37.065804,-1.026039],[37.067207,-1.025296],[37.071251,-1.025957],[37.074551,-1.027525],[37.077854,-1.030166],[37.08107,-1.030661],[37.085899,-1.033714],[37.090275,-1.033632],[37.093491,-1.034705],[37.096546,-1.03652],[37.098858,-1.03619],[37.100506,-1.03454],[37.106201,-1.035778],[37.108181,-1.038171],[37.110165,-1.039492],[37.110825,-1.041472],[37.112144,-1.041885],[37.115322,-1.041225],[37.11755,-1.044278],[37.119778,-1.048983],[37.120686,-1.051541],[37.122337,-1.053192],[37.124481,-1.053274],[37.125885,-1.050963],[37.128941,-1.050303],[37.130836,-1.04857],[37.134716,-1.049478],[37.135788,-1.050881],[37.138432,-1.050963],[37.142227,-1.049725],[37.148293,-1.051624],[37.15242,-1.053852],[37.154812,-1.053192],[37.15506,-1.050716],[37.156876,-1.050551],[37.158775,-1.052366],[37.159683,-1.050138],[37.161663,-1.049065],[37.164303,-1.049313],[37.165955,-1.047497],[37.169586,-1.045434],[37.173836,-1.044443],[37.174908,-1.042628],[37.175735,-1.038336],[37.174828,-1.035778],[37.177135,-1.03454],[37.179943,-1.035943],[37.183163,-1.038831],[37.186378,-1.039492],[37.18803,-1.040317],[37.190754,-1.042545],[37.192734,-1.042875],[37.194798,-1.04139],[37.199009,-1.040152],[37.200905,-1.037758],[37.20396,-1.035613],[37.20697,-1.035365],[37.209862,-1.03421],[37.213985,-1.03454],[37.216297,-1.029258],[37.217453,-1.028432],[37.220505,-1.027525],[37.224632,-1.027112],[37.225788,-1.024884],[37.22752,-1.022986],[37.230824,-1.018529],[37.232391,-1.018611],[37.233215,-1.021005],[37.238869,-1.024306],[37.242336,-1.025214],[37.243904,-1.025214],[37.246048,-1.024058],[37.251907,-1.019107],[37.254055,-1.019107],[37.255787,-1.017951],[37.258759,-1.018199],[37.263256,-1.016961],[37.265236,-1.017704],[37.267796,-1.021582],[37.268127,-1.023976],[37.271759,-1.025709],[37.273655,-1.028185],[37.27803,-1.032477],[37.280094,-1.036355],[37.281498,-1.037841],[37.284386,-1.039739],[37.285416,-1.04238],[37.288471,-1.044031],[37.289707,-1.046259],[37.291855,-1.047415],[37.294991,-1.049808],[37.296474,-1.051954],[37.298458,-1.053027],[37.299118,-1.054099],[37.302086,-1.056493],[37.304276,-1.059877],[37.306503,-1.061197],[37.309887,-1.066149],[37.311951,-1.066396],[37.313599,-1.064498],[37.31517,-1.064498],[37.315582,-1.065984],[37.318058,-1.066479],[37.318634,-1.068625],[37.321358,-1.070606],[37.322018,-1.073164],[37.324493,-1.077208],[37.325649,-1.077951],[37.328537,-1.077208],[37.330601,-1.077951],[37.331715,-1.079684],[37.334934,-1.081995],[37.335514,-1.080592],[37.339722,-1.080262],[37.34063,-1.082325],[37.342693,-1.083398],[37.347561,-1.090825],[37.349049,-1.091981],[37.352844,-1.092394],[37.356972,-1.091073],[37.358788,-1.091898],[37.360603,-1.093714],[37.36282,-1.094737],[37.38945,-1.057295],[37.42004,-1.035059],[37.405174,-1.013683],[37.382324,-0.999433],[37.361198,-0.987511],[37.338642,-0.984691],[37.337074,-0.977485],[37.343967,-0.976232],[37.366211,-0.962448],[37.353992,-0.945844],[37.336647,-0.964892],[37.336136,-0.961821],[37.334255,-0.958689],[37.333004,-0.957435],[37.327679,-0.954303],[37.327049,-0.953049],[37.32893,-0.95023],[37.32893,-0.948664],[37.327679,-0.947097],[37.327461,-0.94424],[37.319218,-0.94741],[37.313267,-0.940205],[37.32423,-0.932373],[37.31953,-0.927047],[37.318592,-0.925167],[37.317654,-0.920468],[37.317638,-0.917927],[37.277237,-0.892273],[37.251549,-0.860318],[37.237766,-0.858438],[37.224922,-0.851546],[37.234947,-0.835882],[37.257187,-0.838075],[37.262516,-0.807686],[37.262516,-0.80424],[37.261887,-0.796095],[37.261932,-0.7928],[37.262371,-0.791804],[37.266617,-0.786811],[37.267288,-0.785334],[37.265888,-0.784706],[37.262314,-0.781408],[37.261288,-0.779609],[37.261593,-0.776553],[37.260975,-0.774308],[37.261112,-0.769931],[37.259663,-0.767425],[37.258472,-0.762478],[37.255581,-0.757779],[37.255608,-0.753696],[37.256687,-0.752368],[37.258808,-0.752577],[37.259762,-0.751282],[37.261456,-0.751511],[37.26376,-0.753827],[37.266457,-0.754115],[37.267738,-0.755057],[37.269768,-0.75439],[37.269005,-0.75267],[37.267258,-0.751045],[37.263863,-0.748955],[37.2616,-0.746754],[37.26273,-0.744608],[37.264893,-0.744527],[37.264099,-0.742828],[37.259903,-0.738555],[37.257549,-0.735709],[37.256565,-0.733929],[37.256111,-0.73164],[37.256268,-0.72769],[37.254234,-0.726177],[37.2514,-0.726171],[37.24931,-0.723684],[37.249916,-0.720893],[37.251057,-0.720422],[37.252998,-0.721234],[37.253738,-0.719392],[37.251343,-0.716726],[37.248985,-0.713315],[37.24815,-0.710282],[37.249161,-0.708329],[37.247803,-0.70707],[37.245296,-0.708062],[37.243771,-0.70738],[37.243305,-0.704819],[37.242172,-0.702716],[37.242306,-0.701563],[37.243927,-0.699746],[37.244297,-0.69822],[37.242085,-0.695287],[37.24147,-0.693606],[37.243561,-0.692149],[37.243641,-0.691175],[37.240578,-0.689042],[37.240322,-0.686443],[37.239338,-0.684825],[37.238564,-0.680192],[37.236645,-0.67799],[37.23608,-0.675714],[37.236832,-0.672595],[37.236267,-0.669773],[37.237259,-0.668161],[37.236191,-0.667119],[37.232849,-0.667671],[37.228653,-0.671919],[37.226486,-0.672533],[37.222599,-0.675975],[37.216228,-0.683547],[37.214222,-0.687553],[37.212025,-0.688285],[37.210663,-0.683799],[37.209766,-0.682152],[37.205769,-0.678179],[37.204197,-0.676023],[37.203323,-0.672559],[37.199715,-0.663847],[37.196945,-0.663663],[37.195148,-0.664808],[37.187401,-0.666383],[37.183617,-0.66624],[37.180443,-0.667377],[37.179062,-0.666725],[37.180119,-0.663711],[37.178944,-0.658606],[37.176952,-0.656857],[37.176628,-0.653588],[37.173878,-0.650694],[37.172375,-0.649637],[37.170448,-0.649923],[37.16943,-0.649016],[37.171825,-0.643951],[37.172039,-0.642257],[37.169384,-0.638949],[37.169117,-0.635625],[37.166016,-0.635494],[37.163891,-0.63669],[37.158943,-0.637184],[37.15403,-0.635848],[37.154026,-0.637476],[37.152679,-0.640511],[37.150661,-0.640879],[37.147926,-0.639226],[37.145569,-0.638605],[37.143822,-0.638722],[37.140697,-0.638077],[37.138367,-0.638336],[37.135208,-0.640217],[37.132927,-0.64067],[37.129883,-0.64059],[37.126701,-0.642859],[37.122597,-0.643567],[37.118919,-0.643163],[37.114025,-0.641572],[37.10902,-0.641047],[37.107483,-0.640057],[37.10223,-0.638212],[37.100403,-0.636585],[37.100296,-0.633387],[37.101612,-0.629942],[37.097828,-0.627021],[37.096142,-0.627107],[37.094051,-0.625301],[37.087254,-0.622918],[37.085548,-0.623319],[37.082371,-0.620138],[37.079346,-0.619138],[37.077621,-0.615676],[37.075352,-0.615828],[37.06826,-0.611419],[37.065514,-0.610416],[37.063305,-0.611905],[37.058926,-0.610201],[37.05788,-0.606896],[37.056305,-0.604471],[37.055515,-0.602191],[37.051807,-0.599211],[37.049366,-0.595691],[37.048092,-0.594737],[37.044094,-0.594592],[37.041183,-0.593191],[37.037613,-0.592254],[37.033653,-0.590757],[37.03117,-0.591644],[37.028645,-0.590808],[37.026588,-0.591554],[37.021435,-0.589262],[37.017513,-0.586833],[37.015114,-0.584661],[37.013111,-0.585325],[37.006878,-0.585088],[37.005573,-0.585615],[37.001759,-0.584054],[36.998829,-0.584488],[36.995079,-0.583717],[36.991943,-0.580388],[36.99107,-0.578648],[36.989136,-0.576968],[36.986523,-0.576005],[36.984543,-0.57663],[36.981754,-0.57928],[36.976768,-0.579592],[36.970913,-0.582493],[36.966549,-0.586576],[36.955921,-0.588784],[36.952442,-0.592163],[36.950352,-0.593759],[36.947865,-0.594683],[36.942848,-0.59597],[36.941288,-0.59723],[36.938629,-0.597514],[36.935146,-0.598537],[36.933903,-0.599429],[36.931046,-0.600265],[36.929962,-0.601696],[36.928116,-0.601879],[36.924805,-0.603836],[36.921318,-0.604412],[36.92128,-0.609327],[36.918591,-0.609031],[36.912689,-0.609602],[36.906796,-0.60944],[36.904305,-0.610087],[36.901466,-0.609098],[36.898411,-0.609316],[36.893547,-0.608812],[36.891624,-0.609079],[36.88879,-0.610221],[36.886703,-0.609659],[36.884136,-0.611144],[36.882725,-0.610934],[36.880634,-0.608593],[36.877808,-0.608051],[36.875732,-0.60708],[36.869717,-0.60649],[36.866062,-0.605881],[36.860077,-0.60812],[36.85815,-0.606142],[36.844456,-0.593736],[36.837925,-0.595506],[36.820824,-0.58478],[36.820442,-0.582457],[36.810799,-0.580278],[36.809425,-0.579339],[36.807961,-0.572988],[36.803326,-0.570294],[36.800377,-0.570066],[36.79694,-0.571198],[36.789623,-0.571056],[36.786804,-0.570542],[36.785053,-0.569133],[36.780743,-0.566896],[36.777897,-0.56643],[36.773022,-0.567629],[36.769341,-0.567696],[36.766579,-0.567125],[36.763809,-0.567781],[36.7589,-0.567934],[36.755711,-0.567448],[36.752796,-0.568229],[36.748314,-0.571208],[36.74501,-0.571427],[36.74284,-0.569942],[36.737949,-0.57038],[36.73381,-0.566658],[36.721111,-0.571665],[36.718246,-0.576109],[36.71582,-0.578156],[36.713306,-0.579317],[36.710167,-0.58419],[36.706825,-0.586579],[36.704666,-0.590205],[36.705788,-0.591804],[36.706085,-0.596954],[36.705486,-0.601195],[36.707005,-0.60329],[36.708447,-0.608005],[36.707172,-0.61377],[36.707672,-0.620386],[36.707275,-0.623624],[36.705837,-0.626504],[36.704105,-0.628668],[36.701691,-0.649161],[36.702297,-0.655514],[36.705017,-0.667314],[36.703472,-0.691918],[36.70359,-0.699268],[36.70623,-0.709369],[36.710007,-0.715766],[36.711052,-0.719825],[36.711628,-0.725337],[36.712547,-0.731309],[36.714462,-0.735525],[36.714844,-0.737511],[36.714268,-0.746928],[36.7145,-0.750832],[36.715416,-0.754737],[36.718105,-0.762523],[36.732635,-0.779427],[36.731682,-0.780636],[36.727756,-0.78015],[36.72216,-0.781661],[36.718353,-0.779647],[36.717655,-0.780123],[36.721832,-0.787704],[36.721828,-0.790289],[36.71925,-0.798876],[36.720039,-0.806371]]]},"properties":{"code":102}},{"type":"Feature","geometry":{"type":"Polygon","coordinates":[[[33.928242,-0.802415],[33.935066,-1.001097],[34.010185,-1.001499],[34.016918,-1.002415],[34.019432,-1.003494],[34.02327,-1.006849],[34.025784,-1.010684],[34.027462,-1.016556],[34.027584,-1.020271],[34.027222,-1.024945],[34.027462,-1.031296],[34.02866,-1.035491],[34.031536,-1.040763],[34.033813,-1.04328],[34.036209,-1.044718],[34.038849,-1.045557],[34.041843,-1.045797],[34.04496,-1.045197],[34.048092,-1.043821],[34.05143,-1.041842],[34.057659,-1.037197],[34.067596,-1.028364],[34.072041,-1.024705],[34.076237,-1.022788],[34.078392,-1.022788],[34.084026,-1.025065],[34.093727,-1.030204],[34.374863,-1.18861],[34.730568,-1.38903],[34.688625,-1.210555],[34.686428,-1.208204],[34.685104,-1.208351],[34.68079,-1.210536],[34.676815,-1.209792],[34.674229,-1.208773],[34.672546,-1.207286],[34.671932,-1.20568],[34.671585,-1.202595],[34.671429,-1.196831],[34.670612,-1.195821],[34.667408,-1.19416],[34.665035,-1.192327],[34.662323,-1.188285],[34.660194,-1.186725],[34.653786,-1.184788],[34.652969,-1.1832],[34.653557,-1.178243],[34.654346,-1.174176],[34.650536,-1.172442],[34.647747,-1.169339],[34.644531,-1.167439],[34.643002,-1.16474],[34.639603,-1.161862],[34.637589,-1.161019],[34.634861,-1.161096],[34.633614,-1.160617],[34.631809,-1.158594],[34.631748,-1.156019],[34.632359,-1.15381],[34.63438,-1.150966],[34.634525,-1.147853],[34.633087,-1.143543],[34.63237,-1.139472],[34.631939,-1.134993],[34.629017,-1.126157],[34.628704,-1.120625],[34.628109,-1.118685],[34.621616,-1.110543],[34.620754,-1.108101],[34.620754,-1.102162],[34.61861,-1.094739],[34.617619,-1.092296],[34.615345,-1.089083],[34.61396,-1.085689],[34.613708,-1.083929],[34.614044,-1.080485],[34.615353,-1.075852],[34.616943,-1.073257],[34.616566,-1.072026],[34.611786,-1.067637],[34.605289,-1.061177],[34.599129,-1.054641],[34.596741,-1.050619],[34.59473,-1.045465],[34.593849,-1.04094],[34.590328,-1.017685],[34.641964,-0.96826],[34.640106,-0.966903],[34.637718,-0.966526],[34.635708,-0.965646],[34.632725,-0.96554],[34.618484,-0.900785],[34.628601,-0.7531],[34.631306,-0.729833],[34.644005,-0.705196],[34.636585,-0.670126],[34.637665,-0.665132],[34.633709,-0.663826],[34.62952,-0.661351],[34.6273,-0.658323],[34.625385,-0.657431],[34.622288,-0.657306],[34.619835,-0.656557],[34.617249,-0.654564],[34.614986,-0.653648],[34.612114,-0.65363],[34.605949,-0.651894],[34.604568,-0.651739],[34.600601,-0.65297],[34.597553,-0.653423],[34.587589,-0.653405],[34.588322,-0.662024],[34.585312,-0.65974],[34.583092,-0.660258],[34.578644,-0.662423],[34.574867,-0.663297],[34.571838,-0.663042],[34.567299,-0.665058],[34.566002,-0.666403],[34.563915,-0.667051],[34.561855,-0.665766],[34.560894,-0.66598],[34.556248,-0.670329],[34.554497,-0.676299],[34.551331,-0.681767],[34.549679,-0.685724],[34.548454,-0.690184],[34.545719,-0.689681],[34.54385,-0.695868],[34.543564,-0.698098],[34.540325,-0.704286],[34.539677,-0.706084],[34.539463,-0.711624],[34.540253,-0.715869],[34.539642,-0.724394],[34.539715,-0.725905],[34.538059,-0.730222],[34.536835,-0.737344],[34.536331,-0.741589],[34.533596,-0.747704],[34.528885,-0.754287],[34.527088,-0.757669],[34.524933,-0.760966],[34.521149,-0.759952],[34.516453,-0.759637],[34.5144,-0.760785],[34.510941,-0.760976],[34.509304,-0.761909],[34.50671,-0.762183],[34.504456,-0.764533],[34.502266,-0.764925],[34.503384,-0.766698],[34.505337,-0.766805],[34.506535,-0.769989],[34.50016,-0.773916],[34.492535,-0.782529],[34.488911,-0.783808],[34.48531,-0.784492],[34.485146,-0.787526],[34.486679,-0.792654],[34.48299,-0.793011],[34.480938,-0.793873],[34.482021,-0.795801],[34.484329,-0.796824],[34.486328,-0.796979],[34.488617,-0.798365],[34.490116,-0.798484],[34.49646,-0.805063],[34.496101,-0.807323],[34.496761,-0.80984],[34.494976,-0.812957],[34.493855,-0.813986],[34.490631,-0.815616],[34.485847,-0.8211],[34.483753,-0.823813],[34.481785,-0.825485],[34.479668,-0.826436],[34.478668,-0.828197],[34.47633,-0.830594],[34.475819,-0.832046],[34.463722,-0.861703],[34.453262,-0.85282],[34.432583,-0.837407],[34.405106,-0.82227],[34.390835,-0.814654],[34.388542,-0.815036],[34.386276,-0.816073],[34.386833,-0.818714],[34.387798,-0.819761],[34.387867,-0.822533],[34.38961,-0.823931],[34.391159,-0.82621],[34.392456,-0.826807],[34.392986,-0.830456],[34.391106,-0.829894],[34.389774,-0.830325],[34.389351,-0.832057],[34.387543,-0.835019],[34.386345,-0.838368],[34.385334,-0.83926],[34.38422,-0.842341],[34.383144,-0.843054],[34.381802,-0.846101],[34.380898,-0.84628],[34.378613,-0.844005],[34.375603,-0.84516],[34.37151,-0.845173],[34.370392,-0.848231],[34.370804,-0.849379],[34.369095,-0.851091],[34.352215,-0.852282],[34.336685,-0.854908],[34.336761,-0.860008],[34.335339,-0.861284],[34.320717,-0.865386],[34.319275,-0.865088],[34.305904,-0.849419],[34.304543,-0.847986],[34.30294,-0.844756],[34.300518,-0.843013],[34.299545,-0.841359],[34.298237,-0.837183],[34.295219,-0.83707],[34.292999,-0.834471],[34.289413,-0.831038],[34.285736,-0.828337],[34.284019,-0.826272],[34.280174,-0.826397],[34.276814,-0.825259],[34.272964,-0.820489],[34.270199,-0.818051],[34.267601,-0.816858],[34.264076,-0.814095],[34.261314,-0.813065],[34.256218,-0.81171],[34.251503,-0.81106],[34.250408,-0.810572],[34.245659,-0.805287],[34.244129,-0.802069],[34.241375,-0.799089],[34.23806,-0.794074],[34.237587,-0.792075],[34.235226,-0.790273],[34.234688,-0.78662],[34.232143,-0.781695],[34.228722,-0.779666],[34.226059,-0.778548],[34.221977,-0.773123],[34.2183,-0.770398],[34.214214,-0.768882],[34.212376,-0.767603],[34.210896,-0.762493],[34.209568,-0.759643],[34.203091,-0.753022],[34.202019,-0.750441],[34.200043,-0.753351],[34.191231,-0.765143],[34.183533,-0.762237],[34.178574,-0.760018],[34.176682,-0.768291],[34.17197,-0.771469],[34.168133,-0.772127],[34.164215,-0.772291],[34.155861,-0.766017],[34.139008,-0.778371],[34.135712,-0.77253],[34.122986,-0.78296],[34.120724,-0.782939],[34.112785,-0.778004],[34.11129,-0.780141],[34.109573,-0.781209],[34.096924,-0.782305],[34.082821,-0.799368],[34.080978,-0.802415],[33.928242,-0.802415]]]},"properties":{"code":404}},{"type":"Feature","geometry":{"type":"Polygon","coordinates":[[[37.845512,-0.809832],[37.842484,-0.809736],[37.83881,-0.808696],[37.837677,-0.810918],[37.835667,-0.812312],[37.83329,-0.811792],[37.830738,-0.808106],[37.829994,-0.805743],[37.828804,-0.804514],[37.825375,-0.804585],[37.822422,-0.80371],[37.819386,-0.803663],[37.817059,-0.805353],[37.815166,-0.806038],[37.813408,-0.807952],[37.812416,-0.811024],[37.809296,-0.813588],[37.807121,-0.813174],[37.806862,-0.811107],[37.807533,-0.808614],[37.807854,-0.804195],[37.807629,-0.801974],[37.806023,-0.799906],[37.804333,-0.800733],[37.802525,-0.805719],[37.801605,-0.807054],[37.799015,-0.808661],[37.79744,-0.811298],[37.7967,-0.814476],[37.795227,-0.81632],[37.791939,-0.817199],[37.789646,-0.819376],[37.787338,-0.820957],[37.784081,-0.820287],[37.781078,-0.823682],[37.777092,-0.822237],[37.775356,-0.820773],[37.771336,-0.818787],[37.76965,-0.819031],[37.765579,-0.821642],[37.761452,-0.821321],[37.758392,-0.821896],[37.757427,-0.820952],[37.757488,-0.818727],[37.756535,-0.815967],[37.754856,-0.81425],[37.755352,-0.811674],[37.753139,-0.807388],[37.749992,-0.802027],[37.747814,-0.791854],[37.747364,-0.786977],[37.746922,-0.785156],[37.745552,-0.782908],[37.744965,-0.780218],[37.743988,-0.778419],[37.741615,-0.776093],[37.734592,-0.77365],[37.731499,-0.773871],[37.72533,-0.778784],[37.723873,-0.779098],[37.721661,-0.7783],[37.716599,-0.7788],[37.713837,-0.778687],[37.710567,-0.779617],[37.708054,-0.779791],[37.702076,-0.782054],[37.698803,-0.783062],[37.699265,-0.786776],[37.698414,-0.788166],[37.693485,-0.789403],[37.692661,-0.790109],[37.69241,-0.793379],[37.690723,-0.794983],[37.689716,-0.795023],[37.68808,-0.792649],[37.683727,-0.792974],[37.681946,-0.794948],[37.681572,-0.800023],[37.682407,-0.805832],[37.682289,-0.807689],[37.680893,-0.812215],[37.680328,-0.816229],[37.681694,-0.820023],[37.681519,-0.821253],[37.678265,-0.822891],[37.675774,-0.823506],[37.67205,-0.827301],[37.671074,-0.830811],[37.671303,-0.835569],[37.668362,-0.838585],[37.666756,-0.839383],[37.665913,-0.84087],[37.66576,-0.843871],[37.664642,-0.844387],[37.661648,-0.844531],[37.659428,-0.845647],[37.657547,-0.845483],[37.652431,-0.842303],[37.650242,-0.84241],[37.647293,-0.840453],[37.645885,-0.840662],[37.641724,-0.843588],[37.639988,-0.842993],[37.638,-0.840394],[37.636951,-0.83789],[37.635971,-0.836901],[37.631622,-0.836652],[37.629303,-0.838113],[37.629173,-0.841072],[37.628399,-0.842726],[37.628731,-0.846896],[37.627449,-0.849912],[37.625259,-0.85034],[37.621307,-0.849382],[37.618275,-0.849846],[37.616669,-0.852779],[37.613052,-0.852832],[37.61158,-0.853249],[37.608791,-0.852743],[37.606506,-0.852977],[37.604748,-0.854569],[37.603916,-0.859061],[37.602673,-0.860413],[37.601082,-0.860484],[37.599083,-0.859007],[37.597668,-0.858794],[37.592731,-0.85987],[37.590401,-0.86103],[37.588341,-0.862779],[37.588009,-0.863885],[37.592125,-0.86683],[37.592155,-0.869461],[37.58897,-0.871654],[37.589184,-0.874634],[37.587509,-0.876347],[37.58157,-0.875636],[37.576805,-0.874769],[37.572338,-0.876544],[37.568718,-0.876997],[37.567009,-0.878364],[37.565472,-0.878243],[37.564167,-0.876889],[37.562485,-0.873265],[37.560837,-0.873007],[37.559605,-0.873802],[37.558167,-0.876273],[37.55378,-0.879619],[37.553448,-0.881202],[37.55164,-0.882463],[37.550407,-0.882198],[37.548866,-0.880565],[37.547146,-0.880633],[37.54607,-0.881541],[37.544441,-0.885009],[37.542683,-0.885898],[37.538864,-0.886729],[37.53598,-0.891481],[37.533672,-0.893848],[37.534767,-0.896952],[37.534744,-0.899107],[37.536579,-0.903757],[37.53653,-0.905298],[37.534481,-0.908091],[37.534424,-0.91009],[37.530483,-0.911891],[37.526844,-0.912563],[37.524609,-0.912175],[37.523003,-0.913973],[37.521168,-0.914591],[37.519085,-0.913818],[37.517838,-0.91242],[37.517418,-0.909891],[37.517712,-0.906914],[37.517071,-0.904951],[37.51733,-0.901862],[37.515736,-0.899834],[37.511475,-0.899696],[37.508144,-0.8988],[37.506588,-0.897805],[37.504292,-0.897262],[37.501698,-0.898518],[37.499191,-0.90232],[37.496708,-0.904911],[37.494728,-0.904964],[37.491203,-0.901659],[37.488522,-0.900311],[37.484993,-0.899768],[37.484024,-0.898747],[37.483025,-0.894959],[37.479515,-0.894828],[37.476959,-0.89367],[37.475151,-0.890188],[37.473457,-0.888036],[37.471375,-0.886177],[37.471134,-0.884875],[37.474182,-0.876669],[37.473438,-0.875753],[37.471008,-0.876833],[37.470146,-0.876584],[37.466251,-0.872822],[37.465179,-0.872639],[37.46283,-0.875302],[37.461521,-0.875263],[37.459328,-0.871709],[37.457176,-0.870748],[37.452984,-0.871631],[37.448753,-0.870087],[37.447006,-0.87029],[37.444618,-0.868241],[37.44273,-0.863772],[37.439758,-0.86232],[37.436295,-0.862614],[37.431618,-0.862306],[37.430107,-0.863072],[37.427017,-0.865912],[37.425407,-0.86582],[37.419872,-0.862732],[37.413166,-0.861102],[37.410988,-0.859525],[37.410736,-0.857274],[37.41357,-0.853224],[37.41325,-0.85132],[37.412098,-0.85026],[37.409527,-0.849992],[37.404339,-0.850731],[37.403088,-0.851418],[37.401276,-0.853649],[37.398842,-0.855848],[37.397491,-0.856057],[37.394516,-0.854978],[37.39027,-0.855141],[37.387581,-0.854049],[37.385262,-0.851968],[37.383884,-0.852288],[37.381424,-0.856267],[37.380447,-0.857268],[37.378983,-0.85715],[37.376606,-0.85522],[37.376068,-0.85378],[37.376678,-0.850868],[37.375107,-0.84973],[37.370441,-0.84916],[37.366169,-0.847191],[37.363964,-0.84513],[37.361843,-0.844214],[37.357285,-0.843383],[37.355392,-0.843389],[37.351608,-0.845221],[37.34977,-0.844155],[37.34951,-0.842571],[37.348164,-0.842283],[37.34676,-0.844207],[37.3428,-0.842014],[37.340374,-0.843291],[37.338669,-0.845234],[37.336651,-0.846452],[37.335175,-0.846242],[37.333477,-0.8446],[37.33128,-0.844809],[37.328381,-0.844214],[37.324146,-0.841577],[37.323048,-0.84036],[37.323036,-0.838514],[37.325985,-0.83661],[37.324417,-0.834699],[37.321491,-0.836093],[37.320587,-0.835962],[37.318893,-0.833953],[37.316544,-0.830282],[37.315372,-0.827619],[37.314716,-0.824557],[37.312538,-0.822221],[37.312859,-0.820186],[37.312466,-0.818262],[37.309608,-0.814447],[37.306068,-0.813695],[37.30521,-0.812235],[37.305229,-0.808159],[37.304817,-0.806058],[37.305714,-0.802911],[37.304535,-0.800071],[37.302528,-0.798625],[37.301048,-0.798703],[37.299053,-0.795281],[37.294781,-0.793874],[37.293137,-0.792402],[37.292088,-0.790215],[37.288891,-0.786663],[37.287823,-0.784667],[37.286045,-0.783032],[37.284283,-0.782829],[37.280025,-0.784367],[37.277126,-0.783941],[37.272648,-0.785695],[37.270557,-0.786205],[37.267288,-0.785334],[37.266617,-0.786811],[37.262371,-0.791804],[37.261932,-0.7928],[37.261887,-0.796095],[37.262516,-0.80424],[37.262516,-0.807686],[37.257187,-0.838075],[37.234947,-0.835882],[37.224922,-0.851546],[37.237766,-0.858438],[37.251549,-0.860318],[37.277237,-0.892273],[37.317638,-0.917927],[37.317654,-0.920468],[37.318592,-0.925167],[37.31953,-0.927047],[37.32423,-0.932373],[37.313267,-0.940205],[37.319218,-0.94741],[37.327461,-0.94424],[37.327679,-0.947097],[37.32893,-0.948664],[37.32893,-0.95023],[37.327049,-0.953049],[37.327679,-0.954303],[37.333004,-0.957435],[37.334255,-0.958689],[37.336136,-0.961821],[37.336647,-0.964892],[37.353992,-0.945844],[37.366211,-0.962448],[37.343967,-0.976232],[37.337074,-0.977485],[37.338642,-0.984691],[37.361198,-0.987511],[37.382324,-0.999433],[37.405174,-1.013683],[37.42004,-1.035059],[37.38945,-1.057295],[37.36282,-1.094737],[37.342896,-1.117577],[37.341537,-1.115587],[37.340683,-1.11323],[37.332256,-1.105619],[37.327351,-1.10153],[37.326092,-1.099926],[37.32515,-1.096467],[37.322067,-1.095649],[37.320869,-1.094643],[37.318859,-1.094265],[37.317474,-1.092756],[37.315083,-1.091875],[37.314266,-1.089766],[37.313152,-1.088962],[37.312439,-1.086626],[37.309326,-1.08486],[37.30513,-1.080357],[37.302296,-1.07573],[37.30106,-1.074188],[37.297852,-1.071288],[37.29298,-1.069808],[37.288918,-1.070918],[37.28754,-1.070643],[37.285465,-1.069219],[37.284065,-1.069009],[37.282246,-1.066863],[37.28038,-1.065929],[37.277248,-1.066029],[37.272427,-1.067186],[37.2696,-1.067119],[37.267872,-1.067703],[37.264931,-1.071179],[37.260101,-1.072743],[37.257557,-1.073233],[37.254013,-1.076254],[37.251678,-1.076978],[37.249462,-1.078448],[37.247105,-1.078845],[37.244934,-1.079859],[37.242065,-1.079276],[37.240246,-1.077666],[37.23782,-1.077304],[37.236324,-1.076371],[37.231869,-1.075391],[37.227623,-1.075706],[37.222954,-1.078693],[37.212807,-1.079265],[37.20956,-1.08105],[37.206387,-1.084386],[37.20298,-1.087151],[37.200672,-1.090255],[37.196472,-1.091888],[37.192249,-1.095073],[37.189751,-1.097336],[37.18877,-1.099343],[37.188747,-1.103881],[37.187256,-1.106541],[37.181934,-1.108875],[37.179996,-1.110228],[37.175449,-1.11549],[37.17519,-1.119818],[37.175728,-1.121498],[37.177502,-1.124438],[37.178806,-1.12893],[37.180347,-1.13096],[37.180954,-1.133457],[37.185154,-1.135767],[37.186508,-1.138625],[37.185879,-1.140282],[37.183613,-1.142522],[37.182983,-1.144529],[37.184898,-1.146547],[37.185108,-1.14853],[37.1824,-1.154912],[37.180161,-1.156919],[37.17981,-1.158295],[37.181725,-1.161539],[37.182098,-1.166124],[37.181,-1.168527],[37.177643,-1.170837],[37.173325,-1.175189],[37.170643,-1.179669],[37.16658,-1.188011],[37.163383,-1.190881],[37.162426,-1.192829],[37.16021,-1.194089],[37.156548,-1.194369],[37.155125,-1.196562],[37.156548,-1.198942],[37.158043,-1.203411],[37.15958,-1.205371],[37.159393,-1.206491],[37.156967,-1.206747],[37.153538,-1.208836],[37.153492,-1.210189],[37.155567,-1.211683],[37.156059,-1.212803],[37.155312,-1.216816],[37.155544,-1.220001],[37.154751,-1.221751],[37.152416,-1.224644],[37.150063,-1.225508],[37.142059,-1.225799],[37.141079,-1.226453],[37.137623,-1.231901],[37.134403,-1.233464],[37.130066,-1.233371],[37.127872,-1.232636],[37.126446,-1.232799],[37.124813,-1.234106],[37.120777,-1.235098],[37.119473,-1.237011],[37.118958,-1.239228],[37.119473,-1.244396],[37.119122,-1.245843],[37.116718,-1.247546],[37.114689,-1.247593],[37.110512,-1.246415],[37.109344,-1.248958],[37.110672,-1.253275],[37.111069,-1.25667],[37.110744,-1.258723],[37.108768,-1.260638],[37.103897,-1.260426],[37.102722,-1.261718],[37.104397,-1.265151],[37.104389,-1.267252],[37.103348,-1.269095],[37.102535,-1.273708],[37.10046,-1.274779],[37.099007,-1.27298],[37.097374,-1.2734],[37.094677,-1.275397],[37.091446,-1.275792],[37.089493,-1.277322],[37.087795,-1.277519],[37.084145,-1.280843],[37.083328,-1.284507],[37.08255,-1.285217],[37.078636,-1.284262],[37.076862,-1.285498],[37.076305,-1.291728],[37.075165,-1.293309],[37.073055,-1.294733],[37.072712,-1.296057],[37.073551,-1.299907],[37.075932,-1.301106],[37.076336,-1.303121],[37.024845,-1.291902],[37.002594,-1.300678],[36.995071,-1.281559],[36.97282,-1.289395],[36.982849,-1.31196],[36.979088,-1.316662],[36.939911,-1.332646],[36.904682,-1.365619],[36.910492,-1.371223],[36.913452,-1.374507],[36.914944,-1.376724],[36.919834,-1.386326],[36.921326,-1.392749],[36.92218,-1.394168],[36.92524,-1.393947],[36.927406,-1.395337],[36.929859,-1.398358],[36.93161,-1.399291],[36.934494,-1.39927],[36.937687,-1.402223],[36.940777,-1.404176],[36.942253,-1.406472],[36.943607,-1.413089],[36.943825,-1.415871],[36.944801,-1.418863],[36.945072,-1.421241],[36.946835,-1.424962],[36.948601,-1.426545],[36.951736,-1.428453],[36.953339,-1.430074],[36.956215,-1.436029],[36.957077,-1.437152],[36.961128,-1.439281],[36.958946,-1.44406],[36.957157,-1.443086],[36.956299,-1.441846],[36.955292,-1.438298],[36.953411,-1.437116],[36.951569,-1.437657],[36.949284,-1.437568],[36.947849,-1.436638],[36.946568,-1.43482],[36.944344,-1.433246],[36.941891,-1.433165],[36.939251,-1.432381],[36.931911,-1.434271],[36.88773,-1.415648],[36.87598,-1.47938],[36.882599,-1.489008],[36.885189,-1.48744],[36.888123,-1.487288],[36.889236,-1.484004],[36.892166,-1.481339],[36.895546,-1.479388],[36.899857,-1.474753],[36.902466,-1.474296],[36.904236,-1.472621],[36.906128,-1.469851],[36.909233,-1.468861],[36.913231,-1.467072],[36.916344,-1.465082],[36.919796,-1.46374],[36.919247,-1.461361],[36.91972,-1.460409],[36.922272,-1.458239],[36.925575,-1.457278],[36.927517,-1.457659],[36.929581,-1.459229],[36.930744,-1.458886],[36.932762,-1.45645],[36.935749,-1.455365],[36.937698,-1.455831],[36.940727,-1.454803],[36.942669,-1.45507],[36.948662,-1.457354],[36.945301,-1.463621],[36.974739,-1.477227],[36.975903,-1.478019],[36.973434,-1.481747],[36.969002,-1.491815],[36.969055,-1.493879],[36.972576,-1.499014],[36.972427,-1.50143],[36.968853,-1.505357],[36.966988,-1.509082],[36.962914,-1.512455],[36.961803,-1.514418],[36.962963,-1.519477],[36.962055,-1.524461],[36.961956,-1.52879],[36.960899,-1.532565],[36.958935,-1.537222],[36.958179,-1.541148],[36.958935,-1.543162],[36.961754,-1.54583],[36.962307,-1.548498],[36.966084,-1.552777],[36.968903,-1.553859],[36.975094,-1.554815],[36.977158,-1.555621],[36.979473,-1.557786],[36.98481,-1.565739],[36.992161,-1.576134],[36.995583,-1.580464],[37.006355,-1.594987],[37.036106,-1.634654],[37.081261,-1.695062],[37.079903,-1.696622],[37.082066,-1.699542],[37.083729,-1.698233],[37.109352,-1.732162],[37.110859,-1.733975],[37.11393,-1.736542],[37.117355,-1.738102],[37.123344,-1.739336],[37.125206,-1.741802],[37.134167,-1.743061],[37.140308,-1.737549],[37.143127,-1.73629],[37.145294,-1.736441],[37.146904,-1.737196],[37.148617,-1.738958],[37.149017,-1.742029],[37.148464,-1.744798],[37.14645,-1.750989],[37.146149,-1.753607],[37.147507,-1.755847],[37.148113,-1.759371],[37.148869,-1.760529],[37.15662,-1.763901],[37.157326,-1.765361],[37.15506,-1.768432],[37.154152,-1.770899],[37.151634,-1.774574],[37.151333,-1.776361],[37.151989,-1.777871],[37.1535,-1.779079],[37.15501,-1.77923],[37.159187,-1.778425],[37.160091,-1.780179],[37.19717,-1.776853],[37.206821,-1.775412],[37.212196,-1.773149],[37.21674,-1.770494],[37.220505,-1.769576],[37.225761,-1.759285],[37.237095,-1.744356],[37.244362,-1.735655],[37.25613,-1.749222],[37.263615,-1.758298],[37.277245,-1.767192],[37.276939,-1.770437],[37.279507,-1.770546],[37.280643,-1.76926],[37.28125,-1.767122],[37.282318,-1.76611],[37.285183,-1.760994],[37.286808,-1.759159],[37.288532,-1.75827],[37.288097,-1.756908],[37.290604,-1.755159],[37.290886,-1.75391],[37.292835,-1.752359],[37.29726,-1.752738],[37.299587,-1.753513],[37.301861,-1.753167],[37.286846,-1.71827],[37.311604,-1.700239],[37.313267,-1.701494],[37.319244,-1.708052],[37.345833,-1.704118],[37.348904,-1.704884],[37.354282,-1.705267],[37.357567,-1.706668],[37.359821,-1.704873],[37.362179,-1.702183],[37.364056,-1.703709],[37.368282,-1.704132],[37.370754,-1.705054],[37.373833,-1.705078],[37.380016,-1.702181],[37.382771,-1.701342],[37.38612,-1.701693],[37.387573,-1.69928],[37.390301,-1.698073],[37.393269,-1.695732],[37.396053,-1.695756],[37.398434,-1.693796],[37.403099,-1.692994],[37.405685,-1.690514],[37.408836,-1.690478],[37.409306,-1.689271],[37.41272,-1.689073],[37.413635,-1.687606],[37.412025,-1.68695],[37.409878,-1.68475],[37.40831,-1.683802],[37.407619,-1.679936],[37.405914,-1.678015],[37.406757,-1.675141],[37.404125,-1.67332],[37.402504,-1.670641],[37.400837,-1.666734],[37.40136,-1.663472],[37.400928,-1.661927],[37.398365,-1.66099],[37.39616,-1.658551],[37.395359,-1.655279],[37.393578,-1.651289],[37.390747,-1.647714],[37.388657,-1.643277],[37.386223,-1.6363],[37.385811,-1.631572],[37.382507,-1.630182],[37.380356,-1.627631],[37.377777,-1.622396],[37.375977,-1.61798],[37.373951,-1.611622],[37.371105,-1.604008],[37.369068,-1.600125],[37.365898,-1.596527],[37.365021,-1.594928],[37.363926,-1.591064],[37.362785,-1.589084],[37.357063,-1.583792],[37.353012,-1.579795],[37.343739,-1.572656],[37.341591,-1.570696],[37.338638,-1.567003],[37.334862,-1.561711],[37.342712,-1.554211],[37.344101,-1.553278],[37.346909,-1.553088],[37.364979,-1.534591],[37.365383,-1.533709],[37.367725,-1.532757],[37.371807,-1.52975],[37.373444,-1.527123],[37.378738,-1.521736],[37.379841,-1.520232],[37.383228,-1.519828],[37.38493,-1.520566],[37.3871,-1.520691],[37.389874,-1.521964],[37.397129,-1.522071],[37.400299,-1.521494],[37.401939,-1.522645],[37.406242,-1.524474],[37.408794,-1.524399],[37.414581,-1.528127],[37.416939,-1.528543],[37.4198,-1.530024],[37.427746,-1.531811],[37.430305,-1.531285],[37.431442,-1.532083],[37.433342,-1.531597],[37.434929,-1.532544],[37.43681,-1.532423],[37.437885,-1.53144],[37.438168,-1.529429],[37.439297,-1.529148],[37.441284,-1.531273],[37.443386,-1.531482],[37.448212,-1.529608],[37.450439,-1.527803],[37.452682,-1.523838],[37.455856,-1.522089],[37.459522,-1.520521],[37.462856,-1.519674],[37.464169,-1.518508],[37.465919,-1.518204],[37.468323,-1.518942],[37.47184,-1.51912],[37.474445,-1.521351],[37.47496,-1.519358],[37.476711,-1.517621],[37.479233,-1.517645],[37.482357,-1.519174],[37.485123,-1.517181],[37.486752,-1.516931],[37.488941,-1.517538],[37.491146,-1.51896],[37.496731,-1.523527],[37.497425,-1.524879],[37.501118,-1.525674],[37.503994,-1.527403],[37.50531,-1.527705],[37.508163,-1.526971],[37.510429,-1.524745],[37.512959,-1.524378],[37.515476,-1.525717],[37.516571,-1.527569],[37.517075,-1.531402],[37.518814,-1.532096],[37.519531,-1.533382],[37.519562,-1.536396],[37.521229,-1.537378],[37.52359,-1.536286],[37.526958,-1.537336],[37.530037,-1.537807],[37.53273,-1.539162],[37.538063,-1.539563],[37.539902,-1.539452],[37.541801,-1.540213],[37.54364,-1.539314],[37.544125,-1.537032],[37.546581,-1.536355],[37.552574,-1.539134],[37.553612,-1.54013],[37.552822,-1.541955],[37.549698,-1.543573],[37.548805,-1.545509],[37.549747,-1.547057],[37.552921,-1.54891],[37.5578,-1.549685],[37.560394,-1.550542],[37.561279,-1.552602],[37.55901,-1.553805],[37.556274,-1.554109],[37.554718,-1.556488],[37.555298,-1.5574],[37.558174,-1.557926],[37.560226,-1.559198],[37.562897,-1.558921],[37.56535,-1.557926],[37.571205,-1.557055],[37.574165,-1.557788],[37.57476,-1.558797],[37.574265,-1.560774],[37.571644,-1.563899],[37.572098,-1.564784],[37.577057,-1.565351],[37.579048,-1.564522],[37.581482,-1.560802],[37.583645,-1.559281],[37.590359,-1.556875],[37.592419,-1.55534],[37.594692,-1.552008],[37.596642,-1.550915],[37.597805,-1.555312],[37.599373,-1.556515],[37.599472,-1.558534],[37.59795,-1.560429],[37.598446,-1.561092],[37.601185,-1.561327],[37.605728,-1.561231],[37.606503,-1.562765],[37.606503,-1.565019],[37.608894,-1.565904],[37.613258,-1.56372],[37.61657,-1.565296],[37.618076,-1.567287],[37.618206,-1.572763],[37.61937,-1.575197],[37.622612,-1.580144],[37.625496,-1.582426],[37.627583,-1.586076],[37.630672,-1.588648],[37.632759,-1.589132],[37.635933,-1.588454],[37.639133,-1.585924],[37.640545,-1.587196],[37.639759,-1.588703],[37.639675,-1.591372],[37.641785,-1.592409],[37.642338,-1.594953],[37.640774,-1.59606],[37.640793,-1.597442],[37.642303,-1.600208],[37.641659,-1.603361],[37.642197,-1.607108],[37.642162,-1.610136],[37.643829,-1.614782],[37.646103,-1.619774],[37.648712,-1.621793],[37.649155,-1.623701],[37.648716,-1.627172],[37.649727,-1.628983],[37.654041,-1.630186],[37.655251,-1.631597],[37.655727,-1.636367],[37.656364,-1.638469],[37.65918,-1.642106],[37.659592,-1.645106],[37.663361,-1.643889],[37.667801,-1.641055],[37.668579,-1.638815],[37.669716,-1.637556],[37.672031,-1.63226],[37.675293,-1.629453],[37.680737,-1.626052],[37.682289,-1.622042],[37.683647,-1.616979],[37.684086,-1.611519],[37.68359,-1.607816],[37.681931,-1.60293],[37.681835,-1.601498],[37.682484,-1.597089],[37.682026,-1.590275],[37.682217,-1.585866],[37.692657,-1.583136],[37.696033,-1.587049],[37.700615,-1.582907],[37.701721,-1.584129],[37.704227,-1.589067],[37.704681,-1.592921],[37.705395,-1.594885],[37.708515,-1.598668],[37.711433,-1.60489],[37.71447,-1.606921],[37.71817,-1.608507],[37.719837,-1.607948],[37.72477,-1.604567],[37.728355,-1.602652],[37.727921,-1.60022],[37.728855,-1.597319],[37.731297,-1.595512],[37.733929,-1.595079],[37.733681,-1.582503],[37.730522,-1.580583],[37.733543,-1.578229],[37.733944,-1.575441],[37.737106,-1.572716],[37.740417,-1.571105],[37.743248,-1.568887],[37.744884,-1.569397],[37.749241,-1.569206],[37.751617,-1.56702],[37.753323,-1.566382],[37.752625,-1.564226],[37.750549,-1.561076],[37.749912,-1.559167],[37.749786,-1.55535],[37.748322,-1.553887],[37.74247,-1.553314],[37.739925,-1.550197],[37.732609,-1.542308],[37.728725,-1.536232],[37.724781,-1.529297],[37.723446,-1.524462],[37.720585,-1.523126],[37.719311,-1.521663],[37.718102,-1.518228],[37.715305,-1.514283],[37.714157,-1.511102],[37.710724,-1.508239],[37.708687,-1.507667],[37.704868,-1.507412],[37.703217,-1.508812],[37.702007,-1.508748],[37.698063,-1.504613],[37.694576,-1.498557],[37.700844,-1.491181],[37.701927,-1.490343],[37.706806,-1.489506],[37.709713,-1.488668],[37.713409,-1.489333],[37.717598,-1.49229],[37.723068,-1.493917],[37.726223,-1.493991],[37.730412,-1.495715],[37.734898,-1.496208],[37.739285,-1.494976],[37.743179,-1.493424],[37.748749,-1.490565],[37.750816,-1.489826],[37.755894,-1.488988],[37.759098,-1.487707],[37.762596,-1.487189],[37.770481,-1.486746],[37.773243,-1.485957],[37.774719,-1.484873],[37.777874,-1.479649],[37.779156,-1.476273],[37.779598,-1.472281],[37.78014,-1.470654],[37.782112,-1.46888],[37.785465,-1.466909],[37.788616,-1.464297],[37.791676,-1.4606],[37.794731,-1.458136],[37.79892,-1.45407],[37.810104,-1.447269],[37.819145,-1.447318],[37.818138,-1.44584],[37.816265,-1.445495],[37.81543,-1.444361],[37.817104,-1.443129],[37.816513,-1.441749],[37.814938,-1.441503],[37.813259,-1.440221],[37.812618,-1.438792],[37.81316,-1.434233],[37.811337,-1.429847],[37.811783,-1.426693],[37.809319,-1.424524],[37.809761,-1.420976],[37.807198,-1.418856],[37.807739,-1.414396],[37.806458,-1.411587],[37.806164,-1.406708],[37.804489,-1.403751],[37.804489,-1.398625],[37.803551,-1.394534],[37.802666,-1.393844],[37.800346,-1.394042],[37.799263,-1.395717],[37.797489,-1.395323],[37.79808,-1.39239],[37.797096,-1.390764],[37.795864,-1.387265],[37.793102,-1.384702],[37.791969,-1.382731],[37.789505,-1.379922],[37.788025,-1.375757],[37.784924,-1.375116],[37.783886,-1.374081],[37.783592,-1.372061],[37.78236,-1.370976],[37.779945,-1.37073],[37.778366,-1.367083],[37.774818,-1.360922],[37.770382,-1.359616],[37.768707,-1.357596],[37.766392,-1.357054],[37.764763,-1.354392],[37.759392,-1.354442],[37.756092,-1.357054],[37.755154,-1.357004],[37.75407,-1.355033],[37.752789,-1.354688],[37.7486,-1.357029],[37.747517,-1.357127],[37.744164,-1.355501],[37.745148,-1.352248],[37.743721,-1.349932],[37.740219,-1.3487],[37.738892,-1.345767],[37.736771,-1.343106],[37.73687,-1.34148],[37.732632,-1.34079],[37.731594,-1.34005],[37.731693,-1.336305],[37.729969,-1.333988],[37.728046,-1.328715],[37.72588,-1.324329],[37.723759,-1.322702],[37.723167,-1.321569],[37.723759,-1.318907],[37.723167,-1.315852],[37.72105,-1.312845],[37.719719,-1.309987],[37.718288,-1.305108],[37.716171,-1.302742],[37.716663,-1.300081],[37.716122,-1.299095],[37.71331,-1.299243],[37.713707,-1.296089],[37.712769,-1.293772],[37.712669,-1.290938],[37.711388,-1.289805],[37.708187,-1.288622],[37.707005,-1.285468],[37.706806,-1.283447],[37.705772,-1.280096],[37.702618,-1.276005],[37.701927,-1.272481],[37.701088,-1.271644],[37.698231,-1.270658],[37.696651,-1.268982],[37.696407,-1.267257],[37.696751,-1.263906],[37.694927,-1.261343],[37.694733,-1.25952],[37.693596,-1.25676],[37.69286,-1.252299],[37.691429,-1.249047],[37.688866,-1.249342],[37.686699,-1.244956],[37.688667,-1.241703],[37.688274,-1.240077],[37.686253,-1.238007],[37.684235,-1.234508],[37.677776,-1.233497],[37.675758,-1.232512],[37.674572,-1.231082],[37.672356,-1.22709],[37.670433,-1.224429],[37.665703,-1.221078],[37.664719,-1.219944],[37.665161,-1.21642],[37.663288,-1.216026],[37.661663,-1.214104],[37.660873,-1.211393],[37.657028,-1.207993],[37.655945,-1.206317],[37.654812,-1.201043],[37.654171,-1.200206],[37.65126,-1.199466],[37.649094,-1.197446],[37.646038,-1.188451],[37.643375,-1.184065],[37.642044,-1.180911],[37.640469,-1.175514],[37.639038,-1.172557],[37.638054,-1.169353],[37.634209,-1.163982],[37.633865,-1.162257],[37.631599,-1.160359],[37.629677,-1.157747],[37.627754,-1.154051],[37.625584,-1.152424],[37.624798,-1.149861],[37.622974,-1.147594],[37.617699,-1.142962],[37.611538,-1.142025],[37.609615,-1.14242],[37.606808,-1.144588],[37.603012,-1.145377],[37.600796,-1.146461],[37.596901,-1.147151],[37.593979,-1.085939],[37.738152,-1.077547],[37.796524,-1.127069],[37.797367,-1.124535],[37.799118,-1.122171],[37.7994,-1.118103],[37.800392,-1.11711],[37.80167,-1.110583],[37.803894,-1.107154],[37.805218,-1.103229],[37.805454,-1.101384],[37.806919,-1.097317],[37.806778,-1.093297],[37.807678,-1.09131],[37.810608,-1.087574],[37.812973,-1.085824],[37.817608,-1.07977],[37.817657,-1.077027],[37.818699,-1.075419],[37.819122,-1.070784],[37.821297,-1.069413],[37.823807,-1.070548],[37.827873,-1.069791],[37.830284,-1.067852],[37.831749,-1.064447],[37.833595,-1.062555],[37.835155,-1.058275],[37.837852,-1.054727],[37.838894,-1.052599],[37.84211,-1.050755],[37.843102,-1.048721],[37.844566,-1.047491],[37.845562,-1.043518],[37.846695,-1.041343],[37.846222,-1.035786],[37.846272,-1.032759],[37.845467,-1.030205],[37.845844,-1.028455],[37.847122,-1.026374],[37.848019,-1.020107],[37.847782,-1.017742],[37.848778,-1.007668],[37.849533,-1.004689],[37.847736,-1.001307],[37.847927,-0.999179],[37.846508,-0.995017],[37.847736,-0.992794],[37.849819,-0.992652],[37.849628,-0.990004],[37.851143,-0.988774],[37.854218,-0.985298],[37.858662,-0.984115],[37.86079,-0.981467],[37.86216,-0.981089],[37.865189,-0.981703],[37.864761,-0.979528],[37.862587,-0.978629],[37.862209,-0.977352],[37.863815,-0.976832],[37.867081,-0.97669],[37.868122,-0.975153],[37.868122,-0.973214],[37.865994,-0.971795],[37.862728,-0.972788],[37.862305,-0.971086],[37.86377,-0.969572],[37.862682,-0.967444],[37.859798,-0.967018],[37.85833,-0.96489],[37.856628,-0.964228],[37.853413,-0.965552],[37.850906,-0.964606],[37.849438,-0.964937],[37.847927,-0.963329],[37.846176,-0.964275],[37.845089,-0.963376],[37.848351,-0.960822],[37.85062,-0.960066],[37.852089,-0.958789],[37.852562,-0.961154],[37.854168,-0.961248],[37.854122,-0.958221],[37.850811,-0.953941],[37.849583,-0.951718],[37.851189,-0.949732],[37.850056,-0.947178],[37.847595,-0.946752],[37.846836,-0.945049],[37.847927,-0.942117],[37.846317,-0.94084],[37.847263,-0.938712],[37.850056,-0.939705],[37.851566,-0.939138],[37.852562,-0.936796],[37.851707,-0.935614],[37.849674,-0.935141],[37.84906,-0.933864],[37.850765,-0.932587],[37.85067,-0.931074],[37.848873,-0.928756],[37.846981,-0.927337],[37.843338,-0.926722],[37.842583,-0.925682],[37.844475,-0.924074],[37.843529,-0.922277],[37.841587,-0.922182],[37.843102,-0.919108],[37.842155,-0.918209],[37.83984,-0.919392],[37.838562,-0.918966],[37.83894,-0.916578],[37.83894,-0.912132],[37.839458,-0.909152],[37.838089,-0.908443],[37.835438,-0.911139],[37.83355,-0.90797],[37.833927,-0.905321],[37.831467,-0.903619],[37.83033,-0.901183],[37.829056,-0.90019],[37.825176,-0.899055],[37.820446,-0.898865],[37.81884,-0.897588],[37.819077,-0.895271],[37.820969,-0.893947],[37.822861,-0.893568],[37.825035,-0.890163],[37.822906,-0.888933],[37.822151,-0.884393],[37.820778,-0.88217],[37.823002,-0.880539],[37.823097,-0.877275],[37.824467,-0.875147],[37.826077,-0.874437],[37.824516,-0.872498],[37.825272,-0.870843],[37.827209,-0.8716],[37.827587,-0.868904],[37.826595,-0.866823],[37.827587,-0.864576],[37.831749,-0.863252],[37.831844,-0.861124],[37.829479,-0.859468],[37.830521,-0.856631],[37.833405,-0.855732],[37.83355,-0.853746],[37.832317,-0.851759],[37.834164,-0.850813],[37.836433,-0.850719],[37.838512,-0.848118],[37.837143,-0.844499],[37.838608,-0.843128],[37.8414,-0.843459],[37.844757,-0.84029],[37.844284,-0.839439],[37.84206,-0.838588],[37.842392,-0.836554],[37.841446,-0.834331],[37.842628,-0.833432],[37.84906,-0.831162],[37.847878,-0.827568],[37.8466,-0.826906],[37.847832,-0.820946],[37.846886,-0.818534],[37.84433,-0.817446],[37.843857,-0.815697],[37.846127,-0.812197],[37.845512,-0.809832]]]},"properties":{"code":901}},{"type":"Feature","geometry":{"type":"Polygon","coordinates":[[[37.753323,-1.566382],[37.751617,-1.56702],[37.749241,-1.569206],[37.744884,-1.569397],[37.743248,-1.568887],[37.740417,-1.571105],[37.737106,-1.572716],[37.733944,-1.575441],[37.733543,-1.578229],[37.730522,-1.580583],[37.733681,-1.582503],[37.733929,-1.595079],[37.731297,-1.595512],[37.728855,-1.597319],[37.727921,-1.60022],[37.728355,-1.602652],[37.72477,-1.604567],[37.719837,-1.607948],[37.71817,-1.608507],[37.71447,-1.606921],[37.711433,-1.60489],[37.708515,-1.598668],[37.705395,-1.594885],[37.704681,-1.592921],[37.704227,-1.589067],[37.701721,-1.584129],[37.700615,-1.582907],[37.696033,-1.587049],[37.692657,-1.583136],[37.682217,-1.585866],[37.682026,-1.590275],[37.682484,-1.597089],[37.681835,-1.601498],[37.681931,-1.60293],[37.68359,-1.607816],[37.684086,-1.611519],[37.683647,-1.616979],[37.682289,-1.622042],[37.680737,-1.626052],[37.675293,-1.629453],[37.672031,-1.63226],[37.669716,-1.637556],[37.668579,-1.638815],[37.667801,-1.641055],[37.663361,-1.643889],[37.659592,-1.645106],[37.65918,-1.642106],[37.656364,-1.638469],[37.655727,-1.636367],[37.655251,-1.631597],[37.654041,-1.630186],[37.649727,-1.628983],[37.648716,-1.627172],[37.649155,-1.623701],[37.648712,-1.621793],[37.646103,-1.619774],[37.643829,-1.614782],[37.642162,-1.610136],[37.642197,-1.607108],[37.641659,-1.603361],[37.642303,-1.600208],[37.640793,-1.597442],[37.640774,-1.59606],[37.642338,-1.594953],[37.641785,-1.592409],[37.639675,-1.591372],[37.639759,-1.588703],[37.640545,-1.587196],[37.639133,-1.585924],[37.635933,-1.588454],[37.632759,-1.589132],[37.630672,-1.588648],[37.627583,-1.586076],[37.625496,-1.582426],[37.622612,-1.580144],[37.61937,-1.575197],[37.618206,-1.572763],[37.618076,-1.567287],[37.61657,-1.565296],[37.613258,-1.56372],[37.608894,-1.565904],[37.606503,-1.565019],[37.606503,-1.562765],[37.605728,-1.561231],[37.601185,-1.561327],[37.598446,-1.561092],[37.59795,-1.560429],[37.599472,-1.558534],[37.599373,-1.556515],[37.597805,-1.555312],[37.596642,-1.550915],[37.594692,-1.552008],[37.592419,-1.55534],[37.590359,-1.556875],[37.583645,-1.559281],[37.581482,-1.560802],[37.579048,-1.564522],[37.577057,-1.565351],[37.572098,-1.564784],[37.571644,-1.563899],[37.574265,-1.560774],[37.57476,-1.558797],[37.574165,-1.557788],[37.571205,-1.557055],[37.56535,-1.557926],[37.562897,-1.558921],[37.560226,-1.559198],[37.558174,-1.557926],[37.555298,-1.5574],[37.554718,-1.556488],[37.556274,-1.554109],[37.55901,-1.553805],[37.561279,-1.552602],[37.560394,-1.550542],[37.5578,-1.549685],[37.552921,-1.54891],[37.549747,-1.547057],[37.548805,-1.545509],[37.549698,-1.543573],[37.552822,-1.541955],[37.553612,-1.54013],[37.552574,-1.539134],[37.546581,-1.536355],[37.544125,-1.537032],[37.54364,-1.539314],[37.541801,-1.540213],[37.539902,-1.539452],[37.538063,-1.539563],[37.53273,-1.539162],[37.530037,-1.537807],[37.526958,-1.537336],[37.52359,-1.536286],[37.521229,-1.537378],[37.519562,-1.536396],[37.519531,-1.533382],[37.518814,-1.532096],[37.517075,-1.531402],[37.516571,-1.527569],[37.515476,-1.525717],[37.512959,-1.524378],[37.510429,-1.524745],[37.508163,-1.526971],[37.50531,-1.527705],[37.503994,-1.527403],[37.501118,-1.525674],[37.497425,-1.524879],[37.496731,-1.523527],[37.491146,-1.51896],[37.488941,-1.517538],[37.486752,-1.516931],[37.485123,-1.517181],[37.482357,-1.519174],[37.479233,-1.517645],[37.476711,-1.517621],[37.47496,-1.519358],[37.474445,-1.521351],[37.47184,-1.51912],[37.468323,-1.518942],[37.465919,-1.518204],[37.464169,-1.518508],[37.462856,-1.519674],[37.459522,-1.520521],[37.455856,-1.522089],[37.452682,-1.523838],[37.450439,-1.527803],[37.448212,-1.529608],[37.443386,-1.531482],[37.441284,-1.531273],[37.439297,-1.529148],[37.438168,-1.529429],[37.437885,-1.53144],[37.43681,-1.532423],[37.434929,-1.532544],[37.433342,-1.531597],[37.431442,-1.532083],[37.430305,-1.531285],[37.427746,-1.531811],[37.4198,-1.530024],[37.416939,-1.528543],[37.414581,-1.528127],[37.408794,-1.524399],[37.406242,-1.524474],[37.401939,-1.522645],[37.400299,-1.521494],[37.397129,-1.522071],[37.389874,-1.521964],[37.3871,-1.520691],[37.38493,-1.520566],[37.383228,-1.519828],[37.379841,-1.520232],[37.378738,-1.521736],[37.373444,-1.527123],[37.371807,-1.52975],[37.367725,-1.532757],[37.365383,-1.533709],[37.364979,-1.534591],[37.346909,-1.553088],[37.344101,-1.553278],[37.342712,-1.554211],[37.334862,-1.561711],[37.338638,-1.567003],[37.341591,-1.570696],[37.343739,-1.572656],[37.353012,-1.579795],[37.357063,-1.583792],[37.362785,-1.589084],[37.363926,-1.591064],[37.365021,-1.594928],[37.365898,-1.596527],[37.369068,-1.600125],[37.371105,-1.604008],[37.373951,-1.611622],[37.375977,-1.61798],[37.377777,-1.622396],[37.380356,-1.627631],[37.382507,-1.630182],[37.385811,-1.631572],[37.386223,-1.6363],[37.388657,-1.643277],[37.390747,-1.647714],[37.393578,-1.651289],[37.395359,-1.655279],[37.39616,-1.658551],[37.398365,-1.66099],[37.400928,-1.661927],[37.40136,-1.663472],[37.400837,-1.666734],[37.402504,-1.670641],[37.404125,-1.67332],[37.406757,-1.675141],[37.405914,-1.678015],[37.407619,-1.679936],[37.40831,-1.683802],[37.409878,-1.68475],[37.412025,-1.68695],[37.413635,-1.687606],[37.41272,-1.689073],[37.409306,-1.689271],[37.408836,-1.690478],[37.405685,-1.690514],[37.403099,-1.692994],[37.398434,-1.693796],[37.396053,-1.695756],[37.393269,-1.695732],[37.390301,-1.698073],[37.387573,-1.69928],[37.38612,-1.701693],[37.382771,-1.701342],[37.380016,-1.702181],[37.373833,-1.705078],[37.370754,-1.705054],[37.368282,-1.704132],[37.364056,-1.703709],[37.362179,-1.702183],[37.359821,-1.704873],[37.357567,-1.706668],[37.354282,-1.705267],[37.348904,-1.704884],[37.345833,-1.704118],[37.319244,-1.708052],[37.313267,-1.701494],[37.311604,-1.700239],[37.286846,-1.71827],[37.301861,-1.753167],[37.299587,-1.753513],[37.29726,-1.752738],[37.292835,-1.752359],[37.290886,-1.75391],[37.290604,-1.755159],[37.288097,-1.756908],[37.288532,-1.75827],[37.286808,-1.759159],[37.285183,-1.760994],[37.282318,-1.76611],[37.28125,-1.767122],[37.280643,-1.76926],[37.279507,-1.770546],[37.276939,-1.770437],[37.277245,-1.767192],[37.263615,-1.758298],[37.25613,-1.749222],[37.244362,-1.735655],[37.237095,-1.744356],[37.225761,-1.759285],[37.220505,-1.769576],[37.21674,-1.770494],[37.212196,-1.773149],[37.206821,-1.775412],[37.19717,-1.776853],[37.160091,-1.780179],[37.155762,-1.785673],[37.150429,-1.794156],[37.150528,-1.795968],[37.151836,-1.799844],[37.151234,-1.801203],[37.149319,-1.802613],[37.147255,-1.805482],[37.141518,-1.812051],[37.141266,-1.813562],[37.142071,-1.815273],[37.145042,-1.818394],[37.145042,-1.820055],[37.142925,-1.821717],[37.142273,-1.824083],[37.142826,-1.827959],[37.143986,-1.829192],[37.147305,-1.830803],[37.147408,-1.832917],[37.145042,-1.833421],[37.143078,-1.83478],[37.142021,-1.836592],[37.141869,-1.839159],[37.143379,-1.840921],[37.146603,-1.840871],[37.147961,-1.841425],[37.149269,-1.842985],[37.153698,-1.844093],[37.155361,-1.846207],[37.155613,-1.849555],[37.158028,-1.852726],[37.158886,-1.85484],[37.161602,-1.857105],[37.162407,-1.861586],[37.162357,-1.863499],[37.16135,-1.866016],[37.161503,-1.867501],[37.162712,-1.869464],[37.162964,-1.871125],[37.159691,-1.87475],[37.159187,-1.876965],[37.159439,-1.881948],[37.159035,-1.883911],[37.157928,-1.884667],[37.155258,-1.883911],[37.153698,-1.884113],[37.15229,-1.885271],[37.151836,-1.88746],[37.154102,-1.890128],[37.157074,-1.89179],[37.157726,-1.893149],[37.157326,-1.896094],[37.158382,-1.897956],[37.160545,-1.899567],[37.161705,-1.90299],[37.164169,-1.907017],[37.166283,-1.908477],[37.169556,-1.913108],[37.169952,-1.91688],[37.172752,-1.918685],[37.174999,-1.920785],[37.178242,-1.922369],[37.182037,-1.92329],[37.182331,-1.924064],[37.181484,-1.927269],[37.182331,-1.929774],[37.184212,-1.931395],[37.186165,-1.93449],[37.190105,-1.934895],[37.192963,-1.935724],[37.196316,-1.934693],[37.198895,-1.934508],[37.204327,-1.935743],[37.20639,-1.935227],[37.210148,-1.933422],[37.214718,-1.934158],[37.219082,-1.933366],[37.222729,-1.93344],[37.22691,-1.934269],[37.234131,-1.936037],[37.235863,-1.936774],[37.23872,-1.93904],[37.243397,-1.943387],[37.244503,-1.945193],[37.245831,-1.949466],[37.247154,-1.950535],[37.251263,-1.951585],[37.25576,-1.956522],[37.257214,-1.957608],[37.263882,-1.958272],[37.264618,-1.959045],[37.26543,-1.962177],[37.269962,-1.968145],[37.274769,-1.974795],[37.275948,-1.977411],[37.278397,-1.991945],[37.279099,-1.993713],[37.280369,-1.994837],[37.285381,-1.996311],[37.288181,-1.997748],[37.291088,-2.000806],[37.299252,-2.005802],[37.300476,-2.005914],[37.302708,-2.003683],[37.309067,-2.003571],[37.313084,-2.00781],[37.314087,-2.008145],[37.358814,-2.012439],[37.360489,-2.012774],[37.373764,-2.019912],[37.451958,-2.073789],[37.454185,-2.07457],[37.535168,-2.105691],[37.536285,-2.108368],[37.537735,-2.110041],[37.541191,-2.111603],[37.543312,-2.113834],[37.543201,-2.116734],[37.541191,-2.120192],[37.541527,-2.121642],[37.543533,-2.123204],[37.549225,-2.126215],[37.550339,-2.126383],[37.562496,-2.125267],[37.565285,-2.126494],[37.56707,-2.129283],[37.571423,-2.135083],[37.593952,-2.152763],[37.596294,-2.153209],[37.61961,-2.160237],[37.621281,-2.160348],[37.663334,-2.153934],[37.664337,-2.154157],[37.690105,-2.164141],[37.692783,-2.164587],[37.697132,-2.16336],[37.699474,-2.164364],[37.703156,-2.168714],[37.704048,-2.170164],[37.704941,-2.173287],[37.705276,-2.176299],[37.706169,-2.179534],[37.708065,-2.181207],[37.722267,-2.186454],[37.72345,-2.187691],[37.723904,-2.19146],[37.720974,-2.190984],[37.716576,-2.189785],[37.713303,-2.190299],[37.710476,-2.191184],[37.707542,-2.193012],[37.702641,-2.196866],[37.700966,-2.19976],[37.699711,-2.20113],[37.697495,-2.205309],[37.693962,-2.20785],[37.69223,-2.212038],[37.689602,-2.214531],[37.687054,-2.215369],[37.685577,-2.218024],[37.685387,-2.220842],[37.683777,-2.223459],[37.679474,-2.225439],[37.678696,-2.227609],[37.674629,-2.227809],[37.674118,-2.22878],[37.675373,-2.232606],[37.674183,-2.233586],[37.675022,-2.235261],[37.674984,-2.238593],[37.678059,-2.241857],[37.677105,-2.246673],[37.676029,-2.248605],[37.677212,-2.252584],[37.677155,-2.254221],[37.675468,-2.258342],[37.675278,-2.259846],[37.677551,-2.26273],[37.676926,-2.264234],[37.674946,-2.265566],[37.675896,-2.267584],[37.675125,-2.269592],[37.672802,-2.270487],[37.670872,-2.275903],[37.671177,-2.279005],[37.666866,-2.280157],[37.666542,-2.282822],[37.668808,-2.283888],[37.669472,-2.284935],[37.668674,-2.287429],[37.66679,-2.287752],[37.66457,-2.289304],[37.661983,-2.28839],[37.659832,-2.288561],[37.657082,-2.286305],[37.654396,-2.286991],[37.651836,-2.288314],[37.648788,-2.290598],[37.645973,-2.294424],[37.645489,-2.298146],[37.644611,-2.298774],[37.642517,-2.297746],[37.641796,-2.296489],[37.640232,-2.296128],[37.637444,-2.29728],[37.634991,-2.296842],[37.633228,-2.295005],[37.630447,-2.294852],[37.630222,-2.296718],[37.630905,-2.300278],[37.629192,-2.30182],[37.62709,-2.300858],[37.62606,-2.302324],[37.62336,-2.301639],[37.622387,-2.302419],[37.622669,-2.304247],[37.619411,-2.302426],[37.618839,-2.2991],[37.6157,-2.296182],[37.611992,-2.297065],[37.61137,-2.299271],[37.610249,-2.300501],[37.608025,-2.300337],[37.607174,-2.302457],[37.605442,-2.304978],[37.606346,-2.307098],[37.60548,-2.308304],[37.601772,-2.310223],[37.599941,-2.309553],[37.597336,-2.310905],[37.849468,-2.603932],[37.878082,-2.659229],[37.890736,-2.673535],[37.900913,-2.702422],[37.921547,-2.704347],[37.930351,-2.723605],[37.926498,-2.738186],[37.924301,-2.740937],[37.927876,-2.76047],[37.929989,-2.767423],[37.935184,-2.773569],[37.939404,-2.776978],[37.944119,-2.780792],[37.973709,-2.788586],[38.09922,-2.720489],[38.100636,-2.719364],[38.104744,-2.718112],[38.108856,-2.716506],[38.112904,-2.713197],[38.115475,-2.712041],[38.11602,-2.707608],[38.116856,-2.705841],[38.118332,-2.704974],[38.121513,-2.704107],[38.128227,-2.698678],[38.132259,-2.698632],[38.13372,-2.6981],[38.136181,-2.699296],[38.141972,-2.698482],[38.143219,-2.699445],[38.147255,-2.699584],[38.149078,-2.698742],[38.149948,-2.699505],[38.152393,-2.69834],[38.154118,-2.696012],[38.155949,-2.695434],[38.15704,-2.693699],[38.1563,-2.690035],[38.156532,-2.688228],[38.158012,-2.687015],[38.159309,-2.682263],[38.161545,-2.679865],[38.164211,-2.689402],[38.166451,-2.693531],[38.167946,-2.695025],[38.18029,-2.701351],[38.197773,-2.714267],[38.23653,-2.742172],[38.256203,-2.756968],[38.261211,-2.760527],[38.270611,-2.770016],[38.279793,-2.78302],[38.288448,-2.795804],[38.29451,-2.804151],[38.319904,-2.833146],[38.328865,-2.848653],[38.341713,-2.870455],[38.351227,-2.886918],[38.359001,-2.894913],[38.376118,-2.912724],[38.381584,-2.918197],[38.39542,-2.927071],[38.3974,-2.927774],[38.399639,-2.927642],[38.4021,-2.926456],[38.404121,-2.926236],[38.407986,-2.927818],[38.409046,-2.928944],[38.41238,-2.934495],[38.417828,-2.942886],[38.429337,-2.955714],[38.435707,-2.96002],[38.437202,-2.961997],[38.440979,-2.964676],[38.448711,-2.972145],[38.4571,-2.989849],[38.458832,-2.991049],[38.460976,-2.989012],[38.463184,-2.987576],[38.465878,-2.98809],[38.468353,-2.985251],[38.470318,-2.984733],[38.473869,-2.985342],[38.476311,-2.9853],[38.479347,-2.983347],[38.482647,-2.98222],[38.483597,-2.980834],[38.487495,-2.977693],[38.488533,-2.977657],[38.491982,-2.983154],[38.493237,-2.983419],[38.496525,-2.982346],[38.501675,-2.982588],[38.509533,-2.981949],[38.513401,-2.983106],[38.513992,-2.981936],[38.513618,-2.979574],[38.519085,-2.974831],[38.516605,-2.973204],[38.514881,-2.971241],[38.513062,-2.96814],[38.510681,-2.965627],[38.50795,-2.964519],[38.505749,-2.965307],[38.504562,-2.964772],[38.501102,-2.958504],[38.498383,-2.95602],[38.496738,-2.955418],[38.494061,-2.955819],[38.492558,-2.955299],[38.49189,-2.953782],[38.493252,-2.951246],[38.492863,-2.948837],[38.489555,-2.945409],[38.488514,-2.943699],[38.488434,-2.939022],[38.487942,-2.936776],[38.486633,-2.935929],[38.483932,-2.935906],[38.478497,-2.936865],[38.475895,-2.936672],[38.474571,-2.932776],[38.474491,-2.928381],[38.472668,-2.923466],[38.470592,-2.919205],[38.469032,-2.917168],[38.467388,-2.91206],[38.465866,-2.909078],[38.461811,-2.904222],[38.460503,-2.900757],[38.461056,-2.89872],[38.460659,-2.896214],[38.459461,-2.895329],[38.456978,-2.894645],[38.451752,-2.894013],[38.450672,-2.893143],[38.450302,-2.891492],[38.450764,-2.888785],[38.45422,-2.884495],[38.454407,-2.881706],[38.45182,-2.878777],[38.449902,-2.878554],[38.447247,-2.879543],[38.444122,-2.880167],[38.442875,-2.878606],[38.442799,-2.87694],[38.444977,-2.871683],[38.445446,-2.869757],[38.44503,-2.86824],[38.443245,-2.866485],[38.440285,-2.865905],[38.438332,-2.864574],[38.437496,-2.862819],[38.437965,-2.859853],[38.438976,-2.857934],[38.438858,-2.85557],[38.43755,-2.854856],[38.43335,-2.855681],[38.431698,-2.855071],[38.428673,-2.851718],[38.427227,-2.849532],[38.427147,-2.848186],[38.430588,-2.842319],[38.430992,-2.838988],[38.428974,-2.833612],[38.427704,-2.831448],[38.426632,-2.828414],[38.426544,-2.820294],[38.425549,-2.817186],[38.422798,-2.81558],[38.419518,-2.815141],[38.417866,-2.813237],[38.418022,-2.810732],[38.419243,-2.808114],[38.420746,-2.806523],[38.421436,-2.804106],[38.421051,-2.799273],[38.421814,-2.796574],[38.423958,-2.794477],[38.430508,-2.791391],[38.43166,-2.78838],[38.430828,-2.785866],[38.428471,-2.782052],[38.426403,-2.779286],[38.4254,-2.776869],[38.425018,-2.771805],[38.424263,-2.769902],[38.421932,-2.76686],[38.4198,-2.758614],[38.415821,-2.753996],[38.413307,-2.750561],[38.411976,-2.746315],[38.411198,-2.741117],[38.409687,-2.736812],[38.408348,-2.734671],[38.405338,-2.731332],[38.403915,-2.726848],[38.399628,-2.717992],[38.398117,-2.712542],[38.396824,-2.709634],[38.395973,-2.70619],[38.394665,-2.703822],[38.392433,-2.700925],[38.391132,-2.697791],[38.390007,-2.693954],[38.388496,-2.690884],[38.388432,-2.686262],[38.387402,-2.682913],[38.386265,-2.680575],[38.386082,-2.677547],[38.383953,-2.673502],[38.381203,-2.670088],[38.38105,-2.668089],[38.381969,-2.663419],[38.380051,-2.660451],[38.374191,-2.656376],[38.367432,-2.649785],[38.366112,-2.648143],[38.367035,-2.643045],[38.366802,-2.640862],[38.363987,-2.639357],[38.361549,-2.637001],[38.36158,-2.629762],[38.360882,-2.627305],[38.357788,-2.620226],[38.356426,-2.615937],[38.354851,-2.612243],[38.351364,-2.60269],[38.349026,-2.599864],[38.347771,-2.595349],[38.346909,-2.589252],[38.346096,-2.58783],[38.344059,-2.586878],[38.340664,-2.586396],[38.337902,-2.584861],[38.336132,-2.578627],[38.334362,-2.574421],[38.333107,-2.567456],[38.330582,-2.564095],[38.330841,-2.562072],[38.331966,-2.561043],[38.335804,-2.559133],[38.337292,-2.557444],[38.337589,-2.556123],[38.336517,-2.554815],[38.333847,-2.553298],[38.331169,-2.550811],[38.324566,-2.549693],[38.321671,-2.548069],[38.32135,-2.546546],[38.322514,-2.543596],[38.322914,-2.541222],[38.322365,-2.540282],[38.318729,-2.538087],[38.31823,-2.53591],[38.318748,-2.533977],[38.320503,-2.530449],[38.31992,-2.527617],[38.316605,-2.524281],[38.316101,-2.523217],[38.316982,-2.517709],[38.316471,-2.515777],[38.314377,-2.513803],[38.312191,-2.51288],[38.310677,-2.510991],[38.310883,-2.509072],[38.311924,-2.506369],[38.312164,-2.504231],[38.310253,-2.501042],[38.306236,-2.499578],[38.302399,-2.49919],[38.301037,-2.498376],[38.298309,-2.494823],[38.296921,-2.490067],[38.295284,-2.486465],[38.29372,-2.485493],[38.289936,-2.485013],[38.288277,-2.483926],[38.286686,-2.480914],[38.286278,-2.477907],[38.286152,-2.472933],[38.284309,-2.46921],[38.283699,-2.467211],[38.283581,-2.461751],[38.282299,-2.456594],[38.282391,-2.454013],[38.281689,-2.451134],[38.280003,-2.448516],[38.278675,-2.44404],[38.278099,-2.439381],[38.27634,-2.435209],[38.27549,-2.43188],[38.275024,-2.427562],[38.273243,-2.422867],[38.271229,-2.42147],[38.267384,-2.420954],[38.263264,-2.421464],[38.258984,-2.419769],[38.257004,-2.41938],[38.252975,-2.42014],[38.251202,-2.41946],[38.247356,-2.415858],[38.246208,-2.413434],[38.245304,-2.409152],[38.241581,-2.407506],[38.238358,-2.408581],[38.236073,-2.408727],[38.234123,-2.405636],[38.233593,-2.403224],[38.232368,-2.401208],[38.230766,-2.400017],[38.227177,-2.399392],[38.223125,-2.399216],[38.221664,-2.398062],[38.220749,-2.395334],[38.219795,-2.390615],[38.218719,-2.387572],[38.217251,-2.379251],[38.215302,-2.373803],[38.214359,-2.369958],[38.212543,-2.364389],[38.211357,-2.359499],[38.211414,-2.355096],[38.210659,-2.354088],[38.207581,-2.353984],[38.204102,-2.353225],[38.1992,-2.35311],[38.196598,-2.351567],[38.195992,-2.348251],[38.194832,-2.347006],[38.19165,-2.345038],[38.187141,-2.339401],[38.184513,-2.337828],[38.182606,-2.337318],[38.174332,-2.338423],[38.17157,-2.337178],[38.168671,-2.334803],[38.164719,-2.333813],[38.16106,-2.331773],[38.158916,-2.331414],[38.155445,-2.329021],[38.152584,-2.327958],[38.149334,-2.325517],[38.148315,-2.322738],[38.145985,-2.320821],[38.142162,-2.319958],[38.137241,-2.319917],[38.130966,-2.31859],[38.127628,-2.318441],[38.12326,-2.317716],[38.119068,-2.313895],[38.11644,-2.312244],[38.11515,-2.310124],[38.114704,-2.306939],[38.114662,-2.303546],[38.114006,-2.301158],[38.112919,-2.30061],[38.108761,-2.299763],[38.107689,-2.298874],[38.107742,-2.297174],[38.109619,-2.294165],[38.109612,-2.291552],[38.108898,-2.287745],[38.11063,-2.285978],[38.110252,-2.284297],[38.107651,-2.282658],[38.102734,-2.281397],[38.099197,-2.278394],[38.097855,-2.276579],[38.097584,-2.272358],[38.097008,-2.270835],[38.095573,-2.27036],[38.093925,-2.271066],[38.091072,-2.271365],[38.086361,-2.270408],[38.085045,-2.26908],[38.084408,-2.267283],[38.08453,-2.263885],[38.084084,-2.262684],[38.081596,-2.259285],[38.080379,-2.258786],[38.074406,-2.259901],[38.073635,-2.259231],[38.073921,-2.257263],[38.075008,-2.25468],[38.073746,-2.252079],[38.0709,-2.249551],[38.069695,-2.247444],[38.070175,-2.243478],[38.069977,-2.238916],[38.06892,-2.233586],[38.068001,-2.227439],[38.06657,-2.222938],[38.062996,-2.222177],[38.061775,-2.220434],[38.061954,-2.218528],[38.063477,-2.21692],[38.067062,-2.214952],[38.068123,-2.213612],[38.067467,-2.212065],[38.063511,-2.210962],[38.060127,-2.208611],[38.057842,-2.205535],[38.056496,-2.20124],[38.054844,-2.197226],[38.054333,-2.194144],[38.053059,-2.191128],[38.052872,-2.186834],[38.052013,-2.184501],[38.048309,-2.181894],[38.046196,-2.17883],[38.046379,-2.177234],[38.04866,-2.172806],[38.04834,-2.168523],[38.045139,-2.166142],[38.041504,-2.165465],[38.038494,-2.166026],[38.035992,-2.165898],[38.031845,-2.163272],[38.026283,-2.160903],[38.023926,-2.157997],[38.021946,-2.151546],[38.021122,-2.1478],[38.019867,-2.146119],[38.018242,-2.146137],[38.015781,-2.147063],[38.01022,-2.150273],[38.003773,-2.151845],[38.00135,-2.152661],[37.997177,-2.153081],[37.992153,-2.155],[37.987259,-2.156383],[37.984646,-2.157754],[37.98156,-2.159879],[37.975155,-2.161153],[37.971886,-2.162889],[37.96973,-2.165703],[37.968803,-2.166251],[37.964397,-2.166525],[37.962803,-2.165331],[37.962444,-2.161305],[37.96328,-2.156608],[37.961933,-2.152046],[37.961315,-2.148056],[37.961361,-2.143554],[37.960354,-2.140503],[37.956722,-2.13859],[37.954853,-2.135246],[37.953281,-2.134515],[37.952393,-2.133102],[37.952057,-2.129355],[37.952526,-2.12405],[37.952507,-2.121193],[37.953247,-2.117057],[37.954311,-2.113286],[37.954533,-2.110765],[37.953758,-2.107177],[37.954105,-2.10555],[37.956985,-2.101195],[37.956608,-2.098125],[37.955517,-2.095658],[37.956425,-2.081812],[37.957619,-2.077767],[37.958351,-2.071724],[37.958263,-2.070116],[37.95715,-2.068003],[37.956352,-2.062624],[37.953911,-2.060108],[37.952042,-2.056898],[37.95171,-2.054729],[37.951973,-2.052384],[37.953117,-2.048815],[37.95293,-2.046835],[37.951187,-2.044252],[37.949287,-2.036955],[37.948627,-2.035225],[37.946735,-2.034342],[37.944881,-2.034378],[37.943359,-2.035572],[37.94141,-2.035654],[37.937641,-2.033221],[37.936405,-2.031813],[37.936424,-2.030537],[37.939404,-2.028567],[37.939896,-2.025426],[37.941021,-2.022742],[37.941277,-2.020867],[37.940231,-2.019782],[37.937126,-2.018868],[37.936672,-2.016717],[37.938393,-2.011759],[37.938526,-2.009988],[37.937347,-2.008504],[37.935081,-2.007552],[37.933624,-2.005182],[37.934994,-2.001984],[37.935051,-2.000537],[37.928303,-1.997189],[37.926903,-1.995026],[37.928749,-1.991527],[37.928303,-1.990127],[37.925056,-1.987805],[37.923912,-1.985578],[37.920731,-1.976035],[37.919842,-1.974],[37.916214,-1.964202],[37.914623,-1.958444],[37.91246,-1.954309],[37.915005,-1.948774],[37.915005,-1.947247],[37.91367,-1.941967],[37.911888,-1.938659],[37.909153,-1.9357],[37.907562,-1.932392],[37.90807,-1.930547],[37.910236,-1.927303],[37.909344,-1.92374],[37.909409,-1.920559],[37.91106,-1.918269],[37.911762,-1.915851],[37.911762,-1.913688],[37.912651,-1.912257],[37.916153,-1.909966],[37.917107,-1.908058],[37.917358,-1.905449],[37.916595,-1.902586],[37.914879,-1.901887],[37.911251,-1.902459],[37.906799,-1.904177],[37.90559,-1.90405],[37.904446,-1.90265],[37.904255,-1.899851],[37.90559,-1.895397],[37.905655,-1.891898],[37.902027,-1.883978],[37.901073,-1.879842],[37.900501,-1.875198],[37.898529,-1.871699],[37.897766,-1.869345],[37.897892,-1.867818],[37.90012,-1.863683],[37.897194,-1.861233],[37.89185,-1.859134],[37.890194,-1.858816],[37.887459,-1.859707],[37.886375,-1.85907],[37.88485,-1.854744],[37.883389,-1.851754],[37.884785,-1.846156],[37.885677,-1.844501],[37.889305,-1.843484],[37.891468,-1.841957],[37.891594,-1.839794],[37.890575,-1.838012],[37.886124,-1.833591],[37.882179,-1.833336],[37.878677,-1.831046],[37.873337,-1.824811],[37.869007,-1.820994],[37.866272,-1.816286],[37.862518,-1.813455],[37.855202,-1.805375],[37.851131,-1.801113],[37.847187,-1.797868],[37.84515,-1.795069],[37.844135,-1.791633],[37.840061,-1.782186],[37.837708,-1.779196],[37.839233,-1.775442],[37.838535,-1.771625],[37.840317,-1.767871],[37.844006,-1.766217],[37.845341,-1.766281],[37.84827,-1.768762],[37.850178,-1.769017],[37.851513,-1.767044],[37.851006,-1.764531],[37.853485,-1.763895],[37.852596,-1.761096],[37.852787,-1.757215],[37.85482,-1.755307],[37.85495,-1.754352],[37.853104,-1.750344],[37.85355,-1.7471],[37.852215,-1.743791],[37.851894,-1.740642],[37.850243,-1.737398],[37.84935,-1.730081],[37.848206,-1.7276],[37.844898,-1.724801],[37.844261,-1.723147],[37.844769,-1.715035],[37.844387,-1.713381],[37.842861,-1.711473],[37.839424,-1.710391],[37.835098,-1.710582],[37.834274,-1.709119],[37.83567,-1.705938],[37.837135,-1.699003],[37.835861,-1.694868],[37.836819,-1.690669],[37.835545,-1.68981],[37.832493,-1.689492],[37.830135,-1.68542],[37.830902,-1.682939],[37.8288,-1.681858],[37.825111,-1.683321],[37.823776,-1.683321],[37.82085,-1.681794],[37.819893,-1.680649],[37.819386,-1.678359],[37.819641,-1.675559],[37.821865,-1.671488],[37.821865,-1.669643],[37.820595,-1.666525],[37.81913,-1.664585],[37.815632,-1.664203],[37.813278,-1.662485],[37.809334,-1.658605],[37.808315,-1.655996],[37.806915,-1.654597],[37.804817,-1.654215],[37.803799,-1.652752],[37.805389,-1.651034],[37.80418,-1.648934],[37.801189,-1.648998],[37.800808,-1.647344],[37.803226,-1.644735],[37.803352,-1.642572],[37.802334,-1.640791],[37.800236,-1.635733],[37.796738,-1.631534],[37.795338,-1.627908],[37.792091,-1.626127],[37.79184,-1.622564],[37.791267,-1.620019],[37.788212,-1.617093],[37.787003,-1.613816],[37.784332,-1.611653],[37.782803,-1.609426],[37.781788,-1.604401],[37.778351,-1.599947],[37.775486,-1.595557],[37.775486,-1.592376],[37.774853,-1.590722],[37.771481,-1.586174],[37.771862,-1.584074],[37.77116,-1.582865],[37.767918,-1.582293],[37.764038,-1.58032],[37.760284,-1.577012],[37.758564,-1.574213],[37.757229,-1.570269],[37.755131,-1.568551],[37.753323,-1.566382]]]},"properties":{"code":903}},{"type":"Feature","geometry":{"type":"MultiPolygon","coordinates":[[[[40.207935,-2.032893],[40.219043,-2.090763],[40.249512,-2.248779],[40.249512,-2.398071],[40.440674,-2.397522],[40.485157,-2.411558],[40.663663,-2.467885],[40.705899,-2.4604],[40.730713,-2.455994],[40.733276,-2.454529],[40.742126,-2.450073],[40.747925,-2.448792],[40.756531,-2.448181],[40.762695,-2.448975],[40.766479,-2.450195],[40.767883,-2.44989],[40.769104,-2.447693],[40.769104,-2.439392],[40.769287,-2.437988],[40.770874,-2.433716],[40.773682,-2.429016],[40.776123,-2.42572],[40.78009,-2.422302],[40.783325,-2.418823],[40.787903,-2.414917],[40.790527,-2.413391],[40.797485,-2.408386],[40.802307,-2.405212],[40.806702,-2.401184],[40.811279,-2.396179],[40.817322,-2.393677],[40.822327,-2.389221],[40.82312,-2.385376],[40.82251,-2.382507],[40.82251,-2.3797],[40.823303,-2.376709],[40.822876,-2.374878],[40.82312,-2.369629],[40.822083,-2.367493],[40.821289,-2.363708],[40.820313,-2.360779],[40.817078,-2.357483],[40.815125,-2.35498],[40.808716,-2.354492],[40.806885,-2.354126],[40.801514,-2.351196],[40.798523,-2.347778],[40.796082,-2.342773],[40.795715,-2.341003],[40.794128,-2.341675],[40.795715,-2.343872],[40.796082,-2.348877],[40.794922,-2.350769],[40.79248,-2.34967],[40.789124,-2.346069],[40.786926,-2.346008],[40.788696,-2.348511],[40.787903,-2.351318],[40.78949,-2.352478],[40.789673,-2.354309],[40.788696,-2.356384],[40.789673,-2.357483],[40.790527,-2.359985],[40.788086,-2.360413],[40.785278,-2.362427],[40.784912,-2.363708],[40.786682,-2.366394],[40.785522,-2.367126],[40.786316,-2.3703],[40.784485,-2.371399],[40.784485,-2.372681],[40.782471,-2.373901],[40.780518,-2.377197],[40.777893,-2.378906],[40.777283,-2.381226],[40.776123,-2.38147],[40.774902,-2.380188],[40.770874,-2.381897],[40.770874,-2.384827],[40.771729,-2.385925],[40.771729,-2.388306],[40.772522,-2.391174],[40.772522,-2.393677],[40.771301,-2.394226],[40.768921,-2.390198],[40.767273,-2.389771],[40.76532,-2.392517],[40.761475,-2.393799],[40.762085,-2.391785],[40.76532,-2.388794],[40.768311,-2.386719],[40.767883,-2.381897],[40.76947,-2.379272],[40.771912,-2.378174],[40.773682,-2.376526],[40.775879,-2.376099],[40.77771,-2.374084],[40.77533,-2.373474],[40.773071,-2.374512],[40.771484,-2.37439],[40.769104,-2.375671],[40.7677,-2.374573],[40.768127,-2.372498],[40.766113,-2.371277],[40.766296,-2.370178],[40.768311,-2.36969],[40.770508,-2.368103],[40.770691,-2.369812],[40.772522,-2.371399],[40.775879,-2.369202],[40.774719,-2.36792],[40.77771,-2.366028],[40.780518,-2.363281],[40.779724,-2.362],[40.781128,-2.360596],[40.779907,-2.358826],[40.778687,-2.359802],[40.779297,-2.361694],[40.77771,-2.362488],[40.776123,-2.361206],[40.776123,-2.359375],[40.774109,-2.35907],[40.772705,-2.360718],[40.770874,-2.357483],[40.772888,-2.353394],[40.771484,-2.351501],[40.768921,-2.349121],[40.76593,-2.3526],[40.763672,-2.350403],[40.762878,-2.348572],[40.763672,-2.344604],[40.76532,-2.343811],[40.765686,-2.34259],[40.763489,-2.339905],[40.763489,-2.337891],[40.761475,-2.335815],[40.758911,-2.327698],[40.758728,-2.322388],[40.758911,-2.31781],[40.75531,-2.3172],[40.752319,-2.314087],[40.747498,-2.314087],[40.746277,-2.312622],[40.743713,-2.311584],[40.739075,-2.31073],[40.736877,-2.309204],[40.735474,-2.309326],[40.731323,-2.306885],[40.730103,-2.307129],[40.726929,-2.303589],[40.725525,-2.303894],[40.725281,-2.305786],[40.723877,-2.30658],[40.727478,-2.309387],[40.726074,-2.311218],[40.723083,-2.310486],[40.720703,-2.310486],[40.718506,-2.309326],[40.715698,-2.308472],[40.712708,-2.308411],[40.710876,-2.3078],[40.71051,-2.305908],[40.708313,-2.306274],[40.706909,-2.308594],[40.704102,-2.308899],[40.703491,-2.306519],[40.701294,-2.305115],[40.703491,-2.303894],[40.702698,-2.30188],[40.704285,-2.2995],[40.704529,-2.297791],[40.703674,-2.296204],[40.703491,-2.293884],[40.701294,-2.293274],[40.698486,-2.291382],[40.696472,-2.292725],[40.694885,-2.291626],[40.692871,-2.291321],[40.693115,-2.289429],[40.690918,-2.288879],[40.691528,-2.287781],[40.693726,-2.287292],[40.696716,-2.285889],[40.697876,-2.284485],[40.697083,-2.28241],[40.699524,-2.283386],[40.701904,-2.281372],[40.705505,-2.280396],[40.705322,-2.282227],[40.706116,-2.283386],[40.709717,-2.283203],[40.710876,-2.28241],[40.709473,-2.27948],[40.707703,-2.278015],[40.706482,-2.274902],[40.706482,-2.273315],[40.705322,-2.271606],[40.706726,-2.27002],[40.70813,-2.27179],[40.710083,-2.271729],[40.712097,-2.27002],[40.712891,-2.270325],[40.714294,-2.272888],[40.714478,-2.276306],[40.716492,-2.275574],[40.718323,-2.2771],[40.72052,-2.278015],[40.72168,-2.277405],[40.72168,-2.275024],[40.723877,-2.274109],[40.723877,-2.2724],[40.725708,-2.27179],[40.727478,-2.273804],[40.729309,-2.274597],[40.729919,-2.275818],[40.726318,-2.278076],[40.725525,-2.280396],[40.726318,-2.281982],[40.725525,-2.284729],[40.727295,-2.285583],[40.729126,-2.284119],[40.729675,-2.286377],[40.731873,-2.286926],[40.734497,-2.288208],[40.738525,-2.289429],[40.739929,-2.292175],[40.743103,-2.29303],[40.743713,-2.2948],[40.745728,-2.295776],[40.748291,-2.294006],[40.749512,-2.29657],[40.751526,-2.299194],[40.752075,-2.301697],[40.754089,-2.305908],[40.755127,-2.305969],[40.75769,-2.303589],[40.756104,-2.30127],[40.756287,-2.297974],[40.755493,-2.295715],[40.754272,-2.296082],[40.754517,-2.297729],[40.752686,-2.297485],[40.751282,-2.294495],[40.749329,-2.288269],[40.748291,-2.28717],[40.744873,-2.286621],[40.74292,-2.28479],[40.741272,-2.286072],[40.740112,-2.286072],[40.739502,-2.284119],[40.737671,-2.282104],[40.738892,-2.280579],[40.738281,-2.276184],[40.740112,-2.272705],[40.741089,-2.276184],[40.74292,-2.276978],[40.743286,-2.275208],[40.741272,-2.272522],[40.742126,-2.270996],[40.744873,-2.270386],[40.748108,-2.273621],[40.752319,-2.275208],[40.754272,-2.276611],[40.756104,-2.275391],[40.75293,-2.274109],[40.749878,-2.2724],[40.747498,-2.269897],[40.741699,-2.266174],[40.740479,-2.267517],[40.738708,-2.267212],[40.736511,-2.262512],[40.734497,-2.259277],[40.733887,-2.256287],[40.731873,-2.258423],[40.732483,-2.259827],[40.728088,-2.264221],[40.723328,-2.266785],[40.721497,-2.264893],[40.72113,-2.262695],[40.720093,-2.261475],[40.718506,-2.261108],[40.715881,-2.261475],[40.711731,-2.260681],[40.710876,-2.262512],[40.709106,-2.263],[40.705322,-2.26178],[40.704102,-2.260376],[40.703125,-2.258118],[40.700684,-2.256287],[40.698914,-2.254089],[40.699524,-2.252991],[40.702698,-2.253723],[40.703918,-2.256287],[40.707703,-2.257202],[40.709473,-2.25647],[40.713074,-2.256775],[40.714905,-2.257507],[40.716309,-2.257019],[40.717712,-2.25293],[40.721313,-2.250977],[40.720886,-2.249512],[40.722107,-2.246094],[40.7229,-2.246399],[40.722473,-2.249512],[40.723877,-2.250488],[40.725098,-2.250183],[40.726074,-2.242798],[40.725708,-2.238892],[40.725098,-2.236084],[40.7229,-2.231079],[40.715698,-2.221802],[40.713501,-2.218384],[40.711487,-2.216492],[40.70929,-2.21582],[40.70752,-2.212708],[40.704712,-2.2099],[40.701294,-2.205627],[40.699707,-2.205383],[40.697083,-2.205994],[40.695496,-2.204712],[40.696289,-2.203796],[40.69873,-2.203613],[40.69989,-2.202576],[40.704895,-2.202393],[40.705688,-2.204529],[40.704529,-2.207275],[40.706909,-2.20752],[40.708496,-2.208618],[40.711487,-2.212891],[40.712891,-2.213684],[40.714722,-2.213196],[40.715271,-2.21521],[40.716675,-2.216614],[40.718689,-2.216675],[40.719727,-2.21759],[40.719727,-2.22052],[40.72168,-2.224121],[40.724304,-2.226929],[40.726685,-2.227112],[40.727478,-2.225403],[40.725098,-2.220093],[40.726501,-2.220093],[40.729309,-2.224487],[40.729675,-2.226379],[40.729126,-2.229126],[40.727722,-2.231201],[40.729126,-2.233521],[40.729492,-2.235107],[40.731323,-2.237488],[40.733704,-2.236877],[40.735474,-2.238403],[40.737488,-2.236572],[40.736877,-2.23999],[40.740295,-2.243103],[40.742126,-2.243469],[40.743896,-2.244873],[40.7453,-2.244629],[40.745117,-2.240601],[40.743896,-2.23761],[40.743713,-2.234314],[40.744507,-2.2276],[40.746094,-2.228882],[40.748291,-2.229675],[40.747498,-2.2323],[40.747681,-2.234192],[40.749084,-2.237915],[40.748108,-2.241028],[40.749084,-2.243713],[40.748718,-2.245972],[40.749695,-2.246826],[40.751709,-2.247009],[40.75293,-2.250427],[40.755676,-2.250183],[40.756287,-2.251526],[40.757874,-2.252625],[40.761719,-2.253113],[40.762878,-2.25238],[40.763489,-2.25061],[40.763916,-2.245789],[40.766724,-2.246094],[40.76709,-2.243713],[40.768127,-2.241394],[40.768677,-2.238525],[40.771118,-2.237488],[40.774109,-2.237183],[40.774109,-2.239014],[40.771484,-2.239685],[40.770691,-2.240479],[40.770691,-2.243408],[40.771729,-2.247009],[40.771118,-2.250183],[40.771729,-2.250977],[40.774109,-2.250977],[40.774719,-2.25],[40.774475,-2.246704],[40.776489,-2.244385],[40.77771,-2.24469],[40.777527,-2.247009],[40.779297,-2.248718],[40.779724,-2.250977],[40.779114,-2.256104],[40.779724,-2.259399],[40.780884,-2.260376],[40.783508,-2.259216],[40.785522,-2.25531],[40.788879,-2.252686],[40.791687,-2.251709],[40.793884,-2.248108],[40.796082,-2.246582],[40.798279,-2.246277],[40.7995,-2.245178],[40.798889,-2.24231],[40.796692,-2.240906],[40.795105,-2.238892],[40.79248,-2.238708],[40.790527,-2.23999],[40.789673,-2.239197],[40.791687,-2.235229],[40.794128,-2.232727],[40.798889,-2.231995],[40.80011,-2.232422],[40.800903,-2.235291],[40.800476,-2.237488],[40.80188,-2.237427],[40.803711,-2.235596],[40.805298,-2.234802],[40.807922,-2.234375],[40.814697,-2.229492],[40.816528,-2.228699],[40.820679,-2.228027],[40.82373,-2.229004],[40.827271,-2.226929],[40.828918,-2.226685],[40.83313,-2.228699],[40.836731,-2.229309],[40.840698,-2.230713],[40.841492,-2.231873],[40.838501,-2.233887],[40.836914,-2.235596],[40.833313,-2.236572],[40.831726,-2.239502],[40.829712,-2.241211],[40.827515,-2.241577],[40.827881,-2.243286],[40.833679,-2.241089],[40.836914,-2.239197],[40.839722,-2.237],[40.842285,-2.235779],[40.84668,-2.234802],[40.848328,-2.233582],[40.854919,-2.232605],[40.855286,-2.23407],[40.851929,-2.235413],[40.850281,-2.236877],[40.848694,-2.237183],[40.848083,-2.239075],[40.849487,-2.239685],[40.853088,-2.238098],[40.856079,-2.237976],[40.859497,-2.236816],[40.862122,-2.234375],[40.868286,-2.233826],[40.870728,-2.23291],[40.875488,-2.23291],[40.875671,-2.231384],[40.872498,-2.231079],[40.86792,-2.231384],[40.861694,-2.232178],[40.861328,-2.230713],[40.862915,-2.230103],[40.864685,-2.227783],[40.866516,-2.226929],[40.866882,-2.223816],[40.868286,-2.223328],[40.871887,-2.224976],[40.875671,-2.226318],[40.876526,-2.224976],[40.874084,-2.223389],[40.875122,-2.221802],[40.87793,-2.221802],[40.878296,-2.221008],[40.873108,-2.218384],[40.871277,-2.219299],[40.869873,-2.218689],[40.870483,-2.21698],[40.862122,-2.214111],[40.85968,-2.21167],[40.861511,-2.21051],[40.864075,-2.211426],[40.866882,-2.210571],[40.874512,-2.211121],[40.876099,-2.213074],[40.87793,-2.213623],[40.881531,-2.213074],[40.881531,-2.21167],[40.879883,-2.21167],[40.879089,-2.21051],[40.878296,-2.203125],[40.876892,-2.202576],[40.874084,-2.203796],[40.872314,-2.203491],[40.869507,-2.201599],[40.86908,-2.200195],[40.871887,-2.199219],[40.872925,-2.197571],[40.875305,-2.196899],[40.877075,-2.19751],[40.880676,-2.195801],[40.882507,-2.192688],[40.883118,-2.190918],[40.881897,-2.186829],[40.886719,-2.185974],[40.888489,-2.188171],[40.888916,-2.189514],[40.888672,-2.1922],[40.889709,-2.193481],[40.888916,-2.19519],[40.889099,-2.197083],[40.886475,-2.197083],[40.885071,-2.198914],[40.886475,-2.200195],[40.886719,-2.202881],[40.888123,-2.203308],[40.889526,-2.202515],[40.891479,-2.198914],[40.893494,-2.19989],[40.895081,-2.202087],[40.896729,-2.202393],[40.897888,-2.200989],[40.898499,-2.198303],[40.900085,-2.198608],[40.902527,-2.202209],[40.90271,-2.205627],[40.900513,-2.20813],[40.900696,-2.209778],[40.903076,-2.212097],[40.905518,-2.212708],[40.907288,-2.214722],[40.910095,-2.215271],[40.911499,-2.216187],[40.915527,-2.21759],[40.920105,-2.220703],[40.923706,-2.221802],[40.925903,-2.221008],[40.925476,-2.219299],[40.923096,-2.21759],[40.921875,-2.215698],[40.919678,-2.211182],[40.919128,-2.209229],[40.919678,-2.206421],[40.919312,-2.199585],[40.918274,-2.195618],[40.917297,-2.189209],[40.915283,-2.182983],[40.9151,-2.177795],[40.91571,-2.174377],[40.917114,-2.169373],[40.917297,-2.164978],[40.918274,-2.158325],[40.916321,-2.156982],[40.916077,-2.155518],[40.91687,-2.15332],[40.915894,-2.151978],[40.916687,-2.150391],[40.916321,-2.14679],[40.915283,-2.145386],[40.91333,-2.145691],[40.912476,-2.141907],[40.912109,-2.136414],[40.91272,-2.133972],[40.910889,-2.129517],[40.910522,-2.127502],[40.910522,-2.119202],[40.911926,-2.113708],[40.912109,-2.111389],[40.911926,-2.097717],[40.912903,-2.095093],[40.912292,-2.089417],[40.909119,-2.086426],[40.906311,-2.080078],[40.904114,-2.077271],[40.90271,-2.077271],[40.901306,-2.078369],[40.897888,-2.082275],[40.897095,-2.081482],[40.899475,-2.075928],[40.899475,-2.071228],[40.897888,-2.07019],[40.895325,-2.070679],[40.894104,-2.072693],[40.89209,-2.071716],[40.891113,-2.069885],[40.889282,-2.070374],[40.887329,-2.072388],[40.883728,-2.073486],[40.883911,-2.075806],[40.88208,-2.076599],[40.878906,-2.075684],[40.876099,-2.074097],[40.878479,-2.071594],[40.88092,-2.071777],[40.881714,-2.06958],[40.883911,-2.068909],[40.884888,-2.067627],[40.884094,-2.065918],[40.885681,-2.065186],[40.885681,-2.062805],[40.883484,-2.062012],[40.882324,-2.064209],[40.878296,-2.067627],[40.876526,-2.067871],[40.873718,-2.070618],[40.871704,-2.071411],[40.871521,-2.073303],[40.86853,-2.076599],[40.867676,-2.0755],[40.868896,-2.072205],[40.86853,-2.070984],[40.865479,-2.070801],[40.861328,-2.071777],[40.859924,-2.071289],[40.855286,-2.072205],[40.853882,-2.071228],[40.851074,-2.070679],[40.851074,-2.06897],[40.854675,-2.068787],[40.860718,-2.067505],[40.863892,-2.067505],[40.869873,-2.065613],[40.869873,-2.063599],[40.871704,-2.062988],[40.873291,-2.064209],[40.875671,-2.059692],[40.877319,-2.059692],[40.879517,-2.0578],[40.879272,-2.055603],[40.879883,-2.054382],[40.883484,-2.053894],[40.886475,-2.055115],[40.888916,-2.058777],[40.89032,-2.060303],[40.892883,-2.061523],[40.89447,-2.060181],[40.893494,-2.056519],[40.89209,-2.05658],[40.891296,-2.055176],[40.89032,-2.050171],[40.888123,-2.049011],[40.885315,-2.0495],[40.883484,-2.048279],[40.88269,-2.046082],[40.881104,-2.045471],[40.879089,-2.046387],[40.878479,-2.045105],[40.874695,-2.046082],[40.874878,-2.044189],[40.875916,-2.043091],[40.876099,-2.041321],[40.879272,-2.040222],[40.882324,-2.041077],[40.883911,-2.03772],[40.882507,-2.036804],[40.88208,-2.035217],[40.880493,-2.035522],[40.87793,-2.033875],[40.87793,-2.032471],[40.881104,-2.033691],[40.882874,-2.032898],[40.884888,-2.034302],[40.886475,-2.032288],[40.887878,-2.03241],[40.886475,-2.03479],[40.888123,-2.037415],[40.890686,-2.037415],[40.8927,-2.041809],[40.895081,-2.043213],[40.898315,-2.044006],[40.899719,-2.046204],[40.900513,-2.045593],[40.900879,-2.04071],[40.900085,-2.034302],[40.900696,-2.030823],[40.90033,-2.028015],[40.900513,-2.025391],[40.90271,-2.019897],[40.902527,-2.015381],[40.903503,-2.012024],[40.902527,-2.010193],[40.900513,-2.010315],[40.896118,-2.008423],[40.89209,-2.008789],[40.889526,-2.01239],[40.889099,-2.014282],[40.887329,-2.012573],[40.883484,-2.013672],[40.881287,-2.014709],[40.881531,-2.015808],[40.879272,-2.016907],[40.874329,-2.014099],[40.873474,-2.012024],[40.87207,-2.011292],[40.866699,-2.011292],[40.864502,-2.013184],[40.864502,-2.015076],[40.862915,-2.017822],[40.859131,-2.020508],[40.857483,-2.020386],[40.856689,-2.017822],[40.855286,-2.016724],[40.852112,-2.015869],[40.850281,-2.015991],[40.848083,-2.015198],[40.845093,-2.015869],[40.841125,-2.018616],[40.837524,-2.018616],[40.835876,-2.018005],[40.834106,-2.018616],[40.831726,-2.017029],[40.830078,-2.017029],[40.828918,-2.015991],[40.831116,-2.013306],[40.832886,-2.010498],[40.837524,-2.011719],[40.839722,-2.01062],[40.841675,-2.010681],[40.844482,-2.009277],[40.847107,-2.008789],[40.852112,-2.008789],[40.855286,-2.008179],[40.85791,-2.009277],[40.860474,-2.008179],[40.861328,-2.00708],[40.862488,-2.003601],[40.864929,-2.003113],[40.86792,-2.005005],[40.869873,-2.005127],[40.872314,-2.003723],[40.87207,-2.000488],[40.868713,-1.99939],[40.868713,-1.997498],[40.863525,-1.992187],[40.860901,-1.992615],[40.859131,-1.991028],[40.8573,-1.990295],[40.854919,-1.991577],[40.853088,-1.990723],[40.855713,-1.987976],[40.854492,-1.986389],[40.851074,-1.984497],[40.849915,-1.982483],[40.84668,-1.981384],[40.844482,-1.97937],[40.839905,-1.977417],[40.839294,-1.979614],[40.835876,-1.979492],[40.835327,-1.981018],[40.831116,-1.980408],[40.828308,-1.979004],[40.826294,-1.976624],[40.823486,-1.976501],[40.822876,-1.974609],[40.820496,-1.974182],[40.818481,-1.97522],[40.816895,-1.973389],[40.81427,-1.974976],[40.813477,-1.973572],[40.818909,-1.969971],[40.818726,-1.968628],[40.816101,-1.967712],[40.813477,-1.968079],[40.809875,-1.966187],[40.805481,-1.965088],[40.801086,-1.963013],[40.797913,-1.960571],[40.795288,-1.958984],[40.794922,-1.955811],[40.793274,-1.955017],[40.790283,-1.956604],[40.791321,-1.951904],[40.78772,-1.950928],[40.785278,-1.947998],[40.783325,-1.947205],[40.778931,-1.946289],[40.77771,-1.944885],[40.775696,-1.944397],[40.774109,-1.942383],[40.770874,-1.9422],[40.771729,-1.937012],[40.773682,-1.933777],[40.77533,-1.934509],[40.773682,-1.937073],[40.774719,-1.940002],[40.775696,-1.940186],[40.777283,-1.938416],[40.778503,-1.939026],[40.778503,-1.940979],[40.782288,-1.942627],[40.784302,-1.940002],[40.784912,-1.93811],[40.786682,-1.938477],[40.788086,-1.940002],[40.786316,-1.940918],[40.785889,-1.9422],[40.787292,-1.943298],[40.78949,-1.943176],[40.791321,-1.944214],[40.795898,-1.944275],[40.798889,-1.943176],[40.798889,-1.944275],[40.803528,-1.94397],[40.805298,-1.945313],[40.805298,-1.946899],[40.804077,-1.948608],[40.804871,-1.949707],[40.809082,-1.951904],[40.810486,-1.952271],[40.812073,-1.951294],[40.813477,-1.94928],[40.813477,-1.946716],[40.816528,-1.947083],[40.816284,-1.950317],[40.814514,-1.950684],[40.812683,-1.952576],[40.813904,-1.953979],[40.817505,-1.955811],[40.820679,-1.955017],[40.824524,-1.956604],[40.826904,-1.955811],[40.827698,-1.954773],[40.830872,-1.955322],[40.832275,-1.954285],[40.834473,-1.95697],[40.831482,-1.95697],[40.832275,-1.958496],[40.838074,-1.958801],[40.840881,-1.959595],[40.845276,-1.95929],[40.844116,-1.957397],[40.844727,-1.9552],[40.843323,-1.951721],[40.841675,-1.9505],[40.840698,-1.947876],[40.839478,-1.946716],[40.839111,-1.943909],[40.838318,-1.9422],[40.836731,-1.941406],[40.836121,-1.940125],[40.836121,-1.936829],[40.838074,-1.933228],[40.841492,-1.931519],[40.841492,-1.933228],[40.840698,-1.935608],[40.840088,-1.939514],[40.840881,-1.940796],[40.842896,-1.940125],[40.843689,-1.941223],[40.844116,-1.943726],[40.845276,-1.944397],[40.84729,-1.944214],[40.849121,-1.946411],[40.850525,-1.945679],[40.851318,-1.946899],[40.850525,-1.950684],[40.851074,-1.952698],[40.854675,-1.956421],[40.855896,-1.958496],[40.855896,-1.962891],[40.854675,-1.9646],[40.854675,-1.968079],[40.857483,-1.969299],[40.864075,-1.971191],[40.864929,-1.970215],[40.863892,-1.967773],[40.865295,-1.966797],[40.86731,-1.96698],[40.867676,-1.965698],[40.866272,-1.963318],[40.866882,-1.960327],[40.869873,-1.95459],[40.870911,-1.953613],[40.872925,-1.950378],[40.872681,-1.955078],[40.871704,-1.956177],[40.871704,-1.959412],[40.873291,-1.960388],[40.874329,-1.963013],[40.876282,-1.965576],[40.876099,-1.966614],[40.874084,-1.967712],[40.874084,-1.971008],[40.875305,-1.971375],[40.877686,-1.969604],[40.879272,-1.969177],[40.880127,-1.970276],[40.877686,-1.971924],[40.874512,-1.975525],[40.874329,-1.980286],[40.875122,-1.982117],[40.874084,-1.983215],[40.875488,-1.984802],[40.876526,-1.984375],[40.878906,-1.986816],[40.878296,-1.987976],[40.8797,-1.989197],[40.883728,-1.991211],[40.886902,-1.989075],[40.888672,-1.989075],[40.89093,-1.98999],[40.89032,-1.991211],[40.888306,-1.990784],[40.887878,-1.992187],[40.89032,-1.992126],[40.891479,-1.992676],[40.893494,-1.992126],[40.896301,-1.98938],[40.896729,-1.987427],[40.895081,-1.984192],[40.899292,-1.984985],[40.901917,-1.982788],[40.9021,-1.984985],[40.899902,-1.986572],[40.899292,-1.988586],[40.898071,-1.989502],[40.898315,-1.990784],[40.900879,-1.989624],[40.905273,-1.989075],[40.910522,-1.989685],[40.915527,-1.991577],[40.916077,-1.993286],[40.919128,-1.995605],[40.920715,-1.998596],[40.921082,-2.002075],[40.920288,-2.005188],[40.920471,-2.006897],[40.921509,-2.007813],[40.923279,-2.007874],[40.925293,-2.010193],[40.92749,-2.009094],[40.930481,-2.009827],[40.932678,-2.008911],[40.935913,-2.008179],[40.937073,-2.010193],[40.935486,-2.013],[40.936096,-2.016113],[40.934326,-2.017517],[40.933289,-2.01947],[40.931274,-2.017883],[40.926514,-2.019409],[40.929077,-2.02063],[40.930908,-2.022217],[40.930115,-2.024292],[40.928528,-2.022278],[40.926086,-2.022278],[40.926331,-2.024475],[40.924683,-2.024902],[40.923279,-2.02417],[40.921875,-2.024719],[40.919922,-2.028625],[40.919495,-2.030212],[40.923706,-2.031372],[40.922913,-2.033203],[40.92688,-2.034912],[40.930908,-2.038025],[40.931702,-2.039795],[40.935303,-2.041992],[40.935486,-2.044312],[40.940491,-2.049988],[40.942871,-2.05127],[40.943298,-2.052307],[40.942322,-2.054626],[40.942688,-2.057983],[40.941528,-2.058716],[40.940125,-2.057007],[40.938477,-2.057617],[40.937927,-2.060608],[40.93689,-2.061707],[40.938721,-2.066895],[40.938904,-2.068176],[40.940308,-2.070312],[40.942322,-2.071472],[40.943115,-2.072998],[40.943115,-2.075378],[40.945679,-2.076294],[40.952087,-2.075195],[40.952271,-2.073486],[40.949524,-2.072021],[40.94928,-2.067993],[40.952087,-2.063904],[40.952881,-2.06427],[40.952881,-2.06781],[40.956116,-2.068176],[40.957703,-2.070129],[40.959106,-2.07019],[40.96051,-2.067993],[40.960876,-2.066101],[40.962097,-2.063721],[40.960083,-2.063599],[40.959106,-2.06189],[40.958679,-2.057312],[40.957886,-2.054504],[40.95813,-2.048584],[40.95752,-2.046326],[40.958923,-2.045105],[40.960693,-2.041809],[40.959473,-2.040771],[40.958496,-2.042175],[40.957092,-2.041626],[40.956909,-2.039429],[40.958679,-2.037292],[40.957275,-2.033813],[40.956299,-2.030273],[40.954529,-2.029175],[40.952271,-2.029175],[40.949707,-2.027405],[40.949707,-2.026184],[40.952271,-2.026123],[40.952881,-2.024902],[40.952271,-2.0177],[40.952881,-2.014893],[40.955078,-2.011108],[40.955872,-2.009094],[40.957275,-2.007507],[40.961304,-2.004395],[40.959473,-2.00238],[40.958679,-1.997986],[40.95929,-1.994995],[40.961487,-2.000183],[40.962891,-2.000305],[40.962097,-1.994812],[40.962524,-1.991882],[40.963501,-1.990112],[40.965698,-1.98761],[40.969116,-1.984619],[40.969482,-1.982117],[40.967285,-1.979309],[40.965515,-1.974792],[40.966309,-1.970398],[40.967285,-1.967896],[40.970886,-1.964294],[40.971924,-1.962219],[40.971924,-1.960388],[40.96991,-1.958008],[40.968689,-1.957703],[40.965881,-1.958923],[40.964722,-1.958496],[40.963928,-1.955688],[40.964905,-1.951477],[40.964478,-1.945679],[40.961731,-1.945618],[40.960876,-1.944885],[40.961731,-1.942322],[40.964111,-1.940186],[40.965881,-1.93927],[40.966675,-1.935181],[40.967896,-1.934692],[40.970093,-1.932007],[40.971497,-1.931213],[40.973694,-1.928528],[40.975281,-1.930115],[40.979126,-1.928223],[40.977478,-1.927002],[40.976501,-1.924927],[40.976074,-1.922607],[40.974487,-1.92041],[40.977295,-1.920593],[40.978271,-1.922729],[40.982483,-1.92511],[40.983704,-1.926819],[40.987122,-1.926025],[40.988098,-1.924805],[40.988892,-1.922302],[40.991882,-1.918823],[40.989319,-1.919617],[40.988281,-1.918884],[40.987305,-1.916504],[40.98468,-1.915405],[40.984497,-1.913025],[40.983521,-1.911926],[40.981506,-1.90802],[40.980286,-1.906616],[40.979919,-1.905029],[40.981323,-1.903625],[40.981873,-1.906311],[40.983093,-1.906982],[40.986084,-1.911194],[40.988892,-1.912109],[40.991089,-1.911011],[40.990112,-1.908691],[40.994507,-1.908997],[40.997681,-1.905701],[41.001282,-1.90332],[41.000305,-1.9021],[40.997498,-1.902893],[40.996521,-1.901123],[40.997925,-1.900208],[40.999512,-1.900818],[41.000671,-1.900208],[41.001282,-1.898376],[40.999512,-1.896912],[40.999695,-1.895874],[41.002319,-1.895508],[41.003296,-1.89447],[41.003723,-1.888977],[41.005493,-1.889526],[41.005493,-1.892883],[41.007324,-1.893372],[41.00769,-1.895691],[41.009888,-1.894409],[41.009521,-1.892517],[41.010071,-1.891113],[41.012085,-1.893311],[41.018311,-1.892517],[41.021118,-1.891113],[41.023315,-1.889099],[41.026672,-1.883484],[41.028503,-1.882019],[41.033081,-1.879272],[41.035095,-1.878479],[41.037292,-1.875793],[41.037903,-1.873108],[41.037109,-1.869385],[41.037903,-1.867981],[41.040527,-1.865601],[41.045288,-1.865784],[41.046875,-1.873413],[41.048096,-1.874512],[41.05072,-1.874878],[41.05188,-1.879211],[41.051697,-1.881226],[41.050476,-1.883484],[41.048706,-1.884583],[41.046875,-1.883606],[41.046509,-1.887024],[41.048096,-1.888489],[41.048096,-1.889587],[41.046082,-1.889893],[41.044128,-1.888184],[41.040894,-1.891602],[41.038086,-1.893982],[41.035522,-1.895081],[41.031677,-1.898804],[41.028076,-1.900391],[41.024292,-1.904175],[41.026123,-1.906311],[41.024475,-1.906921],[41.022522,-1.905029],[41.019287,-1.904785],[41.016479,-1.906189],[41.013916,-1.906677],[41.012085,-1.908081],[41.010681,-1.910278],[41.010498,-1.912781],[41.011475,-1.914307],[41.011108,-1.916321],[41.012878,-1.91748],[41.011902,-1.918884],[41.009888,-1.917297],[41.008484,-1.917175],[41.007324,-1.918823],[41.008118,-1.92041],[41.008118,-1.922913],[41.006287,-1.922607],[41.00592,-1.919922],[41.004272,-1.918884],[41.003113,-1.919983],[41.002075,-1.923889],[40.999512,-1.928528],[40.995117,-1.932678],[40.991089,-1.938599],[40.987305,-1.942322],[40.988281,-1.945313],[40.986877,-1.945984],[40.98468,-1.94458],[40.983093,-1.947083],[40.98468,-1.951294],[40.987122,-1.953613],[40.989075,-1.956604],[40.990723,-1.956726],[40.991882,-1.957886],[40.993896,-1.958374],[40.992493,-1.9599],[40.989929,-1.960083],[40.990479,-1.968201],[40.989929,-1.971619],[40.989075,-1.973572],[40.989929,-1.974426],[40.991089,-1.979309],[40.991882,-1.983826],[40.989685,-1.9823],[40.987671,-1.982788],[40.986328,-1.987122],[40.985901,-1.989502],[40.983521,-1.993591],[40.983887,-1.997375],[40.985107,-1.99939],[40.987488,-2.001892],[40.987915,-2.003784],[40.989685,-2.00293],[40.989319,-2.007874],[40.990295,-2.01001],[40.989319,-2.012817],[40.986877,-2.012024],[40.986084,-2.010193],[40.983276,-2.013428],[40.982727,-2.015381],[40.983276,-2.017578],[40.985901,-2.019897],[40.988281,-2.020813],[40.989319,-2.02179],[40.989502,-2.024109],[40.988525,-2.026184],[40.990479,-2.027893],[40.990906,-2.03302],[40.99231,-2.033813],[40.99408,-2.032227],[40.996094,-2.031494],[41.001282,-2.031616],[41.005676,-2.028076],[41.006897,-2.027893],[41.010681,-2.032288],[41.010498,-2.034912],[41.009094,-2.034973],[41.008728,-2.037109],[41.006897,-2.039673],[41.00708,-2.041077],[41.009277,-2.043701],[41.012878,-2.044373],[41.012085,-2.047485],[41.014709,-2.047302],[41.014282,-2.045776],[41.016907,-2.044312],[41.020508,-2.041321],[41.021301,-2.039124],[41.022705,-2.03717],[41.020508,-2.036621],[41.021301,-2.035278],[41.024292,-2.035583],[41.02533,-2.037415],[41.027527,-2.039612],[41.028687,-2.041626],[41.031128,-2.040588],[41.030701,-2.038513],[41.031311,-2.036804],[41.034119,-2.032898],[41.036926,-2.030212],[41.036926,-2.025879],[41.039307,-2.023621],[41.040527,-2.023499],[41.042725,-2.020874],[41.041077,-2.019104],[41.041077,-2.017029],[41.044678,-2.011902],[41.047729,-2.011597],[41.049683,-2.011902],[41.050476,-2.009827],[41.052673,-2.008179],[41.052917,-2.004211],[41.054504,-2.004395],[41.057129,-2.003723],[41.059082,-2.00708],[41.059509,-2.010681],[41.058472,-2.013794],[41.059875,-2.013489],[41.061096,-2.011108],[41.061096,-2.008301],[41.059326,-2.004211],[41.059875,-2.00177],[41.06311,-2.002319],[41.063477,-1.999878],[41.060486,-1.999084],[41.059692,-1.99823],[41.061279,-1.996582],[41.061279,-1.994385],[41.063293,-1.99469],[41.063477,-1.993591],[41.062317,-1.991882],[41.062073,-1.989502],[41.065125,-1.987305],[41.066895,-1.987183],[41.066528,-1.985229],[41.067871,-1.980591],[41.069702,-1.981384],[41.070923,-1.981079],[41.077271,-1.974792],[41.079529,-1.97522],[41.080505,-1.973816],[41.08313,-1.974121],[41.08429,-1.972473],[41.087097,-1.970398],[41.089294,-1.970276],[41.088928,-1.968506],[41.090271,-1.968201],[41.092529,-1.966187],[41.094299,-1.968628],[41.096313,-1.968628],[41.097473,-1.967224],[41.099121,-1.967407],[41.102905,-1.966614],[41.104309,-1.965393],[41.103699,-1.962097],[41.107483,-1.962402],[41.109131,-1.963501],[41.110718,-1.962708],[41.112671,-1.960205],[41.114685,-1.96167],[41.114075,-1.96521],[41.115906,-1.968079],[41.116089,-1.969727],[41.11792,-1.971802],[41.118896,-1.971985],[41.1203,-1.969116],[41.119324,-1.967712],[41.118896,-1.963989],[41.121094,-1.963318],[41.12207,-1.960022],[41.123108,-1.959229],[41.125488,-1.962585],[41.125671,-1.965393],[41.127075,-1.96521],[41.127502,-1.963501],[41.127075,-1.961487],[41.128296,-1.959473],[41.131287,-1.959412],[41.133118,-1.961182],[41.134521,-1.961121],[41.137512,-1.958191],[41.141113,-1.955994],[41.1427,-1.954224],[41.143494,-1.950806],[41.145874,-1.951782],[41.147705,-1.949829],[41.148926,-1.952515],[41.152893,-1.948608],[41.155273,-1.945618],[41.158508,-1.94342],[41.160278,-1.941406],[41.163879,-1.938721],[41.165283,-1.936523],[41.164673,-1.934814],[41.160706,-1.934387],[41.162476,-1.930786],[41.164124,-1.929993],[41.167908,-1.930176],[41.170288,-1.928101],[41.171326,-1.928711],[41.172729,-1.927612],[41.171875,-1.923828],[41.174927,-1.924377],[41.176086,-1.925476],[41.17749,-1.925476],[41.177673,-1.922607],[41.179687,-1.92157],[41.179871,-1.920105],[41.178711,-1.91803],[41.179687,-1.91748],[41.181274,-1.919189],[41.183716,-1.918884],[41.184692,-1.917175],[41.187683,-1.916016],[41.18927,-1.91272],[41.190918,-1.912598],[41.192078,-1.911377],[41.192871,-1.90918],[41.195923,-1.908875],[41.197327,-1.907288],[41.197693,-1.905518],[41.199524,-1.905396],[41.199524,-1.902771],[41.200928,-1.898804],[41.202881,-1.897705],[41.204285,-1.898499],[41.205872,-1.897583],[41.208496,-1.898376],[41.21051,-1.896729],[41.214905,-1.893982],[41.216125,-1.892517],[41.22052,-1.890625],[41.221924,-1.888977],[41.223328,-1.888977],[41.225525,-1.886902],[41.226501,-1.887512],[41.225098,-1.889587],[41.22052,-1.893494],[41.219727,-1.894592],[41.222107,-1.896179],[41.223877,-1.895813],[41.224121,-1.897522],[41.222717,-1.898193],[41.222717,-1.900879],[41.221924,-1.9021],[41.218079,-1.904724],[41.218323,-1.909302],[41.21991,-1.909302],[41.22052,-1.907227],[41.222473,-1.906189],[41.223511,-1.904297],[41.225708,-1.903198],[41.227722,-1.901306],[41.231873,-1.902283],[41.234497,-1.900085],[41.235901,-1.900879],[41.234497,-1.902405],[41.236511,-1.904297],[41.236511,-1.905579],[41.235291,-1.908691],[41.235291,-1.910889],[41.237488,-1.911377],[41.238281,-1.908386],[41.239929,-1.908081],[41.238281,-1.913818],[41.236328,-1.917419],[41.238098,-1.918396],[41.242493,-1.916077],[41.244507,-1.916321],[41.24469,-1.9151],[41.243103,-1.913574],[41.24353,-1.911194],[41.246521,-1.911804],[41.247498,-1.90979],[41.251526,-1.907898],[41.251282,-1.910278],[41.248108,-1.912781],[41.251282,-1.913818],[41.250122,-1.91687],[41.251709,-1.918274],[41.250305,-1.920288],[41.252502,-1.924805],[41.251892,-1.927124],[41.250122,-1.929199],[41.245728,-1.93158],[41.24408,-1.93158],[41.242493,-1.933472],[41.24353,-1.937622],[41.242493,-1.93811],[41.241516,-1.936584],[41.239319,-1.935791],[41.236694,-1.937378],[41.235901,-1.938416],[41.237122,-1.941284],[41.236084,-1.943298],[41.236877,-1.943909],[41.238708,-1.942993],[41.241089,-1.94281],[41.241516,-1.943787],[41.239502,-1.945923],[41.239075,-1.947388],[41.235901,-1.94812],[41.237305,-1.949707],[41.238892,-1.949097],[41.24292,-1.948975],[41.243896,-1.950684],[41.246094,-1.952026],[41.248474,-1.951721],[41.248291,-1.9505],[41.246277,-1.94751],[41.248901,-1.943604],[41.250122,-1.942993],[41.252686,-1.943604],[41.252319,-1.941528],[41.250122,-1.939575],[41.249329,-1.937622],[41.251892,-1.938171],[41.253723,-1.937622],[41.254517,-1.938904],[41.256287,-1.938782],[41.256897,-1.93689],[41.256531,-1.935425],[41.257324,-1.933899],[41.259888,-1.933228],[41.261475,-1.933411],[41.260925,-1.935181],[41.263489,-1.936584],[41.264709,-1.938477],[41.265686,-1.935791],[41.267273,-1.934326],[41.268921,-1.9375],[41.270081,-1.937012],[41.274719,-1.937622],[41.2771,-1.936829],[41.28009,-1.938416],[41.279114,-1.942017],[41.281128,-1.94281],[41.282104,-1.944519],[41.280884,-1.947327],[41.282471,-1.952209],[41.282104,-1.954895],[41.279114,-1.958923],[41.276917,-1.960327],[41.274902,-1.962708],[41.275879,-1.964172],[41.275879,-1.966492],[41.2771,-1.969482],[41.276489,-1.972412],[41.276917,-1.974121],[41.276306,-1.977112],[41.276672,-1.978821],[41.276306,-1.981384],[41.277283,-1.981689],[41.280884,-1.978699],[41.282288,-1.976318],[41.285278,-1.974792],[41.286682,-1.971985],[41.292297,-1.968323],[41.294128,-1.968384],[41.294922,-1.967407],[41.295471,-1.963196],[41.297302,-1.959106],[41.2995,-1.956787],[41.303284,-1.954102],[41.306702,-1.953186],[41.309326,-1.953369],[41.311707,-1.954895],[41.312073,-1.956177],[41.310303,-1.960327],[41.311523,-1.960815],[41.3125,-1.958984],[41.31488,-1.956726],[41.312683,-1.955017],[41.312683,-1.952698],[41.313477,-1.94989],[41.316528,-1.947205],[41.320129,-1.946594],[41.323303,-1.943176],[41.323914,-1.940979],[41.321899,-1.941528],[41.321289,-1.940674],[41.322876,-1.937012],[41.323486,-1.934326],[41.325928,-1.932129],[41.327087,-1.929504],[41.329285,-1.927795],[41.331909,-1.92511],[41.333679,-1.921875],[41.339294,-1.913391],[41.342285,-1.911377],[41.34552,-1.911011],[41.3479,-1.911194],[41.351074,-1.9104],[41.350281,-1.907898],[41.353699,-1.902588],[41.355103,-1.901428],[41.356079,-1.896912],[41.358887,-1.894287],[41.360107,-1.89209],[41.362671,-1.889221],[41.365906,-1.887085],[41.367126,-1.885803],[41.369324,-1.884827],[41.370911,-1.881714],[41.373291,-1.879883],[41.375671,-1.878723],[41.377075,-1.876099],[41.379089,-1.874512],[41.381531,-1.873474],[41.38269,-1.87207],[41.386719,-1.870789],[41.389099,-1.866272],[41.388123,-1.864929],[41.385681,-1.866394],[41.379089,-1.866211],[41.377075,-1.864807],[41.374878,-1.860901],[41.373474,-1.860474],[41.370483,-1.860901],[41.36853,-1.862488],[41.365906,-1.86377],[41.364929,-1.863281],[41.365906,-1.860291],[41.367126,-1.859375],[41.368896,-1.859924],[41.371521,-1.858521],[41.37207,-1.856384],[41.377686,-1.854797],[41.380493,-1.855286],[41.381714,-1.858215],[41.38208,-1.860718],[41.382874,-1.861023],[41.384521,-1.863708],[41.387512,-1.862],[41.39032,-1.858093],[41.393677,-1.85437],[41.395691,-1.853027],[41.393494,-1.852417],[41.392273,-1.849976],[41.395081,-1.845093],[41.404724,-1.83783],[41.410278,-1.831299],[41.41272,-1.830017],[41.415527,-1.827209],[41.41748,-1.827698],[41.418091,-1.826721],[41.417725,-1.823425],[41.418274,-1.822083],[41.420715,-1.819519],[41.422485,-1.818787],[41.4245,-1.816528],[41.421875,-1.816528],[41.421082,-1.815491],[41.423096,-1.814575],[41.421875,-1.810913],[41.423889,-1.807373],[41.426331,-1.804993],[41.429077,-1.801514],[41.432678,-1.799377],[41.437683,-1.796997],[41.441284,-1.792603],[41.444275,-1.7901],[41.446289,-1.786804],[41.44812,-1.785583],[41.450073,-1.783386],[41.452698,-1.779114],[41.455078,-1.777893],[41.457703,-1.775391],[41.460327,-1.770996],[41.461914,-1.769104],[41.466309,-1.765503],[41.470093,-1.762085],[41.472473,-1.759216],[41.475098,-1.75708],[41.477295,-1.752808],[41.479675,-1.749878],[41.482483,-1.747498],[41.487671,-1.744995],[41.490479,-1.744629],[41.492676,-1.743103],[41.493286,-1.742004],[41.49469,-1.736511],[41.498108,-1.731201],[41.501282,-1.724426],[41.505493,-1.719727],[41.509888,-1.714294],[41.512329,-1.710083],[41.516479,-1.705078],[41.519714,-1.700012],[41.523315,-1.696106],[41.531677,-1.688782],[41.537109,-1.684814],[41.53949,-1.681702],[41.542297,-1.680115],[41.545288,-1.677429],[41.546875,-1.675293],[41.55249,-1.671509],[41.556519,-1.667114],[41.558716,-1.663208],[41.562031,-1.658573],[41.561981,-1.658653],[40.902905,-1.714484],[40.207935,-2.032893]]],[[[41.08551,-2.052429],[41.085083,-2.049377],[41.083923,-2.048828],[41.081116,-2.053528],[41.081726,-2.05658],[41.080872,-2.057312],[41.080872,-2.059204],[41.077271,-2.060486],[41.077087,-2.061707],[41.079529,-2.063477],[41.081726,-2.064026],[41.081909,-2.066589],[41.079529,-2.071716],[41.076111,-2.076599],[41.07428,-2.07782],[41.068481,-2.078918],[41.06427,-2.081299],[41.06012,-2.081909],[41.059326,-2.082825],[41.062683,-2.086182],[41.063477,-2.090576],[41.063721,-2.094116],[41.067688,-2.096191],[41.067078,-2.098328],[41.063293,-2.099182],[41.062683,-2.096497],[41.059875,-2.096497],[41.057495,-2.098022],[41.056885,-2.099121],[41.057129,-2.102417],[41.054688,-2.104492],[41.054077,-2.105591],[41.054077,-2.108276],[41.053284,-2.110779],[41.053284,-2.115723],[41.052673,-2.118713],[41.054688,-2.119629],[41.057678,-2.117004],[41.058105,-2.119019],[41.057129,-2.119995],[41.055481,-2.123291],[41.055115,-2.125122],[41.053894,-2.126892],[41.053711,-2.129211],[41.051697,-2.130493],[41.049072,-2.129028],[41.047729,-2.132996],[41.049927,-2.131775],[41.052124,-2.131714],[41.055481,-2.134399],[41.056885,-2.134583],[41.059509,-2.133423],[41.062317,-2.131226],[41.065308,-2.130005],[41.07428,-2.127502],[41.077087,-2.127319],[41.076721,-2.126099],[41.075073,-2.125977],[41.072876,-2.124695],[41.068909,-2.125488],[41.067871,-2.125],[41.070679,-2.120911],[41.072876,-2.120911],[41.076721,-2.118713],[41.077271,-2.120483],[41.078308,-2.120911],[41.079895,-2.119324],[41.079102,-2.116516],[41.078308,-2.115784],[41.076294,-2.116211],[41.0755,-2.115295],[41.076721,-2.11377],[41.075684,-2.111816],[41.078918,-2.110413],[41.080505,-2.111206],[41.080688,-2.114624],[41.082886,-2.116577],[41.087708,-2.116272],[41.089294,-2.114502],[41.088928,-2.112],[41.090698,-2.111023],[41.091919,-2.114807],[41.091492,-2.115784],[41.089294,-2.115906],[41.087891,-2.117126],[41.085327,-2.117187],[41.083496,-2.118896],[41.083923,-2.123474],[41.083496,-2.126709],[41.084106,-2.128479],[41.085693,-2.130005],[41.089478,-2.130188],[41.090088,-2.131287],[41.089294,-2.133423],[41.086731,-2.132874],[41.085876,-2.135315],[41.088684,-2.134705],[41.090698,-2.135376],[41.093506,-2.137817],[41.0979,-2.137878],[41.102478,-2.138306],[41.104309,-2.137695],[41.111084,-2.134277],[41.113892,-2.131409],[41.114075,-2.129272],[41.112915,-2.127197],[41.110291,-2.126709],[41.10968,-2.12439],[41.105896,-2.124207],[41.104675,-2.123108],[41.106323,-2.120911],[41.105286,-2.11908],[41.1073,-2.117676],[41.10791,-2.115295],[41.108887,-2.113892],[41.108521,-2.111816],[41.107117,-2.109314],[41.104492,-2.108521],[41.106323,-2.106201],[41.106079,-2.104919],[41.102905,-2.102173],[41.099304,-2.101013],[41.094482,-2.097595],[41.09967,-2.097412],[41.09967,-2.096313],[41.101501,-2.094421],[41.101685,-2.09137],[41.104492,-2.09021],[41.104675,-2.088684],[41.106873,-2.088318],[41.108276,-2.081909],[41.110718,-2.079102],[41.112671,-2.078003],[41.114502,-2.080017],[41.116272,-2.078308],[41.121094,-2.078979],[41.123291,-2.080627],[41.125671,-2.081116],[41.127686,-2.080688],[41.133118,-2.080872],[41.135498,-2.081787],[41.138916,-2.085693],[41.140503,-2.091003],[41.139709,-2.092712],[41.137512,-2.093201],[41.138123,-2.094788],[41.144897,-2.094299],[41.146118,-2.093506],[41.147095,-2.090393],[41.148071,-2.089172],[41.149902,-2.088684],[41.150879,-2.092712],[41.150879,-2.094788],[41.15448,-2.092102],[41.158508,-2.087219],[41.159912,-2.084778],[41.160889,-2.080688],[41.164673,-2.077393],[41.16449,-2.076111],[41.162903,-2.073181],[41.161499,-2.071777],[41.156921,-2.070374],[41.153076,-2.068787],[41.148926,-2.068298],[41.146484,-2.068481],[41.145081,-2.067322],[41.143311,-2.067017],[41.141724,-2.065796],[41.140076,-2.063416],[41.137329,-2.060974],[41.134521,-2.061279],[41.134277,-2.062317],[41.136475,-2.062683],[41.138489,-2.065796],[41.138916,-2.067383],[41.14209,-2.069702],[41.141296,-2.070374],[41.137878,-2.070801],[41.136475,-2.071594],[41.131104,-2.072327],[41.127319,-2.072327],[41.126709,-2.070984],[41.129517,-2.071106],[41.131287,-2.070679],[41.132324,-2.067688],[41.13031,-2.065918],[41.12793,-2.065918],[41.126709,-2.064819],[41.126099,-2.061707],[41.122498,-2.058411],[41.120117,-2.056885],[41.115723,-2.057617],[41.114685,-2.059387],[41.117126,-2.062195],[41.11792,-2.065796],[41.116089,-2.065002],[41.112671,-2.0625],[41.110474,-2.059692],[41.109497,-2.05719],[41.107117,-2.055481],[41.106689,-2.052979],[41.104309,-2.052429],[41.09967,-2.049622],[41.09552,-2.050415],[41.0979,-2.054321],[41.09729,-2.056396],[41.09552,-2.054077],[41.090698,-2.052795],[41.085876,-2.053101],[41.08551,-2.052429]]],[[[40.891907,-2.247925],[40.889526,-2.245178],[40.887512,-2.245117],[40.885498,-2.248413],[40.883118,-2.247375],[40.88031,-2.247498],[40.878906,-2.248413],[40.878479,-2.250183],[40.878479,-2.253601],[40.876282,-2.255371],[40.874695,-2.252686],[40.873718,-2.252808],[40.873291,-2.256104],[40.8703,-2.257019],[40.869873,-2.256104],[40.869873,-2.252319],[40.868286,-2.25293],[40.868103,-2.25647],[40.866516,-2.256104],[40.864685,-2.257324],[40.861328,-2.255981],[40.858887,-2.256226],[40.85791,-2.257324],[40.855103,-2.255981],[40.851318,-2.256287],[40.849304,-2.257507],[40.847107,-2.257324],[40.845276,-2.257996],[40.842712,-2.257874],[40.841309,-2.260315],[40.839294,-2.262085],[40.839478,-2.263672],[40.83728,-2.265198],[40.834717,-2.266174],[40.836121,-2.2677],[40.836304,-2.269226],[40.838074,-2.27063],[40.838928,-2.272217],[40.841125,-2.272827],[40.842102,-2.274109],[40.841492,-2.276428],[40.844116,-2.276489],[40.845276,-2.27771],[40.841492,-2.278503],[40.834717,-2.27771],[40.832275,-2.277771],[40.829529,-2.276489],[40.826294,-2.27417],[40.823486,-2.275085],[40.824707,-2.276672],[40.824524,-2.277771],[40.822876,-2.278687],[40.821289,-2.278687],[40.818481,-2.281128],[40.816711,-2.287903],[40.816528,-2.2901],[40.817078,-2.291321],[40.816284,-2.295593],[40.817078,-2.297424],[40.815918,-2.298218],[40.81488,-2.297119],[40.813477,-2.297607],[40.813477,-2.303528],[40.815491,-2.309509],[40.815308,-2.312988],[40.815674,-2.315613],[40.814087,-2.316284],[40.814087,-2.329285],[40.815918,-2.331909],[40.817871,-2.330688],[40.820129,-2.3302],[40.822693,-2.328918],[40.8255,-2.325989],[40.828491,-2.324707],[40.836914,-2.315796],[40.841125,-2.312927],[40.848511,-2.30719],[40.858704,-2.301208],[40.864929,-2.298401],[40.86969,-2.296692],[40.874084,-2.295776],[40.876526,-2.295593],[40.883118,-2.294006],[40.888489,-2.293579],[40.891113,-2.293091],[40.894287,-2.293091],[40.899475,-2.293579],[40.911072,-2.296082],[40.913879,-2.294006],[40.9151,-2.291016],[40.915283,-2.289429],[40.91333,-2.286987],[40.912109,-2.284485],[40.906494,-2.276123],[40.90448,-2.2724],[40.901917,-2.266785],[40.901123,-2.263],[40.899292,-2.259827],[40.895874,-2.255493],[40.891907,-2.247925]]],[[[40.9729,-2.222229],[40.968872,-2.220093],[40.967529,-2.222412],[40.965271,-2.2229],[40.965088,-2.22467],[40.966309,-2.226929],[40.969482,-2.227295],[40.9729,-2.23291],[40.9729,-2.234314],[40.970886,-2.235291],[40.968689,-2.237488],[40.970276,-2.241272],[40.968872,-2.243408],[40.96991,-2.24408],[40.97229,-2.24408],[40.973877,-2.24762],[40.97168,-2.249817],[40.968506,-2.248474],[40.966492,-2.25],[40.966125,-2.253113],[40.964478,-2.255615],[40.962891,-2.256409],[40.960876,-2.256409],[40.95813,-2.254028],[40.95813,-2.250793],[40.955078,-2.249817],[40.955078,-2.248718],[40.958496,-2.246582],[40.959473,-2.24469],[40.961487,-2.244385],[40.963684,-2.242188],[40.963928,-2.241028],[40.961914,-2.237305],[40.959717,-2.235779],[40.957886,-2.236389],[40.956482,-2.235779],[40.956116,-2.234497],[40.956116,-2.230774],[40.954529,-2.230408],[40.951721,-2.231506],[40.949097,-2.231079],[40.947327,-2.229614],[40.945923,-2.230896],[40.948914,-2.233215],[40.949097,-2.236511],[40.948303,-2.237122],[40.945496,-2.237488],[40.943909,-2.239014],[40.942078,-2.242493],[40.942078,-2.24469],[40.93988,-2.247986],[40.938293,-2.24939],[40.936279,-2.25238],[40.937073,-2.2547],[40.939514,-2.2547],[40.942078,-2.256592],[40.93988,-2.259216],[40.937927,-2.259521],[40.937317,-2.258179],[40.935303,-2.257629],[40.931519,-2.255005],[40.932129,-2.253418],[40.931885,-2.248596],[40.933472,-2.242371],[40.934875,-2.240479],[40.937317,-2.238403],[40.9375,-2.237],[40.934326,-2.236206],[40.932312,-2.236389],[40.931519,-2.235474],[40.928894,-2.237122],[40.927673,-2.236572],[40.927124,-2.232422],[40.92572,-2.230713],[40.9245,-2.231689],[40.922913,-2.231628],[40.919678,-2.228699],[40.917725,-2.225769],[40.916687,-2.224915],[40.909729,-2.221985],[40.905884,-2.222229],[40.904724,-2.220886],[40.901917,-2.222595],[40.902527,-2.233215],[40.903076,-2.234985],[40.90509,-2.238525],[40.905273,-2.243225],[40.908325,-2.246704],[40.908508,-2.250183],[40.909485,-2.252686],[40.911682,-2.255188],[40.91333,-2.25592],[40.9151,-2.258179],[40.91571,-2.259888],[40.918701,-2.263916],[40.919678,-2.266296],[40.921326,-2.268921],[40.923096,-2.270691],[40.927917,-2.278381],[40.930908,-2.280579],[40.934326,-2.281799],[40.935486,-2.281677],[40.938904,-2.279785],[40.943481,-2.27887],[40.944702,-2.279114],[40.947083,-2.281494],[40.950928,-2.282776],[40.952087,-2.28479],[40.955505,-2.285278],[40.957275,-2.282593],[40.959473,-2.281372],[40.962097,-2.278198],[40.964294,-2.278015],[40.963318,-2.281982],[40.961731,-2.28479],[40.961121,-2.286987],[40.958679,-2.290405],[40.956116,-2.292297],[40.955505,-2.2948],[40.951111,-2.293396],[40.9505,-2.291992],[40.949097,-2.292725],[40.948486,-2.294128],[40.946899,-2.294495],[40.941895,-2.292603],[40.938721,-2.290527],[40.93811,-2.289307],[40.934082,-2.289612],[40.931885,-2.290527],[40.931274,-2.291809],[40.927124,-2.294617],[40.92572,-2.294678],[40.924683,-2.296082],[40.923889,-2.2995],[40.922485,-2.298828],[40.921082,-2.29657],[40.918518,-2.30072],[40.915527,-2.302673],[40.913879,-2.304688],[40.912903,-2.307678],[40.91449,-2.311707],[40.916504,-2.314026],[40.918701,-2.31543],[40.920471,-2.315918],[40.923889,-2.317688],[40.929077,-2.317505],[40.933105,-2.316589],[40.938477,-2.316284],[40.944885,-2.314087],[40.951294,-2.309998],[40.956726,-2.305725],[40.957275,-2.304199],[40.958679,-2.302917],[40.959473,-2.301086],[40.959106,-2.297974],[40.959473,-2.29657],[40.961731,-2.294128],[40.963684,-2.291077],[40.968079,-2.287292],[40.968079,-2.28302],[40.968689,-2.280579],[40.975281,-2.270813],[40.977112,-2.268921],[40.980103,-2.266602],[40.982483,-2.263672],[40.986511,-2.260376],[40.988281,-2.257629],[40.985291,-2.256226],[40.985291,-2.249512],[40.984924,-2.247681],[40.982117,-2.24408],[40.980103,-2.240295],[40.978271,-2.23761],[40.976685,-2.234009],[40.976318,-2.231079],[40.974304,-2.223328],[40.9729,-2.222229]]],[[[41.053528,-2.085876],[41.0495,-2.084778],[41.045105,-2.083984],[41.042908,-2.084595],[41.044128,-2.086914],[41.043518,-2.088013],[41.039917,-2.089111],[41.037476,-2.088806],[41.036682,-2.090393],[41.031128,-2.09137],[41.028931,-2.092896],[41.02832,-2.094116],[41.02533,-2.094971],[41.023926,-2.097412],[41.019287,-2.101379],[41.0177,-2.099487],[41.01593,-2.099609],[41.011475,-2.096497],[41.009277,-2.096191],[41.006531,-2.096924],[41.004272,-2.099915],[41.004272,-2.10498],[41.003479,-2.105896],[41.004883,-2.109497],[41.004883,-2.111389],[41.00592,-2.115479],[41.004272,-2.115723],[41.001526,-2.110596],[40.999878,-2.110596],[41.000122,-2.11261],[40.995483,-2.109802],[40.994507,-2.108215],[40.99408,-2.106079],[40.994507,-2.103821],[40.996277,-2.099609],[40.993713,-2.100281],[40.99231,-2.100098],[40.990479,-2.098877],[40.988525,-2.099915],[40.981506,-2.101929],[40.978088,-2.103516],[40.973877,-2.104492],[40.97168,-2.106873],[40.970276,-2.109192],[40.96991,-2.110779],[40.970276,-2.114319],[40.97113,-2.115723],[40.973694,-2.116821],[40.976318,-2.116394],[40.979675,-2.118408],[40.982483,-2.117798],[40.983704,-2.118225],[40.983521,-2.120422],[40.984924,-2.124084],[40.984497,-2.131287],[40.985107,-2.132507],[40.989685,-2.133301],[40.99408,-2.135376],[40.9953,-2.137695],[40.99707,-2.139221],[40.999329,-2.139099],[41.003113,-2.137817],[41.006287,-2.137878],[41.010925,-2.138611],[41.014099,-2.137695],[41.016113,-2.135986],[41.016724,-2.133728],[41.013489,-2.131775],[41.008301,-2.127686],[41.008484,-2.125916],[41.014709,-2.123901],[41.01593,-2.124023],[41.018494,-2.12561],[41.019714,-2.125122],[41.019104,-2.123413],[41.021484,-2.121399],[41.026672,-2.118286],[41.028931,-2.115112],[41.034119,-2.109924],[41.036682,-2.108704],[41.041687,-2.108093],[41.045898,-2.109192],[41.049072,-2.108093],[41.051514,-2.10791],[41.053528,-2.102417],[41.055725,-2.098999],[41.058472,-2.095581],[41.060303,-2.093872],[41.06073,-2.091492],[41.060303,-2.089783],[41.057678,-2.086975],[41.053528,-2.085876]]],[[[41.278931,-2.001404],[41.279724,-1.997925],[41.282288,-1.99408],[41.286926,-1.98938],[41.289307,-1.983704],[41.291504,-1.981506],[41.295715,-1.978821],[41.297119,-1.976013],[41.298523,-1.975098],[41.300293,-1.9729],[41.302124,-1.972229],[41.303284,-1.970886],[41.304687,-1.967102],[41.304504,-1.964478],[41.301086,-1.965271],[41.298706,-1.968384],[41.296082,-1.970825],[41.292725,-1.97522],[41.290894,-1.976074],[41.290283,-1.977417],[41.286682,-1.981018],[41.285706,-1.982727],[41.282471,-1.986023],[41.281677,-1.988708],[41.276672,-1.994019],[41.273682,-1.994873],[41.272522,-1.996399],[41.272095,-1.998474],[41.272705,-2.000793],[41.270325,-2.001099],[41.269714,-2.003601],[41.267883,-2.002686],[41.266296,-2.006592],[41.263306,-2.01001],[41.259277,-2.013977],[41.258301,-2.016479],[41.256714,-2.018188],[41.256287,-2.020874],[41.254089,-2.02478],[41.25293,-2.02533],[41.252319,-2.026978],[41.250671,-2.027527],[41.250122,-2.030273],[41.253906,-2.027405],[41.256104,-2.028809],[41.257507,-2.025513],[41.257874,-2.023621],[41.261108,-2.020325],[41.266113,-2.013123],[41.269897,-2.01062],[41.270874,-2.008423],[41.273499,-2.006409],[41.278931,-2.001404]]],[[[41.43811,-1.836426],[41.437073,-1.834595],[41.433899,-1.834778],[41.432678,-1.836182],[41.431885,-1.838318],[41.429321,-1.841675],[41.424683,-1.843323],[41.422302,-1.845825],[41.418884,-1.846802],[41.415283,-1.849304],[41.411499,-1.851196],[41.410522,-1.852112],[41.409485,-1.854492],[41.404907,-1.859375],[41.403076,-1.862],[41.398682,-1.866882],[41.396301,-1.870789],[41.394897,-1.872314],[41.393921,-1.874695],[41.391113,-1.877991],[41.384705,-1.884521],[41.386475,-1.88562],[41.388489,-1.883301],[41.39093,-1.881409],[41.391724,-1.879211],[41.394897,-1.876221],[41.396912,-1.874817],[41.399719,-1.871826],[41.404907,-1.867493],[41.406494,-1.865479],[41.408508,-1.864807],[41.409302,-1.863098],[41.411499,-1.860718],[41.41449,-1.858582],[41.41748,-1.855591],[41.422119,-1.851929],[41.424072,-1.848022],[41.427124,-1.846191],[41.429077,-1.846191],[41.431885,-1.844116],[41.432678,-1.842407],[41.43811,-1.836426]]],[[[41.140076,-2.104187],[41.137878,-2.103271],[41.134888,-2.101074],[41.134521,-2.098083],[41.134888,-2.095825],[41.133911,-2.09198],[41.135925,-2.09137],[41.136108,-2.089783],[41.133484,-2.088806],[41.131897,-2.086792],[41.131104,-2.090088],[41.131897,-2.093018],[41.130676,-2.094788],[41.13031,-2.097412],[41.127319,-2.099304],[41.125305,-2.101379],[41.126526,-2.103699],[41.127319,-2.106628],[41.130676,-2.108826],[41.134094,-2.109985],[41.137085,-2.111877],[41.139282,-2.112],[41.141907,-2.113525],[41.14447,-2.113525],[41.147888,-2.112183],[41.150879,-2.112488],[41.15271,-2.111023],[41.154114,-2.108521],[41.153076,-2.106201],[41.150085,-2.106812],[41.149475,-2.105896],[41.150696,-2.103882],[41.15033,-2.102417],[41.147705,-2.100769],[41.145874,-2.100525],[41.14447,-2.101318],[41.141907,-2.104309],[41.140076,-2.104187]]],[[[41.164673,-1.958313],[41.164673,-1.956787],[41.166077,-1.9552],[41.165527,-1.954407],[41.162903,-1.956116],[41.161316,-1.955322],[41.159119,-1.955505],[41.158325,-1.956421],[41.158508,-1.958313],[41.157471,-1.958679],[41.156677,-1.956177],[41.15509,-1.956299],[41.154297,-1.95813],[41.15271,-1.958801],[41.152893,-1.960083],[41.150085,-1.960815],[41.148682,-1.959106],[41.147278,-1.962097],[41.148315,-1.964478],[41.145874,-1.964294],[41.144104,-1.966003],[41.143677,-1.968079],[41.145325,-1.970093],[41.149719,-1.969116],[41.155701,-1.969788],[41.160278,-1.968201],[41.16571,-1.967896],[41.169922,-1.96582],[41.170898,-1.963379],[41.172729,-1.963074],[41.175476,-1.965698],[41.176331,-1.963806],[41.1745,-1.963318],[41.174683,-1.959229],[41.172913,-1.958496],[41.168884,-1.958496],[41.166321,-1.9599],[41.16571,-1.96167],[41.164307,-1.962402],[41.164673,-1.958313]]],[[[41.058472,-2.159485],[41.059692,-2.158386],[41.061096,-2.155884],[41.060303,-2.15271],[41.057922,-2.151428],[41.055725,-2.149292],[41.049927,-2.1474],[41.047302,-2.148071],[41.044922,-2.150391],[41.042908,-2.151489],[41.042114,-2.155518],[41.045288,-2.15802],[41.051697,-2.161316],[41.055725,-2.161011],[41.058472,-2.159485]]],[[[41.157288,-1.975708],[41.154907,-1.974182],[41.152283,-1.97467],[41.149902,-1.9776],[41.150085,-1.980774],[41.148315,-1.981995],[41.146484,-1.982117],[41.145691,-1.980103],[41.144287,-1.980713],[41.143921,-1.984497],[41.15033,-1.984314],[41.151917,-1.985229],[41.153076,-1.984924],[41.153076,-1.982727],[41.152283,-1.981873],[41.154114,-1.980591],[41.15509,-1.982605],[41.157288,-1.985596],[41.158691,-1.98468],[41.162109,-1.984314],[41.162292,-1.980408],[41.163086,-1.979004],[41.161926,-1.976807],[41.157288,-1.975708]]],[[[40.986084,-2.141113],[40.984314,-2.139587],[40.983093,-2.139526],[40.980103,-2.141113],[40.978516,-2.143127],[40.978516,-2.146912],[40.977722,-2.148926],[40.975525,-2.149902],[40.975708,-2.151794],[40.977905,-2.152527],[40.979492,-2.151917],[40.984131,-2.148621],[40.988892,-2.146423],[40.989929,-2.144226],[40.987915,-2.141296],[40.986084,-2.141113]]],[[[41.504517,-1.755127],[41.506897,-1.754028],[41.508911,-1.75238],[41.510925,-1.751404],[41.512695,-1.747925],[41.511475,-1.74707],[41.510315,-1.749023],[41.507874,-1.750916],[41.503723,-1.753479],[41.502686,-1.753479],[41.501526,-1.755493],[41.499512,-1.754517],[41.498474,-1.756287],[41.496277,-1.758423],[41.495483,-1.761169],[41.495483,-1.763916],[41.494324,-1.766113],[41.492493,-1.765503],[41.491882,-1.767029],[41.494324,-1.768921],[41.496704,-1.765869],[41.498291,-1.764771],[41.500671,-1.761597],[41.503296,-1.759583],[41.505127,-1.757507],[41.504517,-1.755127]]],[[[41.343506,-1.925415],[41.341309,-1.921814],[41.339905,-1.92218],[41.341125,-1.925171],[41.339478,-1.92511],[41.338684,-1.922607],[41.337524,-1.923828],[41.338074,-1.925171],[41.337891,-1.927307],[41.336731,-1.927979],[41.33313,-1.932312],[41.329285,-1.935608],[41.328308,-1.938477],[41.32489,-1.942505],[41.325684,-1.943726],[41.334106,-1.934509],[41.336121,-1.933228],[41.343506,-1.925415]]],[[[41.202271,-2.002686],[41.203491,-2.004089],[41.203491,-2.00708],[41.202087,-2.00769],[41.202881,-2.010071],[41.205505,-2.012207],[41.207886,-2.012573],[41.213501,-2.011108],[41.21228,-2.009094],[41.209473,-2.007507],[41.208496,-2.004395],[41.205505,-2.004028],[41.202271,-2.002686]]],[[[40.713074,-2.295105],[40.711487,-2.292908],[40.710083,-2.293213],[40.710083,-2.297485],[40.71051,-2.299927],[40.712891,-2.302307],[40.715881,-2.302307],[40.718689,-2.304077],[40.719116,-2.303101],[40.717529,-2.301514],[40.719299,-2.297485],[40.717102,-2.295288],[40.713074,-2.295105]]],[[[41.349304,-1.92041],[41.352478,-1.917786],[41.355713,-1.914124],[41.356506,-1.912476],[41.35791,-1.911926],[41.359497,-1.909912],[41.361511,-1.908813],[41.361511,-1.905823],[41.357483,-1.905579],[41.3573,-1.908325],[41.354126,-1.91217],[41.351929,-1.913269],[41.350891,-1.914429],[41.350708,-1.916199],[41.348083,-1.92041],[41.349304,-1.92041]]],[[[40.97168,-2.047791],[40.97113,-2.045776],[40.97113,-2.041626],[40.968689,-2.040894],[40.966675,-2.045593],[40.966309,-2.049011],[40.966919,-2.050903],[40.968079,-2.051208],[40.96991,-2.049805],[40.972717,-2.050598],[40.974121,-2.049622],[40.973511,-2.048523],[40.97168,-2.047791]]],[[[41.277283,-1.946411],[41.275085,-1.947571],[41.274109,-1.949219],[41.273682,-1.951904],[41.27533,-1.953613],[41.274902,-1.956726],[41.276123,-1.957275],[41.277527,-1.955505],[41.27771,-1.953979],[41.27948,-1.952393],[41.280273,-1.94989],[41.280273,-1.94812],[41.27948,-1.946777],[41.277283,-1.946411]]],[[[40.758728,-2.263489],[40.755493,-2.260376],[40.754089,-2.261108],[40.75531,-2.263123],[40.755676,-2.267578],[40.758118,-2.266174],[40.760925,-2.266602],[40.764282,-2.264709],[40.76709,-2.264221],[40.768127,-2.262695],[40.766724,-2.261597],[40.764893,-2.263],[40.759521,-2.263672],[40.758728,-2.263489]]],[[[41.186707,-1.981873],[41.18811,-1.97821],[41.187317,-1.973816],[41.187927,-1.971619],[41.1875,-1.969177],[41.185913,-1.96991],[41.186523,-1.971497],[41.185486,-1.973877],[41.182678,-1.973999],[41.181519,-1.975098],[41.184509,-1.977417],[41.183105,-1.979675],[41.186279,-1.982178],[41.186707,-1.981873]]],[[[41.225891,-1.911499],[41.229492,-1.909973],[41.231689,-1.909729],[41.234497,-1.906616],[41.234131,-1.90509],[41.229309,-1.90509],[41.227478,-1.906189],[41.22467,-1.910522],[41.225891,-1.911499]]],[[[40.985901,-2.224182],[40.983276,-2.222778],[40.982483,-2.224609],[40.983276,-2.225708],[40.987488,-2.2276],[40.990479,-2.22937],[40.992126,-2.228516],[40.991882,-2.224915],[40.990112,-2.223572],[40.987671,-2.224304],[40.985901,-2.224182]]],[[[41.026917,-2.139709],[41.026123,-2.137878],[41.023682,-2.136169],[41.020874,-2.136475],[41.019714,-2.139282],[41.021729,-2.140015],[41.022888,-2.141907],[41.024292,-2.1427],[41.026489,-2.141418],[41.026917,-2.139709]]],[[[40.745117,-2.255188],[40.74292,-2.254822],[40.741272,-2.25592],[40.740906,-2.257996],[40.741882,-2.258606],[40.744324,-2.258118],[40.745483,-2.259827],[40.747681,-2.261108],[40.749512,-2.258301],[40.749329,-2.25708],[40.747498,-2.25531],[40.745117,-2.255188]]],[[[40.782898,-2.286072],[40.782288,-2.283081],[40.784912,-2.280518],[40.784119,-2.278503],[40.781494,-2.279602],[40.77771,-2.284912],[40.777283,-2.286499],[40.778687,-2.287109],[40.782898,-2.286072]]],[[[41.210083,-1.913818],[41.207092,-1.913879],[41.205872,-1.914612],[41.205688,-1.916626],[41.206116,-1.920227],[41.2099,-1.919495],[41.211487,-1.918518],[41.210693,-1.916992],[41.211731,-1.915405],[41.210083,-1.913818]]],[[[41.398682,-1.85498],[41.397278,-1.855774],[41.392883,-1.859985],[41.393494,-1.861389],[41.395691,-1.861084],[41.398499,-1.858521],[41.401672,-1.857422],[41.401306,-1.855591],[41.398682,-1.85498]]],[[[40.816528,-2.251099],[40.822083,-2.248108],[40.823486,-2.24469],[40.823486,-2.242615],[40.821289,-2.244629],[40.819519,-2.247192],[40.817078,-2.248291],[40.815674,-2.250671],[40.816528,-2.251099]]],[[[41.178711,-1.985901],[41.177307,-1.983704],[41.175293,-1.985413],[41.1745,-1.987305],[41.174683,-1.989624],[41.175476,-1.990173],[41.179321,-1.988281],[41.180481,-1.987183],[41.178711,-1.985901]]],[[[40.788086,-2.277771],[40.790283,-2.276001],[40.790527,-2.273193],[40.788879,-2.272278],[40.786499,-2.272888],[40.786316,-2.276917],[40.788086,-2.277771]]],[[[41.34729,-1.914307],[41.344482,-1.913025],[41.341675,-1.912903],[41.340881,-1.914429],[41.339478,-1.9151],[41.33728,-1.918274],[41.338501,-1.919189],[41.341919,-1.915283],[41.343689,-1.914612],[41.346924,-1.914978],[41.34729,-1.914307]]],[[[41.079712,-2.130615],[41.078674,-2.13147],[41.078674,-2.133789],[41.081726,-2.134888],[41.082886,-2.134583],[41.081482,-2.130127],[41.079712,-2.130615]]],[[[41.110718,-2.053589],[41.112122,-2.052612],[41.112305,-2.05072],[41.111084,-2.048523],[41.109131,-2.048706],[41.10791,-2.049988],[41.108521,-2.052795],[41.110718,-2.053589]]],[[[40.816101,-2.233704],[40.81189,-2.233826],[40.809692,-2.235901],[40.811707,-2.237183],[40.813721,-2.236206],[40.816284,-2.236084],[40.816101,-2.233704]]],[[[41.252319,-1.9599],[41.250305,-1.957275],[41.247681,-1.958008],[41.247498,-1.959778],[41.249695,-1.960999],[41.25293,-1.961792],[41.252319,-1.9599]]],[[[41.373474,-1.893372],[41.375488,-1.891785],[41.378113,-1.887878],[41.38031,-1.886902],[41.379883,-1.885925],[41.376892,-1.885681],[41.374878,-1.889404],[41.373474,-1.893372]]],[[[41.186279,-1.94812],[41.186523,-1.945374],[41.184875,-1.944092],[41.18512,-1.947388],[41.182922,-1.947083],[41.181702,-1.947815],[41.184082,-1.949585],[41.185486,-1.951782],[41.186279,-1.94812]]],[[[41.20929,-1.90802],[41.20929,-1.906677],[41.206909,-1.906494],[41.207275,-1.908691],[41.208496,-1.909424],[41.208313,-1.911621],[41.211731,-1.909912],[41.212708,-1.908386],[41.20929,-1.90802]]],[[[41.264709,-1.947998],[41.266724,-1.947571],[41.267273,-1.945679],[41.265686,-1.94519],[41.262329,-1.945984],[41.262085,-1.947327],[41.264709,-1.947998]]],[[[41.509705,-1.747375],[41.510925,-1.745789],[41.508911,-1.741699],[41.50708,-1.741882],[41.50708,-1.743225],[41.508911,-1.745117],[41.509705,-1.747375]]],[[[41.223511,-1.917908],[41.22467,-1.916016],[41.22467,-1.913574],[41.221497,-1.915527],[41.221497,-1.91803],[41.223511,-1.917908]]],[[[40.996277,-2.096985],[40.996521,-2.095703],[40.99469,-2.092407],[40.992493,-2.094727],[40.9953,-2.097107],[40.996277,-2.096985]]],[[[41.208496,-1.930786],[41.209717,-1.927612],[41.208923,-1.926086],[41.206116,-1.928711],[41.206482,-1.93042],[41.208496,-1.930786]]],[[[41.239685,-1.923401],[41.241089,-1.921509],[41.243286,-1.92041],[41.242126,-1.918823],[41.239685,-1.920288],[41.238525,-1.922607],[41.239685,-1.923401]]],[[[41.239319,-1.956787],[41.237488,-1.958008],[41.240112,-1.958984],[41.24353,-1.959412],[41.243896,-1.958313],[41.241516,-1.957886],[41.239319,-1.956787]]],[[[41.10553,-2.051208],[41.106079,-2.049316],[41.104919,-2.047913],[41.103088,-2.047607],[41.103271,-2.050476],[41.10553,-2.051208]]],[[[41.452271,-1.818909],[41.454102,-1.816895],[41.455688,-1.812805],[41.454895,-1.810913],[41.453918,-1.815613],[41.452087,-1.817078],[41.452271,-1.818909]]],[[[41.213684,-1.922302],[41.211304,-1.920776],[41.20929,-1.923584],[41.213684,-1.922302]]],[[[41.233276,-1.928528],[41.233704,-1.926697],[41.231506,-1.923584],[41.231323,-1.925598],[41.231873,-1.928101],[41.233276,-1.928528]]],[[[40.812683,-2.243408],[40.814087,-2.242981],[40.816528,-2.241211],[40.816101,-2.240601],[40.813477,-2.241089],[40.812683,-2.243408]]],[[[40.932495,-2.230103],[40.932922,-2.229004],[40.931519,-2.2276],[40.930298,-2.227478],[40.929504,-2.228882],[40.932495,-2.230103]]],[[[40.759521,-2.276611],[40.759888,-2.274719],[40.757874,-2.273804],[40.757874,-2.276001],[40.759521,-2.276611]]],[[[41.24353,-1.955078],[41.24231,-1.954773],[41.239685,-1.955627],[41.243103,-1.95697],[41.24353,-1.955078]]],[[[41.475098,-1.803284],[41.476318,-1.802124],[41.475891,-1.799805],[41.473511,-1.802979],[41.475098,-1.803284]]],[[[41.236877,-1.956177],[41.236328,-1.953674],[41.234924,-1.953979],[41.234924,-1.955872],[41.236877,-1.956177]]],[[[40.942078,-2.228577],[40.942505,-2.22821],[40.940491,-2.224487],[40.939697,-2.224976],[40.941284,-2.228271],[40.942078,-2.228577]]],[[[40.99707,-2.090088],[40.996887,-2.091492],[40.999084,-2.09198],[40.999084,-2.090088],[40.99707,-2.090088]]],[[[41.43988,-1.835022],[41.441101,-1.832581],[41.43988,-1.83197],[41.439087,-1.833618],[41.43988,-1.835022]]],[[[40.725098,-2.256104],[40.724304,-2.253784],[40.723083,-2.254822],[40.725098,-2.256104]]]]},"properties":{"code":805}},{"type":"Feature","geometry":{"type":"Polygon","coordinates":[[[39.075111,-3.041135],[39.072475,-3.040429],[39.068447,-3.040179],[39.063229,-3.04077],[39.060783,-3.040666],[39.058384,-3.039533],[39.053661,-3.033545],[39.05061,-3.031894],[39.046707,-3.031572],[39.044735,-3.031024],[39.042984,-3.029397],[39.042645,-3.02774],[39.044064,-3.022885],[39.043919,-3.021618],[39.041771,-3.02118],[39.035595,-3.024006],[39.03434,-3.024238],[39.031197,-3.022995],[39.027328,-3.020443],[39.022877,-3.020717],[39.018875,-3.023001],[39.014935,-3.024591],[39.006771,-3.025785],[39.00098,-3.02456],[38.996689,-3.024889],[38.992657,-3.025852],[38.990337,-3.026808],[38.988644,-3.028855],[38.987583,-3.031584],[38.985886,-3.034258],[38.980614,-3.039296],[38.977051,-3.039691],[38.972939,-3.040563],[38.970551,-3.040697],[38.965874,-3.039953],[38.963253,-3.040002],[38.959251,-3.039363],[38.955189,-3.039698],[38.952297,-3.03918],[38.945709,-3.03653],[38.943401,-3.036219],[38.937099,-3.034581],[38.935818,-3.034934],[38.933582,-3.038254],[38.931492,-3.040416],[38.929581,-3.040721],[38.926395,-3.040106],[38.924664,-3.040288],[38.921619,-3.04253],[38.916733,-3.04454],[38.912834,-3.044483],[38.906818,-3.04296],[38.903259,-3.041456],[38.899479,-3.039336],[38.89679,-3.038467],[38.893559,-3.038521],[38.88773,-3.041376],[38.885387,-3.043196],[38.876656,-3.0488],[38.873501,-3.051251],[38.869087,-3.053345],[38.864449,-3.057081],[38.854362,-3.060037],[38.851105,-3.061143],[38.847351,-3.060947],[38.846481,-3.060043],[38.846191,-3.05667],[38.844681,-3.05441],[38.842739,-3.053351],[38.841282,-3.053476],[38.839001,-3.055272],[38.835911,-3.05943],[38.833614,-3.060299],[38.829304,-3.060174],[38.827011,-3.060418],[38.823986,-3.062898],[38.821308,-3.065552],[38.818172,-3.06689],[38.812588,-3.067717],[38.808632,-3.068603],[38.804626,-3.068395],[38.80164,-3.067467],[38.800148,-3.066343],[38.798374,-3.064011],[38.797905,-3.060959],[38.798595,-3.059627],[38.801517,-3.057562],[38.804569,-3.057913],[38.806877,-3.059424],[38.808353,-3.058794],[38.809856,-3.056634],[38.80954,-3.053262],[38.808174,-3.052643],[38.802074,-3.051899],[38.799416,-3.051322],[38.793617,-3.049258],[38.789314,-3.048431],[38.787045,-3.049098],[38.782887,-3.049163],[38.780239,-3.0488],[38.778358,-3.047682],[38.775581,-3.044547],[38.772587,-3.043863],[38.768066,-3.044576],[38.763485,-3.044672],[38.760597,-3.0456],[38.756557,-3.046082],[38.752518,-3.045826],[38.749275,-3.044713],[38.740009,-3.043179],[38.73579,-3.04322],[38.733501,-3.042548],[38.727654,-3.03833],[38.723328,-3.036576],[38.714905,-3.034862],[38.71059,-3.032715],[38.708176,-3.032073],[38.703365,-3.032495],[38.69873,-3.034797],[38.696903,-3.036921],[38.690865,-3.037521],[38.689289,-3.037242],[38.686852,-3.035909],[38.684612,-3.035386],[38.676754,-3.036141],[38.67099,-3.037087],[38.665203,-3.039413],[38.663723,-3.037361],[38.66267,-3.031513],[38.661514,-3.028848],[38.659248,-3.027153],[38.656433,-3.026516],[38.65414,-3.025112],[38.652676,-3.023328],[38.651611,-3.020954],[38.643864,-3.012852],[38.642521,-3.011996],[38.636654,-3.011294],[38.631271,-3.012335],[38.629238,-3.012133],[38.626114,-3.010247],[38.619923,-3.009896],[38.61581,-3.008474],[38.613487,-3.006922],[38.609303,-3.006523],[38.607388,-3.005071],[38.607262,-3.002579],[38.609779,-2.998028],[38.610138,-2.995899],[38.608963,-2.994786],[38.607384,-2.994596],[38.602879,-2.998076],[38.599995,-2.998082],[38.597069,-2.998677],[38.594219,-2.998552],[38.59267,-2.997398],[38.589939,-2.993965],[38.587914,-2.990926],[38.584873,-2.98766],[38.583683,-2.987041],[38.579506,-2.986553],[38.57589,-2.986815],[38.571655,-2.986089],[38.56422,-2.986649],[38.557076,-2.984442],[38.553654,-2.982806],[38.551399,-2.981027],[38.548317,-2.979933],[38.544792,-2.97957],[38.542797,-2.977934],[38.541275,-2.975316],[38.538971,-2.97374],[38.535812,-2.974091],[38.532959,-2.975614],[38.530739,-2.976036],[38.527824,-2.97437],[38.52557,-2.973912],[38.519085,-2.974831],[38.513618,-2.979574],[38.513992,-2.981936],[38.513401,-2.983106],[38.509533,-2.981949],[38.501675,-2.982588],[38.496525,-2.982346],[38.493237,-2.983419],[38.491982,-2.983154],[38.488533,-2.977657],[38.487495,-2.977693],[38.483597,-2.980834],[38.482647,-2.98222],[38.479347,-2.983347],[38.476311,-2.9853],[38.473869,-2.985342],[38.470318,-2.984733],[38.468353,-2.985251],[38.465878,-2.98809],[38.463184,-2.987576],[38.460976,-2.989012],[38.458832,-2.991049],[38.4571,-2.989849],[38.448711,-2.972145],[38.440979,-2.964676],[38.437202,-2.961997],[38.435707,-2.96002],[38.429337,-2.955714],[38.417828,-2.942886],[38.41238,-2.934495],[38.409046,-2.928944],[38.407986,-2.927818],[38.404121,-2.926236],[38.4021,-2.926456],[38.399639,-2.927642],[38.3974,-2.927774],[38.39542,-2.927071],[38.381584,-2.918197],[38.376118,-2.912724],[38.359001,-2.894913],[38.351227,-2.886918],[38.341713,-2.870455],[38.328865,-2.848653],[38.319904,-2.833146],[38.29451,-2.804151],[38.288448,-2.795804],[38.279793,-2.78302],[38.270611,-2.770016],[38.261211,-2.760527],[38.256203,-2.756968],[38.23653,-2.742172],[38.197773,-2.714267],[38.18029,-2.701351],[38.167946,-2.695025],[38.166451,-2.693531],[38.164211,-2.689402],[38.161545,-2.679865],[38.159309,-2.682263],[38.158012,-2.687015],[38.156532,-2.688228],[38.1563,-2.690035],[38.15704,-2.693699],[38.155949,-2.695434],[38.154118,-2.696012],[38.152393,-2.69834],[38.149948,-2.699505],[38.149078,-2.698742],[38.147255,-2.699584],[38.143219,-2.699445],[38.141972,-2.698482],[38.136181,-2.699296],[38.13372,-2.6981],[38.132259,-2.698632],[38.128227,-2.698678],[38.121513,-2.704107],[38.118332,-2.704974],[38.116856,-2.705841],[38.11602,-2.707608],[38.115475,-2.712041],[38.112904,-2.713197],[38.108856,-2.716506],[38.104744,-2.718112],[38.100636,-2.719364],[38.09922,-2.720489],[37.973709,-2.788586],[37.944119,-2.780792],[37.939404,-2.776978],[37.918308,-2.868476],[37.899342,-2.882818],[37.895123,-2.885885],[37.870773,-3.077435],[37.864998,-3.078797],[37.862835,-3.077999],[37.86063,-3.078703],[37.857811,-3.077928],[37.854149,-3.078539],[37.8535,-3.168199],[37.852535,-3.170655],[37.853058,-3.172702],[37.85218,-3.174784],[37.852947,-3.17724],[37.852268,-3.178478],[37.850067,-3.178775],[37.848217,-3.18191],[37.847229,-3.182505],[37.844082,-3.182416],[37.839806,-3.184075],[37.837032,-3.185665],[37.834824,-3.18512],[37.83305,-3.185519],[37.830521,-3.182763],[37.829895,-3.180378],[37.827408,-3.177549],[37.821907,-3.173488],[37.818642,-3.173157],[37.816261,-3.170981],[37.814495,-3.168746],[37.810207,-3.166326],[37.808823,-3.166141],[37.807396,-3.167519],[37.804825,-3.165854],[37.802238,-3.167056],[37.800205,-3.166949],[37.799042,-3.168074],[37.795479,-3.169982],[37.795181,-3.171604],[37.793182,-3.172334],[37.791981,-3.172004],[37.791267,-3.16992],[37.690586,-3.17889],[37.711197,-3.307968],[37.684452,-3.319981],[37.684452,-3.346273],[37.679539,-3.352661],[37.66135,-3.355],[37.618034,-3.39955],[37.584763,-3.438401],[37.584759,-3.45976],[37.590397,-3.45873],[37.594288,-3.457753],[37.596775,-3.455997],[37.602615,-3.456898],[37.605576,-3.457928],[37.608566,-3.459903],[37.611614,-3.459044],[37.613861,-3.459574],[37.615833,-3.45893],[37.617966,-3.457456],[37.619492,-3.457608],[37.620155,-3.460647],[37.622471,-3.462735],[37.622925,-3.471952],[37.619793,-3.481075],[37.617752,-3.485977],[37.613258,-3.493195],[37.612713,-3.494965],[37.612713,-3.497688],[37.611897,-3.498778],[37.607944,-3.500412],[37.606174,-3.501773],[37.603863,-3.504633],[37.601818,-3.509535],[37.601681,-3.512667],[37.60318,-3.516888],[37.604542,-3.51825],[37.608627,-3.519203],[37.612305,-3.519067],[37.619793,-3.518386],[37.635315,-3.514982],[37.65453,-3.509822],[37.663914,-3.506675],[37.666771,-3.506131],[37.669361,-3.506131],[37.674599,-3.508293],[37.677395,-3.509092],[37.681473,-3.511541],[37.683262,-3.510443],[37.684551,-3.510843],[37.685905,-3.51333],[37.687908,-3.51492],[37.689053,-3.517595],[37.693348,-3.523433],[37.694935,-3.524176],[37.696896,-3.526035],[37.698975,-3.525713],[37.701405,-3.527051],[37.70314,-3.526233],[37.705444,-3.52715],[37.707928,-3.5268],[37.708988,-3.527844],[37.711243,-3.527621],[37.715408,-3.528464],[37.719746,-3.528588],[37.721233,-3.529406],[37.723217,-3.531711],[37.725098,-3.532777],[37.726959,-3.536569],[37.728271,-3.537535],[37.741508,-3.541128],[37.744061,-3.542578],[37.746006,-3.545759],[37.746887,-3.549558],[37.748215,-3.561486],[37.752983,-3.579157],[37.760754,-3.617186],[37.783764,-3.673391],[38.446495,-4.137199],[38.450188,-4.135882],[38.704867,-4.044843],[38.945271,-3.958907],[39.036831,-3.759743],[38.927509,-3.695457],[38.941623,-3.671467],[38.965076,-3.631795],[39.061268,-3.68927],[39.092285,-3.567078],[39.153931,-3.323425],[39.155882,-3.315707],[39.217369,-3.072926],[39.217121,-3.070983],[39.217808,-3.068297],[39.216103,-3.06558],[39.214214,-3.065166],[39.209702,-3.065416],[39.205929,-3.06625],[39.203804,-3.066268],[39.202404,-3.065623],[39.198376,-3.062583],[39.195953,-3.061097],[39.194374,-3.060908],[39.187923,-3.062668],[39.182556,-3.063296],[39.17981,-3.061401],[39.178715,-3.058746],[39.177544,-3.057576],[39.173897,-3.056741],[39.172798,-3.057363],[39.171898,-3.06053],[39.169418,-3.064337],[39.167175,-3.065921],[39.164478,-3.066073],[39.162407,-3.064636],[39.162304,-3.059903],[39.16172,-3.058599],[39.156151,-3.053068],[39.15514,-3.051704],[39.15271,-3.046776],[39.150993,-3.044961],[39.148354,-3.044808],[39.143562,-3.048798],[39.14193,-3.048725],[39.141369,-3.047129],[39.1408,-3.042786],[39.139801,-3.041543],[39.137718,-3.041421],[39.132999,-3.042061],[39.131847,-3.040788],[39.132713,-3.037097],[39.132694,-3.034374],[39.132107,-3.032936],[39.129349,-3.029239],[39.129013,-3.027953],[39.128971,-3.020845],[39.126835,-3.019109],[39.123051,-3.019639],[39.116802,-3.02188],[39.110855,-3.024426],[39.109283,-3.025779],[39.105618,-3.032199],[39.102791,-3.035537],[39.101273,-3.036701],[39.092113,-3.040709],[39.087135,-3.043139],[39.086479,-3.044894],[39.087257,-3.047074],[39.087372,-3.050382],[39.086655,-3.051686],[39.084888,-3.052514],[39.082359,-3.052471],[39.08012,-3.051229],[39.078491,-3.049237],[39.078396,-3.046825],[39.078999,-3.043931],[39.078205,-3.042274],[39.075111,-3.041135]]]},"properties":{"code":803}},{"type":"Feature","geometry":{"type":"MultiPolygon","coordinates":[[[[39.092285,-3.567078],[39.061268,-3.68927],[38.965076,-3.631795],[38.941623,-3.671467],[38.927509,-3.695457],[39.036831,-3.759743],[38.945271,-3.958907],[38.704867,-4.044843],[38.450188,-4.135882],[38.446495,-4.137199],[38.446472,-4.137207],[39.18988,-4.657288],[39.191895,-4.658691],[39.193909,-4.667175],[39.202271,-4.665771],[39.203918,-4.670227],[39.206482,-4.671326],[39.206482,-4.674988],[39.208313,-4.675293],[39.211304,-4.674072],[39.213318,-4.674072],[39.216675,-4.676575],[39.218079,-4.67688],[39.220093,-4.674683],[39.220276,-4.672302],[39.221313,-4.669678],[39.223511,-4.66748],[39.225098,-4.6651],[39.224121,-4.66449],[39.219482,-4.668091],[39.219482,-4.670105],[39.218323,-4.670227],[39.214905,-4.667725],[39.212097,-4.663879],[39.210876,-4.659302],[39.213928,-4.658569],[39.214722,-4.659424],[39.213684,-4.662476],[39.215088,-4.663391],[39.218323,-4.660706],[39.219482,-4.658875],[39.219482,-4.657104],[39.220703,-4.65387],[39.220703,-4.650818],[39.219299,-4.650085],[39.216125,-4.652283],[39.213684,-4.652527],[39.212097,-4.651306],[39.210876,-4.648682],[39.211487,-4.645508],[39.214478,-4.643127],[39.214905,-4.639709],[39.215881,-4.638123],[39.215515,-4.635498],[39.218323,-4.633484],[39.220276,-4.633789],[39.221497,-4.634705],[39.225708,-4.632996],[39.228088,-4.632996],[39.2323,-4.630127],[39.228882,-4.629883],[39.223511,-4.632813],[39.2229,-4.63092],[39.223083,-4.628174],[39.224915,-4.627014],[39.226685,-4.62439],[39.225891,-4.622681],[39.226929,-4.621582],[39.230286,-4.623108],[39.230103,-4.620483],[39.232117,-4.619385],[39.226685,-4.617188],[39.226501,-4.615723],[39.228516,-4.615479],[39.229309,-4.61377],[39.231873,-4.612122],[39.233887,-4.611389],[39.235291,-4.612427],[39.23468,-4.614624],[39.236877,-4.616821],[39.237915,-4.616516],[39.238892,-4.614502],[39.237671,-4.61322],[39.238098,-4.611206],[39.240906,-4.611511],[39.241272,-4.608276],[39.240479,-4.606812],[39.242493,-4.606384],[39.24231,-4.608582],[39.24408,-4.608704],[39.245117,-4.605774],[39.243896,-4.60553],[39.24469,-4.602295],[39.246704,-4.603271],[39.248108,-4.60321],[39.247498,-4.605774],[39.249084,-4.609192],[39.248718,-4.610718],[39.246704,-4.612122],[39.248291,-4.612976],[39.249878,-4.612183],[39.250488,-4.610474],[39.253296,-4.609314],[39.253723,-4.607605],[39.254883,-4.606873],[39.253479,-4.602905],[39.254272,-4.60199],[39.256287,-4.602478],[39.256287,-4.599121],[39.258728,-4.597473],[39.260071,-4.599426],[39.262512,-4.599487],[39.262695,-4.602722],[39.264099,-4.602417],[39.264282,-4.600098],[39.267883,-4.600403],[39.26709,-4.598206],[39.264282,-4.597595],[39.262695,-4.594482],[39.260315,-4.594727],[39.258301,-4.593018],[39.255127,-4.591492],[39.251892,-4.592102],[39.252686,-4.588318],[39.251282,-4.58429],[39.249878,-4.582886],[39.246277,-4.582581],[39.245117,-4.581787],[39.245117,-4.579285],[39.243896,-4.577026],[39.24231,-4.577209],[39.241699,-4.572388],[39.241882,-4.569397],[39.24469,-4.567322],[39.245483,-4.569214],[39.251282,-4.573608],[39.252502,-4.575317],[39.2547,-4.576477],[39.257874,-4.577209],[39.259521,-4.578186],[39.262085,-4.582092],[39.266296,-4.579102],[39.269287,-4.578369],[39.272278,-4.579102],[39.273071,-4.58197],[39.273071,-4.584412],[39.27533,-4.583496],[39.276306,-4.581116],[39.275879,-4.57959],[39.2771,-4.578979],[39.278076,-4.580078],[39.277283,-4.582275],[39.277893,-4.583801],[39.279297,-4.583984],[39.280701,-4.582825],[39.282288,-4.580322],[39.283325,-4.576416],[39.284119,-4.575317],[39.2901,-4.570618],[39.294678,-4.566589],[39.297913,-4.566589],[39.30072,-4.568298],[39.307678,-4.567505],[39.310913,-4.565308],[39.314697,-4.565979],[39.316711,-4.565918],[39.316895,-4.564575],[39.318726,-4.564026],[39.318909,-4.562622],[39.316284,-4.559204],[39.31427,-4.557983],[39.313293,-4.553711],[39.316528,-4.55719],[39.319275,-4.558716],[39.324097,-4.56073],[39.326294,-4.55957],[39.327881,-4.5578],[39.329102,-4.557922],[39.329895,-4.559998],[39.331116,-4.560303],[39.33313,-4.559204],[39.333923,-4.561401],[39.335327,-4.563171],[39.335876,-4.566711],[39.333496,-4.568115],[39.331482,-4.56781],[39.330078,-4.565308],[39.327698,-4.568115],[39.32489,-4.568604],[39.321472,-4.571289],[39.320313,-4.57489],[39.318726,-4.576599],[39.318909,-4.579773],[39.317505,-4.581909],[39.317505,-4.588013],[39.316101,-4.590393],[39.319092,-4.594116],[39.320313,-4.59491],[39.316895,-4.598389],[39.313721,-4.598572],[39.312683,-4.599426],[39.311279,-4.603699],[39.308472,-4.606873],[39.309326,-4.6073],[39.311523,-4.605408],[39.314087,-4.60553],[39.316711,-4.60321],[39.318726,-4.603821],[39.317688,-4.605408],[39.317871,-4.606628],[39.321106,-4.607178],[39.322693,-4.608704],[39.32489,-4.60907],[39.3255,-4.609985],[39.324524,-4.612671],[39.323486,-4.610596],[39.319885,-4.611389],[39.321472,-4.612427],[39.321472,-4.613892],[39.319702,-4.61438],[39.320129,-4.616882],[39.318481,-4.617676],[39.317871,-4.613708],[39.314087,-4.612976],[39.312683,-4.616028],[39.310303,-4.619324],[39.310303,-4.621094],[39.308716,-4.622498],[39.309082,-4.625183],[39.308472,-4.627197],[39.309692,-4.629822],[39.309692,-4.631226],[39.311523,-4.631226],[39.311707,-4.633179],[39.313904,-4.633789],[39.315308,-4.632813],[39.316101,-4.630676],[39.317322,-4.63092],[39.316528,-4.633484],[39.318481,-4.634399],[39.318298,-4.631409],[39.320129,-4.631714],[39.320129,-4.634399],[39.321289,-4.634399],[39.323303,-4.637878],[39.325073,-4.638611],[39.327881,-4.638672],[39.328918,-4.640808],[39.334106,-4.638672],[39.337097,-4.637878],[39.339478,-4.635986],[39.342285,-4.635193],[39.347107,-4.634705],[39.349304,-4.635071],[39.350281,-4.636108],[39.353882,-4.636108],[39.357117,-4.63678],[39.360901,-4.638611],[39.364502,-4.639893],[39.36731,-4.641296],[39.371704,-4.642883],[39.379517,-4.645081],[39.384705,-4.64563],[39.391479,-4.645813],[39.394104,-4.645508],[39.399475,-4.644226],[39.402893,-4.6427],[39.403687,-4.640015],[39.403687,-4.637085],[39.400696,-4.628296],[39.399109,-4.625916],[39.397888,-4.625],[39.396484,-4.621826],[39.396484,-4.61731],[39.396118,-4.615417],[39.393677,-4.608887],[39.392273,-4.607605],[39.39093,-4.602112],[39.390686,-4.596069],[39.389526,-4.59491],[39.390686,-4.593201],[39.390686,-4.590698],[39.393311,-4.590088],[39.39447,-4.58551],[39.394104,-4.580688],[39.391907,-4.580627],[39.39093,-4.585022],[39.389282,-4.587097],[39.388916,-4.588989],[39.387512,-4.588684],[39.386475,-4.585388],[39.386292,-4.581787],[39.387878,-4.580872],[39.387878,-4.579224],[39.388916,-4.576904],[39.388123,-4.571411],[39.387085,-4.568481],[39.385315,-4.565796],[39.385925,-4.564209],[39.385071,-4.56189],[39.382874,-4.560974],[39.383728,-4.559021],[39.379272,-4.55542],[39.377319,-4.556091],[39.374512,-4.555176],[39.374329,-4.554382],[39.376099,-4.552307],[39.376282,-4.55072],[39.375305,-4.548279],[39.375488,-4.545288],[39.375122,-4.542908],[39.375488,-4.539673],[39.377319,-4.539001],[39.377075,-4.543274],[39.378906,-4.543091],[39.385681,-4.5448],[39.388123,-4.544189],[39.390503,-4.545593],[39.391296,-4.543701],[39.3927,-4.543884],[39.391479,-4.546692],[39.389893,-4.547607],[39.390686,-4.549622],[39.389893,-4.551086],[39.391479,-4.552307],[39.394287,-4.551514],[39.39447,-4.550293],[39.397522,-4.548889],[39.403931,-4.547607],[39.405273,-4.54541],[39.406921,-4.545898],[39.406494,-4.547729],[39.407288,-4.548401],[39.410889,-4.546997],[39.410706,-4.543518],[39.411499,-4.540222],[39.411499,-4.538391],[39.41272,-4.534485],[39.416321,-4.531189],[39.420715,-4.533875],[39.421875,-4.533875],[39.424683,-4.535217],[39.426514,-4.533508],[39.426697,-4.532471],[39.425476,-4.528809],[39.42572,-4.523621],[39.425476,-4.521301],[39.424072,-4.519897],[39.424683,-4.518799],[39.424316,-4.516113],[39.422485,-4.514587],[39.425476,-4.513184],[39.427673,-4.511169],[39.428894,-4.512329],[39.430298,-4.511902],[39.432495,-4.512573],[39.433716,-4.513977],[39.435486,-4.513977],[39.436523,-4.51709],[39.438293,-4.517029],[39.439697,-4.513306],[39.43988,-4.511597],[39.442322,-4.510986],[39.443298,-4.509705],[39.443298,-4.508179],[39.442322,-4.5047],[39.444275,-4.503723],[39.444885,-4.506104],[39.447083,-4.509277],[39.449097,-4.510376],[39.450073,-4.513],[39.451477,-4.514771],[39.453491,-4.515076],[39.454712,-4.516724],[39.457092,-4.517578],[39.45813,-4.51947],[39.4599,-4.523987],[39.459717,-4.526306],[39.458313,-4.52832],[39.458923,-4.529785],[39.461731,-4.530579],[39.462524,-4.52948],[39.462708,-4.526978],[39.465271,-4.514893],[39.466125,-4.512695],[39.468506,-4.508606],[39.468689,-4.505615],[39.469482,-4.501587],[39.471313,-4.498474],[39.474121,-4.491272],[39.475281,-4.48938],[39.476318,-4.486206],[39.478699,-4.482117],[39.481506,-4.479187],[39.483276,-4.476807],[39.487915,-4.473328],[39.490112,-4.470703],[39.493713,-4.469604],[39.496704,-4.465881],[39.497314,-4.462097],[39.497498,-4.458496],[39.495728,-4.451782],[39.495911,-4.450073],[39.498901,-4.444397],[39.498291,-4.442871],[39.495728,-4.441772],[39.493896,-4.439392],[39.489685,-4.440979],[39.488892,-4.438904],[39.49231,-4.438599],[39.493713,-4.437378],[39.495483,-4.437378],[39.496094,-4.438904],[39.500305,-4.441101],[39.502319,-4.440613],[39.506531,-4.437805],[39.507874,-4.435608],[39.509888,-4.428101],[39.511292,-4.421692],[39.510315,-4.416687],[39.508728,-4.415405],[39.507874,-4.416077],[39.508728,-4.418091],[39.508118,-4.419983],[39.505676,-4.420471],[39.505493,-4.417908],[39.506531,-4.414307],[39.507324,-4.412903],[39.508484,-4.408325],[39.506897,-4.408875],[39.505676,-4.407288],[39.506897,-4.405884],[39.505493,-4.404724],[39.506897,-4.403809],[39.506531,-4.401001],[39.507874,-4.39917],[39.509705,-4.398376],[39.511475,-4.398376],[39.514893,-4.400513],[39.516296,-4.401794],[39.518127,-4.401306],[39.518494,-4.398804],[39.519714,-4.399475],[39.520081,-4.401978],[39.521484,-4.404785],[39.523499,-4.40509],[39.526672,-4.402527],[39.526489,-4.404297],[39.53009,-4.40448],[39.531311,-4.405701],[39.532104,-4.407776],[39.533875,-4.410095],[39.532715,-4.413269],[39.534729,-4.414978],[39.535522,-4.419678],[39.535095,-4.42572],[39.532288,-4.432129],[39.532288,-4.43512],[39.535095,-4.436584],[39.537476,-4.435913],[39.538086,-4.433105],[39.539124,-4.431702],[39.539124,-4.429688],[39.541321,-4.427185],[39.540894,-4.426086],[39.542114,-4.424194],[39.541504,-4.42218],[39.542297,-4.419678],[39.542297,-4.416077],[39.543701,-4.412598],[39.543701,-4.406982],[39.544922,-4.4021],[39.546509,-4.399109],[39.546326,-4.396729],[39.546692,-4.393494],[39.547913,-4.388489],[39.549927,-4.382874],[39.55249,-4.377197],[39.553284,-4.373779],[39.555481,-4.368591],[39.559692,-4.35968],[39.561707,-4.352295],[39.562683,-4.350403],[39.563293,-4.347412],[39.566711,-4.337524],[39.568298,-4.335815],[39.568481,-4.332825],[39.569275,-4.329712],[39.573303,-4.320618],[39.576294,-4.314392],[39.577698,-4.310791],[39.580688,-4.305176],[39.581909,-4.302429],[39.583923,-4.296692],[39.587891,-4.289001],[39.590698,-4.283203],[39.591919,-4.279602],[39.595093,-4.274109],[39.59668,-4.269775],[39.597473,-4.265869],[39.597473,-4.260681],[39.59613,-4.256897],[39.594299,-4.25647],[39.588928,-4.257507],[39.585876,-4.257507],[39.58313,-4.256409],[39.583923,-4.255188],[39.587524,-4.254822],[39.588928,-4.253723],[39.591309,-4.254578],[39.593872,-4.254883],[39.59668,-4.255798],[39.598694,-4.253296],[39.600281,-4.248108],[39.600281,-4.245422],[39.601074,-4.240417],[39.602478,-4.235107],[39.604492,-4.232727],[39.60553,-4.228821],[39.606689,-4.226501],[39.607117,-4.221191],[39.608887,-4.218506],[39.60968,-4.213989],[39.612488,-4.202881],[39.613708,-4.200012],[39.615906,-4.197327],[39.617493,-4.194397],[39.619507,-4.191589],[39.620728,-4.188477],[39.621704,-4.187195],[39.624695,-4.184814],[39.628906,-4.179077],[39.631897,-4.172729],[39.632507,-4.17041],[39.634094,-4.168396],[39.634277,-4.167175],[39.640686,-4.155212],[39.625305,-4.144897],[39.628723,-4.140991],[39.63092,-4.137207],[39.631531,-4.128479],[39.636719,-4.126221],[39.637695,-4.120605],[39.631287,-4.120178],[39.628113,-4.114502],[39.611877,-4.096069],[39.612915,-4.094116],[39.612305,-4.093018],[39.609924,-4.093201],[39.608093,-4.089111],[39.603088,-4.090271],[39.604492,-4.095703],[39.602478,-4.0979],[39.5979,-4.098999],[39.595276,-4.101685],[39.596313,-4.106018],[39.597717,-4.109619],[39.59613,-4.113403],[39.595093,-4.11499],[39.590881,-4.116272],[39.586304,-4.117004],[39.58429,-4.11792],[39.578491,-4.119202],[39.576721,-4.119507],[39.577515,-4.118103],[39.582275,-4.111877],[39.586731,-4.102417],[39.583679,-4.093201],[39.578918,-4.085388],[39.577881,-4.046997],[39.576721,-4.037292],[39.572083,-4.030579],[39.56488,-4.023193],[39.562927,-4.019592],[39.563477,-4.014587],[39.566711,-4.010803],[39.568909,-4.007874],[39.570129,-4.003174],[39.567871,-4.000793],[39.567377,-3.992775],[39.563721,-3.986877],[39.553894,-3.983215],[39.547729,-3.986084],[39.542725,-3.991394],[39.54071,-3.986084],[39.545471,-3.977417],[39.544312,-3.969116],[39.52533,-3.945984],[39.527893,-3.936401],[39.527893,-3.92981],[39.520691,-3.927795],[39.517517,-3.920715],[39.520325,-3.916199],[39.515686,-3.9104],[39.509521,-3.907898],[39.50708,-3.903809],[39.500122,-3.901306],[39.49707,-3.893799],[39.494324,-3.884277],[39.489319,-3.880615],[39.483521,-3.880188],[39.477295,-3.871521],[39.466125,-3.857788],[39.453674,-3.854126],[39.445129,-3.847473],[39.434692,-3.83429],[39.430481,-3.829285],[39.420288,-3.819397],[39.414124,-3.818909],[39.407471,-3.822327],[39.401672,-3.819397],[39.396729,-3.823486],[39.391296,-3.816895],[39.377319,-3.80658],[39.378479,-3.7995],[39.378906,-3.794617],[39.375488,-3.789612],[39.378479,-3.7854],[39.385071,-3.782104],[39.388489,-3.781311],[39.387878,-3.774719],[39.380493,-3.770508],[39.383911,-3.766479],[39.391724,-3.765198],[39.392517,-3.759399],[39.392517,-3.754395],[39.391724,-3.749512],[39.391724,-3.742004],[39.39093,-3.735413],[39.387878,-3.735413],[39.38092,-3.737915],[39.372681,-3.739502],[39.359924,-3.730408],[39.356506,-3.726685],[39.356873,-3.721375],[39.355713,-3.715088],[39.352112,-3.712708],[39.353271,-3.706482],[39.349915,-3.704773],[39.34668,-3.701111],[39.347107,-3.696472],[39.349915,-3.692017],[39.352112,-3.693604],[39.353699,-3.692383],[39.353271,-3.686218],[39.352478,-3.677979],[39.352112,-3.671692],[39.352905,-3.667175],[39.354492,-3.65271],[39.352905,-3.645203],[39.350708,-3.640686],[39.348328,-3.637024],[39.342529,-3.635681],[39.342529,-3.633301],[39.344116,-3.629883],[39.345276,-3.619995],[39.34668,-3.610901],[39.3479,-3.605103],[39.347107,-3.60022],[39.344482,-3.595215],[39.338684,-3.590698],[39.326721,-3.58728],[39.320679,-3.577026],[39.318481,-3.570801],[39.318909,-3.563782],[39.31488,-3.562988],[39.306091,-3.566711],[39.299927,-3.568298],[39.092285,-3.567078]]],[[[39.453491,-4.558777],[39.455322,-4.558105],[39.45752,-4.555969],[39.457886,-4.554688],[39.459717,-4.553284],[39.460327,-4.55188],[39.460083,-4.541809],[39.461121,-4.536621],[39.458923,-4.534607],[39.456726,-4.534119],[39.455078,-4.532593],[39.452881,-4.532104],[39.4505,-4.533203],[39.449707,-4.536377],[39.448486,-4.538025],[39.447876,-4.540527],[39.447876,-4.543579],[39.448486,-4.544617],[39.44873,-4.549377],[39.448303,-4.550415],[39.444885,-4.553711],[39.444702,-4.55481],[39.446106,-4.556213],[39.445313,-4.558594],[39.443726,-4.559021],[39.438293,-4.556274],[39.434082,-4.555908],[39.432922,-4.552429],[39.431274,-4.552307],[39.429687,-4.555481],[39.429871,-4.557007],[39.427917,-4.557922],[39.42688,-4.555176],[39.42572,-4.556824],[39.42688,-4.558472],[39.429687,-4.560181],[39.432129,-4.560974],[39.433472,-4.562927],[39.432312,-4.563477],[39.434326,-4.565918],[39.435913,-4.572876],[39.434326,-4.573792],[39.435913,-4.58197],[39.437073,-4.584595],[39.43573,-4.587097],[39.436279,-4.587891],[39.440918,-4.589111],[39.441711,-4.587585],[39.442078,-4.5849],[39.444519,-4.582397],[39.445679,-4.579224],[39.446716,-4.579712],[39.44928,-4.578979],[39.449707,-4.57782],[39.453308,-4.574402],[39.453918,-4.570129],[39.453491,-4.564026],[39.453674,-4.562317],[39.452271,-4.561401],[39.453491,-4.558777]]],[[[39.364685,-4.655029],[39.361694,-4.652527],[39.360718,-4.652893],[39.363708,-4.657288],[39.364319,-4.658813],[39.363892,-4.660583],[39.361694,-4.659973],[39.360291,-4.6604],[39.359497,-4.66217],[39.361084,-4.663818],[39.370911,-4.664307],[39.373718,-4.663818],[39.37793,-4.663574],[39.379883,-4.66449],[39.38208,-4.664673],[39.383484,-4.663513],[39.385925,-4.664185],[39.39209,-4.66748],[39.395508,-4.666199],[39.396484,-4.666382],[39.399475,-4.670898],[39.402527,-4.669922],[39.403931,-4.666809],[39.401672,-4.662476],[39.401306,-4.660217],[39.400085,-4.658813],[39.399475,-4.655884],[39.397278,-4.655212],[39.394897,-4.657715],[39.392883,-4.658691],[39.386292,-4.658386],[39.379517,-4.656799],[39.377075,-4.655396],[39.364685,-4.655029]]],[[[39.309692,-4.574402],[39.309082,-4.571777],[39.305115,-4.572083],[39.30249,-4.573486],[39.299927,-4.57428],[39.298706,-4.575195],[39.299316,-4.57782],[39.298889,-4.578796],[39.301086,-4.583496],[39.301086,-4.587402],[39.30249,-4.590088],[39.303528,-4.589783],[39.303711,-4.587097],[39.305725,-4.586121],[39.307129,-4.583801],[39.308716,-4.582397],[39.310303,-4.580017],[39.311279,-4.577026],[39.311279,-4.575012],[39.309692,-4.574402]]],[[[39.229919,-4.647827],[39.229675,-4.646179],[39.227722,-4.643616],[39.227722,-4.640808],[39.226685,-4.640381],[39.223083,-4.642517],[39.222473,-4.643616],[39.223083,-4.645996],[39.224915,-4.64679],[39.226318,-4.648315],[39.229919,-4.647827]]],[[[39.246094,-4.620972],[39.246887,-4.61969],[39.246887,-4.617126],[39.242676,-4.612305],[39.240906,-4.614014],[39.242676,-4.616211],[39.242126,-4.618225],[39.244873,-4.621521],[39.246094,-4.620972]]],[[[39.251282,-4.616089],[39.253906,-4.615112],[39.255127,-4.613892],[39.257874,-4.612488],[39.258484,-4.611328],[39.257324,-4.609497],[39.255493,-4.60907],[39.25293,-4.611816],[39.249084,-4.614624],[39.250122,-4.616028],[39.251282,-4.616089]]],[[[39.290283,-4.595276],[39.289307,-4.594482],[39.28833,-4.59137],[39.289673,-4.589722],[39.288513,-4.588379],[39.286682,-4.590027],[39.286926,-4.596191],[39.289124,-4.596375],[39.291077,-4.599792],[39.29187,-4.595398],[39.290283,-4.595276]]],[[[39.409912,-4.576294],[39.410278,-4.573975],[39.408875,-4.573669],[39.407471,-4.575378],[39.404724,-4.576416],[39.402283,-4.575378],[39.400513,-4.576721],[39.406921,-4.577576],[39.409912,-4.576294]]],[[[39.238281,-4.628479],[39.239075,-4.62793],[39.240295,-4.624695],[39.240295,-4.62323],[39.239075,-4.622375],[39.237671,-4.623108],[39.237488,-4.625427],[39.236694,-4.627502],[39.238281,-4.628479]]],[[[39.533325,-4.444214],[39.535706,-4.440918],[39.535889,-4.439209],[39.534302,-4.439087],[39.531921,-4.440979],[39.531311,-4.442383],[39.532104,-4.444092],[39.533325,-4.444214]]],[[[39.23291,-4.637878],[39.233704,-4.635803],[39.231323,-4.634705],[39.230103,-4.635498],[39.229126,-4.638489],[39.229919,-4.639099],[39.231689,-4.637878],[39.23291,-4.637878]]],[[[39.218323,-4.644592],[39.22052,-4.644226],[39.220886,-4.642822],[39.218323,-4.641479],[39.217285,-4.641479],[39.216125,-4.643005],[39.216309,-4.644226],[39.218323,-4.644592]]],[[[39.231079,-4.651428],[39.233887,-4.648804],[39.234131,-4.6474],[39.231689,-4.646484],[39.231506,-4.648926],[39.230286,-4.650024],[39.231079,-4.651428]]],[[[39.26532,-4.611389],[39.265076,-4.610413],[39.261475,-4.609314],[39.260071,-4.610291],[39.26532,-4.611389]]],[[[39.406494,-4.702209],[39.407715,-4.69989],[39.407104,-4.699402],[39.404114,-4.700378],[39.405273,-4.702209],[39.406494,-4.702209]]],[[[39.415283,-4.570313],[39.416077,-4.56958],[39.415527,-4.567505],[39.413879,-4.567993],[39.414124,-4.570129],[39.415283,-4.570313]]],[[[39.399109,-4.684875],[39.397278,-4.682983],[39.396484,-4.684204],[39.399109,-4.684875]]]]},"properties":{"code":804}},{"type":"Feature","properties":{"code":301},"geometry":{"type":"Polygon","coordinates":[[[34.850304,0.54573],[35.044395,0.56148],[35.071728,0.55106],[35.098667,0.539091],[35.1054,0.554568],[35.106949,0.551996],[35.10738,0.550272],[35.108818,0.549022],[35.111382,0.547965],[35.113735,0.547815],[35.115154,0.545225],[35.118721,0.543934],[35.122162,0.543335],[35.123409,0.543923],[35.126057,0.544054],[35.12767,0.543215],[35.127811,0.541575],[35.12973,0.540835],[35.131474,0.541373],[35.132534,0.539267],[35.134789,0.537376],[35.13932,0.534742],[35.142284,0.535793],[35.143925,0.537548],[35.146969,0.53777],[35.151737,0.53735],[35.153103,0.53797],[35.155792,0.538152],[35.158157,0.540631],[35.159622,0.540767],[35.162178,0.543372],[35.16209,0.545143],[35.163773,0.545204],[35.16523,0.546167],[35.159847,0.504206],[35.139248,0.471676],[35.171047,0.421531],[35.175549,0.419167],[35.193222,0.377632],[35.220348,0.333059],[35.223389,0.327543],[35.303192,0.211268],[35.34,0.193822],[35.340282,0.168102],[35.335892,0.160502],[35.335892,0.143088],[35.370823,0.127243],[35.372158,0.121421],[35.374546,0.11789],[35.377125,0.115981],[35.380653,0.114167],[35.385998,0.101855],[35.387955,0.102141],[35.390152,0.103191],[35.393398,0.107486],[35.396259,0.109013],[35.39922,0.108822],[35.401318,0.107963],[35.403801,0.105291],[35.43483,0.025467],[35.435116,0.025432],[35.465168,0.027345],[35.470627,0.01986],[35.457909,0.01502],[35.458469,0.012994],[35.457684,0.012206],[35.459145,0.01063],[35.478733,0.015357],[35.493702,0.014682],[35.497753,0.013106],[35.497528,0.011193],[35.500343,0.009954],[35.513569,0.008547],[35.516045,0.015864],[35.5228,0.015414],[35.526447,0.046836],[35.53257,0.046609],[35.535973,0.048273],[35.541233,0.047606],[35.538452,0.05262],[35.53812,0.053915],[35.537941,0.058845],[35.53896,0.061964],[35.538872,0.064175],[35.540939,0.067335],[35.544315,0.070856],[35.54464,0.072722],[35.543861,0.074073],[35.539757,0.079118],[35.539242,0.081459],[35.539604,0.083858],[35.539433,0.087665],[35.540714,0.089909],[35.572742,0.067274],[35.573875,0.113934],[35.589626,0.149074],[35.58744,0.169497],[35.694675,0.170013],[35.693714,0.177932],[35.691326,0.189576],[35.699623,0.19821],[35.701027,0.198107],[35.702366,0.199993],[35.703793,0.200564],[35.704712,0.202866],[35.707611,0.204728],[35.710323,0.205359],[35.712055,0.206471],[35.715137,0.206447],[35.716202,0.20781],[35.716736,0.210855],[35.72065,0.211966],[35.720955,0.216717],[35.72047,0.221276],[35.719364,0.223427],[35.719212,0.226853],[35.719452,0.234553],[35.718433,0.237799],[35.716927,0.239322],[35.714996,0.244281],[35.714939,0.246698],[35.71315,0.249059],[35.713055,0.251705],[35.711418,0.252295],[35.710369,0.254465],[35.708275,0.25654],[35.708599,0.257986],[35.707497,0.259224],[35.708145,0.260499],[35.707848,0.262507],[35.709675,0.265667],[35.708164,0.267314],[35.708427,0.268513],[35.710674,0.269389],[35.712009,0.270797],[35.710655,0.272834],[35.712227,0.276575],[35.712437,0.27804],[35.711578,0.280953],[35.712864,0.282714],[35.713322,0.286273],[35.71331,0.290128],[35.712265,0.293574],[35.712246,0.296905],[35.713589,0.298342],[35.714119,0.30234],[35.712139,0.30312],[35.711349,0.305585],[35.71236,0.309221],[35.710629,0.310401],[35.711666,0.314046],[35.711132,0.315398],[35.711819,0.318063],[35.716091,0.322584],[35.714985,0.324221],[35.715927,0.327866],[35.715511,0.33036],[35.717243,0.330132],[35.71846,0.332816],[35.718414,0.3349],[35.719097,0.338041],[35.720982,0.338498],[35.720791,0.340211],[35.719032,0.342181],[35.717758,0.344427],[35.718403,0.347816],[35.721478,0.35011],[35.721306,0.35129],[35.719402,0.351575],[35.7187,0.355306],[35.716404,0.355601],[35.713665,0.357029],[35.710457,0.356582],[35.708782,0.357267],[35.707581,0.358828],[35.707146,0.36136],[35.705212,0.364529],[35.703156,0.363216],[35.699284,0.364577],[35.697739,0.366804],[35.697552,0.368993],[35.694942,0.36768],[35.695057,0.366575],[35.696732,0.364101],[35.694981,0.363853],[35.689087,0.368755],[35.688442,0.370678],[35.686165,0.370021],[35.684929,0.370878],[35.682018,0.371049],[35.679722,0.370221],[35.678677,0.372943],[35.675003,0.376084],[35.672386,0.376246],[35.670712,0.378492],[35.667969,0.37853],[35.666054,0.381642],[35.665543,0.383203],[35.666245,0.385354],[35.663589,0.385611],[35.66317,0.387362],[35.662086,0.387686],[35.660431,0.386011],[35.659592,0.386201],[35.659439,0.38938],[35.658478,0.391826],[35.658535,0.394567],[35.656536,0.3951],[35.654148,0.39808],[35.654167,0.399717],[35.656128,0.403619],[35.656651,0.405418],[35.658382,0.407207],[35.660175,0.410386],[35.660061,0.411814],[35.657745,0.414222],[35.659477,0.416125],[35.656891,0.419133],[35.655624,0.421141],[35.655014,0.423901],[35.653244,0.425158],[35.652538,0.426662],[35.653595,0.428023],[35.65213,0.428993],[35.651768,0.430307],[35.653576,0.43301],[35.653633,0.434895],[35.65197,0.439054],[35.652409,0.441281],[35.650959,0.446897],[35.647896,0.448591],[35.645115,0.450685],[35.64468,0.45236],[35.645267,0.454435],[35.644573,0.456062],[35.64603,0.460317],[35.644165,0.462753],[35.642242,0.463819],[35.642776,0.466713],[35.641224,0.467845],[35.639473,0.468169],[35.638996,0.469654],[35.639568,0.471234],[35.638309,0.472871],[35.638309,0.474241],[35.634113,0.477658],[35.633884,0.480076],[35.631962,0.481522],[35.631439,0.482845],[35.631878,0.485168],[35.631535,0.487604],[35.632542,0.488766],[35.632477,0.491116],[35.633125,0.492563],[35.632114,0.49382],[35.62981,0.492259],[35.630337,0.499882],[35.630924,0.501862],[35.62429,0.503223],[35.622616,0.50604],[35.62075,0.505888],[35.618362,0.507744],[35.615314,0.50881],[35.612862,0.511075],[35.613659,0.512198],[35.613346,0.515539],[35.611824,0.517576],[35.613289,0.518642],[35.61327,0.520336],[35.612328,0.521983],[35.611908,0.524191],[35.608635,0.528474],[35.605103,0.531282],[35.603409,0.5317],[35.603561,0.532976],[35.60223,0.534975],[35.603077,0.538734],[35.604008,0.540257],[35.603817,0.541761],[35.604866,0.542713],[35.604683,0.544759],[35.603809,0.546415],[35.602276,0.551678],[35.601971,0.556742],[35.603569,0.558398],[35.604351,0.560949],[35.605721,0.563709],[35.608654,0.566926],[35.608788,0.568106],[35.610443,0.569896],[35.61068,0.571828],[35.612091,0.574055],[35.613449,0.579242],[35.613258,0.583658],[35.611252,0.588941],[35.612679,0.59252],[35.610928,0.593662],[35.610577,0.594947],[35.608788,0.596488],[35.606274,0.597193],[35.604065,0.599858],[35.601238,0.60061],[35.600574,0.602856],[35.597908,0.604341],[35.597565,0.60613],[35.598309,0.607691],[35.597603,0.610718],[35.596004,0.612983],[35.59613,0.61455],[35.597332,0.615994],[35.5975,0.617935],[35.596531,0.620201],[35.596825,0.625921],[35.598064,0.626854],[35.598328,0.628358],[35.600231,0.629481],[35.600231,0.632983],[35.601768,0.635686],[35.602169,0.637323],[35.60548,0.639855],[35.607174,0.64193],[35.607014,0.64291],[35.609127,0.645918],[35.608345,0.647479],[35.608479,0.649078],[35.60767,0.650267],[35.608223,0.652399],[35.607994,0.655902],[35.60585,0.657453],[35.606022,0.660861],[35.604435,0.666886],[35.604965,0.667971],[35.604225,0.670464],[35.605907,0.674547],[35.608498,0.673082],[35.610363,0.675328],[35.612297,0.676556],[35.614445,0.677127],[35.615742,0.678992],[35.618721,0.67765],[35.620319,0.678012],[35.620815,0.679497],[35.624828,0.679383],[35.623814,0.684113],[35.623814,0.686626],[35.625153,0.688139],[35.629265,0.688177],[35.62738,0.68989],[35.627552,0.690918],[35.631531,0.692194],[35.630856,0.695572],[35.63213,0.698047],[35.633919,0.699189],[35.633911,0.70114],[35.633186,0.704414],[35.633785,0.708688],[35.632187,0.711753],[35.633728,0.712457],[35.631493,0.716102],[35.629475,0.717321],[35.631207,0.718863],[35.630749,0.722175],[35.628582,0.72286],[35.627876,0.724497],[35.626278,0.725373],[35.627895,0.727143],[35.62645,0.728723],[35.622738,0.72958],[35.622623,0.734034],[35.623394,0.735604],[35.620995,0.735528],[35.620193,0.736575],[35.620117,0.739602],[35.62109,0.741429],[35.622383,0.741372],[35.625687,0.746217],[35.626125,0.748615],[35.625885,0.750852],[35.626305,0.752775],[35.625847,0.75544],[35.626808,0.758419],[35.627991,0.759827],[35.628239,0.761483],[35.62738,0.762435],[35.627846,0.764329],[35.629238,0.764996],[35.629162,0.768898],[35.631485,0.770478],[35.63195,0.772029],[35.630939,0.773781],[35.633759,0.775322],[35.634407,0.777036],[35.633518,0.779596],[35.635025,0.781328],[35.634853,0.784031],[35.633785,0.786277],[35.635147,0.787658],[35.637394,0.78859],[35.636879,0.791484],[35.635719,0.792969],[35.634235,0.792626],[35.634109,0.794634],[35.636013,0.797337],[35.634453,0.800687],[35.63446,0.802125],[35.632996,0.804847],[35.63488,0.805989],[35.635452,0.807778],[35.634121,0.809815],[35.63633,0.811471],[35.636669,0.812804],[35.640057,0.815575],[35.641941,0.816489],[35.642597,0.822323],[35.638355,0.825426],[35.636585,0.826054],[35.636963,0.827482],[35.638752,0.827292],[35.639126,0.829452],[35.638287,0.832517],[35.638477,0.835163],[35.636478,0.835296],[35.63686,0.836686],[35.639305,0.836543],[35.64296,0.840122],[35.640884,0.841302],[35.638866,0.843795],[35.635414,0.844928],[35.635147,0.846775],[35.636364,0.848183],[35.635471,0.849535],[35.631653,0.850553],[35.629597,0.852419],[35.628151,0.852857],[35.625515,0.854903],[35.623619,0.861879],[35.624325,0.864525],[35.62302,0.869199],[35.624485,0.870341],[35.62384,0.872054],[35.62439,0.874224],[35.625847,0.87667],[35.626038,0.880896],[35.624859,0.881543],[35.622318,0.886274],[35.622486,0.887435],[35.625011,0.889767],[35.627579,0.893764],[35.625599,0.895059],[35.627419,0.898],[35.626541,0.901293],[35.627048,0.904005],[35.625847,0.907774],[35.626057,0.909221],[35.627712,0.91004],[35.630043,0.909059],[35.631416,0.910639],[35.632881,0.910754],[35.633301,0.912276],[35.634613,0.9134],[35.63369,0.916302],[35.634243,0.918244],[35.636395,0.918111],[35.635963,0.921947],[35.634899,0.923108],[35.634956,0.925658],[35.63448,0.927924],[35.635536,0.93056],[35.633785,0.933168],[35.633415,0.936909],[35.631569,0.93807],[35.632061,0.941211],[35.631519,0.943371],[35.631615,0.947102],[35.630138,0.951985],[35.630558,0.954326],[35.635078,0.959],[35.636395,0.959932],[35.636772,0.963054],[35.635307,0.964653],[35.635727,0.965643],[35.637829,0.966319],[35.637905,0.969193],[35.635223,0.972106],[35.636089,0.975199],[35.635632,0.978473],[35.636509,0.979558],[35.638527,0.979387],[35.639526,0.980481],[35.639488,0.983032],[35.638153,0.984441],[35.63802,0.986382],[35.63681,0.989038],[35.635098,0.989076],[35.633366,0.993797],[35.637012,1.000564],[35.636242,1.002648],[35.636261,1.005389],[35.638981,1.004685],[35.639172,1.006988],[35.640732,1.007864],[35.642914,1.015507],[35.644436,1.017049],[35.643864,1.019105],[35.64217,1.020589],[35.643749,1.022942],[35.642521,1.024444],[35.64616,1.027194],[35.647705,1.029542],[35.649841,1.029183],[35.65144,1.030209],[35.654633,1.028432],[35.655499,1.033128],[35.657963,1.032927],[35.65847,1.034619],[35.660122,1.036269],[35.661919,1.035317],[35.664352,1.035867],[35.664268,1.037792],[35.666142,1.038988],[35.667027,1.040786],[35.665611,1.043684],[35.666054,1.044466],[35.669674,1.044213],[35.670898,1.045334],[35.670826,1.046931],[35.668011,1.049892],[35.669281,1.05224],[35.671333,1.053827],[35.670837,1.055995],[35.673035,1.059359],[35.674538,1.060036],[35.673809,1.063135],[35.675014,1.065335],[35.673492,1.066139],[35.674168,1.067788],[35.673935,1.06965],[35.671078,1.070988],[35.67207,1.071927],[35.671516,1.07428],[35.6735,1.074571],[35.673973,1.075734],[35.67556,1.076263],[35.67564,1.078405],[35.676922,1.082543],[35.676289,1.085954],[35.677216,1.087118],[35.678589,1.086774],[35.678509,1.088889],[35.680637,1.089537],[35.682278,1.088136],[35.683388,1.08996],[35.683918,1.09398],[35.683125,1.095672],[35.685608,1.096042],[35.684868,1.097867],[35.686321,1.098713],[35.687817,1.098197],[35.69091,1.100418],[35.691967,1.104676],[35.693211,1.104887],[35.694824,1.103433],[35.697483,1.104345],[35.698143,1.106593],[35.697006,1.10892],[35.696991,1.114909],[35.699345,1.117897],[35.699532,1.119483],[35.700878,1.121017],[35.700508,1.122498],[35.701328,1.123846],[35.701,1.126742],[35.699913,1.12854],[35.70219,1.130153],[35.70491,1.13515],[35.704296,1.13783],[35.705402,1.140051],[35.704762,1.142526],[35.704617,1.146476],[35.705368,1.147487],[35.707474,1.14788],[35.708664,1.149426],[35.707424,1.151139],[35.705261,1.150925],[35.702881,1.152876],[35.703072,1.154566],[35.704521,1.155803],[35.702869,1.157053],[35.703083,1.159075],[35.70425,1.159361],[35.704487,1.16224],[35.703426,1.165393],[35.704475,1.167439],[35.703331,1.174815],[35.705284,1.1761],[35.705498,1.178051],[35.703594,1.178646],[35.702904,1.180098],[35.703499,1.182025],[35.702309,1.184026],[35.702576,1.186916],[35.701908,1.188872],[35.703465,1.191094],[35.702839,1.194918],[35.701683,1.196607],[35.702019,1.199608],[35.700375,1.200319],[35.699085,1.201786],[35.696949,1.200897],[35.695751,1.203475],[35.696815,1.205031],[35.696285,1.208099],[35.696838,1.210255],[35.696751,1.215545],[35.697151,1.217235],[35.698708,1.218568],[35.69915,1.221414],[35.700573,1.222703],[35.703129,1.226593],[35.702194,1.231972],[35.700016,1.232594],[35.69886,1.23455],[35.700863,1.236151],[35.698906,1.237218],[35.69833,1.238952],[35.701664,1.241041],[35.701508,1.244086],[35.702442,1.245642],[35.702217,1.247554],[35.700085,1.247332],[35.700085,1.250844],[35.700706,1.252311],[35.700264,1.254889],[35.699417,1.256134],[35.69973,1.259335],[35.702396,1.259557],[35.702106,1.261447],[35.702953,1.262869],[35.704773,1.264292],[35.704998,1.26607],[35.706242,1.268826],[35.706062,1.271849],[35.703751,1.272605],[35.702728,1.271538],[35.701439,1.272116],[35.701664,1.27425],[35.69944,1.277095],[35.697395,1.277451],[35.696438,1.278451],[35.697418,1.280541],[35.69706,1.28383],[35.694351,1.283341],[35.694706,1.286053],[35.693905,1.288143],[35.695461,1.29081],[35.695328,1.292811],[35.696018,1.295411],[35.693661,1.296034],[35.693661,1.298168],[35.695084,1.299235],[35.695526,1.301502],[35.697308,1.303369],[35.696861,1.304969],[35.69495,1.303547],[35.693661,1.304747],[35.695885,1.305992],[35.696548,1.307014],[35.696663,1.311927],[35.697105,1.313394],[35.696705,1.317439],[35.695953,1.319007],[35.688984,1.318652],[35.687874,1.317591],[35.675426,1.315962],[35.671452,1.314854],[35.657993,1.309738],[35.650627,1.307066],[35.639191,1.303188],[35.632835,1.299375],[35.631142,1.297681],[35.62912,1.297355],[35.628143,1.295856],[35.624817,1.294943],[35.617325,1.289795],[35.615108,1.287514],[35.613438,1.282665],[35.611301,1.281049],[35.608017,1.280058],[35.604366,1.280058],[35.602646,1.279328],[35.597744,1.280266],[35.585312,1.28316],[35.577908,1.291189],[35.575794,1.291476],[35.566513,1.290434],[35.563179,1.289391],[35.557468,1.284985],[35.543861,1.285141],[35.355614,1.132036],[35.324539,1.116447],[35.152142,1.199373],[35.160179,1.180461],[35.181671,1.150963],[35.202423,1.11739],[35.2188,1.116098],[35.242516,1.074535],[35.275135,1.060478],[35.316429,1.033332],[35.359409,1.018394],[35.358891,1.00861],[35.341599,1.005863],[35.343971,1.001267],[35.343899,0.997927],[35.351257,0.978753],[35.3386,0.972882],[35.336018,0.967209],[35.342712,0.965611],[35.342712,0.96457],[35.339699,0.962559],[35.343449,0.946383],[35.359627,0.944354],[35.348885,0.91976],[35.346516,0.920504],[35.33432,0.927178],[35.331654,0.929073],[35.330956,0.930915],[35.329437,0.931553],[35.30508,0.890322],[35.303719,0.892657],[35.302547,0.895833],[35.301472,0.897127],[35.298759,0.898398],[35.295864,0.903149],[35.294792,0.90652],[35.292774,0.910221],[35.29285,0.913543],[35.292362,0.914227],[35.288795,0.916425],[35.287132,0.918111],[35.285095,0.919027],[35.280258,0.919417],[35.277351,0.920688],[35.27721,0.922747],[35.275299,0.923472],[35.272705,0.927442],[35.271255,0.931259],[35.268757,0.934102],[35.263985,0.934407],[35.260853,0.935438],[35.258869,0.93769],[35.254478,0.939484],[35.251198,0.939904],[35.2491,0.938013],[35.246292,0.937156],[35.245029,0.934825],[35.243267,0.934063],[35.242485,0.932231],[35.240391,0.931351],[35.236046,0.930553],[35.234383,0.928555],[35.233524,0.926651],[35.230991,0.923046],[35.229397,0.92238],[35.227852,0.920167],[35.221508,0.918561],[35.218201,0.918632],[35.215797,0.919965],[35.212597,0.920167],[35.207195,0.921262],[35.203545,0.921393],[35.20121,0.920917],[35.200024,0.921892],[35.198559,0.92119],[35.19656,0.921619],[35.194515,0.923736],[35.190277,0.924117],[35.185364,0.923463],[35.18232,0.922535],[35.180595,0.921309],[35.178951,0.92188],[35.176548,0.921619],[35.174099,0.919882],[35.171635,0.919322],[35.169518,0.92006],[35.167377,0.921654],[35.164688,0.921702],[35.162224,0.919834],[35.15913,0.918573],[35.156467,0.918597],[35.154526,0.91661],[35.151505,0.917347],[35.146114,0.916907],[35.143856,0.917098],[35.140762,0.91893],[35.138821,0.918846],[35.135063,0.917847],[35.131626,0.918026],[35.128532,0.918716],[35.126865,0.917669],[35.126629,0.912791],[35.125603,0.911316],[35.122406,0.910471],[35.120167,0.910709],[35.119072,0.908401],[35.116074,0.906592],[35.115326,0.905248],[35.115944,0.902511],[35.11573,0.899394],[35.113411,0.894528],[35.111958,0.892244],[35.113815,0.889746],[35.114254,0.887069],[35.116207,0.885141],[35.116085,0.883976],[35.114254,0.88162],[35.111996,0.879812],[35.111359,0.854587],[35.123955,0.819514],[35.124283,0.822783],[35.124126,0.825917],[35.129124,0.828845],[35.130966,0.829286],[35.133495,0.828617],[35.137413,0.828366],[35.142204,0.827514],[35.145393,0.826461],[35.14843,0.752978],[35.14687,0.739438],[35.149315,0.738661],[35.153912,0.739737],[35.15168,0.695118],[35.152924,0.673759],[35.149326,0.666346],[35.154053,0.662338],[35.154022,0.661129],[35.152023,0.660196],[35.150654,0.660843],[35.149799,0.658978],[35.143974,0.659206],[35.141182,0.660777],[35.140099,0.659406],[35.138138,0.659025],[35.13512,0.657188],[35.134209,0.655742],[35.13179,0.654238],[35.130703,0.654847],[35.129105,0.654086],[35.125137,0.654171],[35.121845,0.652648],[35.119968,0.650583],[35.11898,0.648584],[35.117264,0.649251],[35.115704,0.646605],[35.115715,0.642369],[35.113869,0.642521],[35.112099,0.640732],[35.107407,0.643844],[35.104683,0.646795],[35.10318,0.646871],[35.099247,0.642407],[35.098373,0.640713],[35.095745,0.638296],[35.095833,0.637182],[35.093491,0.635031],[35.091206,0.635221],[35.088959,0.633261],[35.088379,0.63169],[35.085503,0.62952],[35.082001,0.630415],[35.077652,0.629111],[35.076645,0.629853],[35.072998,0.630186],[35.071629,0.628892],[35.070198,0.628644],[35.067829,0.629511],[35.06739,0.631585],[35.063805,0.632851],[35.062244,0.632737],[35.056274,0.630634],[35.05616,0.629625],[35.052662,0.629952],[35.053452,0.63703],[35.047611,0.638655],[35.042755,0.642124],[35.037224,0.641452],[35.038845,0.630767],[35.037163,0.629236],[35.034286,0.627656],[35.033524,0.624991],[35.03381,0.622478],[35.03146,0.619918],[35.030548,0.616092],[35.027946,0.615264],[35.027042,0.613827],[34.997829,0.635907],[34.994335,0.629802],[34.991138,0.62984],[34.988281,0.629326],[34.987064,0.628279],[34.984219,0.627223],[34.980221,0.626613],[34.978584,0.624843],[34.976555,0.624453],[34.974716,0.621611],[34.971848,0.620215],[34.972328,0.619052],[34.971615,0.616874],[34.968563,0.615336],[34.967567,0.61311],[34.9645,0.609523],[34.961636,0.608198],[34.958775,0.608198],[34.957611,0.608884],[34.955589,0.608801],[34.952961,0.60712],[34.950191,0.606505],[34.946106,0.607132],[34.943951,0.606896],[34.935631,0.603001],[34.934353,0.602196],[34.925297,0.595034],[34.920929,0.591779],[34.9165,0.590785],[34.913448,0.591684],[34.909599,0.593827],[34.906452,0.595129],[34.903835,0.596798],[34.900829,0.600231],[34.898201,0.602741],[34.896389,0.603936],[34.888885,0.605554],[34.896034,0.599154],[34.850304,0.54573]]]}},{"type":"Feature","properties":{"code":0},"geometry":{"type":"Polygon","coordinates":[[[36.000206,-2.104406],[36.511089,-2.392262],[36.571796,-2.426159],[36.751438,-2.52638],[37.312469,-2.840817],[37.432007,-2.908268],[37.470467,-2.930372],[37.520252,-2.956132],[37.567657,-2.986975],[37.671394,-3.058685],[37.690586,-3.17889],[37.791267,-3.16992],[37.791981,-3.172004],[37.793182,-3.172334],[37.795181,-3.171604],[37.795479,-3.169982],[37.799042,-3.168074],[37.800205,-3.166949],[37.802238,-3.167056],[37.804825,-3.165854],[37.807396,-3.167519],[37.808823,-3.166141],[37.810207,-3.166326],[37.814495,-3.168746],[37.816261,-3.170981],[37.818642,-3.173157],[37.821907,-3.173488],[37.827408,-3.177549],[37.829895,-3.180378],[37.830521,-3.182763],[37.83305,-3.185519],[37.834824,-3.18512],[37.837032,-3.185665],[37.839806,-3.184075],[37.844082,-3.182416],[37.847229,-3.182505],[37.848217,-3.18191],[37.850067,-3.178775],[37.852268,-3.178478],[37.852947,-3.17724],[37.85218,-3.174784],[37.853058,-3.172702],[37.852535,-3.170655],[37.8535,-3.168199],[37.854149,-3.078539],[37.857811,-3.077928],[37.86063,-3.078703],[37.862835,-3.077999],[37.864998,-3.078797],[37.870773,-3.077435],[37.895123,-2.885885],[37.899342,-2.882818],[37.918308,-2.868476],[37.939404,-2.776978],[37.935184,-2.773569],[37.929989,-2.767423],[37.927876,-2.76047],[37.924301,-2.740937],[37.926498,-2.738186],[37.930351,-2.723605],[37.921547,-2.704347],[37.900913,-2.702422],[37.890736,-2.673535],[37.878082,-2.659229],[37.849468,-2.603932],[37.597336,-2.310905],[37.599941,-2.309553],[37.601772,-2.310223],[37.60548,-2.308304],[37.606346,-2.307098],[37.605442,-2.304978],[37.607174,-2.302457],[37.608025,-2.300337],[37.610249,-2.300501],[37.61137,-2.299271],[37.611992,-2.297065],[37.6157,-2.296182],[37.618839,-2.2991],[37.619411,-2.302426],[37.622669,-2.304247],[37.622387,-2.302419],[37.62336,-2.301639],[37.62606,-2.302324],[37.62709,-2.300858],[37.629192,-2.30182],[37.630905,-2.300278],[37.630222,-2.296718],[37.630447,-2.294852],[37.633228,-2.295005],[37.634991,-2.296842],[37.637444,-2.29728],[37.640232,-2.296128],[37.641796,-2.296489],[37.642517,-2.297746],[37.644611,-2.298774],[37.645489,-2.298146],[37.645973,-2.294424],[37.648788,-2.290598],[37.651836,-2.288314],[37.654396,-2.286991],[37.657082,-2.286305],[37.659832,-2.288561],[37.661983,-2.28839],[37.66457,-2.289304],[37.66679,-2.287752],[37.668674,-2.287429],[37.669472,-2.284935],[37.668808,-2.283888],[37.666542,-2.282822],[37.666866,-2.280157],[37.671177,-2.279005],[37.670872,-2.275903],[37.672802,-2.270487],[37.675125,-2.269592],[37.675896,-2.267584],[37.674946,-2.265566],[37.676926,-2.264234],[37.677551,-2.26273],[37.675278,-2.259846],[37.675468,-2.258342],[37.677155,-2.254221],[37.677212,-2.252584],[37.676029,-2.248605],[37.677105,-2.246673],[37.678059,-2.241857],[37.674984,-2.238593],[37.675022,-2.235261],[37.674183,-2.233586],[37.675373,-2.232606],[37.674118,-2.22878],[37.674629,-2.227809],[37.678696,-2.227609],[37.679474,-2.225439],[37.683777,-2.223459],[37.685387,-2.220842],[37.685577,-2.218024],[37.687054,-2.215369],[37.689602,-2.214531],[37.69223,-2.212038],[37.693962,-2.20785],[37.697495,-2.205309],[37.699711,-2.20113],[37.700966,-2.19976],[37.702641,-2.196866],[37.707542,-2.193012],[37.710476,-2.191184],[37.713303,-2.190299],[37.716576,-2.189785],[37.720974,-2.190984],[37.723904,-2.19146],[37.72345,-2.187691],[37.722267,-2.186454],[37.708065,-2.181207],[37.706169,-2.179534],[37.705276,-2.176299],[37.704941,-2.173287],[37.704048,-2.170164],[37.703156,-2.168714],[37.699474,-2.164364],[37.697132,-2.16336],[37.692783,-2.164587],[37.690105,-2.164141],[37.664337,-2.154157],[37.663334,-2.153934],[37.621281,-2.160348],[37.61961,-2.160237],[37.596294,-2.153209],[37.593952,-2.152763],[37.571423,-2.135083],[37.56707,-2.129283],[37.565285,-2.126494],[37.562496,-2.125267],[37.550339,-2.126383],[37.549225,-2.126215],[37.543533,-2.123204],[37.541527,-2.121642],[37.541191,-2.120192],[37.543201,-2.116734],[37.543312,-2.113834],[37.541191,-2.111603],[37.537735,-2.110041],[37.536285,-2.108368],[37.535168,-2.105691],[37.454185,-2.07457],[37.451958,-2.073789],[37.373764,-2.019912],[37.360489,-2.012774],[37.358814,-2.012439],[37.314087,-2.008145],[37.313084,-2.00781],[37.309067,-2.003571],[37.302708,-2.003683],[37.300476,-2.005914],[37.299252,-2.005802],[37.291088,-2.000806],[37.288181,-1.997748],[37.285381,-1.996311],[37.280369,-1.994837],[37.279099,-1.993713],[37.278397,-1.991945],[37.275948,-1.977411],[37.274769,-1.974795],[37.269962,-1.968145],[37.26543,-1.962177],[37.264618,-1.959045],[37.263882,-1.958272],[37.257214,-1.957608],[37.25576,-1.956522],[37.251263,-1.951585],[37.247154,-1.950535],[37.245831,-1.949466],[37.244503,-1.945193],[37.243397,-1.943387],[37.23872,-1.93904],[37.235863,-1.936774],[37.234131,-1.936037],[37.22691,-1.934269],[37.222729,-1.93344],[37.219082,-1.933366],[37.214718,-1.934158],[37.210148,-1.933422],[37.20639,-1.935227],[37.204327,-1.935743],[37.198895,-1.934508],[37.196316,-1.934693],[37.192963,-1.935724],[37.190105,-1.934895],[37.186165,-1.93449],[37.184212,-1.931395],[37.182331,-1.929774],[37.181484,-1.927269],[37.182331,-1.924064],[37.182037,-1.92329],[37.178242,-1.922369],[37.174999,-1.920785],[37.172752,-1.918685],[37.169952,-1.91688],[37.169556,-1.913108],[37.166283,-1.908477],[37.164169,-1.907017],[37.161705,-1.90299],[37.160545,-1.899567],[37.158382,-1.897956],[37.157326,-1.896094],[37.157726,-1.893149],[37.157074,-1.89179],[37.154102,-1.890128],[37.151836,-1.88746],[37.15229,-1.885271],[37.153698,-1.884113],[37.155258,-1.883911],[37.157928,-1.884667],[37.159035,-1.883911],[37.159439,-1.881948],[37.159187,-1.876965],[37.159691,-1.87475],[37.162964,-1.871125],[37.162712,-1.869464],[37.161503,-1.867501],[37.16135,-1.866016],[37.162357,-1.863499],[37.162407,-1.861586],[37.161602,-1.857105],[37.158886,-1.85484],[37.158028,-1.852726],[37.155613,-1.849555],[37.155361,-1.846207],[37.153698,-1.844093],[37.149269,-1.842985],[37.147961,-1.841425],[37.146603,-1.840871],[37.143379,-1.840921],[37.141869,-1.839159],[37.142021,-1.836592],[37.143078,-1.83478],[37.145042,-1.833421],[37.147408,-1.832917],[37.147305,-1.830803],[37.143986,-1.829192],[37.142826,-1.827959],[37.142273,-1.824083],[37.142925,-1.821717],[37.145042,-1.820055],[37.145042,-1.818394],[37.142071,-1.815273],[37.141266,-1.813562],[37.141518,-1.812051],[37.147255,-1.805482],[37.149319,-1.802613],[37.151234,-1.801203],[37.151836,-1.799844],[37.150528,-1.795968],[37.150429,-1.794156],[37.155762,-1.785673],[37.160091,-1.780179],[37.159187,-1.778425],[37.15501,-1.77923],[37.1535,-1.779079],[37.151989,-1.777871],[37.151333,-1.776361],[37.151634,-1.774574],[37.154152,-1.770899],[37.15506,-1.768432],[37.157326,-1.765361],[37.15662,-1.763901],[37.148869,-1.760529],[37.148113,-1.759371],[37.147507,-1.755847],[37.146149,-1.753607],[37.14645,-1.750989],[37.148464,-1.744798],[37.149017,-1.742029],[37.148617,-1.738958],[37.146904,-1.737196],[37.145294,-1.736441],[37.143127,-1.73629],[37.140308,-1.737549],[37.134167,-1.743061],[37.125206,-1.741802],[37.123344,-1.739336],[37.117355,-1.738102],[37.11393,-1.736542],[37.110859,-1.733975],[37.109352,-1.732162],[37.083729,-1.698233],[37.082066,-1.699542],[37.079903,-1.696622],[37.081261,-1.695062],[37.036106,-1.634654],[37.006355,-1.594987],[36.995583,-1.580464],[36.992161,-1.576134],[36.98481,-1.565739],[36.979473,-1.557786],[36.977158,-1.555621],[36.975094,-1.554815],[36.968903,-1.553859],[36.966084,-1.552777],[36.962307,-1.548498],[36.961754,-1.54583],[36.958935,-1.543162],[36.958179,-1.541148],[36.958935,-1.537222],[36.960899,-1.532565],[36.961956,-1.52879],[36.962055,-1.524461],[36.962963,-1.519477],[36.961803,-1.514418],[36.962914,-1.512455],[36.966988,-1.509082],[36.968853,-1.505357],[36.972427,-1.50143],[36.972576,-1.499014],[36.969055,-1.493879],[36.969002,-1.491815],[36.973434,-1.481747],[36.975903,-1.478019],[36.974739,-1.477227],[36.945301,-1.463621],[36.948662,-1.457354],[36.942669,-1.45507],[36.940727,-1.454803],[36.937698,-1.455831],[36.935749,-1.455365],[36.932762,-1.45645],[36.930744,-1.458886],[36.929581,-1.459229],[36.927517,-1.457659],[36.925575,-1.457278],[36.922272,-1.458239],[36.91972,-1.460409],[36.919247,-1.461361],[36.919796,-1.46374],[36.916344,-1.465082],[36.913231,-1.467072],[36.909233,-1.468861],[36.906128,-1.469851],[36.904236,-1.472621],[36.902466,-1.474296],[36.899857,-1.474753],[36.895546,-1.479388],[36.892166,-1.481339],[36.889236,-1.484004],[36.888123,-1.487288],[36.885189,-1.48744],[36.882599,-1.489008],[36.87598,-1.47938],[36.88773,-1.415648],[36.931911,-1.434271],[36.939251,-1.432381],[36.941891,-1.433165],[36.944344,-1.433246],[36.946568,-1.43482],[36.947849,-1.436638],[36.949284,-1.437568],[36.951569,-1.437657],[36.953411,-1.437116],[36.955292,-1.438298],[36.956299,-1.441846],[36.957157,-1.443086],[36.958946,-1.44406],[36.961128,-1.439281],[36.957077,-1.437152],[36.956215,-1.436029],[36.953339,-1.430074],[36.951736,-1.428453],[36.948601,-1.426545],[36.946835,-1.424962],[36.945072,-1.421241],[36.944801,-1.418863],[36.943825,-1.415871],[36.943607,-1.413089],[36.942253,-1.406472],[36.940777,-1.404176],[36.937687,-1.402223],[36.934494,-1.39927],[36.93161,-1.399291],[36.929859,-1.398358],[36.927406,-1.395337],[36.92524,-1.393947],[36.92218,-1.394168],[36.921326,-1.392749],[36.919834,-1.386326],[36.914944,-1.376724],[36.913452,-1.374507],[36.910492,-1.371223],[36.904682,-1.365619],[36.939911,-1.332646],[36.979088,-1.316662],[36.982849,-1.31196],[36.97282,-1.289395],[36.995071,-1.281559],[37.002594,-1.300678],[37.024845,-1.291902],[37.076336,-1.303121],[37.075932,-1.301106],[37.073551,-1.299907],[37.072712,-1.296057],[37.073055,-1.294733],[37.075165,-1.293309],[37.076305,-1.291728],[37.076862,-1.285498],[37.078636,-1.284262],[37.08255,-1.285217],[37.083328,-1.284507],[37.084145,-1.280843],[37.087795,-1.277519],[37.089493,-1.277322],[37.091446,-1.275792],[37.094677,-1.275397],[37.097374,-1.2734],[37.099007,-1.27298],[37.10046,-1.274779],[37.102535,-1.273708],[37.103348,-1.269095],[37.104389,-1.267252],[37.104397,-1.265151],[37.102722,-1.261718],[37.103897,-1.260426],[37.108768,-1.260638],[37.110744,-1.258723],[37.111069,-1.25667],[37.110672,-1.253275],[37.109344,-1.248958],[37.110512,-1.246415],[37.114689,-1.247593],[37.116718,-1.247546],[37.119122,-1.245843],[37.119473,-1.244396],[37.118958,-1.239228],[37.119473,-1.237011],[37.120777,-1.235098],[37.124813,-1.234106],[37.126446,-1.232799],[37.127872,-1.232636],[37.130066,-1.233371],[37.134403,-1.233464],[37.137623,-1.231901],[37.141079,-1.226453],[37.142059,-1.225799],[37.150063,-1.225508],[37.152416,-1.224644],[37.154751,-1.221751],[37.155544,-1.220001],[37.155312,-1.216816],[37.156059,-1.212803],[37.155567,-1.211683],[37.153492,-1.210189],[37.153538,-1.208836],[37.156967,-1.206747],[37.159393,-1.206491],[37.15958,-1.205371],[37.158043,-1.203411],[37.156548,-1.198942],[37.155125,-1.196562],[37.156548,-1.194369],[37.16021,-1.194089],[37.162426,-1.192829],[37.163383,-1.190881],[37.16658,-1.188011],[37.170643,-1.179669],[37.173325,-1.175189],[37.177643,-1.170837],[37.181,-1.168527],[37.182098,-1.166124],[37.181725,-1.161539],[37.17981,-1.158295],[37.180161,-1.156919],[37.1824,-1.154912],[37.185108,-1.14853],[37.184898,-1.146547],[37.182983,-1.144529],[37.183613,-1.142522],[37.185879,-1.140282],[37.186508,-1.138625],[37.185154,-1.135767],[37.180954,-1.133457],[37.180347,-1.13096],[37.178806,-1.12893],[37.177502,-1.124438],[37.175728,-1.121498],[37.17519,-1.119818],[37.175449,-1.11549],[37.179996,-1.110228],[37.181934,-1.108875],[37.187256,-1.106541],[37.188747,-1.103881],[37.18877,-1.099343],[37.189751,-1.097336],[37.192249,-1.095073],[37.196472,-1.091888],[37.200672,-1.090255],[37.20298,-1.087151],[37.206387,-1.084386],[37.20956,-1.08105],[37.212807,-1.079265],[37.222954,-1.078693],[37.227623,-1.075706],[37.231869,-1.075391],[37.236324,-1.076371],[37.23782,-1.077304],[37.240246,-1.077666],[37.242065,-1.079276],[37.244934,-1.079859],[37.247105,-1.078845],[37.249462,-1.078448],[37.251678,-1.076978],[37.254013,-1.076254],[37.257557,-1.073233],[37.260101,-1.072743],[37.264931,-1.071179],[37.267872,-1.067703],[37.2696,-1.067119],[37.272427,-1.067186],[37.277248,-1.066029],[37.28038,-1.065929],[37.282246,-1.066863],[37.284065,-1.069009],[37.285465,-1.069219],[37.28754,-1.070643],[37.288918,-1.070918],[37.29298,-1.069808],[37.297852,-1.071288],[37.30106,-1.074188],[37.302296,-1.07573],[37.30513,-1.080357],[37.309326,-1.08486],[37.312439,-1.086626],[37.313152,-1.088962],[37.314266,-1.089766],[37.315083,-1.091875],[37.317474,-1.092756],[37.318859,-1.094265],[37.320869,-1.094643],[37.322067,-1.095649],[37.32515,-1.096467],[37.326092,-1.099926],[37.327351,-1.10153],[37.332256,-1.105619],[37.340683,-1.11323],[37.341537,-1.115587],[37.342896,-1.117577],[37.36282,-1.094737],[37.360603,-1.093714],[37.358788,-1.091898],[37.356972,-1.091073],[37.352844,-1.092394],[37.349049,-1.091981],[37.347561,-1.090825],[37.342693,-1.083398],[37.34063,-1.082325],[37.339722,-1.080262],[37.335514,-1.080592],[37.334934,-1.081995],[37.331715,-1.079684],[37.330601,-1.077951],[37.328537,-1.077208],[37.325649,-1.077951],[37.324493,-1.077208],[37.322018,-1.073164],[37.321358,-1.070606],[37.318634,-1.068625],[37.318058,-1.066479],[37.315582,-1.065984],[37.31517,-1.064498],[37.313599,-1.064498],[37.311951,-1.066396],[37.309887,-1.066149],[37.306503,-1.061197],[37.304276,-1.059877],[37.302086,-1.056493],[37.299118,-1.054099],[37.298458,-1.053027],[37.296474,-1.051954],[37.294991,-1.049808],[37.291855,-1.047415],[37.289707,-1.046259],[37.288471,-1.044031],[37.285416,-1.04238],[37.284386,-1.039739],[37.281498,-1.037841],[37.280094,-1.036355],[37.27803,-1.032477],[37.273655,-1.028185],[37.271759,-1.025709],[37.268127,-1.023976],[37.267796,-1.021582],[37.265236,-1.017704],[37.263256,-1.016961],[37.258759,-1.018199],[37.255787,-1.017951],[37.254055,-1.019107],[37.251907,-1.019107],[37.246048,-1.024058],[37.243904,-1.025214],[37.242336,-1.025214],[37.238869,-1.024306],[37.233215,-1.021005],[37.232391,-1.018611],[37.230824,-1.018529],[37.22752,-1.022986],[37.225788,-1.024884],[37.224632,-1.027112],[37.220505,-1.027525],[37.217453,-1.028432],[37.216297,-1.029258],[37.213985,-1.03454],[37.209862,-1.03421],[37.20697,-1.035365],[37.20396,-1.035613],[37.200905,-1.037758],[37.199009,-1.040152],[37.194798,-1.04139],[37.192734,-1.042875],[37.190754,-1.042545],[37.18803,-1.040317],[37.186378,-1.039492],[37.183163,-1.038831],[37.179943,-1.035943],[37.177135,-1.03454],[37.174828,-1.035778],[37.175735,-1.038336],[37.174908,-1.042628],[37.173836,-1.044443],[37.169586,-1.045434],[37.165955,-1.047497],[37.164303,-1.049313],[37.161663,-1.049065],[37.159683,-1.050138],[37.158775,-1.052366],[37.156876,-1.050551],[37.15506,-1.050716],[37.154812,-1.053192],[37.15242,-1.053852],[37.148293,-1.051624],[37.142227,-1.049725],[37.138432,-1.050963],[37.135788,-1.050881],[37.134716,-1.049478],[37.130836,-1.04857],[37.128941,-1.050303],[37.125885,-1.050963],[37.124481,-1.053274],[37.122337,-1.053192],[37.120686,-1.051541],[37.119778,-1.048983],[37.11755,-1.044278],[37.115322,-1.041225],[37.112144,-1.041885],[37.110825,-1.041472],[37.110165,-1.039492],[37.108181,-1.038171],[37.106201,-1.035778],[37.100506,-1.03454],[37.098858,-1.03619],[37.096546,-1.03652],[37.093491,-1.034705],[37.090275,-1.033632],[37.085899,-1.033714],[37.08107,-1.030661],[37.077854,-1.030166],[37.074551,-1.027525],[37.071251,-1.025957],[37.067207,-1.025296],[37.065804,-1.026039],[37.061596,-1.030413],[37.058582,-1.032064],[37.054703,-1.031651],[37.051731,-1.033467],[37.050327,-1.033714],[37.047604,-1.033137],[37.0448,-1.033219],[37.042488,-1.031239],[37.038692,-1.031651],[37.036301,-1.030826],[37.032253,-1.028102],[37.031345,-1.026782],[37.027676,-1.018199],[37.024208,-1.015888],[37.023384,-1.013412],[37.021816,-1.011349],[37.019421,-1.009781],[37.016121,-1.009946],[37.014221,-1.00714],[37.009022,-1.003261],[37.00729,-1.000455],[37.00312,-0.996576],[36.999489,-0.995338],[36.995529,-0.991376],[36.992558,-0.990964],[36.989998,-0.988735],[36.985214,-0.982793],[36.982243,-0.980895],[36.980755,-0.978254],[36.977993,-0.976108],[36.972958,-0.975448],[36.967838,-0.973963],[36.964622,-0.973467],[36.962807,-0.971239],[36.960991,-0.966865],[36.956532,-0.962491],[36.955956,-0.9615],[36.95612,-0.958942],[36.954964,-0.957869],[36.954388,-0.955806],[36.951828,-0.955641],[36.949684,-0.95465],[36.949066,-0.952009],[36.946835,-0.950772],[36.944855,-0.950524],[36.943203,-0.949038],[36.941719,-0.945655],[36.939407,-0.944829],[36.93718,-0.943261],[36.93256,-0.941528],[36.930412,-0.939712],[36.927361,-0.935916],[36.924469,-0.935008],[36.922405,-0.935669],[36.920837,-0.934596],[36.919312,-0.93212],[36.917084,-0.930139],[36.913864,-0.929644],[36.913204,-0.928076],[36.911308,-0.927746],[36.911308,-0.9256],[36.909325,-0.923041],[36.909245,-0.920565],[36.906933,-0.91842],[36.906189,-0.916439],[36.907097,-0.913963],[36.905941,-0.912973],[36.903385,-0.913633],[36.900002,-0.913385],[36.896946,-0.91124],[36.895462,-0.910909],[36.89315,-0.91157],[36.891663,-0.910909],[36.891129,-0.908764],[36.889149,-0.906205],[36.887165,-0.902491],[36.887993,-0.899355],[36.887413,-0.89787],[36.885517,-0.895889],[36.883949,-0.895641],[36.88015,-0.898282],[36.878914,-0.897292],[36.878334,-0.894568],[36.875694,-0.892505],[36.872723,-0.89135],[36.870659,-0.892258],[36.869587,-0.890029],[36.867691,-0.889369],[36.866203,-0.890277],[36.863976,-0.890442],[36.859066,-0.887141],[36.859806,-0.885243],[36.857662,-0.882602],[36.85601,-0.881941],[36.854195,-0.882602],[36.851887,-0.882024],[36.850315,-0.882436],[36.847347,-0.881941],[36.844952,-0.87963],[36.842888,-0.878888],[36.84132,-0.876742],[36.839672,-0.87798],[36.83744,-0.877485],[36.835133,-0.875256],[36.834141,-0.873606],[36.831169,-0.873276],[36.829807,-0.870635],[36.825764,-0.869067],[36.823784,-0.86395],[36.821636,-0.864115],[36.818584,-0.862134],[36.815777,-0.861391],[36.814209,-0.860236],[36.809422,-0.858668],[36.809505,-0.856439],[36.807606,-0.855697],[36.805626,-0.856687],[36.802986,-0.853468],[36.800304,-0.851323],[36.795845,-0.849177],[36.792877,-0.846041],[36.790565,-0.844885],[36.787262,-0.844638],[36.783798,-0.841832],[36.782394,-0.839603],[36.779835,-0.840181],[36.778267,-0.837788],[36.774059,-0.833991],[36.769478,-0.832258],[36.760151,-0.832423],[36.757675,-0.833083],[36.754707,-0.832588],[36.750168,-0.832506],[36.747692,-0.831515],[36.745876,-0.829947],[36.744637,-0.828049],[36.743481,-0.824418],[36.741169,-0.820869],[36.738529,-0.818145],[36.73201,-0.812533],[36.729862,-0.811213],[36.724831,-0.810718],[36.722847,-0.808407],[36.720039,-0.806371],[36.718021,-0.80384],[36.717533,-0.802311],[36.711983,-0.794268],[36.70808,-0.789529],[36.707336,-0.787392],[36.705013,-0.784325],[36.700924,-0.781352],[36.692654,-0.772152],[36.690052,-0.769829],[36.685593,-0.764811],[36.683102,-0.76345],[36.679462,-0.762236],[36.671558,-0.758492],[36.666912,-0.759421],[36.664497,-0.761279],[36.660038,-0.76639],[36.658459,-0.767784],[36.656784,-0.76797],[36.65028,-0.764625],[36.608292,-0.805621],[36.618565,-0.829798],[36.585983,-0.826525],[36.589813,-0.84894],[36.597965,-0.861846],[36.587006,-0.886754],[36.576984,-0.891907],[36.561813,-0.903929],[36.563248,-0.908509],[36.570091,-0.90889],[36.568638,-0.911074],[36.552849,-0.919996],[36.561161,-0.924309],[36.568344,-0.921547],[36.574696,-0.924309],[36.578011,-0.929281],[36.576077,-0.938119],[36.572487,-0.942262],[36.579945,-0.948062],[36.584915,-0.961872],[36.584362,-0.972643],[36.584915,-0.979272],[36.588505,-0.982034],[36.594028,-0.983415],[36.595409,-0.991701],[36.584251,-1.044381],[36.586849,-1.05274],[36.588272,-1.063382],[36.566952,-1.101497],[36.563854,-1.10011],[36.541656,-1.127002],[36.53373,-1.155907],[36.489265,-1.122533],[36.333923,-1.049367],[36.346176,-1.175681],[36.052032,-1.490887],[36.059101,-1.500495],[36.059498,-1.501618],[36.059158,-1.504588],[36.059441,-1.507367],[36.060345,-1.510194],[36.064087,-1.51679],[36.065399,-1.520939],[36.06834,-1.526888],[36.069775,-1.531564],[36.071358,-1.535045],[36.073444,-1.542345],[36.077374,-1.549169],[36.080944,-1.555936],[36.082848,-1.558944],[36.084133,-1.561942],[36.084587,-1.564246],[36.085262,-1.573545],[36.084438,-1.578161],[36.083252,-1.58079],[36.081249,-1.582929],[36.079876,-1.585651],[36.079212,-1.588164],[36.079029,-1.593675],[36.078384,-1.59514],[36.077145,-1.595369],[36.075089,-1.592552],[36.074158,-1.592304],[36.07214,-1.59396],[36.070835,-1.595759],[36.068741,-1.600651],[36.068542,-1.603745],[36.067245,-1.607342],[36.065525,-1.609827],[36.06324,-1.609998],[36.062439,-1.611102],[36.063774,-1.615442],[36.063343,-1.61686],[36.060776,-1.61785],[36.055817,-1.618252],[36.056007,-1.620943],[36.057892,-1.623171],[36.056282,-1.631004],[36.055676,-1.63273],[36.052776,-1.636057],[36.051327,-1.643591],[36.052273,-1.646583],[36.051254,-1.647964],[36.048424,-1.6484],[36.047256,-1.649946],[36.047333,-1.653654],[36.047874,-1.654599],[36.049797,-1.65492],[36.050671,-1.657838],[36.052307,-1.660807],[36.051556,-1.664523],[36.052799,-1.666849],[36.054714,-1.667754],[36.055119,-1.669538],[36.058243,-1.672564],[36.058262,-1.675509],[36.055607,-1.679312],[36.05566,-1.68118],[36.057411,-1.683227],[36.057648,-1.686968],[36.058117,-1.68816],[36.061012,-1.689172],[36.06171,-1.689903],[36.063183,-1.694211],[36.064507,-1.697082],[36.064415,-1.699201],[36.060123,-1.700837],[36.058147,-1.702278],[36.057446,-1.703723],[36.05759,-1.706264],[36.055931,-1.708089],[36.056744,-1.710909],[36.055511,-1.711534],[36.053486,-1.709341],[36.047821,-1.705638],[36.046494,-1.706699],[36.045422,-1.71015],[36.044388,-1.710917],[36.041649,-1.709546],[36.039055,-1.709512],[36.037983,-1.710777],[36.038506,-1.71311],[36.040066,-1.714442],[36.042976,-1.715699],[36.044601,-1.718234],[36.046852,-1.718849],[36.047997,-1.720775],[36.048023,-1.724588],[36.049732,-1.729604],[36.048298,-1.732098],[36.047791,-1.734151],[36.046299,-1.734801],[36.043598,-1.7324],[36.041054,-1.732507],[36.040882,-1.734544],[36.042122,-1.737228],[36.041683,-1.73995],[36.039768,-1.741882],[36.037125,-1.74232],[36.035915,-1.743395],[36.0354,-1.745128],[36.036175,-1.749706],[36.03566,-1.752233],[36.034115,-1.75338],[36.033699,-1.754636],[36.035133,-1.756835],[36.034031,-1.761365],[36.03228,-1.760528],[36.031364,-1.762127],[36.032013,-1.764696],[36.031906,-1.767923],[36.026844,-1.772986],[36.025364,-1.77405],[36.022297,-1.774708],[36.021591,-1.776328],[36.022572,-1.777507],[36.025368,-1.779335],[36.031292,-1.78012],[36.032104,-1.781706],[36.031334,-1.786186],[36.029949,-1.788687],[36.028645,-1.789767],[36.024796,-1.790987],[36.022991,-1.792166],[36.023399,-1.793911],[36.026321,-1.794843],[36.026749,-1.795964],[36.023945,-1.798254],[36.021786,-1.798895],[36.02005,-1.800789],[36.017132,-1.803005],[36.01638,-1.804044],[36.016994,-1.807106],[36.0187,-1.807832],[36.020607,-1.806794],[36.024071,-1.806393],[36.0275,-1.809299],[36.029404,-1.809894],[36.029167,-1.812759],[36.030499,-1.819352],[36.030499,-1.82083],[36.028931,-1.823546],[36.029495,-1.82539],[36.032097,-1.824885],[36.037632,-1.820872],[36.039402,-1.821075],[36.041355,-1.82541],[36.040173,-1.827036],[36.040882,-1.829161],[36.04427,-1.830774],[36.044041,-1.8324],[36.042374,-1.83359],[36.042885,-1.835614],[36.048603,-1.841373],[36.049099,-1.843433],[36.048149,-1.846852],[36.048283,-1.849384],[36.05019,-1.855551],[36.050129,-1.858178],[36.048553,-1.860617],[36.048145,-1.862412],[36.04781,-1.869669],[36.046837,-1.873571],[36.045696,-1.875102],[36.044491,-1.877941],[36.042316,-1.878069],[36.04055,-1.876662],[36.039024,-1.876353],[36.037853,-1.877611],[36.037273,-1.880219],[36.038372,-1.884025],[36.03767,-1.890135],[36.036137,-1.891457],[36.034573,-1.891164],[36.033272,-1.888477],[36.031742,-1.888153],[36.028065,-1.888696],[36.026966,-1.891045],[36.028111,-1.894026],[36.031277,-1.898642],[36.03426,-1.902436],[36.03862,-1.906497],[36.040264,-1.907414],[36.04295,-1.906958],[36.043896,-1.908086],[36.043434,-1.910815],[36.042107,-1.91171],[36.03701,-1.913053],[36.034157,-1.915788],[36.03458,-1.918985],[36.037449,-1.919778],[36.038181,-1.920621],[36.037907,-1.924544],[36.037239,-1.928007],[36.037506,-1.929336],[36.040012,-1.931067],[36.041729,-1.933331],[36.042969,-1.937099],[36.043098,-1.939389],[36.042446,-1.942665],[36.040699,-1.947142],[36.037922,-1.949085],[36.039787,-1.952585],[36.041485,-1.958057],[36.041615,-1.960231],[36.039707,-1.969302],[36.037563,-1.971232],[36.037678,-1.973681],[36.039204,-1.973641],[36.040104,-1.975062],[36.039665,-1.979173],[36.038639,-1.981859],[36.037895,-1.985483],[36.037083,-1.991225],[36.035774,-1.992849],[36.036381,-1.996761],[36.035549,-2.002474],[36.037682,-2.006184],[36.037277,-2.008102],[36.033386,-2.015298],[36.030346,-2.022088],[36.030167,-2.028217],[36.029686,-2.031809],[36.030922,-2.035923],[36.030113,-2.037693],[36.028172,-2.039697],[36.028172,-2.082952],[36.000206,-2.083073],[36.000206,-2.104406]]]}},{"type":"Feature","properties":{"code":801},"geometry":{"type":"MultiPolygon","coordinates":[[[[39.092285,-3.567078],[39.299927,-3.568298],[39.306091,-3.566711],[39.31488,-3.562988],[39.318909,-3.563782],[39.318481,-3.570801],[39.320679,-3.577026],[39.326721,-3.58728],[39.338684,-3.590698],[39.344482,-3.595215],[39.347107,-3.60022],[39.3479,-3.605103],[39.34668,-3.610901],[39.345276,-3.619995],[39.344116,-3.629883],[39.342529,-3.633301],[39.342529,-3.635681],[39.348328,-3.637024],[39.350708,-3.640686],[39.352905,-3.645203],[39.354492,-3.65271],[39.352905,-3.667175],[39.352112,-3.671692],[39.352478,-3.677979],[39.353271,-3.686218],[39.353699,-3.692383],[39.352112,-3.693604],[39.349915,-3.692017],[39.347107,-3.696472],[39.34668,-3.701111],[39.349915,-3.704773],[39.353271,-3.706482],[39.352112,-3.712708],[39.355713,-3.715088],[39.356873,-3.721375],[39.356506,-3.726685],[39.359924,-3.730408],[39.372681,-3.739502],[39.38092,-3.737915],[39.387878,-3.735413],[39.39093,-3.735413],[39.391724,-3.742004],[39.391724,-3.749512],[39.392517,-3.754395],[39.392517,-3.759399],[39.391724,-3.765198],[39.383911,-3.766479],[39.380493,-3.770508],[39.387878,-3.774719],[39.388489,-3.781311],[39.385071,-3.782104],[39.378479,-3.7854],[39.375488,-3.789612],[39.378906,-3.794617],[39.378479,-3.7995],[39.377319,-3.80658],[39.391296,-3.816895],[39.396729,-3.823486],[39.401672,-3.819397],[39.407471,-3.822327],[39.414124,-3.818909],[39.420288,-3.819397],[39.430481,-3.829285],[39.434692,-3.83429],[39.445129,-3.847473],[39.453674,-3.854126],[39.466125,-3.857788],[39.477295,-3.871521],[39.483521,-3.880188],[39.489319,-3.880615],[39.494324,-3.884277],[39.49707,-3.893799],[39.500122,-3.901306],[39.50708,-3.903809],[39.509521,-3.907898],[39.515686,-3.9104],[39.520325,-3.916199],[39.517517,-3.920715],[39.520691,-3.927795],[39.527893,-3.92981],[39.527893,-3.936401],[39.52533,-3.945984],[39.544312,-3.969116],[39.545471,-3.977417],[39.54071,-3.986084],[39.542725,-3.991394],[39.547729,-3.986084],[39.553894,-3.983215],[39.563721,-3.986877],[39.567377,-3.992775],[39.567871,-4.000793],[39.570129,-4.003174],[39.568909,-4.007874],[39.566711,-4.010803],[39.566101,-4.013306],[39.566284,-4.015991],[39.567505,-4.019287],[39.569885,-4.020203],[39.571106,-4.019775],[39.57312,-4.023621],[39.574707,-4.024109],[39.579529,-4.024597],[39.585693,-4.02478],[39.587891,-4.024597],[39.587097,-4.028198],[39.58551,-4.031616],[39.58551,-4.032715],[39.583679,-4.039307],[39.584106,-4.040527],[39.582703,-4.041687],[39.584717,-4.043274],[39.585693,-4.04187],[39.58728,-4.042297],[39.591492,-4.041626],[39.599487,-4.041687],[39.602722,-4.041992],[39.606689,-4.041687],[39.611511,-4.040588],[39.616699,-4.040588],[39.61853,-4.041077],[39.6203,-4.042603],[39.621887,-4.042725],[39.624084,-4.041321],[39.628479,-4.04071],[39.634094,-4.041199],[39.638489,-4.040771],[39.638916,-4.038025],[39.636108,-4.036926],[39.634521,-4.035217],[39.636719,-4.030884],[39.637512,-4.03009],[39.639282,-4.031006],[39.641296,-4.030884],[39.644714,-4.032104],[39.647888,-4.031982],[39.649475,-4.028198],[39.644104,-4.028198],[39.64209,-4.027588],[39.64209,-4.025879],[39.640076,-4.026611],[39.639526,-4.023926],[39.640076,-4.0224],[39.639099,-4.020508],[39.64032,-4.015686],[39.639282,-4.013916],[39.637512,-4.01239],[39.636108,-4.01239],[39.636108,-4.008606],[39.634888,-4.006287],[39.634705,-4.001404],[39.635071,-3.998413],[39.634277,-3.991882],[39.635071,-3.98938],[39.633728,-3.987915],[39.63208,-3.988708],[39.63092,-3.987976],[39.628113,-3.987488],[39.627075,-3.988708],[39.625916,-3.992798],[39.623718,-3.995605],[39.62207,-3.995117],[39.623901,-3.99292],[39.623901,-3.989929],[39.623108,-3.989075],[39.620483,-3.989807],[39.61792,-3.986877],[39.616882,-3.987427],[39.616516,-3.98999],[39.612305,-3.985779],[39.614929,-3.985229],[39.614075,-3.983215],[39.612671,-3.983215],[39.612122,-3.981201],[39.610901,-3.980591],[39.609314,-3.981323],[39.606873,-3.980774],[39.602722,-3.984192],[39.5979,-3.985779],[39.59668,-3.985229],[39.597473,-3.983215],[39.600708,-3.981201],[39.600708,-3.978882],[39.603882,-3.977478],[39.605103,-3.976501],[39.6073,-3.976013],[39.607483,-3.972595],[39.605896,-3.96759],[39.607483,-3.96521],[39.606323,-3.963501],[39.604919,-3.964172],[39.604126,-3.965576],[39.602722,-3.964722],[39.603882,-3.960327],[39.603882,-3.956787],[39.605103,-3.955383],[39.605286,-3.952515],[39.607727,-3.954529],[39.60791,-3.957275],[39.610107,-3.958313],[39.612122,-3.956787],[39.613892,-3.956482],[39.618103,-3.956726],[39.61908,-3.954712],[39.620117,-3.955017],[39.619873,-3.957886],[39.623108,-3.959595],[39.619873,-3.958008],[39.616699,-3.963989],[39.614502,-3.96637],[39.614685,-3.969788],[39.615723,-3.9729],[39.616699,-3.973877],[39.619324,-3.974487],[39.621887,-3.973694],[39.622314,-3.975769],[39.623291,-3.976685],[39.629272,-3.979187],[39.631897,-3.978394],[39.635681,-3.974487],[39.636292,-3.972717],[39.635681,-3.971619],[39.633911,-3.970886],[39.634888,-3.969604],[39.637329,-3.968811],[39.639099,-3.970703],[39.642883,-3.971069],[39.642883,-3.973083],[39.647095,-3.975708],[39.649475,-3.97821],[39.651306,-3.977783],[39.652283,-3.979126],[39.650879,-3.982117],[39.65033,-3.984314],[39.653687,-3.986389],[39.657288,-3.986877],[39.658875,-3.986023],[39.660095,-3.984497],[39.659912,-3.982483],[39.657715,-3.981506],[39.657288,-3.978027],[39.654724,-3.9729],[39.654907,-3.97168],[39.653931,-3.967285],[39.651489,-3.966187],[39.65509,-3.965271],[39.655518,-3.963806],[39.654724,-3.960205],[39.6521,-3.958496],[39.649292,-3.959412],[39.645874,-3.958496],[39.643677,-3.956604],[39.645874,-3.958008],[39.648682,-3.958313],[39.650085,-3.957581],[39.65033,-3.954407],[39.647946,-3.951005],[39.649902,-3.951904],[39.6521,-3.955017],[39.653503,-3.955627],[39.656128,-3.955627],[39.655273,-3.952209],[39.657288,-3.953308],[39.658508,-3.95282],[39.659302,-3.950989],[39.658081,-3.945496],[39.660095,-3.945312],[39.662109,-3.947693],[39.662476,-3.94928],[39.661316,-3.951111],[39.661499,-3.952393],[39.659729,-3.955017],[39.660095,-3.956909],[39.660095,-3.960876],[39.662476,-3.960571],[39.662109,-3.9646],[39.660278,-3.966492],[39.660278,-3.971619],[39.662903,-3.973389],[39.663696,-3.974976],[39.666687,-3.970886],[39.667725,-3.971497],[39.667114,-3.973694],[39.66748,-3.976501],[39.666687,-3.97821],[39.666687,-3.980103],[39.668091,-3.984985],[39.672302,-3.987],[39.671692,-3.988708],[39.669312,-3.988892],[39.668884,-3.990784],[39.669495,-3.991699],[39.668884,-3.99408],[39.667114,-3.99408],[39.66748,-3.996521],[39.669922,-3.998108],[39.671326,-4.002991],[39.671082,-4.005127],[39.668701,-4.008911],[39.666321,-4.010681],[39.663879,-4.011597],[39.660889,-4.011597],[39.660522,-4.013184],[39.662109,-4.013672],[39.662903,-4.01709],[39.661499,-4.017395],[39.660522,-4.019409],[39.661682,-4.020813],[39.665894,-4.022522],[39.669495,-4.020386],[39.671692,-4.020813],[39.672913,-4.019714],[39.674072,-4.02063],[39.672913,-4.022217],[39.669678,-4.022705],[39.669128,-4.023987],[39.670715,-4.026794],[39.670471,-4.029724],[39.673523,-4.029175],[39.675476,-4.030029],[39.676086,-4.031799],[39.676331,-4.035583],[39.67511,-4.038208],[39.673279,-4.03949],[39.673096,-4.041199],[39.676331,-4.041809],[39.679077,-4.041199],[39.680725,-4.043213],[39.680115,-4.04657],[39.680725,-4.049927],[39.680115,-4.052979],[39.681885,-4.054504],[39.684326,-4.059692],[39.686523,-4.060303],[39.688293,-4.061707],[39.693481,-4.060791],[39.69873,-4.058777],[39.702698,-4.055115],[39.704285,-4.051208],[39.706116,-4.048279],[39.7099,-4.044006],[39.713501,-4.038513],[39.713684,-4.037476],[39.715698,-4.035278],[39.72229,-4.024292],[39.725281,-4.020874],[39.727722,-4.020508],[39.729675,-4.019104],[39.730713,-4.016907],[39.727722,-4.016113],[39.726074,-4.014099],[39.725281,-4.011108],[39.725281,-4.007812],[39.726501,-4.003601],[39.727478,-4.002075],[39.728882,-3.997803],[39.730713,-3.995605],[39.733276,-3.990784],[39.736084,-3.987],[39.741089,-3.981201],[39.745483,-3.976379],[39.748291,-3.974304],[39.749878,-3.970886],[39.751892,-3.967407],[39.756531,-3.962891],[39.760315,-3.960388],[39.763306,-3.958801],[39.762695,-3.956604],[39.758484,-3.955505],[39.753296,-3.955994],[39.751526,-3.955811],[39.748291,-3.954285],[39.745483,-3.953979],[39.743896,-3.953186],[39.739075,-3.949707],[39.736328,-3.94812],[39.73468,-3.948303],[39.73053,-3.951599],[39.729126,-3.951172],[39.724487,-3.952393],[39.722717,-3.951416],[39.720093,-3.950806],[39.714722,-3.951111],[39.71228,-3.949707],[39.709717,-3.946777],[39.709473,-3.950012],[39.70752,-3.953918],[39.705688,-3.954285],[39.707886,-3.951111],[39.706482,-3.950195],[39.705322,-3.951111],[39.702698,-3.950928],[39.701904,-3.952881],[39.69928,-3.953979],[39.69928,-3.952393],[39.701294,-3.9505],[39.7005,-3.949707],[39.696899,-3.951782],[39.694885,-3.949097],[39.690918,-3.947571],[39.688904,-3.949524],[39.687073,-3.94989],[39.687927,-3.946228],[39.686279,-3.943909],[39.6875,-3.943604],[39.689697,-3.944824],[39.690918,-3.943481],[39.692078,-3.945007],[39.696106,-3.945618],[39.69812,-3.948669],[39.700317,-3.94812],[39.701294,-3.947205],[39.700928,-3.944885],[39.702881,-3.945374],[39.705322,-3.946899],[39.707092,-3.945129],[39.704712,-3.943481],[39.700928,-3.943604],[39.697327,-3.94043],[39.696106,-3.938904],[39.696106,-3.936218],[39.694702,-3.934082],[39.695496,-3.932373],[39.693909,-3.931396],[39.690918,-3.933716],[39.690308,-3.932617],[39.691284,-3.930786],[39.694885,-3.929016],[39.696472,-3.92572],[39.696289,-3.923889],[39.693115,-3.921875],[39.691711,-3.921997],[39.689514,-3.923401],[39.687073,-3.923523],[39.684082,-3.922485],[39.686096,-3.921814],[39.688904,-3.921875],[39.690308,-3.919128],[39.68927,-3.916016],[39.690308,-3.914612],[39.690918,-3.910583],[39.690308,-3.908813],[39.690918,-3.906616],[39.692322,-3.906311],[39.693115,-3.907776],[39.693909,-3.911316],[39.695312,-3.911621],[39.697693,-3.9104],[39.697876,-3.908203],[39.699524,-3.907715],[39.701111,-3.905701],[39.703491,-3.906311],[39.705505,-3.90509],[39.708679,-3.905212],[39.708313,-3.903076],[39.708679,-3.897705],[39.711731,-3.895508],[39.71228,-3.893311],[39.714478,-3.893799],[39.717712,-3.892578],[39.717896,-3.896423],[39.716675,-3.899597],[39.712524,-3.906128],[39.711914,-3.909119],[39.709106,-3.912476],[39.705505,-3.914917],[39.704285,-3.917297],[39.704102,-3.919373],[39.705078,-3.921326],[39.703491,-3.92157],[39.704102,-3.927002],[39.705872,-3.928101],[39.70752,-3.92627],[39.708679,-3.927612],[39.708679,-3.929993],[39.711121,-3.930481],[39.710327,-3.932312],[39.7099,-3.935486],[39.710327,-3.9375],[39.709473,-3.939575],[39.711731,-3.943604],[39.714111,-3.946594],[39.715698,-3.945679],[39.717285,-3.947327],[39.72052,-3.947876],[39.723877,-3.94928],[39.725525,-3.949524],[39.728882,-3.948425],[39.730286,-3.945984],[39.733276,-3.945923],[39.735718,-3.945312],[39.737488,-3.946472],[39.738281,-3.947815],[39.740112,-3.948608],[39.74408,-3.951782],[39.749084,-3.953491],[39.751526,-3.953796],[39.754883,-3.952087],[39.758911,-3.949402],[39.760925,-3.950195],[39.764282,-3.949524],[39.76709,-3.947083],[39.76947,-3.943787],[39.771912,-3.941528],[39.775513,-3.936279],[39.776917,-3.933289],[39.779297,-3.927002],[39.77948,-3.923279],[39.780884,-3.919678],[39.783081,-3.91571],[39.784302,-3.912292],[39.785889,-3.905518],[39.790527,-3.8974],[39.79248,-3.893311],[39.797913,-3.884583],[39.800476,-3.878601],[39.803894,-3.872192],[39.805908,-3.86969],[39.806274,-3.868103],[39.809875,-3.861084],[39.811523,-3.858398],[39.812927,-3.855225],[39.81311,-3.852905],[39.817505,-3.842407],[39.819702,-3.838196],[39.82312,-3.832886],[39.825684,-3.827026],[39.826477,-3.824524],[39.827881,-3.821899],[39.828491,-3.819275],[39.829529,-3.817993],[39.829285,-3.812195],[39.830322,-3.807678],[39.829712,-3.806824],[39.831299,-3.803711],[39.831909,-3.801025],[39.835693,-3.793579],[39.836487,-3.791077],[39.836487,-3.788574],[39.839111,-3.78241],[39.840088,-3.776184],[39.841492,-3.774719],[39.842285,-3.772827],[39.842712,-3.77002],[39.843506,-3.768494],[39.843079,-3.765625],[39.843506,-3.762024],[39.84668,-3.754822],[39.847473,-3.751587],[39.850281,-3.744019],[39.852905,-3.741272],[39.854492,-3.735107],[39.854492,-3.732971],[39.855713,-3.728027],[39.855713,-3.726318],[39.856689,-3.723022],[39.858276,-3.720703],[39.859924,-3.719604],[39.861511,-3.715881],[39.860291,-3.712585],[39.860718,-3.711304],[39.862671,-3.709412],[39.865479,-3.705078],[39.867676,-3.698669],[39.868896,-3.696899],[39.86969,-3.692993],[39.868896,-3.690186],[39.86853,-3.687195],[39.86853,-3.682922],[39.86731,-3.680603],[39.867493,-3.677917],[39.864075,-3.675476],[39.862671,-3.675598],[39.861328,-3.676819],[39.856873,-3.677185],[39.854492,-3.679199],[39.852478,-3.677612],[39.849915,-3.677795],[39.846497,-3.676819],[39.840881,-3.674805],[39.839111,-3.67511],[39.838684,-3.674011],[39.840515,-3.672974],[39.845703,-3.67572],[39.850891,-3.676819],[39.853088,-3.676514],[39.854492,-3.677612],[39.855713,-3.676025],[39.857483,-3.675476],[39.859924,-3.675903],[39.862122,-3.6745],[39.865112,-3.6745],[39.867126,-3.670105],[39.868103,-3.664185],[39.86731,-3.656311],[39.866882,-3.65448],[39.866882,-3.650513],[39.865723,-3.649292],[39.864685,-3.64563],[39.863098,-3.643799],[39.861877,-3.640015],[39.859497,-3.638123],[39.856323,-3.637695],[39.850525,-3.634399],[39.848694,-3.634094],[39.84552,-3.63562],[39.843689,-3.635681],[39.840698,-3.633179],[39.837708,-3.632202],[39.83728,-3.628906],[39.835693,-3.6297],[39.833923,-3.632507],[39.830078,-3.633972],[39.829102,-3.63678],[39.827515,-3.636292],[39.827515,-3.632813],[39.825684,-3.633301],[39.825317,-3.636902],[39.822083,-3.638977],[39.820129,-3.642273],[39.819092,-3.64502],[39.816101,-3.645813],[39.815308,-3.64447],[39.809326,-3.644775],[39.807678,-3.644104],[39.806091,-3.646423],[39.804871,-3.646973],[39.804504,-3.643616],[39.80249,-3.64209],[39.801514,-3.639709],[39.796875,-3.641907],[39.796875,-3.643616],[39.795288,-3.643799],[39.795471,-3.64032],[39.793091,-3.637085],[39.794128,-3.636475],[39.793091,-3.632019],[39.789124,-3.630127],[39.788513,-3.627502],[39.786072,-3.625793],[39.783508,-3.622498],[39.782104,-3.62207],[39.780518,-3.623291],[39.779114,-3.623291],[39.77948,-3.620911],[39.781494,-3.618408],[39.784119,-3.616699],[39.784912,-3.618103],[39.786316,-3.618591],[39.788879,-3.61792],[39.789917,-3.619385],[39.79248,-3.621399],[39.793884,-3.624817],[39.794678,-3.625305],[39.798279,-3.624878],[39.804871,-3.622986],[39.806519,-3.622986],[39.809082,-3.620972],[39.808716,-3.620178],[39.806274,-3.620972],[39.805481,-3.619324],[39.803528,-3.617371],[39.803711,-3.611694],[39.802124,-3.610474],[39.799072,-3.611084],[39.795898,-3.610596],[39.792908,-3.612183],[39.791321,-3.612122],[39.786682,-3.610901],[39.783691,-3.610901],[39.779724,-3.60968],[39.77771,-3.607117],[39.775696,-3.603394],[39.773682,-3.601807],[39.773926,-3.60022],[39.771484,-3.597412],[39.771484,-3.594788],[39.772278,-3.593506],[39.772278,-3.591675],[39.771118,-3.5896],[39.771301,-3.588379],[39.772705,-3.586975],[39.774902,-3.586792],[39.774902,-3.583801],[39.776123,-3.581909],[39.77832,-3.580078],[39.781677,-3.580017],[39.784485,-3.577881],[39.785706,-3.577698],[39.786926,-3.582397],[39.785522,-3.583679],[39.782288,-3.583008],[39.78009,-3.584412],[39.779297,-3.588074],[39.77948,-3.591492],[39.780701,-3.592896],[39.779907,-3.594299],[39.77832,-3.592224],[39.7771,-3.593506],[39.77832,-3.595825],[39.778687,-3.599182],[39.77832,-3.602905],[39.779114,-3.604675],[39.781494,-3.60791],[39.782898,-3.608215],[39.78772,-3.606873],[39.788513,-3.6026],[39.791504,-3.604309],[39.793274,-3.60321],[39.795471,-3.602905],[39.798279,-3.601624],[39.80072,-3.601196],[39.803101,-3.601929],[39.806702,-3.601501],[39.808105,-3.601807],[39.811279,-3.601501],[39.813904,-3.601807],[39.819702,-3.605591],[39.82373,-3.60968],[39.82489,-3.612122],[39.825073,-3.614075],[39.830078,-3.619873],[39.83313,-3.620422],[39.834473,-3.620117],[39.83728,-3.622498],[39.840515,-3.62439],[39.843079,-3.630127],[39.843872,-3.630798],[39.851685,-3.630798],[39.853516,-3.631287],[39.856873,-3.633423],[39.859314,-3.632813],[39.863525,-3.633179],[39.865723,-3.632202],[39.867676,-3.630493],[39.8703,-3.627197],[39.872314,-3.62262],[39.874878,-3.618408],[39.875671,-3.614197],[39.87793,-3.611694],[39.881287,-3.6073],[39.884277,-3.599976],[39.884888,-3.598999],[39.887085,-3.593201],[39.889099,-3.590576],[39.889282,-3.588806],[39.890686,-3.585022],[39.893311,-3.579407],[39.893677,-3.574829],[39.895325,-3.573608],[39.896912,-3.573486],[39.900085,-3.567322],[39.9021,-3.562317],[39.905273,-3.55542],[39.905884,-3.552124],[39.907715,-3.548401],[39.909485,-3.541077],[39.913086,-3.530884],[39.914917,-3.526611],[39.915283,-3.524475],[39.917297,-3.521423],[39.918884,-3.515991],[39.919495,-3.515198],[39.920715,-3.511108],[39.920471,-3.509705],[39.922485,-3.50592],[39.923523,-3.501404],[39.92572,-3.49823],[39.92511,-3.496582],[39.926331,-3.490417],[39.928894,-3.485474],[39.930908,-3.483093],[39.931274,-3.481689],[39.933716,-3.478577],[39.934082,-3.476929],[39.935913,-3.474792],[39.935913,-3.472412],[39.937073,-3.469177],[39.940308,-3.462219],[39.941284,-3.459106],[39.941284,-3.457703],[39.943726,-3.454712],[39.947327,-3.448181],[39.950073,-3.441284],[39.951477,-3.439209],[39.953674,-3.434204],[39.954529,-3.433411],[39.955872,-3.429687],[39.956909,-3.428101],[39.95813,-3.422729],[39.959473,-3.421326],[39.960327,-3.418823],[39.960083,-3.417786],[39.961121,-3.415588],[39.964478,-3.409912],[39.966919,-3.406494],[39.968079,-3.400391],[39.966309,-3.399719],[39.965088,-3.398315],[39.964722,-3.396301],[39.965698,-3.389771],[39.965515,-3.387878],[39.96228,-3.387024],[39.959717,-3.385193],[39.955872,-3.385681],[39.951721,-3.383484],[39.950684,-3.382507],[39.947876,-3.377075],[39.946289,-3.376282],[39.944885,-3.376709],[39.942871,-3.378296],[39.937927,-3.385376],[39.93512,-3.386108],[39.936279,-3.383301],[39.938721,-3.381226],[39.93927,-3.379272],[39.943115,-3.375305],[39.943115,-3.37207],[39.940674,-3.370972],[39.937073,-3.372925],[39.935486,-3.37207],[39.934082,-3.369507],[39.934509,-3.367981],[39.936523,-3.365723],[39.93927,-3.36438],[39.937073,-3.360291],[39.937317,-3.355896],[39.93689,-3.355225],[39.937073,-3.348206],[39.939514,-3.345093],[39.945496,-3.34491],[39.94751,-3.347717],[39.950928,-3.344421],[39.954102,-3.343384],[39.955322,-3.339783],[39.952271,-3.33728],[39.9505,-3.337097],[39.948914,-3.3349],[39.949707,-3.333618],[39.94928,-3.331482],[39.951294,-3.328491],[39.954285,-3.326111],[39.956726,-3.3255],[39.96051,-3.323975],[39.967712,-3.321594],[39.97168,-3.318909],[39.977478,-3.317505],[39.980286,-3.31781],[39.9823,-3.317505],[39.984924,-3.31781],[39.989929,-3.316772],[39.990112,-3.31543],[39.988892,-3.313721],[39.989929,-3.312378],[39.99231,-3.313293],[39.9953,-3.31189],[39.996277,-3.3125],[39.994873,-3.316895],[39.993103,-3.319275],[39.989929,-3.32019],[39.987671,-3.322571],[39.983887,-3.328491],[39.983276,-3.330688],[39.983887,-3.333679],[39.985901,-3.335388],[39.989319,-3.340698],[39.989502,-3.343323],[39.990906,-3.345398],[39.992676,-3.349915],[39.990112,-3.353394],[39.990112,-3.355591],[39.991699,-3.356689],[39.991516,-3.358887],[39.990479,-3.361023],[39.991089,-3.363098],[39.992676,-3.362793],[39.99469,-3.361023],[39.996277,-3.361816],[39.996521,-3.363708],[39.99292,-3.367187],[39.991516,-3.366821],[39.989929,-3.36499],[39.986877,-3.36731],[39.985474,-3.366882],[39.984314,-3.365479],[39.982483,-3.36499],[39.980896,-3.366577],[39.977905,-3.368286],[39.974915,-3.370972],[39.9729,-3.371887],[39.970886,-3.373901],[39.97113,-3.378296],[39.969727,-3.380188],[39.969116,-3.382996],[39.969727,-3.385803],[39.970886,-3.386292],[39.974304,-3.386108],[39.977905,-3.383301],[39.982483,-3.378906],[39.984497,-3.37738],[39.992676,-3.371887],[39.997681,-3.367493],[39.999878,-3.364685],[40.006287,-3.358276],[40.009521,-3.356812],[40.011292,-3.357178],[40.012085,-3.35907],[40.013916,-3.358887],[40.012512,-3.355896],[40.013916,-3.353882],[40.018127,-3.352783],[40.01947,-3.353271],[40.019287,-3.355286],[40.022095,-3.352783],[40.022705,-3.351013],[40.022278,-3.349792],[40.023071,-3.348389],[40.025696,-3.346497],[40.031921,-3.343384],[40.035278,-3.342285],[40.0401,-3.339172],[40.043701,-3.337708],[40.049316,-3.334595],[40.053101,-3.333008],[40.054321,-3.331909],[40.057495,-3.3302],[40.062927,-3.325623],[40.065674,-3.322815],[40.070129,-3.320313],[40.07489,-3.315613],[40.081482,-3.313599],[40.087708,-3.31073],[40.091492,-3.308472],[40.092896,-3.30719],[40.099915,-3.302917],[40.102478,-3.300598],[40.105713,-3.298401],[40.108521,-3.296082],[40.111694,-3.294495],[40.112488,-3.292908],[40.114075,-3.291992],[40.116516,-3.289001],[40.119507,-3.286682],[40.121277,-3.282227],[40.121887,-3.27948],[40.124695,-3.275024],[40.12358,-3.273471],[39.170869,-3.256532],[39.155882,-3.315707],[39.153931,-3.323425],[39.092285,-3.567078]]],[[[39.576721,-4.119507],[39.578491,-4.119202],[39.58429,-4.117798],[39.582703,-4.115723],[39.580688,-4.116211],[39.580505,-4.117981],[39.577698,-4.118103],[39.576721,-4.119507]]],[[[39.584106,-4.088501],[39.58429,-4.090271],[39.586731,-4.091492],[39.587708,-4.09259],[39.588074,-4.096497],[39.589111,-4.09967],[39.591675,-4.103699],[39.593079,-4.105286],[39.592896,-4.106506],[39.590088,-4.107788],[39.588318,-4.10968],[39.588074,-4.110779],[39.585876,-4.113403],[39.586304,-4.116882],[39.590881,-4.116272],[39.595093,-4.11499],[39.59613,-4.113403],[39.597717,-4.109619],[39.596313,-4.106018],[39.595276,-4.101685],[39.5979,-4.098999],[39.602478,-4.0979],[39.604492,-4.095703],[39.603088,-4.090271],[39.608093,-4.089111],[39.609924,-4.093201],[39.612305,-4.093018],[39.612915,-4.094116],[39.611877,-4.096069],[39.628113,-4.114502],[39.631287,-4.120178],[39.637695,-4.120605],[39.636719,-4.126221],[39.631531,-4.128479],[39.63092,-4.137207],[39.628723,-4.140991],[39.625305,-4.144897],[39.64093,-4.155029],[39.645691,-4.14679],[39.647278,-4.143494],[39.648315,-4.142822],[39.650513,-4.138428],[39.651306,-4.134888],[39.6521,-4.133423],[39.65332,-4.129089],[39.654907,-4.12561],[39.658325,-4.11969],[39.661499,-4.115601],[39.662476,-4.111694],[39.667114,-4.105103],[39.668274,-4.102295],[39.670898,-4.098022],[39.673523,-4.090698],[39.673706,-4.088806],[39.673096,-4.086182],[39.674316,-4.083313],[39.673523,-4.080505],[39.668701,-4.0802],[39.665894,-4.080505],[39.659302,-4.078918],[39.656494,-4.075684],[39.655518,-4.075317],[39.652527,-4.072327],[39.650085,-4.073608],[39.649292,-4.076599],[39.647278,-4.079712],[39.645874,-4.07959],[39.646484,-4.076172],[39.648499,-4.075317],[39.648499,-4.073792],[39.644714,-4.070923],[39.641907,-4.067688],[39.641113,-4.064819],[39.641724,-4.062378],[39.640686,-4.058777],[39.638672,-4.055298],[39.638123,-4.049377],[39.636475,-4.049316],[39.635681,-4.052307],[39.637329,-4.054871],[39.636108,-4.057983],[39.633301,-4.059082],[39.628479,-4.061829],[39.625488,-4.061707],[39.621094,-4.058289],[39.617676,-4.058472],[39.621094,-4.063171],[39.622681,-4.067017],[39.621887,-4.070679],[39.620483,-4.070313],[39.6203,-4.065796],[39.618896,-4.065796],[39.618713,-4.063782],[39.616699,-4.063171],[39.615479,-4.06488],[39.611328,-4.065918],[39.60968,-4.065125],[39.608276,-4.065491],[39.60968,-4.062195],[39.606873,-4.062195],[39.605286,-4.063782],[39.604492,-4.065491],[39.602905,-4.065125],[39.602905,-4.062805],[39.601074,-4.061584],[39.600098,-4.062805],[39.598083,-4.063293],[39.593506,-4.062378],[39.591919,-4.063477],[39.593079,-4.065613],[39.595276,-4.064575],[39.597107,-4.064575],[39.59729,-4.0672],[39.59668,-4.068787],[39.597107,-4.070618],[39.595093,-4.070496],[39.594727,-4.067871],[39.593689,-4.067871],[39.591492,-4.070129],[39.590881,-4.073425],[39.589722,-4.074219],[39.586731,-4.075012],[39.588501,-4.079102],[39.588318,-4.080994],[39.588928,-4.083679],[39.586304,-4.083801],[39.584106,-4.088501]]],[[[39.611877,-3.960999],[39.614319,-3.960999],[39.614502,-3.959412],[39.611877,-3.959473],[39.611877,-3.960999]]],[[[39.640076,-4.038391],[39.640686,-4.042297],[39.641907,-4.04303],[39.643494,-4.046814],[39.645325,-4.048401],[39.646484,-4.053711],[39.647278,-4.056091],[39.647278,-4.058716],[39.649719,-4.05957],[39.65332,-4.062622],[39.65448,-4.065491],[39.656921,-4.06488],[39.656677,-4.0672],[39.658325,-4.068176],[39.659485,-4.069702],[39.661926,-4.070007],[39.660706,-4.066772],[39.661682,-4.065979],[39.662903,-4.067505],[39.66333,-4.070007],[39.662292,-4.070679],[39.661926,-4.072876],[39.66449,-4.075928],[39.666077,-4.076904],[39.669495,-4.077209],[39.671692,-4.076721],[39.673279,-4.073486],[39.675293,-4.071716],[39.67749,-4.071472],[39.680481,-4.069885],[39.681702,-4.068298],[39.679321,-4.060181],[39.679321,-4.058228],[39.678528,-4.056885],[39.67511,-4.054199],[39.674316,-4.051208],[39.676086,-4.046387],[39.676086,-4.044312],[39.675293,-4.043701],[39.673279,-4.044922],[39.670471,-4.043884],[39.669678,-4.043091],[39.669495,-4.040222],[39.668518,-4.037415],[39.671082,-4.03772],[39.674072,-4.036377],[39.673889,-4.034119],[39.669312,-4.033813],[39.665527,-4.029297],[39.664124,-4.028687],[39.661072,-4.028687],[39.657288,-4.029297],[39.655884,-4.03009],[39.654297,-4.032104],[39.651672,-4.032715],[39.650879,-4.03479],[39.648682,-4.036682],[39.646301,-4.03772],[39.644104,-4.036804],[39.641479,-4.036621],[39.640076,-4.038391]]],[[[39.664124,-3.990784],[39.666077,-3.992676],[39.66748,-3.990417],[39.666321,-3.988525],[39.664124,-3.990784]]]]}},{"type":"Feature","properties":{"code":802},"geometry":{"type":"Polygon","coordinates":[[[38.434151,-0.074823],[38.829811,-0.760178],[38.953415,-1.031764],[38.95673,-1.077952],[38.999653,-1.676261],[38.999699,-1.676915],[38.996597,-1.680623],[38.993168,-1.683433],[38.991306,-1.687092],[38.989998,-1.688529],[38.986347,-1.691044],[38.983822,-1.694116],[38.982353,-1.694574],[38.978466,-1.693528],[38.976635,-1.693822],[38.974251,-1.696273],[38.969353,-1.69723],[38.964676,-1.699867],[38.959515,-1.70199],[38.958458,-1.702792],[39.015125,-1.914047],[38.795231,-2.339674],[38.791485,-2.33849],[38.788166,-2.340496],[38.787231,-2.342116],[38.787415,-2.345457],[38.786625,-2.347948],[38.78397,-2.350447],[38.78252,-2.353081],[38.780891,-2.353652],[38.777637,-2.35201],[38.775875,-2.351632],[38.771664,-2.35196],[38.769192,-2.352546],[38.766563,-2.355072],[38.763725,-2.354773],[38.759239,-2.357342],[38.757198,-2.357942],[38.757198,-2.35897],[38.755699,-2.361426],[38.754673,-2.36124],[38.753387,-2.359513],[38.751125,-2.360619],[38.748684,-2.36089],[38.747162,-2.362311],[38.745564,-2.362568],[38.743935,-2.363824],[38.741604,-2.363746],[38.738388,-2.364945],[38.736797,-2.36598],[38.735928,-2.367807],[38.734184,-2.368664],[38.733177,-2.370099],[38.733521,-2.373625],[38.732643,-2.374732],[38.731972,-2.378001],[38.729046,-2.379414],[38.72657,-2.381677],[38.725399,-2.383448],[38.723408,-2.383041],[38.721535,-2.386096],[38.718494,-2.388294],[38.717068,-2.388152],[38.714905,-2.391171],[38.714268,-2.394562],[38.712326,-2.395519],[38.711601,-2.397446],[38.707008,-2.398224],[38.704067,-2.400052],[38.702892,-2.403528],[38.699478,-2.40477],[38.696857,-2.406248],[38.695404,-2.408046],[38.688023,-2.409931],[38.686092,-2.411187],[38.684395,-2.4133],[38.679832,-2.412608],[38.676571,-2.412929],[38.67223,-2.414599],[38.664848,-2.41657],[38.654976,-2.416777],[38.645569,-2.417805],[38.639904,-2.415315],[38.635777,-2.414714],[38.632206,-2.415207],[38.631493,-2.412497],[38.630146,-2.411114],[38.628361,-2.411274],[38.626534,-2.410479],[39.075111,-3.041135],[39.078205,-3.042274],[39.078999,-3.043931],[39.078396,-3.046825],[39.078491,-3.049237],[39.08012,-3.051229],[39.082359,-3.052471],[39.084888,-3.052514],[39.086655,-3.051686],[39.087372,-3.050382],[39.087257,-3.047074],[39.086479,-3.044894],[39.087135,-3.043139],[39.092113,-3.040709],[39.101273,-3.036701],[39.102791,-3.035537],[39.105618,-3.032199],[39.109283,-3.025779],[39.110855,-3.024426],[39.116802,-3.02188],[39.123051,-3.019639],[39.126835,-3.019109],[39.128971,-3.020845],[39.129013,-3.027953],[39.129349,-3.029239],[39.132107,-3.032936],[39.132694,-3.034374],[39.132713,-3.037097],[39.131847,-3.040788],[39.132999,-3.042061],[39.137718,-3.041421],[39.139801,-3.041543],[39.1408,-3.042786],[39.141369,-3.047129],[39.14193,-3.048725],[39.143562,-3.048798],[39.148354,-3.044808],[39.150993,-3.044961],[39.15271,-3.046776],[39.15514,-3.051704],[39.156151,-3.053068],[39.16172,-3.058599],[39.162304,-3.059903],[39.162407,-3.064636],[39.164478,-3.066073],[39.167175,-3.065921],[39.169418,-3.064337],[39.171898,-3.06053],[39.172798,-3.057363],[39.173897,-3.056741],[39.177544,-3.057576],[39.178715,-3.058746],[39.17981,-3.061401],[39.182556,-3.063296],[39.187923,-3.062668],[39.194374,-3.060908],[39.195953,-3.061097],[39.198376,-3.062583],[39.202404,-3.065623],[39.203804,-3.066268],[39.205929,-3.06625],[39.209702,-3.065416],[39.214214,-3.065166],[39.216103,-3.06558],[39.217808,-3.068297],[39.217121,-3.070983],[39.217369,-3.072926],[39.170869,-3.256532],[40.12358,-3.273471],[40.122681,-3.272217],[40.122681,-3.270386],[40.124084,-3.267578],[40.127075,-3.263794],[40.1297,-3.26001],[40.129089,-3.258484],[40.131287,-3.254211],[40.131287,-3.251587],[40.128906,-3.249878],[40.128113,-3.248413],[40.12793,-3.246277],[40.125488,-3.245117],[40.125916,-3.242676],[40.126282,-3.233521],[40.127502,-3.224792],[40.127686,-3.220215],[40.126282,-3.220398],[40.125122,-3.216675],[40.121521,-3.212891],[40.117493,-3.207275],[40.116699,-3.201782],[40.117493,-3.194214],[40.11908,-3.187012],[40.1203,-3.184021],[40.123718,-3.177002],[40.126099,-3.173279],[40.13208,-3.165588],[40.133118,-3.163696],[40.133484,-3.161621],[40.132324,-3.159302],[40.13092,-3.163208],[40.129883,-3.161377],[40.131287,-3.157898],[40.131287,-3.156128],[40.130127,-3.153992],[40.126526,-3.149597],[40.124695,-3.146973],[40.125488,-3.146179],[40.128723,-3.149475],[40.13208,-3.153381],[40.135925,-3.156616],[40.138123,-3.155701],[40.146484,-3.142273],[40.151489,-3.136292],[40.153687,-3.134094],[40.157898,-3.13092],[40.159912,-3.128784],[40.161499,-3.124512],[40.161499,-3.122498],[40.160278,-3.119324],[40.159912,-3.116577],[40.160095,-3.112793],[40.159912,-3.107788],[40.158875,-3.102478],[40.158691,-3.095581],[40.155518,-3.088806],[40.153687,-3.086487],[40.153076,-3.082886],[40.154114,-3.0802],[40.157715,-3.074402],[40.160522,-3.071899],[40.1651,-3.069214],[40.169678,-3.067322],[40.172119,-3.06311],[40.171875,-3.060181],[40.169678,-3.05719],[40.168701,-3.05481],[40.168518,-3.049377],[40.168884,-3.045898],[40.170105,-3.042603],[40.172119,-3.038879],[40.175903,-3.033997],[40.179688,-3.030579],[40.184082,-3.028381],[40.192871,-3.026428],[40.194885,-3.024475],[40.195129,-3.0224],[40.194519,-3.0177],[40.195313,-3.013977],[40.198303,-3.008789],[40.200928,-3.005615],[40.204712,-3.00238],[40.209717,-2.999512],[40.213318,-2.999084],[40.219116,-2.998901],[40.221497,-2.998108],[40.223877,-2.996704],[40.229126,-2.992493],[40.231323,-2.989929],[40.233887,-2.989624],[40.235901,-2.992676],[40.237488,-2.99292],[40.239685,-2.989685],[40.241089,-2.984009],[40.240112,-2.976807],[40.238708,-2.975098],[40.235474,-2.975281],[40.231689,-2.976379],[40.229492,-2.979004],[40.228882,-2.981323],[40.225708,-2.984009],[40.225281,-2.985779],[40.223877,-2.986389],[40.225098,-2.987976],[40.223328,-2.989075],[40.216492,-2.991821],[40.210083,-2.992187],[40.205505,-2.991028],[40.201477,-2.98877],[40.199524,-2.98877],[40.19751,-2.991028],[40.195129,-2.991699],[40.193481,-2.99292],[40.191528,-2.993408],[40.187073,-2.993225],[40.184509,-2.992493],[40.183716,-2.993469],[40.183716,-2.996887],[40.182129,-2.999817],[40.180298,-3.00531],[40.177917,-3.01001],[40.173889,-3.013977],[40.171692,-3.015686],[40.169312,-3.016724],[40.167297,-3.016907],[40.16571,-3.023193],[40.165527,-3.027405],[40.164917,-3.029907],[40.163086,-3.032593],[40.161926,-3.033325],[40.158081,-3.033081],[40.157104,-3.027893],[40.156128,-3.026978],[40.15448,-3.027527],[40.152527,-3.030029],[40.149292,-3.031189],[40.148682,-3.032776],[40.148926,-3.034912],[40.146912,-3.036377],[40.147522,-3.037781],[40.151123,-3.038696],[40.149109,-3.039795],[40.148499,-3.041016],[40.149109,-3.042603],[40.146484,-3.044495],[40.144714,-3.044312],[40.144287,-3.039185],[40.143494,-3.036499],[40.141479,-3.033813],[40.143494,-3.033203],[40.145874,-3.027588],[40.143677,-3.024414],[40.14209,-3.023499],[40.1427,-3.020813],[40.142883,-3.015991],[40.144897,-3.015686],[40.146912,-3.013977],[40.147278,-3.012512],[40.148926,-3.010376],[40.151306,-3.009216],[40.151489,-3.005798],[40.149109,-3.006104],[40.148926,-3.008789],[40.147278,-3.009521],[40.147278,-3.00708],[40.148499,-3.003296],[40.148315,-3.000305],[40.149475,-2.997925],[40.149475,-2.99292],[40.148315,-2.989624],[40.147522,-2.985596],[40.148071,-2.978271],[40.148926,-2.976379],[40.150696,-2.974426],[40.151306,-2.9729],[40.150879,-2.968689],[40.1521,-2.963318],[40.151123,-2.961426],[40.150879,-2.959412],[40.151489,-2.956909],[40.151489,-2.95459],[40.150879,-2.952576],[40.150696,-2.944885],[40.149475,-2.940308],[40.150513,-2.937683],[40.153076,-2.936401],[40.154907,-2.936279],[40.156311,-2.938171],[40.157288,-2.9375],[40.157471,-2.934875],[40.155884,-2.9328],[40.158081,-2.931885],[40.158691,-2.930481],[40.158325,-2.927307],[40.157288,-2.923828],[40.157715,-2.9198],[40.158508,-2.918884],[40.159302,-2.916016],[40.158875,-2.913025],[40.157288,-2.9151],[40.154297,-2.916016],[40.15332,-2.918823],[40.151489,-2.919495],[40.150085,-2.917297],[40.148315,-2.91803],[40.147278,-2.916504],[40.150085,-2.914917],[40.150085,-2.912109],[40.147888,-2.910278],[40.148071,-2.908508],[40.149902,-2.908997],[40.150879,-2.90741],[40.153076,-2.907593],[40.154724,-2.903625],[40.156128,-2.903687],[40.156921,-2.904907],[40.156311,-2.908203],[40.160706,-2.911499],[40.162292,-2.911804],[40.163696,-2.906921],[40.163696,-2.902222],[40.16449,-2.900208],[40.166077,-2.899475],[40.167114,-2.897888],[40.168091,-2.893372],[40.169495,-2.888672],[40.16687,-2.88739],[40.1651,-2.89032],[40.161072,-2.893005],[40.159485,-2.892578],[40.158081,-2.893616],[40.156311,-2.893616],[40.155884,-2.896423],[40.151306,-2.897827],[40.148682,-2.900391],[40.146729,-2.900208],[40.146118,-2.897827],[40.147095,-2.895996],[40.146912,-2.893921],[40.144287,-2.892212],[40.14447,-2.891174],[40.146484,-2.889282],[40.146912,-2.887024],[40.148499,-2.887329],[40.149719,-2.890076],[40.151123,-2.890503],[40.152527,-2.889771],[40.15271,-2.886597],[40.154724,-2.884216],[40.153076,-2.881897],[40.152527,-2.878174],[40.153076,-2.87561],[40.1521,-2.872986],[40.152283,-2.871704],[40.154724,-2.871582],[40.155884,-2.8703],[40.154724,-2.86792],[40.156128,-2.86731],[40.157104,-2.870178],[40.156311,-2.873596],[40.157715,-2.875305],[40.157898,-2.877014],[40.156921,-2.878784],[40.157471,-2.88092],[40.159119,-2.880981],[40.160522,-2.879883],[40.162292,-2.880371],[40.162903,-2.877197],[40.163086,-2.873291],[40.16571,-2.867371],[40.16571,-2.864807],[40.167908,-2.859497],[40.167725,-2.857788],[40.169128,-2.853699],[40.170105,-2.854797],[40.169128,-2.856018],[40.168884,-2.858521],[40.170288,-2.858521],[40.171875,-2.852173],[40.173889,-2.8479],[40.175903,-2.844727],[40.176086,-2.843506],[40.174683,-2.842224],[40.174072,-2.839722],[40.175903,-2.836609],[40.176086,-2.835327],[40.17749,-2.834106],[40.177917,-2.832397],[40.181519,-2.830811],[40.183105,-2.830994],[40.183472,-2.828491],[40.181702,-2.826294],[40.180725,-2.826599],[40.179321,-2.828979],[40.178528,-2.828674],[40.178284,-2.823303],[40.178711,-2.820801],[40.177673,-2.81958],[40.179321,-2.817078],[40.180908,-2.816772],[40.179688,-2.813782],[40.175476,-2.808105],[40.174072,-2.806824],[40.172913,-2.800415],[40.171509,-2.799927],[40.170105,-2.80072],[40.169128,-2.798096],[40.168884,-2.79541],[40.167908,-2.79248],[40.166077,-2.792603],[40.165527,-2.794006],[40.165527,-2.797302],[40.164124,-2.798706],[40.162903,-2.797913],[40.162476,-2.796204],[40.160889,-2.794373],[40.161072,-2.792786],[40.159729,-2.791504],[40.157104,-2.791321],[40.155701,-2.790588],[40.155273,-2.789124],[40.156677,-2.786072],[40.160095,-2.7854],[40.157898,-2.778809],[40.159119,-2.776978],[40.160278,-2.778076],[40.163086,-2.77771],[40.166077,-2.779419],[40.16748,-2.774109],[40.167297,-2.772705],[40.165894,-2.770386],[40.164124,-2.770081],[40.161499,-2.77063],[40.159485,-2.768494],[40.160095,-2.767578],[40.162292,-2.768005],[40.163513,-2.766479],[40.162292,-2.765076],[40.161926,-2.762817],[40.162476,-2.760193],[40.162292,-2.756897],[40.164124,-2.756287],[40.166504,-2.760803],[40.166321,-2.765991],[40.167725,-2.766418],[40.169312,-2.763306],[40.169495,-2.761475],[40.170471,-2.760803],[40.172302,-2.761108],[40.172302,-2.758728],[40.173889,-2.757019],[40.172913,-2.7547],[40.171082,-2.75293],[40.170715,-2.748291],[40.171326,-2.746704],[40.171082,-2.743286],[40.172119,-2.741577],[40.170898,-2.740906],[40.169678,-2.741577],[40.169312,-2.743286],[40.170105,-2.744995],[40.168884,-2.746094],[40.16748,-2.742371],[40.165894,-2.743713],[40.163879,-2.74231],[40.164124,-2.738708],[40.163513,-2.736023],[40.160889,-2.732971],[40.159485,-2.732605],[40.156677,-2.729675],[40.156921,-2.728577],[40.160278,-2.728577],[40.162476,-2.72937],[40.16449,-2.731018],[40.166077,-2.726807],[40.166077,-2.724915],[40.164917,-2.723877],[40.162476,-2.71759],[40.162476,-2.715698],[40.164673,-2.714172],[40.166321,-2.713928],[40.170288,-2.714417],[40.172119,-2.715271],[40.172302,-2.716675],[40.174072,-2.716614],[40.175682,-2.713666],[40.178562,-2.71773],[40.17906,-2.718362],[40.179691,-2.715744],[40.182087,-2.710776],[40.184555,-2.708035],[40.187317,-2.705808],[40.189419,-2.705808],[40.190334,-2.704118],[40.187477,-2.703387],[40.185013,-2.69988],[40.183346,-2.698807],[40.182201,-2.701662],[40.179871,-2.703489],[40.176491,-2.703832],[40.17503,-2.702096],[40.176903,-2.697996],[40.177017,-2.69594],[40.176239,-2.693862],[40.179985,-2.691989],[40.179852,-2.69023],[40.178455,-2.688517],[40.180855,-2.685297],[40.181881,-2.681619],[40.18298,-2.680523],[40.184097,-2.682099],[40.185333,-2.682304],[40.187592,-2.680431],[40.188988,-2.680477],[40.190861,-2.682122],[40.192711,-2.680968],[40.194626,-2.680831],[40.196751,-2.678593],[40.198509,-2.678593],[40.199333,-2.679575],[40.201115,-2.678912],[40.202003,-2.679506],[40.200771,-2.681494],[40.200748,-2.6846],[40.203148,-2.689648],[40.204723,-2.691566],[40.203491,-2.694604],[40.202347,-2.695769],[40.200565,-2.696066],[40.199951,-2.697037],[40.200176,-2.699367],[40.20269,-2.699435],[40.202782,-2.70124],[40.199493,-2.701628],[40.200359,-2.703718],[40.197369,-2.705294],[40.196297,-2.707235],[40.194923,-2.708194],[40.194717,-2.710147],[40.192688,-2.71113],[40.19392,-2.712683],[40.197575,-2.712431],[40.198261,-2.713779],[40.194923,-2.715401],[40.194263,-2.716657],[40.196522,-2.719204],[40.196682,-2.72062],[40.194603,-2.720963],[40.193279,-2.719158],[40.191864,-2.719638],[40.191818,-2.721556],[40.189762,-2.721602],[40.187889,-2.723544],[40.189304,-2.724709],[40.190449,-2.723429],[40.193783,-2.722356],[40.195267,-2.72295],[40.195862,-2.724274],[40.195885,-2.726718],[40.194832,-2.728626],[40.193233,-2.729425],[40.192753,-2.730887],[40.194561,-2.731138],[40.195908,-2.732509],[40.197216,-2.731765],[40.203209,-2.720344],[40.207855,-2.713374],[40.212837,-2.705256],[40.218155,-2.697698],[40.224709,-2.688768],[40.233273,-2.677739],[40.242176,-2.668417],[40.249283,-2.661643],[40.252419,-2.657892],[40.258465,-2.652573],[40.261883,-2.649298],[40.261993,-2.647786],[40.259979,-2.646331],[40.259308,-2.644931],[40.259865,-2.642859],[40.261883,-2.641908],[40.267143,-2.637877],[40.268375,-2.63295],[40.270222,-2.629535],[40.274647,-2.626932],[40.278229,-2.625756],[40.282597,-2.622789],[40.286404,-2.617358],[40.290546,-2.613103],[40.297882,-2.61022],[40.300457,-2.607476],[40.304768,-2.606525],[40.30846,-2.603502],[40.315796,-2.59947],[40.319378,-2.597203],[40.321507,-2.595468],[40.327496,-2.592052],[40.330578,-2.589365],[40.333992,-2.587853],[40.339535,-2.583879],[40.340988,-2.586118],[40.338917,-2.588777],[40.336678,-2.589785],[40.334553,-2.589897],[40.333321,-2.590905],[40.332703,-2.593032],[40.330631,-2.593704],[40.329346,-2.595439],[40.326656,-2.596447],[40.316242,-2.60241],[40.309357,-2.607337],[40.307621,-2.60896],[40.305382,-2.609856],[40.299561,-2.613999],[40.297935,-2.614755],[40.295135,-2.614531],[40.291721,-2.61593],[40.288197,-2.619681],[40.286629,-2.623376],[40.283493,-2.626456],[40.282597,-2.628247],[40.281029,-2.629255],[40.278732,-2.626904],[40.274872,-2.627771],[40.273357,-2.628779],[40.270897,-2.633146],[40.26955,-2.634994],[40.269382,-2.639024],[40.266582,-2.642104],[40.267593,-2.642663],[40.274872,-2.637429],[40.280972,-2.632614],[40.286346,-2.627631],[40.291161,-2.624216],[40.294968,-2.620409],[40.298775,-2.617946],[40.301743,-2.615482],[40.307232,-2.611395],[40.3162,-2.605989],[40.328918,-2.597388],[40.334141,-2.594489],[40.345512,-2.58749],[40.349098,-2.585504],[40.356659,-2.581933],[40.361206,-2.579338],[40.368637,-2.575975],[40.38475,-2.567838],[40.386513,-2.567294],[40.392792,-2.564027],[40.395576,-2.563306],[40.399326,-2.560967],[40.408039,-2.557107],[40.414284,-2.554705],[40.420372,-2.551806],[40.428154,-2.548811],[40.438084,-2.544519],[40.447632,-2.541332],[40.455093,-2.538625],[40.458363,-2.537952],[40.461403,-2.536767],[40.469604,-2.534765],[40.476875,-2.533628],[40.480911,-2.532795],[40.489243,-2.530729],[40.493149,-2.53044],[40.500645,-2.529464],[40.505577,-2.529624],[40.509964,-2.529335],[40.512753,-2.529464],[40.513779,-2.527734],[40.512753,-2.524626],[40.51083,-2.525155],[40.509327,-2.523553],[40.50782,-2.524066],[40.506763,-2.522176],[40.504456,-2.522656],[40.499619,-2.520687],[40.497795,-2.521936],[40.495552,-2.518764],[40.493179,-2.518316],[40.491421,-2.520687],[40.484467,-2.525123],[40.482674,-2.525476],[40.481167,-2.524867],[40.479599,-2.5265],[40.475052,-2.529624],[40.469028,-2.531482],[40.464962,-2.53185],[40.463421,-2.533099],[40.459324,-2.534861],[40.457722,-2.534637],[40.454227,-2.536222],[40.453331,-2.535934],[40.452885,-2.533628],[40.453526,-2.53193],[40.45253,-2.531129],[40.450512,-2.534909],[40.449394,-2.534236],[40.449455,-2.532122],[40.448112,-2.531353],[40.444332,-2.531898],[40.442921,-2.529464],[40.442699,-2.528118],[40.444267,-2.52397],[40.44574,-2.522849],[40.448944,-2.522144],[40.452629,-2.522593],[40.454357,-2.522304],[40.455734,-2.52035],[40.455158,-2.51617],[40.457241,-2.5138],[40.457401,-2.510596],[40.459099,-2.508963],[40.458939,-2.506784],[40.45974,-2.505647],[40.46339,-2.502668],[40.466721,-2.504206],[40.468002,-2.506448],[40.468998,-2.51042],[40.470566,-2.510901],[40.472359,-2.510548],[40.474537,-2.507697],[40.474026,-2.506096],[40.467972,-2.502604],[40.465729,-2.501643],[40.464767,-2.500042],[40.4664,-2.498248],[40.469028,-2.498952],[40.473225,-2.502236],[40.474792,-2.502492],[40.477581,-2.500602],[40.478127,-2.49679],[40.479889,-2.496406],[40.481937,-2.498039],[40.482899,-2.497655],[40.483284,-2.495221],[40.484501,-2.49418],[40.487255,-2.495685],[40.489624,-2.495845],[40.490875,-2.494756],[40.488762,-2.491681],[40.489723,-2.490944],[40.493469,-2.493379],[40.493855,-2.49607],[40.492508,-2.500106],[40.493019,-2.501611],[40.495232,-2.502028],[40.500164,-2.504606],[40.50058,-2.502908],[40.498947,-2.499353],[40.498627,-2.495637],[40.500069,-2.493811],[40.502213,-2.493811],[40.506153,-2.49663],[40.508686,-2.496502],[40.513138,-2.498616],[40.513329,-2.500218],[40.512402,-2.502556],[40.513458,-2.503613],[40.515442,-2.503645],[40.515572,-2.50656],[40.511345,-2.510917],[40.508244,-2.516487],[40.508202,-2.517464],[40.511524,-2.51985],[40.513779,-2.519226],[40.516655,-2.51907],[40.519947,-2.52063],[40.522549,-2.524859],[40.529549,-2.530631],[40.53215,-2.532121],[40.540573,-2.532087],[40.542999,-2.53245],[40.547749,-2.533906],[40.551525,-2.536402],[40.555653,-2.537979],[40.557663,-2.539713],[40.562862,-2.542659],[40.564907,-2.545085],[40.566849,-2.546628],[40.571041,-2.548396],[40.576035,-2.548846],[40.582897,-2.551498],[40.587334,-2.552954],[40.593884,-2.554115],[40.595444,-2.555225],[40.599674,-2.55675],[40.602898,-2.556507],[40.604282,-2.557616],[40.606918,-2.557443],[40.608685,-2.556421],[40.614475,-2.55181],[40.619953,-2.550354],[40.624214,-2.546905],[40.630386,-2.543092],[40.639744,-2.536211],[40.643803,-2.532797],[40.648376,-2.52791],[40.649971,-2.525344],[40.653263,-2.521116],[40.658291,-2.513992],[40.659988,-2.511912],[40.665951,-2.505447],[40.669971,-2.501461],[40.67205,-2.498168],[40.673889,-2.496088],[40.679749,-2.490975],[40.687061,-2.485221],[40.691811,-2.481876],[40.697876,-2.476815],[40.704704,-2.471945],[40.70845,-2.469588],[40.713093,-2.466295],[40.72065,-2.46184],[40.725227,-2.45879],[40.730618,-2.45602],[40.705899,-2.4604],[40.663663,-2.467885],[40.485157,-2.411558],[40.440674,-2.397522],[40.249512,-2.398071],[40.249512,-2.248779],[40.219043,-2.090763],[40.207935,-2.032893],[40.204552,-2.015267],[40.198147,-2.004175],[40.196854,-2.000801],[40.196438,-1.997817],[40.196819,-1.993148],[40.197605,-1.988271],[40.197586,-1.983801],[40.19688,-1.980528],[40.195744,-1.977724],[40.190262,-1.970235],[40.185986,-1.95979],[40.185959,-1.955739],[40.186546,-1.952776],[40.188194,-1.946925],[40.189022,-1.941097],[40.189411,-1.936284],[40.189323,-1.931473],[40.188419,-1.922923],[40.188114,-1.916319],[40.186962,-1.902752],[40.186535,-1.894173],[40.187099,-1.88736],[40.188679,-1.876985],[40.188671,-1.869338],[40.187515,-1.862907],[40.185894,-1.859045],[40.182407,-1.852731],[40.17627,-1.843457],[40.173916,-1.840819],[40.170959,-1.838444],[40.167263,-1.833953],[40.165543,-1.831024],[40.163868,-1.826579],[40.163021,-1.823378],[40.162586,-1.819663],[40.162186,-1.812583],[40.162621,-1.804134],[40.162163,-1.799953],[40.158913,-1.783001],[40.157906,-1.765636],[40.157883,-1.761705],[40.158646,-1.758255],[40.16037,-1.753706],[40.164143,-1.745577],[40.167198,-1.739874],[40.169147,-1.735496],[40.170391,-1.730689],[40.170753,-1.723865],[40.168396,-1.717501],[40.165833,-1.713858],[40.16235,-1.707992],[40.159302,-1.701836],[40.158234,-1.697334],[40.157829,-1.69414],[40.157639,-1.688351],[40.157997,-1.684481],[40.157711,-1.681305],[40.158821,-1.675726],[40.159389,-1.667466],[40.160107,-1.653568],[40.159908,-1.644566],[40.159302,-1.638931],[40.159214,-1.634174],[40.157028,-1.620969],[40.153996,-1.607811],[40.152195,-1.603042],[40.15033,-1.598991],[40.150402,-1.598102],[40.148029,-1.593299],[40.143253,-1.586386],[40.136665,-1.579282],[40.133263,-1.576071],[40.129173,-1.573213],[40.126099,-1.570153],[40.12088,-1.56342],[40.116814,-1.55654],[40.114887,-1.552902],[40.11438,-1.549968],[40.111122,-1.541208],[40.10981,-1.534722],[40.108414,-1.529763],[40.106621,-1.521734],[40.106319,-1.516959],[40.105694,-1.515345],[40.105797,-1.51117],[40.105141,-1.507941],[40.103344,-1.503404],[40.101318,-1.499721],[40.09919,-1.498561],[40.095322,-1.492666],[40.092838,-1.488446],[40.089325,-1.481679],[40.088451,-1.479294],[40.087276,-1.474342],[40.084526,-1.474728],[40.079128,-1.474081],[40.075508,-1.473078],[40.070904,-1.470876],[40.038784,-1.490767],[40.035046,-1.489477],[40.032562,-1.487366],[40.031441,-1.482297],[40.032867,-1.482822],[40.03648,-1.482559],[40.037849,-1.481917],[40.038181,-1.480246],[40.035324,-1.474805],[40.036274,-1.471696],[40.036316,-1.469792],[40.033539,-1.466766],[40.032013,-1.462695],[40.03297,-1.460617],[40.035236,-1.457144],[40.035282,-1.455591],[40.034012,-1.454679],[40.030506,-1.453739],[40.029579,-1.452475],[40.030537,-1.450515],[40.033215,-1.448478],[40.034286,-1.432645],[40.032032,-1.430658],[40.030117,-1.427908],[40.030624,-1.42647],[40.032162,-1.425477],[40.031178,-1.424331],[40.02618,-1.423107],[40.024509,-1.422089],[40.02198,-1.400996],[40.018826,-1.394011],[40.016205,-1.389143],[40.014278,-1.384785],[40.012531,-1.381639],[40.010403,-1.380846],[40.009075,-1.379539],[40.009865,-1.378091],[40.01318,-1.377148],[40.01461,-1.376326],[40.014767,-1.374539],[40.011467,-1.370373],[40.009644,-1.36544],[40.009373,-1.360323],[40.007542,-1.360795],[40.004692,-1.36312],[40.00309,-1.362847],[40.00227,-1.361358],[40.002586,-1.357622],[40.00433,-1.354151],[40.004028,-1.352257],[40.001656,-1.34957],[40.000957,-1.348082],[40.001572,-1.34641],[40.004345,-1.34167],[40.006149,-1.337741],[40.007038,-1.334568],[40.011192,-1.331028],[40.011753,-1.329347],[40.010597,-1.327806],[40.005703,-1.325835],[40.004314,-1.324636],[40.003845,-1.322743],[40.004723,-1.317847],[40.003311,-1.314008],[39.999367,-1.308918],[39.998863,-1.303344],[39.997234,-1.299963],[39.997391,-1.298463],[40.003613,-1.294962],[40.004292,-1.293577],[40.003525,-1.291738],[39.999996,-1.287627],[39.99918,-1.285914],[39.999336,-1.284414],[40.000759,-1.283252],[40.004013,-1.281608],[40.005726,-1.280329],[40.00634,-1.278603],[40.006081,-1.275039],[40.00491,-1.271657],[40.004719,-1.269871],[40.005798,-1.268368],[40.011845,-1.264688],[40.012119,-1.263134],[40.009579,-1.260564],[40.008644,-1.259076],[40.00869,-1.257181],[40.007191,-1.256503],[40.003693,-1.25671],[40.00214,-1.256032],[40.001328,-1.25466],[40.002342,-1.252807],[40.005692,-1.248524],[40.007442,-1.245224],[40.008446,-1.241998],[40.007969,-1.240105],[40.004745,-1.237886],[39.998562,-1.239376],[39.996731,-1.239506],[39.995346,-1.238423],[39.996193,-1.236805],[40.000004,-1.233616],[39.999817,-1.232],[39.996002,-1.228293],[39.995644,-1.226803],[39.996189,-1.223408],[39.99971,-1.218891],[40.000423,-1.215198],[39.99921,-1.213603],[39.997658,-1.213149],[39.99284,-1.213368],[39.991058,-1.212753],[39.989197,-1.209885],[39.991226,-1.20521],[39.99081,-1.203487],[39.98925,-1.202468],[39.983131,-1.204019],[39.980892,-1.203746],[39.979847,-1.202375],[39.979893,-1.200705],[39.981392,-1.195116],[39.981033,-1.193159],[39.975204,-1.18872],[39.97266,-1.186329],[39.971439,-1.184096],[39.97036,-1.178468],[39.968323,-1.174917],[39.966068,-1.172462],[39.963745,-1.169209],[39.962288,-1.166168],[39.963268,-1.160239],[39.962322,-1.156793],[39.960804,-1.153124],[39.95726,-1.147861],[39.955799,-1.144542],[39.953487,-1.142258],[39.946186,-1.139959],[39.944386,-1.137269],[39.944637,-1.133362],[39.94376,-1.131119],[39.940319,-1.130921],[39.936436,-1.132852],[39.933613,-1.131556],[39.932388,-1.12909],[39.932354,-1.110859],[39.931702,-1.108562],[39.929512,-1.105244],[39.925941,-1.077717],[39.922508,-1.078722],[39.920845,-1.078681],[39.918587,-1.076001],[39.916695,-1.069341],[39.914093,-1.066545],[39.913563,-1.064768],[39.914524,-1.063149],[39.91708,-1.060422],[39.917179,-1.058348],[39.91613,-1.056635],[39.912731,-1.054595],[39.908344,-1.05129],[39.908104,-1.049737],[39.91151,-1.045859],[39.912476,-1.044294],[39.912689,-1.042452],[39.910198,-1.039485],[39.907932,-1.035817],[39.903141,-1.032298],[39.899044,-1.028126],[39.898426,-1.023404],[39.897747,-1.020503],[39.896587,-1.017506],[39.896202,-1.014993],[39.89867,-1.009922],[39.898457,-1.006791],[39.89711,-1.006157],[39.893204,-1.006388],[39.889477,-1.005734],[39.887337,-1.003754],[39.88583,-1.000584],[39.885551,-0.99879],[39.885731,-0.995126],[39.886848,-0.993919],[39.891499,-0.990679],[39.891499,-0.989071],[39.890022,-0.987328],[39.887878,-0.986077],[39.887699,-0.985093],[39.889397,-0.982814],[39.888817,-0.98125],[39.885509,-0.979329],[39.885017,-0.976826],[39.887253,-0.974637],[39.890469,-0.974592],[39.892437,-0.97562],[39.893551,-0.973609],[39.892078,-0.971397],[39.888859,-0.970056],[39.885239,-0.967866],[39.882156,-0.969386],[39.880325,-0.969341],[39.87952,-0.967017],[39.879295,-0.96304],[39.878494,-0.959599],[39.878716,-0.958169],[39.880234,-0.955175],[39.881889,-0.953164],[39.882156,-0.951377],[39.880058,-0.950662],[39.878357,-0.951556],[39.875992,-0.955801],[39.873398,-0.958706],[39.870895,-0.959465],[39.869198,-0.957499],[39.869331,-0.955577],[39.870762,-0.953209],[39.870628,-0.949858],[39.868797,-0.947534],[39.868931,-0.946595],[39.870808,-0.943825],[39.87228,-0.942663],[39.873978,-0.94235],[39.87648,-0.942797],[39.878139,-0.940025],[39.878456,-0.936686],[39.876698,-0.934362],[39.874035,-0.932919],[39.873901,-0.929264],[39.871464,-0.927459],[39.865463,-0.927911],[39.862576,-0.927505],[39.860725,-0.926061],[39.860184,-0.922587],[39.861176,-0.920331],[39.864559,-0.917286],[39.864513,-0.915932],[39.86298,-0.914849],[39.860996,-0.914533],[39.860092,-0.91345],[39.859734,-0.910202],[39.858242,-0.905826],[39.853462,-0.901043],[39.852966,-0.899126],[39.851746,-0.897501],[39.852154,-0.895561],[39.854904,-0.894704],[39.855808,-0.892403],[39.854996,-0.89132],[39.850483,-0.888839],[39.849895,-0.887846],[39.850933,-0.88541],[39.852242,-0.884959],[39.855221,-0.885681],[39.857117,-0.885365],[39.858604,-0.884011],[39.859596,-0.881327],[39.858696,-0.876951],[39.856667,-0.874289],[39.855175,-0.873115],[39.852062,-0.872303],[39.85125,-0.87113],[39.851929,-0.868423],[39.855087,-0.863708],[39.856846,-0.86055],[39.857388,-0.858565],[39.856709,-0.854189],[39.858513,-0.85067],[39.858742,-0.848459],[39.857342,-0.847511],[39.854633,-0.847647],[39.853054,-0.84715],[39.8508,-0.843541],[39.848724,-0.842864],[39.848228,-0.844353],[39.848454,-0.848369],[39.846378,-0.852474],[39.844707,-0.853512],[39.84277,-0.853151],[39.84119,-0.851933],[39.84137,-0.85067],[39.84322,-0.84688],[39.842587,-0.845278],[39.838348,-0.842616],[39.836815,-0.838691],[39.837715,-0.836119],[39.839928,-0.835623],[39.841236,-0.836074],[39.844753,-0.84018],[39.846378,-0.84027],[39.84737,-0.839007],[39.847324,-0.836164],[39.844528,-0.832104],[39.843941,-0.82775],[39.844032,-0.824998],[39.845295,-0.821704],[39.845432,-0.819584],[39.844799,-0.818456],[39.839611,-0.814666],[39.836723,-0.813312],[39.835911,-0.812139],[39.836361,-0.810154],[39.840965,-0.807334],[39.842182,-0.806116],[39.842182,-0.804357],[39.841236,-0.803364],[39.838165,-0.802146],[39.832706,-0.803048],[39.830631,-0.804853],[39.826797,-0.804717],[39.824856,-0.802642],[39.825848,-0.7998],[39.827473,-0.798762],[39.83334,-0.797002],[39.834602,-0.795965],[39.834152,-0.792942],[39.832436,-0.791137],[39.830315,-0.791092],[39.827293,-0.792874],[39.825081,-0.792603],[39.824272,-0.791521],[39.824089,-0.788678],[39.824497,-0.786964],[39.827293,-0.782948],[39.827473,-0.781189],[39.825127,-0.779474],[39.82066,-0.778121],[39.817772,-0.776136],[39.813847,-0.776948],[39.812042,-0.776339],[39.811413,-0.774805],[39.808659,-0.77124],[39.809742,-0.769797],[39.814842,-0.769616],[39.816059,-0.767721],[39.815472,-0.765149],[39.814255,-0.764157],[39.80965,-0.762127],[39.808525,-0.761044],[39.808479,-0.759555],[39.810825,-0.756329],[39.812496,-0.755472],[39.81678,-0.755742],[39.817547,-0.753893],[39.815922,-0.750825],[39.815292,-0.748794],[39.815472,-0.747035],[39.817097,-0.745817],[39.821743,-0.746042],[39.823772,-0.744192],[39.82373,-0.741395],[39.821201,-0.738981],[39.819893,-0.738801],[39.817547,-0.739884],[39.814796,-0.739568],[39.811367,-0.737131],[39.808525,-0.736725],[39.8069,-0.730657],[39.805321,-0.727003],[39.806946,-0.725875],[39.808117,-0.726416],[39.809517,-0.728627],[39.811546,-0.727679],[39.811413,-0.723077],[39.812359,-0.720009],[39.811909,-0.716671],[39.813171,-0.713783],[39.812313,-0.712091],[39.809834,-0.711099],[39.809834,-0.709655],[39.812267,-0.707219],[39.812313,-0.705188],[39.810059,-0.70388],[39.806087,-0.705008],[39.80505,-0.704647],[39.804958,-0.70194],[39.807621,-0.698466],[39.808029,-0.695939],[39.806854,-0.69427],[39.804779,-0.69533],[39.802841,-0.697947],[39.801804,-0.697451],[39.799744,-0.693527],[39.797649,-0.690306],[39.796738,-0.684938],[39.795662,-0.682522],[39.795933,-0.678817],[39.797058,-0.676563],[39.799206,-0.67361],[39.799957,-0.671677],[39.798347,-0.67012],[39.796631,-0.670389],[39.792229,-0.672697],[39.790455,-0.671865],[39.790028,-0.670308],[39.790833,-0.663866],[39.790188,-0.661504],[39.789005,-0.66043],[39.786644,-0.660323],[39.781864,-0.662792],[39.77972,-0.662255],[39.779343,-0.660752],[39.77972,-0.658122],[39.781544,-0.654525],[39.781704,-0.652055],[39.773705,-0.639788],[39.769627,-0.633936],[39.768929,-0.632004],[39.768551,-0.628809],[39.769466,-0.626554],[39.773544,-0.623119],[39.774887,-0.620971],[39.774887,-0.61775],[39.776875,-0.614636],[39.776604,-0.613133],[39.775372,-0.612274],[39.770645,-0.611522],[39.766243,-0.6112],[39.764366,-0.610234],[39.761681,-0.607469],[39.758835,-0.606503],[39.757545,-0.605483],[39.756901,-0.602369],[39.755989,-0.601027],[39.752876,-0.600973],[39.751534,-0.603872],[39.749439,-0.605053],[39.747883,-0.603658],[39.74654,-0.600759],[39.745144,-0.599309],[39.741493,-0.597779],[39.739777,-0.595954],[39.738918,-0.594021],[39.738972,-0.591229],[39.739777,-0.588438],[39.738705,-0.587579],[39.736504,-0.587793],[39.734783,-0.589028],[39.733013,-0.592196],[39.730865,-0.593592],[39.726517,-0.593484],[39.721901,-0.594048],[39.720127,-0.593404],[39.716908,-0.591471],[39.713902,-0.59088],[39.709553,-0.591364],[39.707779,-0.592384],[39.705956,-0.594209],[39.70472,-0.59437],[39.702034,-0.593135],[39.696934,-0.591551],[39.696075,-0.589941],[39.696613,-0.58876],[39.698547,-0.587686],[39.700264,-0.585324],[39.700317,-0.582801],[39.69978,-0.581781],[39.697796,-0.582103],[39.696022,-0.584626],[39.69323,-0.585753],[39.692104,-0.583176],[39.693016,-0.579902],[39.692696,-0.578506],[39.69017,-0.576842],[39.686737,-0.575875],[39.685608,-0.574426],[39.686359,-0.569836],[39.687378,-0.567366],[39.687649,-0.565111],[39.686146,-0.560709],[39.686844,-0.55228],[39.685715,-0.551099],[39.6833,-0.550938],[39.680454,-0.553784],[39.67868,-0.556361],[39.676804,-0.557381],[39.67514,-0.557166],[39.673367,-0.554857],[39.673637,-0.548925],[39.672348,-0.547368],[39.669395,-0.54667],[39.666763,-0.547637],[39.66526,-0.549247],[39.663864,-0.549301],[39.663006,-0.548173],[39.663006,-0.545865],[39.662415,-0.542429],[39.661343,-0.539369],[39.66177,-0.537383],[39.667034,-0.537222],[39.668697,-0.535665],[39.669018,-0.534215],[39.668644,-0.531585],[39.660645,-0.524954],[39.656082,-0.522378],[39.65329,-0.521411],[39.647491,-0.516526],[39.645397,-0.513385],[39.640888,-0.508231],[39.639652,-0.504259],[39.640457,-0.499105],[39.64003,-0.495454],[39.637989,-0.493629],[39.634823,-0.492958],[39.631226,-0.490864],[39.630634,-0.489898],[39.629776,-0.48367],[39.630257,-0.480234],[39.630203,-0.475778],[39.628914,-0.471403],[39.629078,-0.469846],[39.632244,-0.461954],[39.634712,-0.459646],[39.63541,-0.458035],[39.63493,-0.456693],[39.630848,-0.454385],[39.628273,-0.452291],[39.625854,-0.449258],[39.624084,-0.447916],[39.62022,-0.446573],[39.619091,-0.444963],[39.618984,-0.442064],[39.619629,-0.439541],[39.619305,-0.438306],[39.617104,-0.439165],[39.615707,-0.44201],[39.613724,-0.442386],[39.610931,-0.439809],[39.61034,-0.437286],[39.611038,-0.434011],[39.612701,-0.430092],[39.613026,-0.427971],[39.612434,-0.423032],[39.613186,-0.416644],[39.613239,-0.413798],[39.614315,-0.410363],[39.613293,-0.408806],[39.609268,-0.408215],[39.603844,-0.409826],[39.60218,-0.409557],[39.60202,-0.408376],[39.604813,-0.40443],[39.604866,-0.402175],[39.603523,-0.396807],[39.60186,-0.395465],[39.598099,-0.394337],[39.598152,-0.393103],[39.600193,-0.390096],[39.600086,-0.388808],[39.597187,-0.386553],[39.596489,-0.384406],[39.597725,-0.381882],[39.597832,-0.379735],[39.59676,-0.378339],[39.593216,-0.376943],[39.593163,-0.374849],[39.594395,-0.372595],[39.597725,-0.36991],[39.598114,-0.367353],[39.59721,-0.366219],[39.594601,-0.364622],[39.594276,-0.363234],[39.596645,-0.360483],[39.596558,-0.357987],[39.594734,-0.356502],[39.590462,-0.357267],[39.589741,-0.356187],[39.591587,-0.353623],[39.591393,-0.351012],[39.587719,-0.347982],[39.58688,-0.346306],[39.587841,-0.342759],[39.587074,-0.340954],[39.584724,-0.340488],[39.582481,-0.343398],[39.581017,-0.344266],[39.580048,-0.343502],[39.578949,-0.338859],[39.577919,-0.336731],[39.573597,-0.333765],[39.570374,-0.330606],[39.56786,-0.32951],[39.562767,-0.329187],[39.561733,-0.328736],[39.560574,-0.326673],[39.560123,-0.32332],[39.55864,-0.319806],[39.556835,-0.318259],[39.554771,-0.317743],[39.553867,-0.316711],[39.556252,-0.313165],[39.556061,-0.311231],[39.551868,-0.308394],[39.551159,-0.307298],[39.551159,-0.303365],[39.549614,-0.298851],[39.547741,-0.295434],[39.545357,-0.2935],[39.543488,-0.290727],[39.541744,-0.289889],[39.54007,-0.290147],[39.536587,-0.294306],[39.534203,-0.294048],[39.53059,-0.288567],[39.528591,-0.287278],[39.525822,-0.286762],[39.524532,-0.287794],[39.523369,-0.29005],[39.522598,-0.29379],[39.521694,-0.295208],[39.51918,-0.297465],[39.514538,-0.299141],[39.512604,-0.298174],[39.511959,-0.296562],[39.512215,-0.294467],[39.514088,-0.290598],[39.517117,-0.285634],[39.517632,-0.284022],[39.516731,-0.280411],[39.515053,-0.277703],[39.513378,-0.277252],[39.510025,-0.277316],[39.509701,-0.276542],[39.509636,-0.271191],[39.507896,-0.26787],[39.505573,-0.265872],[39.504478,-0.264131],[39.502674,-0.256974],[39.50145,-0.254395],[39.499641,-0.252332],[39.497902,-0.248334],[39.495323,-0.248012],[39.491714,-0.249559],[39.489586,-0.248463],[39.489391,-0.245497],[39.488426,-0.244143],[39.486168,-0.243627],[39.482235,-0.241725],[39.477077,-0.241467],[39.474884,-0.239211],[39.474304,-0.236245],[39.473274,-0.234762],[39.470177,-0.233795],[39.469791,-0.232312],[39.471146,-0.229539],[39.47121,-0.226702],[39.469017,-0.224123],[39.467342,-0.221125],[39.464439,-0.218675],[39.461472,-0.217386],[39.457348,-0.216161],[39.454445,-0.211712],[39.45322,-0.21068],[39.450962,-0.210164],[39.446449,-0.210487],[39.444904,-0.209842],[39.440712,-0.205748],[39.438133,-0.202653],[39.436005,-0.198204],[39.434586,-0.19685],[39.431232,-0.195045],[39.428589,-0.190983],[39.427299,-0.189758],[39.422531,-0.188533],[39.419434,-0.189048],[39.414921,-0.191112],[39.410858,-0.191369],[39.407444,-0.190467],[39.405056,-0.191305],[39.403961,-0.193046],[39.400993,-0.195367],[39.399899,-0.194787],[39.399319,-0.190854],[39.398029,-0.188919],[39.39687,-0.188388],[39.395027,-0.188861],[39.391396,-0.191203],[39.389057,-0.191761],[39.384102,-0.190522],[39.382511,-0.188457],[39.381863,-0.183693],[39.379845,-0.181027],[39.374516,-0.178524],[39.373432,-0.177512],[39.37104,-0.173759],[39.367489,-0.169479],[39.364098,-0.164108],[39.361214,-0.162368],[39.359665,-0.163057],[39.35796,-0.166693],[39.356842,-0.168082],[39.354397,-0.168529],[39.3536,-0.167662],[39.354324,-0.161201],[39.353436,-0.159909],[39.351902,-0.159909],[39.349098,-0.162713],[39.347298,-0.163947],[39.340355,-0.166854],[39.338013,-0.166935],[39.336235,-0.165804],[39.33559,-0.164149],[39.335186,-0.158495],[39.333973,-0.156961],[39.331875,-0.156638],[39.328079,-0.158253],[39.325573,-0.158415],[39.324688,-0.157849],[39.324284,-0.154942],[39.325413,-0.151469],[39.327755,-0.147431],[39.327835,-0.145493],[39.326706,-0.144363],[39.319679,-0.141374],[39.317417,-0.139194],[39.31435,-0.133541],[39.311844,-0.132975],[39.308636,-0.134712],[39.306213,-0.139254],[39.304092,-0.139456],[39.299854,-0.136731],[39.297531,-0.136226],[39.293797,-0.136428],[39.283638,-0.141207],[39.28035,-0.140517],[39.278278,-0.13813],[39.275841,-0.137069],[39.274193,-0.137971],[39.271648,-0.141207],[39.270004,-0.141685],[39.266079,-0.14065],[39.264328,-0.140544],[39.26263,-0.141605],[39.259552,-0.145213],[39.257324,-0.146539],[39.25568,-0.145213],[39.255836,-0.140226],[39.255413,-0.139005],[39.253662,-0.138793],[39.248039,-0.141578],[39.243637,-0.141207],[39.239338,-0.138395],[39.23801,-0.137865],[39.234352,-0.137759],[39.230583,-0.138554],[39.228199,-0.138581],[39.226925,-0.137891],[39.226604,-0.135398],[39.227825,-0.132162],[39.227718,-0.130623],[39.225704,-0.129986],[39.223103,-0.130305],[39.21833,-0.132268],[39.215145,-0.132002],[39.213024,-0.132957],[39.211594,-0.135292],[39.207985,-0.135424],[39.206497,-0.136698],[39.20512,-0.141525],[39.203953,-0.142586],[39.201351,-0.142746],[39.198063,-0.14126],[39.192757,-0.141048],[39.190372,-0.140173],[39.187717,-0.138369],[39.185173,-0.136141],[39.183422,-0.135292],[39.181351,-0.135239],[39.177372,-0.135981],[39.17281,-0.137281],[39.170635,-0.136804],[39.169415,-0.134522],[39.169682,-0.132135],[39.169308,-0.130225],[39.165806,-0.127148],[39.163368,-0.126564],[39.158592,-0.127095],[39.153179,-0.12675],[39.151588,-0.127015],[39.147026,-0.128713],[39.138485,-0.130464],[39.135674,-0.130464],[39.134083,-0.129721],[39.132542,-0.126936],[39.132225,-0.12492],[39.133762,-0.120729],[39.133232,-0.11919],[39.131641,-0.118766],[39.126019,-0.119827],[39.123154,-0.120994],[39.120975,-0.121047],[39.120499,-0.119986],[39.120659,-0.116537],[39.119175,-0.114309],[39.120075,-0.110118],[39.113708,-0.107333],[39.109676,-0.104733],[39.108139,-0.100383],[39.107025,-0.099163],[39.101665,-0.098155],[39.101189,-0.097093],[39.100605,-0.092425],[39.0979,-0.088048],[39.095989,-0.086297],[39.092808,-0.084228],[39.087234,-0.079559],[39.086918,-0.077437],[39.086014,-0.07574],[39.08437,-0.074148],[39.081772,-0.0707],[39.079647,-0.06863],[39.074078,-0.064837],[39.073387,-0.061336],[39.070419,-0.057357],[39.068615,-0.051627],[39.066757,-0.047277],[39.065323,-0.046322],[39.062355,-0.046401],[39.059647,-0.047303],[39.054714,-0.050805],[39.049301,-0.052608],[39.047657,-0.052715],[39.042671,-0.052157],[39.03986,-0.052476],[39.037048,-0.05359],[39.03466,-0.053431],[39.032642,-0.052211],[39.029724,-0.048285],[39.02681,-0.045048],[39.023201,-0.042847],[39.018692,-0.043218],[39.016464,-0.044438],[39.013809,-0.047674],[39.010628,-0.052555],[39.008503,-0.054837],[39.006119,-0.055526],[39.001606,-0.055235],[39.000706,-0.053696],[38.999485,-0.049452],[38.997681,-0.048974],[38.995293,-0.050248],[38.991367,-0.056614],[38.986912,-0.059426],[38.98304,-0.060328],[38.980598,-0.060115],[38.97662,-0.058365],[38.974125,-0.058259],[38.970997,-0.059638],[38.96999,-0.06123],[38.969353,-0.066535],[38.968288,-0.071681],[38.969086,-0.076403],[38.968662,-0.078949],[38.966965,-0.082267],[38.963802,-0.084199],[38.959236,-0.08455],[38.954758,-0.085955],[38.952564,-0.087711],[38.947029,-0.093331],[38.943081,-0.096844],[38.939831,-0.098951],[38.938335,-0.099215],[38.932365,-0.098907],[38.928764,-0.095834],[38.922092,-0.087141],[38.920071,-0.085823],[38.917965,-0.086175],[38.914101,-0.089511],[38.908482,-0.091531],[38.900665,-0.095351],[38.899525,-0.095527],[38.89452,-0.094561],[38.891533,-0.094385],[38.88319,-0.096317],[38.880119,-0.095966],[38.874847,-0.094912],[38.870899,-0.094605],[38.866508,-0.092673],[38.860447,-0.091707],[38.859131,-0.092058],[38.853512,-0.092321],[38.848858,-0.093814],[38.845608,-0.094165],[38.838581,-0.093024],[38.834808,-0.093595],[38.828835,-0.09219],[38.825851,-0.090697],[38.823215,-0.089994],[38.813644,-0.086043],[38.81057,-0.084199],[38.807056,-0.083935],[38.803459,-0.083101],[38.797749,-0.08073],[38.792744,-0.079677],[38.788441,-0.079413],[38.783611,-0.077306],[38.780014,-0.075198],[38.773689,-0.070368],[38.771847,-0.069402],[38.768684,-0.068745],[38.766174,-0.069126],[38.759434,-0.07213],[38.752094,-0.07169],[38.747723,-0.069542],[38.745461,-0.068888],[38.742313,-0.069477],[38.740078,-0.069358],[38.735439,-0.067252],[38.733116,-0.065896],[38.731178,-0.063969],[38.729244,-0.06282],[38.723469,-0.062113],[38.717224,-0.060923],[38.711624,-0.058585],[38.707348,-0.054379],[38.698402,-0.049109],[38.696449,-0.047134],[38.693058,-0.041816],[38.691257,-0.039859],[38.689281,-0.039716],[38.688183,-0.040483],[38.686432,-0.043755],[38.686493,-0.050156],[38.685677,-0.052494],[38.682732,-0.053796],[38.678825,-0.053196],[38.673618,-0.05056],[38.67065,-0.048591],[38.66782,-0.048318],[38.66378,-0.0473],[38.65873,-0.045236],[38.656994,-0.045058],[38.653904,-0.046563],[38.65065,-0.051137],[38.649193,-0.051988],[38.640079,-0.05219],[38.638405,-0.051524],[38.633125,-0.046247],[38.627338,-0.039674],[38.622787,-0.035635],[38.615597,-0.030168],[38.610878,-0.027985],[38.609207,-0.028039],[38.604099,-0.032744],[38.602413,-0.03294],[38.600094,-0.031881],[38.596863,-0.031233],[38.594582,-0.03021],[38.589321,-0.024654],[38.58408,-0.024113],[38.578148,-0.022001],[38.575371,-0.020234],[38.569939,-0.017432],[38.566395,-0.017051],[38.561684,-0.018098],[38.560017,-0.017634],[38.557323,-0.015951],[38.554874,-0.015475],[38.552132,-0.016195],[38.55019,-0.017373],[38.54871,-0.019592],[38.547859,-0.022976],[38.545628,-0.027432],[38.542789,-0.03084],[38.542149,-0.036147],[38.541859,-0.040614],[38.540531,-0.042464],[38.537056,-0.041274],[38.533947,-0.042244],[38.531204,-0.042],[38.530571,-0.043023],[38.53064,-0.045242],[38.532043,-0.05263],[38.531376,-0.054284],[38.527695,-0.05473],[38.525036,-0.057354],[38.521957,-0.061571],[38.519905,-0.062672],[38.516327,-0.061482],[38.512489,-0.059001],[38.509628,-0.05934],[38.506374,-0.061536],[38.500774,-0.061803],[38.498718,-0.061482],[38.494858,-0.059751],[38.490902,-0.058722],[38.489075,-0.059489],[38.488064,-0.061262],[38.487087,-0.067508],[38.484749,-0.072118],[38.481087,-0.075485],[38.475929,-0.077454],[38.470104,-0.07821],[38.464001,-0.083195],[38.460396,-0.084491],[38.457439,-0.084819],[38.454018,-0.084194],[38.444443,-0.076104],[38.438221,-0.070238],[38.437027,-0.070405],[38.435085,-0.074147],[38.434151,-0.074823]]]}}]}